{
	"credit": "Made with Blockbench",
	"parent": "block/block",
	"ambientocclusion": false,
	"textures": {
		"lamp": "block/end_rod/high_lamp",
		"particle": "block/end_rod/high_lamp"
	},
	"elements": [
		{
			"from": [6, 1, 6],
			"to": [10, 2, 10],
			"faces": {
				"north": {"uv": [0, 14, 9, 16], "texture": "lamp"},
				"east": {"uv": [0, 14, 9, 16], "texture": "lamp"},
				"south": {"uv": [0, 14, 9, 16], "texture": "lamp"},
				"west": {"uv": [0, 14, 9, 16], "texture": "lamp"},
				"up": {"uv": [9, 0, 15.5, 6.5], "texture": "lamp"},
				"down": {"uv": [6, 6, 2, 2], "texture": "lamp"}
			}
		},
		{
			"from": [7, 2, 7],
			"to": [9, 6, 9],
			"faces": {
				"north": {"uv": [9, 8.5, 11, 14.5], "texture": "lamp"},
				"east": {"uv": [11, 8.5, 13, 14.5], "texture": "lamp"},
				"south": {"uv": [11, 8, 13, 14.5], "texture": "lamp"},
				"west": {"uv": [11, 8.5, 13, 14.5], "texture": "lamp"},
				"up": {"uv": [2, 0, 4, 2], "texture": "lamp"},
				"down": {"uv": [4, 2, 2, 0], "texture": "lamp"}
			}
		},
		{
			"from": [5, 0, 5],
			"to": [11, 1, 11],
			"faces": {
				"north": {"uv": [0, 14, 9, 16], "texture": "lamp"},
				"east": {"uv": [0, 14, 9, 16], "texture": "lamp"},
				"south": {"uv": [0, 14, 9, 16], "texture": "lamp"},
				"west": {"uv": [0, 14, 8.75, 16], "texture": "lamp"},
				"up": {"uv": [9, 0, 15.5, 6.5], "texture": "lamp"},
				"down": {"uv": [15.5, 6.5, 9, 0], "texture": "lamp"}
			}
		},
		{
			"from": [6, 7, 6],
			"to": [10, 15, 10],
			"faces": {
				"north": {"uv": [0.5, 1.5, 8.5, 14], "texture": "lamp"},
				"east": {"uv": [0.5, 1.5, 8.5, 14], "texture": "lamp"},
				"south": {"uv": [0.5, 1.5, 8.5, 14], "texture": "lamp"},
				"west": {"uv": [0.5, 1.5, 8.5, 14], "texture": "lamp"},
				"up": {"uv": [2, 0, 4, 2], "texture": "lamp"},
				"down": {"uv": [4, 2, 2, 0], "texture": "lamp"}
			}
		},
		{
			"from": [5.5, 6, 5.5],
			"to": [10.5, 7, 10.5],
			"faces": {
				"north": {"uv": [0, 14, 9, 16], "texture": "lamp"},
				"east": {"uv": [0, 14, 9, 16], "texture": "lamp"},
				"south": {"uv": [0, 14, 9, 16], "texture": "lamp"},
				"west": {"uv": [0, 14, 9, 16], "texture": "lamp"},
				"up": {"uv": [9, 0, 15.5, 6.5], "texture": "lamp"},
				"down": {"uv": [15.5, 6.5, 9, 0], "texture": "lamp"}
			}
		},
		{
			"from": [5.5, 15, 5.5],
			"to": [10.5, 16, 10.5],
			"faces": {
				"north": {"uv": [0, 0, 9, 2], "texture": "lamp"},
				"east": {"uv": [0, 0, 9, 2], "texture": "lamp"},
				"south": {"uv": [0, 0, 9, 2], "texture": "lamp"},
				"west": {"uv": [0, 0, 9, 2], "texture": "lamp"},
				"up": {"uv": [9, 0, 15.5, 6.5], "texture": "lamp"},
				"down": {"uv": [15.5, 6.5, 9, 0], "texture": "lamp"}
			}
		}
	]
}