{
	"credit": "Made by SyndiShanX",
	"textures": {
		"texture": "entity/boat/item/bamboo"
	},
	"elements": [
		{
			"name": "Raft",
			"from": [2.75, 5.25, 1],
			"to": [13.25, 7.25, 15],
			"faces": {
				"north": {"uv": [0, 1, 1, 6], "rotation": 90, "texture": "#texture"},
				"east": {"uv": [8, 0, 15, 0.75], "texture": "#texture"},
				"south": {"uv": [8, 1, 9, 6], "rotation": 90, "texture": "#texture"},
				"west": {"uv": [1, 0, 8, 0.75], "texture": "#texture"},
				"up": {"uv": [1, 1, 8, 6], "rotation": 90, "texture": "#texture"},
				"down": {"uv": [1, 1, 8, 6], "rotation": 90, "texture": "#texture"}
			}
		},
		{
			"name": "Raft",
			"from": [4, 3.25, 1],
			"to": [12, 5.25, 15],
			"faces": {
				"north": {"uv": [0, 1, 1, 5], "rotation": 90, "texture": "#texture"},
				"east": {"uv": [8, 0, 15, 0.75], "texture": "#texture"},
				"south": {"uv": [8, 1, 9, 5], "rotation": 90, "texture": "#texture"},
				"west": {"uv": [1, 0, 8, 0.75], "texture": "#texture"},
				"down": {"uv": [1, 1, 8, 5], "rotation": 90, "texture": "#texture"}
			}
		}
	],
	"display": {
		"thirdperson_righthand": {
			"rotation": [75, 45, 0],
			"translation": [0, 3, 1],
			"scale": [0.375, 0.375, 0.375]
		},
		"firstperson_righthand": {
			"rotation": [0, 45, 0],
			"translation": [0, 2.25, 0],
			"scale": [0.5, 0.5, 0.5]
		},
		"ground": {
			"scale": [0.5, 0.5, 0.5]
		},
		"gui": {
			"rotation": [30, 225, 0],
			"scale": [0.825, 0.825, 0.825]
		},
		"fixed": {
			"rotation": [0, 90, 0],
			"scale": [0.5, 0.5, 0.5]
		}
	}
}