{
	"credit": "Made with Blockbench, model by LTK1",
	"ambientocclusion": false,
	"textures": {
		"1": "blocks/door_dark_oak_lower",
		"particle": "blocks/door_dark_oak_lower"
	},
	"elements": [
		{
			"name": "cube",
			"from": [0.5, 2.5, 0],
			"to": [3.5, 13.5, 3.5],
			"faces": {
				"north": {
					"uv": [12.5, 2.5, 15.5, 13.5],
					"texture": "#1"
				},
				"east": {
					"uv": [3.5, 2.5, 0.016, 13.5],
					"texture": "#1"
				},
				"south": {
					"uv": [3.016, 2.5, 3.5, 13.5],
					"texture": "#1"
				},
				"west": {
					"uv": [0.016, 2.5, 3.5, 13.5],
					"texture": "#1"
				},
				"down": {
					"uv": [0.016, 5.5, 15.984, 2.5],
					"texture": "#1",
					"rotation": 90
				}
			},
			"type": "cube"
		},
		{
			"name": "cube",
			"from": [0, 0, 0],
			"to": [4, 2.5, 16],
			"faces": {
				"north": {
					"uv": [0.016, 13.516, 2.984, 15.984],
					"texture": "#1"
				},
				"east": {"uv": [0, 13.5, 16, 16], "texture": "#1"},
				"south": {
					"uv": [0.016, 15.984, 2.984, 13.516],
					"texture": "#1"
				},
				"west": {
					"uv": [0.016, 13.516, 15.984, 15.984],
					"texture": "#1"
				},
				"up": {
					"uv": [0.016, 13.984, 15.984, 13.516],
					"texture": "#1",
					"rotation": 90
				},
				"down": {
					"uv": [0.016, 10.516, 15.984, 13.484],
					"texture": "#1",
					"rotation": 90
				}
			},
			"type": "cube"
		},
		{
			"name": "cube",
			"from": [0.5, 12, 4],
			"to": [3.5, 13.5, 11.5],
			"faces": {
				"north": {
					"uv": [11.016, 2.5, 11.5, 3.984],
					"texture": "#1"
				},
				"east": {
					"uv": [11.5, 2.5, 4.016, 3.984],
					"texture": "#1"
				},
				"south": {
					"uv": [4.016, 2.5, 4.5, 3.984],
					"texture": "#1"
				},
				"west": {
					"uv": [4.016, 2.5, 11.5, 3.984],
					"texture": "#1"
				}
			},
			"type": "cube"
		},
		{
			"name": "cube",
			"from": [0.5, 13.5, 0],
			"to": [3.5, 16, 16],
			"faces": {
				"north": {
					"uv": [0.5, 0.016, 3.5, 2.5],
					"texture": "#1"
				},
				"east": {
					"uv": [15.984, 0.016, 0.016, 2.5],
					"texture": "#1"
				},
				"south": {
					"uv": [12.5, 0.016, 15.5, 2.5],
					"texture": "#1"
				},
				"west": {
					"uv": [0.016, 0.016, 15.984, 2.5],
					"texture": "#1"
				}
			},
			"type": "cube"
		},
		{
			"name": "cube",
			"from": [0.5, 2.5, 4],
			"to": [3.5, 12, 7.5],
			"faces": {
				"north": {
					"uv": [4.016, 4.016, 4.5, 13.5],
					"texture": "#1"
				},
				"east": {
					"uv": [7.5, 4.016, 4.016, 13.5],
					"texture": "#1"
				},
				"south": {
					"uv": [7.016, 4.016, 7.5, 13.5],
					"texture": "#1"
				},
				"west": {
					"uv": [4.016, 4.016, 7.5, 13.5],
					"texture": "#1"
				},
				"down": {
					"uv": [0.016, 5.5, 15.984, 2.5],
					"texture": "#1",
					"rotation": 90
				}
			},
			"type": "cube"
		},
		{
			"name": "cube",
			"from": [0.5, 2.5, 8],
			"to": [3.5, 12, 11.5],
			"faces": {
				"north": {
					"uv": [8.016, 4.016, 8.5, 13.5],
					"texture": "#1"
				},
				"east": {
					"uv": [11.5, 4.016, 8.016, 13.5],
					"texture": "#1"
				},
				"south": {
					"uv": [11.016, 4.016, 11.5, 13.5],
					"texture": "#1"
				},
				"west": {
					"uv": [8.016, 4.016, 11.5, 13.5],
					"texture": "#1"
				},
				"down": {
					"uv": [0.016, 5.5, 15.984, 2.5],
					"texture": "#1",
					"rotation": 90
				}
			},
			"type": "cube"
		},
		{
			"name": "cube",
			"from": [0.5, 2.5, 12],
			"to": [3.5, 13.5, 16],
			"faces": {
				"north": {
					"uv": [12.016, 2.5, 12.5, 13.5],
					"texture": "#1"
				},
				"east": {
					"uv": [15.984, 2.5, 12.016, 13.5],
					"texture": "#1"
				},
				"south": {
					"uv": [12.5, 2.5, 15.5, 13.5],
					"texture": "#1"
				},
				"west": {
					"uv": [12.016, 2.5, 15.984, 13.5],
					"texture": "#1"
				},
				"down": {
					"uv": [0.016, 5.5, 15.984, 2.5],
					"texture": "#1",
					"rotation": 90
				}
			},
			"type": "cube"
		},
		{
			"name": "cube",
			"from": [1, 2.5, 3.5],
			"to": [3, 13.5, 4],
			"faces": {
				"east": {
					"uv": [3.5, 2.5, 3.984, 13.5],
					"texture": "#1"
				},
				"west": {
					"uv": [3.5, 2.5, 3.984, 13.5],
					"texture": "#1"
				}
			},
			"type": "cube"
		},
		{
			"name": "cube",
			"from": [1, 2.5, 11.5],
			"to": [3, 13.5, 12],
			"faces": {
				"east": {
					"uv": [11.5, 3.016, 11.984, 13.5],
					"texture": "#1"
				},
				"west": {
					"uv": [11.5, 2.5, 11.984, 13.5],
					"texture": "#1"
				}
			},
			"type": "cube"
		},
		{
			"name": "cube",
			"from": [1, 2.5, 7.5],
			"to": [3, 12, 8],
			"faces": {
				"east": {
					"uv": [7.5, 4.016, 7.984, 13.5],
					"texture": "#1"
				},
				"west": {
					"uv": [7.5, 4.016, 7.984, 13.5],
					"texture": "#1"
				}
			},
			"type": "cube"
		},
		{
			"name": "cube",
			"from": [0, 7, 3.5],
			"to": [4, 7.5, 4],
			"faces": {
				"north": {
					"uv": [3.5, 8.5, 3.984, 8.984],
					"texture": "#1"
				},
				"east": {
					"uv": [3.5, 8.5, 3.984, 8.984],
					"texture": "#1"
				},
				"south": {
					"uv": [3.5, 8.5, 3.984, 8.984],
					"texture": "#1"
				},
				"west": {
					"uv": [3.5, 8.5, 3.984, 8.984],
					"texture": "#1"
				},
				"up": {
					"uv": [3.5, 8.5, 3.984, 8.984],
					"texture": "#1"
				},
				"down": {
					"uv": [3.5, 8.5, 3.984, 8.984],
					"texture": "#1"
				}
			},
			"type": "cube"
		},
		{
			"name": "cube",
			"from": [0, 13.5, 11],
			"to": [4, 16, 12.5],
			"faces": {
				"north": {
					"uv": [3.5, 0.016, 3.984, 2.5],
					"texture": "#1"
				},
				"east": {
					"uv": [3.5, 0.016, 4.984, 2.5],
					"texture": "#1"
				},
				"south": {
					"uv": [4.5, 0.016, 4.984, 2.5],
					"texture": "#1"
				},
				"west": {
					"uv": [3.5, 0.016, 4.984, 2.5],
					"texture": "#1"
				},
				"down": {
					"uv": [3.5, 2.016, 4.984, 2.5],
					"texture": "#1",
					"rotation": 270
				}
			},
			"type": "cube"
		},
		{
			"name": "cube",
			"from": [0, 13.5, 3.5],
			"to": [4, 16, 5],
			"faces": {
				"north": {
					"uv": [11.5, 0.016, 11.984, 2.5],
					"texture": "#1"
				},
				"east": {
					"uv": [11.016, 0.016, 12.5, 2.5],
					"texture": "#1"
				},
				"south": {
					"uv": [11.016, 0.016, 11.5, 2.5],
					"texture": "#1"
				},
				"west": {
					"uv": [3.5, 0.016, 4.984, 2.5],
					"texture": "#1"
				},
				"down": {
					"uv": [3.5, 2.016, 4.984, 6.5],
					"texture": "#1",
					"rotation": 270
				}
			},
			"type": "cube"
		},
		{
			"name": "cube",
			"from": [0, 14, 6],
			"to": [4, 16, 10],
			"faces": {
				"north": {
					"uv": [0.016, 0.016, 3.984, 1.984],
					"texture": "#1"
				},
				"east": {
					"uv": [6.016, 0.016, 9.984, 1.984],
					"texture": "#1"
				},
				"south": {
					"uv": [0.016, 0.016, 3.984, 1.984],
					"texture": "#1"
				},
				"west": {
					"uv": [6.016, 0.016, 9.984, 1.984],
					"texture": "#1"
				},
				"up": {
					"uv": [6.016, 0.016, 9.984, 0.5],
					"texture": "#1",
					"rotation": 90
				},
				"down": {
					"uv": [6.016, 1.5, 9.984, 1.984],
					"texture": "#1",
					"rotation": 90
				}
			},
			"type": "cube"
		},
		{
			"name": "cube",
			"from": [0, 12.5, 7],
			"to": [4, 14, 9],
			"faces": {
				"north": {
					"uv": [7.016, 2.016, 7.5, 3.5],
					"texture": "#1"
				},
				"east": {
					"uv": [7.016, 2.016, 8.984, 3.5],
					"texture": "#1"
				},
				"south": {
					"uv": [8.5, 2.016, 8.984, 3.5],
					"texture": "#1"
				},
				"west": {
					"uv": [7.016, 2.016, 8.984, 3.5],
					"texture": "#1"
				},
				"up": {
					"uv": [0.016, 0.016, 3.984, 1.984],
					"texture": "#1"
				},
				"down": {
					"uv": [0.016, 0.016, 3.984, 1.984],
					"texture": "#1"
				}
			},
			"type": "cube"
		},
		{
			"name": "cube",
			"from": [0, 13.5, 5.5],
			"to": [4, 16, 6],
			"faces": {
				"north": {
					"uv": [5.5, 0.016, 5.984, 2.5],
					"texture": "#1"
				},
				"east": {
					"uv": [10.016, 0.016, 10.5, 2.5],
					"texture": "#1"
				},
				"south": {
					"uv": [5.5, 0.016, 5.984, 2.5],
					"texture": "#1"
				},
				"west": {
					"uv": [5.5, 0.016, 5.984, 2.5],
					"texture": "#1"
				},
				"up": {
					"uv": [5.5, 0.016, 5.984, 0.5],
					"texture": "#1"
				},
				"down": {
					"uv": [5.5, 2.016, 5.984, 2.5],
					"texture": "#1"
				}
			},
			"type": "cube"
		},
		{
			"name": "cube",
			"from": [0, 12, 6.5],
			"to": [4, 12.5, 9.5],
			"faces": {
				"north": {
					"uv": [6.5, 3.5, 6.984, 3.984],
					"texture": "#1"
				},
				"east": {
					"uv": [6.5, 3.5, 9.5, 3.984],
					"texture": "#1"
				},
				"south": {
					"uv": [9.016, 3.5, 9.5, 3.984],
					"texture": "#1"
				},
				"west": {
					"uv": [6.5, 3.5, 9.5, 3.984],
					"texture": "#1"
				},
				"up": {
					"uv": [6.5, 3.5, 9.5, 3.984],
					"texture": "#1",
					"rotation": 90
				},
				"down": {
					"uv": [6.5, 4.016, 9.5, 4.5],
					"texture": "#1",
					"rotation": 90
				}
			},
			"type": "cube"
		},
		{
			"name": "cube",
			"from": [0, 13.5, 10],
			"to": [4, 16, 10.5],
			"faces": {
				"north": {
					"uv": [0.016, 0.016, 3.984, 2.5],
					"texture": "#1"
				},
				"east": {
					"uv": [5.5, 0.016, 5.984, 2.5],
					"texture": "#1"
				},
				"south": {
					"uv": [10.016, 0.016, 10.5, 2.5],
					"texture": "#1"
				},
				"west": {
					"uv": [10.016, 0.016, 10.5, 2.5],
					"texture": "#1"
				},
				"up": {
					"uv": [5.5, 0.016, 5.984, 0.5],
					"texture": "#1"
				},
				"down": {
					"uv": [10.016, 2.016, 10.5, 2.5],
					"texture": "#1"
				}
			},
			"type": "cube"
		},
		{
			"name": "cube",
			"from": [0, 6, 0],
			"to": [4, 8.5, 1],
			"faces": {
				"north": {
					"uv": [12.016, 7.516, 15.984, 9.984],
					"texture": "#1"
				},
				"east": {
					"uv": [0.984, 7.516, 0.016, 9.984],
					"texture": "#1"
				},
				"south": {
					"uv": [0.516, 7.516, 0.984, 9.984],
					"texture": "#1"
				},
				"west": {
					"uv": [0.016, 7.516, 0.984, 9.984],
					"texture": "#1"
				},
				"up": {
					"uv": [0.016, 7.516, 0.984, 7.984],
					"texture": "#1",
					"rotation": 90
				},
				"down": {
					"uv": [0.016, 9.516, 0.984, 9.984],
					"texture": "#1"
				}
			},
			"type": "cube"
		},
		{
			"name": "cube",
			"from": [0, 6.5, 1],
			"to": [4, 8, 3.5],
			"faces": {
				"east": {
					"uv": [3.484, 8.016, 1.016, 9.484],
					"texture": "#1"
				},
				"south": {
					"uv": [2.516, 8.016, 2.984, 9.484],
					"texture": "#1"
				},
				"west": {
					"uv": [1.016, 8.016, 3.484, 9.484],
					"texture": "#1"
				},
				"up": {
					"uv": [1.016, 8.016, 3.484, 8.484],
					"texture": "#1",
					"rotation": 90
				},
				"down": {
					"uv": [1.016, 9.016, 3.484, 9.484],
					"texture": "#1"
				}
			},
			"type": "cube"
		}
	]
}