{
	"parent": "minecraft:block/block",
	"textures": {
		"stem": "minecraft:block/dripleaf/small/stem_bottom",
		"particle": "minecraft:block/dripleaf/small/stem_bottom"
	},
	"elements": [
		{   "from": [ 4.5, 0, 8 ],
			"to": [ 11.5, 16, 8 ],
			"rotation": { "origin": [ 8, 8, 8 ], "axis": "y", "angle": 45, "rescale": false },
			"shade": false,
			"faces": {
				"north": { "uv": [ 3, 0, 14, 16 ], "texture": "#stem" },
				"south": { "uv": [ 3, 0, 14, 16 ], "texture": "#stem" }
			}
		},
		{   "from": [ 4.5, 0, 8 ],
			"to": [ 11.5, 16, 8 ],
			"rotation": { "origin": [ 8, 8, 8 ], "axis": "y", "angle": -45, "rescale": false },
			"shade": false,
			"faces": {
				"north": { "uv": [ 3, 0, 14, 16 ], "texture": "#stem" },
				"south": { "uv": [ 3, 0, 14, 16 ], "texture": "#stem" }
			}
		}
	]
}