{
	"credit": "Made with Blockbench",
	"parent": "block/orientable",
	"textures": {
		"1": "block/furnace_in_on",
		"2": "block/furnace_front",
		"front": "block/furnace_front_on",
		"particle": "block/furnace_front_on",
		"side": "block/furnace_side",
		"cap": "block/furnace_top"
	},
	"elements": [
		{
			"from": [5, 10, 1],
			"to": [11.5, 13, 2],
			"faces": {
				"north": {"uv": [4.5, 3, 11, 6], "texture": "#front"},
				"east": {"uv": [0, 0, 1, 2], "texture": "#missing"},
				"south": {"uv": [0, 0, 6.5, 3.5], "texture": "#1"},
				"west": {"uv": [0, 0, 1, 2], "texture": "#missing"},
				"up": {"uv": [0, 0, 12, 1], "texture": "#cap"},
				"down": {"uv": [0, 0, 6.5, 1], "texture": "#side"}
			}
		},
		{
			"from": [2, 1, 1],
			"to": [5, 13, 2],
			"faces": {
				"north": {"uv": [11, 3, 14, 15], "texture": "#2"},
				"east": {"uv": [3, 5, 2, 16], "texture": "#1"},
				"south": {"uv": [2, 0, 0, 11], "texture": "#1"},
				"west": {"uv": [1, 0, 0, 11], "texture": "#missing"},
				"up": {"uv": [2, 0, 0, 1], "texture": "#cap"},
				"down": {"uv": [4.5, 1, 2.5, 2], "texture": "#cap"}
			}
		},
		{
			"from": [11.5, 1, 1],
			"to": [14, 13, 2],
			"faces": {
				"north": {"uv": [2, 3, 4.5, 15], "texture": "#2"},
				"east": {"uv": [0, 0, 1, 11], "texture": "#missing"},
				"south": {"uv": [0, 0, 2, 11], "texture": "#1"},
				"west": {"uv": [2, 5, 3, 16], "texture": "#1"},
				"up": {"uv": [0, 0, 2, 1], "texture": "#cap"},
				"down": {"uv": [2.5, 1, 4.5, 2], "texture": "#cap"}
			}
		},
		{
			"from": [14, 1, 2],
			"to": [15, 13, 14],
			"faces": {
				"north": {"uv": [0, 0, 1, 12], "texture": "#missing"},
				"east": {"uv": [2, 3, 14, 15], "texture": "#side"},
				"south": {"uv": [0, 0, 1, 12], "texture": "#1"},
				"west": {"uv": [0, 0, 6, 12], "texture": "#1"},
				"up": {"uv": [0, 0, 1, 6], "texture": "#cap"},
				"down": {"uv": [0, 0, 1, 6], "texture": "#missing"}
			}
		},
		{
			"from": [1, 1, 2],
			"to": [2, 13, 14],
			"faces": {
				"north": {"uv": [0, 0, 1, 12], "texture": "#missing"},
				"east": {"uv": [0, 0, 6, 12], "texture": "#1"},
				"south": {"uv": [0, 0, 1, 12], "texture": "#1"},
				"west": {"uv": [2, 3, 14, 15], "texture": "#side"},
				"up": {"uv": [0, 0, 1, 6], "texture": "#cap"},
				"down": {"uv": [0, 0, 1, 6], "texture": "#missing"}
			}
		},
		{
			"name": "04",
			"from": [14, 1, 14],
			"to": [16, 13, 16],
			"faces": {
				"north": {"uv": [2, 3, 0, 15], "texture": "#side"},
				"east": {"uv": [2, 3, 0, 15], "texture": "#side"},
				"south": {"uv": [2, 3, 0, 15], "texture": "#side"},
				"west": {"uv": [2, 3, 0, 15], "texture": "#side"},
				"up": {"uv": [2, 0, 0, 2], "rotation": 180, "texture": "#cap"},
				"down": {"uv": [2.5, 1, 0.5, 3], "rotation": 180, "texture": "#cap"}
			}
		},
		{
			"name": "03",
			"from": [0, 1, 14],
			"to": [2, 13, 16],
			"faces": {
				"north": {"uv": [2, 3, 0, 15], "texture": "#side"},
				"east": {"uv": [2, 3, 0, 15], "texture": "#side"},
				"south": {"uv": [2, 3, 0, 15], "texture": "#side"},
				"west": {"uv": [2, 3, 0, 15], "texture": "#side"},
				"up": {"uv": [2, 0, 0, 2], "rotation": 270, "texture": "#cap"},
				"down": {"uv": [2.5, 1, 0.5, 3], "rotation": 90, "texture": "#cap"}
			}
		},
		{
			"name": "02",
			"from": [0, 1, 0],
			"to": [2, 13, 2],
			"faces": {
				"north": {"uv": [2, 3, 0, 15], "texture": "#side"},
				"east": {"uv": [2, 3, 0, 15], "texture": "#side"},
				"south": {"uv": [2, 3, 0, 15], "texture": "#side"},
				"west": {"uv": [2, 3, 0, 15], "texture": "#side"},
				"up": {"uv": [2, 0, 0, 2], "texture": "#cap"},
				"down": {"uv": [2.5, 1, 0.5, 3], "texture": "#cap"}
			}
		},
		{
			"name": "01",
			"from": [14, 1, 0],
			"to": [16, 13, 2],
			"faces": {
				"north": {"uv": [0, 3, 2, 15], "texture": "#side"},
				"east": {"uv": [14, 3, 16, 15], "texture": "#side"},
				"south": {"uv": [0, 3, 2, 15], "texture": "#side"},
				"west": {"uv": [0, 3, 2, 15], "texture": "#side"},
				"up": {"uv": [0, 0, 2, 2], "texture": "#cap"},
				"down": {"uv": [0.5, 1, 2.5, 3], "texture": "#cap"}
			}
		},
		{
			"name": "01",
			"from": [1, 0, 1],
			"to": [15, 1, 15],
			"faces": {
				"north": {"uv": [0, 0, 12, 0.9], "texture": "#1"},
				"east": {"uv": [0, 0, 6, 0.9], "texture": "#missing"},
				"south": {"uv": [0, 0, 12, 0.9], "texture": "#1"},
				"west": {"uv": [0, 0, 6, 0.9], "texture": "#missing"},
				"up": {"uv": [1, 1, 15, 15], "rotation": 180, "texture": "#1"},
				"down": {"uv": [1, 1, 15, 15], "texture": "#cap"}
			}
		},
		{
			"name": "02",
			"from": [4.5, 9.5, 2],
			"to": [12, 10.5, 14],
			"faces": {
				"north": {"uv": [0, 0, 12, 1], "texture": "#1"},
				"east": {"uv": [0, 0, 6, 1], "texture": "#1"},
				"south": {"uv": [0, 0, 12, 1], "texture": "#1"},
				"west": {"uv": [0, 0, 6, 1], "texture": "#1"},
				"up": {"uv": [0, 0, 12, 6], "texture": "#1"},
				"down": {"uv": [0, 0, 7.5, 12], "texture": "#1"}
			}
		},
		{
			"from": [2, 1, 3],
			"to": [14, 13, 15],
			"faces": {
				"north": {"uv": [2, 3.5, 14, 15.5], "texture": "#front"},
				"east": {"uv": [0, 0, 1, 12], "texture": "#front"},
				"south": {"uv": [2, 3, 14, 15], "texture": "#side"},
				"west": {"uv": [0, 0, 0, 0], "texture": "#front"},
				"up": {"uv": [0, 0, 12, 2.5], "texture": "#front"},
				"down": {"uv": [0, 0, 0, 0], "texture": "#front"}
			}
		},
		{
			"from": [0, 0, 0],
			"to": [15, 1, 1],
			"faces": {
				"north": {"uv": [1, 15, 16, 16], "texture": "#2"},
				"east": {"uv": [0, 0, 1, 1], "texture": "#missing"},
				"south": {"uv": [0, 0, 15, 1], "texture": "#missing"},
				"west": {"uv": [0, 15, 1, 16], "texture": "#side"},
				"up": {"uv": [1, 15, 16, 16], "rotation": 180, "texture": "#2"},
				"down": {"uv": [1, 15, 16, 16], "texture": "#cap"}
			}
		},
		{
			"from": [15, 0, 0],
			"to": [16, 1, 15],
			"faces": {
				"north": {"uv": [0, 15, 1, 16], "texture": "#2"},
				"east": {"uv": [1, 15, 16, 16], "texture": "#side"},
				"south": {"uv": [0, 0, 1, 1], "texture": "#missing"},
				"west": {"uv": [0, 0, 15, 1], "texture": "#missing"},
				"up": {"uv": [1, 15, 16, 16], "rotation": 90, "texture": "#side"},
				"down": {"uv": [15, 1, 16, 16], "texture": "#cap"}
			}
		},
		{
			"from": [1, 0, 15],
			"to": [16, 1, 16],
			"faces": {
				"north": {"uv": [0, 0, 15, 1], "texture": "#missing"},
				"east": {"uv": [0, 15, 1, 16], "texture": "#side"},
				"south": {"uv": [1, 15, 16, 16], "texture": "#side"},
				"west": {"uv": [0, 0, 1, 1], "texture": "#missing"},
				"up": {"uv": [1, 15, 16, 16], "rotation": 180, "texture": "#side"},
				"down": {"uv": [0, 0, 15, 1], "texture": "#cap"}
			}
		},
		{
			"from": [0, 0, 1],
			"to": [1, 1, 16],
			"faces": {
				"north": {"uv": [0, 0, 1, 1], "texture": "#missing"},
				"east": {"uv": [0, 0, 15, 1], "texture": "#missing"},
				"south": {"uv": [0, 15, 1, 16], "texture": "#side"},
				"west": {"uv": [1, 15, 16, 16], "texture": "#side"},
				"up": {"uv": [1, 15, 16, 16], "rotation": 270, "texture": "#side"},
				"down": {"uv": [0, 0.5, 1, 16], "texture": "#cap"}
			}
		},
		{
			"from": [4, 1, 2],
			"to": [5, 9.5, 14],
			"faces": {
				"north": {"uv": [0, 0, 1, 12], "texture": "#missing"},
				"east": {"uv": [0, 0, 12, 8.5], "texture": "#1"},
				"south": {"uv": [0, 0, 1, 12], "texture": "#1"},
				"west": {"uv": [0, 0, 6, 12], "texture": "#1"},
				"up": {"uv": [0, 0, 1, 6], "texture": "#cap"},
				"down": {"uv": [0, 0, 1, 6], "texture": "#missing"}
			}
		},
		{
			"from": [11.5, 1, 2],
			"to": [12.5, 9.5, 14],
			"faces": {
				"north": {"uv": [0, 0, 1, 12], "texture": "#missing"},
				"east": {"uv": [0, 0, 6, 12], "texture": "#1"},
				"south": {"uv": [0, 0, 1, 12], "texture": "#1"},
				"west": {"uv": [0, 0, 12, 8.5], "texture": "#1"},
				"up": {"uv": [0, 0, 1, 6], "texture": "#cap"},
				"down": {"uv": [0, 0, 1, 6], "texture": "#missing"}
			}
		},
		{
			"from": [4, 1, 0.5],
			"to": [5, 10, 1],
			"faces": {
				"north": {"uv": [11, 6, 12, 15], "texture": "#front"},
				"east": {"uv": [11, 6, 11.5, 15], "texture": "#front"},
				"west": {"uv": [11.5, 6, 12, 15], "texture": "#front"},
				"up": {"uv": [11, 6, 12, 6.5], "texture": "#2"}
			}
		},
		{
			"from": [10, 9.5, 0.5],
			"to": [12, 10.5, 2],
			"faces": {
				"north": {"uv": [4, 5.5, 6, 6.5], "texture": "#front"},
				"east": {"uv": [0, 0, 0.5, 1], "texture": "#2"},
				"south": {"uv": [0, 0, 2, 1], "texture": "#2"},
				"west": {"uv": [0, 0, 0.5, 1], "texture": "#front"},
				"up": {"uv": [4, 5.5, 6, 6], "rotation": 180, "texture": "#2"},
				"down": {"uv": [4, 6, 6, 7.5], "rotation": 180, "texture": "#front"}
			}
		},
		{
			"from": [11.5, 1, 0.5],
			"to": [12.5, 10, 1],
			"faces": {
				"north": {"uv": [3.5, 6, 4.5, 15], "texture": "#front"},
				"east": {"uv": [3.5, 6, 4, 15], "texture": "#front"},
				"west": {"uv": [4, 6, 4.5, 15], "texture": "#front"},
				"up": {"uv": [3.5, 6, 4.5, 6.5], "rotation": 180, "texture": "#2"}
			}
		},
		{
			"from": [4.5, 9.5, 0.5],
			"to": [6.5, 10.5, 2],
			"faces": {
				"north": {"uv": [9.5, 5.5, 11.5, 6.5], "texture": "#front"},
				"east": {"uv": [0, 0, 0.5, 1], "texture": "#front"},
				"south": {"uv": [0, 0, 2, 1], "texture": "#2"},
				"west": {"uv": [0, 0, 0.5, 1], "texture": "#2"},
				"up": {"uv": [9.5, 5.5, 11.5, 6], "rotation": 180, "texture": "#2"},
				"down": {"uv": [9.5, 5.5, 11.5, 7], "rotation": 180, "texture": "#front"}
			}
		},
		{
			"from": [0, 13, 13],
			"to": [13, 16, 16],
			"faces": {
				"north": {"uv": [3, 13, 16, 16], "texture": "#cap"},
				"east": {"uv": [0, 0, 1, 1], "rotation": 180, "texture": "#missing"},
				"south": {"uv": [0, 0, 13, 3], "texture": "#side"},
				"west": {"uv": [13, 0, 16, 3], "texture": "#side"},
				"up": {"uv": [0, 13, 13, 16], "texture": "#cap"},
				"down": {"uv": [1, 15, 16, 16], "rotation": 180, "texture": "#2"}
			}
		},
		{
			"from": [13, 13, 3],
			"to": [16, 16, 16],
			"faces": {
				"north": {"uv": [0, 0, 1, 1], "rotation": 180, "texture": "#missing"},
				"east": {"uv": [0, 0, 13, 3], "texture": "#side"},
				"south": {"uv": [13, 0, 16, 3], "texture": "#side"},
				"west": {"uv": [13, 0, 16, 13], "rotation": 90, "texture": "#cap"},
				"up": {"uv": [13, 3, 16, 16], "texture": "#cap"},
				"down": {"uv": [1, 15, 16, 16], "rotation": 90, "texture": "#side"}
			}
		},
		{
			"from": [3, 13, 0],
			"to": [16, 16, 3],
			"faces": {
				"north": {"uv": [0, 0, 13, 3], "texture": "#2"},
				"east": {"uv": [13, 0, 16, 3], "texture": "#side"},
				"south": {"uv": [0, 0, 13, 3], "rotation": 180, "texture": "#cap"},
				"west": {"uv": [0, 0, 1, 1], "rotation": 180, "texture": "#missing"},
				"up": {"uv": [3, 0, 16, 3], "texture": "#cap"},
				"down": {"uv": [1, 15, 16, 16], "rotation": 180, "texture": "#side"}
			}
		},
		{
			"from": [0, 13, 0],
			"to": [3, 16, 13],
			"faces": {
				"north": {"uv": [13, 0, 16, 3], "texture": "#front"},
				"east": {"uv": [0, 3, 3, 16], "rotation": 270, "texture": "#cap"},
				"south": {"uv": [0, 0, 1, 1], "rotation": 180, "texture": "#missing"},
				"west": {"uv": [0, 0, 13, 3], "texture": "#side"},
				"up": {"uv": [0, 0, 3, 13], "texture": "#cap"},
				"down": {"uv": [1, 15, 16, 16], "rotation": 270, "texture": "#side"}
			}
		},
		{
			"name": "02",
			"from": [3, 15, 3],
			"to": [13, 15.5, 13],
			"faces": {
				"north": {"uv": [0, 0, 12, 0.9], "rotation": 180, "texture": "#1"},
				"east": {"uv": [0, 0, 6, 0.9], "rotation": 180, "texture": "#missing"},
				"south": {"uv": [0, 0, 12, 0.9], "rotation": 180, "texture": "#1"},
				"west": {"uv": [0, 0, 6, 0.9], "rotation": 180, "texture": "#missing"},
				"up": {"uv": [3, 3, 13, 13], "texture": "#cap"},
				"down": {"uv": [0, 0, 14, 14], "texture": "#1"}
			}
		},
		{
			"from": [9, 9.5, 0.5],
			"to": [10, 10.5, 2],
			"faces": {
				"north": {"uv": [6, 5.5, 7, 6.5], "texture": "#front"},
				"east": {"uv": [6, 5.5, 6.5, 6.5], "texture": "#2"},
				"west": {"uv": [6.5, 5.5, 7, 6.5], "texture": "#front"},
				"up": {"uv": [6, 5.5, 7, 6], "rotation": 180, "texture": "#2"},
				"down": {"uv": [6, 6, 7, 6.5], "texture": "#2"}
			}
		},
		{
			"from": [6.5, 9.5, 0.5],
			"to": [7.5, 10.5, 2],
			"faces": {
				"north": {"uv": [8.5, 5.5, 9.5, 6.5], "texture": "#front"},
				"east": {"uv": [8.5, 5.5, 9, 6.5], "texture": "#2"},
				"west": {"uv": [9, 5.5, 9.5, 6.5], "texture": "#front"},
				"up": {"uv": [8.5, 5.5, 9.5, 6], "rotation": 180, "texture": "#2"},
				"down": {"uv": [8.5, 6, 9.5, 6.5], "texture": "#2"}
			}
		},
		{
			"from": [7.5, 9, 0.5],
			"to": [9, 10, 2],
			"faces": {
				"north": {"uv": [7, 6, 8.5, 7], "texture": "#front"},
				"east": {"uv": [7, 6, 7.5, 7], "texture": "#2"},
				"west": {"uv": [8, 6, 8.5, 7], "texture": "#front"},
				"up": {"uv": [7, 6, 8.5, 6.5], "rotation": 180, "texture": "#2"},
				"down": {"uv": [7, 6.5, 8.5, 7], "texture": "#2"}
			}
		},
		{
			"from": [9.5, 10, 0.5],
			"to": [11.5, 11, 2],
			"faces": {
				"north": {"uv": [4.5, 5, 6.5, 6], "texture": "#front"},
				"east": {"uv": [4.5, 4.5, 5, 5.5], "texture": "#2"},
				"west": {"uv": [6, 4.5, 6.5, 5.5], "texture": "#front"},
				"up": {"uv": [4.5, 5, 6.5, 5.5], "rotation": 180, "texture": "#2"},
				"down": {"uv": [4.5, 4.5, 6.5, 5.5], "rotation": 180, "texture": "#front"}
			}
		},
		{
			"from": [5, 10, 0.5],
			"to": [7, 11, 2],
			"faces": {
				"north": {"uv": [9, 5, 11, 6], "texture": "#front"},
				"east": {"uv": [9, 5, 9.5, 6], "texture": "#2"},
				"west": {"uv": [10.5, 5, 11, 6], "texture": "#front"},
				"up": {"uv": [9, 5, 11, 5.5], "rotation": 180, "texture": "#2"},
				"down": {"uv": [9, 5, 11, 6], "rotation": 180, "texture": "#front"}
			}
		},
		{
			"from": [9.5, 11, 0.5],
			"to": [11, 12.5, 2],
			"faces": {
				"north": {"uv": [5, 3.5, 6.5, 5], "texture": "#front"},
				"east": {"uv": [5, 3.5, 5.5, 5], "texture": "#2"},
				"west": {"uv": [6, 3.5, 6.5, 5], "texture": "#front"},
				"up": {"uv": [5, 3.5, 6.5, 4], "rotation": 180, "texture": "#2"},
				"down": {"uv": [5, 4.5, 6.5, 5], "rotation": 180, "texture": "#front"}
			}
		},
		{
			"from": [5.5, 11, 0.5],
			"to": [7, 12.5, 2],
			"faces": {
				"north": {"uv": [9, 3.5, 10.5, 5], "texture": "#front"},
				"east": {"uv": [9, 3.5, 9.5, 5], "texture": "#2"},
				"west": {"uv": [10, 3.5, 10.5, 5], "texture": "#front"},
				"up": {"uv": [9, 3.5, 10.5, 4], "rotation": 180, "texture": "#2"},
				"down": {"uv": [9, 4.5, 10.5, 5], "rotation": 180, "texture": "#front"}
			}
		},
		{
			"from": [11, 11.5, 0.5],
			"to": [11.5, 12, 1],
			"faces": {
				"north": {"uv": [4.5, 4, 5, 4.5], "texture": "#front"},
				"east": {"uv": [4.5, 4, 5, 4.5], "texture": "#front"},
				"south": {"uv": [4.5, 4, 5, 4.5], "texture": "#front"},
				"west": {"uv": [4.5, 4, 5, 4.5], "texture": "#front"},
				"up": {"uv": [4.5, 4, 5, 4.5], "texture": "#front"},
				"down": {"uv": [4.5, 4, 5, 4.5], "texture": "#front"}
			}
		},
		{
			"from": [9.5, 12, 0.5],
			"to": [12, 13, 1],
			"faces": {
				"north": {"uv": [4, 3, 6.5, 4], "texture": "#front"},
				"east": {"uv": [4, 3, 4.5, 4], "texture": "#2"},
				"west": {"uv": [6, 3, 6.5, 4], "texture": "#2"},
				"up": {"uv": [4, 3, 6.5, 4], "rotation": 180, "texture": "#2"},
				"down": {"uv": [4, 3, 6.5, 4], "rotation": 180, "texture": "#2"}
			}
		},
		{
			"from": [5, 11.5, 0.5],
			"to": [5.5, 12, 1],
			"faces": {
				"north": {"uv": [10.5, 4, 11, 4.5], "texture": "#front"},
				"east": {"uv": [10.5, 4, 11, 4.5], "texture": "#front"},
				"south": {"uv": [10.5, 4, 11, 4.5], "texture": "#front"},
				"west": {"uv": [10.5, 4, 11, 4.5], "texture": "#front"},
				"up": {"uv": [10.5, 4, 11, 4.5], "texture": "#front"},
				"down": {"uv": [10.5, 4, 11, 4.5], "texture": "#front"}
			}
		},
		{
			"from": [4.5, 12, 0.5],
			"to": [7, 13, 1],
			"faces": {
				"north": {"uv": [9, 3, 11.5, 4], "texture": "#front"},
				"east": {"uv": [9, 3, 9.5, 4], "texture": "#2"},
				"west": {"uv": [11, 3, 11.5, 4], "texture": "#2"},
				"up": {"uv": [9, 3, 11.5, 4], "rotation": 180, "texture": "#2"},
				"down": {"uv": [9, 3, 11.5, 4], "rotation": 180, "texture": "#2"}
			}
		},
		{
			"from": [9, 12, 0.5],
			"to": [9.5, 12.5, 1],
			"faces": {
				"north": {"uv": [6.5, 3.5, 7, 4], "texture": "#front"},
				"east": {"uv": [6.5, 3.5, 7, 4], "texture": "#front"},
				"south": {"uv": [6.5, 3.5, 7, 4], "texture": "#front"},
				"west": {"uv": [6.5, 3.5, 7, 4], "texture": "#front"},
				"up": {"uv": [6.5, 3.5, 7, 4], "texture": "#front"},
				"down": {"uv": [6.5, 3.5, 7, 4], "texture": "#front"}
			}
		},
		{
			"from": [7, 12, 0.5],
			"to": [7.5, 12.5, 1],
			"faces": {
				"north": {"uv": [8.5, 3.5, 9, 4], "texture": "#front"},
				"east": {"uv": [8.5, 3.5, 9, 4], "texture": "#front"},
				"south": {"uv": [8.5, 3.5, 9, 4], "texture": "#front"},
				"west": {"uv": [8.5, 3.5, 9, 4], "texture": "#front"},
				"up": {"uv": [8.5, 3.5, 9, 4], "texture": "#front"},
				"down": {"uv": [8.5, 3.5, 9, 4], "texture": "#front"}
			}
		},
		{
			"from": [7.5, 12.5, 0.5],
			"to": [9, 13, 1],
			"faces": {
				"north": {"uv": [7, 3, 8.5, 3.5], "texture": "#front"},
				"east": {"uv": [7, 3, 7.5, 3.5], "texture": "#front"},
				"west": {"uv": [8, 3, 8.5, 3.5], "texture": "#front"},
				"up": {"uv": [7, 3, 8.5, 3.5], "texture": "#front"},
				"down": {"uv": [7, 3, 8.5, 3.5], "texture": "#front"}
			}
		},
		{
			"from": [10, 12.5, 0],
			"to": [12, 13, 0.5],
			"faces": {
				"north": {"uv": [4, 3, 6, 3.5], "texture": "#front"},
				"east": {"uv": [4, 3, 4.5, 3.5], "texture": "#front"},
				"west": {"uv": [5.5, 3, 6, 3.5], "texture": "#front"},
				"down": {"uv": [4, 3, 6, 3.5], "rotation": 180, "texture": "#front"}
			}
		},
		{
			"from": [4.5, 12.5, 0],
			"to": [6.5, 13, 0.5],
			"faces": {
				"north": {"uv": [9.5, 3, 11.5, 3.5], "texture": "#front"},
				"east": {"uv": [9.5, 3, 10, 3.5], "texture": "#front"},
				"west": {"uv": [11, 3, 11.5, 3.5], "texture": "#front"},
				"down": {"uv": [9.5, 3, 11.5, 3.5], "rotation": 180, "texture": "#front"}
			}
		},
		{
			"name": "gem",
			"from": [7.5, 10.5, 0.5],
			"to": [9, 12, 2],
			"faces": {
				"north": {"uv": [7, 4, 8.5, 5.5], "texture": "#2"},
				"east": {"uv": [7.5, 4, 8, 5.5], "texture": "#2"},
				"west": {"uv": [8, 4, 8.5, 5.5], "texture": "#2"},
				"up": {"uv": [7, 4.5, 8.5, 5.5], "texture": "#2"},
				"down": {"uv": [7, 4, 8.5, 5.5], "rotation": 90, "texture": "#2"}
			}
		},
		{
			"from": [4.5, 13, -0.5],
			"to": [6.5, 15, 0],
			"faces": {
				"north": {"uv": [9.5, 1, 11.5, 3], "texture": "#front"},
				"east": {"uv": [9.5, 1, 10, 3], "texture": "#front"},
				"west": {"uv": [11, 1, 11.5, 3], "texture": "#front"},
				"up": {"uv": [9.5, 1, 11.5, 1.5], "rotation": 180, "texture": "#2"},
				"down": {"uv": [9.5, 2.5, 11.5, 3], "rotation": 180, "texture": "#front"}
			}
		},
		{
			"from": [10, 13, -0.5],
			"to": [12, 15, 0],
			"faces": {
				"north": {"uv": [4, 1, 6, 3], "texture": "#front"},
				"east": {"uv": [4, 1, 4.5, 3], "texture": "#front"},
				"west": {"uv": [5.5, 1, 6, 3], "texture": "#front"},
				"up": {"uv": [4, 1, 6, 1.5], "rotation": 180, "texture": "#2"},
				"down": {"uv": [4, 2.5, 6, 3], "rotation": 180, "texture": "#front"}
			}
		},
		{
			"from": [7.5, 14, -0.5],
			"to": [9, 15.875, 0],
			"faces": {
				"north": {"uv": [7, 0.125, 8.5, 2], "texture": "#front"},
				"east": {"uv": [7, 0, 7.5, 2], "texture": "#front"},
				"south": {"uv": [7, 0, 8.5, 2], "texture": "#front"},
				"west": {"uv": [8, 0, 8.5, 2], "texture": "#front"},
				"up": {"uv": [7, 0, 8.5, 0.5], "rotation": 180, "texture": "#front"},
				"down": {"uv": [7, 1.5, 8.5, 2], "texture": "#front"}
			}
		},
		{
			"from": [7, 13.5, -0.5],
			"to": [9.5, 15.5, 0],
			"faces": {
				"north": {"uv": [6.5, 0.5, 9, 2.5], "texture": "#front"},
				"east": {"uv": [6.5, 0.5, 7, 2.5], "texture": "#front"},
				"west": {"uv": [8.5, 0.5, 9, 2.5], "texture": "#front"},
				"up": {"uv": [6.5, 0.5, 9, 1], "rotation": 180, "texture": "#front"},
				"down": {"uv": [6.5, 2, 9, 2.5], "texture": "#front"}
			}
		},
		{
			"from": [5, 14, -0.5],
			"to": [11.5, 15.5, 0],
			"faces": {
				"north": {"uv": [4.5, 0.5, 11, 2], "texture": "#front"},
				"east": {"uv": [4.5, 0.5, 5, 2], "texture": "#front"},
				"west": {"uv": [10.5, 0.5, 11, 2], "texture": "#front"},
				"up": {"uv": [4.5, 0.5, 11, 1], "rotation": 180, "texture": "#front"},
				"down": {"uv": [4.5, 1.5, 11, 2], "texture": "#front"}
			}
		},
		{
			"from": [10, 14, -0.5],
			"to": [11, 15.875, 0],
			"faces": {
				"north": {"uv": [5, 0.125, 6, 2], "texture": "#front"},
				"east": {"uv": [5, 0, 5.5, 2], "texture": "#front"},
				"west": {"uv": [5.5, 0, 6, 2], "texture": "#front"},
				"up": {"uv": [5, 0, 6, 0.5], "rotation": 180, "texture": "#front"},
				"down": {"uv": [5, 0, 6, 0.5], "texture": "#front"}
			}
		},
		{
			"from": [5.5, 14, -0.5],
			"to": [6.5, 15.875, 0],
			"faces": {
				"north": {"uv": [9.5, 0.125, 10.5, 2], "texture": "#front"},
				"east": {"uv": [9.5, 0, 10, 2], "texture": "#front"},
				"west": {"uv": [10, 0, 10.5, 2], "texture": "#front"},
				"up": {"uv": [9.5, 0, 10.5, 0.5], "rotation": 180, "texture": "#front"},
				"down": {"uv": [9.5, 0, 10.5, 0.5], "texture": "#front"}
			}
		}
	],
	"display": {
		"thirdperson_righthand": {
			"rotation": [75, 45, 0],
			"translation": [0, 2.5, 0],
			"scale": [0.375, 0.375, 0.375]
		},
		"thirdperson_lefthand": {
			"rotation": [75, 45, 0],
			"translation": [0, 2.5, 0],
			"scale": [0.375, 0.375, 0.375]
		},
		"firstperson_righthand": {
			"rotation": [0, 135, 0],
			"scale": [0.4, 0.4, 0.4]
		},
		"firstperson_lefthand": {
			"rotation": [0, 135, 0],
			"scale": [0.4, 0.4, 0.4]
		},
		"ground": {
			"translation": [0, 3, 0],
			"scale": [0.25, 0.25, 0.25]
		},
		"gui": {
			"rotation": [30, 135, 0],
			"scale": [0.625, 0.625, 0.625]
		},
		"fixed": {
			"translation": [0, 0, -1],
			"scale": [0.75, 0.75, 0.75]
		}
	}
}