{ "multipart": [
    { "apply": { "model": "block/dirt" } },
    { "apply":[
        { "model": "block/debris/dirt", "weight": 450 },
        { "model": "block/debris/bone", "weight": 1   },
        { "model": "block/debris/rock2", "weight": 21  },
        { "model": "block/debris/rock3", "weight": 22  },
        { "model": "block/debris/rock4", "weight": 23  },
        { "model": "block/debris/rock5", "weight": 3   },
        { "model": "block/debris/rock6", "weight": 23  },
        { "model": "block/debris/rock7", "weight": 22  },
        { "model": "block/debris/rock8", "weight": 21  }
      ]
    },
    { "apply":[
        { "model": "block/debris/dirt", "y": 90, "weight": 445 },
        { "model": "block/debris/bone", "y": 90, "weight": 1   },
        { "model": "block/debris/rock2", "y": 90, "weight": 22  },
        { "model": "block/debris/rock3", "y": 90, "weight": 23  },
        { "model": "block/debris/rock4", "y": 90, "weight": 21  },
        { "model": "block/debris/rock5", "y": 90, "weight": 3   },
        { "model": "block/debris/rock6", "y": 90, "weight": 21  },
        { "model": "block/debris/rock7", "y": 90, "weight": 23  },
        { "model": "block/debris/rock8", "y": 90, "weight": 22  }
      ]
    },
    { "apply":[
        { "model": "block/debris/dirt", "y": 180, "weight": 455 },
        { "model": "block/debris/bone", "y": 180, "weight": 1   },
        { "model": "block/debris/rock2", "y": 180, "weight": 22  },
        { "model": "block/debris/rock3", "y": 180, "weight": 21  },
        { "model": "block/debris/rock4", "y": 180, "weight": 23  },
        { "model": "block/debris/rock5", "y": 180, "weight": 3   },
        { "model": "block/debris/rock6", "y": 180, "weight": 23  },
        { "model": "block/debris/rock7", "y": 180, "weight": 21  },
        { "model": "block/debris/rock8", "y": 180, "weight": 22  }
      ]
    },
    { "apply":[
        { "model": "block/debris/dirt", "y": 270, "weight": 460 },
        { "model": "block/debris/bone", "y": 270, "weight": 1   },
        { "model": "block/debris/rock2", "y": 270, "weight": 23  },
        { "model": "block/debris/rock3", "y": 270, "weight": 22  },
        { "model": "block/debris/rock4", "y": 270, "weight": 21  },
        { "model": "block/debris/rock5", "y": 270, "weight": 3   },
        { "model": "block/debris/rock6", "y": 270, "weight": 21  },
        { "model": "block/debris/rock7", "y": 270, "weight": 22  },
        { "model": "block/debris/rock8", "y": 270, "weight": 23  }
      ]
    },
    { "apply":[
        { "model": "block/debris/dirt", "x": 90, "weight": 465 },
        { "model": "block/debris/bone", "x": 90, "weight": 1   },
        { "model": "block/debris/rock2", "x": 90, "weight": 26  },
        { "model": "block/debris/rock3", "x": 90, "weight": 24  },
        { "model": "block/debris/rock4", "x": 90, "weight": 25  },
        { "model": "block/debris/rock5", "x": 90, "weight": 3   },
        { "model": "block/debris/rock6", "x": 90, "weight": 25  },
        { "model": "block/debris/rock7", "x": 90, "weight": 24  },
        { "model": "block/debris/rock8", "x": 90, "weight": 26  }
      ]
    },
    { "apply":[
        { "model": "block/debris/dirt", "x": 270, "weight": 470 },
        { "model": "block/debris/bone", "x": 270, "weight": 1   },
        { "model": "block/debris/rock2", "x": 270, "weight": 24  },
        { "model": "block/debris/rock3", "x": 270, "weight": 26  },
        { "model": "block/debris/rock4", "x": 270, "weight": 25  },
        { "model": "block/debris/rock5", "x": 270, "weight": 3   },
        { "model": "block/debris/rock6", "x": 270, "weight": 25  },
        { "model": "block/debris/rock7", "x": 270, "weight": 26  },
        { "model": "block/debris/rock8", "x": 270, "weight": 24  }
      ]
    }
  ]
}