{
	"credit": "Made with Blockbench",
	"ambientocclusion": false,
	"textures": {
		"0": "blocks/torch_on",
		"1": "blocks/torch",
		"particle": "blocks/torch_on"
	},
	"elements": [
		{
			"name": "cube",
			"from": [7, 0, 7],
			"to": [9, 6.5, 9],
			"shade": false,
			"faces": {
				"north": {
					"uv": [7.016, 9.516, 8.984, 15.984],
					"texture": "#1"
				},
				"east": {
					"uv": [7.016, 9.516, 8.984, 15.984],
					"texture": "#1"
				},
				"south": {
					"uv": [7.016, 9.516, 8.984, 15.984],
					"texture": "#1"
				},
				"west": {
					"uv": [7.016, 9.516, 8.984, 15.984],
					"texture": "#1"
				},
				"up": {
					"uv": [0.016, 0.016, 1.984, 1.984],
					"texture": "#1"
				},
				"down": {
					"uv": [7.516, 14.516, 8.984, 15.984],
					"texture": "#1"
				}
			}
		},
		{
			"name": "cube",
			"from": [6.5, 2.5, 6.5],
			"to": [9.5, 4, 9.5],
			"shade": false,
			"faces": {
				"north": {
					"uv": [6.516, 12.016, 9.484, 13.484],
					"texture": "#1"
				},
				"east": {
					"uv": [6.516, 12.016, 9.484, 13.484],
					"texture": "#1"
				},
				"south": {
					"uv": [6.516, 12.016, 9.484, 13.484],
					"texture": "#1"
				},
				"west": {
					"uv": [6.516, 12.016, 9.484, 13.484],
					"texture": "#1"
				},
				"up": {
					"uv": [7.516, 12.016, 8.984, 13.484],
					"texture": "#1"
				},
				"down": {
					"uv": [7.516, 12.016, 8.984, 13.484],
					"texture": "#1"
				}
			}
		},
		{
			"name": "cube",
			"from": [6.5, 6.5, 6.5],
			"to": [9.5, 7.5, 9.5],
			"shade": false,
			"faces": {
				"north": {
					"uv": [6.516, 8.516, 9.484, 9.484],
					"texture": "#1"
				},
				"east": {
					"uv": [6.516, 8.516, 9.484, 9.484],
					"texture": "#1"
				},
				"south": {
					"uv": [6.516, 8.516, 9.484, 9.484],
					"texture": "#1"
				},
				"west": {
					"uv": [6.516, 8.516, 9.484, 9.484],
					"texture": "#1"
				},
				"up": {
					"uv": [7.016, 8.516, 7.484, 8.984],
					"texture": "#1"
				},
				"down": {
					"uv": [7.016, 8.016, 7.484, 8.484],
					"texture": "#1"
				}
			}
		},
		{
			"name": "cube",
			"from": [7, 7, 9.5],
			"to": [9, 8.5, 10],
			"shade": false,
			"faces": {
				"north": {
					"uv": [7.016, 7.516, 8.984, 8.984],
					"texture": "#1"
				},
				"east": {
					"uv": [8.516, 7.516, 8.984, 8.984],
					"texture": "#1"
				},
				"south": {
					"uv": [7.016, 7.516, 8.984, 8.984],
					"texture": "#1"
				},
				"west": {
					"uv": [7.016, 7.516, 7.484, 8.984],
					"texture": "#1"
				},
				"up": {
					"uv": [7.016, 7.516, 8.984, 7.984],
					"texture": "#1"
				},
				"down": {
					"uv": [7.016, 8.516, 8.984, 8.984],
					"texture": "#1"
				}
			}
		},
		{
			"name": "cube",
			"from": [6, 8, 10],
			"to": [10, 9.5, 10.5],
			"shade": false,
			"faces": {
				"north": {
					"uv": [6.016, 6.516, 9.984, 7.984],
					"texture": "#1"
				},
				"east": {
					"uv": [9.516, 6.516, 9.984, 7.984],
					"texture": "#1"
				},
				"south": {
					"uv": [6.016, 6.516, 9.984, 7.984],
					"texture": "#1"
				},
				"west": {
					"uv": [6.016, 6.516, 6.484, 7.984],
					"texture": "#1"
				},
				"up": {
					"uv": [6.016, 6.516, 9.984, 6.984],
					"texture": "#1"
				},
				"down": {
					"uv": [6.016, 7.516, 9.984, 7.984],
					"texture": "#1"
				}
			}
		},
		{
			"name": "cube",
			"from": [5.5, 9.5, 7],
			"to": [6, 11, 9],
			"shade": false,
			"faces": {
				"north": {
					"uv": [7.016, 5.016, 7.484, 6.484],
					"texture": "#1"
				},
				"east": {
					"uv": [7.016, 5.016, 8.984, 6.484],
					"texture": "#1"
				},
				"south": {
					"uv": [8.516, 5.016, 8.984, 6.484],
					"texture": "#1"
				},
				"west": {
					"uv": [7.016, 5.016, 8.984, 6.484],
					"texture": "#1"
				},
				"up": {
					"uv": [7.016, 5.016, 8.984, 5.484],
					"texture": "#1",
					"rotation": 90
				},
				"down": {
					"uv": [0.016, 0.016, 0.5, 1.984],
					"texture": "#1"
				}
			}
		},
		{
			"name": "cube",
			"from": [7, 9.5, 5.5],
			"to": [9, 11, 6],
			"shade": false,
			"faces": {
				"north": {
					"uv": [7.016, 5.016, 8.984, 6.484],
					"texture": "#1"
				},
				"east": {
					"uv": [7.016, 5.016, 7.25, 5.75],
					"texture": "#1"
				},
				"south": {
					"uv": [7.016, 5.016, 8.984, 6.484],
					"texture": "#1"
				},
				"west": {
					"uv": [8.516, 5.016, 8.75, 5.75],
					"texture": "#1"
				},
				"up": {
					"uv": [7.016, 5.016, 8.984, 5.484],
					"texture": "#1"
				},
				"down": {
					"uv": [0.016, 0.016, 0.5, 1.984],
					"texture": "#1",
					"rotation": 270
				}
			}
		},
		{
			"name": "cube",
			"from": [10, 9.5, 7],
			"to": [10.5, 11, 9],
			"shade": false,
			"faces": {
				"north": {
					"uv": [8.516, 5.016, 8.984, 6.484],
					"texture": "#1"
				},
				"east": {
					"uv": [7.016, 5.016, 8.984, 6.484],
					"texture": "#1"
				},
				"south": {
					"uv": [7.016, 5.016, 7.484, 6.484],
					"texture": "#1"
				},
				"west": {
					"uv": [7.016, 5.016, 8.984, 6.484],
					"texture": "#1"
				},
				"up": {
					"uv": [7.016, 5.016, 8.984, 5.484],
					"texture": "#1",
					"rotation": 90
				},
				"down": {
					"uv": [0.016, 0.016, 0.5, 1.984],
					"texture": "#1",
					"rotation": 180
				}
			}
		},
		{
			"name": "cube",
			"from": [7, 9.5, 10],
			"to": [9, 11, 10.5],
			"shade": false,
			"faces": {
				"north": {
					"uv": [7.016, 5.016, 8.984, 6.484],
					"texture": "#1"
				},
				"east": {
					"uv": [8.516, 5.016, 8.984, 6.484],
					"texture": "#1"
				},
				"south": {
					"uv": [7.016, 5.016, 8.984, 6.484],
					"texture": "#1"
				},
				"west": {
					"uv": [7.016, 5.016, 7.484, 6.484],
					"texture": "#1"
				},
				"up": {
					"uv": [7.016, 5.016, 8.984, 5.484],
					"texture": "#1"
				},
				"down": {
					"uv": [0.016, 0.016, 0.5, 1.984],
					"texture": "#1",
					"rotation": 90
				}
			}
		},
		{
			"name": "cube",
			"from": [7.5, 11, 5.5],
			"to": [8.5, 11.5, 6],
			"shade": false,
			"faces": {
				"north": {
					"uv": [7.516, 4.516, 8.484, 4.984],
					"texture": "#1"
				},
				"east": {
					"uv": [7.516, 4.516, 7.984, 4.984],
					"texture": "#1"
				},
				"south": {
					"uv": [7.516, 4.516, 8.484, 4.984],
					"texture": "#1"
				},
				"west": {
					"uv": [8.016, 4.516, 8.484, 4.984],
					"texture": "#1"
				},
				"up": {
					"uv": [7.516, 4.516, 8.484, 4.984],
					"texture": "#1"
				},
				"down": {"uv": [0, 0, 0, 0], "texture": "#1"}
			}
		},
		{
			"name": "cube",
			"from": [5.5, 8, 6],
			"to": [6, 9.5, 10],
			"shade": false,
			"faces": {
				"north": {
					"uv": [6.016, 6.516, 6.484, 7.984],
					"texture": "#1"
				},
				"east": {
					"uv": [6.016, 6.516, 9.984, 7.984],
					"texture": "#1"
				},
				"south": {
					"uv": [9.516, 6.516, 9.984, 7.984],
					"texture": "#1"
				},
				"west": {
					"uv": [6.016, 6.516, 9.984, 7.984],
					"texture": "#1"
				},
				"up": {
					"uv": [6.016, 6.516, 9.984, 6.984],
					"texture": "#1",
					"rotation": 90
				},
				"down": {
					"uv": [6.016, 7.516, 9.984, 7.984],
					"texture": "#1",
					"rotation": 270
				}
			}
		},
		{
			"name": "cube",
			"from": [6, 8, 5.5],
			"to": [10, 9.5, 6],
			"shade": false,
			"faces": {
				"north": {
					"uv": [6.016, 6.516, 9.984, 7.984],
					"texture": "#1"
				},
				"east": {
					"uv": [6.016, 6.516, 6.484, 7.984],
					"texture": "#1"
				},
				"south": {
					"uv": [6.016, 6.516, 9.984, 7.984],
					"texture": "#1"
				},
				"west": {
					"uv": [9.516, 6.516, 9.984, 7.984],
					"texture": "#1"
				},
				"up": {
					"uv": [6.016, 6.516, 9.984, 6.984],
					"texture": "#1",
					"rotation": 180
				},
				"down": {
					"uv": [6.016, 7.516, 9.984, 7.984],
					"texture": "#1",
					"rotation": 180
				}
			}
		},
		{
			"name": "cube",
			"from": [10, 8, 6],
			"to": [10.5, 9.5, 10],
			"shade": false,
			"faces": {
				"north": {
					"uv": [9.516, 6.516, 9.984, 7.984],
					"texture": "#1"
				},
				"east": {
					"uv": [6.016, 6.516, 9.984, 7.984],
					"texture": "#1"
				},
				"south": {
					"uv": [6.016, 6.516, 6.484, 7.984],
					"texture": "#1"
				},
				"west": {
					"uv": [6.016, 6.516, 9.984, 7.984],
					"texture": "#1"
				},
				"up": {
					"uv": [6.016, 6.516, 9.984, 6.984],
					"texture": "#1",
					"rotation": 270
				},
				"down": {
					"uv": [6.016, 7.516, 9.984, 7.984],
					"texture": "#1",
					"rotation": 90
				}
			}
		},
		{
			"name": "cube",
			"from": [6, 7, 7],
			"to": [6.5, 8.5, 9],
			"shade": false,
			"faces": {
				"north": {
					"uv": [7.016, 7.516, 7.484, 8.984],
					"texture": "#1"
				},
				"east": {
					"uv": [7.016, 7.516, 8.984, 8.984],
					"texture": "#1"
				},
				"south": {
					"uv": [8.516, 7.516, 8.984, 8.984],
					"texture": "#1"
				},
				"west": {
					"uv": [7.016, 7.516, 8.984, 8.984],
					"texture": "#1"
				},
				"up": {
					"uv": [7.016, 7.516, 8.984, 7.984],
					"texture": "#1",
					"rotation": 90
				},
				"down": {
					"uv": [7.016, 8.516, 8.984, 8.984],
					"texture": "#1",
					"rotation": 270
				}
			}
		},
		{
			"name": "cube",
			"from": [7, 7, 6],
			"to": [9, 8.5, 6.5],
			"shade": false,
			"faces": {
				"north": {
					"uv": [7.016, 7.516, 8.984, 8.984],
					"texture": "#1"
				},
				"east": {
					"uv": [7.016, 7.516, 7.484, 8.984],
					"texture": "#1"
				},
				"south": {
					"uv": [7.016, 7.516, 8.984, 8.984],
					"texture": "#1"
				},
				"west": {
					"uv": [8.516, 7.516, 8.984, 8.984],
					"texture": "#1"
				},
				"up": {
					"uv": [7.016, 7.516, 8.984, 7.984],
					"texture": "#1",
					"rotation": 180
				},
				"down": {
					"uv": [7.016, 8.516, 8.984, 8.984],
					"texture": "#1",
					"rotation": 180
				}
			}
		},
		{
			"name": "cube",
			"from": [9.5, 7, 7],
			"to": [10, 8.5, 9],
			"shade": false,
			"faces": {
				"north": {
					"uv": [8.516, 7.516, 8.984, 8.984],
					"texture": "#1"
				},
				"east": {
					"uv": [7.016, 7.516, 8.984, 8.984],
					"texture": "#1"
				},
				"south": {
					"uv": [7.016, 7.516, 7.484, 8.984],
					"texture": "#1"
				},
				"west": {
					"uv": [7.016, 7.516, 8.984, 8.984],
					"texture": "#1"
				},
				"up": {
					"uv": [7.016, 7.516, 8.984, 7.984],
					"texture": "#1",
					"rotation": 270
				},
				"down": {
					"uv": [7.016, 8.516, 8.984, 8.984],
					"texture": "#1",
					"rotation": 90
				}
			}
		},
		{
			"name": "cube",
			"from": [10, 11, 7.5],
			"to": [10.5, 11.5, 8.5],
			"shade": false,
			"faces": {
				"north": {
					"uv": [8.016, 4.516, 8.484, 4.984],
					"texture": "#1"
				},
				"east": {
					"uv": [7.516, 4.516, 8.484, 4.984],
					"texture": "#1"
				},
				"south": {
					"uv": [7.516, 4.516, 7.984, 4.984],
					"texture": "#1"
				},
				"west": {
					"uv": [7.516, 4.516, 8.484, 4.984],
					"texture": "#1"
				},
				"up": {
					"uv": [7.516, 4.516, 8.484, 4.984],
					"texture": "#1",
					"rotation": 90
				},
				"down": {"uv": [0, 0, 0, 0], "texture": "#1"}
			}
		},
		{
			"name": "cube",
			"from": [7.5, 11, 10],
			"to": [8.5, 11.5, 10.5],
			"shade": false,
			"faces": {
				"north": {
					"uv": [7.516, 4.516, 8.484, 4.984],
					"texture": "#1"
				},
				"east": {
					"uv": [8.016, 4.516, 8.484, 4.984],
					"texture": "#1"
				},
				"south": {
					"uv": [7.516, 4.516, 8.484, 4.984],
					"texture": "#1"
				},
				"west": {
					"uv": [7.516, 4.516, 7.984, 4.984],
					"texture": "#1"
				},
				"up": {
					"uv": [7.516, 4.516, 8.484, 4.984],
					"texture": "#1",
					"rotation": 180
				},
				"down": {"uv": [0, 0, 0, 0], "texture": "#1"}
			}
		},
		{
			"name": "cube",
			"from": [5.5, 11, 7.5],
			"to": [6, 11.5, 8.5],
			"shade": false,
			"faces": {
				"north": {
					"uv": [7.516, 4.516, 7.984, 4.984],
					"texture": "#1"
				},
				"east": {
					"uv": [7.516, 4.516, 8.484, 4.984],
					"texture": "#1"
				},
				"south": {
					"uv": [8.016, 4.516, 8.484, 4.984],
					"texture": "#1"
				},
				"west": {
					"uv": [7.516, 4.516, 8.484, 4.984],
					"texture": "#1"
				},
				"up": {
					"uv": [7.516, 4.516, 8.484, 4.984],
					"texture": "#1",
					"rotation": 270
				},
				"down": {"uv": [0, 0, 0, 0], "texture": "#1"}
			}
		},
		{
			"name": "cube",
			"from": [7, 6, 6.5],
			"to": [9, 6.5, 7],
			"shade": false,
			"faces": {
				"north": {
					"uv": [7.016, 9.516, 8.984, 9.984],
					"texture": "#1"
				},
				"east": {
					"uv": [8.516, 9.516, 8.984, 9.984],
					"texture": "#1"
				},
				"south": {
					"uv": [7.016, 9.516, 8.984, 9.984],
					"texture": "#1"
				},
				"west": {
					"uv": [7.016, 9.516, 7.484, 9.984],
					"texture": "#1"
				},
				"up": {"uv": [0, 0, 0, 0], "texture": "#1"},
				"down": {
					"uv": [7.016, 9.516, 8.984, 9.984],
					"texture": "#1"
				}
			}
		},
		{
			"name": "cube",
			"from": [9, 6, 7],
			"to": [9.5, 6.5, 9],
			"shade": false,
			"faces": {
				"north": {
					"uv": [7.016, 9.516, 7.484, 9.984],
					"texture": "#1"
				},
				"east": {
					"uv": [7.016, 9.516, 8.984, 9.984],
					"texture": "#1"
				},
				"south": {
					"uv": [8.516, 9.516, 8.984, 9.984],
					"texture": "#1"
				},
				"west": {
					"uv": [7.016, 9.516, 8.984, 9.984],
					"texture": "#1"
				},
				"up": {"uv": [0, 0, 0, 0], "texture": "#1"},
				"down": {
					"uv": [7.016, 9.516, 8.984, 9.984],
					"texture": "#1",
					"rotation": 270
				}
			}
		},
		{
			"name": "cube",
			"from": [7, 6, 9],
			"to": [9, 6.5, 9.5],
			"shade": false,
			"faces": {
				"north": {
					"uv": [7.016, 9.516, 8.984, 9.984],
					"texture": "#1"
				},
				"east": {
					"uv": [7.016, 9.516, 7.484, 9.984],
					"texture": "#1"
				},
				"south": {
					"uv": [7.016, 9.516, 8.984, 9.984],
					"texture": "#1"
				},
				"west": {
					"uv": [8.516, 9.516, 8.984, 9.984],
					"texture": "#1"
				},
				"up": {"uv": [0, 0, 0, 0], "texture": "#1"},
				"down": {
					"uv": [7.016, 9.516, 8.984, 9.984],
					"texture": "#1",
					"rotation": 180
				}
			}
		},
		{
			"name": "cube",
			"from": [6.5, 6, 7],
			"to": [7, 6.5, 9],
			"shade": false,
			"faces": {
				"north": {
					"uv": [8.516, 9.516, 8.984, 9.984],
					"texture": "#1"
				},
				"east": {
					"uv": [7.016, 9.516, 8.984, 9.984],
					"texture": "#1"
				},
				"south": {
					"uv": [7.016, 9.516, 7.484, 9.984],
					"texture": "#1"
				},
				"west": {
					"uv": [7.016, 9.516, 8.984, 9.984],
					"texture": "#1"
				},
				"up": {"uv": [0, 0, 0, 0], "texture": "#1"},
				"down": {
					"uv": [7.016, 9.516, 8.984, 9.984],
					"texture": "#1",
					"rotation": 90
				}
			}
		},
		{
			"name": "cube",
			"from": [6, 9.5, 9.5],
			"to": [10, 16, 10],
			"shade": false,
			"faces": {
				"north": {
					"uv": [6.016, 0.016, 9.984, 6.484],
					"texture": "#0"
				},
				"south": {
					"uv": [6.016, 0.016, 9.984, 6.484],
					"texture": "#0"
				},
				"up": {
					"uv": [0.016, 0.016, 0.016, 0.016],
					"texture": "#0"
				},
				"down": {
					"uv": [6.016, 6.516, 9.984, 6.984],
					"texture": "#0"
				}
			}
		},
		{
			"name": "cube",
			"from": [6, 9.5, 6],
			"to": [6.5, 16, 10],
			"shade": false,
			"faces": {
				"east": {
					"uv": [6.016, 0.016, 9.984, 6.484],
					"texture": "#0"
				},
				"west": {
					"uv": [6.016, 0.016, 9.984, 6.484],
					"texture": "#0"
				},
				"down": {
					"uv": [6.016, 6.516, 9.984, 6.984],
					"texture": "#0",
					"rotation": 90
				}
			}
		},
		{
			"name": "cube",
			"from": [6, 9.5, 6],
			"to": [10, 16, 6.5],
			"shade": false,
			"faces": {
				"north": {
					"uv": [6.016, 0.016, 9.984, 6.484],
					"texture": "#0"
				},
				"south": {
					"uv": [6.016, 0.016, 9.984, 6.484],
					"texture": "#0"
				},
				"down": {
					"uv": [6.016, 6.516, 9.984, 6.984],
					"texture": "#0"
				}
			}
		},
		{
			"name": "cube",
			"from": [9.5, 9.5, 6],
			"to": [10, 16, 10],
			"shade": false,
			"faces": {
				"east": {
					"uv": [6.016, 0.016, 9.984, 6.484],
					"texture": "#0"
				},
				"west": {
					"uv": [6.016, 0.016, 9.984, 6.484],
					"texture": "#0"
				},
				"down": {
					"uv": [6.016, 6.516, 9.984, 6.984],
					"texture": "#0",
					"rotation": 90
				}
			}
		},
		{
			"name": "cube",
			"from": [6.5, 9.5, 6.5],
			"to": [9.5, 10, 9.5],
			"shade": false,
			"faces": {
				"up": {
					"uv": [8.516, 3.516, 9.984, 4.984],
					"texture": "#0"
				}
			}
		},
		{
			"name": "cube",
			"from": [6.5, 7.5, 6.5],
			"to": [9.5, 9.5, 9.5],
			"shade": false,
			"faces": {
				"north": {
					"uv": [6.516, 4.516, 9.484, 6.484],
					"texture": "#0"
				},
				"east": {
					"uv": [6.516, 4.516, 9.484, 6.484],
					"texture": "#0"
				},
				"south": {
					"uv": [6.516, 4.516, 9.484, 6.484],
					"texture": "#0"
				},
				"west": {
					"uv": [6.516, 4.516, 9.484, 6.484],
					"texture": "#0"
				}
			}
		}
	],
	"display": {
		"thirdperson_righthand": {
			"scale": [0.55, 0.55, 0.55],
			"rotation": [0, 0, 0],
			"translation": [0, 3, 1]
		},
		"thirdperson_lefthand": {
			"scale": [0.55, 0.55, 0.55],
			"rotation": [0, 0, 0],
			"translation": [0, 3, 1]
		},
		"firstperson_righthand": {
			"scale": [0.68, 0.68, 0.68],
			"rotation": [0, -90, -2],
			"translation": [2, 2.5, 0]
		},
		"firstperson_lefthand": {
			"scale": [0.68, 0.68, 0.68],
			"rotation": [0, -90, 2],
			"translation": [2, 2.5, 0]
		},
		"head": {"translation": [0, 14.5, 0]},
		"ground": {
			"scale": [0.5, 0.5, 0.5],
			"rotation": [0, 0, 0],
			"translation": [0, 2, 0]
		},
		"fixed": {"translation": [0, 0, 0]}
	},
	"groups": [
		{
			"name": "normal_torch",
			"isOpen": true,
			"shade": false,
			"display": {"visibility": true, "autouv": true},
			"children": [
				0,
				1,
				2,
				3,
				4,
				5,
				6,
				7,
				8,
				9,
				10,
				11,
				12,
				13,
				14,
				15,
				16,
				17,
				18,
				19,
				20,
				21,
				22,
				23,
				24,
				25,
				26,
				27,
				28
			]
		}
	]
}