{"parent":"block/block","textures":{"particle":"#texture"},"elements":[{"from":[5,6,6],"to":[11,8,10],"faces":{"north":{"uv":[5,14,11,16],"texture":"#texture"},"east":{"uv":[6,14,10,16],"texture":"#texture"},"south":{"uv":[5,14,11,16],"texture":"#texture"},"west":{"uv":[6,14,10,16],"texture":"#texture"},"up":{"uv":[5,10,11,6],"texture":"#texture"},"down":{"uv":[5,6,11,10],"texture":"#texture"}}}],"display":{"thirdperson_righthand":{"rotation":[75,-45,0],"translation":[-0.5,1.25,0],"scale":[0.75,0.75,0.75]},"thirdperson_lefthand":{"rotation":[75,-45,0],"translation":[-0.5,1.25,0],"scale":[0.75,0.75,0.75]},"firstperson_righthand":{"rotation":[0,-45,0]},"firstperson_lefthand":{"rotation":[0,-45,0]},"ground":{"translation":[0,-1.5,0]},"gui":{"rotation":[30,-135,0],"translation":[0,1,0],"scale":[1.5,1.5,1.5]},"head":{"translation":[0,9.25,0]},"fixed":{"rotation":[-90,0,0],"translation":[0,0,-2]}}}