{
	"credit": "Made with Blockbench",
	"ambientocclusion": false,
	"textures": {
		"0": "block/redstone_torch_1",
		"particle": "block/redstone_torch_1"
	},
	"elements": [
		{
			"from": [7, 0.5, 12.5],
			"to": [9, 5, 14.5],
			"faces": {
				"north": {"uv": [7, 10, 8.936, 14.468], "texture": "#0"},
				"east": {"uv": [7.032, 10.032, 8.968, 14.468], "texture": "#0"},
				"south": {"uv": [7.032, 10.032, 8.968, 14.468], "texture": "#0"},
				"west": {"uv": [7, 10, 9, 14.5], "texture": "#0"},
				"up": {"uv": [0.032, 0.032, 1.5, 1.5], "texture": "#missing"},
				"down": {"uv": [7.5, 14.5, 8.968, 15.968], "texture": "#0"}
			}
		},
		{
			"from": [6, 1, 11.5],
			"to": [10, 2.5, 15.5],
			"faces": {
				"north": {"uv": [6.032, 12.032, 9.968, 13.5], "texture": "#0"},
				"east": {"uv": [6.032, 12.032, 9.968, 13.5], "texture": "#0"},
				"south": {"uv": [6.032, 12.032, 9.968, 13.5], "texture": "#0"},
				"west": {"uv": [6.032, 12.032, 9.968, 13.5], "texture": "#0"},
				"up": {"uv": [6.032, 0.032, 9.968, 3.968], "texture": "#0"},
				"down": {"uv": [6.032, 0.032, 9.968, 3.968], "texture": "#0"}
			}
		},
		{
			"from": [6.5, 0.5, 12],
			"to": [9.5, 3, 15],
			"faces": {
				"north": {"uv": [6.5, 11.5, 9.5, 11.968], "texture": "#0"},
				"east": {"uv": [6.5, 11.5, 9.5, 11.968], "texture": "#0"},
				"south": {"uv": [6.5, 11.5, 9.5, 11.968], "texture": "#0"},
				"west": {"uv": [6.5, 11.5, 9.5, 11.968], "texture": "#0"},
				"up": {"uv": [3.032, 0.032, 5.968, 2.968], "texture": "#0"},
				"down": {"uv": [3.032, 0.032, 5.968, 2.968], "texture": "#0"}
			}
		},
		{
			"from": [6.5, 9, 12],
			"to": [9.5, 10, 15],
			"faces": {
				"north": {"uv": [6.5, 4.5, 9.5, 5.5], "texture": "#0"},
				"east": {"uv": [6.5, 4.5, 9.5, 5.5], "texture": "#0"},
				"south": {"uv": [6.5, 4.5, 9.5, 5.5], "texture": "#0"},
				"west": {"uv": [6.5, 4.5, 9.5, 5.5], "texture": "#0"},
				"up": {"uv": [0.032, 0.032, 2.968, 2.968], "texture": "#0"},
				"down": {"uv": [0.032, 0.032, 2.968, 2.968], "texture": "#0"}
			}
		},
		{
			"from": [7, 6, 12.5],
			"to": [9, 9, 14.5],
			"faces": {
				"north": {"uv": [7.032, 5.5, 8.968, 8.5], "texture": "#0"},
				"east": {"uv": [7.032, 5.5, 8.968, 8.5], "texture": "#0"},
				"south": {"uv": [7.032, 5.5, 8.968, 8.5], "texture": "#0"},
				"west": {"uv": [7.032, 5.5, 8.968, 8.5], "texture": "#0"},
				"up": {"uv": [0.032, 0.032, 1.5, 1.5], "texture": "#missing"}
			}
		},
		{
			"from": [6, 6, 14.5],
			"to": [7, 9, 15.5],
			"faces": {
				"north": {"uv": [6.032, 5.5, 6.968, 8.5], "texture": "#0"},
				"east": {"uv": [9.032, 5.5, 9.968, 8.5], "texture": "#0"},
				"south": {"uv": [6.032, 5.5, 6.968, 8.5], "texture": "#0"},
				"west": {"uv": [9.032, 5.5, 9.968, 8.5], "texture": "#0"},
				"up": {"uv": [0.032, 2.032, 0.968, 2.968], "texture": "#0"},
				"down": {"uv": [0.032, 2.032, 0.968, 2.968], "texture": "#0"}
			}
		},
		{
			"from": [6, 6, 11.5],
			"to": [7, 9, 12.5],
			"faces": {
				"north": {"uv": [9.032, 5.5, 9.968, 8.5], "texture": "#0"},
				"east": {"uv": [6.032, 5.5, 6.968, 8.5], "texture": "#0"},
				"south": {"uv": [6.032, 5.5, 6.968, 8.5], "texture": "#0"},
				"west": {"uv": [9.032, 5.5, 9.968, 8.5], "texture": "#0"},
				"up": {"uv": [0.032, 0.032, 0.968, 0.968], "texture": "#0"},
				"down": {"uv": [0.032, 0.032, 0.968, 0.968], "texture": "#0"}
			}
		},
		{
			"from": [9, 6, 11.5],
			"to": [10, 9, 12.5],
			"faces": {
				"north": {"uv": [6.032, 5.5, 6.968, 8.5], "texture": "#0"},
				"east": {"uv": [9.032, 5.5, 9.968, 8.5], "texture": "#0"},
				"south": {"uv": [6.032, 5.5, 6.968, 8.5], "texture": "#0"},
				"west": {"uv": [9.032, 5.5, 9.968, 8.5], "texture": "#0"},
				"up": {"uv": [2.032, 0.032, 2.968, 0.968], "texture": "#0"},
				"down": {"uv": [2.032, 0.032, 2.968, 0.968], "texture": "#0"}
			}
		},
		{
			"from": [9, 6, 14.5],
			"to": [10, 9, 15.5],
			"faces": {
				"north": {"uv": [9.032, 5.5, 9.968, 8.5], "texture": "#0"},
				"east": {"uv": [6.032, 5.5, 6.968, 8.5], "texture": "#0"},
				"south": {"uv": [9.032, 5.5, 9.968, 8.5], "texture": "#0"},
				"west": {"uv": [6.032, 5.5, 6.968, 8.5], "texture": "#0"},
				"up": {"uv": [2.032, 2.032, 2.968, 2.968], "texture": "#0"},
				"down": {"uv": [2.032, 2.032, 2.968, 2.968], "texture": "#0"}
			}
		},
		{
			"from": [6.5, 5, 12],
			"to": [9.5, 6, 15],
			"faces": {
				"north": {"uv": [6.5, 8.5, 9.5, 9.5], "texture": "#0"},
				"east": {"uv": [6.5, 8.5, 9.5, 9.5], "texture": "#0"},
				"south": {"uv": [6.5, 8.5, 9.5, 9.5], "texture": "#0"},
				"west": {"uv": [6.5, 8.5, 9.5, 9.5], "texture": "#0"},
				"up": {"uv": [0.032, 0.032, 2.968, 2.968], "texture": "#0"},
				"down": {"uv": [0.032, 0.032, 2.968, 2.968], "texture": "#0"}
			}
		},
		{
			"from": [6.5, 8.5, 12.5],
			"to": [9.5, 9, 13],
			"faces": {
				"east": {"uv": [7.032, 5.5, 7.5, 5.968], "texture": "#0"},
				"south": {"uv": [7.032, 5.5, 7.5, 5.968], "texture": "#0"},
				"west": {"uv": [7.032, 5.5, 7.5, 5.968], "texture": "#0"},
				"down": {"uv": [7.032, 5.5, 7.5, 5.968], "texture": "#0"}
			}
		},
		{
			"from": [6.5, 8.5, 14],
			"to": [9.5, 9, 14.5],
			"faces": {
				"north": {"uv": [7.032, 5.5, 7.5, 5.968], "texture": "#0"},
				"east": {"uv": [7.032, 5.5, 7.5, 5.968], "texture": "#0"},
				"west": {"uv": [7.032, 5.5, 7.5, 5.968], "texture": "#0"},
				"down": {"uv": [7.032, 5.5, 7.5, 5.968], "texture": "#0"}
			}
		},
		{
			"from": [7, 8.5, 12],
			"to": [7.5, 9, 15],
			"faces": {
				"north": {"uv": [7.032, 5.5, 7.5, 5.968], "texture": "#0"},
				"east": {"uv": [7.032, 5.5, 7.5, 5.968], "texture": "#0"},
				"south": {"uv": [7.032, 5.5, 7.5, 5.968], "texture": "#0"},
				"down": {"uv": [7.032, 5.5, 7.5, 5.968], "rotation": 270, "texture": "#0"}
			}
		},
		{
			"from": [8.5, 8.5, 12],
			"to": [9, 9, 15],
			"faces": {
				"north": {"uv": [7.032, 5.5, 7.5, 5.968], "texture": "#0"},
				"south": {"uv": [7.032, 5.5, 7.5, 5.968], "texture": "#0"},
				"west": {"uv": [7.032, 5.5, 7.5, 5.968], "texture": "#0"},
				"down": {"uv": [7.032, 5.5, 7.5, 5.968], "rotation": 270, "texture": "#0"}
			}
		},
		{
			"from": [8.5, 6, 12],
			"to": [9, 6.5, 15],
			"faces": {
				"north": {"uv": [7.032, 8.032, 7.5, 8.5], "texture": "#0"},
				"south": {"uv": [7.032, 8.032, 7.5, 8.5], "texture": "#0"},
				"west": {"uv": [7.032, 8.032, 7.5, 8.5], "texture": "#0"},
				"up": {"uv": [7.032, 8.032, 7.5, 8.5], "texture": "#0"}
			}
		},
		{
			"from": [7, 6, 12],
			"to": [7.5, 6.5, 15],
			"faces": {
				"north": {"uv": [7.032, 8.032, 7.5, 8.5], "texture": "#0"},
				"east": {"uv": [7.032, 8.032, 7.5, 8.5], "texture": "#0"},
				"south": {"uv": [7.032, 8.032, 7.5, 8.5], "texture": "#0"},
				"up": {"uv": [7.032, 8.032, 7.5, 8.5], "texture": "#0"}
			}
		},
		{
			"from": [6.5, 6, 14],
			"to": [9.5, 6.5, 14.5],
			"faces": {
				"north": {"uv": [7.032, 8.032, 7.5, 8.5], "texture": "#0"},
				"east": {"uv": [7.032, 8.032, 7.5, 8.5], "texture": "#0"},
				"west": {"uv": [7.032, 8.032, 7.5, 8.5], "texture": "#0"},
				"up": {"uv": [7.032, 8.032, 7.5, 8.5], "texture": "#0"}
			}
		},
		{
			"from": [6.5, 6, 12.5],
			"to": [9.5, 6.5, 13],
			"faces": {
				"east": {"uv": [7.032, 8.032, 7.5, 8.5], "texture": "#0"},
				"south": {"uv": [7.032, 8.032, 7.5, 8.5], "texture": "#0"},
				"west": {"uv": [7.032, 8.032, 7.5, 8.5], "texture": "#0"},
				"up": {"uv": [7.032, 8.032, 7.5, 8.5], "texture": "#0"}
			}
		}
	],
	"display": {
		"thirdperson_righthand": {
			"translation": [0, 3, 1],
			"scale": [0.55, 0.55, 0.55]
		},
		"thirdperson_lefthand": {
			"translation": [0, 3, 1],
			"scale": [0.55, 0.55, 0.55]
		},
		"firstperson_righthand": {
			"rotation": [0, -90, 25],
			"translation": [1.13, 3.2, 1.13],
			"scale": [0.68, 0.68, 0.68]
		},
		"firstperson_lefthand": {
			"rotation": [0, -90, 25],
			"translation": [1.13, 3.2, 1.13],
			"scale": [0.68, 0.68, 0.68]
		},
		"ground": {
			"translation": [0, 2, 0],
			"scale": [0.5, 0.5, 0.5]
		},
		"head": {
			"rotation": [0, 180, 0],
			"translation": [0, 13, 7]
		},
		"fixed": {
			"rotation": [0, 180, 0]
		}
	},
	"groups": [
		{
			"name": "redstone_torch_off_2",
			"origin": [8, 8, 8],
			"children": [0, 1, 2, 3, 4, 5, 6, 7, 8, 9, 10, 11, 12, 13, 14, 15, 16, 17]
		}
	]
}