{
	"credit": "Made with Blockbench",
	"textures": {
		"0": "item/dye/white_dye",
		"particle": "item/dye/white_dye"
	},
	"elements": [
		{
			"name": "spoon",
			"from": [7.25, 4.5, 1.5],
			"to": [8.75, 5, 8.5],
			"rotation": {"angle": 22.5, "axis": "x", "origin": [8, 8, 8]},
			"faces": {
				"north": {"uv": [8, 9, 9.5, 9.5], "rotation": 180, "texture": "#0"},
				"east": {"uv": [9, 9, 9.5, 16], "rotation": 90, "texture": "#0"},
				"south": {"uv": [8, 15.5, 9.5, 16], "texture": "#0"},
				"west": {"uv": [8, 9, 8.5, 16], "rotation": 270, "texture": "#0"},
				"up": {"uv": [8, 9, 9.5, 16], "texture": "#0"},
				"down": {"uv": [9.5, 9, 8, 16], "rotation": 180, "texture": "#0"}
			}
		},
		{
			"name": "spoon",
			"from": [6.5, 4, 7],
			"to": [9.5, 5, 10],
			"faces": {
				"north": {"uv": [9.5, 13.5, 12.5, 14.5], "texture": "#0"},
				"east": {"uv": [9.5, 13.5, 12.5, 14.5], "texture": "#0"},
				"south": {"uv": [9.5, 13.5, 12.5, 14.5], "texture": "#0"},
				"west": {"uv": [9.5, 13.5, 12.5, 14.5], "texture": "#0"},
				"up": {"uv": [9.5, 10.5, 12.5, 13.5], "texture": "#0"},
				"down": {"uv": [9.5, 10.5, 12.5, 13.5], "texture": "#0"}
			}
		},
		{
			"name": "dye",
			"from": [7, 4.5, 7.5],
			"to": [9, 5.5, 9.5],
			"faces": {
				"north": {"uv": [3, 12, 5, 13], "texture": "#0"},
				"east": {"uv": [3, 12, 5, 13], "texture": "#0"},
				"south": {"uv": [3, 12, 5, 13], "texture": "#0"},
				"west": {"uv": [3, 12, 5, 13], "texture": "#0"},
				"up": {"uv": [3, 12, 5, 14], "texture": "#0"},
				"down": {"uv": [3, 12, 5, 14], "texture": "#0"}
			}
		},
		{
			"name": "dye",
			"from": [7.25, 4.75, 7.75],
			"to": [8.75, 5.75, 9.25],
			"faces": {
				"north": {"uv": [3, 12, 5, 13], "texture": "#0"},
				"east": {"uv": [3, 12, 5, 13], "texture": "#0"},
				"south": {"uv": [3, 12, 5, 13], "texture": "#0"},
				"west": {"uv": [3, 12, 5, 13], "texture": "#0"},
				"up": {"uv": [3, 12, 4.5, 13.5], "texture": "#0"},
				"down": {"uv": [3, 12, 5, 14], "texture": "#0"}
			}
		}
	],
	"display": {
		"thirdperson_righthand": {
			"rotation": [55, -180, 0],
			"translation": [0, 0, -1],
			"scale": [0.4, 0.4, 0.4]
		},
		"thirdperson_lefthand": {
			"rotation": [55, -180, 0],
			"translation": [0, 0, -1],
			"scale": [0.4, 0.4, 0.4]
		},
		"firstperson_righthand": {
			"rotation": [0, -180, 0],
			"translation": [2, 3, 0],
			"scale": [0.5, 0.5, 0.5]
		},
		"firstperson_lefthand": {
			"rotation": [0, -180, 0],
			"translation": [2, 3, 0],
			"scale": [0.5, 0.5, 0.5]
		},
		"ground": {
			"translation": [0, 1, 0],
			"scale": [0.5, 0.5, 0.5]
		},
		"gui": {
			"rotation": [30, -20, 0],
			"translation": [-1, 1.5, 0],
			"scale": [2, 2, 2]
		},
		"head": {
			"rotation": [22.5, 180, 0],
			"translation": [0, 10, 0]
		},
		"fixed": {
			"rotation": [-90, 180, 0],
			"translation": [0, 5, -7],
			"scale": [2, 2, -2]
		}
	}
}