{   "parent": "block/block",
    "textures": {
        "particle": "block/stonecutter_bottom",
        "bottom": "block/stonecutter_bottom",
        "top": "block/stonecutter_top",
        "side": "block/stonecutter_side",
        "saw": "block/stonecutter_saw"
    },
    "elements": [
        {   "from": [ 0, 0, 0 ],
            "to": [ 16, 9, 16 ],
            "faces": {
                "down":  { "uv": [ 0, 0, 16, 16 ], "texture": "#bottom", "cullface": "down" },
                "up":    { "uv": [ 0, 0, 16, 16 ], "texture": "#top" },
                "north": { "uv": [ 0, 7, 16, 16 ], "texture": "#side", "cullface": "north" },
                "south": { "uv": [ 0, 7, 16, 16 ], "texture": "#side", "cullface": "south" },
                "west":  { "uv": [ 0, 7, 16, 16 ], "texture": "#side", "cullface": "west" },
                "east":  { "uv": [ 0, 7, 16, 16 ], "texture": "#side", "cullface": "east" }
            }
        },
        {   "from": [ 2, 9, 8 ],
            "to": [ 14, 15, 8 ],
            "faces": {
                "north": { "uv": [ 1, 9, 15, 16 ], "texture": "#saw", "tintindex": 0 },
                "south": { "uv": [ 1, 9, 15, 16 ], "texture": "#saw", "tintindex": 0 }
            }
        }
    ]
}
