{
	"credit": "By CR00T_R0M",
	"textures": {
		"3": "block/bookshelf/books/books_1",
		"particle": "block/bookshelf/books/books",
		"books": "block/bookshelf/books/books",
		"paper": "block/bookshelf/books/paper"
	},
	"elements": [
		{
			"name": "RED BOOK VERTICAL TOP",
			"from": [0.5, 2.075, 11.5],
			"to": [3.5, 7.575, 13.5],
			"shade": false,
			"rotation": {"angle": 0, "axis": "y", "origin": [8, 1.575, 8]},
			"faces": {
				"north": {"uv": [2.5, 2, 3, 7.5], "texture": "#books"},
				"east": {"uv": [0, 0, 2, 5], "texture": "#paper"},
				"south": {"uv": [4, 2, 4.5, 7.5], "texture": "#books"},
				"west": {"uv": [2.5, 2, 4.5, 7.5], "texture": "#books"},
				"up": {"uv": [2, 0, 6, 1.5], "texture": "#paper"},
				"down": {"uv": [2.5, 0, 6.5, 1.5], "texture": "#paper"}
			}
		},
		{
			"name": "Green Book Vertical",
			"from": [0.5, 8.5, 4],
			"to": [3.5, 13.5, 5.5],
			"shade": false,
			"rotation": {"angle": 0, "axis": "y", "origin": [8, 1.575, 8]},
			"faces": {
				"north": {"uv": [0.5, 9, 1, 14], "texture": "#3"},
				"east": {"uv": [0, 0, 2, 5], "texture": "#paper"},
				"south": {"uv": [1.5, 9, 2, 14], "texture": "#3"},
				"west": {"uv": [0.5, 9, 2, 14], "texture": "#3"},
				"up": {"uv": [2, 0, 6, 1.5], "texture": "#paper"},
				"down": {"uv": [2.5, 0, 6.5, 1.5], "texture": "#paper"}
			}
		},
		{
			"name": "Horizontal LIGHT GREEN BOOK TOP",
			"from": [0.5, 11.45, 6],
			"to": [3.5, 12.95, 11.5],
			"shade": false,
			"rotation": {"angle": 0, "axis": "y", "origin": [8, 1.575, 8]},
			"faces": {
				"north": {"uv": [2, 0, 6, 1.5], "texture": "#paper"},
				"east": {"uv": [2, 0, 7, 1.5], "texture": "#paper"},
				"south": {"uv": [2, 0, 6, 1.5], "texture": "#paper"},
				"west": {"uv": [8, 6, 13.5, 7.5], "texture": "#books"},
				"up": {"uv": [13.5, 6, 8, 6.5], "rotation": 270, "texture": "#books"},
				"down": {"uv": [13.5, 7, 8, 7.5], "rotation": 90, "texture": "#books"}
			}
		},
		{
			"name": "Horizontal dark GREEN BOOK TOP",
			"from": [0.5, 2, 4],
			"to": [3.5, 3.5, 9.5],
			"shade": false,
			"rotation": {"angle": 0, "axis": "y", "origin": [8, 1.575, 8]},
			"faces": {
				"north": {"uv": [2, 0, 6, 1.5], "texture": "#paper"},
				"east": {"uv": [2, 0, 7, 1.5], "texture": "#paper"},
				"south": {"uv": [2, 0, 6, 1.5], "texture": "#paper"},
				"west": {"uv": [8, 4.5, 13.5, 6], "texture": "#books"},
				"up": {"uv": [13.5, 4.5, 8, 5], "rotation": 270, "texture": "#books"},
				"down": {"uv": [13.5, 5.5, 8, 6], "rotation": 90, "texture": "#books"}
			}
		},
		{
			"name": "Horizontal Tan BOOK TOP",
			"from": [0.5, 9.95, 6.5],
			"to": [3.5, 11.45, 12.5],
			"shade": false,
			"rotation": {"angle": 0, "axis": "y", "origin": [8, 1.575, 8]},
			"faces": {
				"north": {"uv": [2, 0, 6, 1.5], "texture": "#paper"},
				"east": {"uv": [2, 0, 7, 1.5], "texture": "#paper"},
				"south": {"uv": [2, 0, 6, 1.5], "texture": "#paper"},
				"west": {"uv": [7.5, 3, 13.5, 4.5], "texture": "#books"},
				"up": {"uv": [11, 3, 13.5, 4.5], "texture": "#books"},
				"down": {"uv": [11, 3, 13.5, 4.5], "texture": "#books"}
			}
		},
		{
			"name": "Horizontal green BOOK TOP",
			"from": [0.5, 8.5, 5.5],
			"to": [3.5, 10, 11.5],
			"shade": false,
			"rotation": {"angle": 0, "axis": "y", "origin": [8, 1.575, 8]},
			"faces": {
				"north": {"uv": [2, 0, 6, 1.5], "texture": "#paper"},
				"east": {"uv": [2, 0, 7, 1.5], "texture": "#paper"},
				"south": {"uv": [2, 0, 6, 1.5], "texture": "#paper"},
				"west": {"uv": [4, 11, 10, 12.5], "texture": "#3"},
				"up": {"uv": [10, 11, 4, 11.5], "rotation": 270, "texture": "#3"},
				"down": {"uv": [10, 12, 4, 12.5], "rotation": 90, "texture": "#3"}
			}
		},
		{
			"name": "Bottom Yellow",
			"from": [0.5, 2, 9.5],
			"to": [3.5, 6.5, 11],
			"shade": false,
			"rotation": {"angle": 0, "axis": "y", "origin": [8, 1.575, 8]},
			"faces": {
				"north": {"uv": [2.5, 9.5, 3, 14], "texture": "#books"},
				"east": {"uv": [0, 0, 1.5, 4.5], "texture": "#paper"},
				"south": {"uv": [3.5, 9.5, 4, 14], "texture": "#books"},
				"west": {"uv": [2.5, 9.5, 4, 14], "texture": "#books"},
				"up": {"uv": [2, 0, 5, 1.5], "texture": "#paper"},
				"down": {"uv": [2, 0, 5, 1.5], "texture": "#paper"}
			}
		},
		{
			"name": "Bottom Yellow",
			"from": [0.5, 5, 5],
			"to": [3.5, 6.5, 9.5],
			"shade": false,
			"rotation": {"angle": 0, "axis": "y", "origin": [8, 1.575, 8]},
			"faces": {
				"north": {"uv": [2, 0, 5, 1.5], "rotation": 180, "texture": "#paper"},
				"east": {"uv": [0, 0, 1.5, 4.5], "rotation": 270, "texture": "#paper"},
				"south": {"uv": [2, 0, 5, 1.5], "texture": "#paper"},
				"west": {"uv": [2.5, 9.5, 4, 14], "rotation": 90, "texture": "#books"},
				"up": {"uv": [2.5, 9.5, 3, 14], "rotation": 180, "texture": "#books"},
				"down": {"uv": [3.5, 9.5, 4, 14], "texture": "#books"}
			}
		},
		{
			"name": "Red_Bottom_7",
			"from": [0.5, 3.5, 3],
			"to": [3.5, 5, 8],
			"shade": false,
			"rotation": {"angle": 0, "axis": "y", "origin": [8, 1.575, 8]},
			"faces": {
				"north": {"uv": [2, 0, 6, 1.5], "rotation": 180, "texture": "#paper"},
				"east": {"uv": [0, 0, 1.5, 5], "rotation": 270, "texture": "#paper"},
				"south": {"uv": [2, 0, 6, 1.5], "texture": "#paper"},
				"west": {"uv": [6.5, 9, 8, 14], "rotation": 90, "texture": "#books"},
				"up": {"uv": [6.5, 9, 7, 14], "rotation": 180, "texture": "#books"},
				"down": {"uv": [7.5, 9, 8, 14], "texture": "#books"}
			}
		}
	],
	"display": {
		"thirdperson_righthand": {
			"rotation": [75, 45, 0],
			"translation": [0, 2.5, 0],
			"scale": [0.375, 0.375, 0.375]
		},
		"firstperson_righthand": {
			"rotation": [0, 45, 0],
			"scale": [0.4, 0.4, 0.4]
		},
		"firstperson_lefthand": {
			"rotation": [0, 225, 0],
			"scale": [0.4, 0.4, 0.4]
		},
		"ground": {
			"translation": [0, 3, 0],
			"scale": [0.25, 0.25, 0.25]
		},
		"gui": {
			"rotation": [30, 225, 0],
			"scale": [0.625, 0.625, 0.625]
		},
		"fixed": {
			"scale": [0.5, 0.5, 0.5]
		}
	},
	"groups": [
		{
			"name": "BooksNorth",
			"origin": [-8, 0, -8],
			"children": [0, 1, 2, 3, 4, 5, 6, 7, 8]
		}
	]
}