{
	"credit": "Made By WantedRobot",
	"ambientocclusion": false,
	"textures": {
		"0": "block/spruce_door_bottom",
		"2": "block/spruce_door_sides",
		"particle": "block/spruce_door_bottom"
	},
	"elements": [
		{
			"name": "door_bottom",
			"from": [1, 0, 0],
			"to": [4, 16, 16],
			"rotation": {"angle": 0, "axis": "y", "origin": [9, 8, 8]},
			"faces": {
				"north": {"uv": [3, 0, 6, 16], "texture": "#2", "cullface": "north"},
				"east": {"uv": [16, 0, 0, 16], "texture": "#0"},
				"south": {"uv": [3, 0, 6, 16], "texture": "#2", "cullface": "south"},
				"west": {"uv": [0, 0, 16, 16], "texture": "#0"},
				"up": {"uv": [0, 0, 3, 16], "texture": "#2", "cullface": "up"},
				"down": {"uv": [9, 0, 12, 16], "rotation": 180, "texture": "#2", "cullface": "down"}
			}
		},
		{
			"name": "posterior_bottom_handle",
			"from": [0.75, 15.5, 11],
			"to": [4.25, 16.5, 14.5],
			"rotation": {"angle": 0, "axis": "y", "origin": [8.75, 8, 8]},
			"faces": {
				"north": {"uv": [11, 0, 14.5, 0.5], "rotation": 180, "texture": "#0"},
				"east": {"uv": [4.5, 9, 8, 10], "texture": "#0"},
				"south": {"uv": [11, 0, 14.5, 0.5], "rotation": 180, "texture": "#0"},
				"west": {"uv": [4.5, 9, 8, 10], "texture": "#0"},
				"up": {"uv": [11, 0, 14.5, 0.5], "rotation": 270, "texture": "#0", "cullface": "up"},
				"down": {"uv": [11, 0, 14.5, 0.5], "rotation": 90, "texture": "#0"}
			}
		},
		{
			"name": "point",
			"from": [0.75, 4, 10],
			"to": [4.25, 4.5, 11],
			"rotation": {"angle": 0, "axis": "y", "origin": [8.75, 8, 8]},
			"faces": {
				"north": {"uv": [10, 11.5, 11, 12], "rotation": 180, "texture": "#0"},
				"east": {"uv": [10, 11.5, 11, 12], "texture": "#0"},
				"south": {"uv": [10, 11.5, 11, 12], "rotation": 180, "texture": "#0"},
				"west": {"uv": [10, 11.5, 11, 12], "texture": "#0"},
				"up": {"uv": [10, 11.5, 11, 12], "rotation": 270, "texture": "#0"},
				"down": {"uv": [10, 11.5, 11, 12], "rotation": 90, "texture": "#0"}
			}
		},
		{
			"name": "top",
			"from": [0.75, 4.5, 10.5],
			"to": [4.25, 5, 11.5],
			"rotation": {"angle": 0, "axis": "y", "origin": [8.75, 8, 8]},
			"faces": {
				"north": {"uv": [10.5, 11, 11.5, 11.5], "rotation": 180, "texture": "#0"},
				"east": {"uv": [10.5, 11, 11.5, 11.5], "texture": "#0"},
				"south": {"uv": [10.5, 11, 11.5, 11.5], "rotation": 180, "texture": "#0"},
				"west": {"uv": [10.5, 11, 11.5, 11.5], "texture": "#0"},
				"up": {"uv": [10.5, 11, 11.5, 11.5], "rotation": 270, "texture": "#0"},
				"down": {"uv": [10.5, 11, 11.5, 11.5], "rotation": 90, "texture": "#0"}
			}
		},
		{
			"name": "middle",
			"from": [0.75, 5, 10],
			"to": [4.25, 5.5, 11],
			"rotation": {"angle": 0, "axis": "y", "origin": [8.75, 8, 8]},
			"faces": {
				"north": {"uv": [10, 10.5, 11, 11], "rotation": 180, "texture": "#0"},
				"east": {"uv": [10, 10.5, 11, 11], "texture": "#0"},
				"south": {"uv": [10, 10.5, 11, 11], "rotation": 180, "texture": "#0"},
				"west": {"uv": [10, 10.5, 11, 11], "texture": "#0"},
				"up": {"uv": [10, 10.5, 11, 11], "rotation": 270, "texture": "#0"},
				"down": {"uv": [10, 10.5, 11, 11], "rotation": 90, "texture": "#0"}
			}
		},
		{
			"name": "point",
			"from": [0.75, 8.5, 10],
			"to": [4.25, 9, 11],
			"rotation": {"angle": 0, "axis": "y", "origin": [8.75, 8, 8]},
			"faces": {
				"north": {"uv": [10, 7, 11, 7.5], "rotation": 180, "texture": "#0"},
				"east": {"uv": [10, 7, 11, 7.5], "texture": "#0"},
				"south": {"uv": [10, 7, 11, 7.5], "rotation": 180, "texture": "#0"},
				"west": {"uv": [10, 7, 11, 7.5], "texture": "#0"},
				"up": {"uv": [10, 7, 11, 7.5], "rotation": 270, "texture": "#0"},
				"down": {"uv": [10, 7, 11, 7.5], "rotation": 90, "texture": "#0"}
			}
		},
		{
			"name": "top",
			"from": [0.75, 8, 10.5],
			"to": [4.25, 8.5, 11.5],
			"rotation": {"angle": 0, "axis": "y", "origin": [8.75, 8, 8]},
			"faces": {
				"north": {"uv": [10.5, 7.5, 11.5, 8], "rotation": 180, "texture": "#0"},
				"east": {"uv": [10.5, 7.5, 11.5, 8], "texture": "#0"},
				"south": {"uv": [10.5, 7.5, 11.5, 8], "rotation": 180, "texture": "#0"},
				"west": {"uv": [10.5, 7.5, 11.5, 8], "texture": "#0"},
				"up": {"uv": [10.5, 7.5, 11.5, 8], "rotation": 270, "texture": "#0"},
				"down": {"uv": [10.5, 7.5, 11.5, 8], "rotation": 90, "texture": "#0"}
			}
		},
		{
			"name": "middle",
			"from": [0.75, 7.5, 10],
			"to": [4.25, 8, 11],
			"rotation": {"angle": 0, "axis": "y", "origin": [8.75, 8, 8]},
			"faces": {
				"north": {"uv": [10, 8, 11, 8.5], "rotation": 180, "texture": "#0"},
				"east": {"uv": [10, 8, 11, 8.5], "texture": "#0"},
				"south": {"uv": [10, 8, 11, 8.5], "rotation": 180, "texture": "#0"},
				"west": {"uv": [10, 8, 11, 8.5], "texture": "#0"},
				"up": {"uv": [10, 8, 11, 8.5], "rotation": 270, "texture": "#0"},
				"down": {"uv": [10, 8, 11, 8.5], "rotation": 90, "texture": "#0"}
			}
		},
		{
			"name": "lower",
			"from": [0.75, 5.5, 9.5],
			"to": [4.25, 7.5, 10.5],
			"rotation": {"angle": 0, "axis": "y", "origin": [8.75, 8, 8]},
			"faces": {
				"north": {"uv": [9.5, 8.5, 10.5, 10.5], "rotation": 180, "texture": "#0"},
				"east": {"uv": [9.5, 8.5, 10.5, 10.5], "texture": "#0"},
				"south": {"uv": [9.5, 8.5, 10.5, 10.5], "rotation": 180, "texture": "#0"},
				"west": {"uv": [9.5, 8.5, 10.5, 10.5], "texture": "#0"},
				"up": {"uv": [9.5, 8.5, 10.5, 10.5], "rotation": 270, "texture": "#0"},
				"down": {"uv": [9.5, 8.5, 10.5, 10.5], "rotation": 90, "texture": "#0"}
			}
		},
		{
			"name": "top",
			"from": [0.75, 3.5, 6.5],
			"to": [4.25, 4, 7.5],
			"rotation": {"angle": 0, "axis": "y", "origin": [8.75, 8, 8]},
			"faces": {
				"north": {"uv": [6.5, 12, 7.5, 12.5], "rotation": 180, "texture": "#0"},
				"east": {"uv": [6.5, 12, 7.5, 12.5], "texture": "#0"},
				"south": {"uv": [6.5, 12, 7.5, 12.5], "rotation": 180, "texture": "#0"},
				"west": {"uv": [6.5, 12, 7.5, 12.5], "texture": "#0"},
				"down": {"uv": [6.5, 12, 7.5, 12.5], "rotation": 90, "texture": "#0"}
			}
		},
		{
			"name": "point",
			"from": [0.75, 4, 6],
			"to": [4.25, 4.5, 7],
			"rotation": {"angle": 0, "axis": "y", "origin": [8.75, 8, 8]},
			"faces": {
				"north": {"uv": [6, 11.5, 7, 12], "rotation": 180, "texture": "#0"},
				"east": {"uv": [6, 11.5, 7, 12], "texture": "#0"},
				"west": {"uv": [6, 11.5, 7, 12], "texture": "#0"},
				"up": {"uv": [6, 11.5, 7, 12], "rotation": 270, "texture": "#0"},
				"down": {"uv": [6, 11.5, 7, 12], "rotation": 90, "texture": "#0"}
			}
		},
		{
			"name": "bottom",
			"from": [0.75, 5, 6.5],
			"to": [4.25, 8, 7],
			"rotation": {"angle": 0, "axis": "y", "origin": [8.75, 8, 8]},
			"faces": {
				"north": {"uv": [6.5, 8, 7, 11], "rotation": 180, "texture": "#0"},
				"east": {"uv": [6.5, 8, 7, 11], "texture": "#0"},
				"west": {"uv": [6.5, 8, 7, 11], "texture": "#0"},
				"up": {"uv": [6.5, 8, 7, 11], "rotation": 270, "texture": "#0"},
				"down": {"uv": [6.5, 8, 7, 11], "rotation": 90, "texture": "#0"}
			}
		},
		{
			"name": "middle",
			"from": [0.75, 4, 7],
			"to": [4.25, 5.5, 8],
			"rotation": {"angle": 0, "axis": "y", "origin": [8.75, 8, 8]},
			"faces": {
				"north": {"uv": [7, 10.5, 8, 12], "rotation": 180, "texture": "#0"},
				"east": {"uv": [7, 10.5, 8, 12], "texture": "#0"},
				"south": {"uv": [7, 10.5, 8, 12], "rotation": 180, "texture": "#0"},
				"west": {"uv": [7, 10.5, 8, 12], "texture": "#0"},
				"up": {"uv": [7, 10.5, 8, 12], "rotation": 270, "texture": "#0"},
				"down": {"uv": [7, 10.5, 8, 12], "rotation": 90, "texture": "#0"}
			}
		},
		{
			"name": "top",
			"from": [0.75, 9, 6.5],
			"to": [4.25, 9.5, 7.5],
			"rotation": {"angle": 0, "axis": "y", "origin": [8.75, 8, 8]},
			"faces": {
				"north": {"uv": [6.5, 6.5, 7.5, 7], "rotation": 180, "texture": "#0"},
				"east": {"uv": [6.5, 6.5, 7.5, 7], "texture": "#0"},
				"south": {"uv": [6.5, 6.5, 7.5, 7], "rotation": 180, "texture": "#0"},
				"west": {"uv": [6.5, 6.5, 7.5, 7], "texture": "#0"},
				"up": {"uv": [6.5, 6.5, 7.5, 7], "rotation": 270, "texture": "#0"}
			}
		},
		{
			"name": "point",
			"from": [0.75, 8.5, 6],
			"to": [4.25, 9, 7],
			"rotation": {"angle": 0, "axis": "y", "origin": [8.75, 8, 8]},
			"faces": {
				"north": {"uv": [6, 7, 7, 7.5], "rotation": 180, "texture": "#0"},
				"east": {"uv": [6, 7, 7, 7.5], "texture": "#0"},
				"west": {"uv": [6, 7, 7, 7.5], "texture": "#0"},
				"up": {"uv": [6, 7, 7, 7.5], "rotation": 270, "texture": "#0"},
				"down": {"uv": [6, 7, 7, 7.5], "rotation": 90, "texture": "#0"}
			}
		},
		{
			"name": "middle",
			"from": [0.75, 7.5, 7],
			"to": [4.25, 9, 8],
			"rotation": {"angle": 0, "axis": "y", "origin": [8.75, 8, 8]},
			"faces": {
				"north": {"uv": [7, 7, 8, 8.5], "rotation": 180, "texture": "#0"},
				"east": {"uv": [7, 7, 8, 8.5], "texture": "#0"},
				"south": {"uv": [7, 7, 8, 8.5], "rotation": 180, "texture": "#0"},
				"west": {"uv": [7, 7, 8, 8.5], "texture": "#0"},
				"up": {"uv": [7, 7, 8, 8.5], "rotation": 270, "texture": "#0"},
				"down": {"uv": [7, 7, 8, 8.5], "rotation": 90, "texture": "#0"}
			}
		},
		{
			"name": "point",
			"from": [0.75, 3.5, 2],
			"to": [4.25, 4, 3],
			"rotation": {"angle": 0, "axis": "y", "origin": [8.75, 8, 8]},
			"faces": {
				"north": {"uv": [2, 12, 3, 12.5], "rotation": 180, "texture": "#0"},
				"east": {"uv": [2, 12, 3, 12.5], "texture": "#0"},
				"west": {"uv": [2, 12, 3, 12.5], "texture": "#0"},
				"up": {"uv": [2, 12, 3, 12.5], "rotation": 270, "texture": "#0"},
				"down": {"uv": [2, 12, 3, 12.5], "rotation": 90, "texture": "#0"}
			}
		},
		{
			"name": "middle_small",
			"from": [0.75, 3.5, 3],
			"to": [4.25, 5, 4],
			"rotation": {"angle": 0, "axis": "y", "origin": [8.75, 8, 8]},
			"faces": {
				"north": {"uv": [3, 11, 4, 12.5], "rotation": 180, "texture": "#0"},
				"east": {"uv": [3, 11, 4, 12.5], "texture": "#0"},
				"south": {"uv": [3, 11, 4, 12.5], "rotation": 180, "texture": "#0"},
				"west": {"uv": [3, 11, 4, 12.5], "texture": "#0"},
				"up": {"uv": [3, 11, 4, 12.5], "rotation": 270, "texture": "#0"},
				"down": {"uv": [3, 11, 4, 12.5], "rotation": 90, "texture": "#0"}
			}
		},
		{
			"name": "top",
			"from": [0.75, 3, 2.5],
			"to": [4.25, 3.5, 3.5],
			"rotation": {"angle": 0, "axis": "y", "origin": [8.75, 8, 8]},
			"faces": {
				"north": {"uv": [2.5, 12.5, 3.5, 13], "rotation": 180, "texture": "#0"},
				"east": {"uv": [2.5, 12.5, 3.5, 13], "texture": "#0"},
				"south": {"uv": [2.5, 12.5, 3.5, 13], "rotation": 180, "texture": "#0"},
				"west": {"uv": [2.5, 12.5, 3.5, 13], "texture": "#0"},
				"down": {"uv": [2.5, 12.5, 3.5, 13], "rotation": 90, "texture": "#0"}
			}
		},
		{
			"name": "middle",
			"from": [0.75, 4.5, 2.5],
			"to": [4.25, 8.5, 3],
			"rotation": {"angle": 0, "axis": "y", "origin": [8.75, 8, 8]},
			"faces": {
				"north": {"uv": [2.5, 7.5, 3, 11.5], "rotation": 180, "texture": "#0"},
				"east": {"uv": [2.5, 7.5, 3, 11.5], "texture": "#0"},
				"west": {"uv": [2.5, 7.5, 3, 11.5], "texture": "#0"},
				"up": {"uv": [2.5, 7.5, 3, 11.5], "rotation": 270, "texture": "#0"},
				"down": {"uv": [2.5, 7.5, 3, 11.5], "rotation": 90, "texture": "#0"}
			}
		},
		{
			"name": "point",
			"from": [0.75, 9, 2],
			"to": [4.25, 9.5, 3],
			"rotation": {"angle": 0, "axis": "y", "origin": [8.75, 8, 8]},
			"faces": {
				"north": {"uv": [2, 6.5, 3, 7], "rotation": 180, "texture": "#0"},
				"east": {"uv": [2, 6.5, 3, 7], "texture": "#0"},
				"west": {"uv": [2, 6.5, 3, 7], "texture": "#0"},
				"up": {"uv": [2, 6.5, 3, 7], "rotation": 270, "texture": "#0"},
				"down": {"uv": [2, 6.5, 3, 7], "rotation": 90, "texture": "#0"}
			}
		},
		{
			"name": "middle_small",
			"from": [0.75, 8, 3],
			"to": [4.25, 9.5, 4],
			"rotation": {"angle": 0, "axis": "y", "origin": [8.75, 8, 8]},
			"faces": {
				"north": {"uv": [3, 6.5, 4, 8], "rotation": 180, "texture": "#0"},
				"east": {"uv": [3, 6.5, 4, 8], "texture": "#0"},
				"south": {"uv": [3, 6.5, 4, 8], "rotation": 180, "texture": "#0"},
				"west": {"uv": [3, 6.5, 4, 8], "texture": "#0"},
				"up": {"uv": [3, 6.5, 4, 8], "rotation": 270, "texture": "#0"},
				"down": {"uv": [3, 6.5, 4, 8], "rotation": 90, "texture": "#0"}
			}
		},
		{
			"name": "top",
			"from": [0.75, 9.5, 2.5],
			"to": [4.25, 10, 3.5],
			"rotation": {"angle": 0, "axis": "y", "origin": [8.75, 8, 8]},
			"faces": {
				"north": {"uv": [2.5, 6, 3.5, 6.5], "rotation": 180, "texture": "#0"},
				"east": {"uv": [2.5, 6, 3.5, 6.5], "texture": "#0"},
				"south": {"uv": [2.5, 6, 3.5, 6.5], "rotation": 180, "texture": "#0"},
				"west": {"uv": [2.5, 6, 3.5, 6.5], "texture": "#0"},
				"up": {"uv": [2.5, 6, 3.5, 6.5], "rotation": 270, "texture": "#0"}
			}
		},
		{
			"name": "bottom",
			"from": [0.75, 5, 2],
			"to": [4.25, 8, 3.5],
			"rotation": {"angle": 0, "axis": "y", "origin": [8.75, 8, 8]},
			"faces": {
				"north": {"uv": [2, 8, 3.5, 11], "rotation": 180, "texture": "#0"},
				"east": {"uv": [2, 8, 3.5, 11], "texture": "#0"},
				"south": {"uv": [2, 8, 3.5, 11], "rotation": 180, "texture": "#0"},
				"west": {"uv": [2, 8, 3.5, 11], "texture": "#0"},
				"up": {"uv": [2, 8, 3.5, 11], "rotation": 270, "texture": "#0"},
				"down": {"uv": [2, 8, 3.5, 11], "rotation": 90, "texture": "#0"}
			}
		},
		{
			"name": "end_pointy_hinge",
			"from": [0.75, 5.5, 13],
			"to": [4.25, 7.5, 14],
			"rotation": {"angle": 0, "axis": "y", "origin": [8.75, 8, 8]},
			"faces": {
				"north": {"uv": [13, 8.5, 14, 10.5], "rotation": 180, "texture": "#0"},
				"east": {"uv": [13, 8.5, 14, 10.5], "texture": "#0"},
				"south": {"uv": [13, 8.5, 14, 10.5], "rotation": 180, "texture": "#0"},
				"west": {"uv": [13, 8.5, 14, 10.5], "texture": "#0"},
				"up": {"uv": [13, 8.5, 14, 10.5], "rotation": 270, "texture": "#0"},
				"down": {"uv": [13, 8.5, 14, 10.5], "rotation": 90, "texture": "#0"}
			}
		},
		{
			"name": "thin_main_hinge",
			"from": [0.5, 6, 7.5],
			"to": [4.5, 7, 15],
			"rotation": {"angle": 0, "axis": "y", "origin": [8.75, 8, 8]},
			"faces": {
				"east": {"uv": [7.5, 9, 15, 10], "texture": "#0"},
				"south": {"uv": [14.5, 9, 15, 10], "texture": "#0"},
				"west": {"uv": [7.5, 9, 15, 10], "texture": "#0"},
				"up": {"uv": [7.5, 9, 15, 9.5], "rotation": 270, "texture": "#0"},
				"down": {"uv": [7.5, 9, 15, 10], "rotation": 90, "texture": "#0"}
			}
		},
		{
			"name": "thick_main_hinge",
			"from": [0.5, 5.5, -0.25],
			"to": [4.5, 7.5, 7.5],
			"rotation": {"angle": 0, "axis": "y", "origin": [8.75, 8, 8]},
			"faces": {
				"north": {"uv": [0, 8.5, 4, 10.5], "texture": "#0", "cullface": "north"},
				"east": {"uv": [0, 8.5, 7.5, 10.5], "texture": "#0"},
				"south": {"uv": [7, 8.5, 7.5, 10.5], "texture": "#0"},
				"west": {"uv": [0, 8.5, 7.5, 10.5], "texture": "#0"},
				"up": {"uv": [0, 8.5, 7.5, 9], "rotation": 90, "texture": "#0"},
				"down": {"uv": [0, 8.5, 7.5, 10.5], "rotation": 90, "texture": "#0"}
			}
		}
	],
	"display": {
		"thirdperson_righthand": {
			"translation": [3, -8.75, 4],
			"scale": [0.7, 0.7, 0.7]
		},
		"thirdperson_lefthand": {
			"translation": [-6, -8.75, 4],
			"scale": [0.7, 0.7, 0.7]
		},
		"firstperson_righthand": {
			"rotation": [0, 45, 0],
			"scale": [0.4, 0.4, 0.4]
		},
		"firstperson_lefthand": {
			"rotation": [0, 225, 0],
			"scale": [0.4, 0.4, 0.4]
		},
		"ground": {
			"translation": [0, 3, 0],
			"scale": [0.25, 0.25, 0.25]
		},
		"gui": {
			"rotation": [30, 225, 0],
			"translation": [-1, -3.75, 0],
			"scale": [0.45, 0.45, 0.45]
		},
		"head": {
			"rotation": [90, 90, 0],
			"translation": [0, 13, -8]
		},
		"fixed": {
			"rotation": [0, -90, 0],
			"translation": [0, -3.75, 2],
			"scale": [0.5, 0.5, 0.5]
		}
	}
}