{
	"credit": "Made By WantedRobot",
	"ambientocclusion": false,
	"textures": {
		"1": "block/spruce_door_top",
		"2": "block/spruce_door_sides",
		"particle": "block/spruce_door_top"
	},
	"elements": [
		{
			"name": "door_top",
			"from": [1, 0, 0],
			"to": [4, 16, 16],
			"rotation": {"angle": 0, "axis": "y", "origin": [2.5, 9.10185, 8.75926]},
			"faces": {
				"north": {"uv": [6, 0, 9, 16], "texture": "#2"},
				"east": {"uv": [0, 0, 16, 16], "texture": "#1"},
				"south": {"uv": [6, 0, 9, 16], "texture": "#2"},
				"west": {"uv": [16, 0, 0, 16], "texture": "#1"},
				"up": {"uv": [0, 0, 3, 16], "rotation": 180, "texture": "#2"},
				"down": {"uv": [9, 0, 12, 16], "texture": "#2"}
			}
		},
		{
			"name": "thick_main_hinge",
			"from": [0.5, 8.5, 8.5],
			"to": [4.5, 10.5, 16.25],
			"rotation": {"angle": 0, "axis": "y", "origin": [2.5, 9.10185, 8.75926]},
			"faces": {
				"north": {"uv": [7, 5.5, 7.5, 7.5], "texture": "#1"},
				"east": {"uv": [0, 5.5, 7.5, 7.5], "texture": "#1"},
				"south": {"uv": [0, 5.5, 4, 7.5], "texture": "#1"},
				"west": {"uv": [0, 5.5, 7.5, 7.5], "texture": "#1"},
				"up": {"uv": [0, 5.5, 7.5, 6], "rotation": 270, "texture": "#1"},
				"down": {"uv": [0, 7, 7.5, 7.5], "rotation": 270, "texture": "#1"}
			}
		},
		{
			"name": "thin_main_hinge",
			"from": [0.5, 9, 1],
			"to": [4.5, 10, 8.5],
			"rotation": {"angle": 0, "axis": "y", "origin": [2.5, 9.10185, 8.75926]},
			"faces": {
				"north": {"uv": [14.5, 6, 15, 7], "texture": "#1"},
				"east": {"uv": [7.5, 6, 15, 7], "texture": "#1"},
				"south": {"uv": [7.5, 6, 15, 7], "rotation": 180, "texture": "#1"},
				"west": {"uv": [7.5, 6, 15, 7], "texture": "#1"},
				"up": {"uv": [7.5, 6, 15, 6.5], "rotation": 270, "texture": "#1"},
				"down": {"uv": [7.5, 6.5, 15, 7], "rotation": 270, "texture": "#1"}
			}
		},
		{
			"name": "end_pointy_hinge",
			"from": [0.75, 8.5, 2],
			"to": [4.25, 10.5, 3],
			"rotation": {"angle": 0, "axis": "y", "origin": [2.5, 9.10185, 8.75926]},
			"faces": {
				"north": {"uv": [13, 5.5, 14, 7.5], "texture": "#1"},
				"east": {"uv": [13, 5.5, 14, 7.5], "texture": "#1"},
				"south": {"uv": [13, 5.5, 14, 7.5], "rotation": 180, "texture": "#1"},
				"west": {"uv": [13, 5.5, 14, 7.5], "texture": "#1"},
				"up": {"uv": [13, 5.5, 14, 7.5], "rotation": 270, "texture": "#1"},
				"down": {"uv": [13, 5.5, 14, 7.5], "rotation": 270, "texture": "#1"}
			}
		},
		{
			"name": "top",
			"from": [0.75, 12.5, 12.5],
			"to": [4.25, 13, 13.5],
			"rotation": {"angle": 0, "axis": "y", "origin": [2.5, 9.10185, 8.75926]},
			"faces": {
				"north": {"uv": [2.5, 3, 3.5, 3.5], "texture": "#1"},
				"east": {"uv": [2.5, 3, 3.5, 3.5], "texture": "#1"},
				"south": {"uv": [2.5, 3, 3.5, 3.5], "rotation": 180, "texture": "#1"},
				"west": {"uv": [2.5, 3, 3.5, 3.5], "texture": "#1"},
				"up": {"uv": [2.5, 3, 3.5, 3.5], "rotation": 270, "texture": "#1"},
				"down": {"uv": [2.5, 3, 3.5, 3.5], "rotation": 270, "texture": "#1"}
			}
		},
		{
			"name": "middle_small",
			"from": [0.75, 11, 12],
			"to": [4.25, 12.5, 13],
			"rotation": {"angle": 0, "axis": "y", "origin": [2.5, 9.10185, 8.75926]},
			"faces": {
				"north": {"uv": [3, 3.5, 4, 5], "texture": "#1"},
				"east": {"uv": [3, 3.5, 4, 5], "texture": "#1"},
				"south": {"uv": [3, 3.5, 4, 5], "rotation": 180, "texture": "#1"},
				"west": {"uv": [3, 3.5, 4, 5], "texture": "#1"},
				"up": {"uv": [3, 3.5, 4, 5], "rotation": 270, "texture": "#1"},
				"down": {"uv": [3, 3.5, 4, 5], "rotation": 270, "texture": "#1"}
			}
		},
		{
			"name": "point",
			"from": [0.75, 12, 13],
			"to": [4.25, 12.5, 14],
			"rotation": {"angle": 0, "axis": "y", "origin": [2.5, 9.10185, 8.75926]},
			"faces": {
				"north": {"uv": [2, 3.5, 3, 4], "texture": "#1"},
				"east": {"uv": [2, 3.5, 3, 4], "texture": "#1"},
				"south": {"uv": [2, 3.5, 3, 4], "rotation": 180, "texture": "#1"},
				"west": {"uv": [2, 3.5, 3, 4], "texture": "#1"},
				"up": {"uv": [2, 3.5, 3, 4], "rotation": 270, "texture": "#1"},
				"down": {"uv": [2, 3.5, 3, 4], "rotation": 270, "texture": "#1"}
			}
		},
		{
			"name": "bottom",
			"from": [0.75, 8, 12.5],
			"to": [4.25, 11, 14],
			"rotation": {"angle": 0, "axis": "y", "origin": [2.5, 9.10185, 8.75926]},
			"faces": {
				"north": {"uv": [2, 5, 3.5, 8], "texture": "#1"},
				"east": {"uv": [2, 5, 3.5, 8], "texture": "#1"},
				"south": {"uv": [2, 5, 3.5, 8], "rotation": 180, "texture": "#1"},
				"west": {"uv": [2, 5, 3.5, 8], "texture": "#1"},
				"up": {"uv": [2, 5, 3.5, 8], "rotation": 270, "texture": "#1"},
				"down": {"uv": [2, 5, 3.5, 8], "rotation": 270, "texture": "#1"}
			}
		},
		{
			"name": "middle",
			"from": [0.75, 7.5, 13],
			"to": [4.25, 11.5, 13.5],
			"rotation": {"angle": 0, "axis": "y", "origin": [2.5, 9.10185, 8.75926]},
			"faces": {
				"north": {"uv": [2.5, 4.5, 3, 8.5], "texture": "#1"},
				"east": {"uv": [2.5, 4.5, 3, 8.5], "texture": "#1"},
				"south": {"uv": [2.5, 4.5, 3, 8.5], "rotation": 180, "texture": "#1"},
				"west": {"uv": [2.5, 4.5, 3, 8.5], "texture": "#1"},
				"up": {"uv": [2.5, 4.5, 3, 8.5], "rotation": 270, "texture": "#1"},
				"down": {"uv": [2.5, 4.5, 3, 8.5], "rotation": 270, "texture": "#1"}
			}
		},
		{
			"name": "top",
			"from": [0.75, 6, 12.5],
			"to": [4.25, 6.5, 13.5],
			"rotation": {"angle": 0, "axis": "y", "origin": [2.5, 9.10185, 8.75926]},
			"faces": {
				"north": {"uv": [2.5, 9.5, 3.5, 10], "texture": "#1"},
				"east": {"uv": [2.5, 9.5, 3.5, 10], "texture": "#1"},
				"south": {"uv": [2.5, 9.5, 3.5, 10], "rotation": 180, "texture": "#1"},
				"west": {"uv": [2.5, 9.5, 3.5, 10], "texture": "#1"},
				"up": {"uv": [2.5, 9.5, 3.5, 10], "rotation": 270, "texture": "#1"},
				"down": {"uv": [2.5, 9.5, 3.5, 10], "rotation": 270, "texture": "#1"}
			}
		},
		{
			"name": "middle_small",
			"from": [0.75, 6.5, 12],
			"to": [4.25, 8, 13],
			"rotation": {"angle": 0, "axis": "y", "origin": [2.5, 9.10185, 8.75926]},
			"faces": {
				"north": {"uv": [3, 8, 4, 9.5], "texture": "#1"},
				"east": {"uv": [3, 8, 4, 9.5], "texture": "#1"},
				"south": {"uv": [3, 8, 4, 9.5], "rotation": 180, "texture": "#1"},
				"west": {"uv": [3, 8, 4, 9.5], "texture": "#1"},
				"up": {"uv": [3, 8, 4, 9.5], "rotation": 270, "texture": "#1"},
				"down": {"uv": [3, 8, 4, 9.5], "rotation": 270, "texture": "#1"}
			}
		},
		{
			"name": "point",
			"from": [0.75, 6.5, 13],
			"to": [4.25, 7, 14],
			"rotation": {"angle": 0, "axis": "y", "origin": [2.5, 9.10185, 8.75926]},
			"faces": {
				"north": {"uv": [2, 9, 3, 9.5], "texture": "#1"},
				"east": {"uv": [2, 9, 3, 9.5], "texture": "#1"},
				"south": {"uv": [2, 9, 3, 9.5], "rotation": 180, "texture": "#1"},
				"west": {"uv": [2, 9, 3, 9.5], "texture": "#1"},
				"up": {"uv": [2, 9, 3, 9.5], "rotation": 270, "texture": "#1"},
				"down": {"uv": [2, 9, 3, 9.5], "rotation": 270, "texture": "#1"}
			}
		},
		{
			"name": "middle",
			"from": [0.75, 10.5, 8],
			"to": [4.25, 12, 9],
			"rotation": {"angle": 0, "axis": "y", "origin": [2.5, 9.10185, 8.75926]},
			"faces": {
				"north": {"uv": [7, 4, 8, 5.5], "texture": "#1"},
				"east": {"uv": [7, 4, 8, 5.5], "texture": "#1"},
				"south": {"uv": [7, 4, 8, 5.5], "rotation": 180, "texture": "#1"},
				"west": {"uv": [7, 4, 8, 5.5], "texture": "#1"},
				"up": {"uv": [7, 4, 8, 5.5], "rotation": 270, "texture": "#1"},
				"down": {"uv": [7, 4, 8, 5.5], "rotation": 270, "texture": "#1"}
			}
		},
		{
			"name": "bottom",
			"from": [0.75, 8, 9],
			"to": [4.25, 11, 9.5],
			"rotation": {"angle": 0, "axis": "y", "origin": [2.5, 9.10185, 8.75926]},
			"faces": {
				"north": {"uv": [6.5, 5, 7, 8], "texture": "#1"},
				"east": {"uv": [6.5, 5, 7, 8], "texture": "#1"},
				"south": {"uv": [6.5, 5, 7, 8], "rotation": 180, "texture": "#1"},
				"west": {"uv": [6.5, 5, 7, 8], "texture": "#1"},
				"up": {"uv": [6.5, 5, 7, 8], "rotation": 270, "texture": "#1"},
				"down": {"uv": [6.5, 5, 7, 8], "rotation": 270, "texture": "#1"}
			}
		},
		{
			"name": "point",
			"from": [0.75, 11.5, 9],
			"to": [4.25, 12, 10],
			"rotation": {"angle": 0, "axis": "y", "origin": [2.5, 9.10185, 8.75926]},
			"faces": {
				"north": {"uv": [6, 4, 7, 4.5], "texture": "#1"},
				"east": {"uv": [6, 4, 7, 4.5], "texture": "#1"},
				"south": {"uv": [6, 4, 7, 4.5], "rotation": 180, "texture": "#1"},
				"west": {"uv": [6, 4, 7, 4.5], "texture": "#1"},
				"up": {"uv": [6, 4, 7, 4.5], "rotation": 270, "texture": "#1"},
				"down": {"uv": [6, 4, 7, 4.5], "rotation": 270, "texture": "#1"}
			}
		},
		{
			"name": "top",
			"from": [0.75, 12, 8.5],
			"to": [4.25, 12.5, 9.5],
			"rotation": {"angle": 0, "axis": "y", "origin": [2.5, 9.10185, 8.75926]},
			"faces": {
				"north": {"uv": [6.5, 3.5, 7.5, 4], "texture": "#1"},
				"east": {"uv": [6.5, 3.5, 7.5, 4], "texture": "#1"},
				"south": {"uv": [6.5, 3.5, 7.5, 4], "rotation": 180, "texture": "#1"},
				"west": {"uv": [6.5, 3.5, 7.5, 4], "texture": "#1"},
				"up": {"uv": [6.5, 3.5, 7.5, 4], "rotation": 270, "texture": "#1"},
				"down": {"uv": [6.5, 3.5, 7.5, 4], "rotation": 270, "texture": "#1"}
			}
		},
		{
			"name": "middle",
			"from": [0.75, 7, 8],
			"to": [4.25, 8.5, 9],
			"rotation": {"angle": 0, "axis": "y", "origin": [2.5, 9.10185, 8.75926]},
			"faces": {
				"north": {"uv": [7, 7.5, 8, 9], "texture": "#1"},
				"east": {"uv": [7, 7.5, 8, 9], "texture": "#1"},
				"south": {"uv": [7, 7.5, 8, 9], "rotation": 180, "texture": "#1"},
				"west": {"uv": [7, 7.5, 8, 9], "texture": "#1"},
				"up": {"uv": [7, 7.5, 8, 9], "rotation": 270, "texture": "#1"},
				"down": {"uv": [7, 7.5, 8, 9], "rotation": 270, "texture": "#1"}
			}
		},
		{
			"name": "point",
			"from": [0.75, 7, 9],
			"to": [4.25, 7.5, 10],
			"rotation": {"angle": 0, "axis": "y", "origin": [2.5, 9.10185, 8.75926]},
			"faces": {
				"north": {"uv": [6, 8.5, 7, 9], "texture": "#1"},
				"east": {"uv": [6, 8.5, 7, 9], "texture": "#1"},
				"south": {"uv": [6, 8.5, 7, 9], "rotation": 180, "texture": "#1"},
				"west": {"uv": [6, 8.5, 7, 9], "texture": "#1"},
				"up": {"uv": [6, 8.5, 7, 9], "rotation": 270, "texture": "#1"},
				"down": {"uv": [6, 8.5, 7, 9], "rotation": 270, "texture": "#1"}
			}
		},
		{
			"name": "top",
			"from": [0.75, 6.5, 8.5],
			"to": [4.25, 7, 9.5],
			"rotation": {"angle": 0, "axis": "y", "origin": [2.5, 9.10185, 8.75926]},
			"faces": {
				"north": {"uv": [6.5, 9, 7.5, 9.5], "texture": "#1"},
				"east": {"uv": [6.5, 9, 7.5, 9.5], "texture": "#1"},
				"south": {"uv": [6.5, 9, 7.5, 9.5], "rotation": 180, "texture": "#1"},
				"west": {"uv": [6.5, 9, 7.5, 9.5], "texture": "#1"},
				"up": {"uv": [6.5, 9, 7.5, 9.5], "rotation": 270, "texture": "#1"},
				"down": {"uv": [6.5, 9, 7.5, 9.5], "rotation": 270, "texture": "#1"}
			}
		},
		{
			"name": "middle",
			"from": [0.75, 10.5, 5],
			"to": [4.25, 11, 6],
			"rotation": {"angle": 0, "axis": "y", "origin": [2.5, 9.10185, 8.75926]},
			"faces": {
				"north": {"uv": [10, 5, 11, 5.5], "texture": "#1"},
				"east": {"uv": [10, 5, 11, 5.5], "texture": "#1"},
				"south": {"uv": [10, 5, 11, 5.5], "rotation": 180, "texture": "#1"},
				"west": {"uv": [10, 5, 11, 5.5], "texture": "#1"},
				"up": {"uv": [10, 5, 11, 5.5], "rotation": 270, "texture": "#1"},
				"down": {"uv": [10, 5, 11, 5.5], "rotation": 270, "texture": "#1"}
			}
		},
		{
			"name": "top",
			"from": [0.75, 11, 4.5],
			"to": [4.25, 11.5, 5.5],
			"rotation": {"angle": 0, "axis": "y", "origin": [2.5, 9.10185, 8.75926]},
			"faces": {
				"north": {"uv": [10.5, 4.5, 11.5, 5], "texture": "#1"},
				"east": {"uv": [10.5, 4.5, 11.5, 5], "texture": "#1"},
				"south": {"uv": [10.5, 4.5, 11.5, 5], "rotation": 180, "texture": "#1"},
				"west": {"uv": [10.5, 4.5, 11.5, 5], "texture": "#1"},
				"up": {"uv": [10.5, 4.5, 11.5, 5], "rotation": 270, "texture": "#1"},
				"down": {"uv": [10.5, 4.5, 11.5, 5], "rotation": 270, "texture": "#1"}
			}
		},
		{
			"name": "point",
			"from": [0.75, 11.5, 5],
			"to": [4.25, 12, 6],
			"rotation": {"angle": 0, "axis": "y", "origin": [2.5, 9.10185, 8.75926]},
			"faces": {
				"north": {"uv": [10, 4, 11, 4.5], "texture": "#1"},
				"east": {"uv": [10, 4, 11, 4.5], "texture": "#1"},
				"south": {"uv": [10, 4, 11, 4.5], "rotation": 180, "texture": "#1"},
				"west": {"uv": [10, 4, 11, 4.5], "texture": "#1"},
				"up": {"uv": [10, 4, 11, 4.5], "rotation": 270, "texture": "#1"},
				"down": {"uv": [10, 4, 11, 4.5], "rotation": 270, "texture": "#1"}
			}
		},
		{
			"name": "lower",
			"from": [0.75, 8.5, 5.5],
			"to": [4.25, 10.5, 6.5],
			"rotation": {"angle": 0, "axis": "y", "origin": [2.5, 9.10185, 8.75926]},
			"faces": {
				"north": {"uv": [9.5, 5.5, 10.5, 7.5], "texture": "#1"},
				"east": {"uv": [9.5, 5.5, 10.5, 7.5], "texture": "#1"},
				"south": {"uv": [9.5, 5.5, 10.5, 7.5], "rotation": 180, "texture": "#1"},
				"west": {"uv": [9.5, 5.5, 10.5, 7.5], "texture": "#1"},
				"up": {"uv": [9.5, 5.5, 10.5, 7.5], "rotation": 270, "texture": "#1"},
				"down": {"uv": [9.5, 5.5, 10.5, 7.5], "rotation": 270, "texture": "#1"}
			}
		},
		{
			"name": "middle",
			"from": [0.75, 8, 5],
			"to": [4.25, 8.5, 6],
			"rotation": {"angle": 0, "axis": "y", "origin": [2.5, 9.10185, 8.75926]},
			"faces": {
				"north": {"uv": [10, 7.5, 11, 8], "texture": "#1"},
				"east": {"uv": [10, 7.5, 11, 8], "texture": "#1"},
				"south": {"uv": [10, 7.5, 11, 8], "rotation": 180, "texture": "#1"},
				"west": {"uv": [10, 7.5, 11, 8], "texture": "#1"},
				"up": {"uv": [10, 7.5, 11, 8], "rotation": 270, "texture": "#1"},
				"down": {"uv": [10, 7.5, 11, 8], "rotation": 270, "texture": "#1"}
			}
		},
		{
			"name": "top",
			"from": [0.75, 7.5, 4.5],
			"to": [4.25, 8, 5.5],
			"rotation": {"angle": 0, "axis": "y", "origin": [2.5, 9.10185, 8.75926]},
			"faces": {
				"north": {"uv": [10.5, 8, 11.5, 8.5], "texture": "#1"},
				"east": {"uv": [10.5, 8, 11.5, 8.5], "texture": "#1"},
				"south": {"uv": [10.5, 8, 11.5, 8.5], "rotation": 180, "texture": "#1"},
				"west": {"uv": [10.5, 8, 11.5, 8.5], "texture": "#1"},
				"up": {"uv": [10.5, 8, 11.5, 8.5], "rotation": 270, "texture": "#1"},
				"down": {"uv": [10.5, 8, 11.5, 8.5], "rotation": 270, "texture": "#1"}
			}
		},
		{
			"name": "point",
			"from": [0.75, 7, 5],
			"to": [4.25, 7.5, 6],
			"rotation": {"angle": 0, "axis": "y", "origin": [2.5, 9.10185, 8.75926]},
			"faces": {
				"north": {"uv": [10, 8.5, 11, 9], "texture": "#1"},
				"east": {"uv": [10, 8.5, 11, 9], "texture": "#1"},
				"south": {"uv": [10, 8.5, 11, 9], "rotation": 180, "texture": "#1"},
				"west": {"uv": [10, 8.5, 11, 9], "texture": "#1"},
				"up": {"uv": [10, 8.5, 11, 9], "rotation": 270, "texture": "#1"},
				"down": {"uv": [10, 8.5, 11, 9], "rotation": 270, "texture": "#1"}
			}
		}
	],
	"display": {
		"thirdperson_righthand": {
			"translation": [3, -8.75, 4],
			"scale": [0.7, 0.7, 0.7]
		},
		"thirdperson_lefthand": {
			"translation": [-6, -8.75, 4],
			"scale": [0.7, 0.7, 0.7]
		},
		"firstperson_righthand": {
			"rotation": [0, 45, 0],
			"scale": [0.4, 0.4, 0.4]
		},
		"firstperson_lefthand": {
			"rotation": [0, 225, 0],
			"scale": [0.4, 0.4, 0.4]
		},
		"ground": {
			"translation": [0, 3, 0],
			"scale": [0.25, 0.25, 0.25]
		},
		"gui": {
			"rotation": [30, 225, 0],
			"translation": [-1, -3.75, 0],
			"scale": [0.45, 0.45, 0.45]
		},
		"head": {
			"rotation": [90, 90, 0],
			"translation": [0, 13, -8]
		},
		"fixed": {
			"rotation": [0, -90, 0],
			"translation": [0, -3.75, 2],
			"scale": [0.5, 0.5, 0.5]
		}
	}
}