{
	"credit": "Made By WantedRobot",
	"textures": {
		"0": "block/nether_brick_fence",
		"particle": "block/nether_brick_fence"
	},
	"elements": [
		{
			"from": [15, -0.025, 6.5],
			"to": [17, 15.975, 9.5],
			"rotation": {"angle": 0, "axis": "y", "origin": [9, 7.975, 8.5]},
			"faces": {
				"north": {"uv": [0.016, 0.016, 15.984, 1.984], "rotation": 90, "texture": "#0"},
				"east": {"uv": [0, 8.5, 16, 5.5], "rotation": 90, "texture": "#0", "cullface": "east"},
				"south": {"uv": [0.016, 0.016, 15.984, 1.984], "rotation": 90, "texture": "#0"},
				"west": {"uv": [0, 9, 16, 6], "rotation": 90, "texture": "#0"},
				"up": {"uv": [3.016, 0.016, 0.016, 2.016], "rotation": 90, "texture": "#0", "cullface": "up"},
				"down": {"uv": [3.016, 0.016, 0.016, 2.016], "rotation": 270, "texture": "#0", "cullface": "down"}
			}
		},
		{
			"from": [-1, -0.025, 6.5],
			"to": [1, 15.975, 7.5],
			"rotation": {"angle": 0, "axis": "y", "origin": [7, 7.975, 8.5]},
			"faces": {
				"north": {"uv": [0.016, 0.016, 15.984, 1.984], "rotation": 90, "texture": "#0"},
				"east": {"uv": [0.016, 1.5, 15.984, 0.5], "rotation": 90, "texture": "#0"},
				"south": {"uv": [0.016, 0.016, 15.984, 1.984], "rotation": 90, "texture": "#0"},
				"west": {"uv": [0.016, 1.5, 15.984, 0.5], "rotation": 90, "texture": "#0", "cullface": "west"},
				"up": {"uv": [0.984, 0.016, 0.016, 1.984], "rotation": 90, "texture": "#0", "cullface": "up"},
				"down": {"uv": [0.984, 0.016, 0.016, 1.984], "rotation": 270, "texture": "#0", "cullface": "down"}
			}
		},
		{
			"from": [-1, -0.025, 8.5],
			"to": [1, 15.975, 9.5],
			"rotation": {"angle": 0, "axis": "y", "origin": [7, 7.975, 10.5]},
			"faces": {
				"north": {"uv": [0.016, 0.016, 15.984, 1.984], "rotation": 90, "texture": "#0"},
				"east": {"uv": [0.016, 1.5, 15.984, 0.5], "rotation": 90, "texture": "#0"},
				"south": {"uv": [0.016, 0.016, 15.984, 1.984], "rotation": 90, "texture": "#0"},
				"west": {"uv": [0.016, 1.5, 15.984, 0.5], "rotation": 90, "texture": "#0", "cullface": "west"},
				"up": {"uv": [0.984, 0.016, 0.016, 1.984], "rotation": 90, "texture": "#0", "cullface": "up"},
				"down": {"uv": [0.984, 0.016, 0.016, 1.984], "rotation": 270, "texture": "#0", "cullface": "down"}
			}
		},
		{
			"from": [-1.85, 11.81066, 6],
			"to": [1.65, 12.31066, 10],
			"rotation": {"angle": -45, "axis": "z", "origin": [-0.1, 12.06066, 8]},
			"faces": {
				"north": {"uv": [1.5, 15.5, 4.5, 15.984], "rotation": 180, "texture": "#0"},
				"east": {"uv": [1.5, 15.5, 5.5, 15.984], "rotation": 180, "texture": "#0"},
				"south": {"uv": [1.5, 15.5, 4.5, 15.984], "rotation": 180, "texture": "#0"},
				"west": {"uv": [1.5, 15.5, 5.5, 15.984], "rotation": 180, "texture": "#0"},
				"up": {"uv": [0.016, 12.016, 2.984, 15.984], "rotation": 180, "texture": "#0"},
				"down": {"uv": [0.016, 12.016, 2.984, 15.984], "rotation": 180, "texture": "#0"}
			}
		},
		{
			"from": [15.65, 10.31066, 6],
			"to": [16.15, 13.81066, 10],
			"rotation": {"angle": 45, "axis": "z", "origin": [15.9, 12.06066, 8]},
			"faces": {
				"north": {"uv": [1.5, 15.5, 4.5, 15.984], "rotation": 90, "texture": "#0"},
				"east": {"uv": [0.016, 12.016, 2.984, 15.984], "rotation": 270, "texture": "#0"},
				"south": {"uv": [1.5, 15.5, 4.5, 15.984], "rotation": 270, "texture": "#0"},
				"west": {"uv": [0.016, 12.016, 2.984, 15.984], "rotation": 270, "texture": "#0"},
				"up": {"uv": [1.5, 15.5, 5.5, 15.984], "rotation": 270, "texture": "#0"},
				"down": {"uv": [1.5, 15.5, 5.5, 15.984], "rotation": 270, "texture": "#0"}
			}
		},
		{
			"from": [-0.35, 3.81066, 6],
			"to": [0.15, 7.31066, 10],
			"rotation": {"angle": 45, "axis": "z", "origin": [-0.1, 5.56066, 8]},
			"faces": {
				"north": {"uv": [1.5, 15.5, 4.5, 15.984], "rotation": 90, "texture": "#0"},
				"east": {"uv": [0.016, 12.016, 2.984, 15.984], "rotation": 270, "texture": "#0"},
				"south": {"uv": [1.5, 15.5, 4.5, 15.984], "rotation": 270, "texture": "#0"},
				"west": {"uv": [0.016, 12.016, 2.984, 15.984], "rotation": 270, "texture": "#0"},
				"up": {"uv": [1.5, 15.5, 5.5, 15.984], "rotation": 270, "texture": "#0"},
				"down": {"uv": [1.5, 15.5, 5.5, 15.984], "rotation": 270, "texture": "#0"}
			}
		},
		{
			"from": [15.65, 3.81066, 6],
			"to": [16.15, 7.31066, 10],
			"rotation": {"angle": 45, "axis": "z", "origin": [15.9, 5.56066, 8]},
			"faces": {
				"north": {"uv": [1.5, 15.5, 4.5, 15.984], "rotation": 90, "texture": "#0"},
				"east": {"uv": [0.016, 12.016, 2.984, 15.984], "rotation": 270, "texture": "#0"},
				"south": {"uv": [1.5, 15.5, 4.5, 15.984], "rotation": 270, "texture": "#0"},
				"west": {"uv": [0.016, 12.016, 2.984, 15.984], "rotation": 270, "texture": "#0"},
				"up": {"uv": [1.5, 15.5, 5.5, 15.984], "rotation": 270, "texture": "#0"},
				"down": {"uv": [1.5, 15.5, 5.5, 15.984], "rotation": 270, "texture": "#0"}
			}
		},
		{
			"from": [14.75, 7.07107, 7.5],
			"to": [15.5, 9.07107, 25.5],
			"rotation": {"angle": -45, "axis": "x", "origin": [15.25, 8.07107, 16.5]},
			"faces": {
				"north": {"uv": [0.984, 1.984, 0.016, 0.016], "rotation": 180, "texture": "#0"},
				"east": {"uv": [9.984, 0.016, 0.016, 1.984], "texture": "#0"},
				"south": {"uv": [0.984, 1.984, 0.016, 0.016], "texture": "#0"},
				"west": {"uv": [16, 4, 0, 6], "texture": "#0"},
				"up": {"uv": [2.016, 1.5, 11.984, 0.5], "rotation": 90, "texture": "#0"},
				"down": {"uv": [2.016, 1.5, 11.984, 0.5], "rotation": 90, "texture": "#0"}
			}
		},
		{
			"from": [15.5, 3.07107, 22.25],
			"to": [16, 13.07107, 24.25],
			"rotation": {"angle": 0, "axis": "y", "origin": [16, 14.07107, 16.25]},
			"faces": {
				"north": {"uv": [2.016, 1.5, 11.984, 0.5], "rotation": 270, "texture": "#0"},
				"east": {"uv": [10.016, 0.016, 0.016, 2.016], "rotation": 270, "texture": "#0"},
				"south": {"uv": [2.016, 1.5, 11.984, 0.5], "rotation": 90, "texture": "#0"},
				"west": {"uv": [10, 8, 0, 10], "rotation": 90, "texture": "#0"},
				"up": {"uv": [0.984, 1.984, 0.016, 0.016], "texture": "#0"},
				"down": {"uv": [0.984, 1.984, 0.016, 0.016], "texture": "#0"}
			}
		},
		{
			"from": [15.5, 3.07107, 8.25],
			"to": [16, 13.07107, 10.25],
			"rotation": {"angle": 0, "axis": "y", "origin": [16, 14.07107, 2.25]},
			"faces": {
				"north": {"uv": [2.016, 1.5, 11.984, 0.5], "rotation": 270, "texture": "#0"},
				"east": {"uv": [10.016, 0.016, 0.016, 2.016], "rotation": 270, "texture": "#0"},
				"south": {"uv": [2.016, 1.5, 11.984, 0.5], "rotation": 90, "texture": "#0"},
				"west": {"uv": [10, 8, 0, 10], "rotation": 90, "texture": "#0"},
				"up": {"uv": [0.984, 1.984, 0.016, 0.016], "texture": "#0"},
				"down": {"uv": [0.984, 1.984, 0.016, 0.016], "texture": "#0"}
			}
		},
		{
			"from": [15.5, 13.07107, 8.25],
			"to": [16, 15.07107, 24.25],
			"rotation": {"angle": 0, "axis": "y", "origin": [16, 14.07107, 16.25]},
			"faces": {
				"north": {"uv": [0.984, 1.984, 0.016, 0.016], "rotation": 180, "texture": "#0"},
				"east": {"uv": [9.984, 0.016, 0.016, 1.984], "texture": "#0"},
				"south": {"uv": [0.984, 1.984, 0.016, 0.016], "texture": "#0"},
				"west": {"uv": [9.968, 8, 0, 9.968], "texture": "#0"},
				"up": {"uv": [2.016, 1.5, 11.984, 0.5], "rotation": 90, "texture": "#0"},
				"down": {"uv": [2.016, 1.5, 11.984, 0.5], "rotation": 90, "texture": "#0"}
			}
		},
		{
			"from": [15.5, 1.07107, 8.25],
			"to": [16, 3.07107, 24.25],
			"rotation": {"angle": 0, "axis": "y", "origin": [16, 14.07107, 16.25]},
			"faces": {
				"north": {"uv": [0.984, 1.984, 0.016, 0.016], "rotation": 180, "texture": "#0"},
				"east": {"uv": [9.984, 0.016, 0.016, 1.984], "texture": "#0"},
				"south": {"uv": [0.984, 1.984, 0.016, 0.016], "texture": "#0"},
				"west": {"uv": [9.968, 6, 0, 7.968], "texture": "#0"},
				"up": {"uv": [2.016, 1.5, 11.984, 0.5], "rotation": 90, "texture": "#0"},
				"down": {"uv": [2.016, 1.5, 11.984, 0.5], "rotation": 90, "texture": "#0"}
			}
		},
		{
			"from": [14.75, 3.07107, 12],
			"to": [15.5, 5.07107, 22],
			"rotation": {"angle": -45, "axis": "x", "origin": [15.25, 8.07107, 17]},
			"faces": {
				"north": {"uv": [0.984, 1.984, 0.016, 0.016], "rotation": 180, "texture": "#0"},
				"east": {"uv": [10.016, 2.016, 0.016, 0.016], "rotation": 180, "texture": "#0"},
				"south": {"uv": [0.984, 1.984, 0.016, 0.016], "texture": "#0"},
				"west": {"uv": [10, 8, 0, 6], "rotation": 180, "texture": "#0"},
				"up": {"uv": [8.5, 1.5, 0.016, 0.5], "rotation": 90, "texture": "#0"},
				"down": {"uv": [7.984, 1.5, 0.016, 0.5], "rotation": 270, "texture": "#0"}
			}
		},
		{
			"from": [16, 3.07107, 12],
			"to": [16.75, 5.07107, 22],
			"rotation": {"angle": 45, "axis": "x", "origin": [15.25, 8.07107, 17]},
			"faces": {
				"north": {"uv": [0.984, 1.984, 0.016, 0.016], "rotation": 180, "texture": "#0"},
				"east": {"uv": [10.016, 2.016, 0.016, 0.016], "rotation": 180, "texture": "#0"},
				"south": {"uv": [0.984, 1.984, 0.016, 0.016], "texture": "#0"},
				"west": {"uv": [18, 6, 8, 4], "rotation": 180, "texture": "#0"},
				"up": {"uv": [8.5, 1.5, 0.016, 0.5], "rotation": 90, "texture": "#0"},
				"down": {"uv": [7.984, 1.5, 0.016, 0.5], "rotation": 270, "texture": "#0"}
			}
		},
		{
			"from": [14.75, 11.07107, 11.5],
			"to": [15.5, 13.07107, 21.5],
			"rotation": {"angle": -45, "axis": "x", "origin": [15.25, 8.07107, 16.5]},
			"faces": {
				"north": {"uv": [0.984, 1.984, 0.016, 0.016], "rotation": 180, "texture": "#0"},
				"east": {"uv": [10, 4, 0, 2], "texture": "#0"},
				"south": {"uv": [0.984, 1.984, 0.016, 0.016], "texture": "#0"},
				"west": {"uv": [0, 2, 10, 4], "texture": "#0"},
				"up": {"uv": [7.984, 1.5, 0.016, 0.5], "rotation": 270, "texture": "#0"},
				"down": {"uv": [8.5, 1.5, 0.016, 0.5], "rotation": 90, "texture": "#0"}
			}
		},
		{
			"from": [16, 3.07107, 20],
			"to": [16.75, 13.07107, 22],
			"rotation": {"angle": -45, "axis": "x", "origin": [15.25, 8.07107, 17]},
			"faces": {
				"north": {"uv": [8.5, 1.5, 0.016, 0.5], "rotation": 270, "texture": "#0"},
				"east": {"uv": [10.016, 2.016, 0.016, 0.016], "rotation": 270, "texture": "#0"},
				"south": {"uv": [7.984, 1.5, 0.016, 0.5], "rotation": 270, "texture": "#0"},
				"west": {"uv": [18, 2, 8, 0], "rotation": 90, "texture": "#0"},
				"up": {"uv": [0.984, 1.984, 0.016, 0.016], "texture": "#0"},
				"down": {"uv": [0.984, 1.984, 0.016, 0.016], "texture": "#0"}
			}
		},
		{
			"from": [16, 7.07107, 7.5],
			"to": [16.75, 9.07107, 25.5],
			"rotation": {"angle": 45, "axis": "x", "origin": [15.25, 8.07107, 16.5]},
			"faces": {
				"north": {"uv": [0.984, 1.984, 0.016, 0.016], "rotation": 180, "texture": "#0"},
				"east": {"uv": [0, 2, 16, 0], "rotation": 180, "texture": "#0"},
				"south": {"uv": [0.984, 1.984, 0.016, 0.016], "texture": "#0"},
				"west": {"uv": [0, 4, 16, 2], "texture": "#0"},
				"up": {"uv": [2.016, 1.5, 11.984, 0.5], "rotation": 90, "texture": "#0"},
				"down": {"uv": [2.016, 1.5, 11.984, 0.5], "rotation": 270, "texture": "#0"}
			}
		}
	],
	"display": {
		"thirdperson_righthand": {
			"rotation": [75, 45, 0],
			"translation": [0, 2.5, 0],
			"scale": [0.375, 0.375, 0.375]
		},
		"thirdperson_lefthand": {
			"rotation": [75, 45, 0],
			"translation": [0, 2.5, 0],
			"scale": [0.375, 0.375, 0.375]
		},
		"firstperson_righthand": {
			"rotation": [0, 45, 0],
			"scale": [0.4, 0.4, 0.4]
		},
		"firstperson_lefthand": {
			"rotation": [0, 225, 0],
			"scale": [0.4, 0.4, 0.4]
		},
		"ground": {
			"translation": [0, 3, 0],
			"scale": [0.3, 0.3, 0.3]
		},
		"gui": {
			"rotation": [30, 225, 0],
			"scale": [0.625, 0.625, 0.625]
		},
		"head": {
			"rotation": [0, 90, 0],
			"translation": [0, 13.25, 0]
		},
		"fixed": {
			"rotation": [0, 90, 0],
			"scale": [0.5, 0.5, 0.5]
		}
	},
	"groups": [0, 1, 2,
		{
			"name": "nether_brick_fence_post",
			"origin": [8, 8, 8],
			"children": [3, 4, 5, 6]
		},
		{
			"name": "gate",
			"origin": [12, 8, 8],
			"children": [7, 8, 9, 10, 11, 12, 13, 14, 15, 16]
		}
	]
}