{
	"credit": "Made By WantedRobot",
	"textures": {
		"1": "block/birch_fence"
	},
	"elements": [
		{
			"from": [7.5, -1.5, -0.2],
			"to": [8.5, 0.5, 7.8],
			"rotation": {"angle": 22.5, "axis": "x", "origin": [9, -0.5, 6.75]},
			"faces": {
				"north": {"uv": [0.016, 0.016, 0.984, 1.984], "texture": "#1"},
				"east": {"uv": [0.016, 0.016, 7.984, 1.984], "texture": "#1"},
				"south": {"uv": [0.016, 0.016, 0.984, 1.984], "texture": "#1"},
				"west": {"uv": [0.016, 0.016, 7.984, 1.984], "texture": "#1"},
				"up": {"uv": [0.016, 0.5, 7.984, 1.5], "rotation": 90, "texture": "#1"},
				"down": {"uv": [0.016, 0.5, 7.984, 1.5], "rotation": 90, "texture": "#1"}
			}
		},
		{
			"from": [7.5, 1.75, -0.2],
			"to": [8.5, 3.75, 8],
			"rotation": {"angle": 22.5, "axis": "x", "origin": [9, 2.75, 6.75]},
			"faces": {
				"north": {"uv": [0.016, 0.016, 0.984, 1.984], "texture": "#1"},
				"east": {"uv": [0.016, 0.016, 8.2, 1.984], "texture": "#1"},
				"south": {"uv": [0.016, 0.016, 0.984, 1.984], "texture": "#1"},
				"west": {"uv": [0.016, 0.016, 8.2, 1.984], "texture": "#1"},
				"up": {"uv": [0.016, 0.5, 8.2, 1.5], "rotation": 90, "texture": "#1"},
				"down": {"uv": [0.016, 0.5, 8.2, 1.5], "rotation": 90, "texture": "#1"}
			}
		},
		{
			"from": [7.5, 5, -0.2],
			"to": [8.5, 7, 9],
			"rotation": {"angle": 22.5, "axis": "x", "origin": [9, 6, 6.75]},
			"faces": {
				"north": {"uv": [0.016, 0.016, 0.984, 1.984], "texture": "#1"},
				"east": {"uv": [0.016, 0.016, 9.2, 1.984], "texture": "#1"},
				"south": {"uv": [0.016, 0.016, 0.984, 1.984], "texture": "#1"},
				"west": {"uv": [0.016, 0.016, 9.2, 1.984], "texture": "#1"},
				"up": {"uv": [0.016, 0.5, 9.2, 1.5], "rotation": 90, "texture": "#1"},
				"down": {"uv": [0.016, 0.5, 9.2, 1.5], "rotation": 90, "texture": "#1"}
			}
		},
		{
			"from": [7.5, 8.25, -0.2],
			"to": [8.5, 10.25, 8],
			"rotation": {"angle": 22.5, "axis": "x", "origin": [9, 9.25, 6.75]},
			"faces": {
				"north": {"uv": [0.016, 0.016, 0.984, 1.984], "texture": "#1"},
				"east": {"uv": [0.016, 0.016, 8.2, 1.984], "texture": "#1"},
				"south": {"uv": [0.016, 0.016, 0.984, 1.984], "texture": "#1"},
				"west": {"uv": [0.016, 0.016, 8.2, 1.984], "texture": "#1"},
				"up": {"uv": [0.016, 0.5, 8.2, 1.5], "rotation": 90, "texture": "#1"},
				"down": {"uv": [0.016, 0.5, 8.2, 1.5], "rotation": 90, "texture": "#1"}
			}
		},
		{
			"from": [7.5, 11.5, -0.2],
			"to": [8.5, 13.5, 9.05],
			"rotation": {"angle": 22.5, "axis": "x", "origin": [9, 12.5, 6.75]},
			"faces": {
				"north": {"uv": [0.016, 0.016, 0.984, 1.984], "texture": "#1"},
				"east": {"uv": [0.016, 0.016, 9.5, 1.984], "texture": "#1"},
				"south": {"uv": [0.016, 0.016, 0.984, 1.984], "texture": "#1"},
				"west": {"uv": [0.016, 0.016, 9.2, 1.984], "texture": "#1"},
				"up": {"uv": [0.016, 0.5, 9.5, 1.5], "rotation": 90, "texture": "#1"},
				"down": {"uv": [0.016, 0.5, 9.5, 1.5], "rotation": 90, "texture": "#1"}
			}
		}
	],
	"groups": [
		{
			"name": "birch_fence_side_n",
			"origin": [8, 8, 8],
			"children": [0, 1, 2, 3, 4]
		}
	]
}