{
	"credit": "Made with Blockbench, model by LTK1",
	"ambientocclusion": false,
	"textures": {
		"0": "block/crafting_table_front",
		"1": "block/crafting_table_side",
		"2": "block/crafting_table_top",
		"3": "block/planks_oak",
		"4": "block/crafting_table_alt",
		"particle": "block/crafting_table_side"
	},
	"elements": [
		{
			"name": "base",
			"from": [1.5, 0, 1.5],
			"to": [14.5, 16, 14.5],
			"faces": {
				"north": {
					"uv": [1.516, 0.016, 14.484, 15.984],
					"texture": "#0"
				},
				"east": {
					"uv": [1.516, 0.016, 14.484, 15.984],
					"texture": "#0"
				},
				"south": {
					"uv": [1.516, 0.016, 14.484, 15.984],
					"texture": "#0"
				},
				"west": {
					"uv": [1.516, 0.016, 14.484, 15.984],
					"texture": "#0"
				},
				"up": {
					"uv": [1.516, 1.516, 14.484, 14.484],
					"texture": "#2"
				},
				"down": {
					"uv": [1.516, 1.516, 14.484, 14.484],
					"texture": "#3"
				}
			},
			"type": "cube"
		},
		{
			"name": "NE strut",
			"from": [0, 0, 0],
			"to": [2, 16, 2],
			"faces": {
				"north": {
					"uv": [13.516, 0.016, 15.484, 15.984],
					"texture": "#1"
				},
				"east": {
					"uv": [0.016, 0.016, 1.984, 15.984],
					"texture": "#1"
				},
				"south": {
					"uv": [14.016, 0.016, 15.984, 15.984],
					"texture": "#1"
				},
				"west": {
					"uv": [0.016, 0.016, 1.984, 15.984],
					"texture": "#1"
				},
				"up": {
					"uv": [0.016, 0.016, 1.984, 1.984],
					"texture": "#2"
				},
				"down": {
					"uv": [0.016, 14.016, 1.984, 15.984],
					"texture": "#3"
				}
			},
			"type": "cube"
		},
		{
			"name": "SE strut",
			"from": [0, 0, 14],
			"to": [2, 16, 16],
			"faces": {
				"north": {
					"uv": [0.016, 0.016, 1.984, 15.984],
					"texture": "#1"
				},
				"east": {
					"uv": [14.016, 0.016, 15.984, 15.984],
					"texture": "#1"
				},
				"south": {
					"uv": [0.016, 0.016, 1.984, 15.984],
					"texture": "#1"
				},
				"west": {
					"uv": [13.516, 0.016, 15.484, 15.984],
					"texture": "#1"
				},
				"up": {
					"uv": [0.016, 14.016, 1.984, 15.984],
					"texture": "#2"
				},
				"down": {
					"uv": [0.016, 0.016, 1.984, 1.984],
					"texture": "#3"
				}
			},
			"type": "cube"
		},
		{
			"name": "SW strut",
			"from": [14, 0, 14],
			"to": [16, 16, 16],
			"faces": {
				"north": {
					"uv": [14.016, 0.016, 15.984, 15.984],
					"texture": "#1"
				},
				"east": {
					"uv": [0.016, 0.016, 1.984, 15.984],
					"texture": "#1"
				},
				"south": {
					"uv": [13.516, 0.016, 15.484, 15.984],
					"texture": "#0"
				},
				"west": {
					"uv": [0.016, 0.016, 1.984, 15.984],
					"texture": "#1"
				},
				"up": {
					"uv": [14.016, 14.016, 15.984, 15.984],
					"texture": "#2"
				},
				"down": {
					"uv": [14.016, 0.016, 15.984, 1.984],
					"texture": "#3"
				}
			},
			"type": "cube"
		},
		{
			"name": "NW strut",
			"from": [14, 0, 0],
			"to": [16, 16, 2],
			"faces": {
				"north": {
					"uv": [0.016, 0.016, 1.984, 15.984],
					"texture": "#1"
				},
				"east": {
					"uv": [13.516, 0.016, 15.484, 15.984],
					"texture": "#1"
				},
				"south": {
					"uv": [0.016, 0.016, 1.984, 15.984],
					"texture": "#1"
				},
				"west": {
					"uv": [14.016, 0.016, 15.984, 15.984],
					"texture": "#1"
				},
				"up": {
					"uv": [14.016, 0.016, 15.984, 1.984],
					"texture": "#2"
				},
				"down": {
					"uv": [14.016, 14.016, 15.984, 15.984],
					"texture": "#3"
				}
			},
			"type": "cube"
		},
		{
			"name": "cube",
			"from": [0, 13, 2],
			"to": [1.5, 16, 14],
			"faces": {
				"north": {
					"uv": [0, 0, 1.5, 3],
					"texture": "#missing"
				},
				"east": {"uv": [2, 0, 14, 3], "texture": "#0"},
				"south": {
					"uv": [0, 0, 1.5, 3],
					"texture": "#missing"
				},
				"west": {"uv": [2, 0, 14, 3], "texture": "#1"},
				"up": {"uv": [0, 2, 1.5, 14], "texture": "#2"},
				"down": {
					"uv": [2, 2.5, 14, 3.5],
					"texture": "#0",
					"rotation": 90
				}
			},
			"type": "cube"
		},
		{
			"name": "cube",
			"from": [14.5, 13, 2],
			"to": [16, 16, 14],
			"faces": {
				"north": {
					"uv": [0, 0, 1.5, 3],
					"texture": "#missing"
				},
				"east": {"uv": [2, 0, 14, 3], "texture": "#1"},
				"south": {
					"uv": [0, 0, 1.5, 3],
					"texture": "#missing"
				},
				"west": {"uv": [2, 0, 14, 3], "texture": "#0"},
				"up": {"uv": [14.5, 2, 16, 14], "texture": "#2"},
				"down": {
					"uv": [2, 2.5, 14, 3.5],
					"texture": "#0",
					"rotation": 90
				}
			},
			"type": "cube"
		},
		{
			"name": "cube",
			"from": [2, 13, 0],
			"to": [14, 16, 1.5],
			"faces": {
				"north": {"uv": [2, 0, 14, 3], "texture": "#1"},
				"east": {
					"uv": [0, 0, 1.5, 3],
					"texture": "#missing"
				},
				"south": {"uv": [2, 0, 14, 3], "texture": "#0"},
				"west": {
					"uv": [0, 0, 1.5, 3],
					"texture": "#missing"
				},
				"up": {"uv": [2, 0, 14, 1.5], "texture": "#2"},
				"down": {"uv": [2, 2.5, 14, 3.5], "texture": "#0"}
			},
			"type": "cube"
		},
		{
			"name": "cube",
			"from": [2, 13, 14.5],
			"to": [14, 16, 16],
			"faces": {
				"north": {"uv": [2, 0, 14, 3], "texture": "#0"},
				"east": {
					"uv": [0, 0, 1.5, 3],
					"texture": "#missing"
				},
				"south": {"uv": [2, 0, 14, 3], "texture": "#1"},
				"west": {
					"uv": [0, 0, 1.5, 3],
					"texture": "#missing"
				},
				"up": {"uv": [2, 14.5, 14, 16], "texture": "#2"},
				"down": {"uv": [2, 2.5, 14, 3.5], "texture": "#0"}
			},
			"type": "cube"
		},
		{
			"name": "cube",
			"from": [2.5, 0, 14.5],
			"to": [13.5, 0.5, 16],
			"faces": {
				"north": {
					"uv": [2.5, 15.5, 13.5, 16],
					"texture": "#0"
				},
				"east": {
					"uv": [0, 0, 1.5, 0.5],
					"texture": "#missing"
				},
				"south": {
					"uv": [2.5, 15.5, 13.5, 16],
					"texture": "#0"
				},
				"west": {
					"uv": [0, 0, 1.5, 0.5],
					"texture": "#missing"
				},
				"up": {
					"uv": [2.5, 14, 13.5, 15.5],
					"texture": "#0"
				},
				"down": {"uv": [2.5, 0, 13.5, 1.5], "texture": "#3"}
			},
			"type": "cube"
		},
		{
			"name": "cube",
			"from": [2.5, 0, 0],
			"to": [13.5, 0.5, 1.5],
			"faces": {
				"north": {
					"uv": [2.5, 15.5, 13.5, 16],
					"texture": "#0"
				},
				"east": {
					"uv": [0, 0, 1.5, 0.5],
					"texture": "#missing"
				},
				"south": {
					"uv": [2.5, 15.5, 13.5, 16],
					"texture": "#0"
				},
				"west": {
					"uv": [0, 0, 1.5, 0.5],
					"texture": "#missing"
				},
				"up": {
					"uv": [2.5, 14, 13.5, 15.5],
					"texture": "#0"
				},
				"down": {
					"uv": [2.5, 14.5, 13.5, 16],
					"texture": "#3"
				}
			},
			"type": "cube"
		},
		{
			"name": "cube",
			"from": [14.5, 0, 2.5],
			"to": [16, 0.5, 13.5],
			"faces": {
				"north": {
					"uv": [0, 0, 1.5, 0.5],
					"texture": "#missing"
				},
				"east": {
					"uv": [2.5, 15.5, 13.5, 16],
					"texture": "#0"
				},
				"south": {
					"uv": [0, 0, 1.5, 0.5],
					"texture": "#missing"
				},
				"west": {
					"uv": [2.5, 15, 13.5, 15.5],
					"texture": "#0"
				},
				"up": {
					"uv": [2.5, 14, 13.5, 15.5],
					"texture": "#0",
					"rotation": 90
				},
				"down": {
					"uv": [14.5, 2.5, 16, 13.5],
					"texture": "#3"
				}
			},
			"type": "cube"
		},
		{
			"name": "cube",
			"from": [0, 0, 2.5],
			"to": [1.5, 0.5, 13.5],
			"faces": {
				"north": {
					"uv": [0, 0, 1.5, 0.5],
					"texture": "#missing"
				},
				"east": {
					"uv": [2.5, 15, 13.5, 15.5],
					"texture": "#0"
				},
				"south": {
					"uv": [0, 0, 1.5, 0.5],
					"texture": "#missing"
				},
				"west": {
					"uv": [2.5, 15, 13.5, 15.5],
					"texture": "#0"
				},
				"up": {
					"uv": [2.5, 14, 13.5, 15.5],
					"texture": "#0",
					"rotation": 90
				},
				"down": {"uv": [0, 2.5, 1.5, 13.5], "texture": "#3"}
			},
			"type": "cube"
		},
		{
			"name": "Big handle W",
			"from": [15, 5, 5.5],
			"to": [15.5, 12.5, 6],
			"faces": {
				"north": {
					"uv": [5.516, 3.516, 5.984, 10.984],
					"texture": "#1"
				},
				"east": {
					"uv": [5.516, 3.516, 5.984, 10.984],
					"texture": "#1"
				},
				"south": {
					"uv": [5.516, 3.516, 5.984, 10.984],
					"texture": "#1"
				},
				"west": {
					"uv": [5.516, 3.516, 5.984, 10.984],
					"texture": "#1"
				},
				"up": {
					"uv": [0.016, 0.016, 0.484, 0.484],
					"texture": "#1"
				},
				"down": {
					"uv": [0.016, 0.016, 0.484, 0.484],
					"texture": "#1"
				}
			},
			"type": "cube"
		},
		{
			"name": "Big head E",
			"from": [0, 2.5, 3.5],
			"to": [16, 5, 8],
			"faces": {
				"north": {
					"uv": [3.516, 11.016, 3.984, 13.484],
					"texture": "#1"
				},
				"east": {
					"uv": [3.516, 11.016, 7.984, 13.484],
					"texture": "#1"
				},
				"south": {
					"uv": [3.516, 11.016, 3.984, 13.484],
					"texture": "#1"
				},
				"west": {
					"uv": [3.516, 11.016, 7.984, 13.484],
					"texture": "#1"
				},
				"up": {
					"uv": [3.516, 11.516, 7.984, 12.984],
					"texture": "#1",
					"rotation": 270
				},
				"down": {
					"uv": [3.516, 11.016, 7.984, 12.484],
					"texture": "#1",
					"rotation": 270
				}
			},
			"type": "cube"
		},
		{
			"name": "Big handle E",
			"from": [0.5, 5, 5.5],
			"to": [1, 12.5, 6],
			"faces": {
				"north": {
					"uv": [5.516, 3.516, 5.984, 10.984],
					"texture": "#1"
				},
				"east": {
					"uv": [5.516, 6.516, 5.984, 10.984],
					"texture": "#1"
				},
				"south": {
					"uv": [5.516, 3.516, 5.984, 10.984],
					"texture": "#1"
				},
				"west": {
					"uv": [5.516, 3.516, 5.984, 10.984],
					"texture": "#1"
				},
				"up": {
					"uv": [0.016, 0.016, 0.484, 0.484],
					"texture": "#1",
					"rotation": 180
				},
				"down": {
					"uv": [0.016, 0.016, 0.484, 0.484],
					"texture": "#1",
					"rotation": 180
				}
			},
			"type": "cube"
		},
		{
			"name": "Big hook E",
			"from": [0, 9.5, 5],
			"to": [1.5, 11, 6.5],
			"faces": {
				"north": {
					"uv": [5.016, 5.016, 6.484, 6.484],
					"texture": "#1"
				},
				"east": {
					"uv": [10.016, 5.016, 11.484, 6.484],
					"texture": "#1"
				},
				"south": {
					"uv": [5.016, 5.016, 6.484, 6.484],
					"texture": "#1"
				},
				"west": {
					"uv": [5.016, 5.016, 6.484, 6.484],
					"texture": "#1"
				},
				"up": {
					"uv": [5.016, 5.016, 6.484, 6.484],
					"texture": "#1",
					"rotation": 180
				},
				"down": {
					"uv": [5.016, 5.016, 6.484, 6.484],
					"texture": "#1",
					"rotation": 180
				}
			},
			"type": "cube"
		},
		{
			"name": "Small handle W",
			"from": [15, 4, 10.5],
			"to": [15.5, 12.5, 11],
			"faces": {
				"north": {
					"uv": [10.516, 3.516, 10.984, 11.984],
					"texture": "#1"
				},
				"east": {
					"uv": [10.516, 3.516, 10.984, 11.984],
					"texture": "#1"
				},
				"south": {
					"uv": [10.516, 3.516, 10.984, 11.984],
					"texture": "#1"
				},
				"west": {
					"uv": [10.516, 3.516, 10.984, 11.984],
					"texture": "#1"
				},
				"up": {
					"uv": [0.016, 0.016, 0.484, 0.484],
					"texture": "#1"
				},
				"down": {
					"uv": [0.016, 0.016, 0.484, 0.484],
					"texture": "#1"
				}
			},
			"type": "cube"
		},
		{
			"name": "Small head E",
			"from": [0, 4.5, 9.5],
			"to": [16, 7, 12],
			"faces": {
				"north": {
					"uv": [9.516, 9.016, 10.984, 11.484],
					"texture": "#1"
				},
				"east": {
					"uv": [9.516, 9.016, 11.984, 11.484],
					"texture": "#1"
				},
				"south": {
					"uv": [10.516, 9.016, 11.984, 11.484],
					"texture": "#1"
				},
				"west": {
					"uv": [9.516, 9.016, 11.984, 11.484],
					"texture": "#1"
				},
				"up": {
					"uv": [9.516, 9.516, 11.984, 10.984],
					"texture": "#1",
					"rotation": 270
				},
				"down": {
					"uv": [9.516, 9.516, 11.984, 10.984],
					"texture": "#1",
					"rotation": 270
				}
			},
			"type": "cube"
		},
		{
			"name": "Small hook E",
			"from": [0, 9.5, 10],
			"to": [1.5, 11, 11.5],
			"faces": {
				"north": {
					"uv": [10.016, 5.016, 11.484, 6.484],
					"texture": "#1"
				},
				"east": {
					"uv": [5.016, 5.016, 6.484, 6.484],
					"texture": "#1"
				},
				"south": {
					"uv": [5.016, 5.016, 6.484, 6.484],
					"texture": "#1"
				},
				"west": {
					"uv": [10.016, 5.016, 11.484, 6.484],
					"texture": "#1"
				},
				"up": {
					"uv": [10.016, 5.016, 11.484, 6.484],
					"texture": "#1",
					"rotation": 180
				},
				"down": {
					"uv": [10.016, 5.016, 11.484, 6.484],
					"texture": "#1",
					"rotation": 180
				}
			},
			"type": "cube"
		},
		{
			"name": "Small handle E",
			"from": [0.5, 4, 10.5],
			"to": [1, 12.5, 11],
			"faces": {
				"north": {
					"uv": [10.516, 3.516, 10.984, 11.984],
					"texture": "#1"
				},
				"east": {
					"uv": [10.516, 3.516, 10.984, 11.984],
					"texture": "#1"
				},
				"south": {
					"uv": [10.516, 3.516, 10.984, 11.984],
					"texture": "#1"
				},
				"west": {
					"uv": [10.516, 3.516, 10.984, 11.984],
					"texture": "#1"
				},
				"up": {
					"uv": [0.016, 0.016, 0.484, 0.484],
					"texture": "#1",
					"rotation": 180
				},
				"down": {
					"uv": [0.016, 0.016, 0.484, 0.484],
					"texture": "#1",
					"rotation": 180
				}
			},
			"type": "cube"
		},
		{
			"name": "Hammer detail left E",
			"from": [0, 5, 9],
			"to": [16, 6.5, 9.5],
			"faces": {
				"north": {
					"uv": [9.016, 9.516, 10.484, 10.984],
					"texture": "#1",
					"rotation": 270
				},
				"east": {
					"uv": [12.016, 9.516, 12.484, 10.984],
					"texture": "#1"
				},
				"south": {
					"uv": [5.016, 5.016, 6.484, 6.484],
					"texture": "#1"
				},
				"west": {
					"uv": [9.016, 9.516, 9.484, 10.984],
					"texture": "#1"
				},
				"up": {
					"uv": [9.016, 9.516, 9.484, 10.984],
					"texture": "#1",
					"rotation": 270
				},
				"down": {
					"uv": [9.016, 9.516, 9.484, 10.984],
					"texture": "#1",
					"rotation": 90
				}
			},
			"type": "cube"
		},
		{
			"name": "Hammer detail right E",
			"from": [0, 5, 12],
			"to": [16, 6.5, 12.5],
			"faces": {
				"north": {
					"uv": [0.016, 0.016, 1.484, 1.484],
					"texture": "#1"
				},
				"east": {
					"uv": [9.016, 9.516, 9.484, 10.984],
					"texture": "#1"
				},
				"south": {
					"uv": [11.016, 9.516, 12.484, 10.984],
					"texture": "#1",
					"rotation": 90
				},
				"west": {
					"uv": [12.016, 9.516, 12.484, 10.984],
					"texture": "#1"
				},
				"up": {
					"uv": [9.016, 9.516, 9.484, 10.984],
					"texture": "#1",
					"rotation": 270
				},
				"down": {
					"uv": [12.016, 9.516, 12.484, 10.984],
					"texture": "#1",
					"rotation": 90
				}
			},
			"type": "cube"
		},
		{
			"name": "cube",
			"from": [14.5, 0, 13.5],
			"to": [16, 2.5, 14],
			"faces": {
				"north": {"uv": [0.5, 7, 2, 9.5], "texture": "#1"},
				"east": {"uv": [0.5, 7, 1, 9.5], "texture": "#1"},
				"south": {"uv": [0.5, 7, 2, 9.5], "texture": "#1"},
				"west": {"uv": [0, 7, 0.5, 9.5], "texture": "#1"},
				"up": {
					"uv": [0, 7, 1.5, 7.5],
					"texture": "#1",
					"rotation": 90
				},
				"down": {"uv": [14.5, 2, 16, 2.5], "texture": "#3"}
			},
			"type": "cube"
		},
		{
			"name": "cube",
			"from": [14.5, 6.5, 13.5],
			"to": [16, 9, 14],
			"faces": {
				"north": {"uv": [0.5, 7, 2, 9.5], "texture": "#1"},
				"east": {"uv": [0.5, 7, 1, 9.5], "texture": "#1"},
				"south": {"uv": [0.5, 7, 2, 9.5], "texture": "#1"},
				"west": {"uv": [0, 7, 0.5, 9.5], "texture": "#1"},
				"up": {
					"uv": [0, 7, 1.5, 7.5],
					"texture": "#1",
					"rotation": 90
				},
				"down": {
					"uv": [0, 7, 1.5, 7.5],
					"texture": "#1",
					"rotation": 270
				}
			},
			"type": "cube"
		},
		{
			"name": "cube",
			"from": [14.5, 6.5, 2],
			"to": [16, 9, 2.5],
			"faces": {
				"north": {"uv": [0.5, 7, 2, 9.5], "texture": "#1"},
				"east": {"uv": [0.5, 7, 1, 9.5], "texture": "#1"},
				"south": {"uv": [0.5, 7, 2, 9.5], "texture": "#1"},
				"west": {"uv": [0, 7, 0.5, 9.5], "texture": "#1"},
				"up": {
					"uv": [0, 7, 1.5, 7.5],
					"texture": "#1",
					"rotation": 90
				},
				"down": {
					"uv": [0, 7, 1.5, 7.5],
					"texture": "#1",
					"rotation": 270
				}
			},
			"type": "cube"
		},
		{
			"name": "cube",
			"from": [14.5, 0, 2],
			"to": [16, 2.5, 2.5],
			"faces": {
				"north": {"uv": [0.5, 7, 2, 9.5], "texture": "#1"},
				"east": {"uv": [0.5, 7, 1, 9.5], "texture": "#1"},
				"south": {"uv": [0.5, 7, 2, 9.5], "texture": "#1"},
				"west": {"uv": [0, 7, 0.5, 9.5], "texture": "#1"},
				"up": {
					"uv": [0, 7, 1.5, 7.5],
					"texture": "#1",
					"rotation": 90
				},
				"down": {
					"uv": [14.5, 13.5, 16, 14],
					"texture": "#3"
				}
			},
			"type": "cube"
		},
		{
			"name": "cube",
			"from": [0, 0, 2],
			"to": [1.5, 2.5, 2.5],
			"faces": {
				"north": {"uv": [0.5, 7, 2, 9.5], "texture": "#1"},
				"east": {"uv": [0.5, 7, 1, 9.5], "texture": "#1"},
				"south": {"uv": [0.5, 7, 2, 9.5], "texture": "#1"},
				"west": {"uv": [0, 7, 0.5, 9.5], "texture": "#1"},
				"up": {
					"uv": [0, 7, 1.5, 7.5],
					"texture": "#1",
					"rotation": 90
				},
				"down": {"uv": [0, 14, 1.5, 14.5], "texture": "#3"}
			},
			"type": "cube"
		},
		{
			"name": "cube",
			"from": [0, 6.5, 2],
			"to": [1.5, 9, 2.5],
			"faces": {
				"north": {"uv": [0.5, 7, 2, 9.5], "texture": "#1"},
				"east": {"uv": [0.5, 7, 1, 9.5], "texture": "#1"},
				"south": {"uv": [0.5, 7, 2, 9.5], "texture": "#1"},
				"west": {"uv": [0, 7, 0.5, 9.5], "texture": "#1"},
				"up": {
					"uv": [0, 7, 1.5, 7.5],
					"texture": "#1",
					"rotation": 90
				},
				"down": {
					"uv": [0, 7, 1.5, 7.5],
					"texture": "#1",
					"rotation": 270
				}
			},
			"type": "cube"
		},
		{
			"name": "cube",
			"from": [0, 6.5, 13.5],
			"to": [1.5, 9, 14],
			"faces": {
				"north": {"uv": [0.5, 7, 2, 9.5], "texture": "#1"},
				"east": {"uv": [0.5, 7, 1, 9.5], "texture": "#1"},
				"south": {"uv": [0.5, 7, 2, 9.5], "texture": "#1"},
				"west": {"uv": [0, 7, 0.5, 9.5], "texture": "#1"},
				"up": {
					"uv": [0, 7, 1.5, 7.5],
					"texture": "#1",
					"rotation": 90
				},
				"down": {
					"uv": [0, 7, 1.5, 7.5],
					"texture": "#1",
					"rotation": 270
				}
			},
			"type": "cube"
		},
		{
			"name": "cube",
			"from": [0, 0, 13.5],
			"to": [1.5, 2.5, 14],
			"faces": {
				"north": {"uv": [0.5, 7, 2, 9.5], "texture": "#1"},
				"east": {"uv": [0.5, 7, 1, 9.5], "texture": "#1"},
				"south": {"uv": [0.5, 7, 2, 9.5], "texture": "#1"},
				"west": {"uv": [0, 7, 0.5, 9.5], "texture": "#1"},
				"up": {
					"uv": [0, 7, 1.5, 7.5],
					"texture": "#1",
					"rotation": 90
				},
				"down": {"uv": [0, 2, 1.5, 2.5], "texture": "#3"}
			},
			"type": "cube"
		},
		{
			"name": "cube",
			"from": [1.9999999999999991, 6.5, 14.5],
			"to": [2.499999999999999, 9, 16],
			"faces": {
				"north": {"uv": [0.5, 7, 1, 9.5], "texture": "#1"},
				"east": {"uv": [0.5, 7, 2, 9.5], "texture": "#1"},
				"south": {"uv": [0.5, 7, 1, 9.5], "texture": "#1"},
				"west": {"uv": [0, 7, 1.5, 9.5], "texture": "#1"},
				"up": {
					"uv": [1, 7, 2.5, 7.5],
					"texture": "#1",
					"rotation": 90
				},
				"down": {
					"uv": [0, 7, 1.5, 7.5],
					"texture": "#1",
					"rotation": 270
				}
			},
			"type": "cube"
		},
		{
			"name": "cube",
			"from": [1.9999999999999991, 0, 14.5],
			"to": [2.499999999999999, 2.5, 16],
			"faces": {
				"north": {"uv": [0.5, 7, 1, 9.5], "texture": "#1"},
				"east": {"uv": [0.5, 7, 2, 9.5], "texture": "#1"},
				"south": {"uv": [0.5, 7, 1, 9.5], "texture": "#1"},
				"west": {"uv": [0, 7, 1.5, 9.5], "texture": "#1"},
				"up": {
					"uv": [1, 7, 2.5, 7.5],
					"texture": "#1",
					"rotation": 90
				},
				"down": {"uv": [2, 0, 2.5, 1.5], "texture": "#3"}
			},
			"type": "cube"
		},
		{
			"name": "cube",
			"from": [13.5, 6.5, 14.5],
			"to": [14, 9, 16],
			"faces": {
				"north": {"uv": [0.5, 7, 1, 9.5], "texture": "#1"},
				"east": {"uv": [0.5, 7, 2, 9.5], "texture": "#1"},
				"south": {"uv": [0.5, 7, 1, 9.5], "texture": "#1"},
				"west": {"uv": [0, 7, 1.5, 9.5], "texture": "#1"},
				"up": {
					"uv": [1, 7, 2.5, 7.5],
					"texture": "#1",
					"rotation": 90
				},
				"down": {
					"uv": [0, 7, 1.5, 7.5],
					"texture": "#1",
					"rotation": 270
				}
			},
			"type": "cube"
		},
		{
			"name": "cube",
			"from": [13.5, 0, 14.5],
			"to": [14, 2.5, 16],
			"faces": {
				"north": {"uv": [0.5, 7, 1, 9.5], "texture": "#1"},
				"east": {"uv": [0.5, 7, 2, 9.5], "texture": "#1"},
				"south": {"uv": [0.5, 7, 1, 9.5], "texture": "#1"},
				"west": {"uv": [0, 7, 1.5, 9.5], "texture": "#1"},
				"up": {
					"uv": [1, 7, 2.5, 7.5],
					"texture": "#1",
					"rotation": 90
				},
				"down": {"uv": [13.5, 0, 14, 1.5], "texture": "#3"}
			},
			"type": "cube"
		},
		{
			"name": "cube",
			"from": [1.9999999999999991, 6.5, 0],
			"to": [2.499999999999999, 9, 1.5],
			"faces": {
				"north": {"uv": [0.5, 7, 1, 9.5], "texture": "#1"},
				"east": {"uv": [0.5, 7, 2, 9.5], "texture": "#1"},
				"south": {"uv": [0.5, 7, 1, 9.5], "texture": "#1"},
				"west": {"uv": [0, 7, 1.5, 9.5], "texture": "#1"},
				"up": {
					"uv": [1, 7, 2.5, 7.5],
					"texture": "#1",
					"rotation": 90
				},
				"down": {
					"uv": [0, 7, 1.5, 7.5],
					"texture": "#1",
					"rotation": 270
				}
			},
			"type": "cube"
		},
		{
			"name": "cube",
			"from": [13.5, 6.5, 0],
			"to": [14, 9, 1.5],
			"faces": {
				"north": {"uv": [0.5, 7, 1, 9.5], "texture": "#1"},
				"east": {"uv": [0.5, 7, 2, 9.5], "texture": "#1"},
				"south": {"uv": [0.5, 7, 1, 9.5], "texture": "#1"},
				"west": {"uv": [0, 7, 1.5, 9.5], "texture": "#1"},
				"up": {
					"uv": [1, 7, 2.5, 7.5],
					"texture": "#1",
					"rotation": 90
				},
				"down": {
					"uv": [0, 7, 1.5, 7.5],
					"texture": "#1",
					"rotation": 270
				}
			},
			"type": "cube"
		},
		{
			"name": "cube",
			"from": [13.5, 0, 0],
			"to": [14, 2.5, 1.5],
			"faces": {
				"north": {"uv": [0.5, 7, 1, 9.5], "texture": "#1"},
				"east": {"uv": [0.5, 7, 2, 9.5], "texture": "#1"},
				"south": {"uv": [0.5, 7, 1, 9.5], "texture": "#1"},
				"west": {"uv": [0, 7, 1.5, 9.5], "texture": "#1"},
				"up": {
					"uv": [1, 7, 2.5, 7.5],
					"texture": "#1",
					"rotation": 90
				},
				"down": {
					"uv": [13.5, 14.5, 14, 16],
					"texture": "#3"
				}
			},
			"type": "cube"
		},
		{
			"name": "cube",
			"from": [1.9999999999999991, 0, 0],
			"to": [2.499999999999999, 2.5, 1.5],
			"faces": {
				"north": {"uv": [0.5, 7, 1, 9.5], "texture": "#1"},
				"east": {"uv": [0.5, 7, 2, 9.5], "texture": "#1"},
				"south": {"uv": [0.5, 7, 1, 9.5], "texture": "#1"},
				"west": {"uv": [0, 7, 1.5, 9.5], "texture": "#1"},
				"up": {
					"uv": [1, 7, 2.5, 7.5],
					"texture": "#1",
					"rotation": 90
				},
				"down": {"uv": [2.5, 14.5, 3, 16], "texture": "#3"}
			},
			"type": "cube"
		},
		{
			"name": "blade N",
			"from": [10, 2.5, 1],
			"to": [12, 7, 15],
			"faces": {
				"north": {
					"uv": [4.016, 9.016, 5.984, 13.484],
					"texture": "#4"
				},
				"east": {
					"uv": [4.016, 9.016, 4.484, 13.484],
					"texture": "#4"
				},
				"south": {
					"uv": [4.016, 9.016, 5.984, 13.484],
					"texture": "#4"
				},
				"west": {
					"uv": [5.516, 9.016, 5.984, 13.484],
					"texture": "#4"
				},
				"up": {
					"uv": [4.016, 9.016, 5.984, 9.484],
					"texture": "#4"
				},
				"down": {
					"uv": [4.516, 13.516, 4.984, 13.984],
					"texture": "#4"
				}
			},
			"type": "cube"
		},
		{
			"name": "handle N",
			"from": [10.5, 7, 1],
			"to": [11.5, 12, 15],
			"faces": {
				"north": {
					"uv": [4.516, 4.016, 5.484, 8.984],
					"texture": "#4"
				},
				"east": {
					"uv": [4.516, 4.016, 4.984, 8.984],
					"texture": "#4"
				},
				"south": {
					"uv": [4.516, 4.016, 5.484, 8.984],
					"texture": "#4"
				},
				"west": {
					"uv": [5.016, 4.016, 5.484, 8.984],
					"texture": "#4"
				},
				"up": {
					"uv": [4.516, 4.016, 5.484, 4.484],
					"texture": "#4"
				},
				"down": {
					"uv": [0.016, 0.016, 0.984, 0.484],
					"texture": "#4"
				}
			},
			"type": "cube"
		},
		{
			"name": "hook N",
			"from": [10, 9.5, 0.5],
			"to": [12, 11, 1.5],
			"faces": {
				"north": {"uv": [4, 4.5, 6, 6], "texture": "#4"},
				"east": {"uv": [4, 4.5, 5, 6], "texture": "#4"},
				"south": {"uv": [4, 4.5, 6, 6], "texture": "#4"},
				"west": {"uv": [5, 4.5, 6, 6], "texture": "#4"},
				"up": {"uv": [4, 5, 6, 6], "texture": "#4"},
				"down": {"uv": [4, 5, 6, 6], "texture": "#4"}
			},
			"type": "cube"
		},
		{
			"name": "point 1 N",
			"from": [10, 2, 1],
			"to": [11.5, 2.5, 15],
			"faces": {
				"north": {
					"uv": [4.516, 13.516, 5.984, 13.984],
					"texture": "#4"
				},
				"east": {
					"uv": [4.516, 13.516, 4.984, 13.984],
					"texture": "#4"
				},
				"south": {
					"uv": [4.516, 13.516, 5.984, 13.984],
					"texture": "#4"
				},
				"west": {
					"uv": [5.516, 13.516, 5.984, 13.984],
					"texture": "#4"
				},
				"up": {
					"uv": [0.016, 0.016, 1.484, 0.484],
					"texture": "#4"
				},
				"down": {
					"uv": [4.516, 13.516, 4.984, 13.984],
					"texture": "#4"
				}
			},
			"type": "cube"
		},
		{
			"name": "point 2 N",
			"from": [10, 1.5, 1],
			"to": [11, 2, 15],
			"faces": {
				"north": {
					"uv": [5.016, 14.016, 5.984, 14.484],
					"texture": "#4"
				},
				"east": {
					"uv": [5.516, 14.516, 5.984, 14.984],
					"texture": "#4"
				},
				"south": {
					"uv": [5.016, 14.016, 5.984, 14.484],
					"texture": "#4"
				},
				"west": {
					"uv": [5.516, 14.016, 5.984, 14.484],
					"texture": "#4"
				},
				"up": {
					"uv": [0.016, 0.016, 0.984, 0.484],
					"texture": "#4"
				},
				"down": {
					"uv": [5.016, 14.016, 5.484, 14.484],
					"texture": "#4"
				}
			},
			"type": "cube"
		},
		{
			"name": "point 3 N",
			"from": [10, 1, 1],
			"to": [10.5, 1.5, 15],
			"faces": {
				"north": {
					"uv": [5.516, 14.516, 5.984, 14.984],
					"texture": "#4"
				},
				"east": {
					"uv": [5.516, 14.516, 5.984, 14.984],
					"texture": "#4"
				},
				"south": {
					"uv": [5.516, 14.516, 5.984, 14.984],
					"texture": "#4"
				},
				"west": {
					"uv": [5.516, 14.516, 5.984, 14.984],
					"texture": "#4"
				},
				"up": {
					"uv": [0.016, 0.016, 0.484, 0.484],
					"texture": "#4"
				},
				"down": {
					"uv": [5.516, 14.516, 5.984, 14.984],
					"texture": "#4"
				}
			},
			"type": "cube"
		},
		{
			"name": "hook S",
			"from": [10, 9.5, 14],
			"to": [12, 11, 15.5],
			"faces": {
				"north": {
					"uv": [4.016, 4.516, 5.984, 5.984],
					"texture": "#4"
				},
				"east": {
					"uv": [5.016, 4.516, 5.984, 5.984],
					"texture": "#4"
				},
				"south": {
					"uv": [4.016, 4.516, 5.984, 5.984],
					"texture": "#4"
				},
				"west": {
					"uv": [4.016, 4.516, 4.984, 5.984],
					"texture": "#4"
				},
				"up": {
					"uv": [4.016, 5.016, 5.984, 5.984],
					"texture": "#4",
					"rotation": 180
				},
				"down": {
					"uv": [4.016, 5.016, 5.984, 5.984],
					"texture": "#4",
					"rotation": 180
				}
			},
			"type": "cube"
		},
		{
			"name": "N",
			"from": [5, 5, 1],
			"to": [6.5, 7.5, 15],
			"faces": {
				"north": {
					"uv": [9.516, 8.516, 10.984, 10.984],
					"texture": "#4"
				},
				"east": {
					"uv": [9.516, 8.516, 9.984, 10.984],
					"texture": "#4"
				},
				"south": {
					"uv": [9.516, 8.516, 10.984, 10.984],
					"texture": "#4"
				},
				"west": {
					"uv": [10.516, 8.516, 10.984, 10.984],
					"texture": "#4"
				},
				"up": {
					"uv": [9.516, 8.516, 10.984, 8.984],
					"texture": "#4"
				},
				"down": {
					"uv": [9.516, 10.516, 10.984, 10.984],
					"texture": "#4"
				}
			},
			"type": "cube"
		},
		{
			"name": "N",
			"from": [6, 7.5, 1],
			"to": [7, 9.5, 15],
			"faces": {
				"north": {
					"uv": [9.016, 6.516, 9.984, 8.484],
					"texture": "#4"
				},
				"east": {
					"uv": [9.016, 6.516, 9.484, 8.484],
					"texture": "#4"
				},
				"south": {
					"uv": [10.516, 6.516, 11.484, 8.484],
					"texture": "#4"
				},
				"west": {
					"uv": [9.516, 6.516, 9.984, 8.484],
					"texture": "#4"
				},
				"up": {
					"uv": [9.016, 8.016, 9.984, 8.484],
					"texture": "#4"
				},
				"down": {
					"uv": [9.016, 8.016, 9.984, 8.484],
					"texture": "#4"
				}
			},
			"type": "cube"
		},
		{
			"name": "N",
			"from": [4.5, 7.5, 1],
			"to": [5.5, 9.5, 15],
			"faces": {
				"north": {
					"uv": [10.516, 6.516, 11.484, 8.484],
					"texture": "#4"
				},
				"east": {
					"uv": [10.516, 6.516, 10.984, 8.484],
					"texture": "#4"
				},
				"south": {
					"uv": [9.016, 6.516, 9.984, 8.484],
					"texture": "#4"
				},
				"west": {
					"uv": [11.016, 6.516, 11.484, 8.484],
					"texture": "#4"
				},
				"up": {
					"uv": [9.016, 8.016, 9.484, 8.484],
					"texture": "#4"
				},
				"down": {
					"uv": [9.016, 8.016, 9.984, 8.484],
					"texture": "#4"
				}
			},
			"type": "cube"
		},
		{
			"name": "N",
			"from": [4, 8.5, 1],
			"to": [5, 10, 15],
			"faces": {
				"north": {
					"uv": [11.016, 6.016, 11.984, 7.484],
					"texture": "#4"
				},
				"east": {
					"uv": [11.016, 6.016, 11.484, 7.484],
					"texture": "#4"
				},
				"south": {
					"uv": [8.516, 6.016, 9.484, 7.484],
					"texture": "#4"
				},
				"west": {
					"uv": [11.516, 6.016, 11.984, 7.484],
					"texture": "#4"
				},
				"up": {
					"uv": [9.016, 8.016, 9.484, 8.484],
					"texture": "#4"
				},
				"down": {
					"uv": [9.016, 8.016, 9.984, 8.484],
					"texture": "#4"
				}
			},
			"type": "cube"
		},
		{
			"name": "N",
			"from": [6.5, 8.5, 1],
			"to": [7.5, 10, 15],
			"faces": {
				"north": {
					"uv": [8.516, 6.016, 9.484, 7.484],
					"texture": "#4"
				},
				"east": {
					"uv": [8.516, 6.016, 8.984, 7.484],
					"texture": "#4"
				},
				"south": {
					"uv": [11.016, 6.016, 11.984, 7.484],
					"texture": "#4"
				},
				"west": {
					"uv": [9.016, 6.016, 9.484, 7.484],
					"texture": "#4"
				},
				"up": {
					"uv": [9.016, 8.016, 9.984, 8.484],
					"texture": "#4"
				},
				"down": {
					"uv": [9.016, 8.016, 9.984, 8.484],
					"texture": "#4"
				}
			},
			"type": "cube"
		},
		{
			"name": "N",
			"from": [7, 9.5, 1],
			"to": [8, 11, 15],
			"faces": {
				"north": {
					"uv": [8.016, 5.016, 8.984, 6.484],
					"texture": "#4"
				},
				"east": {
					"uv": [8.016, 5.016, 8.484, 6.484],
					"texture": "#4"
				},
				"south": {
					"uv": [11.516, 5.016, 12.484, 6.484],
					"texture": "#4"
				},
				"west": {
					"uv": [8.516, 5.016, 8.984, 6.484],
					"texture": "#4"
				},
				"up": {
					"uv": [8.016, 5.016, 8.984, 5.484],
					"texture": "#4"
				},
				"down": {
					"uv": [9.016, 8.016, 9.984, 8.484],
					"texture": "#4"
				}
			},
			"type": "cube"
		},
		{
			"name": "N",
			"from": [3.5, 9.5, 1],
			"to": [4.5, 11, 15],
			"faces": {
				"north": {
					"uv": [11.516, 5.016, 12.484, 6.484],
					"texture": "#4"
				},
				"east": {
					"uv": [11.516, 5.016, 11.984, 6.484],
					"texture": "#4"
				},
				"south": {
					"uv": [8.016, 5.016, 8.984, 6.484],
					"texture": "#4"
				},
				"west": {
					"uv": [12.016, 5.016, 12.484, 6.484],
					"texture": "#4"
				},
				"up": {
					"uv": [11.516, 5.016, 12.484, 5.484],
					"texture": "#4"
				},
				"down": {
					"uv": [9.016, 8.016, 9.984, 8.484],
					"texture": "#4"
				}
			},
			"type": "cube"
		},
		{
			"name": "N",
			"from": [4.5, 4, 1],
			"to": [5.5, 5, 15],
			"faces": {
				"north": {
					"uv": [10.516, 11.016, 11.484, 11.984],
					"texture": "#4"
				},
				"east": {
					"uv": [10.516, 11.016, 10.984, 11.984],
					"texture": "#4"
				},
				"south": {
					"uv": [9.016, 11.016, 9.984, 11.984],
					"texture": "#4"
				},
				"west": {
					"uv": [9.016, 11.016, 9.484, 11.984],
					"texture": "#4"
				},
				"up": {
					"uv": [9.016, 11.016, 9.984, 11.484],
					"texture": "#4"
				},
				"down": {
					"uv": [10.516, 11.516, 11.484, 11.984],
					"texture": "#4"
				}
			},
			"type": "cube"
		},
		{
			"name": "N",
			"from": [6, 4, 1],
			"to": [7, 5, 15],
			"faces": {
				"north": {
					"uv": [9.016, 11.016, 9.984, 11.984],
					"texture": "#4"
				},
				"east": {
					"uv": [9.016, 11.016, 9.484, 11.984],
					"texture": "#4"
				},
				"south": {
					"uv": [10.516, 11.016, 11.484, 11.984],
					"texture": "#4"
				},
				"west": {
					"uv": [9.516, 11.016, 9.984, 11.984],
					"texture": "#4"
				},
				"up": {
					"uv": [9.016, 11.016, 9.984, 11.484],
					"texture": "#4",
					"rotation": 180
				},
				"down": {
					"uv": [9.016, 11.516, 9.984, 11.984],
					"texture": "#4"
				}
			},
			"type": "cube"
		},
		{
			"name": "N",
			"from": [6.5, 2, 1],
			"to": [7.5, 4, 15],
			"faces": {
				"north": {
					"uv": [8.516, 12.016, 9.484, 13.984],
					"texture": "#4"
				},
				"east": {
					"uv": [8.516, 12.016, 8.984, 13.984],
					"texture": "#4"
				},
				"south": {
					"uv": [11.016, 12.016, 11.984, 13.984],
					"texture": "#4"
				},
				"west": {
					"uv": [9.016, 12.016, 9.484, 13.984],
					"texture": "#4"
				},
				"up": {
					"uv": [8.516, 12.016, 9.484, 12.484],
					"texture": "#4"
				},
				"down": {
					"uv": [9.016, 14.016, 9.984, 14.484],
					"texture": "#4"
				}
			},
			"type": "cube"
		},
		{
			"name": "N",
			"from": [4, 2, 1],
			"to": [5, 4, 15],
			"faces": {
				"north": {
					"uv": [11.016, 12.016, 11.984, 13.984],
					"texture": "#4"
				},
				"east": {
					"uv": [11.016, 12.016, 11.484, 13.984],
					"texture": "#4"
				},
				"south": {
					"uv": [8.516, 12.016, 9.484, 13.984],
					"texture": "#4"
				},
				"west": {
					"uv": [11.516, 12.016, 11.984, 13.984],
					"texture": "#4"
				},
				"up": {
					"uv": [11.016, 12.016, 11.984, 12.484],
					"texture": "#4"
				},
				"down": {
					"uv": [9.016, 14.016, 9.984, 14.484],
					"texture": "#4"
				}
			},
			"type": "cube"
		},
		{
			"name": "N",
			"from": [4.5, 1.5, 1],
			"to": [5.5, 2, 15],
			"faces": {
				"north": {
					"uv": [10.516, 14.016, 11.484, 14.484],
					"texture": "#4"
				},
				"east": {
					"uv": [9.016, 14.016, 9.984, 14.484],
					"texture": "#4"
				},
				"south": {
					"uv": [9.016, 14.016, 9.984, 14.484],
					"texture": "#4"
				},
				"west": {
					"uv": [9.016, 14.016, 9.484, 14.484],
					"texture": "#4"
				},
				"up": {
					"uv": [11.016, 13.516, 11.984, 13.984],
					"texture": "#4",
					"rotation": 180
				},
				"down": {
					"uv": [9.016, 14.016, 9.984, 14.484],
					"texture": "#4"
				}
			},
			"type": "cube"
		},
		{
			"name": "N",
			"from": [6, 1.5, 1],
			"to": [7, 2, 15],
			"faces": {
				"north": {
					"uv": [9.016, 14.016, 9.984, 14.484],
					"texture": "#4"
				},
				"east": {
					"uv": [9.016, 14.016, 9.984, 14.484],
					"texture": "#4"
				},
				"south": {
					"uv": [9.016, 14.016, 9.984, 14.484],
					"texture": "#4"
				},
				"west": {
					"uv": [9.016, 14.016, 9.984, 14.484],
					"texture": "#4"
				},
				"up": {
					"uv": [9.016, 13.516, 9.484, 13.984],
					"texture": "#4"
				},
				"down": {
					"uv": [9.016, 14.016, 9.984, 14.484],
					"texture": "#4"
				}
			},
			"type": "cube"
		},
		{
			"name": "Big hook E",
			"from": [14.5, 9.5, 5],
			"to": [16, 11, 6.5],
			"faces": {
				"north": {
					"uv": [5.016, 5.016, 6.484, 6.484],
					"texture": "#1"
				},
				"east": {
					"uv": [10.016, 5.016, 11.484, 6.484],
					"texture": "#1"
				},
				"south": {
					"uv": [5.016, 5.016, 6.484, 6.484],
					"texture": "#1"
				},
				"west": {
					"uv": [5.016, 5.016, 6.484, 6.484],
					"texture": "#1"
				},
				"up": {
					"uv": [5.016, 5.016, 6.484, 6.484],
					"texture": "#1",
					"rotation": 180
				},
				"down": {
					"uv": [5.016, 5.016, 6.484, 6.484],
					"texture": "#1",
					"rotation": 180
				}
			},
			"type": "cube"
		},
		{
			"name": "Big hook E",
			"from": [14.5, 9.5, 10],
			"to": [16, 11, 11.5],
			"faces": {
				"north": {
					"uv": [5.016, 5.016, 6.484, 6.484],
					"texture": "#1"
				},
				"east": {
					"uv": [10.016, 5.016, 11.484, 6.484],
					"texture": "#1"
				},
				"south": {
					"uv": [5.016, 5.016, 6.484, 6.484],
					"texture": "#1"
				},
				"west": {
					"uv": [5.016, 5.016, 6.484, 6.484],
					"texture": "#1"
				},
				"up": {
					"uv": [5.016, 5.016, 6.484, 6.484],
					"texture": "#1",
					"rotation": 180
				},
				"down": {
					"uv": [5.016, 5.016, 6.484, 6.484],
					"texture": "#1",
					"rotation": 180
				}
			},
			"type": "cube"
		},
		{
			"name": "Big hook E",
			"from": [5, 5.5, 0.5],
			"to": [6.5, 7, 1],
			"faces": {
				"north": {"uv": [5, 5, 6.5, 6.5], "texture": "#1"},
				"east": {"uv": [10.5, 5, 11, 6.5], "texture": "#1"},
				"south": {"uv": [5, 5, 6.5, 6.5], "texture": "#1"},
				"west": {"uv": [5.5, 5, 6, 6.5], "texture": "#1"},
				"up": {
					"uv": [5.5, 5, 6, 6.5],
					"texture": "#1",
					"rotation": 90
				},
				"down": {
					"uv": [5.5, 5, 6, 6.5],
					"texture": "#1",
					"rotation": 90
				}
			},
			"type": "cube"
		},
		{
			"name": "Big hook E",
			"from": [5, 5.5, 15],
			"to": [6.5, 7, 15.5],
			"faces": {
				"north": {"uv": [5, 5, 6.5, 6.5], "texture": "#1"},
				"east": {"uv": [10.5, 5, 11, 6.5], "texture": "#1"},
				"south": {"uv": [5, 5, 6.5, 6.5], "texture": "#1"},
				"west": {"uv": [5.5, 5, 6, 6.5], "texture": "#1"},
				"up": {
					"uv": [5.5, 5, 6, 6.5],
					"texture": "#1",
					"rotation": 90
				},
				"down": {
					"uv": [5.5, 5, 6, 6.5],
					"texture": "#1",
					"rotation": 90
				}
			},
			"type": "cube"
		}
	],
	"display": {
		"thirdperson_righthand": {
			"scale": [0.375, 0.375, 0.375],
			"translation": [0, 0, -2.5],
			"rotation": [40, 0, 0]
		},
		"gui": {
			"scale": [0.7, 0.7, 0.7],
			"rotation": [26.5, 45, 0]
		},
		"thirdperson_lefthand": {
			"scale": [0.375, 0.375, 0.375],
			"rotation": [40, 0, 0],
			"translation": [0, 0, -2.5]
		},
		"firstperson_righthand": {
			"scale": [0.375, 0.375, 0.375]
		},
		"firstperson_lefthand": {
			"scale": [0.375, 0.375, 0.375]
		},
		"ground": {"scale": [0.375, 0.375, 0.375]}
	}
}