{
	"credit": "Made with Blockbench",
	"textures": {
		"0": "item/dye/white_dye",
		"particle": "item/dye/white_dye"
	},
	"elements": [
		{
			"from": [4, 0, 4],
			"to": [12, 1, 12],
			"rotation": {"angle": 45, "axis": "y", "origin": [8, 8, 8]},
			"faces": {
				"north": {"uv": [8, 8, 16, 9], "texture": "#0"},
				"east": {"uv": [8, 8, 16, 9], "texture": "#0"},
				"south": {"uv": [8, 8, 16, 9], "texture": "#0"},
				"west": {"uv": [8, 8, 16, 9], "texture": "#0"},
				"up": {"uv": [8, 0, 16, 8], "texture": "#0"},
				"down": {"uv": [8, 0, 16, 8], "texture": "#0"}
			}
		},
		{
			"from": [4.5, 1, 3.5],
			"to": [11.5, 9, 4.5],
			"rotation": {"angle": 45, "axis": "y", "origin": [8, 8, 8]},
			"faces": {
				"north": {"uv": [0, 0, 7, 8], "texture": "#0"},
				"east": {"uv": [7, 0, 8, 8], "texture": "#0"},
				"south": {"uv": [8.5, 0, 15.5, 8], "texture": "#0"},
				"west": {"uv": [7, 0, 8, 8], "texture": "#0"},
				"up": {"uv": [0, 8, 7, 9], "texture": "#0"},
				"down": {"uv": [0, 8, 7, 9], "texture": "#0"}
			}
		},
		{
			"from": [3.5, 1, 4.5],
			"to": [4.5, 9, 11.5],
			"rotation": {"angle": 45, "axis": "y", "origin": [8, 8, 8]},
			"faces": {
				"north": {"uv": [7, 0, 8, 8], "texture": "#0"},
				"east": {"uv": [8.5, 0, 15.5, 8], "texture": "#0"},
				"south": {"uv": [7, 0, 8, 8], "texture": "#0"},
				"west": {"uv": [0, 0, 7, 8], "texture": "#0"},
				"up": {"uv": [0, 8, 7, 9], "rotation": 270, "texture": "#0"},
				"down": {"uv": [0, 8, 7, 9], "rotation": 90, "texture": "#0"}
			}
		},
		{
			"from": [4.5, 1, 11.5],
			"to": [11.5, 9, 12.5],
			"rotation": {"angle": 45, "axis": "y", "origin": [8, 8, 8]},
			"faces": {
				"north": {"uv": [8.5, 0, 15.5, 8], "texture": "#0"},
				"east": {"uv": [7, 0, 8, 8], "texture": "#0"},
				"south": {"uv": [0, 0, 7, 8], "texture": "#0"},
				"west": {"uv": [7, 0, 8, 8], "texture": "#0"},
				"up": {"uv": [0, 8, 7, 9], "rotation": 180, "texture": "#0"},
				"down": {"uv": [0, 8, 7, 9], "rotation": 180, "texture": "#0"}
			}
		},
		{
			"from": [11.5, 1, 4.5],
			"to": [12.5, 9, 11.5],
			"rotation": {"angle": 45, "axis": "y", "origin": [8, 8, 8]},
			"faces": {
				"north": {"uv": [7, 0, 8, 8], "texture": "#0"},
				"east": {"uv": [0, 0, 7, 8], "texture": "#0"},
				"south": {"uv": [7, 0, 8, 8], "texture": "#0"},
				"west": {"uv": [8.5, 0, 15.5, 8], "texture": "#0"},
				"up": {"uv": [0, 8, 7, 9], "rotation": 90, "texture": "#0"},
				"down": {"uv": [0, 8, 7, 9], "rotation": 270, "texture": "#0"}
			}
		},
		{
			"name": "dye powder",
			"from": [4.5, 1, 4.5],
			"to": [11.5, 7, 11.5],
			"rotation": {"angle": 45, "axis": "y", "origin": [8, 8, 8]},
			"faces": {
				"north": {"uv": [1, 10, 6, 15], "texture": "#0"},
				"east": {"uv": [1, 10, 6, 15], "texture": "#0"},
				"south": {"uv": [1, 10, 6, 15], "texture": "#0"},
				"west": {"uv": [1, 10, 6, 15], "texture": "#0"},
				"up": {"uv": [1, 10, 6, 15], "texture": "#0"},
				"down": {"uv": [1, 10, 6, 15], "texture": "#0"}
			}
		},
		{
			"name": "spoon",
			"from": [4.5, 6, 7.25],
			"to": [5, 13, 8.75],
			"rotation": {"angle": 22.5, "axis": "z", "origin": [8, 8, 8]},
			"faces": {
				"north": {"uv": [9, 9, 9.5, 16], "texture": "#0"},
				"east": {"uv": [8, 9, 9.5, 16], "texture": "#0"},
				"south": {"uv": [8, 9, 8.5, 16], "texture": "#0"},
				"west": {"uv": [9.5, 9, 8, 16], "texture": "#0"},
				"up": {"uv": [8, 9, 9.5, 9.5], "rotation": 270, "texture": "#0"},
				"down": {"uv": [8, 9, 9.5, 9.5], "rotation": 90, "texture": "#0"}
			}
		}
	],
	"display": {
		"thirdperson_righthand": {
			"rotation": [60, 0, 0],
			"scale": [0.3, 0.3, 0.3]
		},
		"thirdperson_lefthand": {
			"rotation": [60, 0, 0],
			"scale": [0.3, 0.3, 0.3]
		},
		"firstperson_righthand": {
			"rotation": [20, 0, 20],
			"translation": [2, 2, 0],
			"scale": [0.3, 0.3, 0.3]
		},
		"firstperson_lefthand": {
			"rotation": [20, 0, 20],
			"translation": [2, 2, 0],
			"scale": [0.3, 0.3, 0.3]
		},
		"ground": {
			"scale": [0.4, 0.4, 0.4]
		},
		"gui": {
			"rotation": [30, -20, 0],
			"translation": [0, 2, 0],
			"scale": [0.8, 0.8, 0.8]
		},
		"head": {
			"translation": [0, 10, 0],
			"scale": [0.5, 0.5, 0.5]
		},
		"fixed": {
			"rotation": [-20, 0, 0],
			"translation": [0, 2, 0]
		}
	}
}