{
	"credit": "Made with Blockbench",
	"parent": "block/block",
	"texture_size": [32, 32],
	"textures": {
		"particle": "create:block/controller_rail_base",
		"base": "create:block/controller_rail_base",
		"tint": "create:block/controller_rail_tint",
		"1_rail": "create:block/rail_model",
		"bottom": "create:block/controller_rail_bottom"
	},
	"elements": [
		{
			"from": [11.5, 4.25, 15.1],
			"to": [14, 4.5, 18.1],
			"rotation": {"angle": 45, "axis": "x", "origin": [8, 6.84091, 13.5]},
			"faces": {
				"north": {"uv": [11.5, 1, 14, 1.5], "rotation": 180, "texture": "#base"},
				"east": {"uv": [13.5, 1, 14, 4], "rotation": 90, "texture": "#base"},
				"south": {"uv": [11.5, 3.5, 14, 4], "texture": "#base"},
				"west": {"uv": [11.5, 1, 12, 4], "rotation": 270, "texture": "#base"},
				"up": {"uv": [11.5, 1, 14, 4], "texture": "#base"}
			}
		},
		{
			"from": [12, 4.5, 14.6],
			"to": [13.5, 4.75, 18.6],
			"rotation": {"angle": 45, "axis": "x", "origin": [8, 6.84091, 13.5]},
			"faces": {
				"north": {"uv": [12, 0.5, 13.5, 1], "rotation": 180, "texture": "#base"},
				"east": {"uv": [13, 0.5, 13.5, 4.5], "rotation": 90, "texture": "#base"},
				"south": {"uv": [12, 4, 13.5, 4.5], "texture": "#base"},
				"west": {"uv": [12, 0.5, 12.5, 4.5], "rotation": 270, "texture": "#base"},
				"up": {"uv": [12, 0.5, 13.5, 4.5], "texture": "#base"}
			}
		},
		{
			"from": [2, 4.25, 15.1],
			"to": [4.5, 4.5, 18.1],
			"rotation": {"angle": 45, "axis": "x", "origin": [8, 6.84091, 13.5]},
			"faces": {
				"north": {"uv": [11.5, 1, 14, 1.5], "rotation": 180, "texture": "#base"},
				"east": {"uv": [13.5, 1, 14, 4], "rotation": 90, "texture": "#base"},
				"south": {"uv": [11.5, 3.5, 14, 4], "texture": "#base"},
				"west": {"uv": [11.5, 1, 12, 4], "rotation": 270, "texture": "#base"},
				"up": {"uv": [11.5, 1, 14, 4], "texture": "#base"}
			}
		},
		{
			"from": [2.5, 4.5, 14.6],
			"to": [4, 4.75, 18.6],
			"rotation": {"angle": 45, "axis": "x", "origin": [8, 6.84091, 13.5]},
			"faces": {
				"north": {"uv": [12, 0.5, 13.5, 1], "rotation": 180, "texture": "#base"},
				"east": {"uv": [13, 0.5, 13.5, 4.5], "rotation": 90, "texture": "#base"},
				"south": {"uv": [12, 4, 13.5, 4.5], "texture": "#base"},
				"west": {"uv": [12, 0.5, 12.5, 4.5], "rotation": 270, "texture": "#base"},
				"up": {"uv": [12, 0.5, 13.5, 4.5], "texture": "#base"}
			}
		},
		{
			"from": [2.5, 4.5, 3.6],
			"to": [4, 4.75, 7.6],
			"rotation": {"angle": 45, "axis": "x", "origin": [8, 6.84091, 13.5]},
			"faces": {
				"north": {"uv": [12, 0.5, 13.5, 1], "rotation": 180, "texture": "#base"},
				"east": {"uv": [13, 0.5, 13.5, 4.5], "rotation": 90, "texture": "#base"},
				"south": {"uv": [12, 4, 13.5, 4.5], "texture": "#base"},
				"west": {"uv": [12, 0.5, 12.5, 4.5], "rotation": 270, "texture": "#base"},
				"up": {"uv": [12, 0.5, 13.5, 4.5], "texture": "#base"}
			}
		},
		{
			"from": [2, 4.25, 4.1],
			"to": [4.5, 4.5, 7.1],
			"rotation": {"angle": 45, "axis": "x", "origin": [8, 6.84091, 13.5]},
			"faces": {
				"north": {"uv": [11.5, 1, 14, 1.5], "rotation": 180, "texture": "#base"},
				"east": {"uv": [13.5, 1, 14, 4], "rotation": 90, "texture": "#base"},
				"south": {"uv": [11.5, 3.5, 14, 4], "texture": "#base"},
				"west": {"uv": [11.5, 1, 12, 4], "rotation": 270, "texture": "#base"},
				"up": {"uv": [11.5, 1, 14, 4], "texture": "#base"}
			}
		},
		{
			"from": [11.5, 4.25, 4.1],
			"to": [14, 4.5, 7.1],
			"rotation": {"angle": 45, "axis": "x", "origin": [8, 6.84091, 13.5]},
			"faces": {
				"north": {"uv": [11.5, 1, 14, 1.5], "rotation": 180, "texture": "#base"},
				"east": {"uv": [13.5, 1, 14, 4], "rotation": 90, "texture": "#base"},
				"south": {"uv": [11.5, 3.5, 14, 4], "texture": "#base"},
				"west": {"uv": [11.5, 1, 12, 4], "rotation": 270, "texture": "#base"},
				"up": {"uv": [11.5, 1, 14, 4], "texture": "#base"}
			}
		},
		{
			"from": [12, 4.5, 3.6],
			"to": [13.5, 4.75, 7.6],
			"rotation": {"angle": 45, "axis": "x", "origin": [8, 6.84091, 13.5]},
			"faces": {
				"north": {"uv": [12, 0.5, 13.5, 1], "rotation": 180, "texture": "#base"},
				"east": {"uv": [13, 0.5, 13.5, 4.5], "rotation": 90, "texture": "#base"},
				"south": {"uv": [12, 4, 13.5, 4.5], "texture": "#base"},
				"west": {"uv": [12, 0.5, 12.5, 4.5], "rotation": 270, "texture": "#base"},
				"up": {"uv": [12, 0.5, 13.5, 4.5], "texture": "#base"}
			}
		},
		{
			"from": [2.5, 4.5, 9.1],
			"to": [4, 4.75, 13.1],
			"rotation": {"angle": 45, "axis": "x", "origin": [8, 6.84091, 13.5]},
			"faces": {
				"north": {"uv": [12, 0.5, 13.5, 1], "rotation": 180, "texture": "#base"},
				"east": {"uv": [13, 0.5, 13.5, 4.5], "rotation": 90, "texture": "#base"},
				"south": {"uv": [12, 4, 13.5, 4.5], "texture": "#base"},
				"west": {"uv": [12, 0.5, 12.5, 4.5], "rotation": 270, "texture": "#base"},
				"up": {"uv": [12, 0.5, 13.5, 4.5], "texture": "#base"}
			}
		},
		{
			"from": [2, 4.25, 9.6],
			"to": [4.5, 4.5, 12.6],
			"rotation": {"angle": 45, "axis": "x", "origin": [8, 6.84091, 13.5]},
			"faces": {
				"north": {"uv": [11.5, 1, 14, 1.5], "rotation": 180, "texture": "#base"},
				"east": {"uv": [13.5, 1, 14, 4], "rotation": 90, "texture": "#base"},
				"south": {"uv": [11.5, 3.5, 14, 4], "texture": "#base"},
				"west": {"uv": [11.5, 1, 12, 4], "rotation": 270, "texture": "#base"},
				"up": {"uv": [11.5, 1, 14, 4], "texture": "#base"}
			}
		},
		{
			"from": [11.5, 4.25, 9.6],
			"to": [14, 4.5, 12.6],
			"rotation": {"angle": 45, "axis": "x", "origin": [8, 6.84091, 13.5]},
			"faces": {
				"north": {"uv": [11.5, 1, 14, 1.5], "rotation": 180, "texture": "#base"},
				"east": {"uv": [13.5, 1, 14, 4], "rotation": 90, "texture": "#base"},
				"south": {"uv": [11.5, 3.5, 14, 4], "texture": "#base"},
				"west": {"uv": [11.5, 1, 12, 4], "rotation": 270, "texture": "#base"},
				"up": {"uv": [11.5, 1, 14, 4], "texture": "#base"}
			}
		},
		{
			"from": [12, 4.5, 9.1],
			"to": [13.5, 4.75, 13.1],
			"rotation": {"angle": 45, "axis": "x", "origin": [8, 6.84091, 13.5]},
			"faces": {
				"north": {"uv": [12, 0.5, 13.5, 1], "rotation": 180, "texture": "#base"},
				"east": {"uv": [13, 0.5, 13.5, 4.5], "rotation": 90, "texture": "#base"},
				"south": {"uv": [12, 4, 13.5, 4.5], "texture": "#base"},
				"west": {"uv": [12, 0.5, 12.5, 4.5], "rotation": 270, "texture": "#base"},
				"up": {"uv": [12, 0.5, 13.5, 4.5], "texture": "#base"}
			}
		},
		{
			"from": [2.5, 4.5, -1.9],
			"to": [4, 4.75, 2.1],
			"rotation": {"angle": 45, "axis": "x", "origin": [8, 6.84091, 13.5]},
			"faces": {
				"north": {"uv": [12, 0.5, 13.5, 1], "rotation": 180, "texture": "#base", "cullface": "up"},
				"east": {"uv": [13, 0.5, 13.5, 4.5], "rotation": 90, "texture": "#base"},
				"south": {"uv": [12, 4, 13.5, 4.5], "texture": "#base"},
				"west": {"uv": [12, 0.5, 12.5, 4.5], "rotation": 270, "texture": "#base"},
				"up": {"uv": [12, 0.5, 13.5, 4.5], "texture": "#base"}
			}
		},
		{
			"from": [2, 4.25, -1.4],
			"to": [4.5, 4.5, 1.6],
			"rotation": {"angle": 45, "axis": "x", "origin": [8, 6.84091, 13.5]},
			"faces": {
				"north": {"uv": [11.5, 1, 14, 1.5], "rotation": 180, "texture": "#base"},
				"east": {"uv": [13.5, 1, 14, 4], "rotation": 90, "texture": "#base"},
				"south": {"uv": [11.5, 3.5, 14, 4], "texture": "#base"},
				"west": {"uv": [11.5, 1, 12, 4], "rotation": 270, "texture": "#base"},
				"up": {"uv": [11.5, 1, 14, 4], "texture": "#base"}
			}
		},
		{
			"from": [11.5, 4.25, -1.4],
			"to": [14, 4.5, 1.6],
			"rotation": {"angle": 45, "axis": "x", "origin": [8, 6.84091, 13.5]},
			"faces": {
				"north": {"uv": [11.5, 1, 14, 1.5], "rotation": 180, "texture": "#base"},
				"east": {"uv": [13.5, 1, 14, 4], "rotation": 90, "texture": "#base"},
				"south": {"uv": [11.5, 3.5, 14, 4], "texture": "#base"},
				"west": {"uv": [11.5, 1, 12, 4], "rotation": 270, "texture": "#base"},
				"up": {"uv": [11.5, 1, 14, 4], "texture": "#base"}
			}
		},
		{
			"from": [12, 4.5, -1.9],
			"to": [13.5, 4.75, 2.1],
			"rotation": {"angle": 45, "axis": "x", "origin": [8, 6.84091, 13.5]},
			"faces": {
				"north": {"uv": [12, 0.5, 13.5, 1], "rotation": 180, "texture": "#base", "cullface": "up"},
				"east": {"uv": [13, 0.5, 13.5, 4.5], "rotation": 90, "texture": "#base"},
				"south": {"uv": [12, 4, 13.5, 4.5], "texture": "#base"},
				"west": {"uv": [12, 0.5, 12.5, 4.5], "rotation": 270, "texture": "#base"},
				"up": {"uv": [12, 0.5, 13.5, 4.5], "texture": "#base"}
			}
		},
		{
			"from": [0, 8.05, -1.75],
			"to": [16, 8.45, 1.25],
			"rotation": {"angle": 45, "axis": "x", "origin": [8, 8.67917, 8]},
			"faces": {
				"north": {"uv": [0, 1, 16, 1.5], "rotation": 180, "texture": "#1_rail"},
				"east": {"uv": [15.5, 1, 16, 4], "rotation": 90, "texture": "#1_rail", "cullface": "east"},
				"south": {"uv": [0, 3.5, 16, 4], "texture": "#1_rail"},
				"west": {"uv": [0, 1, 0.5, 4], "rotation": 270, "texture": "#1_rail", "cullface": "west"},
				"up": {"uv": [0, 1, 16, 4], "texture": "#1_rail"},
				"down": {"uv": [16, 1, 0, 4], "rotation": 180, "texture": "#1_rail"}
			}
		},
		{
			"from": [0, 8.05, 9.25],
			"to": [16, 8.45, 12.25],
			"rotation": {"angle": 45, "axis": "x", "origin": [8, 8.67917, 8]},
			"faces": {
				"north": {"uv": [0, 1, 16, 1.5], "rotation": 180, "texture": "#1_rail"},
				"east": {"uv": [15.5, 1, 16, 4], "rotation": 90, "texture": "#1_rail", "cullface": "east"},
				"south": {"uv": [0, 3.5, 16, 4], "texture": "#1_rail"},
				"west": {"uv": [0, 1, 0.5, 4], "rotation": 270, "texture": "#1_rail", "cullface": "west"},
				"up": {"uv": [0, 1, 16, 4], "texture": "#1_rail"},
				"down": {"uv": [16, 1, 0, 4], "rotation": 180, "texture": "#1_rail"}
			}
		},
		{
			"from": [0, 8.05, 14.75],
			"to": [16, 8.45, 17.75],
			"rotation": {"angle": 45, "axis": "x", "origin": [8, 8.67917, 8]},
			"faces": {
				"north": {"uv": [0, 1, 16, 1.5], "rotation": 180, "texture": "#1_rail"},
				"east": {"uv": [15.5, 1, 16, 4], "rotation": 90, "texture": "#1_rail", "cullface": "east"},
				"south": {"uv": [0, 3.5, 16, 4], "texture": "#1_rail"},
				"west": {"uv": [0, 1, 0.5, 4], "rotation": 270, "texture": "#1_rail", "cullface": "west"},
				"up": {"uv": [0, 1, 16, 4], "texture": "#1_rail"},
				"down": {"uv": [16, 1, 0, 4], "rotation": 180, "texture": "#1_rail"}
			}
		},
		{
			"from": [0, 8.05, 3.75],
			"to": [16, 8.45, 6.75],
			"rotation": {"angle": 45, "axis": "x", "origin": [8, 8.67917, 8]},
			"faces": {
				"north": {"uv": [0, 1, 16, 1.5], "rotation": 180, "texture": "#1_rail"},
				"east": {"uv": [15.5, 1, 16, 4], "rotation": 90, "texture": "#1_rail", "cullface": "east"},
				"south": {"uv": [0, 3.5, 16, 4], "texture": "#1_rail"},
				"west": {"uv": [0, 1, 0.5, 4], "rotation": 270, "texture": "#1_rail", "cullface": "west"},
				"up": {"uv": [0, 1, 16, 4], "texture": "#1_rail"},
				"down": {"uv": [16, 1, 0, 4], "rotation": 180, "texture": "#1_rail"}
			}
		},
		{
			"from": [0.5, 8.05, -2.25],
			"to": [15.5, 8.55, 1.75],
			"rotation": {"angle": 45, "axis": "x", "origin": [8, 8.67917, 8]},
			"faces": {
				"north": {"uv": [4.5, 0.5, 11.5, 1], "texture": "#1_rail"},
				"east": {"uv": [15, 0.5, 15.5, 4.5], "rotation": 90, "texture": "#1_rail"},
				"south": {"uv": [0.5, 4, 15.5, 4.5], "texture": "#1_rail"},
				"west": {"uv": [0.5, 0.5, 1, 4.5], "rotation": 270, "texture": "#1_rail"},
				"up": {"uv": [0.5, 0.5, 15.5, 4.5], "texture": "#1_rail"},
				"down": {"uv": [15.5, 0.5, 0.5, 4.5], "rotation": 180, "texture": "#1_rail"}
			}
		},
		{
			"from": [0.5, 8.05, 8.75],
			"to": [15.5, 8.55, 12.75],
			"rotation": {"angle": 45, "axis": "x", "origin": [8, 8.67917, 8]},
			"faces": {
				"north": {"uv": [4.5, 0.5, 11.5, 1], "texture": "#1_rail"},
				"east": {"uv": [15, 0.5, 15.5, 4.5], "rotation": 90, "texture": "#1_rail"},
				"south": {"uv": [0.5, 4, 15.5, 4.5], "texture": "#1_rail"},
				"west": {"uv": [0.5, 0.5, 1, 4.5], "rotation": 270, "texture": "#1_rail"},
				"up": {"uv": [0.5, 0.5, 15.5, 4.5], "texture": "#1_rail"},
				"down": {"uv": [15.5, 0.5, 0.5, 4.5], "rotation": 180, "texture": "#1_rail"}
			}
		},
		{
			"from": [0.5, 8.05, 14.25],
			"to": [15.5, 8.55, 18.25],
			"rotation": {"angle": 45, "axis": "x", "origin": [8, 8.67917, 8]},
			"faces": {
				"north": {"uv": [4.5, 0.5, 11.5, 1], "texture": "#1_rail"},
				"east": {"uv": [15, 0.5, 15.5, 4.5], "rotation": 90, "texture": "#1_rail"},
				"south": {"uv": [0.5, 4, 15.5, 4.5], "texture": "#1_rail"},
				"west": {"uv": [0.5, 0.5, 1, 4.5], "rotation": 270, "texture": "#1_rail"},
				"up": {"uv": [0.5, 0.5, 15.5, 4.5], "texture": "#1_rail"},
				"down": {"uv": [15.5, 0.5, 0.5, 4.5], "rotation": 180, "texture": "#1_rail"}
			}
		},
		{
			"from": [0.5, 8.05, 3.25],
			"to": [15.5, 8.55, 7.25],
			"rotation": {"angle": 45, "axis": "x", "origin": [8, 8.67917, 8]},
			"faces": {
				"north": {"uv": [4.5, 0.5, 11.5, 1], "texture": "#1_rail"},
				"east": {"uv": [15, 0.5, 15.5, 4.5], "rotation": 90, "texture": "#1_rail"},
				"south": {"uv": [0.5, 4, 15.5, 4.5], "texture": "#1_rail"},
				"west": {"uv": [0.5, 0.5, 1, 4.5], "rotation": 270, "texture": "#1_rail"},
				"up": {"uv": [0.5, 0.5, 15.5, 4.5], "texture": "#1_rail"},
				"down": {"uv": [15.5, 0.5, 0.5, 4.5], "rotation": 180, "texture": "#1_rail"}
			}
		},
		{
			"from": [2, 8.55248, -3.3638],
			"to": [4.5, 8.72925, 19.4404],
			"rotation": {"angle": 45, "axis": "x", "origin": [8, 8.67917, 8]},
			"faces": {
				"north": {"uv": [0, 5, 0.5, 7.5], "rotation": 270, "texture": "#1_rail", "cullface": "north"},
				"east": {"uv": [0, 5, 16, 5.5], "rotation": 180, "texture": "#1_rail"},
				"south": {"uv": [15.5, 5, 16, 7.5], "rotation": 90, "texture": "#1_rail", "cullface": "south"},
				"west": {"uv": [0, 7, 16, 7.5], "rotation": 90, "texture": "#1_rail"},
				"up": {"uv": [0, 5, 16, 7.5], "rotation": 90, "texture": "#1_rail"},
				"down": {"uv": [0, 5, 16, 7.5], "rotation": 90, "texture": "#1_rail"}
			}
		},
		{
			"from": [11.5, 8.55248, -3.3638],
			"to": [14, 8.72925, 19.4404],
			"rotation": {"angle": 45, "axis": "x", "origin": [8, 8.67917, 8]},
			"faces": {
				"north": {"uv": [0, 5, 0.5, 7.5], "rotation": 270, "texture": "#1_rail", "cullface": "north"},
				"east": {"uv": [0, 5, 16, 5.5], "rotation": 180, "texture": "#1_rail"},
				"south": {"uv": [15.5, 5, 16, 7.5], "rotation": 90, "texture": "#1_rail", "cullface": "south"},
				"west": {"uv": [0, 7, 16, 7.5], "rotation": 90, "texture": "#1_rail"},
				"up": {"uv": [0, 5, 16, 7.5], "rotation": 90, "texture": "#1_rail"},
				"down": {"uv": [0, 5, 16, 7.5], "rotation": 90, "texture": "#1_rail"}
			}
		},
		{
			"from": [2.5, 8.72925, -3.54057],
			"to": [4, 8.90603, 19.26362],
			"rotation": {"angle": 45, "axis": "x", "origin": [8, 8.67917, 8]},
			"faces": {
				"north": {"uv": [0, 5.5, 0.5, 7], "rotation": 270, "texture": "#1_rail", "cullface": "north"},
				"east": {"uv": [0, 5.5, 16, 6], "rotation": 180, "texture": "#1_rail"},
				"south": {"uv": [15.5, 5.5, 16, 7], "rotation": 90, "texture": "#1_rail", "cullface": "south"},
				"west": {"uv": [0, 6.5, 16, 7], "texture": "#1_rail"},
				"up": {"uv": [0, 5.5, 16, 7], "rotation": 90, "texture": "#1_rail"}
			}
		},
		{
			"from": [3, 8.90603, -3.89413],
			"to": [3.5, 9.25958, 19.08685],
			"rotation": {"angle": 45, "axis": "x", "origin": [8, 8.67917, 8]},
			"faces": {
				"north": {"uv": [0, 6, 0.5, 6.5], "rotation": 90, "texture": "#1_rail", "cullface": "north"},
				"east": {"uv": [0, 6, 16, 6.5], "rotation": 180, "texture": "#1_rail"},
				"south": {"uv": [15.5, 6, 16, 6.5], "rotation": 90, "texture": "#1_rail", "cullface": "south"},
				"west": {"uv": [0, 6, 16, 6.5], "texture": "#1_rail"},
				"up": {"uv": [0, 6, 16, 6.5], "rotation": 90, "texture": "#1_rail"}
			}
		},
		{
			"from": [1.5, 8.55, 4.75],
			"to": [5, 8.8, 5.75],
			"rotation": {"angle": 45, "axis": "x", "origin": [8, 8.67917, 8]},
			"faces": {
				"north": {"uv": [0.5, 8.5, 4, 9.5], "texture": "#1_rail"},
				"east": {"uv": [3.5, 8.5, 4, 9.5], "rotation": 90, "texture": "#1_rail"},
				"south": {"uv": [0.5, 9, 4, 9.5], "texture": "#1_rail"},
				"west": {"uv": [0.5, 8.5, 1, 9.5], "rotation": 90, "texture": "#1_rail"},
				"up": {"uv": [0.5, 8.5, 4, 9.5], "texture": "#1_rail"}
			}
		},
		{
			"from": [1.5, 8.55, -0.75],
			"to": [5, 8.8, 0.25],
			"rotation": {"angle": 45, "axis": "x", "origin": [8, 8.67917, 8]},
			"faces": {
				"north": {"uv": [0.5, 8.5, 4, 9.5], "texture": "#1_rail"},
				"east": {"uv": [3.5, 8.5, 4, 9.5], "rotation": 90, "texture": "#1_rail"},
				"south": {"uv": [0.5, 9, 4, 9.5], "texture": "#1_rail"},
				"west": {"uv": [0.5, 8.5, 1, 9.5], "rotation": 90, "texture": "#1_rail"},
				"up": {"uv": [0.5, 8.5, 4, 9.5], "texture": "#1_rail"}
			}
		},
		{
			"from": [2, 8.8, 4.75],
			"to": [4.5, 9.15, 5.75],
			"rotation": {"angle": 45, "axis": "x", "origin": [8, 8.67917, 8]},
			"faces": {
				"north": {"uv": [1, 8.5, 3.5, 9.5], "texture": "#1_rail"},
				"east": {"uv": [3, 8.5, 3.5, 9.5], "rotation": 90, "texture": "#1_rail"},
				"south": {"uv": [1, 9, 3.5, 9.5], "texture": "#1_rail"},
				"west": {"uv": [1, 8.5, 1.5, 9.5], "texture": "#1_rail"},
				"up": {"uv": [1, 8.5, 3.5, 9.5], "texture": "#1_rail"}
			}
		},
		{
			"from": [2, 8.8, -0.75],
			"to": [4.5, 9.15, 0.25],
			"rotation": {"angle": 45, "axis": "x", "origin": [8, 8.67917, 8]},
			"faces": {
				"north": {"uv": [1, 8.5, 3.5, 9.5], "texture": "#1_rail"},
				"east": {"uv": [3, 8.5, 3.5, 9.5], "rotation": 90, "texture": "#1_rail"},
				"south": {"uv": [1, 9, 3.5, 9.5], "texture": "#1_rail"},
				"west": {"uv": [1, 8.5, 1.5, 9.5], "texture": "#1_rail"},
				"up": {"uv": [1, 8.5, 3.5, 9.5], "texture": "#1_rail"}
			}
		},
		{
			"from": [1.5, 8.55, 10.25],
			"to": [5, 8.8, 11.25],
			"rotation": {"angle": 45, "axis": "x", "origin": [8, 8.67917, 8]},
			"faces": {
				"north": {"uv": [0.5, 8.5, 4, 9.5], "texture": "#1_rail"},
				"east": {"uv": [3.5, 8.5, 4, 9.5], "rotation": 90, "texture": "#1_rail"},
				"south": {"uv": [0.5, 9, 4, 9.5], "texture": "#1_rail"},
				"west": {"uv": [0.5, 8.5, 1, 9.5], "rotation": 90, "texture": "#1_rail"},
				"up": {"uv": [0.5, 8.5, 4, 9.5], "texture": "#1_rail"}
			}
		},
		{
			"from": [2, 8.8, 10.25],
			"to": [4.5, 9.15, 11.25],
			"rotation": {"angle": 45, "axis": "x", "origin": [8, 8.67917, 8]},
			"faces": {
				"north": {"uv": [1, 8.5, 3.5, 9.5], "texture": "#1_rail"},
				"east": {"uv": [3, 8.5, 3.5, 9.5], "rotation": 90, "texture": "#1_rail"},
				"south": {"uv": [1, 9, 3.5, 9.5], "texture": "#1_rail"},
				"west": {"uv": [1, 8.5, 1.5, 9.5], "texture": "#1_rail"},
				"up": {"uv": [1, 8.5, 3.5, 9.5], "texture": "#1_rail"}
			}
		},
		{
			"from": [1.5, 8.55, 15.75],
			"to": [5, 8.8, 16.75],
			"rotation": {"angle": 45, "axis": "x", "origin": [8, 8.67917, 8]},
			"faces": {
				"north": {"uv": [0.5, 8.5, 4, 9.5], "texture": "#1_rail"},
				"east": {"uv": [3.5, 8.5, 4, 9.5], "rotation": 90, "texture": "#1_rail"},
				"south": {"uv": [0.5, 9, 4, 9.5], "texture": "#1_rail"},
				"west": {"uv": [0.5, 8.5, 1, 9.5], "rotation": 90, "texture": "#1_rail"},
				"up": {"uv": [0.5, 8.5, 4, 9.5], "texture": "#1_rail"}
			}
		},
		{
			"from": [2, 8.8, 15.75],
			"to": [4.5, 9.15, 16.75],
			"rotation": {"angle": 45, "axis": "x", "origin": [8, 8.67917, 8]},
			"faces": {
				"north": {"uv": [1, 8.5, 3.5, 9.5], "texture": "#1_rail"},
				"east": {"uv": [3, 8.5, 3.5, 9.5], "rotation": 90, "texture": "#1_rail"},
				"south": {"uv": [1, 9, 3.5, 9.5], "texture": "#1_rail"},
				"west": {"uv": [1, 8.5, 1.5, 9.5], "texture": "#1_rail"},
				"up": {"uv": [1, 8.5, 3.5, 9.5], "texture": "#1_rail"}
			}
		},
		{
			"from": [12, 8.72925, -3.54057],
			"to": [13.5, 8.90603, 19.26362],
			"rotation": {"angle": 45, "axis": "x", "origin": [8, 8.67917, 8]},
			"faces": {
				"north": {"uv": [0, 5.5, 0.5, 7], "rotation": 270, "texture": "#1_rail", "cullface": "north"},
				"east": {"uv": [0, 5.5, 16, 6], "rotation": 180, "texture": "#1_rail"},
				"south": {"uv": [15.5, 5.5, 16, 7], "rotation": 90, "texture": "#1_rail", "cullface": "south"},
				"west": {"uv": [0, 6.5, 16, 7], "texture": "#1_rail"},
				"up": {"uv": [0, 5.5, 16, 7], "rotation": 90, "texture": "#1_rail"}
			}
		},
		{
			"from": [12.5, 8.90603, -3.89413],
			"to": [13, 9.25958, 19.08685],
			"rotation": {"angle": 45, "axis": "x", "origin": [8, 8.67917, 8]},
			"faces": {
				"north": {"uv": [0, 6, 0.5, 6.5], "rotation": 90, "texture": "#1_rail", "cullface": "north"},
				"east": {"uv": [0, 6, 16, 6.5], "rotation": 180, "texture": "#1_rail"},
				"south": {"uv": [15.5, 6, 16, 6.5], "rotation": 90, "texture": "#1_rail", "cullface": "south"},
				"west": {"uv": [0, 6, 16, 6.5], "texture": "#1_rail"},
				"up": {"uv": [0, 6, 16, 6.5], "rotation": 90, "texture": "#1_rail"}
			}
		},
		{
			"from": [11, 8.5, 4.75],
			"to": [14.5, 8.75, 5.75],
			"rotation": {"angle": 45, "axis": "x", "origin": [8, 8.67917, 8]},
			"faces": {
				"north": {"uv": [0.5, 8.5, 4, 9.5], "texture": "#1_rail"},
				"east": {"uv": [3.5, 8.5, 4, 9.5], "rotation": 90, "texture": "#1_rail"},
				"south": {"uv": [0.5, 9, 4, 9.5], "texture": "#1_rail"},
				"west": {"uv": [0.5, 8.5, 1, 9.5], "rotation": 90, "texture": "#1_rail"},
				"up": {"uv": [0.5, 8.5, 4, 9.5], "texture": "#1_rail"}
			}
		},
		{
			"from": [11, 8.55, -0.75],
			"to": [14.5, 8.8, 0.25],
			"rotation": {"angle": 45, "axis": "x", "origin": [8, 8.67917, 8]},
			"faces": {
				"north": {"uv": [0.5, 8.5, 4, 9.5], "texture": "#1_rail"},
				"east": {"uv": [3.5, 8.5, 4, 9.5], "rotation": 90, "texture": "#1_rail"},
				"south": {"uv": [0.5, 9, 4, 9.5], "texture": "#1_rail"},
				"west": {"uv": [0.5, 8.5, 1, 9.5], "rotation": 90, "texture": "#1_rail"},
				"up": {"uv": [0.5, 8.5, 4, 9.5], "texture": "#1_rail"}
			}
		},
		{
			"from": [11.5, 8.75, 4.75],
			"to": [14, 9.1, 5.75],
			"rotation": {"angle": 45, "axis": "x", "origin": [8, 8.67917, 8]},
			"faces": {
				"north": {"uv": [1, 8.5, 3.5, 9.5], "texture": "#1_rail"},
				"east": {"uv": [3, 8.5, 3.5, 9.5], "rotation": 90, "texture": "#1_rail"},
				"south": {"uv": [1, 9, 3.5, 9.5], "texture": "#1_rail"},
				"west": {"uv": [1, 8.5, 1.5, 9.5], "texture": "#1_rail"},
				"up": {"uv": [1, 8.5, 3.5, 9.5], "texture": "#1_rail"}
			}
		},
		{
			"from": [11.5, 8.8, -0.75],
			"to": [14, 9.15, 0.25],
			"rotation": {"angle": 45, "axis": "x", "origin": [8, 8.67917, 8]},
			"faces": {
				"north": {"uv": [1, 8.5, 3.5, 9.5], "texture": "#1_rail"},
				"east": {"uv": [3, 8.5, 3.5, 9.5], "rotation": 90, "texture": "#1_rail"},
				"south": {"uv": [1, 9, 3.5, 9.5], "texture": "#1_rail"},
				"west": {"uv": [1, 8.5, 1.5, 9.5], "texture": "#1_rail"},
				"up": {"uv": [1, 8.5, 3.5, 9.5], "texture": "#1_rail"}
			}
		},
		{
			"from": [11, 8.5, 10.25],
			"to": [14.5, 8.75, 11.25],
			"rotation": {"angle": 45, "axis": "x", "origin": [8, 8.67917, 8]},
			"faces": {
				"north": {"uv": [0.5, 8.5, 4, 9.5], "texture": "#1_rail"},
				"east": {"uv": [3.5, 8.5, 4, 9.5], "rotation": 90, "texture": "#1_rail"},
				"south": {"uv": [0.5, 9, 4, 9.5], "texture": "#1_rail"},
				"west": {"uv": [0.5, 8.5, 1, 9.5], "rotation": 90, "texture": "#1_rail"},
				"up": {"uv": [0.5, 8.5, 4, 9.5], "texture": "#1_rail"}
			}
		},
		{
			"from": [11.5, 8.75, 10.25],
			"to": [14, 9.1, 11.25],
			"rotation": {"angle": 45, "axis": "x", "origin": [8, 8.67917, 8]},
			"faces": {
				"north": {"uv": [1, 8.5, 3.5, 9.5], "texture": "#1_rail"},
				"east": {"uv": [3, 8.5, 3.5, 9.5], "rotation": 90, "texture": "#1_rail"},
				"south": {"uv": [1, 9, 3.5, 9.5], "texture": "#1_rail"},
				"west": {"uv": [1, 8.5, 1.5, 9.5], "texture": "#1_rail"},
				"up": {"uv": [1, 8.5, 3.5, 9.5], "texture": "#1_rail"}
			}
		},
		{
			"from": [11, 8.5, 15.75],
			"to": [14.5, 8.75, 16.75],
			"rotation": {"angle": 45, "axis": "x", "origin": [8, 8.67917, 8]},
			"faces": {
				"north": {"uv": [0.5, 8.5, 4, 9.5], "texture": "#1_rail"},
				"east": {"uv": [3.5, 8.5, 4, 9.5], "rotation": 90, "texture": "#1_rail"},
				"south": {"uv": [0.5, 9, 4, 9.5], "texture": "#1_rail"},
				"west": {"uv": [0.5, 8.5, 1, 9.5], "rotation": 90, "texture": "#1_rail"},
				"up": {"uv": [0.5, 8.5, 4, 9.5], "texture": "#1_rail"}
			}
		},
		{
			"from": [11.5, 8.75, 15.75],
			"to": [14, 9.1, 16.75],
			"rotation": {"angle": 45, "axis": "x", "origin": [8, 8.67917, 8]},
			"faces": {
				"north": {"uv": [1, 8.5, 3.5, 9.5], "texture": "#1_rail"},
				"east": {"uv": [3, 8.5, 3.5, 9.5], "rotation": 90, "texture": "#1_rail"},
				"south": {"uv": [1, 9, 3.5, 9.5], "texture": "#1_rail"},
				"west": {"uv": [1, 8.5, 1.5, 9.5], "texture": "#1_rail"},
				"up": {"uv": [1, 8.5, 3.5, 9.5], "texture": "#1_rail"}
			}
		},
		{
			"from": [2, 14.5, 0.75],
			"to": [4.5, 15.25, 1.25],
			"faces": {
				"north": {"uv": [2, 13.5, 2.75, 16], "rotation": 270, "texture": "#1_rail"},
				"east": {"uv": [0.5, 15.5, 1, 16], "rotation": 270, "texture": "#1_rail"},
				"west": {"uv": [0.5, 16, 1.25, 15.5], "rotation": 270, "texture": "#1_rail"}
			}
		},
		{
			"from": [11.5, 14.5, 0.75],
			"to": [14, 15.25, 1.25],
			"faces": {
				"north": {"uv": [2, 13.5, 2.75, 16], "rotation": 270, "texture": "#1_rail"},
				"east": {"uv": [0.5, 15.5, 1, 16], "rotation": 270, "texture": "#1_rail"},
				"west": {"uv": [0.5, 16, 1.25, 15.5], "rotation": 270, "texture": "#1_rail"}
			}
		},
		{
			"from": [2, 13.5, 0.75],
			"to": [4.5, 14.5, 2.25],
			"faces": {
				"north": {"uv": [1, 13.5, 2, 16], "rotation": 270, "texture": "#1_rail"},
				"east": {"uv": [1, 14.5, 2, 16], "rotation": 270, "texture": "#1_rail"},
				"west": {"uv": [1, 16, 2, 14.5], "rotation": 270, "texture": "#1_rail"}
			}
		},
		{
			"from": [11.5, 13.5, 0.75],
			"to": [14, 14.5, 2.25],
			"faces": {
				"north": {"uv": [1, 13.5, 2, 16], "rotation": 270, "texture": "#1_rail"},
				"east": {"uv": [1, 14.5, 2, 16], "rotation": 270, "texture": "#1_rail"},
				"west": {"uv": [1, 16, 2, 14.5], "rotation": 270, "texture": "#1_rail"}
			}
		},
		{
			"from": [2, 0, 0.75],
			"to": [4.5, 13.5, 2.75],
			"faces": {
				"north": {"uv": [0.5, 13.5, 14, 16], "rotation": 270, "texture": "#1_rail"},
				"east": {"uv": [0.5, 14, 14, 16], "rotation": 270, "texture": "#1_rail"},
				"south": {"uv": [0.5, 13.5, 14, 16], "rotation": 270, "texture": "#1_rail"},
				"west": {"uv": [0.5, 16, 14, 14], "rotation": 270, "texture": "#1_rail"},
				"down": {"uv": [13.5, 13.5, 15.5, 16], "rotation": 90, "texture": "#1_rail", "cullface": "down"}
			}
		},
		{
			"from": [11.5, 0, 0.75],
			"to": [14, 13.5, 2.75],
			"faces": {
				"north": {"uv": [0.5, 13.5, 14, 16], "rotation": 270, "texture": "#1_rail"},
				"east": {"uv": [0.5, 14, 14, 16], "rotation": 270, "texture": "#1_rail"},
				"south": {"uv": [0.5, 13.5, 14, 16], "rotation": 270, "texture": "#1_rail"},
				"west": {"uv": [0.5, 16, 14, 14], "rotation": 270, "texture": "#1_rail"},
				"down": {"uv": [13.5, 13.5, 15.5, 16], "rotation": 90, "texture": "#1_rail", "cullface": "down"}
			}
		},
		{
			"from": [2, 0.25, 8.5],
			"to": [4.5, 5.75, 10.5],
			"faces": {
				"north": {"uv": [0.5, 13.5, 6, 16], "rotation": 270, "texture": "#1_rail"},
				"east": {"uv": [0.5, 14, 6, 16], "rotation": 270, "texture": "#1_rail"},
				"south": {"uv": [0.5, 13.5, 6, 16], "rotation": 270, "texture": "#1_rail"},
				"west": {"uv": [0.5, 16, 6, 14], "rotation": 270, "texture": "#1_rail"},
				"down": {"uv": [13.5, 13.5, 15.5, 16], "rotation": 90, "texture": "#1_rail"}
			}
		},
		{
			"from": [11.5, 0.25, 8.5],
			"to": [14, 5.75, 10.5],
			"faces": {
				"north": {"uv": [0.5, 13.5, 6, 16], "rotation": 270, "texture": "#1_rail"},
				"east": {"uv": [0.5, 14, 6, 16], "rotation": 270, "texture": "#1_rail"},
				"south": {"uv": [0.5, 13.5, 6, 16], "rotation": 270, "texture": "#1_rail"},
				"west": {"uv": [0.5, 16, 6, 14], "rotation": 270, "texture": "#1_rail"},
				"down": {"uv": [13.5, 13.5, 15.5, 16], "rotation": 90, "texture": "#1_rail"}
			}
		},
		{
			"from": [2, 5.75, 8.5],
			"to": [4.5, 6.75, 10],
			"faces": {
				"north": {"uv": [1, 13.5, 2, 16], "rotation": 270, "texture": "#1_rail"},
				"east": {"uv": [1, 14.5, 2, 16], "rotation": 270, "texture": "#1_rail"},
				"west": {"uv": [1, 16, 2, 14.5], "rotation": 270, "texture": "#1_rail"}
			}
		},
		{
			"from": [11.5, 5.75, 8.5],
			"to": [14, 6.75, 10],
			"faces": {
				"north": {"uv": [1, 13.5, 2, 16], "rotation": 270, "texture": "#1_rail"},
				"east": {"uv": [1, 14.5, 2, 16], "rotation": 270, "texture": "#1_rail"},
				"west": {"uv": [1, 16, 2, 14.5], "rotation": 270, "texture": "#1_rail"}
			}
		},
		{
			"from": [2, 6.75, 8.5],
			"to": [4.5, 7.5, 9],
			"faces": {
				"north": {"uv": [2, 13.5, 2.75, 16], "rotation": 270, "texture": "#1_rail"},
				"east": {"uv": [0.5, 15.5, 1, 16], "rotation": 270, "texture": "#1_rail"},
				"west": {"uv": [0.5, 16, 1.25, 15.5], "rotation": 270, "texture": "#1_rail"}
			}
		},
		{
			"from": [11.5, 6.75, 8.5],
			"to": [14, 7.5, 9],
			"faces": {
				"north": {"uv": [2, 13.5, 2.75, 16], "rotation": 270, "texture": "#1_rail"},
				"east": {"uv": [0.5, 15.5, 1, 16], "rotation": 270, "texture": "#1_rail"},
				"west": {"uv": [0.5, 16, 1.25, 15.5], "rotation": 270, "texture": "#1_rail"}
			}
		},
		{
			"from": [2.5, 2.75, 2.75],
			"to": [4, 4.25, 8.5],
			"faces": {
				"east": {"uv": [2, 13.5, 7.75, 15], "rotation": 180, "texture": "#1_rail"},
				"west": {"uv": [9, 13.5, 14.75, 15], "rotation": 180, "texture": "#1_rail"},
				"up": {"uv": [3, 14, 8.75, 15.5], "rotation": 90, "texture": "#1_rail"},
				"down": {"uv": [0.5, 14, 6.25, 15.5], "rotation": 90, "texture": "#1_rail"}
			}
		},
		{
			"from": [12, 2.75, 2.75],
			"to": [13.5, 4.25, 8.5],
			"faces": {
				"east": {"uv": [2, 13.5, 7.75, 15], "rotation": 180, "texture": "#1_rail"},
				"west": {"uv": [9, 13.5, 14.75, 15], "rotation": 180, "texture": "#1_rail"},
				"up": {"uv": [3, 14, 8.75, 15.5], "rotation": 90, "texture": "#1_rail"},
				"down": {"uv": [0.5, 14, 6.25, 15.5], "rotation": 90, "texture": "#1_rail"}
			}
		},
		{
			"from": [4.5, 6, 1.25],
			"to": [11.5, 8, 2.25],
			"faces": {
				"north": {"uv": [2.5, 14, 9.5, 16], "texture": "#1_rail"},
				"south": {"uv": [7.5, 14, 14.5, 16], "texture": "#1_rail"},
				"up": {"uv": [7.5, 14, 14.5, 15], "texture": "#1_rail"},
				"down": {"uv": [7.5, 14, 14.5, 15], "texture": "#1_rail"}
			}
		},
		{
			"from": [9, 11.8, 3.8],
			"to": [11, 12.3, 5.8],
			"rotation": {"angle": 45, "axis": "x", "origin": [0, 0, 0]},
			"faces": {
				"north": {"uv": [9, 5, 11, 5.5], "rotation": 180, "texture": "#tint", "tintindex": 0},
				"east": {"uv": [10.5, 5, 11, 7], "rotation": 90, "texture": "#tint", "tintindex": 0},
				"south": {"uv": [9, 6.5, 11, 7], "texture": "#tint", "tintindex": 0},
				"west": {"uv": [9, 5, 9.5, 7], "rotation": 270, "texture": "#tint", "tintindex": 0},
				"up": {"uv": [9, 5, 11, 7], "texture": "#tint", "tintindex": 0}
			}
		},
		{
			"from": [8.5, 11.8, 3.3],
			"to": [10.5, 12.3, 5.3],
			"rotation": {"angle": 45, "axis": "x", "origin": [0, 0, 0]},
			"faces": {
				"north": {"uv": [8.5, 4.5, 10.5, 5], "rotation": 180, "texture": "#tint", "tintindex": 0},
				"east": {"uv": [10, 4.5, 10.5, 6.5], "rotation": 90, "texture": "#tint", "tintindex": 0},
				"south": {"uv": [8.5, 6, 10.5, 6.5], "texture": "#tint", "tintindex": 0},
				"west": {"uv": [8.5, 4.5, 9, 6.5], "rotation": 270, "texture": "#tint", "tintindex": 0},
				"up": {"uv": [8.5, 4.5, 10.5, 6.5], "texture": "#tint", "tintindex": 0}
			}
		},
		{
			"from": [5, 11.8, 3.8],
			"to": [7, 12.3, 5.8],
			"rotation": {"angle": 45, "axis": "x", "origin": [0, 0, 0]},
			"faces": {
				"north": {"uv": [5, 5, 7, 5.5], "rotation": 180, "texture": "#tint", "tintindex": 0},
				"east": {"uv": [5, 6.5, 7, 7], "texture": "#tint", "tintindex": 0},
				"south": {"uv": [5, 6.5, 7, 7], "texture": "#tint", "tintindex": 0},
				"west": {"uv": [5.5, 5, 5, 7], "rotation": 270, "texture": "#tint", "tintindex": 0},
				"up": {"uv": [5, 5, 7, 7], "texture": "#tint", "tintindex": 0}
			}
		},
		{
			"from": [5.5, 11.8, 3.3],
			"to": [7.5, 12.3, 5.3],
			"rotation": {"angle": 45, "axis": "x", "origin": [0, 0, 0]},
			"faces": {
				"north": {"uv": [5.5, 4.5, 7.5, 5], "rotation": 180, "texture": "#tint", "tintindex": 0},
				"east": {"uv": [7, 6, 7.5, 6.5], "rotation": 90, "texture": "#tint", "tintindex": 0},
				"south": {"uv": [7, 6, 7.5, 6.5], "texture": "#tint", "tintindex": 0},
				"west": {"uv": [5.5, 4.5, 6, 6.5], "rotation": 270, "texture": "#tint", "tintindex": 0},
				"up": {"uv": [5.5, 4.5, 7.5, 6.5], "texture": "#tint", "tintindex": 0}
			}
		},
		{
			"from": [6, 11.8, 2.8],
			"to": [10, 12.3, 4.8],
			"rotation": {"angle": 45, "axis": "x", "origin": [0, 0, 0]},
			"faces": {
				"north": {"uv": [6, 4, 10, 4.5], "texture": "#tint", "tintindex": 0},
				"east": {"uv": [8, 4, 10, 4.5], "texture": "#tint", "tintindex": 0},
				"south": {"uv": [6, 5.5, 10, 6], "texture": "#tint", "tintindex": 0},
				"west": {"uv": [6, 4, 8, 4.5], "texture": "#tint", "tintindex": 0},
				"up": {"uv": [6, 4, 10, 6], "texture": "#tint", "tintindex": 0}
			}
		},
		{
			"from": [6.5, 11.8, 2.3],
			"to": [9.5, 12.3, 3.3],
			"rotation": {"angle": 45, "axis": "x", "origin": [0, 0, 0]},
			"faces": {
				"north": {"uv": [6.5, 3.5, 9.5, 4], "texture": "#tint", "tintindex": 0},
				"east": {"uv": [8.5, 3.5, 9.5, 4], "texture": "#tint", "tintindex": 0},
				"south": {"uv": [0, 0, 0, 0], "texture": "#tint", "tintindex": 0},
				"west": {"uv": [6.5, 3.5, 7.5, 4], "texture": "#tint", "tintindex": 0},
				"up": {"uv": [6.5, 3.5, 9.5, 4.5], "texture": "#tint", "tintindex": 0}
			}
		},
		{
			"from": [7, 11.8, 1.8],
			"to": [9, 12.3, 2.8],
			"rotation": {"angle": 45, "axis": "x", "origin": [0, 0, 0]},
			"faces": {
				"north": {"uv": [7, 3, 9, 3.5], "texture": "#tint", "tintindex": 0},
				"east": {"uv": [8, 3, 9, 3.5], "texture": "#tint", "tintindex": 0},
				"south": {"uv": [0, 0, 0, 0], "texture": "#tint", "tintindex": 0},
				"west": {"uv": [7, 3, 8, 3.5], "texture": "#tint", "tintindex": 0},
				"up": {"uv": [7, 3, 9, 4], "texture": "#tint", "tintindex": 0}
			}
		},
		{
			"from": [7.5, 11.8, 1.3],
			"to": [8.5, 12.3, 2.3],
			"rotation": {"angle": 45, "axis": "x", "origin": [0, 0, 0]},
			"faces": {
				"north": {"uv": [7.5, 2.5, 8.5, 3], "texture": "#tint", "tintindex": 0},
				"east": {"uv": [7.5, 2.5, 8.5, 3], "texture": "#tint", "tintindex": 0},
				"south": {"uv": [0, 0, 0, 0], "texture": "#tint", "tintindex": 0},
				"west": {"uv": [7.5, 2.5, 8.5, 3], "texture": "#tint", "tintindex": 0},
				"up": {"uv": [7.5, 2.5, 8.5, 3.5], "texture": "#tint", "tintindex": 0}
			}
		},
		{
			"from": [9, 11.55, 3.3],
			"to": [11, 12.05, 6.3],
			"rotation": {"angle": 45, "axis": "x", "origin": [0, 0, 0]},
			"faces": {
				"north": {"uv": [9, 4.5, 11, 5], "rotation": 180, "texture": "#base"},
				"east": {"uv": [10.5, 4.5, 11, 7.5], "rotation": 90, "texture": "#base"},
				"south": {"uv": [9, 7, 11, 7.5], "texture": "#base"},
				"west": {"uv": [9, 4.5, 9.5, 7.5], "rotation": 270, "texture": "#base"},
				"up": {"uv": [9, 4.5, 11, 7.5], "texture": "#base"}
			}
		},
		{
			"from": [5, 11.55, 3.3],
			"to": [7, 12.05, 6.3],
			"rotation": {"angle": 45, "axis": "x", "origin": [0, 0, 0]},
			"faces": {
				"north": {"uv": [5, 4.5, 7, 5], "rotation": 180, "texture": "#base"},
				"east": {"uv": [6.5, 4.5, 7, 7.5], "rotation": 90, "texture": "#base"},
				"south": {"uv": [5, 7, 7, 7.5], "texture": "#base"},
				"west": {"uv": [5, 4.5, 5.5, 7.5], "rotation": 270, "texture": "#base"},
				"up": {"uv": [5, 4.5, 7, 7.5], "texture": "#base"}
			}
		},
		{
			"from": [4.5, 11.55, 3.8],
			"to": [7.5, 12.05, 5.8],
			"rotation": {"angle": 45, "axis": "x", "origin": [0, 0, 0]},
			"faces": {
				"north": {"uv": [4.5, 5, 7.5, 5.5], "rotation": 180, "texture": "#base"},
				"east": {"uv": [7, 5, 7.5, 7], "rotation": 90, "texture": "#base"},
				"south": {"uv": [4.5, 6.5, 7.5, 7], "texture": "#base"},
				"west": {"uv": [4.5, 5, 5, 7], "rotation": 270, "texture": "#base"},
				"up": {"uv": [4.5, 5, 7.5, 7], "texture": "#base"}
			}
		},
		{
			"from": [8.5, 11.55, 3.8],
			"to": [11.5, 12.05, 5.8],
			"rotation": {"angle": 45, "axis": "x", "origin": [0, 0, 0]},
			"faces": {
				"north": {"uv": [8.5, 5, 11.5, 5.5], "rotation": 180, "texture": "#base"},
				"east": {"uv": [11, 5, 11.5, 7], "rotation": 90, "texture": "#base"},
				"south": {"uv": [8.5, 6.5, 11.5, 7], "texture": "#base"},
				"west": {"uv": [8.5, 5, 9, 7], "rotation": 270, "texture": "#base"},
				"up": {"uv": [8.5, 5, 11.5, 7], "texture": "#base"}
			}
		},
		{
			"from": [5.5, 11.55, 2.8],
			"to": [10.5, 12.05, 5.3],
			"rotation": {"angle": 45, "axis": "x", "origin": [0, 0, 0]},
			"faces": {
				"north": {"uv": [5.5, 4, 10.5, 4.5], "rotation": 180, "texture": "#base"},
				"east": {"uv": [10, 4, 10.5, 6.5], "rotation": 90, "texture": "#base"},
				"south": {"uv": [5.5, 6.5, 10.5, 6], "texture": "#base"},
				"west": {"uv": [5.5, 4, 6, 6.5], "rotation": 270, "texture": "#base"},
				"up": {"uv": [5.5, 4.025, 10.5, 6.5], "texture": "#base"}
			}
		},
		{
			"from": [6, 11.55, 2.3],
			"to": [10, 12.05, 3.3],
			"rotation": {"angle": 45, "axis": "x", "origin": [0, 0, 0]},
			"faces": {
				"north": {"uv": [6, 3.5, 10, 4], "rotation": 180, "texture": "#base"},
				"east": {"uv": [9.5, 3.5, 10, 4.5], "rotation": 90, "texture": "#base"},
				"south": {"uv": [0, 0, 0, 0], "texture": "#base"},
				"west": {"uv": [6, 3.5, 6.5, 4.5], "rotation": 270, "texture": "#base"},
				"up": {"uv": [6, 3.5, 10, 4.5], "texture": "#base"}
			}
		},
		{
			"from": [6.5, 11.55, 1.8],
			"to": [9.5, 12.05, 2.8],
			"rotation": {"angle": 45, "axis": "x", "origin": [0, 0, 0]},
			"faces": {
				"north": {"uv": [6.5, 3, 9.5, 3.5], "rotation": 180, "texture": "#base"},
				"east": {"uv": [9, 3, 9.5, 4], "rotation": 90, "texture": "#base"},
				"south": {"uv": [0, 0, 0, 0], "texture": "#base"},
				"west": {"uv": [6.5, 3, 7, 4], "rotation": 270, "texture": "#base"},
				"up": {"uv": [6.5, 3, 9.5, 4], "texture": "#base"}
			}
		},
		{
			"from": [7, 11.55, 1.3],
			"to": [9, 12.05, 2.3],
			"rotation": {"angle": 45, "axis": "x", "origin": [0, 0, 0]},
			"faces": {
				"north": {"uv": [7, 2.5, 9, 3], "rotation": 180, "texture": "#base"},
				"east": {"uv": [8.5, 2.5, 9, 3.5], "rotation": 90, "texture": "#base"},
				"south": {"uv": [0, 0, 0, 0], "texture": "#base"},
				"west": {"uv": [7, 2.5, 7.5, 3.5], "rotation": 270, "texture": "#base"},
				"up": {"uv": [7, 2.5, 9, 3.5], "texture": "#base"}
			}
		},
		{
			"from": [7.5, 11.55, 0.8],
			"to": [8.5, 12.05, 1.8],
			"rotation": {"angle": 45, "axis": "x", "origin": [0, 0, 0]},
			"faces": {
				"north": {"uv": [7.5, 2, 8.5, 2.5], "rotation": 180, "texture": "#base"},
				"east": {"uv": [8, 2, 8.5, 3], "rotation": 90, "texture": "#base"},
				"south": {"uv": [0, 0, 0, 0], "texture": "#base"},
				"west": {"uv": [7.5, 2, 8, 3], "rotation": 270, "texture": "#base"},
				"up": {"uv": [7.5, 2, 8.5, 3], "texture": "#base"}
			}
		},
		{
			"from": [4.5, 11.3, 3.3],
			"to": [7.5, 11.8, 6.3],
			"rotation": {"angle": 45, "axis": "x", "origin": [0, 0, 0]},
			"faces": {
				"north": {"uv": [4.5, 4.5, 7.5, 5], "rotation": 180, "texture": "#base"},
				"east": {"uv": [7.5, 4.5, 7, 7.5], "rotation": 90, "texture": "#base"},
				"south": {"uv": [4.5, 7, 7.5, 7.5], "texture": "#base"},
				"west": {"uv": [5, 4.5, 4.5, 7.5], "rotation": 270, "texture": "#base"},
				"up": {"uv": [7.5, 7.5, 4.5, 4.5], "rotation": 180, "texture": "#base"},
				"down": {"uv": [8.5, 4.5, 11.5, 7.5], "rotation": 180, "texture": "#bottom"}
			}
		},
		{
			"from": [5, 11.3, 2.8],
			"to": [11, 11.8, 5.8],
			"rotation": {"angle": 45, "axis": "x", "origin": [0, 0, 0]},
			"faces": {
				"north": {"uv": [5, 4, 11, 4.5], "texture": "#base"},
				"east": {"uv": [10.5, 4, 11, 7], "rotation": 90, "texture": "#base"},
				"south": {"uv": [5, 6.5, 11, 7], "texture": "#base"},
				"west": {"uv": [5, 4, 5.5, 7], "rotation": 270, "texture": "#base"},
				"up": {"uv": [5, 4, 11, 7], "texture": "#base"},
				"down": {"uv": [5, 4, 11, 7], "rotation": 180, "texture": "#bottom"}
			}
		},
		{
			"from": [6, 11.3, 1.8],
			"to": [10, 11.8, 2.8],
			"rotation": {"angle": 45, "axis": "x", "origin": [0, 0, 0]},
			"faces": {
				"north": {"uv": [10, 3.5, 6, 3], "texture": "#base"},
				"east": {"uv": [9.5, 3, 10, 4], "rotation": 90, "texture": "#base"},
				"south": {"uv": [0, 0, 0, 0], "texture": "#base"},
				"west": {"uv": [6.5, 4, 6, 3], "rotation": 90, "texture": "#base"},
				"up": {"uv": [6, 4, 10, 3], "rotation": 180, "texture": "#base"},
				"down": {"uv": [6, 3, 10, 4], "rotation": 180, "texture": "#bottom"}
			}
		},
		{
			"from": [7, 11.3, 0.8],
			"to": [9, 11.8, 1.8],
			"rotation": {"angle": 45, "axis": "x", "origin": [0, 0, 0]},
			"faces": {
				"north": {"uv": [7, 2, 9, 2.5], "texture": "#base"},
				"east": {"uv": [8.5, 2, 9, 3], "rotation": 90, "texture": "#base"},
				"south": {"uv": [0, 0, 0, 0], "texture": "#base"},
				"west": {"uv": [7, 2, 7.5, 3], "rotation": 270, "texture": "#base"},
				"up": {"uv": [7, 2, 9, 3], "texture": "#base"},
				"down": {"uv": [7, 2, 9, 3], "rotation": 180, "texture": "#bottom"}
			}
		},
		{
			"from": [8.5, 11.3, 3.3],
			"to": [11.5, 11.8, 6.3],
			"rotation": {"angle": 45, "axis": "x", "origin": [0, 0, 0]},
			"faces": {
				"north": {"uv": [8.5, 4.5, 11.5, 5], "rotation": 180, "texture": "#base"},
				"east": {"uv": [11, 4.5, 11.5, 7.5], "rotation": 90, "texture": "#base"},
				"south": {"uv": [8.5, 7, 11.5, 7.5], "texture": "#base"},
				"west": {"uv": [8.5, 4.5, 9, 7.5], "rotation": 270, "texture": "#base"},
				"up": {"uv": [8.5, 4.5, 11.5, 7.5], "texture": "#base"},
				"down": {"uv": [4.5, 4.5, 7.5, 7.5], "rotation": 180, "texture": "#bottom"}
			}
		},
		{
			"from": [5.5, 11.3, 2.3],
			"to": [10.5, 11.8, 3.3],
			"rotation": {"angle": 45, "axis": "x", "origin": [0, 0, 0]},
			"faces": {
				"north": {"uv": [10.5, 4, 5.5, 3.5], "texture": "#base"},
				"east": {"uv": [10, 4.5, 10.5, 3.5], "rotation": 270, "texture": "#base"},
				"south": {"uv": [0, 0, 0, 0], "texture": "#base"},
				"west": {"uv": [5.5, 4.5, 6, 3.5], "rotation": 90, "texture": "#base"},
				"up": {"uv": [5.5, 4.5, 10.5, 3.5], "rotation": 180, "texture": "#base"},
				"down": {"uv": [5.5, 3.5, 10.5, 4.5], "rotation": 180, "texture": "#bottom"}
			}
		},
		{
			"from": [7.5, 11.3, 0.3],
			"to": [8.5, 11.8, 1.3],
			"rotation": {"angle": 45, "axis": "x", "origin": [0, 0, 0]},
			"faces": {
				"north": {"uv": [7.5, 1.5, 8.5, 2], "texture": "#base"},
				"east": {"uv": [8, 1.5, 8.5, 2.5], "rotation": 90, "texture": "#base"},
				"south": {"uv": [0, 0, 0, 0], "texture": "#base"},
				"west": {"uv": [7.5, 1.5, 8, 2.5], "rotation": 270, "texture": "#base"},
				"up": {"uv": [7.5, 1.5, 8.5, 2.5], "texture": "#base"},
				"down": {"uv": [7.5, 1.5, 8.5, 2.5], "rotation": 180, "texture": "#bottom"}
			}
		},
		{
			"from": [6.5, 11.3, 1.3],
			"to": [9.5, 11.8, 2.3],
			"rotation": {"angle": 45, "axis": "x", "origin": [0, 0, 0]},
			"faces": {
				"north": {"uv": [6.5, 2.5, 9.5, 3], "texture": "#base"},
				"east": {"uv": [9, 2.5, 9.5, 3.5], "rotation": 90, "texture": "#base"},
				"south": {"uv": [0, 0, 0, 0], "texture": "#base"},
				"west": {"uv": [6.5, 2.5, 7, 3.5], "rotation": 270, "texture": "#base"},
				"up": {"uv": [6.5, 2.5, 9.5, 3.5], "texture": "#base"},
				"down": {"uv": [6.5, 2.5, 9.5, 3.5], "rotation": 180, "texture": "#bottom"}
			}
		},
		{
			"from": [5, 11.3, 5.8],
			"to": [7, 11.8, 6.8],
			"rotation": {"angle": 45, "axis": "x", "origin": [0, 0, 0]},
			"faces": {
				"north": {"uv": [5, 7, 7, 7.5], "rotation": 180, "texture": "#base"},
				"east": {"uv": [7, 7, 6.5, 8], "rotation": 90, "texture": "#base"},
				"south": {"uv": [5, 7.5, 7, 8], "texture": "#base"},
				"west": {"uv": [5.5, 7, 5, 8], "rotation": 270, "texture": "#base"},
				"up": {"uv": [7, 8, 5, 7], "rotation": 180, "texture": "#base"},
				"down": {"uv": [7, 7, 5, 8], "rotation": 180, "texture": "#bottom"}
			}
		},
		{
			"from": [9, 11.3, 5.8],
			"to": [11, 11.8, 6.8],
			"rotation": {"angle": 45, "axis": "x", "origin": [0, 0, 0]},
			"faces": {
				"north": {"uv": [9, 7, 11, 7.5], "rotation": 180, "texture": "#base"},
				"east": {"uv": [11, 7, 10.5, 8], "rotation": 90, "texture": "#base"},
				"south": {"uv": [9, 7.5, 11, 8], "texture": "#base"},
				"west": {"uv": [9.5, 7, 9, 8], "rotation": 270, "texture": "#base"},
				"up": {"uv": [11, 8, 9, 7], "rotation": 180, "texture": "#base"},
				"down": {"uv": [11, 7, 9, 8], "rotation": 180, "texture": "#bottom"}
			}
		},
		{
			"from": [9, 11.8, -5.2],
			"to": [11, 12.3, -3.2],
			"rotation": {"angle": 45, "axis": "x", "origin": [0, 0, 0]},
			"faces": {
				"north": {"uv": [9, 5, 11, 5.5], "rotation": 180, "texture": "#tint", "tintindex": 0},
				"east": {"uv": [10.5, 5, 11, 7], "rotation": 90, "texture": "#tint", "tintindex": 0},
				"south": {"uv": [9, 6.5, 11, 7], "texture": "#tint", "tintindex": 0},
				"west": {"uv": [9, 5, 9.5, 7], "rotation": 270, "texture": "#tint", "tintindex": 0},
				"up": {"uv": [9, 5, 11, 7], "texture": "#tint", "tintindex": 0}
			}
		},
		{
			"from": [8.5, 11.8, -5.7],
			"to": [10.5, 12.3, -3.7],
			"rotation": {"angle": 45, "axis": "x", "origin": [0, 0, 0]},
			"faces": {
				"north": {"uv": [8.5, 4.5, 10.5, 5], "rotation": 180, "texture": "#tint", "tintindex": 0},
				"east": {"uv": [10, 4.5, 10.5, 6.5], "rotation": 90, "texture": "#tint", "tintindex": 0},
				"south": {"uv": [8.5, 6, 10.5, 6.5], "texture": "#tint", "tintindex": 0},
				"west": {"uv": [8.5, 4.5, 9, 6.5], "rotation": 270, "texture": "#tint", "tintindex": 0},
				"up": {"uv": [8.5, 4.5, 10.5, 6.5], "texture": "#tint", "tintindex": 0}
			}
		},
		{
			"from": [5, 11.8, -5.2],
			"to": [7, 12.3, -3.2],
			"rotation": {"angle": 45, "axis": "x", "origin": [0, 0, 0]},
			"faces": {
				"north": {"uv": [5, 5, 7, 5.5], "rotation": 180, "texture": "#tint", "tintindex": 0},
				"east": {"uv": [5, 6.5, 7, 7], "texture": "#tint", "tintindex": 0},
				"south": {"uv": [5, 6.5, 7, 7], "texture": "#tint", "tintindex": 0},
				"west": {"uv": [5.5, 5, 5, 7], "rotation": 270, "texture": "#tint", "tintindex": 0},
				"up": {"uv": [5, 5, 7, 7], "texture": "#tint", "tintindex": 0}
			}
		},
		{
			"from": [5.5, 11.8, -5.7],
			"to": [7.5, 12.3, -3.7],
			"rotation": {"angle": 45, "axis": "x", "origin": [0, 0, 0]},
			"faces": {
				"north": {"uv": [5.5, 4.5, 7.5, 5], "rotation": 180, "texture": "#tint", "tintindex": 0},
				"east": {"uv": [7, 6, 7.5, 6.5], "rotation": 90, "texture": "#tint", "tintindex": 0},
				"south": {"uv": [7, 6, 7.5, 6.5], "texture": "#tint", "tintindex": 0},
				"west": {"uv": [5.5, 4.5, 6, 6.5], "rotation": 270, "texture": "#tint", "tintindex": 0},
				"up": {"uv": [5.5, 4.5, 7.5, 6.5], "texture": "#tint", "tintindex": 0}
			}
		},
		{
			"from": [6, 11.8, -6.2],
			"to": [10, 12.3, -4.2],
			"rotation": {"angle": 45, "axis": "x", "origin": [0, 0, 0]},
			"faces": {
				"north": {"uv": [6, 4, 10, 4.5], "texture": "#tint", "tintindex": 0},
				"east": {"uv": [8, 4, 10, 4.5], "texture": "#tint", "tintindex": 0},
				"south": {"uv": [6, 5.5, 10, 6], "texture": "#tint", "tintindex": 0},
				"west": {"uv": [6, 4, 8, 4.5], "texture": "#tint", "tintindex": 0},
				"up": {"uv": [6, 4, 10, 6], "texture": "#tint", "tintindex": 0}
			}
		},
		{
			"from": [6.5, 11.8, -6.7],
			"to": [9.5, 12.3, -5.7],
			"rotation": {"angle": 45, "axis": "x", "origin": [0, 0, 0]},
			"faces": {
				"north": {"uv": [6.5, 3.5, 9.5, 4], "texture": "#tint", "tintindex": 0},
				"east": {"uv": [8.5, 3.5, 9.5, 4], "texture": "#tint", "tintindex": 0},
				"south": {"uv": [0, 0, 0, 0], "texture": "#tint", "tintindex": 0},
				"west": {"uv": [6.5, 3.5, 7.5, 4], "texture": "#tint", "tintindex": 0},
				"up": {"uv": [6.5, 3.5, 9.5, 4.5], "texture": "#tint", "tintindex": 0}
			}
		},
		{
			"from": [7, 11.8, -7.2],
			"to": [9, 12.3, -6.2],
			"rotation": {"angle": 45, "axis": "x", "origin": [0, 0, 0]},
			"faces": {
				"north": {"uv": [7, 3, 9, 3.5], "texture": "#tint", "tintindex": 0},
				"east": {"uv": [8, 3, 9, 3.5], "texture": "#tint", "tintindex": 0},
				"south": {"uv": [0, 0, 0, 0], "texture": "#tint", "tintindex": 0},
				"west": {"uv": [7, 3, 8, 3.5], "texture": "#tint", "tintindex": 0},
				"up": {"uv": [7, 3, 9, 4], "texture": "#tint", "tintindex": 0}
			}
		},
		{
			"from": [7.5, 11.8, -7.7],
			"to": [8.5, 12.3, -6.7],
			"rotation": {"angle": 45, "axis": "x", "origin": [0, 0, 0]},
			"faces": {
				"north": {"uv": [7.5, 2.5, 8.5, 3], "texture": "#tint", "tintindex": 0},
				"east": {"uv": [7.5, 2.5, 8.5, 3], "texture": "#tint", "tintindex": 0},
				"south": {"uv": [0, 0, 0, 0], "texture": "#tint", "tintindex": 0},
				"west": {"uv": [7.5, 2.5, 8.5, 3], "texture": "#tint", "tintindex": 0},
				"up": {"uv": [7.5, 2.5, 8.5, 3.5], "texture": "#tint", "tintindex": 0}
			}
		},
		{
			"from": [9, 11.55, -5.7],
			"to": [11, 12.05, -2.7],
			"rotation": {"angle": 45, "axis": "x", "origin": [0, 0, 0]},
			"faces": {
				"north": {"uv": [9, 4.5, 11, 5], "rotation": 180, "texture": "#base"},
				"east": {"uv": [10.5, 4.5, 11, 7.5], "rotation": 90, "texture": "#base"},
				"south": {"uv": [9, 7, 11, 7.5], "texture": "#base"},
				"west": {"uv": [9, 4.5, 9.5, 7.5], "rotation": 270, "texture": "#base"},
				"up": {"uv": [9, 4.5, 11, 7.5], "texture": "#base"}
			}
		},
		{
			"from": [5, 11.55, -5.7],
			"to": [7, 12.05, -2.7],
			"rotation": {"angle": 45, "axis": "x", "origin": [0, 0, 0]},
			"faces": {
				"north": {"uv": [5, 4.5, 7, 5], "rotation": 180, "texture": "#base"},
				"east": {"uv": [6.5, 4.5, 7, 7.5], "rotation": 90, "texture": "#base"},
				"south": {"uv": [5, 7, 7, 7.5], "texture": "#base"},
				"west": {"uv": [5, 4.5, 5.5, 7.5], "rotation": 270, "texture": "#base"},
				"up": {"uv": [5, 4.5, 7, 7.5], "texture": "#base"}
			}
		},
		{
			"from": [4.5, 11.55, -5.2],
			"to": [7.5, 12.05, -3.2],
			"rotation": {"angle": 45, "axis": "x", "origin": [0, 0, 0]},
			"faces": {
				"north": {"uv": [4.5, 5, 7.5, 5.5], "rotation": 180, "texture": "#base"},
				"east": {"uv": [7, 5, 7.5, 7], "rotation": 90, "texture": "#base"},
				"south": {"uv": [4.5, 6.5, 7.5, 7], "texture": "#base"},
				"west": {"uv": [4.5, 5, 5, 7], "rotation": 270, "texture": "#base"},
				"up": {"uv": [4.5, 5, 7.5, 7], "texture": "#base"}
			}
		},
		{
			"from": [8.5, 11.55, -5.2],
			"to": [11.5, 12.05, -3.2],
			"rotation": {"angle": 45, "axis": "x", "origin": [0, 0, 0]},
			"faces": {
				"north": {"uv": [8.5, 5, 11.5, 5.5], "rotation": 180, "texture": "#base"},
				"east": {"uv": [11, 5, 11.5, 7], "rotation": 90, "texture": "#base"},
				"south": {"uv": [8.5, 6.5, 11.5, 7], "texture": "#base"},
				"west": {"uv": [8.5, 5, 9, 7], "rotation": 270, "texture": "#base"},
				"up": {"uv": [8.5, 5, 11.5, 7], "texture": "#base"}
			}
		},
		{
			"from": [5.5, 11.55, -6.2],
			"to": [10.5, 12.05, -3.7],
			"rotation": {"angle": 45, "axis": "x", "origin": [0, 0, 0]},
			"faces": {
				"north": {"uv": [5.5, 4, 10.5, 4.5], "rotation": 180, "texture": "#base"},
				"east": {"uv": [10, 4, 10.5, 6.5], "rotation": 90, "texture": "#base"},
				"south": {"uv": [5.5, 6.5, 10.5, 6], "texture": "#base"},
				"west": {"uv": [5.5, 4, 6, 6.5], "rotation": 270, "texture": "#base"},
				"up": {"uv": [5.5, 4.025, 10.5, 6.5], "texture": "#base"}
			}
		},
		{
			"from": [6, 11.55, -6.7],
			"to": [10, 12.05, -5.7],
			"rotation": {"angle": 45, "axis": "x", "origin": [0, 0, 0]},
			"faces": {
				"north": {"uv": [6, 3.5, 10, 4], "rotation": 180, "texture": "#base"},
				"east": {"uv": [9.5, 3.5, 10, 4.5], "rotation": 90, "texture": "#base"},
				"south": {"uv": [0, 0, 0, 0], "texture": "#base"},
				"west": {"uv": [6, 3.5, 6.5, 4.5], "rotation": 270, "texture": "#base"},
				"up": {"uv": [6, 3.5, 10, 4.5], "texture": "#base"}
			}
		},
		{
			"from": [6.5, 11.55, -7.2],
			"to": [9.5, 12.05, -6.2],
			"rotation": {"angle": 45, "axis": "x", "origin": [0, 0, 0]},
			"faces": {
				"north": {"uv": [6.5, 3, 9.5, 3.5], "rotation": 180, "texture": "#base"},
				"east": {"uv": [9, 3, 9.5, 4], "rotation": 90, "texture": "#base"},
				"south": {"uv": [0, 0, 0, 0], "texture": "#base"},
				"west": {"uv": [6.5, 3, 7, 4], "rotation": 270, "texture": "#base"},
				"up": {"uv": [6.5, 3, 9.5, 4], "texture": "#base"}
			}
		},
		{
			"from": [7, 11.55, -7.7],
			"to": [9, 12.05, -6.7],
			"rotation": {"angle": 45, "axis": "x", "origin": [0, 0, 0]},
			"faces": {
				"north": {"uv": [7, 2.5, 9, 3], "rotation": 180, "texture": "#base"},
				"east": {"uv": [8.5, 2.5, 9, 3.5], "rotation": 90, "texture": "#base"},
				"south": {"uv": [0, 0, 0, 0], "texture": "#base"},
				"west": {"uv": [7, 2.5, 7.5, 3.5], "rotation": 270, "texture": "#base"},
				"up": {"uv": [7, 2.5, 9, 3.5], "texture": "#base"}
			}
		},
		{
			"from": [7.5, 11.55, -8.2],
			"to": [8.5, 12.05, -7.2],
			"rotation": {"angle": 45, "axis": "x", "origin": [0, 0, 0]},
			"faces": {
				"north": {"uv": [7.5, 2, 8.5, 2.5], "rotation": 180, "texture": "#base"},
				"east": {"uv": [8, 2, 8.5, 3], "rotation": 90, "texture": "#base"},
				"south": {"uv": [0, 0, 0, 0], "texture": "#base"},
				"west": {"uv": [7.5, 2, 8, 3], "rotation": 270, "texture": "#base"},
				"up": {"uv": [7.5, 2, 8.5, 3], "texture": "#base"}
			}
		},
		{
			"from": [4.5, 11.3, -5.7],
			"to": [7.5, 11.8, -2.7],
			"rotation": {"angle": 45, "axis": "x", "origin": [0, 0, 0]},
			"faces": {
				"north": {"uv": [4.5, 4.5, 7.5, 5], "rotation": 180, "texture": "#base"},
				"east": {"uv": [7.5, 4.5, 7, 7.5], "rotation": 90, "texture": "#base"},
				"south": {"uv": [4.5, 7, 7.5, 7.5], "texture": "#base"},
				"west": {"uv": [5, 4.5, 4.5, 7.5], "rotation": 270, "texture": "#base"},
				"up": {"uv": [7.5, 7.5, 4.5, 4.5], "rotation": 180, "texture": "#base"},
				"down": {"uv": [8.5, 4.5, 11.5, 7.5], "rotation": 180, "texture": "#bottom"}
			}
		},
		{
			"from": [5, 11.3, -6.2],
			"to": [11, 11.8, -3.2],
			"rotation": {"angle": 45, "axis": "x", "origin": [0, 0, 0]},
			"faces": {
				"north": {"uv": [5, 4, 11, 4.5], "texture": "#base"},
				"east": {"uv": [10.5, 4, 11, 7], "rotation": 90, "texture": "#base"},
				"south": {"uv": [5, 6.5, 11, 7], "texture": "#base"},
				"west": {"uv": [5, 4, 5.5, 7], "rotation": 270, "texture": "#base"},
				"up": {"uv": [5, 4, 11, 7], "texture": "#base"},
				"down": {"uv": [5, 4, 11, 7], "rotation": 180, "texture": "#bottom"}
			}
		},
		{
			"from": [6, 11.3, -7.2],
			"to": [10, 11.8, -6.2],
			"rotation": {"angle": 45, "axis": "x", "origin": [0, 0, 0]},
			"faces": {
				"north": {"uv": [10, 3.5, 6, 3], "texture": "#base"},
				"east": {"uv": [9.5, 3, 10, 4], "rotation": 90, "texture": "#base"},
				"south": {"uv": [0, 0, 0, 0], "texture": "#base"},
				"west": {"uv": [6.5, 4, 6, 3], "rotation": 90, "texture": "#base"},
				"up": {"uv": [6, 4, 10, 3], "rotation": 180, "texture": "#base"},
				"down": {"uv": [6, 3, 10, 4], "rotation": 180, "texture": "#bottom"}
			}
		},
		{
			"from": [7, 11.3, -8.2],
			"to": [9, 11.8, -7.2],
			"rotation": {"angle": 45, "axis": "x", "origin": [0, 0, 0]},
			"faces": {
				"north": {"uv": [7, 2, 9, 2.5], "texture": "#base"},
				"east": {"uv": [8.5, 2, 9, 3], "rotation": 90, "texture": "#base"},
				"south": {"uv": [0, 0, 0, 0], "texture": "#base"},
				"west": {"uv": [7, 2, 7.5, 3], "rotation": 270, "texture": "#base"},
				"up": {"uv": [7, 2, 9, 3], "texture": "#base"},
				"down": {"uv": [7, 2, 9, 3], "rotation": 180, "texture": "#bottom"}
			}
		},
		{
			"from": [8.5, 11.3, -5.7],
			"to": [11.5, 11.8, -2.7],
			"rotation": {"angle": 45, "axis": "x", "origin": [0, 0, 0]},
			"faces": {
				"north": {"uv": [8.5, 4.5, 11.5, 5], "rotation": 180, "texture": "#base"},
				"east": {"uv": [11, 4.5, 11.5, 7.5], "rotation": 90, "texture": "#base"},
				"south": {"uv": [8.5, 7, 11.5, 7.5], "texture": "#base"},
				"west": {"uv": [8.5, 4.5, 9, 7.5], "rotation": 270, "texture": "#base"},
				"up": {"uv": [8.5, 4.5, 11.5, 7.5], "texture": "#base"},
				"down": {"uv": [4.5, 4.5, 7.5, 7.5], "rotation": 180, "texture": "#bottom"}
			}
		},
		{
			"from": [5.5, 11.3, -6.7],
			"to": [10.5, 11.8, -5.7],
			"rotation": {"angle": 45, "axis": "x", "origin": [0, 0, 0]},
			"faces": {
				"north": {"uv": [10.5, 4, 5.5, 3.5], "texture": "#base"},
				"east": {"uv": [10, 4.5, 10.5, 3.5], "rotation": 270, "texture": "#base"},
				"south": {"uv": [0, 0, 0, 0], "texture": "#base"},
				"west": {"uv": [5.5, 4.5, 6, 3.5], "rotation": 90, "texture": "#base"},
				"up": {"uv": [5.5, 4.5, 10.5, 3.5], "rotation": 180, "texture": "#base"},
				"down": {"uv": [5.5, 3.5, 10.5, 4.5], "rotation": 180, "texture": "#bottom"}
			}
		},
		{
			"from": [7.5, 11.3, -8.7],
			"to": [8.5, 11.8, -7.7],
			"rotation": {"angle": 45, "axis": "x", "origin": [0, 0, 0]},
			"faces": {
				"north": {"uv": [7.5, 1.5, 8.5, 2], "texture": "#base"},
				"east": {"uv": [8, 1.5, 8.5, 2.5], "rotation": 90, "texture": "#base"},
				"south": {"uv": [0, 0, 0, 0], "texture": "#base"},
				"west": {"uv": [7.5, 1.5, 8, 2.5], "rotation": 270, "texture": "#base"},
				"up": {"uv": [7.5, 1.5, 8.5, 2.5], "texture": "#base"},
				"down": {"uv": [7.5, 1.5, 8.5, 2.5], "rotation": 180, "texture": "#bottom"}
			}
		},
		{
			"from": [6.5, 11.3, -7.7],
			"to": [9.5, 11.8, -6.7],
			"rotation": {"angle": 45, "axis": "x", "origin": [0, 0, 0]},
			"faces": {
				"north": {"uv": [6.5, 2.5, 9.5, 3], "texture": "#base"},
				"east": {"uv": [9, 2.5, 9.5, 3.5], "rotation": 90, "texture": "#base"},
				"south": {"uv": [0, 0, 0, 0], "texture": "#base"},
				"west": {"uv": [6.5, 2.5, 7, 3.5], "rotation": 270, "texture": "#base"},
				"up": {"uv": [6.5, 2.5, 9.5, 3.5], "texture": "#base"},
				"down": {"uv": [6.5, 2.5, 9.5, 3.5], "rotation": 180, "texture": "#bottom"}
			}
		},
		{
			"from": [5, 11.3, -3.2],
			"to": [7, 11.8, -2.2],
			"rotation": {"angle": 45, "axis": "x", "origin": [0, 0, 0]},
			"faces": {
				"north": {"uv": [5, 7, 7, 7.5], "rotation": 180, "texture": "#base"},
				"east": {"uv": [7, 7, 6.5, 8], "rotation": 90, "texture": "#base"},
				"south": {"uv": [5, 7.5, 7, 8], "texture": "#base"},
				"west": {"uv": [5.5, 7, 5, 8], "rotation": 270, "texture": "#base"},
				"up": {"uv": [7, 8, 5, 7], "rotation": 180, "texture": "#base"},
				"down": {"uv": [7, 7, 5, 8], "rotation": 180, "texture": "#bottom"}
			}
		},
		{
			"from": [9, 11.3, -3.2],
			"to": [11, 11.8, -2.2],
			"rotation": {"angle": 45, "axis": "x", "origin": [0, 0, 0]},
			"faces": {
				"north": {"uv": [9, 7, 11, 7.5], "rotation": 180, "texture": "#base"},
				"east": {"uv": [11, 7, 10.5, 8], "rotation": 90, "texture": "#base"},
				"south": {"uv": [9, 7.5, 11, 8], "texture": "#base"},
				"west": {"uv": [9.5, 7, 9, 8], "rotation": 270, "texture": "#base"},
				"up": {"uv": [11, 8, 9, 7], "rotation": 180, "texture": "#base"},
				"down": {"uv": [11, 7, 9, 8], "rotation": 180, "texture": "#bottom"}
			}
		}
	],
	"groups": [
		{
			"name": "base",
			"origin": [0, 0, 0],
			"color": 0,
			"children": [
				0,
				1,
				2,
				3,
				4,
				5,
				6,
				7,
				8,
				9,
				10,
				11,
				12,
				13,
				14,
				15,
				16,
				17,
				18,
				19,
				20,
				21,
				22,
				23,
				24,
				25,
				26,
				27,
				28,
				29,
				30,
				31,
				32,
				33,
				34,
				35,
				36,
				37,
				38,
				39,
				40,
				41,
				42,
				43,
				44,
				45,
				46,
				47,
				48,
				49,
				50,
				51,
				52,
				53,
				54,
				55,
				56,
				57,
				58,
				59,
				60
			]
		},
		{
			"name": "arrows",
			"origin": [8, 8, 8],
			"color": 0,
			"children": [
				{
					"name": "Arrow_int2",
					"origin": [8, 8, 8],
					"color": 3,
					"children": [61, 62, 63, 64, 65, 66, 67, 68]
				},
				{
					"name": "Arrow_med2",
					"origin": [8, 8, 8],
					"color": 5,
					"children": [69, 70, 71, 72, 73, 74, 75, 76, 77]
				},
				{
					"name": "Arrow_ext2",
					"origin": [8, 8, 8],
					"color": 8,
					"children": [78, 79, 80, 81, 82, 83, 84, 85, 86, 87]
				},
				{
					"name": "Arrow_int1",
					"origin": [8, 8, 8],
					"color": 3,
					"children": [88, 89, 90, 91, 92, 93, 94, 95]
				},
				{
					"name": "Arrow_med1",
					"origin": [8, 8, 8],
					"color": 5,
					"children": [96, 97, 98, 99, 100, 101, 102, 103, 104]
				},
				{
					"name": "Arrow_ext1",
					"origin": [8, 8, 8],
					"color": 8,
					"children": [105, 106, 107, 108, 109, 110, 111, 112, 113, 114]
				}
			]
		}
	]
}