{
	"credit": "Made with Blockbench",
	"parent": "block/block",
	"texture_size": [32, 32],
	"textures": {
		"particle": "create:block/controller_rail_base",
		"base": "create:block/controller_rail_base",
		"tint": "create:block/controller_rail_tint",
		"1_rail": "create:block/rail_model",
		"bottom": "create:block/controller_rail_bottom"
	},
	"elements": [
		{
			"from": [2, 8.67191, -1.77544],
			"to": [4.5, 8.92191, 1.22456],
			"rotation": {"angle": -45, "axis": "x", "origin": [8, 8.64566, 7.99402]},
			"faces": {
				"north": {"uv": [11.5, 3.5, 14, 4], "texture": "#base"},
				"east": {"uv": [11.5, 1, 12, 4], "rotation": 270, "texture": "#base"},
				"south": {"uv": [11.5, 1, 14, 1.5], "rotation": 180, "texture": "#base"},
				"west": {"uv": [13.5, 1, 14, 4], "rotation": 90, "texture": "#base"},
				"up": {"uv": [11.5, 1, 14, 4], "rotation": 180, "texture": "#base"}
			}
		},
		{
			"from": [2.5, 8.92191, -2.27544],
			"to": [4, 9.17191, 1.72456],
			"rotation": {"angle": -45, "axis": "x", "origin": [8, 8.64566, 7.99402]},
			"faces": {
				"north": {"uv": [12, 4, 13.5, 4.5], "texture": "#base"},
				"east": {"uv": [12, 0.5, 12.5, 4.5], "rotation": 270, "texture": "#base"},
				"south": {"uv": [12, 0.5, 13.5, 1], "rotation": 180, "texture": "#base"},
				"west": {"uv": [13, 0.5, 13.5, 4.5], "rotation": 90, "texture": "#base"},
				"up": {"uv": [12, 0.5, 13.5, 4.5], "rotation": 180, "texture": "#base"}
			}
		},
		{
			"from": [11.5, 8.67191, -1.77544],
			"to": [14, 8.92191, 1.22456],
			"rotation": {"angle": -45, "axis": "x", "origin": [8, 8.64566, 7.99402]},
			"faces": {
				"north": {"uv": [11.5, 3.5, 14, 4], "texture": "#base"},
				"east": {"uv": [11.5, 1, 12, 4], "rotation": 270, "texture": "#base"},
				"south": {"uv": [11.5, 1, 14, 1.5], "rotation": 180, "texture": "#base"},
				"west": {"uv": [13.5, 1, 14, 4], "rotation": 90, "texture": "#base"},
				"up": {"uv": [11.5, 1, 14, 4], "rotation": 180, "texture": "#base"}
			}
		},
		{
			"from": [12, 8.92191, -2.27544],
			"to": [13.5, 9.17191, 1.72456],
			"rotation": {"angle": -45, "axis": "x", "origin": [8, 8.64566, 7.99402]},
			"faces": {
				"north": {"uv": [12, 4, 13.5, 4.5], "texture": "#base"},
				"east": {"uv": [12, 0.5, 12.5, 4.5], "rotation": 270, "texture": "#base"},
				"south": {"uv": [12, 0.5, 13.5, 1], "rotation": 180, "texture": "#base"},
				"west": {"uv": [13, 0.5, 13.5, 4.5], "rotation": 90, "texture": "#base"},
				"up": {"uv": [12, 0.5, 13.5, 4.5], "rotation": 180, "texture": "#base"}
			}
		},
		{
			"from": [12, 8.92191, 8.72456],
			"to": [13.5, 9.17191, 12.72456],
			"rotation": {"angle": -45, "axis": "x", "origin": [8, 8.64566, 7.99402]},
			"faces": {
				"north": {"uv": [12, 4, 13.5, 4.5], "texture": "#base"},
				"east": {"uv": [12, 0.5, 12.5, 4.5], "rotation": 270, "texture": "#base"},
				"south": {"uv": [12, 0.5, 13.5, 1], "rotation": 180, "texture": "#base"},
				"west": {"uv": [13, 0.5, 13.5, 4.5], "rotation": 90, "texture": "#base"},
				"up": {"uv": [12, 0.5, 13.5, 4.5], "rotation": 180, "texture": "#base"}
			}
		},
		{
			"from": [11.5, 8.67191, 9.22456],
			"to": [14, 8.92191, 12.22456],
			"rotation": {"angle": -45, "axis": "x", "origin": [8, 8.64566, 7.99402]},
			"faces": {
				"north": {"uv": [11.5, 3.5, 14, 4], "texture": "#base"},
				"east": {"uv": [11.5, 1, 12, 4], "rotation": 270, "texture": "#base"},
				"south": {"uv": [11.5, 1, 14, 1.5], "rotation": 180, "texture": "#base"},
				"west": {"uv": [13.5, 1, 14, 4], "rotation": 90, "texture": "#base"},
				"up": {"uv": [11.5, 1, 14, 4], "rotation": 180, "texture": "#base"}
			}
		},
		{
			"from": [2, 8.67191, 9.22456],
			"to": [4.5, 8.92191, 12.22456],
			"rotation": {"angle": -45, "axis": "x", "origin": [8, 8.64566, 7.99402]},
			"faces": {
				"north": {"uv": [11.5, 3.5, 14, 4], "texture": "#base"},
				"east": {"uv": [11.5, 1, 12, 4], "rotation": 270, "texture": "#base"},
				"south": {"uv": [11.5, 1, 14, 1.5], "rotation": 180, "texture": "#base"},
				"west": {"uv": [13.5, 1, 14, 4], "rotation": 90, "texture": "#base"},
				"up": {"uv": [11.5, 1, 14, 4], "rotation": 180, "texture": "#base"}
			}
		},
		{
			"from": [2.5, 8.92191, 8.72456],
			"to": [4, 9.17191, 12.72456],
			"rotation": {"angle": -45, "axis": "x", "origin": [8, 8.64566, 7.99402]},
			"faces": {
				"north": {"uv": [12, 4, 13.5, 4.5], "texture": "#base"},
				"east": {"uv": [12, 0.5, 12.5, 4.5], "rotation": 270, "texture": "#base"},
				"south": {"uv": [12, 0.5, 13.5, 1], "rotation": 180, "texture": "#base"},
				"west": {"uv": [13, 0.5, 13.5, 4.5], "rotation": 90, "texture": "#base"},
				"up": {"uv": [12, 0.5, 13.5, 4.5], "rotation": 180, "texture": "#base"}
			}
		},
		{
			"from": [12, 8.92191, 3.22456],
			"to": [13.5, 9.17191, 7.22456],
			"rotation": {"angle": -45, "axis": "x", "origin": [8, 8.64566, 7.99402]},
			"faces": {
				"north": {"uv": [12, 4, 13.5, 4.5], "texture": "#base"},
				"east": {"uv": [12, 0.5, 12.5, 4.5], "rotation": 270, "texture": "#base"},
				"south": {"uv": [12, 0.5, 13.5, 1], "rotation": 180, "texture": "#base"},
				"west": {"uv": [13, 0.5, 13.5, 4.5], "rotation": 90, "texture": "#base"},
				"up": {"uv": [12, 0.5, 13.5, 4.5], "rotation": 180, "texture": "#base"}
			}
		},
		{
			"from": [11.5, 8.67191, 3.72456],
			"to": [14, 8.92191, 6.72456],
			"rotation": {"angle": -45, "axis": "x", "origin": [8, 8.64566, 7.99402]},
			"faces": {
				"north": {"uv": [11.5, 3.5, 14, 4], "texture": "#base"},
				"east": {"uv": [11.5, 1, 12, 4], "rotation": 270, "texture": "#base"},
				"south": {"uv": [11.5, 1, 14, 1.5], "rotation": 180, "texture": "#base"},
				"west": {"uv": [13.5, 1, 14, 4], "rotation": 90, "texture": "#base"},
				"up": {"uv": [11.5, 1, 14, 4], "rotation": 180, "texture": "#base"}
			}
		},
		{
			"from": [2, 8.67191, 3.72456],
			"to": [4.5, 8.92191, 6.72456],
			"rotation": {"angle": -45, "axis": "x", "origin": [8, 8.64566, 7.99402]},
			"faces": {
				"north": {"uv": [11.5, 3.5, 14, 4], "texture": "#base"},
				"east": {"uv": [11.5, 1, 12, 4], "rotation": 270, "texture": "#base"},
				"south": {"uv": [11.5, 1, 14, 1.5], "rotation": 180, "texture": "#base"},
				"west": {"uv": [13.5, 1, 14, 4], "rotation": 90, "texture": "#base"},
				"up": {"uv": [11.5, 1, 14, 4], "rotation": 180, "texture": "#base"}
			}
		},
		{
			"from": [2.5, 8.92191, 3.22456],
			"to": [4, 9.17191, 7.22456],
			"rotation": {"angle": -45, "axis": "x", "origin": [8, 8.64566, 7.99402]},
			"faces": {
				"north": {"uv": [12, 4, 13.5, 4.5], "texture": "#base"},
				"east": {"uv": [12, 0.5, 12.5, 4.5], "rotation": 270, "texture": "#base"},
				"south": {"uv": [12, 0.5, 13.5, 1], "rotation": 180, "texture": "#base"},
				"west": {"uv": [13, 0.5, 13.5, 4.5], "rotation": 90, "texture": "#base"},
				"up": {"uv": [12, 0.5, 13.5, 4.5], "rotation": 180, "texture": "#base"}
			}
		},
		{
			"from": [12, 8.92191, 14.22456],
			"to": [13.5, 9.17191, 18.22456],
			"rotation": {"angle": -45, "axis": "x", "origin": [8, 8.64566, 7.99402]},
			"faces": {
				"north": {"uv": [12, 4, 13.5, 4.5], "texture": "#base"},
				"east": {"uv": [12, 0.5, 12.5, 4.5], "rotation": 270, "texture": "#base"},
				"south": {"uv": [12, 0.5, 13.5, 1], "rotation": 180, "texture": "#base", "cullface": "up"},
				"west": {"uv": [13, 0.5, 13.5, 4.5], "rotation": 90, "texture": "#base"},
				"up": {"uv": [12, 0.5, 13.5, 4.5], "rotation": 180, "texture": "#base"}
			}
		},
		{
			"from": [11.5, 8.67191, 14.72456],
			"to": [14, 8.92191, 17.72456],
			"rotation": {"angle": -45, "axis": "x", "origin": [8, 8.64566, 7.99402]},
			"faces": {
				"north": {"uv": [11.5, 3.5, 14, 4], "texture": "#base"},
				"east": {"uv": [11.5, 1, 12, 4], "rotation": 270, "texture": "#base"},
				"south": {"uv": [11.5, 1, 14, 1.5], "rotation": 180, "texture": "#base"},
				"west": {"uv": [13.5, 1, 14, 4], "rotation": 90, "texture": "#base"},
				"up": {"uv": [11.5, 1, 14, 4], "rotation": 180, "texture": "#base"}
			}
		},
		{
			"from": [2, 8.67191, 14.72456],
			"to": [4.5, 8.92191, 17.72456],
			"rotation": {"angle": -45, "axis": "x", "origin": [8, 8.64566, 7.99402]},
			"faces": {
				"north": {"uv": [11.5, 3.5, 14, 4], "texture": "#base"},
				"east": {"uv": [11.5, 1, 12, 4], "rotation": 270, "texture": "#base"},
				"south": {"uv": [11.5, 1, 14, 1.5], "rotation": 180, "texture": "#base"},
				"west": {"uv": [13.5, 1, 14, 4], "rotation": 90, "texture": "#base"},
				"up": {"uv": [11.5, 1, 14, 4], "rotation": 180, "texture": "#base"}
			}
		},
		{
			"from": [2.5, 8.92191, 14.22456],
			"to": [4, 9.17191, 18.22456],
			"rotation": {"angle": -45, "axis": "x", "origin": [8, 8.64566, 7.99402]},
			"faces": {
				"north": {"uv": [12, 4, 13.5, 4.5], "texture": "#base"},
				"east": {"uv": [12, 0.5, 12.5, 4.5], "rotation": 270, "texture": "#base"},
				"south": {"uv": [12, 0.5, 13.5, 1], "rotation": 180, "texture": "#base", "cullface": "up"},
				"west": {"uv": [13, 0.5, 13.5, 4.5], "rotation": 90, "texture": "#base"},
				"up": {"uv": [12, 0.5, 13.5, 4.5], "rotation": 180, "texture": "#base"}
			}
		},
		{
			"from": [0, 8.04441, 14.76349],
			"to": [16, 8.44441, 17.76349],
			"rotation": {"angle": -45, "axis": "x", "origin": [8, 8.64566, 7.99402]},
			"faces": {
				"north": {"uv": [0, 3.5, 16, 4], "texture": "#1_rail"},
				"east": {"uv": [0, 1, 0.5, 4], "rotation": 270, "texture": "#1_rail", "cullface": "west"},
				"south": {"uv": [0, 1, 16, 1.5], "rotation": 180, "texture": "#1_rail"},
				"west": {"uv": [15.5, 1, 16, 4], "rotation": 90, "texture": "#1_rail", "cullface": "east"},
				"up": {"uv": [0, 1, 16, 4], "rotation": 180, "texture": "#1_rail"},
				"down": {"uv": [16, 1, 0, 4], "texture": "#1_rail"}
			}
		},
		{
			"from": [0, 8.04441, 3.76349],
			"to": [16, 8.44441, 6.76349],
			"rotation": {"angle": -45, "axis": "x", "origin": [8, 8.64566, 7.99402]},
			"faces": {
				"north": {"uv": [0, 3.5, 16, 4], "texture": "#1_rail"},
				"east": {"uv": [0, 1, 0.5, 4], "rotation": 270, "texture": "#1_rail", "cullface": "west"},
				"south": {"uv": [0, 1, 16, 1.5], "rotation": 180, "texture": "#1_rail"},
				"west": {"uv": [15.5, 1, 16, 4], "rotation": 90, "texture": "#1_rail", "cullface": "east"},
				"up": {"uv": [0, 1, 16, 4], "rotation": 180, "texture": "#1_rail"},
				"down": {"uv": [16, 1, 0, 4], "texture": "#1_rail"}
			}
		},
		{
			"from": [0, 8.04441, -1.73651],
			"to": [16, 8.44441, 1.26349],
			"rotation": {"angle": -45, "axis": "x", "origin": [8, 8.64566, 7.99402]},
			"faces": {
				"north": {"uv": [0, 3.5, 16, 4], "texture": "#1_rail"},
				"east": {"uv": [0, 1, 0.5, 4], "rotation": 270, "texture": "#1_rail", "cullface": "west"},
				"south": {"uv": [0, 1, 16, 1.5], "rotation": 180, "texture": "#1_rail"},
				"west": {"uv": [15.5, 1, 16, 4], "rotation": 90, "texture": "#1_rail", "cullface": "east"},
				"up": {"uv": [0, 1, 16, 4], "rotation": 180, "texture": "#1_rail"},
				"down": {"uv": [16, 1, 0, 4], "texture": "#1_rail"}
			}
		},
		{
			"from": [0, 8.04441, 9.26349],
			"to": [16, 8.44441, 12.26349],
			"rotation": {"angle": -45, "axis": "x", "origin": [8, 8.64566, 7.99402]},
			"faces": {
				"north": {"uv": [0, 3.5, 16, 4], "texture": "#1_rail"},
				"east": {"uv": [0, 1, 0.5, 4], "rotation": 270, "texture": "#1_rail", "cullface": "west"},
				"south": {"uv": [0, 1, 16, 1.5], "rotation": 180, "texture": "#1_rail"},
				"west": {"uv": [15.5, 1, 16, 4], "rotation": 90, "texture": "#1_rail", "cullface": "east"},
				"up": {"uv": [0, 1, 16, 4], "rotation": 180, "texture": "#1_rail"},
				"down": {"uv": [16, 1, 0, 4], "texture": "#1_rail"}
			}
		},
		{
			"from": [0.5, 8.04441, 14.26349],
			"to": [15.5, 8.54441, 18.26349],
			"rotation": {"angle": -45, "axis": "x", "origin": [8, 8.64566, 7.99402]},
			"faces": {
				"north": {"uv": [0.5, 4, 15.5, 4.5], "texture": "#1_rail"},
				"east": {"uv": [0.5, 0.5, 1, 4.5], "rotation": 270, "texture": "#1_rail"},
				"south": {"uv": [4.5, 0.5, 11.5, 1], "texture": "#1_rail"},
				"west": {"uv": [15, 0.5, 15.5, 4.5], "rotation": 90, "texture": "#1_rail"},
				"up": {"uv": [0.5, 0.5, 15.5, 4.5], "rotation": 180, "texture": "#1_rail"},
				"down": {"uv": [15.5, 0.5, 0.5, 4.5], "texture": "#1_rail"}
			}
		},
		{
			"from": [0.5, 8.04441, 3.26349],
			"to": [15.5, 8.54441, 7.26349],
			"rotation": {"angle": -45, "axis": "x", "origin": [8, 8.64566, 7.99402]},
			"faces": {
				"north": {"uv": [0.5, 4, 15.5, 4.5], "texture": "#1_rail"},
				"east": {"uv": [0.5, 0.5, 1, 4.5], "rotation": 270, "texture": "#1_rail"},
				"south": {"uv": [4.5, 0.5, 11.5, 1], "texture": "#1_rail"},
				"west": {"uv": [15, 0.5, 15.5, 4.5], "rotation": 90, "texture": "#1_rail"},
				"up": {"uv": [0.5, 0.5, 15.5, 4.5], "rotation": 180, "texture": "#1_rail"},
				"down": {"uv": [15.5, 0.5, 0.5, 4.5], "texture": "#1_rail"}
			}
		},
		{
			"from": [0.5, 8.04441, -2.23651],
			"to": [15.5, 8.54441, 1.76349],
			"rotation": {"angle": -45, "axis": "x", "origin": [8, 8.64566, 7.99402]},
			"faces": {
				"north": {"uv": [0.5, 4, 15.5, 4.5], "texture": "#1_rail"},
				"east": {"uv": [0.5, 0.5, 1, 4.5], "rotation": 270, "texture": "#1_rail"},
				"south": {"uv": [4.5, 0.5, 11.5, 1], "texture": "#1_rail"},
				"west": {"uv": [15, 0.5, 15.5, 4.5], "rotation": 90, "texture": "#1_rail"},
				"up": {"uv": [0.5, 0.5, 15.5, 4.5], "rotation": 180, "texture": "#1_rail"},
				"down": {"uv": [15.5, 0.5, 0.5, 4.5], "texture": "#1_rail"}
			}
		},
		{
			"from": [0.5, 8.04441, 8.76349],
			"to": [15.5, 8.54441, 12.76349],
			"rotation": {"angle": -45, "axis": "x", "origin": [8, 8.64566, 7.99402]},
			"faces": {
				"north": {"uv": [0.5, 4, 15.5, 4.5], "texture": "#1_rail"},
				"east": {"uv": [0.5, 0.5, 1, 4.5], "rotation": 270, "texture": "#1_rail"},
				"south": {"uv": [4.5, 0.5, 11.5, 1], "texture": "#1_rail"},
				"west": {"uv": [15, 0.5, 15.5, 4.5], "rotation": 90, "texture": "#1_rail"},
				"up": {"uv": [0.5, 0.5, 15.5, 4.5], "rotation": 180, "texture": "#1_rail"},
				"down": {"uv": [15.5, 0.5, 0.5, 4.5], "texture": "#1_rail"}
			}
		},
		{
			"from": [11.5, 8.54689, -3.42691],
			"to": [14, 8.72366, 19.37729],
			"rotation": {"angle": -45, "axis": "x", "origin": [8, 8.64566, 7.99402]},
			"faces": {
				"north": {"uv": [15.5, 5, 16, 7.5], "rotation": 90, "texture": "#1_rail", "cullface": "south"},
				"east": {"uv": [0, 7, 16, 7.5], "rotation": 90, "texture": "#1_rail"},
				"south": {"uv": [0, 5, 0.5, 7.5], "rotation": 270, "texture": "#1_rail", "cullface": "north"},
				"west": {"uv": [0, 5, 16, 5.5], "rotation": 180, "texture": "#1_rail"},
				"up": {"uv": [0, 5, 16, 7.5], "rotation": 270, "texture": "#1_rail"},
				"down": {"uv": [0, 5, 16, 7.5], "rotation": 270, "texture": "#1_rail"}
			}
		},
		{
			"from": [2, 8.54689, -3.42691],
			"to": [4.5, 8.72366, 19.37729],
			"rotation": {"angle": -45, "axis": "x", "origin": [8, 8.64566, 7.99402]},
			"faces": {
				"north": {"uv": [15.5, 5, 16, 7.5], "rotation": 90, "texture": "#1_rail", "cullface": "south"},
				"east": {"uv": [0, 7, 16, 7.5], "rotation": 90, "texture": "#1_rail"},
				"south": {"uv": [0, 5, 0.5, 7.5], "rotation": 270, "texture": "#1_rail", "cullface": "north"},
				"west": {"uv": [0, 5, 16, 5.5], "rotation": 180, "texture": "#1_rail"},
				"up": {"uv": [0, 5, 16, 7.5], "rotation": 270, "texture": "#1_rail"},
				"down": {"uv": [0, 5, 16, 7.5], "rotation": 270, "texture": "#1_rail"}
			}
		},
		{
			"from": [12, 8.72366, -3.25013],
			"to": [13.5, 8.90044, 19.55406],
			"rotation": {"angle": -45, "axis": "x", "origin": [8, 8.64566, 7.99402]},
			"faces": {
				"north": {"uv": [15.5, 5.5, 16, 7], "rotation": 90, "texture": "#1_rail", "cullface": "south"},
				"east": {"uv": [0, 6.5, 16, 7], "texture": "#1_rail"},
				"south": {"uv": [0, 5.5, 0.5, 7], "rotation": 270, "texture": "#1_rail", "cullface": "north"},
				"west": {"uv": [0, 5.5, 16, 6], "rotation": 180, "texture": "#1_rail"},
				"up": {"uv": [0, 5.5, 16, 7], "rotation": 270, "texture": "#1_rail"}
			}
		},
		{
			"from": [12.5, 8.90044, -3.07336],
			"to": [13, 9.25399, 19.90762],
			"rotation": {"angle": -45, "axis": "x", "origin": [8, 8.64566, 7.99402]},
			"faces": {
				"north": {"uv": [15.5, 6, 16, 6.5], "rotation": 90, "texture": "#1_rail", "cullface": "south"},
				"east": {"uv": [0, 6, 16, 6.5], "texture": "#1_rail"},
				"south": {"uv": [0, 6, 0.5, 6.5], "rotation": 90, "texture": "#1_rail", "cullface": "north"},
				"west": {"uv": [0, 6, 16, 6.5], "rotation": 180, "texture": "#1_rail"},
				"up": {"uv": [0, 6, 16, 6.5], "rotation": 270, "texture": "#1_rail"}
			}
		},
		{
			"from": [11, 8.54441, 10.26349],
			"to": [14.5, 8.79441, 11.26349],
			"rotation": {"angle": -45, "axis": "x", "origin": [8, 8.64566, 7.99402]},
			"faces": {
				"north": {"uv": [0.5, 9, 4, 9.5], "texture": "#1_rail"},
				"east": {"uv": [0.5, 8.5, 1, 9.5], "rotation": 90, "texture": "#1_rail"},
				"south": {"uv": [0.5, 8.5, 4, 9.5], "texture": "#1_rail"},
				"west": {"uv": [3.5, 8.5, 4, 9.5], "rotation": 90, "texture": "#1_rail"},
				"up": {"uv": [0.5, 8.5, 4, 9.5], "rotation": 180, "texture": "#1_rail"}
			}
		},
		{
			"from": [11, 8.54441, 15.76349],
			"to": [14.5, 8.79441, 16.76349],
			"rotation": {"angle": -45, "axis": "x", "origin": [8, 8.64566, 7.99402]},
			"faces": {
				"north": {"uv": [0.5, 9, 4, 9.5], "texture": "#1_rail"},
				"east": {"uv": [0.5, 8.5, 1, 9.5], "rotation": 90, "texture": "#1_rail"},
				"south": {"uv": [0.5, 8.5, 4, 9.5], "texture": "#1_rail"},
				"west": {"uv": [3.5, 8.5, 4, 9.5], "rotation": 90, "texture": "#1_rail"},
				"up": {"uv": [0.5, 8.5, 4, 9.5], "rotation": 180, "texture": "#1_rail"}
			}
		},
		{
			"from": [11.5, 8.79441, 10.26349],
			"to": [14, 9.14441, 11.26349],
			"rotation": {"angle": -45, "axis": "x", "origin": [8, 8.64566, 7.99402]},
			"faces": {
				"north": {"uv": [1, 9, 3.5, 9.5], "texture": "#1_rail"},
				"east": {"uv": [1, 8.5, 1.5, 9.5], "texture": "#1_rail"},
				"south": {"uv": [1, 8.5, 3.5, 9.5], "texture": "#1_rail"},
				"west": {"uv": [3, 8.5, 3.5, 9.5], "rotation": 90, "texture": "#1_rail"},
				"up": {"uv": [1, 8.5, 3.5, 9.5], "rotation": 180, "texture": "#1_rail"}
			}
		},
		{
			"from": [11.5, 8.79441, 15.76349],
			"to": [14, 9.14441, 16.76349],
			"rotation": {"angle": -45, "axis": "x", "origin": [8, 8.64566, 7.99402]},
			"faces": {
				"north": {"uv": [1, 9, 3.5, 9.5], "texture": "#1_rail"},
				"east": {"uv": [1, 8.5, 1.5, 9.5], "texture": "#1_rail"},
				"south": {"uv": [1, 8.5, 3.5, 9.5], "texture": "#1_rail"},
				"west": {"uv": [3, 8.5, 3.5, 9.5], "rotation": 90, "texture": "#1_rail"},
				"up": {"uv": [1, 8.5, 3.5, 9.5], "rotation": 180, "texture": "#1_rail"}
			}
		},
		{
			"from": [11, 8.54441, 4.76349],
			"to": [14.5, 8.79441, 5.76349],
			"rotation": {"angle": -45, "axis": "x", "origin": [8, 8.64566, 7.99402]},
			"faces": {
				"north": {"uv": [0.5, 9, 4, 9.5], "texture": "#1_rail"},
				"east": {"uv": [0.5, 8.5, 1, 9.5], "rotation": 90, "texture": "#1_rail"},
				"south": {"uv": [0.5, 8.5, 4, 9.5], "texture": "#1_rail"},
				"west": {"uv": [3.5, 8.5, 4, 9.5], "rotation": 90, "texture": "#1_rail"},
				"up": {"uv": [0.5, 8.5, 4, 9.5], "rotation": 180, "texture": "#1_rail"}
			}
		},
		{
			"from": [11.5, 8.79441, 4.76349],
			"to": [14, 9.14441, 5.76349],
			"rotation": {"angle": -45, "axis": "x", "origin": [8, 8.64566, 7.99402]},
			"faces": {
				"north": {"uv": [1, 9, 3.5, 9.5], "texture": "#1_rail"},
				"east": {"uv": [1, 8.5, 1.5, 9.5], "texture": "#1_rail"},
				"south": {"uv": [1, 8.5, 3.5, 9.5], "texture": "#1_rail"},
				"west": {"uv": [3, 8.5, 3.5, 9.5], "rotation": 90, "texture": "#1_rail"},
				"up": {"uv": [1, 8.5, 3.5, 9.5], "rotation": 180, "texture": "#1_rail"}
			}
		},
		{
			"from": [11, 8.54441, -0.73651],
			"to": [14.5, 8.79441, 0.26349],
			"rotation": {"angle": -45, "axis": "x", "origin": [8, 8.64566, 7.99402]},
			"faces": {
				"north": {"uv": [0.5, 9, 4, 9.5], "texture": "#1_rail"},
				"east": {"uv": [0.5, 8.5, 1, 9.5], "rotation": 90, "texture": "#1_rail"},
				"south": {"uv": [0.5, 8.5, 4, 9.5], "texture": "#1_rail"},
				"west": {"uv": [3.5, 8.5, 4, 9.5], "rotation": 90, "texture": "#1_rail"},
				"up": {"uv": [0.5, 8.5, 4, 9.5], "rotation": 180, "texture": "#1_rail"}
			}
		},
		{
			"from": [11.5, 8.79441, -0.73651],
			"to": [14, 9.14441, 0.26349],
			"rotation": {"angle": -45, "axis": "x", "origin": [8, 8.64566, 7.99402]},
			"faces": {
				"north": {"uv": [1, 9, 3.5, 9.5], "texture": "#1_rail"},
				"east": {"uv": [1, 8.5, 1.5, 9.5], "texture": "#1_rail"},
				"south": {"uv": [1, 8.5, 3.5, 9.5], "texture": "#1_rail"},
				"west": {"uv": [3, 8.5, 3.5, 9.5], "rotation": 90, "texture": "#1_rail"},
				"up": {"uv": [1, 8.5, 3.5, 9.5], "rotation": 180, "texture": "#1_rail"}
			}
		},
		{
			"from": [2.5, 8.72366, -3.25013],
			"to": [4, 8.90044, 19.55406],
			"rotation": {"angle": -45, "axis": "x", "origin": [8, 8.64566, 7.99402]},
			"faces": {
				"north": {"uv": [15.5, 5.5, 16, 7], "rotation": 90, "texture": "#1_rail", "cullface": "south"},
				"east": {"uv": [0, 6.5, 16, 7], "texture": "#1_rail"},
				"south": {"uv": [0, 5.5, 0.5, 7], "rotation": 270, "texture": "#1_rail", "cullface": "north"},
				"west": {"uv": [0, 5.5, 16, 6], "rotation": 180, "texture": "#1_rail"},
				"up": {"uv": [0, 5.5, 16, 7], "rotation": 270, "texture": "#1_rail"}
			}
		},
		{
			"from": [3, 8.90044, -3.07336],
			"to": [3.5, 9.25399, 19.90762],
			"rotation": {"angle": -45, "axis": "x", "origin": [8, 8.64566, 7.99402]},
			"faces": {
				"north": {"uv": [15.5, 6, 16, 6.5], "rotation": 90, "texture": "#1_rail", "cullface": "south"},
				"east": {"uv": [0, 6, 16, 6.5], "texture": "#1_rail"},
				"south": {"uv": [0, 6, 0.5, 6.5], "rotation": 90, "texture": "#1_rail", "cullface": "north"},
				"west": {"uv": [0, 6, 16, 6.5], "rotation": 180, "texture": "#1_rail"},
				"up": {"uv": [0, 6, 16, 6.5], "rotation": 270, "texture": "#1_rail"}
			}
		},
		{
			"from": [1.5, 8.49441, 10.26349],
			"to": [5, 8.74441, 11.26349],
			"rotation": {"angle": -45, "axis": "x", "origin": [8, 8.64566, 7.99402]},
			"faces": {
				"north": {"uv": [0.5, 9, 4, 9.5], "texture": "#1_rail"},
				"east": {"uv": [0.5, 8.5, 1, 9.5], "rotation": 90, "texture": "#1_rail"},
				"south": {"uv": [0.5, 8.5, 4, 9.5], "texture": "#1_rail"},
				"west": {"uv": [3.5, 8.5, 4, 9.5], "rotation": 90, "texture": "#1_rail"},
				"up": {"uv": [0.5, 8.5, 4, 9.5], "rotation": 180, "texture": "#1_rail"}
			}
		},
		{
			"from": [1.5, 8.54441, 15.76349],
			"to": [5, 8.79441, 16.76349],
			"rotation": {"angle": -45, "axis": "x", "origin": [8, 8.64566, 7.99402]},
			"faces": {
				"north": {"uv": [0.5, 9, 4, 9.5], "texture": "#1_rail"},
				"east": {"uv": [0.5, 8.5, 1, 9.5], "rotation": 90, "texture": "#1_rail"},
				"south": {"uv": [0.5, 8.5, 4, 9.5], "texture": "#1_rail"},
				"west": {"uv": [3.5, 8.5, 4, 9.5], "rotation": 90, "texture": "#1_rail"},
				"up": {"uv": [0.5, 8.5, 4, 9.5], "rotation": 180, "texture": "#1_rail"}
			}
		},
		{
			"from": [2, 8.74441, 10.26349],
			"to": [4.5, 9.09441, 11.26349],
			"rotation": {"angle": -45, "axis": "x", "origin": [8, 8.64566, 7.99402]},
			"faces": {
				"north": {"uv": [1, 9, 3.5, 9.5], "texture": "#1_rail"},
				"east": {"uv": [1, 8.5, 1.5, 9.5], "texture": "#1_rail"},
				"south": {"uv": [1, 8.5, 3.5, 9.5], "texture": "#1_rail"},
				"west": {"uv": [3, 8.5, 3.5, 9.5], "rotation": 90, "texture": "#1_rail"},
				"up": {"uv": [1, 8.5, 3.5, 9.5], "rotation": 180, "texture": "#1_rail"}
			}
		},
		{
			"from": [2, 8.79441, 15.76349],
			"to": [4.5, 9.14441, 16.76349],
			"rotation": {"angle": -45, "axis": "x", "origin": [8, 8.64566, 7.99402]},
			"faces": {
				"north": {"uv": [1, 9, 3.5, 9.5], "texture": "#1_rail"},
				"east": {"uv": [1, 8.5, 1.5, 9.5], "texture": "#1_rail"},
				"south": {"uv": [1, 8.5, 3.5, 9.5], "texture": "#1_rail"},
				"west": {"uv": [3, 8.5, 3.5, 9.5], "rotation": 90, "texture": "#1_rail"},
				"up": {"uv": [1, 8.5, 3.5, 9.5], "rotation": 180, "texture": "#1_rail"}
			}
		},
		{
			"from": [1.5, 8.49441, 4.76349],
			"to": [5, 8.74441, 5.76349],
			"rotation": {"angle": -45, "axis": "x", "origin": [8, 8.64566, 7.99402]},
			"faces": {
				"north": {"uv": [0.5, 9, 4, 9.5], "texture": "#1_rail"},
				"east": {"uv": [0.5, 8.5, 1, 9.5], "rotation": 90, "texture": "#1_rail"},
				"south": {"uv": [0.5, 8.5, 4, 9.5], "texture": "#1_rail"},
				"west": {"uv": [3.5, 8.5, 4, 9.5], "rotation": 90, "texture": "#1_rail"},
				"up": {"uv": [0.5, 8.5, 4, 9.5], "rotation": 180, "texture": "#1_rail"}
			}
		},
		{
			"from": [2, 8.74441, 4.76349],
			"to": [4.5, 9.09441, 5.76349],
			"rotation": {"angle": -45, "axis": "x", "origin": [8, 8.64566, 7.99402]},
			"faces": {
				"north": {"uv": [1, 9, 3.5, 9.5], "texture": "#1_rail"},
				"east": {"uv": [1, 8.5, 1.5, 9.5], "texture": "#1_rail"},
				"south": {"uv": [1, 8.5, 3.5, 9.5], "texture": "#1_rail"},
				"west": {"uv": [3, 8.5, 3.5, 9.5], "rotation": 90, "texture": "#1_rail"},
				"up": {"uv": [1, 8.5, 3.5, 9.5], "rotation": 180, "texture": "#1_rail"}
			}
		},
		{
			"from": [1.5, 8.49441, -0.73651],
			"to": [5, 8.74441, 0.26349],
			"rotation": {"angle": -45, "axis": "x", "origin": [8, 8.64566, 7.99402]},
			"faces": {
				"north": {"uv": [0.5, 9, 4, 9.5], "texture": "#1_rail"},
				"east": {"uv": [0.5, 8.5, 1, 9.5], "rotation": 90, "texture": "#1_rail"},
				"south": {"uv": [0.5, 8.5, 4, 9.5], "texture": "#1_rail"},
				"west": {"uv": [3.5, 8.5, 4, 9.5], "rotation": 90, "texture": "#1_rail"},
				"up": {"uv": [0.5, 8.5, 4, 9.5], "rotation": 180, "texture": "#1_rail"}
			}
		},
		{
			"from": [2, 8.74441, -0.73651],
			"to": [4.5, 9.09441, 0.26349],
			"rotation": {"angle": -45, "axis": "x", "origin": [8, 8.64566, 7.99402]},
			"faces": {
				"north": {"uv": [1, 9, 3.5, 9.5], "texture": "#1_rail"},
				"east": {"uv": [1, 8.5, 1.5, 9.5], "texture": "#1_rail"},
				"south": {"uv": [1, 8.5, 3.5, 9.5], "texture": "#1_rail"},
				"west": {"uv": [3, 8.5, 3.5, 9.5], "rotation": 90, "texture": "#1_rail"},
				"up": {"uv": [1, 8.5, 3.5, 9.5], "rotation": 180, "texture": "#1_rail"}
			}
		},
		{
			"from": [11.5, 14.5, 14.5],
			"to": [14, 15.25, 15],
			"rotation": {"angle": 0, "axis": "y", "origin": [8, 8.9375, 5.25]},
			"faces": {
				"east": {"uv": [0.5, 16, 1.25, 15.5], "rotation": 270, "texture": "#1_rail"},
				"south": {"uv": [2, 13.5, 2.75, 16], "rotation": 270, "texture": "#1_rail"},
				"west": {"uv": [0.5, 15.5, 1, 16], "rotation": 270, "texture": "#1_rail"}
			}
		},
		{
			"from": [2, 14.5, 14.5],
			"to": [4.5, 15.25, 15],
			"rotation": {"angle": 0, "axis": "y", "origin": [8, 8.9375, 5.25]},
			"faces": {
				"east": {"uv": [0.5, 16, 1.25, 15.5], "rotation": 270, "texture": "#1_rail"},
				"south": {"uv": [2, 13.5, 2.75, 16], "rotation": 270, "texture": "#1_rail"},
				"west": {"uv": [0.5, 15.5, 1, 16], "rotation": 270, "texture": "#1_rail"}
			}
		},
		{
			"from": [11.5, 13.5, 13.5],
			"to": [14, 14.5, 15],
			"rotation": {"angle": 0, "axis": "y", "origin": [8, 8.9375, 5.25]},
			"faces": {
				"east": {"uv": [1, 16, 2, 14.5], "rotation": 270, "texture": "#1_rail"},
				"south": {"uv": [1, 13.5, 2, 16], "rotation": 270, "texture": "#1_rail"},
				"west": {"uv": [1, 14.5, 2, 16], "rotation": 270, "texture": "#1_rail"}
			}
		},
		{
			"from": [2, 13.5, 13.5],
			"to": [4.5, 14.5, 15],
			"rotation": {"angle": 0, "axis": "y", "origin": [8, 8.9375, 5.25]},
			"faces": {
				"east": {"uv": [1, 16, 2, 14.5], "rotation": 270, "texture": "#1_rail"},
				"south": {"uv": [1, 13.5, 2, 16], "rotation": 270, "texture": "#1_rail"},
				"west": {"uv": [1, 14.5, 2, 16], "rotation": 270, "texture": "#1_rail"}
			}
		},
		{
			"from": [11.5, 0, 13],
			"to": [14, 13.5, 15],
			"rotation": {"angle": 0, "axis": "y", "origin": [8, 8.9375, 5.25]},
			"faces": {
				"north": {"uv": [0.5, 13.5, 14, 16], "rotation": 270, "texture": "#1_rail"},
				"east": {"uv": [0.5, 16, 14, 14], "rotation": 270, "texture": "#1_rail"},
				"south": {"uv": [0.5, 13.5, 14, 16], "rotation": 270, "texture": "#1_rail"},
				"west": {"uv": [0.5, 14, 14, 16], "rotation": 270, "texture": "#1_rail"},
				"down": {"uv": [13.5, 13.5, 15.5, 16], "rotation": 270, "texture": "#1_rail", "cullface": "down"}
			}
		},
		{
			"from": [2, 0, 13],
			"to": [4.5, 13.5, 15],
			"rotation": {"angle": 0, "axis": "y", "origin": [8, 8.9375, 5.25]},
			"faces": {
				"north": {"uv": [0.5, 13.5, 14, 16], "rotation": 270, "texture": "#1_rail"},
				"east": {"uv": [0.5, 16, 14, 14], "rotation": 270, "texture": "#1_rail"},
				"south": {"uv": [0.5, 13.5, 14, 16], "rotation": 270, "texture": "#1_rail"},
				"west": {"uv": [0.5, 14, 14, 16], "rotation": 270, "texture": "#1_rail"},
				"down": {"uv": [13.5, 13.5, 15.5, 16], "rotation": 270, "texture": "#1_rail", "cullface": "down"}
			}
		},
		{
			"from": [11.5, 0.25, 5.25],
			"to": [14, 5.75, 7.25],
			"rotation": {"angle": 0, "axis": "y", "origin": [8, 8.9375, 5.25]},
			"faces": {
				"north": {"uv": [0.5, 13.5, 6, 16], "rotation": 270, "texture": "#1_rail"},
				"east": {"uv": [0.5, 16, 6, 14], "rotation": 270, "texture": "#1_rail"},
				"south": {"uv": [0.5, 13.5, 6, 16], "rotation": 270, "texture": "#1_rail"},
				"west": {"uv": [0.5, 14, 6, 16], "rotation": 270, "texture": "#1_rail"},
				"down": {"uv": [13.5, 13.5, 15.5, 16], "rotation": 270, "texture": "#1_rail"}
			}
		},
		{
			"from": [2, 0.25, 5.25],
			"to": [4.5, 5.75, 7.25],
			"rotation": {"angle": 0, "axis": "y", "origin": [8, 8.9375, 5.25]},
			"faces": {
				"north": {"uv": [0.5, 13.5, 6, 16], "rotation": 270, "texture": "#1_rail"},
				"east": {"uv": [0.5, 16, 6, 14], "rotation": 270, "texture": "#1_rail"},
				"south": {"uv": [0.5, 13.5, 6, 16], "rotation": 270, "texture": "#1_rail"},
				"west": {"uv": [0.5, 14, 6, 16], "rotation": 270, "texture": "#1_rail"},
				"down": {"uv": [13.5, 13.5, 15.5, 16], "rotation": 270, "texture": "#1_rail"}
			}
		},
		{
			"from": [11.5, 5.75, 5.75],
			"to": [14, 6.75, 7.25],
			"rotation": {"angle": 0, "axis": "y", "origin": [8, 8.9375, 5.25]},
			"faces": {
				"east": {"uv": [1, 16, 2, 14.5], "rotation": 270, "texture": "#1_rail"},
				"south": {"uv": [1, 13.5, 2, 16], "rotation": 270, "texture": "#1_rail"},
				"west": {"uv": [1, 14.5, 2, 16], "rotation": 270, "texture": "#1_rail"}
			}
		},
		{
			"from": [2, 5.75, 5.75],
			"to": [4.5, 6.75, 7.25],
			"rotation": {"angle": 0, "axis": "y", "origin": [8, 8.9375, 5.25]},
			"faces": {
				"east": {"uv": [1, 16, 2, 14.5], "rotation": 270, "texture": "#1_rail"},
				"south": {"uv": [1, 13.5, 2, 16], "rotation": 270, "texture": "#1_rail"},
				"west": {"uv": [1, 14.5, 2, 16], "rotation": 270, "texture": "#1_rail"}
			}
		},
		{
			"from": [11.5, 6.75, 6.75],
			"to": [14, 7.5, 7.25],
			"rotation": {"angle": 0, "axis": "y", "origin": [8, 8.9375, 5.25]},
			"faces": {
				"east": {"uv": [0.5, 16, 1.25, 15.5], "rotation": 270, "texture": "#1_rail"},
				"south": {"uv": [2, 13.5, 2.75, 16], "rotation": 270, "texture": "#1_rail"},
				"west": {"uv": [0.5, 15.5, 1, 16], "rotation": 270, "texture": "#1_rail"}
			}
		},
		{
			"from": [2, 6.75, 6.75],
			"to": [4.5, 7.5, 7.25],
			"rotation": {"angle": 0, "axis": "y", "origin": [8, 8.9375, 5.25]},
			"faces": {
				"east": {"uv": [0.5, 16, 1.25, 15.5], "rotation": 270, "texture": "#1_rail"},
				"south": {"uv": [2, 13.5, 2.75, 16], "rotation": 270, "texture": "#1_rail"},
				"west": {"uv": [0.5, 15.5, 1, 16], "rotation": 270, "texture": "#1_rail"}
			}
		},
		{
			"from": [12, 2.75, 7.25],
			"to": [13.5, 4.25, 13],
			"rotation": {"angle": 0, "axis": "y", "origin": [8, 8.9375, 5.25]},
			"faces": {
				"east": {"uv": [9, 13.5, 14.75, 15], "rotation": 180, "texture": "#1_rail"},
				"west": {"uv": [2, 13.5, 7.75, 15], "rotation": 180, "texture": "#1_rail"},
				"up": {"uv": [3, 14, 8.75, 15.5], "rotation": 270, "texture": "#1_rail"},
				"down": {"uv": [0.5, 14, 6.25, 15.5], "rotation": 270, "texture": "#1_rail"}
			}
		},
		{
			"from": [2.5, 2.75, 7.25],
			"to": [4, 4.25, 13],
			"rotation": {"angle": 0, "axis": "y", "origin": [8, 8.9375, 5.25]},
			"faces": {
				"east": {"uv": [9, 13.5, 14.75, 15], "rotation": 180, "texture": "#1_rail"},
				"west": {"uv": [2, 13.5, 7.75, 15], "rotation": 180, "texture": "#1_rail"},
				"up": {"uv": [3, 14, 8.75, 15.5], "rotation": 270, "texture": "#1_rail"},
				"down": {"uv": [0.5, 14, 6.25, 15.5], "rotation": 270, "texture": "#1_rail"}
			}
		},
		{
			"from": [4.5, 6, 13.5],
			"to": [11.5, 8, 14.5],
			"rotation": {"angle": 0, "axis": "y", "origin": [8, 8.9375, 5.25]},
			"faces": {
				"north": {"uv": [7.5, 14, 14.5, 16], "texture": "#1_rail"},
				"south": {"uv": [2.5, 14, 9.5, 16], "texture": "#1_rail"},
				"up": {"uv": [7.5, 14, 14.5, 15], "rotation": 180, "texture": "#1_rail"},
				"down": {"uv": [7.5, 14, 14.5, 15], "rotation": 180, "texture": "#1_rail"}
			}
		},
		{
			"from": [9, 9.08883, 13.24271],
			"to": [11, 9.58883, 15.24271],
			"rotation": {"angle": -45, "axis": "x", "origin": [8, 8.83883, 8.49271]},
			"faces": {
				"north": {"uv": [9, 5, 11, 5.5], "rotation": 180, "texture": "#tint", "tintindex": 0},
				"east": {"uv": [10.5, 5, 11, 7], "rotation": 90, "texture": "#tint", "tintindex": 0},
				"south": {"uv": [9, 6.5, 11, 7], "texture": "#tint", "tintindex": 0},
				"west": {"uv": [9, 5, 9.5, 7], "rotation": 270, "texture": "#tint", "tintindex": 0},
				"up": {"uv": [9, 5, 11, 7], "texture": "#tint", "tintindex": 0}
			}
		},
		{
			"from": [8.5, 9.08883, 12.74271],
			"to": [10.5, 9.58883, 14.74271],
			"rotation": {"angle": -45, "axis": "x", "origin": [8, 8.83883, 8.49271]},
			"faces": {
				"north": {"uv": [8.5, 4.5, 10.5, 5], "rotation": 180, "texture": "#tint", "tintindex": 0},
				"east": {"uv": [10, 4.5, 10.5, 6.5], "rotation": 90, "texture": "#tint", "tintindex": 0},
				"south": {"uv": [8.5, 6, 10.5, 6.5], "texture": "#tint", "tintindex": 0},
				"west": {"uv": [8.5, 4.5, 9, 6.5], "rotation": 270, "texture": "#tint", "tintindex": 0},
				"up": {"uv": [8.5, 4.5, 10.5, 6.5], "texture": "#tint", "tintindex": 0}
			}
		},
		{
			"from": [5, 9.08883, 13.24271],
			"to": [7, 9.58883, 15.24271],
			"rotation": {"angle": -45, "axis": "x", "origin": [8, 8.83883, 8.49271]},
			"faces": {
				"north": {"uv": [5, 5, 7, 5.5], "rotation": 180, "texture": "#tint", "tintindex": 0},
				"east": {"uv": [5, 6.5, 7, 7], "texture": "#tint", "tintindex": 0},
				"south": {"uv": [5, 6.5, 7, 7], "texture": "#tint", "tintindex": 0},
				"west": {"uv": [5.5, 5, 5, 7], "rotation": 270, "texture": "#tint", "tintindex": 0},
				"up": {"uv": [5, 5, 7, 7], "texture": "#tint", "tintindex": 0}
			}
		},
		{
			"from": [5.5, 9.08883, 12.74271],
			"to": [7.5, 9.58883, 14.74271],
			"rotation": {"angle": -45, "axis": "x", "origin": [8, 8.83883, 8.49271]},
			"faces": {
				"north": {"uv": [5.5, 4.5, 7.5, 5], "rotation": 180, "texture": "#tint", "tintindex": 0},
				"east": {"uv": [7, 6, 7.5, 6.5], "rotation": 90, "texture": "#tint", "tintindex": 0},
				"south": {"uv": [7, 6, 7.5, 6.5], "texture": "#tint", "tintindex": 0},
				"west": {"uv": [5.5, 4.5, 6, 6.5], "rotation": 270, "texture": "#tint", "tintindex": 0},
				"up": {"uv": [5.5, 4.5, 7.5, 6.5], "texture": "#tint", "tintindex": 0}
			}
		},
		{
			"from": [6, 9.08883, 12.24271],
			"to": [10, 9.58883, 14.24271],
			"rotation": {"angle": -45, "axis": "x", "origin": [8, 8.83883, 8.49271]},
			"faces": {
				"north": {"uv": [6, 4, 10, 4.5], "texture": "#tint", "tintindex": 0},
				"east": {"uv": [8, 4, 10, 4.5], "texture": "#tint", "tintindex": 0},
				"south": {"uv": [6, 5.5, 10, 6], "texture": "#tint", "tintindex": 0},
				"west": {"uv": [6, 4, 8, 4.5], "texture": "#tint", "tintindex": 0},
				"up": {"uv": [6, 4, 10, 6], "texture": "#tint", "tintindex": 0}
			}
		},
		{
			"from": [6.5, 9.08883, 11.74271],
			"to": [9.5, 9.58883, 12.74271],
			"rotation": {"angle": -45, "axis": "x", "origin": [8, 8.83883, 8.49271]},
			"faces": {
				"north": {"uv": [6.5, 3.5, 9.5, 4], "texture": "#tint", "tintindex": 0},
				"east": {"uv": [8.5, 3.5, 9.5, 4], "texture": "#tint", "tintindex": 0},
				"south": {"uv": [0, 0, 0, 0], "texture": "#tint", "tintindex": 0},
				"west": {"uv": [6.5, 3.5, 7.5, 4], "texture": "#tint", "tintindex": 0},
				"up": {"uv": [6.5, 3.5, 9.5, 4.5], "texture": "#tint", "tintindex": 0}
			}
		},
		{
			"from": [7, 9.08883, 11.24271],
			"to": [9, 9.58883, 12.24271],
			"rotation": {"angle": -45, "axis": "x", "origin": [8, 8.83883, 8.49271]},
			"faces": {
				"north": {"uv": [7, 3, 9, 3.5], "texture": "#tint", "tintindex": 0},
				"east": {"uv": [8, 3, 9, 3.5], "texture": "#tint", "tintindex": 0},
				"south": {"uv": [0, 0, 0, 0], "texture": "#tint", "tintindex": 0},
				"west": {"uv": [7, 3, 8, 3.5], "texture": "#tint", "tintindex": 0},
				"up": {"uv": [7, 3, 9, 4], "texture": "#tint", "tintindex": 0}
			}
		},
		{
			"from": [7.5, 9.08883, 10.74271],
			"to": [8.5, 9.58883, 11.74271],
			"rotation": {"angle": -45, "axis": "x", "origin": [8, 8.83883, 8.49271]},
			"faces": {
				"north": {"uv": [7.5, 2.5, 8.5, 3], "texture": "#tint", "tintindex": 0},
				"east": {"uv": [7.5, 2.5, 8.5, 3], "texture": "#tint", "tintindex": 0},
				"south": {"uv": [0, 0, 0, 0], "texture": "#tint", "tintindex": 0},
				"west": {"uv": [7.5, 2.5, 8.5, 3], "texture": "#tint", "tintindex": 0},
				"up": {"uv": [7.5, 2.5, 8.5, 3.5], "texture": "#tint", "tintindex": 0}
			}
		},
		{
			"from": [9, 8.83883, 12.74271],
			"to": [11, 9.33883, 15.74271],
			"rotation": {"angle": -45, "axis": "x", "origin": [8, 8.83883, 8.49271]},
			"faces": {
				"north": {"uv": [9, 4.5, 11, 5], "rotation": 180, "texture": "#base"},
				"east": {"uv": [10.5, 4.5, 11, 7.5], "rotation": 90, "texture": "#base"},
				"south": {"uv": [9, 7, 11, 7.5], "texture": "#base"},
				"west": {"uv": [9, 4.5, 9.5, 7.5], "rotation": 270, "texture": "#base"},
				"up": {"uv": [9, 4.5, 11, 7.5], "texture": "#base"}
			}
		},
		{
			"from": [5, 8.83883, 12.74271],
			"to": [7, 9.33883, 15.74271],
			"rotation": {"angle": -45, "axis": "x", "origin": [8, 8.83883, 8.49271]},
			"faces": {
				"north": {"uv": [5, 4.5, 7, 5], "rotation": 180, "texture": "#base"},
				"east": {"uv": [6.5, 4.5, 7, 7.5], "rotation": 90, "texture": "#base"},
				"south": {"uv": [5, 7, 7, 7.5], "texture": "#base"},
				"west": {"uv": [5, 4.5, 5.5, 7.5], "rotation": 270, "texture": "#base"},
				"up": {"uv": [5, 4.5, 7, 7.5], "texture": "#base"}
			}
		},
		{
			"from": [4.5, 8.83883, 13.24271],
			"to": [7.5, 9.33883, 15.24271],
			"rotation": {"angle": -45, "axis": "x", "origin": [8, 8.83883, 8.49271]},
			"faces": {
				"north": {"uv": [4.5, 5, 7.5, 5.5], "rotation": 180, "texture": "#base"},
				"east": {"uv": [7, 5, 7.5, 7], "rotation": 90, "texture": "#base"},
				"south": {"uv": [4.5, 6.5, 7.5, 7], "texture": "#base"},
				"west": {"uv": [4.5, 5, 5, 7], "rotation": 270, "texture": "#base"},
				"up": {"uv": [4.5, 5, 7.5, 7], "texture": "#base"}
			}
		},
		{
			"from": [8.5, 8.83883, 13.24271],
			"to": [11.5, 9.33883, 15.24271],
			"rotation": {"angle": -45, "axis": "x", "origin": [8, 8.83883, 8.49271]},
			"faces": {
				"north": {"uv": [8.5, 5, 11.5, 5.5], "rotation": 180, "texture": "#base"},
				"east": {"uv": [11, 5, 11.5, 7], "rotation": 90, "texture": "#base"},
				"south": {"uv": [8.5, 6.5, 11.5, 7], "texture": "#base"},
				"west": {"uv": [8.5, 5, 9, 7], "rotation": 270, "texture": "#base"},
				"up": {"uv": [8.5, 5, 11.5, 7], "texture": "#base"}
			}
		},
		{
			"from": [5.5, 8.83883, 12.24271],
			"to": [10.5, 9.33883, 14.74271],
			"rotation": {"angle": -45, "axis": "x", "origin": [8, 8.83883, 8.49271]},
			"faces": {
				"north": {"uv": [5.5, 4, 10.5, 4.5], "rotation": 180, "texture": "#base"},
				"east": {"uv": [10, 4, 10.5, 6.5], "rotation": 90, "texture": "#base"},
				"south": {"uv": [5.5, 6.5, 10.5, 6], "texture": "#base"},
				"west": {"uv": [5.5, 4, 6, 6.5], "rotation": 270, "texture": "#base"},
				"up": {"uv": [5.5, 4.025, 10.5, 6.5], "texture": "#base"}
			}
		},
		{
			"from": [6, 8.83883, 11.74271],
			"to": [10, 9.33883, 12.74271],
			"rotation": {"angle": -45, "axis": "x", "origin": [8, 8.83883, 8.49271]},
			"faces": {
				"north": {"uv": [6, 3.5, 10, 4], "rotation": 180, "texture": "#base"},
				"east": {"uv": [9.5, 3.5, 10, 4.5], "rotation": 90, "texture": "#base"},
				"south": {"uv": [0, 0, 0, 0], "texture": "#base"},
				"west": {"uv": [6, 3.5, 6.5, 4.5], "rotation": 270, "texture": "#base"},
				"up": {"uv": [6, 3.5, 10, 4.5], "texture": "#base"}
			}
		},
		{
			"from": [6.5, 8.83883, 11.24271],
			"to": [9.5, 9.33883, 12.24271],
			"rotation": {"angle": -45, "axis": "x", "origin": [8, 8.83883, 8.49271]},
			"faces": {
				"north": {"uv": [6.5, 3, 9.5, 3.5], "rotation": 180, "texture": "#base"},
				"east": {"uv": [9, 3, 9.5, 4], "rotation": 90, "texture": "#base"},
				"south": {"uv": [0, 0, 0, 0], "texture": "#base"},
				"west": {"uv": [6.5, 3, 7, 4], "rotation": 270, "texture": "#base"},
				"up": {"uv": [6.5, 3, 9.5, 4], "texture": "#base"}
			}
		},
		{
			"from": [7, 8.83883, 10.74271],
			"to": [9, 9.33883, 11.74271],
			"rotation": {"angle": -45, "axis": "x", "origin": [8, 8.83883, 8.49271]},
			"faces": {
				"north": {"uv": [7, 2.5, 9, 3], "rotation": 180, "texture": "#base"},
				"east": {"uv": [8.5, 2.5, 9, 3.5], "rotation": 90, "texture": "#base"},
				"south": {"uv": [0, 0, 0, 0], "texture": "#base"},
				"west": {"uv": [7, 2.5, 7.5, 3.5], "rotation": 270, "texture": "#base"},
				"up": {"uv": [7, 2.5, 9, 3.5], "texture": "#base"}
			}
		},
		{
			"from": [7.5, 8.83883, 10.24271],
			"to": [8.5, 9.33883, 11.24271],
			"rotation": {"angle": -45, "axis": "x", "origin": [8, 8.83883, 8.49271]},
			"faces": {
				"north": {"uv": [7.5, 2, 8.5, 2.5], "rotation": 180, "texture": "#base"},
				"east": {"uv": [8, 2, 8.5, 3], "rotation": 90, "texture": "#base"},
				"south": {"uv": [0, 0, 0, 0], "texture": "#base"},
				"west": {"uv": [7.5, 2, 8, 3], "rotation": 270, "texture": "#base"},
				"up": {"uv": [7.5, 2, 8.5, 3], "texture": "#base"}
			}
		},
		{
			"from": [4.5, 8.58883, 12.74271],
			"to": [7.5, 9.08883, 15.74271],
			"rotation": {"angle": -45, "axis": "x", "origin": [8, 8.83883, 8.49271]},
			"faces": {
				"north": {"uv": [4.5, 4.5, 7.5, 5], "rotation": 180, "texture": "#base"},
				"east": {"uv": [7.5, 4.5, 7, 7.5], "rotation": 90, "texture": "#base"},
				"south": {"uv": [4.5, 7, 7.5, 7.5], "texture": "#base"},
				"west": {"uv": [5, 4.5, 4.5, 7.5], "rotation": 270, "texture": "#base"},
				"up": {"uv": [7.5, 7.5, 4.5, 4.5], "rotation": 180, "texture": "#base"},
				"down": {"uv": [8.5, 4.5, 11.5, 7.5], "rotation": 180, "texture": "#bottom"}
			}
		},
		{
			"from": [5, 8.58883, 12.24271],
			"to": [11, 9.08883, 15.24271],
			"rotation": {"angle": -45, "axis": "x", "origin": [8, 8.83883, 8.49271]},
			"faces": {
				"north": {"uv": [5, 4, 11, 4.5], "texture": "#base"},
				"east": {"uv": [10.5, 4, 11, 7], "rotation": 90, "texture": "#base"},
				"south": {"uv": [5, 6.5, 11, 7], "texture": "#base"},
				"west": {"uv": [5, 4, 5.5, 7], "rotation": 270, "texture": "#base"},
				"up": {"uv": [5, 4, 11, 7], "texture": "#base"},
				"down": {"uv": [5, 4, 11, 7], "rotation": 180, "texture": "#bottom"}
			}
		},
		{
			"from": [6, 8.58883, 11.24271],
			"to": [10, 9.08883, 12.24271],
			"rotation": {"angle": -45, "axis": "x", "origin": [8, 8.83883, 8.49271]},
			"faces": {
				"north": {"uv": [10, 3.5, 6, 3], "texture": "#base"},
				"east": {"uv": [9.5, 3, 10, 4], "rotation": 90, "texture": "#base"},
				"south": {"uv": [0, 0, 0, 0], "texture": "#base"},
				"west": {"uv": [6.5, 4, 6, 3], "rotation": 90, "texture": "#base"},
				"up": {"uv": [6, 4, 10, 3], "rotation": 180, "texture": "#base"},
				"down": {"uv": [6, 3, 10, 4], "rotation": 180, "texture": "#bottom"}
			}
		},
		{
			"from": [7, 8.58883, 10.24271],
			"to": [9, 9.08883, 11.24271],
			"rotation": {"angle": -45, "axis": "x", "origin": [8, 8.83883, 8.49271]},
			"faces": {
				"north": {"uv": [7, 2, 9, 2.5], "texture": "#base"},
				"east": {"uv": [8.5, 2, 9, 3], "rotation": 90, "texture": "#base"},
				"south": {"uv": [0, 0, 0, 0], "texture": "#base"},
				"west": {"uv": [7, 2, 7.5, 3], "rotation": 270, "texture": "#base"},
				"up": {"uv": [7, 2, 9, 3], "texture": "#base"},
				"down": {"uv": [7, 2, 9, 3], "rotation": 180, "texture": "#bottom"}
			}
		},
		{
			"from": [8.5, 8.58883, 12.74271],
			"to": [11.5, 9.08883, 15.74271],
			"rotation": {"angle": -45, "axis": "x", "origin": [8, 8.83883, 8.49271]},
			"faces": {
				"north": {"uv": [8.5, 4.5, 11.5, 5], "rotation": 180, "texture": "#base"},
				"east": {"uv": [11, 4.5, 11.5, 7.5], "rotation": 90, "texture": "#base"},
				"south": {"uv": [8.5, 7, 11.5, 7.5], "texture": "#base"},
				"west": {"uv": [8.5, 4.5, 9, 7.5], "rotation": 270, "texture": "#base"},
				"up": {"uv": [8.5, 4.5, 11.5, 7.5], "texture": "#base"},
				"down": {"uv": [4.5, 4.5, 7.5, 7.5], "rotation": 180, "texture": "#bottom"}
			}
		},
		{
			"from": [5.5, 8.58883, 11.74271],
			"to": [10.5, 9.08883, 12.74271],
			"rotation": {"angle": -45, "axis": "x", "origin": [8, 8.83883, 8.49271]},
			"faces": {
				"north": {"uv": [10.5, 4, 5.5, 3.5], "texture": "#base"},
				"east": {"uv": [10, 4.5, 10.5, 3.5], "rotation": 270, "texture": "#base"},
				"south": {"uv": [0, 0, 0, 0], "texture": "#base"},
				"west": {"uv": [5.5, 4.5, 6, 3.5], "rotation": 90, "texture": "#base"},
				"up": {"uv": [5.5, 4.5, 10.5, 3.5], "rotation": 180, "texture": "#base"},
				"down": {"uv": [5.5, 3.5, 10.5, 4.5], "rotation": 180, "texture": "#bottom"}
			}
		},
		{
			"from": [7.5, 8.58883, 9.74271],
			"to": [8.5, 9.08883, 10.74271],
			"rotation": {"angle": -45, "axis": "x", "origin": [8, 8.83883, 8.49271]},
			"faces": {
				"north": {"uv": [7.5, 1.5, 8.5, 2], "texture": "#base"},
				"east": {"uv": [8, 1.5, 8.5, 2.5], "rotation": 90, "texture": "#base"},
				"south": {"uv": [0, 0, 0, 0], "texture": "#base"},
				"west": {"uv": [7.5, 1.5, 8, 2.5], "rotation": 270, "texture": "#base"},
				"up": {"uv": [7.5, 1.5, 8.5, 2.5], "texture": "#base"},
				"down": {"uv": [7.5, 1.5, 8.5, 2.5], "rotation": 180, "texture": "#bottom"}
			}
		},
		{
			"from": [6.5, 8.58883, 10.74271],
			"to": [9.5, 9.08883, 11.74271],
			"rotation": {"angle": -45, "axis": "x", "origin": [8, 8.83883, 8.49271]},
			"faces": {
				"north": {"uv": [6.5, 2.5, 9.5, 3], "texture": "#base"},
				"east": {"uv": [9, 2.5, 9.5, 3.5], "rotation": 90, "texture": "#base"},
				"south": {"uv": [0, 0, 0, 0], "texture": "#base"},
				"west": {"uv": [6.5, 2.5, 7, 3.5], "rotation": 270, "texture": "#base"},
				"up": {"uv": [6.5, 2.5, 9.5, 3.5], "texture": "#base"},
				"down": {"uv": [6.5, 2.5, 9.5, 3.5], "rotation": 180, "texture": "#bottom"}
			}
		},
		{
			"from": [5, 8.58883, 15.24271],
			"to": [7, 9.08883, 16.24271],
			"rotation": {"angle": -45, "axis": "x", "origin": [8, 8.83883, 8.49271]},
			"faces": {
				"north": {"uv": [5, 7, 7, 7.5], "rotation": 180, "texture": "#base"},
				"east": {"uv": [7, 7, 6.5, 8], "rotation": 90, "texture": "#base"},
				"south": {"uv": [5, 7.5, 7, 8], "texture": "#base"},
				"west": {"uv": [5.5, 7, 5, 8], "rotation": 270, "texture": "#base"},
				"up": {"uv": [7, 8, 5, 7], "rotation": 180, "texture": "#base"},
				"down": {"uv": [7, 7, 5, 8], "rotation": 180, "texture": "#bottom"}
			}
		},
		{
			"from": [9, 8.58883, 15.24271],
			"to": [11, 9.08883, 16.24271],
			"rotation": {"angle": -45, "axis": "x", "origin": [8, 8.83883, 8.49271]},
			"faces": {
				"north": {"uv": [9, 7, 11, 7.5], "rotation": 180, "texture": "#base"},
				"east": {"uv": [11, 7, 10.5, 8], "rotation": 90, "texture": "#base"},
				"south": {"uv": [9, 7.5, 11, 8], "texture": "#base"},
				"west": {"uv": [9.5, 7, 9, 8], "rotation": 270, "texture": "#base"},
				"up": {"uv": [11, 8, 9, 7], "rotation": 180, "texture": "#base"},
				"down": {"uv": [11, 7, 9, 8], "rotation": 180, "texture": "#bottom"}
			}
		},
		{
			"from": [9, 9.08883, 4.24271],
			"to": [11, 9.58883, 6.24271],
			"rotation": {"angle": -45, "axis": "x", "origin": [8, 8.83883, 8.49271]},
			"faces": {
				"north": {"uv": [9, 5, 11, 5.5], "rotation": 180, "texture": "#tint", "tintindex": 0},
				"east": {"uv": [10.5, 5, 11, 7], "rotation": 90, "texture": "#tint", "tintindex": 0},
				"south": {"uv": [9, 6.5, 11, 7], "texture": "#tint", "tintindex": 0},
				"west": {"uv": [9, 5, 9.5, 7], "rotation": 270, "texture": "#tint", "tintindex": 0},
				"up": {"uv": [9, 5, 11, 7], "texture": "#tint", "tintindex": 0}
			}
		},
		{
			"from": [8.5, 9.08883, 3.74271],
			"to": [10.5, 9.58883, 5.74271],
			"rotation": {"angle": -45, "axis": "x", "origin": [8, 8.83883, 8.49271]},
			"faces": {
				"north": {"uv": [8.5, 4.5, 10.5, 5], "rotation": 180, "texture": "#tint", "tintindex": 0},
				"east": {"uv": [10, 4.5, 10.5, 6.5], "rotation": 90, "texture": "#tint", "tintindex": 0},
				"south": {"uv": [8.5, 6, 10.5, 6.5], "texture": "#tint", "tintindex": 0},
				"west": {"uv": [8.5, 4.5, 9, 6.5], "rotation": 270, "texture": "#tint", "tintindex": 0},
				"up": {"uv": [8.5, 4.5, 10.5, 6.5], "texture": "#tint", "tintindex": 0}
			}
		},
		{
			"from": [5, 9.08883, 4.24271],
			"to": [7, 9.58883, 6.24271],
			"rotation": {"angle": -45, "axis": "x", "origin": [8, 8.83883, 8.49271]},
			"faces": {
				"north": {"uv": [5, 5, 7, 5.5], "rotation": 180, "texture": "#tint", "tintindex": 0},
				"east": {"uv": [5, 6.5, 7, 7], "texture": "#tint", "tintindex": 0},
				"south": {"uv": [5, 6.5, 7, 7], "texture": "#tint", "tintindex": 0},
				"west": {"uv": [5.5, 5, 5, 7], "rotation": 270, "texture": "#tint", "tintindex": 0},
				"up": {"uv": [5, 5, 7, 7], "texture": "#tint", "tintindex": 0}
			}
		},
		{
			"from": [5.5, 9.08883, 3.74271],
			"to": [7.5, 9.58883, 5.74271],
			"rotation": {"angle": -45, "axis": "x", "origin": [8, 8.83883, 8.49271]},
			"faces": {
				"north": {"uv": [5.5, 4.5, 7.5, 5], "rotation": 180, "texture": "#tint", "tintindex": 0},
				"east": {"uv": [7, 6, 7.5, 6.5], "rotation": 90, "texture": "#tint", "tintindex": 0},
				"south": {"uv": [7, 6, 7.5, 6.5], "texture": "#tint", "tintindex": 0},
				"west": {"uv": [5.5, 4.5, 6, 6.5], "rotation": 270, "texture": "#tint", "tintindex": 0},
				"up": {"uv": [5.5, 4.5, 7.5, 6.5], "texture": "#tint", "tintindex": 0}
			}
		},
		{
			"from": [6, 9.08883, 3.24271],
			"to": [10, 9.58883, 5.24271],
			"rotation": {"angle": -45, "axis": "x", "origin": [8, 8.83883, 8.49271]},
			"faces": {
				"north": {"uv": [6, 4, 10, 4.5], "texture": "#tint", "tintindex": 0},
				"east": {"uv": [8, 4, 10, 4.5], "texture": "#tint", "tintindex": 0},
				"south": {"uv": [6, 5.5, 10, 6], "texture": "#tint", "tintindex": 0},
				"west": {"uv": [6, 4, 8, 4.5], "texture": "#tint", "tintindex": 0},
				"up": {"uv": [6, 4, 10, 6], "texture": "#tint", "tintindex": 0}
			}
		},
		{
			"from": [6.5, 9.08883, 2.74271],
			"to": [9.5, 9.58883, 3.74271],
			"rotation": {"angle": -45, "axis": "x", "origin": [8, 8.83883, 8.49271]},
			"faces": {
				"north": {"uv": [6.5, 3.5, 9.5, 4], "texture": "#tint", "tintindex": 0},
				"east": {"uv": [8.5, 3.5, 9.5, 4], "texture": "#tint", "tintindex": 0},
				"south": {"uv": [0, 0, 0, 0], "texture": "#tint", "tintindex": 0},
				"west": {"uv": [6.5, 3.5, 7.5, 4], "texture": "#tint", "tintindex": 0},
				"up": {"uv": [6.5, 3.5, 9.5, 4.5], "texture": "#tint", "tintindex": 0}
			}
		},
		{
			"from": [7, 9.08883, 2.24271],
			"to": [9, 9.58883, 3.24271],
			"rotation": {"angle": -45, "axis": "x", "origin": [8, 8.83883, 8.49271]},
			"faces": {
				"north": {"uv": [7, 3, 9, 3.5], "texture": "#tint", "tintindex": 0},
				"east": {"uv": [8, 3, 9, 3.5], "texture": "#tint", "tintindex": 0},
				"south": {"uv": [0, 0, 0, 0], "texture": "#tint", "tintindex": 0},
				"west": {"uv": [7, 3, 8, 3.5], "texture": "#tint", "tintindex": 0},
				"up": {"uv": [7, 3, 9, 4], "texture": "#tint", "tintindex": 0}
			}
		},
		{
			"from": [7.5, 9.08883, 1.74271],
			"to": [8.5, 9.58883, 2.74271],
			"rotation": {"angle": -45, "axis": "x", "origin": [8, 8.83883, 8.49271]},
			"faces": {
				"north": {"uv": [7.5, 2.5, 8.5, 3], "texture": "#tint", "tintindex": 0},
				"east": {"uv": [7.5, 2.5, 8.5, 3], "texture": "#tint", "tintindex": 0},
				"south": {"uv": [0, 0, 0, 0], "texture": "#tint", "tintindex": 0},
				"west": {"uv": [7.5, 2.5, 8.5, 3], "texture": "#tint", "tintindex": 0},
				"up": {"uv": [7.5, 2.5, 8.5, 3.5], "texture": "#tint", "tintindex": 0}
			}
		},
		{
			"from": [9, 8.83883, 3.74271],
			"to": [11, 9.33883, 6.74271],
			"rotation": {"angle": -45, "axis": "x", "origin": [8, 8.83883, 8.49271]},
			"faces": {
				"north": {"uv": [9, 4.5, 11, 5], "rotation": 180, "texture": "#base"},
				"east": {"uv": [10.5, 4.5, 11, 7.5], "rotation": 90, "texture": "#base"},
				"south": {"uv": [9, 7, 11, 7.5], "texture": "#base"},
				"west": {"uv": [9, 4.5, 9.5, 7.5], "rotation": 270, "texture": "#base"},
				"up": {"uv": [9, 4.5, 11, 7.5], "texture": "#base"}
			}
		},
		{
			"from": [5, 8.83883, 3.74271],
			"to": [7, 9.33883, 6.74271],
			"rotation": {"angle": -45, "axis": "x", "origin": [8, 8.83883, 8.49271]},
			"faces": {
				"north": {"uv": [5, 4.5, 7, 5], "rotation": 180, "texture": "#base"},
				"east": {"uv": [6.5, 4.5, 7, 7.5], "rotation": 90, "texture": "#base"},
				"south": {"uv": [5, 7, 7, 7.5], "texture": "#base"},
				"west": {"uv": [5, 4.5, 5.5, 7.5], "rotation": 270, "texture": "#base"},
				"up": {"uv": [5, 4.5, 7, 7.5], "texture": "#base"}
			}
		},
		{
			"from": [4.5, 8.83883, 4.24271],
			"to": [7.5, 9.33883, 6.24271],
			"rotation": {"angle": -45, "axis": "x", "origin": [8, 8.83883, 8.49271]},
			"faces": {
				"north": {"uv": [4.5, 5, 7.5, 5.5], "rotation": 180, "texture": "#base"},
				"east": {"uv": [7, 5, 7.5, 7], "rotation": 90, "texture": "#base"},
				"south": {"uv": [4.5, 6.5, 7.5, 7], "texture": "#base"},
				"west": {"uv": [4.5, 5, 5, 7], "rotation": 270, "texture": "#base"},
				"up": {"uv": [4.5, 5, 7.5, 7], "texture": "#base"}
			}
		},
		{
			"from": [8.5, 8.83883, 4.24271],
			"to": [11.5, 9.33883, 6.24271],
			"rotation": {"angle": -45, "axis": "x", "origin": [8, 8.83883, 8.49271]},
			"faces": {
				"north": {"uv": [8.5, 5, 11.5, 5.5], "rotation": 180, "texture": "#base"},
				"east": {"uv": [11, 5, 11.5, 7], "rotation": 90, "texture": "#base"},
				"south": {"uv": [8.5, 6.5, 11.5, 7], "texture": "#base"},
				"west": {"uv": [8.5, 5, 9, 7], "rotation": 270, "texture": "#base"},
				"up": {"uv": [8.5, 5, 11.5, 7], "texture": "#base"}
			}
		},
		{
			"from": [5.5, 8.83883, 3.24271],
			"to": [10.5, 9.33883, 5.74271],
			"rotation": {"angle": -45, "axis": "x", "origin": [8, 8.83883, 8.49271]},
			"faces": {
				"north": {"uv": [5.5, 4, 10.5, 4.5], "rotation": 180, "texture": "#base"},
				"east": {"uv": [10, 4, 10.5, 6.5], "rotation": 90, "texture": "#base"},
				"south": {"uv": [5.5, 6.5, 10.5, 6], "texture": "#base"},
				"west": {"uv": [5.5, 4, 6, 6.5], "rotation": 270, "texture": "#base"},
				"up": {"uv": [5.5, 4.025, 10.5, 6.5], "texture": "#base"}
			}
		},
		{
			"from": [6, 8.83883, 2.74271],
			"to": [10, 9.33883, 3.74271],
			"rotation": {"angle": -45, "axis": "x", "origin": [8, 8.83883, 8.49271]},
			"faces": {
				"north": {"uv": [6, 3.5, 10, 4], "rotation": 180, "texture": "#base"},
				"east": {"uv": [9.5, 3.5, 10, 4.5], "rotation": 90, "texture": "#base"},
				"south": {"uv": [0, 0, 0, 0], "texture": "#base"},
				"west": {"uv": [6, 3.5, 6.5, 4.5], "rotation": 270, "texture": "#base"},
				"up": {"uv": [6, 3.5, 10, 4.5], "texture": "#base"}
			}
		},
		{
			"from": [6.5, 8.83883, 2.24271],
			"to": [9.5, 9.33883, 3.24271],
			"rotation": {"angle": -45, "axis": "x", "origin": [8, 8.83883, 8.49271]},
			"faces": {
				"north": {"uv": [6.5, 3, 9.5, 3.5], "rotation": 180, "texture": "#base"},
				"east": {"uv": [9, 3, 9.5, 4], "rotation": 90, "texture": "#base"},
				"south": {"uv": [0, 0, 0, 0], "texture": "#base"},
				"west": {"uv": [6.5, 3, 7, 4], "rotation": 270, "texture": "#base"},
				"up": {"uv": [6.5, 3, 9.5, 4], "texture": "#base"}
			}
		},
		{
			"from": [7, 8.83883, 1.74271],
			"to": [9, 9.33883, 2.74271],
			"rotation": {"angle": -45, "axis": "x", "origin": [8, 8.83883, 8.49271]},
			"faces": {
				"north": {"uv": [7, 2.5, 9, 3], "rotation": 180, "texture": "#base"},
				"east": {"uv": [8.5, 2.5, 9, 3.5], "rotation": 90, "texture": "#base"},
				"south": {"uv": [0, 0, 0, 0], "texture": "#base"},
				"west": {"uv": [7, 2.5, 7.5, 3.5], "rotation": 270, "texture": "#base"},
				"up": {"uv": [7, 2.5, 9, 3.5], "texture": "#base"}
			}
		},
		{
			"from": [7.5, 8.83883, 1.24271],
			"to": [8.5, 9.33883, 2.24271],
			"rotation": {"angle": -45, "axis": "x", "origin": [8, 8.83883, 8.49271]},
			"faces": {
				"north": {"uv": [7.5, 2, 8.5, 2.5], "rotation": 180, "texture": "#base"},
				"east": {"uv": [8, 2, 8.5, 3], "rotation": 90, "texture": "#base"},
				"south": {"uv": [0, 0, 0, 0], "texture": "#base"},
				"west": {"uv": [7.5, 2, 8, 3], "rotation": 270, "texture": "#base"},
				"up": {"uv": [7.5, 2, 8.5, 3], "texture": "#base"}
			}
		},
		{
			"from": [4.5, 8.58883, 3.74271],
			"to": [7.5, 9.08883, 6.74271],
			"rotation": {"angle": -45, "axis": "x", "origin": [8, 8.83883, 8.49271]},
			"faces": {
				"north": {"uv": [4.5, 4.5, 7.5, 5], "rotation": 180, "texture": "#base"},
				"east": {"uv": [7.5, 4.5, 7, 7.5], "rotation": 90, "texture": "#base"},
				"south": {"uv": [4.5, 7, 7.5, 7.5], "texture": "#base"},
				"west": {"uv": [5, 4.5, 4.5, 7.5], "rotation": 270, "texture": "#base"},
				"up": {"uv": [7.5, 7.5, 4.5, 4.5], "rotation": 180, "texture": "#base"},
				"down": {"uv": [8.5, 4.5, 11.5, 7.5], "rotation": 180, "texture": "#bottom"}
			}
		},
		{
			"from": [5, 8.58883, 3.24271],
			"to": [11, 9.08883, 6.24271],
			"rotation": {"angle": -45, "axis": "x", "origin": [8, 8.83883, 8.49271]},
			"faces": {
				"north": {"uv": [5, 4, 11, 4.5], "texture": "#base"},
				"east": {"uv": [10.5, 4, 11, 7], "rotation": 90, "texture": "#base"},
				"south": {"uv": [5, 6.5, 11, 7], "texture": "#base"},
				"west": {"uv": [5, 4, 5.5, 7], "rotation": 270, "texture": "#base"},
				"up": {"uv": [5, 4, 11, 7], "texture": "#base"},
				"down": {"uv": [5, 4, 11, 7], "rotation": 180, "texture": "#bottom"}
			}
		},
		{
			"from": [6, 8.58883, 2.24271],
			"to": [10, 9.08883, 3.24271],
			"rotation": {"angle": -45, "axis": "x", "origin": [8, 8.83883, 8.49271]},
			"faces": {
				"north": {"uv": [10, 3.5, 6, 3], "texture": "#base"},
				"east": {"uv": [9.5, 3, 10, 4], "rotation": 90, "texture": "#base"},
				"south": {"uv": [0, 0, 0, 0], "texture": "#base"},
				"west": {"uv": [6.5, 4, 6, 3], "rotation": 90, "texture": "#base"},
				"up": {"uv": [6, 4, 10, 3], "rotation": 180, "texture": "#base"},
				"down": {"uv": [6, 3, 10, 4], "rotation": 180, "texture": "#bottom"}
			}
		},
		{
			"from": [7, 8.58883, 1.24271],
			"to": [9, 9.08883, 2.24271],
			"rotation": {"angle": -45, "axis": "x", "origin": [8, 8.83883, 8.49271]},
			"faces": {
				"north": {"uv": [7, 2, 9, 2.5], "texture": "#base"},
				"east": {"uv": [8.5, 2, 9, 3], "rotation": 90, "texture": "#base"},
				"south": {"uv": [0, 0, 0, 0], "texture": "#base"},
				"west": {"uv": [7, 2, 7.5, 3], "rotation": 270, "texture": "#base"},
				"up": {"uv": [7, 2, 9, 3], "texture": "#base"},
				"down": {"uv": [7, 2, 9, 3], "rotation": 180, "texture": "#bottom"}
			}
		},
		{
			"from": [8.5, 8.58883, 3.74271],
			"to": [11.5, 9.08883, 6.74271],
			"rotation": {"angle": -45, "axis": "x", "origin": [8, 8.83883, 8.49271]},
			"faces": {
				"north": {"uv": [8.5, 4.5, 11.5, 5], "rotation": 180, "texture": "#base"},
				"east": {"uv": [11, 4.5, 11.5, 7.5], "rotation": 90, "texture": "#base"},
				"south": {"uv": [8.5, 7, 11.5, 7.5], "texture": "#base"},
				"west": {"uv": [8.5, 4.5, 9, 7.5], "rotation": 270, "texture": "#base"},
				"up": {"uv": [8.5, 4.5, 11.5, 7.5], "texture": "#base"},
				"down": {"uv": [4.5, 4.5, 7.5, 7.5], "rotation": 180, "texture": "#bottom"}
			}
		},
		{
			"from": [5.5, 8.58883, 2.74271],
			"to": [10.5, 9.08883, 3.74271],
			"rotation": {"angle": -45, "axis": "x", "origin": [8, 8.83883, 8.49271]},
			"faces": {
				"north": {"uv": [10.5, 4, 5.5, 3.5], "texture": "#base"},
				"east": {"uv": [10, 4.5, 10.5, 3.5], "rotation": 270, "texture": "#base"},
				"south": {"uv": [0, 0, 0, 0], "texture": "#base"},
				"west": {"uv": [5.5, 4.5, 6, 3.5], "rotation": 90, "texture": "#base"},
				"up": {"uv": [5.5, 4.5, 10.5, 3.5], "rotation": 180, "texture": "#base"},
				"down": {"uv": [5.5, 3.5, 10.5, 4.5], "rotation": 180, "texture": "#bottom"}
			}
		},
		{
			"from": [7.5, 8.58883, 0.74271],
			"to": [8.5, 9.08883, 1.74271],
			"rotation": {"angle": -45, "axis": "x", "origin": [8, 8.83883, 8.49271]},
			"faces": {
				"north": {"uv": [7.5, 1.5, 8.5, 2], "texture": "#base"},
				"east": {"uv": [8, 1.5, 8.5, 2.5], "rotation": 90, "texture": "#base"},
				"south": {"uv": [0, 0, 0, 0], "texture": "#base"},
				"west": {"uv": [7.5, 1.5, 8, 2.5], "rotation": 270, "texture": "#base"},
				"up": {"uv": [7.5, 1.5, 8.5, 2.5], "texture": "#base"},
				"down": {"uv": [7.5, 1.5, 8.5, 2.5], "rotation": 180, "texture": "#bottom"}
			}
		},
		{
			"from": [6.5, 8.58883, 1.74271],
			"to": [9.5, 9.08883, 2.74271],
			"rotation": {"angle": -45, "axis": "x", "origin": [8, 8.83883, 8.49271]},
			"faces": {
				"north": {"uv": [6.5, 2.5, 9.5, 3], "texture": "#base"},
				"east": {"uv": [9, 2.5, 9.5, 3.5], "rotation": 90, "texture": "#base"},
				"south": {"uv": [0, 0, 0, 0], "texture": "#base"},
				"west": {"uv": [6.5, 2.5, 7, 3.5], "rotation": 270, "texture": "#base"},
				"up": {"uv": [6.5, 2.5, 9.5, 3.5], "texture": "#base"},
				"down": {"uv": [6.5, 2.5, 9.5, 3.5], "rotation": 180, "texture": "#bottom"}
			}
		},
		{
			"from": [5, 8.58883, 6.24271],
			"to": [7, 9.08883, 7.24271],
			"rotation": {"angle": -45, "axis": "x", "origin": [8, 8.83883, 8.49271]},
			"faces": {
				"north": {"uv": [5, 7, 7, 7.5], "rotation": 180, "texture": "#base"},
				"east": {"uv": [7, 7, 6.5, 8], "rotation": 90, "texture": "#base"},
				"south": {"uv": [5, 7.5, 7, 8], "texture": "#base"},
				"west": {"uv": [5.5, 7, 5, 8], "rotation": 270, "texture": "#base"},
				"up": {"uv": [7, 8, 5, 7], "rotation": 180, "texture": "#base"},
				"down": {"uv": [7, 7, 5, 8], "rotation": 180, "texture": "#bottom"}
			}
		},
		{
			"from": [9, 8.58883, 6.24271],
			"to": [11, 9.08883, 7.24271],
			"rotation": {"angle": -45, "axis": "x", "origin": [8, 8.83883, 8.49271]},
			"faces": {
				"north": {"uv": [9, 7, 11, 7.5], "rotation": 180, "texture": "#base"},
				"east": {"uv": [11, 7, 10.5, 8], "rotation": 90, "texture": "#base"},
				"south": {"uv": [9, 7.5, 11, 8], "texture": "#base"},
				"west": {"uv": [9.5, 7, 9, 8], "rotation": 270, "texture": "#base"},
				"up": {"uv": [11, 8, 9, 7], "rotation": 180, "texture": "#base"},
				"down": {"uv": [11, 7, 9, 8], "rotation": 180, "texture": "#bottom"}
			}
		}
	],
	"groups": [
		{
			"name": "base",
			"origin": [0, 0, 0],
			"color": 0,
			"children": [
				0,
				1,
				2,
				3,
				4,
				5,
				6,
				7,
				8,
				9,
				10,
				11,
				12,
				13,
				14,
				15,
				16,
				17,
				18,
				19,
				20,
				21,
				22,
				23,
				24,
				25,
				26,
				27,
				28,
				29,
				30,
				31,
				32,
				33,
				34,
				35,
				36,
				37,
				38,
				39,
				40,
				41,
				42,
				43,
				44,
				45,
				46,
				47,
				48,
				49,
				50,
				51,
				52,
				53,
				54,
				55,
				56,
				57,
				58,
				59,
				60
			]
		},
		{
			"name": "arrows",
			"origin": [8, 8, 8],
			"color": 0,
			"children": [
				{
					"name": "Arrow_int2",
					"origin": [8, 8, 8],
					"color": 3,
					"children": [61, 62, 63, 64, 65, 66, 67, 68]
				},
				{
					"name": "Arrow_med2",
					"origin": [8, 8, 8],
					"color": 5,
					"children": [69, 70, 71, 72, 73, 74, 75, 76, 77]
				},
				{
					"name": "Arrow_ext2",
					"origin": [8, 8, 8],
					"color": 8,
					"children": [78, 79, 80, 81, 82, 83, 84, 85, 86, 87]
				},
				{
					"name": "Arrow_int1",
					"origin": [8, 8, 8],
					"color": 3,
					"children": [88, 89, 90, 91, 92, 93, 94, 95]
				},
				{
					"name": "Arrow_med1",
					"origin": [8, 8, 8],
					"color": 5,
					"children": [96, 97, 98, 99, 100, 101, 102, 103, 104]
				},
				{
					"name": "Arrow_ext1",
					"origin": [8, 8, 8],
					"color": 8,
					"children": [105, 106, 107, 108, 109, 110, 111, 112, 113, 114]
				}
			]
		}
	]
}