{
	"credit": "Made with Blockbench",
	"texture_size": [32, 32],
	"textures": {
		"particle": "create:block/controller_rail_base",
		"base": "create:block/controller_rail_base",
		"tint": "create:block/controller_rail_tint",
		"rail": "create:block/rail_model",
		"bottom": "create:block/controller_rail_bottom"
	},
	"elements": [
		{
			"from": [11.5, 0.75, 1],
			"to": [14, 1, 4],
			"faces": {
				"north": {"uv": [11.5, 1, 14, 1.5], "rotation": 180, "texture": "#base"},
				"east": {"uv": [13.5, 1, 14, 4], "rotation": 90, "texture": "#base"},
				"south": {"uv": [11.5, 3.5, 14, 4], "texture": "#base"},
				"west": {"uv": [11.5, 1, 12, 4], "rotation": 270, "texture": "#base"},
				"up": {"uv": [11.5, 1, 14, 4], "texture": "#base"}
			}
		},
		{
			"from": [2.5, 0.75, 0],
			"to": [4, 1, 16],
			"faces": {
				"north": {"uv": [2.5, 0, 4, 0.5], "rotation": 180, "texture": "#base", "cullface": "north"},
				"east": {"uv": [3.5, 0, 4, 16], "rotation": 90, "texture": "#base"},
				"south": {"uv": [2.5, 15.5, 4, 16], "texture": "#base", "cullface": "south"},
				"west": {"uv": [2.5, 0, 3, 16], "rotation": 270, "texture": "#base"},
				"up": {"uv": [2.5, 0, 4, 16], "texture": "#base"}
			}
		},
		{
			"from": [12, 0.75, 0],
			"to": [13.5, 1, 16],
			"faces": {
				"north": {"uv": [12, 0, 13.5, 0.5], "rotation": 180, "texture": "#base", "cullface": "north"},
				"east": {"uv": [13, 0, 13.5, 16], "rotation": 90, "texture": "#base"},
				"south": {"uv": [12, 15.5, 13.5, 16], "texture": "#base", "cullface": "south"},
				"west": {"uv": [12, 0, 12.5, 16], "rotation": 270, "texture": "#base"},
				"up": {"uv": [12, 0, 13.5, 16], "texture": "#base"}
			}
		},
		{
			"from": [12.5, 1, 0],
			"to": [13, 1.5, 16],
			"faces": {
				"north": {"uv": [12.5, 0, 13, 0.5], "texture": "#base", "cullface": "north"},
				"east": {"uv": [12.5, 0, 13, 16], "rotation": 90, "texture": "#base"},
				"south": {"uv": [12.5, 15.5, 13, 16], "texture": "#base", "cullface": "south"},
				"west": {"uv": [12.5, 0, 13, 16], "rotation": 270, "texture": "#base"},
				"up": {"uv": [12.5, 0, 13, 16], "texture": "#base"}
			}
		},
		{
			"from": [3, 1, 0],
			"to": [3.5, 1.5, 16],
			"faces": {
				"north": {"uv": [3, 0, 3.5, 0.5], "texture": "#base", "cullface": "north"},
				"east": {"uv": [3, 0, 3.5, 16], "rotation": 90, "texture": "#base"},
				"south": {"uv": [3, 15.5, 3.5, 16], "texture": "#base", "cullface": "south"},
				"west": {"uv": [3, 0, 3.5, 16], "rotation": 270, "texture": "#base"},
				"up": {"uv": [3, 0, 3.5, 16], "texture": "#base"}
			}
		},
		{
			"from": [1.5, 0.499, 2],
			"to": [5, 0.749, 3],
			"faces": {
				"north": {"uv": [1, 2, 1.5, 2.5], "rotation": 180, "texture": "#base"},
				"east": {"uv": [1, 2, 1.5, 3], "rotation": 90, "texture": "#base"},
				"south": {"uv": [1, 2.5, 1.5, 3], "texture": "#base"},
				"west": {"uv": [1, 2, 1.5, 3], "rotation": 90, "texture": "#base"},
				"up": {"uv": [1, 2, 1.5, 3], "texture": "#base"}
			}
		},
		{
			"from": [11.5, 0.5, 0],
			"to": [14, 0.75, 16],
			"faces": {
				"north": {"uv": [11.5, 0, 14, 0.5], "rotation": 180, "texture": "#base", "cullface": "north"},
				"east": {"uv": [13.5, 0, 14, 16], "rotation": 270, "texture": "#base"},
				"south": {"uv": [11.5, 15.5, 14, 16], "texture": "#base", "cullface": "south"},
				"west": {"uv": [11.5, 0, 12, 16], "rotation": 90, "texture": "#base"},
				"up": {"uv": [11.5, 0, 14, 16], "texture": "#base"},
				"down": {"uv": [11.5, 0, 14, 16], "texture": "#base"}
			}
		},
		{
			"from": [1.5, 0.499, 7.5],
			"to": [5, 0.749, 8.5],
			"faces": {
				"north": {"uv": [1, 2, 1.5, 2.5], "rotation": 180, "texture": "#base"},
				"east": {"uv": [1, 2, 1.5, 3], "rotation": 90, "texture": "#base"},
				"south": {"uv": [1, 2.5, 1.5, 3], "texture": "#base"},
				"west": {"uv": [1, 2, 1.5, 3], "rotation": 90, "texture": "#base"},
				"up": {"uv": [1, 2, 1.5, 3], "texture": "#base"}
			}
		},
		{
			"from": [11, 0.499, 2],
			"to": [14.5, 0.749, 3],
			"faces": {
				"north": {"uv": [1.5, 2, 2, 2.5], "rotation": 180, "texture": "#base"},
				"east": {"uv": [1.5, 2, 2, 3], "rotation": 90, "texture": "#base"},
				"south": {"uv": [1.5, 2.5, 2, 3], "texture": "#base"},
				"west": {"uv": [1.5, 2, 2, 3], "rotation": 90, "texture": "#base"},
				"up": {"uv": [1, 2, 1.5, 3], "texture": "#base"}
			}
		},
		{
			"from": [1.5, 0.499, 13],
			"to": [5, 0.749, 14],
			"faces": {
				"north": {"uv": [1, 2, 1.5, 2.5], "rotation": 180, "texture": "#base"},
				"east": {"uv": [1, 2, 1.5, 3], "rotation": 90, "texture": "#base"},
				"south": {"uv": [1, 2.5, 1.5, 3], "texture": "#base"},
				"west": {"uv": [1, 2, 1.5, 3], "rotation": 90, "texture": "#base"},
				"up": {"uv": [1, 2, 1.5, 3], "texture": "#base"}
			}
		},
		{
			"from": [2, 0.5, 0],
			"to": [4.5, 0.75, 16],
			"faces": {
				"north": {"uv": [2, 0, 4.5, 0.5], "rotation": 180, "texture": "#base", "cullface": "north"},
				"east": {"uv": [4, 0, 4.5, 16], "rotation": 270, "texture": "#base"},
				"south": {"uv": [2, 15.5, 4.5, 16], "texture": "#base", "cullface": "south"},
				"west": {"uv": [2, 0, 2.5, 16], "rotation": 90, "texture": "#base"},
				"up": {"uv": [2, 0, 4.5, 16], "texture": "#base"},
				"down": {"uv": [2, 0, 4.5, 16], "texture": "#base"}
			}
		},
		{
			"from": [12, 1, 0.5],
			"to": [13.5, 1.25, 4.5],
			"faces": {
				"north": {"uv": [12, 0.5, 13.5, 1], "rotation": 180, "texture": "#base"},
				"east": {"uv": [13, 0.5, 13.5, 4.5], "rotation": 90, "texture": "#base"},
				"south": {"uv": [12, 4, 13.5, 4.5], "texture": "#base"},
				"west": {"uv": [12, 0.5, 12.5, 4.5], "rotation": 270, "texture": "#base"},
				"up": {"uv": [12, 0.5, 13.5, 4.5], "texture": "#base"}
			}
		},
		{
			"from": [11.5, 0.75, 6.5],
			"to": [14, 1, 9.5],
			"faces": {
				"north": {"uv": [11.5, 1, 14, 1.5], "rotation": 180, "texture": "#base"},
				"east": {"uv": [13.5, 1, 14, 4], "rotation": 90, "texture": "#base"},
				"south": {"uv": [11.5, 3.5, 14, 4], "texture": "#base"},
				"west": {"uv": [11.5, 1, 12, 4], "rotation": 270, "texture": "#base"},
				"up": {"uv": [11.5, 1, 14, 4], "texture": "#base"}
			}
		},
		{
			"from": [11, 0.499, 7.5],
			"to": [14.5, 0.749, 8.5],
			"faces": {
				"north": {"uv": [1, 2, 1.5, 2.5], "rotation": 180, "texture": "#base"},
				"east": {"uv": [1, 2, 1.5, 3], "rotation": 90, "texture": "#base"},
				"south": {"uv": [1, 2.5, 1.5, 3], "texture": "#base"},
				"west": {"uv": [1, 2, 1.5, 3], "rotation": 90, "texture": "#base"},
				"up": {"uv": [1, 2, 1.5, 3], "texture": "#base"}
			}
		},
		{
			"from": [12, 1, 6],
			"to": [13.5, 1.25, 10],
			"faces": {
				"north": {"uv": [12, 0.5, 13.5, 1], "rotation": 180, "texture": "#base"},
				"east": {"uv": [13, 0.5, 13.5, 4.5], "rotation": 90, "texture": "#base"},
				"south": {"uv": [12, 4, 13.5, 4.5], "texture": "#base"},
				"west": {"uv": [12, 0.5, 12.5, 4.5], "rotation": 270, "texture": "#base"},
				"up": {"uv": [12, 0.5, 13.5, 4.5], "texture": "#base"}
			}
		},
		{
			"from": [11.5, 0.75, 12],
			"to": [14, 1, 15],
			"faces": {
				"north": {"uv": [11.5, 1, 14, 1.5], "rotation": 180, "texture": "#base"},
				"east": {"uv": [13.5, 1, 14, 4], "rotation": 90, "texture": "#base"},
				"south": {"uv": [11.5, 3.5, 14, 4], "texture": "#base"},
				"west": {"uv": [11.5, 1, 12, 4], "rotation": 270, "texture": "#base"},
				"up": {"uv": [11.5, 1, 14, 4], "texture": "#base"}
			}
		},
		{
			"from": [12, 1, 11.5],
			"to": [13.5, 1.25, 15.5],
			"faces": {
				"north": {"uv": [12, 0.5, 13.5, 1], "rotation": 180, "texture": "#base"},
				"east": {"uv": [13, 0.5, 13.5, 4.5], "rotation": 90, "texture": "#base"},
				"south": {"uv": [12, 4, 13.5, 4.5], "texture": "#base"},
				"west": {"uv": [12, 0.5, 12.5, 4.5], "rotation": 270, "texture": "#base"},
				"up": {"uv": [12, 0.5, 13.5, 4.5], "texture": "#base"}
			}
		},
		{
			"from": [11, 0.499, 13],
			"to": [14.5, 0.749, 14],
			"faces": {
				"north": {"uv": [1.5, 2, 2, 2.5], "rotation": 180, "texture": "#base"},
				"east": {"uv": [1.5, 2, 2, 3], "rotation": 90, "texture": "#base"},
				"south": {"uv": [1.5, 2.5, 2, 3], "texture": "#base"},
				"west": {"uv": [1.5, 2, 2, 3], "rotation": 90, "texture": "#base"},
				"up": {"uv": [1, 2, 1.5, 3], "texture": "#base"}
			}
		},
		{
			"from": [2, 0.75, 12],
			"to": [4.5, 1, 15],
			"faces": {
				"north": {"uv": [11.5, 1, 14, 1.5], "rotation": 180, "texture": "#base"},
				"east": {"uv": [13.5, 1, 14, 4], "rotation": 90, "texture": "#base"},
				"south": {"uv": [11.5, 3.5, 14, 4], "texture": "#base"},
				"west": {"uv": [11.5, 1, 12, 4], "rotation": 270, "texture": "#base"},
				"up": {"uv": [11.5, 1, 14, 4], "texture": "#base"}
			}
		},
		{
			"from": [2.5, 1, 11.5],
			"to": [4, 1.25, 15.5],
			"faces": {
				"north": {"uv": [12, 0.5, 13.5, 1], "rotation": 180, "texture": "#base"},
				"east": {"uv": [13, 0.5, 13.5, 4.5], "rotation": 90, "texture": "#base"},
				"south": {"uv": [12, 4, 13.5, 4.5], "texture": "#base"},
				"west": {"uv": [12, 0.5, 12.5, 4.5], "rotation": 270, "texture": "#base"},
				"up": {"uv": [12, 0.5, 13.5, 4.5], "texture": "#base"}
			}
		},
		{
			"from": [2, 0.75, 6.5],
			"to": [4.5, 1, 9.5],
			"faces": {
				"north": {"uv": [11.5, 1, 14, 1.5], "rotation": 180, "texture": "#base"},
				"east": {"uv": [13.5, 1, 14, 4], "rotation": 90, "texture": "#base"},
				"south": {"uv": [11.5, 3.5, 14, 4], "texture": "#base"},
				"west": {"uv": [11.5, 1, 12, 4], "rotation": 270, "texture": "#base"},
				"up": {"uv": [11.5, 1, 14, 4], "texture": "#base"}
			}
		},
		{
			"from": [2.5, 1, 6],
			"to": [4, 1.25, 10],
			"faces": {
				"north": {"uv": [12, 0.5, 13.5, 1], "rotation": 180, "texture": "#base"},
				"east": {"uv": [13, 0.5, 13.5, 4.5], "rotation": 90, "texture": "#base"},
				"south": {"uv": [12, 4, 13.5, 4.5], "texture": "#base"},
				"west": {"uv": [12, 0.5, 12.5, 4.5], "rotation": 270, "texture": "#base"},
				"up": {"uv": [12, 0.5, 13.5, 4.5], "texture": "#base"}
			}
		},
		{
			"from": [2, 0.75, 1],
			"to": [4.5, 1, 4],
			"faces": {
				"north": {"uv": [11.5, 1, 14, 1.5], "rotation": 180, "texture": "#base"},
				"east": {"uv": [13.5, 1, 14, 4], "rotation": 90, "texture": "#base"},
				"south": {"uv": [11.5, 3.5, 14, 4], "texture": "#base"},
				"west": {"uv": [11.5, 1, 12, 4], "rotation": 270, "texture": "#base"},
				"up": {"uv": [11.5, 1, 14, 4], "texture": "#base"}
			}
		},
		{
			"from": [2.5, 1, 0.5],
			"to": [4, 1.25, 4.5],
			"faces": {
				"north": {"uv": [12, 0.5, 13.5, 1], "rotation": 180, "texture": "#base"},
				"east": {"uv": [13, 0.5, 13.5, 4.5], "rotation": 90, "texture": "#base"},
				"south": {"uv": [12, 4, 13.5, 4.5], "texture": "#base"},
				"west": {"uv": [12, 0.5, 12.5, 4.5], "rotation": 270, "texture": "#base"},
				"up": {"uv": [12, 0.5, 13.5, 4.5], "texture": "#base"}
			}
		},
		{
			"from": [0, 0, 1],
			"to": [16, 0.5, 4],
			"faces": {
				"north": {"uv": [0, 1, 16, 1.5], "rotation": 180, "texture": "#rail"},
				"east": {"uv": [15.5, 1, 16, 4], "rotation": 90, "texture": "#rail", "cullface": "east"},
				"south": {"uv": [0, 3.5, 16, 4], "texture": "#rail"},
				"west": {"uv": [0, 1, 0.5, 4], "rotation": 270, "texture": "#rail", "cullface": "west"},
				"up": {"uv": [0, 1, 16, 4], "texture": "#rail"},
				"down": {"uv": [16, 1, 0, 4], "rotation": 180, "texture": "#rail", "cullface": "down"}
			}
		},
		{
			"from": [0, 0, 12],
			"to": [16, 0.5, 15],
			"rotation": {"angle": 0, "axis": "y", "origin": [8, 8, 19]},
			"faces": {
				"north": {"uv": [0, 1, 16, 1.5], "rotation": 180, "texture": "#rail"},
				"east": {"uv": [15.5, 1, 16, 4], "rotation": 90, "texture": "#rail", "cullface": "east"},
				"south": {"uv": [0, 3.5, 16, 4], "texture": "#rail"},
				"west": {"uv": [0, 1, 0.5, 4], "rotation": 270, "texture": "#rail", "cullface": "west"},
				"up": {"uv": [0, 1, 16, 4], "texture": "#rail"},
				"down": {"uv": [16, 1, 0, 4], "rotation": 180, "texture": "#rail", "cullface": "down"}
			}
		},
		{
			"from": [0, 0, 6.5],
			"to": [16, 0.5, 9.5],
			"rotation": {"angle": 0, "axis": "y", "origin": [8, 8, 13.5]},
			"faces": {
				"north": {"uv": [0, 1, 16, 1.5], "rotation": 180, "texture": "#rail"},
				"east": {"uv": [15.5, 1, 16, 4], "rotation": 90, "texture": "#rail", "cullface": "east"},
				"south": {"uv": [0, 3.5, 16, 4], "texture": "#rail"},
				"west": {"uv": [0, 1, 0.5, 4], "rotation": 270, "texture": "#rail", "cullface": "west"},
				"up": {"uv": [0, 1, 16, 4], "texture": "#rail"},
				"down": {"uv": [16, 1, 0, 4], "rotation": 180, "texture": "#rail", "cullface": "down"}
			}
		},
		{
			"from": [0.5, 0, 0.5],
			"to": [15.5, 0.5, 4.5],
			"faces": {
				"north": {"uv": [4.5, 0.5, 11.5, 1], "texture": "#rail"},
				"east": {"uv": [15, 0.5, 15.5, 4.5], "rotation": 90, "texture": "#rail"},
				"south": {"uv": [0.5, 4, 15.5, 4.5], "texture": "#rail"},
				"west": {"uv": [0.5, 0.5, 1, 4.5], "rotation": 270, "texture": "#rail"},
				"up": {"uv": [0.5, 0.5, 15.5, 4.5], "texture": "#rail"},
				"down": {"uv": [0.5, 0.5, 15.5, 4.5], "rotation": 180, "texture": "#rail", "cullface": "down"}
			}
		},
		{
			"from": [0.5, 0, 6],
			"to": [15.5, 0.5, 10],
			"rotation": {"angle": 0, "axis": "y", "origin": [8, 8, 13.5]},
			"faces": {
				"north": {"uv": [4.5, 0.5, 11.5, 1], "texture": "#rail"},
				"east": {"uv": [15, 0.5, 15.5, 4.5], "rotation": 90, "texture": "#rail"},
				"south": {"uv": [0.5, 4, 15.5, 4.5], "texture": "#rail"},
				"west": {"uv": [0.5, 0.5, 1, 4.5], "rotation": 270, "texture": "#rail"},
				"up": {"uv": [0.5, 0.5, 15.5, 4.5], "texture": "#rail"},
				"down": {"uv": [0.5, 0.5, 15.5, 4.5], "rotation": 180, "texture": "#rail", "cullface": "down"}
			}
		},
		{
			"from": [0.5, 0, 11.5],
			"to": [15.5, 0.5, 15.5],
			"rotation": {"angle": 0, "axis": "y", "origin": [8, 8, 19]},
			"faces": {
				"north": {"uv": [4.5, 0.5, 11.5, 1], "texture": "#rail"},
				"east": {"uv": [15, 0.5, 15.5, 4.5], "rotation": 90, "texture": "#rail"},
				"south": {"uv": [0.5, 4, 15.5, 4.5], "texture": "#rail"},
				"west": {"uv": [0.5, 0.5, 1, 4.5], "rotation": 270, "texture": "#rail"},
				"up": {"uv": [0.5, 0.5, 15.5, 4.5], "texture": "#rail"},
				"down": {"uv": [0.5, 0.5, 15.5, 4.5], "rotation": 180, "texture": "#rail", "cullface": "down"}
			}
		},
		{
			"from": [9, 0.75, 5],
			"to": [11, 1.25, 7],
			"faces": {
				"north": {"uv": [9, 5, 11, 5.5], "rotation": 180, "texture": "#tint", "tintindex": 0},
				"east": {"uv": [10.5, 5, 11, 7], "rotation": 90, "texture": "#tint", "tintindex": 0},
				"south": {"uv": [9, 6.5, 11, 7], "texture": "#tint", "tintindex": 0},
				"west": {"uv": [9, 5, 9.5, 7], "rotation": 270, "texture": "#tint", "tintindex": 0},
				"up": {"uv": [9, 5, 11, 7], "texture": "#tint", "tintindex": 0}
			}
		},
		{
			"from": [8.5, 0.75, 4.5],
			"to": [10.5, 1.25, 6.5],
			"faces": {
				"north": {"uv": [8.5, 4.5, 10.5, 5], "rotation": 180, "texture": "#tint", "tintindex": 0},
				"east": {"uv": [10, 4.5, 10.5, 6.5], "rotation": 90, "texture": "#tint", "tintindex": 0},
				"south": {"uv": [8.5, 6, 10.5, 6.5], "texture": "#tint", "tintindex": 0},
				"west": {"uv": [8.5, 4.5, 9, 6.5], "rotation": 270, "texture": "#tint", "tintindex": 0},
				"up": {"uv": [8.5, 4.5, 10.5, 6.5], "texture": "#tint", "tintindex": 0}
			}
		},
		{
			"from": [5, 0.75, 5],
			"to": [7, 1.25, 7],
			"faces": {
				"north": {"uv": [5, 5, 7, 5.5], "rotation": 180, "texture": "#tint", "tintindex": 0},
				"east": {"uv": [5, 6.5, 7, 7], "texture": "#tint", "tintindex": 0},
				"south": {"uv": [5, 6.5, 7, 7], "texture": "#tint", "tintindex": 0},
				"west": {"uv": [5.5, 5, 5, 7], "rotation": 270, "texture": "#tint", "tintindex": 0},
				"up": {"uv": [5, 5, 7, 7], "texture": "#tint", "tintindex": 0}
			}
		},
		{
			"from": [5.5, 0.75, 4.5],
			"to": [7.5, 1.25, 6.5],
			"faces": {
				"north": {"uv": [5.5, 4.5, 7.5, 5], "rotation": 180, "texture": "#tint", "tintindex": 0},
				"east": {"uv": [7, 6, 7.5, 6.5], "rotation": 90, "texture": "#tint", "tintindex": 0},
				"south": {"uv": [7, 6, 7.5, 6.5], "texture": "#tint", "tintindex": 0},
				"west": {"uv": [5.5, 4.5, 6, 6.5], "rotation": 270, "texture": "#tint", "tintindex": 0},
				"up": {"uv": [5.5, 4.5, 7.5, 6.5], "texture": "#tint", "tintindex": 0}
			}
		},
		{
			"from": [6, 0.75, 4],
			"to": [10, 1.25, 6],
			"faces": {
				"north": {"uv": [6, 4, 10, 4.5], "texture": "#tint", "tintindex": 0},
				"east": {"uv": [8, 4, 10, 4.5], "texture": "#tint", "tintindex": 0},
				"south": {"uv": [6, 5.5, 10, 6], "texture": "#tint", "tintindex": 0},
				"west": {"uv": [6, 4, 8, 4.5], "texture": "#tint", "tintindex": 0},
				"up": {"uv": [6, 4, 10, 6], "texture": "#tint", "tintindex": 0}
			}
		},
		{
			"from": [6.5, 0.75, 3.5],
			"to": [9.5, 1.25, 4.5],
			"faces": {
				"north": {"uv": [6.5, 3.5, 9.5, 4], "texture": "#tint", "tintindex": 0},
				"east": {"uv": [8.5, 3.5, 9.5, 4], "texture": "#tint", "tintindex": 0},
				"west": {"uv": [6.5, 3.5, 7.5, 4], "texture": "#tint", "tintindex": 0},
				"up": {"uv": [6.5, 3.5, 9.5, 4.5], "texture": "#tint", "tintindex": 0}
			}
		},
		{
			"from": [7, 0.75, 3],
			"to": [9, 1.25, 4],
			"faces": {
				"north": {"uv": [7, 3, 9, 3.5], "texture": "#tint", "tintindex": 0},
				"east": {"uv": [8, 3, 9, 3.5], "texture": "#tint", "tintindex": 0},
				"west": {"uv": [7, 3, 8, 3.5], "texture": "#tint", "tintindex": 0},
				"up": {"uv": [7, 3, 9, 4], "texture": "#tint", "tintindex": 0}
			}
		},
		{
			"from": [7.5, 0.75, 2.5],
			"to": [8.5, 1.25, 3.5],
			"faces": {
				"north": {"uv": [7.5, 2.5, 8.5, 3], "texture": "#tint", "tintindex": 0},
				"east": {"uv": [7.5, 2.5, 8.5, 3], "texture": "#tint", "tintindex": 0},
				"west": {"uv": [7.5, 2.5, 8.5, 3], "texture": "#tint", "tintindex": 0},
				"up": {"uv": [7.5, 2.5, 8.5, 3.5], "texture": "#tint", "tintindex": 0}
			}
		},
		{
			"from": [9, 0.5, 4.5],
			"to": [11, 1, 7.5],
			"faces": {
				"north": {"uv": [9, 4.5, 11, 5], "rotation": 180, "texture": "#base"},
				"east": {"uv": [10.5, 4.5, 11, 7.5], "rotation": 90, "texture": "#base"},
				"south": {"uv": [9, 7, 11, 7.5], "texture": "#base"},
				"west": {"uv": [9, 4.5, 9.5, 7.5], "rotation": 270, "texture": "#base"},
				"up": {"uv": [9, 4.5, 11, 7.5], "texture": "#base"}
			}
		},
		{
			"from": [5, 0.5, 4.5],
			"to": [7, 1, 7.5],
			"faces": {
				"north": {"uv": [5, 4.5, 7, 5], "rotation": 180, "texture": "#base"},
				"east": {"uv": [6.5, 4.5, 7, 7.5], "rotation": 90, "texture": "#base"},
				"south": {"uv": [5, 7, 7, 7.5], "texture": "#base"},
				"west": {"uv": [5, 4.5, 5.5, 7.5], "rotation": 270, "texture": "#base"},
				"up": {"uv": [5, 4.5, 7, 7.5], "texture": "#base"}
			}
		},
		{
			"from": [4.5, 0.5, 5],
			"to": [7.5, 1, 7],
			"faces": {
				"north": {"uv": [4.5, 5, 7.5, 5.5], "rotation": 180, "texture": "#base"},
				"east": {"uv": [7, 5, 7.5, 7], "rotation": 90, "texture": "#base"},
				"south": {"uv": [4.5, 6.5, 7.5, 7], "texture": "#base"},
				"west": {"uv": [4.5, 5, 5, 7], "rotation": 270, "texture": "#base"},
				"up": {"uv": [4.5, 5, 7.5, 7], "texture": "#base"}
			}
		},
		{
			"from": [8.5, 0.5, 5],
			"to": [11.5, 1, 7],
			"faces": {
				"north": {"uv": [8.5, 5, 11.5, 5.5], "rotation": 180, "texture": "#base"},
				"east": {"uv": [11, 5, 11.5, 7], "rotation": 90, "texture": "#base"},
				"south": {"uv": [8.5, 6.5, 11.5, 7], "texture": "#base"},
				"west": {"uv": [8.5, 5, 9, 7], "rotation": 270, "texture": "#base"},
				"up": {"uv": [8.5, 5, 11.5, 7], "texture": "#base"}
			}
		},
		{
			"from": [5.5, 0.5, 4],
			"to": [10.5, 1, 6.5],
			"faces": {
				"north": {"uv": [5.5, 4, 10.5, 4.5], "rotation": 180, "texture": "#base"},
				"east": {"uv": [10, 4, 10.5, 6.5], "rotation": 90, "texture": "#base"},
				"south": {"uv": [5.5, 6.5, 10.5, 6], "texture": "#base"},
				"west": {"uv": [5.5, 4, 6, 6.5], "rotation": 270, "texture": "#base"},
				"up": {"uv": [5.5, 4.025, 10.5, 6.5], "texture": "#base"}
			}
		},
		{
			"from": [6, 0.5, 3.5],
			"to": [10, 1, 4.5],
			"faces": {
				"north": {"uv": [6, 3.5, 10, 4], "rotation": 180, "texture": "#base"},
				"east": {"uv": [9.5, 3.5, 10, 4.5], "rotation": 90, "texture": "#base"},
				"west": {"uv": [6, 3.5, 6.5, 4.5], "rotation": 270, "texture": "#base"},
				"up": {"uv": [6, 3.5, 10, 4.5], "texture": "#base"}
			}
		},
		{
			"from": [6.5, 0.5, 3],
			"to": [9.5, 1, 4],
			"faces": {
				"north": {"uv": [6.5, 3, 9.5, 3.5], "rotation": 180, "texture": "#base"},
				"east": {"uv": [9, 3, 9.5, 4], "rotation": 90, "texture": "#base"},
				"west": {"uv": [6.5, 3, 7, 4], "rotation": 270, "texture": "#base"},
				"up": {"uv": [6.5, 3, 9.5, 4], "texture": "#base"}
			}
		},
		{
			"from": [7, 0.5, 2.5],
			"to": [9, 1, 3.5],
			"faces": {
				"north": {"uv": [7, 2.5, 9, 3], "rotation": 180, "texture": "#base"},
				"east": {"uv": [8.5, 2.5, 9, 3.5], "rotation": 90, "texture": "#base"},
				"west": {"uv": [7, 2.5, 7.5, 3.5], "rotation": 270, "texture": "#base"},
				"up": {"uv": [7, 2.5, 9, 3.5], "texture": "#base"}
			}
		},
		{
			"from": [7.5, 0.5, 2],
			"to": [8.5, 1, 3],
			"faces": {
				"north": {"uv": [7.5, 2, 8.5, 2.5], "rotation": 180, "texture": "#base"},
				"east": {"uv": [8, 2, 8.5, 3], "rotation": 90, "texture": "#base"},
				"west": {"uv": [7.5, 2, 8, 3], "rotation": 270, "texture": "#base"},
				"up": {"uv": [7.5, 2, 8.5, 3], "texture": "#base"}
			}
		},
		{
			"from": [4.5, 0.25, 4.5],
			"to": [7.5, 0.75, 7.5],
			"faces": {
				"north": {"uv": [4.5, 4.5, 7.5, 5], "rotation": 180, "texture": "#base"},
				"east": {"uv": [7.5, 4.5, 7, 7.5], "rotation": 90, "texture": "#base"},
				"south": {"uv": [4.5, 7, 7.5, 7.5], "texture": "#base"},
				"west": {"uv": [5, 4.5, 4.5, 7.5], "rotation": 270, "texture": "#base"},
				"up": {"uv": [7.5, 7.5, 4.5, 4.5], "rotation": 180, "texture": "#base"},
				"down": {"uv": [8.5, 4.5, 11.5, 7.5], "rotation": 180, "texture": "#bottom"}
			}
		},
		{
			"from": [5, 0.25, 4],
			"to": [11, 0.75, 7],
			"faces": {
				"north": {"uv": [5, 4, 11, 4.5], "texture": "#base"},
				"east": {"uv": [10.5, 4, 11, 7], "rotation": 90, "texture": "#base"},
				"south": {"uv": [5, 6.5, 11, 7], "texture": "#base"},
				"west": {"uv": [5, 4, 5.5, 7], "rotation": 270, "texture": "#base"},
				"up": {"uv": [5, 4, 11, 7], "texture": "#base"},
				"down": {"uv": [5, 4, 11, 7], "rotation": 180, "texture": "#bottom"}
			}
		},
		{
			"from": [6, 0.25, 3],
			"to": [10, 0.75, 4],
			"faces": {
				"north": {"uv": [10, 3.5, 6, 3], "texture": "#base"},
				"east": {"uv": [9.5, 3, 10, 4], "rotation": 90, "texture": "#base"},
				"west": {"uv": [6.5, 4, 6, 3], "rotation": 90, "texture": "#base"},
				"up": {"uv": [6, 4, 10, 3], "rotation": 180, "texture": "#base"},
				"down": {"uv": [6, 3, 10, 4], "rotation": 180, "texture": "#bottom"}
			}
		},
		{
			"from": [7, 0.25, 2],
			"to": [9, 0.75, 3],
			"faces": {
				"north": {"uv": [7, 2, 9, 2.5], "texture": "#base"},
				"east": {"uv": [8.5, 2, 9, 3], "rotation": 90, "texture": "#base"},
				"west": {"uv": [7, 2, 7.5, 3], "rotation": 270, "texture": "#base"},
				"up": {"uv": [7, 2, 9, 3], "texture": "#base"},
				"down": {"uv": [7, 2, 9, 3], "rotation": 180, "texture": "#bottom"}
			}
		},
		{
			"from": [8.5, 0.25, 4.5],
			"to": [11.5, 0.75, 7.5],
			"faces": {
				"north": {"uv": [8.5, 4.5, 11.5, 5], "rotation": 180, "texture": "#base"},
				"east": {"uv": [11, 4.5, 11.5, 7.5], "rotation": 90, "texture": "#base"},
				"south": {"uv": [8.5, 7, 11.5, 7.5], "texture": "#base"},
				"west": {"uv": [8.5, 4.5, 9, 7.5], "rotation": 270, "texture": "#base"},
				"up": {"uv": [8.5, 4.5, 11.5, 7.5], "texture": "#base"},
				"down": {"uv": [4.5, 4.5, 7.5, 7.5], "rotation": 180, "texture": "#bottom"}
			}
		},
		{
			"from": [5.5, 0.25, 3.5],
			"to": [10.5, 0.75, 4.5],
			"faces": {
				"north": {"uv": [10.5, 4, 5.5, 3.5], "texture": "#base"},
				"east": {"uv": [10, 4.5, 10.5, 3.5], "rotation": 270, "texture": "#base"},
				"west": {"uv": [5.5, 4.5, 6, 3.5], "rotation": 90, "texture": "#base"},
				"up": {"uv": [5.5, 4.5, 10.5, 3.5], "rotation": 180, "texture": "#base"},
				"down": {"uv": [5.5, 3.5, 10.5, 4.5], "rotation": 180, "texture": "#bottom"}
			}
		},
		{
			"from": [7.5, 0.25, 1.5],
			"to": [8.5, 0.75, 2.5],
			"faces": {
				"north": {"uv": [7.5, 1.5, 8.5, 2], "texture": "#base"},
				"east": {"uv": [8, 1.5, 8.5, 2.5], "rotation": 90, "texture": "#base"},
				"west": {"uv": [7.5, 1.5, 8, 2.5], "rotation": 270, "texture": "#base"},
				"up": {"uv": [7.5, 1.5, 8.5, 2.5], "texture": "#base"},
				"down": {"uv": [7.5, 1.5, 8.5, 2.5], "rotation": 180, "texture": "#bottom"}
			}
		},
		{
			"from": [6.5, 0.25, 2.5],
			"to": [9.5, 0.75, 3.5],
			"faces": {
				"north": {"uv": [6.5, 2.5, 9.5, 3], "texture": "#base"},
				"east": {"uv": [9, 2.5, 9.5, 3.5], "rotation": 90, "texture": "#base"},
				"west": {"uv": [6.5, 2.5, 7, 3.5], "rotation": 270, "texture": "#base"},
				"up": {"uv": [6.5, 2.5, 9.5, 3.5], "texture": "#base"},
				"down": {"uv": [6.5, 2.5, 9.5, 3.5], "rotation": 180, "texture": "#bottom"}
			}
		},
		{
			"from": [5, 0.25, 7],
			"to": [7, 0.75, 8],
			"faces": {
				"north": {"uv": [5, 7, 7, 7.5], "rotation": 180, "texture": "#base"},
				"east": {"uv": [7, 7, 6.5, 8], "rotation": 90, "texture": "#base"},
				"south": {"uv": [5, 7.5, 7, 8], "texture": "#base"},
				"west": {"uv": [5.5, 7, 5, 8], "rotation": 270, "texture": "#base"},
				"up": {"uv": [7, 8, 5, 7], "rotation": 180, "texture": "#base"},
				"down": {"uv": [7, 7, 5, 8], "rotation": 180, "texture": "#bottom"}
			}
		},
		{
			"from": [9, 0.25, 7],
			"to": [11, 0.75, 8],
			"faces": {
				"north": {"uv": [9, 7, 11, 7.5], "rotation": 180, "texture": "#base"},
				"east": {"uv": [11, 7, 10.5, 8], "rotation": 90, "texture": "#base"},
				"south": {"uv": [9, 7.5, 11, 8], "texture": "#base"},
				"west": {"uv": [9.5, 7, 9, 8], "rotation": 270, "texture": "#base"},
				"up": {"uv": [11, 8, 9, 7], "rotation": 180, "texture": "#base"},
				"down": {"uv": [11, 7, 9, 8], "rotation": 180, "texture": "#bottom"}
			}
		},
		{
			"from": [9, 0.75, 11],
			"to": [11, 1.25, 13],
			"faces": {
				"north": {"uv": [9, 5, 11, 5.5], "rotation": 180, "texture": "#tint", "tintindex": 0},
				"east": {"uv": [10.5, 5, 11, 7], "rotation": 90, "texture": "#tint", "tintindex": 0},
				"south": {"uv": [9, 6.5, 11, 7], "texture": "#tint", "tintindex": 0},
				"west": {"uv": [9, 5, 9.5, 7], "rotation": 270, "texture": "#tint", "tintindex": 0},
				"up": {"uv": [9, 5, 11, 7], "texture": "#tint", "tintindex": 0}
			}
		},
		{
			"from": [8.5, 0.75, 10.5],
			"to": [10.5, 1.25, 12.5],
			"faces": {
				"north": {"uv": [8.5, 4.5, 10.5, 5], "rotation": 180, "texture": "#tint", "tintindex": 0},
				"east": {"uv": [10, 4.5, 10.5, 6.5], "rotation": 90, "texture": "#tint", "tintindex": 0},
				"south": {"uv": [8.5, 6, 10.5, 6.5], "texture": "#tint", "tintindex": 0},
				"west": {"uv": [8.5, 4.5, 9, 6.5], "rotation": 270, "texture": "#tint", "tintindex": 0},
				"up": {"uv": [8.5, 4.5, 10.5, 6.5], "texture": "#tint", "tintindex": 0}
			}
		},
		{
			"from": [5, 0.75, 11],
			"to": [7, 1.25, 13],
			"faces": {
				"north": {"uv": [5, 5, 7, 5.5], "rotation": 180, "texture": "#tint", "tintindex": 0},
				"east": {"uv": [5, 6.5, 7, 7], "texture": "#tint", "tintindex": 0},
				"south": {"uv": [5, 6.5, 7, 7], "texture": "#tint", "tintindex": 0},
				"west": {"uv": [5.5, 5, 5, 7], "rotation": 270, "texture": "#tint", "tintindex": 0},
				"up": {"uv": [5, 5, 7, 7], "texture": "#tint", "tintindex": 0}
			}
		},
		{
			"from": [5.5, 0.75, 10.5],
			"to": [7.5, 1.25, 12.5],
			"faces": {
				"north": {"uv": [5.5, 4.5, 7.5, 5], "rotation": 180, "texture": "#tint", "tintindex": 0},
				"east": {"uv": [7, 6, 7.5, 6.5], "rotation": 90, "texture": "#tint", "tintindex": 0},
				"south": {"uv": [7, 6, 7.5, 6.5], "texture": "#tint", "tintindex": 0},
				"west": {"uv": [5.5, 4.5, 6, 6.5], "rotation": 270, "texture": "#tint", "tintindex": 0},
				"up": {"uv": [5.5, 4.5, 7.5, 6.5], "texture": "#tint", "tintindex": 0}
			}
		},
		{
			"from": [6, 0.75, 10],
			"to": [10, 1.25, 12],
			"faces": {
				"north": {"uv": [6, 4, 10, 4.5], "texture": "#tint", "tintindex": 0},
				"east": {"uv": [8, 4, 10, 4.5], "texture": "#tint", "tintindex": 0},
				"south": {"uv": [6, 5.5, 10, 6], "texture": "#tint", "tintindex": 0},
				"west": {"uv": [6, 4, 8, 4.5], "texture": "#tint", "tintindex": 0},
				"up": {"uv": [6, 4, 10, 6], "texture": "#tint", "tintindex": 0}
			}
		},
		{
			"from": [6.5, 0.75, 9.5],
			"to": [9.5, 1.25, 10.5],
			"faces": {
				"north": {"uv": [6.5, 3.5, 9.5, 4], "texture": "#tint", "tintindex": 0},
				"east": {"uv": [8.5, 3.5, 9.5, 4], "texture": "#tint", "tintindex": 0},
				"west": {"uv": [6.5, 3.5, 7.5, 4], "texture": "#tint", "tintindex": 0},
				"up": {"uv": [6.5, 3.5, 9.5, 4.5], "texture": "#tint", "tintindex": 0}
			}
		},
		{
			"from": [7, 0.75, 9],
			"to": [9, 1.25, 10],
			"faces": {
				"north": {"uv": [7, 3, 9, 3.5], "texture": "#tint", "tintindex": 0},
				"east": {"uv": [8, 3, 9, 3.5], "texture": "#tint", "tintindex": 0},
				"west": {"uv": [7, 3, 8, 3.5], "texture": "#tint", "tintindex": 0},
				"up": {"uv": [7, 3, 9, 4], "texture": "#tint", "tintindex": 0}
			}
		},
		{
			"from": [7.5, 0.75, 8.5],
			"to": [8.5, 1.25, 9.5],
			"faces": {
				"north": {"uv": [7.5, 2.5, 8.5, 3], "texture": "#tint", "tintindex": 0},
				"east": {"uv": [7.5, 2.5, 8.5, 3], "texture": "#tint", "tintindex": 0},
				"west": {"uv": [7.5, 2.5, 8.5, 3], "texture": "#tint", "tintindex": 0},
				"up": {"uv": [7.5, 2.5, 8.5, 3.5], "texture": "#tint", "tintindex": 0}
			}
		},
		{
			"from": [9, 0.5, 10.5],
			"to": [11, 1, 13.5],
			"faces": {
				"north": {"uv": [9, 4.5, 11, 5], "rotation": 180, "texture": "#base"},
				"east": {"uv": [10.5, 4.5, 11, 7.5], "rotation": 90, "texture": "#base"},
				"south": {"uv": [9, 7, 11, 7.5], "texture": "#base"},
				"west": {"uv": [9, 4.5, 9.5, 7.5], "rotation": 270, "texture": "#base"},
				"up": {"uv": [9, 4.5, 11, 7.5], "texture": "#base"}
			}
		},
		{
			"from": [5, 0.5, 10.5],
			"to": [7, 1, 13.5],
			"faces": {
				"north": {"uv": [5, 4.5, 7, 5], "rotation": 180, "texture": "#base"},
				"east": {"uv": [6.5, 4.5, 7, 7.5], "rotation": 90, "texture": "#base"},
				"south": {"uv": [5, 7, 7, 7.5], "texture": "#base"},
				"west": {"uv": [5, 4.5, 5.5, 7.5], "rotation": 270, "texture": "#base"},
				"up": {"uv": [5, 4.5, 7, 7.5], "texture": "#base"}
			}
		},
		{
			"from": [4.5, 0.5, 11],
			"to": [7.5, 1, 13],
			"faces": {
				"north": {"uv": [4.5, 5, 7.5, 5.5], "rotation": 180, "texture": "#base"},
				"east": {"uv": [7, 5, 7.5, 7], "rotation": 90, "texture": "#base"},
				"south": {"uv": [4.5, 6.5, 7.5, 7], "texture": "#base"},
				"west": {"uv": [4.5, 5, 5, 7], "rotation": 270, "texture": "#base"},
				"up": {"uv": [4.5, 5, 7.5, 7], "texture": "#base"}
			}
		},
		{
			"from": [8.5, 0.5, 11],
			"to": [11.5, 1, 13],
			"faces": {
				"north": {"uv": [8.5, 5, 11.5, 5.5], "rotation": 180, "texture": "#base"},
				"east": {"uv": [11, 5, 11.5, 7], "rotation": 90, "texture": "#base"},
				"south": {"uv": [8.5, 6.5, 11.5, 7], "texture": "#base"},
				"west": {"uv": [8.5, 5, 9, 7], "rotation": 270, "texture": "#base"},
				"up": {"uv": [8.5, 5, 11.5, 7], "texture": "#base"}
			}
		},
		{
			"from": [5.5, 0.5, 10],
			"to": [10.5, 1, 12.5],
			"faces": {
				"north": {"uv": [5.5, 4, 10.5, 4.5], "rotation": 180, "texture": "#base"},
				"east": {"uv": [10, 4, 10.5, 6.5], "rotation": 90, "texture": "#base"},
				"south": {"uv": [5.5, 6.5, 10.5, 6], "texture": "#base"},
				"west": {"uv": [5.5, 4, 6, 6.5], "rotation": 270, "texture": "#base"},
				"up": {"uv": [5.5, 4.025, 10.5, 6.5], "texture": "#base"}
			}
		},
		{
			"from": [6, 0.5, 9.5],
			"to": [10, 1, 10.5],
			"faces": {
				"north": {"uv": [6, 3.5, 10, 4], "rotation": 180, "texture": "#base"},
				"east": {"uv": [9.5, 3.5, 10, 4.5], "rotation": 90, "texture": "#base"},
				"west": {"uv": [6, 3.5, 6.5, 4.5], "rotation": 270, "texture": "#base"},
				"up": {"uv": [6, 3.5, 10, 4.5], "texture": "#base"}
			}
		},
		{
			"from": [6.5, 0.5, 9],
			"to": [9.5, 1, 10],
			"faces": {
				"north": {"uv": [6.5, 3, 9.5, 3.5], "rotation": 180, "texture": "#base"},
				"east": {"uv": [9, 3, 9.5, 4], "rotation": 90, "texture": "#base"},
				"west": {"uv": [6.5, 3, 7, 4], "rotation": 270, "texture": "#base"},
				"up": {"uv": [6.5, 3, 9.5, 4], "texture": "#base"}
			}
		},
		{
			"from": [7, 0.5, 8.5],
			"to": [9, 1, 9.5],
			"faces": {
				"north": {"uv": [7, 2.5, 9, 3], "rotation": 180, "texture": "#base"},
				"east": {"uv": [8.5, 2.5, 9, 3.5], "rotation": 90, "texture": "#base"},
				"west": {"uv": [7, 2.5, 7.5, 3.5], "rotation": 270, "texture": "#base"},
				"up": {"uv": [7, 2.5, 9, 3.5], "texture": "#base"}
			}
		},
		{
			"from": [7.5, 0.5, 8],
			"to": [8.5, 1, 9],
			"faces": {
				"north": {"uv": [7.5, 2, 8.5, 2.5], "rotation": 180, "texture": "#base"},
				"east": {"uv": [8, 2, 8.5, 3], "rotation": 90, "texture": "#base"},
				"west": {"uv": [7.5, 2, 8, 3], "rotation": 270, "texture": "#base"},
				"up": {"uv": [7.5, 2, 8.5, 3], "texture": "#base"}
			}
		},
		{
			"from": [4.5, 0.25, 10.5],
			"to": [7.5, 0.75, 13.5],
			"faces": {
				"north": {"uv": [4.5, 4.5, 7.5, 5], "rotation": 180, "texture": "#base"},
				"east": {"uv": [7.5, 4.5, 7, 7.5], "rotation": 90, "texture": "#base"},
				"south": {"uv": [4.5, 7, 7.5, 7.5], "texture": "#base"},
				"west": {"uv": [5, 4.5, 4.5, 7.5], "rotation": 270, "texture": "#base"},
				"up": {"uv": [7.5, 7.5, 4.5, 4.5], "rotation": 180, "texture": "#base"},
				"down": {"uv": [8.5, 4.5, 11.5, 7.5], "rotation": 180, "texture": "#bottom"}
			}
		},
		{
			"from": [5, 0.25, 10],
			"to": [11, 0.75, 13],
			"faces": {
				"north": {"uv": [5, 4, 11, 4.5], "texture": "#base"},
				"east": {"uv": [10.5, 4, 11, 7], "rotation": 90, "texture": "#base"},
				"south": {"uv": [5, 6.5, 11, 7], "texture": "#base"},
				"west": {"uv": [5, 4, 5.5, 7], "rotation": 270, "texture": "#base"},
				"up": {"uv": [5, 4, 11, 7], "texture": "#base"},
				"down": {"uv": [5, 4, 11, 7], "rotation": 180, "texture": "#bottom"}
			}
		},
		{
			"from": [6, 0.25, 9],
			"to": [10, 0.75, 10],
			"faces": {
				"north": {"uv": [10, 3.5, 6, 3], "texture": "#base"},
				"east": {"uv": [9.5, 3, 10, 4], "rotation": 90, "texture": "#base"},
				"west": {"uv": [6.5, 4, 6, 3], "rotation": 90, "texture": "#base"},
				"up": {"uv": [6, 4, 10, 3], "rotation": 180, "texture": "#base"},
				"down": {"uv": [6, 3, 10, 4], "rotation": 180, "texture": "#bottom"}
			}
		},
		{
			"from": [7, 0.25, 8],
			"to": [9, 0.75, 9],
			"faces": {
				"north": {"uv": [7, 2, 9, 2.5], "texture": "#base"},
				"east": {"uv": [8.5, 2, 9, 3], "rotation": 90, "texture": "#base"},
				"west": {"uv": [7, 2, 7.5, 3], "rotation": 270, "texture": "#base"},
				"up": {"uv": [7, 2, 9, 3], "texture": "#base"},
				"down": {"uv": [7, 2, 9, 3], "rotation": 180, "texture": "#bottom"}
			}
		},
		{
			"from": [8.5, 0.25, 10.5],
			"to": [11.5, 0.75, 13.5],
			"faces": {
				"north": {"uv": [8.5, 4.5, 11.5, 5], "rotation": 180, "texture": "#base"},
				"east": {"uv": [11, 4.5, 11.5, 7.5], "rotation": 90, "texture": "#base"},
				"south": {"uv": [8.5, 7, 11.5, 7.5], "texture": "#base"},
				"west": {"uv": [8.5, 4.5, 9, 7.5], "rotation": 270, "texture": "#base"},
				"up": {"uv": [8.5, 4.5, 11.5, 7.5], "texture": "#base"},
				"down": {"uv": [4.5, 4.5, 7.5, 7.5], "rotation": 180, "texture": "#bottom"}
			}
		},
		{
			"from": [5.5, 0.25, 9.5],
			"to": [10.5, 0.75, 10.5],
			"faces": {
				"north": {"uv": [10.5, 4, 5.5, 3.5], "texture": "#base"},
				"east": {"uv": [10, 4.5, 10.5, 3.5], "rotation": 270, "texture": "#base"},
				"west": {"uv": [5.5, 4.5, 6, 3.5], "rotation": 90, "texture": "#base"},
				"up": {"uv": [5.5, 4.5, 10.5, 3.5], "rotation": 180, "texture": "#base"},
				"down": {"uv": [5.5, 3.5, 10.5, 4.5], "rotation": 180, "texture": "#bottom"}
			}
		},
		{
			"from": [7.5, 0.25, 7.5],
			"to": [8.5, 0.75, 8.5],
			"faces": {
				"north": {"uv": [7.5, 1.5, 8.5, 2], "texture": "#base"},
				"east": {"uv": [8, 1.5, 8.5, 2.5], "rotation": 90, "texture": "#base"},
				"west": {"uv": [7.5, 1.5, 8, 2.5], "rotation": 270, "texture": "#base"},
				"up": {"uv": [7.5, 1.5, 8.5, 2.5], "texture": "#base"},
				"down": {"uv": [7.5, 1.5, 8.5, 2.5], "rotation": 180, "texture": "#bottom"}
			}
		},
		{
			"from": [6.5, 0.25, 8.5],
			"to": [9.5, 0.75, 9.5],
			"faces": {
				"north": {"uv": [6.5, 2.5, 9.5, 3], "texture": "#base"},
				"east": {"uv": [9, 2.5, 9.5, 3.5], "rotation": 90, "texture": "#base"},
				"west": {"uv": [6.5, 2.5, 7, 3.5], "rotation": 270, "texture": "#base"},
				"up": {"uv": [6.5, 2.5, 9.5, 3.5], "texture": "#base"},
				"down": {"uv": [6.5, 2.5, 9.5, 3.5], "rotation": 180, "texture": "#bottom"}
			}
		},
		{
			"from": [5, 0.25, 13],
			"to": [7, 0.75, 14],
			"faces": {
				"north": {"uv": [5, 7, 7, 7.5], "rotation": 180, "texture": "#base"},
				"east": {"uv": [7, 7, 6.5, 8], "rotation": 90, "texture": "#base"},
				"south": {"uv": [5, 7.5, 7, 8], "texture": "#base"},
				"west": {"uv": [5.5, 7, 5, 8], "rotation": 270, "texture": "#base"},
				"up": {"uv": [7, 8, 5, 7], "rotation": 180, "texture": "#base"},
				"down": {"uv": [7, 7, 5, 8], "rotation": 180, "texture": "#bottom"}
			}
		},
		{
			"from": [9, 0.25, 13],
			"to": [11, 0.75, 14],
			"faces": {
				"north": {"uv": [9, 7, 11, 7.5], "rotation": 180, "texture": "#base"},
				"east": {"uv": [11, 7, 10.5, 8], "rotation": 90, "texture": "#base"},
				"south": {"uv": [9, 7.5, 11, 8], "texture": "#base"},
				"west": {"uv": [9.5, 7, 9, 8], "rotation": 270, "texture": "#base"},
				"up": {"uv": [11, 8, 9, 7], "rotation": 180, "texture": "#base"},
				"down": {"uv": [11, 7, 9, 8], "rotation": 180, "texture": "#bottom"}
			}
		}
	],
	"display": {
		"thirdperson_righthand": {
			"rotation": [75, 45, 0],
			"translation": [0, 2.5, 3],
			"scale": [0.375, 0.375, 0.375]
		},
		"thirdperson_lefthand": {
			"rotation": [75, 45, 0],
			"translation": [0, 2.5, 3],
			"scale": [0.375, 0.375, 0.375]
		},
		"firstperson_righthand": {
			"rotation": [0, 45, 0],
			"translation": [-1, 4, 0],
			"scale": [0.5, 0.5, 0.5]
		},
		"firstperson_lefthand": {
			"rotation": [0, 225, 0],
			"translation": [-1, 4, 0],
			"scale": [0.5, 0.5, 0.5]
		},
		"ground": {
			"translation": [0, 3, 0],
			"scale": [0.25, 0.25, 0.25]
		},
		"gui": {
			"rotation": [30, 225, 0],
			"translation": [0, 3, 0],
			"scale": [0.8, 0.8, 0.8]
		},
		"head": {
			"translation": [0, 15, 0]
		},
		"fixed": {
			"rotation": [-90, 0, 0],
			"translation": [0, 0, -6],
			"scale": [0.75, 0.75, 0.75]
		}
	},
	"groups": [
		{
			"name": "base",
			"origin": [8, 8, 19],
			"color": 0,
			"children": [0, 1, 2, 3, 4, 5, 6, 7, 8, 9, 10, 11, 12, 13, 14, 15, 16, 17, 18, 19, 20, 21, 22, 23, 24, 25, 26, 27, 28, 29]
		},
		{
			"name": "arrows",
			"origin": [8, 8, 8],
			"color": 0,
			"children": [
				{
					"name": "Arrow_int1",
					"origin": [8, 8, 8],
					"color": 3,
					"children": [30, 31, 32, 33, 34, 35, 36, 37]
				},
				{
					"name": "Arrow_med1",
					"origin": [8, 8, 8],
					"color": 5,
					"children": [38, 39, 40, 41, 42, 43, 44, 45, 46]
				},
				{
					"name": "Arrow_ext1",
					"origin": [8, 8, 8],
					"color": 8,
					"children": [47, 48, 49, 50, 51, 52, 53, 54, 55, 56]
				},
				{
					"name": "Arrow_int2",
					"origin": [8, 8, 8],
					"color": 3,
					"children": [57, 58, 59, 60, 61, 62, 63, 64]
				},
				{
					"name": "Arrow_med2",
					"origin": [8, 8, 8],
					"color": 5,
					"children": [65, 66, 67, 68, 69, 70, 71, 72, 73]
				},
				{
					"name": "Arrow_ext2",
					"origin": [8, 8, 8],
					"color": 8,
					"children": [74, 75, 76, 77, 78, 79, 80, 81, 82, 83]
				}
			]
		}
	]
}