{
	"credit": "Made with Blockbench, model by LTK1",
	"ambientocclusion": false,
	"textures": {
		"1": "blocks/door_wooden_rim",
		"particle": "blocks/door_wood_lower"
	},
	"elements": [
		{
			"name": "cube",
			"from": [0, 0, 0],
			"to": [3, 16, 16],
			"faces": {
				"north": {
					"uv": [4.5, 0, 7.5, 16],
					"texture": "#1",
					"cullface": "north"
				},
				"east": {
					"uv": [0, 0, 16, 16],
					"texture": "#particle"
				},
				"south": {
					"uv": [4.5, 0, 7.5, 16],
					"texture": "#1",
					"cullface": "south"
				},
				"west": {
					"uv": [16, 0, 0, 16],
					"texture": "#particle",
					"cullface": "west"
				},
				"down": {
					"uv": [13, 0, 16, 16],
					"texture": "#1",
					"cullface": "down"
				}
			},
			"type": "cube"
		}
	]
}