{
	"credit": "Made with Blockbench",
	"ambientocclusion": false,
	"textures": {
		"3": "block/hopper_inside",
		"4": "block/hopper_outside",
		"1_3": "block/hopper_inside",
		"particle": "block/hopper_inside",
		"1_4": "block/hopper_outside",
		"1_5": "block/hopper_top"
	},
	"elements": [
		{
			"from": [6, 7, 0],
			"to": [10, 8, 4],
			"faces": {
				"north": {"uv": [6, 8, 10, 9], "texture": "#4", "cullface": "north"},
				"east": {"uv": [12, 8, 16, 9], "texture": "#4"},
				"west": {"uv": [0, 8, 4, 9], "texture": "#4"},
				"up": {"uv": [6.5, 2.5, 10.5, 6.5], "texture": "#4"},
				"down": {"uv": [6, 12, 10, 16], "texture": "#4"}
			}
		},
		{
			"from": [6, 4, 0],
			"to": [7, 7, 4],
			"faces": {
				"north": {"uv": [9, 8, 10, 12], "texture": "#4", "cullface": "north"},
				"east": {"uv": [12, 8, 16, 12], "texture": "#4"},
				"south": {"uv": [6, 8, 7, 12], "texture": "#4"},
				"west": {"uv": [0, 5.5, 4, 9.5], "texture": "#4"},
				"up": {"uv": [6, 0, 7, 4], "texture": "#4"},
				"down": {"uv": [6, 12, 7, 16], "texture": "#4"}
			}
		},
		{
			"from": [9, 4, 0],
			"to": [10, 7, 4],
			"faces": {
				"north": {"uv": [6, 8, 7, 12], "texture": "#4", "cullface": "north"},
				"east": {"uv": [12, 8, 16, 12], "texture": "#4"},
				"south": {"uv": [9, 8, 10, 12], "texture": "#4"},
				"west": {"uv": [0, 8, 4, 12], "texture": "#4"},
				"up": {"uv": [9, 0, 10, 4], "texture": "#4"},
				"down": {"uv": [9, 12, 10, 16], "texture": "#4"}
			}
		},
		{
			"from": [7, 4, 0],
			"to": [9, 5, 4],
			"faces": {
				"north": {"uv": [8, 9, 10, 10], "texture": "#4", "cullface": "north"},
				"east": {"uv": [12, 11, 16, 12], "texture": "#4"},
				"west": {"uv": [0, 11, 4, 12], "texture": "#4"},
				"up": {"uv": [6.5, 5.5, 8.5, 9.5], "texture": "#4"},
				"down": {"uv": [6, 12, 10, 16], "texture": "#4"}
			}
		},
		{
			"from": [0, 11, 0],
			"to": [2, 16, 16],
			"faces": {
				"north": {"uv": [14, 0, 16, 5], "texture": "#1_4", "cullface": "north"},
				"east": {"uv": [0, 0, 16, 5], "texture": "#1_4", "cullface": "up"},
				"south": {"uv": [0, 0, 2, 5], "texture": "#1_4", "cullface": "south"},
				"west": {"uv": [0, 0, 16, 5], "texture": "#1_4", "cullface": "west"},
				"up": {"uv": [0, 0, 2, 16], "texture": "#1_5", "cullface": "up"},
				"down": {"uv": [0, 4.5, 16, 6.5], "rotation": 90, "texture": "#1_4"}
			}
		},
		{
			"from": [14, 11, 0],
			"to": [16, 16, 16],
			"faces": {
				"north": {"uv": [0, 0, 2, 5], "texture": "#1_4", "cullface": "north"},
				"east": {"uv": [0, 0, 16, 5.375], "texture": "#1_4", "cullface": "east"},
				"south": {"uv": [14, 0, 16, 5], "texture": "#1_4", "cullface": "south"},
				"west": {"uv": [0, 0, 16, 5], "texture": "#1_4", "cullface": "up"},
				"up": {"uv": [14, 0, 16, 16], "texture": "#1_5", "cullface": "up"},
				"down": {"uv": [0, 4.5, 16, 6.5], "rotation": 90, "texture": "#1_4"}
			}
		},
		{
			"from": [2, 11, 0],
			"to": [14, 16, 2],
			"faces": {
				"north": {"uv": [2, 0, 14, 5], "texture": "#1_4", "cullface": "north"},
				"south": {"uv": [2, 0, 14, 5], "texture": "#1_4", "cullface": "up"},
				"up": {"uv": [2, 0, 14, 2], "texture": "#1_5", "cullface": "up"},
				"down": {"uv": [1.5, 5.5, 13.5, 7.5], "texture": "#1_4"}
			}
		},
		{
			"from": [2, 11, 14],
			"to": [14, 16, 16],
			"faces": {
				"north": {"uv": [2, 0, 14, 5], "texture": "#1_4", "cullface": "up"},
				"south": {"uv": [2, 0, 14, 5], "texture": "#1_4", "cullface": "south"},
				"up": {"uv": [2, 14, 14, 16], "texture": "#1_5", "cullface": "up"},
				"down": {"uv": [2.5, 4.5, 14.5, 6.5], "texture": "#1_4"}
			}
		},
		{
			"from": [4, 6, 5],
			"to": [5, 7.5, 10.5],
			"faces": {
				"north": {"uv": [4, 6, 12, 12], "texture": "#1_4"},
				"east": {"uv": [5, 8.5, 10.5, 10], "texture": "#1_4"},
				"south": {"uv": [4, 6, 12, 12], "texture": "#1_4"},
				"west": {"uv": [6.5, 8.5, 12, 10], "texture": "#1_4"},
				"up": {"uv": [0, 3.5, 1, 9.5], "texture": "#1_3"},
				"down": {"uv": [4, 6, 5, 12], "texture": "#1_4"}
			}
		},
		{
			"from": [4, 4, 4],
			"to": [12, 5, 9],
			"faces": {
				"north": {"uv": [4, 8, 12, 9], "texture": "#1_4"},
				"east": {"uv": [11, 6, 12, 12], "rotation": 270, "texture": "#1_4"},
				"south": {"uv": [4.5, 12.5, 12.5, 13.5], "texture": "#4"},
				"west": {"uv": [7, 11, 11, 12], "texture": "#1_4"},
				"up": {"uv": [3, 6.5, 11, 11.5], "rotation": 180, "texture": "#1_4"},
				"down": {"uv": [4, 6.5, 12, 11.5], "texture": "#1_4"}
			}
		},
		{
			"from": [4, 5, 4],
			"to": [7, 7.5, 5],
			"faces": {
				"north": {"uv": [4.5, 8.5, 7.5, 11], "texture": "#1_4"},
				"east": {"uv": [0.5, 8, 1.5, 11.5], "texture": "#1_4"},
				"south": {"uv": [5, 8, 8, 10.5], "texture": "#1_4"},
				"west": {"uv": [4, 7, 5, 10.5], "texture": "#1_4"},
				"up": {"uv": [3.5, 8.5, 11.5, 10], "texture": "#1_4"},
				"down": {"uv": [4, 6, 12, 7], "texture": "#1_4"}
			}
		},
		{
			"from": [4, 5, 0],
			"to": [12, 11, 1],
			"rotation": {"angle": -45, "axis": "x", "origin": [8, 11, 0]},
			"faces": {
				"north": {"uv": [4, 6, 12, 12], "texture": "#1_4"},
				"east": {"uv": [0, 7, 1, 13], "texture": "#1_4"},
				"south": {"uv": [0, 6, 8, 12], "rotation": 180, "texture": "#1_4"},
				"west": {"uv": [0, 7, 1, 13], "texture": "#1_4"}
			}
		},
		{
			"from": [0, 5, 4],
			"to": [1, 11, 12],
			"rotation": {"angle": 45, "axis": "z", "origin": [0, 11, 8]},
			"faces": {
				"north": {"uv": [0, 7, 1, 13], "texture": "#1_4"},
				"east": {"uv": [0, 6, 8, 12], "rotation": 180, "texture": "#1_4"},
				"south": {"uv": [0, 7, 1, 13], "texture": "#1_4"},
				"west": {"uv": [4, 6, 12, 12], "texture": "#1_4"},
				"up": {"uv": [0, 0, 1, 8], "texture": "#1_3"}
			}
		},
		{
			"from": [12, 8.5, 15],
			"to": [14.5, 11, 16],
			"rotation": {"angle": 45, "axis": "x", "origin": [8, 11, 16]},
			"faces": {
				"north": {"uv": [10.5, 8, 13, 10.5], "rotation": 180, "texture": "#1_4"},
				"east": {"uv": [0, 8, 1, 10.5], "texture": "#1_4"},
				"south": {"uv": [11, 5, 13.5, 7.5], "rotation": 180, "texture": "#1_4"},
				"west": {"uv": [0, 6.5, 1, 9], "texture": "#1_4"},
				"down": {"uv": [0, 0, 2.5, 1], "texture": "#1_3"}
			}
		},
		{
			"from": [15, 5, 4],
			"to": [16, 11, 12],
			"rotation": {"angle": -45, "axis": "z", "origin": [16, 11, 8]},
			"faces": {
				"north": {"uv": [0, 7, 1, 13], "texture": "#1_4"},
				"east": {"uv": [4, 6, 12, 12], "texture": "#1_4"},
				"south": {"uv": [0, 7, 1, 13], "texture": "#1_4"},
				"west": {"uv": [0, 6, 8, 12], "rotation": 180, "texture": "#1_4"}
			}
		},
		{
			"from": [1.75, 9.25, 12],
			"to": [4, 9.25, 14.25],
			"faces": {
				"north": {"uv": [0, 0, 2.25, 0], "texture": "#1_3"},
				"east": {"uv": [0, 0, 2.25, 0], "texture": "#1_3"},
				"south": {"uv": [0, 0, 2.25, 0], "texture": "#1_3"},
				"west": {"uv": [0, 0, 2.25, 0], "texture": "#1_3"},
				"up": {"uv": [0, 0, 2.25, 2.25], "texture": "#1_3"},
				"down": {"uv": [0, 0, 2.25, 2.25], "texture": "#1_3"}
			}
		},
		{
			"from": [4.01, 1.10051, 15],
			"to": [11.99, 11, 16],
			"rotation": {"angle": 45, "axis": "x", "origin": [8, 11, 16]},
			"faces": {
				"north": {"uv": [0, 6, 8, 12], "rotation": 180, "texture": "#1_4"},
				"east": {"uv": [0, 7, 1, 13], "texture": "#1_4"},
				"south": {"uv": [4, 6, 12, 12], "texture": "#1_4"},
				"west": {"uv": [0, 7, 1, 13], "texture": "#1_4"},
				"down": {"uv": [0, 0, 7.98, 1], "texture": "#3"}
			}
		},
		{
			"from": [1.5, 8.5, 15],
			"to": [4, 11, 16],
			"rotation": {"angle": 45, "axis": "x", "origin": [8, 11, 16]},
			"faces": {
				"north": {"uv": [10.5, 8, 13, 10.5], "rotation": 180, "texture": "#1_4"},
				"east": {"uv": [0, 8, 1, 10.5], "texture": "#1_4"},
				"south": {"uv": [11, 5, 13.5, 7.5], "rotation": 180, "texture": "#1_4"},
				"west": {"uv": [0, 6.5, 1, 9], "texture": "#1_4"},
				"down": {"uv": [0, 0, 2.5, 1], "texture": "#1_3"}
			}
		},
		{
			"from": [15, 8.5, 1.5],
			"to": [16, 11, 4],
			"rotation": {"angle": -45, "axis": "z", "origin": [16, 11, 3]},
			"faces": {
				"north": {"uv": [1, 6.5, 0, 9], "texture": "#1_4"},
				"east": {"uv": [13.5, 5, 11, 7.5], "texture": "#1_4"},
				"south": {"uv": [1, 8, 0, 10.5], "texture": "#1_4"},
				"west": {"uv": [13, 8, 10.5, 10.5], "rotation": 180, "texture": "#1_4"},
				"down": {"uv": [0, 0, 2.5, 1], "texture": "#1_3"}
			}
		},
		{
			"from": [12, 8.5, 0],
			"to": [14.5, 11, 1],
			"rotation": {"angle": -45, "axis": "x", "origin": [8, 11, 0]},
			"faces": {
				"north": {"uv": [13.5, 5, 11, 7.5], "rotation": 180, "texture": "#1_4"},
				"east": {"uv": [1, 8, 0, 10.5], "texture": "#1_4"},
				"south": {"uv": [13, 8, 10.5, 10.5], "rotation": 180, "texture": "#1_4"},
				"west": {"uv": [1, 6.5, 0, 9], "texture": "#1_4"},
				"down": {"uv": [0, 0, 2.5, 1], "texture": "#1_3"}
			}
		},
		{
			"from": [15, 8.5, 12],
			"to": [16, 11, 14.5],
			"rotation": {"angle": -45, "axis": "z", "origin": [16, 11, 3]},
			"faces": {
				"north": {"uv": [1, 6.5, 0, 9], "texture": "#1_4"},
				"east": {"uv": [13.5, 5, 11, 7.5], "texture": "#1_4"},
				"south": {"uv": [1, 8, 0, 10.5], "texture": "#1_4"},
				"west": {"uv": [13, 8, 10.5, 10.5], "rotation": 180, "texture": "#1_4"},
				"down": {"uv": [0, 0, 2.5, 1], "texture": "#1_3"}
			}
		},
		{
			"from": [0, 8.5, 12],
			"to": [1, 11, 14.5],
			"rotation": {"angle": 45, "axis": "z", "origin": [0, 11, 3]},
			"faces": {
				"north": {"uv": [0, 6.5, 1, 9], "texture": "#1_4"},
				"east": {"uv": [10.5, 8, 13, 10.5], "rotation": 180, "texture": "#1_4"},
				"south": {"uv": [0, 8, 1, 10.5], "texture": "#1_4"},
				"west": {"uv": [11, 5, 13.5, 7.5], "texture": "#1_4"},
				"down": {"uv": [0, 0, 2.5, 1], "texture": "#1_3"}
			}
		},
		{
			"from": [0, 8.5, 1.5],
			"to": [1, 11, 4],
			"rotation": {"angle": 45, "axis": "z", "origin": [0, 11, 3]},
			"faces": {
				"north": {"uv": [0, 6.5, 1, 9], "texture": "#1_4"},
				"east": {"uv": [10.5, 8, 13, 10.5], "rotation": 180, "texture": "#1_4"},
				"south": {"uv": [0, 8, 1, 10.5], "texture": "#1_4"},
				"west": {"uv": [11, 5, 13.5, 7.5], "texture": "#1_4"},
				"down": {"uv": [0, 0, 2.5, 1], "texture": "#1_3"}
			}
		},
		{
			"from": [1.75, 9.25, 1.75],
			"to": [4, 9.25, 4],
			"faces": {
				"north": {"uv": [0, 0, 2.25, 0], "texture": "#1_3"},
				"east": {"uv": [0, 0, 2.25, 0], "texture": "#1_3"},
				"south": {"uv": [0, 0, 2.25, 0], "texture": "#1_3"},
				"west": {"uv": [0, 0, 2.25, 0], "texture": "#1_3"},
				"up": {"uv": [0, 0, 2.25, 2.25], "texture": "#1_3"},
				"down": {"uv": [0, 0, 2.25, 2.25], "texture": "#1_3"}
			}
		},
		{
			"from": [1.5, 8.5, 0],
			"to": [4, 11, 1],
			"rotation": {"angle": -45, "axis": "x", "origin": [8, 11, 0]},
			"faces": {
				"north": {"uv": [13.5, 5, 11, 7.5], "rotation": 180, "texture": "#1_4"},
				"east": {"uv": [1, 8, 0, 10.5], "texture": "#1_4"},
				"south": {"uv": [13, 8, 10.5, 10.5], "rotation": 180, "texture": "#1_4"},
				"west": {"uv": [1, 6.5, 0, 9], "texture": "#1_4"},
				"down": {"uv": [0, 0, 2.5, 1], "texture": "#1_3"}
			}
		},
		{
			"from": [12, 9.25, 1.75],
			"to": [14.25, 9.25, 4],
			"faces": {
				"north": {"uv": [0, 0, 2.25, 0], "texture": "#1_3"},
				"east": {"uv": [0, 0, 2.25, 0], "texture": "#1_3"},
				"south": {"uv": [0, 0, 2.25, 0], "texture": "#1_3"},
				"west": {"uv": [0, 0, 2.25, 0], "texture": "#1_3"},
				"up": {"uv": [0, 0, 2.25, 2.25], "texture": "#1_3"},
				"down": {"uv": [0, 0, 2.25, 2.25], "texture": "#1_3"}
			}
		},
		{
			"from": [12, 9.25, 12],
			"to": [14.25, 9.25, 14.25],
			"faces": {
				"north": {"uv": [0, 0, 2.25, 0], "texture": "#1_3"},
				"east": {"uv": [0, 0, 2.25, 0], "texture": "#1_3"},
				"south": {"uv": [0, 0, 2.25, 0], "texture": "#1_3"},
				"west": {"uv": [0, 0, 2.25, 0], "texture": "#1_3"},
				"up": {"uv": [0, 0, 2.25, 2.25], "texture": "#1_3"},
				"down": {"uv": [0, 0, 2.25, 2.25], "texture": "#1_3"}
			}
		},
		{
			"from": [12, 8.25, 3],
			"to": [13, 9.25, 4],
			"faces": {
				"north": {"uv": [0, 0, 1, 1], "texture": "#1_3"},
				"east": {"uv": [0, 0, 1, 1], "texture": "#1_3"},
				"south": {"uv": [0, 0, 1, 1], "texture": "#1_3"},
				"west": {"uv": [0, 0, 1, 1], "texture": "#1_3"},
				"up": {"uv": [0, 0, 1, 1], "texture": "#1_3"},
				"down": {"uv": [0, 0, 1, 1], "texture": "#1_3"}
			}
		},
		{
			"from": [12, 8.25, 12],
			"to": [13, 9.25, 13],
			"faces": {
				"north": {"uv": [0, 0, 1, 1], "texture": "#1_3"},
				"east": {"uv": [0, 0, 1, 1], "texture": "#1_3"},
				"south": {"uv": [0, 0, 1, 1], "texture": "#1_3"},
				"west": {"uv": [0, 0, 1, 1], "texture": "#1_3"},
				"up": {"uv": [0, 0, 1, 1], "texture": "#1_3"},
				"down": {"uv": [0, 0, 1, 1], "texture": "#1_3"}
			}
		},
		{
			"from": [3, 8.25, 12],
			"to": [4, 9.25, 13],
			"faces": {
				"north": {"uv": [0, 0, 1, 1], "texture": "#1_3"},
				"east": {"uv": [0, 0, 1, 1], "texture": "#1_3"},
				"south": {"uv": [0, 0, 1, 1], "texture": "#1_3"},
				"west": {"uv": [0, 0, 1, 1], "texture": "#1_3"},
				"up": {"uv": [0, 0, 1, 1], "texture": "#1_3"},
				"down": {"uv": [0, 0, 1, 1], "texture": "#1_3"}
			}
		},
		{
			"from": [3, 8.25, 3],
			"to": [4, 9.25, 4],
			"faces": {
				"north": {"uv": [0, 0, 1, 1], "texture": "#1_3"},
				"east": {"uv": [0, 0, 1, 1], "texture": "#1_3"},
				"south": {"uv": [0, 0, 1, 1], "texture": "#1_3"},
				"west": {"uv": [0, 0, 1, 1], "texture": "#1_3"},
				"up": {"uv": [0, 0, 1, 1], "texture": "#1_3"},
				"down": {"uv": [0, 0, 1, 1], "texture": "#1_3"}
			}
		},
		{
			"from": [4, 5, 5],
			"to": [5, 6, 9.75],
			"faces": {
				"north": {"uv": [4, 6, 12, 12], "texture": "#1_4"},
				"east": {"uv": [5, 8.5, 9.75, 9.5], "texture": "#1_4"},
				"south": {"uv": [4, 6, 12, 12], "texture": "#1_4"},
				"west": {"uv": [6.5, 10.5, 11.25, 11.5], "texture": "#1_4"},
				"up": {"uv": [0, 3.5, 1, 9.5], "texture": "#1_3"},
				"down": {"uv": [4, 6, 5, 12], "texture": "#1_4"}
			}
		},
		{
			"from": [11, 6, 5],
			"to": [12, 7.5, 10.5],
			"faces": {
				"north": {"uv": [4, 6, 12, 12], "texture": "#1_4"},
				"east": {"uv": [5, 8.5, 10.5, 10], "texture": "#1_4"},
				"south": {"uv": [4, 6, 12, 12], "texture": "#1_4"},
				"west": {"uv": [6.5, 8.5, 12, 10], "texture": "#1_4"},
				"up": {"uv": [0, 3.5, 1, 9.5], "texture": "#1_3"},
				"down": {"uv": [4, 6, 5, 12], "texture": "#1_4"}
			}
		},
		{
			"from": [11, 5, 5],
			"to": [12, 6, 9.75],
			"faces": {
				"north": {"uv": [4, 6, 12, 12], "texture": "#1_4"},
				"east": {"uv": [5, 8.5, 9.75, 9.5], "texture": "#1_4"},
				"south": {"uv": [4, 6, 12, 12], "texture": "#1_4"},
				"west": {"uv": [6.5, 10.5, 11.25, 11.5], "texture": "#1_4"},
				"up": {"uv": [0, 3.5, 1, 9.5], "texture": "#1_3"},
				"down": {"uv": [4, 6, 5, 12], "texture": "#1_4"}
			}
		},
		{
			"from": [9, 5, 4],
			"to": [12, 7.5, 5],
			"faces": {
				"north": {"uv": [4.5, 8.5, 7.5, 11], "texture": "#1_4"},
				"east": {"uv": [12.5, 6, 13.5, 8.5], "texture": "#4"},
				"south": {"uv": [6, 8.5, 9, 11], "texture": "#1_4"},
				"west": {"uv": [4, 7, 5, 10.5], "texture": "#1_4"},
				"up": {"uv": [3.5, 8.5, 11.5, 10], "texture": "#1_4"},
				"down": {"uv": [4, 6, 12, 7], "texture": "#1_4"}
			}
		}
	],
	"groups": [0, 1, 2, 3,
		{
			"name": "hopper",
			"children": [4, 5, 6, 7, 8, 9, 10, 11, 12, 13, 14, 15, 16, 17, 18, 19, 20, 21, 22, 23, 24, 25, 26, 27, 28, 29, 30, 31, 32, 33, 34]
		}
	]
}