{
	"credit": "Made with Blockbench",
	"ambientocclusion": false,
	"textures": {
		"3": "block/hopper_inside",
		"4": "block/hopper_outside",
		"5": "block/hopper_top",
		"particle": "block/hopper_inside"
	},
	"elements": [
		{
			"from": [0, 11, 0],
			"to": [2, 16, 16],
			"faces": {
				"north": {"uv": [14, 0, 16, 5], "texture": "#4", "cullface": "north"},
				"east": {"uv": [0, 0, 16, 5], "texture": "#4", "cullface": "up"},
				"south": {"uv": [0, 0, 2, 5], "texture": "#4", "cullface": "south"},
				"west": {"uv": [0, 0, 16, 5], "texture": "#4", "cullface": "west"},
				"up": {"uv": [0, 0, 2, 16], "texture": "#5", "cullface": "up"},
				"down": {"uv": [0, 4.5, 16, 6.5], "rotation": 90, "texture": "#4"}
			}
		},
		{
			"from": [14, 11, 0],
			"to": [16, 16, 16],
			"faces": {
				"north": {"uv": [0, 0, 2, 5], "texture": "#4", "cullface": "north"},
				"east": {"uv": [0, 0, 16, 5.375], "texture": "#4", "cullface": "east"},
				"south": {"uv": [14, 0, 16, 5], "texture": "#4", "cullface": "south"},
				"west": {"uv": [0, 0, 16, 5], "texture": "#4", "cullface": "up"},
				"up": {"uv": [14, 0, 16, 16], "texture": "#5", "cullface": "up"},
				"down": {"uv": [0, 4.5, 16, 6.5], "rotation": 90, "texture": "#4"}
			}
		},
		{
			"from": [2, 11, 0],
			"to": [14, 16, 2],
			"faces": {
				"north": {"uv": [2, 0, 14, 5], "texture": "#4", "cullface": "north"},
				"south": {"uv": [2, 0, 14, 5], "texture": "#4", "cullface": "up"},
				"up": {"uv": [2, 0, 14, 2], "texture": "#5", "cullface": "up"},
				"down": {"uv": [1.5, 5.5, 13.5, 7.5], "texture": "#4"}
			}
		},
		{
			"from": [2, 11, 14],
			"to": [14, 16, 16],
			"faces": {
				"north": {"uv": [2, 0, 14, 5], "texture": "#4", "cullface": "up"},
				"south": {"uv": [2, 0, 14, 5], "texture": "#4", "cullface": "south"},
				"up": {"uv": [2, 14, 14, 16], "texture": "#5", "cullface": "up"},
				"down": {"uv": [2.5, 4.5, 14.5, 6.5], "texture": "#4"}
			}
		},
		{
			"from": [11, 5, 5],
			"to": [12, 7.5, 11],
			"faces": {
				"north": {"uv": [4, 6, 12, 12], "texture": "#4"},
				"east": {"uv": [4, 9, 10, 11.5], "texture": "#4"},
				"south": {"uv": [4, 6, 12, 12], "texture": "#4"},
				"west": {"uv": [5, 8.5, 11, 11], "texture": "#4"},
				"up": {"uv": [0, 9, 1, 15], "texture": "#4"},
				"down": {"uv": [11, 6, 12, 12], "texture": "#4"}
			}
		},
		{
			"from": [4, 4, 11],
			"to": [12, 7.5, 12],
			"faces": {
				"north": {"uv": [4, 7.5, 12, 11], "texture": "#4"},
				"east": {"uv": [1.5, 6.5, 2.5, 10], "texture": "#4"},
				"south": {"uv": [4.5, 8.5, 12.5, 12], "texture": "#4"},
				"west": {"uv": [12.5, 8, 13.5, 11.5], "texture": "#4"},
				"up": {"uv": [0, 0, 8, 1], "texture": "#3"},
				"down": {"uv": [4, 6, 12, 7], "texture": "#4"}
			}
		},
		{
			"from": [4, 5, 5],
			"to": [5, 7.5, 11],
			"faces": {
				"north": {"uv": [4, 6, 12, 12], "texture": "#4"},
				"east": {"uv": [5, 8.5, 11, 11], "texture": "#4"},
				"south": {"uv": [4, 6, 12, 12], "texture": "#4"},
				"west": {"uv": [5.5, 9, 11.5, 11.5], "texture": "#4"},
				"up": {"uv": [0, 3.5, 1, 9.5], "texture": "#3"},
				"down": {"uv": [4, 6, 5, 12], "texture": "#4"}
			}
		},
		{
			"from": [6, 0, 5],
			"to": [10, 4, 6],
			"faces": {
				"north": {"uv": [6, 12, 10, 16], "rotation": 180, "texture": "#4"},
				"east": {"uv": [10, 12, 11, 16], "rotation": 90, "texture": "#4"},
				"south": {"uv": [6, 12, 10, 16], "texture": "#4"},
				"west": {"uv": [5, 12, 6, 16], "rotation": 270, "texture": "#4"},
				"down": {"uv": [6, 10, 10, 11], "rotation": 180, "texture": "#4", "cullface": "north"}
			}
		},
		{
			"from": [5, 0, 6],
			"to": [6, 4, 10],
			"faces": {
				"north": {"uv": [10, 12, 11, 16], "rotation": 180, "texture": "#4"},
				"east": {"uv": [6, 12, 10, 16], "rotation": 90, "texture": "#4"},
				"south": {"uv": [5, 12, 6, 16], "texture": "#4"},
				"west": {"uv": [6, 12, 10, 16], "rotation": 270, "texture": "#4"},
				"up": {"uv": [5, 6, 6, 10], "texture": "#4"},
				"down": {"uv": [5, 6, 6, 10], "rotation": 180, "texture": "#4", "cullface": "north"}
			}
		},
		{
			"from": [10, 0, 6],
			"to": [11, 4, 10],
			"faces": {
				"north": {"uv": [5, 12, 6, 16], "rotation": 180, "texture": "#4"},
				"east": {"uv": [6, 12, 10, 16], "rotation": 90, "texture": "#4"},
				"south": {"uv": [10, 12, 11, 16], "texture": "#4"},
				"west": {"uv": [6, 12, 10, 16], "rotation": 270, "texture": "#4"},
				"up": {"uv": [10, 6, 11, 10], "texture": "#4"},
				"down": {"uv": [10, 6, 11, 10], "rotation": 180, "texture": "#4", "cullface": "north"}
			}
		},
		{
			"from": [6, 0, 10],
			"to": [10, 4, 11],
			"faces": {
				"north": {"uv": [6, 12, 10, 16], "rotation": 180, "texture": "#4"},
				"east": {"uv": [5, 12, 6, 16], "rotation": 90, "texture": "#4"},
				"south": {"uv": [6, 12, 10, 16], "texture": "#4"},
				"west": {"uv": [10, 12, 11, 16], "rotation": 270, "texture": "#4"},
				"down": {"uv": [6, 5, 10, 6], "rotation": 180, "texture": "#4", "cullface": "north"}
			}
		},
		{
			"from": [4, 4, 10],
			"to": [12, 5, 11],
			"faces": {
				"north": {"uv": [4, 6, 12, 12], "rotation": 180, "texture": "#4"},
				"east": {"uv": [0.5, 4, 1.5, 5], "rotation": 270, "texture": "#4"},
				"south": {"uv": [0, 0, 0, 0], "texture": "#4"},
				"west": {"uv": [0.5, 4, 1.5, 5], "rotation": 270, "texture": "#4"},
				"up": {"uv": [4.5, 9, 12.5, 10], "rotation": 180, "texture": "#4"},
				"down": {"uv": [4, 6, 12, 12], "texture": "#4"}
			}
		},
		{
			"from": [4, 4, 6],
			"to": [6, 5, 10],
			"faces": {
				"north": {"uv": [4, 6, 12, 12], "rotation": 180, "texture": "#4"},
				"east": {"uv": [11, 6, 12, 12], "rotation": 270, "texture": "#4"},
				"west": {"uv": [7, 11, 11, 12], "texture": "#4"},
				"up": {"uv": [5, 8, 7, 12], "rotation": 180, "texture": "#4"},
				"down": {"uv": [4, 6, 12, 12], "texture": "#4"}
			}
		},
		{
			"from": [10, 4, 6],
			"to": [12, 5, 10],
			"faces": {
				"north": {"uv": [4, 6, 12, 12], "rotation": 180, "texture": "#4"},
				"east": {"uv": [3, 9.5, 7, 10.5], "texture": "#4"},
				"west": {"uv": [2.875, 6, 3.875, 12], "rotation": 90, "texture": "#4"},
				"up": {"uv": [4.5, 8, 6.5, 12], "rotation": 180, "texture": "#4"},
				"down": {"uv": [4, 6, 12, 12], "texture": "#4"}
			}
		},
		{
			"from": [4, 4, 4],
			"to": [12, 7.5, 5],
			"faces": {
				"north": {"uv": [4.5, 8.5, 12.5, 12], "texture": "#4"},
				"east": {"uv": [0.5, 8, 1.5, 11.5], "texture": "#4"},
				"south": {"uv": [3.5, 7.5, 11.5, 11], "texture": "#4"},
				"west": {"uv": [4, 7, 5, 10.5], "texture": "#4"},
				"up": {"uv": [3.5, 8.5, 11.5, 10], "texture": "#4"},
				"down": {"uv": [4, 6, 12, 7], "texture": "#4"}
			}
		},
		{
			"from": [4, 4, 5],
			"to": [12, 5, 6],
			"faces": {
				"north": {"uv": [4, 6, 12, 12], "rotation": 180, "texture": "#4"},
				"east": {"uv": [0.5, 4, 1.5, 5], "rotation": 270, "texture": "#4"},
				"south": {"uv": [0, 0, 0, 0], "texture": "#4"},
				"west": {"uv": [0.5, 4, 1.5, 5], "rotation": 270, "texture": "#4"},
				"up": {"uv": [4, 8, 12, 9], "rotation": 180, "texture": "#4"},
				"down": {"uv": [4, 6, 12, 12], "texture": "#4"}
			}
		},
		{
			"from": [4, 5, 0],
			"to": [12, 11, 1],
			"rotation": {"angle": -45, "axis": "x", "origin": [8, 11, 0]},
			"faces": {
				"north": {"uv": [4, 6, 12, 12], "texture": "#4"},
				"east": {"uv": [0, 7, 1, 13], "texture": "#4"},
				"south": {"uv": [0, 6, 8, 12], "rotation": 180, "texture": "#4"},
				"west": {"uv": [0, 7, 1, 13], "texture": "#4"}
			}
		},
		{
			"from": [0, 5, 4],
			"to": [1, 11, 12],
			"rotation": {"angle": 45, "axis": "z", "origin": [0, 11, 8]},
			"faces": {
				"north": {"uv": [0, 7, 1, 13], "texture": "#4"},
				"east": {"uv": [0, 6, 8, 12], "rotation": 180, "texture": "#4"},
				"south": {"uv": [0, 7, 1, 13], "texture": "#4"},
				"west": {"uv": [4, 6, 12, 12], "texture": "#4"},
				"up": {"uv": [0, 0, 1, 8], "texture": "#3"}
			}
		},
		{
			"from": [12, 8.5, 15],
			"to": [14.5, 11, 16],
			"rotation": {"angle": 45, "axis": "x", "origin": [8, 11, 16]},
			"faces": {
				"north": {"uv": [10.5, 8, 13, 10.5], "rotation": 180, "texture": "#4"},
				"east": {"uv": [0, 8, 1, 10.5], "texture": "#4"},
				"south": {"uv": [11, 5, 13.5, 7.5], "rotation": 180, "texture": "#4"},
				"west": {"uv": [0, 6.5, 1, 9], "texture": "#4"},
				"down": {"uv": [0, 0, 2.5, 1], "texture": "#3"}
			}
		},
		{
			"from": [15, 5, 4],
			"to": [16, 11, 12],
			"rotation": {"angle": -45, "axis": "z", "origin": [16, 11, 8]},
			"faces": {
				"north": {"uv": [0, 7, 1, 13], "texture": "#4"},
				"east": {"uv": [4, 6, 12, 12], "texture": "#4"},
				"south": {"uv": [0, 7, 1, 13], "texture": "#4"},
				"west": {"uv": [0, 6, 8, 12], "rotation": 180, "texture": "#4"}
			}
		},
		{
			"from": [1.75, 9.25, 12],
			"to": [4, 9.25, 14.25],
			"faces": {
				"north": {"uv": [0, 0, 2.25, 0], "texture": "#3"},
				"east": {"uv": [0, 0, 2.25, 0], "texture": "#3"},
				"south": {"uv": [0, 0, 2.25, 0], "texture": "#3"},
				"west": {"uv": [0, 0, 2.25, 0], "texture": "#3"},
				"up": {"uv": [0, 0, 2.25, 2.25], "texture": "#3"},
				"down": {"uv": [0, 0, 2.25, 2.25], "texture": "#3"}
			}
		},
		{
			"from": [4, 5, 15],
			"to": [12, 11, 16],
			"rotation": {"angle": 45, "axis": "x", "origin": [8, 11, 16]},
			"faces": {
				"north": {"uv": [0, 6, 8, 12], "rotation": 180, "texture": "#4"},
				"east": {"uv": [0, 7, 1, 13], "texture": "#4"},
				"south": {"uv": [4, 6, 12, 12], "texture": "#4"},
				"west": {"uv": [0, 7, 1, 13], "texture": "#4"}
			}
		},
		{
			"from": [1.5, 8.5, 15],
			"to": [4, 11, 16],
			"rotation": {"angle": 45, "axis": "x", "origin": [8, 11, 16]},
			"faces": {
				"north": {"uv": [10.5, 8, 13, 10.5], "rotation": 180, "texture": "#4"},
				"east": {"uv": [0, 8, 1, 10.5], "texture": "#4"},
				"south": {"uv": [11, 5, 13.5, 7.5], "rotation": 180, "texture": "#4"},
				"west": {"uv": [0, 6.5, 1, 9], "texture": "#4"},
				"down": {"uv": [0, 0, 2.5, 1], "texture": "#3"}
			}
		},
		{
			"from": [15, 8.5, 1.5],
			"to": [16, 11, 4],
			"rotation": {"angle": -45, "axis": "z", "origin": [16, 11, 3]},
			"faces": {
				"north": {"uv": [1, 6.5, 0, 9], "texture": "#4"},
				"east": {"uv": [13.5, 5, 11, 7.5], "texture": "#4"},
				"south": {"uv": [1, 8, 0, 10.5], "texture": "#4"},
				"west": {"uv": [13, 8, 10.5, 10.5], "rotation": 180, "texture": "#4"},
				"down": {"uv": [0, 0, 2.5, 1], "texture": "#3"}
			}
		},
		{
			"from": [12, 8.5, 0],
			"to": [14.5, 11, 1],
			"rotation": {"angle": -45, "axis": "x", "origin": [8, 11, 0]},
			"faces": {
				"north": {"uv": [13.5, 5, 11, 7.5], "rotation": 180, "texture": "#4"},
				"east": {"uv": [1, 8, 0, 10.5], "texture": "#4"},
				"south": {"uv": [13, 8, 10.5, 10.5], "rotation": 180, "texture": "#4"},
				"west": {"uv": [1, 6.5, 0, 9], "texture": "#4"},
				"down": {"uv": [0, 0, 2.5, 1], "texture": "#3"}
			}
		},
		{
			"from": [15, 8.5, 12],
			"to": [16, 11, 14.5],
			"rotation": {"angle": -45, "axis": "z", "origin": [16, 11, 3]},
			"faces": {
				"north": {"uv": [1, 6.5, 0, 9], "texture": "#4"},
				"east": {"uv": [13.5, 5, 11, 7.5], "texture": "#4"},
				"south": {"uv": [1, 8, 0, 10.5], "texture": "#4"},
				"west": {"uv": [13, 8, 10.5, 10.5], "rotation": 180, "texture": "#4"},
				"down": {"uv": [0, 0, 2.5, 1], "texture": "#3"}
			}
		},
		{
			"from": [0, 8.5, 12],
			"to": [1, 11, 14.5],
			"rotation": {"angle": 45, "axis": "z", "origin": [0, 11, 3]},
			"faces": {
				"north": {"uv": [0, 6.5, 1, 9], "texture": "#4"},
				"east": {"uv": [10.5, 8, 13, 10.5], "rotation": 180, "texture": "#4"},
				"south": {"uv": [0, 8, 1, 10.5], "texture": "#4"},
				"west": {"uv": [11, 5, 13.5, 7.5], "texture": "#4"},
				"down": {"uv": [0, 0, 2.5, 1], "texture": "#3"}
			}
		},
		{
			"from": [0, 8.5, 1.5],
			"to": [1, 11, 4],
			"rotation": {"angle": 45, "axis": "z", "origin": [0, 11, 3]},
			"faces": {
				"north": {"uv": [0, 6.5, 1, 9], "texture": "#4"},
				"east": {"uv": [10.5, 8, 13, 10.5], "rotation": 180, "texture": "#4"},
				"south": {"uv": [0, 8, 1, 10.5], "texture": "#4"},
				"west": {"uv": [11, 5, 13.5, 7.5], "texture": "#4"},
				"down": {"uv": [0, 0, 2.5, 1], "texture": "#3"}
			}
		},
		{
			"from": [1.75, 9.25, 1.75],
			"to": [4, 9.25, 4],
			"faces": {
				"north": {"uv": [0, 0, 2.25, 0], "texture": "#3"},
				"east": {"uv": [0, 0, 2.25, 0], "texture": "#3"},
				"south": {"uv": [0, 0, 2.25, 0], "texture": "#3"},
				"west": {"uv": [0, 0, 2.25, 0], "texture": "#3"},
				"up": {"uv": [0, 0, 2.25, 2.25], "texture": "#3"},
				"down": {"uv": [0, 0, 2.25, 2.25], "texture": "#3"}
			}
		},
		{
			"from": [1.5, 8.5, 0],
			"to": [4, 11, 1],
			"rotation": {"angle": -45, "axis": "x", "origin": [8, 11, 0]},
			"faces": {
				"north": {"uv": [13.5, 5, 11, 7.5], "rotation": 180, "texture": "#4"},
				"east": {"uv": [1, 8, 0, 10.5], "texture": "#4"},
				"south": {"uv": [13, 8, 10.5, 10.5], "rotation": 180, "texture": "#4"},
				"west": {"uv": [1, 6.5, 0, 9], "texture": "#4"},
				"down": {"uv": [0, 0, 2.5, 1], "texture": "#3"}
			}
		},
		{
			"from": [12, 9.25, 1.75],
			"to": [14.25, 9.25, 4],
			"faces": {
				"north": {"uv": [0, 0, 2.25, 0], "texture": "#3"},
				"east": {"uv": [0, 0, 2.25, 0], "texture": "#3"},
				"south": {"uv": [0, 0, 2.25, 0], "texture": "#3"},
				"west": {"uv": [0, 0, 2.25, 0], "texture": "#3"},
				"up": {"uv": [0, 0, 2.25, 2.25], "texture": "#3"},
				"down": {"uv": [0, 0, 2.25, 2.25], "texture": "#3"}
			}
		},
		{
			"from": [12, 9.25, 12],
			"to": [14.25, 9.25, 14.25],
			"faces": {
				"north": {"uv": [0, 0, 2.25, 0], "texture": "#3"},
				"east": {"uv": [0, 0, 2.25, 0], "texture": "#3"},
				"south": {"uv": [0, 0, 2.25, 0], "texture": "#3"},
				"west": {"uv": [0, 0, 2.25, 0], "texture": "#3"},
				"up": {"uv": [0, 0, 2.25, 2.25], "texture": "#3"},
				"down": {"uv": [0, 0, 2.25, 2.25], "texture": "#3"}
			}
		},
		{
			"from": [12, 8.25, 3],
			"to": [13, 9.25, 4],
			"faces": {
				"north": {"uv": [0, 0, 1, 1], "texture": "#3"},
				"east": {"uv": [0, 0, 1, 1], "texture": "#3"},
				"south": {"uv": [0, 0, 1, 1], "texture": "#3"},
				"west": {"uv": [0, 0, 1, 1], "texture": "#3"},
				"up": {"uv": [0, 0, 1, 1], "texture": "#3"},
				"down": {"uv": [0, 0, 1, 1], "texture": "#3"}
			}
		},
		{
			"from": [12, 8.25, 12],
			"to": [13, 9.25, 13],
			"faces": {
				"north": {"uv": [0, 0, 1, 1], "texture": "#3"},
				"east": {"uv": [0, 0, 1, 1], "texture": "#3"},
				"south": {"uv": [0, 0, 1, 1], "texture": "#3"},
				"west": {"uv": [0, 0, 1, 1], "texture": "#3"},
				"up": {"uv": [0, 0, 1, 1], "texture": "#3"},
				"down": {"uv": [0, 0, 1, 1], "texture": "#3"}
			}
		},
		{
			"from": [3, 8.25, 12],
			"to": [4, 9.25, 13],
			"faces": {
				"north": {"uv": [0, 0, 1, 1], "texture": "#3"},
				"east": {"uv": [0, 0, 1, 1], "texture": "#3"},
				"south": {"uv": [0, 0, 1, 1], "texture": "#3"},
				"west": {"uv": [0, 0, 1, 1], "texture": "#3"},
				"up": {"uv": [0, 0, 1, 1], "texture": "#3"},
				"down": {"uv": [0, 0, 1, 1], "texture": "#3"}
			}
		},
		{
			"from": [3, 8.25, 3],
			"to": [4, 9.25, 4],
			"faces": {
				"north": {"uv": [0, 0, 1, 1], "texture": "#3"},
				"east": {"uv": [0, 0, 1, 1], "texture": "#3"},
				"south": {"uv": [0, 0, 1, 1], "texture": "#3"},
				"west": {"uv": [0, 0, 1, 1], "texture": "#3"},
				"up": {"uv": [0, 0, 1, 1], "texture": "#3"},
				"down": {"uv": [0, 0, 1, 1], "texture": "#3"}
			}
		}
	],
	"display": {
		"thirdperson_righthand": {
			"rotation": [75, 45, 0],
			"translation": [0, 2.5, 0],
			"scale": [0.375, 0.375, 0.375]
		},
		"thirdperson_lefthand": {
			"rotation": [75, 45, 0],
			"translation": [0, 2.5, 0],
			"scale": [0.375, 0.375, 0.375]
		},
		"firstperson_righthand": {
			"rotation": [0, 45, 0],
			"scale": [0.4, 0.4, 0.4]
		},
		"firstperson_lefthand": {
			"rotation": [0, 225, 0],
			"scale": [0.4, 0.4, 0.4]
		},
		"ground": {
			"translation": [0, 3, 0],
			"scale": [0.25, 0.25, 0.25]
		},
		"gui": {
			"rotation": [30, 225, 0],
			"translation": [0, -0.75, 0],
			"scale": [0.625, 0.625, 0.625]
		},
		"fixed": {
			"rotation": [-45, 0, 0],
			"translation": [0, 0, -1.75],
			"scale": [0.5, 0.5, 0.5]
		}
	}
}