{
	"credit": "Made with Blockbench",
	"parent": "block/template_trapdoor_top",
	"ambientocclusion": false,
	"textures": {
		"1": "block/trapdoors/iron_trapdoor",
		"4": "block/trapdoors/iron_trapdoor_rim",
		"particle": "block/trapdoors/iron_trapdoor"
	},
	"elements": [
		{
			"name": "out",
			"from": [0, 13, 0],
			"to": [16, 16, 16],
			"faces": {
				"north": {"uv": [0.032, 0.032, 2.968, 15.968], "rotation": 90, "texture": "#4"},
				"east": {"uv": [0.032, 0.032, 2.968, 15.968], "rotation": 90, "texture": "#4"},
				"south": {"uv": [0.032, 0.032, 2.968, 15.968], "rotation": 90, "texture": "#4"},
				"west": {"uv": [0.032, 0.032, 2.968, 15.968], "rotation": 90, "texture": "#4"},
				"up": {"uv": [0, 0, 16, 16], "rotation": 180, "texture": "#1"},
				"down": {"uv": [0, 0, 16, 16], "rotation": 180, "texture": "#1"}
			}
		},
		{
			"name": "in",
			"from": [5.968, 16, 5.968],
			"to": [10.032, 13, 10.032],
			"faces": {
				"north": {"uv": [0, 3.5, 3, 12.5], "rotation": 90, "texture": "#4"},
				"east": {"uv": [0, 3.5, 3, 12.5], "rotation": 90, "texture": "#4"},
				"south": {"uv": [0, 3.5, 3, 12.5], "rotation": 90, "texture": "#4"},
				"west": {"uv": [0, 3.5, 3, 12.5], "rotation": 90, "texture": "#4"}
			}
		}
	],
	"display": {
		"thirdperson_righthand": {
			"rotation": [75, 45, 0],
			"translation": [0, 2.5, 0],
			"scale": [0.375, 0.375, 0.375]
		}
	}
}