{
	"credit": "Made by WantedRobot",
	"parent": "block/block",
	"textures": {
		"particle": "#all"
	},
	"elements": [
		{
			"from": [0, 16, 0],
			"to": [16, 19, 16],
			"rotation": {"angle": 0, "axis": "y", "origin": [8, 24, 8]},
			"faces": {
				"north": {"uv": [0, 13, 16, 16], "texture": "#all", "cullface": "up", "tintindex": 0},
				"east": {"uv": [0, 13, 16, 16], "texture": "#all", "cullface": "up", "tintindex": 0},
				"south": {"uv": [0, 13, 16, 16], "texture": "#all", "cullface": "up", "tintindex": 0},
				"west": {"uv": [0, 13, 16, 16], "texture": "#all", "cullface": "up", "tintindex": 0},
				"up": {"uv": [0, 0, 16, 16], "texture": "#all", "cullface": "up", "tintindex": 0}
			}
		}
	]
}