{
	"format_version": "1.21.6",
	"ambientocclusion": false,
	"textures": {
		"particle": "#texture"
	},
	"elements": [
		{
			"name": "Chain Link",
			"from": [7, 3, 7.75],
			"to": [7.5, 6, 8.25],
			"rotation": {"angle": -22.5, "axis": "y", "origin": [8, 10.25, 8]},
			"faces": {
				"north": {"uv": [9, 7, 6, 7.5], "rotation": 270, "texture": "#texture"},
				"east": {"uv": [9, 7, 6, 7.5], "rotation": 270, "texture": "#texture"},
				"south": {"uv": [6, 7, 9, 7.5], "rotation": 90, "texture": "#texture"},
				"west": {"uv": [6, 7, 9, 7.5], "rotation": 90, "texture": "#texture"},
				"up": {"uv": [6.5, 7, 7, 7.5], "texture": "#texture"},
				"down": {"uv": [8.5, 7, 9, 7.5], "texture": "#texture"}
			}
		},
		{
			"name": "Chain Link",
			"from": [8.5, 11, 7.75],
			"to": [9, 14, 8.25],
			"rotation": {"angle": -22.5, "axis": "y", "origin": [8, -2.89286, 8]},
			"faces": {
				"north": {"uv": [6, 7, 9, 7.5], "rotation": 90, "texture": "#texture"},
				"east": {"uv": [6, 7, 9, 7.5], "rotation": 90, "texture": "#texture"},
				"south": {"uv": [9, 7, 6, 7.5], "rotation": 270, "texture": "#texture"},
				"west": {"uv": [9, 7, 6, 7.5], "rotation": 270, "texture": "#texture"},
				"up": {"uv": [6.5, 7, 7, 7.5], "rotation": 180, "texture": "#texture"},
				"down": {"uv": [8.5, 7, 9, 7.5], "rotation": 180, "texture": "#texture"}
			}
		},
		{
			"name": "Chain Link",
			"from": [7.75, 9.5, 7],
			"to": [8.25, 12, 7.5],
			"rotation": {"angle": -45, "axis": "y", "origin": [8, 10.75, 8]},
			"faces": {
				"north": {"uv": [6.5, 7, 9, 7.5], "rotation": 90, "texture": "#texture"},
				"east": {"uv": [9, 7, 6.5, 7.5], "rotation": 270, "texture": "#texture"},
				"south": {"uv": [9, 7, 6.5, 7.5], "rotation": 270, "texture": "#texture"},
				"west": {"uv": [6.5, 7, 9, 7.5], "rotation": 90, "texture": "#texture"},
				"up": {"uv": [6.5, 7, 7, 7.5], "rotation": 90, "texture": "#texture"},
				"down": {"uv": [8.5, 7, 9, 7.5], "rotation": 270, "texture": "#texture"}
			}
		},
		{
			"name": "Chain Link",
			"from": [7.75, 13, 7],
			"to": [8.25, 15.5, 7.5],
			"rotation": {"angle": -45, "axis": "y", "origin": [8, 10.75, 8]},
			"faces": {
				"north": {"uv": [6.5, 7, 9, 7.5], "rotation": 90, "texture": "#texture"},
				"east": {"uv": [9, 7, 6.5, 7.5], "rotation": 270, "texture": "#texture"},
				"south": {"uv": [9, 7, 6.5, 7.5], "rotation": 270, "texture": "#texture"},
				"west": {"uv": [6.5, 7, 9, 7.5], "rotation": 90, "texture": "#texture"},
				"up": {"uv": [6.5, 7, 7, 7.5], "rotation": 90, "texture": "#texture"},
				"down": {"uv": [8.5, 7, 9, 7.5], "rotation": 270, "texture": "#texture"}
			}
		},
		{
			"name": "Chain Link",
			"from": [7.75, 8, 7],
			"to": [8.25, 10.5, 7.5],
			"rotation": {"angle": 22.5, "axis": "y", "origin": [8, 9.25, 8]},
			"faces": {
				"north": {"uv": [6.5, 7, 9, 7.5], "rotation": 90, "texture": "#texture"},
				"east": {"uv": [9, 7, 6.5, 7.5], "rotation": 270, "texture": "#texture"},
				"south": {"uv": [9, 7, 6.5, 7.5], "rotation": 270, "texture": "#texture"},
				"west": {"uv": [6.5, 7, 9, 7.5], "rotation": 90, "texture": "#texture"},
				"up": {"uv": [6.5, 7, 7, 7.5], "rotation": 90, "texture": "#texture"},
				"down": {"uv": [8.5, 7, 9, 7.5], "rotation": 270, "texture": "#texture"}
			}
		},
		{
			"name": "Chain Link",
			"from": [7, 6.5, 7.75],
			"to": [7.5, 9, 8.25],
			"rotation": {"angle": 0, "axis": "y", "origin": [8, 7.75, 8]},
			"faces": {
				"north": {"uv": [9, 7, 6.5, 7.5], "rotation": 270, "texture": "#texture"},
				"east": {"uv": [9, 7, 6.5, 7.5], "rotation": 270, "texture": "#texture"},
				"south": {"uv": [6.5, 7, 9, 7.5], "rotation": 90, "texture": "#texture"},
				"west": {"uv": [6.5, 7, 9, 7.5], "rotation": 90, "texture": "#texture"},
				"up": {"uv": [6.5, 7, 7, 7.5], "texture": "#texture"},
				"down": {"uv": [8.5, 7, 9, 7.5], "texture": "#texture"}
			}
		},
		{
			"name": "Chain Link",
			"from": [7.75, 5, 7],
			"to": [8.25, 7.5, 7.5],
			"rotation": {"angle": -22.5, "axis": "y", "origin": [8, 6.25, 8]},
			"faces": {
				"north": {"uv": [6.5, 7, 9, 7.5], "rotation": 90, "texture": "#texture"},
				"east": {"uv": [9, 7, 6.5, 7.5], "rotation": 270, "texture": "#texture"},
				"south": {"uv": [9, 7, 6.5, 7.5], "rotation": 270, "texture": "#texture"},
				"west": {"uv": [6.5, 7, 9, 7.5], "rotation": 90, "texture": "#texture"},
				"up": {"uv": [6.5, 7, 7, 7.5], "rotation": 90, "texture": "#texture"},
				"down": {"uv": [8.5, 7, 9, 7.5], "rotation": 270, "texture": "#texture"}
			}
		},
		{
			"name": "Chain Link",
			"from": [7.75, 1.5, 8.5],
			"to": [8.25, 4, 9],
			"rotation": {"angle": 0, "axis": "y", "origin": [8, 3.25, 8]},
			"faces": {
				"north": {"uv": [9, 7, 6.5, 7.5], "rotation": 270, "texture": "#texture"},
				"east": {"uv": [6.5, 7, 9, 7.5], "rotation": 90, "texture": "#texture"},
				"south": {"uv": [6.5, 7, 9, 7.5], "rotation": 90, "texture": "#texture"},
				"west": {"uv": [9, 7, 6.5, 7.5], "rotation": 270, "texture": "#texture"},
				"up": {"uv": [6.5, 7, 7, 7.5], "rotation": 270, "texture": "#texture"},
				"down": {"uv": [8.5, 7, 9, 7.5], "rotation": 90, "texture": "#texture"}
			}
		},
		{
			"name": "Chain Link",
			"from": [7, 0, 7.75],
			"to": [7.5, 2.5, 8.25],
			"rotation": {"angle": 0, "axis": "y", "origin": [8, 7.25, 8]},
			"faces": {
				"north": {"uv": [9, 7, 6.5, 7.5], "rotation": 270, "texture": "#texture"},
				"east": {"uv": [9, 7, 6.5, 7.5], "rotation": 270, "texture": "#texture"},
				"south": {"uv": [6.5, 7, 9, 7.5], "rotation": 90, "texture": "#texture"},
				"west": {"uv": [6.5, 7, 9, 7.5], "rotation": 90, "texture": "#texture"},
				"up": {"uv": [6.5, 7, 7, 7.5], "texture": "#texture"},
				"down": {"uv": [8.5, 7, 9, 7.5], "texture": "#texture"}
			}
		},
		{
			"name": "Chain Link",
			"from": [7.75, -1.5, 7],
			"to": [8.25, 1, 7.5],
			"rotation": {"angle": 22.5, "axis": "y", "origin": [8, 5.75, 8]},
			"faces": {
				"north": {"uv": [6.5, 7, 9, 7.5], "rotation": 90, "texture": "#texture"},
				"east": {"uv": [9, 7, 6.5, 7.5], "rotation": 270, "texture": "#texture"},
				"south": {"uv": [9, 7, 6.5, 7.5], "rotation": 270, "texture": "#texture"},
				"west": {"uv": [6.5, 7, 9, 7.5], "rotation": 90, "texture": "#texture"},
				"up": {"uv": [6.5, 7, 7, 7.5], "rotation": 90, "texture": "#texture"},
				"down": {"uv": [8.5, 7, 9, 7.5], "rotation": 270, "texture": "#texture"}
			}
		},
		{
			"name": "Chain Link",
			"from": [7.75, 14.5, 7],
			"to": [8.25, 17, 7.5],
			"rotation": {"angle": 22.5, "axis": "y", "origin": [8, 21.75, 8]},
			"faces": {
				"north": {"uv": [6.5, 7, 9, 7.5], "rotation": 90, "texture": "#texture"},
				"east": {"uv": [9, 7, 6.5, 7.5], "rotation": 270, "texture": "#texture"},
				"south": {"uv": [9, 7, 6.5, 7.5], "rotation": 270, "texture": "#texture"},
				"west": {"uv": [6.5, 7, 9, 7.5], "rotation": 90, "texture": "#texture"},
				"up": {"uv": [6.5, 7, 7, 7.5], "rotation": 90, "texture": "#texture"},
				"down": {"uv": [8.5, 7, 9, 7.5], "rotation": 270, "texture": "#texture"}
			}
		},
		{
			"name": "Chain Link",
			"from": [8.5, 3, 7.75],
			"to": [9, 6, 8.25],
			"rotation": {"angle": -22.5, "axis": "y", "origin": [8, 10.25, 8]},
			"faces": {
				"north": {"uv": [9, 7, 6, 7.5], "rotation": 270, "texture": "#texture"},
				"east": {"uv": [9, 7, 6, 7.5], "rotation": 270, "texture": "#texture"},
				"south": {"uv": [6, 7, 9, 7.5], "rotation": 90, "texture": "#texture"},
				"west": {"uv": [6, 7, 9, 7.5], "rotation": 90, "texture": "#texture"},
				"up": {"uv": [6.5, 7, 7, 7.5], "texture": "#texture"},
				"down": {"uv": [8.5, 7, 9, 7.5], "texture": "#texture"}
			}
		},
		{
			"name": "Chain Link",
			"from": [7, 11, 7.75],
			"to": [7.5, 14, 8.25],
			"rotation": {"angle": -22.5, "axis": "y", "origin": [8, -2.89286, 8]},
			"faces": {
				"north": {"uv": [6, 7, 9, 7.5], "rotation": 90, "texture": "#texture"},
				"east": {"uv": [6, 7, 9, 7.5], "rotation": 90, "texture": "#texture"},
				"south": {"uv": [9, 7, 6, 7.5], "rotation": 270, "texture": "#texture"},
				"west": {"uv": [9, 7, 6, 7.5], "rotation": 270, "texture": "#texture"},
				"up": {"uv": [6.5, 7, 7, 7.5], "rotation": 180, "texture": "#texture"},
				"down": {"uv": [8.5, 7, 9, 7.5], "rotation": 180, "texture": "#texture"}
			}
		},
		{
			"name": "Chain Link",
			"from": [7.75, 9.5, 8.5],
			"to": [8.25, 12, 9],
			"rotation": {"angle": -45, "axis": "y", "origin": [8, 10.75, 8]},
			"faces": {
				"north": {"uv": [6.5, 7, 9, 7.5], "rotation": 90, "texture": "#texture"},
				"east": {"uv": [9, 7, 6.5, 7.5], "rotation": 270, "texture": "#texture"},
				"south": {"uv": [9, 7, 6.5, 7.5], "rotation": 270, "texture": "#texture"},
				"west": {"uv": [6.5, 7, 9, 7.5], "rotation": 90, "texture": "#texture"},
				"up": {"uv": [6.5, 7, 7, 7.5], "rotation": 90, "texture": "#texture"},
				"down": {"uv": [8.5, 7, 9, 7.5], "rotation": 270, "texture": "#texture"}
			}
		},
		{
			"name": "Chain Link",
			"from": [7.75, 13, 8.5],
			"to": [8.25, 15.5, 9],
			"rotation": {"angle": -45, "axis": "y", "origin": [8, 10.75, 8]},
			"faces": {
				"north": {"uv": [6.5, 7, 9, 7.5], "rotation": 90, "texture": "#texture"},
				"east": {"uv": [9, 7, 6.5, 7.5], "rotation": 270, "texture": "#texture"},
				"south": {"uv": [9, 7, 6.5, 7.5], "rotation": 270, "texture": "#texture"},
				"west": {"uv": [6.5, 7, 9, 7.5], "rotation": 90, "texture": "#texture"},
				"up": {"uv": [6.5, 7, 7, 7.5], "rotation": 90, "texture": "#texture"},
				"down": {"uv": [8.5, 7, 9, 7.5], "rotation": 270, "texture": "#texture"}
			}
		},
		{
			"name": "Chain Link",
			"from": [7.75, 8, 8.5],
			"to": [8.25, 10.5, 9],
			"rotation": {"angle": 22.5, "axis": "y", "origin": [8, 9.25, 8]},
			"faces": {
				"north": {"uv": [6.5, 7, 9, 7.5], "rotation": 90, "texture": "#texture"},
				"east": {"uv": [9, 7, 6.5, 7.5], "rotation": 270, "texture": "#texture"},
				"south": {"uv": [9, 7, 6.5, 7.5], "rotation": 270, "texture": "#texture"},
				"west": {"uv": [6.5, 7, 9, 7.5], "rotation": 90, "texture": "#texture"},
				"up": {"uv": [6.5, 7, 7, 7.5], "rotation": 90, "texture": "#texture"},
				"down": {"uv": [8.5, 7, 9, 7.5], "rotation": 270, "texture": "#texture"}
			}
		},
		{
			"name": "Chain Link",
			"from": [8.5, 6.5, 7.75],
			"to": [9, 9, 8.25],
			"rotation": {"angle": 0, "axis": "y", "origin": [8, 7.75, 8]},
			"faces": {
				"north": {"uv": [9, 7, 6.5, 7.5], "rotation": 270, "texture": "#texture"},
				"east": {"uv": [9, 7, 6.5, 7.5], "rotation": 270, "texture": "#texture"},
				"south": {"uv": [6.5, 7, 9, 7.5], "rotation": 90, "texture": "#texture"},
				"west": {"uv": [6.5, 7, 9, 7.5], "rotation": 90, "texture": "#texture"},
				"up": {"uv": [6.5, 7, 7, 7.5], "texture": "#texture"},
				"down": {"uv": [8.5, 7, 9, 7.5], "texture": "#texture"}
			}
		},
		{
			"name": "Chain Link",
			"from": [7.75, 5, 8.5],
			"to": [8.25, 7.5, 9],
			"rotation": {"angle": -22.5, "axis": "y", "origin": [8, 6.25, 8]},
			"faces": {
				"north": {"uv": [6.5, 7, 9, 7.5], "rotation": 90, "texture": "#texture"},
				"east": {"uv": [9, 7, 6.5, 7.5], "rotation": 270, "texture": "#texture"},
				"south": {"uv": [9, 7, 6.5, 7.5], "rotation": 270, "texture": "#texture"},
				"west": {"uv": [6.5, 7, 9, 7.5], "rotation": 90, "texture": "#texture"},
				"up": {"uv": [6.5, 7, 7, 7.5], "rotation": 90, "texture": "#texture"},
				"down": {"uv": [8.5, 7, 9, 7.5], "rotation": 270, "texture": "#texture"}
			}
		},
		{
			"name": "Chain Link",
			"from": [7.75, 1.5, 7],
			"to": [8.25, 4, 7.5],
			"rotation": {"angle": 0, "axis": "y", "origin": [8, 3.25, 8]},
			"faces": {
				"north": {"uv": [9, 7, 6.5, 7.5], "rotation": 270, "texture": "#texture"},
				"east": {"uv": [6.5, 7, 9, 7.5], "rotation": 90, "texture": "#texture"},
				"south": {"uv": [6.5, 7, 9, 7.5], "rotation": 90, "texture": "#texture"},
				"west": {"uv": [9, 7, 6.5, 7.5], "rotation": 270, "texture": "#texture"},
				"up": {"uv": [6.5, 7, 7, 7.5], "rotation": 270, "texture": "#texture"},
				"down": {"uv": [8.5, 7, 9, 7.5], "rotation": 90, "texture": "#texture"}
			}
		},
		{
			"name": "Chain Link",
			"from": [8.5, 0, 7.75],
			"to": [9, 2.5, 8.25],
			"rotation": {"angle": 0, "axis": "y", "origin": [8, 7.25, 8]},
			"faces": {
				"north": {"uv": [9, 7, 6.5, 7.5], "rotation": 270, "texture": "#texture"},
				"east": {"uv": [9, 7, 6.5, 7.5], "rotation": 270, "texture": "#texture"},
				"south": {"uv": [6.5, 7, 9, 7.5], "rotation": 90, "texture": "#texture"},
				"west": {"uv": [6.5, 7, 9, 7.5], "rotation": 90, "texture": "#texture"},
				"up": {"uv": [6.5, 7, 7, 7.5], "texture": "#texture"},
				"down": {"uv": [8.5, 7, 9, 7.5], "texture": "#texture"}
			}
		},
		{
			"name": "Chain Link",
			"from": [7.75, -1.5, 8.5],
			"to": [8.25, 1, 9],
			"rotation": {"angle": 22.5, "axis": "y", "origin": [8, 5.75, 8]},
			"faces": {
				"north": {"uv": [6.5, 7, 9, 7.5], "rotation": 90, "texture": "#texture"},
				"east": {"uv": [9, 7, 6.5, 7.5], "rotation": 270, "texture": "#texture"},
				"south": {"uv": [9, 7, 6.5, 7.5], "rotation": 270, "texture": "#texture"},
				"west": {"uv": [6.5, 7, 9, 7.5], "rotation": 90, "texture": "#texture"},
				"up": {"uv": [6.5, 7, 7, 7.5], "rotation": 90, "texture": "#texture"},
				"down": {"uv": [8.5, 7, 9, 7.5], "rotation": 270, "texture": "#texture"}
			}
		},
		{
			"name": "Chain Link",
			"from": [7.75, 14.5, 8.5],
			"to": [8.25, 17, 9],
			"rotation": {"angle": 22.5, "axis": "y", "origin": [8, 21.75, 8]},
			"faces": {
				"north": {"uv": [6.5, 7, 9, 7.5], "rotation": 90, "texture": "#texture"},
				"east": {"uv": [9, 7, 6.5, 7.5], "rotation": 270, "texture": "#texture"},
				"south": {"uv": [9, 7, 6.5, 7.5], "rotation": 270, "texture": "#texture"},
				"west": {"uv": [6.5, 7, 9, 7.5], "rotation": 90, "texture": "#texture"},
				"up": {"uv": [6.5, 7, 7, 7.5], "rotation": 90, "texture": "#texture"},
				"down": {"uv": [8.5, 7, 9, 7.5], "rotation": 270, "texture": "#texture"}
			}
		},
		{
			"name": "Chain Link",
			"from": [7.5, 5.5, 7.75],
			"to": [8.5, 6, 8.25],
			"rotation": {"angle": -22.5, "axis": "y", "origin": [8, 10.25, 8]},
			"faces": {
				"north": {"uv": [7.5, 7, 6.5, 7.5], "rotation": 180, "texture": "#texture"},
				"south": {"uv": [6.5, 7, 7.5, 7.5], "rotation": 180, "texture": "#texture"},
				"up": {"uv": [6.5, 7, 7.5, 7.5], "rotation": 180, "texture": "#texture"},
				"down": {"uv": [6.5, 7, 7.5, 7.5], "rotation": 180, "texture": "#texture"}
			}
		},
		{
			"name": "Chain Link",
			"from": [7.5, 13.5, 7.75],
			"to": [8.5, 14, 8.25],
			"rotation": {"angle": -22.5, "axis": "y", "origin": [8, -2.89286, 8]},
			"faces": {
				"north": {"uv": [6.5, 7, 7.5, 7.5], "rotation": 180, "texture": "#texture"},
				"south": {"uv": [7.5, 7, 6.5, 7.5], "rotation": 180, "texture": "#texture"},
				"up": {"uv": [6.5, 7, 7.5, 7.5], "texture": "#texture"},
				"down": {"uv": [6.5, 7, 7.5, 7.5], "texture": "#texture"}
			}
		},
		{
			"name": "Chain Link",
			"from": [7.75, 11.5, 7.5],
			"to": [8.25, 12, 8.5],
			"rotation": {"angle": -45, "axis": "y", "origin": [8, 10.75, 8]},
			"faces": {
				"east": {"uv": [7.5, 7, 6.5, 7.5], "rotation": 180, "texture": "#texture"},
				"west": {"uv": [6.5, 7, 7.5, 7.5], "rotation": 180, "texture": "#texture"},
				"up": {"uv": [6.5, 7, 7.5, 7.5], "rotation": 270, "texture": "#texture"},
				"down": {"uv": [6.5, 7, 7.5, 7.5], "rotation": 90, "texture": "#texture"}
			}
		},
		{
			"name": "Chain Link",
			"from": [7.75, 15, 7.5],
			"to": [8.25, 15.5, 8.5],
			"rotation": {"angle": -45, "axis": "y", "origin": [8, 10.75, 8]},
			"faces": {
				"east": {"uv": [7.5, 7, 6.5, 7.5], "rotation": 180, "texture": "#texture"},
				"west": {"uv": [6.5, 7, 7.5, 7.5], "rotation": 180, "texture": "#texture"},
				"up": {"uv": [6.5, 7, 7.5, 7.5], "rotation": 270, "texture": "#texture"},
				"down": {"uv": [6.5, 7, 7.5, 7.5], "rotation": 90, "texture": "#texture"}
			}
		},
		{
			"name": "Chain Link",
			"from": [7.75, 10, 7.5],
			"to": [8.25, 10.5, 8.5],
			"rotation": {"angle": 22.5, "axis": "y", "origin": [8, 9.25, 8]},
			"faces": {
				"east": {"uv": [7.5, 7, 6.5, 7.5], "rotation": 180, "texture": "#texture"},
				"west": {"uv": [6.5, 7, 7.5, 7.5], "rotation": 180, "texture": "#texture"},
				"up": {"uv": [6.5, 7, 7.5, 7.5], "rotation": 270, "texture": "#texture"},
				"down": {"uv": [6.5, 7, 7.5, 7.5], "rotation": 90, "texture": "#texture"}
			}
		},
		{
			"name": "Chain Link",
			"from": [7.5, 8.5, 7.75],
			"to": [8.5, 9, 8.25],
			"rotation": {"angle": 0, "axis": "y", "origin": [8, 7.75, 8]},
			"faces": {
				"north": {"uv": [7.5, 7, 6.5, 7.5], "rotation": 180, "texture": "#texture"},
				"south": {"uv": [6.5, 7, 7.5, 7.5], "rotation": 180, "texture": "#texture"},
				"up": {"uv": [6.5, 7, 7.5, 7.5], "rotation": 180, "texture": "#texture"},
				"down": {"uv": [6.5, 7, 7.5, 7.5], "rotation": 180, "texture": "#texture"}
			}
		},
		{
			"name": "Chain Link",
			"from": [7.75, 7, 7.5],
			"to": [8.25, 7.5, 8.5],
			"rotation": {"angle": -22.5, "axis": "y", "origin": [8, 6.25, 8]},
			"faces": {
				"east": {"uv": [7.5, 7, 6.5, 7.5], "rotation": 180, "texture": "#texture"},
				"west": {"uv": [6.5, 7, 7.5, 7.5], "rotation": 180, "texture": "#texture"},
				"up": {"uv": [6.5, 7, 7.5, 7.5], "rotation": 270, "texture": "#texture"},
				"down": {"uv": [6.5, 7, 7.5, 7.5], "rotation": 90, "texture": "#texture"}
			}
		},
		{
			"name": "Chain Link",
			"from": [7.75, 3.5, 7.5],
			"to": [8.25, 4, 8.5],
			"rotation": {"angle": 0, "axis": "y", "origin": [8, 3.25, 8]},
			"faces": {
				"east": {"uv": [6.5, 7, 7.5, 7.5], "rotation": 180, "texture": "#texture"},
				"west": {"uv": [7.5, 7, 6.5, 7.5], "rotation": 180, "texture": "#texture"},
				"up": {"uv": [6.5, 7, 7.5, 7.5], "rotation": 90, "texture": "#texture"},
				"down": {"uv": [6.5, 7, 7.5, 7.5], "rotation": 270, "texture": "#texture"}
			}
		},
		{
			"name": "Chain Link",
			"from": [7.5, 2, 7.75],
			"to": [8.5, 2.5, 8.25],
			"rotation": {"angle": 0, "axis": "y", "origin": [8, 7.25, 8]},
			"faces": {
				"north": {"uv": [7.5, 7, 6.5, 7.5], "rotation": 180, "texture": "#texture"},
				"south": {"uv": [6.5, 7, 7.5, 7.5], "rotation": 180, "texture": "#texture"},
				"up": {"uv": [6.5, 7, 7.5, 7.5], "rotation": 180, "texture": "#texture"},
				"down": {"uv": [6.5, 7, 7.5, 7.5], "rotation": 180, "texture": "#texture"}
			}
		},
		{
			"name": "Chain Link",
			"from": [7.75, 0.5, 7.5],
			"to": [8.25, 1, 8.5],
			"rotation": {"angle": 22.5, "axis": "y", "origin": [8, 5.75, 8]},
			"faces": {
				"east": {"uv": [7.5, 7, 6.5, 7.5], "rotation": 180, "texture": "#texture"},
				"west": {"uv": [6.5, 7, 7.5, 7.5], "rotation": 180, "texture": "#texture"},
				"up": {"uv": [6.5, 7, 7.5, 7.5], "rotation": 270, "texture": "#texture"},
				"down": {"uv": [6.5, 7, 7.5, 7.5], "rotation": 90, "texture": "#texture"}
			}
		},
		{
			"name": "Chain Link",
			"from": [7.75, 16.5, 7.5],
			"to": [8.25, 17, 8.5],
			"rotation": {"angle": 22.5, "axis": "y", "origin": [8, 21.75, 8]},
			"faces": {
				"east": {"uv": [7.5, 7, 6.5, 7.5], "rotation": 180, "texture": "#texture"},
				"west": {"uv": [6.5, 7, 7.5, 7.5], "rotation": 180, "texture": "#texture"},
				"up": {"uv": [6.5, 7, 7.5, 7.5], "rotation": 270, "texture": "#texture"},
				"down": {"uv": [6.5, 7, 7.5, 7.5], "rotation": 90, "texture": "#texture"}
			}
		},
		{
			"name": "Chain Link",
			"from": [7.5, 3, 7.75],
			"to": [8.5, 3.5, 8.25],
			"rotation": {"angle": -22.5, "axis": "y", "origin": [8, 10.25, 8]},
			"faces": {
				"north": {"uv": [9, 7, 8, 7.5], "rotation": 180, "texture": "#texture"},
				"south": {"uv": [8, 7, 9, 7.5], "rotation": 180, "texture": "#texture"},
				"up": {"uv": [8, 7, 9, 7.5], "rotation": 180, "texture": "#texture"},
				"down": {"uv": [8, 7, 9, 7.5], "rotation": 180, "texture": "#texture"}
			}
		},
		{
			"name": "Chain Link",
			"from": [7.5, 11, 7.75],
			"to": [8.5, 11.5, 8.25],
			"rotation": {"angle": -22.5, "axis": "y", "origin": [8, -2.89286, 8]},
			"faces": {
				"north": {"uv": [8, 7, 9, 7.5], "rotation": 180, "texture": "#texture"},
				"south": {"uv": [9, 7, 8, 7.5], "rotation": 180, "texture": "#texture"},
				"up": {"uv": [8, 7, 9, 7.5], "texture": "#texture"},
				"down": {"uv": [8, 7, 9, 7.5], "texture": "#texture"}
			}
		},
		{
			"name": "Chain Link",
			"from": [7.75, 9.5, 7.5],
			"to": [8.25, 10, 8.5],
			"rotation": {"angle": -45, "axis": "y", "origin": [8, 10.75, 8]},
			"faces": {
				"east": {"uv": [9, 7, 8, 7.5], "rotation": 180, "texture": "#texture"},
				"west": {"uv": [8, 7, 9, 7.5], "rotation": 180, "texture": "#texture"},
				"up": {"uv": [8, 7, 9, 7.5], "rotation": 270, "texture": "#texture"},
				"down": {"uv": [8, 7, 9, 7.5], "rotation": 90, "texture": "#texture"}
			}
		},
		{
			"name": "Chain Link",
			"from": [7.75, 13, 7.5],
			"to": [8.25, 13.5, 8.5],
			"rotation": {"angle": -45, "axis": "y", "origin": [8, 10.75, 8]},
			"faces": {
				"east": {"uv": [9, 7, 8, 7.5], "rotation": 180, "texture": "#texture"},
				"west": {"uv": [8, 7, 9, 7.5], "rotation": 180, "texture": "#texture"},
				"up": {"uv": [8, 7, 9, 7.5], "rotation": 270, "texture": "#texture"},
				"down": {"uv": [8, 7, 9, 7.5], "rotation": 90, "texture": "#texture"}
			}
		},
		{
			"name": "Chain Link",
			"from": [7.75, 8, 7.5],
			"to": [8.25, 8.5, 8.5],
			"rotation": {"angle": 22.5, "axis": "y", "origin": [8, 9.25, 8]},
			"faces": {
				"east": {"uv": [9, 7, 8, 7.5], "rotation": 180, "texture": "#texture"},
				"west": {"uv": [8, 7, 9, 7.5], "rotation": 180, "texture": "#texture"},
				"up": {"uv": [8, 7, 9, 7.5], "rotation": 270, "texture": "#texture"},
				"down": {"uv": [8, 7, 9, 7.5], "rotation": 90, "texture": "#texture"}
			}
		},
		{
			"name": "Chain Link",
			"from": [7.5, 6.5, 7.75],
			"to": [8.5, 7, 8.25],
			"rotation": {"angle": 0, "axis": "y", "origin": [8, 7.75, 8]},
			"faces": {
				"north": {"uv": [9, 7, 8, 7.5], "rotation": 180, "texture": "#texture"},
				"south": {"uv": [8, 7, 9, 7.5], "rotation": 180, "texture": "#texture"},
				"up": {"uv": [8, 7, 9, 7.5], "rotation": 180, "texture": "#texture"},
				"down": {"uv": [8, 7, 9, 7.5], "rotation": 180, "texture": "#texture"}
			}
		},
		{
			"name": "Chain Link",
			"from": [7.75, 5, 7.5],
			"to": [8.25, 5.5, 8.5],
			"rotation": {"angle": -22.5, "axis": "y", "origin": [8, 6.25, 8]},
			"faces": {
				"east": {"uv": [9, 7, 8, 7.5], "rotation": 180, "texture": "#texture"},
				"west": {"uv": [8, 7, 9, 7.5], "rotation": 180, "texture": "#texture"},
				"up": {"uv": [8, 7, 9, 7.5], "rotation": 270, "texture": "#texture"},
				"down": {"uv": [8, 7, 9, 7.5], "rotation": 90, "texture": "#texture"}
			}
		},
		{
			"name": "Chain Link",
			"from": [7.75, 1.5, 7.5],
			"to": [8.25, 2, 8.5],
			"rotation": {"angle": 0, "axis": "y", "origin": [8, 3.25, 8]},
			"faces": {
				"east": {"uv": [8, 7, 9, 7.5], "rotation": 180, "texture": "#texture"},
				"west": {"uv": [9, 7, 8, 7.5], "rotation": 180, "texture": "#texture"},
				"up": {"uv": [8, 7, 9, 7.5], "rotation": 90, "texture": "#texture"},
				"down": {"uv": [8, 7, 9, 7.5], "rotation": 270, "texture": "#texture"}
			}
		},
		{
			"name": "Chain Link",
			"from": [7.5, 0, 7.75],
			"to": [8.5, 0.5, 8.25],
			"rotation": {"angle": 0, "axis": "y", "origin": [8, 7.25, 8]},
			"faces": {
				"north": {"uv": [9, 7, 8, 7.5], "rotation": 180, "texture": "#texture"},
				"south": {"uv": [8, 7, 9, 7.5], "rotation": 180, "texture": "#texture"},
				"up": {"uv": [8, 7, 9, 7.5], "rotation": 180, "texture": "#texture"},
				"down": {"uv": [8, 7, 9, 7.5], "rotation": 180, "texture": "#texture"}
			}
		},
		{
			"name": "Chain Link",
			"from": [7.75, -1.5, 7.5],
			"to": [8.25, -1, 8.5],
			"rotation": {"angle": 22.5, "axis": "y", "origin": [8, 5.75, 8]},
			"faces": {
				"east": {"uv": [9, 7, 8, 7.5], "rotation": 180, "texture": "#texture"},
				"west": {"uv": [8, 7, 9, 7.5], "rotation": 180, "texture": "#texture"},
				"up": {"uv": [8, 7, 9, 7.5], "rotation": 270, "texture": "#texture"},
				"down": {"uv": [8, 7, 9, 7.5], "rotation": 90, "texture": "#texture"}
			}
		},
		{
			"name": "Chain Link",
			"from": [7.75, 14.5, 7.5],
			"to": [8.25, 15, 8.5],
			"rotation": {"angle": 22.5, "axis": "y", "origin": [8, 21.75, 8]},
			"faces": {
				"east": {"uv": [9, 7, 8, 7.5], "rotation": 180, "texture": "#texture"},
				"west": {"uv": [8, 7, 9, 7.5], "rotation": 180, "texture": "#texture"},
				"up": {"uv": [8, 7, 9, 7.5], "rotation": 270, "texture": "#texture"},
				"down": {"uv": [8, 7, 9, 7.5], "rotation": 90, "texture": "#texture"}
			}
		}
	],
	"display": {
		"thirdperson_righthand": {
			"translation": [0, 3, 1],
			"scale": [0.55, 0.55, 0.55]
		},
		"thirdperson_lefthand": {
			"translation": [0, 3, 1],
			"scale": [0.55, 0.55, 0.55]
		},
		"firstperson_righthand": {
			"rotation": [0, -90, 25],
			"translation": [1.13, 3.2, 1.13],
			"scale": [0.68, 0.68, 0.68]
		},
		"firstperson_lefthand": {
			"rotation": [0, -90, 25],
			"translation": [1.13, 3.2, 1.13],
			"scale": [0.68, 0.68, 0.68]
		},
		"ground": {
			"rotation": [90, 0, 0],
			"translation": [0, -1, 0],
			"scale": [0.5, 0.5, 0.5]
		},
		"gui": {
			"rotation": [-34, 133, 60]
		},
		"head": {
			"rotation": [0, -180, 0],
			"translation": [0, 13, 0]
		},
		"fixed": {
			"rotation": [0, -180, 0],
			"translation": [0, 0, -1.5]
		}
	}
}