{ "parent": "minecraft:item/generated",
  "display": {
    "thirdperson_righthand": {
      "rotation": [ 0, -90, 55 ],
      "translation": [ 0, 4.2, 0.5 ],
      "scale": [ 1.295, 1.295, 0.648 ]
    },
    "thirdperson_lefthand": {
      "rotation": [ 0, 90, -55 ],
      "translation": [ 0, 4.2, 0.5 ],
      "scale": [ 1.295, 1.295, 0.648 ]
    },
    "firstperson_righthand": {
      "rotation": [ 0, -90, 25 ],
      "translation": [ 1.13, 4, 1.1 ],
      "scale": [ 1.036, 1.036, 0.518 ]
    },
    "firstperson_lefthand": {
      "rotation": [ 0, 90, -25 ],
      "translation": [ 1.13, 4, 1.1 ],
      "scale": [ 1.036, 1.036, 0.518 ]
    },
    "gui": {
      "rotation": [ 0, 0, 0 ],
      "translation": [ 0, 0, 0],
      "scale":[ 2, 2, 2 ]
    },
    "ground": {
      "rotation": [ 0, 0, 0 ],
      "translation": [ 0, 0, 0],
      "scale":[ 1.3, 1.3, 0.65 ]
    },
    "fixed": {
      "rotation": [ 0, 180, 0 ],
      "translation": [ 0, 0, 0],
      "scale":[ 1.3, 1.3, 0.65 ]
    }
  }
}