{
	"credit": "Made with Blockbench",
	"textures": {
		"0": "block/birch_trapdoor",
		"1": "block/birch_trapdoor_rim",
		"particle": "block/birch_trapdoor"
	},
	"elements": [
		{
			"from": [4, 0, 13],
			"to": [12, 4, 16],
			"faces": {
				"north": {"uv": [4.01563, 3.98313, 11.98313, 0.01563], "texture": "#0"},
				"south": {"uv": [4.016, 3.984, 11.984, 0.016], "texture": "#0"},
				"up": {"uv": [15.96711, 5.016, 13.016, 12.96795], "rotation": 90, "texture": "#1"},
				"down": {"uv": [7.4675, 4, 4.5, 11.4675], "rotation": 270, "texture": "#1"}
			}
		},
		{
			"from": [0, 0, 13],
			"to": [4, 16, 16],
			"faces": {
				"north": {"uv": [12.01563, 15.98313, 15.98313, 0.01563], "texture": "#0"},
				"east": {"uv": [15.94, 0.06, 13.06, 15.94], "texture": "#1"},
				"south": {"uv": [0.016, 15.984, 3.984, 0.016], "texture": "#0"},
				"west": {"uv": [7.38, 0, 4.5, 15.88], "texture": "#1"},
				"up": {"uv": [7.38, 12, 4.5, 15.88], "rotation": 90, "texture": "#1"},
				"down": {"uv": [7.4675, 0, 4.5, 3.9675], "rotation": 270, "texture": "#1"}
			}
		},
		{
			"from": [12, 0, 13],
			"to": [16, 16, 16],
			"faces": {
				"north": {"uv": [0.016, 15.984, 3.984, 0.016], "texture": "#0"},
				"east": {"uv": [7.46688, 0, 4.5, 15.9675], "texture": "#1"},
				"south": {"uv": [3.984, 15.984, 0.016, 0.016], "texture": "#0"},
				"west": {"uv": [15.984, 0.016, 13.016, 15.984], "texture": "#1"},
				"up": {"uv": [11.4675, 0, 8.5, 4.4675], "rotation": 90, "texture": "#1"},
				"down": {"uv": [7.46688, 0, 4.5, 3.96688], "rotation": 90, "texture": "#1"}
			}
		},
		{
			"from": [4, 12, 13],
			"to": [12, 14, 16],
			"faces": {
				"north": {"uv": [4.01563, 12.01563, 11.98313, 13.98313], "rotation": 180, "texture": "#0"},
				"south": {"uv": [4.016, 13.984, 11.984, 12.016], "texture": "#0"},
				"up": {"uv": [4, 16, 12, 13], "rotation": 180, "texture": "#0"},
				"down": {"uv": [15.984, 4.016, 13.016, 13.484], "rotation": 90, "texture": "#1"}
			}
		},
		{
			"from": [4, 4, 14.5],
			"to": [12, 12, 14.5],
			"faces": {
				"north": {"uv": [4.016, 11.984, 11.984, 4.016], "rotation": 180, "texture": "#0"},
				"east": {"uv": [0.016, 0.484, 7.984, 0.016], "rotation": 270, "texture": "#0"},
				"south": {"uv": [4.016, 11.984, 11.984, 4.016], "texture": "#0"},
				"west": {"uv": [0.016, 0.484, 7.984, 0.016], "rotation": 90, "texture": "#0"},
				"up": {"uv": [0.016, 0.484, 7.984, 0.016], "rotation": 180, "texture": "#0"},
				"down": {"uv": [0.016, 0.484, 7.984, 0.016], "texture": "#0"}
			}
		},
		{
			"from": [11, 14, 13],
			"to": [12, 16, 16],
			"faces": {
				"north": {"uv": [4.016, 15.984, 4.984, 14.016], "texture": "#0"},
				"south": {"uv": [4.016, 14.016, 4.984, 15.984], "rotation": 180, "texture": "#0"},
				"west": {"uv": [2.984, 5.016, 0.016, 7.484], "rotation": 180, "texture": "#1"},
				"up": {"uv": [11.45188, 4.5, 8.5, 5.45188], "rotation": 270, "texture": "#1"}
			}
		},
		{
			"from": [4, 14, 13],
			"to": [5, 16, 16],
			"faces": {
				"north": {"uv": [11.016, 15.984, 11.984, 14.016], "texture": "#0"},
				"east": {"uv": [2.984, 8.016, 0.016, 9.984], "texture": "#1"},
				"south": {"uv": [11.01563, 15.98273, 11.98355, 14.01563], "texture": "#0"},
				"up": {"uv": [7.4675, 8.5, 4.5, 9.4675], "rotation": 90, "texture": "#1"}
			}
		},
		{
			"from": [5, 14, 13.5],
			"to": [11, 15.5, 15.5],
			"faces": {
				"north": {"uv": [5.032, 15.468, 10.968, 14], "texture": "#0"},
				"south": {"uv": [5.032, 15.468, 10.968, 14], "texture": "#0"},
				"up": {"uv": [5.032, 14.968, 10.968, 14], "rotation": 180, "texture": "#0"}
			}
		}
	]
}