{
	"credit": "Made with Blockbench",
	"textures": {
		"0": "item/potion/dragon_breath",
		"1": "item/potion/dragon_breath_fire",
		"particle": "item/potion/dragon_breath"
	},
	"elements": [
		{
			"from": [4, 0, 4],
			"to": [12, 1, 12],
			"faces": {
				"north": {"uv": [8, 0, 9, 8], "rotation": 90, "texture": "#0"},
				"east": {"uv": [8, 0, 9, 8], "rotation": 90, "texture": "#0"},
				"south": {"uv": [8, 0, 9, 8], "rotation": 90, "texture": "#0"},
				"west": {"uv": [8, 0, 9, 8], "rotation": 90, "texture": "#0"},
				"up": {"uv": [0, 0, 8, 8], "rotation": 90, "texture": "#0"},
				"down": {"uv": [0, 0, 8, 8], "rotation": 90, "texture": "#0"}
			}
		},
		{
			"from": [4, 1, 3],
			"to": [12, 7, 4],
			"faces": {
				"north": {"uv": [0, 8, 8, 14], "texture": "#0"},
				"east": {"uv": [8, 8, 9, 14], "texture": "#0"},
				"south": {"uv": [0, 8, 8, 14], "texture": "#0"},
				"west": {"uv": [8, 8, 9, 14], "texture": "#0"},
				"up": {"uv": [8, 0, 9, 8], "rotation": 90, "texture": "#0"},
				"down": {"uv": [8, 0, 9, 8], "rotation": 90, "texture": "#0"}
			}
		},
		{
			"from": [4, 1, 12],
			"to": [12, 7, 13],
			"faces": {
				"north": {"uv": [0, 8, 8, 14], "texture": "#0"},
				"east": {"uv": [8, 8, 9, 14], "texture": "#0"},
				"south": {"uv": [0, 8, 8, 14], "texture": "#0"},
				"west": {"uv": [8, 8, 9, 14], "texture": "#0"},
				"up": {"uv": [8, 0, 9, 8], "rotation": 90, "texture": "#0"},
				"down": {"uv": [8, 0, 9, 8], "rotation": 90, "texture": "#0"}
			}
		},
		{
			"from": [3, 1, 4],
			"to": [4, 7, 12],
			"faces": {
				"north": {"uv": [8, 8, 9, 14], "texture": "#0"},
				"east": {"uv": [0, 8, 8, 14], "texture": "#0"},
				"south": {"uv": [8, 8, 9, 14], "texture": "#0"},
				"west": {"uv": [0, 8, 8, 14], "texture": "#0"},
				"up": {"uv": [8, 0, 9, 8], "texture": "#0"},
				"down": {"uv": [8, 0, 9, 8], "texture": "#0"}
			}
		},
		{
			"from": [12, 1, 4],
			"to": [13, 7, 12],
			"faces": {
				"north": {"uv": [8, 8, 9, 14], "texture": "#0"},
				"east": {"uv": [0, 8, 8, 14], "texture": "#0"},
				"south": {"uv": [8, 8, 9, 14], "texture": "#0"},
				"west": {"uv": [0, 8, 8, 14], "texture": "#0"},
				"up": {"uv": [8, 0, 9, 8], "texture": "#0"},
				"down": {"uv": [8, 0, 9, 8], "texture": "#0"}
			}
		},
		{
			"from": [4.05, 1.05, 4.05],
			"to": [11.95, 6.95, 11.95],
			"faces": {
				"north": {"uv": [0, 4, 16, 16], "texture": "#1", "tintindex": 0},
				"east": {"uv": [0, 4, 16, 16], "texture": "#1", "tintindex": 0},
				"south": {"uv": [0, 4, 16, 16], "texture": "#1", "tintindex": 0},
				"west": {"uv": [0, 4, 16, 16], "texture": "#1", "tintindex": 0},
				"up": {"uv": [0, 4, 16, 16], "texture": "#1", "tintindex": 0},
				"down": {"uv": [0, 4, 16, 16], "texture": "#1", "tintindex": 0}
			}
		},
		{
			"from": [4, 7, 4],
			"to": [12, 8, 12],
			"faces": {
				"north": {"uv": [8, 0, 9, 8], "rotation": 90, "texture": "#0"},
				"east": {"uv": [8, 0, 9, 8], "rotation": 90, "texture": "#0"},
				"south": {"uv": [8, 0, 9, 8], "rotation": 90, "texture": "#0"},
				"west": {"uv": [8, 0, 9, 8], "rotation": 90, "texture": "#0"},
				"up": {"uv": [0, 0, 8, 8], "rotation": 90, "texture": "#0"},
				"down": {"uv": [0, 0, 8, 8], "rotation": 90, "texture": "#0"}
			}
		}
	],
	"display": {
		"thirdperson_righthand": {
			"rotation": [65, 0, 0],
			"translation": [0, 0, 0.25],
			"scale": [0.6, 0.6, 0.6]
		},
		"thirdperson_lefthand": {
			"rotation": [65, 0, 0],
			"translation": [0, 0, 0.25],
			"scale": [0.6, 0.6, 0.6]
		},
		"firstperson_righthand": {
			"rotation": [0, 45, -60],
			"translation": [0, 2, 0],
			"scale": [0.7, 0.7, 0.7]
		},
		"firstperson_lefthand": {
			"rotation": [0, 45, -60],
			"translation": [0, 2, 0],
			"scale": [0.7, 0.7, 0.7]
		},
		"ground": {
			"translation": [0, 3, 0],
			"scale": [0.7, 0.7, 0.7]
		},
		"gui": {
			"rotation": [15, -25, 0],
			"translation": [0, 3.5, 0]
		},
		"head": {
			"translation": [0, 14.25, 0]
		},
		"fixed": {
			"translation": [0, 3, -2]
		}
	},
	"groups": [
		{
			"name": "dragon_breath",
			"children": [0, 1, 2, 3, 4, 5, 6]
		}
	]
}