{
	"credit": "Made with Blockbench",
	"parent": "block/block",
	"textures": {
		"0": "item/potion/experience_bottle",
		"2": "block/oak_planks",
		"3": "item/potion/experience_light"
	},
	"elements": [
		{
			"from": [5, 0, 4],
			"to": [11, 1, 12],
			"faces": {
				"north": {"uv": [8, 8, 9, 14], "rotation": 90, "texture": "#0"},
				"east": {"uv": [8, 0, 9, 8], "rotation": 90, "texture": "#0"},
				"south": {"uv": [8, 8, 9, 14], "rotation": 90, "texture": "#0"},
				"west": {"uv": [8, 0, 9, 8], "rotation": 90, "texture": "#0"},
				"up": {"uv": [0, 8, 8, 14], "rotation": 90, "texture": "#0"},
				"down": {"uv": [0, 8, 8, 14], "rotation": 90, "texture": "#0"}
			}
		},
		{
			"from": [5, 1, 3],
			"to": [11, 9, 4],
			"faces": {
				"north": {"uv": [0, 8, 8, 14], "rotation": 90, "texture": "#0"},
				"east": {"uv": [8, 0, 9, 8], "texture": "#0"},
				"south": {"uv": [0, 8, 8, 14], "rotation": 90, "texture": "#0"},
				"west": {"uv": [8, 0, 9, 8], "texture": "#0"},
				"up": {"uv": [8, 8, 9, 14], "rotation": 90, "texture": "#0"},
				"down": {"uv": [8, 8, 9, 14], "rotation": 90, "texture": "#0"}
			}
		},
		{
			"from": [11, 1, 4],
			"to": [12, 9, 12],
			"faces": {
				"north": {"uv": [8, 0, 9, 8], "texture": "#0"},
				"east": {"uv": [0, 0, 8, 8], "rotation": 90, "texture": "#0"},
				"south": {"uv": [8, 0, 9, 8], "texture": "#0"},
				"west": {"uv": [0, 0, 8, 8], "texture": "#0"},
				"up": {"uv": [8, 0, 9, 8], "texture": "#0"},
				"down": {"uv": [8, 0, 9, 8], "texture": "#0"}
			}
		},
		{
			"from": [5, 1, 12],
			"to": [11, 9, 13],
			"faces": {
				"north": {"uv": [0, 8, 8, 14], "rotation": 90, "texture": "#0"},
				"east": {"uv": [8, 0, 9, 8], "texture": "#0"},
				"south": {"uv": [0, 8, 8, 14], "rotation": 90, "texture": "#0"},
				"west": {"uv": [8, 0, 9, 8], "texture": "#0"},
				"up": {"uv": [8, 8, 9, 14], "rotation": 90, "texture": "#0"},
				"down": {"uv": [8, 8, 9, 14], "rotation": 90, "texture": "#0"}
			}
		},
		{
			"from": [4, 1, 4],
			"to": [5, 9, 12],
			"faces": {
				"north": {"uv": [8, 0, 9, 8], "texture": "#0"},
				"east": {"uv": [0, 0, 8, 8], "rotation": 90, "texture": "#0"},
				"south": {"uv": [8, 0, 9, 8], "texture": "#0"},
				"west": {"uv": [0, 0, 8, 8], "texture": "#0"},
				"up": {"uv": [8, 0, 9, 8], "texture": "#0"},
				"down": {"uv": [8, 0, 9, 8], "texture": "#0"}
			}
		},
		{
			"from": [5, 9, 4],
			"to": [11, 10, 12],
			"faces": {
				"north": {"uv": [8, 8, 9, 14], "rotation": 90, "texture": "#0"},
				"east": {"uv": [8, 0, 9, 8], "rotation": 90, "texture": "#0"},
				"south": {"uv": [8, 8, 9, 14], "rotation": 90, "texture": "#0"},
				"west": {"uv": [8, 0, 9, 8], "rotation": 90, "texture": "#0"},
				"up": {"uv": [0, 8, 8, 14], "rotation": 90, "texture": "#0"},
				"down": {"uv": [0, 8, 8, 14], "rotation": 90, "texture": "#0"}
			}
		},
		{
			"from": [7.5, 12.25, 3.5],
			"to": [8.5, 13.25, 12.5],
			"rotation": {"angle": -22.5, "axis": "y", "origin": [8, 13.5, 8]},
			"faces": {
				"north": {"uv": [0, 14.5, 1, 15.5], "texture": "#0"},
				"east": {"uv": [0, 14.5, 9, 15.5], "texture": "#0"},
				"south": {"uv": [8, 14.5, 9, 15.5], "texture": "#0"},
				"west": {"uv": [0, 14.5, 9, 15.5], "texture": "#0"},
				"up": {"uv": [0, 14.5, 9, 15.5], "rotation": 270, "texture": "#0"},
				"down": {"uv": [0, 14.5, 9, 15.5], "rotation": 90, "texture": "#0"}
			}
		},
		{
			"from": [5, 10, 4],
			"to": [11, 10.25, 12],
			"faces": {
				"north": {"uv": [1, 0, 13, 0.5], "texture": "#2"},
				"east": {"uv": [0, 0, 16, 0.5], "texture": "#2"},
				"south": {"uv": [1, 0, 13, 0.5], "texture": "#2"},
				"west": {"uv": [0, 0, 16, 0.5], "texture": "#2"},
				"up": {"uv": [0, 0, 16, 12], "rotation": 90, "texture": "#2"},
				"down": {"uv": [0, 0, 16, 12], "rotation": 90, "texture": "#2"}
			}
		},
		{
			"from": [7.5, 10.25, 7.5],
			"to": [8.5, 12.25, 8.5],
			"faces": {
				"north": {"uv": [12, 14, 13, 16], "texture": "#0"},
				"east": {"uv": [12, 14, 13, 16], "texture": "#0"},
				"south": {"uv": [12, 14, 13, 16], "texture": "#0"},
				"west": {"uv": [12, 14, 13, 16], "texture": "#0"},
				"up": {"uv": [13, 13, 14, 14], "texture": "#0"},
				"down": {"uv": [13, 13, 14, 14], "texture": "#0"}
			}
		},
		{
			"from": [5.5, 2.5, 4.25],
			"to": [8, 8, 6.75],
			"rotation": {"angle": 45, "axis": "y", "origin": [7, 5.5, 5.5]},
			"faces": {
				"north": {"uv": [9, 2.5, 11.5, 8], "texture": "#0"},
				"east": {"uv": [9, 2.5, 11.5, 8], "texture": "#0"},
				"south": {"uv": [9, 2.5, 11.5, 8], "texture": "#0"},
				"west": {"uv": [9, 2.5, 11.5, 8], "texture": "#0"},
				"up": {"uv": [9, 0, 11.5, 2.5], "texture": "#0"},
				"down": {"uv": [9, 0, 11.5, 2.5], "texture": "#0"}
			}
		},
		{
			"from": [8, 2, 4.25],
			"to": [10.5, 7.5, 6.75],
			"rotation": {"angle": -22.5, "axis": "y", "origin": [9.5, 5, 5.5]},
			"faces": {
				"north": {"uv": [9, 10.5, 11.5, 16], "texture": "#0"},
				"east": {"uv": [9, 10.5, 11.5, 16], "texture": "#0"},
				"south": {"uv": [9, 10.5, 11.5, 16], "texture": "#0"},
				"west": {"uv": [9, 10.5, 11.5, 16], "texture": "#0"},
				"up": {"uv": [9, 8, 11.5, 10.5], "texture": "#0"},
				"down": {"uv": [9, 8, 11.5, 10.5], "texture": "#0"}
			}
		},
		{
			"from": [8, 2.5, 9.25],
			"to": [10.5, 8, 11.75],
			"rotation": {"angle": 22.5, "axis": "y", "origin": [9.5, 5.5, 10.5]},
			"faces": {
				"north": {"uv": [11.5, 2.5, 14, 8], "texture": "#0"},
				"east": {"uv": [11.5, 2.5, 14, 8], "texture": "#0"},
				"south": {"uv": [11.5, 2.5, 14, 8], "texture": "#0"},
				"west": {"uv": [11.5, 2.5, 14, 8], "texture": "#0"},
				"up": {"uv": [11.5, 0, 14, 2.5], "texture": "#0"},
				"down": {"uv": [11.5, 0, 14, 2.5], "texture": "#0"}
			}
		},
		{
			"from": [5.5, 2.25, 9.25],
			"to": [8, 7.75, 11.75],
			"rotation": {"angle": 45, "axis": "y", "origin": [7, 5, 10.5]},
			"faces": {
				"north": {"uv": [9, 10.5, 11.5, 16], "texture": "#0"},
				"east": {"uv": [9, 10.5, 11.5, 16], "texture": "#0"},
				"south": {"uv": [9, 10.5, 11.5, 16], "texture": "#0"},
				"west": {"uv": [9, 10.5, 11.5, 16], "texture": "#0"},
				"up": {"uv": [9, 8, 11.5, 10.5], "texture": "#0"},
				"down": {"uv": [9, 8, 11.5, 10.5], "texture": "#0"}
			}
		},
		{
			"from": [8, 2.25, 6.75],
			"to": [10.5, 7.75, 9.25],
			"rotation": {"angle": 45, "axis": "y", "origin": [9.5, 5.5, 8]},
			"faces": {
				"north": {"uv": [9, 2.5, 11.5, 8], "texture": "#0"},
				"east": {"uv": [9, 2.5, 11.5, 8], "texture": "#0"},
				"south": {"uv": [9, 2.5, 11.5, 8], "texture": "#0"},
				"west": {"uv": [9, 2.5, 11.5, 8], "texture": "#0"},
				"up": {"uv": [9, 0, 11.5, 2.5], "texture": "#0"},
				"down": {"uv": [9, 0, 11.5, 2.5], "texture": "#0"}
			}
		},
		{
			"from": [5.5, 2, 6.75],
			"to": [8, 7.5, 9.25],
			"faces": {
				"north": {"uv": [11.5, 2.5, 14, 8], "texture": "#0"},
				"east": {"uv": [11.5, 2.5, 14, 8], "texture": "#0"},
				"south": {"uv": [11.5, 2.5, 14, 8], "texture": "#0"},
				"west": {"uv": [11.5, 2.5, 14, 8], "texture": "#0"},
				"up": {"uv": [11.5, 0, 14, 2.5], "texture": "#0"},
				"down": {"uv": [11.5, 0, 14, 2.5], "texture": "#0"}
			}
		},
		{
			"name": "light",
			"from": [10, 10.5, 11],
			"to": [10.5, 12.5, 11.5],
			"faces": {
				"north": {"uv": [0, 0, 2, 16], "texture": "#3", "cullface": "up"},
				"east": {"uv": [0, 0, 2, 16], "texture": "#3", "cullface": "up"},
				"south": {"uv": [0, 0, 2, 16], "texture": "#3", "cullface": "up"},
				"west": {"uv": [0, 0, 2, 16], "texture": "#3", "cullface": "up"},
				"up": {"uv": [0, 0, 2, 2], "texture": "#3", "cullface": "up"}
			}
		},
		{
			"name": "light",
			"from": [7.75, 10.5, 11],
			"to": [8.25, 12.5, 11.5],
			"faces": {
				"north": {"uv": [4, 0, 6, 16], "texture": "#3", "cullface": "up"},
				"east": {"uv": [4, 0, 6, 16], "texture": "#3", "cullface": "up"},
				"south": {"uv": [4, 0, 6, 16], "texture": "#3", "cullface": "up"},
				"west": {"uv": [4, 0, 6, 16], "texture": "#3", "cullface": "up"},
				"up": {"uv": [4, 0, 6, 2], "texture": "#3", "cullface": "up"}
			}
		},
		{
			"name": "light",
			"from": [5.5, 10.5, 11],
			"to": [6, 12.5, 11.5],
			"faces": {
				"north": {"uv": [8, 0, 10, 16], "texture": "#3", "cullface": "up"},
				"east": {"uv": [8, 0, 10, 16], "texture": "#3", "cullface": "up"},
				"south": {"uv": [8, 0, 10, 16], "texture": "#3", "cullface": "up"},
				"west": {"uv": [8, 0, 10, 16], "texture": "#3", "cullface": "up"},
				"up": {"uv": [8, 0, 10, 2], "texture": "#3", "cullface": "up"}
			}
		},
		{
			"name": "light",
			"from": [5.5, 10.5, 7.5],
			"to": [6, 12.5, 8],
			"faces": {
				"north": {"uv": [12, 0, 14, 16], "texture": "#3", "cullface": "up"},
				"east": {"uv": [12, 0, 14, 16], "texture": "#3", "cullface": "up"},
				"south": {"uv": [12, 0, 14, 16], "texture": "#3", "cullface": "up"},
				"west": {"uv": [12, 0, 14, 16], "texture": "#3", "cullface": "up"},
				"up": {"uv": [12, 0, 14, 2], "texture": "#3", "cullface": "up"}
			}
		},
		{
			"name": "light",
			"from": [5.5, 10.5, 4],
			"to": [6, 12.5, 4.5],
			"faces": {
				"north": {"uv": [0, 0, 2, 16], "texture": "#3", "cullface": "up"},
				"east": {"uv": [0, 0, 2, 16], "texture": "#3", "cullface": "up"},
				"south": {"uv": [0, 0, 2, 16], "texture": "#3", "cullface": "up"},
				"west": {"uv": [0, 0, 2, 16], "texture": "#3", "cullface": "up"},
				"up": {"uv": [0, 0, 2, 2], "texture": "#3", "cullface": "up"}
			}
		},
		{
			"name": "light",
			"from": [7.75, 10.5, 4],
			"to": [8.25, 12.5, 4.5],
			"faces": {
				"north": {"uv": [4, 0, 6, 16], "texture": "#3", "cullface": "up"},
				"east": {"uv": [4, 0, 6, 16], "texture": "#3", "cullface": "up"},
				"south": {"uv": [4, 0, 6, 16], "texture": "#3", "cullface": "up"},
				"west": {"uv": [4, 0, 6, 16], "texture": "#3", "cullface": "up"},
				"up": {"uv": [4, 0, 6, 2], "texture": "#3", "cullface": "up"}
			}
		},
		{
			"name": "light",
			"from": [10, 10.5, 4],
			"to": [10.5, 12.5, 4.5],
			"faces": {
				"north": {"uv": [8, 0, 10, 16], "texture": "#3", "cullface": "up"},
				"east": {"uv": [8, 0, 10, 16], "texture": "#3", "cullface": "up"},
				"south": {"uv": [8, 0, 10, 16], "texture": "#3", "cullface": "up"},
				"west": {"uv": [8, 0, 10, 16], "texture": "#3", "cullface": "up"},
				"up": {"uv": [8, 0, 10, 2], "texture": "#3", "cullface": "up"}
			}
		},
		{
			"name": "light",
			"from": [10, 10.5, 7.5],
			"to": [10.5, 12.5, 8],
			"faces": {
				"north": {"uv": [12, 0, 14, 16], "texture": "#3", "cullface": "up"},
				"east": {"uv": [12, 0, 14, 16], "texture": "#3", "cullface": "up"},
				"south": {"uv": [12, 0, 14, 16], "texture": "#3", "cullface": "up"},
				"west": {"uv": [12, 0, 14, 16], "texture": "#3", "cullface": "up"},
				"up": {"uv": [12, 0, 14, 2], "texture": "#3", "cullface": "up"}
			}
		},
		{
			"name": "light",
			"from": [10, 10.5, 5.75],
			"to": [10.5, 12.5, 6.25],
			"faces": {
				"north": {"uv": [10, 0, 12, 16], "texture": "#3", "cullface": "up"},
				"east": {"uv": [10, 0, 12, 16], "texture": "#3", "cullface": "up"},
				"south": {"uv": [10, 0, 12, 16], "texture": "#3", "cullface": "up"},
				"west": {"uv": [10, 0, 12, 16], "texture": "#3", "cullface": "up"},
				"up": {"uv": [10, 0, 12, 2], "texture": "#3", "cullface": "up"}
			}
		},
		{
			"name": "light",
			"from": [10, 10.5, 9.25],
			"to": [10.5, 12.5, 9.75],
			"faces": {
				"north": {"uv": [14, 0, 16, 16], "texture": "#3", "cullface": "up"},
				"east": {"uv": [14, 0, 16, 16], "texture": "#3", "cullface": "up"},
				"south": {"uv": [14, 0, 16, 16], "texture": "#3", "cullface": "up"},
				"west": {"uv": [14, 0, 16, 16], "texture": "#3", "cullface": "up"},
				"up": {"uv": [14, 0, 16, 2], "texture": "#3", "cullface": "up"}
			}
		},
		{
			"name": "light",
			"from": [5.5, 10.5, 9.25],
			"to": [6, 12.5, 9.75],
			"faces": {
				"north": {"uv": [10, 0, 12, 16], "texture": "#3", "cullface": "up"},
				"east": {"uv": [10, 0, 12, 16], "texture": "#3", "cullface": "up"},
				"south": {"uv": [10, 0, 12, 16], "texture": "#3", "cullface": "up"},
				"west": {"uv": [10, 0, 12, 16], "texture": "#3", "cullface": "up"},
				"up": {"uv": [10, 0, 12, 2], "texture": "#3", "cullface": "up"}
			}
		},
		{
			"name": "light",
			"from": [5.5, 10.5, 5.875],
			"to": [6, 12.5, 6.375],
			"faces": {
				"north": {"uv": [14, 0, 16, 16], "texture": "#3", "cullface": "up"},
				"east": {"uv": [14, 0, 16, 16], "texture": "#3", "cullface": "up"},
				"south": {"uv": [14, 0, 16, 16], "texture": "#3", "cullface": "up"},
				"west": {"uv": [14, 0, 16, 16], "texture": "#3", "cullface": "up"},
				"up": {"uv": [14, 0, 16, 2], "texture": "#3", "cullface": "up"}
			}
		},
		{
			"name": "light",
			"from": [6.625, 10.5, 4],
			"to": [7.125, 12.5, 4.5],
			"faces": {
				"north": {"uv": [2, 0, 4, 16], "texture": "#3", "cullface": "up"},
				"east": {"uv": [2, 0, 4, 16], "texture": "#3", "cullface": "up"},
				"south": {"uv": [2, 0, 4, 16], "texture": "#3", "cullface": "up"},
				"west": {"uv": [2, 0, 4, 16], "texture": "#3", "cullface": "up"},
				"up": {"uv": [2, 0, 4, 2], "texture": "#3", "cullface": "up"}
			}
		},
		{
			"name": "light",
			"from": [8.875, 10.5, 4],
			"to": [9.375, 12.5, 4.5],
			"faces": {
				"north": {"uv": [6, 0, 8, 16], "texture": "#3", "cullface": "up"},
				"east": {"uv": [6, 0, 8, 16], "texture": "#3", "cullface": "up"},
				"south": {"uv": [6, 0, 8, 16], "texture": "#3", "cullface": "up"},
				"west": {"uv": [6, 0, 8, 16], "texture": "#3", "cullface": "up"},
				"up": {"uv": [6, 0, 8, 2], "texture": "#3", "cullface": "up"}
			}
		},
		{
			"name": "light",
			"from": [8.875, 10.5, 11],
			"to": [9.375, 12.5, 11.5],
			"faces": {
				"north": {"uv": [2, 0, 4, 16], "texture": "#3", "cullface": "up"},
				"east": {"uv": [2, 0, 4, 16], "texture": "#3", "cullface": "up"},
				"south": {"uv": [2, 0, 4, 16], "texture": "#3", "cullface": "up"},
				"west": {"uv": [2, 0, 4, 16], "texture": "#3", "cullface": "up"},
				"up": {"uv": [2, 0, 4, 2], "texture": "#3", "cullface": "up"}
			}
		},
		{
			"name": "light",
			"from": [6.625, 10.5, 11],
			"to": [7.125, 12.5, 11.5],
			"faces": {
				"north": {"uv": [6, 0, 8, 16], "texture": "#3", "cullface": "up"},
				"east": {"uv": [6, 0, 8, 16], "texture": "#3", "cullface": "up"},
				"south": {"uv": [6, 0, 8, 16], "texture": "#3", "cullface": "up"},
				"west": {"uv": [6, 0, 8, 16], "texture": "#3", "cullface": "up"},
				"up": {"uv": [6, 0, 8, 2], "texture": "#3", "cullface": "up"}
			}
		}
	],
	"display": {
		"thirdperson_righthand": {
			"rotation": [90, 22.5, 0],
			"translation": [0, -2, -2.75],
			"scale": [0.7, 0.7, 0.7]
		},
		"thirdperson_lefthand": {
			"rotation": [90, -22.5, 0],
			"translation": [0, -2, -2.75],
			"scale": [0.7, 0.7, 0.7]
		},
		"firstperson_righthand": {
			"rotation": [30, 10, -25],
			"translation": [2.5, 2, 0],
			"scale": [0.7, 0.7, 0.7]
		},
		"firstperson_lefthand": {
			"rotation": [30, 10, -25],
			"translation": [2.5, 2, 0],
			"scale": [0.7, 0.7, 0.7]
		},
		"ground": {
			"rotation": [0, 45, 0],
			"translation": [0, 3, 0],
			"scale": [0.7, 0.7, 0.7]
		},
		"gui": {
			"rotation": [32, 120, 0],
			"translation": [0, 1.5, 0]
		},
		"head": {
			"rotation": [0, 40, 0],
			"translation": [0, 14, 0]
		},
		"fixed": {
			"rotation": [-16, 90, 0],
			"translation": [0, 0, -2]
		}
	},
	"groups": [0, 1, 2, 3, 4, 5, 6, 7, 8, 9, 10, 11, 12, 13, 14,
		{
			"name": "beacon",
			"children": [15, 16, 17, 18, 19, 20, 21, 22, 23, 24, 25, 26, 27, 28, 29, 30]
		}
	]
}