{
	"credit": "Made with Blockbench",
	"textures": {
		"0": "item/potion/lingering_potion",
		"1": "item/potion/potion_overlay",
		"2": "item/potion/led_light",
		"particle": "item/potion/lingering_potion"
	},
	"elements": [
		{
			"from": [5, 1, 5],
			"to": [11, 9, 6],
			"faces": {
				"north": {"uv": [0, 8, 8, 14], "rotation": 90, "texture": "#0"},
				"east": {"uv": [8, 0, 9, 8], "rotation": 180, "texture": "#0"},
				"south": {"uv": [0, 8, 8, 14], "rotation": 90, "texture": "#0"},
				"west": {"uv": [8, 0, 9, 8], "texture": "#0"},
				"up": {"uv": [8, 8, 9, 14], "rotation": 90, "texture": "#0"},
				"down": {"uv": [8, 8, 9, 14], "rotation": 90, "texture": "#0"}
			}
		},
		{
			"from": [5.05, 1.05, 6.05],
			"to": [10.95, 8.95, 11.95],
			"faces": {
				"north": {"uv": [0, 8, 8, 14], "rotation": 270, "texture": "#1", "tintindex": 0},
				"east": {"uv": [0, 0, 8, 8], "texture": "#1", "tintindex": 0},
				"south": {"uv": [0, 8, 8, 14], "rotation": 90, "texture": "#1", "tintindex": 0},
				"west": {"uv": [0, 0, 8, 8], "texture": "#1", "tintindex": 0},
				"up": {"uv": [0, 8, 8, 14], "rotation": 90, "texture": "#1", "tintindex": 0},
				"down": {"uv": [0, 8, 8, 14], "rotation": 90, "texture": "#1", "tintindex": 0}
			}
		},
		{
			"from": [5, 1, 12],
			"to": [11, 9, 13],
			"faces": {
				"north": {"uv": [0, 8, 8, 14], "rotation": 90, "texture": "#0"},
				"east": {"uv": [8, 0, 9, 8], "texture": "#0"},
				"south": {"uv": [0, 8, 8, 14], "rotation": 90, "texture": "#0"},
				"west": {"uv": [8, 0, 9, 8], "texture": "#0"},
				"up": {"uv": [8, 8, 9, 14], "rotation": 90, "texture": "#0"},
				"down": {"uv": [8, 8, 9, 14], "rotation": 90, "texture": "#0"}
			}
		},
		{
			"from": [5, 9, 6],
			"to": [11, 10, 12],
			"faces": {
				"north": {"uv": [9, 8, 10, 14], "rotation": 90, "texture": "#0"},
				"east": {"uv": [9, 8, 10, 14], "rotation": 90, "texture": "#0"},
				"south": {"uv": [9, 8, 10, 14], "rotation": 90, "texture": "#0"},
				"west": {"uv": [9, 8, 10, 14], "rotation": 90, "texture": "#0"},
				"up": {"uv": [10, 8, 16, 14], "rotation": 90, "texture": "#0"},
				"down": {"uv": [10, 8, 16, 14], "rotation": 90, "texture": "#0"}
			}
		},
		{
			"from": [6, 9, 12],
			"to": [7, 10, 13],
			"faces": {
				"north": {"uv": [0, 0, 8, 8], "texture": "#2", "tintindex": 0},
				"east": {"uv": [0, 0, 8, 8], "texture": "#2", "tintindex": 0},
				"south": {"uv": [0, 0, 8, 8], "texture": "#2", "tintindex": 0},
				"west": {"uv": [0, 0, 8, 8], "texture": "#2", "tintindex": 0},
				"up": {"uv": [0, 0, 8, 8], "texture": "#2", "tintindex": 0},
				"down": {"uv": [0, 0, 8, 8], "texture": "#2", "tintindex": 0}
			}
		},
		{
			"from": [9, 9, 12],
			"to": [10, 10, 13],
			"faces": {
				"north": {"uv": [0, 0, 8, 8], "texture": "#2", "tintindex": 0},
				"east": {"uv": [0, 0, 8, 8], "texture": "#2", "tintindex": 0},
				"south": {"uv": [0, 0, 8, 8], "texture": "#2", "tintindex": 0},
				"west": {"uv": [0, 0, 8, 8], "texture": "#2", "tintindex": 0},
				"up": {"uv": [0, 0, 8, 8], "texture": "#2", "tintindex": 0},
				"down": {"uv": [0, 0, 8, 8], "texture": "#2", "tintindex": 0}
			}
		},
		{
			"from": [11, 9, 8.5],
			"to": [12, 10, 9.5],
			"faces": {
				"north": {"uv": [0, 0, 8, 8], "texture": "#2", "tintindex": 0},
				"east": {"uv": [0, 0, 8, 8], "texture": "#2", "tintindex": 0},
				"south": {"uv": [0, 0, 8, 8], "texture": "#2", "tintindex": 0},
				"west": {"uv": [0, 0, 8, 8], "texture": "#2", "tintindex": 0},
				"up": {"uv": [0, 0, 8, 8], "texture": "#2", "tintindex": 0},
				"down": {"uv": [0, 0, 8, 8], "texture": "#2", "tintindex": 0}
			}
		},
		{
			"from": [5, 0, 6],
			"to": [11, 1, 12],
			"faces": {
				"north": {"uv": [9, 8, 10, 14], "rotation": 90, "texture": "#0"},
				"east": {"uv": [9, 8, 10, 14], "rotation": 90, "texture": "#0"},
				"south": {"uv": [9, 8, 10, 14], "rotation": 90, "texture": "#0"},
				"west": {"uv": [9, 8, 10, 14], "rotation": 90, "texture": "#0"},
				"up": {"uv": [10, 8, 16, 14], "rotation": 90, "texture": "#0"},
				"down": {"uv": [10, 8, 16, 14], "rotation": 90, "texture": "#0"}
			}
		},
		{
			"from": [4, 1, 6],
			"to": [5, 9, 12],
			"faces": {
				"north": {"uv": [8, 8, 9, 14], "rotation": 180, "texture": "#0"},
				"east": {"uv": [0, 8, 8, 14], "rotation": 90, "texture": "#0"},
				"south": {"uv": [8, 8, 9, 14], "texture": "#0"},
				"west": {"uv": [0, 8, 8, 14], "rotation": 90, "texture": "#0"},
				"up": {"uv": [8, 8, 9, 14], "texture": "#0"},
				"down": {"uv": [8, 8, 9, 14], "texture": "#0"}
			}
		},
		{
			"from": [11, 1, 6],
			"to": [12, 9, 12],
			"faces": {
				"north": {"uv": [8, 8, 9, 14], "rotation": 180, "texture": "#0"},
				"east": {"uv": [0, 8, 8, 14], "rotation": 90, "texture": "#0"},
				"south": {"uv": [8, 8, 9, 14], "texture": "#0"},
				"west": {"uv": [0, 8, 8, 14], "rotation": 90, "texture": "#0"},
				"up": {"uv": [8, 8, 9, 14], "texture": "#0"},
				"down": {"uv": [8, 8, 9, 14], "texture": "#0"}
			}
		},
		{
			"from": [4, 9, 8.5],
			"to": [5, 10, 9.5],
			"faces": {
				"north": {"uv": [0, 0, 8, 8], "texture": "#2", "tintindex": 0},
				"east": {"uv": [0, 0, 8, 8], "texture": "#2", "tintindex": 0},
				"south": {"uv": [0, 0, 8, 8], "texture": "#2", "tintindex": 0},
				"west": {"uv": [0, 0, 8, 8], "texture": "#2", "tintindex": 0},
				"up": {"uv": [0, 0, 8, 8], "texture": "#2", "tintindex": 0},
				"down": {"uv": [0, 0, 8, 8], "texture": "#2", "tintindex": 0}
			}
		},
		{
			"from": [4, 9, 7],
			"to": [5, 10, 8],
			"faces": {
				"north": {"uv": [8, 0, 16, 8], "texture": "#2", "tintindex": 0},
				"east": {"uv": [8, 0, 16, 8], "texture": "#2", "tintindex": 0},
				"south": {"uv": [8, 0, 16, 8], "texture": "#2", "tintindex": 0},
				"west": {"uv": [8, 0, 16, 8], "texture": "#2", "tintindex": 0},
				"up": {"uv": [8, 0, 16, 8], "texture": "#2", "tintindex": 0},
				"down": {"uv": [8, 0, 16, 8], "texture": "#2", "tintindex": 0}
			}
		},
		{
			"from": [6, 9, 5],
			"to": [7, 10, 6],
			"faces": {
				"north": {"uv": [0, 0, 8, 8], "texture": "#2", "tintindex": 0},
				"east": {"uv": [0, 0, 8, 8], "texture": "#2", "tintindex": 0},
				"south": {"uv": [0, 0, 8, 8], "texture": "#2", "tintindex": 0},
				"west": {"uv": [0, 0, 8, 8], "texture": "#2", "tintindex": 0},
				"up": {"uv": [0, 0, 8, 8], "texture": "#2", "tintindex": 0},
				"down": {"uv": [0, 0, 8, 8], "texture": "#2", "tintindex": 0}
			}
		},
		{
			"from": [7.5, 9, 5],
			"to": [8.5, 10, 6],
			"faces": {
				"north": {"uv": [8, 0, 16, 8], "texture": "#2", "tintindex": 0},
				"east": {"uv": [8, 0, 16, 8], "texture": "#2", "tintindex": 0},
				"south": {"uv": [8, 0, 16, 8], "texture": "#2", "tintindex": 0},
				"west": {"uv": [8, 0, 16, 8], "texture": "#2", "tintindex": 0},
				"up": {"uv": [8, 0, 16, 8], "texture": "#2", "tintindex": 0},
				"down": {"uv": [8, 0, 16, 8], "texture": "#2", "tintindex": 0}
			}
		},
		{
			"from": [9, 9, 5],
			"to": [10, 10, 6],
			"faces": {
				"north": {"uv": [0, 0, 8, 8], "texture": "#2", "tintindex": 0},
				"east": {"uv": [0, 0, 8, 8], "texture": "#2", "tintindex": 0},
				"south": {"uv": [0, 0, 8, 8], "texture": "#2", "tintindex": 0},
				"west": {"uv": [0, 0, 8, 8], "texture": "#2", "tintindex": 0},
				"up": {"uv": [0, 0, 8, 8], "texture": "#2", "tintindex": 0},
				"down": {"uv": [0, 0, 8, 8], "texture": "#2", "tintindex": 0}
			}
		},
		{
			"from": [4, 9, 10],
			"to": [5, 10, 11],
			"faces": {
				"north": {"uv": [8, 0, 16, 8], "texture": "#2", "tintindex": 0},
				"east": {"uv": [8, 0, 16, 8], "texture": "#2", "tintindex": 0},
				"south": {"uv": [8, 0, 16, 8], "texture": "#2", "tintindex": 0},
				"west": {"uv": [8, 0, 16, 8], "texture": "#2", "tintindex": 0},
				"up": {"uv": [8, 0, 16, 8], "texture": "#2", "tintindex": 0},
				"down": {"uv": [8, 0, 16, 8], "texture": "#2", "tintindex": 0}
			}
		},
		{
			"from": [11, 9, 10],
			"to": [12, 10, 11],
			"faces": {
				"north": {"uv": [8, 0, 16, 8], "texture": "#2", "tintindex": 0},
				"east": {"uv": [8, 0, 16, 8], "texture": "#2", "tintindex": 0},
				"south": {"uv": [8, 0, 16, 8], "texture": "#2", "tintindex": 0},
				"west": {"uv": [8, 0, 16, 8], "texture": "#2", "tintindex": 0},
				"up": {"uv": [8, 0, 16, 8], "texture": "#2", "tintindex": 0},
				"down": {"uv": [8, 0, 16, 8], "texture": "#2", "tintindex": 0}
			}
		},
		{
			"from": [11, 9, 7],
			"to": [12, 10, 8],
			"faces": {
				"north": {"uv": [8, 0, 16, 8], "texture": "#2", "tintindex": 0},
				"east": {"uv": [8, 0, 16, 8], "texture": "#2", "tintindex": 0},
				"south": {"uv": [8, 0, 16, 8], "texture": "#2", "tintindex": 0},
				"west": {"uv": [8, 0, 16, 8], "texture": "#2", "tintindex": 0},
				"up": {"uv": [8, 0, 16, 8], "texture": "#2", "tintindex": 0},
				"down": {"uv": [8, 0, 16, 8], "texture": "#2", "tintindex": 0}
			}
		},
		{
			"from": [7.5, 9, 12],
			"to": [8.5, 10, 13],
			"faces": {
				"north": {"uv": [8, 0, 16, 8], "texture": "#2", "tintindex": 0},
				"east": {"uv": [8, 0, 16, 8], "texture": "#2", "tintindex": 0},
				"south": {"uv": [8, 0, 16, 8], "texture": "#2", "tintindex": 0},
				"west": {"uv": [8, 0, 16, 8], "texture": "#2", "tintindex": 0},
				"up": {"uv": [8, 0, 16, 8], "texture": "#2", "tintindex": 0},
				"down": {"uv": [8, 0, 16, 8], "texture": "#2", "tintindex": 0}
			}
		}
	],
	"display": {
		"thirdperson_righthand": {
			"translation": [0, 0, -2],
			"scale": [0.7, 0.7, 0.7]
		},
		"thirdperson_lefthand": {
			"translation": [0, 0, -2],
			"scale": [0.7, 0.7, 0.7]
		},
		"firstperson_righthand": {
			"rotation": [10, 16, -17],
			"translation": [3, 3, 0],
			"scale": [0.7, 0.7, 0.7]
		},
		"firstperson_lefthand": {
			"rotation": [10, 16, -17],
			"translation": [3, 3, 0],
			"scale": [0.7, 0.7, 0.7]
		},
		"ground": {
			"rotation": [0, 40, 0],
			"translation": [0, 3, 0],
			"scale": [0.7, 0.7, 0.7]
		},
		"gui": {
			"rotation": [172, -41, 53],
			"translation": [-1, -1.5, 0]
		},
		"head": {
			"translation": [0, 14.25, 0]
		},
		"fixed": {
			"rotation": [-16, 0, 0],
			"translation": [0, 2, -2]
		}
	}
}