{
	"credit": "Made with Blockbench",
	"textures": {
		"0": "item/potion/potion",
		"1": "item/potion/potion_overlay",
		"particle": "item/potion/potion"
	},
	"elements": [
		{
			"from": [4, 0, 4],
			"to": [12, 1, 12],
			"faces": {
				"north": {"uv": [8, 0, 9, 8], "rotation": 90, "texture": "#0"},
				"east": {"uv": [8, 0, 9, 8], "rotation": 90, "texture": "#0"},
				"south": {"uv": [8, 0, 9, 8], "rotation": 90, "texture": "#0"},
				"west": {"uv": [8, 0, 9, 8], "rotation": 90, "texture": "#0"},
				"up": {"uv": [0, 0, 8, 8], "rotation": 90, "texture": "#0"},
				"down": {"uv": [0, 0, 8, 8], "rotation": 90, "texture": "#0"}
			}
		},
		{
			"from": [4, 1, 3],
			"to": [12, 7, 4],
			"faces": {
				"north": {"uv": [0, 8, 8, 14], "texture": "#0"},
				"east": {"uv": [8, 8, 9, 14], "texture": "#0"},
				"south": {"uv": [0, 8, 8, 14], "texture": "#0"},
				"west": {"uv": [8, 8, 9, 14], "texture": "#0"},
				"up": {"uv": [8, 0, 9, 8], "rotation": 90, "texture": "#0"},
				"down": {"uv": [8, 0, 9, 8], "rotation": 90, "texture": "#0"}
			}
		},
		{
			"from": [4, 1, 12],
			"to": [12, 7, 13],
			"faces": {
				"north": {"uv": [0, 8, 8, 14], "texture": "#0"},
				"east": {"uv": [8, 8, 9, 14], "texture": "#0"},
				"south": {"uv": [0, 8, 8, 14], "texture": "#0"},
				"west": {"uv": [8, 8, 9, 14], "texture": "#0"},
				"up": {"uv": [8, 0, 9, 8], "rotation": 90, "texture": "#0"},
				"down": {"uv": [8, 0, 9, 8], "rotation": 90, "texture": "#0"}
			}
		},
		{
			"from": [3, 1, 4],
			"to": [4, 7, 12],
			"faces": {
				"north": {"uv": [8, 8, 9, 14], "texture": "#0"},
				"east": {"uv": [0, 8, 8, 14], "texture": "#0"},
				"south": {"uv": [8, 8, 9, 14], "texture": "#0"},
				"west": {"uv": [0, 8, 8, 14], "texture": "#0"},
				"up": {"uv": [8, 0, 9, 8], "texture": "#0"},
				"down": {"uv": [8, 0, 9, 8], "texture": "#0"}
			}
		},
		{
			"from": [12, 1, 4],
			"to": [13, 7, 12],
			"faces": {
				"north": {"uv": [8, 8, 9, 14], "texture": "#0"},
				"east": {"uv": [0, 8, 8, 14], "texture": "#0"},
				"south": {"uv": [8, 8, 9, 14], "texture": "#0"},
				"west": {"uv": [0, 8, 8, 14], "texture": "#0"},
				"up": {"uv": [8, 0, 9, 8], "texture": "#0"},
				"down": {"uv": [8, 0, 9, 8], "texture": "#0"}
			}
		},
		{
			"from": [4.05, 1.05, 4.05],
			"to": [11.95, 5.95, 11.95],
			"faces": {
				"north": {"uv": [0, 8, 8, 14], "texture": "#1", "tintindex": 0},
				"east": {"uv": [0, 8, 8, 14], "texture": "#1", "tintindex": 0},
				"south": {"uv": [0, 8, 8, 14], "texture": "#1", "tintindex": 0},
				"west": {"uv": [0, 8, 8, 14], "texture": "#1", "tintindex": 0},
				"up": {"uv": [0, 0, 8, 8], "texture": "#1", "tintindex": 0},
				"down": {"uv": [0, 0, 8, 8], "texture": "#1", "tintindex": 0}
			}
		},
		{
			"from": [8, -2, 11],
			"to": [11, 1, 11.5],
			"rotation": {"angle": 45, "axis": "z", "origin": [1.5, 1.5, 0.5]},
			"faces": {
				"north": {"uv": [14.5, 0, 16, 1.5], "texture": "#0"},
				"east": {"uv": [14.5, 1.5, 16, 1.75], "rotation": 90, "texture": "#0"},
				"south": {"uv": [14.5, 0, 16, 1.5], "texture": "#0"},
				"west": {"uv": [14.5, 1.5, 16, 1.75], "rotation": 90, "texture": "#0"},
				"up": {"uv": [14.5, 1.5, 16, 1.75], "texture": "#0"},
				"down": {"uv": [14.5, 1.5, 16, 1.75], "texture": "#0"}
			}
		},
		{
			"from": [5, 7, 0],
			"to": [5.5, 10, 3],
			"rotation": {"angle": 45, "axis": "x", "origin": [1.5, 1.5, 0.5]},
			"faces": {
				"north": {"uv": [14.5, 1.5, 16, 1.75], "rotation": 90, "texture": "#0"},
				"east": {"uv": [14.5, 0, 16, 1.5], "texture": "#0"},
				"south": {"uv": [14.5, 1.5, 16, 1.75], "rotation": 90, "texture": "#0"},
				"west": {"uv": [14.5, 0, 16, 1.5], "texture": "#0"},
				"up": {"uv": [14.5, 1.5, 16, 1.75], "rotation": 270, "texture": "#0"},
				"down": {"uv": [14.5, 1.5, 16, 1.75], "rotation": 90, "texture": "#0"}
			}
		},
		{
			"from": [4, 4, 9],
			"to": [4.5, 7, 12],
			"rotation": {"angle": 45, "axis": "y", "origin": [1.5, 1.5, 0.5]},
			"faces": {
				"north": {"uv": [14.5, 1.5, 16, 1.75], "rotation": 270, "texture": "#0"},
				"east": {"uv": [14.5, 0, 16, 1.5], "rotation": 270, "texture": "#0"},
				"south": {"uv": [14.5, 1.5, 16, 1.75], "rotation": 270, "texture": "#0"},
				"west": {"uv": [14.5, 0, 16, 1.5], "rotation": 90, "texture": "#0"},
				"up": {"uv": [14.5, 1.5, 16, 1.75], "rotation": 270, "texture": "#0"},
				"down": {"uv": [14.5, 1.5, 16, 1.75], "rotation": 90, "texture": "#0"}
			}
		}
	],
	"display": {
		"thirdperson_righthand": {
			"rotation": [65, 0, 0],
			"translation": [0, 0, 0.25],
			"scale": [0.6, 0.6, 0.6]
		},
		"thirdperson_lefthand": {
			"rotation": [65, 0, 0],
			"translation": [0, 0, 0.25],
			"scale": [0.6, 0.6, 0.6]
		},
		"firstperson_righthand": {
			"rotation": [0, 41, 0],
			"translation": [0, 2, 0]
		},
		"firstperson_lefthand": {
			"rotation": [0, 41, 0],
			"translation": [0, 2, 0]
		},
		"ground": {
			"translation": [0, 3, 0],
			"scale": [0.7, 0.7, 0.7]
		},
		"gui": {
			"rotation": [32, 32, 0],
			"translation": [0, 3.5, 0],
			"scale": [1.1, 1.1, 1.1]
		},
		"head": {
			"translation": [0, 14.25, 0]
		},
		"fixed": {
			"rotation": [-16, 0, 0],
			"translation": [0, 0, -2]
		}
	}
}