{
	"credit": "Made with Blockbench",
	"textures": {
		"0": "stockpile:block/barrel_rings",
		"1": "stockpile:block/barrel_wood",
		"2": "stockpile:block/barrel_label_only",
		"3": "stockpile:block/barrel_back",
		"particle": "stockpile:block/barrel_rings"
	},
	"elements": [
		{
			"name": "label",
			"from": [2, 2, 0],
			"to": [14, 14, 1],
			"faces": {
				"north": {"uv": [2, 2, 14, 14], "texture": "#2"},
				"east": {"uv": [2, 9, 14, 10], "rotation": 270, "texture": "#2"},
				"south": {"uv": [0, 0, 12, 12], "rotation": 270, "texture": "#2"},
				"west": {"uv": [2, 12, 14, 13], "rotation": 270, "texture": "#2"},
				"up": {"uv": [4, 2, 5, 14], "rotation": 270, "texture": "#2"},
				"down": {"uv": [0, 0, 1, 12], "rotation": 270, "texture": "#2"}
			}
		},
		{
			"name": "top",
			"from": [0, 15, 0],
			"to": [16, 16, 0.25],
			"faces": {
				"north": {"uv": [0, 0, 16, 1], "texture": "#3"},
				"east": {"uv": [0, 0, 0.5, 1], "texture": "#3"},
				"south": {"uv": [0, 15, 16, 16], "texture": "#3"},
				"west": {"uv": [15.5, 0, 16, 1], "texture": "#3"},
				"up": {"uv": [0, 15.5, 16, 16], "texture": "#3"},
				"down": {"uv": [0, 15.5, 16, 16], "texture": "#3"}
			}
		},
		{
			"name": "bottom",
			"from": [0, 0, 0],
			"to": [16, 1, 0.25],
			"faces": {
				"north": {"uv": [0, 15, 16, 16], "texture": "#3"},
				"east": {"uv": [0, 15, 0.5, 16], "texture": "#3"},
				"south": {"uv": [0, 0, 16, 1], "texture": "#3"},
				"west": {"uv": [0, 15, 0.5, 16], "texture": "#3"},
				"up": {"uv": [0, 0, 16, 0.25], "texture": "#3"},
				"down": {"uv": [0, 0, 16, 0.5], "texture": "#3"}
			}
		},
		{
			"name": "left",
			"from": [0, 1, 0],
			"to": [1, 15, 0.25],
			"faces": {
				"north": {"uv": [15, 1, 16, 15], "texture": "#3"},
				"east": {"uv": [0, 1, 0.5, 15], "texture": "#3"},
				"south": {"uv": [0, 0, 0, 0], "texture": "#3"},
				"west": {"uv": [0, 1.5, 0.5, 15.5], "texture": "#3"},
				"up": {"uv": [0, 0, 1, 1], "texture": "#3"},
				"down": {"uv": [0, 0, 1, 1], "texture": "#3"}
			}
		},
		{
			"name": "right",
			"from": [15, 1, 0],
			"to": [16, 15, 0.25],
			"faces": {
				"north": {"uv": [0, 1, 1, 15], "texture": "#3"},
				"east": {"uv": [15.5, 0.5, 16, 14.5], "texture": "#3"},
				"south": {"uv": [0, 0, 0, 0], "texture": "#3"},
				"west": {"uv": [0, 1, 0.5, 15], "texture": "#3"},
				"up": {"uv": [0, 0, 1, 1], "texture": "#3"},
				"down": {"uv": [0, 0, 1, 1], "texture": "#3"}
			}
		},
		{
			"name": "right",
			"from": [15, 1, 15.75],
			"to": [16, 15, 16],
			"faces": {
				"north": {"uv": [0, 1, 1, 15], "texture": "#3"},
				"east": {"uv": [0, 1, 0.5, 15], "texture": "#3"},
				"south": {"uv": [0, 1, 1, 15], "texture": "#3"},
				"west": {"uv": [0, 1, 0.5, 15], "texture": "#3"},
				"up": {"uv": [0, 0, 1, 1], "texture": "#3"},
				"down": {"uv": [0, 0, 1, 1], "texture": "#3"}
			}
		},
		{
			"name": "left",
			"from": [0, 1, 15.75],
			"to": [1, 15, 16],
			"faces": {
				"north": {"uv": [15, 1, 16, 15], "texture": "#3"},
				"east": {"uv": [15.5, 1, 16, 15], "texture": "#3"},
				"south": {"uv": [15, 1, 16, 15], "texture": "#3"},
				"west": {"uv": [15.5, 1, 16, 15], "texture": "#3"},
				"up": {"uv": [0, 0, 1, 1], "texture": "#3"},
				"down": {"uv": [0, 0, 1, 1], "texture": "#3"}
			}
		},
		{
			"name": "bottom",
			"from": [0, 0, 15.75],
			"to": [16, 1, 16],
			"faces": {
				"north": {"uv": [0, 15, 16, 16], "texture": "#3"},
				"east": {"uv": [0, 0, 1, 1], "texture": "#3"},
				"south": {"uv": [0, 15, 16, 16], "texture": "#3"},
				"west": {"uv": [0, 0, 1, 1], "texture": "#3"},
				"up": {"uv": [0, 15.5, 16, 15.75], "texture": "#3"},
				"down": {"uv": [0, 15.5, 16, 16], "texture": "#3"}
			}
		},
		{
			"name": "top",
			"from": [0, 15, 15.75],
			"to": [16, 16, 16],
			"faces": {
				"north": {"uv": [0, 0, 16, 1], "texture": "#3"},
				"east": {"uv": [0, 0, 1, 1], "texture": "#3"},
				"south": {"uv": [0, 15, 16, 16], "texture": "#3"},
				"west": {"uv": [15, 0, 15.25, 1], "texture": "#3"},
				"up": {"uv": [0, 15.5, 16, 16], "texture": "#3"},
				"down": {"uv": [0, 15.5, 16, 16], "texture": "#3"}
			}
		},
		{
			"from": [0, 0.01, 0.25],
			"to": [1, 15.99, 15.75],
			"faces": {
				"north": {"uv": [0, 0, 1, 15.98], "texture": "#0"},
				"east": {"uv": [0, 0, 15.75, 15.98], "texture": "#0"},
				"south": {"uv": [0, 0, 1, 15.98], "texture": "#0"},
				"west": {"uv": [0.25, 0, 15.75, 15.98], "rotation": 180, "texture": "#0"},
				"up": {"uv": [0, 0, 1, 15.75], "texture": "#0"},
				"down": {"uv": [0, 0, 1, 15.75], "texture": "#0"}
			}
		},
		{
			"from": [1, 1, 0.25],
			"to": [15, 15, 1.25],
			"faces": {
				"north": {"uv": [1, 1, 15, 15], "texture": "#3"},
				"east": {"uv": [0, 0, 1, 14], "texture": "#3"},
				"south": {"uv": [1, 1, 15, 15], "texture": "#3"},
				"west": {"uv": [0, 0, 1, 14], "texture": "#3"},
				"up": {"uv": [0, 0, 14, 1], "texture": "#3"},
				"down": {"uv": [0, 0, 14, 1], "texture": "#3"}
			}
		},
		{
			"from": [0.01, 0.01, 15],
			"to": [15.99, 15.99, 15.75],
			"faces": {
				"north": {"uv": [1, 1, 15, 15], "texture": "#3"},
				"east": {"uv": [0, 0, 1, 14], "texture": "#3"},
				"south": {"uv": [0, 0, 16, 16], "texture": "#3"},
				"west": {"uv": [0, 0, 1, 14], "texture": "#3"},
				"up": {"uv": [0, 0, 14, 1], "texture": "#3"},
				"down": {"uv": [0, 0, 14, 1], "texture": "#3"}
			}
		},
		{
			"from": [15, 0.01, 0.25],
			"to": [16, 15.99, 15.75],
			"faces": {
				"north": {"uv": [0, 0, 1, 15.98], "texture": "#0"},
				"east": {"uv": [0.25, 0, 15.75, 15.98], "texture": "#0"},
				"south": {"uv": [0, 0, 1, 15.98], "texture": "#0"},
				"west": {"uv": [0, 0, 15.75, 15.98], "texture": "#0"},
				"up": {"uv": [0, 0, 1, 15.75], "texture": "#0"},
				"down": {"uv": [0, 0, 1, 15.75], "texture": "#0"}
			}
		},
		{
			"from": [0.01, 0, 0.25],
			"to": [15.99, 1, 15.75],
			"faces": {
				"north": {"uv": [0, 0, 15.98, 1], "texture": "#1"},
				"east": {"uv": [0, 0, 15.75, 1], "texture": "#1"},
				"south": {"uv": [0, 0, 15.98, 1], "texture": "#1"},
				"west": {"uv": [0, 0, 15.75, 1], "texture": "#1"},
				"up": {"uv": [0, 0, 15.98, 15.75], "texture": "#1"},
				"down": {"uv": [0, 0.25, 15.979, 15.75], "texture": "#1"}
			}
		},
		{
			"from": [0.01, 15, 0.25],
			"to": [15.99, 16, 15.75],
			"faces": {
				"north": {"uv": [0, 0, 15.98, 1], "texture": "#1"},
				"east": {"uv": [0, 0, 15.75, 1], "texture": "#1"},
				"south": {"uv": [0, 0, 15.98, 1], "texture": "#1"},
				"west": {"uv": [0, 0, 15.75, 1], "texture": "#1"},
				"up": {"uv": [15.98, 0.25, 0, 15.75], "rotation": 180, "texture": "#1"},
				"down": {"uv": [0.5, 0, 15.98, 15.75], "texture": "#1"}
			}
		},
		{
			"from": [16, 0, 1.5],
			"to": [16.25, 16, 3.5],
			"faces": {
				"north": {"uv": [3, 0, 3.5, 16], "texture": "#0"},
				"east": {"uv": [1.5, 0, 3.5, 16], "texture": "#0"},
				"south": {"uv": [1.5, 0, 2, 16], "texture": "#0"},
				"west": {"uv": [1.5, 0, 3.5, 16], "texture": "#0"},
				"up": {"uv": [2, 5.5, 2.5, 7.5], "texture": "#0"},
				"down": {"uv": [2, 5.5, 2.5, 7.5], "texture": "#0"}
			}
		},
		{
			"from": [16, 0, 12.5],
			"to": [16.25, 16, 14.5],
			"faces": {
				"north": {"uv": [3, 0, 3.5, 16], "texture": "#0"},
				"east": {"uv": [1.5, 0, 3.5, 16], "texture": "#0"},
				"south": {"uv": [1.5, 0, 2, 16], "texture": "#0"},
				"west": {"uv": [1.5, 0, 3.5, 16], "texture": "#0"},
				"up": {"uv": [2, 5.5, 2.5, 7.5], "texture": "#0"},
				"down": {"uv": [2, 5.5, 2.5, 7.5], "texture": "#0"}
			}
		},
		{
			"from": [16, 0, 7],
			"to": [16.25, 16, 9],
			"faces": {
				"north": {"uv": [3, 0, 3.5, 16], "texture": "#0"},
				"east": {"uv": [1.5, 0, 3.5, 16], "texture": "#0"},
				"south": {"uv": [1.5, 0, 2, 16], "texture": "#0"},
				"west": {"uv": [1.5, 0, 3.5, 16], "texture": "#0"},
				"up": {"uv": [2, 5.5, 2.5, 7.5], "texture": "#0"},
				"down": {"uv": [2, 5.5, 2.5, 7.5], "texture": "#0"}
			}
		},
		{
			"from": [-0.25, 0, 1.5],
			"to": [0, 16, 3.5],
			"faces": {
				"north": {"uv": [3, 0, 3.5, 16], "texture": "#0"},
				"east": {"uv": [0, 0, 2, 16], "texture": "#0"},
				"south": {"uv": [1.5, 0, 2, 16], "texture": "#0"},
				"west": {"uv": [1.5, 0, 3.5, 16], "texture": "#0"},
				"up": {"uv": [2, 5.5, 2.5, 7.5], "texture": "#0"},
				"down": {"uv": [2, 5.5, 2.5, 7.5], "texture": "#0"}
			}
		},
		{
			"from": [-0.25, 0, 7],
			"to": [0, 16, 9],
			"faces": {
				"north": {"uv": [3, 0, 3.5, 16], "texture": "#0"},
				"east": {"uv": [0, 0, 2, 16], "texture": "#0"},
				"south": {"uv": [1.5, 0, 2, 16], "texture": "#0"},
				"west": {"uv": [1.5, 0, 3.5, 16], "texture": "#0"},
				"up": {"uv": [2, 5.5, 2.5, 7.5], "texture": "#0"},
				"down": {"uv": [2, 5.5, 2.5, 7.5], "texture": "#0"}
			}
		},
		{
			"from": [-0.25, 0, 12.5],
			"to": [0, 16, 14.5],
			"faces": {
				"north": {"uv": [3, 0, 3.5, 16], "texture": "#0"},
				"east": {"uv": [0, 0, 2, 16], "texture": "#0"},
				"south": {"uv": [1.5, 0, 2, 16], "texture": "#0"},
				"west": {"uv": [1.5, 0, 3.5, 16], "texture": "#0"},
				"up": {"uv": [2, 5.5, 2.5, 7.5], "texture": "#0"},
				"down": {"uv": [2, 5.5, 2.5, 7.5], "texture": "#0"}
			}
		},
		{
			"from": [0, 16, 1.5],
			"to": [16, 16.25, 3.5],
			"faces": {
				"north": {"uv": [0, 1.5, 16, 2], "texture": "#1"},
				"east": {"uv": [13, 2.5, 15, 3], "texture": "#1"},
				"south": {"uv": [0, 3, 16, 3.5], "texture": "#1"},
				"west": {"uv": [5.5, 2.5, 7.5, 3], "texture": "#1"},
				"up": {"uv": [0, 1.5, 16, 3.5], "texture": "#1"},
				"down": {"uv": [1.5, 7.5, 2, 9], "texture": "#1"}
			}
		},
		{
			"from": [0, 16, 7],
			"to": [16, 16.25, 9],
			"faces": {
				"north": {"uv": [0, 1.5, 16, 2], "texture": "#1"},
				"east": {"uv": [13, 2.5, 15, 3], "texture": "#1"},
				"south": {"uv": [0, 3, 16, 3.5], "texture": "#1"},
				"west": {"uv": [5.5, 2.5, 7.5, 3], "texture": "#1"},
				"up": {"uv": [0, 1.5, 16, 3.5], "texture": "#1"},
				"down": {"uv": [1.5, 7.5, 2, 9], "texture": "#1"}
			}
		},
		{
			"from": [0, 16, 12.5],
			"to": [16, 16.25, 14.5],
			"faces": {
				"north": {"uv": [0, 1.5, 16, 2], "texture": "#1"},
				"east": {"uv": [13, 2.5, 15, 3], "texture": "#1"},
				"south": {"uv": [0, 3, 16, 3.5], "texture": "#1"},
				"west": {"uv": [5.5, 2.5, 7.5, 3], "texture": "#1"},
				"up": {"uv": [0, 1.5, 16, 3.5], "texture": "#1"},
				"down": {"uv": [1.5, 7.5, 2, 9], "texture": "#1"}
			}
		},
		{
			"from": [0, -0.25, 1.5],
			"to": [16, 0, 3.5],
			"faces": {
				"north": {"uv": [0, 1.5, 16, 2], "texture": "#1"},
				"east": {"uv": [5.5, 2.5, 7.5, 3], "texture": "#1"},
				"south": {"uv": [0, 3, 16, 3.5], "texture": "#1"},
				"west": {"uv": [5.5, 2.5, 7.5, 3], "texture": "#1"},
				"up": {"uv": [0, 1.5, 16, 3.5], "texture": "#1"},
				"down": {"uv": [0, 1.5, 16, 3.5], "texture": "#1"}
			}
		},
		{
			"from": [0, -0.25, 7],
			"to": [16, 0, 9],
			"faces": {
				"north": {"uv": [0, 1.5, 16, 2], "texture": "#1"},
				"east": {"uv": [5.5, 2.5, 7.5, 3], "texture": "#1"},
				"south": {"uv": [0, 3, 16, 3.5], "texture": "#1"},
				"west": {"uv": [5.5, 2.5, 7.5, 3], "texture": "#1"},
				"up": {"uv": [0, 1.5, 16, 3.5], "texture": "#1"},
				"down": {"uv": [0, 1.5, 16, 3.5], "texture": "#1"}
			}
		},
		{
			"from": [0, -0.25, 12.5],
			"to": [16, 0, 14.5],
			"faces": {
				"north": {"uv": [0, 1.5, 16, 2], "texture": "#1"},
				"east": {"uv": [5.5, 2.5, 7.5, 3], "texture": "#1"},
				"south": {"uv": [0, 3, 16, 3.5], "texture": "#1"},
				"west": {"uv": [5.5, 2.5, 7.5, 3], "texture": "#1"},
				"up": {"uv": [0, 1.5, 16, 3.5], "texture": "#1"},
				"down": {"uv": [0, 1.5, 16, 3.5], "texture": "#1"}
			}
		}
	],
	"display": {
		"thirdperson_righthand": {
			"rotation": [75, 45, 0],
			"translation": [0, 2.5, 0],
			"scale": [0.375, 0.375, 0.375]
		},
		"thirdperson_lefthand": {
			"rotation": [75, 45, 0],
			"translation": [0, 2.5, 0],
			"scale": [0.375, 0.375, 0.375]
		},
		"firstperson_righthand": {
			"rotation": [0, 45, 0],
			"scale": [0.4, 0.4, 0.4]
		},
		"firstperson_lefthand": {
			"rotation": [0, 225, 0],
			"scale": [0.4, 0.4, 0.4]
		},
		"ground": {
			"translation": [0, 3, 0],
			"scale": [0.25, 0.25, 0.25]
		},
		"gui": {
			"rotation": [30, 225, 0],
			"scale": [0.625, 0.625, 0.625]
		},
		"fixed": {
			"scale": [0.5, 0.5, 0.5]
		}
	},
	"groups": [0,
		{
			"name": "body",
			"origin": [8, 8, 8],
			"children": [
				{
					"name": "frame",
					"origin": [8, 8, 8],
					"children": [1, 2, 3, 4]
				},
				{
					"name": "back frame",
					"origin": [8, 8, 8],
					"children": [5, 6, 7, 8]
				}
			]
		}, 9, 10, 11, 12, 13, 14,
		{
			"name": "group",
			"origin": [8, 8, 8],
			"children": [15, 16, 17, 18, 19, 20, 21, 22, 23, 24, 25, 26]
		}
	]
}