{
	"credit": "Made by SyndiShanX",
	"elements": [
		{
			"from": [0, 5, 7],
			"to": [2, 16, 9],
			"faces": {
				"north": {"uv": [12, 5, 14, 16], "texture": "#0"},
				"east": {"uv": [12, 5, 14, 16], "texture": "#0"},
				"south": {"uv": [12, 5, 14, 16], "texture": "#0"},
				"west": {"uv": [12, 5, 14, 16], "texture": "#0", "cullface": "west"},
				"up": {"uv": [4.5, 8.5, 6.5, 10.5], "texture": "#0"},
				"down": {"uv": [0, 11, 2, 13], "texture": "#0"}
			}
		},
		{
			"from": [14, 5, 7],
			"to": [16, 16, 9],
			"faces": {
				"north": {"uv": [0, 0, 2, 11], "texture": "#0"},
				"east": {"uv": [0, 0, 2, 11], "texture": "#0", "cullface": "east"},
				"south": {"uv": [0, 0, 2, 11], "texture": "#0"},
				"west": {"uv": [0, 0, 2, 11], "texture": "#0"},
				"up": {"uv": [4.5, 6, 6.5, 8], "texture": "#0"},
				"down": {"uv": [0, 11, 2, 13], "texture": "#0"}
			}
		},
		{
			"from": [0, 6, 13],
			"to": [2, 15, 15],
			"faces": {
				"north": {"uv": [14, 5, 16, 14], "texture": "#0"},
				"east": {"uv": [14, 5, 16, 14], "texture": "#0"},
				"south": {"uv": [14, 5, 16, 14], "texture": "#0"},
				"west": {"uv": [14, 5, 16, 14], "texture": "#0"},
				"up": {"uv": [4.5, 8.5, 6.5, 10.5], "texture": "#0"},
				"down": {"uv": [0, 11, 2, 13], "texture": "#0"}
			}
		},
		{
			"from": [14, 6, 13],
			"to": [16, 15, 15],
			"faces": {
				"north": {"uv": [2, 0, 4, 9], "texture": "#0"},
				"east": {"uv": [2, 0, 4, 9], "texture": "#0"},
				"south": {"uv": [2, 0, 4, 9], "texture": "#0"},
				"west": {"uv": [2, 0, 4, 9], "texture": "#0"},
				"up": {"uv": [4.5, 6, 6.5, 8], "texture": "#0"},
				"down": {"uv": [0, 11, 2, 13], "texture": "#0"}
			}
		},
		{
			"from": [0, 6, 9],
			"to": [2, 9, 13],
			"faces": {
				"east": {"uv": [8, 0, 12, 3], "texture": "#0"},
				"west": {"uv": [4, 0, 8, 3], "texture": "#0"},
				"up": {"uv": [4, 3, 8, 5], "rotation": 270, "texture": "#0"},
				"down": {"uv": [4, 3, 8, 5], "rotation": 270, "texture": "#0"}
			}
		},
		{
			"from": [0, 12, 9],
			"to": [2, 15, 13],
			"faces": {
				"east": {"uv": [8, 11, 12, 14], "texture": "#0"},
				"west": {"uv": [4, 11, 8, 14], "texture": "#0"},
				"up": {"uv": [4, 14, 8, 16], "rotation": 270, "texture": "#0"},
				"down": {"uv": [4, 3, 8, 5], "rotation": 270, "texture": "#0"}
			}
		},
		{
			"from": [14, 6, 9],
			"to": [16, 9, 13],
			"faces": {
				"east": {"uv": [8, 0, 12, 3], "texture": "#0"},
				"west": {"uv": [4, 0, 8, 3], "texture": "#0"},
				"up": {"uv": [7, 3, 11, 5], "rotation": 270, "texture": "#0"},
				"down": {"uv": [7, 3, 11, 5], "rotation": 270, "texture": "#0"}
			}
		},
		{
			"from": [14, 12, 9],
			"to": [16, 15, 13],
			"faces": {
				"east": {"uv": [8, 11, 12, 14], "texture": "#0"},
				"west": {"uv": [4, 11, 8, 14], "texture": "#0"},
				"up": {"uv": [7, 14, 11, 16], "rotation": 270, "texture": "#0"},
				"down": {"uv": [7, 3, 11, 5], "rotation": 270, "texture": "#0"}
			}
		}
	]
}