{
	"credit": "Made by SyndiShanX",
	"parent": "block/block",
	"elements": [
		{
			"from": [0, 5, 7],
			"to": [2, 16, 9],
			"faces": {
				"north": {"uv": [12, 5, 14, 16], "texture": "#0"},
				"east": {"uv": [12, 5, 14, 16], "texture": "#0"},
				"south": {"uv": [12, 5, 14, 16], "texture": "#0"},
				"west": {"uv": [12, 5, 14, 16], "texture": "#0", "cullface": "west"},
				"up": {"uv": [4.5, 8.5, 6.5, 10.5], "texture": "#0"},
				"down": {"uv": [0, 11, 2, 13], "texture": "#0"}
			}
		},
		{
			"from": [14, 5, 7],
			"to": [16, 16, 9],
			"faces": {
				"north": {"uv": [0, 0, 2, 11], "texture": "#0"},
				"east": {"uv": [0, 0, 2, 11], "texture": "#0", "cullface": "east"},
				"south": {"uv": [0, 0, 2, 11], "texture": "#0"},
				"west": {"uv": [0, 0, 2, 11], "texture": "#0"},
				"up": {"uv": [4.5, 6, 6.5, 8], "texture": "#0"},
				"down": {"uv": [0, 11, 2, 13], "texture": "#0"}
			}
		},
		{
			"from": [6, 6, 7],
			"to": [8, 15, 9],
			"faces": {
				"north": {"uv": [14, 5, 16, 14], "texture": "#0"},
				"east": {"uv": [14, 5, 16, 14], "texture": "#0"},
				"south": {"uv": [14, 5, 16, 14], "texture": "#0"},
				"west": {"uv": [14, 5, 16, 14], "texture": "#0"},
				"up": {"uv": [4.5, 8.5, 6.5, 10.5], "texture": "#0"},
				"down": {"uv": [0, 11, 2, 13], "texture": "#0"}
			}
		},
		{
			"from": [8, 6, 7],
			"to": [10, 15, 9],
			"faces": {
				"north": {"uv": [2, 0, 4, 9], "texture": "#0"},
				"east": {"uv": [2, 0, 4, 9], "texture": "#0"},
				"south": {"uv": [2, 0, 4, 9], "texture": "#0"},
				"west": {"uv": [2, 0, 4, 9], "texture": "#0"},
				"up": {"uv": [4.5, 6, 6.5, 8], "texture": "#0"},
				"down": {"uv": [0, 11, 2, 13], "texture": "#0"}
			}
		},
		{
			"from": [2, 6, 7],
			"to": [6, 9, 9],
			"faces": {
				"north": {"uv": [8, 0, 12, 3], "texture": "#0"},
				"south": {"uv": [4, 0, 8, 3], "texture": "#0"},
				"up": {"uv": [4, 3, 8, 5], "texture": "#0"},
				"down": {"uv": [4, 3, 8, 5], "texture": "#0"}
			}
		},
		{
			"from": [2, 12, 7],
			"to": [6, 15, 9],
			"faces": {
				"north": {"uv": [8, 11, 12, 14], "texture": "#0"},
				"south": {"uv": [4, 11, 8, 14], "texture": "#0"},
				"up": {"uv": [4, 14, 8, 16], "texture": "#0"},
				"down": {"uv": [4, 3, 8, 5], "texture": "#0"}
			}
		},
		{
			"from": [10, 6, 7],
			"to": [14, 9, 9],
			"faces": {
				"north": {"uv": [4, 0, 8, 3], "texture": "#0"},
				"south": {"uv": [8, 0, 12, 3], "texture": "#0"},
				"up": {"uv": [7, 3, 11, 5], "texture": "#0"},
				"down": {"uv": [7, 3, 11, 5], "texture": "#0"}
			}
		},
		{
			"from": [10, 12, 7],
			"to": [14, 15, 9],
			"faces": {
				"north": {"uv": [4, 11, 8, 14], "texture": "#0"},
				"south": {"uv": [8, 11, 12, 14], "texture": "#0"},
				"up": {"uv": [7, 14, 11, 16], "texture": "#0"},
				"down": {"uv": [7, 3, 11, 5], "texture": "#0"}
			}
		}
	],
	"display": {
		"firstperson_righthand": {
			"rotation": [0, 135, 0],
			"translation": [0, -1, 0],
			"scale": [0.5, 0.5, 0.5]
		},
		"gui": {
			"rotation": [30, 45, 0],
			"translation": [0, -1, 0],
			"scale": [0.8, 0.8, 0.8]
		},
		"head": {
			"translation": [0, -3, -6]
		}
	}
}