{
	"credit": "Made by SyndiShanX",
	"ambientocclusion": false,
	"elements": [
		{
			"name": "post_left",
			"from": [0, 2, 7],
			"to": [2, 13, 9],
			"faces": {
				"north": {"uv": [12, 5, 14, 16], "texture": "#0"},
				"east": {"uv": [12, 5, 14, 16], "texture": "#0"},
				"south": {"uv": [12, 5, 14, 16], "texture": "#0"},
				"west": {"uv": [12, 5, 14, 16], "texture": "#0", "cullface": "west"},
				"up": {"uv": [4.5, 8.5, 6.5, 10.5], "texture": "#0"},
				"down": {"uv": [0, 11, 2, 13], "texture": "#0"}
			}
		},
		{
			"name": "post_right",
			"from": [14, 2, 7],
			"to": [16, 13, 9],
			"faces": {
				"north": {"uv": [0, 0, 2, 11], "texture": "#0"},
				"east": {"uv": [0, 0, 2, 11], "texture": "#0", "cullface": "east"},
				"south": {"uv": [0, 0, 2, 11], "texture": "#0"},
				"west": {"uv": [0, 0, 2, 11], "texture": "#0"},
				"up": {"uv": [4.5, 6, 6.5, 8], "texture": "#0"},
				"down": {"uv": [0, 11, 2, 13], "texture": "#0"}
			}
		},
		{
			"name": "gate_left",
			"from": [6, 3, 7],
			"to": [8, 12, 9],
			"faces": {
				"north": {"uv": [14, 5, 16, 14], "texture": "#0"},
				"east": {"uv": [14, 5, 16, 14], "texture": "#0"},
				"south": {"uv": [14, 5, 16, 14], "texture": "#0"},
				"west": {"uv": [14, 5, 16, 14], "texture": "#0"},
				"up": {"uv": [4.5, 8.5, 6.5, 10.5], "texture": "#0"},
				"down": {"uv": [0, 11, 2, 13], "texture": "#0"}
			}
		},
		{
			"name": "gate_right",
			"from": [8, 3, 7],
			"to": [10, 12, 9],
			"faces": {
				"north": {"uv": [2, 0, 4, 9], "texture": "#0"},
				"east": {"uv": [2, 0, 4, 9], "texture": "#0"},
				"south": {"uv": [2, 0, 4, 9], "texture": "#0"},
				"west": {"uv": [2, 0, 4, 9], "texture": "#0"},
				"up": {"uv": [4.5, 6, 6.5, 8], "texture": "#0"},
				"down": {"uv": [0, 11, 2, 13], "texture": "#0"}
			}
		},
		{
			"name": "bar_left_btm",
			"from": [2, 3, 7],
			"to": [6, 6, 9],
			"faces": {
				"north": {"uv": [8, 0, 12, 3], "texture": "#0"},
				"south": {"uv": [4, 0, 8, 3], "texture": "#0"},
				"up": {"uv": [4, 3, 8, 5], "texture": "#0"},
				"down": {"uv": [4, 3, 8, 5], "texture": "#0"}
			}
		},
		{
			"name": "bar_left_top",
			"from": [2, 9, 7],
			"to": [6, 12, 9],
			"faces": {
				"north": {"uv": [8, 11, 12, 14], "texture": "#0"},
				"south": {"uv": [4, 11, 8, 14], "texture": "#0"},
				"up": {"uv": [4, 14, 8, 16], "texture": "#0"},
				"down": {"uv": [4, 3, 8, 5], "texture": "#0"}
			}
		},
		{
			"name": "bar_right_btm",
			"from": [10, 3, 7],
			"to": [14, 6, 9],
			"faces": {
				"north": {"uv": [4, 0, 8, 3], "texture": "#0"},
				"south": {"uv": [8, 0, 12, 3], "texture": "#0"},
				"up": {"uv": [7, 3, 11, 5], "texture": "#0"},
				"down": {"uv": [7, 3, 11, 5], "texture": "#0"}
			}
		},
		{
			"name": "bar_right_top",
			"from": [10, 9, 7],
			"to": [14, 12, 9],
			"faces": {
				"north": {"uv": [4, 11, 8, 14], "texture": "#0"},
				"south": {"uv": [8, 11, 12, 14], "texture": "#0"},
				"up": {"uv": [7, 14, 11, 16], "texture": "#0"},
				"down": {"uv": [7, 3, 11, 5], "texture": "#0"}
			}
		}
	]
}