{
    "variants": {
        "": [
        { "model": "block/plants/allium/0" },
        { "model": "block/plants/allium/0_rot1" },
        { "model": "block/plants/allium/0_rot2" },
        { "model": "block/plants/allium/0_rot3" },
        { "model": "block/plants/allium/1" },
        { "model": "block/plants/allium/1_rot1" },
        { "model": "block/plants/allium/1_rot2" },
        { "model": "block/plants/allium/1_rot3" },
        { "model": "block/plants/allium/2" },
        { "model": "block/plants/allium/2_rot1" },
        { "model": "block/plants/allium/2_rot2" },
        { "model": "block/plants/allium/2_rot3" }
    ]
    }
}
