{
	"credit": "By CR00T_R0M",
	"textures": {
		"0": "Spyglass/Craneo_25511",
		"particle": "Spyglass/Craneo_25511"
	},
	"elements": [
		{
			"from": [6, 0, 3],
			"to": [10, 4, 4],
			"rotation": {"angle": 0, "axis": "y", "origin": [18, 8, 11]},
			"faces": {
				"north": {"uv": [9, 3, 13, 7], "texture": "#0"},
				"east": {"uv": [10.5, 1, 11.5, 5], "texture": "#0"},
				"south": {"uv": [9.5, 2.5, 13.5, 6.5], "texture": "#0"},
				"west": {"uv": [9.5, 2.5, 10.5, 6.5], "texture": "#0"},
				"up": {"uv": [9.5, 2.5, 13.5, 3.5], "texture": "#0"},
				"down": {"uv": [7.5, 4.5, 11.5, 5.5], "texture": "#0"}
			}
		},
		{
			"from": [6.5, 0.5, 4],
			"to": [9.5, 3.5, 8],
			"rotation": {"angle": 0, "axis": "y", "origin": [14.55, 8.5, 12]},
			"faces": {
				"north": {"uv": [0, 0, 3, 3], "texture": "#missing"},
				"east": {"uv": [10, 2.5, 14, 5.5], "texture": "#0"},
				"south": {"uv": [9, 3, 12, 6], "texture": "#0"},
				"west": {"uv": [10, 2.5, 14, 5.5], "texture": "#0"},
				"up": {"uv": [9, 3, 12, 7], "texture": "#0"},
				"down": {"uv": [9, 3, 12, 7], "texture": "#0"}
			}
		},
		{
			"from": [6.75, 0.75, 8],
			"to": [9.25, 3.25, 11],
			"rotation": {"angle": 0, "axis": "y", "origin": [15, 8, 16]},
			"faces": {
				"north": {"uv": [0, 0, 2.5, 2.5], "texture": "#missing"},
				"east": {"uv": [6, 6.5, 9, 9], "texture": "#0"},
				"south": {"uv": [5, 7.5, 7.5, 10], "texture": "#0"},
				"west": {"uv": [6, 6.5, 9, 9], "texture": "#0"},
				"up": {"uv": [6, 6.5, 8.5, 9.5], "texture": "#0"},
				"down": {"uv": [6, 6.5, 8.5, 9.5], "texture": "#0"}
			}
		},
		{
			"from": [7, 1, 11],
			"to": [9, 3, 13],
			"rotation": {"angle": 0, "axis": "y", "origin": [15, 8, 19]},
			"faces": {
				"north": {"uv": [0, 0, 2.5, 2.5], "texture": "#missing"},
				"east": {"uv": [6, 6.5, 9, 9], "texture": "#0"},
				"south": {"uv": [5, 7.5, 7.5, 10], "texture": "#0"},
				"west": {"uv": [6, 6.5, 9, 9], "texture": "#0"},
				"up": {"uv": [6, 6.5, 8.5, 9.5], "texture": "#0"},
				"down": {"uv": [6, 6.5, 8.5, 9.5], "texture": "#0"}
			}
		},
		{
			"from": [7.5, 1.5, 13],
			"to": [8.5, 2.5, 14],
			"rotation": {"angle": 0, "axis": "y", "origin": [15, 8, 21]},
			"faces": {
				"north": {"uv": [0, 0, 2.5, 2.5], "texture": "#missing"},
				"east": {"uv": [1, 13.5, 2.5, 15], "texture": "#0"},
				"south": {"uv": [1, 13.5, 2.5, 15], "texture": "#0"},
				"west": {"uv": [1, 13.5, 2.5, 15], "texture": "#0"},
				"up": {"uv": [1, 13.5, 2.5, 15], "texture": "#0"},
				"down": {"uv": [1, 13.5, 2.5, 15], "texture": "#0"}
			}
		},
		{
			"from": [7, 1, 2.5],
			"to": [9, 3, 3.5],
			"rotation": {"angle": 0, "axis": "y", "origin": [17, 9, 10]},
			"faces": {
				"north": {"uv": [13, 0, 15, 2], "texture": "#0"},
				"east": {"uv": [14.5, 0, 15.5, 2], "texture": "#0"},
				"south": {"uv": [0, 0, 2, 2], "texture": "#missing"},
				"west": {"uv": [14.5, 0, 15.5, 2], "texture": "#0"},
				"up": {"uv": [13.5, 0, 15.5, 1], "texture": "#0"},
				"down": {"uv": [13.5, 0, 15.5, 1], "texture": "#0"}
			}
		}
	],
	"display": {
		"thirdperson_righthand": {
			"rotation": [78, 0, 0],
			"translation": [0, 0.5, 6.75]
		},
		"thirdperson_lefthand": {
			"rotation": [78, 0, 0],
			"translation": [0, 0.5, 6.75]
		},
		"firstperson_righthand": {
			"rotation": [44, 3, 0],
			"translation": [4.25, 3.75, 1.5],
			"scale": [1.5, 1.5, 1.5]
		},
		"firstperson_lefthand": {
			"rotation": [44, 3, 0],
			"translation": [4.25, 3.75, 1.5],
			"scale": [1.5, 1.5, 1.5]
		},
		"ground": {
			"translation": [0, 4.25, 0]
		},
		"gui": {
			"rotation": [-137, -37, 36],
			"translation": [-5, -6.75, 0],
			"scale": [1.48, 1.48, 1.48]
		},
		"head": {
			"translation": [2.5, 8.25, -15.25],
			"scale": [1.5, 1.5, 1.5]
		},
		"fixed": {
			"rotation": [0, -90, 0],
			"translation": [0, 8.5, 0],
			"scale": [1.5, 1.5, 1.5]
		}
	}
}