{
	"credit": "Made with Blockbench",
	"textures": {
		"0": "block/acacia_trapdoor",
		"1": "block/acacia_trapdoor_rim",
		"particle": "block/acacia_trapdoor"
	},
	"elements": [
		{
			"name": "cube",
			"from": [0, 0, 0],
			"to": [16, 3, 3],
			"faces": {
				"north": {"uv": [0, 10, 16, 13], "texture": "#1"},
				"east": {"uv": [13, 13, 16, 16], "texture": "#1"},
				"south": {"uv": [0, 10, 16, 13], "texture": "#1"},
				"west": {"uv": [0, 13, 3, 16], "texture": "#1"},
				"up": {"uv": [0, 0, 16, 3], "texture": "#0"},
				"down": {"uv": [0, 0, 16, 3], "texture": "#0"}
			}
		},
		{
			"name": "cube",
			"from": [0, 0, 13],
			"to": [16, 3, 16],
			"faces": {
				"north": {"uv": [0, 10, 16, 13], "texture": "#1"},
				"east": {"uv": [0, 13, 3, 16], "texture": "#1"},
				"south": {"uv": [0, 10, 16, 13], "texture": "#1"},
				"west": {"uv": [13, 13, 16, 16], "texture": "#1"},
				"up": {"uv": [0, 13, 16, 16], "texture": "#0"},
				"down": {"uv": [0, 13, 16, 16], "texture": "#0"}
			}
		},
		{
			"name": "cube",
			"from": [13, 0, 3],
			"to": [16, 3, 13],
			"faces": {
				"east": {"uv": [3, 13, 13, 16], "texture": "#1"},
				"west": {"uv": [3, 13, 13, 16], "texture": "#1"},
				"up": {"uv": [13, 3, 16, 13], "texture": "#0"},
				"down": {"uv": [13, 3, 16, 13], "texture": "#0"}
			}
		},
		{
			"name": "cube",
			"from": [0, 0, 3],
			"to": [3, 3, 13],
			"faces": {
				"east": {"uv": [3, 10, 13, 13], "texture": "#1"},
				"west": {"uv": [3, 13, 13, 16], "texture": "#1"},
				"up": {"uv": [0, 3, 3, 13], "texture": "#0"},
				"down": {"uv": [0, 3, 3, 13], "texture": "#0"}
			}
		},
		{
			"name": "cube",
			"from": [5, 1, 6.5],
			"to": [7, 1.5, 9.5],
			"faces": {
				"east": {"uv": [7.5, 8, 10.5, 8.5], "texture": "#1"},
				"west": {"uv": [4, 8.5, 7.5, 9], "texture": "#1"},
				"down": {"uv": [5, 6.5, 7, 9.5], "texture": "#0", "rotation": 180}
			}
		},
		{
			"name": "cube",
			"from": [5, 1.5, 3],
			"to": [7, 2.5, 13],
			"faces": {
				"east": {"uv": [3, 4.5, 13, 5.5], "texture": "#1"},
				"west": {"uv": [3, 4.5, 13, 5.5], "texture": "#1"},
				"up": {"uv": [5, 3, 7, 13], "texture": "#0"}
			}
		},
		{
			"name": "cube",
			"from": [5, 1, 11.5],
			"to": [7, 1.5, 13],
			"faces": {
				"east": {"uv": [11.5, 5.5, 13, 6], "texture": "#1"},
				"west": {"uv": [4, 8.5, 5.5, 9], "texture": "#1"},
				"down": {"uv": [3, 4.5, 4.5, 6.5], "texture": "#0"}
			}
		},
		{
			"name": "cube",
			"from": [5, 1, 3],
			"to": [7, 1.5, 4.5],
			"faces": {
				"east": {"uv": [11.5, 5.5, 13, 6], "texture": "#1"},
				"west": {"uv": [4, 8.5, 5.5, 9], "texture": "#1"},
				"down": {"uv": [11.5, 9.5, 13, 11.5], "texture": "#0", "rotation": 90}
			}
		},
		{
			"name": "cube",
			"from": [9, 1, 6.5],
			"to": [11, 1.5, 9.5],
			"faces": {
				"east": {"uv": [7.5, 8, 10.5, 8.5], "texture": "#1"},
				"west": {"uv": [10, 8.5, 13, 9], "texture": "#1"},
				"down": {"uv": [9, 6, 11, 9], "texture": "#0", "rotation": 180}
			}
		},
		{
			"name": "cube",
			"from": [9, 1.5, 3],
			"to": [11, 2.5, 13],
			"faces": {
				"east": {"uv": [3, 4.5, 13, 5.5], "texture": "#1"},
				"west": {"uv": [3, 4.5, 13, 5.5], "texture": "#1"},
				"up": {"uv": [9, 3, 11, 13], "texture": "#0"}
			}
		},
		{
			"name": "cube",
			"from": [9, 1, 3],
			"to": [11, 1.5, 4.5],
			"faces": {
				"east": {"uv": [11.5, 5.5, 13, 6], "texture": "#1"},
				"west": {"uv": [7, 8, 8.5, 8.5], "texture": "#1"},
				"down": {"uv": [11.5, 4.5, 13, 6.5], "texture": "#0", "rotation": 90}
			}
		},
		{
			"name": "cube",
			"from": [9, 1, 11.5],
			"to": [11, 1.5, 13],
			"faces": {
				"east": {"uv": [11.5, 5.5, 13, 6], "texture": "#1"},
				"west": {"uv": [7, 8, 8.5, 8.5], "texture": "#1"},
				"down": {"uv": [3, 9.5, 5, 11], "texture": "#0", "rotation": 270}
			}
		},
		{
			"name": "cube",
			"from": [7, 1.5, 4.5],
			"to": [9, 2, 6.5],
			"faces": {
				"north": {"uv": [3.5, 4, 6.5, 4.5], "texture": "#1", "rotation": 180},
				"south": {"uv": [7.5, 7, 9.5, 7.5], "texture": "#1"},
				"up": {"uv": [7, 4.5, 9, 6.5], "texture": "#0"}
			}
		},
		{
			"name": "cube",
			"from": [3, 0.5, 4.5],
			"to": [13, 1.5, 6.5],
			"faces": {
				"north": {"uv": [3, 7.5, 13, 8.5], "texture": "#1", "rotation": 180},
				"south": {"uv": [3, 7.5, 13, 8.5], "texture": "#1"},
				"down": {"uv": [9, 3, 11, 13], "texture": "#0", "rotation": 270}
			}
		},
		{
			"name": "cube",
			"from": [3, 1.5, 4.5],
			"to": [5, 2, 6.5],
			"faces": {
				"north": {"uv": [3, 7, 5, 7.5], "texture": "#1", "rotation": 180},
				"south": {"uv": [3, 8, 5, 8.5], "texture": "#1"},
				"up": {"uv": [3, 4.5, 5, 6.5], "texture": "#0"}
			}
		},
		{
			"name": "cube",
			"from": [11, 1.5, 4.5],
			"to": [13, 2, 6.5],
			"faces": {
				"north": {"uv": [3.5, 4, 6.5, 4.5], "texture": "#1", "rotation": 180},
				"south": {"uv": [7.5, 7, 9.5, 7.5], "texture": "#1"},
				"up": {"uv": [11, 4.5, 13, 6.5], "texture": "#0"}
			}
		},
		{
			"name": "cube",
			"from": [7, 1.5, 9.5],
			"to": [9, 2, 11.5],
			"faces": {
				"north": {"uv": [6.5, 4.5, 8.5, 5], "texture": "#1", "rotation": 180},
				"south": {"uv": [4.5, 4.5, 6.5, 5], "texture": "#1", "rotation": 180},
				"up": {"uv": [7, 9.5, 9, 11.5], "texture": "#0"}
			}
		},
		{
			"name": "cube",
			"from": [3, 0.5, 9.5],
			"to": [13, 1.5, 11.5],
			"faces": {
				"north": {"uv": [3, 5, 13, 6], "texture": "#1"},
				"south": {"uv": [3, 4.5, 13, 5.5], "texture": "#1"},
				"down": {"uv": [5, 3, 7, 13], "texture": "#0", "rotation": 270}
			}
		},
		{
			"name": "cube",
			"from": [3, 1.5, 9.5],
			"to": [5, 2, 11.5],
			"faces": {
				"north": {"uv": [10, 4.5, 12, 5], "texture": "#1", "rotation": 180},
				"south": {"uv": [3, 4.5, 5, 5], "texture": "#1", "rotation": 180},
				"up": {"uv": [3, 9.5, 5, 11.5], "texture": "#0"}
			}
		},
		{
			"name": "cube",
			"from": [11, 1.5, 9.5],
			"to": [13, 2, 11.5],
			"faces": {
				"north": {"uv": [4.5, 4.5, 6.5, 5], "texture": "#1", "rotation": 180},
				"south": {"uv": [10.5, 4.5, 12.5, 5], "texture": "#1", "rotation": 180},
				"up": {"uv": [11, 9.5, 13, 11.5], "texture": "#0"}
			}
		}
	],
	"groups": [0, 1, 2, 3,
		{
			"name": "group",
			"isOpen": false,
			"export": true,
			"visibility": true,
			"children": [4, 5, 6, 7]
		},
		{
			"name": "group",
			"isOpen": false,
			"export": true,
			"visibility": true,
			"children": [8, 9, 10, 11]
		},
		{
			"name": "group",
			"isOpen": false,
			"export": true,
			"visibility": true,
			"children": [12, 13, 14, 15]
		},
		{
			"name": "group",
			"isOpen": true,
			"export": true,
			"visibility": true,
			"children": [16, 17, 18, 19]
		}
	]
}