{
	"credit": "Made with Blockbench",
	"textures": {
		"0": "block/acacia_trapdoor",
		"1": "block/acacia_trapdoor_rim",
		"particle": "block/acacia_trapdoor"
	},
	"elements": [
		{
			"name": "cube",
			"from": [0, 13, 0],
			"to": [16, 16, 3],
			"faces": {
				"north": {"uv": [0, 13, 16, 10], "texture": "#1"},
				"east": {"uv": [13, 16, 16, 13], "texture": "#1"},
				"south": {"uv": [0, 13, 16, 10], "texture": "#1"},
				"west": {"uv": [0, 16, 3, 13], "texture": "#1"},
				"up": {"uv": [0, 3, 16, 0], "texture": "#0"},
				"down": {"uv": [0, 3, 16, 0], "texture": "#0"}
			}
		},
		{
			"name": "cube",
			"from": [0, 13, 13],
			"to": [16, 16, 16],
			"faces": {
				"north": {"uv": [0, 13, 16, 10], "texture": "#1"},
				"east": {"uv": [0, 16, 3, 13], "texture": "#1"},
				"south": {"uv": [0, 13, 16, 10], "texture": "#1"},
				"west": {"uv": [13, 16, 16, 13], "texture": "#1"},
				"up": {"uv": [0, 16, 16, 13], "texture": "#0"},
				"down": {"uv": [0, 16, 16, 13], "texture": "#0"}
			}
		},
		{
			"name": "cube",
			"from": [13, 13, 3],
			"to": [16, 16, 13],
			"faces": {
				"east": {"uv": [3, 16, 13, 13], "texture": "#1"},
				"west": {"uv": [3, 16, 13, 13], "texture": "#1"},
				"up": {"uv": [13, 13, 16, 3], "texture": "#0"},
				"down": {"uv": [13, 13, 16, 3], "texture": "#0"}
			}
		},
		{
			"name": "cube",
			"from": [0, 13, 3],
			"to": [3, 16, 13],
			"faces": {
				"east": {"uv": [3, 13, 13, 10], "texture": "#1"},
				"west": {"uv": [3, 16, 13, 13], "texture": "#1"},
				"up": {"uv": [0, 13, 3, 3], "texture": "#0"},
				"down": {"uv": [0, 13, 3, 3], "texture": "#0"}
			}
		},
		{
			"name": "cube",
			"from": [5, 14.5, 6.5],
			"to": [7, 15, 9.5],
			"faces": {
				"east": {"uv": [7.5, 8.5, 10.5, 8], "texture": "#1"},
				"west": {"uv": [4, 9, 7.5, 8.5], "texture": "#1"},
				"up": {"uv": [5, 9.5, 7, 6.5], "texture": "#0", "rotation": 180}
			}
		},
		{
			"name": "cube",
			"from": [5, 13.5, 3],
			"to": [7, 14.5, 13],
			"faces": {
				"east": {"uv": [3, 5.5, 13, 4.5], "texture": "#1"},
				"west": {"uv": [3, 5.5, 13, 4.5], "texture": "#1"},
				"down": {"uv": [5, 13, 7, 3], "texture": "#0"}
			}
		},
		{
			"name": "cube",
			"from": [5, 14.5, 11.5],
			"to": [7, 15, 13],
			"faces": {
				"east": {"uv": [11.5, 6, 13, 5.5], "texture": "#1"},
				"west": {"uv": [4, 9, 5.5, 8.5], "texture": "#1"},
				"up": {"uv": [3, 6.5, 4.5, 4.5], "texture": "#0"}
			}
		},
		{
			"name": "cube",
			"from": [5, 14.5, 3],
			"to": [7, 15, 4.5],
			"faces": {
				"east": {"uv": [11.5, 6, 13, 5.5], "texture": "#1"},
				"west": {"uv": [4, 9, 5.5, 8.5], "texture": "#1"},
				"up": {"uv": [13, 9.5, 11.5, 11.5], "texture": "#0", "rotation": 90}
			}
		},
		{
			"name": "cube",
			"from": [9, 14.5, 6.5],
			"to": [11, 15, 9.5],
			"faces": {
				"east": {"uv": [7.5, 8.5, 10.5, 8], "texture": "#1"},
				"west": {"uv": [10, 9, 13, 8.5], "texture": "#1"},
				"up": {"uv": [9, 9, 11, 6], "texture": "#0", "rotation": 180}
			}
		},
		{
			"name": "cube",
			"from": [9, 13.5, 3],
			"to": [11, 14.5, 13],
			"faces": {
				"east": {"uv": [3, 5.5, 13, 4.5], "texture": "#1"},
				"west": {"uv": [3, 5.5, 13, 4.5], "texture": "#1"},
				"down": {"uv": [9, 13, 11, 3], "texture": "#0"}
			}
		},
		{
			"name": "cube",
			"from": [9, 14.5, 3],
			"to": [11, 15, 4.5],
			"faces": {
				"east": {"uv": [11.5, 6, 13, 5.5], "texture": "#1"},
				"west": {"uv": [7, 8.5, 8.5, 8], "texture": "#1"},
				"up": {"uv": [13, 4.5, 11.5, 6.5], "texture": "#0", "rotation": 90}
			}
		},
		{
			"name": "cube",
			"from": [9, 14.5, 11.5],
			"to": [11, 15, 13],
			"faces": {
				"east": {"uv": [11.5, 6, 13, 5.5], "texture": "#1"},
				"west": {"uv": [7, 8.5, 8.5, 8], "texture": "#1"},
				"up": {"uv": [5, 9.5, 3, 11], "texture": "#0", "rotation": 270}
			}
		},
		{
			"name": "cube",
			"from": [7, 14, 4.5],
			"to": [9, 14.5, 6.5],
			"faces": {
				"north": {"uv": [3.5, 4.5, 6.5, 4], "texture": "#1", "rotation": 180},
				"south": {"uv": [7.5, 7.5, 9.5, 7], "texture": "#1"},
				"down": {"uv": [7, 6.5, 9, 4.5], "texture": "#0"}
			}
		},
		{
			"name": "cube",
			"from": [3, 14.5, 4.5],
			"to": [13, 15.5, 6.5],
			"faces": {
				"north": {"uv": [3, 8.5, 13, 7.5], "texture": "#1", "rotation": 180},
				"south": {"uv": [3, 8.5, 13, 7.5], "texture": "#1"},
				"up": {"uv": [11, 3, 9, 13], "texture": "#0", "rotation": 270}
			}
		},
		{
			"name": "cube",
			"from": [3, 14, 4.5],
			"to": [5, 14.5, 6.5],
			"faces": {
				"north": {"uv": [3, 7.5, 5, 7], "texture": "#1", "rotation": 180},
				"south": {"uv": [3, 8.5, 5, 8], "texture": "#1"},
				"down": {"uv": [3, 6.5, 5, 4.5], "texture": "#0"}
			}
		},
		{
			"name": "cube",
			"from": [11, 14, 4.5],
			"to": [13, 14.5, 6.5],
			"faces": {
				"north": {"uv": [3.5, 4.5, 6.5, 4], "texture": "#1", "rotation": 180},
				"south": {"uv": [7.5, 7.5, 9.5, 7], "texture": "#1"},
				"down": {"uv": [11, 6.5, 13, 4.5], "texture": "#0"}
			}
		},
		{
			"name": "cube",
			"from": [7, 14, 9.5],
			"to": [9, 14.5, 11.5],
			"faces": {
				"north": {"uv": [6.5, 5, 8.5, 4.5], "texture": "#1", "rotation": 180},
				"south": {"uv": [4.5, 5, 6.5, 4.5], "texture": "#1", "rotation": 180},
				"down": {"uv": [7, 11.5, 9, 9.5], "texture": "#0"}
			}
		},
		{
			"name": "cube",
			"from": [3, 14.5, 9.5],
			"to": [13, 15.5, 11.5],
			"faces": {
				"north": {"uv": [3, 6, 13, 5], "texture": "#1"},
				"south": {"uv": [3, 5.5, 13, 4.5], "texture": "#1"},
				"up": {"uv": [7, 3, 5, 13], "texture": "#0", "rotation": 270}
			}
		},
		{
			"name": "cube",
			"from": [3, 14, 9.5],
			"to": [5, 14.5, 11.5],
			"faces": {
				"north": {"uv": [10, 5, 12, 4.5], "texture": "#1", "rotation": 180},
				"south": {"uv": [3, 5, 5, 4.5], "texture": "#1", "rotation": 180},
				"down": {"uv": [3, 11.5, 5, 9.5], "texture": "#0"}
			}
		},
		{
			"name": "cube",
			"from": [11, 14, 9.5],
			"to": [13, 14.5, 11.5],
			"faces": {
				"north": {"uv": [4.5, 5, 6.5, 4.5], "texture": "#1", "rotation": 180},
				"south": {"uv": [10.5, 5, 12.5, 4.5], "texture": "#1", "rotation": 180},
				"down": {"uv": [11, 11.5, 13, 9.5], "texture": "#0"}
			}
		}
	],
	"groups": [0, 1, 2, 3,
		{
			"name": "group",
			"isOpen": false,
			"export": true,
			"visibility": true,
			"children": [4, 5, 6, 7]
		},
		{
			"name": "group",
			"isOpen": false,
			"export": true,
			"visibility": true,
			"children": [8, 9, 10, 11]
		},
		{
			"name": "group",
			"isOpen": false,
			"export": true,
			"visibility": true,
			"children": [12, 13, 14, 15]
		},
		{
			"name": "group",
			"isOpen": true,
			"export": true,
			"visibility": true,
			"children": [16, 17, 18, 19]
		}
	]
}