{
	"credit": "Made with Blockbench",
	"textures": {
		"0": "block/repeater_on",
		"1": "block/repeater_side",
		"1_0": "block/redstone_torch",
		"2_0": "block/redstone_torch",
		"particle": "block/redstone_torch"
	},
	"elements": [
		{
			"from": [0, 0, 0],
			"to": [16, 2, 16],
			"faces": {
				"north": {"uv": [0, 14, 16, 16], "texture": "#1"},
				"east": {"uv": [0, 14, 16, 16], "texture": "#1"},
				"south": {"uv": [0, 14, 16, 16], "texture": "#1"},
				"west": {"uv": [0, 14, 16, 16], "texture": "#1"},
				"up": {"uv": [0, 0, 16, 16], "texture": "#0"},
				"down": {"uv": [8, 15.5, 8.5, 16], "texture": "#0"}
			}
		},
		{
			"from": [0, 2, 0],
			"to": [7, 2.5, 16],
			"faces": {
				"north": {"uv": [0, 15.5, 16, 16], "texture": "#1"},
				"east": {"uv": [0, 15.5, 16, 16], "texture": "#1"},
				"south": {"uv": [0, 15.5, 16, 16], "texture": "#1"},
				"west": {"uv": [0, 15.5, 16, 16], "texture": "#1"},
				"up": {"uv": [0, 0, 7, 16], "texture": "#0"},
				"down": {"uv": [0, 15.5, 16, 16], "texture": "#1"}
			}
		},
		{
			"from": [9, 2, 0],
			"to": [16, 2.5, 16],
			"faces": {
				"north": {"uv": [0, 15.5, 16, 16], "texture": "#1"},
				"east": {"uv": [0, 15.5, 16, 16], "texture": "#1"},
				"south": {"uv": [0, 15.5, 16, 16], "texture": "#1"},
				"west": {"uv": [0, 15.5, 16, 16], "texture": "#1"},
				"up": {"uv": [9, 0, 16, 16], "texture": "#0"},
				"down": {"uv": [0, 15.5, 16, 16], "texture": "#1"}
			}
		},
		{
			"from": [7, 2, 0],
			"to": [9, 2.5, 6],
			"faces": {
				"north": {"uv": [0, 15.5, 2, 16], "texture": "#1"},
				"east": {"uv": [0, 15.5, 16, 16], "texture": "#1"},
				"south": {"uv": [0, 15.5, 2, 16], "texture": "#1"},
				"west": {"uv": [0, 15.5, 16, 16], "texture": "#1"},
				"up": {"uv": [7, 0, 9, 6], "texture": "#0"},
				"down": {"uv": [0, 15.5, 16, 16], "texture": "#1"}
			}
		},
		{
			"from": [7, 2, 14],
			"to": [9, 2.5, 16],
			"faces": {
				"north": {"uv": [0, 15.5, 2, 16], "texture": "#1"},
				"east": {"uv": [0, 15.5, 16, 16], "texture": "#1"},
				"south": {"uv": [0, 15.5, 2, 16], "texture": "#1"},
				"west": {"uv": [0, 15.5, 16, 16], "texture": "#1"},
				"up": {"uv": [7, 14, 9, 16], "texture": "#0"},
				"down": {"uv": [0, 15.5, 16, 16], "texture": "#1"}
			}
		},
		{
			"from": [8.5, 2, 6],
			"to": [9, 2.5, 6.5],
			"faces": {
				"north": {"uv": [7, 6, 7.5, 6.5], "texture": "#0"},
				"east": {"uv": [7, 6, 7.5, 6.5], "texture": "#0"},
				"south": {"uv": [7, 6, 7.5, 6.5], "texture": "#0"},
				"west": {"uv": [7, 6, 7.5, 6.5], "texture": "#0"},
				"up": {"uv": [7, 6, 7.5, 6.5], "texture": "#0"},
				"down": {"uv": [7, 6, 7.5, 6.5], "texture": "#0"}
			}
		},
		{
			"from": [7, 2, 6],
			"to": [7.5, 2.5, 6.5],
			"faces": {
				"north": {"uv": [7, 6, 7.5, 6.5], "texture": "#0"},
				"east": {"uv": [7, 6, 7.5, 6.5], "texture": "#0"},
				"south": {"uv": [7, 6, 7.5, 6.5], "texture": "#0"},
				"west": {"uv": [7, 6, 7.5, 6.5], "texture": "#0"},
				"up": {"uv": [7, 6, 7.5, 6.5], "texture": "#0"},
				"down": {"uv": [7, 6, 7.5, 6.5], "texture": "#0"}
			}
		},
		{
			"from": [8.5, 2, 13.5],
			"to": [9, 2.5, 14],
			"faces": {
				"north": {"uv": [7, 6, 7.5, 6.5], "texture": "#0"},
				"east": {"uv": [7, 6, 7.5, 6.5], "texture": "#0"},
				"south": {"uv": [7, 6, 7.5, 6.5], "texture": "#0"},
				"west": {"uv": [7, 6, 7.5, 6.5], "texture": "#0"},
				"up": {"uv": [7, 6, 7.5, 6.5], "texture": "#0"},
				"down": {"uv": [7, 6, 7.5, 6.5], "texture": "#0"}
			}
		},
		{
			"from": [7, 2, 13.5],
			"to": [7.5, 2.5, 14],
			"faces": {
				"north": {"uv": [7, 6, 7.5, 6.5], "texture": "#0"},
				"east": {"uv": [7, 6, 7.5, 6.5], "texture": "#0"},
				"south": {"uv": [7, 6, 7.5, 6.5], "texture": "#0"},
				"west": {"uv": [7, 6, 7.5, 6.5], "texture": "#0"},
				"up": {"uv": [7, 6, 7.5, 6.5], "texture": "#0"},
				"down": {"uv": [7, 6, 7.5, 6.5], "texture": "#0"}
			}
		},
		{
			"from": [7, -1.5, 12],
			"to": [9, 4.5, 14],
			"faces": {
				"north": {"uv": [7, 10, 9, 16], "texture": "#1_0"},
				"east": {"uv": [7, 10, 9, 16], "texture": "#1_0"},
				"south": {"uv": [7, 10, 9, 16], "texture": "#1_0"},
				"west": {"uv": [7, 10, 9, 16], "texture": "#1_0"},
				"up": {"uv": [7, 14, 9, 16], "texture": "#1_0"},
				"down": {"uv": [7, 14, 9, 16], "texture": "#1_0"}
			}
		},
		{
			"from": [5, 3, 12.5],
			"to": [7, 4, 13.5],
			"faces": {
				"north": {"uv": [9, 13.5, 11, 14.5], "texture": "#1_0"},
				"east": {"uv": [9, 13.5, 10, 14.5], "texture": "#1_0"},
				"south": {"uv": [9, 13.5, 11, 14.5], "texture": "#1_0"},
				"west": {"uv": [10, 13.5, 11, 14.5], "texture": "#1_0"},
				"up": {"uv": [9, 13.5, 11, 14.5], "texture": "#1_0"},
				"down": {"uv": [9, 13.5, 11, 14.5], "texture": "#1_0"}
			}
		},
		{
			"from": [9, 3, 12.5],
			"to": [11, 4, 13.5],
			"faces": {
				"north": {"uv": [9, 13.5, 11, 14.5], "texture": "#1_0"},
				"east": {"uv": [9, 13.5, 10, 14.5], "texture": "#1_0"},
				"south": {"uv": [9, 13.5, 11, 14.5], "texture": "#1_0"},
				"west": {"uv": [10, 13.5, 11, 14.5], "texture": "#1_0"},
				"up": {"uv": [9, 13.5, 11, 14.5], "texture": "#1_0"},
				"down": {"uv": [9, 13.5, 11, 14.5], "texture": "#1_0"}
			}
		},
		{
			"from": [7.5, 3, 10],
			"to": [8.5, 4, 12],
			"faces": {
				"north": {"uv": [10, 13.5, 11, 14.5], "texture": "#1_0"},
				"east": {"uv": [9, 13.5, 11, 14.5], "texture": "#1_0"},
				"south": {"uv": [9, 13.5, 10, 14.5], "texture": "#1_0"},
				"west": {"uv": [9, 13.5, 11, 14.5], "texture": "#1_0"},
				"up": {"uv": [9, 13.5, 11, 14.5], "rotation": 90, "texture": "#1_0"},
				"down": {"uv": [9, 13.5, 11, 14.5], "rotation": 90, "texture": "#1_0"}
			}
		},
		{
			"from": [7.5, 3, 14],
			"to": [8.5, 4, 16],
			"faces": {
				"north": {"uv": [10, 13.5, 11, 14.5], "texture": "#1_0"},
				"east": {"uv": [9, 13.5, 11, 14.5], "texture": "#1_0"},
				"south": {"uv": [9, 13.5, 10, 14.5], "texture": "#1_0"},
				"west": {"uv": [9, 13.5, 11, 14.5], "texture": "#1_0"},
				"up": {"uv": [9, 13.5, 11, 14.5], "rotation": 90, "texture": "#1_0"},
				"down": {"uv": [9, 13.5, 11, 14.5], "rotation": 90, "texture": "#1_0"}
			}
		},
		{
			"from": [7.5, 4.5, 11.5],
			"to": [8.5, 5.5, 12.5],
			"faces": {
				"north": {"uv": [7.5, 9.5, 8.5, 10.5], "texture": "#1_0"},
				"east": {"uv": [7.5, 9.5, 8.5, 10.5], "texture": "#1_0"},
				"south": {"uv": [7.5, 9.5, 8.5, 10.5], "texture": "#1_0"},
				"west": {"uv": [7.5, 9.5, 8.5, 10.5], "texture": "#1_0"},
				"up": {"uv": [7.5, 9.5, 8.5, 10], "texture": "#1_0"},
				"down": {"uv": [7.5, 9.5, 8.5, 10.5], "texture": "#1_0"}
			}
		},
		{
			"from": [6.5, 4.5, 12.5],
			"to": [9.5, 5.5, 13.5],
			"faces": {
				"north": {"uv": [7.5, 9.5, 8.5, 10.5], "texture": "#1_0"},
				"east": {"uv": [7.5, 9.5, 8.5, 10.5], "texture": "#1_0"},
				"south": {"uv": [7.5, 9.5, 8.5, 10.5], "texture": "#1_0"},
				"west": {"uv": [7.5, 9.5, 8.5, 10.5], "texture": "#1_0"},
				"up": {"uv": [7.5, 9.5, 8.5, 10], "texture": "#1_0"},
				"down": {"uv": [7.5, 9.5, 8.5, 10.5], "texture": "#1_0"}
			}
		},
		{
			"from": [7, 5, 11.5],
			"to": [9, 5.5, 12.5],
			"faces": {
				"north": {"uv": [7, 9.5, 9, 10], "texture": "#1_0"},
				"east": {"uv": [7.5, 9.5, 8.5, 10], "texture": "#1_0"},
				"south": {"uv": [7, 9.5, 9, 10], "texture": "#1_0"},
				"west": {"uv": [7.5, 9.5, 8.5, 10], "texture": "#1_0"},
				"up": {"uv": [7, 9.5, 9, 10], "texture": "#1_0"},
				"down": {"uv": [7.5, 9.5, 8.5, 10], "texture": "#1_0"}
			}
		},
		{
			"from": [7, 5, 13.5],
			"to": [9, 5.5, 14.5],
			"faces": {
				"north": {"uv": [7, 9.5, 9, 10], "texture": "#1_0"},
				"east": {"uv": [7.5, 9.5, 8.5, 10], "texture": "#1_0"},
				"south": {"uv": [7, 9.5, 9, 10], "texture": "#1_0"},
				"west": {"uv": [7.5, 9.5, 8.5, 10], "texture": "#1_0"},
				"up": {"uv": [7, 9.5, 9, 10], "texture": "#1_0"},
				"down": {"uv": [7.5, 9.5, 8.5, 10], "texture": "#1_0"}
			}
		},
		{
			"from": [7.5, 4.5, 13.5],
			"to": [8.5, 5.5, 14.5],
			"faces": {
				"north": {"uv": [7.5, 9.5, 8.5, 10.5], "texture": "#1_0"},
				"east": {"uv": [7.5, 9.5, 8.5, 10.5], "texture": "#1_0"},
				"south": {"uv": [7.5, 9.5, 8.5, 10.5], "texture": "#1_0"},
				"west": {"uv": [7.5, 9.5, 8.5, 10.5], "texture": "#1_0"},
				"up": {"uv": [7.5, 9.5, 8.5, 10], "texture": "#1_0"},
				"down": {"uv": [7.5, 9.5, 8.5, 10.5], "texture": "#1_0"}
			}
		},
		{
			"from": [6.5, 5, 12],
			"to": [7.5, 5.5, 14],
			"faces": {
				"north": {"uv": [7.5, 9.5, 8.5, 10], "texture": "#1_0"},
				"east": {"uv": [7.5, 9.5, 8.5, 10], "texture": "#1_0"},
				"south": {"uv": [7.5, 9.5, 8.5, 10], "texture": "#1_0"},
				"west": {"uv": [7, 9.5, 9, 10], "texture": "#1_0"},
				"up": {"uv": [7, 9.5, 9, 10], "rotation": 90, "texture": "#1_0"},
				"down": {"uv": [7.5, 9.5, 8.5, 10], "texture": "#1_0"}
			}
		},
		{
			"from": [8.5, 5, 12],
			"to": [9.5, 5.5, 14],
			"faces": {
				"north": {"uv": [7.5, 9.5, 8.5, 10], "texture": "#1_0"},
				"east": {"uv": [7, 9.5, 9, 10], "texture": "#1_0"},
				"south": {"uv": [7.5, 9.5, 8.5, 10], "texture": "#1_0"},
				"west": {"uv": [7, 9.5, 9, 10], "texture": "#1_0"},
				"up": {"uv": [7, 9.5, 9, 10], "rotation": 90, "texture": "#1_0"},
				"down": {"uv": [7.5, 9.5, 8.5, 10], "texture": "#1_0"}
			}
		},
		{
			"from": [7, 5.5, 11.5],
			"to": [7.5, 6, 12],
			"faces": {
				"north": {"uv": [8.5, 9, 9, 9.5], "texture": "#1_0"},
				"east": {"uv": [8.5, 9, 9, 9.5], "texture": "#1_0"},
				"south": {"uv": [8.5, 9, 9, 9.5], "texture": "#1_0"},
				"west": {"uv": [8.5, 9, 9, 9.5], "texture": "#1_0"},
				"up": {"uv": [8.5, 9, 9, 9.5], "texture": "#1_0"},
				"down": {"uv": [8.5, 9, 9, 9.5], "texture": "#1_0"}
			}
		},
		{
			"from": [8.5, 5.5, 11.5],
			"to": [9, 6, 12],
			"faces": {
				"north": {"uv": [8.5, 9, 9, 9.5], "texture": "#1_0"},
				"east": {"uv": [8.5, 9, 9, 9.5], "texture": "#1_0"},
				"south": {"uv": [8.5, 9, 9, 9.5], "texture": "#1_0"},
				"west": {"uv": [8.5, 9, 9, 9.5], "texture": "#1_0"},
				"up": {"uv": [8.5, 9, 9, 9.5], "texture": "#1_0"},
				"down": {"uv": [8.5, 9, 9, 9.5], "texture": "#1_0"}
			}
		},
		{
			"from": [9, 5.5, 12],
			"to": [9.5, 6, 12.5],
			"faces": {
				"north": {"uv": [8.5, 9, 9, 9.5], "texture": "#1_0"},
				"east": {"uv": [8.5, 9, 9, 9.5], "texture": "#1_0"},
				"south": {"uv": [8.5, 9, 9, 9.5], "texture": "#1_0"},
				"west": {"uv": [8.5, 9, 9, 9.5], "texture": "#1_0"},
				"up": {"uv": [8.5, 9, 9, 9.5], "texture": "#1_0"},
				"down": {"uv": [8.5, 9, 9, 9.5], "texture": "#1_0"}
			}
		},
		{
			"from": [9, 5.5, 13.5],
			"to": [9.5, 6, 14],
			"faces": {
				"north": {"uv": [8.5, 9, 9, 9.5], "texture": "#1_0"},
				"east": {"uv": [8.5, 9, 9, 9.5], "texture": "#1_0"},
				"south": {"uv": [8.5, 9, 9, 9.5], "texture": "#1_0"},
				"west": {"uv": [8.5, 9, 9, 9.5], "texture": "#1_0"},
				"up": {"uv": [8.5, 9, 9, 9.5], "texture": "#1_0"},
				"down": {"uv": [8.5, 9, 9, 9.5], "texture": "#1_0"}
			}
		},
		{
			"from": [8.5, 5.5, 14],
			"to": [9, 6, 14.5],
			"faces": {
				"north": {"uv": [8.5, 9, 9, 9.5], "texture": "#1_0"},
				"east": {"uv": [8.5, 9, 9, 9.5], "texture": "#1_0"},
				"south": {"uv": [8.5, 9, 9, 9.5], "texture": "#1_0"},
				"west": {"uv": [8.5, 9, 9, 9.5], "texture": "#1_0"},
				"up": {"uv": [8.5, 9, 9, 9.5], "texture": "#1_0"},
				"down": {"uv": [8.5, 9, 9, 9.5], "texture": "#1_0"}
			}
		},
		{
			"from": [7, 5.5, 14],
			"to": [7.5, 6, 14.5],
			"faces": {
				"north": {"uv": [8.5, 9, 9, 9.5], "texture": "#1_0"},
				"east": {"uv": [8.5, 9, 9, 9.5], "texture": "#1_0"},
				"south": {"uv": [8.5, 9, 9, 9.5], "texture": "#1_0"},
				"west": {"uv": [8.5, 9, 9, 9.5], "texture": "#1_0"},
				"up": {"uv": [8.5, 9, 9, 9.5], "texture": "#1_0"},
				"down": {"uv": [8.5, 9, 9, 9.5], "texture": "#1_0"}
			}
		},
		{
			"from": [6.5, 5.5, 13.5],
			"to": [7, 6, 14],
			"faces": {
				"north": {"uv": [8.5, 9, 9, 9.5], "texture": "#1_0"},
				"east": {"uv": [8.5, 9, 9, 9.5], "texture": "#1_0"},
				"south": {"uv": [8.5, 9, 9, 9.5], "texture": "#1_0"},
				"west": {"uv": [8.5, 9, 9, 9.5], "texture": "#1_0"},
				"up": {"uv": [8.5, 9, 9, 9.5], "texture": "#1_0"},
				"down": {"uv": [8.5, 9, 9, 9.5], "texture": "#1_0"}
			}
		},
		{
			"from": [6.5, 5.5, 12],
			"to": [7, 6, 12.5],
			"faces": {
				"north": {"uv": [8.5, 9, 9, 9.5], "texture": "#1_0"},
				"east": {"uv": [8.5, 9, 9, 9.5], "texture": "#1_0"},
				"south": {"uv": [8.5, 9, 9, 9.5], "texture": "#1_0"},
				"west": {"uv": [8.5, 9, 9, 9.5], "texture": "#1_0"},
				"up": {"uv": [8.5, 9, 9, 9.5], "texture": "#1_0"},
				"down": {"uv": [8.5, 9, 9, 9.5], "texture": "#1_0"}
			}
		},
		{
			"from": [6.5, 6.5, 11.5],
			"to": [9.5, 8.5, 14.5],
			"faces": {
				"north": {"uv": [6.5, 6.5, 9.5, 8.5], "texture": "#1_0"},
				"east": {"uv": [6.5, 6.5, 9.5, 8.5], "texture": "#1_0"},
				"south": {"uv": [6.5, 6.5, 9.5, 8.5], "texture": "#1_0"},
				"west": {"uv": [6.5, 6.5, 9.5, 8.5], "texture": "#1_0"},
				"up": {"uv": [7, 6.5, 9, 8.5], "texture": "#1_0"},
				"down": {"uv": [7, 6.5, 9, 8.5], "texture": "#1_0"}
			}
		},
		{
			"from": [7, 5.5, 12],
			"to": [9, 8.5, 14],
			"faces": {
				"north": {"uv": [7, 6.5, 9, 9.5], "texture": "#1_0"},
				"east": {"uv": [7, 6.5, 9, 9.5], "texture": "#1_0"},
				"south": {"uv": [7, 6.5, 9, 9.5], "texture": "#1_0"},
				"west": {"uv": [7, 6.5, 9, 9.5], "texture": "#1_0"},
				"up": {"uv": [7, 6.5, 9, 8.5], "texture": "#1_0"},
				"down": {"uv": [7, 6.5, 9, 8.5], "texture": "#1_0"}
			}
		},
		{
			"from": [7, 8.5, 12],
			"to": [9, 9, 14],
			"faces": {
				"north": {"uv": [7, 6, 9, 6.5], "texture": "#1_0"},
				"east": {"uv": [7, 6, 9, 6.5], "texture": "#1_0"},
				"south": {"uv": [7, 6, 9, 6.5], "texture": "#1_0"},
				"west": {"uv": [7, 6, 9, 6.5], "texture": "#1_0"},
				"up": {"uv": [7, 6, 9, 8], "texture": "#1_0"},
				"down": {"uv": [7, 6, 9, 6.5], "texture": "#1_0"}
			}
		},
		{
			"from": [7.5, 9, 12.5],
			"to": [8.5, 9.5, 13.5],
			"faces": {
				"north": {"uv": [7.5, 5.5, 8.5, 6], "texture": "#1_0"},
				"east": {"uv": [7.5, 5.5, 8.5, 6], "texture": "#1_0"},
				"south": {"uv": [7.5, 5.5, 8.5, 6], "texture": "#1_0"},
				"west": {"uv": [7.5, 5.5, 8.5, 6], "texture": "#1_0"},
				"up": {"uv": [7.5, 6.5, 8.5, 7.5], "texture": "#1_0"},
				"down": {"uv": [7.5, 5.5, 8.5, 6], "texture": "#1_0"}
			}
		},
		{
			"from": [7, 0, 1],
			"to": [9, 6, 3],
			"rotation": {"angle": 45, "axis": "y", "origin": [8, 8, 2]},
			"faces": {
				"north": {"uv": [7, 10, 9, 16], "texture": "#2_0"},
				"east": {"uv": [7, 10, 9, 16], "texture": "#2_0"},
				"south": {"uv": [7, 10, 9, 16], "texture": "#2_0"},
				"west": {"uv": [7, 10, 9, 16], "texture": "#2_0"},
				"up": {"uv": [7, 14, 9, 16], "texture": "#2_0"},
				"down": {"uv": [7, 15.5, 7.5, 16], "texture": "#0"}
			}
		},
		{
			"from": [5, 3, 1.5],
			"to": [7, 4, 2.5],
			"rotation": {"angle": 45, "axis": "y", "origin": [8, 8, 2]},
			"faces": {
				"north": {"uv": [9, 13.5, 11, 14.5], "texture": "#2_0"},
				"east": {"uv": [9, 13.5, 10, 14.5], "texture": "#2_0"},
				"south": {"uv": [9, 13.5, 11, 14.5], "texture": "#2_0"},
				"west": {"uv": [10, 13.5, 11, 14.5], "texture": "#2_0"},
				"up": {"uv": [9, 13.5, 11, 14.5], "texture": "#2_0"},
				"down": {"uv": [9, 13.5, 11, 14.5], "texture": "#2_0"}
			}
		},
		{
			"from": [5, 4.5, 1.5],
			"to": [7, 5.5, 2.5],
			"rotation": {"angle": 45, "axis": "y", "origin": [8, 8, 2]},
			"faces": {
				"north": {"uv": [9, 13.5, 11, 14.5], "texture": "#2_0"},
				"east": {"uv": [9, 13.5, 10, 14.5], "texture": "#2_0"},
				"south": {"uv": [9, 13.5, 11, 14.5], "texture": "#2_0"},
				"west": {"uv": [10, 13.5, 11, 14.5], "texture": "#2_0"},
				"up": {"uv": [9, 13.5, 11, 14.5], "texture": "#2_0"},
				"down": {"uv": [9, 13.5, 11, 14.5], "texture": "#2_0"}
			}
		},
		{
			"from": [9, 4.5, 1.5],
			"to": [11, 5.5, 2.5],
			"rotation": {"angle": 45, "axis": "y", "origin": [8, 8, 2]},
			"faces": {
				"north": {"uv": [9, 13.5, 11, 14.5], "texture": "#2_0"},
				"east": {"uv": [9, 13.5, 10, 14.5], "texture": "#2_0"},
				"south": {"uv": [9, 13.5, 11, 14.5], "texture": "#2_0"},
				"west": {"uv": [10, 13.5, 11, 14.5], "texture": "#2_0"},
				"up": {"uv": [9, 13.5, 11, 14.5], "texture": "#2_0"},
				"down": {"uv": [9, 13.5, 11, 14.5], "texture": "#2_0"}
			}
		},
		{
			"from": [9, 3, 1.5],
			"to": [11, 4, 2.5],
			"rotation": {"angle": 45, "axis": "y", "origin": [8, 8, 2]},
			"faces": {
				"north": {"uv": [9, 13.5, 11, 14.5], "texture": "#2_0"},
				"east": {"uv": [9, 13.5, 10, 14.5], "texture": "#2_0"},
				"south": {"uv": [9, 13.5, 11, 14.5], "texture": "#2_0"},
				"west": {"uv": [10, 13.5, 11, 14.5], "texture": "#2_0"},
				"up": {"uv": [9, 13.5, 11, 14.5], "texture": "#2_0"},
				"down": {"uv": [9, 13.5, 11, 14.5], "texture": "#2_0"}
			}
		},
		{
			"from": [7.5, 3, -1],
			"to": [8.5, 4, 1],
			"rotation": {"angle": 45, "axis": "y", "origin": [8, 8, 2]},
			"faces": {
				"north": {"uv": [10, 13.5, 11, 14.5], "texture": "#2_0"},
				"east": {"uv": [9, 13.5, 11, 14.5], "texture": "#2_0"},
				"south": {"uv": [9, 13.5, 10, 14.5], "texture": "#2_0"},
				"west": {"uv": [9, 13.5, 11, 14.5], "texture": "#2_0"},
				"up": {"uv": [9, 13.5, 11, 14.5], "rotation": 90, "texture": "#2_0"},
				"down": {"uv": [9, 13.5, 11, 14.5], "rotation": 90, "texture": "#2_0"}
			}
		},
		{
			"from": [7.5, 4.5, -1],
			"to": [8.5, 5.5, 1],
			"rotation": {"angle": 45, "axis": "y", "origin": [8, 8, 2]},
			"faces": {
				"north": {"uv": [10, 13.5, 11, 14.5], "texture": "#2_0"},
				"east": {"uv": [9, 13.5, 11, 14.5], "texture": "#2_0"},
				"south": {"uv": [9, 13.5, 10, 14.5], "texture": "#2_0"},
				"west": {"uv": [9, 13.5, 11, 14.5], "texture": "#2_0"},
				"up": {"uv": [9, 13.5, 11, 14.5], "rotation": 90, "texture": "#2_0"},
				"down": {"uv": [9, 13.5, 11, 14.5], "rotation": 90, "texture": "#2_0"}
			}
		},
		{
			"from": [7.5, 4.5, 3],
			"to": [8.5, 5.5, 5],
			"rotation": {"angle": 45, "axis": "y", "origin": [8, 8, 2]},
			"faces": {
				"north": {"uv": [10, 13.5, 11, 14.5], "texture": "#2_0"},
				"east": {"uv": [9, 13.5, 11, 14.5], "texture": "#2_0"},
				"south": {"uv": [9, 13.5, 10, 14.5], "texture": "#2_0"},
				"west": {"uv": [9, 13.5, 11, 14.5], "texture": "#2_0"},
				"up": {"uv": [9, 13.5, 11, 14.5], "rotation": 90, "texture": "#2_0"},
				"down": {"uv": [9, 13.5, 11, 14.5], "rotation": 90, "texture": "#2_0"}
			}
		},
		{
			"from": [7.5, 3, 3],
			"to": [8.5, 4, 5],
			"rotation": {"angle": 45, "axis": "y", "origin": [8, 8, 2]},
			"faces": {
				"north": {"uv": [10, 13.5, 11, 14.5], "texture": "#2_0"},
				"east": {"uv": [9, 13.5, 11, 14.5], "texture": "#2_0"},
				"south": {"uv": [9, 13.5, 10, 14.5], "texture": "#2_0"},
				"west": {"uv": [9, 13.5, 11, 14.5], "texture": "#2_0"},
				"up": {"uv": [9, 13.5, 11, 14.5], "rotation": 90, "texture": "#2_0"},
				"down": {"uv": [9, 13.5, 11, 14.5], "rotation": 90, "texture": "#2_0"}
			}
		},
		{
			"from": [7.5, 6, 0.5],
			"to": [8.5, 7, 1.5],
			"rotation": {"angle": 45, "axis": "y", "origin": [8, 8, 2]},
			"faces": {
				"north": {"uv": [7.5, 9.5, 8.5, 10.5], "texture": "#2_0"},
				"east": {"uv": [7.5, 9.5, 8.5, 10.5], "texture": "#2_0"},
				"south": {"uv": [7.5, 9.5, 8.5, 10.5], "texture": "#2_0"},
				"west": {"uv": [7.5, 9.5, 8.5, 10.5], "texture": "#2_0"},
				"up": {"uv": [7.5, 9.5, 8.5, 10], "texture": "#2_0"},
				"down": {"uv": [7.5, 9.5, 8.5, 10.5], "texture": "#2_0"}
			}
		},
		{
			"from": [6.5, 6, 1.5],
			"to": [9.5, 7, 2.5],
			"rotation": {"angle": 45, "axis": "y", "origin": [8, 8, 2]},
			"faces": {
				"north": {"uv": [7.5, 9.5, 8.5, 10.5], "texture": "#2_0"},
				"east": {"uv": [7.5, 9.5, 8.5, 10.5], "texture": "#2_0"},
				"south": {"uv": [7.5, 9.5, 8.5, 10.5], "texture": "#2_0"},
				"west": {"uv": [7.5, 9.5, 8.5, 10.5], "texture": "#2_0"},
				"up": {"uv": [7.5, 9.5, 8.5, 10], "texture": "#2_0"},
				"down": {"uv": [7.5, 9.5, 8.5, 10.5], "texture": "#2_0"}
			}
		},
		{
			"from": [7, 6.5, 0.5],
			"to": [9, 7, 1.5],
			"rotation": {"angle": 45, "axis": "y", "origin": [8, 8, 2]},
			"faces": {
				"north": {"uv": [7, 9.5, 9, 10], "texture": "#2_0"},
				"east": {"uv": [7.5, 9.5, 8.5, 10], "texture": "#2_0"},
				"south": {"uv": [7, 9.5, 9, 10], "texture": "#2_0"},
				"west": {"uv": [7.5, 9.5, 8.5, 10], "texture": "#2_0"},
				"up": {"uv": [7, 9.5, 9, 10], "texture": "#2_0"},
				"down": {"uv": [7.5, 9.5, 8.5, 10], "texture": "#2_0"}
			}
		},
		{
			"from": [7, 6.5, 2.5],
			"to": [9, 7, 3.5],
			"rotation": {"angle": 45, "axis": "y", "origin": [8, 8, 2]},
			"faces": {
				"north": {"uv": [7, 9.5, 9, 10], "texture": "#2_0"},
				"east": {"uv": [7.5, 9.5, 8.5, 10], "texture": "#2_0"},
				"south": {"uv": [7, 9.5, 9, 10], "texture": "#2_0"},
				"west": {"uv": [7.5, 9.5, 8.5, 10], "texture": "#2_0"},
				"up": {"uv": [7, 9.5, 9, 10], "texture": "#2_0"},
				"down": {"uv": [7.5, 9.5, 8.5, 10], "texture": "#2_0"}
			}
		},
		{
			"from": [7.5, 6, 2.5],
			"to": [8.5, 7, 3.5],
			"rotation": {"angle": 45, "axis": "y", "origin": [8, 8, 2]},
			"faces": {
				"north": {"uv": [7.5, 9.5, 8.5, 10.5], "texture": "#2_0"},
				"east": {"uv": [7.5, 9.5, 8.5, 10.5], "texture": "#2_0"},
				"south": {"uv": [7.5, 9.5, 8.5, 10.5], "texture": "#2_0"},
				"west": {"uv": [7.5, 9.5, 8.5, 10.5], "texture": "#2_0"},
				"up": {"uv": [7.5, 9.5, 8.5, 10], "texture": "#2_0"},
				"down": {"uv": [7.5, 9.5, 8.5, 10.5], "texture": "#2_0"}
			}
		},
		{
			"from": [6.5, 6.5, 1],
			"to": [7.5, 7, 3],
			"rotation": {"angle": 45, "axis": "y", "origin": [8, 8, 2]},
			"faces": {
				"north": {"uv": [7.5, 9.5, 8.5, 10], "texture": "#2_0"},
				"east": {"uv": [7.5, 9.5, 8.5, 10], "texture": "#2_0"},
				"south": {"uv": [7.5, 9.5, 8.5, 10], "texture": "#2_0"},
				"west": {"uv": [7, 9.5, 9, 10], "texture": "#2_0"},
				"up": {"uv": [7, 9.5, 9, 10], "rotation": 90, "texture": "#2_0"},
				"down": {"uv": [7.5, 9.5, 8.5, 10], "texture": "#2_0"}
			}
		},
		{
			"from": [8.5, 6.5, 1],
			"to": [9.5, 7, 3],
			"rotation": {"angle": 45, "axis": "y", "origin": [8, 8, 2]},
			"faces": {
				"north": {"uv": [7.5, 9.5, 8.5, 10], "texture": "#2_0"},
				"east": {"uv": [7, 9.5, 9, 10], "texture": "#2_0"},
				"south": {"uv": [7.5, 9.5, 8.5, 10], "texture": "#2_0"},
				"west": {"uv": [7, 9.5, 9, 10], "texture": "#2_0"},
				"up": {"uv": [7, 9.5, 9, 10], "rotation": 90, "texture": "#2_0"},
				"down": {"uv": [7.5, 9.5, 8.5, 10], "texture": "#2_0"}
			}
		},
		{
			"from": [7, 7, 0.5],
			"to": [7.5, 7.5, 1],
			"rotation": {"angle": 45, "axis": "y", "origin": [8, 8, 2]},
			"faces": {
				"north": {"uv": [8.5, 9, 9, 9.5], "texture": "#2_0"},
				"east": {"uv": [8.5, 9, 9, 9.5], "texture": "#2_0"},
				"south": {"uv": [8.5, 9, 9, 9.5], "texture": "#2_0"},
				"west": {"uv": [8.5, 9, 9, 9.5], "texture": "#2_0"},
				"up": {"uv": [8.5, 9, 9, 9.5], "texture": "#2_0"},
				"down": {"uv": [8.5, 9, 9, 9.5], "texture": "#2_0"}
			}
		},
		{
			"from": [8.5, 7, 0.5],
			"to": [9, 7.5, 1],
			"rotation": {"angle": 45, "axis": "y", "origin": [8, 8, 2]},
			"faces": {
				"north": {"uv": [8.5, 9, 9, 9.5], "texture": "#2_0"},
				"east": {"uv": [8.5, 9, 9, 9.5], "texture": "#2_0"},
				"south": {"uv": [8.5, 9, 9, 9.5], "texture": "#2_0"},
				"west": {"uv": [8.5, 9, 9, 9.5], "texture": "#2_0"},
				"up": {"uv": [8.5, 9, 9, 9.5], "texture": "#2_0"},
				"down": {"uv": [8.5, 9, 9, 9.5], "texture": "#2_0"}
			}
		},
		{
			"from": [9, 7, 1],
			"to": [9.5, 7.5, 1.5],
			"rotation": {"angle": 45, "axis": "y", "origin": [8, 8, 2]},
			"faces": {
				"north": {"uv": [8.5, 9, 9, 9.5], "texture": "#2_0"},
				"east": {"uv": [8.5, 9, 9, 9.5], "texture": "#2_0"},
				"south": {"uv": [8.5, 9, 9, 9.5], "texture": "#2_0"},
				"west": {"uv": [8.5, 9, 9, 9.5], "texture": "#2_0"},
				"up": {"uv": [8.5, 9, 9, 9.5], "texture": "#2_0"},
				"down": {"uv": [8.5, 9, 9, 9.5], "texture": "#2_0"}
			}
		},
		{
			"from": [9, 7, 2.5],
			"to": [9.5, 7.5, 3],
			"rotation": {"angle": 45, "axis": "y", "origin": [8, 8, 2]},
			"faces": {
				"north": {"uv": [8.5, 9, 9, 9.5], "texture": "#2_0"},
				"east": {"uv": [8.5, 9, 9, 9.5], "texture": "#2_0"},
				"south": {"uv": [8.5, 9, 9, 9.5], "texture": "#2_0"},
				"west": {"uv": [8.5, 9, 9, 9.5], "texture": "#2_0"},
				"up": {"uv": [8.5, 9, 9, 9.5], "texture": "#2_0"},
				"down": {"uv": [8.5, 9, 9, 9.5], "texture": "#2_0"}
			}
		},
		{
			"from": [8.5, 7, 3],
			"to": [9, 7.5, 3.5],
			"rotation": {"angle": 45, "axis": "y", "origin": [8, 8, 2]},
			"faces": {
				"north": {"uv": [8.5, 9, 9, 9.5], "texture": "#2_0"},
				"east": {"uv": [8.5, 9, 9, 9.5], "texture": "#2_0"},
				"south": {"uv": [8.5, 9, 9, 9.5], "texture": "#2_0"},
				"west": {"uv": [8.5, 9, 9, 9.5], "texture": "#2_0"},
				"up": {"uv": [8.5, 9, 9, 9.5], "texture": "#2_0"},
				"down": {"uv": [8.5, 9, 9, 9.5], "texture": "#2_0"}
			}
		},
		{
			"from": [7, 7, 3],
			"to": [7.5, 7.5, 3.5],
			"rotation": {"angle": 45, "axis": "y", "origin": [8, 8, 2]},
			"faces": {
				"north": {"uv": [8.5, 9, 9, 9.5], "texture": "#2_0"},
				"east": {"uv": [8.5, 9, 9, 9.5], "texture": "#2_0"},
				"south": {"uv": [8.5, 9, 9, 9.5], "texture": "#2_0"},
				"west": {"uv": [8.5, 9, 9, 9.5], "texture": "#2_0"},
				"up": {"uv": [8.5, 9, 9, 9.5], "texture": "#2_0"},
				"down": {"uv": [8.5, 9, 9, 9.5], "texture": "#2_0"}
			}
		},
		{
			"from": [6.5, 7, 2.5],
			"to": [7, 7.5, 3],
			"rotation": {"angle": 45, "axis": "y", "origin": [8, 8, 2]},
			"faces": {
				"north": {"uv": [8.5, 9, 9, 9.5], "texture": "#2_0"},
				"east": {"uv": [8.5, 9, 9, 9.5], "texture": "#2_0"},
				"south": {"uv": [8.5, 9, 9, 9.5], "texture": "#2_0"},
				"west": {"uv": [8.5, 9, 9, 9.5], "texture": "#2_0"},
				"up": {"uv": [8.5, 9, 9, 9.5], "texture": "#2_0"},
				"down": {"uv": [8.5, 9, 9, 9.5], "texture": "#2_0"}
			}
		},
		{
			"from": [6.5, 7, 1],
			"to": [7, 7.5, 1.5],
			"rotation": {"angle": 45, "axis": "y", "origin": [8, 8, 2]},
			"faces": {
				"north": {"uv": [8.5, 9, 9, 9.5], "texture": "#2_0"},
				"east": {"uv": [8.5, 9, 9, 9.5], "texture": "#2_0"},
				"south": {"uv": [8.5, 9, 9, 9.5], "texture": "#2_0"},
				"west": {"uv": [8.5, 9, 9, 9.5], "texture": "#2_0"},
				"up": {"uv": [8.5, 9, 9, 9.5], "texture": "#2_0"},
				"down": {"uv": [8.5, 9, 9, 9.5], "texture": "#2_0"}
			}
		},
		{
			"from": [6.5, 8, 0.5],
			"to": [9.5, 10, 3.5],
			"rotation": {"angle": 45, "axis": "y", "origin": [8, 8, 2]},
			"faces": {
				"north": {"uv": [6.5, 6.5, 9.5, 8.5], "texture": "#2_0"},
				"east": {"uv": [6.5, 6.5, 9.5, 8.5], "texture": "#2_0"},
				"south": {"uv": [6.5, 6.5, 9.5, 8.5], "texture": "#2_0"},
				"west": {"uv": [6.5, 6.5, 9.5, 8.5], "texture": "#2_0"},
				"up": {"uv": [7, 6.5, 9, 8.5], "texture": "#2_0"},
				"down": {"uv": [7, 6.5, 9, 8.5], "texture": "#2_0"}
			}
		},
		{
			"from": [7, 7, 1],
			"to": [9, 10, 3],
			"rotation": {"angle": 45, "axis": "y", "origin": [8, 8, 2]},
			"faces": {
				"north": {"uv": [7, 6.5, 9, 9.5], "texture": "#2_0"},
				"east": {"uv": [7, 6.5, 9, 9.5], "texture": "#2_0"},
				"south": {"uv": [7, 6.5, 9, 9.5], "texture": "#2_0"},
				"west": {"uv": [7, 6.5, 9, 9.5], "texture": "#2_0"},
				"up": {"uv": [7, 6.5, 9, 8.5], "texture": "#2_0"},
				"down": {"uv": [7, 6.5, 9, 8.5], "texture": "#2_0"}
			}
		},
		{
			"from": [7, 10, 1],
			"to": [9, 10.5, 3],
			"rotation": {"angle": 45, "axis": "y", "origin": [8, 8, 2]},
			"faces": {
				"north": {"uv": [7, 6, 9, 6.5], "texture": "#2_0"},
				"east": {"uv": [7, 6, 9, 6.5], "texture": "#2_0"},
				"south": {"uv": [7, 6, 9, 6.5], "texture": "#2_0"},
				"west": {"uv": [7, 6, 9, 6.5], "texture": "#2_0"},
				"up": {"uv": [7, 6, 9, 8], "texture": "#2_0"},
				"down": {"uv": [7, 6, 9, 6.5], "texture": "#2_0"}
			}
		},
		{
			"from": [7.5, 10.5, 1.5],
			"to": [8.5, 11, 2.5],
			"rotation": {"angle": 45, "axis": "y", "origin": [8, 8, 2]},
			"faces": {
				"north": {"uv": [7.5, 5.5, 8.5, 6], "texture": "#2_0"},
				"east": {"uv": [7.5, 5.5, 8.5, 6], "texture": "#2_0"},
				"south": {"uv": [7.5, 5.5, 8.5, 6], "texture": "#2_0"},
				"west": {"uv": [7.5, 5.5, 8.5, 6], "texture": "#2_0"},
				"up": {"uv": [7.5, 6.5, 8.5, 7.5], "texture": "#2_0"},
				"down": {"uv": [7.5, 5.5, 8.5, 6], "texture": "#2_0"}
			}
		},
		{
			"from": [7.5, 12, -3.5],
			"to": [8.5, 12.5, -2.5],
			"rotation": {"angle": 45, "axis": "y", "origin": [8, 8, 2]},
			"faces": {
				"north": {"uv": [5, 8.5, 5.5, 9], "rotation": 90, "texture": "#2_0"},
				"east": {"uv": [6.5, 4, 7.5, 4.5], "texture": "#2_0"},
				"south": {"uv": [5, 8.5, 5.5, 9], "rotation": 90, "texture": "#2_0"},
				"west": {"uv": [7.5, 4, 6.5, 4.5], "texture": "#2_0"},
				"up": {"uv": [5, 8.5, 5.5, 9], "texture": "#2_0"},
				"down": {"uv": [5, 8.5, 5.5, 9], "rotation": 180, "texture": "#2_0"}
			}
		},
		{
			"from": [7.5, 11, -3.5],
			"to": [8.5, 12, -2],
			"rotation": {"angle": 45, "axis": "y", "origin": [8, 8, 2]},
			"faces": {
				"north": {"uv": [5, 8.5, 5.5, 9], "rotation": 90, "texture": "#2_0"},
				"east": {"uv": [6, 4.5, 7.5, 5.5], "texture": "#2_0"},
				"south": {"uv": [5, 8.5, 5.5, 9], "rotation": 90, "texture": "#2_0"},
				"west": {"uv": [7.5, 4.5, 6, 5.5], "texture": "#2_0"},
				"up": {"uv": [5, 8.5, 5.5, 9], "texture": "#2_0"},
				"down": {"uv": [5, 8.5, 5.5, 9], "rotation": 180, "texture": "#2_0"}
			}
		},
		{
			"from": [7.5, 10.5, -3],
			"to": [8.5, 11.5, -1.5],
			"rotation": {"angle": 45, "axis": "y", "origin": [8, 8, 2]},
			"faces": {
				"north": {"uv": [5, 8.5, 5.5, 9], "rotation": 90, "texture": "#2_0"},
				"east": {"uv": [5.5, 5, 7, 6], "texture": "#2_0"},
				"south": {"uv": [5, 8.5, 5.5, 9], "rotation": 90, "texture": "#2_0"},
				"west": {"uv": [7, 5, 5.5, 6], "texture": "#2_0"},
				"up": {"uv": [5, 8.5, 5.5, 9], "texture": "#2_0"},
				"down": {"uv": [5, 8.5, 5.5, 9], "rotation": 180, "texture": "#2_0"}
			}
		},
		{
			"from": [7.5, 10, -2.5],
			"to": [8.5, 11, -1],
			"rotation": {"angle": 45, "axis": "y", "origin": [8, 8, 2]},
			"faces": {
				"north": {"uv": [5, 8.5, 5.5, 9], "rotation": 90, "texture": "#2_0"},
				"east": {"uv": [5, 5.5, 6.5, 6.5], "texture": "#2_0"},
				"south": {"uv": [5, 8.5, 5.5, 9], "rotation": 90, "texture": "#2_0"},
				"west": {"uv": [6.5, 5.5, 5, 6.5], "texture": "#2_0"},
				"up": {"uv": [5, 8.5, 5.5, 9], "texture": "#2_0"},
				"down": {"uv": [5, 8.5, 5.5, 9], "rotation": 180, "texture": "#2_0"}
			}
		},
		{
			"from": [7.5, 8, -2],
			"to": [8.5, 10.5, -0.5],
			"rotation": {"angle": 45, "axis": "y", "origin": [8, 8, 2]},
			"faces": {
				"north": {"uv": [5, 8.5, 5.5, 9], "rotation": 90, "texture": "#2_0"},
				"east": {"uv": [6, 6, 4.5, 8.5], "texture": "#2_0"},
				"south": {"uv": [5, 8.5, 5.5, 9], "rotation": 90, "texture": "#2_0"},
				"west": {"uv": [4.5, 6, 6, 8.5], "texture": "#2_0"},
				"up": {"uv": [5, 8.5, 5.5, 9], "texture": "#2_0"},
				"down": {"uv": [5, 8.5, 5.5, 9], "rotation": 180, "texture": "#2_0"}
			}
		},
		{
			"from": [7.5, 7.5, -1.5],
			"to": [8.5, 10, -0.5],
			"rotation": {"angle": 45, "axis": "y", "origin": [8, 8, 2]},
			"faces": {
				"north": {"uv": [5, 8.5, 5.5, 9], "rotation": 90, "texture": "#2_0"},
				"east": {"uv": [6, 6.5, 5, 9], "texture": "#2_0"},
				"south": {"uv": [5, 8.5, 5.5, 9], "rotation": 90, "texture": "#2_0"},
				"west": {"uv": [5, 6.5, 6, 9], "texture": "#2_0"},
				"up": {"uv": [5, 8.5, 5.5, 9], "texture": "#2_0"},
				"down": {"uv": [5, 8.5, 5.5, 9], "rotation": 180, "texture": "#2_0"}
			}
		},
		{
			"from": [7.5, 7, -1],
			"to": [8.5, 9, -0.5],
			"rotation": {"angle": 45, "axis": "y", "origin": [8, 8, 2]},
			"faces": {
				"north": {"uv": [5.5, 7.5, 6, 9.5], "texture": "#2_0"},
				"east": {"uv": [5.5, 7.5, 6, 9.5], "texture": "#2_0"},
				"south": {"uv": [5.5, 7.5, 6, 9.5], "texture": "#2_0"},
				"west": {"uv": [5.5, 7.5, 6, 9.5], "texture": "#2_0"},
				"up": {"uv": [5.5, 7.5, 6, 9.5], "rotation": 270, "texture": "#2_0"},
				"down": {"uv": [5.5, 9, 6, 9.5], "rotation": 90, "texture": "#2_0"}
			}
		},
		{
			"from": [7.5, 6.5, -0.5],
			"to": [8.5, 8.5, 0],
			"rotation": {"angle": 45, "axis": "y", "origin": [8, 8, 2]},
			"faces": {
				"north": {"uv": [6, 8, 6.5, 10], "texture": "#2_0"},
				"east": {"uv": [6, 8, 6.5, 10], "texture": "#2_0"},
				"south": {"uv": [6, 8, 6.5, 10], "texture": "#2_0"},
				"west": {"uv": [6, 8, 6.5, 10], "texture": "#2_0"},
				"up": {"uv": [6, 8, 6.5, 8.5], "rotation": 270, "texture": "#2_0"},
				"down": {"uv": [6, 9.5, 6.5, 10], "rotation": 90, "texture": "#2_0"}
			}
		},
		{
			"from": [7.5, 6, 0],
			"to": [8.5, 8, 0.5],
			"rotation": {"angle": 45, "axis": "y", "origin": [8, 8, 2]},
			"faces": {
				"north": {"uv": [6.5, 8.5, 7, 10.5], "texture": "#2_0"},
				"east": {"uv": [6.5, 8.5, 7, 10.5], "texture": "#2_0"},
				"south": {"uv": [6.5, 8.5, 7, 10.5], "texture": "#2_0"},
				"west": {"uv": [6.5, 8.5, 7, 10.5], "texture": "#2_0"},
				"up": {"uv": [6.5, 8.5, 7, 9], "rotation": 270, "texture": "#2_0"},
				"down": {"uv": [6.5, 8.5, 7, 10.5], "rotation": 90, "texture": "#2_0"}
			}
		},
		{
			"from": [7.5, 6, 3.5],
			"to": [8.5, 8, 4],
			"rotation": {"angle": 45, "axis": "y", "origin": [8, 8, 2]},
			"faces": {
				"north": {"uv": [6.5, 8.5, 7, 10.5], "texture": "#2_0"},
				"east": {"uv": [6.5, 8.5, 7, 10.5], "texture": "#2_0"},
				"south": {"uv": [6.5, 8.5, 7, 10.5], "texture": "#2_0"},
				"west": {"uv": [6.5, 8.5, 7, 10.5], "texture": "#2_0"},
				"up": {"uv": [6.5, 8.5, 7, 9], "rotation": 90, "texture": "#2_0"},
				"down": {"uv": [6.5, 8.5, 7, 10.5], "rotation": 270, "texture": "#2_0"}
			}
		},
		{
			"from": [7.5, 6.5, 4],
			"to": [8.5, 8.5, 4.5],
			"rotation": {"angle": 45, "axis": "y", "origin": [8, 8, 2]},
			"faces": {
				"north": {"uv": [6, 8, 6.5, 10], "texture": "#2_0"},
				"east": {"uv": [6, 8, 6.5, 10], "texture": "#2_0"},
				"south": {"uv": [6, 8, 6.5, 10], "texture": "#2_0"},
				"west": {"uv": [6, 8, 6.5, 10], "texture": "#2_0"},
				"up": {"uv": [6, 8, 6.5, 8.5], "rotation": 90, "texture": "#2_0"},
				"down": {"uv": [6, 9.5, 6.5, 10], "rotation": 270, "texture": "#2_0"}
			}
		},
		{
			"from": [7.5, 7, 4.5],
			"to": [8.5, 9, 5],
			"rotation": {"angle": 45, "axis": "y", "origin": [8, 8, 2]},
			"faces": {
				"north": {"uv": [5.5, 7.5, 6, 9.5], "texture": "#2_0"},
				"east": {"uv": [5.5, 7.5, 6, 9.5], "texture": "#2_0"},
				"south": {"uv": [5.5, 7.5, 6, 9.5], "texture": "#2_0"},
				"west": {"uv": [5.5, 7.5, 6, 9.5], "texture": "#2_0"},
				"up": {"uv": [5.5, 7.5, 6, 9.5], "rotation": 90, "texture": "#2_0"},
				"down": {"uv": [5.5, 9, 6, 9.5], "rotation": 270, "texture": "#2_0"}
			}
		},
		{
			"from": [7.5, 7.5, 4.5],
			"to": [8.5, 10, 5.5],
			"rotation": {"angle": 45, "axis": "y", "origin": [8, 8, 2]},
			"faces": {
				"north": {"uv": [5, 8.5, 5.5, 9], "rotation": 90, "texture": "#2_0"},
				"east": {"uv": [5, 6.5, 6, 9], "texture": "#2_0"},
				"south": {"uv": [5, 8.5, 5.5, 9], "rotation": 90, "texture": "#2_0"},
				"west": {"uv": [6, 6.5, 5, 9], "texture": "#2_0"},
				"up": {"uv": [5, 8.5, 5.5, 9], "rotation": 180, "texture": "#2_0"},
				"down": {"uv": [5, 8.5, 5.5, 9], "texture": "#2_0"}
			}
		},
		{
			"from": [7.5, 8, 4.5],
			"to": [8.5, 10.5, 6],
			"rotation": {"angle": 45, "axis": "y", "origin": [8, 8, 2]},
			"faces": {
				"north": {"uv": [5, 8.5, 5.5, 9], "rotation": 90, "texture": "#2_0"},
				"east": {"uv": [4.5, 6, 6, 8.5], "texture": "#2_0"},
				"south": {"uv": [5, 8.5, 5.5, 9], "rotation": 90, "texture": "#2_0"},
				"west": {"uv": [6, 6, 4.5, 8.5], "texture": "#2_0"},
				"up": {"uv": [5, 8.5, 5.5, 9], "rotation": 180, "texture": "#2_0"},
				"down": {"uv": [5, 8.5, 5.5, 9], "texture": "#2_0"}
			}
		},
		{
			"from": [7.5, 10, 5],
			"to": [8.5, 11, 6.5],
			"rotation": {"angle": 45, "axis": "y", "origin": [8, 8, 2]},
			"faces": {
				"north": {"uv": [5, 8.5, 5.5, 9], "rotation": 90, "texture": "#2_0"},
				"east": {"uv": [6.5, 5.5, 5, 6.5], "texture": "#2_0"},
				"south": {"uv": [5, 8.5, 5.5, 9], "rotation": 90, "texture": "#2_0"},
				"west": {"uv": [5, 5.5, 6.5, 6.5], "texture": "#2_0"},
				"up": {"uv": [5, 8.5, 5.5, 9], "rotation": 180, "texture": "#2_0"},
				"down": {"uv": [5, 8.5, 5.5, 9], "texture": "#2_0"}
			}
		},
		{
			"from": [7.5, 10.5, 5.5],
			"to": [8.5, 11.5, 7],
			"rotation": {"angle": 45, "axis": "y", "origin": [8, 8, 2]},
			"faces": {
				"north": {"uv": [5, 8.5, 5.5, 9], "rotation": 90, "texture": "#2_0"},
				"east": {"uv": [7, 5, 5.5, 6], "texture": "#2_0"},
				"south": {"uv": [5, 8.5, 5.5, 9], "rotation": 90, "texture": "#2_0"},
				"west": {"uv": [5.5, 5, 7, 6], "texture": "#2_0"},
				"up": {"uv": [5, 8.5, 5.5, 9], "rotation": 180, "texture": "#2_0"},
				"down": {"uv": [5, 8.5, 5.5, 9], "texture": "#2_0"}
			}
		},
		{
			"from": [7.5, 11, 6],
			"to": [8.5, 12, 7.5],
			"rotation": {"angle": 45, "axis": "y", "origin": [8, 8, 2]},
			"faces": {
				"north": {"uv": [5, 8.5, 5.5, 9], "rotation": 90, "texture": "#2_0"},
				"east": {"uv": [7.5, 4.5, 6, 5.5], "texture": "#2_0"},
				"south": {"uv": [5, 8.5, 5.5, 9], "rotation": 90, "texture": "#2_0"},
				"west": {"uv": [6, 4.5, 7.5, 5.5], "texture": "#2_0"},
				"up": {"uv": [5, 8.5, 5.5, 9], "rotation": 180, "texture": "#2_0"},
				"down": {"uv": [5, 8.5, 5.5, 9], "texture": "#2_0"}
			}
		},
		{
			"from": [7.5, 12, 6.5],
			"to": [8.5, 12.5, 7.5],
			"rotation": {"angle": 45, "axis": "y", "origin": [8, 8, 2]},
			"faces": {
				"north": {"uv": [5, 8.5, 5.5, 9], "rotation": 90, "texture": "#2_0"},
				"east": {"uv": [7.5, 4, 6.5, 4.5], "texture": "#2_0"},
				"south": {"uv": [5, 8.5, 5.5, 9], "rotation": 90, "texture": "#2_0"},
				"west": {"uv": [6.5, 4, 7.5, 4.5], "texture": "#2_0"},
				"up": {"uv": [5, 8.5, 5.5, 9], "rotation": 180, "texture": "#2_0"},
				"down": {"uv": [5, 8.5, 5.5, 9], "texture": "#2_0"}
			}
		},
		{
			"from": [9.5, 6, 1.5],
			"to": [10, 8, 2.5],
			"rotation": {"angle": 45, "axis": "y", "origin": [8, 8, 2]},
			"faces": {
				"north": {"uv": [6.5, 8.5, 7, 10.5], "texture": "#2_0"},
				"east": {"uv": [6.5, 8.5, 7, 10.5], "texture": "#2_0"},
				"south": {"uv": [6.5, 8.5, 7, 10.5], "texture": "#2_0"},
				"west": {"uv": [6.5, 8.5, 7, 10.5], "texture": "#2_0"},
				"up": {"uv": [6.5, 8.5, 7, 9], "texture": "#2_0"},
				"down": {"uv": [6.5, 8.5, 7, 10.5], "texture": "#2_0"}
			}
		},
		{
			"from": [10, 6.5, 1.5],
			"to": [10.5, 8.5, 2.5],
			"rotation": {"angle": 45, "axis": "y", "origin": [8, 8, 2]},
			"faces": {
				"north": {"uv": [6, 8, 6.5, 10], "texture": "#2_0"},
				"east": {"uv": [6, 8, 6.5, 10], "texture": "#2_0"},
				"south": {"uv": [6, 8, 6.5, 10], "texture": "#2_0"},
				"west": {"uv": [6, 8, 6.5, 10], "texture": "#2_0"},
				"up": {"uv": [6, 8, 6.5, 8.5], "texture": "#2_0"},
				"down": {"uv": [6, 9.5, 6.5, 10], "texture": "#2_0"}
			}
		},
		{
			"from": [10.5, 7, 1.5],
			"to": [11, 9, 2.5],
			"rotation": {"angle": 45, "axis": "y", "origin": [8, 8, 2]},
			"faces": {
				"north": {"uv": [5.5, 7.5, 6, 9.5], "texture": "#2_0"},
				"east": {"uv": [5.5, 7.5, 6, 9.5], "texture": "#2_0"},
				"south": {"uv": [5.5, 7.5, 6, 9.5], "texture": "#2_0"},
				"west": {"uv": [5.5, 7.5, 6, 9.5], "texture": "#2_0"},
				"up": {"uv": [5.5, 7.5, 6, 9.5], "texture": "#2_0"},
				"down": {"uv": [5.5, 9, 6, 9.5], "texture": "#2_0"}
			}
		},
		{
			"from": [10.5, 7.5, 1.5],
			"to": [11.5, 10, 2.5],
			"rotation": {"angle": 45, "axis": "y", "origin": [8, 8, 2]},
			"faces": {
				"north": {"uv": [5, 6.5, 6, 9], "texture": "#2_0"},
				"east": {"uv": [5, 8.5, 5.5, 9], "rotation": 90, "texture": "#2_0"},
				"south": {"uv": [6, 6.5, 5, 9], "texture": "#2_0"},
				"west": {"uv": [5, 8.5, 5.5, 9], "rotation": 90, "texture": "#2_0"},
				"up": {"uv": [5, 8.5, 5.5, 9], "rotation": 90, "texture": "#2_0"},
				"down": {"uv": [5, 8.5, 5.5, 9], "rotation": 90, "texture": "#2_0"}
			}
		},
		{
			"from": [10.5, 8, 1.5],
			"to": [12, 10.5, 2.5],
			"rotation": {"angle": 45, "axis": "y", "origin": [8, 8, 2]},
			"faces": {
				"north": {"uv": [4.5, 6, 6, 8.5], "texture": "#2_0"},
				"east": {"uv": [5, 8.5, 5.5, 9], "rotation": 90, "texture": "#2_0"},
				"south": {"uv": [6, 6, 4.5, 8.5], "texture": "#2_0"},
				"west": {"uv": [5, 8.5, 5.5, 9], "rotation": 90, "texture": "#2_0"},
				"up": {"uv": [5, 8.5, 5.5, 9], "rotation": 90, "texture": "#2_0"},
				"down": {"uv": [5, 8.5, 5.5, 9], "rotation": 90, "texture": "#2_0"}
			}
		},
		{
			"from": [11, 10, 1.5],
			"to": [12.5, 11, 2.5],
			"rotation": {"angle": 45, "axis": "y", "origin": [8, 8, 2]},
			"faces": {
				"north": {"uv": [6.5, 5.5, 5, 6.5], "texture": "#2_0"},
				"east": {"uv": [5, 8.5, 5.5, 9], "rotation": 90, "texture": "#2_0"},
				"south": {"uv": [5, 5.5, 6.5, 6.5], "texture": "#2_0"},
				"west": {"uv": [5, 8.5, 5.5, 9], "rotation": 90, "texture": "#2_0"},
				"up": {"uv": [5, 8.5, 5.5, 9], "rotation": 90, "texture": "#2_0"},
				"down": {"uv": [5, 8.5, 5.5, 9], "rotation": 90, "texture": "#2_0"}
			}
		},
		{
			"from": [11.5, 10.5, 1.5],
			"to": [13, 11.5, 2.5],
			"rotation": {"angle": 45, "axis": "y", "origin": [8, 8, 2]},
			"faces": {
				"north": {"uv": [7, 5, 5.5, 6], "texture": "#2_0"},
				"east": {"uv": [5, 8.5, 5.5, 9], "rotation": 90, "texture": "#2_0"},
				"south": {"uv": [5.5, 5, 7, 6], "texture": "#2_0"},
				"west": {"uv": [5, 8.5, 5.5, 9], "rotation": 90, "texture": "#2_0"},
				"up": {"uv": [5, 8.5, 5.5, 9], "rotation": 90, "texture": "#2_0"},
				"down": {"uv": [5, 8.5, 5.5, 9], "rotation": 90, "texture": "#2_0"}
			}
		},
		{
			"from": [12, 11, 1.5],
			"to": [13.5, 12, 2.5],
			"rotation": {"angle": 45, "axis": "y", "origin": [8, 8, 2]},
			"faces": {
				"north": {"uv": [7.5, 4.5, 6, 5.5], "texture": "#2_0"},
				"east": {"uv": [5, 8.5, 5.5, 9], "rotation": 90, "texture": "#2_0"},
				"south": {"uv": [6, 4.5, 7.5, 5.5], "texture": "#2_0"},
				"west": {"uv": [5, 8.5, 5.5, 9], "rotation": 90, "texture": "#2_0"},
				"up": {"uv": [5, 8.5, 5.5, 9], "rotation": 90, "texture": "#2_0"},
				"down": {"uv": [5, 8.5, 5.5, 9], "rotation": 90, "texture": "#2_0"}
			}
		},
		{
			"from": [12.5, 12, 1.5],
			"to": [13.5, 12.5, 2.5],
			"rotation": {"angle": 45, "axis": "y", "origin": [8, 8, 2]},
			"faces": {
				"north": {"uv": [7.5, 4, 6.5, 4.5], "texture": "#2_0"},
				"east": {"uv": [5, 8.5, 5.5, 9], "rotation": 90, "texture": "#2_0"},
				"south": {"uv": [6.5, 4, 7.5, 4.5], "texture": "#2_0"},
				"west": {"uv": [5, 8.5, 5.5, 9], "rotation": 90, "texture": "#2_0"},
				"up": {"uv": [5, 8.5, 5.5, 9], "rotation": 90, "texture": "#2_0"},
				"down": {"uv": [5, 8.5, 5.5, 9], "rotation": 90, "texture": "#2_0"}
			}
		},
		{
			"from": [6, 6, 1.5],
			"to": [6.5, 8, 2.5],
			"rotation": {"angle": 45, "axis": "y", "origin": [8, 8, 2]},
			"faces": {
				"north": {"uv": [6.5, 8.5, 7, 10.5], "texture": "#2_0"},
				"east": {"uv": [6.5, 8.5, 7, 10.5], "texture": "#2_0"},
				"south": {"uv": [6.5, 8.5, 7, 10.5], "texture": "#2_0"},
				"west": {"uv": [6.5, 8.5, 7, 10.5], "texture": "#2_0"},
				"up": {"uv": [6.5, 8.5, 7, 9], "rotation": 180, "texture": "#2_0"},
				"down": {"uv": [6.5, 8.5, 7, 10.5], "rotation": 180, "texture": "#2_0"}
			}
		},
		{
			"from": [5.5, 6.5, 1.5],
			"to": [6, 8.5, 2.5],
			"rotation": {"angle": 45, "axis": "y", "origin": [8, 8, 2]},
			"faces": {
				"north": {"uv": [6, 8, 6.5, 10], "texture": "#2_0"},
				"east": {"uv": [6, 8, 6.5, 10], "texture": "#2_0"},
				"south": {"uv": [6, 8, 6.5, 10], "texture": "#2_0"},
				"west": {"uv": [6, 8, 6.5, 10], "texture": "#2_0"},
				"up": {"uv": [6, 8, 6.5, 8.5], "rotation": 180, "texture": "#2_0"},
				"down": {"uv": [6, 9.5, 6.5, 10], "rotation": 180, "texture": "#2_0"}
			}
		},
		{
			"from": [5, 7, 1.5],
			"to": [5.5, 9, 2.5],
			"rotation": {"angle": 45, "axis": "y", "origin": [8, 8, 2]},
			"faces": {
				"north": {"uv": [5.5, 7.5, 6, 9.5], "texture": "#2_0"},
				"east": {"uv": [5.5, 7.5, 6, 9.5], "texture": "#2_0"},
				"south": {"uv": [5.5, 7.5, 6, 9.5], "texture": "#2_0"},
				"west": {"uv": [5.5, 7.5, 6, 9.5], "texture": "#2_0"},
				"up": {"uv": [5.5, 7.5, 6, 9.5], "rotation": 180, "texture": "#2_0"},
				"down": {"uv": [5.5, 9, 6, 9.5], "rotation": 180, "texture": "#2_0"}
			}
		},
		{
			"from": [4.5, 7.5, 1.5],
			"to": [5.5, 10, 2.5],
			"rotation": {"angle": 45, "axis": "y", "origin": [8, 8, 2]},
			"faces": {
				"north": {"uv": [6, 6.5, 5, 9], "texture": "#2_0"},
				"east": {"uv": [5, 8.5, 5.5, 9], "rotation": 90, "texture": "#2_0"},
				"south": {"uv": [5, 6.5, 6, 9], "texture": "#2_0"},
				"west": {"uv": [5, 8.5, 5.5, 9], "rotation": 90, "texture": "#2_0"},
				"up": {"uv": [5, 8.5, 5.5, 9], "rotation": 270, "texture": "#2_0"},
				"down": {"uv": [5, 8.5, 5.5, 9], "rotation": 270, "texture": "#2_0"}
			}
		},
		{
			"from": [4, 8, 1.5],
			"to": [5.5, 10.5, 2.5],
			"rotation": {"angle": 45, "axis": "y", "origin": [8, 8, 2]},
			"faces": {
				"north": {"uv": [6, 6, 4.5, 8.5], "texture": "#2_0"},
				"east": {"uv": [5, 8.5, 5.5, 9], "rotation": 90, "texture": "#2_0"},
				"south": {"uv": [4.5, 6, 6, 8.5], "texture": "#2_0"},
				"west": {"uv": [5, 8.5, 5.5, 9], "rotation": 90, "texture": "#2_0"},
				"up": {"uv": [5, 8.5, 5.5, 9], "rotation": 270, "texture": "#2_0"},
				"down": {"uv": [5, 8.5, 5.5, 9], "rotation": 270, "texture": "#2_0"}
			}
		},
		{
			"from": [3.5, 10, 1.5],
			"to": [5, 11, 2.5],
			"rotation": {"angle": 45, "axis": "y", "origin": [8, 8, 2]},
			"faces": {
				"north": {"uv": [5, 5.5, 6.5, 6.5], "texture": "#2_0"},
				"east": {"uv": [5, 8.5, 5.5, 9], "rotation": 90, "texture": "#2_0"},
				"south": {"uv": [6.5, 5.5, 5, 6.5], "texture": "#2_0"},
				"west": {"uv": [5, 8.5, 5.5, 9], "rotation": 90, "texture": "#2_0"},
				"up": {"uv": [5, 8.5, 5.5, 9], "rotation": 270, "texture": "#2_0"},
				"down": {"uv": [5, 8.5, 5.5, 9], "rotation": 270, "texture": "#2_0"}
			}
		},
		{
			"from": [3, 10.5, 1.5],
			"to": [4.5, 11.5, 2.5],
			"rotation": {"angle": 45, "axis": "y", "origin": [8, 8, 2]},
			"faces": {
				"north": {"uv": [5.5, 5, 7, 6], "texture": "#2_0"},
				"east": {"uv": [5, 8.5, 5.5, 9], "rotation": 90, "texture": "#2_0"},
				"south": {"uv": [7, 5, 5.5, 6], "texture": "#2_0"},
				"west": {"uv": [5, 8.5, 5.5, 9], "rotation": 90, "texture": "#2_0"},
				"up": {"uv": [5, 8.5, 5.5, 9], "rotation": 270, "texture": "#2_0"},
				"down": {"uv": [5, 8.5, 5.5, 9], "rotation": 270, "texture": "#2_0"}
			}
		},
		{
			"from": [2.5, 11, 1.5],
			"to": [4, 12, 2.5],
			"rotation": {"angle": 45, "axis": "y", "origin": [8, 8, 2]},
			"faces": {
				"north": {"uv": [6, 4.5, 7.5, 5.5], "texture": "#2_0"},
				"east": {"uv": [5, 8.5, 5.5, 9], "rotation": 90, "texture": "#2_0"},
				"south": {"uv": [7.5, 4.5, 6, 5.5], "texture": "#2_0"},
				"west": {"uv": [5, 8.5, 5.5, 9], "rotation": 90, "texture": "#2_0"},
				"up": {"uv": [5, 8.5, 5.5, 9], "rotation": 270, "texture": "#2_0"},
				"down": {"uv": [5, 8.5, 5.5, 9], "rotation": 270, "texture": "#2_0"}
			}
		},
		{
			"from": [2.5, 12, 1.5],
			"to": [3.5, 12.5, 2.5],
			"rotation": {"angle": 45, "axis": "y", "origin": [8, 8, 2]},
			"faces": {
				"north": {"uv": [6.5, 4, 7.5, 4.5], "texture": "#2_0"},
				"east": {"uv": [5, 8.5, 5.5, 9], "rotation": 90, "texture": "#2_0"},
				"south": {"uv": [7.5, 4, 6.5, 4.5], "texture": "#2_0"},
				"west": {"uv": [5, 8.5, 5.5, 9], "rotation": 90, "texture": "#2_0"},
				"up": {"uv": [5, 8.5, 5.5, 9], "rotation": 270, "texture": "#2_0"},
				"down": {"uv": [5, 8.5, 5.5, 9], "rotation": 270, "texture": "#2_0"}
			}
		}
	],
	"display": {
		"thirdperson_righthand": {
			"translation": [0, 0.5, -1],
			"scale": [0.5, 0.5, 0.5]
		},
		"thirdperson_lefthand": {
			"translation": [0, 0.5, -1],
			"scale": [0.5, 0.5, 0.5]
		},
		"firstperson_righthand": {
			"rotation": [0, -154, 0],
			"translation": [5, 3, 0],
			"scale": [0.7, 0.7, 0.7]
		},
		"firstperson_lefthand": {
			"rotation": [0, -154, 0],
			"translation": [5, 3, 0],
			"scale": [0.7, 0.7, 0.7]
		},
		"ground": {
			"scale": [0.4, 0.4, 0.4]
		},
		"gui": {
			"rotation": [30, 45, 0],
			"translation": [0, 1.5, 0],
			"scale": [0.8, 0.8, 0.8]
		},
		"head": {
			"translation": [0, 14, 0]
		},
		"fixed": {
			"rotation": [-90, 180, 0],
			"translation": [0, 0, -3],
			"scale": [0.5, 0.5, 0.5]
		}
	},
	"groups": [0, 1, 2, 3, 4, 5, 6, 7, 8,
		{
			"name": "redstone_torch_off2",
			"children": [9, 10, 11, 12, 13, 14, 15, 16, 17, 18, 19, 20, 21, 22, 23, 24, 25, 26, 27, 28, 29, 30, 31, 32]
		},
		{
			"name": "redstone_torch",
			"children": [33, 34, 35, 36, 37, 38, 39, 40, 41, 42, 43, 44, 45, 46, 47, 48, 49, 50, 51, 52, 53, 54, 55, 56, 57, 58, 59, 60, 61, 62, 63, 64, 65, 66, 67, 68, 69, 70, 71, 72, 73, 74, 75, 76, 77, 78, 79, 80, 81, 82, 83, 84, 85, 86, 87, 88, 89, 90, 91, 92, 93, 94, 95, 96]
		}
	]
}