{
	"credit": "Made with Blockbench, model by LTK1",
	"textures": {
		"0": "blocks/door_acacia_lower",
		"1": "blocks/door_acacia_rim",
		"particle": "blocks/door_acacia_lower"
	},
	"elements": [
		{
			"name": "cube",
			"from": [0, 0, 0],
			"to": [3, 3, 16],
			"faces": {
				"north": {
					"uv": [3.032, 0.032, 5.968, 2.968],
					"texture": "#1"
				},
				"east": {
					"uv": [0.032, 13.032, 15.968, 15.968],
					"texture": "#0"
				},
				"south": {
					"uv": [3.016, 0.016, 5.984, 2.984],
					"texture": "#1",
					"rotation": 270
				},
				"west": {
					"uv": [0.032, 13.032, 15.968, 15.968],
					"texture": "#0"
				},
				"up": {
					"uv": [0.016, 0.016, 2.984, 15.984],
					"texture": "#1"
				},
				"down": {
					"uv": [0.032, 13.032, 15.968, 15.968],
					"texture": "#0",
					"rotation": 90
				}
			},
			"type": "cube"
		},
		{
			"name": "cube",
			"from": [0, 3, 0],
			"to": [3, 15, 3],
			"faces": {
				"north": {
					"uv": [3.032, 4.032, 5.968, 15.968],
					"texture": "#1"
				},
				"east": {
					"uv": [2.968, 1.032, 0.032, 12.968],
					"texture": "#0"
				},
				"south": {
					"uv": [3.032, 4.032, 5.968, 15.968],
					"texture": "#1"
				},
				"west": {
					"uv": [0.032, 1.032, 2.968, 12.968],
					"texture": "#0"
				}
			},
			"type": "cube"
		},
		{
			"name": "cube",
			"from": [0, 3, 13],
			"to": [3, 15, 16],
			"faces": {
				"north": {
					"uv": [13.032, 2.032, 15.968, 13.968],
					"texture": "#1"
				},
				"east": {
					"uv": [15.968, 1.032, 13.032, 12.968],
					"texture": "#0"
				},
				"south": {
					"uv": [13.032, 1.032, 15.968, 12.968],
					"texture": "#0"
				},
				"west": {
					"uv": [13.032, 1.032, 15.968, 12.968],
					"texture": "#0"
				}
			},
			"type": "cube"
		},
		{
			"name": "cube",
			"from": [0, 3, 9],
			"to": [3, 15, 11],
			"faces": {
				"north": {
					"uv": [13.032, 2.032, 15.968, 13.968],
					"texture": "#1"
				},
				"east": {
					"uv": [10.968, 1.032, 9.032, 12.968],
					"texture": "#0"
				},
				"south": {
					"uv": [0.032, 2.032, 2.968, 13.968],
					"texture": "#1"
				},
				"west": {
					"uv": [9.032, 1.032, 10.968, 12.968],
					"texture": "#0"
				}
			},
			"type": "cube"
		},
		{
			"name": "cube",
			"from": [0, 3, 5],
			"to": [3, 15, 7],
			"faces": {
				"north": {
					"uv": [13.032, 2.032, 15.968, 13.968],
					"texture": "#1"
				},
				"east": {
					"uv": [6.968, 1.032, 5.032, 12.968],
					"texture": "#0"
				},
				"south": {
					"uv": [0.032, 2.032, 2.968, 13.968],
					"texture": "#1"
				},
				"west": {
					"uv": [5.032, 1.032, 6.968, 12.968],
					"texture": "#0"
				}
			},
			"type": "cube"
		},
		{
			"name": "cube",
			"from": [0, 15, 0],
			"to": [3, 16, 16],
			"faces": {
				"north": {
					"uv": [0.032, 0.032, 2.968, 0.968],
					"texture": "#0"
				},
				"east": {
					"uv": [15.968, 0.032, 0.032, 0.968],
					"texture": "#0"
				},
				"south": {
					"uv": [0.032, 0.032, 2.968, 0.968],
					"texture": "#0"
				},
				"west": {
					"uv": [0.032, 0.032, 15.968, 0.968],
					"texture": "#0"
				},
				"down": {
					"uv": [0.032, 0.032, 15.968, 1.468],
					"texture": "#0",
					"rotation": 90
				}
			},
			"type": "cube"
		}
	]
}