{
	"credit": "Made with Blockbench, model by LTK1",
	"textures": {
		"0": "blocks/door_acacia_lower",
		"1": "blocks/door_acacia_rim",
		"2": "blocks/door_acacia_upper",
		"particle": "blocks/door_acacia_lower"
	},
	"elements": [
		{
			"name": "cube",
			"from": [0, 13, 0],
			"to": [3, 16, 16],
			"faces": {
				"north": {
					"uv": [5.968, 0.032, 3.032, 2.968],
					"texture": "#1",
					"rotation": 270
				},
				"east": {
					"uv": [0.032, 0.032, 15.968, 2.968],
					"texture": "#2"
				},
				"south": {
					"uv": [5.968, 0.032, 3.032, 2.968],
					"texture": "#1"
				},
				"west": {
					"uv": [15.968, 0.032, 0.032, 2.968],
					"texture": "#2"
				},
				"up": {
					"uv": [15.968, 0.032, 0.032, 2.968],
					"texture": "#2",
					"rotation": 270
				},
				"down": {
					"uv": [2.984, 15.984, 0.016, 0.016],
					"texture": "#1",
					"rotation": 180
				}
			},
			"type": "cube"
		},
		{
			"name": "cube",
			"from": [0, 1, 13],
			"to": [3, 13, 16],
			"faces": {
				"north": {
					"uv": [2.968, 2.032, 0.032, 13.968],
					"texture": "#1"
				},
				"east": {
					"uv": [0.032, 3.032, 2.968, 14.968],
					"texture": "#2"
				},
				"south": {
					"uv": [2.968, 2.032, 0.032, 13.968],
					"texture": "#1"
				},
				"west": {
					"uv": [2.968, 3.032, 0.032, 14.968],
					"texture": "#2"
				}
			},
			"type": "cube"
		},
		{
			"name": "cube",
			"from": [0, 1, 0],
			"to": [3, 13, 3],
			"faces": {
				"north": {
					"uv": [15.968, 3.032, 13.032, 14.968],
					"texture": "#2"
				},
				"east": {
					"uv": [15.968, 3.032, 13.032, 14.968],
					"texture": "#2"
				},
				"south": {
					"uv": [15.968, 14.968, 13.032, 3.032],
					"texture": "#2",
					"rotation": 180
				},
				"west": {
					"uv": [15.968, 3.032, 13.032, 14.968],
					"texture": "#2"
				}
			},
			"type": "cube"
		},
		{
			"name": "cube",
			"from": [0, 1, 5],
			"to": [3, 13, 7],
			"faces": {
				"north": {
					"uv": [2.968, 2.032, 0.032, 13.968],
					"texture": "#1"
				},
				"east": {
					"uv": [10.968, 3.032, 9.032, 14.968],
					"texture": "#2"
				},
				"south": {
					"uv": [15.968, 2.032, 13.032, 13.968],
					"texture": "#1"
				},
				"west": {
					"uv": [10.968, 3.032, 9.032, 14.968],
					"texture": "#2"
				}
			},
			"type": "cube"
		},
		{
			"name": "cube",
			"from": [0, 1, 9],
			"to": [3, 13, 11],
			"faces": {
				"north": {
					"uv": [2.968, 1.532, 0.032, 13.468],
					"texture": "#1"
				},
				"east": {
					"uv": [6.968, 3.032, 5.032, 14.968],
					"texture": "#2"
				},
				"south": {
					"uv": [15.968, 1.532, 13.032, 13.468],
					"texture": "#1"
				},
				"west": {
					"uv": [6.968, 3.032, 5.032, 14.968],
					"texture": "#2"
				}
			},
			"type": "cube"
		},
		{
			"name": "cube",
			"from": [0, 0, 0],
			"to": [3, 1, 16],
			"faces": {
				"north": {
					"uv": [2.968, 0.968, 0.032, 0.032],
					"texture": "#0"
				},
				"east": {
					"uv": [0.032, 0.968, 15.968, 0.032],
					"texture": "#0"
				},
				"south": {
					"uv": [2.968, 0.968, 0.032, 0.032],
					"texture": "#0"
				},
				"west": {
					"uv": [15.968, 0.968, 0.03200000000000003, 0.032],
					"texture": "#0"
				},
				"up": {
					"uv": [15.968, 0.968, 0.032, 0.032],
					"texture": "#0",
					"rotation": 270
				}
			},
			"type": "cube"
		}
	]
}