{
	"credit": "Made by SyndiShanX",
	"texture_size": [32, 32],
	"textures": {
		"0": "item/shield/shield_back",
		"1": "item/shield/shield",
		"particle": "item/shield/shield"
	},
	"elements": [
		{
			"from": [7.5, 0, 0],
			"to": [8, 0.5, 1],
			"faces": {
				"north": {"uv": [8, 15.5, 8.5, 16], "texture": "#1"},
				"east": {"uv": [8, 15.5, 8.25, 15.75], "texture": "#1"},
				"south": {"uv": [8, 15.5, 8.25, 15.75], "texture": "#1"},
				"west": {"uv": [8, 15.5, 8.25, 15.75], "texture": "#1"},
				"up": {"uv": [8, 15.5, 8.25, 15.75], "texture": "#1"},
				"down": {"uv": [8, 15.5, 8.25, 15.75], "texture": "#1"}
			}
		},
		{
			"from": [8, 0.5, 0],
			"to": [9, 1, 1],
			"faces": {
				"north": {"uv": [7, 15, 8, 15.5], "texture": "#1"},
				"east": {"uv": [7, 15, 7.5, 15.5], "texture": "#1"},
				"south": {"uv": [7, 15, 8, 15.5], "rotation": 180, "texture": "#1"},
				"west": {"uv": [7.5, 15, 8, 15.5], "texture": "#1"},
				"up": {"uv": [7, 15, 8, 15.5], "rotation": 180, "texture": "#1"},
				"down": {"uv": [7, 15, 8, 15.5], "rotation": 180, "texture": "#1"}
			}
		},
		{
			"from": [6.5, 0.5, 0],
			"to": [7.5, 1, 1],
			"faces": {
				"north": {"uv": [8.5, 15, 9.5, 15.5], "texture": "#1"},
				"east": {"uv": [9, 15, 9.5, 15.5], "texture": "#1"},
				"south": {"uv": [8.5, 15, 9.5, 15.5], "rotation": 180, "texture": "#1"},
				"west": {"uv": [8.5, 15, 9, 15.5], "texture": "#1"},
				"up": {"uv": [8.5, 15, 9.5, 15.5], "rotation": 180, "texture": "#1"},
				"down": {"uv": [8.5, 15, 9.5, 15.5], "rotation": 180, "texture": "#1"}
			}
		},
		{
			"from": [6, 1, 0],
			"to": [6.5, 1.5, 1],
			"faces": {
				"north": {"uv": [9.5, 14.5, 10, 15], "texture": "#1"},
				"east": {"uv": [9.5, 14.5, 10, 15], "texture": "#1"},
				"south": {"uv": [9.5, 14.5, 10, 15], "texture": "#1"},
				"west": {"uv": [9.5, 14.5, 10, 15], "texture": "#1"},
				"up": {"uv": [9.5, 14.5, 10, 15], "texture": "#1"},
				"down": {"uv": [9.5, 14.5, 10, 15], "texture": "#1"}
			}
		},
		{
			"from": [9, 1, 0],
			"to": [9.5, 1.5, 1],
			"faces": {
				"north": {"uv": [6.5, 14.5, 7, 15], "texture": "#1"},
				"east": {"uv": [6.5, 14.5, 7, 15], "texture": "#1"},
				"south": {"uv": [6.5, 14.5, 7, 15], "texture": "#1"},
				"west": {"uv": [6.5, 14.5, 7, 15], "texture": "#1"},
				"up": {"uv": [6.5, 14.5, 7, 15], "texture": "#1"},
				"down": {"uv": [6.5, 14.5, 7, 15], "texture": "#1"}
			}
		},
		{
			"from": [9.5, 1.5, 0],
			"to": [10, 2, 1],
			"faces": {
				"north": {"uv": [6, 14, 6.5, 14.5], "texture": "#1"},
				"east": {"uv": [6, 14, 6.5, 14.5], "texture": "#1"},
				"south": {"uv": [6, 14, 6.5, 14.5], "texture": "#1"},
				"west": {"uv": [6, 14, 6.5, 14.5], "texture": "#1"},
				"up": {"uv": [6, 14, 6.5, 14.5], "texture": "#1"},
				"down": {"uv": [6, 14, 6.5, 14.5], "texture": "#1"}
			}
		},
		{
			"from": [5.5, 1.5, 0],
			"to": [6, 2, 1],
			"faces": {
				"north": {"uv": [10, 14, 10.5, 14.5], "texture": "#1"},
				"east": {"uv": [10, 14, 10.5, 14.5], "texture": "#1"},
				"south": {"uv": [10, 14, 10.5, 14.5], "texture": "#1"},
				"west": {"uv": [10, 14, 10.5, 14.5], "texture": "#1"},
				"up": {"uv": [10, 14, 10.5, 14.5], "texture": "#1"},
				"down": {"uv": [10, 14, 10.5, 14.5], "texture": "#1"}
			}
		},
		{
			"from": [5, 2, 0],
			"to": [5.5, 2.5, 1],
			"faces": {
				"north": {"uv": [10.5, 13.5, 11, 14], "texture": "#1"},
				"east": {"uv": [10.5, 13.5, 11, 14], "texture": "#1"},
				"south": {"uv": [10.5, 13.5, 11, 14], "texture": "#1"},
				"west": {"uv": [10.5, 13.5, 11, 14], "texture": "#1"},
				"up": {"uv": [10.5, 13.5, 11, 14], "texture": "#1"},
				"down": {"uv": [10.5, 13.5, 11, 14], "texture": "#1"}
			}
		},
		{
			"from": [10, 2, 0],
			"to": [10.5, 2.5, 1],
			"faces": {
				"north": {"uv": [5.5, 13.5, 6, 14], "texture": "#1"},
				"east": {"uv": [5.5, 13.5, 6, 14], "texture": "#1"},
				"south": {"uv": [5.5, 13.5, 6, 14], "texture": "#1"},
				"west": {"uv": [5.5, 13.5, 6, 14], "texture": "#1"},
				"up": {"uv": [5.5, 13.5, 6, 14], "texture": "#1"},
				"down": {"uv": [5.5, 13.5, 6, 14], "texture": "#1"}
			}
		},
		{
			"from": [10.5, 2.5, 0],
			"to": [11, 3, 1],
			"faces": {
				"north": {"uv": [5, 13, 5.5, 13.5], "texture": "#1"},
				"east": {"uv": [5, 13, 5.5, 13.5], "texture": "#1"},
				"south": {"uv": [5, 13, 5.5, 13.5], "texture": "#1"},
				"west": {"uv": [5, 13, 5.5, 13.5], "texture": "#1"},
				"up": {"uv": [5, 13, 5.5, 13.5], "texture": "#1"},
				"down": {"uv": [5, 13, 5.5, 13.5], "texture": "#1"}
			}
		},
		{
			"from": [4.5, 2.5, 0],
			"to": [5, 3, 1],
			"faces": {
				"north": {"uv": [11, 13, 11.5, 13.5], "texture": "#1"},
				"east": {"uv": [11, 13, 11.5, 13.5], "texture": "#1"},
				"south": {"uv": [11, 13, 11.5, 13.5], "texture": "#1"},
				"west": {"uv": [11, 13, 11.5, 13.5], "texture": "#1"},
				"up": {"uv": [11, 13, 11.5, 13.5], "texture": "#1"},
				"down": {"uv": [11, 13, 11.5, 13.5], "texture": "#1"}
			}
		},
		{
			"from": [4, 3, 0],
			"to": [4.5, 3.5, 1],
			"faces": {
				"north": {"uv": [11.5, 12.5, 12, 13], "texture": "#1"},
				"east": {"uv": [11.5, 12.5, 12, 13], "texture": "#1"},
				"south": {"uv": [11.5, 12.5, 12, 13], "texture": "#1"},
				"west": {"uv": [11.5, 12.5, 12, 13], "texture": "#1"},
				"up": {"uv": [11.5, 12.5, 12, 13], "texture": "#1"},
				"down": {"uv": [11.5, 12.5, 12, 13], "texture": "#1"}
			}
		},
		{
			"from": [11, 3, 0],
			"to": [11.5, 3.5, 1],
			"faces": {
				"north": {"uv": [4.5, 12.5, 5, 13], "texture": "#1"},
				"east": {"uv": [4.5, 12.5, 5, 13], "texture": "#1"},
				"south": {"uv": [4.5, 12.5, 5, 13], "texture": "#1"},
				"west": {"uv": [4.5, 12.5, 5, 13], "texture": "#1"},
				"up": {"uv": [4.5, 12.5, 5, 13], "texture": "#1"},
				"down": {"uv": [4.5, 12.5, 5, 13], "texture": "#1"}
			}
		},
		{
			"from": [11.5, 3.5, 0],
			"to": [12, 4.5, 1],
			"faces": {
				"north": {"uv": [4, 11.5, 4.5, 12.5], "texture": "#1"},
				"east": {"uv": [4, 11.5, 4.5, 12.5], "texture": "#1"},
				"south": {"uv": [4, 11.5, 4.5, 12.5], "texture": "#1"},
				"west": {"uv": [4, 11.5, 4.5, 12.5], "texture": "#1"},
				"up": {"uv": [4, 11.5, 4.5, 12], "texture": "#1"},
				"down": {"uv": [4, 12, 4.5, 12.5], "texture": "#1"}
			}
		},
		{
			"from": [3.5, 3.5, 0],
			"to": [4, 4.5, 1],
			"faces": {
				"north": {"uv": [12, 11.5, 12.5, 12.5], "texture": "#1"},
				"east": {"uv": [12, 11.5, 12.5, 12.5], "texture": "#1"},
				"south": {"uv": [12, 11.5, 12.5, 12.5], "texture": "#1"},
				"west": {"uv": [12, 11.5, 12.5, 12.5], "texture": "#1"},
				"up": {"uv": [12, 11.5, 12.5, 12], "texture": "#1"},
				"down": {"uv": [12, 12, 12.5, 12.5], "texture": "#1"}
			}
		},
		{
			"from": [3, 4.5, 0],
			"to": [3.5, 5.5, 1],
			"faces": {
				"north": {"uv": [12.5, 10.5, 13, 11.5], "texture": "#1"},
				"east": {"uv": [12.5, 10.5, 13, 11.5], "texture": "#1"},
				"south": {"uv": [12.5, 10.5, 13, 11.5], "texture": "#1"},
				"west": {"uv": [12.5, 10.5, 13, 11.5], "texture": "#1"},
				"up": {"uv": [12.5, 10.5, 13, 11], "texture": "#1"},
				"down": {"uv": [12.5, 11, 13, 11.5], "texture": "#1"}
			}
		},
		{
			"from": [12, 4.5, 0],
			"to": [12.5, 5.5, 1],
			"faces": {
				"north": {"uv": [3.5, 10.5, 4, 11.5], "texture": "#1"},
				"east": {"uv": [3.5, 10.5, 4, 11.5], "texture": "#1"},
				"south": {"uv": [3.5, 10.5, 4, 11.5], "texture": "#1"},
				"west": {"uv": [3.5, 10.5, 4, 11.5], "texture": "#1"},
				"up": {"uv": [3.5, 10.5, 4, 11], "texture": "#1"},
				"down": {"uv": [3.5, 11, 4, 11.5], "texture": "#1"}
			}
		},
		{
			"from": [12.5, 5.5, 0],
			"to": [13, 7, 1],
			"faces": {
				"north": {"uv": [3, 9, 3.5, 10.5], "texture": "#1"},
				"east": {"uv": [3, 9, 3.5, 10.5], "texture": "#1"},
				"south": {"uv": [3, 9, 3.5, 10.5], "texture": "#1"},
				"west": {"uv": [3, 9, 3.5, 10.5], "texture": "#1"},
				"up": {"uv": [3, 9, 3.5, 9.5], "texture": "#1"},
				"down": {"uv": [3, 10, 3.5, 10.5], "texture": "#1"}
			}
		},
		{
			"from": [2.5, 5.5, 0],
			"to": [3, 7, 1],
			"faces": {
				"north": {"uv": [13, 9, 13.5, 10.5], "texture": "#1"},
				"east": {"uv": [13, 9, 13.5, 10.5], "texture": "#1"},
				"south": {"uv": [13, 9, 13.5, 10.5], "texture": "#1"},
				"west": {"uv": [13, 9, 13.5, 10.5], "texture": "#1"},
				"up": {"uv": [13, 9, 13.5, 9.5], "texture": "#1"},
				"down": {"uv": [13, 10, 13.5, 10.5], "texture": "#1"}
			}
		},
		{
			"from": [2, 7, 0],
			"to": [2.5, 8.5, 1],
			"faces": {
				"north": {"uv": [13.5, 7.5, 14, 9], "texture": "#1"},
				"east": {"uv": [13.5, 7.5, 14, 9], "texture": "#1"},
				"south": {"uv": [13.5, 7.5, 14, 9], "texture": "#1"},
				"west": {"uv": [13.5, 7.5, 14, 9], "texture": "#1"},
				"up": {"uv": [13.5, 7.5, 14, 8], "texture": "#1"},
				"down": {"uv": [13.5, 8.5, 14, 9], "texture": "#1"}
			}
		},
		{
			"from": [13, 7, 0],
			"to": [13.5, 8.5, 1],
			"faces": {
				"north": {"uv": [2.5, 7.5, 3, 9], "texture": "#1"},
				"east": {"uv": [2.5, 7.5, 3, 9], "texture": "#1"},
				"south": {"uv": [2.5, 7.5, 3, 9], "texture": "#1"},
				"west": {"uv": [2.5, 7.5, 3, 9], "texture": "#1"},
				"up": {"uv": [2.5, 7.5, 3, 8], "texture": "#1"},
				"down": {"uv": [2.5, 8.5, 3, 9], "texture": "#1"}
			}
		},
		{
			"from": [13.5, 8.5, 0],
			"to": [14, 12.5, 1],
			"faces": {
				"north": {"uv": [2, 3.5, 2.5, 7.5], "texture": "#1"},
				"east": {"uv": [2, 3.5, 2.5, 7.5], "texture": "#1"},
				"south": {"uv": [2, 3.5, 2.5, 7.5], "texture": "#1"},
				"west": {"uv": [2, 3.5, 2.5, 7.5], "texture": "#1"},
				"up": {"uv": [2, 3.5, 2.5, 4], "texture": "#1"},
				"down": {"uv": [2, 7, 2.5, 7.5], "texture": "#1"}
			}
		},
		{
			"from": [1.5, 8.5, 0],
			"to": [2, 12.5, 1],
			"faces": {
				"north": {"uv": [14, 3.5, 14.5, 7.5], "texture": "#1"},
				"east": {"uv": [14, 3.5, 14.5, 7.5], "texture": "#1"},
				"south": {"uv": [14, 3.5, 14.5, 7.5], "texture": "#1"},
				"west": {"uv": [14, 3.5, 14.5, 7.5], "texture": "#1"},
				"up": {"uv": [14, 3.5, 14.5, 4], "texture": "#1"},
				"down": {"uv": [14, 7, 14.5, 7.5], "texture": "#1"}
			}
		},
		{
			"from": [2, 12, 0],
			"to": [2.5, 12.5, 1],
			"faces": {
				"north": {"uv": [13.5, 3.5, 14, 4], "texture": "#1"},
				"east": {"uv": [13.5, 3.5, 14, 4], "texture": "#1"},
				"south": {"uv": [13.5, 3.5, 14, 4], "texture": "#1"},
				"west": {"uv": [13.5, 3.5, 14, 4], "texture": "#1"},
				"up": {"uv": [13.5, 3.5, 14, 4], "texture": "#1"},
				"down": {"uv": [13.5, 3.5, 14, 4], "texture": "#1"}
			}
		},
		{
			"from": [13, 12, 0],
			"to": [13.5, 12.5, 1],
			"faces": {
				"north": {"uv": [2.5, 3.5, 3, 4], "texture": "#1"},
				"east": {"uv": [2.5, 3.5, 3, 4], "texture": "#1"},
				"south": {"uv": [2.5, 3.5, 3, 4], "texture": "#1"},
				"west": {"uv": [2.5, 3.5, 3, 4], "texture": "#1"},
				"up": {"uv": [2.5, 3.5, 3, 4], "texture": "#1"},
				"down": {"uv": [2.5, 3.5, 3, 4], "texture": "#1"}
			}
		},
		{
			"from": [12, 12.5, 0],
			"to": [13, 13, 1],
			"faces": {
				"north": {"uv": [3, 3, 4, 3.5], "texture": "#1"},
				"east": {"uv": [3, 3, 3.5, 3.5], "texture": "#1"},
				"south": {"uv": [3, 3, 4, 3.5], "rotation": 180, "texture": "#1"},
				"west": {"uv": [3.5, 3, 4, 3.5], "texture": "#1"},
				"up": {"uv": [3, 3, 4, 3.5], "rotation": 180, "texture": "#1"},
				"down": {"uv": [3, 3, 4, 3.5], "rotation": 180, "texture": "#1"}
			}
		},
		{
			"from": [2.5, 12.5, 0],
			"to": [3.5, 13, 1],
			"faces": {
				"north": {"uv": [12.5, 3, 13.5, 3.5], "texture": "#1"},
				"east": {"uv": [12.5, 3, 13, 3.5], "texture": "#1"},
				"south": {"uv": [12.5, 3, 13.5, 3.5], "rotation": 180, "texture": "#1"},
				"west": {"uv": [13, 3, 13.5, 3.5], "texture": "#1"},
				"up": {"uv": [12.5, 3, 13.5, 3.5], "rotation": 180, "texture": "#1"},
				"down": {"uv": [12.5, 3, 13.5, 3.5], "rotation": 180, "texture": "#1"}
			}
		},
		{
			"from": [3.5, 13, 0],
			"to": [4.5, 13.5, 1],
			"faces": {
				"north": {"uv": [11.5, 2.5, 12.5, 3], "texture": "#1"},
				"east": {"uv": [11.5, 2.5, 12, 3], "texture": "#1"},
				"south": {"uv": [11.5, 2.5, 12.5, 3], "rotation": 180, "texture": "#1"},
				"west": {"uv": [12, 2.5, 12.5, 3], "texture": "#1"},
				"up": {"uv": [11.5, 2.5, 12.5, 3], "rotation": 180, "texture": "#1"},
				"down": {"uv": [11.5, 2.5, 12.5, 3], "rotation": 180, "texture": "#1"}
			}
		},
		{
			"from": [11, 13, 0],
			"to": [12, 13.5, 1],
			"faces": {
				"north": {"uv": [4, 2.5, 5, 3], "texture": "#1"},
				"east": {"uv": [4, 2.5, 4.5, 3], "texture": "#1"},
				"south": {"uv": [4, 2.5, 5, 3], "rotation": 180, "texture": "#1"},
				"west": {"uv": [4.5, 2.5, 5, 3], "texture": "#1"},
				"up": {"uv": [4, 2.5, 5, 3], "rotation": 180, "texture": "#1"},
				"down": {"uv": [4, 2.5, 5, 3], "rotation": 180, "texture": "#1"}
			}
		},
		{
			"from": [10, 13.5, 0],
			"to": [11, 14, 1],
			"faces": {
				"north": {"uv": [5, 2, 6, 2.5], "texture": "#1"},
				"east": {"uv": [5, 2, 5.5, 2.5], "texture": "#1"},
				"south": {"uv": [5, 2, 6, 2.5], "rotation": 180, "texture": "#1"},
				"west": {"uv": [5.5, 2, 6, 2.5], "texture": "#1"},
				"up": {"uv": [5, 2, 6, 2.5], "rotation": 180, "texture": "#1"},
				"down": {"uv": [5, 2, 6, 2.5], "rotation": 180, "texture": "#1"}
			}
		},
		{
			"from": [4.5, 13.5, 0],
			"to": [5.5, 14, 1],
			"faces": {
				"north": {"uv": [10.5, 2, 11.5, 2.5], "texture": "#1"},
				"east": {"uv": [10.5, 2, 11, 2.5], "texture": "#1"},
				"south": {"uv": [10.5, 2, 11.5, 2.5], "rotation": 180, "texture": "#1"},
				"west": {"uv": [11, 2, 11.5, 2.5], "texture": "#1"},
				"up": {"uv": [10.5, 2, 11.5, 2.5], "rotation": 180, "texture": "#1"},
				"down": {"uv": [10.5, 2, 11.5, 2.5], "rotation": 180, "texture": "#1"}
			}
		},
		{
			"from": [5.5, 14, 0],
			"to": [6.5, 14.5, 1],
			"faces": {
				"north": {"uv": [9.5, 1.5, 10.5, 2], "texture": "#1"},
				"east": {"uv": [9.5, 1.5, 10, 2], "texture": "#1"},
				"south": {"uv": [9.5, 1.5, 10.5, 2], "rotation": 180, "texture": "#1"},
				"west": {"uv": [10, 1.5, 10.5, 2], "texture": "#1"},
				"up": {"uv": [9.5, 1.5, 10.5, 2], "rotation": 180, "texture": "#1"},
				"down": {"uv": [9.5, 1.5, 10.5, 2], "rotation": 180, "texture": "#1"}
			}
		},
		{
			"from": [9, 14, 0],
			"to": [10, 14.5, 1],
			"faces": {
				"north": {"uv": [6, 1.5, 7, 2], "texture": "#1"},
				"east": {"uv": [6, 1.5, 6.5, 2], "texture": "#1"},
				"south": {"uv": [6, 1.5, 7, 2], "rotation": 180, "texture": "#1"},
				"west": {"uv": [6.5, 1.5, 7, 2], "texture": "#1"},
				"up": {"uv": [6, 1.5, 7, 2], "rotation": 180, "texture": "#1"},
				"down": {"uv": [6, 1.5, 7, 2], "rotation": 180, "texture": "#1"}
			}
		},
		{
			"from": [8, 14.5, 0],
			"to": [9, 15, 1],
			"faces": {
				"north": {"uv": [7, 1, 8, 1.5], "texture": "#1"},
				"east": {"uv": [7, 1, 7.5, 1.5], "texture": "#1"},
				"south": {"uv": [7, 1, 8, 1.5], "rotation": 180, "texture": "#1"},
				"west": {"uv": [7.5, 1, 8, 1.5], "texture": "#1"},
				"up": {"uv": [7, 1, 8, 1.5], "rotation": 180, "texture": "#1"},
				"down": {"uv": [7, 1, 8, 1.5], "rotation": 180, "texture": "#1"}
			}
		},
		{
			"from": [6.5, 14.5, 0],
			"to": [7.5, 15, 1],
			"faces": {
				"north": {"uv": [8.5, 1, 9.5, 1.5], "texture": "#1"},
				"east": {"uv": [8.5, 1, 9, 1.5], "texture": "#1"},
				"south": {"uv": [8.5, 1, 9.5, 1.5], "rotation": 180, "texture": "#1"},
				"west": {"uv": [9, 1, 9.5, 1.5], "texture": "#1"},
				"up": {"uv": [8.5, 1, 9.5, 1.5], "rotation": 180, "texture": "#1"},
				"down": {"uv": [8.5, 1, 9.5, 1.5], "rotation": 180, "texture": "#1"}
			}
		},
		{
			"from": [7.5, 15, 0],
			"to": [8, 15.5, 1],
			"faces": {
				"north": {"uv": [8, 0.5, 8.5, 1], "texture": "#1"},
				"east": {"uv": [8, 0.5, 8.5, 1], "texture": "#1"},
				"south": {"uv": [8, 0.5, 8.5, 1], "texture": "#1"},
				"west": {"uv": [8, 0.5, 8.5, 1], "texture": "#1"},
				"up": {"uv": [8, 0.5, 8.5, 1], "texture": "#1"},
				"down": {"uv": [8, 0.5, 8.5, 1], "texture": "#1"}
			}
		},
		{
			"from": [7.5, 0.5, 0.25],
			"to": [8, 15, 0.75],
			"faces": {
				"north": {"uv": [8, 1, 8.5, 15.5], "texture": "#1"},
				"east": {"uv": [8, 1, 8.5, 15.5], "texture": "#1"},
				"south": {"uv": [8, 1, 8.5, 15.5], "texture": "#0"},
				"west": {"uv": [8, 1, 8.5, 15.5], "texture": "#1"},
				"up": {"uv": [8, 1, 8.5, 1.5], "texture": "#1"},
				"down": {"uv": [8, 1, 8.5, 1.5], "texture": "#1"}
			}
		},
		{
			"from": [8, 1, 0.25],
			"to": [9, 14.5, 0.75],
			"faces": {
				"north": {"uv": [7, 1.5, 8, 15], "texture": "#1"},
				"east": {"uv": [7, 1.5, 8, 15], "texture": "#1"},
				"south": {"uv": [8, 1.5, 7, 15], "texture": "#0"},
				"up": {"uv": [7, 1.5, 8, 2], "rotation": 180, "texture": "#1"},
				"down": {"uv": [7, 1.5, 8, 2], "texture": "#1"}
			}
		},
		{
			"from": [6.5, 1, 0.25],
			"to": [7.5, 14.5, 0.75],
			"faces": {
				"north": {"uv": [8.5, 1.5, 9.5, 15], "texture": "#1"},
				"south": {"uv": [9.5, 1.5, 8.5, 15], "texture": "#0"},
				"west": {"uv": [8.5, 1.5, 9.5, 15], "texture": "#1"},
				"up": {"uv": [8.5, 1.5, 9.5, 2], "rotation": 180, "texture": "#1"},
				"down": {"uv": [8.5, 1.5, 9.5, 2], "texture": "#1"}
			}
		},
		{
			"from": [6, 1.5, 0.25],
			"to": [6.5, 14, 0.75],
			"faces": {
				"north": {"uv": [9.5, 2, 10, 14.5], "texture": "#1"},
				"south": {"uv": [9.5, 2, 10, 14.5], "texture": "#0"},
				"west": {"uv": [9.5, 2, 10, 14.5], "texture": "#1"},
				"up": {"uv": [9.5, 2, 10, 2.5], "texture": "#1"},
				"down": {"uv": [9.5, 2, 10, 2.5], "texture": "#1"}
			}
		},
		{
			"from": [9, 1.5, 0.25],
			"to": [9.5, 14, 0.75],
			"faces": {
				"north": {"uv": [6.5, 2, 7, 14.5], "texture": "#1"},
				"east": {"uv": [6.5, 2, 7, 14.5], "texture": "#1"},
				"south": {"uv": [6.5, 2, 7, 14.5], "texture": "#0"},
				"up": {"uv": [6.5, 2, 7, 2.5], "texture": "#1"},
				"down": {"uv": [6.5, 2, 7, 2.5], "texture": "#1"}
			}
		},
		{
			"from": [9.5, 2, 0.25],
			"to": [10, 14, 0.75],
			"faces": {
				"north": {"uv": [6, 2, 6.5, 14], "texture": "#1"},
				"east": {"uv": [6, 2, 6.5, 14], "texture": "#1"},
				"south": {"uv": [6, 2, 6.5, 14], "texture": "#0"},
				"up": {"uv": [6, 2, 6.5, 2.5], "texture": "#1"},
				"down": {"uv": [6, 2, 6.5, 2.5], "texture": "#1"}
			}
		},
		{
			"from": [5.5, 2, 0.25],
			"to": [6, 14, 0.75],
			"faces": {
				"north": {"uv": [10, 2, 10.5, 14], "texture": "#1"},
				"south": {"uv": [10, 2, 10.5, 14], "texture": "#0"},
				"west": {"uv": [10, 2, 10.5, 14], "texture": "#1"},
				"up": {"uv": [10, 2, 10.5, 2.5], "texture": "#1"},
				"down": {"uv": [10, 2, 10.5, 2.5], "texture": "#1"}
			}
		},
		{
			"from": [5, 2.5, 0.25],
			"to": [5.5, 13.5, 0.75],
			"faces": {
				"north": {"uv": [10.5, 2.5, 11, 13.5], "texture": "#1"},
				"south": {"uv": [10.5, 2.5, 11, 13.5], "texture": "#0"},
				"west": {"uv": [10.5, 2.5, 11, 13.5], "texture": "#1"},
				"up": {"uv": [10.5, 2.5, 11, 3], "texture": "#1"},
				"down": {"uv": [10.5, 2.5, 11, 3], "texture": "#1"}
			}
		},
		{
			"from": [10, 2.5, 0.25],
			"to": [10.5, 13.5, 0.75],
			"faces": {
				"north": {"uv": [5.5, 2.5, 6, 13.5], "texture": "#1"},
				"east": {"uv": [5.5, 2.5, 6, 13.5], "texture": "#1"},
				"south": {"uv": [5.5, 2.5, 6, 13.5], "texture": "#0"},
				"up": {"uv": [5.5, 2.5, 6, 3], "texture": "#1"},
				"down": {"uv": [5.5, 2.5, 6, 3], "texture": "#1"}
			}
		},
		{
			"from": [10.5, 3, 0.25],
			"to": [11, 13.5, 0.75],
			"faces": {
				"north": {"uv": [5, 2.5, 5.5, 13], "texture": "#1"},
				"east": {"uv": [5, 2.5, 5.5, 13], "texture": "#1"},
				"south": {"uv": [5, 2.5, 5.5, 13], "texture": "#0"},
				"up": {"uv": [5, 2.5, 5.5, 3], "texture": "#1"},
				"down": {"uv": [5, 2.5, 5.5, 3], "texture": "#1"}
			}
		},
		{
			"from": [4.5, 3, 0.25],
			"to": [5, 13.5, 0.75],
			"faces": {
				"north": {"uv": [11, 2.5, 11.5, 13], "texture": "#1"},
				"south": {"uv": [11, 2.5, 11.5, 13], "texture": "#0"},
				"west": {"uv": [11, 2.5, 11.5, 13], "texture": "#1"},
				"up": {"uv": [11, 2.5, 11.5, 3], "texture": "#1"},
				"down": {"uv": [11, 2.5, 11.5, 3], "texture": "#1"}
			}
		},
		{
			"from": [4, 3.5, 0.25],
			"to": [4.5, 13, 0.75],
			"faces": {
				"north": {"uv": [11.5, 3, 12, 12.5], "texture": "#1"},
				"south": {"uv": [11.5, 3, 12, 12.5], "texture": "#0"},
				"west": {"uv": [11.5, 3, 12, 12.5], "texture": "#1"},
				"up": {"uv": [11.5, 3, 12, 3.5], "texture": "#1"},
				"down": {"uv": [11.5, 3, 12, 3.5], "texture": "#1"}
			}
		},
		{
			"from": [11, 3.5, 0.25],
			"to": [11.5, 13, 0.75],
			"faces": {
				"north": {"uv": [4.5, 3, 5, 12.5], "texture": "#1"},
				"east": {"uv": [4.5, 3, 5, 12.5], "texture": "#1"},
				"south": {"uv": [4.5, 3, 5, 12.5], "texture": "#0"},
				"up": {"uv": [4.5, 3, 5, 3.5], "texture": "#1"},
				"down": {"uv": [4.5, 3, 5, 3.5], "texture": "#1"}
			}
		},
		{
			"from": [11.5, 4.5, 0.25],
			"to": [12, 13, 0.75],
			"faces": {
				"north": {"uv": [4, 3, 4.5, 11.5], "texture": "#1"},
				"east": {"uv": [4, 3, 4.5, 11.5], "texture": "#1"},
				"south": {"uv": [4, 3, 4.5, 11.5], "texture": "#0"},
				"up": {"uv": [4, 3, 4.5, 3.5], "texture": "#1"},
				"down": {"uv": [4, 3, 4.5, 3.5], "texture": "#1"}
			}
		},
		{
			"from": [3.5, 4.5, 0.25],
			"to": [4, 13, 0.75],
			"faces": {
				"north": {"uv": [12, 3, 12.5, 11.5], "texture": "#1"},
				"south": {"uv": [12, 3, 12.5, 11.5], "texture": "#0"},
				"west": {"uv": [12, 3, 12.5, 11.5], "texture": "#1"},
				"up": {"uv": [12, 3, 12.5, 3.5], "texture": "#1"},
				"down": {"uv": [12, 3, 12.5, 3.5], "texture": "#1"}
			}
		},
		{
			"from": [3, 5.5, 0.25],
			"to": [3.5, 12.5, 0.75],
			"faces": {
				"north": {"uv": [12.5, 3.5, 13, 10.5], "texture": "#1"},
				"south": {"uv": [12.5, 3.5, 13, 10.5], "texture": "#0"},
				"west": {"uv": [12.5, 3.5, 13, 10.5], "texture": "#1"},
				"up": {"uv": [12.5, 3.5, 13, 4], "texture": "#1"},
				"down": {"uv": [12.5, 3.5, 13, 4], "texture": "#1"}
			}
		},
		{
			"from": [12, 5.5, 0.25],
			"to": [12.5, 12.5, 0.75],
			"faces": {
				"north": {"uv": [3.5, 3.5, 4, 10.5], "texture": "#1"},
				"east": {"uv": [3.5, 3.5, 4, 10.5], "texture": "#1"},
				"south": {"uv": [3.5, 3.5, 4, 10.5], "texture": "#0"},
				"up": {"uv": [3.5, 3.5, 4, 4], "texture": "#1"},
				"down": {"uv": [3.5, 3.5, 4, 4], "texture": "#1"}
			}
		},
		{
			"from": [12.5, 7, 0.25],
			"to": [13, 12.5, 0.75],
			"faces": {
				"north": {"uv": [3, 3.5, 3.5, 9], "texture": "#1"},
				"east": {"uv": [3, 3.5, 3.5, 9], "texture": "#1"},
				"south": {"uv": [3, 3.5, 3.5, 9], "texture": "#0"},
				"up": {"uv": [3, 3.5, 3.5, 4], "texture": "#1"},
				"down": {"uv": [3, 3.5, 3.5, 4], "texture": "#1"}
			}
		},
		{
			"from": [2.5, 7, 0.25],
			"to": [3, 12.5, 0.75],
			"faces": {
				"north": {"uv": [13, 3.5, 13.5, 9], "texture": "#1"},
				"south": {"uv": [13, 3.5, 13.5, 9], "texture": "#0"},
				"west": {"uv": [13, 3.5, 13.5, 9], "texture": "#1"},
				"up": {"uv": [13, 3.5, 13.5, 4], "texture": "#1"},
				"down": {"uv": [13, 3.5, 13.5, 4], "texture": "#1"}
			}
		},
		{
			"from": [2, 8.5, 0.25],
			"to": [2.5, 12, 0.75],
			"faces": {
				"north": {"uv": [13.5, 4, 14, 7.5], "texture": "#1"},
				"south": {"uv": [13.5, 4, 14, 7.5], "texture": "#0"},
				"west": {"uv": [13.5, 4, 14, 7.5], "texture": "#1"},
				"up": {"uv": [13.5, 4, 14, 4.5], "texture": "#1"},
				"down": {"uv": [13.5, 4, 14, 4.5], "texture": "#1"}
			}
		},
		{
			"from": [13, 8.5, 0.25],
			"to": [13.5, 12, 0.75],
			"faces": {
				"north": {"uv": [2.5, 4, 3, 7.5], "texture": "#1"},
				"east": {"uv": [2.5, 4, 3, 7.5], "texture": "#1"},
				"south": {"uv": [2.5, 4, 3, 7.5], "texture": "#0"},
				"up": {"uv": [2.5, 4, 3, 4.5], "texture": "#1"},
				"down": {"uv": [2.5, 4, 3, 4.5], "texture": "#1"}
			}
		},
		{
			"from": [4.25, 10.75, 0.75],
			"to": [4.75, 11.25, 1.75],
			"faces": {
				"east": {"uv": [0, 13, 0.5, 14], "texture": "#0"},
				"south": {"uv": [0, 13, 0.5, 13.5], "texture": "#0"},
				"west": {"uv": [0, 13, 0.5, 14], "texture": "#0"},
				"up": {"uv": [0, 13, 0.5, 14], "texture": "#0"},
				"down": {"uv": [0, 13, 0.5, 14], "texture": "#0"}
			}
		},
		{
			"from": [4.25, 7.75, 1.25],
			"to": [4.75, 10.75, 1.75],
			"faces": {
				"north": {"uv": [0, 13, 0.5, 16], "texture": "#0"},
				"east": {"uv": [0, 13, 0.5, 16], "texture": "#0"},
				"south": {"uv": [0, 13, 0.5, 16], "texture": "#0"},
				"west": {"uv": [0, 13, 0.5, 16], "texture": "#0"}
			}
		},
		{
			"from": [4.25, 7.25, 0.75],
			"to": [4.75, 7.75, 1.75],
			"faces": {
				"east": {"uv": [0, 13, 0.5, 14], "texture": "#0"},
				"south": {"uv": [0, 13, 0.5, 13.5], "texture": "#0"},
				"west": {"uv": [0, 13, 0.5, 14], "texture": "#0"},
				"up": {"uv": [0, 13, 0.5, 14], "texture": "#0"},
				"down": {"uv": [0, 13, 0.5, 14], "texture": "#0"}
			}
		},
		{
			"from": [7.25, 11.25, 0.75],
			"to": [8.25, 12.25, 5],
			"faces": {
				"east": {"uv": [11.75, 14, 16, 15], "rotation": 180, "texture": "#0"},
				"south": {"uv": [14, 15, 15, 16], "rotation": 180, "texture": "#0"},
				"west": {"uv": [11.75, 14, 16, 15], "texture": "#0"},
				"up": {"uv": [11.75, 15, 16, 14], "rotation": 90, "texture": "#0"},
				"down": {"uv": [11.75, 15, 16, 14], "rotation": 270, "texture": "#0"}
			}
		},
		{
			"from": [7.25, 7.25, 4.5],
			"to": [8.25, 11.25, 5],
			"faces": {
				"north": {"uv": [0.5, 12, 1.5, 16], "texture": "#0"},
				"east": {"uv": [1, 12, 1.5, 16], "texture": "#0"},
				"south": {"uv": [0.5, 12, 1.5, 16], "texture": "#0"},
				"west": {"uv": [0.5, 12, 1, 16], "texture": "#0"}
			}
		},
		{
			"from": [7.25, 6.25, 0.75],
			"to": [8.25, 7.25, 5],
			"faces": {
				"east": {"uv": [11.75, 14, 16, 15], "rotation": 180, "texture": "#0"},
				"south": {"uv": [14, 15, 15, 16], "rotation": 180, "texture": "#0"},
				"west": {"uv": [11.75, 14, 16, 15], "texture": "#0"},
				"up": {"uv": [11.75, 15, 16, 14], "rotation": 90, "texture": "#0"},
				"down": {"uv": [11.75, 15, 16, 14], "rotation": 270, "texture": "#0"}
			}
		}
	],
	"display": {
		"thirdperson_righthand": {
			"rotation": [0, -90, 0],
			"translation": [-6, -3, 4.75],
			"scale": [1.15, 1.15, 1.15]
		},
		"thirdperson_lefthand": {
			"rotation": [-180, 90, 0],
			"translation": [-6, -3, 4.75],
			"scale": [-1.15, -1.15, -1.15]
		},
		"firstperson_righthand": {
			"translation": [-1, -2, 11],
			"scale": [1.15, 1.15, 1.15]
		},
		"firstperson_lefthand": {
			"rotation": [-180, 0, 0],
			"translation": [-1, -2, 11],
			"scale": [-1.15, -1.15, -1.15]
		},
		"ground": {
			"translation": [0, 2, 0],
			"scale": [0.65, 0.65, 0.65]
		},
		"gui": {
			"rotation": [0, 145, 0],
			"translation": [3.5, 0, 0]
		},
		"fixed": {
			"translation": [0, 0, 6.75]
		}
	},
	"groups": [
		{
			"name": "Outline",
			"origin": [8, 8, 8],
			"children": [0, 1, 2, 3, 4, 5, 6, 7, 8, 9, 10, 11, 12, 13, 14, 15, 16, 17, 18, 19, 20, 21, 22, 23, 24, 25, 26, 27, 28, 29, 30, 31, 32, 33, 34, 35]
		},
		{
			"name": "Inner",
			"origin": [8, 8, 8],
			"children": [36, 37, 38, 39, 40, 41, 42, 43, 44, 45, 46, 47, 48, 49, 50, 51, 52, 53, 54, 55, 56]
		}, 57, 58, 59, 60, 61, 62]
}