{
	"credit": "Made with Blockbench",
	"parent": "block/template_trapdoor_bottom",
	"textures": {
		"1": "block/dark_oak_trapdoor_rim",
		"texture": "block/dark_oak_trapdoor"
	},
	"elements": [
		{
			"from": [0, 0, 0],
			"to": [16, 3, 16],
			"faces": {
				"north": {"uv": [2.5, 0, 5.5, 16], "rotation": 270, "texture": "#1"},
				"east": {"uv": [0, 0, 2.5, 16], "rotation": 90, "texture": "#1"},
				"south": {"uv": [2.5, 0, 5.5, 16], "rotation": 90, "texture": "#1"},
				"west": {"uv": [0, 0, 2.5, 16], "rotation": 90, "texture": "#1"},
				"up": {"uv": [0, 0, 16, 16], "texture": "#texture"},
				"down": {"uv": [0, 0, 16, 16], "texture": "#texture"}
			}
		},
		{
			"from": [-0.25, -0.25, 7],
			"to": [16.25, 3.25, 9],
			"faces": {
				"north": {"uv": [0, 7, 16, 7.5], "texture": "#texture"},
				"east": {"uv": [0, 7, 2, 9], "rotation": 90, "texture": "#1"},
				"south": {"uv": [0, 8.5, 16, 9], "texture": "#texture"},
				"west": {"uv": [0, 7, 2, 9], "rotation": 90, "texture": "#1"},
				"up": {"uv": [0, 7, 16, 9], "texture": "#texture"},
				"down": {"uv": [0, 7, 16, 9], "rotation": 180, "texture": "#texture"}
			}
		},
		{
			"from": [7, -0.25, -0.25],
			"to": [9, 3.25, 7],
			"faces": {
				"north": {"uv": [3, 7, 5.5, 9], "rotation": 270, "texture": "#1"},
				"east": {"uv": [7, 0, 7.5, 7], "rotation": 90, "texture": "#texture"},
				"south": {"uv": [0, 0, 2, 3.5], "texture": "#missing"},
				"west": {"uv": [8.5, 0, 9, 7], "rotation": 270, "texture": "#texture"},
				"up": {"uv": [7, 0, 9, 7], "texture": "#texture"},
				"down": {"uv": [7, 0, 9, 7], "rotation": 180, "texture": "#texture"}
			}
		},
		{
			"from": [7, -0.25, 9],
			"to": [9, 3.25, 16.25],
			"faces": {
				"north": {"uv": [0, 0, 2, 3.5], "texture": "#missing"},
				"east": {"uv": [8.5, 9, 9, 16], "rotation": 90, "texture": "#texture"},
				"south": {"uv": [3, 7, 5.5, 9], "rotation": 90, "texture": "#1"},
				"west": {"uv": [7, 9, 7.5, 16], "rotation": 270, "texture": "#texture"},
				"up": {"uv": [7, 9, 9, 16], "texture": "#texture"},
				"down": {"uv": [7, 9, 9, 15.75], "rotation": 180, "texture": "#texture"}
			}
		},
		{
			"from": [10, -0.5, 6.5],
			"to": [10.5, 3.5, 9.5],
			"faces": {
				"north": {"uv": [10, 6.5, 10.5, 7], "texture": "#texture"},
				"east": {"uv": [10, 6.5, 10.5, 9.5], "rotation": 90, "texture": "#texture"},
				"south": {"uv": [10, 9, 10.5, 9.5], "texture": "#texture"},
				"west": {"uv": [10, 6.5, 10.5, 9.5], "rotation": 270, "texture": "#texture"},
				"up": {"uv": [10, 6.5, 10.5, 9.5], "texture": "#texture"},
				"down": {"uv": [5.5, 6.5, 6, 9.5], "rotation": 180, "texture": "#texture"}
			}
		},
		{
			"from": [5.5, -0.5, 6.5],
			"to": [6, 3.5, 9.5],
			"faces": {
				"north": {"uv": [5.5, 6.5, 6, 7], "texture": "#texture"},
				"east": {"uv": [5.5, 6.5, 6, 9.5], "rotation": 90, "texture": "#texture"},
				"south": {"uv": [5.5, 9, 6, 9.5], "texture": "#texture"},
				"west": {"uv": [5.5, 6.5, 6, 9.5], "rotation": 270, "texture": "#texture"},
				"up": {"uv": [5.5, 6.5, 6, 9.5], "texture": "#texture"},
				"down": {"uv": [10, 6.5, 10.5, 9.5], "rotation": 180, "texture": "#texture"}
			}
		},
		{
			"from": [6.5, -0.5, 10.5],
			"to": [9.5, 3.5, 11],
			"faces": {
				"north": {"uv": [6.5, 10.5, 9.5, 11], "texture": "#texture"},
				"east": {"uv": [9, 10.5, 9.5, 11], "texture": "#texture"},
				"south": {"uv": [6.5, 10.5, 9.5, 11], "texture": "#texture"},
				"west": {"uv": [6.5, 10.5, 7, 11], "texture": "#texture"},
				"up": {"uv": [6.5, 10.5, 9.5, 11], "texture": "#texture"},
				"down": {"uv": [6.5, 10.5, 9.5, 11], "texture": "#texture"}
			}
		},
		{
			"from": [6.5, -0.5, 5],
			"to": [9.5, 3.5, 5.5],
			"faces": {
				"north": {"uv": [6.5, 5, 9.5, 5.5], "texture": "#texture"},
				"east": {"uv": [9, 5, 9.5, 5.5], "texture": "#texture"},
				"south": {"uv": [6.5, 5, 9.5, 5.5], "texture": "#texture"},
				"west": {"uv": [6.5, 5, 7, 5.5], "texture": "#texture"},
				"up": {"uv": [6.5, 5, 9.5, 5.5], "texture": "#texture"},
				"down": {"uv": [6.5, 5, 9.5, 5.5], "texture": "#texture"}
			}
		},
		{
			"from": [1.5, -0.25, 1.5],
			"to": [2, 3.25, 2],
			"faces": {
				"north": {"uv": [1.5, 1.5, 2, 2], "texture": "#texture"},
				"east": {"uv": [1.5, 1.5, 2, 2], "texture": "#texture"},
				"south": {"uv": [1.5, 1.5, 2, 2], "texture": "#texture"},
				"west": {"uv": [1.5, 1.5, 2, 2], "texture": "#texture"},
				"up": {"uv": [1.5, 1.5, 2, 2], "texture": "#texture"},
				"down": {"uv": [1.5, 1.5, 2, 2], "texture": "#texture"}
			}
		},
		{
			"from": [13.5, -0.25, 14],
			"to": [14, 3.25, 14.5],
			"faces": {
				"north": {"uv": [1.5, 1.5, 2, 2], "texture": "#texture"},
				"east": {"uv": [1.5, 1.5, 2, 2], "texture": "#texture"},
				"south": {"uv": [1.5, 1.5, 2, 2], "texture": "#texture"},
				"west": {"uv": [1.5, 1.5, 2, 2], "texture": "#texture"},
				"up": {"uv": [1.5, 1.5, 2, 2], "texture": "#texture"},
				"down": {"uv": [1.5, 1.5, 2, 2], "texture": "#texture"}
			}
		},
		{
			"from": [1.5, -0.25, 14],
			"to": [2, 3.25, 14.5],
			"faces": {
				"north": {"uv": [1.5, 1.5, 2, 2], "texture": "#texture"},
				"east": {"uv": [1.5, 1.5, 2, 2], "texture": "#texture"},
				"south": {"uv": [1.5, 1.5, 2, 2], "texture": "#texture"},
				"west": {"uv": [1.5, 1.5, 2, 2], "texture": "#texture"},
				"up": {"uv": [1.5, 1.5, 2, 2], "texture": "#texture"},
				"down": {"uv": [1.5, 1.5, 2, 2], "texture": "#texture"}
			}
		},
		{
			"from": [13.5, -0.25, 1.5],
			"to": [14, 3.25, 2],
			"faces": {
				"north": {"uv": [1.5, 1.5, 2, 2], "texture": "#texture"},
				"east": {"uv": [1.5, 1.5, 2, 2], "texture": "#texture"},
				"south": {"uv": [1.5, 1.5, 2, 2], "texture": "#texture"},
				"west": {"uv": [1.5, 1.5, 2, 2], "texture": "#texture"},
				"up": {"uv": [1.5, 1.5, 2, 2], "texture": "#texture"},
				"down": {"uv": [1.5, 1.5, 2, 2], "texture": "#texture"}
			}
		}
	]
}