{
	"credit": "Made with Blockbench",
	"parent": "block/template_trapdoor_bottom",
	"textures": {
		"1": "block/dark_oak_trapdoor_rim",
		"texture": "block/dark_oak_trapdoor"
	},
	"elements": [
		{
			"from": [0, 0, 13],
			"to": [16, 16, 16],
			"faces": {
				"north": {"uv": [0, 0, 16, 16], "texture": "#texture"},
				"east": {"uv": [0, 0, 2.5, 16], "rotation": 180, "texture": "#1"},
				"south": {"uv": [0, 0, 16, 16], "rotation": 180, "texture": "#texture"},
				"west": {"uv": [0, 0, 2.5, 16], "texture": "#1"},
				"up": {"uv": [2.5, 0, 5.5, 16], "rotation": 270, "texture": "#1"},
				"down": {"uv": [2.5, 0, 5.5, 16], "rotation": 270, "texture": "#1"}
			}
		},
		{
			"from": [-0.25, 7, 12.75],
			"to": [16.25, 9, 16.25],
			"faces": {
				"north": {"uv": [0, 7, 16, 9], "texture": "#texture"},
				"east": {"uv": [0, 7, 2, 9], "rotation": 180, "texture": "#1"},
				"south": {"uv": [0, 7, 16, 9], "texture": "#texture"},
				"west": {"uv": [0, 7, 2, 9], "texture": "#1"},
				"up": {"uv": [0, 7, 16, 7.5], "texture": "#texture"},
				"down": {"uv": [0, 8.5, 16, 9], "rotation": 180, "texture": "#texture"}
			}
		},
		{
			"from": [7, 9, 12.75],
			"to": [9, 16.25, 16.25],
			"faces": {
				"north": {"uv": [7, 0, 9, 7], "texture": "#texture"},
				"east": {"uv": [8.5, 0, 9, 7], "texture": "#texture"},
				"south": {"uv": [7, 0, 9, 7], "texture": "#texture"},
				"west": {"uv": [7, 0, 7.5, 7], "texture": "#texture"},
				"up": {"uv": [3, 7, 5.5, 9], "rotation": 270, "texture": "#1"},
				"down": {"uv": [0, 0, 2, 3.5], "rotation": 180, "texture": "#missing"}
			}
		},
		{
			"from": [7, -0.25, 12.75],
			"to": [9, 7, 16.25],
			"faces": {
				"north": {"uv": [7, 9, 9, 16], "texture": "#texture"},
				"east": {"uv": [7, 9, 7.5, 16], "texture": "#texture"},
				"south": {"uv": [7, 9, 9, 15.75], "texture": "#texture"},
				"west": {"uv": [8.5, 9, 9, 16], "texture": "#texture"},
				"up": {"uv": [0, 0, 2, 3.5], "texture": "#missing"},
				"down": {"uv": [3, 7, 5.5, 9], "rotation": 270, "texture": "#1"}
			}
		},
		{
			"from": [5.5, 6.5, 12.5],
			"to": [6, 9.5, 16.5],
			"faces": {
				"north": {"uv": [10, 6.5, 10.5, 9.5], "texture": "#texture"},
				"east": {"uv": [10, 6.5, 10.5, 9.5], "texture": "#texture"},
				"south": {"uv": [5.5, 6.5, 6, 9.5], "texture": "#texture"},
				"west": {"uv": [10, 6.5, 10.5, 9.5], "texture": "#texture"},
				"up": {"uv": [10, 6.5, 10.5, 7], "texture": "#texture"},
				"down": {"uv": [10, 9, 10.5, 9.5], "rotation": 180, "texture": "#texture"}
			}
		},
		{
			"from": [10, 6.5, 12.5],
			"to": [10.5, 9.5, 16.5],
			"faces": {
				"north": {"uv": [5.5, 6.5, 6, 9.5], "texture": "#texture"},
				"east": {"uv": [5.5, 6.5, 6, 9.5], "texture": "#texture"},
				"south": {"uv": [10, 6.5, 10.5, 9.5], "texture": "#texture"},
				"west": {"uv": [5.5, 6.5, 6, 9.5], "texture": "#texture"},
				"up": {"uv": [5.5, 6.5, 6, 7], "texture": "#texture"},
				"down": {"uv": [5.5, 9, 6, 9.5], "rotation": 180, "texture": "#texture"}
			}
		},
		{
			"from": [6.5, 5, 12.5],
			"to": [9.5, 5.5, 16.5],
			"faces": {
				"north": {"uv": [6.5, 10.5, 9.5, 11], "texture": "#texture"},
				"east": {"uv": [6.5, 10.5, 7, 11], "rotation": 90, "texture": "#texture"},
				"south": {"uv": [6.5, 10.5, 9.5, 11], "rotation": 180, "texture": "#texture"},
				"west": {"uv": [9, 10.5, 9.5, 11], "rotation": 270, "texture": "#texture"},
				"up": {"uv": [6.5, 10.5, 9.5, 11], "texture": "#texture"},
				"down": {"uv": [6.5, 10.5, 9.5, 11], "rotation": 180, "texture": "#texture"}
			}
		},
		{
			"from": [6.5, 10.5, 12.5],
			"to": [9.5, 11, 16.5],
			"faces": {
				"north": {"uv": [6.5, 5, 9.5, 5.5], "texture": "#texture"},
				"east": {"uv": [6.5, 5, 7, 5.5], "rotation": 90, "texture": "#texture"},
				"south": {"uv": [6.5, 5, 9.5, 5.5], "rotation": 180, "texture": "#texture"},
				"west": {"uv": [9, 5, 9.5, 5.5], "rotation": 270, "texture": "#texture"},
				"up": {"uv": [6.5, 5, 9.5, 5.5], "texture": "#texture"},
				"down": {"uv": [6.5, 5, 9.5, 5.5], "rotation": 180, "texture": "#texture"}
			}
		},
		{
			"from": [14, 14, 12.75],
			"to": [14.5, 14.5, 16.25],
			"faces": {
				"north": {"uv": [1.5, 1.5, 2, 2], "texture": "#texture"},
				"east": {"uv": [1.5, 1.5, 2, 2], "rotation": 90, "texture": "#texture"},
				"south": {"uv": [1.5, 1.5, 2, 2], "rotation": 180, "texture": "#texture"},
				"west": {"uv": [1.5, 1.5, 2, 2], "rotation": 270, "texture": "#texture"},
				"up": {"uv": [1.5, 1.5, 2, 2], "texture": "#texture"},
				"down": {"uv": [1.5, 1.5, 2, 2], "rotation": 180, "texture": "#texture"}
			}
		},
		{
			"from": [2, 1.5, 12.75],
			"to": [2.5, 2, 16.25],
			"faces": {
				"north": {"uv": [1.5, 1.5, 2, 2], "texture": "#texture"},
				"east": {"uv": [1.5, 1.5, 2, 2], "rotation": 90, "texture": "#texture"},
				"south": {"uv": [1.5, 1.5, 2, 2], "rotation": 180, "texture": "#texture"},
				"west": {"uv": [1.5, 1.5, 2, 2], "rotation": 270, "texture": "#texture"},
				"up": {"uv": [1.5, 1.5, 2, 2], "texture": "#texture"},
				"down": {"uv": [1.5, 1.5, 2, 2], "rotation": 180, "texture": "#texture"}
			}
		},
		{
			"from": [14, 1.5, 12.75],
			"to": [14.5, 2, 16.25],
			"faces": {
				"north": {"uv": [1.5, 1.5, 2, 2], "texture": "#texture"},
				"east": {"uv": [1.5, 1.5, 2, 2], "rotation": 90, "texture": "#texture"},
				"south": {"uv": [1.5, 1.5, 2, 2], "rotation": 180, "texture": "#texture"},
				"west": {"uv": [1.5, 1.5, 2, 2], "rotation": 270, "texture": "#texture"},
				"up": {"uv": [1.5, 1.5, 2, 2], "texture": "#texture"},
				"down": {"uv": [1.5, 1.5, 2, 2], "rotation": 180, "texture": "#texture"}
			}
		},
		{
			"from": [2, 14, 12.75],
			"to": [2.5, 14.5, 16.25],
			"faces": {
				"north": {"uv": [1.5, 1.5, 2, 2], "texture": "#texture"},
				"east": {"uv": [1.5, 1.5, 2, 2], "rotation": 90, "texture": "#texture"},
				"south": {"uv": [1.5, 1.5, 2, 2], "rotation": 180, "texture": "#texture"},
				"west": {"uv": [1.5, 1.5, 2, 2], "rotation": 270, "texture": "#texture"},
				"up": {"uv": [1.5, 1.5, 2, 2], "texture": "#texture"},
				"down": {"uv": [1.5, 1.5, 2, 2], "rotation": 180, "texture": "#texture"}
			}
		}
	],
	"groups": [
		{
			"name": "group",
			"origin": [8, 8, 8],
			"children": [0, 1, 2, 3, 4, 5, 6, 7, 8, 9, 10, 11]
		}
	]
}