{
	"credit": "Made by SyndiShanX",
	"parent": "block/crafting_table",
	"display": {
		"thirdperson_righthand": {
			"rotation": [59, 43, 0],
			"translation": [0, 0.5, -3.75],
			"scale": [0.4, 0.4, 0.4]
		},
		"thirdperson_lefthand": {
			"rotation": [59, 43, 0],
			"translation": [0, 0.5, -3.75],
			"scale": [0.4, 0.4, 0.4]
		},
		"firstperson_righthand": {
			"rotation": [0, 43, 0],
			"translation": [1.5, -1, -1.5],
			"scale": [0.48, 0.48, 0.48]
		},
		"firstperson_lefthand": {
			"rotation": [0, 43, 0],
			"translation": [1.5, -1, -1.5],
			"scale": [-0.48, 0.48, 0.48]
		},
		"ground": {
			"scale": [0.25, 0.25, 0.25]
		},
		"gui": {
			"rotation": [23, 41, 0],
			"scale": [0.64, 0.64, 0.64]
		},
		"head": {
			"translation": [0, 14.25, 0]
		},
		"fixed": {
			"translation": [0, 0, 5.75]
		}
	}
}