{
	"credit": "Made with Blockbench",
	"parent": "create:block/cart_assembler/block",
	"textures": {
		"1": "block/powered_rail",
		"4": "create:block/cart_assembler_top",
		"5": "create:block/mechanical_bearing_side",
		"6": "create:block/cart_assembler_side_off",
		"translation_chassis_side": "create:block/cart_assembler_side",
		"particle": "block/powered_rail",
		"rail": "block/rail_model"
	},
	"elements": [
		{
			"name": "Side",
			"from": [-2.05, -0.05, 0.95],
			"to": [2, 14.05, 15.05],
			"rotation": {"angle": 0, "axis": "y", "origin": [8, 8, 8]},
			"faces": {
				"north": {"uv": [11, 15, 15, 1], "texture": "#6"},
				"east": {"uv": [1, 15, 15, 1], "rotation": 90, "texture": "#translation_chassis_side"},
				"south": {"uv": [1, 15, 5, 1], "texture": "#6"},
				"west": {"uv": [1, 15, 15, 1], "rotation": 180, "texture": "#6"},
				"up": {"uv": [15, 5, 1, 1], "rotation": 90, "texture": "#6"},
				"down": {"uv": [1, 15, 15, 11], "rotation": 270, "texture": "#6"}
			}
		},
		{
			"name": "Side",
			"from": [14, -0.05, 0.95],
			"to": [18.05, 14.05, 15.05],
			"rotation": {"angle": 0, "axis": "y", "origin": [8, 8, 8]},
			"faces": {
				"north": {"uv": [15, 15, 11, 1], "texture": "#6"},
				"east": {"uv": [15, 15, 1, 1], "rotation": 180, "texture": "#6"},
				"south": {"uv": [5, 15, 1, 1], "texture": "#6"},
				"west": {"uv": [1, 1, 15, 15], "rotation": 90, "texture": "#translation_chassis_side"},
				"up": {"uv": [15, 1, 1, 5], "rotation": 90, "texture": "#6"},
				"down": {"uv": [1, 11, 15, 15], "rotation": 270, "texture": "#6"}
			}
		},
		{
			"from": [0, 12, 0],
			"to": [16, 16, 16],
			"rotation": {"angle": 0, "axis": "y", "origin": [8, 23, 8]},
			"faces": {
				"north": {"uv": [0, 0, 16, 4], "texture": "#5"},
				"east": {"uv": [0, 0, 16, 4], "texture": "#5"},
				"south": {"uv": [0, 0, 16, 4], "texture": "#5"},
				"west": {"uv": [0, 0, 16, 4], "texture": "#5"},
				"up": {"uv": [0, 0, 16, 16], "texture": "#4"},
				"down": {"uv": [0, 0, 16, 16], "texture": "#translation_chassis_side"}
			}
		},
		{
			"from": [7, 0.75, 1.5],
			"to": [9, 1.25, 3.5],
			"faces": {
				"north": {"uv": [7, 12.5, 9, 13], "rotation": 180, "texture": "#1"},
				"east": {"uv": [8.5, 12.5, 9, 14.5], "rotation": 90, "texture": "#1"},
				"south": {"uv": [7, 14, 9, 14.5], "texture": "#1"},
				"west": {"uv": [7, 12.5, 7.5, 14.5], "rotation": 270, "texture": "#1"},
				"up": {"uv": [7, 1.5, 9, 3.5], "texture": "#1"}
			}
		},
		{
			"from": [7.5, 0.25, 0],
			"to": [8.5, 0.75, 5],
			"faces": {
				"north": {"uv": [7.5, 11, 8.5, 11.5], "rotation": 180, "texture": "#1", "cullface": "north"},
				"east": {"uv": [8.5, 11.5, 9, 15.5], "rotation": 90, "texture": "#1"},
				"south": {"uv": [7.5, 15.5, 8.5, 16], "texture": "#1"},
				"west": {"uv": [7, 11.5, 7.5, 15.5], "rotation": 270, "texture": "#1"},
				"up": {"uv": [7.5, 11, 8.5, 16], "texture": "#1"},
				"down": {"uv": [7.5, 11, 8.5, 16], "rotation": 180, "texture": "#1"}
			}
		},
		{
			"from": [7, 0.5, 0.5],
			"to": [9, 1, 4.5],
			"faces": {
				"north": {"uv": [7, 11.5, 9, 12], "rotation": 180, "texture": "#1"},
				"east": {"uv": [8.5, 11.5, 9, 15.5], "rotation": 90, "texture": "#1"},
				"south": {"uv": [7, 15, 9, 15.5], "texture": "#1"},
				"west": {"uv": [7, 11.5, 7.5, 15.5], "rotation": 270, "texture": "#1"},
				"up": {"uv": [7, 11.5, 9, 15.5], "texture": "#1"}
			}
		},
		{
			"from": [6.5, 0.5, 1],
			"to": [9.5, 1, 4],
			"faces": {
				"north": {"uv": [6.5, 12, 9.5, 12.5], "rotation": 180, "texture": "#1"},
				"east": {"uv": [9, 12, 9.5, 15], "rotation": 90, "texture": "#1"},
				"south": {"uv": [6.5, 14.5, 9.5, 15], "texture": "#1"},
				"west": {"uv": [6.5, 12, 7, 15], "rotation": 270, "texture": "#1"},
				"up": {"uv": [6.5, 12, 9.5, 15], "texture": "#1"}
			}
		},
		{
			"from": [7.5, 0.75, 1],
			"to": [8.5, 1.25, 4],
			"faces": {
				"north": {"uv": [7.5, 12, 8.5, 12.5], "rotation": 180, "texture": "#1"},
				"east": {"uv": [8, 12, 8.5, 15], "rotation": 90, "texture": "#1"},
				"south": {"uv": [7.5, 14.5, 8.5, 15], "texture": "#1"},
				"west": {"uv": [7.5, 12, 8, 15], "rotation": 270, "texture": "#1"},
				"up": {"uv": [7.5, 1, 8.5, 4], "texture": "#1"}
			}
		},
		{
			"from": [11.5, 0.75, 1],
			"to": [14, 1, 4],
			"faces": {
				"north": {"uv": [11.5, 1, 14, 1.5], "rotation": 180, "texture": "#1"},
				"east": {"uv": [13.5, 1, 14, 4], "rotation": 90, "texture": "#1"},
				"south": {"uv": [11.5, 3.5, 14, 4], "texture": "#1"},
				"west": {"uv": [11.5, 1, 12, 4], "rotation": 270, "texture": "#1"},
				"up": {"uv": [11.5, 1, 14, 4], "texture": "#1"}
			}
		},
		{
			"from": [2.5, 0.75, 0],
			"to": [4, 1, 16],
			"faces": {
				"north": {"uv": [2.5, 0, 4, 0.5], "rotation": 180, "texture": "#1", "cullface": "north"},
				"east": {"uv": [3.5, 0, 4, 16], "rotation": 90, "texture": "#1"},
				"south": {"uv": [2.5, 15.5, 4, 16], "texture": "#1", "cullface": "south"},
				"west": {"uv": [2.5, 0, 3, 16], "rotation": 270, "texture": "#1"},
				"up": {"uv": [2.5, 0, 4, 16], "texture": "#1"}
			}
		},
		{
			"from": [12, 0.75, 0],
			"to": [13.5, 1, 16],
			"faces": {
				"north": {"uv": [12, 0, 13.5, 0.5], "rotation": 180, "texture": "#1", "cullface": "north"},
				"east": {"uv": [13, 0, 13.5, 16], "rotation": 90, "texture": "#1"},
				"south": {"uv": [12, 15.5, 13.5, 16], "texture": "#1", "cullface": "south"},
				"west": {"uv": [12, 0, 12.5, 16], "rotation": 270, "texture": "#1"},
				"up": {"uv": [12, 0, 13.5, 16], "texture": "#1"}
			}
		},
		{
			"from": [12.5, 1, 0],
			"to": [13, 1.5, 16],
			"faces": {
				"north": {"uv": [12.5, 0, 13, 0.5], "texture": "#1", "cullface": "north"},
				"east": {"uv": [12.5, 0, 13, 16], "rotation": 90, "texture": "#1"},
				"south": {"uv": [12.5, 15.5, 13, 16], "texture": "#1", "cullface": "south"},
				"west": {"uv": [12.5, 0, 13, 16], "rotation": 270, "texture": "#1"},
				"up": {"uv": [12.5, 0, 13, 16], "texture": "#1"}
			}
		},
		{
			"from": [3, 1, 0],
			"to": [3.5, 1.5, 16],
			"faces": {
				"north": {"uv": [3, 0, 3.5, 0.5], "texture": "#1", "cullface": "north"},
				"east": {"uv": [3, 0, 3.5, 16], "rotation": 90, "texture": "#1"},
				"south": {"uv": [3, 15.5, 3.5, 16], "texture": "#1", "cullface": "south"},
				"west": {"uv": [3, 0, 3.5, 16], "rotation": 270, "texture": "#1"},
				"up": {"uv": [3, 0, 3.5, 16], "texture": "#1"}
			}
		},
		{
			"from": [1.5, 0.5, 13],
			"to": [14.5, 0.75, 14],
			"faces": {
				"north": {"uv": [1.5, 13, 14.5, 13.5], "rotation": 180, "texture": "#1"},
				"east": {"uv": [14, 13, 14.5, 14], "rotation": 90, "texture": "#1"},
				"south": {"uv": [1.5, 13.5, 14.5, 14], "texture": "#1"},
				"west": {"uv": [14, 13, 14.5, 14], "rotation": 90, "texture": "#1"},
				"up": {"uv": [1.5, 13, 14.5, 14], "texture": "#1"}
			}
		},
		{
			"from": [1.5, 0.5, 7.5],
			"to": [14.5, 0.75, 8.5],
			"faces": {
				"north": {"uv": [1.5, 7.5, 14.5, 8], "rotation": 180, "texture": "#1"},
				"east": {"uv": [14, 7.5, 14.5, 8.5], "rotation": 90, "texture": "#1"},
				"south": {"uv": [1.5, 8, 14.5, 8.5], "texture": "#1"},
				"west": {"uv": [14, 7.5, 14.5, 8.5], "rotation": 90, "texture": "#1"},
				"up": {"uv": [1.5, 7.5, 14.5, 8.5], "texture": "#1"}
			}
		},
		{
			"from": [1.5, 0.5, 2],
			"to": [14.5, 0.75, 3],
			"faces": {
				"north": {"uv": [1.5, 2, 14.5, 2.5], "rotation": 180, "texture": "#1"},
				"east": {"uv": [14, 2, 14.5, 3], "rotation": 90, "texture": "#1"},
				"south": {"uv": [1.5, 2.5, 14.5, 3], "texture": "#1"},
				"west": {"uv": [14, 2, 14.5, 3], "rotation": 90, "texture": "#1"},
				"up": {"uv": [1.5, 2, 14.5, 3], "texture": "#1"}
			}
		},
		{
			"from": [11.5, 0.5, 0],
			"to": [14, 0.75, 16],
			"faces": {
				"north": {"uv": [11.5, 0, 14, 0.5], "rotation": 180, "texture": "#1", "cullface": "north"},
				"east": {"uv": [13.5, 0, 14, 16], "rotation": 270, "texture": "#1"},
				"south": {"uv": [11.5, 15.5, 14, 16], "texture": "#1", "cullface": "south"},
				"west": {"uv": [11.5, 0, 12, 16], "rotation": 90, "texture": "#1"},
				"up": {"uv": [11.5, 0, 14, 16], "texture": "#1"},
				"down": {"uv": [11.5, 0, 14, 16], "texture": "#1"}
			}
		},
		{
			"from": [2, 0.5, 0],
			"to": [4.5, 0.75, 16],
			"faces": {
				"north": {"uv": [2, 0, 4.5, 0.5], "rotation": 180, "texture": "#1", "cullface": "north"},
				"east": {"uv": [4, 0, 4.5, 16], "rotation": 270, "texture": "#1"},
				"south": {"uv": [2, 15.5, 4.5, 16], "texture": "#1", "cullface": "south"},
				"west": {"uv": [2, 0, 2.5, 16], "rotation": 90, "texture": "#1"},
				"up": {"uv": [2, 0, 4.5, 16], "texture": "#1"},
				"down": {"uv": [2, 0, 4.5, 16], "texture": "#1"}
			}
		},
		{
			"from": [7.5, 0.25, 5.5],
			"to": [8.5, 0.75, 10.5],
			"faces": {
				"north": {"uv": [7.5, 11, 8.5, 11.5], "rotation": 180, "texture": "#1"},
				"east": {"uv": [8.5, 11.5, 9, 15.5], "rotation": 90, "texture": "#1"},
				"south": {"uv": [7.5, 15.5, 8.5, 16], "texture": "#1"},
				"west": {"uv": [7, 11.5, 7.5, 15.5], "rotation": 270, "texture": "#1"},
				"up": {"uv": [7.5, 11, 8.5, 16], "texture": "#1"},
				"down": {"uv": [7.5, 11, 8.5, 16], "rotation": 180, "texture": "#1"}
			}
		},
		{
			"from": [7, 0.5, 6],
			"to": [9, 1, 10],
			"faces": {
				"north": {"uv": [7, 11.5, 9, 12], "rotation": 180, "texture": "#1"},
				"east": {"uv": [8.5, 11.5, 9, 15.5], "rotation": 90, "texture": "#1"},
				"south": {"uv": [7, 15, 9, 15.5], "texture": "#1"},
				"west": {"uv": [7, 11.5, 7.5, 15.5], "rotation": 270, "texture": "#1"},
				"up": {"uv": [7, 11.5, 9, 15.5], "texture": "#1"}
			}
		},
		{
			"from": [6.5, 0.5, 6.5],
			"to": [9.5, 1, 9.5],
			"faces": {
				"north": {"uv": [6.5, 12, 9.5, 12.5], "rotation": 180, "texture": "#1"},
				"east": {"uv": [9, 12, 9.5, 15], "rotation": 90, "texture": "#1"},
				"south": {"uv": [6.5, 14.5, 9.5, 15], "texture": "#1"},
				"west": {"uv": [6.5, 12, 7, 15], "rotation": 270, "texture": "#1"},
				"up": {"uv": [6.5, 12, 9.5, 15], "texture": "#1"}
			}
		},
		{
			"from": [7, 0.75, 7],
			"to": [9, 1.25, 9],
			"faces": {
				"north": {"uv": [7, 12.5, 9, 13], "rotation": 180, "texture": "#1"},
				"east": {"uv": [8.5, 12.5, 9, 14.5], "rotation": 90, "texture": "#1"},
				"south": {"uv": [7, 14, 9, 14.5], "texture": "#1"},
				"west": {"uv": [7, 12.5, 7.5, 14.5], "rotation": 270, "texture": "#1"},
				"up": {"uv": [7, 1.5, 9, 3.5], "texture": "#1"}
			}
		},
		{
			"from": [7.5, 0.75, 6.5],
			"to": [8.5, 1.25, 9.5],
			"faces": {
				"north": {"uv": [7.5, 12, 8.5, 12.5], "rotation": 180, "texture": "#1"},
				"east": {"uv": [8, 12, 8.5, 15], "rotation": 90, "texture": "#1"},
				"south": {"uv": [7.5, 14.5, 8.5, 15], "texture": "#1"},
				"west": {"uv": [7.5, 12, 8, 15], "rotation": 270, "texture": "#1"},
				"up": {"uv": [7.5, 1, 8.5, 4], "texture": "#1"}
			}
		},
		{
			"from": [7.5, 0.25, 11],
			"to": [8.5, 0.75, 16],
			"faces": {
				"north": {"uv": [7.5, 11, 8.5, 11.5], "rotation": 180, "texture": "#1"},
				"east": {"uv": [8.5, 11.5, 9, 15.5], "rotation": 90, "texture": "#1"},
				"south": {"uv": [7.5, 15.5, 8.5, 16], "texture": "#1", "cullface": "south"},
				"west": {"uv": [7, 11.5, 7.5, 15.5], "rotation": 270, "texture": "#1"},
				"up": {"uv": [7.5, 11, 8.5, 16], "texture": "#1"},
				"down": {"uv": [7.5, 11, 8.5, 16], "rotation": 180, "texture": "#1"}
			}
		},
		{
			"from": [7, 0.5, 11.5],
			"to": [9, 1, 15.5],
			"faces": {
				"north": {"uv": [7, 11.5, 9, 12], "rotation": 180, "texture": "#1"},
				"east": {"uv": [8.5, 11.5, 9, 15.5], "rotation": 90, "texture": "#1"},
				"south": {"uv": [7, 15, 9, 15.5], "texture": "#1"},
				"west": {"uv": [7, 11.5, 7.5, 15.5], "rotation": 270, "texture": "#1"},
				"up": {"uv": [7, 11.5, 9, 15.5], "texture": "#1"}
			}
		},
		{
			"from": [6.5, 0.5, 12],
			"to": [9.5, 1, 15],
			"faces": {
				"north": {"uv": [6.5, 12, 9.5, 12.5], "rotation": 180, "texture": "#1"},
				"east": {"uv": [9, 12, 9.5, 15], "rotation": 90, "texture": "#1"},
				"south": {"uv": [6.5, 14.5, 9.5, 15], "texture": "#1"},
				"west": {"uv": [6.5, 12, 7, 15], "rotation": 270, "texture": "#1"},
				"up": {"uv": [6.5, 12, 9.5, 15], "texture": "#1"}
			}
		},
		{
			"from": [7, 0.75, 12.5],
			"to": [9, 1.25, 14.5],
			"faces": {
				"north": {"uv": [7, 12.5, 9, 13], "rotation": 180, "texture": "#1"},
				"east": {"uv": [8.5, 12.5, 9, 14.5], "rotation": 90, "texture": "#1"},
				"south": {"uv": [7, 14, 9, 14.5], "texture": "#1"},
				"west": {"uv": [7, 12.5, 7.5, 14.5], "rotation": 270, "texture": "#1"},
				"up": {"uv": [7, 1.5, 9, 3.5], "texture": "#1"}
			}
		},
		{
			"from": [7.5, 0.75, 12],
			"to": [8.5, 1.25, 15],
			"faces": {
				"north": {"uv": [7.5, 12, 8.5, 12.5], "rotation": 180, "texture": "#1"},
				"east": {"uv": [8, 12, 8.5, 15], "rotation": 90, "texture": "#1"},
				"south": {"uv": [7.5, 14.5, 8.5, 15], "texture": "#1"},
				"west": {"uv": [7.5, 12, 8, 15], "rotation": 270, "texture": "#1"},
				"up": {"uv": [7.5, 1, 8.5, 4], "texture": "#1"}
			}
		},
		{
			"from": [12, 1, 0.5],
			"to": [13.5, 1.25, 4.5],
			"faces": {
				"north": {"uv": [12, 0.5, 13.5, 1], "rotation": 180, "texture": "#1"},
				"east": {"uv": [13, 0.5, 13.5, 4.5], "rotation": 90, "texture": "#1"},
				"south": {"uv": [12, 4, 13.5, 4.5], "texture": "#1"},
				"west": {"uv": [12, 0.5, 12.5, 4.5], "rotation": 270, "texture": "#1"},
				"up": {"uv": [12, 0.5, 13.5, 4.5], "texture": "#1"}
			}
		},
		{
			"from": [11.5, 0.75, 6.5],
			"to": [14, 1, 9.5],
			"faces": {
				"north": {"uv": [11.5, 1, 14, 1.5], "rotation": 180, "texture": "#1"},
				"east": {"uv": [13.5, 1, 14, 4], "rotation": 90, "texture": "#1"},
				"south": {"uv": [11.5, 3.5, 14, 4], "texture": "#1"},
				"west": {"uv": [11.5, 1, 12, 4], "rotation": 270, "texture": "#1"},
				"up": {"uv": [11.5, 1, 14, 4], "texture": "#1"}
			}
		},
		{
			"from": [12, 1, 6],
			"to": [13.5, 1.25, 10],
			"faces": {
				"north": {"uv": [12, 0.5, 13.5, 1], "rotation": 180, "texture": "#1"},
				"east": {"uv": [13, 0.5, 13.5, 4.5], "rotation": 90, "texture": "#1"},
				"south": {"uv": [12, 4, 13.5, 4.5], "texture": "#1"},
				"west": {"uv": [12, 0.5, 12.5, 4.5], "rotation": 270, "texture": "#1"},
				"up": {"uv": [12, 0.5, 13.5, 4.5], "texture": "#1"}
			}
		},
		{
			"from": [11.5, 0.75, 12],
			"to": [14, 1, 15],
			"faces": {
				"north": {"uv": [11.5, 1, 14, 1.5], "rotation": 180, "texture": "#1"},
				"east": {"uv": [13.5, 1, 14, 4], "rotation": 90, "texture": "#1"},
				"south": {"uv": [11.5, 3.5, 14, 4], "texture": "#1"},
				"west": {"uv": [11.5, 1, 12, 4], "rotation": 270, "texture": "#1"},
				"up": {"uv": [11.5, 1, 14, 4], "texture": "#1"}
			}
		},
		{
			"from": [12, 1, 11.5],
			"to": [13.5, 1.25, 15.5],
			"faces": {
				"north": {"uv": [12, 0.5, 13.5, 1], "rotation": 180, "texture": "#1"},
				"east": {"uv": [13, 0.5, 13.5, 4.5], "rotation": 90, "texture": "#1"},
				"south": {"uv": [12, 4, 13.5, 4.5], "texture": "#1"},
				"west": {"uv": [12, 0.5, 12.5, 4.5], "rotation": 270, "texture": "#1"},
				"up": {"uv": [12, 0.5, 13.5, 4.5], "texture": "#1"}
			}
		},
		{
			"from": [2, 0.75, 12],
			"to": [4.5, 1, 15],
			"faces": {
				"north": {"uv": [11.5, 1, 14, 1.5], "rotation": 180, "texture": "#1"},
				"east": {"uv": [13.5, 1, 14, 4], "rotation": 90, "texture": "#1"},
				"south": {"uv": [11.5, 3.5, 14, 4], "texture": "#1"},
				"west": {"uv": [11.5, 1, 12, 4], "rotation": 270, "texture": "#1"},
				"up": {"uv": [11.5, 1, 14, 4], "texture": "#1"}
			}
		},
		{
			"from": [2.5, 1, 11.5],
			"to": [4, 1.25, 15.5],
			"faces": {
				"north": {"uv": [12, 0.5, 13.5, 1], "rotation": 180, "texture": "#1"},
				"east": {"uv": [13, 0.5, 13.5, 4.5], "rotation": 90, "texture": "#1"},
				"south": {"uv": [12, 4, 13.5, 4.5], "texture": "#1"},
				"west": {"uv": [12, 0.5, 12.5, 4.5], "rotation": 270, "texture": "#1"},
				"up": {"uv": [12, 0.5, 13.5, 4.5], "texture": "#1"}
			}
		},
		{
			"from": [2, 0.75, 6.5],
			"to": [4.5, 1, 9.5],
			"faces": {
				"north": {"uv": [11.5, 1, 14, 1.5], "rotation": 180, "texture": "#1"},
				"east": {"uv": [13.5, 1, 14, 4], "rotation": 90, "texture": "#1"},
				"south": {"uv": [11.5, 3.5, 14, 4], "texture": "#1"},
				"west": {"uv": [11.5, 1, 12, 4], "rotation": 270, "texture": "#1"},
				"up": {"uv": [11.5, 1, 14, 4], "texture": "#1"}
			}
		},
		{
			"from": [2.5, 1, 6],
			"to": [4, 1.25, 10],
			"faces": {
				"north": {"uv": [12, 0.5, 13.5, 1], "rotation": 180, "texture": "#1"},
				"east": {"uv": [13, 0.5, 13.5, 4.5], "rotation": 90, "texture": "#1"},
				"south": {"uv": [12, 4, 13.5, 4.5], "texture": "#1"},
				"west": {"uv": [12, 0.5, 12.5, 4.5], "rotation": 270, "texture": "#1"},
				"up": {"uv": [12, 0.5, 13.5, 4.5], "texture": "#1"}
			}
		},
		{
			"from": [2, 0.75, 1],
			"to": [4.5, 1, 4],
			"faces": {
				"north": {"uv": [11.5, 1, 14, 1.5], "rotation": 180, "texture": "#1"},
				"east": {"uv": [13.5, 1, 14, 4], "rotation": 90, "texture": "#1"},
				"south": {"uv": [11.5, 3.5, 14, 4], "texture": "#1"},
				"west": {"uv": [11.5, 1, 12, 4], "rotation": 270, "texture": "#1"},
				"up": {"uv": [11.5, 1, 14, 4], "texture": "#1"}
			}
		},
		{
			"from": [2.5, 1, 0.5],
			"to": [4, 1.25, 4.5],
			"faces": {
				"north": {"uv": [12, 0.5, 13.5, 1], "rotation": 180, "texture": "#1"},
				"east": {"uv": [13, 0.5, 13.5, 4.5], "rotation": 90, "texture": "#1"},
				"south": {"uv": [12, 4, 13.5, 4.5], "texture": "#1"},
				"west": {"uv": [12, 0.5, 12.5, 4.5], "rotation": 270, "texture": "#1"},
				"up": {"uv": [12, 0.5, 13.5, 4.5], "texture": "#1"}
			}
		},
		{
			"from": [5, 0.5, 1],
			"to": [6, 0.75, 4],
			"faces": {
				"north": {"uv": [5, 1, 6, 1.5], "rotation": 180, "texture": "#1"},
				"east": {"uv": [5.5, 1, 6, 4], "rotation": 90, "texture": "#1"},
				"south": {"uv": [5, 3.5, 6, 4], "texture": "#1"},
				"west": {"uv": [5, 1, 5.5, 4], "rotation": 270, "texture": "#1"},
				"up": {"uv": [5, 1, 6, 4], "texture": "#1"}
			}
		},
		{
			"from": [10, 0.5, 1],
			"to": [11, 0.75, 4],
			"faces": {
				"north": {"uv": [5, 1, 6, 1.5], "rotation": 180, "texture": "#1"},
				"east": {"uv": [5.5, 1, 6, 4], "rotation": 90, "texture": "#1"},
				"south": {"uv": [5, 3.5, 6, 4], "texture": "#1"},
				"west": {"uv": [5, 1, 5.5, 4], "rotation": 270, "texture": "#1"},
				"up": {"uv": [5, 1, 6, 4], "texture": "#1"}
			}
		},
		{
			"from": [5, 0.5, 6.5],
			"to": [6, 0.75, 9.5],
			"faces": {
				"north": {"uv": [5, 1, 6, 1.5], "rotation": 180, "texture": "#1"},
				"east": {"uv": [5.5, 1, 6, 4], "rotation": 90, "texture": "#1"},
				"south": {"uv": [5, 3.5, 6, 4], "texture": "#1"},
				"west": {"uv": [5, 1, 5.5, 4], "rotation": 270, "texture": "#1"},
				"up": {"uv": [5, 1, 6, 4], "texture": "#1"}
			}
		},
		{
			"from": [10, 0.5, 6.5],
			"to": [11, 0.75, 9.5],
			"faces": {
				"north": {"uv": [5, 1, 6, 1.5], "rotation": 180, "texture": "#1"},
				"east": {"uv": [5.5, 1, 6, 4], "rotation": 90, "texture": "#1"},
				"south": {"uv": [5, 3.5, 6, 4], "texture": "#1"},
				"west": {"uv": [5, 1, 5.5, 4], "rotation": 270, "texture": "#1"},
				"up": {"uv": [5, 1, 6, 4], "texture": "#1"}
			}
		},
		{
			"from": [5, 0.5, 12],
			"to": [6, 0.75, 15],
			"faces": {
				"north": {"uv": [5, 1, 6, 1.5], "rotation": 180, "texture": "#1"},
				"east": {"uv": [5.5, 1, 6, 4], "rotation": 90, "texture": "#1"},
				"south": {"uv": [5, 3.5, 6, 4], "texture": "#1"},
				"west": {"uv": [5, 1, 5.5, 4], "rotation": 270, "texture": "#1"},
				"up": {"uv": [5, 1, 6, 4], "texture": "#1"}
			}
		},
		{
			"from": [10, 0.5, 12],
			"to": [11, 0.75, 15],
			"faces": {
				"north": {"uv": [5, 1, 6, 1.5], "rotation": 180, "texture": "#1"},
				"east": {"uv": [5.5, 1, 6, 4], "rotation": 90, "texture": "#1"},
				"south": {"uv": [5, 3.5, 6, 4], "texture": "#1"},
				"west": {"uv": [5, 1, 5.5, 4], "rotation": 270, "texture": "#1"},
				"up": {"uv": [5, 1, 6, 4], "texture": "#1"}
			}
		},
		{
			"from": [0, 0, 1],
			"to": [16, 0.5, 4],
			"faces": {
				"north": {"uv": [0, 1, 16, 1.5], "rotation": 180, "texture": "#rail"},
				"east": {"uv": [15.5, 1, 16, 4], "rotation": 90, "texture": "#rail", "cullface": "east"},
				"south": {"uv": [0, 3.5, 16, 4], "texture": "#rail"},
				"west": {"uv": [0, 1, 0.5, 4], "rotation": 270, "texture": "#rail", "cullface": "west"},
				"up": {"uv": [0, 1, 16, 4], "texture": "#rail"},
				"down": {"uv": [16, 1, 0, 4], "rotation": 180, "texture": "#rail", "cullface": "down"}
			}
		},
		{
			"from": [0, 0, 6.5],
			"to": [16, 0.5, 9.5],
			"rotation": {"angle": 0, "axis": "y", "origin": [8, 8, 13.5]},
			"faces": {
				"north": {"uv": [0, 1, 16, 1.5], "rotation": 180, "texture": "#rail"},
				"east": {"uv": [15.5, 1, 16, 4], "rotation": 90, "texture": "#rail", "cullface": "east"},
				"south": {"uv": [0, 3.5, 16, 4], "texture": "#rail"},
				"west": {"uv": [0, 1, 0.5, 4], "rotation": 270, "texture": "#rail", "cullface": "west"},
				"up": {"uv": [0, 1, 16, 4], "texture": "#rail"},
				"down": {"uv": [16, 1, 0, 4], "rotation": 180, "texture": "#rail", "cullface": "down"}
			}
		},
		{
			"from": [0, 0, 12],
			"to": [16, 0.5, 15],
			"rotation": {"angle": 0, "axis": "y", "origin": [8, 8, 19]},
			"faces": {
				"north": {"uv": [0, 1, 16, 1.5], "rotation": 180, "texture": "#rail"},
				"east": {"uv": [15.5, 1, 16, 4], "rotation": 90, "texture": "#rail", "cullface": "east"},
				"south": {"uv": [0, 3.5, 16, 4], "texture": "#rail"},
				"west": {"uv": [0, 1, 0.5, 4], "rotation": 270, "texture": "#rail", "cullface": "west"},
				"up": {"uv": [0, 1, 16, 4], "texture": "#rail"},
				"down": {"uv": [16, 1, 0, 4], "rotation": 180, "texture": "#rail", "cullface": "down"}
			}
		},
		{
			"from": [0.5, 0, 0.5],
			"to": [15.5, 0.5, 4.5],
			"faces": {
				"north": {"uv": [4.5, 0.5, 11.5, 1], "texture": "#rail"},
				"east": {"uv": [15, 0.5, 15.5, 4.5], "rotation": 90, "texture": "#rail"},
				"south": {"uv": [0.5, 4, 15.5, 4.5], "texture": "#rail"},
				"west": {"uv": [0.5, 0.5, 1, 4.5], "rotation": 270, "texture": "#rail"},
				"up": {"uv": [0.5, 0.5, 15.5, 4.5], "texture": "#rail"},
				"down": {"uv": [0.5, 0.5, 15.5, 4.5], "rotation": 180, "texture": "#rail", "cullface": "down"}
			}
		},
		{
			"from": [0.5, 0, 6],
			"to": [15.5, 0.5, 10],
			"rotation": {"angle": 0, "axis": "y", "origin": [8, 8, 13.5]},
			"faces": {
				"north": {"uv": [4.5, 0.5, 11.5, 1], "texture": "#rail"},
				"east": {"uv": [15, 0.5, 15.5, 4.5], "rotation": 90, "texture": "#rail"},
				"south": {"uv": [0.5, 4, 15.5, 4.5], "texture": "#rail"},
				"west": {"uv": [0.5, 0.5, 1, 4.5], "rotation": 270, "texture": "#rail"},
				"up": {"uv": [0.5, 0.5, 15.5, 4.5], "texture": "#rail"},
				"down": {"uv": [0.5, 0.5, 15.5, 4.5], "rotation": 180, "texture": "#rail", "cullface": "down"}
			}
		},
		{
			"from": [0.5, 0, 11.5],
			"to": [15.5, 0.5, 15.5],
			"rotation": {"angle": 0, "axis": "y", "origin": [8, 8, 19]},
			"faces": {
				"north": {"uv": [4.5, 0.5, 11.5, 1], "texture": "#rail"},
				"east": {"uv": [15, 0.5, 15.5, 4.5], "rotation": 90, "texture": "#rail"},
				"south": {"uv": [0.5, 4, 15.5, 4.5], "texture": "#rail"},
				"west": {"uv": [0.5, 0.5, 1, 4.5], "rotation": 270, "texture": "#rail"},
				"up": {"uv": [0.5, 0.5, 15.5, 4.5], "texture": "#rail"},
				"down": {"uv": [0.5, 0.5, 15.5, 4.5], "rotation": 180, "texture": "#rail", "cullface": "down"}
			}
		}
	],
	"display": {
		"thirdperson_righthand": {
			"rotation": [75, 45, 0],
			"translation": [0, 2.5, 3],
			"scale": [0.375, 0.375, 0.375]
		},
		"thirdperson_lefthand": {
			"rotation": [75, 45, 0],
			"translation": [0, 2.5, 3],
			"scale": [0.375, 0.375, 0.375]
		},
		"firstperson_righthand": {
			"rotation": [0, 45, 0],
			"translation": [-1, 4, 0],
			"scale": [0.5, 0.5, 0.5]
		},
		"firstperson_lefthand": {
			"rotation": [0, 225, 0],
			"translation": [-1, 4, 0],
			"scale": [0.5, 0.5, 0.5]
		},
		"ground": {
			"translation": [0, 3, 0],
			"scale": [0.25, 0.25, 0.25]
		},
		"gui": {
			"rotation": [30, 225, 0],
			"translation": [0, 3, 0],
			"scale": [0.8, 0.8, 0.8]
		},
		"head": {
			"translation": [0, 15, 0]
		},
		"fixed": {
			"rotation": [-90, 0, 0],
			"translation": [0, 0, -6],
			"scale": [0.75, 0.75, 0.75]
		}
	}
}