{
	"credit": "Made with Blockbench",
	"texture_size": [32, 32],
	"textures": {
		"4": "create:block/cart_assembler_top",
		"5": "create:block/mechanical_bearing_side",
		"7": "create:block/cart_assembler_side_on",
		"rail": "block/rail_model",
		"translation_chassis_side": "create:block/cart_assembler_side",
		"particle": "block/rail"
	},
	"elements": [
		{
			"from": [0, 0, 1],
			"to": [16, 0.4, 4],
			"faces": {
				"north": {"uv": [0, 1, 16, 1.5], "rotation": 180, "texture": "#rail"},
				"east": {"uv": [15.5, 1, 16, 4], "rotation": 90, "texture": "#rail", "cullface": "east"},
				"south": {"uv": [0, 3.5, 16, 4], "texture": "#rail"},
				"west": {"uv": [0, 1, 0.5, 4], "rotation": 270, "texture": "#rail", "cullface": "west"},
				"up": {"uv": [0, 1, 16, 4], "texture": "#rail"},
				"down": {"uv": [16, 1, 0, 4], "rotation": 180, "texture": "#rail", "cullface": "down"}
			}
		},
		{
			"from": [0, 0, 6.5],
			"to": [16, 0.4, 9.5],
			"rotation": {"angle": 0, "axis": "y", "origin": [8, 8, 13.5]},
			"faces": {
				"north": {"uv": [0, 1, 16, 1.5], "rotation": 180, "texture": "#rail"},
				"east": {"uv": [15.5, 1, 16, 4], "rotation": 90, "texture": "#rail", "cullface": "east"},
				"south": {"uv": [0, 3.5, 16, 4], "texture": "#rail"},
				"west": {"uv": [0, 1, 0.5, 4], "rotation": 270, "texture": "#rail", "cullface": "west"},
				"up": {"uv": [0, 1, 16, 4], "texture": "#rail"},
				"down": {"uv": [16, 1, 0, 4], "rotation": 180, "texture": "#rail", "cullface": "down"}
			}
		},
		{
			"from": [0, 0, 12],
			"to": [16, 0.4, 15],
			"rotation": {"angle": 0, "axis": "y", "origin": [8, 8, 19]},
			"faces": {
				"north": {"uv": [0, 1, 16, 1.5], "rotation": 180, "texture": "#rail"},
				"east": {"uv": [15.5, 1, 16, 4], "rotation": 90, "texture": "#rail", "cullface": "east"},
				"south": {"uv": [0, 3.5, 16, 4], "texture": "#rail"},
				"west": {"uv": [0, 1, 0.5, 4], "rotation": 270, "texture": "#rail", "cullface": "west"},
				"up": {"uv": [0, 1, 16, 4], "texture": "#rail"},
				"down": {"uv": [16, 1, 0, 4], "rotation": 180, "texture": "#rail", "cullface": "down"}
			}
		},
		{
			"from": [0.5, 0.025, 0.5],
			"to": [15.5, 0.5, 4.5],
			"faces": {
				"north": {"uv": [4.5, 0.5, 11.5, 1], "texture": "#rail"},
				"east": {"uv": [15, 0.5, 15.5, 4.5], "rotation": 90, "texture": "#rail"},
				"south": {"uv": [0.5, 4, 15.5, 4.5], "texture": "#rail"},
				"west": {"uv": [0.5, 0.5, 1, 4.5], "rotation": 270, "texture": "#rail"},
				"up": {"uv": [0.5, 0.5, 15.5, 4.5], "texture": "#rail"},
				"down": {"uv": [0.5, 0.5, 15.5, 4.5], "rotation": 180, "texture": "#rail", "cullface": "down"}
			}
		},
		{
			"from": [0.5, 0.025, 6],
			"to": [15.5, 0.5, 10],
			"rotation": {"angle": 0, "axis": "y", "origin": [8, 8, 13.5]},
			"faces": {
				"north": {"uv": [4.5, 0.5, 11.5, 1], "texture": "#rail"},
				"east": {"uv": [15, 0.5, 15.5, 4.5], "rotation": 90, "texture": "#rail"},
				"south": {"uv": [0.5, 4, 15.5, 4.5], "texture": "#rail"},
				"west": {"uv": [0.5, 0.5, 1, 4.5], "rotation": 270, "texture": "#rail"},
				"up": {"uv": [0.5, 0.5, 15.5, 4.5], "texture": "#rail"},
				"down": {"uv": [0.5, 0.5, 15.5, 4.5], "rotation": 180, "texture": "#rail", "cullface": "down"}
			}
		},
		{
			"from": [0.5, 0.025, 11.5],
			"to": [15.5, 0.5, 15.5],
			"rotation": {"angle": 0, "axis": "y", "origin": [8, 8, 19]},
			"faces": {
				"north": {"uv": [4.5, 0.5, 11.5, 1], "texture": "#rail"},
				"east": {"uv": [15, 0.5, 15.5, 4.5], "rotation": 90, "texture": "#rail"},
				"south": {"uv": [0.5, 4, 15.5, 4.5], "texture": "#rail"},
				"west": {"uv": [0.5, 0.5, 1, 4.5], "rotation": 270, "texture": "#rail"},
				"up": {"uv": [0.5, 0.5, 15.5, 4.5], "texture": "#rail"},
				"down": {"uv": [0.5, 0.5, 15.5, 4.5], "rotation": 180, "texture": "#rail", "cullface": "down"}
			}
		},
		{
			"from": [2, 0.5, 0],
			"to": [4.5, 0.75, 16],
			"faces": {
				"north": {"uv": [0, 5, 0.5, 7.5], "rotation": 270, "texture": "#rail", "cullface": "north"},
				"east": {"uv": [0, 5, 16, 5.5], "rotation": 180, "texture": "#rail"},
				"south": {"uv": [15.5, 5, 16, 7.5], "rotation": 90, "texture": "#rail", "cullface": "south"},
				"west": {"uv": [0, 7, 16, 7.5], "rotation": 90, "texture": "#rail"},
				"up": {"uv": [0, 5, 16, 7.5], "rotation": 90, "texture": "#rail"},
				"down": {"uv": [0, 5, 16, 7.5], "rotation": 90, "texture": "#rail"}
			}
		},
		{
			"from": [2.5, 0.75, 0],
			"to": [4, 1, 16],
			"faces": {
				"north": {"uv": [0, 5.5, 0.5, 7], "rotation": 270, "texture": "#rail", "cullface": "north"},
				"east": {"uv": [0, 5.5, 16, 6], "rotation": 180, "texture": "#rail"},
				"south": {"uv": [15.5, 5.5, 16, 7], "rotation": 90, "texture": "#rail", "cullface": "south"},
				"west": {"uv": [0, 6.5, 16, 7], "texture": "#rail"},
				"up": {"uv": [0, 5.5, 16, 7], "rotation": 90, "texture": "#rail"}
			}
		},
		{
			"from": [3, 1, 0],
			"to": [3.5, 1.5, 16],
			"faces": {
				"north": {"uv": [0, 6, 0.5, 6.5], "rotation": 90, "texture": "#rail", "cullface": "north"},
				"east": {"uv": [0, 6, 16, 6.5], "rotation": 180, "texture": "#rail"},
				"south": {"uv": [15.5, 6, 16, 6.5], "rotation": 90, "texture": "#rail", "cullface": "south"},
				"west": {"uv": [0, 6, 16, 6.5], "texture": "#rail"},
				"up": {"uv": [0, 6, 16, 6.5], "rotation": 90, "texture": "#rail"}
			}
		},
		{
			"from": [1.5, 0.5, 2],
			"to": [5, 0.75, 3],
			"rotation": {"angle": 0, "axis": "y", "origin": [8, 8, -3]},
			"faces": {
				"north": {"uv": [0.5, 8.5, 4, 9.5], "texture": "#rail"},
				"east": {"uv": [3.5, 8.5, 4, 9.5], "rotation": 90, "texture": "#rail"},
				"south": {"uv": [0.5, 9, 4, 9.5], "texture": "#rail"},
				"west": {"uv": [0.5, 8.5, 1, 9.5], "rotation": 90, "texture": "#rail"},
				"up": {"uv": [0.5, 8.5, 4, 9.5], "texture": "#rail"}
			}
		},
		{
			"from": [2, 0.75, 2],
			"to": [4.5, 1.1, 3],
			"rotation": {"angle": 0, "axis": "y", "origin": [8, 8, -3]},
			"faces": {
				"north": {"uv": [1, 8.5, 3.5, 9.5], "texture": "#rail"},
				"east": {"uv": [3, 8.5, 3.5, 9.5], "rotation": 90, "texture": "#rail"},
				"south": {"uv": [1, 9, 3.5, 9.5], "texture": "#rail"},
				"west": {"uv": [1, 8.5, 1.5, 9.5], "texture": "#rail"},
				"up": {"uv": [1, 8.5, 3.5, 9.5], "texture": "#rail"}
			}
		},
		{
			"from": [1.5, 0.5, 7.5],
			"to": [5, 0.75, 8.5],
			"rotation": {"angle": 0, "axis": "y", "origin": [8, 8, 2.5]},
			"faces": {
				"north": {"uv": [0.5, 8.5, 4, 9.5], "texture": "#rail"},
				"east": {"uv": [3.5, 8.5, 4, 9.5], "rotation": 90, "texture": "#rail"},
				"south": {"uv": [0.5, 9, 4, 9.5], "texture": "#rail"},
				"west": {"uv": [0.5, 8.5, 1, 9.5], "rotation": 90, "texture": "#rail"},
				"up": {"uv": [0.5, 8.5, 4, 9.5], "texture": "#rail"}
			}
		},
		{
			"from": [2, 0.75, 7.5],
			"to": [4.5, 1.1, 8.5],
			"rotation": {"angle": 0, "axis": "y", "origin": [8, 8, 2.5]},
			"faces": {
				"north": {"uv": [1, 8.5, 3.5, 9.5], "texture": "#rail"},
				"east": {"uv": [3, 8.5, 3.5, 9.5], "rotation": 90, "texture": "#rail"},
				"south": {"uv": [1, 9, 3.5, 9.5], "texture": "#rail"},
				"west": {"uv": [1, 8.5, 1.5, 9.5], "texture": "#rail"},
				"up": {"uv": [1, 8.5, 3.5, 9.5], "texture": "#rail"}
			}
		},
		{
			"from": [1.5, 0.5, 13],
			"to": [5, 0.75, 14],
			"faces": {
				"north": {"uv": [0.5, 8.5, 4, 9.5], "texture": "#rail"},
				"east": {"uv": [3.5, 8.5, 4, 9.5], "rotation": 90, "texture": "#rail"},
				"south": {"uv": [0.5, 9, 4, 9.5], "texture": "#rail"},
				"west": {"uv": [0.5, 8.5, 1, 9.5], "rotation": 90, "texture": "#rail"},
				"up": {"uv": [0.5, 8.5, 4, 9.5], "texture": "#rail"}
			}
		},
		{
			"from": [2, 0.75, 13],
			"to": [4.5, 1.1, 14],
			"faces": {
				"north": {"uv": [1, 8.5, 3.5, 9.5], "texture": "#rail"},
				"east": {"uv": [3, 8.5, 3.5, 9.5], "rotation": 90, "texture": "#rail"},
				"south": {"uv": [1, 9, 3.5, 9.5], "texture": "#rail"},
				"west": {"uv": [1, 8.5, 1.5, 9.5], "texture": "#rail"},
				"up": {"uv": [1, 8.5, 3.5, 9.5], "texture": "#rail"}
			}
		},
		{
			"from": [11.5, 0.5, 0],
			"to": [14, 0.75, 16],
			"rotation": {"angle": 0, "axis": "y", "origin": [17.5, 8, 8]},
			"faces": {
				"north": {"uv": [0, 5, 0.5, 7.5], "rotation": 270, "texture": "#rail", "cullface": "north"},
				"east": {"uv": [0, 5, 16, 5.5], "rotation": 180, "texture": "#rail"},
				"south": {"uv": [15.5, 5, 16, 7.5], "rotation": 90, "texture": "#rail", "cullface": "south"},
				"west": {"uv": [0, 7, 16, 7.5], "rotation": 90, "texture": "#rail"},
				"up": {"uv": [0, 5, 16, 7.5], "rotation": 90, "texture": "#rail"},
				"down": {"uv": [0, 5, 16, 7.5], "rotation": 90, "texture": "#rail"}
			}
		},
		{
			"from": [12, 0.75, 0],
			"to": [13.5, 1, 16],
			"rotation": {"angle": 0, "axis": "y", "origin": [17.5, 8, 8]},
			"faces": {
				"north": {"uv": [0, 5.5, 0.5, 7], "rotation": 270, "texture": "#rail", "cullface": "north"},
				"east": {"uv": [0, 5.5, 16, 6], "rotation": 180, "texture": "#rail"},
				"south": {"uv": [15.5, 5.5, 16, 7], "rotation": 90, "texture": "#rail", "cullface": "south"},
				"west": {"uv": [0, 6.5, 16, 7], "texture": "#rail"},
				"up": {"uv": [0, 5.5, 16, 7], "rotation": 90, "texture": "#rail"}
			}
		},
		{
			"from": [12.5, 1, 0],
			"to": [13, 1.5, 16],
			"rotation": {"angle": 0, "axis": "y", "origin": [17.5, 8, 8]},
			"faces": {
				"north": {"uv": [0, 6, 0.5, 6.5], "rotation": 90, "texture": "#rail", "cullface": "north"},
				"east": {"uv": [0, 6, 16, 6.5], "rotation": 180, "texture": "#rail"},
				"south": {"uv": [15.5, 6, 16, 6.5], "rotation": 90, "texture": "#rail", "cullface": "south"},
				"west": {"uv": [0, 6, 16, 6.5], "texture": "#rail"},
				"up": {"uv": [0, 6, 16, 6.5], "rotation": 90, "texture": "#rail"}
			}
		},
		{
			"from": [11, 0.5, 2],
			"to": [14.5, 0.75, 3],
			"rotation": {"angle": 0, "axis": "y", "origin": [17.5, 8, -3]},
			"faces": {
				"north": {"uv": [0.5, 8.5, 4, 9.5], "texture": "#rail"},
				"east": {"uv": [3.5, 8.5, 4, 9.5], "rotation": 90, "texture": "#rail"},
				"south": {"uv": [0.5, 9, 4, 9.5], "texture": "#rail"},
				"west": {"uv": [0.5, 8.5, 1, 9.5], "rotation": 90, "texture": "#rail"},
				"up": {"uv": [0.5, 8.5, 4, 9.5], "texture": "#rail"}
			}
		},
		{
			"from": [11.5, 0.75, 2],
			"to": [14, 1.1, 3],
			"rotation": {"angle": 0, "axis": "y", "origin": [17.5, 8, -3]},
			"faces": {
				"north": {"uv": [1, 8.5, 3.5, 9.5], "texture": "#rail"},
				"east": {"uv": [3, 8.5, 3.5, 9.5], "rotation": 90, "texture": "#rail"},
				"south": {"uv": [1, 9, 3.5, 9.5], "texture": "#rail"},
				"west": {"uv": [1, 8.5, 1.5, 9.5], "texture": "#rail"},
				"up": {"uv": [1, 8.5, 3.5, 9.5], "texture": "#rail"}
			}
		},
		{
			"from": [11, 0.5, 7.5],
			"to": [14.5, 0.75, 8.5],
			"rotation": {"angle": 0, "axis": "y", "origin": [17.5, 8, 2.5]},
			"faces": {
				"north": {"uv": [0.5, 8.5, 4, 9.5], "texture": "#rail"},
				"east": {"uv": [3.5, 8.5, 4, 9.5], "rotation": 90, "texture": "#rail"},
				"south": {"uv": [0.5, 9, 4, 9.5], "texture": "#rail"},
				"west": {"uv": [0.5, 8.5, 1, 9.5], "rotation": 90, "texture": "#rail"},
				"up": {"uv": [0.5, 8.5, 4, 9.5], "texture": "#rail"}
			}
		},
		{
			"from": [11.5, 0.75, 7.5],
			"to": [14, 1.1, 8.5],
			"rotation": {"angle": 0, "axis": "y", "origin": [17.5, 8, 2.5]},
			"faces": {
				"north": {"uv": [1, 8.5, 3.5, 9.5], "texture": "#rail"},
				"east": {"uv": [3, 8.5, 3.5, 9.5], "rotation": 90, "texture": "#rail"},
				"south": {"uv": [1, 9, 3.5, 9.5], "texture": "#rail"},
				"west": {"uv": [1, 8.5, 1.5, 9.5], "texture": "#rail"},
				"up": {"uv": [1, 8.5, 3.5, 9.5], "texture": "#rail"}
			}
		},
		{
			"from": [11, 0.5, 13],
			"to": [14.5, 0.75, 14],
			"rotation": {"angle": 0, "axis": "y", "origin": [17.5, 8, 8]},
			"faces": {
				"north": {"uv": [0.5, 8.5, 4, 9.5], "texture": "#rail"},
				"east": {"uv": [3.5, 8.5, 4, 9.5], "rotation": 90, "texture": "#rail"},
				"south": {"uv": [0.5, 9, 4, 9.5], "texture": "#rail"},
				"west": {"uv": [0.5, 8.5, 1, 9.5], "rotation": 90, "texture": "#rail"},
				"up": {"uv": [0.5, 8.5, 4, 9.5], "texture": "#rail"}
			}
		},
		{
			"from": [11.5, 0.75, 13],
			"to": [14, 1.1, 14],
			"rotation": {"angle": 0, "axis": "y", "origin": [17.5, 8, 8]},
			"faces": {
				"north": {"uv": [1, 8.5, 3.5, 9.5], "texture": "#rail"},
				"east": {"uv": [3, 8.5, 3.5, 9.5], "rotation": 90, "texture": "#rail"},
				"south": {"uv": [1, 9, 3.5, 9.5], "texture": "#rail"},
				"west": {"uv": [1, 8.5, 1.5, 9.5], "texture": "#rail"},
				"up": {"uv": [1, 8.5, 3.5, 9.5], "texture": "#rail"}
			}
		},
		{
			"name": "Side",
			"from": [-2.05, -0.05, 0.95],
			"to": [2, 14.05, 15.05],
			"rotation": {"angle": 0, "axis": "y", "origin": [8, 8, 8]},
			"faces": {
				"north": {"uv": [11, 15, 15, 1], "texture": "#7"},
				"east": {"uv": [1, 15, 15, 1], "rotation": 90, "texture": "#translation_chassis_side"},
				"south": {"uv": [1, 15, 5, 1], "texture": "#7"},
				"west": {"uv": [1, 15, 15, 1], "rotation": 180, "texture": "#7"},
				"up": {"uv": [15, 5, 1, 1], "rotation": 90, "texture": "#7"},
				"down": {"uv": [1, 15, 15, 11], "rotation": 270, "texture": "#7"}
			}
		},
		{
			"name": "Side",
			"from": [14, -0.05, 0.95],
			"to": [18.05, 14.05, 15.05],
			"rotation": {"angle": 0, "axis": "y", "origin": [8, 8, 8]},
			"faces": {
				"north": {"uv": [15, 15, 11, 1], "texture": "#7"},
				"east": {"uv": [15, 15, 1, 1], "rotation": 180, "texture": "#7"},
				"south": {"uv": [5, 15, 1, 1], "texture": "#7"},
				"west": {"uv": [1, 1, 15, 15], "rotation": 90, "texture": "#translation_chassis_side"},
				"up": {"uv": [15, 1, 1, 5], "rotation": 90, "texture": "#7"},
				"down": {"uv": [1, 11, 15, 15], "rotation": 270, "texture": "#7"}
			}
		},
		{
			"from": [0, 12, 0],
			"to": [16, 16, 16],
			"rotation": {"angle": 0, "axis": "y", "origin": [8, 23, 8]},
			"faces": {
				"north": {"uv": [0, 0, 16, 4], "texture": "#5"},
				"east": {"uv": [0, 0, 16, 4], "texture": "#5"},
				"south": {"uv": [0, 0, 16, 4], "texture": "#5"},
				"west": {"uv": [0, 0, 16, 4], "texture": "#5"},
				"up": {"uv": [0, 0, 16, 16], "texture": "#4"},
				"down": {"uv": [0, 0, 16, 16], "texture": "#translation_chassis_side"}
			}
		}
	],
	"display": {
		"thirdperson_righthand": {
			"rotation": [75, 45, 0],
			"translation": [0, 2.5, 3],
			"scale": [0.375, 0.375, 0.375]
		},
		"thirdperson_lefthand": {
			"rotation": [75, 45, 0],
			"translation": [0, 2.5, 3],
			"scale": [0.375, 0.375, 0.375]
		},
		"firstperson_righthand": {
			"rotation": [0, 45, 0],
			"translation": [-1, 4, 0],
			"scale": [0.5, 0.5, 0.5]
		},
		"firstperson_lefthand": {
			"rotation": [0, 225, 0],
			"translation": [-1, 4, 0],
			"scale": [0.5, 0.5, 0.5]
		},
		"ground": {
			"translation": [0, 3, 0],
			"scale": [0.25, 0.25, 0.25]
		},
		"gui": {
			"rotation": [30, 225, 0],
			"translation": [0, 3, 0],
			"scale": [0.8, 0.8, 0.8]
		},
		"head": {
			"translation": [0, 15, 0]
		},
		"fixed": {
			"rotation": [-90, 0, 0],
			"translation": [0, 0, -6],
			"scale": [0.75, 0.75, 0.75]
		}
	}
}