{
	"credit": "Made with Blockbench",
	"parent": "block/block",
	"textures": {
		"5": "create:block/mechanical_bearing_side",
		"6": "create:block/cart_assembler_side_off",
		"particle": "create:block/cart_assembler_side",
		"translation_chassis_side": "create:block/cart_assembler_side",
		"1_4": "create:block/cart_assembler_top"
	},
	"elements": [
		{
			"name": "Side",
			"from": [13.875, 0.062, 1.125],
			"to": [17.875, 13.937, 14.875],
			"faces": {
				"north": {"uv": [1, 14.875, 5, 1], "texture": "#6"},
				"east": {"uv": [1, 15, 15, 1], "rotation": 180, "texture": "#6"},
				"south": {"uv": [11, 14.875, 15, 1], "texture": "#6"},
				"west": {"uv": [1, 1, 15, 15], "rotation": 90, "texture": "#translation_chassis_side"},
				"up": {"uv": [1, 5, 14.75, 1], "rotation": 270, "texture": "#6"},
				"down": {"uv": [1, 15, 14.75, 11], "rotation": 90, "texture": "#6"}
			}
		},
		{
			"name": "Side",
			"from": [-1.875, 0.062, 1.125],
			"to": [2.125, 13.937, 14.875],
			"faces": {
				"north": {"uv": [11, 14.875, 15, 1], "texture": "#6"},
				"east": {"uv": [1, 15, 15, 1], "rotation": 90, "texture": "#translation_chassis_side"},
				"south": {"uv": [1, 14.875, 5, 1], "texture": "#6"},
				"west": {"uv": [1, 15, 15, 1], "rotation": 180, "texture": "#6"},
				"up": {"uv": [1, 5, 14.75, 1], "rotation": 90, "texture": "#6"},
				"down": {"uv": [1, 15, 14.75, 11], "rotation": 270, "texture": "#6"}
			}
		},
		{
			"from": [0, 12, 0],
			"to": [16, 16, 16],
			"rotation": {"angle": 0, "axis": "y", "origin": [8, 23, 8]},
			"faces": {
				"north": {"uv": [0, 0, 16, 4], "texture": "#translation_chassis_side"},
				"east": {"uv": [0, 0, 16, 4], "texture": "#5"},
				"south": {"uv": [0, 0, 16, 4], "texture": "#translation_chassis_side"},
				"west": {"uv": [0, 0, 16, 4], "texture": "#5"},
				"up": {"uv": [0, 0, 16, 16], "texture": "#1_4"},
				"down": {"uv": [0, 0, 16, 16], "texture": "#translation_chassis_side"}
			}
		}
	],
	"display": {
		"thirdperson_righthand": {
			"rotation": [75, 45, 0],
			"translation": [0, 2.5, 0],
			"scale": [0.375, 0.375, 0.375]
		},
		"thirdperson_lefthand": {
			"rotation": [75, 45, 0],
			"translation": [0, 2.5, 0],
			"scale": [0.375, 0.375, 0.375]
		},
		"firstperson_righthand": {
			"rotation": [0, 45, 0],
			"scale": [0.4, 0.4, 0.4]
		},
		"firstperson_lefthand": {
			"rotation": [0, 225, 0],
			"scale": [0.4, 0.4, 0.4]
		},
		"ground": {
			"translation": [0, 3, 0],
			"scale": [0.25, 0.25, 0.25]
		},
		"gui": {
			"rotation": [30, 225, 0],
			"scale": [0.625, 0.625, 0.625]
		},
		"fixed": {
			"scale": [0.5, 0.5, 0.5]
		}
	},
	"groups": [
		{
			"name": "block",
			"origin": [8, 8, 8],
			"children": [0, 1, 2]
		}
	]
}