{
	"credit": "Made with Blockbench",
	"ambientocclusion": false,
	"textures": {
		"1": "block/doors/acacia_door_rim",
		"2": "block/doors/acacia_door_top",
		"particle": "block/doors/acacia_door_top"
	},
	"elements": [
		{
			"from": [0, 13, 0],
			"to": [3, 16, 16],
			"faces": {
				"north": {"uv": [13.008, 0.008, 15.93563, 2.93563], "texture": "#1"},
				"east": {"uv": [15.968, 0.032, 0.032, 2.968], "texture": "#2"},
				"south": {"uv": [13.008, 0.008, 15.93563, 2.93563], "texture": "#1"},
				"west": {"uv": [0.032, 0.032, 15.968, 2.968], "texture": "#2"},
				"up": {"uv": [0.032, 0.032, 15.968, 2.968], "rotation": 90, "texture": "#2"},
				"down": {"uv": [0.016, 15.984, 2.984, 0.016], "texture": "#1"}
			}
		},
		{
			"from": [0, 1, 0],
			"to": [3, 13, 3],
			"faces": {
				"north": {"uv": [10.008, 2, 12.93563, 13.9356], "texture": "#1"},
				"east": {"uv": [2.968, 3.032, 0.032, 14.968], "texture": "#2"},
				"south": {"uv": [10.008, 2, 12.93563, 13.9356], "texture": "#1"},
				"west": {"uv": [0.032, 3.032, 2.968, 14.968], "texture": "#2"}
			}
		},
		{
			"from": [0, 1, 13],
			"to": [3, 13, 16],
			"faces": {
				"north": {"uv": [13.032, 14.968, 15.968, 3.032], "rotation": 180, "texture": "#2"},
				"east": {"uv": [13.032, 3.032, 15.968, 14.968], "texture": "#2"},
				"south": {"uv": [13.008, 3, 15.93563, 14.935], "texture": "#2"},
				"west": {"uv": [13.032, 3.032, 15.968, 14.968], "texture": "#2"}
			}
		},
		{
			"from": [0, 1, 9],
			"to": [3, 13, 11],
			"faces": {
				"north": {"uv": [0.008, 1.5, 2.93563, 13.4356], "texture": "#1"},
				"east": {"uv": [9.032, 3.032, 10.968, 14.968], "texture": "#2"},
				"south": {"uv": [0.008, 1.5, 2.93563, 13.4356], "texture": "#1"},
				"west": {"uv": [9.032, 3.032, 10.968, 14.968], "texture": "#2"}
			}
		},
		{
			"from": [0, 1, 5],
			"to": [3, 13, 7],
			"faces": {
				"north": {"uv": [3.008, 4, 5.93563, 15.9356], "texture": "#1"},
				"east": {"uv": [5.032, 3.032, 6.968, 14.968], "texture": "#2"},
				"south": {"uv": [3.008, 4, 5.93563, 15.9356], "texture": "#1"},
				"west": {"uv": [5.032, 3.032, 6.968, 14.968], "texture": "#2"}
			}
		},
		{
			"from": [0, 0, 0],
			"to": [3, 1, 16],
			"faces": {
				"north": {"uv": [6.508, 15.93563, 9.43563, 15.008], "texture": "#2"},
				"east": {"uv": [15.9356, 15.93563, 0.008, 15.008], "texture": "#2"},
				"south": {"uv": [6.508, 15.93563, 9.43563, 15.008], "texture": "#2"},
				"west": {"uv": [0.008, 15.93563, 15.9356, 15.008], "texture": "#2"},
				"up": {"uv": [0.008, 15.93563, 15.9356, 15.008], "rotation": 90, "texture": "#2"}
			}
		}
	]
}