{
	"credit": "Made with Blockbench",
	"ambientocclusion": false,
	"textures": {
		"0": "block/doors/acacia_door_bottom",
		"1": "block/doors/acacia_door_rim",
		"particle": "block/doors/acacia_door_bottom"
	},
	"elements": [
		{
			"from": [0, 0, 0],
			"to": [3, 3, 16],
			"faces": {
				"north": {"uv": [13, 2.9675, 15.9675, 0], "rotation": 270, "texture": "#1"},
				"east": {"uv": [0.032, 13.032, 15.968, 15.968], "texture": "#0"},
				"south": {"uv": [5.93563, 13, 3, 15.93563], "texture": "#1"},
				"west": {"uv": [15.968, 13.032, 0.032, 15.968], "texture": "#0"},
				"up": {"uv": [0.016, 15.984, 2.984, 0.016], "texture": "#1"},
				"down": {"uv": [15.968, 13.032, 0.032, 15.968], "rotation": 270, "texture": "#0"}
			}
		},
		{
			"from": [0, 3, 13],
			"to": [3, 15, 16],
			"faces": {
				"north": {"uv": [5.93563, 0.5, 3, 12.4356], "texture": "#1"},
				"east": {"uv": [0.032, 1.032, 2.968, 12.968], "texture": "#0"},
				"south": {"uv": [5.93563, 0, 3, 11.935], "texture": "#1"},
				"west": {"uv": [2.968, 1.032, 0.032, 12.968], "texture": "#0"}
			}
		},
		{
			"from": [0, 3, 0],
			"to": [3, 15, 3],
			"faces": {
				"north": {"uv": [2.93563, 4, 0, 15.9356], "texture": "#1"},
				"east": {"uv": [13.032, 1.032, 15.968, 12.968], "texture": "#0"},
				"south": {"uv": [2.93563, 4, 0, 15.9356], "texture": "#1"},
				"west": {"uv": [15.968, 1.032, 13.032, 12.968], "texture": "#0"}
			}
		},
		{
			"from": [0, 3, 5],
			"to": [3, 15, 7],
			"faces": {
				"north": {"uv": [2.93563, 0, 0, 11.9356], "texture": "#1"},
				"east": {"uv": [9.032, 1.032, 10.968, 12.968], "texture": "#0"},
				"south": {"uv": [2.93563, 0, 0, 11.9356], "texture": "#1"},
				"west": {"uv": [10.968, 1.032, 9.032, 12.968], "texture": "#0"}
			}
		},
		{
			"from": [0, 3, 9],
			"to": [3, 15, 11],
			"faces": {
				"north": {"uv": [2.93563, 2.5, 0, 14.4356], "texture": "#1"},
				"east": {"uv": [5.032, 1.032, 6.968, 12.968], "texture": "#0"},
				"south": {"uv": [2.93563, 2.5, 0, 14.4356], "texture": "#1"},
				"west": {"uv": [6.968, 1.032, 5.032, 12.968], "texture": "#0"}
			}
		},
		{
			"from": [0, 15, 0],
			"to": [3, 16, 16],
			"faces": {
				"north": {"uv": [2.968, 0.032, 0.032, 0.968], "texture": "#0"},
				"east": {"uv": [0.032, 0.032, 15.968, 0.968], "texture": "#0"},
				"south": {"uv": [2.968, 0.032, 0.032, 0.968], "texture": "#0"},
				"west": {"uv": [15.968, 0.032, 0.032, 0.968], "texture": "#0"},
				"down": {"uv": [15.968, 0.032, 0.032, 1.468], "rotation": 90, "texture": "#0"}
			}
		}
	]
}