{
	"credit": "Made with Blockbench",
	"ambientocclusion": false,
	"textures": {
		"1": "block/doors/acacia_door_rim",
		"2": "block/doors/acacia_door_top",
		"particle": "block/doors/acacia_door_top"
	},
	"elements": [
		{
			"from": [0, 13, 0],
			"to": [3, 16, 16],
			"faces": {
				"north": {"uv": [15.93563, 0.008, 13.008, 2.93563], "texture": "#1"},
				"east": {"uv": [0.032, 0.032, 15.968, 2.968], "texture": "#2"},
				"south": {"uv": [15.93563, 0.008, 13.008, 2.93563], "texture": "#1"},
				"west": {"uv": [15.968, 0.032, 0.032, 2.968], "texture": "#2"},
				"up": {"uv": [15.968, 0.032, 0.032, 2.968], "rotation": 90, "texture": "#2"},
				"down": {"uv": [0.016, 0.016, 2.984, 15.984], "texture": "#1"}
			}
		},
		{
			"from": [0, 1, 13],
			"to": [3, 13, 16],
			"faces": {
				"north": {"uv": [12.93563, 2, 10.008, 13.9356], "texture": "#1"},
				"east": {"uv": [0.032, 3.032, 2.968, 14.968], "texture": "#2"},
				"south": {"uv": [12.93563, 2, 10.008, 13.9356], "texture": "#1"},
				"west": {"uv": [2.968, 3.032, 0.032, 14.968], "texture": "#2"}
			}
		},
		{
			"from": [0, 1, 0],
			"to": [3, 13, 3],
			"faces": {
				"north": {"uv": [15.93563, 3, 13.008, 14.935], "texture": "#2"},
				"east": {"uv": [15.968, 3.032, 13.032, 14.968], "texture": "#2"},
				"south": {"uv": [15.968, 14.968, 13.032, 3.032], "rotation": 180, "texture": "#2"},
				"west": {"uv": [15.968, 3.032, 13.032, 14.968], "texture": "#2"}
			}
		},
		{
			"from": [0, 1, 5],
			"to": [3, 13, 7],
			"faces": {
				"north": {"uv": [2.93563, 1.5, 0.008, 13.4356], "texture": "#1"},
				"east": {"uv": [10.968, 3.032, 9.032, 14.968], "texture": "#2"},
				"south": {"uv": [2.93563, 1.5, 0.008, 13.4356], "texture": "#1"},
				"west": {"uv": [10.968, 3.032, 9.032, 14.968], "texture": "#2"}
			}
		},
		{
			"from": [0, 1, 9],
			"to": [3, 13, 11],
			"faces": {
				"north": {"uv": [5.93563, 4, 3.008, 15.9356], "texture": "#1"},
				"east": {"uv": [6.968, 3.032, 5.032, 14.968], "texture": "#2"},
				"south": {"uv": [5.93563, 4, 3.008, 15.9356], "texture": "#1"},
				"west": {"uv": [6.968, 3.032, 5.032, 14.968], "texture": "#2"}
			}
		},
		{
			"from": [0, 0, 0],
			"to": [3, 1, 16],
			"faces": {
				"north": {"uv": [9.43563, 15.93563, 6.508, 15.008], "texture": "#2"},
				"east": {"uv": [0.008, 15.93563, 15.9356, 15.008], "texture": "#2"},
				"south": {"uv": [9.43563, 15.93563, 6.508, 15.008], "texture": "#2"},
				"west": {"uv": [15.9356, 15.93563, 0.008, 15.008], "texture": "#2"},
				"up": {"uv": [15.9356, 15.93563, 0.008, 15.008], "rotation": 90, "texture": "#2"}
			}
		}
	]
}