{
	"credit": "Made with Blockbench",
	"textures": {
		"0": "block/birch_fence",
		"particle": "block/birch_fence"
	},
	"elements": [
		{
			"name": "Post",
			"from": [7, 0, 0],
			"to": [9, 16, 1],
			"faces": {
				"north": {"uv": [7.5, 0, 9.5, 16], "texture": "#0"},
				"east": {"uv": [14.5, 0, 15.5, 16], "texture": "#0"},
				"south": {"uv": [12.5, 0, 14.5, 16], "texture": "#0"},
				"west": {"uv": [11.5, 0, 12.5, 16], "texture": "#0"},
				"up": {"uv": [0, 9.5, 2, 10.5], "rotation": 180, "texture": "#0"},
				"down": {"uv": [2.5, 9.5, 4.5, 10.5], "rotation": 180, "texture": "#0"}
			}
		},
		{
			"name": "Cross Wattle",
			"from": [7.75, 14.5, -0.5],
			"to": [8.25, 15, 8.5],
			"rotation": {"angle": 22.5, "axis": "y", "origin": [8, 14.25, 4]},
			"faces": {
				"north": {"uv": [0, 8.5, 0.5, 9], "texture": "#0"},
				"east": {"uv": [2, 0, 2.5, 9], "rotation": 90, "texture": "#0"},
				"south": {"uv": [0, 0, 0.5, 0.5], "texture": "#0"},
				"west": {"uv": [1, 0, 1.5, 9], "rotation": 90, "texture": "#0"},
				"up": {"uv": [0, 0, 0.5, 9], "texture": "#0"},
				"down": {"uv": [3, 0, 3.5, 9], "texture": "#0"}
			}
		},
		{
			"name": "Cross Wattle",
			"from": [7.75, 14.5, -0.5],
			"to": [8.25, 15, 8.5],
			"rotation": {"angle": -22.5, "axis": "y", "origin": [8, 14.75, 4]},
			"faces": {
				"north": {"uv": [0, 8.5, 0.5, 9], "texture": "#0"},
				"east": {"uv": [2, 0, 2.5, 9], "rotation": 90, "texture": "#0"},
				"south": {"uv": [0, 0, 0.5, 0.5], "texture": "#0"},
				"west": {"uv": [1, 0, 1.5, 9], "rotation": 270, "texture": "#0"},
				"up": {"uv": [0, 0, 0.5, 9], "texture": "#0"},
				"down": {"uv": [3, 0, 3.5, 9], "rotation": 180, "texture": "#0"}
			}
		},
		{
			"name": "Wattle",
			"from": [7.75, 13.5, -0.5],
			"to": [8.25, 14, 8.5],
			"rotation": {"angle": -22.5, "axis": "y", "origin": [8, 13.75, 4]},
			"faces": {
				"north": {"uv": [5, 8.5, 5.5, 9], "texture": "#0"},
				"east": {"uv": [5, 0, 5.5, 9], "rotation": 90, "texture": "#0"},
				"south": {"uv": [5, 0, 5.5, 0.5], "texture": "#0"},
				"west": {"uv": [5, 0, 5.5, 9], "rotation": 90, "texture": "#0"},
				"up": {"uv": [5, 0, 5.5, 9], "rotation": 180, "texture": "#0"},
				"down": {"uv": [4, 0, 4.5, 9], "texture": "#0"}
			}
		},
		{
			"name": "Wattle",
			"from": [7.75, 13, -0.5],
			"to": [8.25, 13.5, 8.5],
			"rotation": {"angle": 22.5, "axis": "y", "origin": [8, 13.25, 4]},
			"faces": {
				"north": {"uv": [5, 8.5, 5.5, 9], "texture": "#0"},
				"east": {"uv": [4, 0, 4.5, 9], "rotation": 90, "texture": "#0"},
				"south": {"uv": [5, 0, 5.5, 0.5], "texture": "#0"},
				"west": {"uv": [5, 0, 5.5, 9], "rotation": 90, "texture": "#0"},
				"up": {"uv": [5, 0, 5.5, 9], "texture": "#0"},
				"down": {"uv": [4, 0, 4.5, 9], "texture": "#0"}
			}
		},
		{
			"name": "Wattle",
			"from": [7.75, 11.5, -0.5],
			"to": [8.25, 12, 8.5],
			"rotation": {"angle": -22.5, "axis": "y", "origin": [8, 11.75, 4]},
			"faces": {
				"north": {"uv": [5, 8.5, 5.5, 9], "texture": "#0"},
				"east": {"uv": [2, 0, 2.5, 9], "rotation": 90, "texture": "#0"},
				"south": {"uv": [5, 0, 5.5, 0.5], "texture": "#0"},
				"west": {"uv": [1, 0, 1.5, 9], "rotation": 90, "texture": "#0"},
				"up": {"uv": [3, 0, 3.5, 9], "texture": "#0"},
				"down": {"uv": [4, 0, 4.5, 9], "texture": "#0"}
			}
		},
		{
			"name": "Wattle",
			"from": [7.75, 11, -0.5],
			"to": [8.25, 11.5, 8.5],
			"rotation": {"angle": 22.5, "axis": "y", "origin": [8, 11.25, 4]},
			"faces": {
				"north": {"uv": [5, 8.5, 5.5, 9], "texture": "#0"},
				"east": {"uv": [5, 0, 5.5, 9], "rotation": 270, "texture": "#0"},
				"south": {"uv": [5, 0, 5.5, 0.5], "texture": "#0"},
				"west": {"uv": [5, 0, 5.5, 9], "rotation": 270, "texture": "#0"},
				"up": {"uv": [5, 0, 5.5, 9], "texture": "#0"},
				"down": {"uv": [4, 0, 4.5, 9], "texture": "#0"}
			}
		},
		{
			"name": "Wattle",
			"from": [7.75, 12, -0.5],
			"to": [8.25, 12.5, 8.5],
			"rotation": {"angle": 22.5, "axis": "y", "origin": [8, 12.25, 4]},
			"faces": {
				"north": {"uv": [5, 8.5, 5.5, 9], "texture": "#0"},
				"east": {"uv": [7, 0, 7.5, 9], "rotation": 90, "texture": "#0"},
				"south": {"uv": [5, 0, 5.5, 0.5], "texture": "#0"},
				"west": {"uv": [7, 0, 7.5, 9], "rotation": 90, "texture": "#0"},
				"up": {"uv": [5, 0, 5.5, 9], "texture": "#0"},
				"down": {"uv": [4, 0, 4.5, 9], "texture": "#0"}
			}
		},
		{
			"name": "Wattle",
			"from": [7.75, 12.5, -0.5],
			"to": [8.25, 13, 8.5],
			"rotation": {"angle": -22.5, "axis": "y", "origin": [8, 12.75, 4]},
			"faces": {
				"north": {"uv": [5, 8.5, 5.5, 9], "texture": "#0"},
				"east": {"uv": [5, 0, 5.5, 9], "rotation": 90, "texture": "#0"},
				"south": {"uv": [5, 0, 5.5, 0.5], "texture": "#0"},
				"west": {"uv": [4, 0, 4.5, 9], "rotation": 270, "texture": "#0"},
				"up": {"uv": [5, 0, 5.5, 9], "texture": "#0"},
				"down": {"uv": [4, 0, 4.5, 9], "texture": "#0"}
			}
		},
		{
			"name": "Wattle",
			"from": [7.75, 8, -0.5],
			"to": [8.25, 8.5, 8.5],
			"rotation": {"angle": 22.5, "axis": "y", "origin": [8, 8.25, 4]},
			"faces": {
				"north": {"uv": [5, 8.5, 5.5, 9], "texture": "#0"},
				"east": {"uv": [2, 0, 2.5, 9], "rotation": 270, "texture": "#0"},
				"south": {"uv": [5, 0, 5.5, 0.5], "texture": "#0"},
				"west": {"uv": [2, 0, 2.5, 9], "rotation": 270, "texture": "#0"},
				"up": {"uv": [3, 0, 3.5, 9], "texture": "#0"},
				"down": {"uv": [4, 0, 4.5, 9], "texture": "#0"}
			}
		},
		{
			"name": "Wattle",
			"from": [7.75, 8.5, -0.5],
			"to": [8.25, 9, 8.5],
			"rotation": {"angle": -22.5, "axis": "y", "origin": [8, 8.75, 4]},
			"faces": {
				"north": {"uv": [5, 8.5, 5.5, 9], "texture": "#0"},
				"east": {"uv": [3, 0, 3.5, 9], "rotation": 90, "texture": "#0"},
				"south": {"uv": [5, 0, 5.5, 0.5], "texture": "#0"},
				"west": {"uv": [3, 0, 3.5, 9], "rotation": 90, "texture": "#0"},
				"up": {"uv": [5, 0, 5.5, 9], "texture": "#0"},
				"down": {"uv": [4, 0, 4.5, 9], "texture": "#0"}
			}
		},
		{
			"name": "Wattle",
			"from": [7.75, 9, -0.5],
			"to": [8.25, 9.5, 8.5],
			"rotation": {"angle": 22.5, "axis": "y", "origin": [8, 9.25, 4]},
			"faces": {
				"north": {"uv": [5, 8.5, 5.5, 9], "texture": "#0"},
				"east": {"uv": [5, 0, 5.5, 9], "rotation": 270, "texture": "#0"},
				"south": {"uv": [5, 0, 5.5, 0.5], "texture": "#0"},
				"west": {"uv": [5, 0, 5.5, 9], "rotation": 90, "texture": "#0"},
				"up": {"uv": [5, 0, 5.5, 9], "texture": "#0"},
				"down": {"uv": [4, 0, 4.5, 9], "texture": "#0"}
			}
		},
		{
			"name": "Wattle",
			"from": [7.75, 9.5, -0.5],
			"to": [8.25, 10, 8.5],
			"rotation": {"angle": -22.5, "axis": "y", "origin": [8, 9.75, 4]},
			"faces": {
				"north": {"uv": [5, 8.5, 5.5, 9], "texture": "#0"},
				"east": {"uv": [5, 0, 5.5, 9], "rotation": 90, "texture": "#0"},
				"south": {"uv": [5, 0, 5.5, 0.5], "texture": "#0"},
				"west": {"uv": [4, 0, 4.5, 9], "rotation": 90, "texture": "#0"},
				"up": {"uv": [5, 0, 5.5, 9], "texture": "#0"},
				"down": {"uv": [4, 0, 4.5, 9], "texture": "#0"}
			}
		},
		{
			"name": "Wattle",
			"from": [7.75, 10, -0.5],
			"to": [8.25, 10.5, 8.5],
			"rotation": {"angle": 22.5, "axis": "y", "origin": [8, 10.25, 4]},
			"faces": {
				"north": {"uv": [5, 8.5, 5.5, 9], "texture": "#0"},
				"east": {"uv": [7, 0, 7.5, 9], "rotation": 270, "texture": "#0"},
				"south": {"uv": [5, 0, 5.5, 0.5], "texture": "#0"},
				"west": {"uv": [5, 0, 5.5, 9], "rotation": 90, "texture": "#0"},
				"up": {"uv": [5, 0, 5.5, 9], "texture": "#0"},
				"down": {"uv": [4, 0, 4.5, 9], "texture": "#0"}
			}
		},
		{
			"name": "Wattle",
			"from": [7.75, 10.5, -0.5],
			"to": [8.25, 11, 8.5],
			"rotation": {"angle": -22.5, "axis": "y", "origin": [8, 10.75, 4]},
			"faces": {
				"north": {"uv": [5, 8.5, 5.5, 9], "texture": "#0"},
				"east": {"uv": [4, 0, 4.5, 9], "rotation": 270, "texture": "#0"},
				"south": {"uv": [5, 0, 5.5, 0.5], "texture": "#0"},
				"west": {"uv": [6, 0, 6.5, 9], "rotation": 270, "texture": "#0"},
				"up": {"uv": [5, 0, 5.5, 9], "texture": "#0"},
				"down": {"uv": [4, 0, 4.5, 9], "texture": "#0"}
			}
		},
		{
			"name": "Lower Wattle",
			"from": [7.75, 7.5, -0.5],
			"to": [8.25, 8, 8.5],
			"rotation": {"angle": -22.5, "axis": "y", "origin": [8, 7.75, 4]},
			"faces": {
				"north": {"uv": [5, 8.5, 5.5, 9], "texture": "#0"},
				"east": {"uv": [6, 0, 6.5, 9], "rotation": 90, "texture": "#0"},
				"south": {"uv": [5, 0, 5.5, 0.5], "texture": "#0"},
				"west": {"uv": [5, 0, 5.5, 9], "rotation": 90, "texture": "#0"},
				"up": {"uv": [5, 0, 5.5, 9], "texture": "#0"},
				"down": {"uv": [4, 0, 4.5, 9], "texture": "#0"}
			}
		},
		{
			"name": "Lower Wattle",
			"from": [7.75, 7, -0.5],
			"to": [8.25, 7.5, 8.5],
			"rotation": {"angle": 22.5, "axis": "y", "origin": [8, 7.25, 4]},
			"faces": {
				"north": {"uv": [5, 8.5, 5.5, 9], "texture": "#0"},
				"east": {"uv": [6, 0, 6.5, 9], "rotation": 270, "texture": "#0"},
				"south": {"uv": [5, 0, 5.5, 0.5], "texture": "#0"},
				"west": {"uv": [7, 0, 7.5, 9], "rotation": 90, "texture": "#0"},
				"up": {"uv": [5, 0, 5.5, 9], "texture": "#0"},
				"down": {"uv": [4, 0, 4.5, 9], "texture": "#0"}
			}
		},
		{
			"name": "Lower Wattle",
			"from": [7.75, 6.5, -0.5],
			"to": [8.25, 7, 8.5],
			"rotation": {"angle": -22.5, "axis": "y", "origin": [8, 6.75, 4]},
			"faces": {
				"north": {"uv": [5, 8.5, 5.5, 9], "texture": "#0"},
				"east": {"uv": [7, 0, 7.5, 9], "rotation": 90, "texture": "#0"},
				"south": {"uv": [5, 0, 5.5, 0.5], "texture": "#0"},
				"west": {"uv": [5, 0, 5.5, 9], "rotation": 270, "texture": "#0"},
				"up": {"uv": [5, 0, 5.5, 9], "texture": "#0"},
				"down": {"uv": [4, 0, 4.5, 9], "texture": "#0"}
			}
		},
		{
			"name": "Lower Wattle",
			"from": [7.75, 6, -0.5],
			"to": [8.25, 6.5, 8.5],
			"rotation": {"angle": 22.5, "axis": "y", "origin": [8, 6.25, 4]},
			"faces": {
				"north": {"uv": [5, 8.5, 5.5, 9], "texture": "#0"},
				"east": {"uv": [6, 0, 6.5, 9], "rotation": 90, "texture": "#0"},
				"south": {"uv": [5, 0, 5.5, 0.5], "texture": "#0"},
				"west": {"uv": [5, 0, 5.5, 9], "rotation": 90, "texture": "#0"},
				"up": {"uv": [4, 0, 4.5, 9], "texture": "#0"},
				"down": {"uv": [4, 0, 4.5, 9], "texture": "#0"}
			}
		},
		{
			"name": "Lower Wattle",
			"from": [7.75, 5.5, -0.5],
			"to": [8.25, 6, 8.5],
			"rotation": {"angle": -22.5, "axis": "y", "origin": [8, 5.75, 4]},
			"faces": {
				"north": {"uv": [5, 8.5, 5.5, 9], "texture": "#0"},
				"east": {"uv": [2, 0, 2.5, 9], "rotation": 90, "texture": "#0"},
				"south": {"uv": [5, 0, 5.5, 0.5], "texture": "#0"},
				"west": {"uv": [3, 0, 3.5, 9], "rotation": 90, "texture": "#0"},
				"up": {"uv": [5, 0, 5.5, 9], "texture": "#0"},
				"down": {"uv": [4, 0, 4.5, 9], "texture": "#0"}
			}
		},
		{
			"name": "Lower Wattle",
			"from": [7.75, 5, -0.5],
			"to": [8.25, 5.5, 8.5],
			"rotation": {"angle": 22.5, "axis": "y", "origin": [8, 5.25, 4]},
			"faces": {
				"north": {"uv": [5, 8.5, 5.5, 9], "texture": "#0"},
				"east": {"uv": [6, 0, 6.5, 9], "rotation": 90, "texture": "#0"},
				"south": {"uv": [5, 0, 5.5, 0.5], "texture": "#0"},
				"west": {"uv": [5, 0, 5.5, 9], "rotation": 270, "texture": "#0"},
				"up": {"uv": [5, 0, 5.5, 9], "texture": "#0"},
				"down": {"uv": [4, 0, 4.5, 9], "texture": "#0"}
			}
		},
		{
			"name": "Lower Wattle",
			"from": [7.75, 4.5, -0.5],
			"to": [8.25, 5, 8.5],
			"rotation": {"angle": -22.5, "axis": "y", "origin": [8, 4.75, 4]},
			"faces": {
				"north": {"uv": [5, 8.5, 5.5, 9], "texture": "#0"},
				"east": {"uv": [3, 0, 3.5, 9], "rotation": 90, "texture": "#0"},
				"south": {"uv": [5, 0, 5.5, 0.5], "texture": "#0"},
				"west": {"uv": [2, 0, 2.5, 9], "rotation": 90, "texture": "#0"},
				"up": {"uv": [4, 0, 4.5, 9], "texture": "#0"},
				"down": {"uv": [4, 0, 4.5, 9], "texture": "#0"}
			}
		},
		{
			"name": "Lower Wattle",
			"from": [7.75, 4, -0.5],
			"to": [8.25, 4.5, 8.5],
			"rotation": {"angle": 22.5, "axis": "y", "origin": [8, 4.25, 4]},
			"faces": {
				"north": {"uv": [5, 8.5, 5.5, 9], "texture": "#0"},
				"east": {"uv": [4, 0, 4.5, 9], "rotation": 90, "texture": "#0"},
				"south": {"uv": [5, 0, 5.5, 0.5], "texture": "#0"},
				"west": {"uv": [5, 0, 5.5, 9], "rotation": 90, "texture": "#0"},
				"up": {"uv": [5, 0, 5.5, 9], "texture": "#0"},
				"down": {"uv": [4, 0, 4.5, 9], "texture": "#0"}
			}
		},
		{
			"name": "Lower Wattle",
			"from": [7.75, 3.5, -0.5],
			"to": [8.25, 4, 8.5],
			"rotation": {"angle": -22.5, "axis": "y", "origin": [8, 3.75, 4]},
			"faces": {
				"north": {"uv": [5, 8.5, 5.5, 9], "texture": "#0"},
				"east": {"uv": [6, 0, 6.5, 9], "rotation": 90, "texture": "#0"},
				"south": {"uv": [5, 0, 5.5, 0.5], "texture": "#0"},
				"west": {"uv": [4, 0, 4.5, 9], "rotation": 90, "texture": "#0"},
				"up": {"uv": [5, 0, 5.5, 9], "texture": "#0"},
				"down": {"uv": [4, 0, 4.5, 9], "texture": "#0"}
			}
		},
		{
			"name": "Lower Wattle",
			"from": [7.75, 3, -0.5],
			"to": [8.25, 3.5, 8.5],
			"rotation": {"angle": 22.5, "axis": "y", "origin": [8, 3.25, 4]},
			"faces": {
				"north": {"uv": [5, 8.5, 5.5, 9], "texture": "#0"},
				"east": {"uv": [6, 0, 6.5, 9], "rotation": 90, "texture": "#0"},
				"south": {"uv": [5, 0, 5.5, 0.5], "texture": "#0"},
				"west": {"uv": [7, 0, 7.5, 9], "rotation": 270, "texture": "#0"},
				"up": {"uv": [5, 0, 5.5, 9], "texture": "#0"},
				"down": {"uv": [4, 0, 4.5, 9], "texture": "#0"}
			}
		},
		{
			"name": "Lower Wattle",
			"from": [7.75, 2.5, -0.5],
			"to": [8.25, 3, 8.5],
			"rotation": {"angle": -22.5, "axis": "y", "origin": [8, 2.75, 4]},
			"faces": {
				"north": {"uv": [5, 8.5, 5.5, 9], "texture": "#0"},
				"east": {"uv": [6, 0, 6.5, 9], "rotation": 90, "texture": "#0"},
				"south": {"uv": [5, 0, 5.5, 0.5], "texture": "#0"},
				"west": {"uv": [5, 0, 5.5, 9], "rotation": 90, "texture": "#0"},
				"up": {"uv": [5, 0, 5.5, 9], "texture": "#0"},
				"down": {"uv": [4, 0, 4.5, 9], "texture": "#0"}
			}
		},
		{
			"name": "Lower Wattle",
			"from": [7.75, 2, -0.5],
			"to": [8.25, 2.5, 8.5],
			"rotation": {"angle": 22.5, "axis": "y", "origin": [8, 2.25, 4]},
			"faces": {
				"north": {"uv": [5, 8.5, 5.5, 9], "texture": "#0"},
				"east": {"uv": [2, 0, 2.5, 9], "rotation": 90, "texture": "#0"},
				"south": {"uv": [5, 0, 5.5, 0.5], "texture": "#0"},
				"west": {"uv": [2, 0, 2.5, 9], "rotation": 90, "texture": "#0"},
				"up": {"uv": [3, 0, 3.5, 9], "texture": "#0"},
				"down": {"uv": [4, 0, 4.5, 9], "texture": "#0"}
			}
		},
		{
			"name": "Lower Wattle",
			"from": [7.75, 1.5, -0.5],
			"to": [8.25, 2, 8.5],
			"rotation": {"angle": -22.5, "axis": "y", "origin": [8, 1.75, 4]},
			"faces": {
				"north": {"uv": [5, 8.5, 5.5, 9], "texture": "#0"},
				"east": {"uv": [6, 0, 6.5, 9], "rotation": 90, "texture": "#0"},
				"south": {"uv": [5, 0, 5.5, 0.5], "texture": "#0"},
				"west": {"uv": [5, 0, 5.5, 9], "rotation": 90, "texture": "#0"},
				"up": {"uv": [5, 0, 5.5, 9], "texture": "#0"},
				"down": {"uv": [4, 0, 4.5, 9], "texture": "#0"}
			}
		},
		{
			"name": "Lower Wattle",
			"from": [7.75, 1, -0.5],
			"to": [8.25, 1.5, 8.5],
			"rotation": {"angle": 22.5, "axis": "y", "origin": [8, 1.25, 4]},
			"faces": {
				"north": {"uv": [5, 8.5, 5.5, 9], "texture": "#0"},
				"east": {"uv": [6, 0, 6.5, 9], "rotation": 90, "texture": "#0"},
				"south": {"uv": [5, 0, 5.5, 0.5], "texture": "#0"},
				"west": {"uv": [5, 0, 5.5, 9], "rotation": 90, "texture": "#0"},
				"up": {"uv": [5, 0, 5.5, 9], "texture": "#0"},
				"down": {"uv": [4, 0, 4.5, 9], "texture": "#0"}
			}
		},
		{
			"name": "Lower Wattle",
			"from": [7.75, 0.5, -0.5],
			"to": [8.25, 1, 8.5],
			"rotation": {"angle": -22.5, "axis": "y", "origin": [8, 0.75, 4]},
			"faces": {
				"north": {"uv": [5, 8.5, 5.5, 9], "texture": "#0"},
				"east": {"uv": [4, 0, 4.5, 9], "rotation": 90, "texture": "#0"},
				"south": {"uv": [5, 0, 5.5, 0.5], "texture": "#0"},
				"west": {"uv": [6, 0, 6.5, 9], "rotation": 90, "texture": "#0"},
				"up": {"uv": [5, 0, 5.5, 9], "texture": "#0"},
				"down": {"uv": [4, 0, 4.5, 9], "texture": "#0"}
			}
		},
		{
			"name": "Lower Wattle",
			"from": [7.75, 0, -0.5],
			"to": [8.25, 0.5, 8.5],
			"rotation": {"angle": 22.5, "axis": "y", "origin": [8, 0.25, 4]},
			"faces": {
				"north": {"uv": [5, 8.5, 5.5, 9], "texture": "#0"},
				"east": {"uv": [4, 0, 4.5, 9], "rotation": 270, "texture": "#0"},
				"south": {"uv": [5, 0, 5.5, 0.5], "texture": "#0"},
				"west": {"uv": [4, 0, 4.5, 9], "rotation": 90, "texture": "#0"},
				"up": {"uv": [5, 0, 5.5, 9], "texture": "#0"},
				"down": {"uv": [4, 0, 4.5, 9], "texture": "#0"}
			}
		}
	],
	"groups": [
		{
			"name": "Wattle Fence",
			"children": [0, 1, 2, 3, 4, 5, 6, 7, 8, 9, 10, 11, 12, 13, 14, 15, 16, 17, 18, 19, 20, 21, 22, 23, 24, 25, 26, 27, 28, 29, 30]
		}
	]
}