{"variants":{"":[{"model":"block/sculk", "weight": 500},{"model":"block/sculk/sculk_0"},{"model":"block/sculk/sculk_1"},{"model":"block/sculk/sculk_2"},{"model":"block/sculk/sculk_3"},{"model":"block/sculk/sculk_4"},{"model":"block/sculk/sculk_5"},{"model":"block/sculk/sculk_6"},{"model":"block/sculk/sculk_7"},{"model":"block/sculk/sculk_8"},{"model":"block/sculk/sculk_9"},{"model":"block/sculk/sculk_10"},{"model":"block/sculk/sculk_11"},{"model":"block/sculk/sculk_12"},{"model":"block/sculk/sculk_13"},{"model":"block/sculk/sculk_14"},{"model":"block/sculk/sculk_15"}]}}