{
	"credit": "Made with Blockbench",
	"textures": {
		"1_0": "block/birch_fence",
		"particle": "block/birch_fence"
	},
	"elements": [
		{
			"from": [6.5, -1.5, 6.5],
			"to": [9.5, 14.5, 9.5],
			"faces": {
				"north": {"uv": [1.032, 0.032, 3.968, 15.968], "texture": "#1_0"},
				"east": {"uv": [1.032, 0.032, 3.968, 15.968], "texture": "#1_0"},
				"south": {"uv": [1.032, 0.032, 3.968, 15.968], "texture": "#1_0"},
				"west": {"uv": [1.032, 0.032, 3.968, 15.968], "texture": "#1_0"},
				"up": {"uv": [6.5, 4.032, 9.5, 6.968], "rotation": 90, "texture": "#1_0"},
				"down": {"uv": [6.5, 4.032, 9.5, 6.968], "rotation": 270, "texture": "#1_0"}
			}
		}
	]
}