{
	"credit": "Made with Blockbench",
	"textures": {
		"0": "block/birch_fence",
		"particle": "block/birch_fence"
	},
	"elements": [
		{
			"from": [7, -1, 0],
			"to": [9, 13, 6.5],
			"faces": {
				"north": {"uv": [14.032, 0.032, 15.968, 13.968], "texture": "#0"},
				"east": {"uv": [6.436, 1.032, 0.032, 15.436], "texture": "#0"},
				"west": {"uv": [0.032, 1.032, 6.5, 15.5], "texture": "#0"}
			}
		},
		{
			"from": [6.5, -1.5, 1],
			"to": [9.5, 14.5, 4],
			"faces": {
				"north": {"uv": [1.032, 0.032, 3.948, 15.936], "texture": "#0"},
				"east": {"uv": [1.032, 0.032, 3.936, 15.936], "texture": "#0"},
				"south": {"uv": [1.032, 0.032, 3.948, 15.936], "texture": "#0"},
				"west": {"uv": [1.032, 0.032, 3.968, 15.936], "texture": "#0"},
				"up": {"uv": [6.5, 4.032, 9.436, 6.936], "rotation": 270, "texture": "#0"},
				"down": {"uv": [6.5, 4.032, 9.448, 6.936], "texture": "#0"}
			}
		},
		{
			"from": [-1.5, 13, 0.001],
			"to": [-0.5, 14, 6.501],
			"rotation": {"angle": -45, "axis": "z", "origin": [-1.5, 4.5, 5.5], "rescale": true},
			"faces": {
				"north": {"uv": [14.032, 14.032, 15.5, 15.5], "rotation": 90, "texture": "#0"},
				"up": {"uv": [12.5, 0, 11, 6.5], "texture": "#0"}
			}
		},
		{
			"from": [16.5, 12, 0],
			"to": [17.5, 13, 6.5],
			"rotation": {"angle": 45, "axis": "z", "origin": [16.5, 3.5, 5.5], "rescale": true},
			"faces": {
				"up": {"uv": [11.032, 0.032, 12.5, 6.5], "texture": "#0"}
			}
		},
		{
			"from": [6.501, 14, -7.5],
			"to": [9.499, 15.5, -6],
			"rotation": {"angle": 45, "axis": "x", "origin": [7.51, 5.5, -7], "rescale": true},
			"faces": {
				"west": {"uv": [6.5, 0.032, 8.5, 1.968], "texture": "#0"},
				"up": {"uv": [6.5, 4.032, 8.5, 6.968], "rotation": 90, "texture": "#0"}
			}
		},
		{
			"from": [6.501, 13.5, 11],
			"to": [9.499, 15, 12.5],
			"rotation": {"angle": -45, "axis": "x", "origin": [7.491, 5, 11.5], "rescale": true},
			"faces": {
				"east": {"uv": [6.5, 0.032, 8.5, 1.968], "texture": "#0"},
				"up": {"uv": [6.5, 4.032, 8.5, 6.968], "rotation": 270, "texture": "#0"}
			}
		},
		{
			"from": [-1.5, -1, 0],
			"to": [-0.5, 0, 6.5],
			"rotation": {"angle": -45, "axis": "z", "origin": [-1.5, -9.5, 5.51], "rescale": true},
			"faces": {
				"down": {"uv": [11.032, 0.032, 12.5, 6.5], "rotation": 180, "texture": "#0"}
			}
		},
		{
			"from": [16.5, -2, 0.01],
			"to": [17.5, -1, 6.51],
			"rotation": {"angle": 45, "axis": "z", "origin": [16.5, -10.5, 5.5], "rescale": true},
			"faces": {
				"north": {"uv": [14.032, 14.032, 15.5, 15.5], "rotation": 270, "texture": "#0"},
				"down": {"uv": [11.032, 0.032, 12.5, 6.5], "rotation": 180, "texture": "#0"}
			}
		}
	],
	"groups": [0, 1, 2, 3,
		{
			"name": "birch_fence_top",
			"children": [4, 5]
		}, 6, 7]
}