{
	"credit": "Made with Blockbench",
	"textures": {
		"0": "block/birch_fence",
		"1_0": "block/birch_fence",
		"3_1_0": "block/birch_fence",
		"4_0": "block/birch_fence",
		"particle": "block/birch_fence"
	},
	"elements": [
		{
			"from": [6.5, 0, 6.5],
			"to": [9.5, 14.5, 9.5],
			"faces": {
				"north": {"uv": [1.032, 0.032, 3.968, 15.968], "texture": "#1_0"},
				"east": {"uv": [1.032, 0.032, 3.968, 15.968], "texture": "#1_0"},
				"south": {"uv": [1.032, 0.032, 3.968, 15.968], "texture": "#1_0"},
				"west": {"uv": [1.032, 0.032, 3.968, 14.467], "texture": "#1_0"},
				"up": {"uv": [6.5, 4.032, 9.5, 6.968], "rotation": 90, "texture": "#1_0"},
				"down": {"uv": [6.5, 4.032, 9.5, 6.968], "rotation": 270, "texture": "#1_0"}
			}
		},
		{
			"from": [7, 0.01, 0],
			"to": [9, 13.01, 6.5],
			"faces": {
				"north": {"uv": [14.032, 0.032, 15.968, 13.968], "texture": "#0"},
				"east": {"uv": [6.436, 1.032, 0.032, 15.436], "texture": "#0"},
				"west": {"uv": [0.032, 1.032, 6.5, 14.5], "texture": "#0"},
				"down": {"uv": [14, 1.5, 16, 8], "texture": "#0"}
			}
		},
		{
			"from": [6.5, 0, 1],
			"to": [9.5, 14.5, 4],
			"faces": {
				"north": {"uv": [1.032, 0.032, 3.948, 15.936], "texture": "#0"},
				"east": {"uv": [1.032, 0.032, 3.936, 15.936], "texture": "#0"},
				"south": {"uv": [1.032, 0.032, 3.948, 15.936], "texture": "#0"},
				"west": {"uv": [1.032, 0.032, 3.968, 14.436], "texture": "#0"},
				"up": {"uv": [6.5, 4.032, 9.436, 6.936], "rotation": 270, "texture": "#0"},
				"down": {"uv": [6.5, 4.032, 9.448, 6.936], "texture": "#0"}
			}
		},
		{
			"from": [-1.5, 13, 0.001],
			"to": [-0.5, 14, 6.501],
			"rotation": {"angle": -45, "axis": "z", "origin": [-1.5, 4.5, 5.5], "rescale": true},
			"faces": {
				"north": {"uv": [14.032, 14.032, 15.5, 15.5], "rotation": 90, "texture": "#0"},
				"up": {"uv": [12.5, 0, 11, 6.5], "texture": "#0"}
			}
		},
		{
			"from": [16.5, 12, 0],
			"to": [17.5, 13, 6.5],
			"rotation": {"angle": 45, "axis": "z", "origin": [16.5, 3.5, 5.5], "rescale": true},
			"faces": {
				"up": {"uv": [11.032, 0.032, 12.5, 6.5], "texture": "#0"}
			}
		},
		{
			"from": [6.501, 13.5, 11],
			"to": [9.499, 15, 12.5],
			"rotation": {"angle": -45, "axis": "x", "origin": [7.491, 5, 11.5], "rescale": true},
			"faces": {
				"east": {"uv": [6.5, 0.032, 8.5, 1.968], "texture": "#0"},
				"south": {"uv": [6.5, 4.032, 8.5, 6.968], "rotation": 90, "texture": "#0"},
				"west": {"uv": [6.5, 0.032, 8.5, 1.968], "rotation": 90, "texture": "#0"},
				"up": {"uv": [6.5, 4.032, 8.5, 6.968], "rotation": 270, "texture": "#0"}
			}
		},
		{
			"from": [6.499, 13.5, 16.5],
			"to": [9.499, 15, 18],
			"rotation": {"angle": -45, "axis": "x", "origin": [7.49, 5, 17], "rescale": true},
			"faces": {
				"east": {"uv": [6.5, 0.032, 8.5, 1.968], "texture": "#3_1_0"},
				"south": {"uv": [6.5, 4.032, 8.5, 6.968], "rotation": 90, "texture": "#0"},
				"west": {"uv": [6.5, 0.032, 8.5, 1.968], "rotation": 90, "texture": "#0"},
				"up": {"uv": [6.5, 4.032, 8.5, 6.968], "rotation": 270, "texture": "#3_1_0"}
			}
		},
		{
			"from": [7, 0.01, 9.5],
			"to": [9, 13.01, 16],
			"faces": {
				"east": {"uv": [0.032, 1.032, 6.5, 15.5], "texture": "#4_0"},
				"south": {"uv": [14.032, 0.032, 15.968, 13.968], "texture": "#4_0"},
				"west": {"uv": [6.436, 1.032, 0.032, 14.436], "texture": "#4_0"},
				"down": {"uv": [14, 0, 16, 6.5], "rotation": 180, "texture": "#0"}
			}
		},
		{
			"from": [6.5, 0, 12],
			"to": [9.5, 14.5, 15],
			"faces": {
				"north": {"uv": [1.032, 0.032, 3.948, 15.936], "texture": "#4_0"},
				"east": {"uv": [1.032, 0.032, 3.968, 15.936], "texture": "#4_0"},
				"south": {"uv": [1.032, 0.032, 3.948, 15.936], "texture": "#4_0"},
				"west": {"uv": [1.032, 0.032, 3.936, 14.436], "texture": "#4_0"},
				"up": {"uv": [6.5, 4.032, 9.436, 6.936], "rotation": 90, "texture": "#4_0"},
				"down": {"uv": [6.5, 4.032, 9.448, 6.936], "rotation": 180, "texture": "#4_0"}
			}
		},
		{
			"from": [16.5, 13, 9.499],
			"to": [17.5, 14, 15.999],
			"rotation": {"angle": 45, "axis": "z", "origin": [17.5, 4.5, 10.5], "rescale": true},
			"faces": {
				"south": {"uv": [14.032, 14.032, 15.5, 15.5], "rotation": 90, "texture": "#4_0"},
				"up": {"uv": [12.5, 0, 11, 6.5], "rotation": 180, "texture": "#4_0"}
			}
		},
		{
			"from": [-1.5, 12, 9.5],
			"to": [-0.5, 13, 16],
			"rotation": {"angle": -45, "axis": "z", "origin": [-0.5, 3.5, 10.5], "rescale": true},
			"faces": {
				"up": {"uv": [11.032, 0.032, 12.5, 6.5], "rotation": 180, "texture": "#4_0"}
			}
		},
		{
			"from": [6.501, 14, 22],
			"to": [9.499, 15.5, 23.5],
			"rotation": {"angle": -45, "axis": "x", "origin": [8.49, 5.5, 23], "rescale": true},
			"faces": {
				"east": {"uv": [6.5, 0.032, 8.5, 1.968], "texture": "#4_0"},
				"south": {"uv": [6.5, 4.032, 8.5, 6.968], "rotation": 90, "texture": "#0"},
				"west": {"uv": [6.5, 0.032, 8.5, 1.968], "rotation": 90, "texture": "#0"},
				"up": {"uv": [6.5, 4.032, 8.5, 6.968], "rotation": 270, "texture": "#4_0"}
			}
		}
	],
	"display": {
		"thirdperson_righthand": {
			"rotation": [75, 45, 0],
			"translation": [0, 2.5, 0],
			"scale": [0.375, 0.375, 0.375]
		},
		"thirdperson_lefthand": {
			"rotation": [75, 45, 0],
			"translation": [0, 2.5, 0],
			"scale": [0.375, 0.375, 0.375]
		},
		"firstperson_righthand": {
			"rotation": [0, -120, 0],
			"scale": [0.4, 0.4, 0.4]
		},
		"firstperson_lefthand": {
			"rotation": [0, 45, 0],
			"scale": [0.4, 0.4, 0.4]
		},
		"ground": {
			"translation": [0, 3, 0],
			"scale": [0.25, 0.25, 0.25]
		},
		"gui": {
			"rotation": [30, 125, 0],
			"scale": [0.75, 0.75, 0.75]
		},
		"fixed": {
			"rotation": [0, 90, 0],
			"scale": [0.8, 0.8, 0.8]
		}
	},
	"groups": [
		{
			"name": "birch_fence_post",
			"children": [0]
		},
		{
			"name": "birch_fence_side",
			"children": [1, 2, 3, 4,
				{
					"name": "birch_fence_top",
					"children": [5]
				}
			]
		},
		{
			"name": "birch_fence_top",
			"children": [6,
				{
					"name": "birch_fence_post",
					"children": [
						{
							"name": "birch_fence_side",
							"children": []
						}
					]
				}
			]
		},
		{
			"name": "birch_fence_side",
			"children": [7, 8, 9, 10,
				{
					"name": "birch_fence_top",
					"children": [11]
				}
			]
		}
	]
}