{
	"credit": "Made with Blockbench",
	"textures": {
		"0": "block/birch_fence_gate",
		"particle": "block/birch_fence_gate"
	},
	"elements": [
		{
			"from": [11, 1.5, 7],
			"to": [13, 14, 9],
			"faces": {
				"north": {"uv": [14, 2.5, 15.936, 13.936], "texture": "#0"},
				"east": {"uv": [14, 0.5, 15.936, 15.436], "texture": "#0"},
				"south": {"uv": [14, 2.5, 15.936, 13.936], "texture": "#0"},
				"west": {"uv": [14, 2.5, 15.936, 13.936], "texture": "#0"},
				"down": {"uv": [7.5, 1, 9.5, 3], "rotation": 270, "texture": "#0"}
			}
		},
		{
			"from": [3, 1.5, 7],
			"to": [5, 14, 9],
			"faces": {
				"north": {"uv": [14, 2.5, 15.936, 13.936], "texture": "#0"},
				"east": {"uv": [14, 0.5, 15.936, 15.436], "texture": "#0"},
				"south": {"uv": [14, 2.5, 15.936, 13.936], "texture": "#0"},
				"west": {"uv": [14, 2.5, 15.936, 13.936], "texture": "#0"},
				"down": {"uv": [7.5, 1, 9.5, 3], "rotation": 270, "texture": "#0"}
			}
		},
		{
			"from": [-6.25, 14.75, 7],
			"to": [-5.25, 15.75, 8.999],
			"rotation": {"angle": -45, "axis": "z", "origin": [-7, 5.5, 8], "rescale": true},
			"faces": {
				"south": {"uv": [6.5, 4, 8, 5.5], "texture": "#0"},
				"up": {"uv": [14, 13, 15.5, 14.999], "texture": "#0"}
			}
		},
		{
			"from": [10, 14.5, 7.001],
			"to": [11, 15.5, 9],
			"rotation": {"angle": 45, "axis": "z", "origin": [10.5, 6, 7.501], "rescale": true},
			"faces": {
				"north": {"uv": [6.5, 4, 8, 5.5], "texture": "#0"},
				"up": {"uv": [14, 13.5, 15.5, 15.499], "rotation": 180, "texture": "#0"}
			}
		},
		{
			"from": [-8, 14, 7],
			"to": [-7, 15, 8.999],
			"rotation": {"angle": -45, "axis": "z", "origin": [-7, 5.5, 8], "rescale": true},
			"faces": {
				"south": {"uv": [6.5, 4, 8, 5.5], "texture": "#0"},
				"up": {"uv": [14, 13, 15.5, 14.999], "texture": "#0"}
			}
		},
		{
			"from": [-4.75, 15.75, 7],
			"to": [-3.75, 16.75, 8.999],
			"rotation": {"angle": -45, "axis": "z", "origin": [-7, 5.5, 8], "rescale": true},
			"faces": {
				"south": {"uv": [6.5, 4, 8, 5.5], "texture": "#0"},
				"up": {"uv": [14, 13, 15.5, 14.999], "texture": "#0"}
			}
		},
		{
			"from": [-2.25, 18.75, 7],
			"to": [-1.25, 19.75, 8.999],
			"rotation": {"angle": -45, "axis": "z", "origin": [-7, 5.5, 8], "rescale": true},
			"faces": {
				"south": {"uv": [6.5, 4, 8, 5.5], "texture": "#0"},
				"up": {"uv": [14, 13, 15.5, 14.999], "texture": "#0"}
			}
		},
		{
			"from": [-3.25, 17.25, 7],
			"to": [-2.25, 18.25, 8.999],
			"rotation": {"angle": -45, "axis": "z", "origin": [-7, 5.5, 8], "rescale": true},
			"faces": {
				"south": {"uv": [6.5, 4, 8, 5.5], "texture": "#0"},
				"up": {"uv": [14, 13, 15.5, 14.999], "texture": "#0"}
			}
		},
		{
			"from": [-1.5, 20.5, 7],
			"to": [-0.5, 21.5, 8.999],
			"rotation": {"angle": -45, "axis": "z", "origin": [-7, 5.5, 8], "rescale": true},
			"faces": {
				"south": {"uv": [6.5, 4, 8, 5.5], "texture": "#0"},
				"up": {"uv": [14, 13, 15.5, 14.999], "texture": "#0"}
			}
		},
		{
			"from": [16.5, 8, 7.001],
			"to": [17.5, 9, 9],
			"rotation": {"angle": 45, "axis": "z", "origin": [10.5, 6, 7.501], "rescale": true},
			"faces": {
				"north": {"uv": [6.5, 4, 8, 5.5], "texture": "#0"},
				"up": {"uv": [14, 13.5, 15.5, 15.499], "rotation": 180, "texture": "#0"}
			}
		},
		{
			"from": [10.75, 12.75, 7.001],
			"to": [11.75, 13.75, 9],
			"rotation": {"angle": 45, "axis": "z", "origin": [10.5, 6, 7.501], "rescale": true},
			"faces": {
				"north": {"uv": [6.5, 4, 8, 5.5], "texture": "#0"},
				"up": {"uv": [14, 13.5, 15.5, 15.499], "rotation": 180, "texture": "#0"}
			}
		},
		{
			"from": [14.75, 8.75, 7.001],
			"to": [15.75, 9.75, 9],
			"rotation": {"angle": 45, "axis": "z", "origin": [10.5, 6, 7.501], "rescale": true},
			"faces": {
				"north": {"uv": [6.5, 4, 8, 5.5], "texture": "#0"},
				"up": {"uv": [14, 13.5, 15.5, 15.499], "rotation": 180, "texture": "#0"}
			}
		},
		{
			"from": [13.25, 9.75, 7.001],
			"to": [14.25, 10.75, 9],
			"rotation": {"angle": 45, "axis": "z", "origin": [10.5, 6, 7.501], "rescale": true},
			"faces": {
				"north": {"uv": [6.5, 4, 8, 5.5], "texture": "#0"},
				"up": {"uv": [14, 13.5, 15.5, 15.499], "rotation": 180, "texture": "#0"}
			}
		},
		{
			"from": [11.75, 11.25, 7.001],
			"to": [12.75, 12.25, 9],
			"rotation": {"angle": 45, "axis": "z", "origin": [10.5, 6, 7.501], "rescale": true},
			"faces": {
				"north": {"uv": [6.5, 4, 8, 5.5], "texture": "#0"},
				"up": {"uv": [14, 13.5, 15.5, 15.499], "rotation": 180, "texture": "#0"}
			}
		},
		{
			"from": [0.5, 1, 7],
			"to": [2.5, 15, 9],
			"faces": {
				"north": {"uv": [14, 1, 15.936, 15.936], "texture": "#0"},
				"east": {"uv": [14, 0.5, 15.936, 15.436], "texture": "#0"},
				"south": {"uv": [14, 0.5, 15.936, 15.436], "texture": "#0"},
				"west": {"uv": [14, 0.5, 15.936, 15.436], "texture": "#0"},
				"down": {"uv": [7.5, 1, 9.5, 3], "rotation": 270, "texture": "#0"}
			}
		},
		{
			"from": [13.5, 1, 7],
			"to": [15.5, 15, 9],
			"faces": {
				"north": {"uv": [14, 1, 15.936, 15.936], "texture": "#0"},
				"east": {"uv": [14, 0.5, 15.936, 15.436], "texture": "#0"},
				"south": {"uv": [14, 0.5, 15.936, 15.436], "texture": "#0"},
				"west": {"uv": [14, 0.5, 15.936, 15.436], "texture": "#0"},
				"down": {"uv": [7.5, 1, 9.5, 3], "rotation": 270, "texture": "#0"}
			}
		},
		{
			"from": [0, 11, 7.5],
			"to": [8, 12, 8.5],
			"faces": {
				"north": {"uv": [12.5, 0, 13.5, 8], "rotation": 90, "texture": "#0"},
				"east": {"uv": [0.032, 0.032, 0.468, 0.468], "texture": "#missing"},
				"south": {"uv": [13.5, 0, 12.5, 8], "rotation": 270, "texture": "#0"},
				"west": {"uv": [12.5, 7, 13.436, 7.936], "texture": "#0"},
				"up": {"uv": [13.5, 0, 12.5, 8], "rotation": 270, "texture": "#0"},
				"down": {"uv": [12.5, 0, 13.5, 8], "rotation": 90, "texture": "#0"}
			}
		},
		{
			"from": [0, 3.5, 7.5],
			"to": [8, 4.5, 8.5],
			"faces": {
				"north": {"uv": [12.5, 0, 13.5, 8], "rotation": 90, "texture": "#0"},
				"east": {"uv": [0.032, 0.032, 0.468, 0.468], "texture": "#missing"},
				"south": {"uv": [13.5, 0, 12.5, 8], "rotation": 270, "texture": "#0"},
				"west": {"uv": [12.5, 7, 13.436, 7.936], "texture": "#0"},
				"up": {"uv": [13.5, 0, 12.5, 8], "rotation": 270, "texture": "#0"},
				"down": {"uv": [12.5, 0, 13.5, 8], "rotation": 90, "texture": "#0"}
			}
		},
		{
			"from": [5.5, 2, 7],
			"to": [7.5, 13.5, 9],
			"faces": {
				"north": {"uv": [14, 2, 15.936, 13.436], "texture": "#0"},
				"east": {"uv": [14, 0.5, 15.936, 15.436], "texture": "#0"},
				"south": {"uv": [14, 2.5, 15.936, 13.936], "texture": "#0"},
				"west": {"uv": [14, 2, 15.936, 13.436], "texture": "#0"},
				"down": {"uv": [7.5, 1, 9.5, 3], "rotation": 270, "texture": "#0"}
			}
		},
		{
			"from": [8.5, 2, 7],
			"to": [10.5, 13.5, 9],
			"faces": {
				"north": {"uv": [14, 2.5, 15.936, 13.936], "texture": "#0"},
				"east": {"uv": [14, 0.5, 15.936, 15.436], "texture": "#0"},
				"south": {"uv": [14, 2.5, 15.936, 13.936], "texture": "#0"},
				"west": {"uv": [14, 2, 15.936, 13.436], "texture": "#0"},
				"down": {"uv": [7.5, 1, 9.5, 3], "rotation": 270, "texture": "#0"}
			}
		},
		{
			"from": [8, 11, 7.5],
			"to": [16, 12, 8.5],
			"faces": {
				"north": {"uv": [13.5, 0, 12.5, 8], "rotation": 270, "texture": "#0"},
				"east": {"uv": [12.5, 7, 13.436, 7.936], "texture": "#0"},
				"south": {"uv": [12.5, 0, 13.5, 8], "rotation": 90, "texture": "#0"},
				"west": {"uv": [0.032, 0.032, 0.468, 0.468], "texture": "#missing"},
				"up": {"uv": [12.5, 0, 13.5, 8], "rotation": 90, "texture": "#0"},
				"down": {"uv": [13.5, 0, 12.5, 8], "rotation": 270, "texture": "#0"}
			}
		},
		{
			"from": [8, 3.5, 7.5],
			"to": [16, 4.5, 8.5],
			"faces": {
				"north": {"uv": [13.5, 0, 12.5, 8], "rotation": 270, "texture": "#0"},
				"east": {"uv": [12.5, 7, 13.436, 7.936], "texture": "#0"},
				"south": {"uv": [12.5, 0, 13.5, 8], "rotation": 90, "texture": "#0"},
				"west": {"uv": [0.032, 0.032, 0.468, 0.468], "texture": "#missing"},
				"up": {"uv": [12.5, 0, 13.5, 8], "rotation": 90, "texture": "#0"},
				"down": {"uv": [13.5, 0, 12.5, 8], "rotation": 270, "texture": "#0"}
			}
		}
	],
	"display": {
		"thirdperson_righthand": {
			"rotation": [75, 45, 0],
			"translation": [0, 2.5, 0],
			"scale": [0.375, 0.375, 0.375]
		},
		"thirdperson_lefthand": {
			"rotation": [75, 45, 0],
			"translation": [0, 2.5, 0],
			"scale": [0.375, 0.375, 0.375]
		},
		"firstperson_righthand": {
			"scale": [0.4, 0.4, 0.4]
		},
		"firstperson_lefthand": {
			"scale": [0.4, 0.4, 0.4]
		},
		"ground": {
			"translation": [0, 3, 0],
			"scale": [0.25, 0.25, 0.25]
		},
		"gui": {
			"rotation": [30, 225, 0],
			"scale": [0.75, 0.75, 0.75]
		}
	},
	"groups": [0, 1,
		{
			"name": "birch_fence_top",
			"children": [2, 3, 4, 5, 6, 7, 8, 9, 10, 11, 12, 13]
		}, 14, 15, 16, 17, 18, 19, 20, 21]
}