{
	"credit": "Made with Blockbench",
	"textures": {
		"1_0": "block/birch_fence",
		"1_1_0": "block/birch_fence",
		"particle": "block/birch_fence"
	},
	"elements": [
		{
			"from": [6.501, 14, -2],
			"to": [9.501, 15.5, -0.5],
			"rotation": {"angle": 45, "axis": "x", "origin": [7.51, 5.5, -1.5], "rescale": true},
			"faces": {
				"west": {"uv": [6.5, 0.032, 8.5, 1.968], "texture": "#1_0"},
				"up": {"uv": [6.5, 4.032, 8.5, 6.968], "rotation": 90, "texture": "#1_0"}
			}
		},
		{
			"from": [6.499, 13.5, 16.5],
			"to": [9.499, 15, 18],
			"rotation": {"angle": -45, "axis": "x", "origin": [7.49, 5, 17], "rescale": true},
			"faces": {
				"east": {"uv": [6.5, 0.032, 8.5, 1.968], "texture": "#1_0"},
				"up": {"uv": [6.5, 4.032, 8.5, 6.968], "rotation": 270, "texture": "#1_0"}
			}
		},
		{
			"from": [7, -10.5, 6.51],
			"to": [8, -9.5, 9.51],
			"rotation": {"angle": -45, "axis": "z", "origin": [16.5, -10.5, 12], "rescale": true},
			"faces": {
				"north": {"uv": [12.5, 4, 14, 5.5], "rotation": 180, "texture": "#1_0"},
				"down": {"uv": [15, 13, 16, 16], "rotation": 180, "texture": "#1_1_0"}
			}
		},
		{
			"from": [16.5, -2, 6.49],
			"to": [17.5, -1, 9.49],
			"rotation": {"angle": 45, "axis": "z", "origin": [16.5, -10.5, 12], "rescale": true},
			"faces": {
				"south": {"uv": [12.5, 4, 14, 5.5], "texture": "#1_0"},
				"down": {"uv": [14.5, 1.032, 15.968, 3.968], "texture": "#1_0"}
			}
		}
	],
	"groups": [0, 1,
		{
			"name": "birch_fence_post",
			"children": [
				{
					"name": "birch_fence_side",
					"children": [2, 3]
				}
			]
		}
	]
}