{
	"credit": "Made with Blockbench",
	"textures": {
		"0": "block/birch_fence_gate",
		"particle": "block/birch_fence_gate"
	},
	"elements": [
		{
			"from": [13.5, 1.5, 9.5],
			"to": [15.5, 14, 11.5],
			"faces": {
				"north": {"uv": [14, 0.5, 15.936, 15.436], "texture": "#0"},
				"east": {"uv": [14, 2.5, 15.936, 13.936], "texture": "#0"},
				"south": {"uv": [14, 2.5, 15.936, 13.936], "texture": "#0"},
				"west": {"uv": [14, 2.5, 15.936, 13.936], "texture": "#0"},
				"down": {"uv": [7.5, 1, 9.5, 3], "texture": "#0"}
			}
		},
		{
			"from": [0.5, 1.5, 9.5],
			"to": [2.5, 14, 11.5],
			"faces": {
				"north": {"uv": [14, 2.5, 15.936, 13.936], "texture": "#0"},
				"east": {"uv": [14, 2.5, 15.936, 13.936], "texture": "#0"},
				"south": {"uv": [14, 0.5, 15.936, 15.436], "texture": "#0"},
				"west": {"uv": [14, 2.5, 15.936, 13.936], "texture": "#0"},
				"down": {"uv": [7.5, 1, 9.5, 3], "rotation": 180, "texture": "#0"}
			}
		},
		{
			"from": [0.501, 14.75, 0.25],
			"to": [2.5, 15.75, 1.25],
			"rotation": {"angle": 45, "axis": "x", "origin": [1.5, 5.5, -0.5], "rescale": true},
			"faces": {
				"west": {"uv": [6.5, 4, 8, 5.5], "texture": "#0"},
				"up": {"uv": [14, 13, 15.5, 14.999], "rotation": 90, "texture": "#0"}
			}
		},
		{
			"from": [0.5, 14.5, 16.5],
			"to": [2.499, 15.5, 17.5],
			"rotation": {"angle": -45, "axis": "x", "origin": [1.999, 6, 17], "rescale": true},
			"faces": {
				"east": {"uv": [6.5, 4, 8, 5.5], "texture": "#0"},
				"up": {"uv": [14, 13.5, 15.5, 15.499], "rotation": 270, "texture": "#0"}
			}
		},
		{
			"from": [0.501, 14, -1.5],
			"to": [2.5, 15, -0.5],
			"rotation": {"angle": 45, "axis": "x", "origin": [1.5, 5.5, -0.5], "rescale": true},
			"faces": {
				"west": {"uv": [6.5, 4, 8, 5.5], "texture": "#0"},
				"up": {"uv": [14, 13, 15.5, 14.999], "rotation": 90, "texture": "#0"}
			}
		},
		{
			"from": [0.501, 15.75, 1.75],
			"to": [2.5, 16.75, 2.75],
			"rotation": {"angle": 45, "axis": "x", "origin": [1.5, 5.5, -0.5], "rescale": true},
			"faces": {
				"west": {"uv": [6.5, 4, 8, 5.5], "texture": "#0"},
				"up": {"uv": [14, 13, 15.5, 14.999], "rotation": 90, "texture": "#0"}
			}
		},
		{
			"from": [13.5, 18.75, 23.75],
			"to": [15.499, 19.75, 24.75],
			"rotation": {"angle": -45, "axis": "x", "origin": [14.5, 5.5, 29.5], "rescale": true},
			"faces": {
				"east": {"uv": [6.5, 4, 8, 5.5], "texture": "#0"},
				"up": {"uv": [14, 13, 15.5, 14.999], "rotation": 270, "texture": "#0"}
			}
		},
		{
			"from": [13.5, 17.25, 24.75],
			"to": [15.499, 18.25, 25.75],
			"rotation": {"angle": -45, "axis": "x", "origin": [14.5, 5.5, 29.5], "rescale": true},
			"faces": {
				"east": {"uv": [6.5, 4, 8, 5.5], "texture": "#0"},
				"up": {"uv": [14, 13, 15.5, 14.999], "rotation": 270, "texture": "#0"}
			}
		},
		{
			"from": [13.5, 20.5, 23],
			"to": [15.499, 21.5, 24],
			"rotation": {"angle": -45, "axis": "x", "origin": [14.5, 5.5, 29.5], "rescale": true},
			"faces": {
				"east": {"uv": [6.5, 4, 8, 5.5], "texture": "#0"},
				"up": {"uv": [14, 13, 15.5, 14.999], "rotation": 270, "texture": "#0"}
			}
		},
		{
			"from": [13.501, 8, 5],
			"to": [15.5, 9, 6],
			"rotation": {"angle": 45, "axis": "x", "origin": [14.001, 6, 12], "rescale": true},
			"faces": {
				"west": {"uv": [6.5, 4, 8, 5.5], "texture": "#0"},
				"up": {"uv": [14, 13.5, 15.5, 15.499], "rotation": 90, "texture": "#0"}
			}
		},
		{
			"from": [0.5, 12.75, 17.25],
			"to": [2.499, 13.75, 18.25],
			"rotation": {"angle": -45, "axis": "x", "origin": [1.999, 6, 17], "rescale": true},
			"faces": {
				"east": {"uv": [6.5, 4, 8, 5.5], "texture": "#0"},
				"up": {"uv": [14, 13.5, 15.5, 15.499], "rotation": 270, "texture": "#0"}
			}
		},
		{
			"from": [13.501, 8.75, 6.75],
			"to": [15.5, 9.75, 7.75],
			"rotation": {"angle": 45, "axis": "x", "origin": [14.001, 6, 12], "rescale": true},
			"faces": {
				"west": {"uv": [6.5, 4, 8, 5.5], "texture": "#0"},
				"up": {"uv": [14, 13.5, 15.5, 15.499], "rotation": 90, "texture": "#0"}
			}
		},
		{
			"from": [13.501, 9.75, 8.25],
			"to": [15.5, 10.75, 9.25],
			"rotation": {"angle": 45, "axis": "x", "origin": [14.001, 6, 12], "rescale": true},
			"faces": {
				"west": {"uv": [6.5, 4, 8, 5.5], "texture": "#0"},
				"up": {"uv": [14, 13.5, 15.5, 15.499], "rotation": 90, "texture": "#0"}
			}
		},
		{
			"from": [0.5, 11.25, 18.25],
			"to": [2.499, 12.25, 19.25],
			"rotation": {"angle": -45, "axis": "x", "origin": [1.999, 6, 17], "rescale": true},
			"faces": {
				"east": {"uv": [6.5, 4, 8, 5.5], "texture": "#0"},
				"up": {"uv": [14, 13.5, 15.5, 15.499], "rotation": 270, "texture": "#0"}
			}
		},
		{
			"from": [0.5, 1, 7],
			"to": [2.5, 15, 9],
			"faces": {
				"north": {"uv": [14, 0.5, 15.936, 15.436], "texture": "#0"},
				"east": {"uv": [14, 1, 15.936, 15.936], "texture": "#0"},
				"south": {"uv": [14, 0.5, 15.936, 15.436], "texture": "#0"},
				"west": {"uv": [14, 0.5, 15.936, 15.436], "texture": "#0"},
				"down": {"uv": [7.5, 1, 9.5, 3], "rotation": 180, "texture": "#0"}
			}
		},
		{
			"from": [13.5, 1, 7],
			"to": [15.5, 15, 9],
			"faces": {
				"north": {"uv": [14, 0.5, 15.936, 15.436], "texture": "#0"},
				"east": {"uv": [14, 0.5, 15.936, 15.436], "texture": "#0"},
				"south": {"uv": [14, 1, 16, 15], "texture": "#0"},
				"west": {"uv": [14, 1, 15.936, 15.936], "texture": "#0"},
				"down": {"uv": [7.5, 1, 9.5, 3], "texture": "#0"}
			}
		},
		{
			"from": [0.5, 2, 12],
			"to": [2.5, 13.5, 14],
			"faces": {
				"north": {"uv": [14, 2, 15.936, 13.436], "texture": "#0"},
				"east": {"uv": [14, 2, 15.936, 13.436], "texture": "#0"},
				"south": {"uv": [14, 0.5, 15.936, 15.436], "texture": "#0"},
				"west": {"uv": [14, 2.5, 15.936, 13.936], "texture": "#0"},
				"down": {"uv": [7.5, 1, 9.5, 3], "rotation": 180, "texture": "#0"}
			}
		},
		{
			"from": [13.5, 2, 12],
			"to": [15.5, 13.5, 14],
			"faces": {
				"north": {"uv": [14, 0.5, 15.936, 15.436], "texture": "#0"},
				"east": {"uv": [14, 2.5, 15.936, 13.936], "texture": "#0"},
				"south": {"uv": [14, 2, 15.936, 13.436], "texture": "#0"},
				"west": {"uv": [14, 2.5, 15.936, 13.936], "texture": "#0"},
				"down": {"uv": [7.5, 1, 9.5, 3], "texture": "#0"}
			}
		},
		{
			"from": [14, 11, 9],
			"to": [15, 12, 14.5],
			"faces": {
				"east": {"uv": [12.5, 2.5, 13.5, 8], "rotation": 90, "texture": "#0"},
				"south": {"uv": [12.5, 7, 13.436, 7.936], "texture": "#0"},
				"west": {"uv": [13.5, 0, 12.5, 8], "rotation": 270, "texture": "#0"},
				"up": {"uv": [12.5, 0, 13.5, 8], "texture": "#0"},
				"down": {"uv": [13.5, 0, 12.5, 8], "texture": "#0"}
			}
		},
		{
			"from": [14, 3.5, 9],
			"to": [15, 4.5, 14.5],
			"faces": {
				"north": {"uv": [12.5, 7, 13.436, 7.936], "texture": "#0"},
				"east": {"uv": [12.5, 2.5, 13.5, 8], "rotation": 90, "texture": "#0"},
				"south": {"uv": [12.5, 7, 13.436, 7.936], "texture": "#0"},
				"west": {"uv": [13.5, 0, 12.5, 8], "rotation": 270, "texture": "#0"},
				"up": {"uv": [12.5, 0, 13.5, 8], "texture": "#0"},
				"down": {"uv": [13.5, 0, 12.5, 8], "texture": "#0"}
			}
		},
		{
			"from": [15.5, 3.5, 7.5],
			"to": [16, 4.5, 8.5],
			"faces": {
				"north": {"uv": [14, 7.5, 13, 8], "rotation": 270, "texture": "#0"},
				"east": {"uv": [12.5, 7, 13.5, 8], "texture": "#0"},
				"south": {"uv": [14, 7.5, 13, 8], "rotation": 270, "texture": "#0"},
				"up": {"uv": [14, 7.5, 13, 8], "rotation": 270, "texture": "#0"},
				"down": {"uv": [14, 7.5, 13, 8], "rotation": 270, "texture": "#0"}
			}
		},
		{
			"from": [15.5, 11, 7.5],
			"to": [16, 12, 8.5],
			"faces": {
				"north": {"uv": [14, 7.5, 13, 8], "rotation": 270, "texture": "#0"},
				"east": {"uv": [12.5, 7, 13.5, 8], "texture": "#0"},
				"south": {"uv": [14, 7.5, 13, 8], "rotation": 270, "texture": "#0"},
				"up": {"uv": [14, 7.5, 13, 8], "rotation": 270, "texture": "#0"},
				"down": {"uv": [13, 7, 13.5, 8], "texture": "#0"}
			}
		},
		{
			"from": [1, 11, 9],
			"to": [2, 12, 14.5],
			"faces": {
				"east": {"uv": [12.5, 2.5, 13.5, 8], "rotation": 90, "texture": "#0"},
				"south": {"uv": [12.5, 7, 13.436, 7.936], "texture": "#0"},
				"west": {"uv": [13.5, 0, 12.5, 8], "rotation": 270, "texture": "#0"},
				"up": {"uv": [12.5, 0, 13.5, 8], "texture": "#0"},
				"down": {"uv": [13.5, 0, 12.5, 8], "texture": "#0"}
			}
		},
		{
			"from": [1, 3.5, 9],
			"to": [2, 4.5, 14.5],
			"faces": {
				"north": {"uv": [12.5, 7, 13.436, 7.936], "texture": "#0"},
				"east": {"uv": [12.5, 2.5, 13.5, 8], "rotation": 90, "texture": "#0"},
				"south": {"uv": [12.5, 7, 13.436, 7.936], "texture": "#0"},
				"west": {"uv": [13.5, 0, 12.5, 8], "rotation": 270, "texture": "#0"},
				"up": {"uv": [12.5, 0, 13.5, 8], "texture": "#0"},
				"down": {"uv": [13.5, 0, 12.5, 8], "texture": "#0"}
			}
		},
		{
			"from": [0, 11, 7.5],
			"to": [0.5, 12, 8.5],
			"faces": {
				"north": {"uv": [14, 7.5, 13, 8], "rotation": 270, "texture": "#0"},
				"east": {"uv": [13.5, 7, 12.5, 8], "texture": "#0"},
				"south": {"uv": [14, 7.5, 13, 8], "rotation": 270, "texture": "#0"},
				"west": {"uv": [13.5, 7, 12.5, 8], "texture": "#0"},
				"up": {"uv": [14, 7.5, 13, 8], "rotation": 270, "texture": "#0"},
				"down": {"uv": [13.5, 7, 13, 8], "texture": "#0"}
			}
		},
		{
			"from": [0, 3.5, 7.5],
			"to": [0.5, 4.5, 8.5],
			"faces": {
				"north": {"uv": [14, 7.5, 13, 8], "rotation": 270, "texture": "#0"},
				"east": {"uv": [13.5, 7, 12.5, 8], "texture": "#0"},
				"south": {"uv": [14, 7.5, 13, 8], "rotation": 270, "texture": "#0"},
				"west": {"uv": [13.5, 7, 12.5, 8], "texture": "#0"},
				"up": {"uv": [13.5, 7, 13, 8], "texture": "#0"},
				"down": {"uv": [14, 7.5, 13, 8], "rotation": 270, "texture": "#0"}
			}
		}
	],
	"display": {
		"thirdperson_righthand": {
			"rotation": [75, 45, 0],
			"translation": [0, 2.5, 0],
			"scale": [0.375, 0.375, 0.375]
		},
		"thirdperson_lefthand": {
			"rotation": [75, 45, 0],
			"translation": [0, 2.5, 0],
			"scale": [0.375, 0.375, 0.375]
		},
		"firstperson_righthand": {
			"scale": [0.4, 0.4, 0.4]
		},
		"firstperson_lefthand": {
			"scale": [0.4, 0.4, 0.4]
		},
		"ground": {
			"translation": [0, 3, 0],
			"scale": [0.25, 0.25, 0.25]
		},
		"gui": {
			"rotation": [30, 225, 0],
			"scale": [0.625, 0.625, 0.625]
		}
	},
	"groups": [0, 1,
		{
			"name": "birch_fence_top",
			"children": [2, 3, 4, 5, 6, 7, 8, 9, 10, 11, 12, 13]
		}, 14, 15, 16, 17, 18, 19, 20, 21, 22, 23, 24, 25]
}