{
	"credit": "By CR00T_R0M",
	"textures": {
		"bookshelf": "block/bookshelf/bookshelf",
		"particle": "block/bookshelf/books/books"
	},
	"elements": [
		{
			"name": "North",
			"from": [0.02497, 7.5, 0.02497],
			"to": [16.02497, 8.5, 0.02497],
			"shade": false,
			"faces": {
				"north": {"uv": [8, 11.75, 16, 12.25], "texture": "#bookshelf", "cullface": "north"},
				"east": {"uv": [0, 0, 0, 1], "texture": "#missing"},
				"west": {"uv": [0, 0, 0, 1], "texture": "#missing"}
			}
		},
		{
			"name": "South",
			"from": [0.02497, 7.5, 15.97503],
			"to": [16.02497, 8.5, 15.97503],
			"shade": false,
			"faces": {
				"east": {"uv": [0, 0, 0, 1], "texture": "#missing"},
				"south": {"uv": [8, 11.75, 16, 12.25], "texture": "#bookshelf", "cullface": "south"},
				"west": {"uv": [0, 0, 0, 1], "texture": "#missing"}
			}
		},
		{
			"name": "East",
			"from": [15.97503, 7.5, 0.02497],
			"to": [15.97503, 8.5, 16.02497],
			"shade": false,
			"faces": {
				"north": {"uv": [0, 0, 0, 1], "texture": "#missing"},
				"east": {"uv": [8, 11.75, 16, 12.25], "texture": "#bookshelf", "cullface": "east"},
				"south": {"uv": [0, 0, 0, 1], "texture": "#missing"}
			}
		},
		{
			"name": "West",
			"from": [0.02497, 7.5, 0.02497],
			"to": [0.02497, 8.5, 16.02497],
			"shade": false,
			"faces": {
				"north": {"uv": [0, 0, 0, 1], "texture": "#missing"},
				"south": {"uv": [0, 0, 0, 1], "texture": "#missing"},
				"west": {"uv": [8, 11.75, 16, 12.25], "texture": "#bookshelf", "cullface": "west"}
			}
		},
		{
			"name": "NorthLeft",
			"from": [14, 0.025, 0],
			"to": [16, 15.975, 2],
			"shade": false,
			"faces": {
				"north": {"uv": [0, 8, 1, 16], "texture": "#bookshelf", "cullface": "east"},
				"east": {"uv": [7, 8, 8, 16], "texture": "#bookshelf", "cullface": "north"},
				"south": {"uv": [15, 0, 16, 8], "texture": "#bookshelf", "cullface": "north"},
				"west": {"uv": [8, 0, 9, 8], "texture": "#bookshelf", "cullface": "east"}
			}
		},
		{
			"name": "EastLeftSmall",
			"from": [15.9999, 13, 2],
			"to": [15.9999, 13.5, 2.5],
			"shade": false,
			"faces": {
				"north": {"uv": [0, 0, 0, 0.5], "texture": "#missing", "cullface": "east"},
				"east": {"uv": [6.75, 9.25, 7, 9.5], "texture": "#bookshelf", "cullface": "north"},
				"south": {"uv": [0, 0, 0, 0.5], "texture": "#missing", "cullface": "north"},
				"west": {"uv": [2, 2.5, 2.5, 3], "texture": "#bookshelf", "cullface": "east"},
				"up": {"uv": [0, 0, 0, 0.5], "texture": "#missing", "cullface": "up"},
				"down": {"uv": [0, 0, 0, 0.5], "texture": "#missing"}
			}
		},
		{
			"name": "EastLeft",
			"from": [15.9999, 13.5, 2],
			"to": [15.9999, 14, 3],
			"shade": false,
			"faces": {
				"north": {"uv": [0, 0, 0, 0.5], "texture": "#missing", "cullface": "east"},
				"east": {"uv": [6.5, 9, 7, 9.25], "texture": "#bookshelf", "cullface": "north"},
				"south": {"uv": [0, 0, 0, 0.5], "texture": "#missing", "cullface": "north"},
				"west": {"uv": [2, 2, 3, 2.5], "texture": "#bookshelf", "cullface": "east"},
				"up": {"uv": [0, 0, 0, 1], "texture": "#missing", "cullface": "up"},
				"down": {"uv": [0, 0, 0, 1], "texture": "#missing"}
			}
		},
		{
			"name": "EastRightCorner",
			"from": [15, 14, 2],
			"to": [16, 16, 5],
			"shade": false,
			"faces": {
				"east": {"uv": [5.5, 8, 7, 9], "texture": "#bookshelf", "cullface": "north"}
			}
		},
		{
			"name": "NorthLeftSmall",
			"from": [13.5, 13, 0.0001],
			"to": [14, 13.5, 0.0001],
			"shade": false,
			"faces": {
				"north": {"uv": [1, 9.25, 1.25, 9.5], "texture": "#bookshelf", "cullface": "east"},
				"east": {"uv": [0, 0, 0, 0.5], "texture": "#missing", "cullface": "north"},
				"south": {"uv": [2.5, 2.5, 2, 3], "texture": "#bookshelf", "cullface": "north"},
				"west": {"uv": [0, 0, 0, 0.5], "texture": "#missing", "cullface": "east"},
				"up": {"uv": [0, 0, 1, 0], "texture": "#missing", "cullface": "up"},
				"down": {"uv": [0, 0, 1, 0], "texture": "#missing"}
			}
		},
		{
			"name": "NorthLeft",
			"from": [13, 13.5, 0.0001],
			"to": [14, 14, 0.0001],
			"shade": false,
			"faces": {
				"north": {"uv": [1, 9, 1.5, 9.25], "texture": "#bookshelf", "cullface": "east"},
				"east": {"uv": [0, 0, 0, 0.5], "texture": "#missing", "cullface": "north"},
				"south": {"uv": [3, 2, 2, 2.5], "texture": "#bookshelf", "cullface": "north"},
				"west": {"uv": [0, 0, 0, 0.5], "texture": "#missing", "cullface": "east"},
				"up": {"uv": [0, 0, 1, 0], "texture": "#missing", "cullface": "up"},
				"down": {"uv": [0, 0, 1, 0], "texture": "#missing"}
			}
		},
		{
			"name": "NorthLeftCorner",
			"from": [11, 13.95, 0.00005],
			"to": [14, 15.95, 1.00005],
			"shade": false,
			"faces": {
				"north": {"uv": [1, 8, 2.5, 9], "texture": "#bookshelf", "cullface": "east"}
			}
		},
		{
			"name": "NorthRight",
			"from": [0, 0.025, 0],
			"to": [2, 15.975, 2],
			"shade": false,
			"faces": {
				"north": {"uv": [7, 8, 8, 16], "texture": "#bookshelf", "cullface": "west"},
				"east": {"uv": [15, 0, 16, 8], "texture": "#bookshelf", "cullface": "west"},
				"south": {"uv": [8, 0, 9, 8], "texture": "#bookshelf", "cullface": "north"},
				"west": {"uv": [0, 8, 1, 16], "texture": "#bookshelf", "cullface": "north"}
			}
		},
		{
			"name": "WestLeftCorner",
			"from": [0.00005, 14, 2],
			"to": [1.00005, 16, 5],
			"shade": false,
			"faces": {
				"west": {"uv": [1, 8, 2.5, 9], "texture": "#bookshelf", "cullface": "north"}
			}
		},
		{
			"name": "WestLeftSmall",
			"from": [0.00005, 13, 2],
			"to": [0.00005, 13.5, 2.5],
			"shade": false,
			"faces": {
				"north": {"uv": [0, 0, 0, 0.5], "texture": "#missing", "cullface": "west"},
				"east": {"uv": [2, 2.5, 2.5, 3], "texture": "#bookshelf", "cullface": "west"},
				"south": {"uv": [0, 0, 0, 0.5], "texture": "#missing", "cullface": "north"},
				"west": {"uv": [1, 9.25, 1.25, 9.5], "texture": "#bookshelf", "cullface": "north"},
				"up": {"uv": [0, 0, 0, 0.5], "texture": "#missing"},
				"down": {"uv": [0, 0, 0, 0.5], "texture": "#missing"}
			}
		},
		{
			"name": "WestLeft",
			"from": [0.00005, 13.5, 2],
			"to": [0.00005, 14, 3],
			"shade": false,
			"faces": {
				"north": {"uv": [0, 0, 0, 0.5], "texture": "#missing", "cullface": "west"},
				"east": {"uv": [3, 2, 2, 2.5], "texture": "#bookshelf", "cullface": "west"},
				"south": {"uv": [0, 0, 0, 0.5], "texture": "#missing", "cullface": "north"},
				"west": {"uv": [1, 9, 1.5, 9.25], "texture": "#bookshelf", "cullface": "north"},
				"up": {"uv": [0, 0, 0, 1], "texture": "#missing"},
				"down": {"uv": [0, 0, 0, 1], "texture": "#missing"}
			}
		},
		{
			"name": "NorthRight",
			"from": [2, 13.5, 0.0001],
			"to": [3, 14, 0.0001],
			"shade": false,
			"faces": {
				"north": {"uv": [6.5, 9, 7, 9.25], "texture": "#bookshelf", "cullface": "west"},
				"east": {"uv": [0, 0, 0, 0.5], "texture": "#missing", "cullface": "west"},
				"south": {"uv": [14, 2, 13, 2.5], "texture": "#bookshelf", "cullface": "north"},
				"west": {"uv": [0, 0, 0, 0.5], "texture": "#missing", "cullface": "north"},
				"up": {"uv": [0, 0, 1, 0], "texture": "#missing"},
				"down": {"uv": [0, 0, 1, 0], "texture": "#missing"}
			}
		},
		{
			"name": "NorthRightSmall",
			"from": [2, 13, 0.0001],
			"to": [2.5, 13.5, 0.0001],
			"shade": false,
			"faces": {
				"north": {"uv": [6.75, 9.25, 7, 9.5], "texture": "#bookshelf", "cullface": "west"},
				"east": {"uv": [0, 0, 0, 0.5], "texture": "#missing", "cullface": "west"},
				"south": {"uv": [14, 2.5, 13.5, 3], "texture": "#bookshelf", "cullface": "north"},
				"west": {"uv": [0, 0, 0, 0.5], "texture": "#missing", "cullface": "north"},
				"up": {"uv": [0, 0, 1, 0], "texture": "#missing"},
				"down": {"uv": [0, 0, 1, 0], "texture": "#missing"}
			}
		},
		{
			"name": "NorthRightCorner",
			"from": [2, 14, 0.0001],
			"to": [5, 16, 1.0001],
			"shade": false,
			"faces": {
				"north": {"uv": [5.5, 8, 7, 9], "texture": "#bookshelf", "cullface": "west"}
			}
		},
		{
			"name": "SouthLeft",
			"from": [14, 0.025, 14],
			"to": [16, 15.975, 16],
			"shade": false,
			"faces": {
				"north": {"uv": [8, 0, 9, 8], "texture": "#bookshelf", "cullface": "south"},
				"east": {"uv": [0, 8, 1, 16], "texture": "#bookshelf", "cullface": "south"},
				"south": {"uv": [7, 8, 8, 16], "texture": "#bookshelf", "cullface": "east"},
				"west": {"uv": [15, 0, 16, 8], "texture": "#bookshelf", "cullface": "east"}
			}
		},
		{
			"name": "EastRight",
			"from": [15.9999, 13.5, 13],
			"to": [15.9999, 14, 14],
			"shade": false,
			"faces": {
				"north": {"uv": [0, 0, 0, 0.5], "texture": "#missing", "cullface": "south"},
				"east": {"uv": [1, 9, 1.5, 9.25], "texture": "#bookshelf", "cullface": "south"},
				"south": {"uv": [0, 0, 0, 0.5], "texture": "#missing", "cullface": "east"},
				"west": {"uv": [13, 2, 14, 2.5], "texture": "#bookshelf", "cullface": "east"},
				"up": {"uv": [0, 0, 0, 1], "texture": "#missing"},
				"down": {"uv": [0, 0, 0, 1], "texture": "#missing"}
			}
		},
		{
			"name": "EastRightSmall",
			"from": [15.9999, 13, 13.5],
			"to": [15.9999, 13.5, 14],
			"shade": false,
			"faces": {
				"north": {"uv": [0, 0, 0, 0.5], "texture": "#missing", "cullface": "south"},
				"east": {"uv": [1, 9.25, 1.25, 9.5], "texture": "#bookshelf", "cullface": "south"},
				"south": {"uv": [0, 0, 0, 0.5], "texture": "#missing", "cullface": "east"},
				"west": {"uv": [13.5, 2.5, 14, 3], "texture": "#bookshelf", "cullface": "east"},
				"up": {"uv": [0, 0, 0, 0.5], "texture": "#missing"},
				"down": {"uv": [0, 0, 0, 0.5], "texture": "#missing"}
			}
		},
		{
			"name": "SouthLeft",
			"from": [13, 13.5, 15.9999],
			"to": [14, 14, 15.9999],
			"shade": false,
			"faces": {
				"north": {"uv": [2, 2, 3, 2.5], "texture": "#bookshelf", "cullface": "south"},
				"east": {"uv": [0, 0, 0, 0.5], "texture": "#missing", "cullface": "south"},
				"south": {"uv": [6.5, 9, 7, 9.25], "texture": "#bookshelf", "cullface": "east"},
				"west": {"uv": [0, 0, 0, 0.5], "texture": "#missing", "cullface": "east"},
				"up": {"uv": [0, 0, 1, 0], "texture": "#missing"},
				"down": {"uv": [0, 0, 1, 0], "texture": "#missing"}
			}
		},
		{
			"name": "SouthLeftSmall",
			"from": [13.5, 13, 15.9999],
			"to": [14, 13.5, 15.9999],
			"shade": false,
			"faces": {
				"north": {"uv": [2, 2.5, 2.5, 3], "texture": "#bookshelf", "cullface": "south"},
				"east": {"uv": [0, 0, 0, 0.5], "texture": "#missing", "cullface": "south"},
				"south": {"uv": [6.75, 9.25, 7, 9.5], "texture": "#bookshelf", "cullface": "east"},
				"west": {"uv": [0, 0, 0, 0.5], "texture": "#missing", "cullface": "east"},
				"up": {"uv": [0, 0, 1, 0], "texture": "#missing"},
				"down": {"uv": [0, 0, 1, 0], "texture": "#missing"}
			}
		},
		{
			"name": "EastLeftCorner",
			"from": [15, 14, 11],
			"to": [16, 16, 14],
			"shade": false,
			"faces": {
				"east": {"uv": [1, 8, 2.5, 9], "texture": "#bookshelf", "cullface": "south"}
			}
		},
		{
			"name": "SouthRightCorner",
			"from": [11, 14, 15],
			"to": [14, 16, 16],
			"shade": false,
			"faces": {
				"south": {"uv": [5.5, 8, 7, 9], "texture": "#bookshelf", "cullface": "east"}
			}
		},
		{
			"name": "SouthRight",
			"from": [0, 0.025, 14],
			"to": [2, 15.975, 16],
			"shade": false,
			"faces": {
				"north": {"uv": [15, 0, 16, 8], "texture": "#bookshelf", "cullface": "south"},
				"east": {"uv": [8, 0, 9, 8], "texture": "#bookshelf", "cullface": "west"},
				"south": {"uv": [0, 8, 1, 16], "texture": "#bookshelf", "cullface": "west"},
				"west": {"uv": [7, 8, 8, 16], "texture": "#bookshelf", "cullface": "south"}
			}
		},
		{
			"name": "SouthLeftCorner",
			"from": [2, 14, 15],
			"to": [5, 16, 16],
			"shade": false,
			"faces": {
				"south": {"uv": [1, 8, 2.5, 9], "texture": "#bookshelf", "cullface": "west"}
			}
		},
		{
			"name": "SouthRight",
			"from": [2, 13.5, 15.9999],
			"to": [3, 14, 15.9999],
			"shade": false,
			"faces": {
				"north": {"uv": [13, 2, 14, 2.5], "texture": "#bookshelf", "cullface": "south"},
				"east": {"uv": [0, 0, 0, 0.5], "texture": "#missing", "cullface": "west"},
				"south": {"uv": [1, 9, 1.5, 9.25], "texture": "#bookshelf", "cullface": "west"},
				"west": {"uv": [0, 0, 0, 0.5], "texture": "#missing", "cullface": "south"},
				"up": {"uv": [0, 0, 1, 0], "texture": "#missing"},
				"down": {"uv": [0, 0, 1, 0], "texture": "#missing"}
			}
		},
		{
			"name": "SouthRightSmall",
			"from": [2, 13, 15.9999],
			"to": [2.5, 13.5, 15.9999],
			"shade": false,
			"faces": {
				"north": {"uv": [13.5, 2.5, 14, 3], "texture": "#bookshelf", "cullface": "south"},
				"east": {"uv": [0, 0, 0, 0.5], "texture": "#missing", "cullface": "west"},
				"south": {"uv": [1, 9.25, 1.25, 9.5], "texture": "#bookshelf", "cullface": "west"},
				"west": {"uv": [0, 0, 0, 0.5], "texture": "#missing", "cullface": "south"},
				"up": {"uv": [0, 0, 1, 0], "texture": "#missing"},
				"down": {"uv": [0, 0, 1, 0], "texture": "#missing"}
			}
		},
		{
			"name": "WestRightCorner",
			"from": [0.00005, 14, 11],
			"to": [1.00005, 16, 14],
			"shade": false,
			"faces": {
				"west": {"uv": [5.5, 8, 7, 9], "texture": "#bookshelf", "cullface": "south"}
			}
		},
		{
			"name": "WestRight",
			"from": [0.00005, 13.5, 13],
			"to": [0.00005, 14, 14],
			"shade": false,
			"faces": {
				"north": {"uv": [0, 0, 0, 0.5], "texture": "#missing", "cullface": "south"},
				"east": {"uv": [14, 2, 13, 2.5], "texture": "#bookshelf", "cullface": "west"},
				"south": {"uv": [0, 0, 0, 0.5], "texture": "#missing", "cullface": "west"},
				"west": {"uv": [6.5, 9, 7, 9.25], "texture": "#bookshelf", "cullface": "south"},
				"up": {"uv": [0, 0, 0, 1], "texture": "#missing"},
				"down": {"uv": [0, 0, 0, 1], "texture": "#missing"}
			}
		},
		{
			"name": "WestRightSmall",
			"from": [0.0001, 13, 13.5],
			"to": [0.0001, 13.5, 14],
			"shade": false,
			"faces": {
				"north": {"uv": [0, 0, 0, 0.5], "texture": "#missing", "cullface": "south"},
				"east": {"uv": [13.5, 2.5, 14, 3], "texture": "#bookshelf", "cullface": "west"},
				"south": {"uv": [0, 0, 0, 0.5], "texture": "#missing", "cullface": "west"},
				"west": {"uv": [6.75, 9.25, 7, 9.5], "texture": "#bookshelf", "cullface": "south"},
				"up": {"uv": [0, 0, 0, 0.5], "texture": "#missing"},
				"down": {"uv": [0, 0, 0, 0.5], "texture": "#missing"}
			}
		},
		{
			"name": "Top",
			"from": [0.025, 14, 0.025],
			"to": [15.975, 16, 15.975],
			"shade": false,
			"faces": {
				"north": {"uv": [8, 8, 16, 9], "texture": "#bookshelf", "cullface": "north"},
				"east": {"uv": [8, 8, 16, 9], "texture": "#bookshelf", "cullface": "east"},
				"south": {"uv": [8, 8, 16, 9], "texture": "#bookshelf", "cullface": "south"},
				"west": {"uv": [8, 8, 16, 9], "texture": "#bookshelf", "cullface": "west"},
				"up": {"uv": [0, 0, 8, 8], "texture": "#bookshelf", "cullface": "up"},
				"down": {"uv": [0, 0, 8, 8], "texture": "#bookshelf"}
			}
		},
		{
			"name": "Shelf",
			"from": [0.05, 7.5, 0.05],
			"to": [16.05, 8.5, 16.05],
			"shade": false,
			"faces": {
				"north": {"uv": [0.05, 11.75, 7.95, 12.25], "texture": "#bookshelf"},
				"east": {"uv": [0.05, 11.75, 7.95, 12.25], "texture": "#bookshelf"},
				"south": {"uv": [0.05, 11.75, 7.95, 12.25], "texture": "#bookshelf"},
				"west": {"uv": [0.05, 11.75, 7.95, 12.25], "texture": "#bookshelf"},
				"up": {"uv": [0.05, 0.05, 7.95, 7.95], "texture": "#bookshelf"},
				"down": {"uv": [0.05, 0.05, 7.95, 7.95], "texture": "#bookshelf"}
			}
		},
		{
			"name": "Bottom",
			"from": [0.025, 0, 0.025],
			"to": [15.975, 2, 15.975],
			"shade": false,
			"faces": {
				"north": {"uv": [8, 15, 16, 16], "texture": "#bookshelf", "cullface": "north"},
				"east": {"uv": [8, 15, 16, 16], "texture": "#bookshelf", "cullface": "east"},
				"south": {"uv": [8, 15, 16, 16], "texture": "#bookshelf", "cullface": "south"},
				"west": {"uv": [8, 15, 16, 16], "texture": "#bookshelf", "cullface": "west"},
				"up": {"uv": [0, 0, 8, 8], "texture": "#bookshelf"},
				"down": {"uv": [0, 0, 8, 8], "texture": "#bookshelf", "cullface": "down"}
			}
		},
		{
			"name": "Column",
			"from": [16, 0, 0],
			"to": [0, 16, 16],
			"shade": false,
			"rotation": {"angle": 0, "axis": "y", "origin": [17, 8, 8]},
			"faces": {
				"north": {"uv": [9.75, 1, 14.25, 7], "texture": "#bookshelf"},
				"east": {"uv": [9.75, 1, 14.25, 7], "texture": "#bookshelf"},
				"south": {"uv": [9.75, 1, 14.25, 7], "texture": "#bookshelf"},
				"west": {"uv": [9.75, 1, 14.25, 7], "texture": "#bookshelf"}
			}
		}
	],
	"display": {
		"thirdperson_righthand": {
			"rotation": [75, 45, 0],
			"translation": [0, 2.5, 0],
			"scale": [0.375, 0.375, 0.375]
		},
		"firstperson_righthand": {
			"rotation": [0, 45, 0],
			"scale": [0.4, 0.4, 0.4]
		},
		"firstperson_lefthand": {
			"rotation": [0, 225, 0],
			"scale": [0.4, 0.4, 0.4]
		},
		"ground": {
			"translation": [0, 3, 0],
			"scale": [0.25, 0.25, 0.25]
		},
		"gui": {
			"rotation": [30, 225, 0],
			"scale": [0.625, 0.625, 0.625]
		},
		"fixed": {
			"scale": [0.5, 0.5, 0.5]
		}
	},
	"groups": [
		{
			"name": "Base",
			"origin": [-8, 0, -8],
			"shade": false,
			"children": [
				{
					"name": "Divider",
					"origin": [0, -16, 0],
					"shade": false,
					"children": [0, 1, 2, 3]
				},
				{
					"name": "Corner",
					"origin": [-8, 0, -8],
					"shade": false,
					"children": [
						{
							"name": "NorthLeft",
							"origin": [33, 8, 8],
							"shade": false,
							"children": [4, 5, 6, 7, 8, 9, 10]
						},
						{
							"name": "NorthRight",
							"origin": [-1, 8, 8],
							"shade": false,
							"children": [11, 12, 13, 14, 15, 16, 17]
						},
						{
							"name": "SouthLeft",
							"origin": [32, 8, 22],
							"shade": false,
							"children": [18, 19, 20, 21, 22, 23, 24]
						},
						{
							"name": "SouthRight",
							"origin": [-1, 8, 22],
							"shade": false,
							"children": [25, 26, 27, 28, 29, 30, 31]
						}
					]
				},
				{
					"name": "Shelf",
					"origin": [-8, 0, -8],
					"shade": false,
					"children": [32, 33, 34]
				},
				{
					"name": "Background",
					"origin": [0, 0, 0],
					"shade": false,
					"children": [35]
				}
			]
		}
	]
}