{
	"credit": "Made By WantedRobot",
	"textures": {
		"Texture Top": "block/sandstone_top",
		"Texture Bottom": "block/sandstone_bottom",
		"Texture wood": "block/acacia_planks",
		"Texture side": "block/doubleslabs/sandstone/sandstone",
		"particle": "block/doubleslabs/sandstone/sandstone"
	},
	"elements": [
		{
			"from": [16, 6, 6],
			"to": [21, 10, 10],
			"faces": {
				"north": {"uv": [0.5, 0, 5.5, 4], "texture": "#Texture wood", "cullface": "east"},
				"east": {"uv": [11.5, 7.5, 15.5, 12], "rotation": 180, "texture": "#Texture wood", "cullface": "east"},
				"south": {"uv": [0.5, 0, 5.5, 4], "rotation": 180, "texture": "#Texture wood", "cullface": "east"},
				"up": {"uv": [0.5, 0, 5.5, 4], "rotation": 180, "texture": "#Texture wood", "cullface": "east"},
				"down": {"uv": [0.5, 0, 5.5, 4], "rotation": 180, "texture": "#Texture wood", "cullface": "east"}
			}
		},
		{
			"from": [6, 6, -4],
			"to": [10, 10, 0],
			"faces": {
				"north": {"uv": [11.5, 7.5, 15.5, 12], "rotation": 180, "texture": "#Texture wood", "cullface": "north"},
				"east": {"uv": [0.5, 0, 4.5, 4], "rotation": 180, "texture": "#Texture wood", "cullface": "north"},
				"west": {"uv": [0.5, 0, 4.5, 4], "texture": "#Texture wood", "cullface": "north"},
				"up": {"uv": [0.5, 0, 4.5, 4], "rotation": 90, "texture": "#Texture wood", "cullface": "north"},
				"down": {"uv": [0.5, 0, 4.5, 4], "rotation": 270, "texture": "#Texture wood", "cullface": "north"}
			}
		},
		{
			"from": [-3, 6, 6],
			"to": [0, 10, 10],
			"faces": {
				"north": {"uv": [0.5, 0, 3.5, 4], "rotation": 180, "texture": "#Texture wood", "cullface": "west"},
				"south": {"uv": [0.5, 0, 3.5, 4], "texture": "#Texture wood", "cullface": "west"},
				"west": {"uv": [11.5, 7.5, 15.5, 12], "rotation": 180, "texture": "#Texture wood", "cullface": "west"},
				"up": {"uv": [0.5, 0, 3.5, 4], "texture": "#Texture wood", "cullface": "west"},
				"down": {"uv": [0.5, 0, 3.5, 4], "texture": "#Texture wood", "cullface": "west"}
			}
		},
		{
			"from": [6, 6, 16],
			"to": [10, 10, 20],
			"faces": {
				"east": {"uv": [0.5, 0, 4.5, 4], "texture": "#Texture wood", "cullface": "south"},
				"south": {"uv": [11.5, 7.5, 15.5, 12], "rotation": 180, "texture": "#Texture wood", "cullface": "south"},
				"west": {"uv": [0.5, 0, 4.5, 4], "rotation": 180, "texture": "#Texture wood", "cullface": "south"},
				"up": {"uv": [0.5, 0, 4.5, 4], "rotation": 270, "texture": "#Texture wood", "cullface": "south"},
				"down": {"uv": [0.5, 0, 4.5, 4], "rotation": 90, "texture": "#Texture wood", "cullface": "south"}
			}
		},
		{
			"from": [0, 0, 0],
			"to": [16, 16, 16],
			"faces": {
				"north": {"uv": [0, 0, 16, 16], "texture": "#Texture side", "cullface": "north"},
				"east": {"uv": [0, 0, 16, 16], "texture": "#Texture side", "cullface": "east"},
				"south": {"uv": [0, 0, 16, 16], "texture": "#Texture side", "cullface": "south"},
				"west": {"uv": [0, 0, 16, 16], "texture": "#Texture side", "cullface": "west"},
				"up": {"uv": [0, 0, 16, 16], "texture": "#Texture Top", "cullface": "up"},
				"down": {"uv": [0, 0, 16, 16], "texture": "#Texture Bottom", "cullface": "down"}
			}
		}
	],
	"groups": [0, 1, 2, 3,
		{
			"name": "oak_slab_double",
			"children": [
				{
					"name": "cube",
					"children": [4]
				}
			]
		}
	]
}