{
	"credit": "Made by WantedRobot",
	"elements": [
		{
			"name": "egg",
			"from": [6.5, 1.61667, 7.5],
			"to": [9.5, 13.11667, 8.5],
			"rotation": {"angle": 0, "axis": "x", "origin": [8, 0.25, 7.61667]},
			"faces": {
				"north": {"uv": [6.5, 13, 9.5, 1.5], "rotation": 180, "texture": "#texture"},
				"east": {"uv": [9, 1.5, 9.5, 13], "texture": "#texture"},
				"south": {"uv": [6.5, 1.5, 9.5, 13], "texture": "#texture"},
				"west": {"uv": [6.5, 1.5, 7, 13], "texture": "#texture"},
				"up": {"uv": [9.5, 1.5, 6.5, 2], "rotation": 180, "texture": "#texture"},
				"down": {"uv": [6.5, 12.5, 9.5, 13], "texture": "#texture"}
			}
		},
		{
			"name": "egg",
			"from": [6, 2.11667, 7.5],
			"to": [6.5, 12.61667, 8.5],
			"rotation": {"angle": 0, "axis": "x", "origin": [8, 0.25, 7.61667]},
			"faces": {
				"north": {"uv": [6, 12.5, 6.5, 2], "rotation": 180, "texture": "#texture"},
				"east": {"uv": [6, 2, 6.5, 12.5], "texture": "#texture"},
				"south": {"uv": [6, 2, 6.5, 12.5], "texture": "#texture"},
				"west": {"uv": [6, 2, 6.5, 12.5], "texture": "#texture"},
				"up": {"uv": [6.5, 2, 6, 2.5], "rotation": 180, "texture": "#texture"},
				"down": {"uv": [6, 12, 6.5, 12.5], "texture": "#texture"}
			}
		},
		{
			"name": "egg",
			"from": [9.5, 2.11667, 7.5],
			"to": [10, 12.61667, 8.5],
			"rotation": {"angle": 0, "axis": "x", "origin": [8, 0.25, 7.61667]},
			"faces": {
				"north": {"uv": [9.5, 12.5, 10, 2], "rotation": 180, "texture": "#texture"},
				"east": {"uv": [9.5, 2, 10, 12.5], "texture": "#texture"},
				"south": {"uv": [9.5, 2, 10, 12.5], "texture": "#texture"},
				"west": {"uv": [9.5, 2, 10, 12.5], "texture": "#texture"},
				"up": {"uv": [10, 2, 9.5, 2.5], "rotation": 180, "texture": "#texture"},
				"down": {"uv": [9.5, 12, 10, 12.5], "texture": "#texture"}
			}
		},
		{
			"name": "egg",
			"from": [5.5, 2.11667, 7.5],
			"to": [6, 12.11667, 8.5],
			"rotation": {"angle": 0, "axis": "x", "origin": [8, 0.25, 7.61667]},
			"faces": {
				"north": {"uv": [5.5, 12.5, 6, 2.5], "rotation": 180, "texture": "#texture"},
				"east": {"uv": [5.5, 2.5, 6, 12.5], "texture": "#texture"},
				"south": {"uv": [5.5, 2.5, 6, 12.5], "texture": "#texture"},
				"west": {"uv": [5.5, 2.5, 6, 12.5], "texture": "#texture"},
				"up": {"uv": [6, 2.5, 5.5, 3], "rotation": 180, "texture": "#texture"},
				"down": {"uv": [5.5, 12, 6, 12.5], "texture": "#texture"}
			}
		},
		{
			"name": "egg",
			"from": [10, 2.11667, 7.5],
			"to": [10.5, 12.11667, 8.5],
			"rotation": {"angle": 0, "axis": "x", "origin": [8, 0.25, 7.61667]},
			"faces": {
				"north": {"uv": [10, 12.5, 10.5, 2.5], "rotation": 180, "texture": "#texture"},
				"east": {"uv": [10, 2.5, 10.5, 12.5], "texture": "#texture"},
				"south": {"uv": [10, 2.5, 10.5, 12.5], "texture": "#texture"},
				"west": {"uv": [10, 2.5, 10.5, 12.5], "texture": "#texture"},
				"up": {"uv": [10.5, 2.5, 10, 3], "rotation": 180, "texture": "#texture"},
				"down": {"uv": [10, 12, 10.5, 12.5], "texture": "#texture"}
			}
		},
		{
			"name": "egg",
			"from": [5, 2.61667, 7.5],
			"to": [5.5, 11.61667, 8.5],
			"rotation": {"angle": 0, "axis": "x", "origin": [8, 0.25, 7.61667]},
			"faces": {
				"north": {"uv": [5, 12, 5.5, 3], "rotation": 180, "texture": "#texture"},
				"east": {"uv": [5, 3, 5.5, 12], "texture": "#texture"},
				"south": {"uv": [5, 3, 5.5, 12], "texture": "#texture"},
				"west": {"uv": [5, 3, 5.5, 12], "texture": "#texture"},
				"up": {"uv": [5.5, 3, 5, 3.5], "rotation": 180, "texture": "#texture"},
				"down": {"uv": [5, 11.5, 5.5, 12], "texture": "#texture"}
			}
		},
		{
			"name": "egg",
			"from": [10.5, 2.61667, 7.5],
			"to": [11, 11.61667, 8.5],
			"rotation": {"angle": 0, "axis": "x", "origin": [8, 0.25, 7.61667]},
			"faces": {
				"north": {"uv": [10.5, 12, 11, 3], "rotation": 180, "texture": "#texture"},
				"east": {"uv": [10.5, 3, 11, 12], "texture": "#texture"},
				"south": {"uv": [10.5, 3, 11, 12], "texture": "#texture"},
				"west": {"uv": [10.5, 3, 11, 12], "texture": "#texture"},
				"up": {"uv": [11, 3, 10.5, 3.5], "rotation": 180, "texture": "#texture"},
				"down": {"uv": [10.5, 11.5, 11, 12], "texture": "#texture"}
			}
		},
		{
			"name": "egg",
			"from": [4.5, 3.11667, 7.5],
			"to": [5, 11.11667, 8.5],
			"rotation": {"angle": 0, "axis": "x", "origin": [8, 0.25, 7.61667]},
			"faces": {
				"north": {"uv": [4.5, 11.5, 5, 3.5], "rotation": 180, "texture": "#texture"},
				"east": {"uv": [4.5, 3.5, 5, 11.5], "texture": "#texture"},
				"south": {"uv": [4.5, 3.5, 5, 11.5], "texture": "#texture"},
				"west": {"uv": [4.5, 3.5, 5, 11.5], "texture": "#texture"},
				"up": {"uv": [5, 3.5, 4.5, 4], "rotation": 180, "texture": "#texture"},
				"down": {"uv": [4.5, 11, 5, 11.5], "texture": "#texture"}
			}
		},
		{
			"name": "egg",
			"from": [11, 3.11667, 7.5],
			"to": [11.5, 11.11667, 8.5],
			"rotation": {"angle": 0, "axis": "x", "origin": [8, 0.25, 7.61667]},
			"faces": {
				"north": {"uv": [11, 11.5, 11.5, 3.5], "rotation": 180, "texture": "#texture"},
				"east": {"uv": [11, 3.5, 11.5, 11.5], "texture": "#texture"},
				"south": {"uv": [11, 3.5, 11.5, 11.5], "texture": "#texture"},
				"west": {"uv": [11, 3.5, 11.5, 11.5], "texture": "#texture"},
				"up": {"uv": [11.5, 3.5, 11, 4], "rotation": 180, "texture": "#texture"},
				"down": {"uv": [11, 11, 11.5, 11.5], "texture": "#texture"}
			}
		},
		{
			"name": "egg",
			"from": [4, 3.61667, 7.5],
			"to": [4.5, 10.11667, 8.5],
			"rotation": {"angle": 0, "axis": "x", "origin": [8, 0.25, 7.61667]},
			"faces": {
				"north": {"uv": [4, 11, 4.5, 4.5], "rotation": 180, "texture": "#texture"},
				"east": {"uv": [4, 4.5, 4.5, 11], "texture": "#texture"},
				"south": {"uv": [4, 4.5, 4.5, 11], "texture": "#texture"},
				"west": {"uv": [4, 4.5, 4.5, 11], "texture": "#texture"},
				"up": {"uv": [4.5, 4.5, 4, 5], "rotation": 180, "texture": "#texture"},
				"down": {"uv": [4, 10.5, 4.5, 11], "texture": "#texture"}
			}
		},
		{
			"name": "egg",
			"from": [11.5, 3.61667, 7.5],
			"to": [12, 10.11667, 8.5],
			"rotation": {"angle": 0, "axis": "x", "origin": [8, 0.25, 7.61667]},
			"faces": {
				"north": {"uv": [11.5, 11, 12, 4.5], "rotation": 180, "texture": "#texture"},
				"east": {"uv": [11.5, 4.5, 12, 11], "texture": "#texture"},
				"south": {"uv": [11.5, 4.5, 12, 11], "texture": "#texture"},
				"west": {"uv": [11.5, 4.5, 12, 11], "texture": "#texture"},
				"up": {"uv": [12, 4.5, 11.5, 5], "rotation": 180, "texture": "#texture"},
				"down": {"uv": [11.5, 10.5, 12, 11], "texture": "#texture"}
			}
		},
		{
			"name": "egg",
			"from": [3.5, 4.11667, 7.5],
			"to": [4, 9.11667, 8.5],
			"rotation": {"angle": 0, "axis": "x", "origin": [8, 0.25, 7.61667]},
			"faces": {
				"north": {"uv": [3.5, 10.5, 4, 5.5], "rotation": 180, "texture": "#texture"},
				"east": {"uv": [3.5, 5.5, 4, 10.5], "texture": "#texture"},
				"south": {"uv": [3.5, 5.5, 4, 10.5], "texture": "#texture"},
				"west": {"uv": [3.5, 5.5, 4, 10.5], "texture": "#texture"},
				"up": {"uv": [4, 5.5, 3.5, 6], "rotation": 180, "texture": "#texture"},
				"down": {"uv": [3.5, 10, 4, 10.5], "texture": "#texture"}
			}
		},
		{
			"name": "egg",
			"from": [12, 4.11667, 7.5],
			"to": [12.5, 9.11667, 8.5],
			"rotation": {"angle": 0, "axis": "x", "origin": [8, 0.25, 7.61667]},
			"faces": {
				"north": {"uv": [12, 10.5, 12.5, 5.5], "rotation": 180, "texture": "#texture"},
				"east": {"uv": [12, 5.5, 12.5, 10.5], "texture": "#texture"},
				"south": {"uv": [12, 5.5, 12.5, 10.5], "texture": "#texture"},
				"west": {"uv": [12, 5.5, 12.5, 10.5], "texture": "#texture"},
				"up": {"uv": [12.5, 5.5, 12, 6], "rotation": 180, "texture": "#texture"},
				"down": {"uv": [12, 10, 12.5, 10.5], "texture": "#texture"}
			}
		},
		{
			"name": "egg",
			"from": [3, 5.11667, 7.5],
			"to": [3.5, 8.11667, 8.5],
			"rotation": {"angle": 0, "axis": "x", "origin": [8, 0.25, 7.61667]},
			"faces": {
				"north": {"uv": [3, 9.5, 3.5, 6.5], "rotation": 180, "texture": "#texture"},
				"east": {"uv": [3, 6.5, 3.5, 9.5], "texture": "#texture"},
				"south": {"uv": [3, 6.5, 3.5, 9.5], "texture": "#texture"},
				"west": {"uv": [3, 6.5, 3.5, 9.5], "texture": "#texture"},
				"up": {"uv": [3.5, 6.5, 3, 7], "rotation": 180, "texture": "#texture"},
				"down": {"uv": [3, 9, 3.5, 9.5], "texture": "#texture"}
			}
		},
		{
			"name": "egg",
			"from": [12.5, 5.11667, 7.5],
			"to": [13, 8.11667, 8.5],
			"rotation": {"angle": 0, "axis": "x", "origin": [8, 0.25, 7.61667]},
			"faces": {
				"north": {"uv": [12.5, 9.5, 13, 6.5], "rotation": 180, "texture": "#texture"},
				"east": {"uv": [12.5, 6.5, 13, 9.5], "texture": "#texture"},
				"south": {"uv": [12.5, 6.5, 13, 9.5], "texture": "#texture"},
				"west": {"uv": [12.5, 6.5, 13, 9.5], "texture": "#texture"},
				"up": {"uv": [13, 6.5, 12.5, 7], "rotation": 180, "texture": "#texture"},
				"down": {"uv": [12.5, 9, 13, 9.5], "texture": "#texture"}
			}
		}
	],
	"gui_light": "front",
	"display": {
		"thirdperson_righthand": {
			"translation": [0, 3, 1],
			"scale": [0.55, 0.55, 0.55]
		},
		"firstperson_righthand": {
			"rotation": [0, -90, 25],
			"translation": [1.13, 3.2, 1.13],
			"scale": [0.68, 0.68, 0.68]
		},
		"ground": {
			"translation": [0, 2, 0],
			"scale": [0.5, 0.5, 0.5]
		},
		"head": {
			"rotation": [0, 180, 0],
			"translation": [0, 13, 7]
		},
		"fixed": {
			"rotation": [0, 180, 0]
		}
	}
}