{
	"credit": "Made by SyndiShanX",
	"parent": "block/block",
	"textures": {
		"block1": "block/smooth_sandstone_stair_corner",
		"block2": "block/smooth_sandstone_bottom",
		"particle": "block/smooth_sandstone_bottom"
	},
	"elements": [
		{
			"name": "Top Stair 1",
			"from": [0, 8, 0],
			"to": [8, 16, 16],
			"faces": {
				"north": {"uv": [8, 0, 16, 8], "texture": "#block2"},
				"east": {"uv": [0, 0, 16, 8], "texture": "#block1"},
				"south": {"uv": [8, 8, 16, 0], "rotation": 180, "texture": "#block1"},
				"west": {"uv": [0, 0, 16, 8], "texture": "#block2"},
				"up": {"uv": [8, 0, 16, 16], "rotation": 180, "texture": "#block1"}
			}
		},
		{
			"name": "Top Stair 2",
			"from": [8, 8, 0],
			"to": [16, 16, 8],
			"faces": {
				"north": {"uv": [0, 0, 8, 8], "texture": "#block2"},
				"east": {"uv": [8, 0, 16, 8], "texture": "#block1"},
				"south": {"uv": [0, 0, 8, 8], "texture": "#block1"},
				"up": {"uv": [0, 8, 8, 16], "rotation": 180, "texture": "#block1"}
			}
		},
		{
			"name": "Bottom Stair",
			"from": [0, 0, 0],
			"to": [16, 8, 16],
			"faces": {
				"north": {"uv": [0, 8, 16, 16], "texture": "#block2"},
				"east": {"uv": [0, 8, 16, 16], "texture": "#block1"},
				"south": {"uv": [16, 8, 0, 16], "texture": "#block1"},
				"west": {"uv": [0, 8, 16, 16], "texture": "#block2"},
				"up": {"uv": [0, 0, 16, 16], "rotation": 180, "texture": "#block1"},
				"down": {"uv": [0, 0, 16, 16], "texture": "#block2"}
			}
		}
	]
}