{
	"credit": "Made with Blockbench",
	"textures": {
		"0": "block/jukebox_side",
		"1": "block/jukebox_top",
		"2": "block/jukebox_top_clear"
	},
	"elements": [
		{
			"name": "middle",
			"from": [1, 1, 1],
			"to": [15, 15, 15],
			"faces": {
				"north": {"uv": [1, 1, 15, 15], "texture": "#0"},
				"east": {"uv": [1, 1, 15, 15], "texture": "#0"},
				"south": {"uv": [1, 1, 15, 15], "texture": "#0"},
				"west": {"uv": [1, 1, 15, 15], "texture": "#0"},
				"up": {"uv": [1, 1, 15, 15], "texture": "#1"},
				"down": {"uv": [1, 1, 15, 15], "texture": "#0"}
			}
		},
		{
			"from": [0, 0, 0],
			"to": [13.5, 2.5, 2.5],
			"faces": {
				"north": {"uv": [2.5, 13.5, 16, 16], "texture": "#0"},
				"east": {"uv": [15, 15, 16, 16], "texture": "#0"},
				"south": {"uv": [0, 13.5, 13.5, 16], "texture": "#0"},
				"west": {"uv": [0, 13.5, 2.5, 16], "texture": "#0"},
				"up": {"uv": [16, 13.5, 2.5, 16], "texture": "#0"},
				"down": {"uv": [0, 13.5, 13.5, 16], "texture": "#0"}
			}
		},
		{
			"from": [13.5, 0, 0],
			"to": [16, 2.5, 13.5],
			"faces": {
				"north": {"uv": [0, 13.5, 2.5, 16], "texture": "#0"},
				"east": {"uv": [2.5, 13.5, 16, 16], "texture": "#0"},
				"south": {"uv": [15, 15, 16, 16], "texture": "#0"},
				"west": {"uv": [0, 13.5, 13.5, 16], "texture": "#0"},
				"up": {"uv": [16, 13.5, 2.5, 16], "rotation": 90, "texture": "#0"},
				"down": {"uv": [13.5, 2.5, 16, 16], "texture": "#0"}
			}
		},
		{
			"from": [2.5, 0, 13.5],
			"to": [16, 2.5, 16],
			"faces": {
				"north": {"uv": [0, 13.5, 13.5, 16], "texture": "#0"},
				"east": {"uv": [0, 13.5, 2.5, 16], "texture": "#0"},
				"south": {"uv": [2.5, 13.5, 16, 16], "texture": "#0"},
				"west": {"uv": [15, 15, 16, 16], "texture": "#0"},
				"up": {"uv": [16, 13.5, 2.5, 16], "rotation": 180, "texture": "#0"},
				"down": {"uv": [2.5, 0, 16, 2.5], "texture": "#0"}
			}
		},
		{
			"from": [0, 0, 2.5],
			"to": [2.5, 2.5, 16],
			"faces": {
				"north": {"uv": [15, 15, 16, 16], "texture": "#0"},
				"east": {"uv": [0, 13.5, 13.5, 16], "texture": "#0"},
				"south": {"uv": [0, 13.5, 2.5, 16], "texture": "#0"},
				"west": {"uv": [2.5, 13.5, 16, 16], "texture": "#0"},
				"up": {"uv": [16, 13.5, 2.5, 16], "rotation": 270, "texture": "#0"},
				"down": {"uv": [0, 0, 2.5, 13.5], "texture": "#0"}
			}
		},
		{
			"from": [0, 2.5, 13.5],
			"to": [2.5, 13.5, 16],
			"faces": {
				"north": {"uv": [0, 2.5, 2.5, 13.5], "texture": "#0"},
				"east": {"uv": [13.5, 2.5, 16, 13.5], "texture": "#0"},
				"south": {"uv": [0, 2.5, 2.5, 13.5], "texture": "#0"},
				"west": {"uv": [13.5, 2.5, 16, 13.5], "texture": "#0"},
				"up": {"uv": [0, 0, 1, 1], "texture": "#0"},
				"down": {"uv": [0, 0, 1, 1], "texture": "#0"}
			}
		},
		{
			"from": [0, 2.5, 0],
			"to": [2.5, 13.5, 2.5],
			"faces": {
				"north": {"uv": [13.5, 2.5, 16, 13.5], "texture": "#0"},
				"east": {"uv": [0, 2.5, 2.5, 13.5], "texture": "#0"},
				"south": {"uv": [13.5, 2.5, 16, 13.5], "texture": "#0"},
				"west": {"uv": [0, 2.5, 2.5, 13.5], "texture": "#0"},
				"up": {"uv": [0, 0, 1, 1], "rotation": 90, "texture": "#0"},
				"down": {"uv": [0, 0, 1, 1], "rotation": 270, "texture": "#0"}
			}
		},
		{
			"from": [13.5, 2.5, 0],
			"to": [16, 13.5, 2.5],
			"faces": {
				"north": {"uv": [0, 2.5, 2.5, 13.5], "texture": "#0"},
				"east": {"uv": [13.5, 2.5, 16, 13.5], "texture": "#0"},
				"south": {"uv": [0, 2.5, 2.5, 13.5], "texture": "#0"},
				"west": {"uv": [13.5, 2.5, 16, 13.5], "texture": "#0"},
				"up": {"uv": [0, 0, 1, 1], "rotation": 180, "texture": "#0"},
				"down": {"uv": [0, 0, 1, 1], "rotation": 180, "texture": "#0"}
			}
		},
		{
			"from": [13.5, 2.5, 13.5],
			"to": [16, 13.5, 16],
			"faces": {
				"north": {"uv": [13.5, 2.5, 16, 13.5], "texture": "#0"},
				"east": {"uv": [0, 2.5, 2.5, 13.5], "texture": "#0"},
				"south": {"uv": [13.5, 2.5, 16, 13.5], "texture": "#0"},
				"west": {"uv": [0, 2.5, 2.5, 13.5], "texture": "#0"},
				"up": {"uv": [0, 0, 1, 1], "rotation": 270, "texture": "#0"},
				"down": {"uv": [0, 0, 1, 1], "rotation": 90, "texture": "#0"}
			}
		},
		{
			"from": [2.5, 13.5, 13.5],
			"to": [16, 16, 16],
			"faces": {
				"north": {"uv": [0, 0, 13.5, 2.5], "texture": "#0"},
				"east": {"uv": [0, 0, 2.5, 2.5], "texture": "#0"},
				"south": {"uv": [2.5, 0, 16, 2.5], "texture": "#0"},
				"west": {"uv": [15, 15, 16, 16], "texture": "#0"},
				"up": {"uv": [2.5, 13.5, 16, 16], "texture": "#0"},
				"down": {"uv": [2.5, 0, 16, 2.5], "texture": "#0"}
			}
		},
		{
			"from": [0, 13.5, 2.5],
			"to": [2.5, 16, 16],
			"faces": {
				"north": {"uv": [15, 15, 16, 16], "texture": "#0"},
				"east": {"uv": [0, 0, 13.5, 2.5], "texture": "#0"},
				"south": {"uv": [0, 0, 2.5, 2.5], "texture": "#0"},
				"west": {"uv": [2.5, 0, 16, 2.5], "texture": "#0"},
				"up": {"uv": [0, 2.5, 2.5, 16], "texture": "#0"},
				"down": {"uv": [2.5, 0, 16, 2.5], "rotation": 270, "texture": "#0"}
			}
		},
		{
			"from": [0, 13.5, 0],
			"to": [13.5, 16, 2.5],
			"faces": {
				"north": {"uv": [2.5, 0, 16, 2.5], "texture": "#0"},
				"east": {"uv": [15, 15, 16, 16], "texture": "#0"},
				"south": {"uv": [0, 0, 13.5, 2.5], "texture": "#0"},
				"west": {"uv": [0, 0, 2.5, 2.5], "texture": "#0"},
				"up": {"uv": [0, 0, 13.5, 2.5], "texture": "#0"},
				"down": {"uv": [2.5, 0, 16, 2.5], "rotation": 180, "texture": "#0"}
			}
		},
		{
			"from": [13.5, 13.5, 0],
			"to": [16, 16, 13.5],
			"faces": {
				"north": {"uv": [0, 0, 2.5, 2.5], "texture": "#0"},
				"east": {"uv": [2.5, 0, 16, 2.5], "texture": "#0"},
				"south": {"uv": [15, 15, 16, 16], "texture": "#0"},
				"west": {"uv": [0, 0, 13.5, 2.5], "texture": "#0"},
				"up": {"uv": [13.5, 0, 16, 13.5], "texture": "#0"},
				"down": {"uv": [2.5, 0, 16, 2.5], "rotation": 90, "texture": "#0"}
			}
		},
		{
			"from": [2.5, 2.5, 0],
			"to": [3, 3, 16],
			"faces": {
				"north": {"uv": [13, 13, 13.5, 13.5], "texture": "#0"},
				"east": {"uv": [13, 13, 13.5, 13.5], "texture": "#0"},
				"south": {"uv": [13, 13, 13.5, 13.5], "texture": "#0"},
				"west": {"uv": [13, 13, 13.5, 13.5], "texture": "#0"},
				"up": {"uv": [13, 13, 13.5, 13.5], "texture": "#0"},
				"down": {"uv": [13, 13, 13.5, 13.5], "texture": "#0"}
			}
		},
		{
			"from": [13, 2.5, 0],
			"to": [13.5, 3, 16],
			"faces": {
				"north": {"uv": [13, 13, 13.5, 13.5], "texture": "#0"},
				"east": {"uv": [13, 13, 13.5, 13.5], "texture": "#0"},
				"south": {"uv": [13, 13, 13.5, 13.5], "texture": "#0"},
				"west": {"uv": [13, 13, 13.5, 13.5], "texture": "#0"},
				"up": {"uv": [13, 13, 13.5, 13.5], "texture": "#0"},
				"down": {"uv": [13, 13, 13.5, 13.5], "texture": "#0"}
			}
		},
		{
			"from": [13, 13, 0],
			"to": [13.5, 13.5, 16],
			"faces": {
				"north": {"uv": [13, 13, 13.5, 13.5], "texture": "#0"},
				"east": {"uv": [13, 13, 13.5, 13.5], "texture": "#0"},
				"south": {"uv": [13, 13, 13.5, 13.5], "texture": "#0"},
				"west": {"uv": [13, 13, 13.5, 13.5], "texture": "#0"},
				"up": {"uv": [13, 13, 13.5, 13.5], "texture": "#0"},
				"down": {"uv": [13, 13, 13.5, 13.5], "texture": "#0"}
			}
		},
		{
			"from": [2.5, 13, 0],
			"to": [3, 13.5, 16],
			"faces": {
				"north": {"uv": [13, 13, 13.5, 13.5], "texture": "#0"},
				"east": {"uv": [13, 13, 13.5, 13.5], "texture": "#0"},
				"south": {"uv": [13, 13, 13.5, 13.5], "texture": "#0"},
				"west": {"uv": [13, 13, 13.5, 13.5], "texture": "#0"},
				"up": {"uv": [13, 13, 13.5, 13.5], "texture": "#0"},
				"down": {"uv": [13, 13, 13.5, 13.5], "texture": "#0"}
			}
		},
		{
			"from": [0, 2.5, 2.5],
			"to": [16, 3, 3],
			"faces": {
				"north": {"uv": [13, 13, 13.5, 13.5], "texture": "#0"},
				"east": {"uv": [13, 13, 13.5, 13.5], "texture": "#0"},
				"south": {"uv": [13, 13, 13.5, 13.5], "texture": "#0"},
				"west": {"uv": [13, 13, 13.5, 13.5], "texture": "#0"},
				"up": {"uv": [13, 13, 13.5, 13.5], "rotation": 270, "texture": "#0"},
				"down": {"uv": [13, 13, 13.5, 13.5], "rotation": 90, "texture": "#0"}
			}
		},
		{
			"from": [0, 13, 2.5],
			"to": [16, 13.5, 3],
			"faces": {
				"north": {"uv": [13, 13, 13.5, 13.5], "texture": "#0"},
				"east": {"uv": [13, 13, 13.5, 13.5], "texture": "#0"},
				"south": {"uv": [13, 13, 13.5, 13.5], "texture": "#0"},
				"west": {"uv": [13, 13, 13.5, 13.5], "texture": "#0"},
				"up": {"uv": [13, 13, 13.5, 13.5], "rotation": 270, "texture": "#0"},
				"down": {"uv": [13, 13, 13.5, 13.5], "rotation": 90, "texture": "#0"}
			}
		},
		{
			"from": [0, 13, 13],
			"to": [16, 13.5, 13.5],
			"faces": {
				"north": {"uv": [13, 13, 13.5, 13.5], "texture": "#0"},
				"east": {"uv": [13, 13, 13.5, 13.5], "texture": "#0"},
				"south": {"uv": [13, 13, 13.5, 13.5], "texture": "#0"},
				"west": {"uv": [13, 13, 13.5, 13.5], "texture": "#0"},
				"up": {"uv": [13, 13, 13.5, 13.5], "rotation": 270, "texture": "#0"},
				"down": {"uv": [13, 13, 13.5, 13.5], "rotation": 90, "texture": "#0"}
			}
		},
		{
			"from": [0, 2.5, 13],
			"to": [16, 3, 13.5],
			"faces": {
				"north": {"uv": [13, 13, 13.5, 13.5], "texture": "#0"},
				"east": {"uv": [13, 13, 13.5, 13.5], "texture": "#0"},
				"south": {"uv": [13, 13, 13.5, 13.5], "texture": "#0"},
				"west": {"uv": [13, 13, 13.5, 13.5], "texture": "#0"},
				"up": {"uv": [13, 13, 13.5, 13.5], "rotation": 270, "texture": "#0"},
				"down": {"uv": [13, 13, 13.5, 13.5], "rotation": 90, "texture": "#0"}
			}
		},
		{
			"from": [2.5, 0, 13],
			"to": [3, 18.5, 13.5],
			"faces": {
				"north": {"uv": [13, 13, 13.5, 13.5], "rotation": 180, "texture": "#0"},
				"east": {"uv": [13, 13, 13.5, 13.5], "rotation": 270, "texture": "#0"},
				"south": {"uv": [13, 13, 13.5, 13.5], "texture": "#0"},
				"west": {"uv": [13, 13, 13.5, 13.5], "rotation": 90, "texture": "#0"},
				"up": {"uv": [13, 13, 13.5, 13.5], "rotation": 180, "texture": "#0"},
				"down": {"uv": [13, 13, 13.5, 13.5], "texture": "#0"}
			}
		},
		{
			"from": [2.5, 0, 2.5],
			"to": [3, 18.5, 3],
			"faces": {
				"north": {"uv": [13, 13, 13.5, 13.5], "rotation": 180, "texture": "#0"},
				"east": {"uv": [13, 13, 13.5, 13.5], "rotation": 270, "texture": "#0"},
				"south": {"uv": [13, 13, 13.5, 13.5], "texture": "#0"},
				"west": {"uv": [13, 13, 13.5, 13.5], "rotation": 90, "texture": "#0"},
				"up": {"uv": [13, 13, 13.5, 13.5], "rotation": 180, "texture": "#0"},
				"down": {"uv": [13, 13, 13.5, 13.5], "texture": "#0"}
			}
		},
		{
			"from": [13, 0, 2.5],
			"to": [13.5, 18.5, 3],
			"faces": {
				"north": {"uv": [13, 13, 13.5, 13.5], "rotation": 180, "texture": "#0"},
				"east": {"uv": [13, 13, 13.5, 13.5], "rotation": 270, "texture": "#0"},
				"south": {"uv": [13, 13, 13.5, 13.5], "texture": "#0"},
				"west": {"uv": [13, 13, 13.5, 13.5], "rotation": 90, "texture": "#0"},
				"up": {"uv": [13, 13, 13.5, 13.5], "rotation": 180, "texture": "#0"},
				"down": {"uv": [13, 13, 13.5, 13.5], "texture": "#0"}
			}
		},
		{
			"from": [13, 0, 13],
			"to": [13.5, 18.5, 13.5],
			"faces": {
				"north": {"uv": [13, 13, 13.5, 13.5], "rotation": 180, "texture": "#0"},
				"east": {"uv": [13, 13, 13.5, 13.5], "rotation": 270, "texture": "#0"},
				"south": {"uv": [13, 13, 13.5, 13.5], "texture": "#0"},
				"west": {"uv": [13, 13, 13.5, 13.5], "rotation": 90, "texture": "#0"},
				"up": {"uv": [13, 13, 13.5, 13.5], "rotation": 180, "texture": "#0"},
				"down": {"uv": [13, 13, 13.5, 13.5], "texture": "#0"}
			}
		},
		{
			"from": [2.5, 18, 2],
			"to": [14, 18.5, 2.5],
			"faces": {
				"north": {"uv": [1, 14.5, 14.5, 15], "texture": "#2"},
				"east": {"uv": [1, 14.5, 1.5, 15], "texture": "#2"},
				"south": {"uv": [1, 14.5, 14.5, 15], "rotation": 180, "texture": "#2"},
				"west": {"uv": [1, 14.5, 14.5, 15], "texture": "#2"},
				"up": {"uv": [1, 14.5, 14.5, 15], "rotation": 180, "texture": "#2"},
				"down": {"uv": [1, 14.5, 14.5, 15], "rotation": 180, "texture": "#2"}
			}
		},
		{
			"from": [13.5, 18, 2.5],
			"to": [14, 18.5, 14],
			"faces": {
				"north": {"uv": [1, 1, 1.5, 15], "rotation": 180, "texture": "#2"},
				"east": {"uv": [1, 1, 1.5, 15], "rotation": 180, "texture": "#2"},
				"south": {"uv": [1, 1, 1.5, 15], "rotation": 180, "texture": "#2"},
				"west": {"uv": [1, 1, 1.5, 15], "rotation": 180, "texture": "#2"},
				"up": {"uv": [1, 1, 1.5, 14.5], "rotation": 180, "texture": "#2"},
				"down": {"uv": [1, 1, 1.5, 15], "rotation": 90, "texture": "#2"}
			}
		},
		{
			"from": [2, 18, 13.5],
			"to": [13.5, 18.5, 14],
			"faces": {
				"north": {"uv": [1, 1, 1.5, 15], "rotation": 180, "texture": "#2"},
				"east": {"uv": [1, 1, 1.5, 15], "rotation": 180, "texture": "#2"},
				"south": {"uv": [1, 1, 1.5, 15], "rotation": 180, "texture": "#2"},
				"west": {"uv": [1, 1, 1.5, 15], "rotation": 180, "texture": "#2"},
				"up": {"uv": [1, 1, 1.5, 14.5], "rotation": 270, "texture": "#2"},
				"down": {"uv": [1, 1, 1.5, 15], "texture": "#2"}
			}
		},
		{
			"from": [2, 18, 2],
			"to": [2.5, 18.5, 13.5],
			"faces": {
				"north": {"uv": [1, 1, 1.5, 15], "rotation": 180, "texture": "#2"},
				"east": {"uv": [1, 1, 1.5, 15], "rotation": 180, "texture": "#2"},
				"south": {"uv": [1, 1, 1.5, 15], "rotation": 180, "texture": "#2"},
				"west": {"uv": [1, 1, 1.5, 15], "rotation": 180, "texture": "#2"},
				"up": {"uv": [1, 1, 1.5, 14.5], "texture": "#2"},
				"down": {"uv": [1, 1, 1.5, 15], "rotation": 270, "texture": "#2"}
			}
		},
		{
			"from": [7.75, 17.75, 14],
			"to": [8.25, 18.25, 15.25],
			"rotation": {"angle": -45, "axis": "y", "origin": [8, 8, 8]},
			"faces": {
				"up": {"uv": [9, 12.5, 9.5, 13], "texture": "#2"}
			}
		},
		{
			"from": [7.75, 17.75, 0.75],
			"to": [8.25, 18.25, 2],
			"rotation": {"angle": -45, "axis": "y", "origin": [8, 8, 8]},
			"faces": {
				"up": {"uv": [9, 12.5, 9.5, 13], "texture": "#2"}
			}
		},
		{
			"from": [14, 17.75, 7.75],
			"to": [15.25, 18.25, 8.25],
			"rotation": {"angle": -45, "axis": "y", "origin": [8, 18, 8]},
			"faces": {
				"up": {"uv": [9, 12.5, 9.5, 13], "rotation": 90, "texture": "#2"}
			}
		},
		{
			"from": [0.75, 17.75, 7.75],
			"to": [2, 18.25, 8.25],
			"rotation": {"angle": -45, "axis": "y", "origin": [8, 18, 8]},
			"faces": {
				"up": {"uv": [9, 12.5, 9.5, 13], "rotation": 90, "texture": "#2"}
			}
		},
		{
			"from": [3.5, 17.7501, 3.5],
			"to": [12.5, 18.2501, 4],
			"faces": {
				"up": {"uv": [3.5, 12.5, 12.5, 13], "texture": "#2"}
			}
		},
		{
			"from": [3.5, 17.7501, 12],
			"to": [12.5, 18.2501, 12.5],
			"faces": {
				"up": {"uv": [3.5, 3, 12.5, 3.5], "texture": "#2"}
			}
		},
		{
			"from": [12, 17.76, 3.5],
			"to": [12.5, 18.26, 12.5],
			"faces": {
				"up": {"uv": [3, 3.5, 3.5, 12.5], "texture": "#2"}
			}
		},
		{
			"from": [3.5, 17.76, 3.5],
			"to": [4, 18.26, 12.5],
			"faces": {
				"up": {"uv": [3, 3.5, 3.5, 12.5], "texture": "#2"}
			}
		},
		{
			"from": [10.75, 17.74, 5.5],
			"to": [11.75, 18.24, 10.5],
			"rotation": {"angle": -45, "axis": "y", "origin": [8, 8, 8]},
			"faces": {
				"up": {"uv": [1.5, 1.5, 2, 2], "texture": "#2"}
			}
		},
		{
			"from": [10.75, 17.74, 5],
			"to": [11.25, 18.24, 11],
			"rotation": {"angle": -45, "axis": "y", "origin": [8, 8, 8]},
			"faces": {
				"up": {"uv": [1.5, 1.5, 2, 2], "texture": "#2"}
			}
		},
		{
			"from": [5.25, 17.74, 4.5],
			"to": [6.75, 18.24, 11.5],
			"rotation": {"angle": -45, "axis": "y", "origin": [8, 8, 8]},
			"faces": {
				"up": {"uv": [1.5, 1.5, 2, 2], "texture": "#2"}
			}
		},
		{
			"from": [5.75, 17.74, 4],
			"to": [6.25, 18.24, 12],
			"rotation": {"angle": -45, "axis": "y", "origin": [8, 8, 8]},
			"faces": {
				"up": {"uv": [1.5, 1.5, 2, 2], "texture": "#2"}
			}
		},
		{
			"from": [6.25, 17.74, 3.5],
			"to": [6.75, 18.24, 12.5],
			"rotation": {"angle": -45, "axis": "y", "origin": [8, 8, 8]},
			"faces": {
				"up": {"uv": [1.5, 1.5, 2, 2], "texture": "#2"}
			}
		},
		{
			"from": [3.75, 17.74, 6],
			"to": [4.25, 18.24, 10],
			"rotation": {"angle": -45, "axis": "y", "origin": [8, 8, 8]},
			"faces": {
				"up": {"uv": [1.5, 1.5, 2, 2], "texture": "#2"}
			}
		},
		{
			"from": [7.75, 14.5, 7.75],
			"to": [8.25, 16, 8.25],
			"rotation": {"angle": 45, "axis": "y", "origin": [8, 17, 8]},
			"faces": {
				"north": {"uv": [1, 14.5, 1.5, 15], "texture": "#1"},
				"east": {"uv": [1, 14.5, 1.5, 15], "texture": "#1"},
				"south": {"uv": [1, 14.5, 1.5, 15], "texture": "#1"},
				"west": {"uv": [1, 14.5, 1.5, 15], "texture": "#1"},
				"up": {"uv": [1, 14.5, 1.5, 15], "texture": "#1"},
				"down": {"uv": [1, 14.5, 1.5, 15], "texture": "#1"}
			}
		},
		{
			"from": [0.25, 3, 2.5],
			"to": [1, 13, 7],
			"faces": {
				"south": {"uv": [6.5, 3, 7.5, 13], "texture": "#0"},
				"west": {"uv": [2.5, 3, 7, 13], "texture": "#0"}
			}
		},
		{
			"from": [0.25, 3, 9],
			"to": [1, 13, 13.5],
			"faces": {
				"north": {"uv": [8.5, 3, 9.5, 13], "texture": "#0"},
				"west": {"uv": [9, 3, 13.5, 13], "texture": "#0"}
			}
		},
		{
			"from": [0.25, 9.5, 3],
			"to": [1, 13.5, 13],
			"faces": {
				"west": {"uv": [3, 2.5, 13, 6.5], "texture": "#0"},
				"down": {"uv": [2.5, 6, 13.5, 7], "rotation": 270, "texture": "#0"}
			}
		},
		{
			"from": [0.25, 2.5, 3],
			"to": [1, 6.5, 13],
			"faces": {
				"west": {"uv": [3, 9.5, 13, 13.5], "texture": "#0"},
				"up": {"uv": [3, 9, 13, 10], "rotation": 90, "texture": "#0"}
			}
		},
		{
			"from": [0.25, 6.5, 7],
			"to": [1, 7, 7.5],
			"faces": {
				"north": {"uv": [7, 9, 7.5, 9.5], "texture": "#0"},
				"east": {"uv": [7, 9, 7.5, 9.5], "texture": "#0"},
				"south": {"uv": [7, 9, 8, 9.5], "texture": "#0"},
				"west": {"uv": [7, 9, 7.5, 9.5], "texture": "#0"},
				"up": {"uv": [7, 8.5, 7.5, 9.5], "rotation": 90, "texture": "#0"},
				"down": {"uv": [7, 9, 7.5, 9.5], "texture": "#0"}
			}
		},
		{
			"from": [0.25, 6.5, 8.5],
			"to": [1, 7, 9],
			"faces": {
				"north": {"uv": [8, 9, 9, 9.5], "texture": "#0"},
				"east": {"uv": [8.5, 9, 9, 9.5], "texture": "#0"},
				"south": {"uv": [8.5, 9, 9, 9.5], "texture": "#0"},
				"west": {"uv": [8.5, 9, 9, 9.5], "texture": "#0"},
				"up": {"uv": [8.5, 8.5, 9, 9.5], "rotation": 90, "texture": "#0"},
				"down": {"uv": [8.5, 9, 9, 9.5], "texture": "#0"}
			}
		},
		{
			"from": [0.25, 9, 8.5],
			"to": [1, 9.5, 9],
			"faces": {
				"north": {"uv": [8, 6.5, 9, 7], "texture": "#0"},
				"east": {"uv": [8.5, 6.5, 9, 7], "texture": "#0"},
				"south": {"uv": [8.5, 6.5, 9, 7], "texture": "#0"},
				"west": {"uv": [8.5, 6.5, 9, 7], "texture": "#0"},
				"up": {"uv": [8.5, 6.5, 9, 7], "texture": "#0"},
				"down": {"uv": [8.5, 6.5, 9, 7.5], "rotation": 270, "texture": "#0"}
			}
		},
		{
			"from": [0.25, 9, 7],
			"to": [1, 9.5, 7.5],
			"faces": {
				"north": {"uv": [7, 6.5, 7.5, 7], "texture": "#0"},
				"east": {"uv": [7, 6.5, 7.5, 7], "texture": "#0"},
				"south": {"uv": [7, 6.5, 8, 7], "texture": "#0"},
				"west": {"uv": [7, 6.5, 7.5, 7], "texture": "#0"},
				"up": {"uv": [7, 6.5, 7.5, 7], "texture": "#0"},
				"down": {"uv": [7, 6.5, 7.5, 7.5], "rotation": 270, "texture": "#0"}
			}
		},
		{
			"from": [-0.25, 3, 2.5],
			"to": [0.75, 7.5, 6.5],
			"faces": {
				"north": {"uv": [2.5, 8.5, 3, 13], "texture": "#0"},
				"south": {"uv": [6, 8.5, 6.5, 13], "texture": "#0"},
				"west": {"uv": [2.5, 8.5, 6.5, 13], "texture": "#0"},
				"up": {"uv": [2.5, 8.5, 6.5, 9], "rotation": 90, "texture": "#0"},
				"down": {"uv": [2.5, 12.5, 6.5, 13], "rotation": 270, "texture": "#0"}
			}
		},
		{
			"from": [-0.25, 3, 9.5],
			"to": [0.75, 7.5, 13.5],
			"faces": {
				"north": {"uv": [9.5, 8.5, 10, 13], "texture": "#0"},
				"south": {"uv": [13, 8.5, 13.5, 13], "texture": "#0"},
				"west": {"uv": [9.5, 8.5, 13.5, 13], "texture": "#0"},
				"up": {"uv": [9.5, 8.5, 13.5, 9], "rotation": 90, "texture": "#0"},
				"down": {"uv": [9.5, 12.5, 13.5, 13], "rotation": 270, "texture": "#0"}
			}
		},
		{
			"from": [-0.25, 8.5, 2.5],
			"to": [0.75, 13, 6.5],
			"faces": {
				"north": {"uv": [2.5, 3, 3, 7.5], "texture": "#0"},
				"south": {"uv": [6, 3, 6.5, 7.5], "texture": "#0"},
				"west": {"uv": [2.5, 3, 6.5, 7.5], "texture": "#0"},
				"up": {"uv": [2.5, 3, 6.5, 3.5], "rotation": 90, "texture": "#0"},
				"down": {"uv": [2.5, 7, 6.5, 7.5], "rotation": 270, "texture": "#0"}
			}
		},
		{
			"from": [-0.25, 8.5, 9.5],
			"to": [0.75, 13, 13.5],
			"faces": {
				"north": {"uv": [9.5, 3, 10, 7.5], "texture": "#0"},
				"south": {"uv": [13, 3, 13.5, 7.5], "texture": "#0"},
				"west": {"uv": [9.5, 3, 13.5, 7.5], "texture": "#0"},
				"up": {"uv": [9.5, 3, 13.5, 3.5], "rotation": 90, "texture": "#0"},
				"down": {"uv": [9.5, 7, 13.5, 7.5], "rotation": 270, "texture": "#0"}
			}
		},
		{
			"from": [-0.25, 2.5, 3],
			"to": [0.75, 7, 7],
			"faces": {
				"north": {"uv": [3, 9, 3.5, 13.5], "texture": "#0"},
				"south": {"uv": [6.5, 9, 7, 13.5], "texture": "#0"},
				"west": {"uv": [3, 9, 7, 13.5], "texture": "#0"},
				"up": {"uv": [3, 9, 7, 9.5], "rotation": 90, "texture": "#0"},
				"down": {"uv": [3, 13, 7, 13.5], "rotation": 270, "texture": "#0"}
			}
		},
		{
			"from": [-0.25, 2.5, 9],
			"to": [0.75, 7, 13],
			"faces": {
				"north": {"uv": [9, 9, 9.5, 13.5], "texture": "#0"},
				"south": {"uv": [12.5, 9, 13, 13.5], "texture": "#0"},
				"west": {"uv": [9, 9, 13, 13.5], "texture": "#0"},
				"up": {"uv": [9, 9, 13, 9.5], "rotation": 90, "texture": "#0"},
				"down": {"uv": [9, 13, 13, 13.5], "rotation": 270, "texture": "#0"}
			}
		},
		{
			"from": [-0.25, 9, 3],
			"to": [0.75, 13.5, 7],
			"faces": {
				"north": {"uv": [3, 2.5, 3.5, 7], "texture": "#0"},
				"south": {"uv": [6.5, 2.5, 7, 7], "texture": "#0"},
				"west": {"uv": [3, 2.5, 7, 7], "texture": "#0"},
				"up": {"uv": [3, 2.5, 7, 3], "rotation": 90, "texture": "#0"},
				"down": {"uv": [3, 6.5, 7, 7], "rotation": 270, "texture": "#0"}
			}
		},
		{
			"from": [-0.25, 9, 9],
			"to": [0.75, 13.5, 13],
			"faces": {
				"north": {"uv": [9, 2.5, 9.5, 7], "texture": "#0"},
				"south": {"uv": [12.5, 2.5, 13, 7], "texture": "#0"},
				"west": {"uv": [9, 2.5, 13, 7], "texture": "#0"},
				"up": {"uv": [9, 2.5, 13, 3], "rotation": 90, "texture": "#0"},
				"down": {"uv": [9, 6.5, 13, 7], "rotation": 270, "texture": "#0"}
			}
		},
		{
			"from": [-0.25, 2.5, 3.5],
			"to": [0.75, 6.5, 7.5],
			"faces": {
				"north": {"uv": [3.5, 9.5, 4, 13.5], "texture": "#0"},
				"south": {"uv": [7, 9.5, 7.5, 13.5], "texture": "#0"},
				"west": {"uv": [3.5, 9.5, 7.5, 13.5], "texture": "#0"},
				"up": {"uv": [3.5, 9.5, 7.5, 10], "rotation": 90, "texture": "#0"},
				"down": {"uv": [3.5, 13, 7.5, 13.5], "rotation": 270, "texture": "#0"}
			}
		},
		{
			"from": [-0.25, 2.5, 8.5],
			"to": [0.75, 6.5, 12.5],
			"faces": {
				"north": {"uv": [8.5, 9.5, 9, 13.5], "texture": "#0"},
				"west": {"uv": [8.5, 9.5, 12.5, 13.5], "texture": "#0"},
				"up": {"uv": [8.5, 9.5, 12.5, 10], "rotation": 90, "texture": "#0"},
				"down": {"uv": [8.5, 13, 12.5, 13.5], "rotation": 270, "texture": "#0"}
			}
		},
		{
			"from": [-0.25, 9.5, 3.5],
			"to": [0.75, 13.5, 7.5],
			"faces": {
				"north": {"uv": [3.5, 2.5, 4, 6.5], "texture": "#0"},
				"south": {"uv": [7, 2.5, 7.5, 6.5], "texture": "#0"},
				"west": {"uv": [3.5, 2.5, 7.5, 6.5], "texture": "#0"},
				"up": {"uv": [3.5, 2.5, 7.5, 3], "rotation": 90, "texture": "#0"},
				"down": {"uv": [3.5, 6, 7.5, 6.5], "rotation": 270, "texture": "#0"}
			}
		},
		{
			"from": [-0.25, 9.5, 8.5],
			"to": [0.75, 13.5, 12.5],
			"faces": {
				"north": {"uv": [8.5, 2.5, 9, 6.5], "texture": "#0"},
				"south": {"uv": [12, 2.5, 12.5, 6.5], "texture": "#0"},
				"west": {"uv": [8.5, 2.5, 12.5, 6.5], "texture": "#0"},
				"up": {"uv": [8.5, 2.5, 12.5, 3], "rotation": 90, "texture": "#0"},
				"down": {"uv": [8.5, 6, 12.5, 6.5], "rotation": 270, "texture": "#0"}
			}
		},
		{
			"from": [0, 7.5, 2.5],
			"to": [1, 8.5, 3],
			"faces": {
				"south": {"uv": [2.5, 7.5, 3, 8.5], "texture": "#0"},
				"west": {"uv": [2.5, 7.5, 3, 8.5], "texture": "#0"}
			}
		},
		{
			"from": [0, 7.5, 13],
			"to": [1, 8.5, 13.5],
			"faces": {
				"north": {"uv": [13, 7.5, 13.5, 8.5], "texture": "#0"},
				"west": {"uv": [13, 7.5, 13.5, 8.5], "texture": "#0"}
			}
		},
		{
			"from": [0, 2.5, 7.5],
			"to": [0.5, 3, 8.5],
			"faces": {
				"west": {"uv": [7.5, 13, 8.5, 13.5], "texture": "#0"},
				"up": {"uv": [7.5, 13, 8.5, 13.5], "rotation": 90, "texture": "#0"}
			}
		},
		{
			"from": [0, 13, 7.5],
			"to": [0.5, 13.5, 8.5],
			"faces": {
				"west": {"uv": [7.5, 2.5, 8.5, 3], "texture": "#0"},
				"down": {"uv": [7.5, 2.5, 8.5, 3], "rotation": 270, "texture": "#0"}
			}
		},
		{
			"from": [2.5, 3, 15],
			"to": [7, 13, 15.75],
			"faces": {
				"east": {"uv": [6.5, 3, 7.5, 13], "texture": "#0"},
				"south": {"uv": [2.5, 3, 7, 13], "texture": "#0"}
			}
		},
		{
			"from": [9, 3, 15],
			"to": [13.5, 13, 15.75],
			"faces": {
				"south": {"uv": [9, 3, 13.5, 13], "texture": "#0"},
				"west": {"uv": [8.5, 3, 9.5, 13], "texture": "#0"}
			}
		},
		{
			"from": [3, 9.5, 15],
			"to": [13, 13.5, 15.75],
			"faces": {
				"south": {"uv": [3, 2.5, 13, 6.5], "texture": "#0"},
				"down": {"uv": [2.5, 6, 13.5, 7], "texture": "#0"}
			}
		},
		{
			"from": [3, 2.5, 15],
			"to": [13, 6.5, 15.75],
			"faces": {
				"south": {"uv": [3, 9.5, 13, 13.5], "texture": "#0"},
				"up": {"uv": [3, 9, 13, 10], "texture": "#0"}
			}
		},
		{
			"from": [7, 6.5, 15],
			"to": [7.5, 7, 15.75],
			"faces": {
				"north": {"uv": [7, 9, 7.5, 9.5], "texture": "#0"},
				"east": {"uv": [7, 9, 8, 9.5], "texture": "#0"},
				"south": {"uv": [7, 9, 7.5, 9.5], "texture": "#0"},
				"west": {"uv": [7, 9, 7.5, 9.5], "texture": "#0"},
				"up": {"uv": [7, 8.5, 7.5, 9.5], "texture": "#0"},
				"down": {"uv": [7, 9, 7.5, 9.5], "rotation": 90, "texture": "#0"}
			}
		},
		{
			"from": [8.5, 6.5, 15],
			"to": [9, 7, 15.75],
			"faces": {
				"north": {"uv": [8.5, 9, 9, 9.5], "texture": "#0"},
				"east": {"uv": [8.5, 9, 9, 9.5], "texture": "#0"},
				"south": {"uv": [8.5, 9, 9, 9.5], "texture": "#0"},
				"west": {"uv": [8, 9, 9, 9.5], "texture": "#0"},
				"up": {"uv": [8.5, 8.5, 9, 9.5], "texture": "#0"},
				"down": {"uv": [8.5, 9, 9, 9.5], "rotation": 90, "texture": "#0"}
			}
		},
		{
			"from": [8.5, 9, 15],
			"to": [9, 9.5, 15.75],
			"faces": {
				"north": {"uv": [8.5, 6.5, 9, 7], "texture": "#0"},
				"east": {"uv": [8.5, 6.5, 9, 7], "texture": "#0"},
				"south": {"uv": [8.5, 6.5, 9, 7], "texture": "#0"},
				"west": {"uv": [8, 6.5, 9, 7], "texture": "#0"},
				"up": {"uv": [8.5, 6.5, 9, 7], "rotation": 270, "texture": "#0"},
				"down": {"uv": [8.5, 6.5, 9, 7.5], "texture": "#0"}
			}
		},
		{
			"from": [7, 9, 15],
			"to": [7.5, 9.5, 15.75],
			"faces": {
				"north": {"uv": [7, 6.5, 7.5, 7], "texture": "#0"},
				"east": {"uv": [7, 6.5, 8, 7], "texture": "#0"},
				"south": {"uv": [7, 6.5, 7.5, 7], "texture": "#0"},
				"west": {"uv": [7, 6.5, 7.5, 7], "texture": "#0"},
				"up": {"uv": [7, 6.5, 7.5, 7], "rotation": 270, "texture": "#0"},
				"down": {"uv": [7, 6.5, 7.5, 7.5], "texture": "#0"}
			}
		},
		{
			"from": [2.5, 3, 15.25],
			"to": [6.5, 7.5, 16.25],
			"faces": {
				"east": {"uv": [6, 8.5, 6.5, 13], "texture": "#0"},
				"south": {"uv": [2.5, 8.5, 6.5, 13], "texture": "#0"},
				"west": {"uv": [2.5, 8.5, 3, 13], "texture": "#0"},
				"up": {"uv": [2.5, 8.5, 6.5, 9], "texture": "#0"},
				"down": {"uv": [2.5, 12.5, 6.5, 13], "texture": "#0"}
			}
		},
		{
			"from": [9.5, 3, 15.25],
			"to": [13.5, 7.5, 16.25],
			"faces": {
				"east": {"uv": [13, 8.5, 13.5, 13], "texture": "#0"},
				"south": {"uv": [9.5, 8.5, 13.5, 13], "texture": "#0"},
				"west": {"uv": [9.5, 8.5, 10, 13], "texture": "#0"},
				"up": {"uv": [9.5, 8.5, 13.5, 9], "texture": "#0"},
				"down": {"uv": [9.5, 12.5, 13.5, 13], "texture": "#0"}
			}
		},
		{
			"from": [2.5, 8.5, 15.25],
			"to": [6.5, 13, 16.25],
			"faces": {
				"east": {"uv": [6, 3, 6.5, 7.5], "texture": "#0"},
				"south": {"uv": [2.5, 3, 6.5, 7.5], "texture": "#0"},
				"west": {"uv": [2.5, 3, 3, 7.5], "texture": "#0"},
				"up": {"uv": [2.5, 3, 6.5, 3.5], "texture": "#0"},
				"down": {"uv": [2.5, 7, 6.5, 7.5], "texture": "#0"}
			}
		},
		{
			"from": [9.5, 8.5, 15.25],
			"to": [13.5, 13, 16.25],
			"faces": {
				"east": {"uv": [13, 3, 13.5, 7.5], "texture": "#0"},
				"south": {"uv": [9.5, 3, 13.5, 7.5], "texture": "#0"},
				"west": {"uv": [9.5, 3, 10, 7.5], "texture": "#0"},
				"up": {"uv": [9.5, 3, 13.5, 3.5], "texture": "#0"},
				"down": {"uv": [9.5, 7, 13.5, 7.5], "texture": "#0"}
			}
		},
		{
			"from": [3, 2.5, 15.25],
			"to": [7, 7, 16.25],
			"faces": {
				"east": {"uv": [6.5, 9, 7, 13.5], "texture": "#0"},
				"south": {"uv": [3, 9, 7, 13.5], "texture": "#0"},
				"west": {"uv": [3, 9, 3.5, 13.5], "texture": "#0"},
				"up": {"uv": [3, 9, 7, 9.5], "texture": "#0"},
				"down": {"uv": [3, 13, 7, 13.5], "texture": "#0"}
			}
		},
		{
			"from": [9, 2.5, 15.25],
			"to": [13, 7, 16.25],
			"faces": {
				"east": {"uv": [12.5, 9, 13, 13.5], "texture": "#0"},
				"south": {"uv": [9, 9, 13, 13.5], "texture": "#0"},
				"west": {"uv": [9, 9, 9.5, 13.5], "texture": "#0"},
				"up": {"uv": [9, 9, 13, 9.5], "texture": "#0"},
				"down": {"uv": [9, 13, 13, 13.5], "texture": "#0"}
			}
		},
		{
			"from": [3, 9, 15.25],
			"to": [7, 13.5, 16.25],
			"faces": {
				"east": {"uv": [6.5, 2.5, 7, 7], "texture": "#0"},
				"south": {"uv": [3, 2.5, 7, 7], "texture": "#0"},
				"west": {"uv": [3, 2.5, 3.5, 7], "texture": "#0"},
				"up": {"uv": [3, 2.5, 7, 3], "texture": "#0"},
				"down": {"uv": [3, 6.5, 7, 7], "texture": "#0"}
			}
		},
		{
			"from": [9, 9, 15.25],
			"to": [13, 13.5, 16.25],
			"faces": {
				"east": {"uv": [12.5, 2.5, 13, 7], "texture": "#0"},
				"south": {"uv": [9, 2.5, 13, 7], "texture": "#0"},
				"west": {"uv": [9, 2.5, 9.5, 7], "texture": "#0"},
				"up": {"uv": [9, 2.5, 13, 3], "texture": "#0"},
				"down": {"uv": [9, 6.5, 13, 7], "texture": "#0"}
			}
		},
		{
			"from": [3.5, 2.5, 15.25],
			"to": [7.5, 6.5, 16.25],
			"faces": {
				"east": {"uv": [7, 9.5, 7.5, 13.5], "texture": "#0"},
				"south": {"uv": [3.5, 9.5, 7.5, 13.5], "texture": "#0"},
				"west": {"uv": [3.5, 9.5, 4, 13.5], "texture": "#0"},
				"up": {"uv": [3.5, 9.5, 7.5, 10], "texture": "#0"},
				"down": {"uv": [3.5, 13, 7.5, 13.5], "texture": "#0"}
			}
		},
		{
			"from": [8.5, 2.5, 15.25],
			"to": [12.5, 6.5, 16.25],
			"faces": {
				"south": {"uv": [8.5, 9.5, 12.5, 13.5], "texture": "#0"},
				"west": {"uv": [8.5, 9.5, 9, 13.5], "texture": "#0"},
				"up": {"uv": [8.5, 9.5, 12.5, 10], "texture": "#0"},
				"down": {"uv": [8.5, 13, 12.5, 13.5], "texture": "#0"}
			}
		},
		{
			"from": [3.5, 9.5, 15.25],
			"to": [7.5, 13.5, 16.25],
			"faces": {
				"east": {"uv": [7, 2.5, 7.5, 6.5], "texture": "#0"},
				"south": {"uv": [3.5, 2.5, 7.5, 6.5], "texture": "#0"},
				"west": {"uv": [3.5, 2.5, 4, 6.5], "texture": "#0"},
				"up": {"uv": [3.5, 2.5, 7.5, 3], "texture": "#0"},
				"down": {"uv": [3.5, 6, 7.5, 6.5], "texture": "#0"}
			}
		},
		{
			"from": [8.5, 9.5, 15.25],
			"to": [12.5, 13.5, 16.25],
			"faces": {
				"east": {"uv": [12, 2.5, 12.5, 6.5], "texture": "#0"},
				"south": {"uv": [8.5, 2.5, 12.5, 6.5], "texture": "#0"},
				"west": {"uv": [8.5, 2.5, 9, 6.5], "texture": "#0"},
				"up": {"uv": [8.5, 2.5, 12.5, 3], "texture": "#0"},
				"down": {"uv": [8.5, 6, 12.5, 6.5], "texture": "#0"}
			}
		},
		{
			"from": [2.5, 7.5, 15],
			"to": [3, 8.5, 16],
			"faces": {
				"east": {"uv": [2.5, 7.5, 3, 8.5], "texture": "#0"},
				"south": {"uv": [2.5, 7.5, 3, 8.5], "texture": "#0"}
			}
		},
		{
			"from": [13, 7.5, 15],
			"to": [13.5, 8.5, 16],
			"faces": {
				"south": {"uv": [13, 7.5, 13.5, 8.5], "texture": "#0"},
				"west": {"uv": [13, 7.5, 13.5, 8.5], "texture": "#0"}
			}
		},
		{
			"from": [7.5, 2.5, 15.5],
			"to": [8.5, 3, 16],
			"faces": {
				"south": {"uv": [7.5, 13, 8.5, 13.5], "texture": "#0"},
				"up": {"uv": [7.5, 13, 8.5, 13.5], "texture": "#0"}
			}
		},
		{
			"from": [7.5, 13, 15.5],
			"to": [8.5, 13.5, 16],
			"faces": {
				"south": {"uv": [7.5, 2.5, 8.5, 3], "texture": "#0"},
				"down": {"uv": [7.5, 2.5, 8.5, 3], "texture": "#0"}
			}
		},
		{
			"from": [15, 3, 9],
			"to": [15.75, 13, 13.5],
			"faces": {
				"north": {"uv": [6.5, 3, 7.5, 13], "texture": "#0"},
				"east": {"uv": [2.5, 3, 7, 13], "texture": "#0"}
			}
		},
		{
			"from": [15, 3, 2.5],
			"to": [15.75, 13, 7],
			"faces": {
				"east": {"uv": [9, 3, 13.5, 13], "texture": "#0"},
				"south": {"uv": [8.5, 3, 9.5, 13], "texture": "#0"}
			}
		},
		{
			"from": [15, 9.5, 3],
			"to": [15.75, 13.5, 13],
			"faces": {
				"east": {"uv": [3, 2.5, 13, 6.5], "texture": "#0"},
				"down": {"uv": [2.5, 6, 13.5, 7], "rotation": 90, "texture": "#0"}
			}
		},
		{
			"from": [15, 2.5, 3],
			"to": [15.75, 6.5, 13],
			"faces": {
				"east": {"uv": [3, 9.5, 13, 13.5], "texture": "#0"},
				"up": {"uv": [3, 9, 13, 10], "rotation": 270, "texture": "#0"}
			}
		},
		{
			"from": [15, 6.5, 8.5],
			"to": [15.75, 7, 9],
			"faces": {
				"north": {"uv": [7, 9, 8, 9.5], "texture": "#0"},
				"east": {"uv": [7, 9, 7.5, 9.5], "texture": "#0"},
				"south": {"uv": [7, 9, 7.5, 9.5], "texture": "#0"},
				"west": {"uv": [7, 9, 7.5, 9.5], "texture": "#0"},
				"up": {"uv": [7, 8.5, 7.5, 9.5], "rotation": 270, "texture": "#0"},
				"down": {"uv": [7, 9, 7.5, 9.5], "rotation": 180, "texture": "#0"}
			}
		},
		{
			"from": [15, 6.5, 7],
			"to": [15.75, 7, 7.5],
			"faces": {
				"north": {"uv": [8.5, 9, 9, 9.5], "texture": "#0"},
				"east": {"uv": [8.5, 9, 9, 9.5], "texture": "#0"},
				"south": {"uv": [8, 9, 9, 9.5], "texture": "#0"},
				"west": {"uv": [8.5, 9, 9, 9.5], "texture": "#0"},
				"up": {"uv": [8.5, 8.5, 9, 9.5], "rotation": 270, "texture": "#0"},
				"down": {"uv": [8.5, 9, 9, 9.5], "rotation": 180, "texture": "#0"}
			}
		},
		{
			"from": [15, 9, 7],
			"to": [15.75, 9.5, 7.5],
			"faces": {
				"north": {"uv": [8.5, 6.5, 9, 7], "texture": "#0"},
				"east": {"uv": [8.5, 6.5, 9, 7], "texture": "#0"},
				"south": {"uv": [8, 6.5, 9, 7], "texture": "#0"},
				"west": {"uv": [8.5, 6.5, 9, 7], "texture": "#0"},
				"up": {"uv": [8.5, 6.5, 9, 7], "rotation": 180, "texture": "#0"},
				"down": {"uv": [8.5, 6.5, 9, 7.5], "rotation": 90, "texture": "#0"}
			}
		},
		{
			"from": [15, 9, 8.5],
			"to": [15.75, 9.5, 9],
			"faces": {
				"north": {"uv": [7, 6.5, 8, 7], "texture": "#0"},
				"east": {"uv": [7, 6.5, 7.5, 7], "texture": "#0"},
				"south": {"uv": [7, 6.5, 7.5, 7], "texture": "#0"},
				"west": {"uv": [7, 6.5, 7.5, 7], "texture": "#0"},
				"up": {"uv": [7, 6.5, 7.5, 7], "rotation": 180, "texture": "#0"},
				"down": {"uv": [7, 6.5, 7.5, 7.5], "rotation": 90, "texture": "#0"}
			}
		},
		{
			"from": [15.25, 3, 9.5],
			"to": [16.25, 7.5, 13.5],
			"faces": {
				"north": {"uv": [6, 8.5, 6.5, 13], "texture": "#0"},
				"east": {"uv": [2.5, 8.5, 6.5, 13], "texture": "#0"},
				"south": {"uv": [2.5, 8.5, 3, 13], "texture": "#0"},
				"up": {"uv": [2.5, 8.5, 6.5, 9], "rotation": 270, "texture": "#0"},
				"down": {"uv": [2.5, 12.5, 6.5, 13], "rotation": 90, "texture": "#0"}
			}
		},
		{
			"from": [15.25, 3, 2.5],
			"to": [16.25, 7.5, 6.5],
			"faces": {
				"north": {"uv": [13, 8.5, 13.5, 13], "texture": "#0"},
				"east": {"uv": [9.5, 8.5, 13.5, 13], "texture": "#0"},
				"south": {"uv": [9.5, 8.5, 10, 13], "texture": "#0"},
				"up": {"uv": [9.5, 8.5, 13.5, 9], "rotation": 270, "texture": "#0"},
				"down": {"uv": [9.5, 12.5, 13.5, 13], "rotation": 90, "texture": "#0"}
			}
		},
		{
			"from": [15.25, 8.5, 9.5],
			"to": [16.25, 13, 13.5],
			"faces": {
				"north": {"uv": [6, 3, 6.5, 7.5], "texture": "#0"},
				"east": {"uv": [2.5, 3, 6.5, 7.5], "texture": "#0"},
				"south": {"uv": [2.5, 3, 3, 7.5], "texture": "#0"},
				"up": {"uv": [2.5, 3, 6.5, 3.5], "rotation": 270, "texture": "#0"},
				"down": {"uv": [2.5, 7, 6.5, 7.5], "rotation": 90, "texture": "#0"}
			}
		},
		{
			"from": [15.25, 8.5, 2.5],
			"to": [16.25, 13, 6.5],
			"faces": {
				"north": {"uv": [13, 3, 13.5, 7.5], "texture": "#0"},
				"east": {"uv": [9.5, 3, 13.5, 7.5], "texture": "#0"},
				"south": {"uv": [9.5, 3, 10, 7.5], "texture": "#0"},
				"up": {"uv": [9.5, 3, 13.5, 3.5], "rotation": 270, "texture": "#0"},
				"down": {"uv": [9.5, 7, 13.5, 7.5], "rotation": 90, "texture": "#0"}
			}
		},
		{
			"from": [15.25, 2.5, 9],
			"to": [16.25, 7, 13],
			"faces": {
				"north": {"uv": [6.5, 9, 7, 13.5], "texture": "#0"},
				"east": {"uv": [3, 9, 7, 13.5], "texture": "#0"},
				"south": {"uv": [3, 9, 3.5, 13.5], "texture": "#0"},
				"up": {"uv": [3, 9, 7, 9.5], "rotation": 270, "texture": "#0"},
				"down": {"uv": [3, 13, 7, 13.5], "rotation": 90, "texture": "#0"}
			}
		},
		{
			"from": [15.25, 2.5, 3],
			"to": [16.25, 7, 7],
			"faces": {
				"north": {"uv": [12.5, 9, 13, 13.5], "texture": "#0"},
				"east": {"uv": [9, 9, 13, 13.5], "texture": "#0"},
				"south": {"uv": [9, 9, 9.5, 13.5], "texture": "#0"},
				"up": {"uv": [9, 9, 13, 9.5], "rotation": 270, "texture": "#0"},
				"down": {"uv": [9, 13, 13, 13.5], "rotation": 90, "texture": "#0"}
			}
		},
		{
			"from": [15.25, 9, 9],
			"to": [16.25, 13.5, 13],
			"faces": {
				"north": {"uv": [6.5, 2.5, 7, 7], "texture": "#0"},
				"east": {"uv": [3, 2.5, 7, 7], "texture": "#0"},
				"south": {"uv": [3, 2.5, 3.5, 7], "texture": "#0"},
				"up": {"uv": [3, 2.5, 7, 3], "rotation": 270, "texture": "#0"},
				"down": {"uv": [3, 6.5, 7, 7], "rotation": 90, "texture": "#0"}
			}
		},
		{
			"from": [15.25, 9, 3],
			"to": [16.25, 13.5, 7],
			"faces": {
				"north": {"uv": [12.5, 2.5, 13, 7], "texture": "#0"},
				"east": {"uv": [9, 2.5, 13, 7], "texture": "#0"},
				"south": {"uv": [9, 2.5, 9.5, 7], "texture": "#0"},
				"up": {"uv": [9, 2.5, 13, 3], "rotation": 270, "texture": "#0"},
				"down": {"uv": [9, 6.5, 13, 7], "rotation": 90, "texture": "#0"}
			}
		},
		{
			"from": [15.25, 2.5, 8.5],
			"to": [16.25, 6.5, 12.5],
			"faces": {
				"north": {"uv": [7, 9.5, 7.5, 13.5], "texture": "#0"},
				"east": {"uv": [3.5, 9.5, 7.5, 13.5], "texture": "#0"},
				"south": {"uv": [3.5, 9.5, 4, 13.5], "texture": "#0"},
				"up": {"uv": [3.5, 9.5, 7.5, 10], "rotation": 270, "texture": "#0"},
				"down": {"uv": [3.5, 13, 7.5, 13.5], "rotation": 90, "texture": "#0"}
			}
		},
		{
			"from": [15.25, 2.5, 3.5],
			"to": [16.25, 6.5, 7.5],
			"faces": {
				"east": {"uv": [8.5, 9.5, 12.5, 13.5], "texture": "#0"},
				"south": {"uv": [8.5, 9.5, 9, 13.5], "texture": "#0"},
				"up": {"uv": [8.5, 9.5, 12.5, 10], "rotation": 270, "texture": "#0"},
				"down": {"uv": [8.5, 13, 12.5, 13.5], "rotation": 90, "texture": "#0"}
			}
		},
		{
			"from": [15.25, 9.5, 8.5],
			"to": [16.25, 13.5, 12.5],
			"faces": {
				"north": {"uv": [7, 2.5, 7.5, 6.5], "texture": "#0"},
				"east": {"uv": [3.5, 2.5, 7.5, 6.5], "texture": "#0"},
				"south": {"uv": [3.5, 2.5, 4, 6.5], "texture": "#0"},
				"up": {"uv": [3.5, 2.5, 7.5, 3], "rotation": 270, "texture": "#0"},
				"down": {"uv": [3.5, 6, 7.5, 6.5], "rotation": 90, "texture": "#0"}
			}
		},
		{
			"from": [15.25, 9.5, 3.5],
			"to": [16.25, 13.5, 7.5],
			"faces": {
				"north": {"uv": [12, 2.5, 12.5, 6.5], "texture": "#0"},
				"east": {"uv": [8.5, 2.5, 12.5, 6.5], "texture": "#0"},
				"south": {"uv": [8.5, 2.5, 9, 6.5], "texture": "#0"},
				"up": {"uv": [8.5, 2.5, 12.5, 3], "rotation": 270, "texture": "#0"},
				"down": {"uv": [8.5, 6, 12.5, 6.5], "rotation": 90, "texture": "#0"}
			}
		},
		{
			"from": [15, 7.5, 13],
			"to": [16, 8.5, 13.5],
			"faces": {
				"north": {"uv": [2.5, 7.5, 3, 8.5], "texture": "#0"},
				"east": {"uv": [2.5, 7.5, 3, 8.5], "texture": "#0"}
			}
		},
		{
			"from": [15, 7.5, 2.5],
			"to": [16, 8.5, 3],
			"faces": {
				"east": {"uv": [13, 7.5, 13.5, 8.5], "texture": "#0"},
				"south": {"uv": [13, 7.5, 13.5, 8.5], "texture": "#0"}
			}
		},
		{
			"from": [15.5, 2.5, 7.5],
			"to": [16, 3, 8.5],
			"faces": {
				"east": {"uv": [7.5, 13, 8.5, 13.5], "texture": "#0"},
				"up": {"uv": [7.5, 13, 8.5, 13.5], "rotation": 270, "texture": "#0"}
			}
		},
		{
			"from": [15.5, 13, 7.5],
			"to": [16, 13.5, 8.5],
			"faces": {
				"east": {"uv": [7.5, 2.5, 8.5, 3], "texture": "#0"},
				"down": {"uv": [7.5, 2.5, 8.5, 3], "rotation": 90, "texture": "#0"}
			}
		},
		{
			"from": [9, 3, 0.25],
			"to": [13.5, 13, 1],
			"faces": {
				"north": {"uv": [2.5, 3, 7, 13], "texture": "#0"},
				"west": {"uv": [6.5, 3, 7.5, 13], "texture": "#0"}
			}
		},
		{
			"from": [2.5, 3, 0.25],
			"to": [7, 13, 1],
			"faces": {
				"north": {"uv": [9, 3, 13.5, 13], "texture": "#0"},
				"east": {"uv": [8.5, 3, 9.5, 13], "texture": "#0"}
			}
		},
		{
			"from": [3, 9.5, 0.25],
			"to": [13, 13.5, 1],
			"faces": {
				"north": {"uv": [3, 2.5, 13, 6.5], "texture": "#0"},
				"down": {"uv": [2.5, 6, 13.5, 7], "rotation": 180, "texture": "#0"}
			}
		},
		{
			"from": [3, 2.5, 0.25],
			"to": [13, 6.5, 1],
			"faces": {
				"north": {"uv": [3, 9.5, 13, 13.5], "texture": "#0"},
				"up": {"uv": [3, 9, 13, 10], "rotation": 180, "texture": "#0"}
			}
		},
		{
			"from": [8.5, 6.5, 0.25],
			"to": [9, 7, 1],
			"faces": {
				"north": {"uv": [7, 9, 7.5, 9.5], "texture": "#0"},
				"east": {"uv": [7, 9, 7.5, 9.5], "texture": "#0"},
				"south": {"uv": [7, 9, 7.5, 9.5], "texture": "#0"},
				"west": {"uv": [7, 9, 8, 9.5], "texture": "#0"},
				"up": {"uv": [7, 8.5, 7.5, 9.5], "rotation": 180, "texture": "#0"},
				"down": {"uv": [7, 9, 7.5, 9.5], "rotation": 270, "texture": "#0"}
			}
		},
		{
			"from": [7, 6.5, 0.25],
			"to": [7.5, 7, 1],
			"faces": {
				"north": {"uv": [8.5, 9, 9, 9.5], "texture": "#0"},
				"east": {"uv": [8, 9, 9, 9.5], "texture": "#0"},
				"south": {"uv": [8.5, 9, 9, 9.5], "texture": "#0"},
				"west": {"uv": [8.5, 9, 9, 9.5], "texture": "#0"},
				"up": {"uv": [8.5, 8.5, 9, 9.5], "rotation": 180, "texture": "#0"},
				"down": {"uv": [8.5, 9, 9, 9.5], "rotation": 270, "texture": "#0"}
			}
		},
		{
			"from": [7, 9, 0.25],
			"to": [7.5, 9.5, 1],
			"faces": {
				"north": {"uv": [8.5, 6.5, 9, 7], "texture": "#0"},
				"east": {"uv": [8, 6.5, 9, 7], "texture": "#0"},
				"south": {"uv": [8.5, 6.5, 9, 7], "texture": "#0"},
				"west": {"uv": [8.5, 6.5, 9, 7], "texture": "#0"},
				"up": {"uv": [8.5, 6.5, 9, 7], "rotation": 90, "texture": "#0"},
				"down": {"uv": [8.5, 6.5, 9, 7.5], "rotation": 180, "texture": "#0"}
			}
		},
		{
			"from": [8.5, 9, 0.25],
			"to": [9, 9.5, 1],
			"faces": {
				"north": {"uv": [7, 6.5, 7.5, 7], "texture": "#0"},
				"east": {"uv": [7, 6.5, 7.5, 7], "texture": "#0"},
				"south": {"uv": [7, 6.5, 7.5, 7], "texture": "#0"},
				"west": {"uv": [7, 6.5, 8, 7], "texture": "#0"},
				"up": {"uv": [7, 6.5, 7.5, 7], "rotation": 90, "texture": "#0"},
				"down": {"uv": [7, 6.5, 7.5, 7.5], "rotation": 180, "texture": "#0"}
			}
		},
		{
			"from": [9.5, 3, -0.25],
			"to": [13.5, 7.5, 0.75],
			"faces": {
				"north": {"uv": [2.5, 8.5, 6.5, 13], "texture": "#0"},
				"east": {"uv": [2.5, 8.5, 3, 13], "texture": "#0"},
				"west": {"uv": [6, 8.5, 6.5, 13], "texture": "#0"},
				"up": {"uv": [2.5, 8.5, 6.5, 9], "rotation": 180, "texture": "#0"},
				"down": {"uv": [2.5, 12.5, 6.5, 13], "rotation": 180, "texture": "#0"}
			}
		},
		{
			"from": [2.5, 3, -0.25],
			"to": [6.5, 7.5, 0.75],
			"faces": {
				"north": {"uv": [9.5, 8.5, 13.5, 13], "texture": "#0"},
				"east": {"uv": [9.5, 8.5, 10, 13], "texture": "#0"},
				"west": {"uv": [13, 8.5, 13.5, 13], "texture": "#0"},
				"up": {"uv": [9.5, 8.5, 13.5, 9], "rotation": 180, "texture": "#0"},
				"down": {"uv": [9.5, 12.5, 13.5, 13], "rotation": 180, "texture": "#0"}
			}
		},
		{
			"from": [9.5, 8.5, -0.25],
			"to": [13.5, 13, 0.75],
			"faces": {
				"north": {"uv": [2.5, 3, 6.5, 7.5], "texture": "#0"},
				"east": {"uv": [2.5, 3, 3, 7.5], "texture": "#0"},
				"west": {"uv": [6, 3, 6.5, 7.5], "texture": "#0"},
				"up": {"uv": [2.5, 3, 6.5, 3.5], "rotation": 180, "texture": "#0"},
				"down": {"uv": [2.5, 7, 6.5, 7.5], "rotation": 180, "texture": "#0"}
			}
		},
		{
			"from": [2.5, 8.5, -0.25],
			"to": [6.5, 13, 0.75],
			"faces": {
				"north": {"uv": [9.5, 3, 13.5, 7.5], "texture": "#0"},
				"east": {"uv": [9.5, 3, 10, 7.5], "texture": "#0"},
				"west": {"uv": [13, 3, 13.5, 7.5], "texture": "#0"},
				"up": {"uv": [9.5, 3, 13.5, 3.5], "rotation": 180, "texture": "#0"},
				"down": {"uv": [9.5, 7, 13.5, 7.5], "rotation": 180, "texture": "#0"}
			}
		},
		{
			"from": [9, 2.5, -0.25],
			"to": [13, 7, 0.75],
			"faces": {
				"north": {"uv": [3, 9, 7, 13.5], "texture": "#0"},
				"east": {"uv": [3, 9, 3.5, 13.5], "texture": "#0"},
				"west": {"uv": [6.5, 9, 7, 13.5], "texture": "#0"},
				"up": {"uv": [3, 9, 7, 9.5], "rotation": 180, "texture": "#0"},
				"down": {"uv": [3, 13, 7, 13.5], "rotation": 180, "texture": "#0"}
			}
		},
		{
			"from": [3, 2.5, -0.25],
			"to": [7, 7, 0.75],
			"faces": {
				"north": {"uv": [9, 9, 13, 13.5], "texture": "#0"},
				"east": {"uv": [9, 9, 9.5, 13.5], "texture": "#0"},
				"west": {"uv": [12.5, 9, 13, 13.5], "texture": "#0"},
				"up": {"uv": [9, 9, 13, 9.5], "rotation": 180, "texture": "#0"},
				"down": {"uv": [9, 13, 13, 13.5], "rotation": 180, "texture": "#0"}
			}
		},
		{
			"from": [9, 9, -0.25],
			"to": [13, 13.5, 0.75],
			"faces": {
				"north": {"uv": [3, 2.5, 7, 7], "texture": "#0"},
				"east": {"uv": [3, 2.5, 3.5, 7], "texture": "#0"},
				"west": {"uv": [6.5, 2.5, 7, 7], "texture": "#0"},
				"up": {"uv": [3, 2.5, 7, 3], "rotation": 180, "texture": "#0"},
				"down": {"uv": [3, 6.5, 7, 7], "rotation": 180, "texture": "#0"}
			}
		},
		{
			"from": [3, 9, -0.25],
			"to": [7, 13.5, 0.75],
			"faces": {
				"north": {"uv": [9, 2.5, 13, 7], "texture": "#0"},
				"east": {"uv": [9, 2.5, 9.5, 7], "texture": "#0"},
				"west": {"uv": [12.5, 2.5, 13, 7], "texture": "#0"},
				"up": {"uv": [9, 2.5, 13, 3], "rotation": 180, "texture": "#0"},
				"down": {"uv": [9, 6.5, 13, 7], "rotation": 180, "texture": "#0"}
			}
		},
		{
			"from": [8.5, 2.5, -0.25],
			"to": [12.5, 6.5, 0.75],
			"faces": {
				"north": {"uv": [3.5, 9.5, 7.5, 13.5], "texture": "#0"},
				"east": {"uv": [3.5, 9.5, 4, 13.5], "texture": "#0"},
				"west": {"uv": [7, 9.5, 7.5, 13.5], "texture": "#0"},
				"up": {"uv": [3.5, 9.5, 7.5, 10], "rotation": 180, "texture": "#0"},
				"down": {"uv": [3.5, 13, 7.5, 13.5], "rotation": 180, "texture": "#0"}
			}
		},
		{
			"from": [3.5, 2.5, -0.25],
			"to": [7.5, 6.5, 0.75],
			"faces": {
				"north": {"uv": [8.5, 9.5, 12.5, 13.5], "texture": "#0"},
				"east": {"uv": [8.5, 9.5, 9, 13.5], "texture": "#0"},
				"up": {"uv": [8.5, 9.5, 12.5, 10], "rotation": 180, "texture": "#0"},
				"down": {"uv": [8.5, 13, 12.5, 13.5], "rotation": 180, "texture": "#0"}
			}
		},
		{
			"from": [8.5, 9.5, -0.25],
			"to": [12.5, 13.5, 0.75],
			"faces": {
				"north": {"uv": [3.5, 2.5, 7.5, 6.5], "texture": "#0"},
				"east": {"uv": [3.5, 2.5, 4, 6.5], "texture": "#0"},
				"west": {"uv": [7, 2.5, 7.5, 6.5], "texture": "#0"},
				"up": {"uv": [3.5, 2.5, 7.5, 3], "rotation": 180, "texture": "#0"},
				"down": {"uv": [3.5, 6, 7.5, 6.5], "rotation": 180, "texture": "#0"}
			}
		},
		{
			"from": [3.5, 9.5, -0.25],
			"to": [7.5, 13.5, 0.75],
			"faces": {
				"north": {"uv": [8.5, 2.5, 12.5, 6.5], "texture": "#0"},
				"east": {"uv": [8.5, 2.5, 9, 6.5], "texture": "#0"},
				"west": {"uv": [12, 2.5, 12.5, 6.5], "texture": "#0"},
				"up": {"uv": [8.5, 2.5, 12.5, 3], "rotation": 180, "texture": "#0"},
				"down": {"uv": [8.5, 6, 12.5, 6.5], "rotation": 180, "texture": "#0"}
			}
		},
		{
			"from": [13, 7.5, 0],
			"to": [13.5, 8.5, 1],
			"faces": {
				"north": {"uv": [2.5, 7.5, 3, 8.5], "texture": "#0"},
				"west": {"uv": [2.5, 7.5, 3, 8.5], "texture": "#0"}
			}
		},
		{
			"from": [2.5, 7.5, 0],
			"to": [3, 8.5, 1],
			"faces": {
				"north": {"uv": [13, 7.5, 13.5, 8.5], "texture": "#0"},
				"east": {"uv": [13, 7.5, 13.5, 8.5], "texture": "#0"}
			}
		},
		{
			"from": [7.5, 2.5, 0],
			"to": [8.5, 3, 0.5],
			"faces": {
				"north": {"uv": [7.5, 13, 8.5, 13.5], "texture": "#0"},
				"up": {"uv": [7.5, 13, 8.5, 13.5], "rotation": 180, "texture": "#0"}
			}
		},
		{
			"from": [7.5, 13, 0],
			"to": [8.5, 13.5, 0.5],
			"faces": {
				"north": {"uv": [7.5, 2.5, 8.5, 3], "texture": "#0"},
				"down": {"uv": [7.5, 2.5, 8.5, 3], "rotation": 180, "texture": "#0"}
			}
		}
	],
	"display": {
		"thirdperson_righthand": {
			"scale": [0.4, 0.4, 0.4]
		},
		"thirdperson_lefthand": {
			"scale": [0.4, 0.4, 0.4]
		},
		"firstperson_righthand": {
			"rotation": [0, 45, 0],
			"scale": [0.4, 0.4, 0.4]
		},
		"firstperson_lefthand": {
			"rotation": [0, 45, 0],
			"scale": [0.4, 0.4, 0.4]
		},
		"ground": {
			"translation": [0, -1, 0],
			"scale": [0.3, 0.3, 0.3]
		},
		"gui": {
			"rotation": [30, 45, 0],
			"scale": [0.6, 0.6, 0.6]
		},
		"head": {
			"scale": [1.1, 1.1, 1.1]
		},
		"fixed": {
			"scale": [0.6, 0.6, 0.6]
		}
	},
	"groups": [0, 1, 2, 3, 4, 5, 6, 7, 8, 9, 10, 11, 12, 13, 14, 15, 16, 17, 18, 19, 20, 21, 22, 23, 24, 25, 26, 27, 28, 29, 30, 31, 32, 33, 34, 35, 36, 37, 38, 39, 40, 41, 42, 43,
		{
			"name": "group",
			"origin": [8, 8, 8],
			"children": [44, 45, 46, 47, 48, 49, 50, 51,
				{
					"name": "group",
					"origin": [8, 8, 8],
					"children": [52, 53, 54, 55, 56, 57, 58, 59, 60, 61, 62, 63,
						{
							"name": "group",
							"origin": [8, 8, 8],
							"children": [64, 65, 66, 67]
						}
					]
				}
			]
		},
		{
			"name": "group",
			"origin": [8, 8, 8],
			"children": [68, 69, 70, 71, 72, 73, 74, 75,
				{
					"name": "group",
					"origin": [8, 8, 8],
					"children": [76, 77, 78, 79, 80, 81, 82, 83, 84, 85, 86, 87,
						{
							"name": "group",
							"origin": [8, 8, 8],
							"children": [88, 89, 90, 91]
						}
					]
				}
			]
		},
		{
			"name": "group",
			"origin": [8, 8, 8],
			"children": [92, 93, 94, 95, 96, 97, 98, 99,
				{
					"name": "group",
					"origin": [8, 8, 8],
					"children": [100, 101, 102, 103, 104, 105, 106, 107, 108, 109, 110, 111,
						{
							"name": "group",
							"origin": [8, 8, 8],
							"children": [112, 113, 114, 115]
						}
					]
				}
			]
		},
		{
			"name": "group",
			"origin": [8, 8, 8],
			"children": [116, 117, 118, 119, 120, 121, 122, 123,
				{
					"name": "group",
					"origin": [8, 8, 8],
					"children": [124, 125, 126, 127, 128, 129, 130, 131, 132, 133, 134, 135,
						{
							"name": "group",
							"origin": [8, 8, 8],
							"children": [136, 137, 138, 139]
						}
					]
				}
			]
		}
	]
}