{
	"credit": "Made by SyndiShanX",
	"parent": "item/door",
	"ambientocclusion": false,
	"textures": {
		"top": "block/doors/mangrove_door_top",
		"bottom": "block/doors/mangrove_door_bottom",
		"sides": "block/doors/mangrove_door_sides"
	},
	"elements": [
		{
			"name": "Door Top Plank",
			"from": [1, 16, 12],
			"to": [4, 32, 16],
			"faces": {
				"north": {"uv": [12, 0, 12.5, 16], "texture": "#top"},
				"east": {"uv": [16, 0, 12, 16], "texture": "#top"},
				"south": {"uv": [6, 0, 9, 16], "texture": "#sides", "cullface": "south"},
				"west": {"uv": [12, 0, 16, 16], "texture": "#top"},
				"up": {"uv": [0, 12, 3, 16], "texture": "#sides", "cullface": "up"}
			}
		},
		{
			"name": "Door Top Plank",
			"from": [1, 16, 0],
			"to": [4, 32, 4.5],
			"faces": {
				"north": {"uv": [9, 0, 6, 16], "texture": "#sides", "cullface": "north"},
				"east": {"uv": [4.5, 0, 0, 16], "texture": "#top"},
				"south": {"uv": [4, 0, 4.5, 16], "texture": "#top"},
				"west": {"uv": [0, 0, 4.5, 16], "texture": "#top"},
				"up": {"uv": [0, 0, 3, 4.5], "texture": "#sides", "cullface": "up"}
			}
		},
		{
			"name": "Door Top Plank",
			"from": [1.25, 16, 4.5],
			"to": [3.75, 32, 12],
			"faces": {
				"north": {"uv": [0, 0, 0, 0], "texture": "#top"},
				"east": {"uv": [12, 0, 4.5, 16], "texture": "#top"},
				"south": {"uv": [0, 0, 0, 0], "texture": "#top"},
				"west": {"uv": [4.5, 0, 12, 16], "texture": "#top"},
				"up": {"uv": [0, 4.5, 3, 12], "texture": "#sides", "cullface": "up"}
			}
		},
		{
			"name": "Door Top Hinge",
			"from": [0.75, 22.5, 11],
			"to": [4.25, 23, 12],
			"faces": {
				"north": {"uv": [11, 9, 11.5, 9.5], "texture": "#top"},
				"east": {"uv": [11, 9.5, 12, 9], "rotation": 180, "texture": "#top"},
				"south": {"uv": [11.5, 9, 12, 9.5], "texture": "#top"},
				"west": {"uv": [11, 9, 12, 9.5], "texture": "#top"},
				"down": {"uv": [11, 9, 12, 9.5], "rotation": 270, "texture": "#top"}
			}
		},
		{
			"name": "Door Top Hinge",
			"from": [0.75, 23, 10.5],
			"to": [4.25, 23.5, 11.5],
			"faces": {
				"east": {"uv": [10.5, 9, 11.5, 8.5], "rotation": 180, "texture": "#top"},
				"west": {"uv": [10.5, 8.5, 11.5, 9], "texture": "#top"},
				"up": {"uv": [11.5, 8.5, 10.5, 9], "rotation": 270, "texture": "#top"},
				"down": {"uv": [10.5, 8.5, 11.5, 9], "rotation": 270, "texture": "#top"}
			}
		},
		{
			"name": "Door Top Hinge",
			"from": [0.75, 23.5, 12.5],
			"to": [4.25, 24, 13],
			"faces": {
				"east": {"uv": [12.5, 8.5, 13, 8], "rotation": 180, "texture": "#top"},
				"south": {"uv": [12.5, 8, 13, 8.5], "texture": "#top"},
				"west": {"uv": [12.5, 8, 13, 8.5], "texture": "#top"},
				"up": {"uv": [13, 8, 12.5, 8.5], "rotation": 270, "texture": "#top"},
				"down": {"uv": [12.5, 8, 13, 8.5], "rotation": 270, "texture": "#top"}
			}
		},
		{
			"name": "Door Top Hinge",
			"from": [0.75, 23, 11.5],
			"to": [4.25, 24, 12.5],
			"faces": {
				"north": {"uv": [11.5, 8, 12, 9], "texture": "#top"},
				"east": {"uv": [11.5, 9, 12.5, 8], "rotation": 180, "texture": "#top"},
				"south": {"uv": [12, 8, 12.5, 9], "texture": "#top"},
				"west": {"uv": [11.5, 8, 12.5, 9], "texture": "#top"},
				"up": {"uv": [12.5, 8, 11.5, 8.5], "rotation": 270, "texture": "#top"},
				"down": {"uv": [11.5, 8.5, 12.5, 9], "rotation": 270, "texture": "#top"}
			}
		},
		{
			"name": "Door Top Hinge",
			"from": [0.75, 23, 10],
			"to": [4.25, 24, 10.5],
			"faces": {
				"north": {"uv": [10, 8, 10.5, 9], "texture": "#top"},
				"east": {"uv": [10, 9, 10.5, 8], "rotation": 180, "texture": "#top"},
				"south": {"uv": [10, 8, 10.5, 9], "texture": "#top"},
				"west": {"uv": [10, 8, 10.5, 9], "texture": "#top"},
				"up": {"uv": [10.5, 8, 10, 8.5], "rotation": 270, "texture": "#top"},
				"down": {"uv": [10, 8.5, 10.5, 9], "rotation": 270, "texture": "#top"}
			}
		},
		{
			"name": "Door Top Hinge",
			"from": [0.75, 24.5, 12.5],
			"to": [4.25, 25, 13],
			"faces": {
				"east": {"uv": [12.5, 7.5, 13, 7], "rotation": 180, "texture": "#top"},
				"south": {"uv": [12.5, 7, 13, 7.5], "texture": "#top"},
				"west": {"uv": [12.5, 7, 13, 7.5], "texture": "#top"},
				"up": {"uv": [13, 7, 12.5, 7.5], "rotation": 270, "texture": "#top"},
				"down": {"uv": [12.5, 7, 13, 7.5], "rotation": 270, "texture": "#top"}
			}
		},
		{
			"name": "Door Top Hinge",
			"from": [0.75, 24.5, 11.5],
			"to": [4.25, 25, 12],
			"faces": {
				"north": {"uv": [11.5, 7, 12, 7.5], "texture": "#top"},
				"east": {"uv": [11.5, 7.5, 12, 7], "rotation": 180, "texture": "#top"},
				"west": {"uv": [11.5, 7, 12, 7.5], "texture": "#top"},
				"down": {"uv": [11.5, 7, 12, 7.5], "rotation": 270, "texture": "#top"}
			}
		},
		{
			"name": "Door Top Hinge",
			"from": [0.75, 24.5, 10],
			"to": [4.25, 25, 10.5],
			"faces": {
				"east": {"uv": [10, 7.5, 10.5, 7], "rotation": 180, "texture": "#top"},
				"south": {"uv": [10, 7, 10.5, 7.5], "texture": "#top"},
				"west": {"uv": [10, 7, 10.5, 7.5], "texture": "#top"},
				"down": {"uv": [10, 7, 10.5, 7.5], "rotation": 270, "texture": "#top"}
			}
		},
		{
			"name": "Door Top Hinge",
			"from": [0.75, 23.5, 4],
			"to": [4.25, 25, 10],
			"faces": {
				"east": {"uv": [4, 8.5, 10, 7], "rotation": 180, "texture": "#top"},
				"south": {"uv": [9.5, 7, 10, 8.5], "texture": "#top"},
				"west": {"uv": [4, 7, 10, 8.5], "texture": "#top"},
				"up": {"uv": [10, 7, 4, 7.5], "rotation": 270, "texture": "#top"},
				"down": {"uv": [4, 8, 10, 8.5], "rotation": 270, "texture": "#top"}
			}
		},
		{
			"name": "Door Top Hinge",
			"from": [0.75, 24.5, 12],
			"to": [4.25, 25.5, 12.5],
			"faces": {
				"east": {"uv": [12, 7.5, 12.5, 6.5], "rotation": 180, "texture": "#top"},
				"south": {"uv": [12, 6.5, 12.5, 7.5], "texture": "#top"},
				"west": {"uv": [12, 6.5, 12.5, 7.5], "texture": "#top"},
				"up": {"uv": [12.5, 6.5, 12, 7], "rotation": 270, "texture": "#top"},
				"down": {"uv": [12, 7, 12.5, 7.5], "rotation": 270, "texture": "#top"}
			}
		},
		{
			"name": "Door Top Hinge",
			"from": [0.75, 25, 10],
			"to": [4.25, 25.5, 11],
			"faces": {
				"north": {"uv": [10, 6.5, 10.5, 7], "texture": "#top"},
				"east": {"uv": [10, 7, 11, 6.5], "rotation": 180, "texture": "#top"},
				"west": {"uv": [10, 6.5, 11, 7], "texture": "#top"},
				"up": {"uv": [11, 6.5, 10, 7], "rotation": 270, "texture": "#top"},
				"down": {"uv": [10, 6.5, 11, 7], "rotation": 270, "texture": "#top"}
			}
		},
		{
			"name": "Door Top Hinge",
			"from": [0.75, 23, -0.25],
			"to": [4.25, 25.5, 4],
			"faces": {
				"north": {"uv": [9, 0, 11.5, 3.5], "rotation": 90, "texture": "#sides"},
				"east": {"uv": [0, 9, 4, 6.5], "rotation": 180, "texture": "#top"},
				"south": {"uv": [3.5, 6.5, 4, 9], "texture": "#top"},
				"west": {"uv": [0, 6.5, 4, 9], "texture": "#top"},
				"up": {"uv": [4, 6.5, 0, 7], "rotation": 270, "texture": "#top"},
				"down": {"uv": [0, 8.5, 4, 9], "rotation": 270, "texture": "#top"}
			}
		},
		{
			"name": "Door Top Hinge",
			"from": [0.75, 25, 11],
			"to": [4.25, 26, 12],
			"faces": {
				"north": {"uv": [11, 6, 11.5, 7], "texture": "#top"},
				"east": {"uv": [11, 7, 12, 6], "rotation": 180, "texture": "#top"},
				"south": {"uv": [11.5, 6, 12, 7], "texture": "#top"},
				"west": {"uv": [11, 6, 12, 7], "texture": "#top"},
				"up": {"uv": [12, 6, 11, 6.5], "rotation": 270, "texture": "#top"},
				"down": {"uv": [11, 6.5, 12, 7], "rotation": 270, "texture": "#top"}
			}
		},
		{
			"name": "Door Top Metal",
			"from": [0.75, 30, 14],
			"to": [4.25, 31, 15],
			"faces": {
				"north": {"uv": [14, 1, 14.5, 2], "texture": "#top"},
				"east": {"uv": [14, 2, 15, 1], "rotation": 180, "texture": "#top"},
				"south": {"uv": [14.5, 1, 15, 2], "texture": "#top"},
				"west": {"uv": [14, 1, 15, 2], "texture": "#top"},
				"up": {"uv": [15, 1, 14, 1.5], "rotation": 270, "texture": "#top"},
				"down": {"uv": [14, 1.5, 15, 2], "rotation": 270, "texture": "#top"}
			}
		},
		{
			"name": "Door Top Metal",
			"from": [0.75, 30, 1],
			"to": [4.25, 31, 2],
			"faces": {
				"north": {"uv": [1, 1, 1.5, 2], "texture": "#top"},
				"east": {"uv": [1, 2, 2, 1], "rotation": 180, "texture": "#top"},
				"south": {"uv": [1.5, 1, 2, 2], "texture": "#top"},
				"west": {"uv": [1, 1, 2, 2], "texture": "#top"},
				"up": {"uv": [2, 1, 1, 1.5], "rotation": 270, "texture": "#top"},
				"down": {"uv": [1, 1.5, 2, 2], "rotation": 270, "texture": "#top"}
			}
		},
		{
			"name": "Door Bottom Plank",
			"from": [1, 0, 12],
			"to": [4, 16, 16],
			"faces": {
				"north": {"uv": [12, 0, 12.5, 16], "texture": "#bottom"},
				"east": {"uv": [16, 0, 12, 16], "texture": "#bottom"},
				"south": {"uv": [3, 0, 6, 16], "texture": "#sides", "cullface": "south"},
				"west": {"uv": [12, 0, 16, 16], "texture": "#bottom"},
				"down": {"uv": [0, 4, 3, 0], "texture": "#sides", "cullface": "down"}
			}
		},
		{
			"name": "Door Bottom Plank",
			"from": [1.25, 0, 4.5],
			"to": [3.75, 16, 12],
			"faces": {
				"east": {"uv": [12, 0, 4.5, 16], "texture": "#bottom"},
				"west": {"uv": [4.5, 0, 12, 16], "texture": "#bottom"},
				"down": {"uv": [0, 12, 3, 4.5], "texture": "#sides", "cullface": "down"}
			}
		},
		{
			"name": "Door Bottom Plank",
			"from": [1, 0, 0],
			"to": [4, 16, 4.5],
			"faces": {
				"north": {"uv": [6, 0, 3, 16], "texture": "#sides", "cullface": "north"},
				"east": {"uv": [4.5, 0, 0, 16], "texture": "#bottom"},
				"south": {"uv": [4.5, 0, 4, 16], "texture": "#bottom"},
				"west": {"uv": [0, 0, 4.5, 16], "texture": "#bottom"},
				"down": {"uv": [0, 16, 3, 11.5], "texture": "#sides", "cullface": "down"}
			}
		},
		{
			"name": "Door Bottom Hinge",
			"from": [0.75, 6, 11],
			"to": [4.25, 6.5, 12],
			"faces": {
				"north": {"uv": [11, 9.5, 11.5, 10], "texture": "#bottom"},
				"east": {"uv": [11, 10, 12, 9.5], "rotation": 180, "texture": "#bottom"},
				"south": {"uv": [11.5, 9.5, 12, 10], "texture": "#bottom"},
				"west": {"uv": [11, 9.5, 12, 10], "texture": "#bottom"},
				"down": {"uv": [11, 9.5, 12, 10], "rotation": 270, "texture": "#bottom"}
			}
		},
		{
			"name": "Door Bottom Hinge",
			"from": [0.75, 6.5, 10.5],
			"to": [4.25, 7, 11.5],
			"faces": {
				"east": {"uv": [10.5, 9.5, 11.5, 9], "rotation": 180, "texture": "#bottom"},
				"west": {"uv": [10.5, 9, 11.5, 9.5], "texture": "#bottom"},
				"up": {"uv": [11.5, 9, 10.5, 9.5], "rotation": 270, "texture": "#bottom"},
				"down": {"uv": [10.5, 9, 11.5, 9.5], "rotation": 270, "texture": "#bottom"}
			}
		},
		{
			"name": "Door Bottom Hinge",
			"from": [0.75, 7, 12.5],
			"to": [4.25, 7.5, 13],
			"faces": {
				"east": {"uv": [12.5, 9, 13, 8.5], "rotation": 180, "texture": "#bottom"},
				"south": {"uv": [12.5, 8.5, 13, 9], "texture": "#bottom"},
				"west": {"uv": [12.5, 8.5, 13, 9], "texture": "#bottom"},
				"up": {"uv": [13, 8.5, 12.5, 9], "rotation": 270, "texture": "#bottom"},
				"down": {"uv": [12.5, 8.5, 13, 9], "rotation": 270, "texture": "#bottom"}
			}
		},
		{
			"name": "Door Bottom Hinge",
			"from": [0.75, 6.5, 11.5],
			"to": [4.25, 7.5, 12.5],
			"faces": {
				"north": {"uv": [11.5, 8.5, 12, 9.5], "texture": "#bottom"},
				"east": {"uv": [11.5, 9.5, 12.5, 8.5], "rotation": 180, "texture": "#bottom"},
				"south": {"uv": [12, 8.5, 12.5, 9.5], "texture": "#bottom"},
				"west": {"uv": [11.5, 8.5, 12.5, 9.5], "texture": "#bottom"},
				"up": {"uv": [12.5, 8.5, 11.5, 9], "rotation": 270, "texture": "#bottom"},
				"down": {"uv": [11.5, 9, 12.5, 9.5], "rotation": 270, "texture": "#bottom"}
			}
		},
		{
			"name": "Door Bottom Hinge",
			"from": [0.75, 6.5, 10],
			"to": [4.25, 7.5, 10.5],
			"faces": {
				"north": {"uv": [10, 8.5, 10.5, 9.5], "texture": "#bottom"},
				"east": {"uv": [10, 9.5, 10.5, 8.5], "rotation": 180, "texture": "#bottom"},
				"south": {"uv": [10, 8.5, 10.5, 9.5], "texture": "#bottom"},
				"west": {"uv": [10, 8.5, 10.5, 9.5], "texture": "#bottom"},
				"up": {"uv": [10.5, 8.5, 10, 9], "rotation": 270, "texture": "#bottom"},
				"down": {"uv": [10, 9, 10.5, 9.5], "rotation": 270, "texture": "#bottom"}
			}
		},
		{
			"name": "Door Bottom Hinge",
			"from": [0.75, 8, 12.5],
			"to": [4.25, 8.5, 13],
			"faces": {
				"east": {"uv": [12.5, 8, 13, 7.5], "rotation": 180, "texture": "#bottom"},
				"south": {"uv": [12.5, 7.5, 13, 8], "texture": "#bottom"},
				"west": {"uv": [12.5, 7.5, 13, 8], "texture": "#bottom"},
				"up": {"uv": [13, 7.5, 12.5, 8], "rotation": 270, "texture": "#bottom"},
				"down": {"uv": [12.5, 7.5, 13, 8], "rotation": 270, "texture": "#bottom"}
			}
		},
		{
			"name": "Door Bottom Hinge",
			"from": [0.75, 8, 11.5],
			"to": [4.25, 8.5, 12],
			"faces": {
				"north": {"uv": [11.5, 7.5, 12, 8], "texture": "#bottom"},
				"east": {"uv": [11.5, 8, 12, 7.5], "rotation": 180, "texture": "#bottom"},
				"west": {"uv": [11.5, 7.5, 12, 8], "texture": "#bottom"},
				"down": {"uv": [11.5, 7.5, 12, 8], "rotation": 270, "texture": "#bottom"}
			}
		},
		{
			"name": "Door Bottom Hinge",
			"from": [0.75, 8, 10],
			"to": [4.25, 8.5, 10.5],
			"faces": {
				"east": {"uv": [10, 8, 10.5, 7.5], "rotation": 180, "texture": "#bottom"},
				"south": {"uv": [10, 7.5, 10.5, 8], "texture": "#bottom"},
				"west": {"uv": [10, 7.5, 10.5, 8], "texture": "#bottom"},
				"down": {"uv": [10, 7.5, 10.5, 8], "rotation": 270, "texture": "#bottom"}
			}
		},
		{
			"name": "Door Bottom Hinge",
			"from": [0.75, 7, 4],
			"to": [4.25, 8.5, 10],
			"faces": {
				"east": {"uv": [4, 9, 10, 7.5], "rotation": 180, "texture": "#bottom"},
				"south": {"uv": [9.5, 7.5, 10, 9], "texture": "#bottom"},
				"west": {"uv": [4, 7.5, 10, 9], "texture": "#bottom"},
				"up": {"uv": [10, 7.5, 4, 8], "rotation": 270, "texture": "#bottom"},
				"down": {"uv": [4, 8.5, 10, 9], "rotation": 270, "texture": "#bottom"}
			}
		},
		{
			"name": "Door Bottom Hinge",
			"from": [0.75, 8, 12],
			"to": [4.25, 9, 12.5],
			"faces": {
				"east": {"uv": [12, 8, 12.5, 7], "rotation": 180, "texture": "#bottom"},
				"south": {"uv": [12, 7, 12.5, 8], "texture": "#bottom"},
				"west": {"uv": [12, 7, 12.5, 8], "texture": "#bottom"},
				"up": {"uv": [12.5, 7, 12, 7.5], "rotation": 270, "texture": "#bottom"},
				"down": {"uv": [12, 7.5, 12.5, 8], "rotation": 270, "texture": "#bottom"}
			}
		},
		{
			"name": "Door Bottom Hinge",
			"from": [0.75, 8.5, 10],
			"to": [4.25, 9, 11],
			"faces": {
				"north": {"uv": [10, 7, 10.5, 7.5], "texture": "#bottom"},
				"east": {"uv": [10, 7.5, 11, 7], "rotation": 180, "texture": "#bottom"},
				"west": {"uv": [10, 7, 11, 7.5], "texture": "#bottom"},
				"up": {"uv": [11, 7, 10, 7.5], "rotation": 270, "texture": "#bottom"},
				"down": {"uv": [10, 7, 11, 7.5], "rotation": 270, "texture": "#bottom"}
			}
		},
		{
			"name": "Door Bottom Hinge",
			"from": [0.75, 6.5, -0.25],
			"to": [4.25, 9, 4],
			"faces": {
				"north": {"uv": [9, 0, 11.5, 3.5], "rotation": 90, "texture": "#sides"},
				"east": {"uv": [0, 9.5, 4, 7], "rotation": 180, "texture": "#bottom"},
				"south": {"uv": [3.5, 7, 4, 9.5], "texture": "#bottom"},
				"west": {"uv": [0, 7, 4, 9.5], "texture": "#bottom"},
				"up": {"uv": [4, 7, 0, 7.5], "rotation": 270, "texture": "#bottom"},
				"down": {"uv": [0, 9, 4, 9.5], "rotation": 270, "texture": "#bottom"}
			}
		},
		{
			"name": "Door Bottom Hinge",
			"from": [0.75, 8.5, 11],
			"to": [4.25, 9.5, 12],
			"faces": {
				"north": {"uv": [11, 6.5, 11.5, 7.5], "texture": "#bottom"},
				"east": {"uv": [11, 7.5, 12, 6.5], "rotation": 180, "texture": "#bottom"},
				"south": {"uv": [11.5, 6.5, 12, 7.5], "texture": "#bottom"},
				"west": {"uv": [11, 6.5, 12, 7.5], "texture": "#bottom"},
				"up": {"uv": [12, 6.5, 11, 7], "rotation": 270, "texture": "#bottom"},
				"down": {"uv": [11, 7, 12, 7.5], "rotation": 270, "texture": "#bottom"}
			}
		},
		{
			"name": "Door Bottom Metal",
			"from": [0.75, 1, 14],
			"to": [4.25, 2, 15],
			"faces": {
				"north": {"uv": [14, 14, 14.5, 15], "texture": "#bottom"},
				"east": {"uv": [14, 15, 15, 14], "rotation": 180, "texture": "#bottom"},
				"south": {"uv": [14.5, 14, 15, 15], "texture": "#bottom"},
				"west": {"uv": [14, 14, 15, 15], "texture": "#bottom"},
				"up": {"uv": [15, 14, 14, 14.5], "rotation": 270, "texture": "#bottom"},
				"down": {"uv": [14, 14.5, 15, 15], "rotation": 270, "texture": "#bottom"}
			}
		},
		{
			"name": "Door Bottom Metal",
			"from": [0.75, 1, 1],
			"to": [4.25, 2, 2],
			"faces": {
				"north": {"uv": [1, 14, 1.5, 15], "texture": "#bottom"},
				"east": {"uv": [1, 15, 2, 14], "rotation": 180, "texture": "#bottom"},
				"south": {"uv": [1.5, 14, 2, 15], "texture": "#bottom"},
				"west": {"uv": [1, 14, 2, 15], "texture": "#bottom"},
				"up": {"uv": [2, 14, 1, 14.5], "rotation": 270, "texture": "#bottom"},
				"down": {"uv": [1, 14.5, 2, 15], "rotation": 270, "texture": "#bottom"}
			}
		}
	],
	"groups": [
		{
			"name": "Top",
			"origin": [8, 8, 8],
			"color": 0,
			"children": [0, 1, 2, 3, 4, 5, 6, 7, 8, 9, 10, 11, 12, 13, 14, 15, 16, 17]
		},
		{
			"name": "Bottom",
			"origin": [8, 8, 8],
			"color": 0,
			"children": [18, 19, 20, 21, 22, 23, 24, 25, 26, 27, 28, 29, 30, 31, 32, 33, 34, 35]
		}
	]
}