{
	"credit": "Made with Blockbench",
	"parent": "block/template_trapdoor_bottom",
	"textures": {
		"0": "block/trapdoors/acacia_trapdoor",
		"1": "block/trapdoors/acacia_trapdoor_rim",
		"particle": "block/trapdoors/acacia_trapdoor"
	},
	"elements": [
		{
			"from": [0, 0, 0],
			"to": [16, 3, 3],
			"faces": {
				"north": {"uv": [0.032, 10.032, 15.968, 12.968], "texture": "#1", "cullface": "north"},
				"east": {"uv": [13.032, 13.032, 15.968, 15.968], "texture": "#1", "cullface": "east"},
				"south": {"uv": [0.032, 10.032, 15.968, 12.968], "texture": "#1"},
				"west": {"uv": [0.032, 13.032, 2.968, 15.968], "texture": "#1", "cullface": "west"},
				"up": {"uv": [0.032, 0.032, 15.968, 2.968], "texture": "#0"},
				"down": {"uv": [0.032, 0.032, 15.968, 2.968], "texture": "#0", "cullface": "down"}
			}
		},
		{
			"from": [0, 0, 13],
			"to": [16, 3, 16],
			"faces": {
				"north": {"uv": [0.032, 10.032, 15.968, 12.968], "texture": "#1"},
				"east": {"uv": [0.032, 13.032, 2.968, 15.968], "texture": "#1", "cullface": "east"},
				"south": {"uv": [0.032, 10.032, 15.968, 12.968], "texture": "#1", "cullface": "south"},
				"west": {"uv": [13.032, 13.032, 15.968, 15.968], "texture": "#1", "cullface": "west"},
				"up": {"uv": [0.032, 13.032, 15.968, 15.968], "texture": "#0"},
				"down": {"uv": [0.032, 13.032, 15.968, 15.968], "texture": "#0", "cullface": "down"}
			}
		},
		{
			"from": [13, 0, 3],
			"to": [16, 3, 13],
			"faces": {
				"east": {"uv": [3.032, 13.032, 12.968, 15.968], "texture": "#1", "cullface": "east"},
				"west": {"uv": [3.032, 13.032, 12.968, 15.968], "texture": "#1"},
				"up": {"uv": [13.032, 3.032, 15.968, 12.968], "texture": "#0"},
				"down": {"uv": [13.032, 3.032, 15.968, 12.968], "texture": "#0", "cullface": "down"}
			}
		},
		{
			"from": [0, 0, 3],
			"to": [3, 3, 13],
			"faces": {
				"east": {"uv": [3.032, 10.032, 12.968, 12.968], "texture": "#1"},
				"west": {"uv": [3.032, 13.032, 12.968, 15.968], "texture": "#1", "cullface": "west"},
				"up": {"uv": [0.032, 3.032, 2.968, 12.968], "texture": "#0"},
				"down": {"uv": [0.032, 3.032, 2.968, 12.968], "texture": "#0", "cullface": "down"}
			}
		},
		{
			"from": [5, 1, 3],
			"to": [7, 2.5, 13],
			"faces": {
				"east": {"uv": [3.032, 4.032, 12.968, 5.5], "texture": "#1"},
				"west": {"uv": [3.032, 4.032, 12.968, 5.5], "texture": "#1"},
				"up": {"uv": [5.032, 3.032, 6.968, 12.968], "texture": "#0"},
				"down": {"uv": [12.968, 4.5, 3.032, 6.5], "rotation": 270, "texture": "#0"}
			}
		},
		{
			"from": [9, 1, 3],
			"to": [11, 2.5, 13],
			"faces": {
				"east": {"uv": [3.032, 4.032, 12.968, 5.5], "texture": "#1"},
				"west": {"uv": [3.032, 4.032, 12.968, 5.5], "texture": "#1"},
				"up": {"uv": [9.032, 3.032, 10.968, 12.968], "texture": "#0"},
				"down": {"uv": [12.968, 9.5, 3.032, 11.5], "rotation": 270, "texture": "#0"}
			}
		},
		{
			"from": [3, 0.5, 4.5],
			"to": [13, 2, 6.5],
			"faces": {
				"north": {"uv": [3.032, 7.032, 12.968, 8.5], "rotation": 180, "texture": "#1"},
				"south": {"uv": [3.032, 7.032, 12.968, 8.5], "texture": "#1"},
				"up": {"uv": [3.032, 4.5, 12.968, 6.5], "texture": "#0"},
				"down": {"uv": [9.032, 3.032, 10.968, 12.968], "rotation": 270, "texture": "#0"}
			}
		},
		{
			"from": [3, 0.5, 9.5],
			"to": [13, 2, 11.5],
			"faces": {
				"north": {"uv": [3.032, 4.5, 12.968, 5.968], "texture": "#1"},
				"south": {"uv": [3.032, 4.032, 12.968, 5.5], "texture": "#1"},
				"up": {"uv": [3.032, 9.5, 12.968, 11.5], "texture": "#0"},
				"down": {"uv": [5.032, 3.032, 6.968, 12.968], "rotation": 270, "texture": "#0"}
			}
		}
	],
	"display": {
		"thirdperson_righthand": {
			"rotation": [75, 45, 0],
			"translation": [0, 2.5, 1],
			"scale": [0.375, 0.375, 0.375]
		},
		"thirdperson_lefthand": {
			"rotation": [75, 45, 0],
			"translation": [0, 2.5, 1],
			"scale": [0.375, 0.375, 0.375]
		},
		"firstperson_righthand": {
			"rotation": [0, 45, 0],
			"translation": [0, 4, 0],
			"scale": [0.4, 0.4, 0.4]
		},
		"firstperson_lefthand": {
			"rotation": [0, 225, 0],
			"translation": [0, 4, 0],
			"scale": [0.4, 0.4, 0.4]
		},
		"ground": {
			"translation": [0, 3, 0],
			"scale": [0.25, 0.25, 0.25]
		},
		"gui": {
			"rotation": [30, 225, 0],
			"translation": [0, 1, 0],
			"scale": [0.625, 0.625, 0.625]
		},
		"head": {
			"translation": [0, 14.5, 0]
		},
		"fixed": {
			"rotation": [90, 0, 180],
			"translation": [0, 0, -4],
			"scale": [0.5, 0.5, 0.5]
		}
	},
	"groups": [0, 1, 2, 3,
		{
			"name": "group",
			"children": [4]
		},
		{
			"name": "group",
			"children": [5]
		},
		{
			"name": "group",
			"children": [6]
		},
		{
			"name": "group",
			"children": [7]
		}
	]
}