{
	"credit": "Made with Blockbench",
	"parent": "block/template_trapdoor_open",
	"textures": {
		"0": "block/trapdoors/acacia_trapdoor",
		"1": "block/trapdoors/acacia_trapdoor_rim",
		"particle": "block/trapdoors/acacia_trapdoor"
	},
	"elements": [
		{
			"from": [0, 0, 13],
			"to": [16, 3, 16],
			"faces": {
				"north": {"uv": [0.032, 0.032, 15.968, 2.968], "rotation": 180, "texture": "#0"},
				"east": {"uv": [13.032, 13.032, 15.968, 15.968], "rotation": 90, "texture": "#1", "cullface": "east"},
				"south": {"uv": [0.032, 0.032, 15.968, 2.968], "texture": "#0", "cullface": "south"},
				"west": {"uv": [0.032, 13.032, 2.968, 15.968], "rotation": 270, "texture": "#1", "cullface": "west"},
				"up": {"uv": [0.032, 10.032, 15.968, 12.968], "texture": "#1"},
				"down": {"uv": [0.032, 10.032, 15.968, 12.968], "rotation": 180, "texture": "#1", "cullface": "down"}
			}
		},
		{
			"from": [0, 13, 13],
			"to": [16, 16, 16],
			"faces": {
				"north": {"uv": [0.032, 13.032, 15.968, 15.968], "rotation": 180, "texture": "#0"},
				"east": {"uv": [0.032, 13.032, 2.968, 15.968], "rotation": 90, "texture": "#1", "cullface": "east"},
				"south": {"uv": [0.032, 13.032, 15.968, 15.968], "texture": "#0", "cullface": "south"},
				"west": {"uv": [13.032, 13.032, 15.968, 15.968], "rotation": 270, "texture": "#1", "cullface": "west"},
				"up": {"uv": [0.032, 10.032, 15.968, 12.968], "texture": "#1", "cullface": "up"},
				"down": {"uv": [0.032, 10.032, 15.968, 12.968], "rotation": 180, "texture": "#1"}
			}
		},
		{
			"from": [13, 3, 13],
			"to": [16, 13, 16],
			"faces": {
				"north": {"uv": [13.032, 3.032, 15.968, 12.968], "rotation": 180, "texture": "#0"},
				"east": {"uv": [3.032, 13.032, 12.968, 15.968], "rotation": 90, "texture": "#1", "cullface": "east"},
				"south": {"uv": [13.032, 3.032, 15.968, 12.968], "texture": "#0", "cullface": "south"},
				"west": {"uv": [3.032, 13.032, 12.968, 15.968], "rotation": 270, "texture": "#1"}
			}
		},
		{
			"from": [0, 3, 13],
			"to": [3, 13, 16],
			"faces": {
				"north": {"uv": [0.032, 3.032, 2.968, 12.968], "rotation": 180, "texture": "#0"},
				"east": {"uv": [3.032, 10.032, 12.968, 12.968], "rotation": 90, "texture": "#1"},
				"south": {"uv": [0.032, 3.032, 2.968, 12.968], "texture": "#0", "cullface": "south"},
				"west": {"uv": [3.032, 13.032, 12.968, 15.968], "rotation": 270, "texture": "#1", "cullface": "west"}
			}
		},
		{
			"from": [5, 3, 13.5],
			"to": [7, 13, 15],
			"faces": {
				"north": {"uv": [5.032, 3.032, 6.968, 12.968], "rotation": 180, "texture": "#0"},
				"east": {"uv": [3.032, 4.032, 12.968, 5.5], "rotation": 90, "texture": "#1"},
				"south": {"uv": [12.968, 4.5, 3.032, 6.5], "rotation": 270, "texture": "#0"},
				"west": {"uv": [3.032, 4.032, 12.968, 5.5], "rotation": 270, "texture": "#1"}
			}
		},
		{
			"from": [9, 3, 13.5],
			"to": [11, 13, 15],
			"faces": {
				"north": {"uv": [9.032, 3.032, 10.968, 12.968], "rotation": 180, "texture": "#0"},
				"east": {"uv": [3.032, 4.032, 12.968, 5.5], "rotation": 90, "texture": "#1"},
				"south": {"uv": [12.968, 9.5, 3.032, 11.5], "rotation": 270, "texture": "#0"},
				"west": {"uv": [3.032, 4.032, 12.968, 5.5], "rotation": 270, "texture": "#1"}
			}
		},
		{
			"from": [3, 4.5, 14],
			"to": [13, 6.5, 15.5],
			"faces": {
				"north": {"uv": [3.032, 4.5, 12.968, 6.5], "rotation": 180, "texture": "#0"},
				"south": {"uv": [9.032, 3.032, 10.968, 12.968], "rotation": 270, "texture": "#0"},
				"up": {"uv": [3.032, 7.032, 12.968, 8.5], "texture": "#1"},
				"down": {"uv": [3.032, 7.032, 12.968, 8.5], "texture": "#1"}
			}
		},
		{
			"from": [3, 9.5, 14],
			"to": [13, 11.5, 15.5],
			"faces": {
				"north": {"uv": [3.032, 9.5, 12.968, 11.5], "rotation": 180, "texture": "#0"},
				"south": {"uv": [5.032, 3.032, 6.968, 12.968], "rotation": 270, "texture": "#0"},
				"up": {"uv": [3.032, 4.032, 12.968, 5.5], "texture": "#1"},
				"down": {"uv": [3.032, 4.5, 12.968, 5.968], "rotation": 180, "texture": "#1"}
			}
		}
	],
	"groups": [0, 1, 2, 3,
		{
			"name": "group",
			"children": [4]
		},
		{
			"name": "group",
			"children": [5]
		},
		{
			"name": "group",
			"children": [6]
		},
		{
			"name": "group",
			"children": [7]
		}
	]
}