{
	"credit": "Made with Blockbench",
	"parent": "block/template_trapdoor_top",
	"textures": {
		"0": "block/trapdoors/acacia_trapdoor",
		"1": "block/trapdoors/acacia_trapdoor_rim",
		"particle": "block/trapdoors/acacia_trapdoor"
	},
	"elements": [
		{
			"from": [0, 13, 0],
			"to": [16, 16, 3],
			"faces": {
				"north": {"uv": [0.032, 10.032, 15.968, 12.968], "texture": "#1", "cullface": "north"},
				"east": {"uv": [13.032, 13.032, 15.968, 15.968], "texture": "#1", "cullface": "east"},
				"south": {"uv": [0.032, 10.032, 15.968, 12.968], "texture": "#1"},
				"west": {"uv": [0.032, 13.032, 2.968, 15.968], "texture": "#1", "cullface": "west"},
				"up": {"uv": [0.032, 0.032, 15.968, 2.968], "texture": "#0", "cullface": "up"},
				"down": {"uv": [0.032, 0.032, 15.968, 2.968], "texture": "#0"}
			}
		},
		{
			"from": [0, 13, 13],
			"to": [16, 16, 16],
			"faces": {
				"north": {"uv": [0.032, 10.032, 15.968, 12.968], "texture": "#1"},
				"east": {"uv": [0.032, 13.032, 2.968, 15.968], "texture": "#1", "cullface": "east"},
				"south": {"uv": [0.032, 10.032, 15.968, 12.968], "texture": "#1", "cullface": "south"},
				"west": {"uv": [13.032, 13.032, 15.968, 15.968], "texture": "#1", "cullface": "west"},
				"up": {"uv": [0.032, 13.032, 15.968, 15.968], "texture": "#0", "cullface": "up"},
				"down": {"uv": [0.032, 13.032, 15.968, 15.968], "texture": "#0"}
			}
		},
		{
			"from": [13, 13, 3],
			"to": [16, 16, 13],
			"faces": {
				"east": {"uv": [3.032, 13.032, 12.968, 15.968], "texture": "#1", "cullface": "east"},
				"west": {"uv": [3.032, 13.032, 12.968, 15.968], "texture": "#1"},
				"up": {"uv": [13.032, 3.032, 15.968, 12.968], "texture": "#0", "cullface": "up"},
				"down": {"uv": [13.032, 3.032, 15.968, 12.968], "texture": "#0"}
			}
		},
		{
			"from": [0, 13, 3],
			"to": [3, 16, 13],
			"faces": {
				"east": {"uv": [3.032, 10.032, 12.968, 12.968], "texture": "#1"},
				"west": {"uv": [3.032, 13.032, 12.968, 15.968], "texture": "#1", "cullface": "west"},
				"up": {"uv": [0.032, 3.032, 2.968, 12.968], "texture": "#0", "cullface": "up"},
				"down": {"uv": [0.032, 3.032, 2.968, 12.968], "texture": "#0"}
			}
		},
		{
			"from": [5, 14, 3],
			"to": [7, 15.5, 13],
			"faces": {
				"east": {"uv": [3.032, 4.032, 12.968, 5.5], "texture": "#1"},
				"west": {"uv": [3.032, 4.032, 12.968, 5.5], "texture": "#1"},
				"up": {"uv": [5.032, 3.032, 6.968, 12.968], "texture": "#0"},
				"down": {"uv": [12.968, 4.5, 3.032, 6.5], "rotation": 270, "texture": "#0"}
			}
		},
		{
			"from": [9, 14, 3],
			"to": [11, 15.5, 13],
			"faces": {
				"east": {"uv": [3.032, 4.032, 12.968, 5.5], "texture": "#1"},
				"west": {"uv": [3.032, 4.032, 12.968, 5.5], "texture": "#1"},
				"up": {"uv": [9.032, 3.032, 10.968, 12.968], "texture": "#0"},
				"down": {"uv": [12.968, 9.5, 3.032, 11.5], "rotation": 270, "texture": "#0"}
			}
		},
		{
			"from": [3, 13.5, 4.5],
			"to": [13, 15, 6.5],
			"faces": {
				"north": {"uv": [3.032, 7.032, 12.968, 8.5], "rotation": 180, "texture": "#1"},
				"south": {"uv": [3.032, 7.032, 12.968, 8.5], "texture": "#1"},
				"up": {"uv": [3.032, 4.5, 12.968, 6.5], "texture": "#0"},
				"down": {"uv": [9.032, 3.032, 10.968, 12.968], "rotation": 270, "texture": "#0"}
			}
		},
		{
			"from": [3, 13.5, 9.5],
			"to": [13, 15, 11.5],
			"faces": {
				"north": {"uv": [3.032, 4.5, 12.968, 5.968], "texture": "#1"},
				"south": {"uv": [3.032, 4.032, 12.968, 5.5], "texture": "#1"},
				"up": {"uv": [3.032, 9.5, 12.968, 11.5], "texture": "#0"},
				"down": {"uv": [5.032, 3.032, 6.968, 12.968], "rotation": 270, "texture": "#0"}
			}
		}
	],
	"groups": [0, 1, 2, 3,
		{
			"name": "group",
			"children": [4]
		},
		{
			"name": "group",
			"children": [5]
		},
		{
			"name": "group",
			"children": [6]
		},
		{
			"name": "group",
			"children": [7]
		}
	]
}