{
	"credit": "Made with Blockbench",
	"parent": "block/template_trapdoor_bottom",
	"textures": {
		"0": "block/trapdoors/birch_trapdoor",
		"1": "block/trapdoors/birch_trapdoor_rim",
		"particle": "block/trapdoors/birch_trapdoor"
	},
	"elements": [
		{
			"from": [4, 0, 12],
			"to": [12, 3, 16],
			"faces": {
				"north": {"uv": [13.016, 5.016, 15.96711, 12.96795], "rotation": 270, "texture": "#1"},
				"south": {"uv": [4.5, 4, 7.4675, 11.4675], "rotation": 270, "texture": "#1", "cullface": "south"},
				"up": {"uv": [4.01563, 0.01563, 11.98313, 3.98313], "rotation": 180, "texture": "#0"},
				"down": {"uv": [4.016, 0.016, 11.984, 3.984], "texture": "#0", "cullface": "down"}
			}
		},
		{
			"from": [0, 0, 0],
			"to": [4, 3, 16],
			"faces": {
				"north": {"uv": [4.5, 12, 7.38, 15.88], "rotation": 270, "texture": "#1", "cullface": "north"},
				"east": {"uv": [13.06, 0.06, 15.94, 15.94], "rotation": 90, "texture": "#1"},
				"south": {"uv": [4.5, 0, 7.4675, 3.9675], "rotation": 270, "texture": "#1", "cullface": "south"},
				"west": {"uv": [4.5, 0, 7.38, 15.88], "rotation": 270, "texture": "#1", "cullface": "west"},
				"up": {"uv": [12.01563, 0.01563, 15.98313, 15.98313], "rotation": 180, "texture": "#0"},
				"down": {"uv": [0.016, 0.016, 3.984, 15.984], "texture": "#0", "cullface": "down"}
			}
		},
		{
			"from": [12, 0, 0],
			"to": [16, 3, 16],
			"faces": {
				"north": {"uv": [8.5, 0, 11.4675, 4.4675], "rotation": 270, "texture": "#1", "cullface": "north"},
				"east": {"uv": [4.5, 0, 7.46688, 15.9675], "rotation": 90, "texture": "#1", "cullface": "east"},
				"south": {"uv": [4.5, 0, 7.46688, 3.96688], "rotation": 90, "texture": "#1", "cullface": "south"},
				"west": {"uv": [13.016, 0.016, 15.984, 15.984], "rotation": 270, "texture": "#1"},
				"up": {"uv": [0.016, 0.016, 3.984, 15.984], "rotation": 180, "texture": "#0"},
				"down": {"uv": [3.984, 0.016, 0.016, 15.984], "texture": "#0", "cullface": "down"}
			}
		},
		{
			"from": [4, 0, 2],
			"to": [12, 3, 4],
			"faces": {
				"north": {"uv": [4, 13, 12, 16], "texture": "#0"},
				"south": {"uv": [13.016, 4.016, 15.984, 13.484], "rotation": 90, "texture": "#1"},
				"up": {"uv": [4.01563, 13.98313, 11.98313, 12.01563], "texture": "#0"},
				"down": {"uv": [4.016, 12.016, 11.984, 13.984], "texture": "#0", "cullface": "down"}
			}
		},
		{
			"from": [4, 1.5, 4],
			"to": [12, 1.5, 12],
			"faces": {
				"up": {"uv": [4.016, 4.016, 11.984, 11.984], "texture": "#0"},
				"down": {"uv": [4.016, 4.016, 11.984, 11.984], "texture": "#0"}
			}
		},
		{
			"from": [11, 0, 0],
			"to": [12, 3, 2],
			"faces": {
				"north": {"uv": [8.5, 4.5, 11.45188, 5.45188], "rotation": 90, "texture": "#1", "cullface": "north"},
				"west": {"uv": [0.016, 5.016, 2.984, 7.484], "rotation": 90, "texture": "#1"},
				"up": {"uv": [4.016, 14.016, 4.984, 15.984], "rotation": 180, "texture": "#0"},
				"down": {"uv": [4.016, 15.984, 4.984, 14.016], "rotation": 180, "texture": "#0", "cullface": "down"}
			}
		},
		{
			"from": [4, 0, 0],
			"to": [5, 3, 2],
			"faces": {
				"north": {"uv": [4.5, 8.5, 7.4675, 9.4675], "rotation": 270, "texture": "#1", "cullface": "north"},
				"east": {"uv": [0.016, 8.016, 2.984, 9.984], "rotation": 90, "texture": "#1"},
				"up": {"uv": [11.016, 14.016, 11.984, 15.984], "rotation": 180, "texture": "#0"},
				"down": {"uv": [11.01563, 14.01563, 11.98355, 15.98273], "texture": "#0", "cullface": "down"}
			}
		},
		{
			"from": [5, 0.5, 0.5],
			"to": [11, 2.5, 2],
			"faces": {
				"north": {"uv": [5.032, 14, 10.968, 14.968], "texture": "#0"},
				"up": {"uv": [5.032, 14, 10.968, 15.468], "rotation": 180, "texture": "#0"},
				"down": {"uv": [5.032, 14, 10.968, 15.468], "texture": "#0"}
			}
		}
	]
}