{
	"credit": "Made with Blockbench",
	"parent": "block/template_trapdoor_bottom",
	"textures": {
		"0": "block/trapdoors/dark_oak_trapdoor",
		"1": "block/trapdoors/dark_oak_trapdoor_rim",
		"particle": "block/trapdoors/dark_oak_trapdoor"
	},
	"elements": [
		{
			"from": [0, 0.5, 0],
			"to": [16, 2.5, 16],
			"faces": {
				"north": {"uv": [3.032, 0.032, 4.968, 15.968], "rotation": 270, "texture": "#1", "cullface": "north"},
				"east": {"uv": [0.532, 0.032, 2.468, 15.968], "rotation": 270, "texture": "#1", "cullface": "east"},
				"south": {"uv": [3.032, 0.032, 4.968, 15.968], "rotation": 90, "texture": "#1", "cullface": "south"},
				"west": {"uv": [0.532, 0.032, 2.468, 15.968], "rotation": 270, "texture": "#1", "cullface": "west"},
				"up": {"uv": [0.032, 0.032, 15.968, 15.968], "texture": "#0"},
				"down": {"uv": [0.032, 0.032, 15.968, 15.968], "rotation": 180, "texture": "#0"}
			}
		},
		{
			"from": [5.5, 0, 6.5],
			"to": [6, 3, 9.5],
			"faces": {
				"north": {"uv": [4.032, 7.032, 4.468, 7.468], "texture": "#0"},
				"east": {"uv": [2.032, 8.032, 2.468, 8.468], "texture": "#0"},
				"south": {"uv": [7.032, 6.5, 7.468, 9.468], "texture": "#0"},
				"west": {"uv": [7.032, 7.032, 7.468, 7.468], "texture": "#0"},
				"up": {"uv": [5.532, 6.5, 5.968, 9.468], "texture": "#0"},
				"down": {"uv": [10.032, 6.5, 10.468, 9.468], "rotation": 180, "texture": "#0", "cullface": "down"}
			}
		},
		{
			"from": [6.5, 0, 10.5],
			"to": [9.5, 3, 11],
			"faces": {
				"north": {"uv": [9.032, 10.032, 9.468, 10.468], "texture": "#0"},
				"east": {"uv": [8.532, 6.5, 8.968, 9.468], "texture": "#0"},
				"south": {"uv": [10.032, 9.532, 10.468, 9.968], "texture": "#0"},
				"west": {"uv": [8.532, 6.5, 8.968, 9.468], "texture": "#0"},
				"up": {"uv": [6.532, 10.5, 9.468, 10.968], "texture": "#0"},
				"down": {"uv": [6.532, 10.5, 9.468, 10.968], "texture": "#0", "cullface": "down"}
			}
		},
		{
			"from": [6.5, 0, 5],
			"to": [9.5, 3, 5.5],
			"faces": {
				"north": {"uv": [7.532, 7.032, 7.968, 7.468], "texture": "#0"},
				"east": {"uv": [6.032, 8.032, 6.468, 8.468], "texture": "#0"},
				"south": {"uv": [9.032, 8.532, 9.468, 8.968], "texture": "#0"},
				"west": {"uv": [7.032, 6.5, 7.468, 9.468], "texture": "#0"},
				"up": {"uv": [6.532, 5, 9.468, 5.468], "texture": "#0"},
				"down": {"uv": [6.532, 5, 9.468, 5.468], "texture": "#0", "cullface": "down"}
			}
		},
		{
			"from": [10, 0, 6.5],
			"to": [10.5, 3, 9.5],
			"faces": {
				"north": {"uv": [7.032, 6.5, 7.468, 9.468], "texture": "#0"},
				"east": {"uv": [3.032, 7.532, 3.468, 7.968], "texture": "#0"},
				"south": {"uv": [8.532, 6.5, 8.968, 9.468], "texture": "#0"},
				"west": {"uv": [9.032, 7.032, 9.468, 7.468], "texture": "#0"},
				"up": {"uv": [10.032, 6.5, 10.468, 9.468], "texture": "#0"},
				"down": {"uv": [5.532, 6.5, 5.968, 9.468], "rotation": 180, "texture": "#0", "cullface": "down"}
			}
		},
		{
			"from": [0, 0, 7],
			"to": [16, 3, 9],
			"faces": {
				"north": {"uv": [0.032, 7, 15.968, 7.468], "rotation": 180, "texture": "#0"},
				"east": {"uv": [0.032, 7, 2.968, 8.968], "rotation": 270, "texture": "#1", "cullface": "east"},
				"south": {"uv": [0.032, 8.5, 15.968, 8.968], "texture": "#0"},
				"west": {"uv": [0.032, 7, 2.968, 8.968], "rotation": 270, "texture": "#1", "cullface": "west"},
				"up": {"uv": [0.032, 7, 15.968, 8.968], "texture": "#0"},
				"down": {"uv": [0.032, 7, 15.968, 8.968], "rotation": 180, "texture": "#0", "cullface": "down"}
			}
		},
		{
			"from": [7, 0, 0],
			"to": [9, 3, 16],
			"faces": {
				"north": {"uv": [2.532, 7, 5.468, 8.968], "rotation": 270, "texture": "#1", "cullface": "north"},
				"east": {"uv": [8.532, 0.032, 8.968, 15.968], "rotation": 90, "texture": "#0"},
				"south": {"uv": [2.532, 7, 5.468, 8.968], "rotation": 90, "texture": "#1", "cullface": "south"},
				"west": {"uv": [7.032, 0.032, 7.468, 15.968], "rotation": 90, "texture": "#0"},
				"up": {"uv": [7.032, 0.032, 8.968, 15.968], "texture": "#0"},
				"down": {"uv": [7.032, 0.032, 8.968, 15.968], "rotation": 180, "texture": "#0", "cullface": "down"}
			}
		}
	],
	"display": {
		"thirdperson_righthand": {
			"rotation": [75, 45, 0],
			"translation": [0, 2.5, 1],
			"scale": [0.375, 0.375, 0.375]
		},
		"thirdperson_lefthand": {
			"rotation": [75, 45, 0],
			"translation": [0, 2.5, 1],
			"scale": [0.375, 0.375, 0.375]
		},
		"firstperson_righthand": {
			"rotation": [0, 45, 0],
			"translation": [0, 4, 0],
			"scale": [0.4, 0.4, 0.4]
		},
		"firstperson_lefthand": {
			"rotation": [0, 225, 0],
			"translation": [0, 4, 0],
			"scale": [0.4, 0.4, 0.4]
		},
		"ground": {
			"translation": [0, 3, 0],
			"scale": [0.25, 0.25, 0.25]
		},
		"gui": {
			"rotation": [30, 225, 0],
			"translation": [0, 1, 0],
			"scale": [0.625, 0.625, 0.625]
		},
		"head": {
			"translation": [0, 14.5, 0]
		},
		"fixed": {
			"rotation": [90, 0, 0],
			"translation": [0, 0, 2.75],
			"scale": [0.5, 0.5, 0.5]
		}
	},
	"groups": [0,
		{
			"name": "group",
			"children": [1, 2, 3, 4]
		},
		{
			"name": "group",
			"children": [5, 6]
		}
	]
}