{
	"credit": "Made with Blockbench",
	"parent": "block/template_trapdoor_bottom",
	"textures": {
		"0": "block/trapdoors/jungle_trapdoor",
		"1": "block/trapdoors/jungle_trapdoor_rim",
		"particle": "block/trapdoors/jungle_trapdoor"
	},
	"elements": [
		{
			"from": [10, 0, 0],
			"to": [16, 3, 16],
			"faces": {
				"north": {"uv": [0.032, 0.032, 5.968, 2.968], "texture": "#1", "cullface": "north"},
				"east": {"uv": [0.032, 13.032, 15.968, 15.968], "texture": "#1", "cullface": "east"},
				"south": {"uv": [10.032, 0.032, 15.968, 2.968], "rotation": 180, "texture": "#1", "cullface": "south"},
				"west": {"uv": [0.032, 9.5, 15.968, 12.468], "texture": "#1"},
				"up": {"uv": [0.032, 0.032, 5.968, 15.968], "rotation": 180, "texture": "#0"},
				"down": {"uv": [10.032, 0.032, 15.968, 15.968], "texture": "#0", "cullface": "down"}
			}
		},
		{
			"from": [0, 0, 0],
			"to": [6, 3, 16],
			"faces": {
				"north": {"uv": [10.032, 0.032, 15.968, 2.968], "texture": "#1", "cullface": "north"},
				"east": {"uv": [0.032, 9.5, 15.968, 12.468], "texture": "#1"},
				"south": {"uv": [0.032, 0.032, 5.968, 2.968], "rotation": 180, "texture": "#1", "cullface": "south"},
				"west": {"uv": [0.032, 13.032, 15.968, 15.968], "rotation": 180, "texture": "#1", "cullface": "west"},
				"up": {"uv": [10.032, 0.032, 15.968, 15.968], "rotation": 180, "texture": "#0"},
				"down": {"uv": [0.032, 0.032, 5.968, 15.968], "texture": "#0", "cullface": "down"}
			}
		},
		{
			"from": [6, 0, 0],
			"to": [10, 3, 4.5],
			"faces": {
				"north": {"uv": [6.032, 0.032, 9.968, 2.968], "texture": "#1", "cullface": "north"},
				"south": {"uv": [5.532, 9.5, 9.468, 12.468], "texture": "#1"},
				"up": {"uv": [6.032, 11.5, 9.968, 15.968], "rotation": 180, "texture": "#0"},
				"down": {"uv": [6.032, 11.5, 9.968, 15.968], "texture": "#0", "cullface": "down"}
			}
		},
		{
			"from": [6, 0, 11.5],
			"to": [10, 3, 16],
			"faces": {
				"north": {"uv": [5.532, 9.5, 9.468, 12.468], "texture": "#1"},
				"south": {"uv": [6.032, 0.032, 9.968, 2.968], "rotation": 180, "texture": "#1", "cullface": "south"},
				"up": {"uv": [6.032, 0.032, 9.968, 4.468], "rotation": 180, "texture": "#0"},
				"down": {"uv": [6.032, 0.032, 9.968, 4.468], "texture": "#0", "cullface": "down"}
			}
		},
		{
			"from": [9.5, 0, 10],
			"to": [10, 3, 11.5],
			"faces": {
				"north": {"uv": [3.032, 9.5, 3.468, 12.468], "texture": "#1"},
				"west": {"uv": [3.032, 9.5, 4.468, 12.468], "texture": "#1"},
				"up": {"uv": [6.032, 4.5, 6.468, 5.968], "rotation": 180, "texture": "#0"},
				"down": {"uv": [6.032, 4.5, 6.468, 5.968], "texture": "#0", "cullface": "down"}
			}
		},
		{
			"from": [9.5, 0, 4.5],
			"to": [10, 3, 6],
			"faces": {
				"south": {"uv": [1.532, 9.5, 1.968, 12.468], "texture": "#1"},
				"west": {"uv": [1.532, 9.5, 2.968, 12.468], "texture": "#1"},
				"up": {"uv": [5.532, 9.5, 5.968, 10.968], "rotation": 180, "texture": "#0"},
				"down": {"uv": [6.032, 10, 6.468, 11.468], "texture": "#0", "cullface": "down"}
			}
		},
		{
			"from": [9, 0, 10.5],
			"to": [9.5, 3, 11.5],
			"faces": {
				"north": {"uv": [11.032, 9.5, 11.468, 12.468], "texture": "#1"},
				"west": {"uv": [7.532, 9.5, 8.468, 12.468], "texture": "#1"},
				"up": {"uv": [6.532, 4.5, 6.968, 5.468], "rotation": 180, "texture": "#0"},
				"down": {"uv": [6.532, 4.5, 6.968, 5.468], "texture": "#0", "cullface": "down"}
			}
		},
		{
			"from": [8.5, 0, 4.5],
			"to": [9, 3, 5],
			"faces": {
				"south": {"uv": [11.532, 9.5, 11.968, 12.468], "texture": "#1"},
				"west": {"uv": [3.532, 9.5, 3.968, 12.468], "texture": "#1"},
				"up": {"uv": [7.032, 11, 7.468, 11.468], "texture": "#0"},
				"down": {"uv": [7.032, 11, 7.468, 11.468], "texture": "#0", "cullface": "down"}
			}
		},
		{
			"from": [8.5, 0, 11],
			"to": [9, 3, 11.5],
			"faces": {
				"north": {"uv": [11.532, 9.5, 11.968, 12.468], "texture": "#1"},
				"west": {"uv": [2.032, 9.5, 2.468, 12.468], "texture": "#1"},
				"up": {"uv": [7.032, 4.5, 7.468, 4.968], "texture": "#0"},
				"down": {"uv": [7.032, 4.5, 7.468, 4.968], "texture": "#0", "cullface": "down"}
			}
		},
		{
			"from": [9, 0, 4.5],
			"to": [9.5, 3, 5.5],
			"faces": {
				"south": {"uv": [12.032, 9.5, 12.468, 12.468], "texture": "#1"},
				"west": {"uv": [1.532, 9.5, 2.468, 12.468], "texture": "#1"},
				"up": {"uv": [6.532, 10.5, 6.968, 11.468], "rotation": 180, "texture": "#0"},
				"down": {"uv": [6.532, 10.5, 6.968, 11.468], "texture": "#0", "cullface": "down"}
			}
		},
		{
			"from": [6, 0, 10],
			"to": [6.5, 3, 11.5],
			"faces": {
				"north": {"uv": [11.032, 9.5, 11.468, 12.468], "texture": "#1"},
				"east": {"uv": [2.032, 9.5, 3.468, 12.468], "texture": "#1"},
				"up": {"uv": [9.968, 4.5, 9.532, 5.968], "rotation": 180, "texture": "#0"},
				"down": {"uv": [9.968, 4.5, 9.532, 5.968], "texture": "#0", "cullface": "down"}
			}
		},
		{
			"from": [6, 0, 4.5],
			"to": [6.5, 3, 6],
			"faces": {
				"east": {"uv": [2.032, 9.5, 3.468, 12.468], "texture": "#1"},
				"south": {"uv": [7.532, 9.5, 7.968, 12.468], "texture": "#1"},
				"up": {"uv": [9.968, 10, 9.532, 11.468], "rotation": 180, "texture": "#0"},
				"down": {"uv": [6.468, 10, 6.032, 11.468], "texture": "#0", "cullface": "down"}
			}
		},
		{
			"from": [6.5, 0, 10.5],
			"to": [7, 3, 11.5],
			"faces": {
				"north": {"uv": [11.532, 9.5, 11.968, 12.468], "texture": "#1"},
				"east": {"uv": [10.032, 9.5, 10.968, 12.468], "texture": "#1"},
				"up": {"uv": [9.468, 4.5, 9.032, 5.468], "rotation": 180, "texture": "#0"},
				"down": {"uv": [9.468, 4.5, 9.032, 5.468], "texture": "#0", "cullface": "down"}
			}
		},
		{
			"from": [7, 0, 4.5],
			"to": [7.5, 3, 5],
			"faces": {
				"east": {"uv": [3.032, 9.5, 3.468, 12.468], "texture": "#1"},
				"south": {"uv": [10.532, 9.5, 10.968, 12.468], "texture": "#1"},
				"up": {"uv": [8.968, 11, 8.532, 11.468], "texture": "#0"},
				"down": {"uv": [7.468, 11, 7.032, 11.468], "texture": "#0", "cullface": "down"}
			}
		},
		{
			"from": [7, 0, 11],
			"to": [7.5, 3, 11.5],
			"faces": {
				"north": {"uv": [11.532, 9.5, 11.968, 12.468], "texture": "#1"},
				"east": {"uv": [11.532, 9.5, 11.968, 12.468], "texture": "#1"},
				"up": {"uv": [8.968, 4.5, 8.532, 4.968], "texture": "#0"},
				"down": {"uv": [8.968, 4.5, 8.532, 4.968], "texture": "#0", "cullface": "down"}
			}
		},
		{
			"from": [6.5, 0, 4.5],
			"to": [7, 3, 5.5],
			"faces": {
				"east": {"uv": [2.532, 9.5, 3.468, 12.468], "texture": "#1"},
				"south": {"uv": [3.532, 9.5, 3.968, 12.468], "texture": "#1"},
				"up": {"uv": [9.468, 10.5, 9.032, 11.468], "rotation": 180, "texture": "#0"},
				"down": {"uv": [6.968, 10.5, 6.532, 11.468], "texture": "#0", "cullface": "down"}
			}
		}
	],
	"display": {
		"thirdperson_righthand": {
			"rotation": [75, 45, 0],
			"translation": [0, 2.5, 0],
			"scale": [0.375, 0.375, 0.375]
		},
		"thirdperson_lefthand": {
			"rotation": [75, 45, 0],
			"translation": [0, 2.5, 1],
			"scale": [0.375, 0.375, 0.375]
		},
		"firstperson_righthand": {
			"rotation": [0, -45, 0],
			"translation": [0, 4, 0],
			"scale": [0.4, 0.4, 0.4]
		},
		"firstperson_lefthand": {
			"rotation": [0, 120, 0],
			"translation": [0, 4, 0],
			"scale": [0.4, 0.4, 0.4]
		},
		"ground": {
			"translation": [0, 3, 0],
			"scale": [0.25, 0.25, 0.25]
		},
		"gui": {
			"rotation": [30, 225, 0],
			"translation": [0, 1, 0],
			"scale": [0.625, 0.625, 0.625]
		},
		"head": {
			"translation": [0, 14.5, 0]
		},
		"fixed": {
			"rotation": [-90, 0, 0],
			"translation": [0, 0, -4],
			"scale": [0.5, 0.5, 0.5]
		}
	},
	"groups": [
		{
			"name": "group",
			"children": [0, 1, 2, 3]
		},
		{
			"name": "group",
			"children": [4, 5, 6, 7, 8, 9]
		},
		{
			"name": "group",
			"children": [10, 11, 12, 13, 14, 15]
		}
	]
}