{
	"credit": "Made with Blockbench",
	"textures": {
		"0": "block/trapdoors/spruce_trapdoor",
		"2": "block/trapdoors/spruce_trapdoor_rim",
		"particle": "block/trapdoors/spruce_trapdoor"
	},
	"elements": [
		{
			"from": [0, 0.5, 0],
			"to": [16, 2.5, 16],
			"faces": {
				"north": {"uv": [2.032, 0.032, 3.968, 15.968], "rotation": 90, "texture": "#2", "cullface": "north"},
				"east": {"uv": [0.032, 0.032, 1.968, 15.968], "rotation": 270, "texture": "#2", "cullface": "east"},
				"south": {"uv": [2.032, 0.032, 3.968, 15.968], "rotation": 270, "texture": "#2", "cullface": "south"},
				"west": {"uv": [0.032, 0.032, 1.968, 15.968], "rotation": 90, "texture": "#2", "cullface": "west"},
				"up": {"uv": [15.968, 0.032, 0.032, 15.968], "rotation": 180, "texture": "#0"},
				"down": {"uv": [0.032, 0.032, 15.968, 15.968], "texture": "#0"}
			}
		},
		{
			"from": [6, 0, 6],
			"to": [10, 3, 6.5],
			"faces": {
				"north": {"uv": [6.032, 9.968, 9.968, 9.5], "texture": "#0"},
				"east": {"uv": [6.5, 11.968, 6.968, 11.5], "texture": "#0"},
				"west": {"uv": [9.5, 9.968, 9.968, 9.5], "texture": "#0"},
				"up": {"uv": [6.032, 9.5, 9.968, 9.968], "texture": "#0"},
				"down": {"uv": [6.032, 9.968, 9.968, 9.5], "rotation": 180, "texture": "#0", "cullface": "down"}
			}
		},
		{
			"from": [5.5, 0, 6.5],
			"to": [10.5, 3, 7],
			"faces": {
				"north": {"uv": [5.5, 9.5, 10.5, 9.032], "texture": "#0"},
				"east": {"uv": [5.5, 9.5, 5.968, 9.032], "texture": "#0"},
				"south": {"uv": [5.5, 9.5, 10.5, 9.032], "texture": "#0"},
				"west": {"uv": [9.5, 9.968, 9.968, 9.5], "texture": "#0"},
				"up": {"uv": [5.5, 9.032, 10.5, 9.5], "texture": "#0"},
				"down": {"uv": [5.5, 9.5, 10.5, 9.032], "rotation": 180, "texture": "#0", "cullface": "down"}
			}
		},
		{
			"from": [5.5, 0, 10],
			"to": [10.5, 3, 10.5],
			"faces": {
				"north": {"uv": [5.5, 5.968, 10.5, 5.5], "rotation": 180, "texture": "#0"},
				"east": {"uv": [6.032, 5.5, 6.5, 5.032], "texture": "#0"},
				"west": {"uv": [9.5, 5.5, 9.968, 5.032], "texture": "#0"},
				"up": {"uv": [5.5, 5.5, 10.5, 5.968], "texture": "#0"},
				"down": {"uv": [5.5, 5.968, 10.5, 5.5], "rotation": 180, "texture": "#0", "cullface": "down"}
			}
		},
		{
			"from": [9.5, 0, 7],
			"to": [11, 3, 7.5],
			"faces": {
				"north": {"uv": [5.032, 8.968, 6.5, 8.5], "texture": "#0"},
				"east": {"uv": [5.032, 8.968, 5.5, 8.5], "texture": "#0"},
				"south": {"uv": [5.032, 8.968, 6.5, 8.5], "texture": "#0"},
				"west": {"uv": [10.5, 4.5, 10.968, 4.032], "texture": "#0"},
				"up": {"uv": [5.032, 8.5, 6.5, 8.968], "texture": "#0"},
				"down": {"uv": [5.032, 8.968, 6.5, 8.5], "rotation": 180, "texture": "#0", "cullface": "down"}
			}
		},
		{
			"from": [5, 0, 7],
			"to": [6.5, 3, 7.5],
			"faces": {
				"north": {"uv": [10.5, 8.968, 10.968, 8.5], "texture": "#0"},
				"east": {"uv": [2.032, 4.5, 2.5, 4.032], "texture": "#0"},
				"south": {"uv": [9.5, 8.968, 10.968, 8.5], "texture": "#0"},
				"west": {"uv": [10.5, 8.968, 10.968, 8.5], "texture": "#0"},
				"up": {"uv": [9.5, 8.5, 10.968, 8.968], "texture": "#0"},
				"down": {"uv": [9.5, 8.968, 10.968, 8.5], "rotation": 180, "texture": "#0", "cullface": "down"}
			}
		},
		{
			"from": [9.5, 0, 9.5],
			"to": [11, 3, 10],
			"faces": {
				"north": {"uv": [5.032, 6.5, 6.5, 6.032], "texture": "#0"},
				"east": {"uv": [5.5, 7.968, 5.968, 7.5], "texture": "#0"},
				"south": {"uv": [5.032, 6.5, 6.5, 6.032], "rotation": 180, "texture": "#0"},
				"west": {"uv": [6.032, 6.5, 6.5, 6.032], "texture": "#0"},
				"up": {"uv": [9.5, 6.032, 10.968, 6.5], "texture": "#0"},
				"down": {"uv": [5.032, 6.5, 6.5, 6.032], "rotation": 180, "texture": "#0", "cullface": "down"}
			}
		},
		{
			"from": [5, 0, 9.5],
			"to": [6.5, 3, 10],
			"faces": {
				"north": {"uv": [9.5, 6.5, 10.968, 6.032], "texture": "#0"},
				"east": {"uv": [9.5, 6.5, 9.968, 6.032], "texture": "#0"},
				"south": {"uv": [10.032, 7.968, 11.5, 7.5], "texture": "#0"},
				"west": {"uv": [10.5, 6.5, 10.968, 6.032], "texture": "#0"},
				"up": {"uv": [5.032, 6.032, 6.5, 6.5], "texture": "#0"},
				"down": {"uv": [9.5, 6.5, 10.968, 6.032], "rotation": 180, "texture": "#0", "cullface": "down"}
			}
		},
		{
			"from": [10, 0, 7.5],
			"to": [11, 3, 9.5],
			"faces": {
				"east": {"uv": [10.5, 6.5, 10.032, 8.5], "rotation": 90, "texture": "#0"},
				"west": {"uv": [5.968, 6.5, 5.5, 8.5], "rotation": 90, "texture": "#0"},
				"up": {"uv": [10.032, 6.5, 10.968, 8.5], "texture": "#0"},
				"down": {"uv": [5.032, 8.5, 5.968, 6.5], "rotation": 180, "texture": "#0", "cullface": "down"}
			}
		},
		{
			"from": [5, 0, 7.5],
			"to": [6, 3, 9.5],
			"faces": {
				"east": {"uv": [10.5, 6.5, 10.032, 8.5], "rotation": 270, "texture": "#0"},
				"west": {"uv": [10.968, 6.5, 10.5, 8.5], "rotation": 90, "texture": "#0"},
				"up": {"uv": [5.032, 6.5, 5.968, 8.5], "texture": "#0"},
				"down": {"uv": [10.032, 8.5, 10.968, 6.5], "rotation": 180, "texture": "#0", "cullface": "down"}
			}
		},
		{
			"from": [6.5, 0, 5.5],
			"to": [9.5, 3, 6],
			"faces": {
				"north": {"uv": [6.5, 10.5, 9.5, 10.032], "texture": "#0"},
				"east": {"uv": [0.5, 4.5, 0.968, 4.032], "texture": "#0"},
				"west": {"uv": [9.032, 10.5, 9.5, 10.032], "texture": "#0"},
				"up": {"uv": [6.5, 10.032, 9.5, 10.5], "texture": "#0"},
				"down": {"uv": [6.5, 10.5, 9.5, 10.032], "rotation": 180, "texture": "#0", "cullface": "down"}
			}
		},
		{
			"from": [7.5, 0, 5],
			"to": [8.5, 3, 5.5],
			"faces": {
				"east": {"uv": [7.5, 10.968, 7.968, 10.5], "texture": "#0"},
				"west": {"uv": [7.032, 11.968, 7.5, 11.5], "texture": "#0"},
				"up": {"uv": [7.5, 10.5, 8.5, 10.968], "texture": "#0"},
				"down": {"uv": [7.5, 10.968, 8.5, 10.5], "rotation": 180, "texture": "#0", "cullface": "down"}
			}
		},
		{
			"from": [0.025, 0, 3],
			"to": [15.975, 3, 5],
			"faces": {
				"north": {"uv": [0.032, 12.968, 15.968, 12.5], "rotation": 180, "texture": "#0"},
				"east": {"uv": [0.5, 11.032, 0.032, 12.968], "rotation": 270, "texture": "#0"},
				"south": {"uv": [0.032, 11.5, 15.968, 11.032], "texture": "#0"},
				"west": {"uv": [15.968, 11.032, 15.5, 12.968], "rotation": 90, "texture": "#0"},
				"up": {"uv": [0.032, 12.968, 15.968, 11.032], "texture": "#0"},
				"down": {"uv": [0.032, 12.968, 15.968, 11.032], "rotation": 180, "texture": "#0", "cullface": "down"}
			}
		},
		{
			"from": [0.025, 0, 10.5],
			"to": [15.975, 3, 12.5],
			"faces": {
				"north": {"uv": [0.032, 5.5, 15.968, 5.032], "rotation": 180, "texture": "#0"},
				"east": {"uv": [4.968, 3.5, 4.5, 5.5], "rotation": 270, "texture": "#0"},
				"south": {"uv": [0.032, 3.968, 15.968, 3.5], "texture": "#0"},
				"west": {"uv": [2.968, 3.5, 2.5, 5.5], "rotation": 90, "texture": "#0"},
				"up": {"uv": [0.032, 5.5, 15.968, 3.5], "texture": "#0"},
				"down": {"uv": [0.032, 5.5, 15.968, 3.5], "rotation": 180, "texture": "#0", "cullface": "down"}
			}
		}
	],
	"display": {
		"thirdperson_righthand": {
			"rotation": [75, 45, 0],
			"translation": [0, 2.5, 1.25],
			"scale": [0.375, 0.375, 0.375]
		},
		"thirdperson_lefthand": {
			"rotation": [75, 45, 0],
			"translation": [0, 2.5, 1.25],
			"scale": [0.375, 0.375, 0.375]
		},
		"firstperson_righthand": {
			"rotation": [0, 45, 0],
			"translation": [0, 4, 0],
			"scale": [0.4, 0.4, 0.4]
		},
		"firstperson_lefthand": {
			"rotation": [0, 225, 0],
			"translation": [0, 4, 0],
			"scale": [0.4, 0.4, 0.4]
		},
		"ground": {
			"translation": [0, 2, 0],
			"scale": [0.5, 0.5, 0.5]
		},
		"gui": {
			"rotation": [30, 225, 0],
			"translation": [0, 0.75, 0],
			"scale": [0.625, 0.625, 0.625]
		},
		"head": {
			"translation": [0, 14.25, 0]
		},
		"fixed": {
			"rotation": [-90, 0, 0],
			"translation": [0, 0, -4],
			"scale": [0.5, 0.5, 0.5]
		}
	},
	"groups": [0,
		{
			"name": "group",
			"children": []
		},
		{
			"name": "group",
			"children": [1, 2, 3, 4, 5, 6, 7, 8, 9, 10, 11, 12, 13]
		}
	]
}