{
    "multipart": [
		{   "when": { "north": "false", "south": "false", "east": "false", "west": "false" },
           "apply": { "model": "block/fence/dark_oak/dark_oak_fence_post" }
		},   
		
        {   "when": { "north": "true", "east": "false", "west": "false" },
            "apply": { "model": "block/fence/dark_oak/dark_oak_fence_side" }
        },
        {   "when": { "east": "true", "north": "false", "south": "false" },
            "apply": { "model": "block/fence/dark_oak/dark_oak_fence_side", "y": 90 }
        },
        {   "when": { "south": "true", "east": "false", "west": "false" },
            "apply": { "model": "block/fence/dark_oak/dark_oak_fence_side", "y": 180 }
        },
        {   "when": { "west": "true", "north": "false", "south": "false" },
            "apply": { "model": "block/fence/dark_oak/dark_oak_fence_side", "y": 270 }
        },


		{   "when": { "north": "true", "east": "true", "west": "false" },
			"apply": { "model": "block/fence/dark_oak/dark_oak_fence_side" }
		},
		{   "when": { "north": "true", "east": "true", "west": "false" },
			"apply": { "model": "block/fence/dark_oak/dark_oak_fence_side_short", "y": 90 }
		},
		
		{   "when": { "north": "true", "east": "false", "west": "true" },
			"apply": { "model": "block/fence/dark_oak/dark_oak_fence_side" }
		},
		{   "when": { "north": "true", "east": "false", "west": "true" },
			"apply": { "model": "block/fence/dark_oak/dark_oak_fence_side_short", "y": 270 }
		},
		
		{   "when": { "south": "true", "east": "true", "west": "false" },
			"apply": { "model": "block/fence/dark_oak/dark_oak_fence_side", "y": 180 }
		},
		{   "when": { "south": "true", "east": "true", "west": "false" },
			"apply": { "model": "block/fence/dark_oak/dark_oak_fence_side_short", "y": 90 }
		},
		
		{   "when": { "south": "true", "east": "false", "west": "true" },
			"apply": { "model": "block/fence/dark_oak/dark_oak_fence_side", "y": 180 }
		},
		{   "when": { "south": "true", "east": "false", "west": "true" },
			"apply": { "model": "block/fence/dark_oak/dark_oak_fence_side_short", "y": 270 }
		},
		
		
		{   "when": { "north": "true", "south": "false", "east": "true", "west": "true" },
			"apply": { "model": "block/fence/dark_oak/dark_oak_fence_side", "y": 90 }
		},
		{   "when": { "north": "true", "south": "false", "east": "true", "west": "true" },
			"apply": { "model": "block/fence/dark_oak/dark_oak_fence_side", "y": 270 }
		},
		{   "when": { "north": "true", "south": "false", "east": "true", "west": "true" },
			"apply": { "model": "block/fence/dark_oak/dark_oak_fence_side_short" }
		},
		
		
		{   "when": { "north": "false", "south": "true", "east": "true", "west": "true" },
			"apply": { "model": "block/fence/dark_oak/dark_oak_fence_side", "y": 90 }
		},
		{   "when": { "north": "false", "south": "true", "east": "true", "west": "true" },
			"apply": { "model": "block/fence/dark_oak/dark_oak_fence_side", "y": 270 }
		},
		{   "when": { "north": "false", "south": "true", "east": "true", "west": "true" },
			"apply": { "model": "block/fence/dark_oak/dark_oak_fence_side_short", "y": 180 }
		},
		
		
		{   "when": { "north": "true", "south": "true", "east": "true", "west": "true" },
			"apply": { "model": "block/fence/dark_oak/dark_oak_fence_side" }
		},
		{   "when": { "north": "true", "south": "true", "east": "true", "west": "true" },
			"apply": { "model": "block/fence/dark_oak/dark_oak_fence_side", "y": 180 }
		},
		{   "when": { "north": "true", "south": "true", "east": "true", "west": "true" },
			"apply": { "model": "block/fence/dark_oak/dark_oak_fence_side_short", "y": 90 }
		},
		{   "when": { "north": "true", "south": "true", "east": "true", "west": "true" },
			"apply": { "model": "block/fence/dark_oak/dark_oak_fence_side_short", "y": 270 }
		}
    ]
}
