{
	"credit": "Made with Blockbench",
	"ambientocclusion": false,
	"textures": {
		"0": "block/iron_bars",
		"1": "block/iron_bars",
		"particle": "block/iron_bars"
	},
	"elements": [
		{
			"from": [7, 0, 7],
			"to": [9, 16, 9],
			"faces": {
				"north": {"uv": [7, 0, 8.5, 16], "texture": "#1"},
				"east": {"uv": [7, 0, 8.5, 16], "texture": "#0"},
				"south": {"uv": [7, 0, 8.5, 16], "texture": "#1"},
				"west": {"uv": [7, 0, 8.5, 16], "texture": "#0"},
				"up": {"uv": [7, 7, 8.5, 9], "rotation": 90, "texture": "#1"},
				"down": {"uv": [7, 7, 8.5, 9], "rotation": 90, "texture": "#1"}
			}
		}
	],
	"groups": [
		{
			"name": "iron_bars_post",
			"children": [0]
		}
	]
}