{
	"credit": "Made with Blockbench",
	"ambientocclusion": false,
	"textures": {
		"1_edge": "block/iron_bars",
		"particle": "block/iron_bars"
	},
	"elements": [
		{
			"from": [7, 0, 9],
			"to": [9, 16, 9],
			"faces": {
				"north": {"uv": [0, 0, 0, 0], "texture": "#1_edge"},
				"east": {"uv": [0, 0, 0, 0], "texture": "#1_edge"},
				"south": {"uv": [7, 0, 9, 16], "texture": "#1_edge"},
				"west": {"uv": [0, 0, 0, 0], "texture": "#1_edge"},
				"up": {"uv": [0, 0, 0, 0], "texture": "#1_edge"},
				"down": {"uv": [0, 0, 0, 0], "texture": "#1_edge"}
			}
		},
		{
			"from": [7, 0, 12],
			"to": [9, 16, 14],
			"faces": {
				"north": {"uv": [7, 0, 9, 16], "texture": "#1_edge"},
				"east": {"uv": [14, 0, 12, 16], "texture": "#1_edge"},
				"south": {"uv": [7, 0, 9, 16], "texture": "#1_edge"},
				"west": {"uv": [12, 0, 14, 16], "texture": "#1_edge"},
				"up": {"uv": [2, 12.5, 4, 14.5], "texture": "#1_edge"},
				"down": {"uv": [2, 14, 4, 16], "rotation": 90, "texture": "#1_edge"}
			}
		},
		{
			"from": [7, 6.501, 14],
			"to": [9, 9.001, 16],
			"faces": {
				"north": {"uv": [0, 0, 0, 0], "texture": "#1_edge"},
				"east": {"uv": [0, 7, 2, 9.5], "texture": "#1_edge"},
				"south": {"texture": "#1_edge"},
				"west": {"uv": [2, 7, 0, 9.5], "texture": "#1_edge"},
				"up": {"uv": [12, 0, 14, 2], "texture": "#1_edge"},
				"down": {"uv": [12, 0, 14, 2], "rotation": 180, "texture": "#1_edge"}
			}
		},
		{
			"from": [7, 6.499, 9],
			"to": [9, 8.999, 12],
			"faces": {
				"north": {"uv": [0, 0, 0, 0], "texture": "#1_edge"},
				"east": {"uv": [4, 7, 7, 9.5], "texture": "#1_edge"},
				"south": {"uv": [0, 0, 0, 0], "texture": "#1_edge"},
				"west": {"uv": [7, 7, 4, 9.5], "texture": "#1_edge"},
				"up": {"uv": [4, 7, 7, 9.5], "rotation": 270, "texture": "#1_edge"},
				"down": {"uv": [4, 2.5, 7, 5], "rotation": 270, "texture": "#1_edge"}
			}
		}
	],
	"groups": [
		{
			"name": "iron_bars_side_alt",
			"children": [
				{
					"name": "iron_bars_side_alt",
					"children": [
						{
							"name": "iron_bars_side",
							"children": [0, 1, 2, 3]
						}
					]
				}
			]
		}
	]
}