{
	"credit": "Made with Blockbench",
	"ambientocclusion": false,
	"textures": {
		"0": "block/iron_bars",
		"edge": "block/iron_bars",
		"particle": "block/iron_bars"
	},
	"elements": [
		{
			"from": [7, 0, 7],
			"to": [9, 16, 7],
			"faces": {
				"north": {"uv": [7, 0, 9, 16], "texture": "#0"}
			}
		},
		{
			"from": [7, 0, 2],
			"to": [9, 16, 4],
			"faces": {
				"north": {"uv": [7, 0, 9, 16], "texture": "#0"},
				"east": {"uv": [4, 0, 2, 16], "texture": "#edge"},
				"south": {"uv": [7, 0, 9, 16], "texture": "#0"},
				"west": {"uv": [2, 0, 4, 16], "texture": "#edge"},
				"up": {"uv": [1.5, 12.5, 3.5, 14.5], "texture": "#edge"},
				"down": {"uv": [2, 14, 4, 16], "texture": "#edge"}
			}
		},
		{
			"from": [7, 6.501, 0],
			"to": [9, 9.001, 2],
			"faces": {
				"east": {"uv": [2, 7, 0, 9.5], "texture": "#edge"},
				"west": {"uv": [0, 7, 2, 9.5], "texture": "#edge"},
				"up": {"uv": [12, 0, 14, 2], "rotation": 180, "texture": "#0"},
				"down": {"uv": [12, 0, 14, 2], "texture": "#0"}
			}
		},
		{
			"from": [7, 6.499, 4],
			"to": [9, 8.999, 7],
			"faces": {
				"east": {"uv": [7, 7, 4, 9.5], "texture": "#edge"},
				"west": {"uv": [4, 7, 7, 9.5], "texture": "#edge"},
				"up": {"uv": [4, 7, 7, 9.5], "rotation": 90, "texture": "#0"},
				"down": {"uv": [4, 2.5, 7, 5], "rotation": 90, "texture": "#0"}
			}
		}
	],
	"groups": [
		{
			"name": "iron_bars_side",
			"children": [0, 1, 2, 3]
		}
	]
}