{
	"credit": "Made with Blockbench",
	"ambientocclusion": false,
	"textures": {
		"edge": "block/iron_bars",
		"particle": "block/iron_bars"
	},
	"elements": [
		{
			"from": [7, 0, 7],
			"to": [9, 16, 9],
			"faces": {
				"north": {"uv": [6.5, 0, 8.5, 16], "texture": "#edge"},
				"east": {"uv": [9, 0, 7, 16], "texture": "#edge"},
				"south": {"uv": [7, 0, 9, 16], "texture": "#edge"},
				"west": {"uv": [7, 0, 9, 16], "texture": "#edge"},
				"up": {"uv": [7, 7, 8.5, 9], "texture": "#edge"},
				"down": {"uv": [7, 7, 8.5, 9], "texture": "#edge"}
			}
		}
	],
	"groups": [
		{
			"name": "iron_bars_cap",
			"children": [0]
		}
	]
}