{
	"credit": "Made with Blockbench",
	"textures": {
		"0": "block/jungle_trapdoor",
		"1": "block/jungle_trapdoor_rim",
		"particle": "block/jungle_trapdoor"
	},
	"elements": [
		{
			"name": "cube",
			"from": [12, 13, 0],
			"to": [16, 16, 16],
			"faces": {
				"north": {"uv": [0, 3, 4, 0], "texture": "#1"},
				"east": {"uv": [0, 16, 16, 13], "texture": "#1"},
				"south": {"uv": [12, 3, 16, 0], "texture": "#1", "rotation": 180},
				"west": {"uv": [5, 6.5, 5.5, 6], "texture": "#0"},
				"up": {"uv": [12, 16, 16, 0], "texture": "#0"},
				"down": {"uv": [0, 16, 4, 0], "texture": "#0", "rotation": 180}
			}
		},
		{
			"name": "cube",
			"from": [0, 13, 0],
			"to": [4, 16, 16],
			"faces": {
				"north": {"uv": [12, 3, 16, 0], "texture": "#1"},
				"east": {"uv": [5, 6.5, 5.5, 6], "texture": "#0"},
				"south": {"uv": [0, 3, 4, 0], "texture": "#1", "rotation": 180},
				"west": {"uv": [0, 16, 16, 13], "texture": "#1", "rotation": 180},
				"up": {"uv": [0, 16, 4, 0], "texture": "#0"},
				"down": {"uv": [12, 16, 16, 0], "texture": "#0", "rotation": 180}
			}
		},
		{
			"name": "cube",
			"from": [4, 13, 0],
			"to": [12, 16, 4],
			"faces": {
				"north": {"uv": [4, 3, 12, 0], "texture": "#1"},
				"south": {"uv": [6.5, 5.5, 6, 5], "texture": "#0"},
				"up": {"uv": [4, 16, 12, 12], "texture": "#0"},
				"down": {"uv": [4, 16, 12, 12], "texture": "#0", "rotation": 180}
			}
		},
		{
			"name": "cube",
			"from": [4, 13, 12],
			"to": [12, 16, 16],
			"faces": {
				"north": {"uv": [7.5, 4, 8, 3.5], "texture": "#0"},
				"south": {"uv": [4, 3, 12, 0], "texture": "#1", "rotation": 180},
				"up": {"uv": [4, 4, 12, 0], "texture": "#0"},
				"down": {"uv": [4, 4, 12, 0], "texture": "#0", "rotation": 180}
			}
		},
		{
			"name": "cube",
			"from": [11.5, 13, 4],
			"to": [12, 16, 7.5],
			"faces": {
				"east": {"uv": [7, 4.5, 7.5, 4], "texture": "#0"},
				"south": {"uv": [4.5, 7, 5, 6.5], "texture": "#0"},
				"west": {"uv": [5, 6.5, 5.5, 6], "texture": "#0"},
				"up": {"uv": [3.5, 11.5, 4, 8], "texture": "#0"},
				"down": {"uv": [4, 12, 4.5, 8.5], "texture": "#0", "rotation": 180}
			}
		},
		{
			"name": "cube",
			"from": [11.5, 13, 8.5],
			"to": [12, 16, 12],
			"faces": {
				"north": {"uv": [7, 4.5, 7.5, 4], "texture": "#0"},
				"south": {"uv": [4.5, 7, 5, 6.5], "texture": "#0"},
				"west": {"uv": [4.5, 7, 5, 6.5], "texture": "#0"},
				"up": {"uv": [4, 7.5, 4.5, 4], "texture": "#0"},
				"down": {"uv": [4, 7.5, 4.5, 4], "texture": "#0", "rotation": 180}
			}
		},
		{
			"name": "cube",
			"from": [11, 13, 9],
			"to": [11.5, 16, 12],
			"faces": {
				"north": {"uv": [7, 4.5, 7.5, 4], "texture": "#0"},
				"south": {"uv": [4.5, 7, 5, 6.5], "texture": "#0"},
				"west": {"uv": [4.5, 7, 5, 6.5], "texture": "#0"},
				"up": {"uv": [4.5, 7, 5, 4], "texture": "#0"},
				"down": {"uv": [4.5, 7, 5, 4], "texture": "#0", "rotation": 180}
			}
		},
		{
			"name": "cube",
			"from": [10.5, 13, 4],
			"to": [11, 16, 6.5],
			"faces": {
				"east": {"uv": [7, 4.5, 7.5, 4], "texture": "#0"},
				"south": {"uv": [4.5, 7, 5, 6.5], "texture": "#0"},
				"west": {"uv": [5, 6.5, 5.5, 6], "texture": "#0"},
				"up": {"uv": [5, 12, 5.5, 9.5], "texture": "#0"},
				"down": {"uv": [5, 12, 5.5, 9.5], "texture": "#0", "rotation": 180}
			}
		},
		{
			"name": "cube",
			"from": [10.5, 13, 9.5],
			"to": [11, 16, 12],
			"faces": {
				"north": {"uv": [7, 4.5, 7.5, 4], "texture": "#0"},
				"south": {"uv": [4.5, 7, 5, 6.5], "texture": "#0"},
				"west": {"uv": [4.5, 7, 5, 6.5], "texture": "#0"},
				"up": {"uv": [5, 6.5, 5.5, 4], "texture": "#0"},
				"down": {"uv": [5, 6.5, 5.5, 4], "texture": "#0", "rotation": 180}
			}
		},
		{
			"name": "cube",
			"from": [11, 13, 4],
			"to": [11.5, 16, 7],
			"faces": {
				"east": {"uv": [7, 4.5, 7.5, 4], "texture": "#0"},
				"south": {"uv": [4.5, 7, 5, 6.5], "texture": "#0"},
				"west": {"uv": [5, 6.5, 5.5, 6], "texture": "#0"},
				"up": {"uv": [4.5, 12, 5, 9], "texture": "#0"},
				"down": {"uv": [4.5, 12, 5, 9], "texture": "#0", "rotation": 180}
			}
		},
		{
			"name": "cube",
			"from": [10, 13, 10],
			"to": [10.5, 16, 12],
			"faces": {
				"north": {"uv": [7, 4.5, 7.5, 4], "texture": "#0"},
				"south": {"uv": [4.5, 7, 5, 6.5], "texture": "#0"},
				"west": {"uv": [4.5, 7, 5, 6.5], "texture": "#0"},
				"up": {"uv": [5.5, 6, 6, 4], "texture": "#0"},
				"down": {"uv": [5.5, 6, 6, 4], "texture": "#0", "rotation": 180}
			}
		},
		{
			"name": "cube",
			"from": [10, 13, 4],
			"to": [10.5, 16, 6],
			"faces": {
				"east": {"uv": [7, 4.5, 7.5, 4], "texture": "#0"},
				"south": {"uv": [4.5, 7, 5, 6.5], "texture": "#0"},
				"west": {"uv": [5, 6.5, 5.5, 6], "texture": "#0"},
				"up": {"uv": [5.5, 12, 6, 10], "texture": "#0"},
				"down": {"uv": [5.5, 12, 6, 10], "texture": "#0", "rotation": 180}
			}
		},
		{
			"name": "cube",
			"from": [9.5, 13, 10.5],
			"to": [10, 16, 12],
			"faces": {
				"north": {"uv": [7, 4.5, 7.5, 4], "texture": "#0"},
				"south": {"uv": [4.5, 7, 5, 6.5], "texture": "#0"},
				"west": {"uv": [4.5, 7, 5, 6.5], "texture": "#0"},
				"up": {"uv": [6, 5.5, 6.5, 4], "texture": "#0"},
				"down": {"uv": [6, 5.5, 6.5, 4], "texture": "#0", "rotation": 180}
			}
		},
		{
			"name": "cube",
			"from": [9.5, 13, 4],
			"to": [10, 16, 5.5],
			"faces": {
				"east": {"uv": [7, 4.5, 7.5, 4], "texture": "#0"},
				"south": {"uv": [4.5, 7, 5, 6.5], "texture": "#0"},
				"west": {"uv": [5, 6.5, 5.5, 6], "texture": "#0"},
				"up": {"uv": [6, 12, 6.5, 10.5], "texture": "#0"},
				"down": {"uv": [5.5, 11.5, 6, 10], "texture": "#0", "rotation": 180}
			}
		},
		{
			"name": "cube",
			"from": [9, 13, 11],
			"to": [9.5, 16, 12],
			"faces": {
				"north": {"uv": [7, 4.5, 7.5, 4], "texture": "#0"},
				"south": {"uv": [4.5, 7, 5, 6.5], "texture": "#0"},
				"west": {"uv": [4.5, 7, 5, 6.5], "texture": "#0"},
				"up": {"uv": [6.5, 5, 7, 4], "texture": "#0"},
				"down": {"uv": [6.5, 5, 7, 4], "texture": "#0", "rotation": 180}
			}
		},
		{
			"name": "cube",
			"from": [8.5, 13, 4],
			"to": [9, 16, 4.5],
			"faces": {
				"east": {"uv": [7, 4.5, 7.5, 4], "texture": "#0"},
				"south": {"uv": [4.5, 7, 5, 6.5], "texture": "#0"},
				"west": {"uv": [5, 6.5, 5.5, 6], "texture": "#0"},
				"up": {"uv": [7, 12, 7.5, 11.5], "texture": "#0"},
				"down": {"uv": [7, 12, 7.5, 11.5], "texture": "#0"}
			}
		},
		{
			"name": "cube",
			"from": [8.5, 13, 11.5],
			"to": [9, 16, 12],
			"faces": {
				"north": {"uv": [7, 4.5, 7.5, 4], "texture": "#0"},
				"south": {"uv": [4.5, 7, 5, 6.5], "texture": "#0"},
				"west": {"uv": [4.5, 7, 5, 6.5], "texture": "#0"},
				"up": {"uv": [7, 4.5, 7.5, 4], "texture": "#0"},
				"down": {"uv": [7, 4.5, 7.5, 4], "texture": "#0"}
			}
		},
		{
			"name": "cube",
			"from": [9, 13, 4],
			"to": [9.5, 16, 5],
			"faces": {
				"east": {"uv": [7, 4.5, 7.5, 4], "texture": "#0"},
				"south": {"uv": [4.5, 7, 5, 6.5], "texture": "#0"},
				"west": {"uv": [5, 6.5, 5.5, 6], "texture": "#0"},
				"up": {"uv": [6.5, 12, 7, 11], "texture": "#0"},
				"down": {"uv": [6.5, 12, 7, 11], "texture": "#0", "rotation": 180}
			}
		},
		{
			"name": "cube",
			"from": [4, 13, 4],
			"to": [4.5, 16, 7.5],
			"faces": {
				"east": {"uv": [7, 4.5, 7.5, 4], "texture": "#0"},
				"south": {"uv": [6.5, 5.5, 6, 5], "texture": "#0"},
				"up": {"uv": [4.5, 12, 4, 8.5], "texture": "#0"},
				"down": {"uv": [12, 12, 11.5, 8.5], "texture": "#0", "rotation": 180}
			}
		},
		{
			"name": "cube",
			"from": [4, 13, 8.5],
			"to": [4.5, 16, 12],
			"faces": {
				"north": {"uv": [4.5, 7.5, 4, 7], "texture": "#0"},
				"east": {"uv": [5, 6.5, 5.5, 6], "texture": "#0"},
				"up": {"uv": [12, 7.5, 11.5, 4], "texture": "#0"},
				"down": {"uv": [12, 7.5, 11.5, 4], "texture": "#0", "rotation": 180}
			}
		},
		{
			"name": "cube",
			"from": [4.5, 13, 9],
			"to": [5, 16, 12],
			"faces": {
				"north": {"uv": [4.5, 7.5, 4, 7], "texture": "#0"},
				"east": {"uv": [5, 6.5, 5.5, 6], "texture": "#0"},
				"up": {"uv": [11.5, 7, 11, 4], "texture": "#0"},
				"down": {"uv": [11.5, 7, 11, 4], "texture": "#0", "rotation": 180}
			}
		},
		{
			"name": "cube",
			"from": [5, 13, 4],
			"to": [5.5, 16, 6.5],
			"faces": {
				"east": {"uv": [7, 4.5, 7.5, 4], "texture": "#0"},
				"south": {"uv": [6.5, 5.5, 6, 5], "texture": "#0"},
				"up": {"uv": [5.5, 12, 5, 9.5], "texture": "#0"},
				"down": {"uv": [11, 12, 10.5, 9.5], "texture": "#0", "rotation": 180}
			}
		},
		{
			"name": "cube",
			"from": [5, 13, 9.5],
			"to": [5.5, 16, 12],
			"faces": {
				"north": {"uv": [4.5, 7.5, 4, 7], "texture": "#0"},
				"east": {"uv": [5, 6.5, 5.5, 6], "texture": "#0"},
				"up": {"uv": [11.5, 7, 11, 4.5], "texture": "#0"},
				"down": {"uv": [11, 6.5, 10.5, 4], "texture": "#0", "rotation": 180}
			}
		},
		{
			"name": "cube",
			"from": [4.5, 13, 4],
			"to": [5, 16, 7],
			"faces": {
				"east": {"uv": [7, 4.5, 7.5, 4], "texture": "#0"},
				"south": {"uv": [6.5, 5.5, 6, 5], "texture": "#0"},
				"up": {"uv": [5, 12, 4.5, 9], "texture": "#0"},
				"down": {"uv": [11.5, 12, 11, 9], "texture": "#0", "rotation": 180}
			}
		},
		{
			"name": "cube",
			"from": [5.5, 13, 10],
			"to": [6, 16, 12],
			"faces": {
				"north": {"uv": [4.5, 7.5, 4, 7], "texture": "#0"},
				"east": {"uv": [5, 6.5, 5.5, 6], "texture": "#0"},
				"up": {"uv": [10.5, 6, 10, 4], "texture": "#0"},
				"down": {"uv": [10.5, 6, 10, 4], "texture": "#0", "rotation": 180}
			}
		},
		{
			"name": "cube",
			"from": [5.5, 13, 4],
			"to": [6, 16, 6],
			"faces": {
				"east": {"uv": [7, 4.5, 7.5, 4], "texture": "#0"},
				"south": {"uv": [6.5, 5.5, 6, 5], "texture": "#0"},
				"up": {"uv": [6, 12, 5.5, 10], "texture": "#0"},
				"down": {"uv": [10.5, 12, 10, 10], "texture": "#0", "rotation": 180}
			}
		},
		{
			"name": "cube",
			"from": [6, 13, 10.5],
			"to": [6.5, 16, 12],
			"faces": {
				"north": {"uv": [4.5, 7.5, 4, 7], "texture": "#0"},
				"east": {"uv": [5, 6.5, 5.5, 6], "texture": "#0"},
				"up": {"uv": [10, 5.5, 9.5, 4], "texture": "#0"},
				"down": {"uv": [10, 5.5, 9.5, 4], "texture": "#0", "rotation": 180}
			}
		},
		{
			"name": "cube",
			"from": [6, 13, 4],
			"to": [6.5, 16, 5.5],
			"faces": {
				"east": {"uv": [7, 4.5, 7.5, 4], "texture": "#0"},
				"south": {"uv": [6.5, 5.5, 6, 5], "texture": "#0"},
				"up": {"uv": [6.5, 12, 6, 10.5], "texture": "#0"},
				"down": {"uv": [10, 12, 9.5, 10.5], "texture": "#0", "rotation": 180}
			}
		},
		{
			"name": "cube",
			"from": [6.5, 13, 11],
			"to": [7, 16, 12],
			"faces": {
				"north": {"uv": [4.5, 7.5, 4, 7], "texture": "#0"},
				"east": {"uv": [5, 6.5, 5.5, 6], "texture": "#0"},
				"up": {"uv": [9.5, 5, 9, 4], "texture": "#0"},
				"down": {"uv": [9.5, 5, 9, 4], "texture": "#0", "rotation": 180}
			}
		},
		{
			"name": "cube",
			"from": [7, 13, 4],
			"to": [7.5, 16, 4.5],
			"faces": {
				"east": {"uv": [7, 4.5, 7.5, 4], "texture": "#0"},
				"south": {"uv": [6.5, 5.5, 6, 5], "texture": "#0"},
				"up": {"uv": [7.5, 12, 7, 11.5], "texture": "#0"},
				"down": {"uv": [9, 12, 8.5, 11.5], "texture": "#0"}
			}
		},
		{
			"name": "cube",
			"from": [7, 13, 11.5],
			"to": [7.5, 16, 12],
			"faces": {
				"north": {"uv": [4.5, 7.5, 4, 7], "texture": "#0"},
				"east": {"uv": [5, 6.5, 5.5, 6], "texture": "#0"},
				"up": {"uv": [9, 4.5, 8.5, 4], "texture": "#0"},
				"down": {"uv": [9, 4.5, 8.5, 4], "texture": "#0"}
			}
		},
		{
			"name": "cube",
			"from": [6.5, 13, 4],
			"to": [7, 16, 5],
			"faces": {
				"east": {"uv": [7, 4.5, 7.5, 4], "texture": "#0"},
				"south": {"uv": [6.5, 5.5, 6, 5], "texture": "#0"},
				"up": {"uv": [7, 12, 6.5, 11], "texture": "#0"},
				"down": {"uv": [9.5, 12, 9, 11], "texture": "#0", "rotation": 180}
			}
		}
	],
	"groups": [
		{
			"name": "group",
			"isOpen": true,
			"export": true,
			"visibility": true,
			"children": [0, 1, 2, 3]
		},
		{
			"name": "group",
			"isOpen": true,
			"export": true,
			"visibility": true,
			"children": [4, 5, 6, 7, 8, 9, 10, 11, 12, 13, 14, 15, 16, 17]
		},
		{
			"name": "group",
			"isOpen": true,
			"export": true,
			"visibility": true,
			"children": [18, 19, 20, 21, 22, 23, 24, 25, 26, 27, 28, 29, 30, 31]
		}
	]
}