{
	"credit": "Made with Blockbench",
	"textures": {
		"0": "block/jungle_trapdoor",
		"1": "block/jungle_trapdoor_rim",
		"particle": "block/jungle_trapdoor"
	},
	"elements": [
		{
			"name": "cube",
			"from": [12, 0, 13],
			"to": [16, 16, 16],
			"faces": {
				"north": {"uv": [0, 0, 4, 16], "texture": "#0"},
				"east": {"uv": [0, 13, 16, 16], "texture": "#1", "rotation": 90},
				"south": {"uv": [12, 0, 16, 16], "texture": "#0"},
				"west": {"uv": [5, 6, 5.5, 6.5], "texture": "#0", "rotation": 270},
				"up": {"uv": [12, 0, 16, 3], "texture": "#1", "rotation": 180},
				"down": {"uv": [0, 0, 4, 3], "texture": "#1", "rotation": 180}
			}
		},
		{
			"name": "cube",
			"from": [0, 0, 13],
			"to": [4, 16, 16],
			"faces": {
				"north": {"uv": [12, 0, 16, 16], "texture": "#0"},
				"east": {"uv": [5, 6, 5.5, 6.5], "texture": "#0", "rotation": 90},
				"south": {"uv": [0, 0, 4, 16], "texture": "#0"},
				"west": {"uv": [0, 13, 16, 16], "texture": "#1", "rotation": 90},
				"up": {"uv": [0, 0, 4, 3], "texture": "#1", "rotation": 180},
				"down": {"uv": [12, 0, 16, 3], "texture": "#1", "rotation": 180}
			}
		},
		{
			"name": "cube",
			"from": [4, 0, 13],
			"to": [12, 4, 16],
			"faces": {
				"north": {"uv": [4, 12, 12, 16], "texture": "#0"},
				"south": {"uv": [4, 12, 12, 16], "texture": "#0"},
				"up": {"uv": [6.5, 5, 6, 5.5], "texture": "#0"},
				"down": {"uv": [4, 0, 12, 3], "texture": "#1", "rotation": 180}
			}
		},
		{
			"name": "cube",
			"from": [4, 12, 13],
			"to": [12, 16, 16],
			"faces": {
				"north": {"uv": [4, 0, 12, 4], "texture": "#0"},
				"south": {"uv": [4, 0, 12, 4], "texture": "#0"},
				"up": {"uv": [4, 0, 12, 3], "texture": "#1", "rotation": 180},
				"down": {"uv": [7.5, 3.5, 8, 4], "texture": "#0", "rotation": 180}
			}
		},
		{
			"name": "cube",
			"from": [11.5, 4, 13],
			"to": [12, 7.5, 16],
			"faces": {
				"north": {"uv": [4, 8.5, 4.5, 12], "texture": "#0"},
				"east": {"uv": [7, 4, 7.5, 4.5], "texture": "#0", "rotation": 90},
				"south": {"uv": [3.5, 8, 4, 11.5], "texture": "#0"},
				"west": {"uv": [5, 6, 5.5, 6.5], "texture": "#0", "rotation": 270},
				"up": {"uv": [4.5, 6.5, 5, 7], "texture": "#0"}
			}
		},
		{
			"name": "cube",
			"from": [11.5, 8.5, 13],
			"to": [12, 12, 16],
			"faces": {
				"north": {"uv": [4, 4, 4.5, 7.5], "texture": "#0"},
				"south": {"uv": [4, 4, 4.5, 7.5], "texture": "#0"},
				"west": {"uv": [4.5, 6.5, 5, 7], "texture": "#0", "rotation": 270},
				"up": {"uv": [4.5, 6.5, 5, 7], "texture": "#0"},
				"down": {"uv": [7, 4, 7.5, 4.5], "texture": "#0", "rotation": 180}
			}
		},
		{
			"name": "cube",
			"from": [11, 9, 13],
			"to": [11.5, 12, 16],
			"faces": {
				"north": {"uv": [4.5, 4, 5, 7], "texture": "#0"},
				"south": {"uv": [4.5, 4, 5, 7], "texture": "#0"},
				"west": {"uv": [4.5, 6.5, 5, 7], "texture": "#0", "rotation": 270},
				"up": {"uv": [4.5, 6.5, 5, 7], "texture": "#0"},
				"down": {"uv": [7, 4, 7.5, 4.5], "texture": "#0", "rotation": 180}
			}
		},
		{
			"name": "cube",
			"from": [10.5, 4, 13],
			"to": [11, 6.5, 16],
			"faces": {
				"north": {"uv": [5, 9.5, 5.5, 12], "texture": "#0"},
				"east": {"uv": [7, 4, 7.5, 4.5], "texture": "#0", "rotation": 90},
				"south": {"uv": [5, 9.5, 5.5, 12], "texture": "#0"},
				"west": {"uv": [5, 6, 5.5, 6.5], "texture": "#0", "rotation": 270},
				"up": {"uv": [4.5, 6.5, 5, 7], "texture": "#0"}
			}
		},
		{
			"name": "cube",
			"from": [10.5, 9.5, 13],
			"to": [11, 12, 16],
			"faces": {
				"north": {"uv": [5, 4, 5.5, 6.5], "texture": "#0"},
				"south": {"uv": [5, 4, 5.5, 6.5], "texture": "#0"},
				"west": {"uv": [4.5, 6.5, 5, 7], "texture": "#0", "rotation": 270},
				"up": {"uv": [4.5, 6.5, 5, 7], "texture": "#0"},
				"down": {"uv": [7, 4, 7.5, 4.5], "texture": "#0", "rotation": 180}
			}
		},
		{
			"name": "cube",
			"from": [11, 4, 13],
			"to": [11.5, 7, 16],
			"faces": {
				"north": {"uv": [4.5, 9, 5, 12], "texture": "#0"},
				"east": {"uv": [7, 4, 7.5, 4.5], "texture": "#0", "rotation": 90},
				"south": {"uv": [4.5, 9, 5, 12], "texture": "#0"},
				"west": {"uv": [5, 6, 5.5, 6.5], "texture": "#0", "rotation": 270},
				"up": {"uv": [4.5, 6.5, 5, 7], "texture": "#0"}
			}
		},
		{
			"name": "cube",
			"from": [10, 10, 13],
			"to": [10.5, 12, 16],
			"faces": {
				"north": {"uv": [5.5, 4, 6, 6], "texture": "#0"},
				"south": {"uv": [5.5, 4, 6, 6], "texture": "#0"},
				"west": {"uv": [4.5, 6.5, 5, 7], "texture": "#0", "rotation": 270},
				"up": {"uv": [4.5, 6.5, 5, 7], "texture": "#0"},
				"down": {"uv": [7, 4, 7.5, 4.5], "texture": "#0", "rotation": 180}
			}
		},
		{
			"name": "cube",
			"from": [10, 4, 13],
			"to": [10.5, 6, 16],
			"faces": {
				"north": {"uv": [5.5, 10, 6, 12], "texture": "#0"},
				"east": {"uv": [7, 4, 7.5, 4.5], "texture": "#0", "rotation": 90},
				"south": {"uv": [5.5, 10, 6, 12], "texture": "#0"},
				"west": {"uv": [5, 6, 5.5, 6.5], "texture": "#0", "rotation": 270},
				"up": {"uv": [4.5, 6.5, 5, 7], "texture": "#0"}
			}
		},
		{
			"name": "cube",
			"from": [9.5, 10.5, 13],
			"to": [10, 12, 16],
			"faces": {
				"north": {"uv": [6, 4, 6.5, 5.5], "texture": "#0"},
				"south": {"uv": [6, 4, 6.5, 5.5], "texture": "#0"},
				"west": {"uv": [4.5, 6.5, 5, 7], "texture": "#0", "rotation": 270},
				"up": {"uv": [4.5, 6.5, 5, 7], "texture": "#0"},
				"down": {"uv": [7, 4, 7.5, 4.5], "texture": "#0", "rotation": 180}
			}
		},
		{
			"name": "cube",
			"from": [9.5, 4, 13],
			"to": [10, 5.5, 16],
			"faces": {
				"north": {"uv": [5.5, 10, 6, 11.5], "texture": "#0"},
				"east": {"uv": [7, 4, 7.5, 4.5], "texture": "#0", "rotation": 90},
				"south": {"uv": [6, 10.5, 6.5, 12], "texture": "#0"},
				"west": {"uv": [5, 6, 5.5, 6.5], "texture": "#0", "rotation": 270},
				"up": {"uv": [4.5, 6.5, 5, 7], "texture": "#0"}
			}
		},
		{
			"name": "cube",
			"from": [9, 11, 13],
			"to": [9.5, 12, 16],
			"faces": {
				"north": {"uv": [6.5, 4, 7, 5], "texture": "#0"},
				"south": {"uv": [6.5, 4, 7, 5], "texture": "#0"},
				"west": {"uv": [4.5, 6.5, 5, 7], "texture": "#0", "rotation": 270},
				"up": {"uv": [4.5, 6.5, 5, 7], "texture": "#0"},
				"down": {"uv": [7, 4, 7.5, 4.5], "texture": "#0", "rotation": 180}
			}
		},
		{
			"name": "cube",
			"from": [8.5, 4, 13],
			"to": [9, 4.5, 16],
			"faces": {
				"north": {"uv": [7, 11.5, 7.5, 12], "texture": "#0", "rotation": 180},
				"east": {"uv": [7, 4, 7.5, 4.5], "texture": "#0", "rotation": 90},
				"south": {"uv": [7, 11.5, 7.5, 12], "texture": "#0"},
				"west": {"uv": [5, 6, 5.5, 6.5], "texture": "#0", "rotation": 270},
				"up": {"uv": [4.5, 6.5, 5, 7], "texture": "#0"}
			}
		},
		{
			"name": "cube",
			"from": [8.5, 11.5, 13],
			"to": [9, 12, 16],
			"faces": {
				"north": {"uv": [7, 4, 7.5, 4.5], "texture": "#0", "rotation": 180},
				"south": {"uv": [7, 4, 7.5, 4.5], "texture": "#0"},
				"west": {"uv": [4.5, 6.5, 5, 7], "texture": "#0", "rotation": 270},
				"up": {"uv": [4.5, 6.5, 5, 7], "texture": "#0"},
				"down": {"uv": [7, 4, 7.5, 4.5], "texture": "#0", "rotation": 180}
			}
		},
		{
			"name": "cube",
			"from": [9, 4, 13],
			"to": [9.5, 5, 16],
			"faces": {
				"north": {"uv": [6.5, 11, 7, 12], "texture": "#0"},
				"east": {"uv": [7, 4, 7.5, 4.5], "texture": "#0", "rotation": 90},
				"south": {"uv": [6.5, 11, 7, 12], "texture": "#0"},
				"west": {"uv": [5, 6, 5.5, 6.5], "texture": "#0", "rotation": 270},
				"up": {"uv": [4.5, 6.5, 5, 7], "texture": "#0"}
			}
		},
		{
			"name": "cube",
			"from": [4, 4, 13],
			"to": [4.5, 7.5, 16],
			"faces": {
				"north": {"uv": [12, 8.5, 11.5, 12], "texture": "#0"},
				"east": {"uv": [7, 4, 7.5, 4.5], "texture": "#0", "rotation": 90},
				"south": {"uv": [4.5, 8.5, 4, 12], "texture": "#0"},
				"up": {"uv": [6.5, 5, 6, 5.5], "texture": "#0"}
			}
		},
		{
			"name": "cube",
			"from": [4, 8.5, 13],
			"to": [4.5, 12, 16],
			"faces": {
				"north": {"uv": [12, 4, 11.5, 7.5], "texture": "#0"},
				"east": {"uv": [5, 6, 5.5, 6.5], "texture": "#0", "rotation": 90},
				"south": {"uv": [12, 4, 11.5, 7.5], "texture": "#0"},
				"down": {"uv": [4.5, 7, 4, 7.5], "texture": "#0", "rotation": 180}
			}
		},
		{
			"name": "cube",
			"from": [4.5, 9, 13],
			"to": [5, 12, 16],
			"faces": {
				"north": {"uv": [11.5, 4, 11, 7], "texture": "#0"},
				"east": {"uv": [5, 6, 5.5, 6.5], "texture": "#0", "rotation": 90},
				"south": {"uv": [11.5, 4, 11, 7], "texture": "#0"},
				"down": {"uv": [4.5, 7, 4, 7.5], "texture": "#0", "rotation": 180}
			}
		},
		{
			"name": "cube",
			"from": [5, 4, 13],
			"to": [5.5, 6.5, 16],
			"faces": {
				"north": {"uv": [11, 9.5, 10.5, 12], "texture": "#0"},
				"east": {"uv": [7, 4, 7.5, 4.5], "texture": "#0", "rotation": 90},
				"south": {"uv": [5.5, 9.5, 5, 12], "texture": "#0"},
				"up": {"uv": [6.5, 5, 6, 5.5], "texture": "#0"}
			}
		},
		{
			"name": "cube",
			"from": [5, 9.5, 13],
			"to": [5.5, 12, 16],
			"faces": {
				"north": {"uv": [11, 4, 10.5, 6.5], "texture": "#0"},
				"east": {"uv": [5, 6, 5.5, 6.5], "texture": "#0", "rotation": 90},
				"south": {"uv": [11.5, 4.5, 11, 7], "texture": "#0"},
				"down": {"uv": [4.5, 7, 4, 7.5], "texture": "#0", "rotation": 180}
			}
		},
		{
			"name": "cube",
			"from": [4.5, 4, 13],
			"to": [5, 7, 16],
			"faces": {
				"north": {"uv": [11.5, 9, 11, 12], "texture": "#0"},
				"east": {"uv": [7, 4, 7.5, 4.5], "texture": "#0", "rotation": 90},
				"south": {"uv": [5, 9, 4.5, 12], "texture": "#0"},
				"up": {"uv": [6.5, 5, 6, 5.5], "texture": "#0"}
			}
		},
		{
			"name": "cube",
			"from": [5.5, 10, 13],
			"to": [6, 12, 16],
			"faces": {
				"north": {"uv": [10.5, 4, 10, 6], "texture": "#0"},
				"east": {"uv": [5, 6, 5.5, 6.5], "texture": "#0", "rotation": 90},
				"south": {"uv": [10.5, 4, 10, 6], "texture": "#0"},
				"down": {"uv": [4.5, 7, 4, 7.5], "texture": "#0", "rotation": 180}
			}
		},
		{
			"name": "cube",
			"from": [5.5, 4, 13],
			"to": [6, 6, 16],
			"faces": {
				"north": {"uv": [10.5, 10, 10, 12], "texture": "#0"},
				"east": {"uv": [7, 4, 7.5, 4.5], "texture": "#0", "rotation": 90},
				"south": {"uv": [6, 10, 5.5, 12], "texture": "#0"},
				"up": {"uv": [6.5, 5, 6, 5.5], "texture": "#0"}
			}
		},
		{
			"name": "cube",
			"from": [6, 10.5, 13],
			"to": [6.5, 12, 16],
			"faces": {
				"north": {"uv": [10, 4, 9.5, 5.5], "texture": "#0"},
				"east": {"uv": [5, 6, 5.5, 6.5], "texture": "#0", "rotation": 90},
				"south": {"uv": [10, 4, 9.5, 5.5], "texture": "#0"},
				"down": {"uv": [4.5, 7, 4, 7.5], "texture": "#0", "rotation": 180}
			}
		},
		{
			"name": "cube",
			"from": [6, 4, 13],
			"to": [6.5, 5.5, 16],
			"faces": {
				"north": {"uv": [10, 10.5, 9.5, 12], "texture": "#0"},
				"east": {"uv": [7, 4, 7.5, 4.5], "texture": "#0", "rotation": 90},
				"south": {"uv": [6.5, 10.5, 6, 12], "texture": "#0"},
				"up": {"uv": [6.5, 5, 6, 5.5], "texture": "#0"}
			}
		},
		{
			"name": "cube",
			"from": [6.5, 11, 13],
			"to": [7, 12, 16],
			"faces": {
				"north": {"uv": [9.5, 4, 9, 5], "texture": "#0"},
				"east": {"uv": [5, 6, 5.5, 6.5], "texture": "#0", "rotation": 90},
				"south": {"uv": [9.5, 4, 9, 5], "texture": "#0"},
				"down": {"uv": [4.5, 7, 4, 7.5], "texture": "#0", "rotation": 180}
			}
		},
		{
			"name": "cube",
			"from": [7, 4, 13],
			"to": [7.5, 4.5, 16],
			"faces": {
				"north": {"uv": [9, 11.5, 8.5, 12], "texture": "#0", "rotation": 180},
				"east": {"uv": [7, 4, 7.5, 4.5], "texture": "#0", "rotation": 90},
				"south": {"uv": [7.5, 11.5, 7, 12], "texture": "#0"},
				"up": {"uv": [6.5, 5, 6, 5.5], "texture": "#0"}
			}
		},
		{
			"name": "cube",
			"from": [7, 11.5, 13],
			"to": [7.5, 12, 16],
			"faces": {
				"north": {"uv": [9, 4, 8.5, 4.5], "texture": "#0", "rotation": 180},
				"east": {"uv": [5, 6, 5.5, 6.5], "texture": "#0", "rotation": 90},
				"south": {"uv": [9, 4, 8.5, 4.5], "texture": "#0"},
				"down": {"uv": [4.5, 7, 4, 7.5], "texture": "#0", "rotation": 180}
			}
		},
		{
			"name": "cube",
			"from": [6.5, 4, 13],
			"to": [7, 5, 16],
			"faces": {
				"north": {"uv": [9.5, 11, 9, 12], "texture": "#0"},
				"east": {"uv": [7, 4, 7.5, 4.5], "texture": "#0", "rotation": 90},
				"south": {"uv": [7, 11, 6.5, 12], "texture": "#0"},
				"up": {"uv": [6.5, 5, 6, 5.5], "texture": "#0"}
			}
		}
	],
	"groups": [
		{
			"name": "group",
			"isOpen": true,
			"export": true,
			"visibility": true,
			"children": [0, 1, 2, 3]
		},
		{
			"name": "group",
			"isOpen": true,
			"export": true,
			"visibility": true,
			"children": [4, 5, 6, 7, 8, 9, 10, 11, 12, 13, 14, 15, 16, 17]
		},
		{
			"name": "group",
			"isOpen": true,
			"export": true,
			"visibility": true,
			"children": [18, 19, 20, 21, 22, 23, 24, 25, 26, 27, 28, 29, 30, 31]
		}
	]
}