{
	"credit": "Made by SyndiShanX",
	"textures": {
		"wall": "block/walls/polished_blackstone/post",
		"wall_tb": "block/walls/polished_blackstone/post_tb",
		"snow": "block/snowy_blocks/snow",
		"snow_wall": "block/snowy_blocks/snow_wall",
		"particle": "block/polished_blackstone"
	},
	"elements": [
		{
			"name": "Center Post",
			"from": [4, 0, 4],
			"to": [12, 16, 12],
			"faces": {
				"north": {"uv": [3.99, 0, 12.01, 16], "texture": "#wall"},
				"east": {"uv": [3.99, 0, 12.01, 16], "texture": "#wall"},
				"south": {"uv": [3.99, 0, 12.01, 16], "texture": "#wall"},
				"west": {"uv": [3.99, 0, 12.01, 16], "texture": "#wall"},
				"up": {"uv": [3.99, 3.99, 12.01, 12.01], "texture": "#wall"}
			}
		},
		{
			"name": "Center Post Snow",
			"from": [3.99, 0, 3.99],
			"to": [12.01, 16.01, 12.01],
			"faces": {
				"north": {"uv": [4, 0, 12, 16], "texture": "#snow_wall"},
				"east": {"uv": [4, 0, 12, 16], "texture": "#snow_wall"},
				"south": {"uv": [4, 0, 12, 16], "texture": "#snow_wall"},
				"west": {"uv": [4, 0, 12, 16], "texture": "#snow_wall"},
				"up": {"uv": [4, 4, 12, 12], "texture": "#snow", "cullface": "up"}
			}
		}
	]
}