{ "ambientocclusion": false,
	"textures": {
		"1": "block/fern_ground",
		"2": "block/fern_ns_lower",
		"3": "block/fern_ew_lower",
		"4": "block/fern_ns_upper",
		"5": "block/fern_ew_upper",
		"particle": "block/fern_ground"
	},
	"elements": [
		{
			"from": [-2, 3.5, -2],
			"to": [18, 3.5, 18],
			"shade": false,
			"rotation": {"angle": 45, "axis": "y", "origin": [8, 3.5, 8]},
			"faces": {
				"up": {"uv": [0, 0, 10, 10], "rotation": 270, "texture": "#1", "tintindex": 0},
				"down": {"uv": [0, 10, 10, 0], "rotation": 90, "texture": "#1", "tintindex": 0}
			}
		},
		{
			"from": [4, 8.82913, -6.36325],
			"to": [12, 8.82913, 9.63675],
			"shade": false,
			"faces": {
				"up": {"uv": [16, 0, 8, 16], "texture": "#4", "cullface": "north", "tintindex": 0},
				"down": {"uv": [16, 16, 8, 0], "texture": "#4", "cullface": "north", "tintindex": 0}
			}
		},
		{
			"from": [4, 3.5, -6.5],
			"to": [12, 3.5, 9.5],
			"shade": false,
			"rotation": {"angle": 45, "axis": "x", "origin": [8, 6, 8]},
			"faces": {
				"up": {"uv": [8, 16, 16, 0], "rotation": 180, "texture": "#2", "cullface": "north", "tintindex": 0},
				"down": {"uv": [8, 0, 16, 16], "rotation": 180, "texture": "#2", "cullface": "north", "tintindex": 0}
			}
		},
		{
			"from": [4, 3.5, 6.5],
			"to": [12, 3.5, 22.5],
			"shade": false,
			"rotation": {"angle": -45, "axis": "x", "origin": [8, 6, 8]},
			"faces": {
				"up": {"uv": [0, 0, 8, 16], "rotation": 180, "texture": "#2", "cullface": "south", "tintindex": 0},
				"down": {"uv": [0, 16, 8, 0], "rotation": 180, "texture": "#2", "cullface": "south", "tintindex": 0}
			}
		},
		{
			"from": [4, 8.82913, 6.36325],
			"to": [12, 8.82913, 22.36325],
			"shade": false,
			"faces": {
				"up": {"uv": [8, 16, 0, 0], "texture": "#4", "cullface": "south", "tintindex": 0},
				"down": {"uv": [8, 0, 0, 16], "texture": "#4", "cullface": "south", "tintindex": 0}
			}
		},
		{
			"from": [-7.53553, 4.5, 4],
			"to": [8.46447, 4.5, 12],
			"shade": false,
			"rotation": {"angle": -22.5, "axis": "z", "origin": [4.46447, 6, 8]},
			"faces": {
				"up": {"uv": [0, 0, 8, 16], "rotation": 270, "texture": "#3", "cullface": "west", "tintindex": 0},
				"down": {"uv": [0, 16, 8, 0], "rotation": 90, "texture": "#3", "cullface": "west", "tintindex": 0}
			}
		},
		{
			"from": [-7.80469, 6.14584, 4],
			"to": [8.19531, 6.14584, 12],
			"shade": false,
			"faces": {
				"up": {"uv": [8, 16, 0, 0], "rotation": 90, "texture": "#5", "cullface": "west", "tintindex": 0},
				"down": {"uv": [8, 0, 0, 16], "rotation": 270, "texture": "#5", "cullface": "west", "tintindex": 0}
			}
		},
		{
			"from": [7.53553, 4.5, 4],
			"to": [23.53553, 4.5, 12],
			"shade": false,
			"rotation": {"angle": 22.5, "axis": "z", "origin": [11.53553, 6, 8]},
			"faces": {
				"up": {"uv": [8, 16, 16, 0], "rotation": 270, "texture": "#3", "cullface": "east", "tintindex": 0},
				"down": {"uv": [8, 0, 16, 16], "rotation": 90, "texture": "#3", "cullface": "east", "tintindex": 0}
			}
		},
		{
			"from": [7.80469, 6.14584, 4],
			"to": [23.80469, 6.14584, 12],
			"shade": false,
			"faces": {
				"up": {"uv": [16, 0, 8, 16], "rotation": 90, "texture": "#5", "cullface": "east", "tintindex": 0},
				"down": {"uv": [16, 16, 8, 0], "rotation": 270, "texture": "#5", "cullface": "east", "tintindex": 0}
			}
		}
	]
}