{
    "variants": {
        "hanging=false,facing=up":[
			{ "model": "block/lantern/lantern" },
			{ "model": "block/lantern/lantern_2" },
			{ "model": "block/lantern/lantern_3" }
		],
		"hanging=true, facing=down": [
			{ "model": "block/lantern/lantern_hanging" },
			{ "model": "block/lantern/lantern_hanging_2" }
		],
		"hanging=false,facing=north":
			{"model":"walllanterns:block/wall_lantern"},
		"hanging=false,facing=east":
			{"model":"walllanterns:block/wall_lantern","y":90},
		"hanging=false,facing=south":
			{"model":"walllanterns:block/wall_lantern","y":180},
		"hanging=false,facing=west":
			{"model":"walllanterns:block/wall_lantern","y":270}
    }
}




