{
    "variants": {
        "hanging=false, facing=up":[
			{ "model": "block/soul_lantern/soul_lantern" },
			{ "model": "block/soul_lantern/soul_lantern_2" },
			{ "model": "block/soul_lantern/soul_lantern_3" }
		],
		"hanging=true, facing=down": [
			{ "model": "block/soul_lantern/soul_lantern_hanging" },
			{ "model": "block/soul_lantern/soul_lantern_hanging_2" }
		],
		"hanging=false,facing=north":
			{"model":"walllanterns:block/wall_soul_lantern"},
		"hanging=false,facing=east":
			{"model":"walllanterns:block/wall_soul_lantern","y":90},
		"hanging=false,facing=south":
			{"model":"walllanterns:block/wall_soul_lantern","y":180},
		"hanging=false,facing=west":
			{"model":"walllanterns:block/wall_soul_lantern","y":270}
    }
}