{
	"credit": "Made by Starseeker with Blockbench",
	"ambientocclusion": false,
	"textures": {
		"1": "block/plants/tulip_models/white",
		"particle": "block/plants/white_tulip/0"
	},
	"elements": [
		{
			"name": "Stamen",
			"from": [11.5, 10, 8.5],
			"to": [12.5, 13, 9.5],
			"shade": false,
			"rotation": {"angle": 0, "axis": "y", "origin": [12, 9.92929, 9]},
			"faces": {
				"north": {"uv": [9, 0, 10, 3], "texture": "#1"},
				"east": {"uv": [9, 0, 10, 3], "texture": "#1"},
				"south": {"uv": [9, 0, 10, 3], "texture": "#1"},
				"west": {"uv": [9, 0, 10, 3], "texture": "#1"},
				"up": {"uv": [10, 0, 11, 1], "texture": "#1"},
				"down": {"uv": [14, 0, 16, 2], "texture": "#1"}
			}
		},
		{
			"name": "Inner petals outer",
			"from": [10.75, 10.01, 7.75],
			"to": [13.25, 14, 10.25],
			"shade": false,
			"rotation": {"angle": 45, "axis": "y", "origin": [12, 9.92929, 9]},
			"faces": {
				"north": {"uv": [6, 0, 8.5, 4], "texture": "#1"},
				"east": {"uv": [6, 0, 8.5, 4], "texture": "#1"},
				"south": {"uv": [6, 0, 8.5, 4], "texture": "#1"},
				"west": {"uv": [6, 0, 8.5, 4], "texture": "#1"},
				"up": {"uv": [13.5, 0, 16, 2.5], "texture": "#1"},
				"down": {"uv": [0, 0, 0, 0], "texture": "#1"}
			}
		},
		{
			"name": "Inner petals inner",
			"from": [10.75, 14, 7.75],
			"to": [13.25, 10, 10.25],
			"shade": false,
			"rotation": {"angle": 45, "axis": "y", "origin": [12, 9.92929, 9]},
			"faces": {
				"north": {"uv": [6, 4, 8.5, 0], "texture": "#1"},
				"east": {"uv": [6, 4, 8.5, 0], "texture": "#1"},
				"south": {"uv": [6, 4, 8.5, 0], "texture": "#1"},
				"west": {"uv": [6, 4, 8.5, 0], "texture": "#1"},
				"up": {"uv": [13.5, 0, 16, 2.5], "texture": "#1"},
				"down": {"uv": [13.5, 0, 16, 2.5], "texture": "#1"}
			}
		},
		{
			"name": "Outer petals inner",
			"from": [10.5, 14, 7.5],
			"to": [13.5, 10, 10.5],
			"shade": false,
			"rotation": {"angle": 0, "axis": "y", "origin": [12, 9.92929, 9]},
			"faces": {
				"north": {"uv": [0, 4, 3, 0], "texture": "#1"},
				"east": {"uv": [0, 4, 3, 0], "texture": "#1"},
				"south": {"uv": [0, 4, 3, 0], "texture": "#1"},
				"west": {"uv": [0, 4, 3, 0], "texture": "#1"},
				"up": {"uv": [3, 0, 6, 3], "texture": "#1"},
				"down": {"uv": [13, 0, 16, 3], "texture": "#1"}
			}
		},
		{
			"name": "Outer petals outer",
			"from": [10.5, 10, 7.5],
			"to": [13.5, 14, 10.5],
			"shade": false,
			"rotation": {"angle": 0, "axis": "y", "origin": [12, 9.92929, 9]},
			"faces": {
				"north": {"uv": [0, 0, 3, 4], "texture": "#1"},
				"east": {"uv": [0, 0, 3, 4], "texture": "#1"},
				"south": {"uv": [0, 0, 3, 4], "texture": "#1"},
				"west": {"uv": [0, 0, 3, 4], "texture": "#1"},
				"up": {"uv": [13, 0, 16, 3], "texture": "#1"},
				"down": {"uv": [3, 0, 6, 3], "texture": "#1"}
			}
		},
		{
			"name": "Stem plane 2",
			"from": [12, 0, 6],
			"to": [12, 10, 12],
			"shade": false,
			"rotation": {"angle": -45, "axis": "y", "origin": [12, 9.92929, 9]},
			"faces": {
				"north": {"uv": [0, 0, 0, 10], "texture": "#1"},
				"east": {"uv": [0, 6, 6, 16], "texture": "#1"},
				"south": {"uv": [0, 0, 0, 10], "texture": "#1"},
				"west": {"uv": [6, 6, 0, 16], "texture": "#1"},
				"up": {"uv": [0, 0, 0, 6], "texture": "#1"},
				"down": {"uv": [0, 0, 0, 6], "texture": "#1"}
			}
		},
		{
			"name": "Stem plane 1",
			"from": [12, 0, 6],
			"to": [12, 10, 12],
			"shade": false,
			"rotation": {"angle": 45, "axis": "y", "origin": [12, 9.92929, 9]},
			"faces": {
				"north": {"uv": [0, 0, 0, 10], "texture": "#1"},
				"east": {"uv": [0, 6, 6, 16], "texture": "#1"},
				"south": {"uv": [0, 0, 0, 10], "texture": "#1"},
				"west": {"uv": [6, 6, 0, 16], "texture": "#1"},
				"up": {"uv": [0, 0, 0, 6], "texture": "#1"},
				"down": {"uv": [0, 0, 0, 6], "texture": "#1"}
			}
		},
		{
			"name": "Stamen",
			"from": [6.5, 9, 11.5],
			"to": [7.5, 12, 12.5],
			"shade": false,
			"rotation": {"angle": 22.5, "axis": "y", "origin": [7, 8.92929, 12]},
			"faces": {
				"north": {"uv": [9, 0, 10, 3], "texture": "#1"},
				"east": {"uv": [9, 0, 10, 3], "texture": "#1"},
				"south": {"uv": [9, 0, 10, 3], "texture": "#1"},
				"west": {"uv": [9, 0, 10, 3], "texture": "#1"},
				"up": {"uv": [10, 0, 11, 1], "texture": "#1"},
				"down": {"uv": [14, 0, 16, 2], "texture": "#1"}
			}
		},
		{
			"name": "Inner petals outer",
			"from": [5.75, 9.01, 10.75],
			"to": [8.25, 13, 13.25],
			"shade": false,
			"rotation": {"angle": -22.5, "axis": "y", "origin": [7, 8.92929, 12]},
			"faces": {
				"north": {"uv": [6, 0, 8.5, 4], "texture": "#1"},
				"east": {"uv": [6, 0, 8.5, 4], "texture": "#1"},
				"south": {"uv": [6, 0, 8.5, 4], "texture": "#1"},
				"west": {"uv": [6, 0, 8.5, 4], "texture": "#1"},
				"up": {"uv": [13.5, 0, 16, 2.5], "rotation": 270, "texture": "#1"},
				"down": {"uv": [0, 0, 0, 0], "rotation": 90, "texture": "#1"}
			}
		},
		{
			"name": "Inner petals inner",
			"from": [5.75, 13, 10.75],
			"to": [8.25, 9, 13.25],
			"shade": false,
			"rotation": {"angle": -22.5, "axis": "y", "origin": [7, 8.92929, 12]},
			"faces": {
				"north": {"uv": [6, 4, 8.5, 0], "texture": "#1"},
				"east": {"uv": [6, 4, 8.5, 0], "texture": "#1"},
				"south": {"uv": [6, 4, 8.5, 0], "texture": "#1"},
				"west": {"uv": [6, 4, 8.5, 0], "texture": "#1"},
				"up": {"uv": [13.5, 0, 16, 2.5], "rotation": 270, "texture": "#1"},
				"down": {"uv": [13.5, 0, 16, 2.5], "rotation": 90, "texture": "#1"}
			}
		},
		{
			"name": "Outer petals inner",
			"from": [5.5, 13, 10.5],
			"to": [8.5, 9, 13.5],
			"shade": false,
			"rotation": {"angle": 22.5, "axis": "y", "origin": [7, 8.92929, 12]},
			"faces": {
				"north": {"uv": [0, 4, 3, 0], "texture": "#1"},
				"east": {"uv": [0, 4, 3, 0], "texture": "#1"},
				"south": {"uv": [0, 4, 3, 0], "texture": "#1"},
				"west": {"uv": [0, 4, 3, 0], "texture": "#1"},
				"up": {"uv": [3, 0, 6, 3], "texture": "#1"},
				"down": {"uv": [13, 0, 16, 3], "texture": "#1"}
			}
		},
		{
			"name": "Outer petals outer",
			"from": [5.5, 9, 10.5],
			"to": [8.5, 13, 13.5],
			"shade": false,
			"rotation": {"angle": 22.5, "axis": "y", "origin": [7, 8.92929, 12]},
			"faces": {
				"north": {"uv": [0, 0, 3, 4], "texture": "#1"},
				"east": {"uv": [0, 0, 3, 4], "texture": "#1"},
				"south": {"uv": [0, 0, 3, 4], "texture": "#1"},
				"west": {"uv": [0, 0, 3, 4], "texture": "#1"},
				"up": {"uv": [13, 0, 16, 3], "texture": "#1"},
				"down": {"uv": [3, 0, 6, 3], "texture": "#1"}
			}
		},
		{
			"name": "Stem plane 3",
			"from": [7, -1, 9],
			"to": [7, 9, 15],
			"shade": false,
			"rotation": {"angle": -22.5, "axis": "y", "origin": [7, 8.92929, 12]},
			"faces": {
				"north": {"uv": [0, 0, 0, 10], "texture": "#1"},
				"east": {"uv": [0, 6, 6, 16], "texture": "#1"},
				"south": {"uv": [0, 0, 0, 10], "texture": "#1"},
				"west": {"uv": [6, 6, 0, 16], "texture": "#1"},
				"up": {"uv": [0, 0, 0, 6], "texture": "#1"},
				"down": {"uv": [0, 0, 0, 6], "texture": "#1"}
			}
		},
		{
			"name": "Stem plane 2",
			"from": [4, -1, 12],
			"to": [10, 9, 12],
			"shade": false,
			"rotation": {"angle": -22.5, "axis": "y", "origin": [7, 8.92929, 12]},
			"faces": {
				"north": {"uv": [0, 6, 6, 16], "texture": "#1"},
				"east": {"uv": [0, 0, 0, 10], "texture": "#1"},
				"south": {"uv": [6, 6, 0, 16], "texture": "#1"},
				"west": {"uv": [0, 0, 0, 10], "texture": "#1"},
				"up": {"uv": [0, 0, 0, 6], "rotation": 270, "texture": "#1"},
				"down": {"uv": [0, 0, 0, 6], "rotation": 90, "texture": "#1"}
			}
		},
		{
			"name": "Stamen",
			"from": [8.5, 9.5, 3.5],
			"to": [9.5, 12.5, 4.5],
			"shade": false,
			"rotation": {"angle": 45, "axis": "y", "origin": [9, 9.42929, 4]},
			"faces": {
				"north": {"uv": [9, 0, 10, 3], "texture": "#1"},
				"east": {"uv": [9, 0, 10, 3], "texture": "#1"},
				"south": {"uv": [9, 0, 10, 3], "texture": "#1"},
				"west": {"uv": [9, 0, 10, 3], "texture": "#1"},
				"up": {"uv": [10, 0, 11, 1], "texture": "#1"},
				"down": {"uv": [14, 0, 16, 2], "texture": "#1"}
			}
		},
		{
			"name": "Inner petals outer",
			"from": [7.75, 9.51, 2.75],
			"to": [10.25, 13.5, 5.25],
			"shade": false,
			"rotation": {"angle": 0, "axis": "y", "origin": [9, 9.42929, 4]},
			"faces": {
				"north": {"uv": [6, 0, 8.5, 4], "texture": "#1"},
				"east": {"uv": [6, 0, 8.5, 4], "texture": "#1"},
				"south": {"uv": [6, 0, 8.5, 4], "texture": "#1"},
				"west": {"uv": [6, 0, 8.5, 4], "texture": "#1"},
				"up": {"uv": [13.5, 0, 16, 2.5], "rotation": 270, "texture": "#1"},
				"down": {"uv": [0, 0, 0, 0], "rotation": 90, "texture": "#1"}
			}
		},
		{
			"name": "Inner petals inner",
			"from": [7.75, 13.5, 2.75],
			"to": [10.25, 9.5, 5.25],
			"shade": false,
			"rotation": {"angle": 0, "axis": "y", "origin": [9, 9.42929, 4]},
			"faces": {
				"north": {"uv": [6, 4, 8.5, 0], "texture": "#1"},
				"east": {"uv": [6, 4, 8.5, 0], "texture": "#1"},
				"south": {"uv": [6, 4, 8.5, 0], "texture": "#1"},
				"west": {"uv": [6, 4, 8.5, 0], "texture": "#1"},
				"up": {"uv": [13.5, 0, 16, 2.5], "rotation": 270, "texture": "#1"},
				"down": {"uv": [13.5, 0, 16, 2.5], "rotation": 90, "texture": "#1"}
			}
		},
		{
			"name": "Outer petals inner",
			"from": [7.5, 13.5, 2.5],
			"to": [10.5, 9.5, 5.5],
			"shade": false,
			"rotation": {"angle": 45, "axis": "y", "origin": [9, 9.42929, 4]},
			"faces": {
				"north": {"uv": [0, 4, 3, 0], "texture": "#1"},
				"east": {"uv": [0, 4, 3, 0], "texture": "#1"},
				"south": {"uv": [0, 4, 3, 0], "texture": "#1"},
				"west": {"uv": [0, 4, 3, 0], "texture": "#1"},
				"up": {"uv": [3, 0, 6, 3], "texture": "#1"},
				"down": {"uv": [13, 0, 16, 3], "texture": "#1"}
			}
		},
		{
			"name": "Outer petals outer",
			"from": [7.5, 9.5, 2.5],
			"to": [10.5, 13.5, 5.5],
			"shade": false,
			"rotation": {"angle": 45, "axis": "y", "origin": [9, 9.42929, 4]},
			"faces": {
				"north": {"uv": [0, 0, 3, 4], "texture": "#1"},
				"east": {"uv": [0, 0, 3, 4], "texture": "#1"},
				"south": {"uv": [0, 0, 3, 4], "texture": "#1"},
				"west": {"uv": [0, 0, 3, 4], "texture": "#1"},
				"up": {"uv": [13, 0, 16, 3], "texture": "#1"},
				"down": {"uv": [3, 0, 6, 3], "texture": "#1"}
			}
		},
		{
			"name": "Stem plane 3",
			"from": [9, -0.5, 1],
			"to": [9, 9.5, 7],
			"shade": false,
			"rotation": {"angle": 0, "axis": "y", "origin": [9, 9.42929, 4]},
			"faces": {
				"north": {"uv": [0, 0, 0, 10], "texture": "#1"},
				"east": {"uv": [0, 6, 6, 16], "texture": "#1"},
				"south": {"uv": [0, 0, 0, 10], "texture": "#1"},
				"west": {"uv": [6, 6, 0, 16], "texture": "#1"},
				"up": {"uv": [0, 0, 0, 6], "texture": "#1"},
				"down": {"uv": [0, 0, 0, 6], "texture": "#1"}
			}
		},
		{
			"name": "Stem plane 2",
			"from": [6, -0.5, 4],
			"to": [12, 9.5, 4],
			"shade": false,
			"rotation": {"angle": 0, "axis": "y", "origin": [9, 9.42929, 4]},
			"faces": {
				"north": {"uv": [0, 6, 6, 16], "texture": "#1"},
				"east": {"uv": [0, 0, 0, 10], "texture": "#1"},
				"south": {"uv": [6, 6, 0, 16], "texture": "#1"},
				"west": {"uv": [0, 0, 0, 10], "texture": "#1"},
				"up": {"uv": [0, 0, 0, 6], "rotation": 270, "texture": "#1"},
				"down": {"uv": [0, 0, 0, 6], "rotation": 90, "texture": "#1"}
			}
		},
		{
			"name": "Stamen",
			"from": [3.5, 9.75, 6.5],
			"to": [4.5, 12.75, 7.5],
			"shade": false,
			"rotation": {"angle": -22.5, "axis": "y", "origin": [4, 9.67929, 7]},
			"faces": {
				"north": {"uv": [9, 0, 10, 3], "texture": "#1"},
				"east": {"uv": [9, 0, 10, 3], "texture": "#1"},
				"south": {"uv": [9, 0, 10, 3], "texture": "#1"},
				"west": {"uv": [9, 0, 10, 3], "texture": "#1"},
				"up": {"uv": [10, 0, 11, 1], "rotation": 270, "texture": "#1"},
				"down": {"uv": [14, 0, 16, 2], "rotation": 90, "texture": "#1"}
			}
		},
		{
			"name": "Inner petals outer",
			"from": [2.75, 9.76, 5.75],
			"to": [5.25, 13.75, 8.25],
			"shade": false,
			"rotation": {"angle": 22.5, "axis": "y", "origin": [4, 9.67929, 7]},
			"faces": {
				"north": {"uv": [6, 0, 8.5, 4], "texture": "#1"},
				"east": {"uv": [6, 0, 8.5, 4], "texture": "#1"},
				"south": {"uv": [6, 0, 8.5, 4], "texture": "#1"},
				"west": {"uv": [6, 0, 8.5, 4], "texture": "#1"},
				"up": {"uv": [13.5, 0, 16, 2.5], "rotation": 270, "texture": "#1"},
				"down": {"uv": [0, 0, 0, 0], "rotation": 90, "texture": "#1"}
			}
		},
		{
			"name": "Inner petals inner",
			"from": [2.75, 13.75, 5.75],
			"to": [5.25, 9.75, 8.25],
			"shade": false,
			"rotation": {"angle": 22.5, "axis": "y", "origin": [4, 9.67929, 7]},
			"faces": {
				"north": {"uv": [6, 4, 8.5, 0], "texture": "#1"},
				"east": {"uv": [6, 4, 8.5, 0], "texture": "#1"},
				"south": {"uv": [6, 4, 8.5, 0], "texture": "#1"},
				"west": {"uv": [6, 4, 8.5, 0], "texture": "#1"},
				"up": {"uv": [13.5, 0, 16, 2.5], "rotation": 270, "texture": "#1"},
				"down": {"uv": [13.5, 0, 16, 2.5], "rotation": 90, "texture": "#1"}
			}
		},
		{
			"name": "Outer petals inner",
			"from": [2.5, 13.75, 5.5],
			"to": [5.5, 9.75, 8.5],
			"shade": false,
			"rotation": {"angle": -22.5, "axis": "y", "origin": [4, 9.67929, 7]},
			"faces": {
				"north": {"uv": [0, 4, 3, 0], "texture": "#1"},
				"east": {"uv": [0, 4, 3, 0], "texture": "#1"},
				"south": {"uv": [0, 4, 3, 0], "texture": "#1"},
				"west": {"uv": [0, 4, 3, 0], "texture": "#1"},
				"up": {"uv": [3, 0, 6, 3], "rotation": 270, "texture": "#1"},
				"down": {"uv": [13, 0, 16, 3], "rotation": 90, "texture": "#1"}
			}
		},
		{
			"name": "Outer petals outer",
			"from": [2.5, 9.75, 5.5],
			"to": [5.5, 13.75, 8.5],
			"shade": false,
			"rotation": {"angle": -22.5, "axis": "y", "origin": [4, 9.67929, 7]},
			"faces": {
				"north": {"uv": [0, 0, 3, 4], "texture": "#1"},
				"east": {"uv": [0, 0, 3, 4], "texture": "#1"},
				"south": {"uv": [0, 0, 3, 4], "texture": "#1"},
				"west": {"uv": [0, 0, 3, 4], "texture": "#1"},
				"up": {"uv": [13, 0, 16, 3], "rotation": 270, "texture": "#1"},
				"down": {"uv": [3, 0, 6, 3], "rotation": 90, "texture": "#1"}
			}
		},
		{
			"name": "Stem plane 3",
			"from": [4, -0.25, 4],
			"to": [4, 9.75, 10],
			"shade": false,
			"rotation": {"angle": 22.5, "axis": "y", "origin": [4, 9.67929, 7]},
			"faces": {
				"north": {"uv": [0, 0, 0, 10], "texture": "#1"},
				"east": {"uv": [0, 6, 6, 16], "texture": "#1"},
				"south": {"uv": [0, 0, 0, 10], "texture": "#1"},
				"west": {"uv": [6, 6, 0, 16], "texture": "#1"},
				"up": {"uv": [0, 0, 0, 6], "texture": "#1"},
				"down": {"uv": [0, 0, 0, 6], "texture": "#1"}
			}
		},
		{
			"name": "Stem plane 2",
			"from": [1, -0.25, 7],
			"to": [7, 9.75, 7],
			"shade": false,
			"rotation": {"angle": 22.5, "axis": "y", "origin": [4, 9.67929, 7]},
			"faces": {
				"north": {"uv": [0, 6, 6, 16], "texture": "#1"},
				"east": {"uv": [0, 0, 0, 10], "texture": "#1"},
				"south": {"uv": [6, 6, 0, 16], "texture": "#1"},
				"west": {"uv": [0, 0, 0, 10], "texture": "#1"},
				"up": {"uv": [0, 0, 0, 6], "rotation": 270, "texture": "#1"},
				"down": {"uv": [0, 0, 0, 6], "rotation": 90, "texture": "#1"}
			}
		}
	],
	"groups": [
		{
			"name": "Flower",
			"origin": [8, 0, 8],
			"color": 0,
			"shade": false,
			"children": [0, 1, 2, 3, 4, 5, 6]
		},
		{
			"name": "Flower",
			"origin": [8, 0, 8],
			"color": 0,
			"shade": false,
			"children": [7, 8, 9, 10, 11, 12, 13]
		},
		{
			"name": "Flower",
			"origin": [8, 0, 8],
			"color": 0,
			"shade": false,
			"children": [14, 15, 16, 17, 18, 19, 20]
		},
		{
			"name": "Flower",
			"origin": [8, 0, 8],
			"color": 0,
			"shade": false,
			"children": [21, 22, 23, 24, 25, 26, 27]
		}
	]
}