{
	"credit": "Made by Starseeker with Blockbench",
	"ambientocclusion": false,
	"textures": {
		"1": "block/plants/tulip_models/white",
		"particle": "block/plants/white_tulip/0"
	},
	"elements": [
		{
			"name": "Stamen",
			"from": [4.5, 10, 10.5],
			"to": [5.5, 13, 11.5],
			"shade": false,
			"rotation": {"angle": 0, "axis": "y", "origin": [5, 9.92929, 11]},
			"faces": {
				"north": {"uv": [9, 0, 10, 3], "texture": "#1"},
				"east": {"uv": [9, 0, 10, 3], "texture": "#1"},
				"south": {"uv": [9, 0, 10, 3], "texture": "#1"},
				"west": {"uv": [9, 0, 10, 3], "texture": "#1"},
				"up": {"uv": [10, 0, 11, 1], "texture": "#1"},
				"down": {"uv": [14, 0, 16, 2], "texture": "#1"}
			}
		},
		{
			"name": "Inner petals outer",
			"from": [3.75, 10.01, 9.75],
			"to": [6.25, 14, 12.25],
			"shade": false,
			"rotation": {"angle": 45, "axis": "y", "origin": [5, 9.92929, 11]},
			"faces": {
				"north": {"uv": [6, 0, 8.5, 4], "texture": "#1"},
				"east": {"uv": [6, 0, 8.5, 4], "texture": "#1"},
				"south": {"uv": [6, 0, 8.5, 4], "texture": "#1"},
				"west": {"uv": [6, 0, 8.5, 4], "texture": "#1"},
				"up": {"uv": [13.5, 0, 16, 2.5], "texture": "#1"},
				"down": {"uv": [0, 0, 0, 0], "texture": "#1"}
			}
		},
		{
			"name": "Inner petals inner",
			"from": [3.75, 14, 9.75],
			"to": [6.25, 10, 12.25],
			"shade": false,
			"rotation": {"angle": 45, "axis": "y", "origin": [5, 9.92929, 11]},
			"faces": {
				"north": {"uv": [6, 4, 8.5, 0], "texture": "#1"},
				"east": {"uv": [6, 4, 8.5, 0], "texture": "#1"},
				"south": {"uv": [6, 4, 8.5, 0], "texture": "#1"},
				"west": {"uv": [6, 4, 8.5, 0], "texture": "#1"},
				"up": {"uv": [13.5, 0, 16, 2.5], "texture": "#1"},
				"down": {"uv": [13.5, 0, 16, 2.5], "texture": "#1"}
			}
		},
		{
			"name": "Outer petals inner",
			"from": [3.5, 14, 9.5],
			"to": [6.5, 10, 12.5],
			"shade": false,
			"rotation": {"angle": 0, "axis": "y", "origin": [5, 9.92929, 11]},
			"faces": {
				"north": {"uv": [0, 4, 3, 0], "texture": "#1"},
				"east": {"uv": [0, 4, 3, 0], "texture": "#1"},
				"south": {"uv": [0, 4, 3, 0], "texture": "#1"},
				"west": {"uv": [0, 4, 3, 0], "texture": "#1"},
				"up": {"uv": [3, 0, 6, 3], "texture": "#1"},
				"down": {"uv": [13, 0, 16, 3], "texture": "#1"}
			}
		},
		{
			"name": "Outer petals outer",
			"from": [3.5, 10, 9.5],
			"to": [6.5, 14, 12.5],
			"shade": false,
			"rotation": {"angle": 0, "axis": "y", "origin": [5, 9.92929, 11]},
			"faces": {
				"north": {"uv": [0, 0, 3, 4], "texture": "#1"},
				"east": {"uv": [0, 0, 3, 4], "texture": "#1"},
				"south": {"uv": [0, 0, 3, 4], "texture": "#1"},
				"west": {"uv": [0, 0, 3, 4], "texture": "#1"},
				"up": {"uv": [13, 0, 16, 3], "texture": "#1"},
				"down": {"uv": [3, 0, 6, 3], "texture": "#1"}
			}
		},
		{
			"name": "Stem plane 2",
			"from": [5, 0, 8],
			"to": [5, 10, 14],
			"shade": false,
			"rotation": {"angle": -45, "axis": "y", "origin": [5, 9.92929, 11]},
			"faces": {
				"north": {"uv": [0, 0, 0, 10], "texture": "#1"},
				"east": {"uv": [0, 6, 6, 16], "texture": "#1"},
				"south": {"uv": [0, 0, 0, 10], "texture": "#1"},
				"west": {"uv": [6, 6, 0, 16], "texture": "#1"},
				"up": {"uv": [0, 0, 0, 6], "texture": "#1"},
				"down": {"uv": [0, 0, 0, 6], "texture": "#1"}
			}
		},
		{
			"name": "Stem plane 1",
			"from": [5, 0, 8],
			"to": [5, 10, 14],
			"shade": false,
			"rotation": {"angle": 45, "axis": "y", "origin": [5, 9.92929, 11]},
			"faces": {
				"north": {"uv": [0, 0, 0, 10], "texture": "#1"},
				"east": {"uv": [0, 6, 6, 16], "texture": "#1"},
				"south": {"uv": [0, 0, 0, 10], "texture": "#1"},
				"west": {"uv": [6, 6, 0, 16], "texture": "#1"},
				"up": {"uv": [0, 0, 0, 6], "texture": "#1"},
				"down": {"uv": [0, 0, 0, 6], "texture": "#1"}
			}
		},
		{
			"name": "Stamen",
			"from": [5.5, 9.5, 4.5],
			"to": [6.5, 12.5, 5.5],
			"shade": false,
			"rotation": {"angle": 22.5, "axis": "y", "origin": [6, 9.42929, 5]},
			"faces": {
				"north": {"uv": [9, 0, 10, 3], "texture": "#1"},
				"east": {"uv": [9, 0, 10, 3], "texture": "#1"},
				"south": {"uv": [9, 0, 10, 3], "texture": "#1"},
				"west": {"uv": [9, 0, 10, 3], "texture": "#1"},
				"up": {"uv": [10, 0, 11, 1], "texture": "#1"},
				"down": {"uv": [14, 0, 16, 2], "texture": "#1"}
			}
		},
		{
			"name": "Inner petals outer",
			"from": [4.75, 9.51, 3.75],
			"to": [7.25, 13.5, 6.25],
			"shade": false,
			"rotation": {"angle": -22.5, "axis": "y", "origin": [6, 9.42929, 5]},
			"faces": {
				"north": {"uv": [6, 0, 8.5, 4], "texture": "#1"},
				"east": {"uv": [6, 0, 8.5, 4], "texture": "#1"},
				"south": {"uv": [6, 0, 8.5, 4], "texture": "#1"},
				"west": {"uv": [6, 0, 8.5, 4], "texture": "#1"},
				"up": {"uv": [13.5, 0, 16, 2.5], "rotation": 270, "texture": "#1"},
				"down": {"uv": [0, 0, 0, 0], "rotation": 90, "texture": "#1"}
			}
		},
		{
			"name": "Inner petals inner",
			"from": [4.75, 13.5, 3.75],
			"to": [7.25, 9.5, 6.25],
			"shade": false,
			"rotation": {"angle": -22.5, "axis": "y", "origin": [6, 9.42929, 5]},
			"faces": {
				"north": {"uv": [6, 4, 8.5, 0], "texture": "#1"},
				"east": {"uv": [6, 4, 8.5, 0], "texture": "#1"},
				"south": {"uv": [6, 4, 8.5, 0], "texture": "#1"},
				"west": {"uv": [6, 4, 8.5, 0], "texture": "#1"},
				"up": {"uv": [13.5, 0, 16, 2.5], "rotation": 270, "texture": "#1"},
				"down": {"uv": [13.5, 0, 16, 2.5], "rotation": 90, "texture": "#1"}
			}
		},
		{
			"name": "Outer petals inner",
			"from": [4.5, 13.5, 3.5],
			"to": [7.5, 9.5, 6.5],
			"shade": false,
			"rotation": {"angle": 22.5, "axis": "y", "origin": [6, 9.42929, 5]},
			"faces": {
				"north": {"uv": [0, 4, 3, 0], "texture": "#1"},
				"east": {"uv": [0, 4, 3, 0], "texture": "#1"},
				"south": {"uv": [0, 4, 3, 0], "texture": "#1"},
				"west": {"uv": [0, 4, 3, 0], "texture": "#1"},
				"up": {"uv": [3, 0, 6, 3], "texture": "#1"},
				"down": {"uv": [13, 0, 16, 3], "texture": "#1"}
			}
		},
		{
			"name": "Outer petals outer",
			"from": [4.5, 9.5, 3.5],
			"to": [7.5, 13.5, 6.5],
			"shade": false,
			"rotation": {"angle": 22.5, "axis": "y", "origin": [6, 9.42929, 5]},
			"faces": {
				"north": {"uv": [0, 0, 3, 4], "texture": "#1"},
				"east": {"uv": [0, 0, 3, 4], "texture": "#1"},
				"south": {"uv": [0, 0, 3, 4], "texture": "#1"},
				"west": {"uv": [0, 0, 3, 4], "texture": "#1"},
				"up": {"uv": [13, 0, 16, 3], "texture": "#1"},
				"down": {"uv": [3, 0, 6, 3], "texture": "#1"}
			}
		},
		{
			"name": "Stem plane 3",
			"from": [6, -0.5, 2],
			"to": [6, 9.5, 8],
			"shade": false,
			"rotation": {"angle": -22.5, "axis": "y", "origin": [6, 9.42929, 5]},
			"faces": {
				"north": {"uv": [0, 0, 0, 10], "texture": "#1"},
				"east": {"uv": [0, 6, 6, 16], "texture": "#1"},
				"south": {"uv": [0, 0, 0, 10], "texture": "#1"},
				"west": {"uv": [6, 6, 0, 16], "texture": "#1"},
				"up": {"uv": [0, 0, 0, 6], "texture": "#1"},
				"down": {"uv": [0, 0, 0, 6], "texture": "#1"}
			}
		},
		{
			"name": "Stem plane 2",
			"from": [3, -0.5, 5],
			"to": [9, 9.5, 5],
			"shade": false,
			"rotation": {"angle": -22.5, "axis": "y", "origin": [6, 9.42929, 5]},
			"faces": {
				"north": {"uv": [0, 6, 6, 16], "texture": "#1"},
				"east": {"uv": [0, 0, 0, 10], "texture": "#1"},
				"south": {"uv": [6, 6, 0, 16], "texture": "#1"},
				"west": {"uv": [0, 0, 0, 10], "texture": "#1"},
				"up": {"uv": [0, 0, 0, 6], "rotation": 270, "texture": "#1"},
				"down": {"uv": [0, 0, 0, 6], "rotation": 90, "texture": "#1"}
			}
		},
		{
			"name": "Stamen",
			"from": [10.5, 9, 8.5],
			"to": [11.5, 12, 9.5],
			"shade": false,
			"rotation": {"angle": -45, "axis": "y", "origin": [11, 8.92929, 9]},
			"faces": {
				"north": {"uv": [9, 0, 10, 3], "texture": "#1"},
				"east": {"uv": [9, 0, 10, 3], "texture": "#1"},
				"south": {"uv": [9, 0, 10, 3], "texture": "#1"},
				"west": {"uv": [9, 0, 10, 3], "texture": "#1"},
				"up": {"uv": [10, 0, 11, 1], "texture": "#1"},
				"down": {"uv": [14, 0, 16, 2], "texture": "#1"}
			}
		},
		{
			"name": "Inner petals outer",
			"from": [9.75, 9.01, 7.75],
			"to": [12.25, 13, 10.25],
			"shade": false,
			"rotation": {"angle": 0, "axis": "y", "origin": [11, 8.92929, 9]},
			"faces": {
				"north": {"uv": [6, 0, 8.5, 4], "texture": "#1"},
				"east": {"uv": [6, 0, 8.5, 4], "texture": "#1"},
				"south": {"uv": [6, 0, 8.5, 4], "texture": "#1"},
				"west": {"uv": [6, 0, 8.5, 4], "texture": "#1"},
				"up": {"uv": [13.5, 0, 16, 2.5], "texture": "#1"},
				"down": {"uv": [0, 0, 0, 0], "texture": "#1"}
			}
		},
		{
			"name": "Inner petals inner",
			"from": [9.75, 13, 7.75],
			"to": [12.25, 9, 10.25],
			"shade": false,
			"rotation": {"angle": 0, "axis": "y", "origin": [11, 8.92929, 9]},
			"faces": {
				"north": {"uv": [6, 4, 8.5, 0], "texture": "#1"},
				"east": {"uv": [6, 4, 8.5, 0], "texture": "#1"},
				"south": {"uv": [6, 4, 8.5, 0], "texture": "#1"},
				"west": {"uv": [6, 4, 8.5, 0], "texture": "#1"},
				"up": {"uv": [13.5, 0, 16, 2.5], "texture": "#1"},
				"down": {"uv": [13.5, 0, 16, 2.5], "texture": "#1"}
			}
		},
		{
			"name": "Outer petals inner",
			"from": [9.5, 13, 7.5],
			"to": [12.5, 9, 10.5],
			"shade": false,
			"rotation": {"angle": -45, "axis": "y", "origin": [11, 8.92929, 9]},
			"faces": {
				"north": {"uv": [0, 4, 3, 0], "texture": "#1"},
				"east": {"uv": [0, 4, 3, 0], "texture": "#1"},
				"south": {"uv": [0, 4, 3, 0], "texture": "#1"},
				"west": {"uv": [0, 4, 3, 0], "texture": "#1"},
				"up": {"uv": [3, 0, 6, 3], "texture": "#1"},
				"down": {"uv": [13, 0, 16, 3], "texture": "#1"}
			}
		},
		{
			"name": "Outer petals outer",
			"from": [9.5, 9, 7.5],
			"to": [12.5, 13, 10.5],
			"shade": false,
			"rotation": {"angle": -45, "axis": "y", "origin": [11, 8.92929, 9]},
			"faces": {
				"north": {"uv": [0, 0, 3, 4], "texture": "#1"},
				"east": {"uv": [0, 0, 3, 4], "texture": "#1"},
				"south": {"uv": [0, 0, 3, 4], "texture": "#1"},
				"west": {"uv": [0, 0, 3, 4], "texture": "#1"},
				"up": {"uv": [13, 0, 16, 3], "texture": "#1"},
				"down": {"uv": [3, 0, 6, 3], "texture": "#1"}
			}
		},
		{
			"name": "Stem plane 3",
			"from": [8, -1, 9],
			"to": [14, 9, 9],
			"shade": false,
			"rotation": {"angle": 0, "axis": "y", "origin": [11, 8.92929, 9]},
			"faces": {
				"north": {"uv": [6, 6, 0, 16], "texture": "#1"},
				"east": {"uv": [0, 0, 0, 10], "texture": "#1"},
				"south": {"uv": [0, 6, 6, 16], "texture": "#1"},
				"west": {"uv": [0, 0, 0, 10], "texture": "#1"},
				"up": {"uv": [0, 0, 0, 6], "rotation": 90, "texture": "#1"},
				"down": {"uv": [0, 0, 0, 6], "rotation": 270, "texture": "#1"}
			}
		},
		{
			"name": "Stem plane 2",
			"from": [11, -1, 6],
			"to": [11, 9, 12],
			"shade": false,
			"rotation": {"angle": 0, "axis": "y", "origin": [11, 8.92929, 9]},
			"faces": {
				"north": {"uv": [0, 0, 0, 10], "texture": "#1"},
				"east": {"uv": [0, 6, 6, 16], "texture": "#1"},
				"south": {"uv": [0, 0, 0, 10], "texture": "#1"},
				"west": {"uv": [6, 6, 0, 16], "texture": "#1"},
				"up": {"uv": [0, 0, 0, 6], "texture": "#1"},
				"down": {"uv": [0, 0, 0, 6], "texture": "#1"}
			}
		}
	],
	"groups": [
		{
			"name": "Flower",
			"origin": [8, 0, 8],
			"color": 0,
			"shade": false,
			"children": [0, 1, 2, 3, 4, 5, 6]
		},
		{
			"name": "Flower",
			"origin": [8, 0, 8],
			"color": 0,
			"shade": false,
			"children": [7, 8, 9, 10, 11, 12, 13]
		},
		{
			"name": "Flower",
			"origin": [8, 0, 8],
			"color": 0,
			"shade": false,
			"children": [14, 15, 16, 17, 18, 19, 20]
		}
	]
}