{
	"credit": "Made by Joanarr with Blockbench",
	"textures": {
		"1_0": "block/smoker_bottom",
		"particle": "block/smoker_bottom",
		"1_1": "block/smoker_front",
		"1_2": "block/smoker_side",
		"1_3": "block/smoker_top",
		"1_4": "block/smoker_in"
	},
	"elements": [
		{
			"from": [1.5, 6, -0.5],
			"to": [2, 7.5, 0],
			"faces": {
				"north": {"uv": [14, 8.5, 14.5, 10], "texture": "#1_1"},
				"east": {"uv": [14, 8.5, 14.5, 10], "texture": "#1_1"},
				"south": {"uv": [14, 8.5, 14.5, 10], "texture": "#1_1"},
				"west": {"uv": [14, 8.5, 14.5, 10], "texture": "#1_1"},
				"up": {"uv": [14, 8.5, 14.5, 9], "texture": "#1_1"},
				"down": {"uv": [14, 9.5, 14.5, 10], "texture": "#1_1"}
			}
		},
		{
			"from": [1.5, 9.5, -0.5],
			"to": [2, 11, 0],
			"faces": {
				"north": {"uv": [14, 5, 14.5, 6.5], "texture": "#1_1"},
				"east": {"uv": [14, 5, 14.5, 6.5], "texture": "#1_1"},
				"south": {"uv": [14, 5, 14.5, 6.5], "texture": "#1_1"},
				"west": {"uv": [14, 5, 14.5, 6.5], "texture": "#1_1"},
				"up": {"uv": [14, 5, 14.5, 5.5], "texture": "#1_1"},
				"down": {"uv": [14, 6, 14.5, 6.5], "texture": "#1_1"}
			}
		},
		{
			"from": [2.5, 9.5, -1],
			"to": [3.5, 11, 2],
			"faces": {
				"north": {"uv": [12.5, 5, 13.5, 6.5], "texture": "#1_1"},
				"east": {"uv": [12.5, 5, 13, 6.5], "texture": "#1_1"},
				"south": {"uv": [12.5, 5, 13.5, 6.5], "texture": "#1_1"},
				"west": {"uv": [13, 5, 14, 6.5], "texture": "#1_1"},
				"up": {"uv": [12.5, 5, 13.5, 6.5], "texture": "#1_1"},
				"down": {"uv": [12.5, 5, 13.5, 6.5], "texture": "#1_1"}
			}
		},
		{
			"from": [2.5, 6, -1],
			"to": [3.5, 7.5, 2],
			"faces": {
				"north": {"uv": [12.5, 8.5, 13.5, 10], "texture": "#1_1"},
				"east": {"uv": [12.5, 8.5, 13, 10], "texture": "#1_1"},
				"south": {"uv": [12.5, 8.5, 13.5, 10], "texture": "#1_1"},
				"west": {"uv": [13, 8.5, 14, 10], "texture": "#1_1"},
				"up": {"uv": [12.5, 8.5, 13.5, 10], "texture": "#1_1"},
				"down": {"uv": [12.5, 8.5, 13.5, 10], "texture": "#1_1"}
			}
		},
		{
			"from": [3.5, 6.5, -1],
			"to": [4, 7, 0],
			"faces": {
				"north": {"uv": [12, 9, 12.5, 9.5], "texture": "#1_1"},
				"east": {"uv": [12, 9, 12.5, 9.5], "texture": "#1_1"},
				"south": {"uv": [12, 9, 12.5, 9.5], "texture": "#1_1"},
				"west": {"uv": [12, 9, 12.5, 9.5], "texture": "#1_1"},
				"up": {"uv": [12, 9, 12.5, 9.5], "texture": "#1_1"},
				"down": {"uv": [12, 9, 12.5, 9.5], "texture": "#1_1"}
			}
		},
		{
			"from": [3.5, 10, -1],
			"to": [4, 10.5, 0],
			"faces": {
				"north": {"uv": [12, 5.5, 12.5, 6], "texture": "#1_1"},
				"east": {"uv": [12, 5.5, 12.5, 6], "texture": "#1_1"},
				"south": {"uv": [12, 5.5, 12.5, 6], "texture": "#1_1"},
				"west": {"uv": [12, 5.5, 12.5, 6], "texture": "#1_1"},
				"up": {"uv": [12, 5.5, 12.5, 6], "texture": "#1_1"},
				"down": {"uv": [12, 5.5, 12.5, 6], "texture": "#1_1"}
			}
		},
		{
			"from": [8.5, 5.5, -0.5],
			"to": [11, 11.5, 1.5],
			"faces": {
				"north": {"uv": [5, 4.5, 7.5, 10.5], "texture": "#1_1"},
				"east": {"uv": [7.5, 4.5, 5, 10.5], "texture": "#1_1"},
				"south": {"uv": [5, 4.5, 7.5, 10.5], "texture": "#1_1"},
				"west": {"uv": [5, 4.5, 7.5, 10.5], "texture": "#1_1"},
				"up": {"uv": [5, 4.5, 7.5, 5], "texture": "#1_1"},
				"down": {"uv": [5, 10, 7.5, 10.5], "texture": "#1_1"}
			}
		},
		{
			"from": [11.5, 5.5, -0.5],
			"to": [13.5, 11.5, 1.5],
			"faces": {
				"north": {"uv": [2.5, 4.5, 4.5, 10.5], "texture": "#1_1"},
				"east": {"uv": [4.5, 4.5, 2.5, 10.5], "texture": "#1_1"},
				"south": {"uv": [2.5, 4.5, 4.5, 10.5], "texture": "#1_1"},
				"west": {"uv": [2.5, 4.5, 4.5, 10.5], "texture": "#1_1"},
				"up": {"uv": [2.5, 4.5, 4.5, 5], "texture": "#1_1"},
				"down": {"uv": [2.5, 10, 4.5, 10.5], "texture": "#1_1"}
			}
		},
		{
			"from": [3, 5.5, -0.5],
			"to": [5, 11.5, 1.5],
			"faces": {
				"north": {"uv": [11, 4.5, 13, 10.5], "texture": "#1_1"},
				"east": {"uv": [13, 4.5, 11, 10.5], "texture": "#1_1"},
				"south": {"uv": [11, 4.5, 13, 10.5], "texture": "#1_1"},
				"west": {"uv": [11, 4.5, 13, 10.5], "texture": "#1_1"},
				"up": {"uv": [11, 4.5, 13, 5], "texture": "#1_1"},
				"down": {"uv": [11, 10, 13, 10.5], "texture": "#1_1"}
			}
		},
		{
			"from": [5.5, 5.5, -0.5],
			"to": [8, 11.5, 1.5],
			"faces": {
				"north": {"uv": [8, 4.5, 10.5, 10.5], "texture": "#1_1"},
				"east": {"uv": [10.5, 4.5, 8, 10.5], "texture": "#1_1"},
				"south": {"uv": [8, 4.5, 10.5, 10.5], "texture": "#1_1"},
				"west": {"uv": [8, 4.5, 10.5, 10.5], "texture": "#1_1"},
				"up": {"uv": [8, 4.5, 10.5, 5], "texture": "#1_1"},
				"down": {"uv": [8, 10, 10.5, 10.5], "texture": "#1_1"}
			}
		},
		{
			"from": [3, 6, -0.75],
			"to": [14, 7, 0.25],
			"faces": {
				"north": {"uv": [2, 9, 13, 10], "texture": "#1_1"},
				"east": {"uv": [2, 9, 3, 10], "texture": "#1_1"},
				"south": {"uv": [2, 9, 13, 10], "texture": "#1_1"},
				"west": {"uv": [2, 9, 13, 10], "texture": "#1_1"},
				"up": {"uv": [13, 9, 2, 10], "texture": "#1_1"},
				"down": {"uv": [13, 9, 2, 10], "texture": "#1_1"}
			}
		},
		{
			"from": [3, 10, -0.75],
			"to": [14, 11, 0.25],
			"faces": {
				"north": {"uv": [2, 5, 13, 6], "texture": "#1_1"},
				"east": {"uv": [2, 5, 3, 6], "texture": "#1_1"},
				"south": {"uv": [2, 5, 13, 6], "texture": "#1_1"},
				"west": {"uv": [2, 5, 13, 6], "texture": "#1_1"},
				"up": {"uv": [13, 5, 2, 6], "texture": "#1_1"},
				"down": {"uv": [13, 5, 2, 6], "texture": "#1_1"}
			}
		},
		{
			"from": [0, 0, 0],
			"to": [16, 2.5, 16],
			"faces": {
				"north": {"uv": [0, 13.5, 16, 16], "texture": "#1_1"},
				"east": {"uv": [0, 13.5, 16, 16], "texture": "#1_2"},
				"south": {"uv": [0, 13.5, 16, 16], "texture": "#1_2"},
				"west": {"uv": [0, 13.5, 16, 16], "texture": "#1_2"},
				"up": {"uv": [0, 0, 16, 16], "texture": "#1_4"},
				"down": {"uv": [0, 0, 16, 16], "texture": "#1_0"}
			}
		},
		{
			"from": [12.5, 2.5, 0],
			"to": [16, 4.5, 16],
			"faces": {
				"north": {"uv": [0, 11.5, 3.5, 13.5], "texture": "#1_1"},
				"east": {"uv": [0, 11.5, 16, 13.5], "texture": "#1_2"},
				"south": {"uv": [12.5, 11.5, 16, 13.5], "texture": "#1_2"},
				"west": {"uv": [0, 13.5, 16, 16], "texture": "#1_4"},
				"up": {"uv": [0, 0, 3.5, 16], "rotation": 180, "texture": "#1_4"},
				"down": {"uv": [0, 0, 16, 16], "texture": "#1_4"}
			}
		},
		{
			"from": [0, 2.5, 0],
			"to": [4, 4.5, 16],
			"faces": {
				"north": {"uv": [12, 11.5, 16, 13.5], "texture": "#1_1"},
				"east": {"uv": [0, 11.5, 16, 13.5], "texture": "#1_4"},
				"south": {"uv": [0, 11.5, 4, 13.5], "texture": "#1_2"},
				"west": {"uv": [0, 11.5, 16, 13.5], "texture": "#1_2"},
				"up": {"uv": [12.5, 0, 16, 16], "rotation": 180, "texture": "#1_4"},
				"down": {"uv": [0, 0, 16, 16], "texture": "#1_4"}
			}
		},
		{
			"from": [0, 2.5, 12.5],
			"to": [16, 4.5, 16],
			"faces": {
				"north": {"uv": [0, 11.5, 16, 13.5], "texture": "#1_4"},
				"east": {"uv": [0, 11.5, 3.5, 13.5], "texture": "#1_2"},
				"south": {"uv": [0, 11.5, 16, 13.5], "texture": "#1_2"},
				"west": {"uv": [12.5, 11.5, 16, 13.5], "texture": "#1_2"},
				"up": {"uv": [0, 0, 16, 3.5], "rotation": 180, "texture": "#1_4"},
				"down": {"uv": [0, 0, 16, 16], "texture": "#1_4"}
			}
		},
		{
			"from": [0, 4.5, 0],
			"to": [16, 15.5, 16],
			"faces": {
				"north": {"uv": [0, 0.5, 16, 11.5], "texture": "#1_1"},
				"east": {"uv": [0, 0.5, 16, 11.5], "texture": "#1_2"},
				"south": {"uv": [0, 0.5, 16, 11.5], "texture": "#1_2"},
				"west": {"uv": [0, 0.5, 16, 11.5], "texture": "#1_2"},
				"up": {"uv": [0, 0, 16, 16], "texture": "#1_3"},
				"down": {"uv": [0, 0, 16, 16], "texture": "#1_4"}
			}
		},
		{
			"from": [0, 15, 0],
			"to": [3, 16, 16],
			"faces": {
				"north": {"uv": [13, 0, 16, 1], "texture": "#1_1"},
				"east": {"uv": [13, 0, 13.5, 16], "rotation": 270, "texture": "#1_3"},
				"south": {"uv": [0, 0, 3, 1], "texture": "#1_2"},
				"west": {"uv": [0, 0, 16, 1], "texture": "#1_2"},
				"up": {"uv": [13, 0, 16, 16], "rotation": 180, "texture": "#1_3"},
				"down": {"uv": [13, 0, 16, 16], "rotation": 180, "texture": "#1_3"}
			}
		},
		{
			"from": [13, 15, 0],
			"to": [16, 16, 16],
			"faces": {
				"north": {"uv": [0, 0, 3, 1], "texture": "#1_1"},
				"east": {"uv": [0, 0, 16, 1], "texture": "#1_2"},
				"south": {"uv": [13, 0, 16, 1], "texture": "#1_2"},
				"west": {"uv": [2.5, 0, 3, 16], "rotation": 90, "texture": "#1_3"},
				"up": {"uv": [0, 0, 3, 16], "rotation": 180, "texture": "#1_3"},
				"down": {"uv": [13, 0, 16, 16], "rotation": 180, "texture": "#1_3"}
			}
		},
		{
			"from": [0, 15, 0],
			"to": [16, 16, 3],
			"faces": {
				"north": {"uv": [0, 0, 16, 1], "texture": "#1_1"},
				"east": {"uv": [13, 0, 16, 1], "texture": "#1_2"},
				"south": {"uv": [3, 13, 13, 13.5], "texture": "#1_3"},
				"west": {"uv": [0, 0, 3, 1], "texture": "#1_2"},
				"up": {"uv": [0, 13, 16, 16], "rotation": 180, "texture": "#1_3"},
				"down": {"uv": [13, 0, 16, 16], "rotation": 180, "texture": "#1_3"}
			}
		},
		{
			"from": [0, 15, 13],
			"to": [16, 16, 16],
			"faces": {
				"north": {"uv": [0, 0, 16, 1], "texture": "#1_1"},
				"east": {"uv": [0, 0, 3, 1], "texture": "#1_2"},
				"south": {"uv": [0, 0, 16, 1], "texture": "#1_2"},
				"west": {"uv": [13, 0, 16, 1], "texture": "#1_2"},
				"up": {"uv": [0, 0, 16, 3], "rotation": 180, "texture": "#1_3"},
				"down": {"uv": [13, 0, 16, 16], "rotation": 180, "texture": "#1_3"}
			}
		},
		{
			"from": [3, 15.5, 12],
			"to": [13, 16, 13],
			"rotation": {"angle": 22.5, "axis": "x", "origin": [8, 16, 12.5]},
			"faces": {
				"north": {"uv": [3, 12, 13, 12.5], "texture": "#1_3"},
				"east": {"uv": [3, 12, 3.5, 13], "texture": "#1_3"},
				"south": {"uv": [3, 12.5, 13, 13], "texture": "#1_3"},
				"west": {"uv": [3, 12, 3.5, 13], "texture": "#1_3"},
				"up": {"uv": [3, 12, 13, 13], "texture": "#1_3"},
				"down": {"uv": [3, 12, 13, 13], "rotation": 180, "texture": "#1_3"}
			}
		},
		{
			"from": [3, 15.5, 10.5],
			"to": [13, 16, 11.5],
			"rotation": {"angle": 22.5, "axis": "x", "origin": [8, 15.75, 11]},
			"faces": {
				"north": {"uv": [3, 10.5, 13, 11], "texture": "#1_3"},
				"east": {"uv": [3, 10.5, 3.5, 11.5], "texture": "#1_3"},
				"south": {"uv": [3, 11, 13, 11.5], "texture": "#1_3"},
				"west": {"uv": [3, 10.5, 3.5, 11.5], "texture": "#1_3"},
				"up": {"uv": [3, 10.5, 13, 11.5], "texture": "#1_3"},
				"down": {"uv": [3, 10.5, 13, 11.5], "rotation": 180, "texture": "#1_3"}
			}
		},
		{
			"from": [3, 15.5, 9],
			"to": [13, 16, 10],
			"rotation": {"angle": 22.5, "axis": "x", "origin": [8, 15.75, 9.5]},
			"faces": {
				"north": {"uv": [3, 9, 13, 9.5], "texture": "#1_3"},
				"east": {"uv": [3, 9, 3.5, 10], "texture": "#1_3"},
				"south": {"uv": [3, 9.5, 13, 10], "texture": "#1_3"},
				"west": {"uv": [3, 9, 3.5, 10], "texture": "#1_3"},
				"up": {"uv": [3, 9, 13, 10], "texture": "#1_3"},
				"down": {"uv": [3, 9, 13, 10], "rotation": 180, "texture": "#1_3"}
			}
		},
		{
			"from": [3, 15.5, 7.5],
			"to": [13, 16, 8.5],
			"rotation": {"angle": 22.5, "axis": "x", "origin": [8, 15.75, 8]},
			"faces": {
				"north": {"uv": [3, 7.5, 13, 8], "texture": "#1_3"},
				"east": {"uv": [3, 7.5, 3.5, 8.5], "texture": "#1_3"},
				"south": {"uv": [3, 8, 13, 8.5], "texture": "#1_3"},
				"west": {"uv": [3, 7.5, 3.5, 8.5], "texture": "#1_3"},
				"up": {"uv": [3, 7.5, 13, 8.5], "texture": "#1_3"},
				"down": {"uv": [3, 7.5, 13, 8.5], "rotation": 180, "texture": "#1_3"}
			}
		},
		{
			"from": [3, 15.5, 6],
			"to": [13, 16, 7],
			"rotation": {"angle": 22.5, "axis": "x", "origin": [8, 15.75, 6.5]},
			"faces": {
				"north": {"uv": [3, 6, 13, 6.5], "texture": "#1_3"},
				"east": {"uv": [3, 6, 3.5, 7], "texture": "#1_3"},
				"south": {"uv": [3, 6.5, 13, 7], "texture": "#1_3"},
				"west": {"uv": [3, 6, 3.5, 7], "texture": "#1_3"},
				"up": {"uv": [3, 6, 13, 7], "texture": "#1_3"},
				"down": {"uv": [3, 6, 13, 7], "rotation": 180, "texture": "#1_3"}
			}
		},
		{
			"from": [3, 15.5, 4.5],
			"to": [13, 16, 5.5],
			"rotation": {"angle": 22.5, "axis": "x", "origin": [8, 15.75, 5]},
			"faces": {
				"north": {"uv": [3, 4.5, 13, 5], "texture": "#1_3"},
				"east": {"uv": [3, 4.5, 3.5, 5.5], "texture": "#1_3"},
				"south": {"uv": [3, 5, 13, 5.5], "texture": "#1_3"},
				"west": {"uv": [3, 4.5, 3.5, 5.5], "texture": "#1_3"},
				"up": {"uv": [3, 4.5, 13, 5.5], "texture": "#1_3"},
				"down": {"uv": [3, 4.5, 13, 5.5], "rotation": 180, "texture": "#1_3"}
			}
		},
		{
			"from": [3, 15.5, 3],
			"to": [13, 16, 4],
			"rotation": {"angle": 22.5, "axis": "x", "origin": [8, 15.75, 3.5]},
			"faces": {
				"north": {"uv": [3, 3, 13, 3.5], "texture": "#1_3"},
				"east": {"uv": [3, 3, 3.5, 4], "texture": "#1_3"},
				"south": {"uv": [3, 3.5, 13, 4], "texture": "#1_3"},
				"west": {"uv": [3, 3, 3.5, 4], "texture": "#1_3"},
				"up": {"uv": [3, 3, 13, 4], "texture": "#1_3"},
				"down": {"uv": [3, 3, 13, 4], "rotation": 180, "texture": "#1_3"}
			}
		}
	],
	"display": {
		"thirdperson_righthand": {
			"rotation": [75, 45, 0],
			"translation": [0, 2, 0],
			"scale": [0.375, 0.375, 0.375]
		},
		"thirdperson_lefthand": {
			"rotation": [75, 45, 0],
			"translation": [0, 2, 0],
			"scale": [0.375, 0.375, 0.375]
		},
		"firstperson_righthand": {
			"rotation": [0, 135, 0],
			"scale": [0.4, 0.4, 0.4]
		},
		"firstperson_lefthand": {
			"rotation": [0, 135, 0],
			"scale": [0.4, 0.4, 0.4]
		},
		"ground": {
			"translation": [0, 3, 0],
			"scale": [0.25, 0.25, 0.25]
		},
		"gui": {
			"rotation": [30, 135, 0],
			"scale": [0.625, 0.625, 0.625]
		},
		"fixed": {
			"translation": [0, 0, 1],
			"scale": [0.75, 0.75, 0.75]
		}
	},
	"groups": [
		{
			"name": "door",
			"children": [0, 1, 2, 3, 4, 5, 6, 7, 8, 9, 10, 11]
		},
		{
			"name": "smoker",
			"children": [12, 13, 14, 15, 16, 17, 18, 19, 20, 21, 22, 23, 24, 25, 26, 27]
		}
	]
}