{
	"credit": "Made by SyndiShanX",
	"textures": {
		"main": "block/lantern_model",
		"fire": "block/torch_fire",
		"particle": "block/lantern_model"
	},
	"elements": [
		{
			"name": "Main",
			"from": [4, 0, 4],
			"to": [12, 9, 12],
			"faces": {
				"north": {"uv": [0, 0, 8, 9], "texture": "#main"},
				"east": {"uv": [0, 0, 8, 9], "texture": "#main"},
				"south": {"uv": [0, 0, 8, 9], "texture": "#main"},
				"west": {"uv": [0, 0, 8, 9], "texture": "#main"},
				"up": {"uv": [8, 0, 16, 8], "texture": "#main"},
				"down": {"uv": [8, 0, 16, 8], "texture": "#main"}
			}
		},
		{
			"name": "Inner",
			"from": [11.75, 9, 11.75],
			"to": [4.25, 0, 4.25],
			"rotation": {"angle": 0, "axis": "y", "origin": [16, 17, 16]},
			"faces": {
				"north": {"uv": [0, 0, 8, 9], "texture": "#main"},
				"east": {"uv": [0, 0, 8, 9], "texture": "#main"},
				"south": {"uv": [0, 0, 8, 9], "texture": "#main"},
				"west": {"uv": [0, 0, 8, 9], "texture": "#main"},
				"up": {"uv": [8, 0, 16, 8], "texture": "#main"},
				"down": {"uv": [8, 0, 16, 8], "texture": "#main"}
			}
		},
		{
			"name": "String 1",
			"from": [4, -3, 4],
			"to": [4.25, 0, 4.25],
			"rotation": {"angle": 0, "axis": "y", "origin": [12, 7, 12]},
			"faces": {
				"north": {"uv": [0, 9, 0.25, 12], "texture": "#main"},
				"east": {"uv": [0, 9, 0.25, 12], "texture": "#main"},
				"south": {"uv": [0, 9, 0.25, 12], "texture": "#main"},
				"west": {"uv": [0, 9, 0.25, 12], "texture": "#main"},
				"down": {"uv": [0, 9.75, 0.25, 10], "texture": "#main"}
			}
		},
		{
			"name": "String 2",
			"from": [11.75, -3, 4],
			"to": [12, 0, 4.25],
			"rotation": {"angle": 0, "axis": "y", "origin": [20, 7, 12]},
			"faces": {
				"north": {"uv": [0, 9, 0.25, 12], "texture": "#main"},
				"east": {"uv": [0, 9, 0.25, 12], "texture": "#main"},
				"south": {"uv": [0, 9, 0.25, 12], "texture": "#main"},
				"west": {"uv": [0, 9, 0.25, 12], "texture": "#main"},
				"down": {"uv": [0, 9.75, 0.25, 10], "texture": "#main"}
			}
		},
		{
			"name": "String 3",
			"from": [4, -3, 11.75],
			"to": [4.25, 0, 12],
			"rotation": {"angle": 0, "axis": "y", "origin": [12, 7, 20]},
			"faces": {
				"north": {"uv": [0, 9, 0.25, 12], "texture": "#main"},
				"east": {"uv": [0, 9, 0.25, 12], "texture": "#main"},
				"south": {"uv": [0, 9, 0.25, 12], "texture": "#main"},
				"west": {"uv": [0, 9, 0.25, 12], "texture": "#main"},
				"down": {"uv": [0, 9.75, 0.25, 10], "texture": "#main"}
			}
		},
		{
			"name": "String 4",
			"from": [11.75, -3, 11.75],
			"to": [12, 0, 12],
			"rotation": {"angle": 0, "axis": "y", "origin": [20, 7, 20]},
			"faces": {
				"north": {"uv": [0, 9, 0.25, 12], "texture": "#main"},
				"east": {"uv": [0, 9, 0.25, 12], "texture": "#main"},
				"south": {"uv": [0, 9, 0.25, 12], "texture": "#main"},
				"west": {"uv": [0, 9, 0.25, 12], "texture": "#main"},
				"down": {"uv": [0, 9.75, 0.25, 10], "texture": "#main"}
			}
		},
		{
			"name": "Bead 1",
			"from": [3.95, -1.25, 3.95],
			"to": [4.3, -0.75, 4.3],
			"rotation": {"angle": 0, "axis": "y", "origin": [12, 9, 12]},
			"faces": {
				"north": {"uv": [0.32, 10, 0.67, 10.5], "texture": "#main"},
				"east": {"uv": [0.32, 10, 0.67, 10.5], "texture": "#main"},
				"south": {"uv": [0.32, 10, 0.67, 10.5], "texture": "#main"},
				"west": {"uv": [0.32, 10, 0.67, 10.5], "texture": "#main"},
				"up": {"uv": [0.32, 10, 0.67, 10.25], "texture": "#main"},
				"down": {"uv": [0.32, 10.25, 0.67, 10.5], "texture": "#main"}
			}
		},
		{
			"name": "Bead 2",
			"from": [11.7, -1.25, 3.95],
			"to": [12.05, -0.75, 4.3],
			"rotation": {"angle": 0, "axis": "y", "origin": [20, 9, 12]},
			"faces": {
				"north": {"uv": [0.32, 10, 0.67, 10.5], "texture": "#main"},
				"east": {"uv": [0.32, 10, 0.67, 10.5], "texture": "#main"},
				"south": {"uv": [0.32, 10, 0.67, 10.5], "texture": "#main"},
				"west": {"uv": [0.32, 10, 0.67, 10.5], "texture": "#main"},
				"up": {"uv": [0.32, 10, 0.67, 10.25], "texture": "#main"},
				"down": {"uv": [0.32, 10.25, 0.67, 10.5], "texture": "#main"}
			}
		},
		{
			"name": "Bead 3",
			"from": [3.95, -1.25, 11.7],
			"to": [4.3, -0.75, 12.05],
			"rotation": {"angle": 0, "axis": "y", "origin": [12, 9, 20]},
			"faces": {
				"north": {"uv": [0.32, 10, 0.67, 10.5], "texture": "#main"},
				"east": {"uv": [0.32, 10, 0.67, 10.5], "texture": "#main"},
				"south": {"uv": [0.32, 10, 0.67, 10.5], "texture": "#main"},
				"west": {"uv": [0.32, 10, 0.67, 10.5], "texture": "#main"},
				"up": {"uv": [0.32, 10, 0.67, 10.25], "texture": "#main"},
				"down": {"uv": [0.32, 10.25, 0.67, 10.5], "texture": "#main"}
			}
		},
		{
			"name": "Bead 4",
			"from": [11.7, -1.25, 11.7],
			"to": [12.05, -0.75, 12.05],
			"rotation": {"angle": 0, "axis": "y", "origin": [20, 9, 20]},
			"faces": {
				"north": {"uv": [0.32, 10, 0.67, 10.5], "texture": "#main"},
				"east": {"uv": [0.32, 10, 0.67, 10.5], "texture": "#main"},
				"south": {"uv": [0.32, 10, 0.67, 10.5], "texture": "#main"},
				"west": {"uv": [0.32, 10, 0.67, 10.5], "texture": "#main"},
				"up": {"uv": [0.32, 10, 0.67, 10.25], "texture": "#main"},
				"down": {"uv": [0.32, 10.25, 0.67, 10.5], "texture": "#main"}
			}
		},
		{
			"name": "Metal Bar",
			"from": [8, 2, 4.25],
			"to": [8.25, 2.25, 11.75],
			"rotation": {"angle": 0, "axis": "y", "origin": [16, 8, 9]},
			"faces": {
				"east": {"uv": [8, 8, 15.5, 8.25], "texture": "#main"},
				"west": {"uv": [8, 8, 15.5, 8.25], "texture": "#main"},
				"up": {"uv": [8, 8, 15.5, 8.25], "texture": "#main"},
				"down": {"uv": [8, 8, 15.5, 8.25], "texture": "#main"}
			}
		},
		{
			"name": "Metal Bar",
			"from": [4.25, 2, 8],
			"to": [11.75, 2.25, 8.25],
			"rotation": {"angle": 0, "axis": "y", "origin": [16, 8, 9]},
			"faces": {
				"north": {"uv": [8, 8, 15.5, 8.25], "texture": "#main"},
				"south": {"uv": [8, 8, 15.5, 8.25], "texture": "#main"},
				"up": {"uv": [8, 8, 15.5, 8.25], "texture": "#main"},
				"down": {"uv": [8, 8, 15.5, 8.25], "texture": "#main"}
			}
		},
		{
			"name": "Torch",
			"from": [7.875, 1.75, 7.875],
			"to": [8.375, 3.375, 8.375],
			"rotation": {"angle": 0, "axis": "y", "origin": [8.275, 11.5, 8.875]},
			"faces": {
				"north": {"uv": [1, 9, 2, 12.25], "texture": "#main"},
				"east": {"uv": [1, 9, 2, 12.25], "texture": "#main"},
				"south": {"uv": [1, 9, 2, 12.25], "texture": "#main"},
				"west": {"uv": [1, 9, 2, 12.25], "texture": "#main"},
				"up": {"uv": [2, 11.25, 3, 12.25], "texture": "#main"},
				"down": {"uv": [2, 9, 3, 10], "texture": "#main"}
			}
		},
		{
			"name": "Torch",
			"from": [8.125, 3.375, 8.125],
			"to": [8.25, 3.5, 8.25],
			"rotation": {"angle": 0, "axis": "y", "origin": [9.275, 11.5, 8.875]},
			"faces": {
				"north": {"uv": [2, 10.25, 2.125, 10.375], "texture": "#main"},
				"east": {"uv": [2, 10.25, 2.125, 10.375], "texture": "#main"},
				"south": {"uv": [2, 10.25, 2.125, 10.375], "texture": "#main"},
				"west": {"uv": [2, 10.25, 2.125, 10.375], "texture": "#main"},
				"up": {"uv": [2, 10.25, 2.125, 10.375], "texture": "#main"},
				"down": {"uv": [2, 10.25, 2.125, 10.375], "texture": "#main"}
			}
		},
		{
			"name": "Flame",
			"from": [7.95, 3.375, 7.325],
			"to": [8.6, 4.375, 7.325],
			"rotation": {"angle": 45, "axis": "y", "origin": [9.275, 10.5, 7.875]},
			"faces": {
				"north": {"uv": [5.5, 3, 10.65, 16], "texture": "#fire"},
				"east": {"uv": [5.5, 3, 10.65, 16], "texture": "#fire"},
				"south": {"uv": [5.5, 3, 10.65, 16], "texture": "#fire"},
				"west": {"uv": [5.5, 3, 10.65, 16], "texture": "#fire"}
			}
		},
		{
			"name": "Flame",
			"from": [7.275, 3.375, 7.425],
			"to": [7.275, 4.375, 8.075],
			"rotation": {"angle": 45, "axis": "y", "origin": [8.275, 10.5, 6.875]},
			"faces": {
				"north": {"uv": [5.5, 3, 10.65, 16], "texture": "#fire"},
				"east": {"uv": [5.5, 3, 10.65, 16], "texture": "#fire"},
				"south": {"uv": [5.5, 3, 10.65, 16], "texture": "#fire"},
				"west": {"uv": [5.5, 3, 10.65, 16], "texture": "#fire"}
			}
		},
		{
			"name": "String 1",
			"from": [4.025, 6.35, 6.65],
			"to": [4.225, 14.1, 6.9],
			"rotation": {"angle": 22.5, "axis": "x", "origin": [12, 14, 12]},
			"faces": {
				"north": {"uv": [0.75, 9, 1, 16], "texture": "#main"},
				"east": {"uv": [0.75, 9, 1, 16], "texture": "#main"},
				"south": {"uv": [0.75, 9, 1, 16], "texture": "#main"},
				"west": {"uv": [0.75, 9, 1, 16], "texture": "#main"}
			}
		},
		{
			"name": "String 2",
			"from": [11.775, 6.35, 6.65],
			"to": [11.975, 14.1, 6.9],
			"rotation": {"angle": 22.5, "axis": "x", "origin": [20, 14, 12]},
			"faces": {
				"north": {"uv": [0.75, 9, 1, 16], "texture": "#main"},
				"east": {"uv": [0.75, 9, 1, 16], "texture": "#main"},
				"south": {"uv": [0.75, 9, 1, 16], "texture": "#main"},
				"west": {"uv": [0.75, 9, 1, 16], "texture": "#main"}
			}
		},
		{
			"name": "String 3",
			"from": [4.025, 11.1, 7.25],
			"to": [4.225, 18.85, 7.5],
			"rotation": {"angle": -22.5, "axis": "x", "origin": [12, 21, 15]},
			"faces": {
				"north": {"uv": [0.75, 9, 0.95, 16], "texture": "#main"},
				"east": {"uv": [0.75, 9, 0.95, 16], "texture": "#main"},
				"south": {"uv": [0.75, 9, 0.95, 16], "texture": "#main"},
				"west": {"uv": [0.75, 9, 0.95, 16], "texture": "#main"}
			}
		},
		{
			"name": "String 4",
			"from": [11.775, 11.1, 7.25],
			"to": [11.975, 18.85, 7.5],
			"rotation": {"angle": -22.5, "axis": "x", "origin": [20, 21, 15]},
			"faces": {
				"north": {"uv": [0.75, 9, 0.95, 16], "texture": "#main"},
				"east": {"uv": [0.75, 9, 0.95, 16], "texture": "#main"},
				"south": {"uv": [0.75, 9, 0.95, 16], "texture": "#main"},
				"west": {"uv": [0.75, 9, 0.95, 16], "texture": "#main"}
			}
		}
	],
	"groups": [
		{
			"name": "lantern",
			"origin": [8, 8, 8],
			"children": [0, 1, 2, 3, 4, 5, 6, 7, 8, 9, 10, 11, 12, 13, 14, 15]
		}, 16, 17, 18, 19]
}