{
	"credit": "Made with Blockbench",
	"ambientocclusion": false,
	"textures": {
		"1": "block/potted_plants/potted_bamboo_stalk"
	},
	"elements": [
		{
			"name": "upper",
			"from": [7, 18, 7],
			"to": [9, 26, 9],
			"faces": {
				"north": {"uv": [0, 8, 2, 16], "texture": "#1"},
				"east": {"uv": [0, 8, 2, 16], "texture": "#1"},
				"south": {"uv": [0, 8, 2, 16], "texture": "#1"},
				"west": {"uv": [0, 8, 2, 16], "texture": "#1"},
				"up": {"uv": [0, 0, 2, 2], "texture": "#1"},
				"down": {"uv": [0, 0, 2, 2], "texture": "#1"}
			}
		},
		{
			"name": "lower",
			"from": [7, 10, 7],
			"to": [9, 18, 9],
			"faces": {
				"north": {"uv": [0, 8, 2, 16], "texture": "#1"},
				"east": {"uv": [0, 8, 2, 16], "texture": "#1"},
				"south": {"uv": [0, 8, 2, 16], "texture": "#1"},
				"west": {"uv": [0, 8, 2, 16], "texture": "#1"},
				"up": {"uv": [0, 0, 2, 2], "texture": "#1"},
				"down": {"uv": [0, 0, 2, 2], "texture": "#1"}
			}
		},
		{
			"name": "leaf",
			"from": [2, 18, 8],
			"to": [7, 23, 8],
			"faces": {
				"north": {"uv": [5, 7, 0, 2], "texture": "#1"},
				"east": {"uv": [4, 0, 4, 0], "texture": "#1"},
				"south": {"uv": [0, 7, 5, 2], "texture": "#1"},
				"west": {"uv": [4, 0, 4, 0], "texture": "#1"},
				"up": {"uv": [4, 0, 4, 0], "rotation": 270, "texture": "#1"},
				"down": {"uv": [4, 0, 4, 0], "rotation": 90, "texture": "#1"}
			}
		},
		{
			"name": "leaf",
			"from": [3.5, 23, 8],
			"to": [6.5, 26, 8],
			"faces": {
				"north": {"uv": [3, 2, 0, 5], "texture": "#1"},
				"east": {"uv": [4, 0, 4, 0], "texture": "#1"},
				"south": {"uv": [0, 2, 3, 5], "texture": "#1"},
				"west": {"uv": [4, 0, 4, 0], "texture": "#1"},
				"up": {"uv": [4, 0, 4, 0], "rotation": 270, "texture": "#1"},
				"down": {"uv": [4, 0, 4, 0], "rotation": 90, "texture": "#1"}
			}
		}
	],
	"display": {
		"thirdperson_righthand": {
			"rotation": [75, 45, 0],
			"translation": [0, 2.5, 0],
			"scale": [0.375, 0.375, 0.375]
		},
		"thirdperson_lefthand": {
			"rotation": [75, 45, 0],
			"translation": [0, 2.5, 0],
			"scale": [0.375, 0.375, 0.375]
		},
		"firstperson_righthand": {
			"rotation": [0, 135, 0],
			"scale": [0.4, 0.4, 0.4]
		},
		"firstperson_lefthand": {
			"rotation": [0, 135, 0],
			"scale": [0.4, 0.4, 0.4]
		},
		"ground": {
			"translation": [0, 3, 0],
			"scale": [0.25, 0.25, 0.25]
		},
		"gui": {
			"rotation": [30, 135, 0],
			"scale": [0.625, 0.625, 0.625]
		},
		"fixed": {
			"translation": [0, 0, -1],
			"scale": [0.75, 0.75, 0.75]
		}
	},
	"groups": [
		{
			"name": "bamboo",
			"origin": [15, 15, 15],
			"children": [0, 1, 2, 3]
		}
	]
}