{
    "variants": {
        "": [
	{ "model": "block/plants/allium/0", "weight": 3 },
	{ "model": "block/plants/allium/0", "y": 90, "weight": 3 },
	{ "model": "block/plants/allium/0", "y": 180, "weight": 3 },
	{ "model": "block/plants/allium/0", "y": 270, "weight": 3 },
	{ "model": "block/plants/allium/1", "weight": 1 },
	{ "model": "block/plants/allium/1", "y": 90, "weight": 1 },
	{ "model": "block/plants/allium/1", "y": 180, "weight": 1 },
	{ "model": "block/plants/allium/1", "y": 270, "weight": 1 },
	{ "model": "block/plants/allium/2", "weight": 1 },
	{ "model": "block/plants/allium/2", "y": 90, "weight": 1 },
	{ "model": "block/plants/allium/2", "y": 180, "weight": 1 },
	{ "model": "block/plants/allium/2", "y": 270, "weight": 1 },
	{ "model": "block/plants/allium/3", "weight": 2 },
	{ "model": "block/plants/allium/3", "y": 90, "weight": 2 },
	{ "model": "block/plants/allium/3", "y": 180, "weight": 2 },
	{ "model": "block/plants/allium/3", "y": 270, "weight": 2 }
	]
    }
}

