{
	"credit": "Made with Blockbench",
	"ambientocclusion": false,
	"textures": {
		"0": "block/doors/birch_door_rim",
		"1": "block/doors/birch_door_top",
		"particle": "block/doors/birch_door_rim"
	},
	"elements": [
		{
			"from": [0, 0, 14],
			"to": [3, 16, 16],
			"faces": {
				"north": {"uv": [1.992, 0.008, 1.508, 15.992], "texture": "#1"},
				"east": {"uv": [0.008, 0.008, 1.992, 15.992], "texture": "#1"},
				"south": {"uv": [11.484, 0.016, 8.516, 15.984], "texture": "#0"},
				"west": {"uv": [1.98313, 0.01563, 0.01563, 15.98313], "texture": "#1"},
				"up": {"uv": [0.008, 15.992, 2.992, 14], "rotation": 180, "texture": "#0"}
			}
		},
		{
			"from": [0, 14, 2],
			"to": [3, 16, 14],
			"faces": {
				"east": {"uv": [2.008, 0.008, 13.992, 1.992], "texture": "#1"},
				"west": {"uv": [13.992, 0.008, 2.008, 1.992], "texture": "#1"},
				"up": {"uv": [0.008, 13.992, 2.992, 2], "rotation": 180, "texture": "#0"},
				"down": {"uv": [13.992, 1.5, 2.008, 1.992], "rotation": 90, "texture": "#1"}
			}
		},
		{
			"from": [0, 0, 0],
			"to": [3, 16, 2],
			"faces": {
				"north": {"uv": [11.484, 0.016, 8.516, 15.984], "texture": "#0"},
				"east": {"uv": [14.008, 0.008, 15.992, 15.992], "texture": "#1"},
				"south": {"uv": [14.492, 0.008, 14.008, 15.992], "texture": "#1"},
				"west": {"uv": [15.98313, 0.01563, 14.01563, 15.98313], "texture": "#1"},
				"up": {"uv": [0.008, 1.992, 2.992, 0.008], "rotation": 180, "texture": "#0"}
			}
		},
		{
			"from": [1.5, 0, 4],
			"to": [1.5, 12, 12],
			"faces": {
				"east": {"uv": [11.984, 4.016, 4.016, 15.984], "texture": "#1"},
				"west": {"uv": [11.984, 4.016, 4.016, 15.984], "texture": "#1"}
			}
		},
		{
			"from": [0.5, 0, 12],
			"to": [2.5, 14, 14],
			"faces": {
				"north": {"uv": [15.492, 1, 13.508, 14.992], "texture": "#0"},
				"east": {"uv": [2.008, 2, 3.992, 15.992], "texture": "#1"},
				"south": {"uv": [11.484, 0.016, 8.516, 15.984], "texture": "#0"},
				"west": {"uv": [3.992, 2, 2.008, 15.992], "texture": "#1"},
				"up": {"uv": [0.008, 15.992, 2.992, 14], "rotation": 180, "texture": "#0"}
			}
		},
		{
			"from": [0.5, 0, 2],
			"to": [2.5, 14, 4],
			"faces": {
				"north": {"uv": [1.992, 0.008, 1.508, 15.992], "texture": "#1"},
				"east": {"uv": [12.008, 2, 13.992, 15.992], "texture": "#1"},
				"south": {"uv": [15.492, 1, 13.508, 14.992], "texture": "#0"},
				"west": {"uv": [13.992, 2, 12.008, 15.992], "texture": "#1"},
				"up": {"uv": [0.008, 15.992, 2.992, 14], "rotation": 180, "texture": "#0"}
			}
		},
		{
			"from": [0.5, 12, 4],
			"to": [2.5, 14, 12],
			"faces": {
				"north": {"uv": [1.992, 0.008, 1.508, 15.992], "texture": "#1"},
				"east": {"uv": [4.008, 2, 11.992, 3.992], "texture": "#1"},
				"south": {"uv": [11.484, 0.016, 8.516, 15.984], "texture": "#0"},
				"west": {"uv": [11.992, 2, 4.008, 3.992], "texture": "#1"},
				"up": {"uv": [0.008, 15.992, 2.992, 14], "rotation": 180, "texture": "#0"},
				"down": {"uv": [13.508, 11.492, 15.492, 3.5], "texture": "#0"}
			}
		},
		{
			"from": [0, 9.5, 13.5],
			"to": [3, 11, 14],
			"faces": {
				"north": {"uv": [0.492, 0.008, 0.008, 1.492], "texture": "#1"},
				"east": {"uv": [0.492, 0.008, 0.008, 1.492], "texture": "#1"},
				"south": {"uv": [2.992, 0.008, 0.008, 1.492], "texture": "#1"},
				"west": {"uv": [0.492, 0.008, 0.008, 1.492], "texture": "#1"},
				"up": {"uv": [0.008, 0.492, 2.992, 0.008], "texture": "#1"},
				"down": {"uv": [0.008, 0.492, 2.992, 0.008], "texture": "#1"}
			}
		}
	]
}