{
  "multipart": [
	{
	  "apply": { "model": "block/chiseled_bookshelf/chiseled_bookshelf", "uvlock": true, "y": 0 },
	  "when": { "facing": "north" }
	},
	{
	  "apply": [
			{ "model": "block/chiseled_bookshelf/occupied/0/top_left", "y": 0 },
			{ "model": "block/chiseled_bookshelf/occupied/1/top_left", "y": 0 }
		],
	  "when": { "AND": [
		  { "facing": "north" },
		  { "slot_0_occupied": "true" }
		]}
	},
	{
	  "apply": [
			{ "model": "block/chiseled_bookshelf/empty/0/top_left", "y": 0 },
			{ "model": "block/chiseled_bookshelf/empty/1/top_left", "y": 0 }
		],
	  "when": { "AND": [
		  { "facing": "north" },
		  { "slot_0_occupied": "false" }
		]}
	},
	{
	  "apply": [
			{ "model": "block/chiseled_bookshelf/occupied/0/bottom_mid", "y": 0 },
			{ "model": "block/chiseled_bookshelf/occupied/1/bottom_mid", "y": 0 }
		],
	  "when": { "AND": [
		  { "facing": "north" },
		  { "slot_4_occupied": "true" }
		]}
	},
	{
	  "apply": [
			{ "model": "block/chiseled_bookshelf/empty/0/bottom_mid", "y": 0 },
			{ "model": "block/chiseled_bookshelf/empty/1/bottom_mid", "y": 0 }
		],
	  "when": { "AND": [
		  { "facing": "north" },
		  { "slot_4_occupied": "false" }
		]}
	},
	{
	  "apply": [
			{ "model": "block/chiseled_bookshelf/occupied/0/top_right", "y": 0 },
			{ "model": "block/chiseled_bookshelf/occupied/1/top_right", "y": 0 }
		],
	  "when": { "AND": [
		  { "facing": "north" },
		  { "slot_2_occupied": "true" }
		]}
	},
	{
	  "apply": [
			{ "model": "block/chiseled_bookshelf/empty/0/top_right", "y": 0 },
			{ "model": "block/chiseled_bookshelf/empty/1/top_right", "y": 0 }
		],
	  "when": { "AND": [
		  { "facing": "north" },
		  { "slot_2_occupied": "false" }
		]}
	},
	{
	  "apply": [
			{ "model": "block/chiseled_bookshelf/occupied/0/top_mid", "y": 0 },
			{ "model": "block/chiseled_bookshelf/occupied/1/top_mid", "y": 0 }
		],
	  "when": { "AND": [
		  { "facing": "north" },
		  { "slot_1_occupied": "true" }
		]}
	},
	{
	  "apply": [
			{ "model": "block/chiseled_bookshelf/empty/0/top_mid", "y": 0 },
			{ "model": "block/chiseled_bookshelf/empty/1/top_mid", "y": 0 }
		],
	  "when": { "AND": [
		  { "facing": "north" },
		  { "slot_1_occupied": "false" }
		]}
	},
	{
	  "apply": [
			{ "model": "block/chiseled_bookshelf/occupied/0/bottom_left", "y": 0 },
			{ "model": "block/chiseled_bookshelf/occupied/1/bottom_left", "y": 0 }
		],
	  "when": { "AND": [
		  { "facing": "north" },
		  { "slot_3_occupied": "true" }
		]}
	},
	{
	  "apply": [
			{ "model": "block/chiseled_bookshelf/empty/0/bottom_left", "y": 0 },
			{ "model": "block/chiseled_bookshelf/empty/1/bottom_left", "y": 0 }
		],
	  "when": { "AND": [
		  { "facing": "north" },
		  { "slot_3_occupied": "false" }
		]}
	},
	{
	  "apply": [
			{ "model": "block/chiseled_bookshelf/occupied/0/bottom_right", "y": 0 },
			{ "model": "block/chiseled_bookshelf/occupied/1/bottom_right", "y": 0 }
		],
	  "when": { "AND": [
		  { "facing": "north" },
		  { "slot_5_occupied": "true" }
		]}
	},
	{
	  "apply": [
			{ "model": "block/chiseled_bookshelf/empty/0/bottom_right", "y": 0 },
			{ "model": "block/chiseled_bookshelf/empty/1/bottom_right", "y": 0 }
		],
	  "when": { "AND": [
		  { "facing": "north" },
		  { "slot_5_occupied": "false" }
		]}
	},
	{
	  "apply": { "model": "block/chiseled_bookshelf/chiseled_bookshelf", "uvlock": true, "y": 90 },
	  "when": { "facing": "east"}
	},
	{
	  "apply": [
			{ "model": "block/chiseled_bookshelf/occupied/0/top_left", "y": 90 },
			{ "model": "block/chiseled_bookshelf/occupied/1/top_left", "y": 90 }
		],
	  "when": { "AND": [
		  { "facing": "east" },
		  { "slot_0_occupied": "true" }
		]}
	},
	{
	  "apply": [
			{ "model": "block/chiseled_bookshelf/empty/0/top_left", "y": 90 },
			{ "model": "block/chiseled_bookshelf/empty/1/top_left", "y": 90 }
		],
	  "when": { "AND": [
		  { "facing": "east" },
		  { "slot_0_occupied": "false" }
		]}
	},
	{
	  "apply": [
			{ "model": "block/chiseled_bookshelf/occupied/0/bottom_mid", "y": 90 },
			{ "model": "block/chiseled_bookshelf/occupied/1/bottom_mid", "y": 90 }
		],
	  "when": { "AND": [
		  { "facing": "east" },
		  { "slot_4_occupied": "true" }
		]}
	},
	{
	  "apply": [
			{ "model": "block/chiseled_bookshelf/empty/0/bottom_mid", "y": 90 },
			{ "model": "block/chiseled_bookshelf/empty/1/bottom_mid", "y": 90 }
		],
	  "when": { "AND": [
		  { "facing": "east" },
		  { "slot_4_occupied": "false" }
		]}
	},
	{
	  "apply": [
			{ "model": "block/chiseled_bookshelf/occupied/0/top_right", "y": 90 },
			{ "model": "block/chiseled_bookshelf/occupied/1/top_right", "y": 90 }
		],
	  "when": { "AND": [
		  { "facing": "east" },
		  { "slot_2_occupied": "true" }
		]}
	},
	{
	  "apply": [
			{ "model": "block/chiseled_bookshelf/empty/0/top_right", "y": 90 },
			{ "model": "block/chiseled_bookshelf/empty/1/top_right", "y": 90 }
		],
	  "when": { "AND": [
		  { "facing": "east" },
		  { "slot_2_occupied": "false" }
		]}
	},
	{
	  "apply": [
			{ "model": "block/chiseled_bookshelf/occupied/0/top_mid", "y": 90 },
			{ "model": "block/chiseled_bookshelf/occupied/1/top_mid", "y": 90 }
		],
	  "when": { "AND": [
		  { "facing": "east" },
		  { "slot_1_occupied": "true" }
		]}
	},
	{
	  "apply": [
			{ "model": "block/chiseled_bookshelf/empty/0/top_mid", "y": 90 },
			{ "model": "block/chiseled_bookshelf/empty/1/top_mid", "y": 90 }
		],
	  "when": { "AND": [
		  { "facing": "east" },
		  { "slot_1_occupied": "false" }
		]}
	},
	{
	  "apply": [
			{ "model": "block/chiseled_bookshelf/occupied/0/bottom_left", "y": 90 },
			{ "model": "block/chiseled_bookshelf/occupied/1/bottom_left", "y": 90 }
		],
	  "when": { "AND": [
		  { "facing": "east" },
		  { "slot_3_occupied": "true" }
		]}
	},
	{
	  "apply": [
			{ "model": "block/chiseled_bookshelf/empty/0/bottom_left", "y": 90 },
			{ "model": "block/chiseled_bookshelf/empty/1/bottom_left", "y": 90 }
		],
	  "when": { "AND": [
		  { "facing": "east" },
		  { "slot_3_occupied": "false" }
		]}
	},
	{
	  "apply": [
			{ "model": "block/chiseled_bookshelf/occupied/0/bottom_right", "y": 90 },
			{ "model": "block/chiseled_bookshelf/occupied/1/bottom_right", "y": 90 }
		],
	  "when": { "AND": [
		  { "facing": "east" },
		  { "slot_5_occupied": "true" }
		]}
	},
	{
	  "apply": [
			{ "model": "block/chiseled_bookshelf/empty/0/bottom_right", "y": 90 },
			{ "model": "block/chiseled_bookshelf/empty/1/bottom_right", "y": 90 }
		],
	  "when": { "AND": [
		  { "facing": "east" },
		  { "slot_5_occupied": "false" }
		]}
	},
	{
	  "apply": { "model": "block/chiseled_bookshelf/chiseled_bookshelf", "uvlock": true, "y": 180 },
	  "when": { "facing": "south" }
	},
	{
	  "apply": [
			{ "model": "block/chiseled_bookshelf/occupied/0/top_left", "y": 180 },
			{ "model": "block/chiseled_bookshelf/occupied/1/top_left", "y": 180 }
		],
	  "when": { "AND": [
		  { "facing": "south" },
		  { "slot_0_occupied": "true" }
		]}
	},
	{
	  "apply": [
			{ "model": "block/chiseled_bookshelf/empty/0/top_left", "y": 180 },
			{ "model": "block/chiseled_bookshelf/empty/1/top_left", "y": 180 }
		],
	  "when": { "AND": [
		  { "facing": "south" },
		  { "slot_0_occupied": "false" }
		]}
	},
	{
	  "apply": [
			{ "model": "block/chiseled_bookshelf/occupied/0/bottom_mid", "y": 180 },
			{ "model": "block/chiseled_bookshelf/occupied/1/bottom_mid", "y": 180 }
		],
	  "when": { "AND": [
		  { "facing": "south" },
		  { "slot_4_occupied": "true" }
		]}
	},
	{
	  "apply": [
			{ "model": "block/chiseled_bookshelf/empty/0/bottom_mid", "y": 180 },
			{ "model": "block/chiseled_bookshelf/empty/1/bottom_mid", "y": 180 }
		],
	  "when": { "AND": [
		  { "facing": "south" },
		  { "slot_4_occupied": "false" }
		]}
	},
	{
	  "apply": [
			{ "model": "block/chiseled_bookshelf/occupied/0/top_right", "y": 180 },
			{ "model": "block/chiseled_bookshelf/occupied/1/top_right", "y": 180 }
		],
	  "when": { "AND": [
		  { "facing": "south" },
		  { "slot_2_occupied": "true" }
		]}
	},
	{
	  "apply": [
			{ "model": "block/chiseled_bookshelf/empty/0/top_right", "y": 180 },
			{ "model": "block/chiseled_bookshelf/empty/1/top_right", "y": 180 }
		],
	  "when": { "AND": [
		  { "facing": "south" },
		  { "slot_2_occupied": "false" }
		]}
	},
	{
	  "apply": [
			{ "model": "block/chiseled_bookshelf/occupied/0/top_mid", "y": 180 },
			{ "model": "block/chiseled_bookshelf/occupied/1/top_mid", "y": 180 }
		],
	  "when": { "AND": [
		  { "facing": "south" },
		  { "slot_1_occupied": "true" }
		]}
	},
	{
	  "apply": [
			{ "model": "block/chiseled_bookshelf/empty/0/top_mid", "y": 180 },
			{ "model": "block/chiseled_bookshelf/empty/1/top_mid", "y": 180 }
		],
	  "when": { "AND": [
		  { "facing": "south" },
		  { "slot_1_occupied": "false" }
		]}
	},
	{
	  "apply": [
			{ "model": "block/chiseled_bookshelf/occupied/0/bottom_left", "y": 180 },
			{ "model": "block/chiseled_bookshelf/occupied/1/bottom_left", "y": 180 }
		],
	  "when": { "AND": [
		  { "facing": "south" },
		  { "slot_3_occupied": "true" }
		]}
	},
	{
	  "apply": [
			{ "model": "block/chiseled_bookshelf/empty/0/bottom_left", "y": 180 },
			{ "model": "block/chiseled_bookshelf/empty/1/bottom_left", "y": 180 }
		],
	  "when": { "AND": [
		  { "facing": "south" },
		  { "slot_3_occupied": "false" }
		]}
	},
	{
	  "apply": [
			{ "model": "block/chiseled_bookshelf/occupied/0/bottom_right", "y": 180 },
			{ "model": "block/chiseled_bookshelf/occupied/1/bottom_right", "y": 180 }
		],
	  "when": { "AND": [
		  { "facing": "south" },
		  { "slot_5_occupied": "true" }
		]}
	},
	{
	  "apply": [
			{ "model": "block/chiseled_bookshelf/empty/0/bottom_right", "y": 180 },
			{ "model": "block/chiseled_bookshelf/empty/1/bottom_right", "y": 180 }
		],
	  "when": { "AND": [
		  { "facing": "south" },
		  { "slot_5_occupied": "false" }
		]}
	},
	{
	  "apply": { "model": "block/chiseled_bookshelf/chiseled_bookshelf", "uvlock": true, "y": 270 },
	  "when": { "facing": "west" }
	},
	{
	  "apply": [
			{ "model": "block/chiseled_bookshelf/occupied/0/top_left", "y": 270 },
			{ "model": "block/chiseled_bookshelf/occupied/1/top_left", "y": 270 }
		],
	  "when": { "AND": [
		  { "facing": "west" },
		  { "slot_0_occupied": "true" }
		]}
	},
	{
	  "apply": [
			{ "model": "block/chiseled_bookshelf/empty/0/top_left", "y": 270 },
			{ "model": "block/chiseled_bookshelf/empty/1/top_left", "y": 270 }
		],
	  "when": { "AND": [
		  { "facing": "west" },
		  { "slot_0_occupied": "false" }
		]}
	},
	{
	  "apply": [
			{ "model": "block/chiseled_bookshelf/occupied/0/bottom_mid", "y": 270 },
			{ "model": "block/chiseled_bookshelf/occupied/1/bottom_mid", "y": 270 }
		],
	  "when": { "AND": [
		  { "facing": "west" },
		  { "slot_4_occupied": "true" }
		]}
	},
	{
	  "apply": [
			{ "model": "block/chiseled_bookshelf/empty/0/bottom_mid", "y": 270 },
			{ "model": "block/chiseled_bookshelf/empty/1/bottom_mid", "y": 270 }
		],
	  "when": { "AND": [
		  { "facing": "west" },
		  { "slot_4_occupied": "false" }
		]}
	},
	{
	  "apply": [
			{ "model": "block/chiseled_bookshelf/occupied/0/top_right", "y": 270 },
			{ "model": "block/chiseled_bookshelf/occupied/1/top_right", "y": 270 }
		],
	  "when": { "AND": [
		  { "facing": "west" },
		  { "slot_2_occupied": "true" }
		]}
	},
	{
	  "apply": [
			{ "model": "block/chiseled_bookshelf/empty/0/top_right", "y": 270 },
			{ "model": "block/chiseled_bookshelf/empty/1/top_right", "y": 270 }
		],
	  "when": { "AND": [
		  { "facing": "west" },
		  { "slot_2_occupied": "false" }
		]}
	},
	{
	  "apply": [
			{ "model": "block/chiseled_bookshelf/occupied/0/top_mid", "y": 270 },
			{ "model": "block/chiseled_bookshelf/occupied/1/top_mid", "y": 270 }
		],
	  "when": { "AND": [
		  { "facing": "west" },
		  { "slot_1_occupied": "true" }
		]}
	},
	{
	  "apply": [
			{ "model": "block/chiseled_bookshelf/empty/0/top_mid", "y": 270 },
			{ "model": "block/chiseled_bookshelf/empty/1/top_mid", "y": 270 }
		],
	  "when": { "AND": [
		  { "facing": "west" },
		  { "slot_1_occupied": "false" }
		]}
	},
	{
	  "apply": [
			{ "model": "block/chiseled_bookshelf/occupied/0/bottom_left", "y": 270 },
			{ "model": "block/chiseled_bookshelf/occupied/1/bottom_left", "y": 270 }
		],
	  "when": { "AND": [
		  { "facing": "west" },
		  { "slot_3_occupied": "true" }
		]}
	},
	{
	  "apply": [
			{ "model": "block/chiseled_bookshelf/empty/0/bottom_left", "y": 270 },
			{ "model": "block/chiseled_bookshelf/empty/1/bottom_left", "y": 270 }
		],
	  "when": { "AND": [
		  { "facing": "west" },
		  { "slot_3_occupied": "false" }
		]}
	},
	{
	  "apply": [
			{ "model": "block/chiseled_bookshelf/occupied/0/bottom_right", "y": 270 },
			{ "model": "block/chiseled_bookshelf/occupied/1/bottom_right", "y": 270 }
		],
	  "when": { "AND": [
		  { "facing": "west" },
		  { "slot_5_occupied": "true" }
		]}
	},
	{
	  "apply": [
			{ "model": "block/chiseled_bookshelf/empty/0/bottom_right", "y": 270 },
			{ "model": "block/chiseled_bookshelf/empty/1/bottom_right", "y": 270 }
		],
	  "when": { "AND": [
		  { "facing": "west" },
		  { "slot_5_occupied": "false" }
		]}
	}
  ]
}