{
	"credit": "Made with Blockbench",
	"textures": {
		"1": "block/redstone_dust_cross",
		"particle": "block/redstone_dust_cross",
		"1_1": "block/redstone_dust_dot"
	},
	"elements": [
		{
			"from": [6.5, 0, 11],
			"to": [9.5, 0.5, 16],
			"faces": {
				"north": {"uv": [0, 0, 0, 0], "texture": "#1"},
				"east": {"uv": [6.5, 15.5, 9.5, 16], "texture": "#1", "tintindex": 0},
				"south": {"uv": [0, 6.5, 0.5, 9.5], "rotation": 270, "texture": "#1", "tintindex": 0},
				"west": {"uv": [6.5, 0, 9.5, 0.5], "rotation": 180, "texture": "#1", "tintindex": 0},
				"up": {"uv": [11, 6.5, 16, 9.5], "rotation": 270, "texture": "#1", "tintindex": 0},
				"down": {"uv": [0, 6.5, 6.5, 9.5], "rotation": 270, "texture": "#1", "tintindex": 0}
			}
		},
		{
			"from": [9.5, 0, 11],
			"to": [11, 1, 16],
			"faces": {
				"north": {"uv": [9.5, 15, 11, 16], "texture": "#1"},
				"east": {"uv": [0, 10, 5, 11], "texture": "#1"},
				"south": {"uv": [9.5, 0.5, 11, 1.5], "texture": "#1"},
				"west": {"uv": [5, 10, 0, 11], "texture": "#1"},
				"up": {"uv": [0, 9.5, 5, 11], "rotation": 270, "texture": "#1"},
				"down": {"uv": [9.5, 0, 11, 9.5], "rotation": 180, "texture": "#1"}
			}
		},
		{
			"from": [5, 0, 11],
			"to": [6.5, 1, 16],
			"faces": {
				"north": {"uv": [5, 5.5, 6.5, 6.5], "texture": "#1"},
				"east": {"uv": [0, 5.5, 5, 6.5], "texture": "#1"},
				"south": {"uv": [0, 5.5, 1.5, 6.5], "texture": "#1"},
				"west": {"uv": [5, 5.5, 0, 6.5], "texture": "#1"},
				"up": {"uv": [0, 5, 5, 6.5], "rotation": 270, "texture": "#1"},
				"down": {"uv": [0, 5, 6.5, 6.5], "rotation": 90, "texture": "#1"}
			}
		},
		{
			"from": [5, 0, 5],
			"to": [6.5, 1, 11],
			"faces": {
				"north": {"uv": [5, 5.5, 6.5, 6.5], "texture": "#1_1"},
				"east": {"uv": [5.5, 5, 6.5, 11], "rotation": 90, "texture": "#1_1"},
				"south": {"uv": [5, 10, 6.5, 11], "texture": "#1_1"},
				"west": {"uv": [5, 5, 6, 11], "rotation": 270, "texture": "#1_1"},
				"up": {"uv": [5, 5, 6.5, 11], "texture": "#1_1"},
				"down": {"uv": [5, 5, 6.5, 11], "texture": "#1_1"}
			}
		},
		{
			"from": [9.5, 0, 5],
			"to": [11, 1, 11],
			"faces": {
				"north": {"uv": [9.5, 5.5, 11, 6.5], "texture": "#1_1"},
				"east": {"uv": [10, 5, 11, 11], "rotation": 90, "texture": "#1_1"},
				"south": {"uv": [9.5, 10, 11, 11], "texture": "#1_1"},
				"west": {"uv": [9.5, 5, 10.5, 11], "rotation": 270, "texture": "#1_1"},
				"up": {"uv": [9.5, 5, 11, 11], "texture": "#1_1"},
				"down": {"uv": [9.5, 5, 11, 11], "texture": "#1_1"}
			}
		},
		{
			"from": [5, 0, 9.5],
			"to": [11, 1, 11],
			"faces": {
				"north": {"uv": [5, 10, 11, 11], "texture": "#1_1"},
				"east": {"uv": [10, 9.5, 11, 11], "rotation": 90, "texture": "#1_1"},
				"south": {"uv": [5, 10, 11, 11], "texture": "#1_1"},
				"west": {"uv": [5, 9.5, 6, 11], "rotation": 270, "texture": "#1_1"},
				"up": {"uv": [5, 9.5, 11, 11], "texture": "#1_1"},
				"down": {"uv": [5, 9.5, 11, 11], "texture": "#1_1"}
			}
		},
		{
			"from": [5, 0, 5],
			"to": [11, 1, 6.5],
			"faces": {
				"north": {"uv": [5, 5.5, 11, 6.5], "texture": "#1_1"},
				"east": {"uv": [10, 5, 11, 6.5], "rotation": 90, "texture": "#1_1"},
				"south": {"uv": [5, 5.5, 11, 6.5], "texture": "#1_1"},
				"west": {"uv": [5, 5, 6, 6.5], "rotation": 270, "texture": "#1_1"},
				"up": {"uv": [5, 5, 11, 6.5], "texture": "#1_1"},
				"down": {"uv": [5, 5, 11, 6.5], "texture": "#1_1"}
			}
		},
		{
			"from": [6.5, 0, 6.5],
			"to": [9.5, 0.5, 9.5],
			"faces": {
				"up": {"uv": [6.5, 6.5, 9.5, 9.5], "texture": "#1_1", "tintindex": 0},
				"down": {"uv": [6.5, 6.5, 9.5, 9.5], "texture": "#1_1", "tintindex": 0}
			}
		}
	],
	"groups": [0, 1, 2,
		{
			"name": "redstone_dust_dot",
			"children": [3, 4, 5, 6, 7]
		}
	]
}