{
	"credit": "Made with Blockbench",
	"textures": {
		"1": "block/redstone_dust_cross",
		"particle": "block/redstone_dust_cross"
	},
	"elements": [
		{
			"from": [6.5, 0, 0],
			"to": [9.5, 0.5, 5],
			"faces": {
				"north": {"uv": [0, 6.5, 0.5, 9.5], "rotation": 270, "texture": "#1", "tintindex": 0},
				"east": {"uv": [6.5, 0, 9.5, 0.5], "rotation": 180, "texture": "#1", "tintindex": 0},
				"south": {"uv": [0, 0, 0, 0], "texture": "#1"},
				"west": {"uv": [6.5, 15.5, 9.5, 16], "texture": "#1", "tintindex": 0},
				"up": {"uv": [0, 6.5, 5, 9.5], "rotation": 90, "texture": "#1", "tintindex": 0},
				"down": {"uv": [0, 6.5, 6.5, 9.5], "rotation": 90, "texture": "#1", "tintindex": 0}
			}
		},
		{
			"from": [5, 0, 0],
			"to": [6.5, 1, 5],
			"faces": {
				"north": {"uv": [9.5, 0.5, 11, 1.5], "texture": "#1"},
				"east": {"uv": [5, 10, 0, 11], "texture": "#1"},
				"south": {"uv": [9.5, 15, 11, 16], "texture": "#1"},
				"west": {"uv": [0, 10, 5, 11], "texture": "#1"},
				"up": {"uv": [0, 9.5, 5, 11], "rotation": 90, "texture": "#1"},
				"down": {"uv": [9.5, 0, 11, 5], "texture": "#1"}
			}
		},
		{
			"from": [9.5, 0, 0],
			"to": [11, 1, 5],
			"faces": {
				"north": {"uv": [0, 5.5, 1.5, 6.5], "texture": "#1"},
				"east": {"uv": [5, 5.5, 0, 6.5], "texture": "#1"},
				"south": {"uv": [5, 5.5, 6.5, 6.5], "texture": "#1"},
				"west": {"uv": [0, 5.5, 5, 6.5], "texture": "#1"},
				"up": {"uv": [0, 9.5, 5, 11], "rotation": 90, "texture": "#1"},
				"down": {"uv": [9.5, 0, 11, 5], "rotation": 270, "texture": "#1"}
			}
		}
	]
}