{
	"credit": "Made with Blockbench",
	"textures": {
		"1": "block/redstone_dust_dot"
	},
	"elements": [
		{
			"from": [5, 0, 5],
			"to": [6.5, 1, 11],
			"faces": {
				"north": {"uv": [5, 5.5, 6.5, 6.5], "texture": "#1"},
				"east": {"uv": [5.5, 5, 6.5, 11], "rotation": 90, "texture": "#1"},
				"south": {"uv": [5, 10, 6.5, 11], "texture": "#1"},
				"west": {"uv": [5, 5, 6, 11], "rotation": 270, "texture": "#1"},
				"up": {"uv": [5, 5, 6.5, 11], "texture": "#1"},
				"down": {"uv": [5, 5, 6.5, 11], "texture": "#1"}
			}
		},
		{
			"from": [9.5, 0, 5],
			"to": [11, 1, 11],
			"faces": {
				"north": {"uv": [9.5, 5.5, 11, 6.5], "texture": "#1"},
				"east": {"uv": [10, 5, 11, 11], "rotation": 90, "texture": "#1"},
				"south": {"uv": [9.5, 10, 11, 11], "texture": "#1"},
				"west": {"uv": [9.5, 5, 10.5, 11], "rotation": 270, "texture": "#1"},
				"up": {"uv": [9.5, 5, 11, 11], "texture": "#1"},
				"down": {"uv": [9.5, 5, 11, 11], "texture": "#1"}
			}
		},
		{
			"from": [5, 0, 9.5],
			"to": [11, 1, 11],
			"faces": {
				"north": {"uv": [5, 10, 11, 11], "texture": "#1"},
				"east": {"uv": [10, 9.5, 11, 11], "rotation": 90, "texture": "#1"},
				"south": {"uv": [5, 10, 11, 11], "texture": "#1"},
				"west": {"uv": [5, 9.5, 6, 11], "rotation": 270, "texture": "#1"},
				"up": {"uv": [5, 9.5, 11, 11], "texture": "#1"},
				"down": {"uv": [5, 9.5, 11, 11], "texture": "#1"}
			}
		},
		{
			"from": [5, 0, 5],
			"to": [11, 1, 6.5],
			"faces": {
				"north": {"uv": [5, 5.5, 11, 6.5], "texture": "#1"},
				"east": {"uv": [10, 5, 11, 6.5], "rotation": 90, "texture": "#1"},
				"south": {"uv": [5, 5.5, 11, 6.5], "texture": "#1"},
				"west": {"uv": [5, 5, 6, 6.5], "rotation": 270, "texture": "#1"},
				"up": {"uv": [5, 5, 11, 6.5], "texture": "#1"},
				"down": {"uv": [5, 5, 11, 6.5], "texture": "#1"}
			}
		},
		{
			"from": [6.5, 0, 6.5],
			"to": [9.5, 0.5, 9.5],
			"faces": {
				"up": {"uv": [6.5, 6.5, 9.5, 9.5], "texture": "#1", "tintindex": 0},
				"down": {"uv": [6.5, 6.5, 9.5, 9.5], "texture": "#1", "tintindex": 0}
			}
		}
	]
}