{
	"credit": "Made with Blockbench",
	"textures": {
		"2": "block/redstone_dust_line0"
	},
	"elements": [
		{
			"from": [9.5, 1, 0],
			"to": [11, 17, 1.5],
			"faces": {
				"north": {"uv": [5, 0, 6.5, 16], "texture": "#2"},
				"east": {"uv": [5, 0, 6.5, 16], "rotation": 180, "texture": "#2"},
				"south": {"uv": [5, 0, 6.5, 16], "rotation": 180, "texture": "#2"},
				"west": {"uv": [5, 0, 6.5, 16], "rotation": 180, "texture": "#2"},
				"up": {"uv": [5, 14.5, 6.5, 16], "rotation": 180, "texture": "#2"},
				"down": {"uv": [5, 0, 6.5, 1.5], "texture": "#2"}
			}
		},
		{
			"from": [5, 1, 0],
			"to": [6.5, 17, 1.5],
			"faces": {
				"north": {"uv": [9.5, 0, 11, 16], "texture": "#2"},
				"east": {"uv": [9.5, 0, 11, 16], "rotation": 180, "texture": "#2"},
				"south": {"uv": [9.5, 0, 11, 16], "rotation": 180, "texture": "#2"},
				"west": {"uv": [9.5, 0, 11, 16], "rotation": 180, "texture": "#2"},
				"up": {"uv": [9.5, 14.5, 11, 16], "rotation": 180, "texture": "#2"},
				"down": {"uv": [9.5, 0, 11, 1.5], "texture": "#2"}
			}
		},
		{
			"from": [6.5, 0.5, 0],
			"to": [9.5, 16.5, 0.5],
			"faces": {
				"north": {"uv": [6.5, 0, 9.5, 16], "texture": "#2", "tintindex": 0},
				"east": {"uv": [0, 0, 0, 0], "rotation": 270, "texture": "#2"},
				"south": {"uv": [6.5, 0, 9.5, 16], "rotation": 180, "texture": "#2", "tintindex": 0},
				"west": {"uv": [0, 0, 0, 0], "rotation": 90, "texture": "#2"},
				"up": {"uv": [6.5, 15.5, 9.5, 16], "rotation": 180, "texture": "#2", "tintindex": 0},
				"down": {"uv": [6.5, 0, 9.5, 0.5], "rotation": 180, "texture": "#2", "tintindex": 0}
			}
		}
	]
}