{
	"credit": "Made with Blockbench",
	"textures": {
		"3": "block/spruce_fence"
	},
	"elements": [
		{
			"from": [6, 4.5, 6],
			"to": [10, 5, 6.5],
			"faces": {
				"north": {"uv": [0.016, 15.5, 3.984, 15.984], "texture": "#3"},
				"east": {"uv": [0.016, 15.5, 0.5, 15.984], "texture": "#3"},
				"south": {"uv": [4.984, 15.5, 1.016, 15.016], "texture": "#3"},
				"west": {"uv": [0.016, 15.5, 0.5, 15.984], "texture": "#3"},
				"up": {"uv": [4.016, 15.5, 7.984, 15.984], "texture": "#3"},
				"down": {"uv": [0.5, 15.016, 4.5, 15.5], "texture": "#3"}
			}
		},
		{
			"from": [9.5, 4.5, 6.5],
			"to": [10, 5, 8],
			"faces": {
				"east": {"uv": [5.016, 15.016, 6.5, 15.5], "texture": "#3"},
				"south": {"uv": [5.016, 15.016, 5.5, 15.5], "texture": "#3"},
				"up": {"uv": [5.016, 15.5, 6.5, 15.984], "rotation": 90, "texture": "#3"},
				"down": {"uv": [5.5, 15.016, 6.984, 15.5], "rotation": 90, "texture": "#3"}
			}
		},
		{
			"from": [5.7147, 4.42336, 7.5],
			"to": [9.6147, 4.92336, 8],
			"rotation": {"angle": 22.5, "axis": "z", "origin": [9.3647, 4.67336, 7.75]},
			"faces": {
				"north": {"uv": [1.016, 15.016, 4.8, 15.5], "texture": "#3"},
				"south": {"uv": [1.5, 15.016, 5.3, 15.5], "texture": "#3"},
				"west": {"uv": [1.5, 15.5, 1.984, 15.984], "texture": "#3"},
				"up": {"uv": [1.016, 15.016, 4.8, 15.5], "texture": "#3"},
				"down": {"uv": [1.016, 15.016, 4.8, 15.5], "texture": "#3"}
			}
		},
		{
			"from": [6, 4.21967, 6.17678],
			"to": [6.5, 4.71967, 8.27678],
			"rotation": {"angle": 45, "axis": "x", "origin": [7, 4.46967, 6.67678]},
			"faces": {
				"east": {"uv": [0.016, 15.5, 2.1, 15.984], "texture": "#3"},
				"south": {"uv": [1.5, 15.5, 1.984, 15.984], "texture": "#3"},
				"west": {"uv": [0.016, 15.5, 2.1, 15.984], "texture": "#3"},
				"up": {"uv": [1.016, 15.5, 3.1, 15.984], "rotation": 90, "texture": "#3"},
				"down": {"uv": [1.4, 15.016, 3.5, 15.5], "rotation": 90, "texture": "#3"}
			}
		},
		{
			"from": [9.5, 7.5, 6],
			"to": [10, 8, 10],
			"faces": {
				"north": {"uv": [0.5, 15.5, 0.016, 15.984], "texture": "#3"},
				"east": {"uv": [3.984, 15.5, 0.016, 15.984], "texture": "#3"},
				"south": {"uv": [0.5, 15.5, 0.016, 15.984], "texture": "#3"},
				"west": {"uv": [4.984, 15.5, 1.016, 15.016], "texture": "#3"},
				"up": {"uv": [4.016, 15.984, 7.984, 15.5], "rotation": 270, "texture": "#3"},
				"down": {"uv": [0.5, 15.5, 4.5, 15.016], "rotation": 90, "texture": "#3"}
			}
		},
		{
			"from": [8, 7.5, 6],
			"to": [9.5, 8, 6.5],
			"faces": {
				"north": {"uv": [6.5, 15.016, 5.016, 15.5], "texture": "#3"},
				"west": {"uv": [5.5, 15.016, 5.016, 15.5], "texture": "#3"},
				"up": {"uv": [6.5, 15.5, 5.016, 15.984], "texture": "#3"},
				"down": {"uv": [6.984, 15.016, 5.5, 15.5], "rotation": 180, "texture": "#3"}
			}
		},
		{
			"from": [8, 7.42336, 6.3853],
			"to": [8.5, 7.92336, 10.2853],
			"rotation": {"angle": 22.5, "axis": "x", "origin": [8.25, 7.67336, 6.6353]},
			"faces": {
				"east": {"uv": [4.8, 15.016, 1.016, 15.5], "texture": "#3"},
				"south": {"uv": [1.984, 15.5, 1.5, 15.984], "texture": "#3"},
				"west": {"uv": [5.3, 15.016, 1.5, 15.5], "texture": "#3"},
				"up": {"uv": [1.016, 15.5, 4.8, 15.016], "rotation": 270, "texture": "#3"},
				"down": {"uv": [1.016, 15.5, 4.8, 15.016], "rotation": 90, "texture": "#3"}
			}
		},
		{
			"from": [7.72322, 7.21967, 9.5],
			"to": [9.82322, 7.71967, 10],
			"rotation": {"angle": 45, "axis": "z", "origin": [9.32322, 7.46967, 9]},
			"faces": {
				"north": {"uv": [2.1, 15.5, 0.016, 15.984], "texture": "#3"},
				"south": {"uv": [2.1, 15.5, 0.016, 15.984], "texture": "#3"},
				"west": {"uv": [1.984, 15.5, 1.5, 15.984], "texture": "#3"},
				"up": {"uv": [3.1, 15.5, 1.016, 15.984], "texture": "#3"},
				"down": {"uv": [3.5, 15.016, 1.4, 15.5], "rotation": 180, "texture": "#3"}
			}
		},
		{
			"from": [6, 9.5, 6],
			"to": [6.5, 10, 10],
			"faces": {
				"north": {"uv": [0.5, 15.984, 0.016, 15.5], "texture": "#3"},
				"east": {"uv": [4.984, 15.5, 1.016, 15.016], "texture": "#3"},
				"south": {"uv": [0.5, 15.984, 0.016, 15.5], "texture": "#3"},
				"west": {"uv": [3.984, 15.984, 0.016, 15.5], "texture": "#3"},
				"up": {"uv": [4.5, 15.5, 0.5, 15.016], "rotation": 270, "texture": "#3"},
				"down": {"uv": [7.984, 15.984, 4.016, 15.5], "rotation": 90, "texture": "#3"}
			}
		},
		{
			"from": [6.5, 9.5, 9.5],
			"to": [8, 10, 10],
			"faces": {
				"east": {"uv": [5.5, 15.5, 5.016, 15.016], "texture": "#3"},
				"south": {"uv": [6.5, 15.5, 5.016, 15.016], "texture": "#3"},
				"up": {"uv": [6.984, 15.5, 5.5, 15.016], "texture": "#3"},
				"down": {"uv": [6.5, 15.984, 5.016, 15.5], "rotation": 180, "texture": "#3"}
			}
		},
		{
			"from": [7.5, 9.57664, 5.7147],
			"to": [8, 10.07664, 9.6147],
			"rotation": {"angle": 22.5, "axis": "x", "origin": [7.75, 9.82664, 9.3647]},
			"faces": {
				"north": {"uv": [1.984, 15.984, 1.5, 15.5], "texture": "#3"},
				"east": {"uv": [5.3, 15.5, 1.5, 15.016], "texture": "#3"},
				"west": {"uv": [4.8, 15.5, 1.016, 15.016], "texture": "#3"},
				"up": {"uv": [4.8, 15.5, 1.016, 15.016], "rotation": 270, "texture": "#3"},
				"down": {"uv": [4.8, 15.5, 1.016, 15.016], "rotation": 90, "texture": "#3"}
			}
		},
		{
			"from": [6.17678, 9.78033, 6],
			"to": [8.27678, 10.28033, 6.5],
			"rotation": {"angle": 45, "axis": "z", "origin": [6.67678, 10.03033, 7]},
			"faces": {
				"north": {"uv": [2.1, 15.984, 0.016, 15.5], "texture": "#3"},
				"east": {"uv": [1.984, 15.984, 1.5, 15.5], "texture": "#3"},
				"south": {"uv": [2.1, 15.984, 0.016, 15.5], "texture": "#3"},
				"up": {"uv": [3.5, 15.5, 1.4, 15.016], "texture": "#3"},
				"down": {"uv": [3.1, 15.984, 1.016, 15.5], "rotation": 180, "texture": "#3"}
			}
		},
		{
			"from": [6, 12.75, 9.5],
			"to": [10, 13.25, 10],
			"faces": {
				"north": {"uv": [5.5, 15.5, 1.5, 15.016], "texture": "#3"},
				"east": {"uv": [0.016, 15.984, 0.5, 15.5], "texture": "#3"},
				"south": {"uv": [0.016, 15.984, 3.984, 15.5], "texture": "#3"},
				"west": {"uv": [0.016, 15.984, 0.5, 15.5], "texture": "#3"},
				"up": {"uv": [4.5, 15.016, 0.5, 15.5], "texture": "#3"},
				"down": {"uv": [7.984, 15.5, 4.016, 15.984], "texture": "#3"}
			}
		},
		{
			"from": [6, 12.75, 8],
			"to": [6.5, 13.25, 9.5],
			"faces": {
				"north": {"uv": [5.016, 15.5, 5.5, 15.016], "texture": "#3"},
				"west": {"uv": [5.016, 15.5, 6.5, 15.016], "texture": "#3"},
				"up": {"uv": [5.5, 15.5, 6.984, 15.016], "rotation": 90, "texture": "#3"},
				"down": {"uv": [5.016, 15.984, 6.5, 15.5], "rotation": 90, "texture": "#3"}
			}
		},
		{
			"from": [6.3853, 12.82664, 8],
			"to": [10.2853, 13.32664, 8.5],
			"rotation": {"angle": 22.5, "axis": "z", "origin": [6.6353, 13.07664, 8.25]},
			"faces": {
				"north": {"uv": [1.5, 15.5, 5.3, 15.016], "texture": "#3"},
				"east": {"uv": [1.5, 15.984, 1.984, 15.5], "texture": "#3"},
				"south": {"uv": [1.016, 15.5, 4.8, 15.016], "texture": "#3"},
				"up": {"uv": [4.8, 15.016, 1.016, 15.5], "texture": "#3"},
				"down": {"uv": [4.8, 15.016, 1.016, 15.5], "texture": "#3"}
			}
		},
		{
			"from": [9.5, 13.03033, 7.72322],
			"to": [10, 13.53033, 9.82322],
			"rotation": {"angle": 45, "axis": "x", "origin": [9, 13.28033, 9.32322]},
			"faces": {
				"north": {"uv": [1.5, 15.984, 1.984, 15.5], "texture": "#3"},
				"east": {"uv": [0.016, 15.984, 2.1, 15.5], "texture": "#3"},
				"west": {"uv": [0.016, 15.984, 2.1, 15.5], "texture": "#3"},
				"up": {"uv": [1.4, 15.5, 3.5, 15.016], "rotation": 90, "texture": "#3"},
				"down": {"uv": [1.016, 15.984, 3.1, 15.5], "rotation": 90, "texture": "#3"}
			}
		}
	],
	"groups": [
		{
			"name": "rope 1",
			"children": [0, 1, 2, 3]
		},
		{
			"name": "rope 2",
			"children": [4, 5, 6, 7]
		},
		{
			"name": "rope 3",
			"children": [8, 9, 10, 11]
		},
		{
			"name": "rope 4",
			"children": [12, 13, 14, 15]
		}
	]
}