{
	"credit": "Made By WantedRobot",
	"textures": {
		"3": "block/spruce_fence"
	},
	"elements": [
		{
			"from": [6.5, 0, 7],
			"to": [7.5, 16, 9],
			"faces": {
				"north": {"uv": [0.016, 0.5, 15.984, 1.5], "rotation": 90, "texture": "#3"},
				"east": {"uv": [0.016, 0.016, 15.984, 1.984], "rotation": 90, "texture": "#3"},
				"south": {"uv": [0.016, 0.5, 15.984, 1.5], "rotation": 90, "texture": "#3"},
				"west": {"uv": [0.016, 0.016, 15.984, 1.984], "rotation": 90, "texture": "#3"},
				"up": {"uv": [0.016, 0.016, 0.984, 1.984], "texture": "#3", "cullface": "up"},
				"down": {"uv": [0.016, 0.016, 0.984, 1.984], "texture": "#3", "cullface": "down"}
			}
		},
		{
			"from": [8.5, 0, 7],
			"to": [9.5, 16, 9],
			"faces": {
				"north": {"uv": [0.016, 0.5, 15.984, 1.5], "rotation": 90, "texture": "#3"},
				"east": {"uv": [0.016, 0.016, 15.984, 1.984], "rotation": 90, "texture": "#3"},
				"south": {"uv": [0.016, 0.5, 15.984, 1.5], "rotation": 90, "texture": "#3"},
				"west": {"uv": [0.016, 0.016, 15.984, 1.984], "rotation": 90, "texture": "#3"},
				"up": {"uv": [0.016, 0.016, 0.984, 1.984], "texture": "#3", "cullface": "up"},
				"down": {"uv": [0.016, 0.016, 0.984, 1.984], "texture": "#3", "cullface": "down"}
			}
		},
		{
			"from": [6, 10, 7],
			"to": [10, 13.5, 7.5],
			"rotation": {"angle": 45, "axis": "x", "origin": [9, 11, 8]},
			"faces": {
				"north": {"uv": [0.016, 12.016, 2.984, 15.984], "rotation": 90, "texture": "#3"},
				"east": {"uv": [1.5, 15.5, 4.5, 15.984], "rotation": 90, "texture": "#3"},
				"south": {"uv": [0.016, 12.016, 2.984, 15.984], "rotation": 90, "texture": "#3"},
				"west": {"uv": [1.5, 15.5, 4.5, 15.984], "rotation": 270, "texture": "#3"},
				"up": {"uv": [1.5, 15.5, 5.5, 15.984], "texture": "#3"},
				"down": {"uv": [1.5, 15.5, 5.5, 15.984], "rotation": 180, "texture": "#3"}
			}
		},
		{
			"from": [6, 3.5, 7],
			"to": [10, 7, 7.5],
			"rotation": {"angle": 45, "axis": "x", "origin": [9, 4.5, 8]},
			"faces": {
				"north": {"uv": [0.016, 12.016, 2.984, 15.984], "rotation": 90, "texture": "#3"},
				"east": {"uv": [1.5, 15.5, 4.5, 15.984], "rotation": 90, "texture": "#3"},
				"south": {"uv": [0.016, 12.016, 2.984, 15.984], "rotation": 90, "texture": "#3"},
				"west": {"uv": [1.5, 15.5, 4.5, 15.984], "rotation": 270, "texture": "#3"},
				"up": {"uv": [1.5, 15.5, 5.5, 15.984], "texture": "#3"},
				"down": {"uv": [1.5, 15.5, 5.5, 15.984], "rotation": 180, "texture": "#3"}
			}
		}
	]
}