{ "variants": {
    "": [
      { "model": "minecraft:block/deepslate_ores/gold/0/0" },
      { "model": "minecraft:block/deepslate_ores/gold/0/1" },
      { "model": "minecraft:block/deepslate_ores/gold/0/2" },
      { "model": "minecraft:block/deepslate_ores/gold/0/3" },
      { "model": "minecraft:block/deepslate_ores/gold/0/4" },
			{ "model": "minecraft:block/deepslate_ores/gold/1/0" },
      { "model": "minecraft:block/deepslate_ores/gold/1/1" },
      { "model": "minecraft:block/deepslate_ores/gold/1/2" },
      { "model": "minecraft:block/deepslate_ores/gold/1/3" },
      { "model": "minecraft:block/deepslate_ores/gold/1/4" },
			{ "model": "minecraft:block/deepslate_ores/gold/2/0" },
      { "model": "minecraft:block/deepslate_ores/gold/2/1" },
      { "model": "minecraft:block/deepslate_ores/gold/2/2" },
      { "model": "minecraft:block/deepslate_ores/gold/2/3" },
      { "model": "minecraft:block/deepslate_ores/gold/2/4" },
			{ "model": "minecraft:block/deepslate_ores/gold/3/0" },
      { "model": "minecraft:block/deepslate_ores/gold/3/1" },
      { "model": "minecraft:block/deepslate_ores/gold/3/2" },
      { "model": "minecraft:block/deepslate_ores/gold/3/3" },
      { "model": "minecraft:block/deepslate_ores/gold/3/4" }
    ]
  }
}