{
	"credit": "Made with Blockbench",
	"parent": "block/orientable",
	"textures": {
		"0": "block/loom_body",
		"1": "block/loom_sides",
		"particle": "block/loom_body"
	},
	"elements": [
		{
			"from": [14, 0, 0],
			"to": [16, 16, 16],
			"faces": {
				"north": {"uv": [8, 0, 9, 8], "texture": "#0"},
				"east": {"uv": [0, 8, 8, 16], "texture": "#1"},
				"south": {"uv": [7, 8, 8, 16], "texture": "#0"},
				"west": {"uv": [1, 8, 7, 16], "texture": "#0"},
				"up": {"uv": [0, 0, 1, 8], "rotation": 180, "texture": "#0"},
				"down": {"uv": [8, 8, 9, 16], "rotation": 180, "texture": "#0"}
			}
		},
		{
			"from": [0, 0, 0],
			"to": [2, 16, 16],
			"faces": {
				"north": {"uv": [15, 0, 16, 8], "texture": "#0"},
				"east": {"uv": [1, 8, 7, 16], "texture": "#0"},
				"south": {"uv": [0, 8, 1, 16], "texture": "#0"},
				"west": {"uv": [8, 0, 16, 8], "texture": "#1"},
				"up": {"uv": [0, 0, 1, 8], "rotation": 180, "texture": "#0"},
				"down": {"uv": [15, 8, 16, 16], "rotation": 180, "texture": "#0"}
			}
		},
		{
			"from": [2, 0, 13],
			"to": [14, 16, 16],
			"faces": {
				"north": {"uv": [1, 8, 7, 16], "texture": "#0"},
				"south": {"uv": [1, 8, 7, 16], "texture": "#0"},
				"up": {"uv": [1, 0, 7, 1.5], "rotation": 180, "texture": "#0"},
				"down": {"uv": [9, 14.5, 15, 16], "rotation": 180, "texture": "#0"}
			}
		},
		{
			"from": [8.25, 15, 0],
			"to": [13.5, 16, 3.5],
			"faces": {
				"north": {"uv": [9.25, 0, 11.87, 0.5], "texture": "#0"},
				"east": {"uv": [10, 2.5, 11.75, 3], "texture": "#0"},
				"south": {"uv": [10, 2.5, 12.75, 3], "texture": "#0"},
				"up": {"uv": [1.25, 6.25, 3.87, 8], "rotation": 180, "texture": "#0"}
			}
		},
		{
			"from": [2, 0, 1],
			"to": [14, 15, 13],
			"faces": {
				"north": {"uv": [1, 9.5, 7, 16], "texture": "#0"},
				"up": {"uv": [1, 9, 7, 15.25], "rotation": 180, "texture": "#0"},
				"down": {"uv": [9, 8.5, 15, 14.5], "rotation": 180, "texture": "#0"}
			}
		},
		{
			"from": [2.5, 9, 0],
			"to": [13.5, 15, 1],
			"faces": {
				"north": {"uv": [9.25, 0.5, 14.75, 3.5], "texture": "#0"},
				"east": {"uv": [9.25, 0, 9.75, 3], "texture": "#0"},
				"west": {"uv": [9.25, 0, 9.75, 3], "texture": "#0"},
				"down": {"uv": [9.25, 3, 14.75, 3.5], "rotation": 180, "texture": "#0"}
			}
		},
		{
			"from": [2.5, 15, 0],
			"to": [8.25, 16, 4],
			"faces": {
				"north": {"uv": [11.88, 0, 14.75, 0.5], "texture": "#0"},
				"east": {"uv": [4, 6.5, 4.25, 6.75], "texture": "#0"},
				"south": {"uv": [10, 2.5, 13, 3], "texture": "#0"},
				"west": {"uv": [10, 2.5, 12, 3], "texture": "#0"},
				"up": {"uv": [3.88, 6, 6.75, 8], "rotation": 180, "texture": "#0"}
			}
		},
		{
			"from": [13, 15.25, 3.5],
			"to": [13.5, 15.75, 13],
			"faces": {
				"east": {"uv": [0.5, 3, 0.75, 3.25], "texture": "#1"},
				"west": {"uv": [0.5, 3, 0.75, 3.25], "texture": "#1"},
				"up": {"uv": [0.5, 3, 0.75, 7.75], "rotation": 180, "texture": "#1"}
			}
		},
		{
			"from": [3.55, 15.25, 4],
			"to": [4.05, 15.75, 13],
			"faces": {
				"east": {"uv": [0.5, 0, 0.75, 0.25], "texture": "#1"},
				"west": {"uv": [0.5, 0, 0.75, 0.25], "texture": "#1"},
				"up": {"uv": [0.5, 0, 0.75, 4.5], "rotation": 180, "texture": "#1"}
			}
		},
		{
			"from": [11.95, 15.25, 3.5],
			"to": [12.45, 15.75, 13],
			"faces": {
				"east": {"uv": [0.5, 2, 0.75, 2.25], "texture": "#1"},
				"west": {"uv": [0.5, 2, 0.75, 2.25], "texture": "#1"},
				"up": {"uv": [0.5, 2, 0.75, 6.75], "rotation": 180, "texture": "#1"}
			}
		},
		{
			"from": [9.85, 15.25, 3.5],
			"to": [10.35, 15.75, 13],
			"faces": {
				"east": {"uv": [0.5, 1.5, 0.75, 1.75], "texture": "#1"},
				"west": {"uv": [0.5, 1.5, 0.75, 1.75], "texture": "#1"},
				"up": {"uv": [0.5, 1.5, 0.75, 6.25], "rotation": 180, "texture": "#1"}
			}
		},
		{
			"from": [10.9, 15.25, 3.5],
			"to": [11.4, 15.75, 13],
			"faces": {
				"east": {"uv": [0.5, 3, 0.75, 3.25], "texture": "#1"},
				"west": {"uv": [0.5, 3, 0.75, 3.25], "texture": "#1"},
				"up": {"uv": [0.5, 3, 0.75, 7.75], "rotation": 180, "texture": "#1"}
			}
		},
		{
			"from": [7.75, 15.25, 3.5],
			"to": [8.25, 15.75, 13],
			"faces": {
				"east": {"uv": [7, 4.75, 7.25, 5], "texture": "#1"},
				"west": {"uv": [0.5, 1.25, 0.75, 1.5], "texture": "#1"},
				"up": {"uv": [0.5, 1.25, 0.75, 6], "rotation": 180, "texture": "#1"}
			}
		},
		{
			"from": [8.8, 15.25, 3.5],
			"to": [9.3, 15.75, 13],
			"faces": {
				"east": {"uv": [0.5, 3.25, 0.75, 3.5], "texture": "#1"},
				"west": {"uv": [0.5, 3.25, 0.75, 3.5], "texture": "#1"},
				"up": {"uv": [0.5, 3.25, 0.75, 8], "rotation": 180, "texture": "#1"}
			}
		},
		{
			"from": [5.65, 15.25, 4],
			"to": [6.15, 15.75, 13],
			"faces": {
				"east": {"uv": [0.5, 1, 0.75, 1.25], "texture": "#1"},
				"west": {"uv": [0.5, 1, 0.75, 1.25], "texture": "#1"},
				"up": {"uv": [0.5, 1, 0.75, 5.5], "rotation": 180, "texture": "#1"}
			}
		},
		{
			"from": [6.7, 15.25, 4],
			"to": [7.2, 15.75, 13],
			"faces": {
				"east": {"uv": [0.5, 3, 0.75, 3.25], "texture": "#1"},
				"west": {"uv": [0.5, 3, 0.75, 3.25], "texture": "#1"},
				"up": {"uv": [0.5, 3, 0.75, 7.5], "rotation": 180, "texture": "#1"}
			}
		},
		{
			"from": [2.5, 15.25, 4],
			"to": [3, 15.75, 13],
			"faces": {
				"east": {"uv": [0.5, 3.5, 0.75, 3.75], "texture": "#1"},
				"west": {"uv": [0.5, 3.5, 0.75, 3.75], "texture": "#1"},
				"up": {"uv": [0.5, 3.5, 0.75, 8], "rotation": 180, "texture": "#1"}
			}
		},
		{
			"from": [4.6, 15.25, 4],
			"to": [5.1, 15.75, 13],
			"faces": {
				"east": {"uv": [0.5, 2.25, 0.75, 2.5], "texture": "#1"},
				"west": {"uv": [0.5, 2.25, 0.75, 2.5], "texture": "#1"},
				"up": {"uv": [0.5, 2.25, 0.75, 6.75], "rotation": 180, "texture": "#1"}
			}
		},
		{
			"from": [0, 0, 0.005],
			"to": [16, 16, 0.005],
			"faces": {
				"south": {"uv": [10, 3.25, 10.25, 3.5], "texture": "#0"}
			}
		},
		{
			"from": [0, 15.99, 0],
			"to": [16, 15.99, 16],
			"faces": {
				"down": {"uv": [10, 3.25, 10.25, 3.5], "rotation": 180, "texture": "#0"}
			}
		},
		{
			"from": [13, 8, 0.25],
			"to": [13.5, 9, 0.75],
			"faces": {
				"north": {"uv": [0.5, 1.25, 0.75, 1.75], "texture": "#1"},
				"east": {"uv": [0.5, 1.25, 0.75, 1.75], "texture": "#1"},
				"west": {"uv": [0.5, 1.25, 0.75, 1.75], "texture": "#1"}
			}
		},
		{
			"from": [3.55, 8, 0.25],
			"to": [4.05, 9, 0.75],
			"faces": {
				"north": {"uv": [0.5, 1.25, 0.75, 1.75], "texture": "#1"},
				"east": {"uv": [0.5, 1.25, 0.75, 1.75], "texture": "#1"},
				"west": {"uv": [0.5, 1.25, 0.75, 1.75], "texture": "#1"}
			}
		},
		{
			"from": [4.6, 8, 0.25],
			"to": [5.1, 9, 0.75],
			"faces": {
				"north": {"uv": [0.5, 1.25, 0.75, 1.75], "texture": "#1"},
				"east": {"uv": [0.5, 1.25, 0.75, 1.75], "texture": "#1"},
				"west": {"uv": [0.5, 1.25, 0.75, 1.75], "texture": "#1"}
			}
		},
		{
			"from": [2.5, 8, 0.25],
			"to": [3, 9, 0.75],
			"faces": {
				"north": {"uv": [0.5, 1.25, 0.75, 1.75], "texture": "#1"},
				"east": {"uv": [0.5, 1.25, 0.75, 1.75], "texture": "#1"},
				"west": {"uv": [0.5, 1.25, 0.75, 1.75], "texture": "#1"}
			}
		},
		{
			"from": [6.7, 8, 0.25],
			"to": [7.2, 9, 0.75],
			"faces": {
				"north": {"uv": [0.5, 1.25, 0.75, 1.75], "texture": "#1"},
				"east": {"uv": [0.5, 1.25, 0.75, 1.75], "texture": "#1"},
				"west": {"uv": [0.5, 1.25, 0.75, 1.75], "texture": "#1"}
			}
		},
		{
			"from": [5.65, 8, 0.25],
			"to": [6.15, 9, 0.75],
			"faces": {
				"north": {"uv": [0.5, 1.25, 0.75, 1.75], "texture": "#1"},
				"east": {"uv": [0.5, 1.25, 0.75, 1.75], "texture": "#1"},
				"west": {"uv": [0.5, 1.25, 0.75, 1.75], "texture": "#1"}
			}
		},
		{
			"from": [8.8, 8, 0.25],
			"to": [9.3, 9, 0.75],
			"faces": {
				"north": {"uv": [0.5, 1.25, 0.75, 1.75], "texture": "#1"},
				"east": {"uv": [0.5, 1.25, 0.75, 1.75], "texture": "#1"},
				"west": {"uv": [0.5, 1.25, 0.75, 1.75], "texture": "#1"}
			}
		},
		{
			"from": [7.75, 8, 0.25],
			"to": [8.25, 9, 0.75],
			"faces": {
				"north": {"uv": [0.5, 1.25, 0.75, 1.75], "texture": "#1"},
				"east": {"uv": [0.5, 1.25, 0.75, 1.75], "texture": "#1"},
				"west": {"uv": [0.5, 1.25, 0.75, 1.75], "texture": "#1"}
			}
		},
		{
			"from": [10.9, 8, 0.25],
			"to": [11.4, 9, 0.75],
			"faces": {
				"north": {"uv": [0.5, 1.25, 0.75, 1.75], "texture": "#1"},
				"east": {"uv": [0.5, 1.25, 0.75, 1.75], "texture": "#1"},
				"west": {"uv": [0.5, 1.25, 0.75, 1.75], "texture": "#1"}
			}
		},
		{
			"from": [9.85, 8, 0.25],
			"to": [10.35, 9, 0.75],
			"faces": {
				"north": {"uv": [0.5, 1.25, 0.75, 1.75], "texture": "#1"},
				"east": {"uv": [0.5, 1.25, 0.75, 1.75], "texture": "#1"},
				"west": {"uv": [0.5, 1.25, 0.75, 1.75], "texture": "#1"}
			}
		},
		{
			"from": [11.95, 8, 0.25],
			"to": [12.45, 9, 0.75],
			"faces": {
				"north": {"uv": [0.5, 1.25, 0.75, 1.75], "texture": "#1"},
				"east": {"uv": [0.5, 1.25, 0.75, 1.75], "texture": "#1"},
				"west": {"uv": [0.5, 1.25, 0.75, 1.75], "texture": "#1"}
			}
		},
		{
			"from": [2, 0, 0],
			"to": [14, 8, 1],
			"faces": {
				"north": {"uv": [9, 4, 15, 8], "texture": "#0"},
				"up": {"uv": [9, 3.75, 15, 4.25], "rotation": 180, "texture": "#0"},
				"down": {"uv": [9, 8, 15, 8.5], "rotation": 180, "texture": "#0"}
			}
		}
	],
	"display": {
		"thirdperson_righthand": {
			"rotation": [75, 45, 0],
			"translation": [0, 2.5, 0],
			"scale": [0.375, 0.375, 0.375]
		},
		"thirdperson_lefthand": {
			"rotation": [75, 45, 0],
			"translation": [0, 2.5, 0],
			"scale": [0.375, 0.375, 0.375]
		},
		"firstperson_righthand": {
			"rotation": [0, 45, 0],
			"scale": [0.4, 0.4, 0.4]
		},
		"firstperson_lefthand": {
			"rotation": [0, 225, 0],
			"scale": [0.4, 0.4, 0.4]
		},
		"ground": {
			"translation": [0, 3, 0],
			"scale": [0.25, 0.25, 0.25]
		},
		"gui": {
			"rotation": [30, 225, 0],
			"scale": [0.625, 0.625, 0.625]
		},
		"fixed": {
			"scale": [0.5, 0.5, 0.5]
		}
	},
	"groups": [0, 1, 2, 3, 4, 5, 6,
		{
			"name": "strings",
			"children": [7, 8, 9, 10, 11, 12, 13, 14, 15, 16, 17]
		},
		{
			"name": "cullblockers",
			"children": [18, 19]
		},
		{
			"name": "strings2",
			"children": [20, 21, 22, 23, 24, 25, 26, 27, 28, 29, 30]
		}, 31]
}