{
	"credit": "Made with Blockbench",
	"texture_size": [32, 32],
	"textures": {
		"0": "block/gate/spruce_fence_gate",
		"particle": "block/gate/spruce_fence_gate"
	},
	"elements": [
		{
			"name": "tábla",
			"from": [-6.33333, 0, 7],
			"to": [14.66667, 16, 10],
			"rotation": {"angle": 0, "axis": "y", "origin": [4.16667, 8, 8.41667]},
			"faces": {
				"north": {"uv": [12, 7.5, 1.5, 15.5], "texture": "#0"},
				"east": {"uv": [12, 7.5, 13.5, 15.5], "texture": "#0"},
				"south": {"uv": [1.5, 7.5, 12, 15.5], "texture": "#0"},
				"west": {"uv": [0, 7.5, 1.5, 15.5], "texture": "#0"},
				"up": {"uv": [1.5, 6, 12, 7.5], "rotation": 180, "texture": "#0"},
				"down": {"uv": [1.5, 6, 12, 7.5], "texture": "#0"}
			}
		},
		{
			"name": "log",
			"from": [-7, 22.5, 7],
			"to": [25, 25.5, 10],
			"rotation": {"angle": 0, "axis": "y", "origin": [9, 24, 8.5]},
			"faces": {
				"north": {"uv": [0, 3, 15.5, 4.5], "texture": "#0"},
				"east": {"uv": [14, 6.5, 15.5, 8], "texture": "#0"},
				"south": {"uv": [0, 0, 15.5, 1.5], "texture": "#0"},
				"west": {"uv": [14, 6.5, 15.5, 8], "texture": "#0"},
				"up": {"uv": [0, 1.5, 15.5, 3], "rotation": 180, "texture": "#0"},
				"down": {"uv": [0, 4.5, 15.5, 6], "texture": "#0"}
			}
		},
		{
			"name": "lánc1",
			"from": [-2.9, 17.5, 8.5],
			"to": [-2.1, 18.3, 8.5],
			"rotation": {"angle": 0, "axis": "y", "origin": [-1.7, 16.7, 8.5]},
			"faces": {
				"north": {"uv": [15.25, 13.75, 15.75, 14.25], "texture": "#0"},
				"east": {"uv": [0, 0, 0, 0.4], "texture": "#missing"},
				"south": {"uv": [14.25, 10.75, 14.75, 11.25], "texture": "#0"},
				"west": {"uv": [0, 0, 0, 0.4], "texture": "#missing"},
				"up": {"uv": [0, 0, 0.4, 0], "texture": "#missing"},
				"down": {"uv": [0, 0, 0.4, 0], "texture": "#missing"}
			}
		},
		{
			"name": "lánc1",
			"from": [-2.5, 17.9, 8.5],
			"to": [-0.9, 18.7, 8.5],
			"rotation": {"angle": 0, "axis": "y", "origin": [-1.7, 16.7, 8.5]},
			"faces": {
				"north": {"uv": [14.5, 13.5, 15.5, 14], "texture": "#0"},
				"east": {"uv": [0, 0, 0.4, 0], "rotation": 270, "texture": "#missing"},
				"south": {"uv": [14.5, 10.5, 15.5, 11], "texture": "#0"},
				"west": {"uv": [0, 0, 0.4, 0], "rotation": 270, "texture": "#missing"},
				"up": {"uv": [0, 0, 0, 0.8], "rotation": 270, "texture": "#missing"},
				"down": {"uv": [0, 0, 0, 0.8], "rotation": 270, "texture": "#missing"}
			}
		},
		{
			"name": "lánc1",
			"from": [-0.9, 15.5, 8.5],
			"to": [-0.1, 17.9, 8.5],
			"rotation": {"angle": 0, "axis": "y", "origin": [-1.7, 16.7, 8.5]},
			"faces": {
				"north": {"uv": [14, 14, 14.5, 15.5], "texture": "#0"},
				"east": {"uv": [0, 0, 0, 1.2], "texture": "#missing"},
				"south": {"uv": [15.5, 11, 16, 12.5], "texture": "#0"},
				"west": {"uv": [0, 0, 0, 1.2], "texture": "#missing"},
				"up": {"uv": [0, 0, 0.4, 0], "texture": "#missing"},
				"down": {"uv": [0, 0, 0.4, 0], "texture": "#missing"}
			}
		},
		{
			"name": "lánc1",
			"from": [-3.3, 15.5, 8.5],
			"to": [-2.5, 17.9, 8.5],
			"rotation": {"angle": 0, "axis": "y", "origin": [-1.7, 16.7, 8.5]},
			"faces": {
				"north": {"uv": [15.5, 14, 16, 15.5], "texture": "#0"},
				"east": {"uv": [0, 0, 0, 1.2], "texture": "#missing"},
				"south": {"uv": [14, 11, 14.5, 12.5], "texture": "#0"},
				"west": {"uv": [0, 0, 0, 1.2], "texture": "#missing"},
				"up": {"uv": [0, 0, 0.4, 0], "texture": "#missing"},
				"down": {"uv": [0, 0, 0.4, 0], "texture": "#missing"}
			}
		},
		{
			"name": "lánc1",
			"from": [-1.3, 17.5, 8.5],
			"to": [-0.5, 18.3, 8.5],
			"rotation": {"angle": 0, "axis": "y", "origin": [-1.45, 16.7, 8.5]},
			"faces": {
				"north": {"uv": [14.25, 13.75, 14.75, 14.25], "texture": "#0"},
				"east": {"uv": [0, 0, 0, 0.4], "texture": "#missing"},
				"south": {"uv": [15.25, 10.75, 15.75, 11.25], "texture": "#0"},
				"west": {"uv": [0, 0, 0, 0.4], "texture": "#missing"},
				"up": {"uv": [0, 0, 0.4, 0], "texture": "#missing"},
				"down": {"uv": [0, 0, 0.4, 0], "texture": "#missing"}
			}
		},
		{
			"name": "lánc4",
			"from": [-1.7, 20.25, 8.9],
			"to": [-1.7, 21.05, 9.7],
			"rotation": {"angle": 0, "axis": "y", "origin": [-1.7, 19.45, 8.5]},
			"faces": {
				"north": {"uv": [0, 0, 0, 0.4], "texture": "#missing"},
				"east": {"uv": [14.25, 10.75, 14.75, 11.25], "texture": "#0"},
				"south": {"uv": [0, 0, 0, 0.4], "texture": "#missing"},
				"west": {"uv": [15.25, 13.75, 15.75, 14.25], "texture": "#0"},
				"up": {"uv": [0, 0, 0.4, 0], "rotation": 270, "texture": "#missing"},
				"down": {"uv": [0, 0, 0.4, 0], "rotation": 90, "texture": "#missing"}
			}
		},
		{
			"name": "lánc4",
			"from": [-1.7, 17.85, 8.9],
			"to": [-1.7, 18.65, 9.7],
			"rotation": {"angle": 0, "axis": "y", "origin": [-1.7, 19.45, 8.5]},
			"faces": {
				"north": {"uv": [0, 0, 0, 0.4], "texture": "#missing"},
				"east": {"uv": [14.25, 12.25, 14.75, 12.75], "texture": "#0"},
				"south": {"uv": [0, 0, 0, 0.4], "texture": "#missing"},
				"west": {"uv": [15.25, 15.25, 15.75, 15.75], "texture": "#0"},
				"up": {"uv": [0, 0, 0.4, 0], "rotation": 270, "texture": "#missing"},
				"down": {"uv": [0, 0, 0.4, 0], "rotation": 90, "texture": "#missing"}
			}
		},
		{
			"name": "lánc4",
			"from": [-1.7, 17.45, 7.7],
			"to": [-1.7, 18.25, 9.3],
			"rotation": {"angle": 0, "axis": "y", "origin": [-1.7, 19.45, 8.5]},
			"faces": {
				"north": {"uv": [0, 0, 0.4, 0], "rotation": 270, "texture": "#missing"},
				"east": {"uv": [14.5, 12.5, 15.5, 13], "texture": "#0"},
				"south": {"uv": [0, 0, 0.4, 0], "rotation": 270, "texture": "#missing"},
				"west": {"uv": [14.5, 15.5, 15.5, 16], "texture": "#0"},
				"up": {"uv": [0, 0, 0, 0.8], "rotation": 180, "texture": "#missing"},
				"down": {"uv": [0, 0, 0, 0.8], "texture": "#missing"}
			}
		},
		{
			"name": "lánc4",
			"from": [-1.7, 20.65, 7.7],
			"to": [-1.7, 21.45, 9.3],
			"rotation": {"angle": 0, "axis": "y", "origin": [-1.7, 19.45, 8.5]},
			"faces": {
				"north": {"uv": [0, 0, 0.4, 0], "rotation": 270, "texture": "#missing"},
				"east": {"uv": [14.5, 10.5, 15.5, 11], "texture": "#0"},
				"south": {"uv": [0, 0, 0.4, 0], "rotation": 270, "texture": "#missing"},
				"west": {"uv": [14.5, 13.5, 15.5, 14], "texture": "#0"},
				"up": {"uv": [0, 0, 0, 0.8], "rotation": 180, "texture": "#missing"},
				"down": {"uv": [0, 0, 0, 0.8], "texture": "#missing"}
			}
		},
		{
			"name": "lánc4",
			"from": [-1.7, 18.25, 6.9],
			"to": [-1.7, 20.65, 7.7],
			"rotation": {"angle": 0, "axis": "y", "origin": [-1.7, 19.45, 8.5]},
			"faces": {
				"north": {"uv": [0, 0, 0, 1.2], "texture": "#missing"},
				"east": {"uv": [15.5, 11, 16, 12.5], "texture": "#0"},
				"south": {"uv": [0, 0, 0, 1.2], "texture": "#missing"},
				"west": {"uv": [14, 14, 14.5, 15.5], "texture": "#0"},
				"up": {"uv": [0, 0, 0.4, 0], "rotation": 270, "texture": "#missing"},
				"down": {"uv": [0, 0, 0.4, 0], "rotation": 90, "texture": "#missing"}
			}
		},
		{
			"name": "lánc4",
			"from": [-1.7, 18.25, 9.3],
			"to": [-1.7, 20.65, 10.1],
			"rotation": {"angle": 0, "axis": "y", "origin": [-1.7, 19.45, 8.5]},
			"faces": {
				"north": {"uv": [0, 0, 0, 1.2], "texture": "#missing"},
				"east": {"uv": [14, 11, 14.5, 12.5], "texture": "#0"},
				"south": {"uv": [0, 0, 0, 1.2], "texture": "#missing"},
				"west": {"uv": [15.5, 14, 16, 15.5], "texture": "#0"},
				"up": {"uv": [0, 0, 0.4, 0], "rotation": 270, "texture": "#missing"},
				"down": {"uv": [0, 0, 0.4, 0], "rotation": 90, "texture": "#missing"}
			}
		},
		{
			"name": "lánc4",
			"from": [-1.7, 17.85, 7.3],
			"to": [-1.7, 18.65, 8.1],
			"rotation": {"angle": 0, "axis": "y", "origin": [-1.7, 19.45, 8.5]},
			"faces": {
				"north": {"uv": [0, 0, 0, 0.4], "texture": "#missing"},
				"east": {"uv": [15.25, 12.25, 15.75, 12.75], "texture": "#0"},
				"south": {"uv": [0, 0, 0, 0.4], "texture": "#missing"},
				"west": {"uv": [14.25, 15.25, 14.75, 15.75], "texture": "#0"},
				"up": {"uv": [0, 0, 0.4, 0], "rotation": 270, "texture": "#missing"},
				"down": {"uv": [0, 0, 0.4, 0], "rotation": 90, "texture": "#missing"}
			}
		},
		{
			"name": "lánc4",
			"from": [-1.7, 20.25, 7.3],
			"to": [-1.7, 21.05, 8.1],
			"rotation": {"angle": 0, "axis": "y", "origin": [-1.7, 19.45, 8.5]},
			"faces": {
				"north": {"uv": [0, 0, 0, 0.4], "texture": "#missing"},
				"east": {"uv": [15.25, 10.75, 15.75, 11.25], "texture": "#0"},
				"south": {"uv": [0, 0, 0, 0.4], "texture": "#missing"},
				"west": {"uv": [14.25, 13.75, 14.75, 14.25], "texture": "#0"},
				"up": {"uv": [0, 0, 0.4, 0], "rotation": 270, "texture": "#missing"},
				"down": {"uv": [0, 0, 0.4, 0], "rotation": 90, "texture": "#missing"}
			}
		},
		{
			"name": "lánc4",
			"from": [-1.3, 20.6, 8.5],
			"to": [-0.5, 21.4, 8.5],
			"rotation": {"angle": 0, "axis": "y", "origin": [-1.7, 22.2, 8.5]},
			"faces": {
				"north": {"uv": [14.25, 12.25, 14.75, 12.75], "texture": "#0"},
				"east": {"uv": [0, 0, 0, 0.4], "texture": "#missing"},
				"south": {"uv": [15.25, 15.25, 15.75, 15.75], "texture": "#0"},
				"west": {"uv": [0, 0, 0, 0.4], "texture": "#missing"},
				"up": {"uv": [0, 0, 0.4, 0], "rotation": 180, "texture": "#missing"},
				"down": {"uv": [0, 0, 0.4, 0], "rotation": 180, "texture": "#missing"}
			}
		},
		{
			"name": "lánc4",
			"from": [-2.5, 20.2, 8.5],
			"to": [-0.9, 21, 8.5],
			"rotation": {"angle": 0, "axis": "y", "origin": [-1.7, 22.2, 8.5]},
			"faces": {
				"north": {"uv": [14.5, 12.5, 15.5, 13], "texture": "#0"},
				"east": {"uv": [0, 0, 0.4, 0], "rotation": 270, "texture": "#missing"},
				"south": {"uv": [14.5, 15.5, 15.5, 16], "texture": "#0"},
				"west": {"uv": [0, 0, 0.4, 0], "rotation": 270, "texture": "#missing"},
				"up": {"uv": [0, 0, 0, 0.8], "rotation": 90, "texture": "#missing"},
				"down": {"uv": [0, 0, 0, 0.8], "rotation": 90, "texture": "#missing"}
			}
		},
		{
			"name": "lánc4",
			"from": [-3.3, 21, 8.5],
			"to": [-2.5, 23.4, 8.5],
			"rotation": {"angle": 0, "axis": "y", "origin": [-1.7, 22.2, 8.5]},
			"faces": {
				"north": {"uv": [15.5, 11, 16, 12.5], "texture": "#0"},
				"east": {"uv": [0, 0, 0, 1.2], "texture": "#missing"},
				"south": {"uv": [14, 14, 14.5, 15.5], "texture": "#0"},
				"west": {"uv": [0, 0, 0, 1.2], "texture": "#missing"},
				"up": {"uv": [0, 0, 0.4, 0], "rotation": 180, "texture": "#missing"},
				"down": {"uv": [0, 0, 0.4, 0], "rotation": 180, "texture": "#missing"}
			}
		},
		{
			"name": "lánc4",
			"from": [-0.9, 21, 8.5],
			"to": [-0.1, 23.4, 8.5],
			"rotation": {"angle": 0, "axis": "y", "origin": [-1.7, 22.2, 8.5]},
			"faces": {
				"north": {"uv": [14, 11, 14.5, 12.5], "texture": "#0"},
				"east": {"uv": [0, 0, 0, 1.2], "texture": "#missing"},
				"south": {"uv": [15.5, 14, 16, 15.5], "texture": "#0"},
				"west": {"uv": [0, 0, 0, 1.2], "texture": "#missing"},
				"up": {"uv": [0, 0, 0.4, 0], "rotation": 180, "texture": "#missing"},
				"down": {"uv": [0, 0, 0.4, 0], "rotation": 180, "texture": "#missing"}
			}
		},
		{
			"name": "lánc4",
			"from": [-2.9, 20.6, 8.5],
			"to": [-2.1, 21.4, 8.5],
			"rotation": {"angle": 0, "axis": "y", "origin": [-1.7, 22.2, 8.5]},
			"faces": {
				"north": {"uv": [15.25, 12.25, 15.75, 12.75], "texture": "#0"},
				"east": {"uv": [0, 0, 0, 0.4], "texture": "#missing"},
				"south": {"uv": [14.25, 15.25, 14.75, 15.75], "texture": "#0"},
				"west": {"uv": [0, 0, 0, 0.4], "texture": "#missing"},
				"up": {"uv": [0, 0, 0.4, 0], "rotation": 180, "texture": "#missing"},
				"down": {"uv": [0, 0, 0.4, 0], "rotation": 180, "texture": "#missing"}
			}
		},
		{
			"name": "lánc2",
			"from": [8.85, 17.5, 8.5],
			"to": [9.65, 18.3, 8.5],
			"rotation": {"angle": 0, "axis": "y", "origin": [10.05, 16.7, 8.5]},
			"faces": {
				"north": {"uv": [15.25, 13.75, 15.75, 14.25], "texture": "#0"},
				"east": {"uv": [0, 0, 0, 0.4], "texture": "#missing"},
				"south": {"uv": [14.25, 10.75, 14.75, 11.25], "texture": "#0"},
				"west": {"uv": [0, 0, 0, 0.4], "texture": "#missing"},
				"up": {"uv": [0, 0, 0.4, 0], "texture": "#missing"},
				"down": {"uv": [0, 0, 0.4, 0], "texture": "#missing"}
			}
		},
		{
			"name": "lánc2",
			"from": [9.25, 17.9, 8.5],
			"to": [10.85, 18.7, 8.5],
			"rotation": {"angle": 0, "axis": "y", "origin": [10.05, 16.7, 8.5]},
			"faces": {
				"north": {"uv": [14.5, 13.5, 15.5, 14], "texture": "#0"},
				"east": {"uv": [0, 0, 0.4, 0], "rotation": 270, "texture": "#missing"},
				"south": {"uv": [14.5, 10.5, 15.5, 11], "texture": "#0"},
				"west": {"uv": [0, 0, 0.4, 0], "rotation": 270, "texture": "#missing"},
				"up": {"uv": [0, 0, 0, 0.8], "rotation": 270, "texture": "#missing"},
				"down": {"uv": [0, 0, 0, 0.8], "rotation": 270, "texture": "#missing"}
			}
		},
		{
			"name": "lánc2",
			"from": [10.85, 15.5, 8.5],
			"to": [11.65, 17.9, 8.5],
			"rotation": {"angle": 0, "axis": "y", "origin": [10.05, 16.7, 8.5]},
			"faces": {
				"north": {"uv": [14, 14, 14.5, 15.5], "texture": "#0"},
				"east": {"uv": [0, 0, 0, 1.2], "texture": "#missing"},
				"south": {"uv": [15.5, 11, 16, 12.5], "texture": "#0"},
				"west": {"uv": [0, 0, 0, 1.2], "texture": "#missing"},
				"up": {"uv": [0, 0, 0.4, 0], "texture": "#missing"},
				"down": {"uv": [0, 0, 0.4, 0], "texture": "#missing"}
			}
		},
		{
			"name": "lánc2",
			"from": [8.45, 15.5, 8.5],
			"to": [9.25, 17.9, 8.5],
			"rotation": {"angle": 0, "axis": "y", "origin": [10.05, 16.7, 8.5]},
			"faces": {
				"north": {"uv": [15.5, 14, 16, 15.5], "texture": "#0"},
				"east": {"uv": [0, 0, 0, 1.2], "texture": "#missing"},
				"south": {"uv": [14, 11, 14.5, 12.5], "texture": "#0"},
				"west": {"uv": [0, 0, 0, 1.2], "texture": "#missing"},
				"up": {"uv": [0, 0, 0.4, 0], "texture": "#missing"},
				"down": {"uv": [0, 0, 0.4, 0], "texture": "#missing"}
			}
		},
		{
			"name": "lánc2",
			"from": [10.45, 17.5, 8.5],
			"to": [11.25, 18.3, 8.5],
			"rotation": {"angle": 0, "axis": "y", "origin": [10.3, 16.7, 8.5]},
			"faces": {
				"north": {"uv": [14.25, 13.75, 14.75, 14.25], "texture": "#0"},
				"east": {"uv": [0, 0, 0, 0.4], "texture": "#missing"},
				"south": {"uv": [15.25, 10.75, 15.75, 11.25], "texture": "#0"},
				"west": {"uv": [0, 0, 0, 0.4], "texture": "#missing"},
				"up": {"uv": [0, 0, 0.4, 0], "texture": "#missing"},
				"down": {"uv": [0, 0, 0.4, 0], "texture": "#missing"}
			}
		},
		{
			"name": "lánc5",
			"from": [10.05, 20.25, 8.9],
			"to": [10.05, 21.05, 9.7],
			"rotation": {"angle": 0, "axis": "y", "origin": [10.05, 19.45, 8.5]},
			"faces": {
				"north": {"uv": [0, 0, 0, 0.4], "texture": "#missing"},
				"east": {"uv": [14.25, 10.75, 14.75, 11.25], "texture": "#0"},
				"south": {"uv": [0, 0, 0, 0.4], "texture": "#missing"},
				"west": {"uv": [15.25, 13.75, 15.75, 14.25], "texture": "#0"},
				"up": {"uv": [0, 0, 0.4, 0], "rotation": 270, "texture": "#missing"},
				"down": {"uv": [0, 0, 0.4, 0], "rotation": 90, "texture": "#missing"}
			}
		},
		{
			"name": "lánc5",
			"from": [10.05, 17.85, 8.9],
			"to": [10.05, 18.65, 9.7],
			"rotation": {"angle": 0, "axis": "y", "origin": [10.05, 19.45, 8.5]},
			"faces": {
				"north": {"uv": [0, 0, 0, 0.4], "texture": "#missing"},
				"east": {"uv": [14.25, 12.25, 14.75, 12.75], "texture": "#0"},
				"south": {"uv": [0, 0, 0, 0.4], "texture": "#missing"},
				"west": {"uv": [15.25, 15.25, 15.75, 15.75], "texture": "#0"},
				"up": {"uv": [0, 0, 0.4, 0], "rotation": 270, "texture": "#missing"},
				"down": {"uv": [0, 0, 0.4, 0], "rotation": 90, "texture": "#missing"}
			}
		},
		{
			"name": "lánc5",
			"from": [10.05, 17.45, 7.7],
			"to": [10.05, 18.25, 9.3],
			"rotation": {"angle": 0, "axis": "y", "origin": [10.05, 19.45, 8.5]},
			"faces": {
				"north": {"uv": [0, 0, 0.4, 0], "rotation": 270, "texture": "#missing"},
				"east": {"uv": [14.5, 12.5, 15.5, 13], "texture": "#0"},
				"south": {"uv": [0, 0, 0.4, 0], "rotation": 270, "texture": "#missing"},
				"west": {"uv": [14.5, 15.5, 15.5, 16], "texture": "#0"},
				"up": {"uv": [0, 0, 0, 0.8], "rotation": 180, "texture": "#missing"},
				"down": {"uv": [0, 0, 0, 0.8], "texture": "#missing"}
			}
		},
		{
			"name": "lánc5",
			"from": [10.05, 20.65, 7.7],
			"to": [10.05, 21.45, 9.3],
			"rotation": {"angle": 0, "axis": "y", "origin": [10.05, 19.45, 8.5]},
			"faces": {
				"north": {"uv": [0, 0, 0.4, 0], "rotation": 270, "texture": "#missing"},
				"east": {"uv": [14.5, 10.5, 15.5, 11], "texture": "#0"},
				"south": {"uv": [0, 0, 0.4, 0], "rotation": 270, "texture": "#missing"},
				"west": {"uv": [14.5, 13.5, 15.5, 14], "texture": "#0"},
				"up": {"uv": [0, 0, 0, 0.8], "rotation": 180, "texture": "#missing"},
				"down": {"uv": [0, 0, 0, 0.8], "texture": "#missing"}
			}
		},
		{
			"name": "lánc5",
			"from": [10.05, 18.25, 6.9],
			"to": [10.05, 20.65, 7.7],
			"rotation": {"angle": 0, "axis": "y", "origin": [10.05, 19.45, 8.5]},
			"faces": {
				"north": {"uv": [0, 0, 0, 1.2], "texture": "#missing"},
				"east": {"uv": [15.5, 11, 16, 12.5], "texture": "#0"},
				"south": {"uv": [0, 0, 0, 1.2], "texture": "#missing"},
				"west": {"uv": [14, 14, 14.5, 15.5], "texture": "#0"},
				"up": {"uv": [0, 0, 0.4, 0], "rotation": 270, "texture": "#missing"},
				"down": {"uv": [0, 0, 0.4, 0], "rotation": 90, "texture": "#missing"}
			}
		},
		{
			"name": "lánc5",
			"from": [10.05, 18.25, 9.3],
			"to": [10.05, 20.65, 10.1],
			"rotation": {"angle": 0, "axis": "y", "origin": [10.05, 19.45, 8.5]},
			"faces": {
				"north": {"uv": [0, 0, 0, 1.2], "texture": "#missing"},
				"east": {"uv": [14, 11, 14.5, 12.5], "texture": "#0"},
				"south": {"uv": [0, 0, 0, 1.2], "texture": "#missing"},
				"west": {"uv": [15.5, 14, 16, 15.5], "texture": "#0"},
				"up": {"uv": [0, 0, 0.4, 0], "rotation": 270, "texture": "#missing"},
				"down": {"uv": [0, 0, 0.4, 0], "rotation": 90, "texture": "#missing"}
			}
		},
		{
			"name": "lánc5",
			"from": [10.05, 17.85, 7.3],
			"to": [10.05, 18.65, 8.1],
			"rotation": {"angle": 0, "axis": "y", "origin": [10.05, 19.45, 8.5]},
			"faces": {
				"north": {"uv": [0, 0, 0, 0.4], "texture": "#missing"},
				"east": {"uv": [15.25, 12.25, 15.75, 12.75], "texture": "#0"},
				"south": {"uv": [0, 0, 0, 0.4], "texture": "#missing"},
				"west": {"uv": [14.25, 15.25, 14.75, 15.75], "texture": "#0"},
				"up": {"uv": [0, 0, 0.4, 0], "rotation": 270, "texture": "#missing"},
				"down": {"uv": [0, 0, 0.4, 0], "rotation": 90, "texture": "#missing"}
			}
		},
		{
			"name": "lánc5",
			"from": [10.05, 20.25, 7.3],
			"to": [10.05, 21.05, 8.1],
			"rotation": {"angle": 0, "axis": "y", "origin": [10.05, 19.45, 8.5]},
			"faces": {
				"north": {"uv": [0, 0, 0, 0.4], "texture": "#missing"},
				"east": {"uv": [15.25, 10.75, 15.75, 11.25], "texture": "#0"},
				"south": {"uv": [0, 0, 0, 0.4], "texture": "#missing"},
				"west": {"uv": [14.25, 13.75, 14.75, 14.25], "texture": "#0"},
				"up": {"uv": [0, 0, 0.4, 0], "rotation": 270, "texture": "#missing"},
				"down": {"uv": [0, 0, 0.4, 0], "rotation": 90, "texture": "#missing"}
			}
		},
		{
			"name": "lánc5",
			"from": [10.45, 20.6, 8.5],
			"to": [11.25, 21.4, 8.5],
			"rotation": {"angle": 0, "axis": "y", "origin": [10.05, 22.2, 8.5]},
			"faces": {
				"north": {"uv": [14.25, 12.25, 14.75, 12.75], "texture": "#0"},
				"east": {"uv": [0, 0, 0, 0.4], "texture": "#missing"},
				"south": {"uv": [15.25, 15.25, 15.75, 15.75], "texture": "#0"},
				"west": {"uv": [0, 0, 0, 0.4], "texture": "#missing"},
				"up": {"uv": [0, 0, 0.4, 0], "rotation": 180, "texture": "#missing"},
				"down": {"uv": [0, 0, 0.4, 0], "rotation": 180, "texture": "#missing"}
			}
		},
		{
			"name": "lánc5",
			"from": [9.25, 20.2, 8.5],
			"to": [10.85, 21, 8.5],
			"rotation": {"angle": 0, "axis": "y", "origin": [10.05, 22.2, 8.5]},
			"faces": {
				"north": {"uv": [14.5, 12.5, 15.5, 13], "texture": "#0"},
				"east": {"uv": [0, 0, 0.4, 0], "rotation": 270, "texture": "#missing"},
				"south": {"uv": [14.5, 15.5, 15.5, 16], "texture": "#0"},
				"west": {"uv": [0, 0, 0.4, 0], "rotation": 270, "texture": "#missing"},
				"up": {"uv": [0, 0, 0, 0.8], "rotation": 90, "texture": "#missing"},
				"down": {"uv": [0, 0, 0, 0.8], "rotation": 90, "texture": "#missing"}
			}
		},
		{
			"name": "lánc5",
			"from": [8.45, 21, 8.5],
			"to": [9.25, 23.4, 8.5],
			"rotation": {"angle": 0, "axis": "y", "origin": [10.05, 22.2, 8.5]},
			"faces": {
				"north": {"uv": [15.5, 11, 16, 12.5], "texture": "#0"},
				"east": {"uv": [0, 0, 0, 1.2], "texture": "#missing"},
				"south": {"uv": [14, 14, 14.5, 15.5], "texture": "#0"},
				"west": {"uv": [0, 0, 0, 1.2], "texture": "#missing"},
				"up": {"uv": [0, 0, 0.4, 0], "rotation": 180, "texture": "#missing"},
				"down": {"uv": [0, 0, 0.4, 0], "rotation": 180, "texture": "#missing"}
			}
		},
		{
			"name": "lánc5",
			"from": [10.85, 21, 8.5],
			"to": [11.65, 23.4, 8.5],
			"rotation": {"angle": 0, "axis": "y", "origin": [10.05, 22.2, 8.5]},
			"faces": {
				"north": {"uv": [14, 11, 14.5, 12.5], "texture": "#0"},
				"east": {"uv": [0, 0, 0, 1.2], "texture": "#missing"},
				"south": {"uv": [15.5, 14, 16, 15.5], "texture": "#0"},
				"west": {"uv": [0, 0, 0, 1.2], "texture": "#missing"},
				"up": {"uv": [0, 0, 0.4, 0], "rotation": 180, "texture": "#missing"},
				"down": {"uv": [0, 0, 0.4, 0], "rotation": 180, "texture": "#missing"}
			}
		},
		{
			"name": "lánc5",
			"from": [8.85, 20.6, 8.5],
			"to": [9.65, 21.4, 8.5],
			"rotation": {"angle": 0, "axis": "y", "origin": [10.05, 22.2, 8.5]},
			"faces": {
				"north": {"uv": [15.25, 12.25, 15.75, 12.75], "texture": "#0"},
				"east": {"uv": [0, 0, 0, 0.4], "texture": "#missing"},
				"south": {"uv": [14.25, 15.25, 14.75, 15.75], "texture": "#0"},
				"west": {"uv": [0, 0, 0, 0.4], "texture": "#missing"},
				"up": {"uv": [0, 0, 0.4, 0], "rotation": 180, "texture": "#missing"},
				"down": {"uv": [0, 0, 0.4, 0], "rotation": 180, "texture": "#missing"}
			}
		}
	],
	"groups": [0, 1,
		{
			"name": "lánc1",
			"origin": [8, 8, 8],
			"children": [2, 3, 4, 5, 6]
		},
		{
			"name": "lánc4",
			"origin": [8, 8, 8],
			"children": [7, 8, 9, 10, 11, 12, 13, 14]
		},
		{
			"name": "lánc3",
			"origin": [8, 8, 8],
			"children": [15, 16, 17, 18, 19]
		},
		{
			"name": "lánc1",
			"origin": [8, 8, 8],
			"children": [20, 21, 22, 23, 24]
		},
		{
			"name": "lánc4",
			"origin": [8, 8, 8],
			"children": [25, 26, 27, 28, 29, 30, 31, 32]
		},
		{
			"name": "lánc3",
			"origin": [8, 8, 8],
			"children": [33, 34, 35, 36, 37]
		}
	]
}