{
	"credit": "Made with Blockbench",
	"ambientocclusion": false,
	"textures": {
		"particle": "#all"
	},
	"elements": [
		{
			"from": [0, 0, 0],
			"to": [16, 16, 16],
			"shade": false,
			"faces": {
				"north": {"uv": [0, 0, 16, 16], "texture": "#all", "cullface": "north", "tintindex": 0},
				"east": {"uv": [0, 0, 16, 16], "texture": "#all", "cullface": "east", "tintindex": 0},
				"south": {"uv": [0, 0, 16, 16], "texture": "#all", "cullface": "south", "tintindex": 0},
				"west": {"uv": [0, 0, 16, 16], "texture": "#all", "cullface": "west", "tintindex": 0},
				"up": {"uv": [0, 0, 16, 16], "texture": "#all", "cullface": "up", "tintindex": 0},
				"down": {"uv": [0, 0, 16, 16], "texture": "#all", "cullface": "down", "tintindex": 0}
			}
		},
		{
			"from": [-8, -8, 8],
			"to": [24, 24, 8],
			"shade": false,
			"rotation": {"angle": -22.5, "axis": "x", "origin": [8, 8, 8]},
			"faces": {
				"north": {"uv": [0, 0, 16, 16], "rotation": 270, "texture": "#extra", "tintindex": 0},
				"south": {"uv": [0, 0, 16, 16], "rotation": 90, "texture": "#extra", "tintindex": 0}
			}
		},
		{
			"from": [-8, 8, -8],
			"to": [24, 8, 24],
			"shade": false,
			"rotation": {"angle": -22.5, "axis": "x", "origin": [8, 8, 8]},
			"faces": {
				"up": {"uv": [0, 0, 16, 16], "rotation": 90, "texture": "#extra", "tintindex": 0},
				"down": {"uv": [0, 0, 16, 16], "rotation": 90, "texture": "#extra", "tintindex": 0}
			}
		},
		{
			"from": [-8, -8, 8],
			"to": [24, 24, 8],
			"shade": false,
			"rotation": {"angle": -22.5, "axis": "y", "origin": [8, 8, 8]},
			"faces": {
				"north": {"uv": [0, 0, 16, 16], "texture": "#extra", "tintindex": 0},
				"south": {"uv": [0, 0, 16, 16], "texture": "#extra", "tintindex": 0}
			}
		},
		{
			"from": [8, -8, -8],
			"to": [8, 24, 24],
			"shade": false,
			"rotation": {"angle": 22.5, "axis": "z", "origin": [8, 8, 8]},
			"faces": {
				"east": {"uv": [0, 0, 16, 16], "rotation": 90, "texture": "#extra", "tintindex": 0},
				"west": {"uv": [0, 0, 16, 16], "rotation": 270, "texture": "#extra", "tintindex": 0}
			}
		},
		{
			"from": [-8, 8, -8],
			"to": [24, 8, 24],
			"shade": false,
			"rotation": {"angle": 22.5, "axis": "z", "origin": [8, 8, 8]},
			"faces": {
				"up": {"uv": [0, 0, 16, 16], "texture": "#extra", "tintindex": 0},
				"down": {"uv": [0, 0, 16, 16], "rotation": 180, "texture": "#extra", "tintindex": 0}
			}
		},
		{
			"from": [8, -8, -8],
			"to": [8, 24, 24],
			"shade": false,
			"rotation": {"angle": -22.5, "axis": "y", "origin": [8, 8, 8]},
			"faces": {
				"east": {"uv": [0, 0, 16, 16], "texture": "#extra", "tintindex": 0},
				"west": {"uv": [0, 0, 16, 16], "texture": "#extra", "tintindex": 0}
			}
		},
		{
			"from": [-8, -8, 8],
			"to": [24, 24, 8],
			"shade": false,
			"rotation": {"angle": -22.5, "axis": "y", "origin": [8, 8, 8]},
			"faces": {
				"north": {"uv": [0, 0, 16, 16], "texture": "#snow"},
				"east": {"uv": [0, 0, 0, 0], "texture": "#snow"},
				"south": {"uv": [0, 0, 16, 16], "texture": "#snow"},
				"west": {"uv": [0, 0, 0, 0], "texture": "#snow"},
				"up": {"uv": [0, 0, 0, 0], "texture": "#snow"},
				"down": {"uv": [0, 0, 0, 0], "texture": "#snow"}
			}
		},
		{
			"from": [8, -8, -8],
			"to": [8, 24, 24],
			"shade": false,
			"rotation": {"angle": -22.5, "axis": "y", "origin": [8, 8, 8]},
			"faces": {
				"north": {"uv": [0, 0, 0, 0], "texture": "#snow"},
				"east": {"uv": [0, 0, 16, 16], "texture": "#snow"},
				"south": {"uv": [0, 0, 0, 0], "texture": "#snow"},
				"west": {"uv": [0, 0, 16, 16], "texture": "#snow"},
				"up": {"uv": [0, 0, 0, 0], "texture": "#snow"},
				"down": {"uv": [0, 0, 0, 0], "texture": "#snow"}
			}
		},
		{
			"from": [8, -8, -8],
			"to": [8, 24, 24],
			"shade": false,
			"rotation": {"angle": 22.5, "axis": "z", "origin": [8, 8, 8]},
			"faces": {
				"north": {"uv": [0, 0, 0, 0], "texture": "#snow"},
				"east": {"uv": [0, 0, 16, 16], "texture": "#snow"},
				"south": {"uv": [0, 0, 0, 0], "texture": "#snow"},
				"west": {"uv": [0, 0, 16, 16], "texture": "#snow"},
				"up": {"uv": [0, 0, 0, 0], "texture": "#snow"},
				"down": {"uv": [0, 0, 0, 0], "texture": "#snow"}
			}
		},
		{
			"from": [-8, -8, 8],
			"to": [24, 24, 8],
			"shade": false,
			"rotation": {"angle": -22.5, "axis": "x", "origin": [8, 8, 8]},
			"faces": {
				"north": {"uv": [0, 0, 16, 16], "texture": "#snow"},
				"east": {"uv": [0, 0, 0, 0], "texture": "#snow"},
				"south": {"uv": [0, 0, 16, 16], "texture": "#snow"},
				"west": {"uv": [0, 0, 0, 0], "texture": "#snow"},
				"up": {"uv": [0, 0, 0, 0], "texture": "#snow"},
				"down": {"uv": [0, 0, 0, 0], "texture": "#snow"}
			}
		}
	],
	"display": {
		"gui": {
			"rotation": [ 30, 225, 0 ],
            "translation": [ 0, 0, 0],
            "scale":[ 0.625, 0.625, 0.625 ]
        },
        "ground": {
            "rotation": [ 0, 0, 0 ],
            "translation": [ 0, 3, 0],
            "scale":[ 0.25, 0.25, 0.25 ]
        },
        "fixed": {
            "rotation": [ 0, 0, 0 ],
            "translation": [ 0, 0, 0],
            "scale":[ 0.5, 0.5, 0.5 ]
        },
        "thirdperson_righthand": {
            "rotation": [ 75, 45, 0 ],
            "translation": [ 0, 2.5, 0],
            "scale": [ 0.375, 0.375, 0.375 ]
        },
        "firstperson_righthand": {
            "rotation": [ 0, 45, 0 ],
            "translation": [ 0, 0, 0 ],
            "scale": [ 0.40, 0.40, 0.40 ]
        },
        "firstperson_lefthand": {
            "rotation": [ 0, 225, 0 ],
            "translation": [ 0, 0, 0 ],
            "scale": [ 0.40, 0.40, 0.40 ]
		}
	}
}