{
	"credit": "Made with Blockbench",
	"textures": {
		"0": "item/diamondsword",
		"particle": "item/diamondsword"
	},
	"elements": [
		{
			"from": [6.5, -15, 6],
			"to": [10.5, -11, 10],
			"faces": {
				"north": {"uv": [0.25, 0.25, 1, 1], "texture": "#0"},
				"east": {"uv": [0.25, 0.25, 1, 1], "texture": "#0"},
				"south": {"uv": [0.25, 0.25, 1, 1], "texture": "#0"},
				"west": {"uv": [0.25, 0.25, 1, 1], "texture": "#0"},
				"up": {"uv": [0.25, 0.25, 1, 1], "texture": "#0"},
				"down": {"uv": [0.25, 0.25, 1, 1], "texture": "#0"}
			}
		},
		{
			"from": [6.5, -11, 7],
			"to": [10.5, -10, 9],
			"faces": {
				"north": {"uv": [0.25, 1, 1, 1.25], "texture": "#0"},
				"east": {"uv": [0.25, 1, 1, 1.25], "texture": "#0"},
				"south": {"uv": [0.25, 1, 1, 1.25], "texture": "#0"},
				"west": {"uv": [0.25, 1, 1, 1.25], "texture": "#0"},
				"up": {"uv": [0.25, 1, 1, 1.25], "texture": "#0"},
				"down": {"uv": [0.25, 1, 1, 1.25], "texture": "#0"}
			}
		},
		{
			"from": [5.5, -15, 7],
			"to": [6.5, -11, 9],
			"faces": {
				"north": {"uv": [0, 0.25, 0.25, 1], "texture": "#0"},
				"east": {"uv": [0, 0.25, 0.25, 1], "texture": "#0"},
				"south": {"uv": [0, 0.25, 0.25, 1], "texture": "#0"},
				"west": {"uv": [0, 0.25, 0.25, 1], "texture": "#0"},
				"up": {"uv": [0, 0.25, 0.25, 1], "texture": "#0"},
				"down": {"uv": [0, 0.25, 0.25, 1], "texture": "#0"}
			}
		},
		{
			"from": [7.5, -11, 6],
			"to": [9.5, -10, 10],
			"faces": {
				"north": {"uv": [0.25, 1, 1, 1.25], "texture": "#0"},
				"east": {"uv": [0.25, 1, 1, 1.25], "texture": "#0"},
				"south": {"uv": [0.25, 1, 1, 1.25], "texture": "#0"},
				"west": {"uv": [0.25, 1, 1, 1.25], "texture": "#0"},
				"up": {"uv": [0.25, 1, 1, 1.25], "texture": "#0"},
				"down": {"uv": [0.25, 1, 1, 1.25], "texture": "#0"}
			}
		},
		{
			"from": [8, -5, 8],
			"to": [9, -4, 9],
			"faces": {
				"north": {"uv": [1.5, 1, 1.75, 1.25], "texture": "#0"},
				"east": {"uv": [1.5, 1, 1.75, 1.25], "texture": "#0"},
				"south": {"uv": [1.5, 1, 1.75, 1.25], "texture": "#0"},
				"west": {"uv": [1.5, 1, 1.75, 1.25], "texture": "#0"},
				"up": {"uv": [1.5, 1, 1.75, 1.25], "texture": "#0"},
				"down": {"uv": [1.5, 1, 1.75, 1.25], "texture": "#0"}
			}
		},
		{
			"from": [8, -9, 8],
			"to": [9, -8, 9],
			"faces": {
				"north": {"uv": [1.5, 2, 1.75, 2.25], "texture": "#0"},
				"east": {"uv": [1.5, 2, 1.75, 2.25], "texture": "#0"},
				"south": {"uv": [1.5, 2, 1.75, 2.25], "texture": "#0"},
				"west": {"uv": [1.5, 2, 1.75, 2.25], "texture": "#0"},
				"up": {"uv": [1.5, 2, 1.75, 2.25], "texture": "#0"},
				"down": {"uv": [1.5, 2, 1.75, 2.25], "texture": "#0"}
			}
		},
		{
			"from": [7, -8, 7],
			"to": [10, -5, 10],
			"faces": {
				"north": {"uv": [1.25, 0.25, 2, 1], "texture": "#0"},
				"east": {"uv": [1.25, 0.25, 2, 1], "texture": "#0"},
				"south": {"uv": [1.25, 0.25, 2, 1], "texture": "#0"},
				"west": {"uv": [1.25, 0.25, 2, 1], "texture": "#0"},
				"up": {"uv": [1.25, 0.25, 2, 1], "texture": "#0"},
				"down": {"uv": [1.25, 0.25, 2, 1], "texture": "#0"}
			}
		},
		{
			"from": [7, -4, 7],
			"to": [10, -3, 10],
			"faces": {
				"north": {"uv": [1.25, 0.25, 2, 0.5], "texture": "#0"},
				"east": {"uv": [1.25, 0.25, 2, 0.5], "texture": "#0"},
				"south": {"uv": [1.25, 0.25, 2, 0.5], "texture": "#0"},
				"west": {"uv": [1.25, 0.25, 2, 0.5], "texture": "#0"},
				"up": {"uv": [1.25, 0.25, 2, 1], "texture": "#0"},
				"down": {"uv": [1.25, 0.25, 2, 1], "texture": "#0"}
			}
		},
		{
			"from": [9, -5, 7],
			"to": [10, -4, 8],
			"faces": {
				"north": {"uv": [1.25, 1, 1.5, 1.25], "texture": "#0"},
				"east": {"uv": [1.25, 1, 1.5, 1.25], "texture": "#0"},
				"south": {"uv": [1.25, 1, 1.5, 1.25], "texture": "#0"},
				"west": {"uv": [1.25, 1, 1.5, 1.25], "texture": "#0"},
				"up": {"uv": [1.25, 1, 1.5, 1.25], "texture": "#0"},
				"down": {"uv": [1.25, 1, 1.5, 1.25], "texture": "#0"}
			}
		},
		{
			"from": [7, -5, 7],
			"to": [8, -4, 8],
			"faces": {
				"north": {"uv": [1.25, 1, 1.5, 1.25], "texture": "#0"},
				"east": {"uv": [1.25, 1, 1.5, 1.25], "texture": "#0"},
				"south": {"uv": [1.25, 1, 1.5, 1.25], "texture": "#0"},
				"west": {"uv": [1.25, 1, 1.5, 1.25], "texture": "#0"},
				"up": {"uv": [1.25, 1, 1.5, 1.25], "texture": "#0"},
				"down": {"uv": [1.25, 1, 1.5, 1.25], "texture": "#0"}
			}
		},
		{
			"from": [9, -5, 9],
			"to": [10, -4, 10],
			"faces": {
				"north": {"uv": [1.25, 1, 1.5, 1.25], "texture": "#0"},
				"east": {"uv": [1.25, 1, 1.5, 1.25], "texture": "#0"},
				"south": {"uv": [1.25, 1, 1.5, 1.25], "texture": "#0"},
				"west": {"uv": [1.25, 1, 1.5, 1.25], "texture": "#0"},
				"up": {"uv": [1.25, 1, 1.5, 1.25], "texture": "#0"},
				"down": {"uv": [1.25, 1, 1.5, 1.25], "texture": "#0"}
			}
		},
		{
			"from": [7, -5, 9],
			"to": [8, -4, 10],
			"faces": {
				"north": {"uv": [1.25, 1, 1.5, 1.25], "texture": "#0"},
				"east": {"uv": [1.25, 1, 1.5, 1.25], "texture": "#0"},
				"south": {"uv": [1.25, 1, 1.5, 1.25], "texture": "#0"},
				"west": {"uv": [1.25, 1, 1.5, 1.25], "texture": "#0"},
				"up": {"uv": [1.25, 1, 1.5, 1.25], "texture": "#0"},
				"down": {"uv": [1.25, 1, 1.5, 1.25], "texture": "#0"}
			}
		},
		{
			"from": [7, -9, 9],
			"to": [8, -8, 10],
			"faces": {
				"north": {"uv": [1.25, 1, 1.5, 1.25], "texture": "#0"},
				"east": {"uv": [1.25, 1, 1.5, 1.25], "texture": "#0"},
				"south": {"uv": [1.25, 1, 1.5, 1.25], "texture": "#0"},
				"west": {"uv": [1.25, 1, 1.5, 1.25], "texture": "#0"},
				"up": {"uv": [1.25, 1, 1.5, 1.25], "texture": "#0"},
				"down": {"uv": [1.25, 1, 1.5, 1.25], "texture": "#0"}
			}
		},
		{
			"from": [7, -9, 7],
			"to": [8, -8, 8],
			"faces": {
				"north": {"uv": [1.25, 1, 1.5, 1.25], "texture": "#0"},
				"east": {"uv": [1.25, 1, 1.5, 1.25], "texture": "#0"},
				"south": {"uv": [1.25, 1, 1.5, 1.25], "texture": "#0"},
				"west": {"uv": [1.25, 1, 1.5, 1.25], "texture": "#0"},
				"up": {"uv": [1.25, 1, 1.5, 1.25], "texture": "#0"},
				"down": {"uv": [1.25, 1, 1.5, 1.25], "texture": "#0"}
			}
		},
		{
			"from": [9, -9, 7],
			"to": [10, -8, 8],
			"faces": {
				"north": {"uv": [1.25, 1, 1.5, 1.25], "texture": "#0"},
				"east": {"uv": [1.25, 1, 1.5, 1.25], "texture": "#0"},
				"south": {"uv": [1.25, 1, 1.5, 1.25], "texture": "#0"},
				"west": {"uv": [1.25, 1, 1.5, 1.25], "texture": "#0"},
				"up": {"uv": [1.25, 1, 1.5, 1.25], "texture": "#0"},
				"down": {"uv": [1.25, 1, 1.5, 1.25], "texture": "#0"}
			}
		},
		{
			"from": [9, -9, 9],
			"to": [10, -8, 10],
			"faces": {
				"north": {"uv": [1.25, 1, 1.5, 1.25], "texture": "#0"},
				"east": {"uv": [1.25, 1, 1.5, 1.25], "texture": "#0"},
				"south": {"uv": [1.25, 1, 1.5, 1.25], "texture": "#0"},
				"west": {"uv": [1.25, 1, 1.5, 1.25], "texture": "#0"},
				"up": {"uv": [1.25, 1, 1.5, 1.25], "texture": "#0"},
				"down": {"uv": [1.25, 1, 1.5, 1.25], "texture": "#0"}
			}
		},
		{
			"from": [8, 0, 8],
			"to": [9, 1, 9],
			"faces": {
				"north": {"uv": [0.25, 1, 0.5, 1.25], "texture": "#0"},
				"east": {"uv": [0.25, 1, 1, 1.25], "texture": "#0"},
				"south": {"uv": [0.25, 1, 1, 1.25], "texture": "#0"},
				"west": {"uv": [0.25, 1, 1, 1.25], "texture": "#0"},
				"up": {"uv": [0.25, 1, 1, 1.25], "texture": "#0"},
				"down": {"uv": [0.25, 1, 1, 1.25], "texture": "#0"}
			}
		},
		{
			"from": [8, 3, 8],
			"to": [9, 4, 9],
			"faces": {
				"north": {"uv": [0.25, 1, 0.5, 1.25], "texture": "#0"},
				"east": {"uv": [0.25, 1, 1, 1.25], "texture": "#0"},
				"south": {"uv": [0.25, 1, 1, 1.25], "texture": "#0"},
				"west": {"uv": [0.25, 1, 1, 1.25], "texture": "#0"},
				"up": {"uv": [0.25, 1, 1, 1.25], "texture": "#0"},
				"down": {"uv": [0.25, 1, 1, 1.25], "texture": "#0"}
			}
		},
		{
			"from": [10.5, -15, 7],
			"to": [11.5, -11, 9],
			"faces": {
				"north": {"uv": [0, 0.25, 0.25, 1], "texture": "#0"},
				"east": {"uv": [0, 0.25, 0.25, 1], "texture": "#0"},
				"south": {"uv": [0, 0.25, 0.25, 1], "texture": "#0"},
				"west": {"uv": [0, 0.25, 0.25, 1], "texture": "#0"},
				"up": {"uv": [0, 0.25, 0.25, 1], "texture": "#0"},
				"down": {"uv": [0, 0.25, 0.25, 1], "texture": "#0"}
			}
		},
		{
			"from": [7.5, -16, 6],
			"to": [9.5, -15, 10],
			"faces": {
				"north": {"uv": [0.25, 1, 1, 1.25], "texture": "#0"},
				"east": {"uv": [0.25, 1, 1, 1.25], "texture": "#0"},
				"south": {"uv": [0.25, 1, 1, 1.25], "texture": "#0"},
				"west": {"uv": [0.25, 1, 1, 1.25], "texture": "#0"},
				"up": {"uv": [0.25, 1, 1, 1.25], "texture": "#0"},
				"down": {"uv": [0.25, 1, 1, 1.25], "texture": "#0"}
			}
		},
		{
			"from": [6.5, -16, 7],
			"to": [10.5, -15, 9],
			"faces": {
				"north": {"uv": [0.25, 1, 1, 1.25], "texture": "#0"},
				"east": {"uv": [0.25, 1, 1, 1.25], "texture": "#0"},
				"south": {"uv": [0.25, 1, 1, 1.25], "texture": "#0"},
				"west": {"uv": [0.25, 1, 1, 1.25], "texture": "#0"},
				"up": {"uv": [0.25, 1, 1, 1.25], "texture": "#0"},
				"down": {"uv": [0.25, 1, 1, 1.25], "texture": "#0"}
			}
		},
		{
			"from": [7, -10, 7],
			"to": [10, -9, 10],
			"faces": {
				"north": {"uv": [1.25, 0.25, 2, 0.5], "texture": "#0"},
				"east": {"uv": [1.25, 0.25, 2, 0.5], "texture": "#0"},
				"south": {"uv": [1.25, 0.25, 2, 0.5], "texture": "#0"},
				"west": {"uv": [1.25, 0.25, 2, 0.5], "texture": "#0"},
				"up": {"uv": [1.25, 0.25, 2, 1], "texture": "#0"},
				"down": {"uv": [1.25, 0.25, 2, 1], "texture": "#0"}
			}
		},
		{
			"from": [7, 0.5, 7],
			"to": [10, 3.5, 10],
			"rotation": {"angle": 45, "axis": "y", "origin": [8.5, 2.5, 8.5]},
			"faces": {
				"north": {"uv": [0.25, 1.5, 1, 2.25], "texture": "#0"},
				"east": {"uv": [0.25, 1.5, 1, 2.25], "texture": "#0"},
				"south": {"uv": [0.25, 1.5, 1, 2.25], "texture": "#0"},
				"west": {"uv": [0.25, 1.5, 1, 2.25], "texture": "#0"},
				"up": {"uv": [0.25, 1.5, 1, 2.25], "texture": "#0"},
				"down": {"uv": [0.25, 1.5, 1, 2.25], "texture": "#0"}
			}
		},
		{
			"from": [6, -3, 6],
			"to": [11, 0, 11],
			"faces": {
				"north": {"uv": [3.25, 2.25, 4.5, 3], "texture": "#0"},
				"east": {"uv": [3.25, 2.25, 4.5, 3], "texture": "#0"},
				"south": {"uv": [3.25, 2.25, 4.5, 3], "texture": "#0"},
				"west": {"uv": [3.25, 2.25, 4.5, 3], "texture": "#0"},
				"up": {"uv": [4, 2.25, 4.25, 2.5], "texture": "#0"},
				"down": {"uv": [3.25, 2.25, 4.5, 3], "texture": "#0"}
			}
		},
		{
			"from": [10, -1, 4],
			"to": [13, 5, 7],
			"faces": {
				"north": {"uv": [2.5, 0.75, 3.25, 2.25], "texture": "#0"},
				"east": {"uv": [2.5, 0.75, 3.25, 2.25], "texture": "#0"},
				"south": {"uv": [2.5, 0.75, 3.25, 2.25], "texture": "#0"},
				"west": {"uv": [2.5, 0.75, 3.25, 2.25], "texture": "#0"},
				"up": {"uv": [2.5, 1.25, 3.25, 2], "texture": "#0"},
				"down": {"uv": [2.5, 1.25, 3.25, 2], "texture": "#0"}
			}
		},
		{
			"from": [4, -1, 10],
			"to": [7, 5, 13],
			"faces": {
				"north": {"uv": [2.5, 0.75, 3.25, 2.25], "texture": "#0"},
				"east": {"uv": [2.5, 0.75, 3.25, 2.25], "texture": "#0"},
				"south": {"uv": [2.5, 0.75, 3.25, 2.25], "texture": "#0"},
				"west": {"uv": [2.5, 0.75, 3.25, 2.25], "texture": "#0"},
				"up": {"uv": [2.5, 1.25, 3.25, 2], "texture": "#0"},
				"down": {"uv": [2.5, 1.25, 3.25, 2], "texture": "#0"}
			}
		},
		{
			"from": [10, -1, 10],
			"to": [13, 5, 13],
			"faces": {
				"north": {"uv": [2.5, 0.75, 3.25, 2.25], "texture": "#0"},
				"east": {"uv": [2.5, 0.75, 3.25, 2.25], "texture": "#0"},
				"south": {"uv": [2.5, 0.75, 3.25, 2.25], "texture": "#0"},
				"west": {"uv": [2.5, 0.75, 3.25, 2.25], "texture": "#0"},
				"up": {"uv": [2.5, 1.25, 3.25, 2], "texture": "#0"},
				"down": {"uv": [2.5, 1.25, 3.25, 2], "texture": "#0"}
			}
		},
		{
			"from": [4, -1, 4],
			"to": [7, 5, 7],
			"faces": {
				"north": {"uv": [2.5, 0.75, 3.25, 2.25], "texture": "#0"},
				"east": {"uv": [2.5, 0.75, 3.25, 2.25], "texture": "#0"},
				"south": {"uv": [2.5, 0.75, 3.25, 2.25], "texture": "#0"},
				"west": {"uv": [2.5, 0.75, 3.25, 2.25], "texture": "#0"},
				"up": {"uv": [2.5, 1.25, 3.25, 2], "texture": "#0"},
				"down": {"uv": [2.5, 1.25, 3.25, 2], "texture": "#0"}
			}
		},
		{
			"from": [5.95, 4, 6],
			"to": [11.05, 7, 11],
			"faces": {
				"north": {"uv": [3.25, 0.25, 4.5, 1], "texture": "#0"},
				"east": {"uv": [3.25, 0.25, 4.5, 1], "texture": "#0"},
				"south": {"uv": [3.25, 0.25, 4.5, 1], "texture": "#0"},
				"west": {"uv": [3.25, 0.25, 4.5, 1], "texture": "#0"},
				"up": {"uv": [3.25, 0.25, 3.5, 0.5], "texture": "#0"},
				"down": {"uv": [3.25, 0.25, 3.5, 0.5], "texture": "#0"}
			}
		},
		{
			"from": [5.95, 7, 7],
			"to": [11.05, 8, 10],
			"faces": {
				"north": {"uv": [3.25, 0.25, 3.5, 0.5], "texture": "#0"},
				"east": {"uv": [3.25, 0.25, 3.5, 0.5], "texture": "#0"},
				"south": {"uv": [3.25, 0.25, 3.5, 0.5], "texture": "#0"},
				"west": {"uv": [3.25, 0.25, 3.5, 0.5], "texture": "#0"},
				"up": {"uv": [3.25, 0.25, 3.5, 0.5], "texture": "#0"},
				"down": {"uv": [3.25, 0.25, 3.5, 0.5], "texture": "#0"}
			}
		},
		{
			"from": [11, 5, 7],
			"to": [13, 6.5, 10],
			"faces": {
				"north": {"uv": [6.25, 2.25, 7.25, 3], "texture": "#0"},
				"east": {"uv": [6.25, 2.25, 6.5, 3], "texture": "#0"},
				"south": {"uv": [7.5, 2.25, 8.5, 3], "texture": "#0"},
				"west": {"uv": [7, 2.25, 7.25, 3], "texture": "#0"},
				"up": {"uv": [6.25, 2.75, 6.5, 3], "texture": "#0"},
				"down": {"uv": [6.25, 2.75, 6.5, 3], "texture": "#0"}
			}
		},
		{
			"from": [12, 6, 7],
			"to": [14, 7.5, 10],
			"faces": {
				"north": {"uv": [6, 2, 7, 2.75], "texture": "#0"},
				"east": {"uv": [6.25, 2.25, 6.5, 3], "texture": "#0"},
				"south": {"uv": [7.75, 2, 8.75, 2.75], "texture": "#0"},
				"west": {"uv": [7, 2.25, 7.25, 3], "texture": "#0"},
				"up": {"uv": [6.25, 2.75, 6.5, 3], "texture": "#0"},
				"down": {"uv": [6.5, 2.75, 6.75, 3], "texture": "#0"}
			}
		},
		{
			"from": [13, 7, 7],
			"to": [15, 9, 10],
			"faces": {
				"north": {"uv": [5.75, 1.5, 6.75, 2.5], "texture": "#0"},
				"east": {"uv": [5.25, 4, 6, 4.5], "texture": "#0"},
				"south": {"uv": [8, 1.5, 9, 2.5], "texture": "#0"},
				"west": {"uv": [6.25, 2.75, 6.5, 3], "texture": "#0"},
				"up": {"uv": [6.25, 2.75, 6.5, 3], "texture": "#0"},
				"down": {"uv": [6.5, 2.75, 6.75, 3], "texture": "#0"}
			}
		},
		{
			"from": [13.5, 9, 7],
			"to": [15, 11, 10],
			"faces": {
				"north": {"uv": [5.75, 0.25, 6.5, 1.5], "texture": "#0"},
				"east": {"uv": [5.25, 3.5, 6, 4], "texture": "#0"},
				"south": {"uv": [5.75, 0.25, 6.5, 1.5], "texture": "#0"},
				"west": {"uv": [5.25, 3.5, 6, 4.5], "texture": "#0"},
				"up": {"uv": [5.75, 0, 6, 0.25], "texture": "#0"},
				"down": {"uv": [5.75, 0, 6, 0.25], "texture": "#0"}
			}
		},
		{
			"from": [14, 11, 7],
			"to": [15, 11.5, 10],
			"faces": {
				"north": {"uv": [5.75, 0, 6, 0.25], "texture": "#0"},
				"east": {"uv": [5.75, 0, 6, 0.25], "texture": "#0"},
				"south": {"uv": [5.75, 0, 6, 0.25], "texture": "#0"},
				"west": {"uv": [5.75, 0, 6, 0.25], "texture": "#0"},
				"up": {"uv": [5.75, 0, 6, 0.25], "texture": "#0"},
				"down": {"uv": [5.75, 0, 6, 0.25], "texture": "#0"}
			}
		},
		{
			"from": [4, 5, 7],
			"to": [6, 6.5, 10],
			"faces": {
				"north": {"uv": [7.5, 2.25, 8.5, 3], "texture": "#0"},
				"east": {"uv": [6.25, 2.25, 6.5, 3], "texture": "#0"},
				"south": {"uv": [6.25, 2.25, 7.25, 3], "texture": "#0"},
				"west": {"uv": [7, 2.25, 7.25, 2.5], "texture": "#0"},
				"up": {"uv": [6.25, 2.75, 6.5, 3], "texture": "#0"},
				"down": {"uv": [6.25, 2.75, 6.5, 3], "texture": "#0"}
			}
		},
		{
			"from": [3, 6, 7],
			"to": [5, 7.5, 10],
			"faces": {
				"north": {"uv": [7.75, 2, 8.75, 2.75], "texture": "#0"},
				"east": {"uv": [6.25, 2.75, 6.5, 3], "texture": "#0"},
				"south": {"uv": [6, 2, 7, 2.75], "texture": "#0"},
				"west": {"uv": [7, 2.25, 7.25, 2.5], "texture": "#0"},
				"up": {"uv": [6.25, 2.75, 6.5, 3], "texture": "#0"},
				"down": {"uv": [6.5, 2.75, 6.75, 3], "texture": "#0"}
			}
		},
		{
			"from": [2, 7, 7],
			"to": [4, 9, 10],
			"faces": {
				"north": {"uv": [8, 1.5, 9, 2.5], "texture": "#0"},
				"east": {"uv": [6.5, 2.75, 6.75, 3], "texture": "#0"},
				"south": {"uv": [5.75, 1.5, 6.75, 2.5], "texture": "#0"},
				"west": {"uv": [5.25, 4, 6, 4.5], "texture": "#0"},
				"up": {"uv": [6.25, 2.75, 6.5, 3], "texture": "#0"},
				"down": {"uv": [6.5, 2.75, 6.75, 3], "texture": "#0"}
			}
		},
		{
			"from": [2, 9, 7],
			"to": [3.5, 11, 10],
			"faces": {
				"north": {"uv": [5.75, 0.25, 6.5, 1.5], "texture": "#0"},
				"east": {"uv": [5.25, 3.5, 6, 4.5], "texture": "#0"},
				"south": {"uv": [5.75, 0.25, 6.5, 1.5], "texture": "#0"},
				"west": {"uv": [5.25, 3.5, 6, 4], "texture": "#0"},
				"up": {"uv": [5.75, 0, 6, 0.25], "texture": "#0"},
				"down": {"uv": [5.75, 0, 6, 0.25], "texture": "#0"}
			}
		},
		{
			"from": [2, 11, 7],
			"to": [3, 11.5, 10],
			"faces": {
				"north": {"uv": [5.75, 0, 6, 0.25], "texture": "#0"},
				"east": {"uv": [5.75, 0, 6, 0.25], "texture": "#0"},
				"south": {"uv": [5.75, 0, 6, 0.25], "texture": "#0"},
				"west": {"uv": [5.75, 0, 6, 0.25], "texture": "#0"},
				"up": {"uv": [5.75, 0, 6, 0.25], "texture": "#0"},
				"down": {"uv": [5.75, 0, 6, 0.25], "texture": "#0"}
			}
		},
		{
			"from": [6, 6, 8],
			"to": [11, 28, 9],
			"faces": {
				"north": {"uv": [14.25, 1.25, 16, 7.75], "texture": "#0"},
				"east": {"uv": [14.25, 1.25, 16, 7.75], "texture": "#0"},
				"south": {"uv": [14.25, 1.25, 16, 7.75], "texture": "#0"},
				"west": {"uv": [14.25, 1.25, 16, 7.75], "texture": "#0"},
				"up": {"uv": [14.25, 1.25, 14.5, 1.5], "texture": "#0"},
				"down": {"uv": [14.25, 1.25, 16, 7.75], "texture": "#0"}
			}
		},
		{
			"from": [6, 28, 8],
			"to": [10, 29, 9],
			"faces": {
				"north": {"uv": [14.5, 1, 16, 1.25], "texture": "#0"},
				"east": {"uv": [14.5, 1, 16, 1.25], "texture": "#0"},
				"south": {"uv": [14.5, 1, 16, 1.25], "texture": "#0"},
				"west": {"uv": [14.5, 1, 16, 1.25], "texture": "#0"},
				"up": {"uv": [14.5, 1, 14.75, 1.25], "texture": "#0"},
				"down": {"uv": [14.5, 1, 16, 1.25], "texture": "#0"}
			}
		},
		{
			"from": [6, 29, 8],
			"to": [9, 30, 9],
			"faces": {
				"north": {"uv": [14.75, 0.75, 16, 1], "texture": "#0"},
				"east": {"uv": [14.75, 0.75, 16, 1], "texture": "#0"},
				"south": {"uv": [14.75, 0.75, 16, 1], "texture": "#0"},
				"west": {"uv": [14.75, 0.75, 16, 1], "texture": "#0"},
				"up": {"uv": [14.75, 0.75, 15, 1], "texture": "#0"},
				"down": {"uv": [14.75, 0.75, 16, 1], "texture": "#0"}
			}
		},
		{
			"from": [6, 30, 8],
			"to": [8, 31, 9],
			"faces": {
				"north": {"uv": [15, 0.5, 16, 0.75], "texture": "#0"},
				"east": {"uv": [15, 0.5, 16, 0.75], "texture": "#0"},
				"south": {"uv": [15, 0.5, 16, 0.75], "texture": "#0"},
				"west": {"uv": [15, 0.5, 16, 0.75], "texture": "#0"},
				"up": {"uv": [15, 0.5, 15.25, 0.75], "texture": "#0"},
				"down": {"uv": [15, 0.5, 16, 0.75], "texture": "#0"}
			}
		},
		{
			"from": [6, 31, 8],
			"to": [7, 32, 9],
			"faces": {
				"north": {"uv": [15.5, 0, 15.75, 0.25], "texture": "#0"},
				"east": {"uv": [15.5, 0, 15.75, 0.25], "texture": "#0"},
				"south": {"uv": [15.5, 0, 15.75, 0.25], "texture": "#0"},
				"west": {"uv": [15.5, 0, 15.75, 0.25], "texture": "#0"},
				"up": {"uv": [15.5, 0, 15.75, 0.25], "texture": "#0"},
				"down": {"uv": [15.5, 0, 15.75, 0.25], "texture": "#0"}
			}
		},
		{
			"from": [7, 11, 2],
			"to": [10, 11.5, 3],
			"faces": {
				"north": {"uv": [5.75, 0, 6, 0.25], "texture": "#0"},
				"east": {"uv": [5.75, 0, 6, 0.25], "texture": "#0"},
				"south": {"uv": [5.75, 0, 6, 0.25], "texture": "#0"},
				"west": {"uv": [5.75, 0, 6, 0.25], "texture": "#0"},
				"up": {"uv": [5.75, 0, 6, 0.25], "rotation": 270, "texture": "#0"},
				"down": {"uv": [5.75, 0, 6, 0.25], "rotation": 90, "texture": "#0"}
			}
		},
		{
			"from": [7, 9, 2],
			"to": [10, 11, 3.5],
			"faces": {
				"north": {"uv": [5.25, 3.5, 6, 4], "texture": "#0"},
				"east": {"uv": [5.75, 0.25, 6.5, 1.5], "texture": "#0"},
				"south": {"uv": [5.25, 3.5, 6, 4.5], "texture": "#0"},
				"west": {"uv": [5.75, 0.25, 6.5, 1.5], "texture": "#0"},
				"up": {"uv": [5.75, 0, 6, 0.25], "rotation": 270, "texture": "#0"},
				"down": {"uv": [5.75, 0, 6, 0.25], "rotation": 90, "texture": "#0"}
			}
		},
		{
			"from": [7, 7, 2],
			"to": [10, 9, 4],
			"faces": {
				"north": {"uv": [5.25, 4, 6, 4.5], "texture": "#0"},
				"east": {"uv": [8, 1.5, 9, 2.5], "texture": "#0"},
				"south": {"uv": [6.25, 2.75, 6.5, 3], "texture": "#0"},
				"west": {"uv": [5.75, 1.5, 6.75, 2.5], "texture": "#0"},
				"up": {"uv": [6.25, 2.75, 6.5, 3], "rotation": 270, "texture": "#0"},
				"down": {"uv": [6.5, 2.75, 6.75, 3], "rotation": 90, "texture": "#0"}
			}
		},
		{
			"from": [7, 6, 3],
			"to": [10, 7.5, 5],
			"faces": {
				"north": {"uv": [6.25, 2.25, 6.5, 3], "texture": "#0"},
				"east": {"uv": [7.75, 2, 8.75, 2.75], "texture": "#0"},
				"south": {"uv": [7, 2.25, 7.25, 3], "texture": "#0"},
				"west": {"uv": [6, 2, 7, 2.75], "texture": "#0"},
				"up": {"uv": [6.25, 2.75, 6.5, 3], "rotation": 270, "texture": "#0"},
				"down": {"uv": [6.5, 2.75, 6.75, 3], "rotation": 90, "texture": "#0"}
			}
		},
		{
			"from": [7, 5, 4],
			"to": [10, 6.5, 6],
			"faces": {
				"north": {"uv": [6.25, 2.25, 6.5, 3], "texture": "#0"},
				"east": {"uv": [7.5, 2.25, 8.5, 3], "texture": "#0"},
				"south": {"uv": [7, 2.25, 7.25, 3], "texture": "#0"},
				"west": {"uv": [6.25, 2.25, 7.25, 3], "texture": "#0"},
				"up": {"uv": [6.25, 2.75, 6.5, 3], "rotation": 270, "texture": "#0"},
				"down": {"uv": [6.25, 2.75, 6.5, 3], "rotation": 90, "texture": "#0"}
			}
		},
		{
			"from": [7, 5, 11],
			"to": [10, 6.5, 13],
			"faces": {
				"north": {"uv": [6.25, 2.25, 6.5, 3], "texture": "#0"},
				"east": {"uv": [6.25, 2.25, 7.25, 3], "texture": "#0"},
				"south": {"uv": [7, 2.25, 7.25, 2.5], "texture": "#0"},
				"west": {"uv": [7.5, 2.25, 8.5, 3], "texture": "#0"},
				"up": {"uv": [6.25, 2.75, 6.5, 3], "rotation": 270, "texture": "#0"},
				"down": {"uv": [6.25, 2.75, 6.5, 3], "rotation": 90, "texture": "#0"}
			}
		},
		{
			"from": [7, 6, 12],
			"to": [10, 7.5, 14],
			"faces": {
				"north": {"uv": [6.25, 2.75, 6.5, 3], "texture": "#0"},
				"east": {"uv": [6, 2, 7, 2.75], "texture": "#0"},
				"south": {"uv": [7, 2.25, 7.25, 2.5], "texture": "#0"},
				"west": {"uv": [7.75, 2, 8.75, 2.75], "texture": "#0"},
				"up": {"uv": [6.25, 2.75, 6.5, 3], "rotation": 270, "texture": "#0"},
				"down": {"uv": [6.5, 2.75, 6.75, 3], "rotation": 90, "texture": "#0"}
			}
		},
		{
			"from": [7, 7, 13],
			"to": [10, 9, 15],
			"faces": {
				"north": {"uv": [6.5, 2.75, 6.75, 3], "texture": "#0"},
				"east": {"uv": [5.75, 1.5, 6.75, 2.5], "texture": "#0"},
				"south": {"uv": [5.25, 4, 6, 4.5], "texture": "#0"},
				"west": {"uv": [8, 1.5, 9, 2.5], "texture": "#0"},
				"up": {"uv": [6.25, 2.75, 6.5, 3], "rotation": 270, "texture": "#0"},
				"down": {"uv": [6.5, 2.75, 6.75, 3], "rotation": 90, "texture": "#0"}
			}
		},
		{
			"from": [7, 9, 13.5],
			"to": [10, 11, 15],
			"faces": {
				"north": {"uv": [5.25, 3.5, 6, 4.5], "texture": "#0"},
				"east": {"uv": [5.75, 0.25, 6.5, 1.5], "texture": "#0"},
				"south": {"uv": [5.25, 3.5, 6, 4], "texture": "#0"},
				"west": {"uv": [5.75, 0.25, 6.5, 1.5], "texture": "#0"},
				"up": {"uv": [5.75, 0, 6, 0.25], "rotation": 270, "texture": "#0"},
				"down": {"uv": [5.75, 0, 6, 0.25], "rotation": 90, "texture": "#0"}
			}
		},
		{
			"from": [7, 11, 14],
			"to": [10, 11.5, 15],
			"faces": {
				"north": {"uv": [5.75, 0, 6, 0.25], "texture": "#0"},
				"east": {"uv": [5.75, 0, 6, 0.25], "texture": "#0"},
				"south": {"uv": [5.75, 0, 6, 0.25], "texture": "#0"},
				"west": {"uv": [5.75, 0, 6, 0.25], "texture": "#0"},
				"up": {"uv": [5.75, 0, 6, 0.25], "rotation": 270, "texture": "#0"},
				"down": {"uv": [5.75, 0, 6, 0.25], "rotation": 90, "texture": "#0"}
			}
		}
	],
	"display": {
		"thirdperson_righthand": {
			"rotation": [0, 90, 0],
			"translation": [-0.3, 8.8, 2],
			"scale": [0.75, 0.75, 0.75]
		},
		"thirdperson_lefthand": {
			"rotation": [0, -90, 0],
			"translation": [0.3, 8.8, 2.5],
			"scale": [0.75, 0.75, 0.75]
		},
		"firstperson_righthand": {
			"rotation": [-41, 113, 45],
			"translation": [1.75, 3.5, 0],
			"scale": [0.4, 0.4, 0.4]
		},
		"firstperson_lefthand": {
			"rotation": [-22, -78, -30],
			"translation": [2.5, 3.5, 0],
			"scale": [0.4, 0.4, 0.4]
		},
		"ground": {
			"rotation": [90, 0, 0],
			"translation": [0, -1.5, 0],
			"scale": [0.5, 0.5, 0.5]
		},
		"gui": {
			"rotation": [-10, 180, 51],
			"scale": [0.4, 0.4, 0.4]
		},
		"head": {
			"rotation": [0, 13, 180],
			"translation": [0.75, 10.75, -0.5]
		},
		"fixed": {
			"rotation": [0, 0, 45],
			"translation": [0, 0, -0.75],
			"scale": [0.5, 0.5, 0.5]
		}
	},
	"groups": [
		{
			"name": "handle",
			"children": [0, 1, 2, 3, 4, 5, 6, 7, 8, 9, 10, 11, 12, 13, 14, 15, 16, 17, 18, 19, 20, 21]
		}, 22, 23, 24, 25, 26, 27, 28, 29, 30, 31, 32, 33, 34, 35, 36, 37, 38, 39, 40, 41, 42, 43, 44, 45, 46, 47, 48, 49, 50, 51, 52, 53, 54]
}