{
	"credit": "Made by SyndiShanX",
	"textures": {
		"particle": "block/crimson_fence",
		"fence": "block/crimson_fence"
	},
	"elements": [
		{
			"name": "swfence",
			"from": [7.5, 11, 9],
			"to": [8.5, 12, 16],
			"faces": {
				"east": {"uv": [0, 4, 7, 5], "texture": "#fence"},
				"south": {"uv": [7.5, 4, 8.5, 5], "texture": "#fence", "cullface": "south"},
				"west": {"uv": [9, 4, 16, 5], "texture": "#fence"},
				"up": {"uv": [9, 0, 16, 1], "rotation": 90, "texture": "#fence"},
				"down": {"uv": [9, 0, 16, 1], "rotation": 90, "texture": "#fence"}
			}
		},
		{
			"name": "swfence",
			"from": [7.75, 10.5, 9],
			"to": [8.25, 11, 16],
			"faces": {
				"east": {"uv": [0, 5, 7, 5.5], "texture": "#fence"},
				"south": {"uv": [7.75, 5, 8.25, 5.5], "texture": "#fence", "cullface": "south"},
				"west": {"uv": [9, 5, 16, 5.5], "texture": "#fence"},
				"down": {"uv": [16, 2.5, 9, 3], "rotation": 90, "texture": "#fence"}
			}
		},
		{
			"name": "swfence",
			"from": [7.75, 1.5, 9],
			"to": [8.25, 10.5, 9.5],
			"faces": {
				"east": {"uv": [6.5, 5.5, 7, 14.5], "texture": "#fence"},
				"south": {"uv": [7.75, 5.5, 8.25, 14.5], "rotation": 180, "texture": "#fence"},
				"west": {"uv": [9, 5.5, 9.5, 14.5], "texture": "#fence"}
			}
		},
		{
			"name": "swfence",
			"from": [7.75, 8, 9.5],
			"to": [8.25, 9, 16],
			"faces": {
				"east": {"uv": [0, 7, 6.5, 8], "texture": "#fence"},
				"south": {"uv": [7.75, 7, 8.25, 8], "texture": "#fence", "cullface": "south"},
				"west": {"uv": [9.5, 7, 16, 8], "texture": "#fence"},
				"up": {"uv": [9.5, 2.5, 16, 3], "rotation": 90, "texture": "#fence"},
				"down": {"uv": [16, 2.5, 9.5, 3], "rotation": 90, "texture": "#fence"}
			}
		},
		{
			"name": "swfence",
			"from": [7.75, 9, 11],
			"to": [8.25, 10.5, 11.5],
			"faces": {
				"north": {"uv": [7.75, 5.5, 8.25, 7], "texture": "#fence"},
				"east": {"uv": [4.5, 5.5, 5, 7], "texture": "#fence"},
				"south": {"uv": [7.75, 5.5, 8.25, 7], "rotation": 180, "texture": "#fence"},
				"west": {"uv": [11, 5.5, 11.5, 7], "texture": "#fence"}
			}
		},
		{
			"name": "swfence",
			"from": [7.75, 9, 15],
			"to": [8.25, 10.5, 15.5],
			"faces": {
				"north": {"uv": [7.75, 5.5, 8.25, 7], "texture": "#fence"},
				"east": {"uv": [0.5, 5.5, 1, 7], "texture": "#fence"},
				"south": {"uv": [7.75, 5.5, 8.25, 7], "rotation": 180, "texture": "#fence"},
				"west": {"uv": [15, 5.5, 15.5, 7], "texture": "#fence"}
			}
		},
		{
			"name": "swfence",
			"from": [7.75, 7, 15],
			"to": [8.25, 8, 15.5],
			"faces": {
				"north": {"uv": [7.75, 8, 8.25, 9], "texture": "#fence"},
				"east": {"uv": [0.5, 8, 1, 9], "texture": "#fence"},
				"south": {"uv": [7.75, 8, 8.25, 9], "rotation": 180, "texture": "#fence"},
				"west": {"uv": [15, 8, 15.5, 9], "texture": "#fence"}
			}
		},
		{
			"name": "swfence",
			"from": [7.75, 6.5, 11.5],
			"to": [8.25, 7, 16],
			"faces": {
				"east": {"uv": [0, 9, 4.5, 9.5], "texture": "#fence"},
				"south": {"uv": [7.75, 9, 8.25, 9.5], "texture": "#fence", "cullface": "south"},
				"west": {"uv": [11.5, 9, 16, 9.5], "texture": "#fence"},
				"up": {"uv": [11.5, 2.5, 16, 3], "rotation": 90, "texture": "#fence"},
				"down": {"uv": [11.5, 2.5, 16, 3], "rotation": 90, "texture": "#fence"}
			}
		},
		{
			"name": "swfence",
			"from": [7.75, 7, 13],
			"to": [8.25, 8, 13.5],
			"faces": {
				"north": {"uv": [7.75, 8, 8.25, 9], "texture": "#fence"},
				"east": {"uv": [2.5, 8, 3, 9], "texture": "#fence"},
				"south": {"uv": [7.75, 8, 8.25, 9], "rotation": 180, "texture": "#fence"},
				"west": {"uv": [13, 8, 13.5, 9], "texture": "#fence"}
			}
		},
		{
			"name": "swfence",
			"from": [7.75, 7, 12],
			"to": [8.25, 8, 12.5],
			"faces": {
				"north": {"uv": [7.75, 8, 8.25, 9], "texture": "#fence"},
				"east": {"uv": [3.5, 8, 4, 9], "texture": "#fence"},
				"south": {"uv": [7.75, 8, 8.25, 9], "rotation": 180, "texture": "#fence"},
				"west": {"uv": [12, 8, 12.5, 9], "texture": "#fence"}
			}
		},
		{
			"name": "swfence",
			"from": [7.75, 2.5, 11],
			"to": [8.25, 7, 11.5],
			"faces": {
				"north": {"uv": [7.75, 9, 8.25, 13.5], "texture": "#fence"},
				"east": {"uv": [4.5, 9, 5, 13.5], "texture": "#fence"},
				"south": {"uv": [7.75, 9, 8.25, 13.5], "rotation": 180, "texture": "#fence"},
				"west": {"uv": [11, 9, 11.5, 13.5], "texture": "#fence"},
				"up": {"uv": [11, 2.5, 11.5, 3], "rotation": 90, "texture": "#fence"},
				"down": {"uv": [11, 2.5, 11.5, 3], "rotation": 90, "texture": "#fence"}
			}
		},
		{
			"name": "swfence",
			"from": [7.75, 5.5, 9.5],
			"to": [8.25, 6, 11],
			"faces": {
				"east": {"uv": [5, 10, 6.5, 10.5], "texture": "#fence"},
				"west": {"uv": [9.5, 10, 11, 10.5], "texture": "#fence"},
				"up": {"uv": [9.5, 2.5, 11, 3], "rotation": 90, "texture": "#fence"},
				"down": {"uv": [14.5, 2.5, 16, 3], "rotation": 90, "texture": "#fence"}
			}
		},
		{
			"name": "swfence",
			"from": [7.75, 3.5, 9.5],
			"to": [8.25, 4, 11],
			"faces": {
				"east": {"uv": [5, 12, 6.5, 12.5], "texture": "#fence"},
				"west": {"uv": [9.5, 12, 11, 12.5], "texture": "#fence"},
				"up": {"uv": [9.5, 2.5, 11, 3], "rotation": 90, "texture": "#fence"},
				"down": {"uv": [9, 2.5, 10.5, 3], "rotation": 90, "texture": "#fence"}
			}
		},
		{
			"name": "swfence",
			"from": [7.75, 3.5, 11.5],
			"to": [8.25, 4, 12.5],
			"faces": {
				"east": {"uv": [3.5, 12, 4.5, 12.5], "texture": "#fence"},
				"west": {"uv": [11.5, 12, 12.5, 12.5], "texture": "#fence"},
				"up": {"uv": [11.5, 2.5, 12.5, 3], "rotation": 90, "texture": "#fence"},
				"down": {"uv": [11, 2.5, 12, 3], "rotation": 90, "texture": "#fence"}
			}
		},
		{
			"name": "swfence",
			"from": [7.75, 3.5, 12.5],
			"to": [8.25, 6, 13],
			"faces": {
				"north": {"uv": [7.75, 10, 8.25, 12.5], "texture": "#fence"},
				"east": {"uv": [3, 10, 3.5, 12.5], "texture": "#fence"},
				"south": {"uv": [7.75, 10, 8.25, 12.5], "rotation": 180, "texture": "#fence"},
				"west": {"uv": [12.5, 10, 13, 12.5], "texture": "#fence"},
				"up": {"uv": [12.5, 2.5, 13, 3], "rotation": 90, "texture": "#fence"},
				"down": {"uv": [12.5, 2.5, 13, 3], "rotation": 90, "texture": "#fence"}
			}
		},
		{
			"name": "swfence",
			"from": [7.75, 5.5, 13],
			"to": [8.25, 6, 14],
			"faces": {
				"east": {"uv": [2, 10, 3, 10.5], "texture": "#fence"},
				"west": {"uv": [13, 10, 14, 10.5], "texture": "#fence"},
				"up": {"uv": [13, 2.5, 14, 3], "rotation": 90, "texture": "#fence"},
				"down": {"uv": [14, 2.5, 13, 3], "rotation": 90, "texture": "#fence"}
			}
		},
		{
			"name": "swfence",
			"from": [7.75, 3, 14],
			"to": [8.25, 6.5, 14.5],
			"faces": {
				"north": {"uv": [7.75, 9.5, 8.25, 13], "texture": "#fence"},
				"east": {"uv": [1.5, 9.5, 2, 13], "texture": "#fence"},
				"south": {"uv": [7.75, 9.5, 8.25, 13], "rotation": 180, "texture": "#fence"},
				"west": {"uv": [14, 9.5, 14.5, 13], "texture": "#fence"}
			}
		},
		{
			"name": "swfence",
			"from": [7.75, 5.5, 14.5],
			"to": [8.25, 6, 16],
			"faces": {
				"east": {"uv": [0, 10, 1.5, 10.5], "texture": "#fence"},
				"south": {"uv": [7.75, 10, 8.25, 10.5], "texture": "#fence", "cullface": "south"},
				"west": {"uv": [14.5, 10, 16, 10.5], "texture": "#fence"},
				"up": {"uv": [14.5, 2.5, 16, 3], "rotation": 90, "texture": "#fence"},
				"down": {"uv": [14.5, 2.5, 16, 3], "rotation": 90, "texture": "#fence"}
			}
		},
		{
			"name": "swfence",
			"from": [7.75, 3.5, 14.5],
			"to": [8.25, 4, 16],
			"faces": {
				"east": {"uv": [0, 12, 1.5, 12.5], "texture": "#fence"},
				"south": {"uv": [7.75, 12, 8.25, 12.5], "texture": "#fence", "cullface": "south"},
				"west": {"uv": [14.5, 12, 16, 12.5], "texture": "#fence"},
				"up": {"uv": [14.5, 2.5, 16, 3], "rotation": 90, "texture": "#fence"},
				"down": {"uv": [14.5, 2.5, 16, 3], "rotation": 90, "texture": "#fence"}
			}
		},
		{
			"name": "swfence",
			"from": [7.75, 2.5, 11.5],
			"to": [8.25, 3, 16],
			"faces": {
				"east": {"uv": [0, 13, 4.5, 13.5], "texture": "#fence"},
				"south": {"uv": [7.75, 13, 8.25, 13.5], "texture": "#fence", "cullface": "south"},
				"west": {"uv": [11.5, 13, 16, 13.5], "texture": "#fence"},
				"up": {"uv": [11.5, 2.5, 16, 3], "rotation": 90, "texture": "#fence"},
				"down": {"uv": [11.5, 2.5, 16, 3], "rotation": 90, "texture": "#fence"}
			}
		},
		{
			"name": "swfence",
			"from": [7.75, 1.5, 15],
			"to": [8.25, 2.5, 15.5],
			"faces": {
				"north": {"uv": [7.75, 13.5, 8.25, 14.5], "texture": "#fence"},
				"east": {"uv": [0.5, 13.5, 1, 14.5], "texture": "#fence"},
				"south": {"uv": [7.75, 13.5, 8.25, 14.5], "rotation": 180, "texture": "#fence"},
				"west": {"uv": [15, 13.5, 15.5, 14.5], "texture": "#fence"}
			}
		},
		{
			"name": "swfence",
			"from": [7.75, 1.5, 12],
			"to": [8.25, 2.5, 12.5],
			"faces": {
				"north": {"uv": [7.75, 13.5, 8.25, 14.5], "texture": "#fence"},
				"east": {"uv": [3.5, 13.5, 4, 14.5], "texture": "#fence"},
				"south": {"uv": [7.75, 13.5, 8.25, 14.5], "rotation": 180, "texture": "#fence"},
				"west": {"uv": [12, 13.5, 12.5, 14.5], "texture": "#fence"}
			}
		},
		{
			"name": "swfence",
			"from": [7.75, 1.5, 13],
			"to": [8.25, 2.5, 13.5],
			"faces": {
				"north": {"uv": [7.75, 13.5, 8.25, 14.5], "texture": "#fence"},
				"east": {"uv": [2.5, 13.5, 3, 14.5], "texture": "#fence"},
				"south": {"uv": [7.75, 13.5, 8.25, 14.5], "rotation": 180, "texture": "#fence"},
				"west": {"uv": [13, 13.5, 13.5, 14.5], "texture": "#fence"}
			}
		},
		{
			"name": "swfence",
			"from": [7.75, 1, 9],
			"to": [8.25, 1.5, 16],
			"faces": {
				"east": {"uv": [0, 14.5, 7, 15], "texture": "#fence"},
				"south": {"uv": [7.75, 14.5, 8.25, 15], "texture": "#fence", "cullface": "south"},
				"west": {"uv": [9, 14.5, 16, 15], "texture": "#fence"},
				"up": {"uv": [9, 2.5, 16, 3], "rotation": 90, "texture": "#fence"}
			}
		},
		{
			"name": "swfence",
			"from": [7.5, 0, 9],
			"to": [8.5, 1, 16],
			"faces": {
				"east": {"uv": [0, 15, 7, 16], "texture": "#fence"},
				"south": {"uv": [7.5, 15, 8.5, 16], "texture": "#fence", "cullface": "south"},
				"west": {"uv": [9, 15, 16, 16], "texture": "#fence"},
				"up": {"uv": [9, 0, 16, 1], "rotation": 90, "texture": "#fence"},
				"down": {"uv": [9, 2.5, 16, 3], "rotation": 90, "texture": "#fence"}
			}
		}
	],
	"groups": [
		{
			"name": "Southwest Fence",
			"origin": [8, 8, 8],
			"children": [0, 1, 2, 3, 4, 5, 6, 7, 8, 9, 10, 11, 12, 13, 14, 15, 16, 17, 18, 19, 20, 21, 22, 23, 24]
		}
	]
}