{
	"credit": "Made by Thaly",
	"textures": {
		"1": "block/anvil"
	},
	"elements": [
		{
			"from": [4, 0, 4],
			"to": [12, 3, 12],
			"rotation": {"angle": 0, "axis": "y", "origin": [8, 10, 8]},
			"faces": {
				"north": {"uv": [0.75, 12.5, 4.75, 14], "texture": "#1"},
				"east": {"uv": [5.5, 7, 7, 11], "rotation": 90, "texture": "#1"},
				"south": {"uv": [0.75, 12.5, 4.75, 14], "texture": "#1"},
				"west": {"uv": [5.5, 7, 7, 11], "rotation": 90, "texture": "#1"},
				"up": {"uv": [0.75, 7, 4.75, 11], "rotation": 90, "texture": "#1"},
				"down": {"uv": [0.75, 7, 4.75, 11], "rotation": 90, "texture": "#1"}
			}
		},
		{
			"from": [2.5, 0, 1],
			"to": [13.5, 2, 5],
			"rotation": {"angle": 0, "axis": "y", "origin": [8, 10, 8.5]},
			"faces": {
				"north": {"uv": [0, 12.5, 5.5, 13.5], "texture": "#1"},
				"east": {"uv": [5.5, 5.5, 6.5, 7.5], "rotation": 90, "texture": "#1"},
				"south": {"uv": [0, 12.5, 5.5, 13.5], "texture": "#1"},
				"west": {"uv": [5.5, 5.5, 6.5, 7.5], "rotation": 90, "texture": "#1"},
				"up": {"uv": [0, 5.5, 5.5, 7.5], "texture": "#1"},
				"down": {"uv": [0, 5.5, 5.5, 7.5], "texture": "#1"}
			}
		},
		{
			"from": [2.5, 0, 11],
			"to": [13.5, 2, 15],
			"rotation": {"angle": 0, "axis": "y", "origin": [8, 10, 7.5]},
			"faces": {
				"north": {"uv": [0, 12.5, 5.5, 13.5], "texture": "#1"},
				"east": {"uv": [5.5, 10.5, 6.5, 12.5], "rotation": 90, "texture": "#1"},
				"south": {"uv": [0, 12.5, 5.5, 13.5], "texture": "#1"},
				"west": {"uv": [5.5, 10.5, 6.5, 12.5], "rotation": 90, "texture": "#1"},
				"up": {"uv": [0, 10.5, 5.5, 12.5], "texture": "#1"},
				"down": {"uv": [0, 10.75, 5.5, 12.75], "texture": "#1"}
			}
		},
		{
			"from": [9, 2.5, 5.5],
			"to": [10, 9.5, 10.5],
			"rotation": {"angle": -22.5, "axis": "z", "origin": [7.5, 9.5, 8]},
			"faces": {
				"north": {"uv": [12, 0.25, 12.5, 2.75], "rotation": 90, "texture": "#1"},
				"east": {"uv": [12.5, 0.25, 16, 2.75], "rotation": 90, "texture": "#1"},
				"south": {"uv": [12, 0.25, 12.5, 2.75], "rotation": 90, "texture": "#1"},
				"west": {"uv": [12.5, 0.25, 16, 2.75], "rotation": 90, "texture": "#1"},
				"up": {"uv": [0, 0, 4.5, 2], "rotation": 90, "texture": "#1"},
				"down": {"uv": [3.5, 4, 11.5, 12], "rotation": 90, "texture": "#1"}
			}
		},
		{
			"from": [6, 2.5, 5.501],
			"to": [7, 9.5, 10.501],
			"rotation": {"angle": 22.5, "axis": "z", "origin": [8.5, 9.5, 8]},
			"faces": {
				"north": {"uv": [12, 0.25, 12.5, 2.75], "rotation": 90, "texture": "#1"},
				"east": {"uv": [12.5, 0.25, 16, 2.75], "rotation": 90, "texture": "#1"},
				"south": {"uv": [12, 0.25, 12.5, 2.75], "rotation": 90, "texture": "#1"},
				"west": {"uv": [12.5, 0.25, 16, 2.75], "rotation": 90, "texture": "#1"},
				"up": {"uv": [0, 0, 4.5, 2], "texture": "#1"},
				"down": {"uv": [3.5, 4, 11.5, 12], "texture": "#1"}
			}
		},
		{
			"from": [7.5, 4, 10.502],
			"to": [8.5, 7, 10.502],
			"rotation": {"angle": 0, "axis": "y", "origin": [15, 12.5, 13.5]},
			"faces": {
				"north": {"uv": [14.75, 4.5, 15.75, 5.5], "texture": "#1"},
				"east": {"uv": [0, 0, 2, 2], "texture": "#1"},
				"south": {"uv": [15.25, 0.5, 15.75, 2], "texture": "#1"},
				"west": {"uv": [0, 0, 2, 2], "texture": "#1"},
				"up": {"uv": [0, 0, 4.5, 2], "texture": "#1"},
				"down": {"uv": [0, 0, 2, 2], "texture": "#1"}
			}
		},
		{
			"from": [7, 7, 10.502],
			"to": [9, 7.5, 10.502],
			"rotation": {"angle": 0, "axis": "y", "origin": [15, 12.5, 18.5]},
			"faces": {
				"north": {"uv": [0, 0, 3, 1], "texture": "#1"},
				"east": {"uv": [0, 0, 3, 1], "texture": "#1"},
				"south": {"uv": [15, 0.25, 16, 0.5], "texture": "#1"},
				"west": {"uv": [0, 0, 3, 1], "texture": "#1"},
				"up": {"uv": [0, 0, 4.5, 2], "texture": "#1"},
				"down": {"uv": [0, 0, 3, 1], "texture": "#1"}
			}
		},
		{
			"from": [7, 3, 10.502],
			"to": [9, 4, 10.502],
			"rotation": {"angle": 0, "axis": "y", "origin": [15, 9, 18.5]},
			"faces": {
				"north": {"uv": [0, 0, 3, 1.5], "texture": "#1"},
				"east": {"uv": [0, 0, 3, 1.5], "texture": "#1"},
				"south": {"uv": [15, 2, 16, 2.5], "texture": "#1"},
				"west": {"uv": [0, 0, 3, 1.5], "texture": "#1"},
				"up": {"uv": [0, 0, 4.5, 2], "texture": "#1"},
				"down": {"uv": [0, 0, 3, 1.5], "texture": "#1"}
			}
		},
		{
			"from": [7.5, 4, 5.49],
			"to": [8.5, 7, 5.49],
			"rotation": {"angle": 0, "axis": "y", "origin": [15, 12.5, 13.5]},
			"faces": {
				"north": {"uv": [15.25, 0.5, 15.75, 2], "texture": "#1"},
				"east": {"uv": [0, 0, 2, 4.5], "texture": "#1"},
				"south": {"uv": [0, 0, 2, 4.5], "texture": "#1"},
				"west": {"uv": [0, 0, 2, 4.5], "texture": "#1"},
				"up": {"uv": [0, 0, 4.5, 2], "texture": "#1"},
				"down": {"uv": [0, 0, 2, 4.5], "texture": "#1"}
			}
		},
		{
			"from": [7, 7, 5.49],
			"to": [9, 7.5, 5.49],
			"rotation": {"angle": 0, "axis": "y", "origin": [15, 12.5, 13.5]},
			"faces": {
				"north": {"uv": [15, 0.25, 16, 0.5], "texture": "#1"},
				"east": {"uv": [0, 0, 3, 1], "texture": "#1"},
				"south": {"uv": [0, 0, 3, 1], "texture": "#1"},
				"west": {"uv": [0, 0, 3, 1], "texture": "#1"},
				"up": {"uv": [0, 0, 4.5, 2], "texture": "#1"},
				"down": {"uv": [0, 0, 3, 1], "texture": "#1"}
			}
		},
		{
			"from": [7, 3, 5.49],
			"to": [9, 4, 5.49],
			"rotation": {"angle": 0, "axis": "y", "origin": [15, 9, 13.5]},
			"faces": {
				"north": {"uv": [15, 2, 16, 2.5], "texture": "#1"},
				"east": {"uv": [0, 0, 3, 1.5], "texture": "#1"},
				"south": {"uv": [0, 0, 3, 1.5], "texture": "#1"},
				"west": {"uv": [0, 0, 3, 1.5], "texture": "#1"},
				"up": {"uv": [0, 0, 4.5, 2], "texture": "#1"},
				"down": {"uv": [0, 0, 3, 1.5], "texture": "#1"}
			}
		},
		{
			"from": [5, 8.5, 3],
			"to": [11, 12.5, 12],
			"rotation": {"angle": 0, "axis": "y", "origin": [8, 9.5, 8]},
			"faces": {
				"north": {"uv": [9, 0.25, 12, 2.25], "texture": "#1"},
				"east": {"uv": [1.5, 3, 5.5, 5], "texture": "#1"},
				"south": {"uv": [9, 0.25, 12, 2.25], "texture": "#1"},
				"west": {"uv": [1.5, 3, 5.5, 5], "texture": "#1"},
				"up": {"uv": [1.5, 0, 6, 3], "rotation": 90, "texture": "#1"},
				"down": {"uv": [1.5, 0, 6, 3], "rotation": 90, "texture": "#1"}
			}
		},
		{
			"from": [6, 7.5, 3],
			"to": [10, 8.5, 12],
			"rotation": {"angle": 0, "axis": "y", "origin": [8, 9.5, 8]},
			"faces": {
				"north": {"uv": [9.5, 2.25, 11.5, 2.75], "texture": "#1"},
				"east": {"uv": [1.5, 5, 5.5, 5.5], "texture": "#1"},
				"south": {"uv": [9.5, 2.25, 11.5, 2.75], "texture": "#1"},
				"west": {"uv": [1.5, 5, 5.5, 5.5], "texture": "#1"},
				"up": {"uv": [0, 0, 4.5, 2], "rotation": 90, "texture": "#1"},
				"down": {"uv": [1.5, 0.5, 6, 2.5], "rotation": 90, "texture": "#1"}
			}
		},
		{
			"from": [6, 7.5, 1],
			"to": [10, 12.5, 2],
			"rotation": {"angle": 0, "axis": "y", "origin": [8, 9.5, 8]},
			"faces": {
				"north": {"uv": [0.5, 0.5, 1, 2.5], "rotation": 90, "texture": "#1"},
				"east": {"uv": [0.5, 3, 1, 5.5], "texture": "#1"},
				"south": {"uv": [9.5, 0.25, 11.5, 2.75], "texture": "#1"},
				"west": {"uv": [0.5, 3, 1, 5.5], "texture": "#1"},
				"up": {"uv": [0.5, 0.5, 1, 2.5], "rotation": 90, "texture": "#1"},
				"down": {"uv": [0.5, 0.5, 1, 2.5], "rotation": 90, "texture": "#1"}
			}
		},
		{
			"from": [5, 8.5, 1],
			"to": [6, 11.5, 2],
			"rotation": {"angle": 0, "axis": "y", "origin": [8, 9.5, 8]},
			"faces": {
				"north": {"uv": [0.5, 2.5, 1, 3], "rotation": 90, "texture": "#1"},
				"east": {"uv": [0.5, 2.5, 1, 3], "rotation": 90, "texture": "#1"},
				"south": {"uv": [9, 0.75, 9.5, 2.25], "texture": "#1"},
				"west": {"uv": [0.5, 3.5, 1, 5], "texture": "#1"},
				"up": {"uv": [0.5, 2.5, 1, 3], "rotation": 90, "texture": "#1"},
				"down": {"uv": [0.5, 2.5, 1, 3], "rotation": 90, "texture": "#1"}
			}
		},
		{
			"from": [10, 8.5, 1],
			"to": [11, 11.5, 2],
			"rotation": {"angle": 0, "axis": "y", "origin": [8, 9.5, 8]},
			"faces": {
				"north": {"uv": [0.5, 0, 1, 0.5], "rotation": 90, "texture": "#1"},
				"east": {"uv": [0.5, 3.5, 1, 5], "texture": "#1"},
				"south": {"uv": [11.5, 0.75, 12, 2.25], "texture": "#1"},
				"west": {"uv": [0.5, 3.5, 1, 5], "texture": "#1"},
				"up": {"uv": [0.5, 0, 1, 0.5], "rotation": 90, "texture": "#1"},
				"down": {"uv": [0.5, 0, 1, 0.5], "rotation": 90, "texture": "#1"}
			}
		},
		{
			"from": [5, 7.5, 0],
			"to": [11, 12.5, 1],
			"rotation": {"angle": 0, "axis": "y", "origin": [8, 9.5, 8]},
			"faces": {
				"north": {"uv": [9, 0.25, 12, 2.75], "texture": "#1"},
				"east": {"uv": [0, 3, 0.5, 5.5], "texture": "#1"},
				"south": {"uv": [9.25, 0.25, 12.25, 2.75], "texture": "#1"},
				"west": {"uv": [0, 3, 0.5, 5.5], "texture": "#1"},
				"up": {"uv": [0, 0, 0.5, 3], "rotation": 90, "texture": "#1"},
				"down": {"uv": [0, 0, 0.5, 3], "rotation": 90, "texture": "#1"}
			}
		},
		{
			"from": [6, 8.5, 2],
			"to": [10, 11.5, 3],
			"rotation": {"angle": 0, "axis": "y", "origin": [8, 9.5, 8]},
			"faces": {
				"north": {"uv": [1, 0.5, 1.5, 2.5], "rotation": 90, "texture": "#1"},
				"east": {"uv": [1, 3.5, 1.5, 5], "texture": "#1"},
				"south": {"uv": [1, 0.5, 1.5, 2.5], "rotation": 90, "texture": "#1"},
				"west": {"uv": [1, 3.5, 1.5, 5], "texture": "#1"},
				"up": {"uv": [1, 0.5, 1.5, 2.5], "rotation": 90, "texture": "#1"},
				"down": {"uv": [1, 0.5, 1.5, 2.5], "rotation": 90, "texture": "#1"}
			}
		},
		{
			"from": [6, 8.5, 12],
			"to": [10, 12.5, 14],
			"rotation": {"angle": 0, "axis": "y", "origin": [8, 9.5, 8]},
			"faces": {
				"north": {"uv": [6, 6, 8, 10], "rotation": 90, "texture": "#1"},
				"east": {"uv": [6, 3, 7, 5], "texture": "#1"},
				"south": {"uv": [9.5, 0.25, 11.5, 2.25], "texture": "#1"},
				"west": {"uv": [6, 3, 7, 5], "texture": "#1"},
				"up": {"uv": [6, 0.5, 7, 2.5], "rotation": 90, "texture": "#1"},
				"down": {"uv": [6, 0.5, 7.5, 2.5], "rotation": 90, "texture": "#1"}
			}
		},
		{
			"from": [10, 10.5, 12],
			"to": [11, 12.5, 14],
			"rotation": {"angle": 0, "axis": "y", "origin": [8, 9.5, 8]},
			"faces": {
				"north": {"uv": [6, 6, 8, 10], "rotation": 90, "texture": "#1"},
				"east": {"uv": [5.5, 3, 6.5, 4], "texture": "#1"},
				"south": {"uv": [11.5, 0.25, 12, 1.25], "rotation": 90, "texture": "#1"},
				"west": {"uv": [6, 6, 8, 10], "texture": "#1"},
				"up": {"uv": [6, 0, 7, 0.5], "rotation": 90, "texture": "#1"},
				"down": {"uv": [6, 2.5, 7, 3], "rotation": 90, "texture": "#1"}
			}
		},
		{
			"from": [5, 10.5, 12],
			"to": [6, 12.5, 14],
			"rotation": {"angle": 0, "axis": "y", "origin": [8, 9.5, 8]},
			"faces": {
				"north": {"uv": [6, 6, 8, 10], "rotation": 90, "texture": "#1"},
				"east": {"uv": [6, 6, 8, 10], "rotation": 90, "texture": "#1"},
				"south": {"uv": [9, 0.25, 9.5, 1.25], "rotation": 90, "texture": "#1"},
				"west": {"uv": [5.5, 3, 6.5, 4], "rotation": 90, "texture": "#1"},
				"up": {"uv": [6, 2.5, 7, 3], "rotation": 90, "texture": "#1"},
				"down": {"uv": [6, 0, 7, 0.5], "rotation": 90, "texture": "#1"}
			}
		},
		{
			"from": [5, 11.5, 14],
			"to": [6, 12.5, 15],
			"rotation": {"angle": 0, "axis": "y", "origin": [8, 9.5, 8]},
			"faces": {
				"north": {"uv": [6, 6, 8, 10], "rotation": 90, "texture": "#1"},
				"east": {"uv": [6, 6, 8, 10], "rotation": 90, "texture": "#1"},
				"south": {"uv": [9, 0.25, 9.5, 0.75], "rotation": 90, "texture": "#1"},
				"west": {"uv": [7, 3, 7.5, 3.5], "rotation": 90, "texture": "#1"},
				"up": {"uv": [7, 2.5, 7.5, 3], "rotation": 90, "texture": "#1"},
				"down": {"uv": [7, 2.5, 7.5, 3], "rotation": 90, "texture": "#1"}
			}
		},
		{
			"from": [10, 11.5, 14],
			"to": [11, 12.5, 15],
			"rotation": {"angle": 0, "axis": "y", "origin": [8, 9.5, 8]},
			"faces": {
				"north": {"uv": [6, 6, 8, 10], "rotation": 90, "texture": "#1"},
				"east": {"uv": [7, 3, 7.5, 3.5], "texture": "#1"},
				"south": {"uv": [11.5, 0.25, 12, 0.75], "rotation": 90, "texture": "#1"},
				"west": {"uv": [6, 6, 8, 10], "texture": "#1"},
				"up": {"uv": [7, 0, 7.5, 0.5], "rotation": 90, "texture": "#1"},
				"down": {"uv": [7, 0, 7.5, 0.5], "rotation": 90, "texture": "#1"}
			}
		},
		{
			"from": [6, 9.5, 14],
			"to": [10, 12.5, 15],
			"rotation": {"angle": 0, "axis": "y", "origin": [8, 9.5, 8]},
			"faces": {
				"north": {"uv": [6, 6, 8, 10], "rotation": 90, "texture": "#1"},
				"east": {"uv": [7, 3, 7.5, 4.5], "texture": "#1"},
				"south": {"uv": [9.75, 0.25, 11.75, 1.75], "texture": "#1"},
				"west": {"uv": [7, 3, 7.5, 4.5], "texture": "#1"},
				"up": {"uv": [7, 0.5, 7.5, 2.5], "rotation": 90, "texture": "#1"},
				"down": {"uv": [7, 0.5, 7.5, 2.5], "rotation": 90, "texture": "#1"}
			}
		},
		{
			"from": [6, 10.5, 15],
			"to": [10, 12.5, 16],
			"rotation": {"angle": 0, "axis": "y", "origin": [8, 9.5, 8]},
			"faces": {
				"north": {"uv": [6, 6, 8, 10], "rotation": 90, "texture": "#1"},
				"east": {"uv": [7.5, 3, 8, 4], "texture": "#1"},
				"south": {"uv": [9.5, 0.25, 11.5, 1.25], "texture": "#1"},
				"west": {"uv": [7.5, 3, 8, 4], "texture": "#1"},
				"up": {"uv": [7.5, 0.5, 8, 2.5], "rotation": 90, "texture": "#1"},
				"down": {"uv": [7.5, 0.5, 8, 2.5], "rotation": 90, "texture": "#1"}
			}
		},
		{
			"from": [7, 8.5, 14],
			"to": [9, 9.5, 15],
			"rotation": {"angle": 0, "axis": "y", "origin": [8, 9.5, 8]},
			"faces": {
				"north": {"uv": [6, 6, 8, 10], "rotation": 90, "texture": "#1"},
				"east": {"uv": [7, 4.5, 7.5, 5], "texture": "#1"},
				"south": {"uv": [10, 1.75, 11, 2.25], "texture": "#1"},
				"west": {"uv": [7, 4.5, 7.5, 5], "texture": "#1"},
				"up": {"uv": [0, 0, 4.5, 2], "rotation": 90, "texture": "#1"},
				"down": {"uv": [7, 1, 7.5, 2], "rotation": 90, "texture": "#1"}
			}
		},
		{
			"from": [7, 7.5, 12],
			"to": [9, 8.5, 14],
			"rotation": {"angle": 0, "axis": "y", "origin": [8, 9.5, 8]},
			"faces": {
				"north": {"uv": [6, 6, 8, 10], "rotation": 90, "texture": "#1"},
				"east": {"uv": [6, 5, 7, 5.5], "texture": "#1"},
				"south": {"uv": [10, 2.25, 11, 2.75], "texture": "#1"},
				"west": {"uv": [6, 5, 7, 5.5], "texture": "#1"},
				"up": {"uv": [0, 0, 4.5, 2], "rotation": 90, "texture": "#1"},
				"down": {"uv": [6, 1, 7, 2], "rotation": 90, "texture": "#1"}
			}
		},
		{
			"from": [7, 9.5, 15],
			"to": [9, 10.5, 16],
			"rotation": {"angle": 0, "axis": "y", "origin": [8, 9.5, 8]},
			"faces": {
				"north": {"uv": [6, 6, 8, 10], "rotation": 90, "texture": "#1"},
				"east": {"uv": [7.5, 4, 8, 4.5], "texture": "#1"},
				"south": {"uv": [10, 1.25, 11, 1.75], "texture": "#1"},
				"west": {"uv": [7.5, 4, 8, 4.5], "texture": "#1"},
				"up": {"uv": [0, 0, 4.5, 2], "rotation": 90, "texture": "#1"},
				"down": {"uv": [7.5, 1, 8, 2], "rotation": 90, "texture": "#1"}
			}
		},
		{
			"from": [6, 11.5, 16],
			"to": [10, 12.5, 17],
			"rotation": {"angle": 0, "axis": "y", "origin": [8, 9.5, 8]},
			"faces": {
				"north": {"uv": [6, 6, 8, 10], "rotation": 90, "texture": "#1"},
				"east": {"uv": [8, 3, 8.5, 3.5], "texture": "#1"},
				"south": {"uv": [9.5, 0.25, 11.5, 0.75], "texture": "#1"},
				"west": {"uv": [8, 3, 8.5, 3.5], "texture": "#1"},
				"up": {"uv": [8, 0.5, 8.5, 2.5], "rotation": 90, "texture": "#1"},
				"down": {"uv": [8, 0.5, 8.5, 2.5], "rotation": 90, "texture": "#1"}
			}
		},
		{
			"from": [7, 10.5, 16],
			"to": [9, 11.5, 17],
			"rotation": {"angle": 0, "axis": "y", "origin": [8, 9.5, 8]},
			"faces": {
				"north": {"uv": [6, 6, 8, 10], "rotation": 90, "texture": "#1"},
				"east": {"uv": [8, 3, 8.5, 4], "texture": "#1"},
				"south": {"uv": [10, 0.75, 11, 1.25], "rotation": 90, "texture": "#1"},
				"west": {"uv": [8, 3, 8.5, 4], "texture": "#1"},
				"up": {"uv": [0, 0, 4.5, 2], "rotation": 90, "texture": "#1"},
				"down": {"uv": [8, 1, 8.5, 2], "rotation": 90, "texture": "#1"}
			}
		},
		{
			"from": [7, 11.5, 17],
			"to": [9, 12.5, 18],
			"rotation": {"angle": 0, "axis": "y", "origin": [8, 9.5, 8]},
			"faces": {
				"north": {"uv": [6, 6, 8, 10], "rotation": 90, "texture": "#1"},
				"east": {"uv": [8.5, 3, 9, 3.5], "texture": "#1"},
				"south": {"uv": [10, 0.25, 11, 0.75], "texture": "#1"},
				"west": {"uv": [8.5, 3, 9, 3.5], "texture": "#1"},
				"up": {"uv": [8.5, 1, 9, 2], "rotation": 90, "texture": "#1"},
				"down": {"uv": [8.5, 1, 9, 2], "rotation": 90, "texture": "#1"}
			}
		},
		{
			"from": [12, 0, 2],
			"to": [13, 2.5, 3.5],
			"rotation": {"angle": 0, "axis": "y", "origin": [8, 10, 9]},
			"faces": {
				"north": {"uv": [0, 14.75, 0.5, 16], "rotation": 180, "texture": "#1"},
				"east": {"uv": [0.5, 14.75, 1.25, 16], "texture": "#1"},
				"south": {"uv": [0, 14.75, 0.5, 16], "rotation": 180, "texture": "#1"},
				"west": {"uv": [0.5, 14.75, 1.25, 16], "texture": "#1"},
				"up": {"uv": [0.5, 14.25, 1.25, 14.75], "rotation": 90, "texture": "#1"},
				"down": {"uv": [0.5, 14.25, 1.25, 14.75], "rotation": 90, "texture": "#1"}
			}
		},
		{
			"from": [12, 0, 12.5],
			"to": [13, 2.5, 14],
			"rotation": {"angle": 0, "axis": "y", "origin": [8, 10, 19]},
			"faces": {
				"north": {"uv": [0, 14.75, 0.5, 16], "rotation": 180, "texture": "#1"},
				"east": {"uv": [0.5, 14.75, 1.25, 16], "texture": "#1"},
				"south": {"uv": [0, 14.75, 0.5, 16], "rotation": 180, "texture": "#1"},
				"west": {"uv": [0.5, 14.75, 1.25, 16], "texture": "#1"},
				"up": {"uv": [0.5, 14.25, 1.25, 14.75], "rotation": 90, "texture": "#1"},
				"down": {"uv": [0.5, 14.25, 1.25, 14.75], "rotation": 90, "texture": "#1"}
			}
		},
		{
			"from": [3, 0, 12.5],
			"to": [4, 2.5, 14],
			"rotation": {"angle": 0, "axis": "y", "origin": [8, 10, 19]},
			"faces": {
				"north": {"uv": [0, 14.75, 0.5, 16], "rotation": 180, "texture": "#1"},
				"east": {"uv": [0.5, 14.75, 1.25, 16], "texture": "#1"},
				"south": {"uv": [0, 14.75, 0.5, 16], "rotation": 180, "texture": "#1"},
				"west": {"uv": [0.5, 14.75, 1.25, 16], "texture": "#1"},
				"up": {"uv": [0.5, 14.25, 1.25, 14.75], "rotation": 90, "texture": "#1"},
				"down": {"uv": [0.5, 14.25, 1.25, 14.75], "rotation": 90, "texture": "#1"}
			}
		},
		{
			"from": [3, 0, 2],
			"to": [4, 2.5, 3.5],
			"rotation": {"angle": 0, "axis": "y", "origin": [8, 10, 9]},
			"faces": {
				"north": {"uv": [0, 14.75, 0.5, 16], "rotation": 180, "texture": "#1"},
				"east": {"uv": [0.5, 14.75, 1.25, 16], "texture": "#1"},
				"south": {"uv": [0, 14.75, 0.5, 16], "rotation": 180, "texture": "#1"},
				"west": {"uv": [0.5, 14.75, 1.25, 16], "texture": "#1"},
				"up": {"uv": [0.5, 14.25, 1.25, 14.75], "rotation": 90, "texture": "#1"},
				"down": {"uv": [0.5, 14.25, 1.25, 14.75], "rotation": 90, "texture": "#1"}
			}
		},
		{
			"from": [-0.2, -3.9999, -0.2],
			"to": [0, -2.4999, 16.2],
			"rotation": {"angle": 0, "axis": "y", "origin": [7.5, 5, 8]},
			"faces": {
				"north": {"uv": [7.5, 7.5, 8.25, 16], "rotation": 90, "texture": "#1"},
				"east": {"uv": [7.5, 7.5, 8.25, 16], "rotation": 90, "texture": "#1"},
				"south": {"uv": [7.5, 7.5, 8.25, 16], "rotation": 90, "texture": "#1"},
				"west": {"uv": [7.5, 7.5, 8.25, 16], "rotation": 90, "texture": "#1"},
				"up": {"uv": [8.25, 7.5, 8.5, 16], "texture": "#1"},
				"down": {"uv": [8.25, 7.5, 8.5, 16], "rotation": 180, "texture": "#1"}
			}
		},
		{
			"from": [-0.2, -4, -0.2],
			"to": [16.2, -2.5, 0],
			"rotation": {"angle": 0, "axis": "y", "origin": [7.5, 5, -8]},
			"faces": {
				"north": {"uv": [7.5, 7.5, 8.25, 16], "rotation": 90, "texture": "#1"},
				"east": {"uv": [7.5, 7.5, 8.25, 16], "rotation": 90, "texture": "#1"},
				"south": {"uv": [7.5, 7.5, 8.25, 16], "rotation": 90, "texture": "#1"},
				"west": {"uv": [7.5, 7.5, 8.25, 16], "rotation": 90, "texture": "#1"},
				"up": {"uv": [8.25, 7.5, 8.5, 16], "texture": "#1"},
				"down": {"uv": [8.25, 7.5, 8.5, 16], "rotation": 180, "texture": "#1"}
			}
		},
		{
			"from": [16, -4, -0.2],
			"to": [16.2, -2.5, 16.2],
			"rotation": {"angle": 0, "axis": "y", "origin": [7.5, 5, -8]},
			"faces": {
				"north": {"uv": [7.5, 7.5, 8.25, 16], "rotation": 90, "texture": "#1"},
				"east": {"uv": [7.5, 7.5, 8.25, 16], "rotation": 90, "texture": "#1"},
				"south": {"uv": [7.5, 7.5, 8.25, 16], "rotation": 90, "texture": "#1"},
				"west": {"uv": [7.5, 7.5, 8.25, 16], "rotation": 90, "texture": "#1"},
				"up": {"uv": [8.25, 7.5, 8.5, 16], "texture": "#1"},
				"down": {"uv": [8.25, 7.5, 8.5, 16], "rotation": 180, "texture": "#1"}
			}
		},
		{
			"from": [-0.2, -4, 16],
			"to": [16.2, -2.5, 16.2],
			"rotation": {"angle": 0, "axis": "y", "origin": [7.5, 5, -8]},
			"faces": {
				"north": {"uv": [7.5, 7.5, 8.25, 16], "rotation": 90, "texture": "#1"},
				"east": {"uv": [7.5, 7.5, 8.25, 16], "rotation": 90, "texture": "#1"},
				"south": {"uv": [7.5, 7.5, 8.25, 16], "rotation": 90, "texture": "#1"},
				"west": {"uv": [7.5, 7.5, 8.25, 16], "rotation": 90, "texture": "#1"},
				"up": {"uv": [8.25, 7.5, 8.5, 16], "texture": "#1"},
				"down": {"uv": [8.25, 7.5, 8.5, 16], "rotation": 180, "texture": "#1"}
			}
		},
		{
			"from": [-0.7, -6.1, 11.4],
			"to": [-0.1, -3.1, 13.8],
			"rotation": {"angle": 0, "axis": "y", "origin": [8.9, 5.9, 4.2]},
			"faces": {
				"north": {"uv": [7.5, 7.5, 8.25, 9.5], "texture": "#1"},
				"east": {"uv": [7.5, 7.5, 8.25, 9.5], "texture": "#1"},
				"south": {"uv": [7.5, 7.5, 8.25, 9.5], "texture": "#1"},
				"west": {"uv": [7.5, 7.5, 8.25, 9.5], "texture": "#1"},
				"up": {"uv": [7.5, 7.5, 8.25, 9.5], "rotation": 270, "texture": "#1"},
				"down": {"uv": [7.5, 7.5, 8.25, 9.5], "rotation": 90, "texture": "#1"}
			}
		},
		{
			"from": [-0.7, -6.7, 12],
			"to": [-0.1, -6.1, 13.2],
			"rotation": {"angle": 0, "axis": "y", "origin": [8.9, 5.3, 4.2]},
			"faces": {
				"north": {"uv": [7.5, 7.5, 8.25, 9.5], "texture": "#1"},
				"east": {"uv": [7.5, 7.5, 8.25, 9.5], "texture": "#1"},
				"south": {"uv": [7.5, 7.5, 8.25, 9.5], "texture": "#1"},
				"west": {"uv": [7.5, 7.5, 8.25, 9.5], "texture": "#1"},
				"up": {"uv": [7.5, 7.5, 8.25, 9.5], "rotation": 270, "texture": "#1"},
				"down": {"uv": [7.5, 7.5, 8.25, 9.5], "rotation": 90, "texture": "#1"}
			}
		},
		{
			"from": [-2.02, -6.1, 12],
			"to": [-1.9, -4.9, 13.2],
			"rotation": {"angle": 0, "axis": "y", "origin": [7.1, 6.5, 4.2]},
			"faces": {
				"north": {"uv": [7.5, 7.5, 8.25, 9.5], "texture": "#1"},
				"east": {"uv": [7.5, 7.5, 8.25, 9.5], "texture": "#1"},
				"south": {"uv": [7.5, 7.5, 8.25, 9.5], "texture": "#1"},
				"west": {"uv": [7.5, 7.5, 8.25, 9.5], "texture": "#1"},
				"up": {"uv": [7.5, 7.5, 8.25, 9.5], "rotation": 270, "texture": "#1"},
				"down": {"uv": [7.5, 7.5, 8.25, 9.5], "rotation": 90, "texture": "#1"}
			}
		},
		{
			"from": [-1.9, -6.1, 13.2],
			"to": [-1.3, -4.9, 13.32],
			"rotation": {"angle": 0, "axis": "y", "origin": [7.1, 5.9, 4.8]},
			"faces": {
				"north": {"uv": [7.5, 7.5, 8.25, 9.5], "texture": "#1"},
				"east": {"uv": [7.5, 7.5, 8.25, 9.5], "texture": "#1"},
				"south": {"uv": [7.5, 7.5, 8.25, 9.5], "texture": "#1"},
				"west": {"uv": [7.5, 7.5, 8.25, 9.5], "texture": "#1"},
				"up": {"uv": [7.5, 7.5, 8.25, 9.5], "rotation": 270, "texture": "#1"},
				"down": {"uv": [7.5, 7.5, 8.25, 9.5], "rotation": 90, "texture": "#1"}
			}
		},
		{
			"from": [-1.9, -6.1, 11.88],
			"to": [-1.3, -4.9, 12],
			"rotation": {"angle": 0, "axis": "y", "origin": [7.1, 6.5, 3]},
			"faces": {
				"north": {"uv": [7.5, 7.5, 8.25, 9.5], "texture": "#1"},
				"east": {"uv": [7.5, 7.5, 8.25, 9.5], "texture": "#1"},
				"south": {"uv": [7.5, 7.5, 8.25, 9.5], "texture": "#1"},
				"west": {"uv": [7.5, 7.5, 8.25, 9.5], "texture": "#1"},
				"up": {"uv": [7.5, 7.5, 8.25, 9.5], "rotation": 270, "texture": "#1"},
				"down": {"uv": [7.5, 7.5, 8.25, 9.5], "rotation": 90, "texture": "#1"}
			}
		},
		{
			"from": [-1.3, -6.1, 11.88],
			"to": [-0.7, -4.9, 12],
			"rotation": {"angle": 0, "axis": "y", "origin": [7.7, 6.5, 3]},
			"faces": {
				"north": {"uv": [7.5, 7.5, 8.25, 9.5], "texture": "#1"},
				"east": {"uv": [7.5, 7.5, 8.25, 9.5], "texture": "#1"},
				"south": {"uv": [7.5, 7.5, 8.25, 9.5], "texture": "#1"},
				"west": {"uv": [7.5, 7.5, 8.25, 9.5], "texture": "#1"},
				"up": {"uv": [7.5, 7.5, 8.25, 9.5], "rotation": 270, "texture": "#1"},
				"down": {"uv": [7.5, 7.5, 8.25, 9.5], "rotation": 90, "texture": "#1"}
			}
		},
		{
			"from": [-1.3, -6.1, 13.2],
			"to": [-0.7, -4.9, 13.32],
			"rotation": {"angle": 0, "axis": "y", "origin": [7.7, 6.5, 4.8]},
			"faces": {
				"north": {"uv": [7.5, 7.5, 8.25, 9.5], "texture": "#1"},
				"east": {"uv": [7.5, 7.5, 8.25, 9.5], "texture": "#1"},
				"south": {"uv": [7.5, 7.5, 8.25, 9.5], "texture": "#1"},
				"west": {"uv": [7.5, 7.5, 8.25, 9.5], "texture": "#1"},
				"up": {"uv": [7.5, 7.5, 8.25, 9.5], "rotation": 270, "texture": "#1"},
				"down": {"uv": [7.5, 7.5, 8.25, 9.5], "rotation": 90, "texture": "#1"}
			}
		},
		{
			"from": [-1.9, -10.9, 12],
			"to": [-0.7, -0.7, 13.2],
			"rotation": {"angle": 0, "axis": "y", "origin": [7.7, 7.1, 3]},
			"faces": {
				"north": {"uv": [15.5, 11.75, 16, 16], "texture": "#1"},
				"east": {"uv": [15.5, 11.75, 16, 16], "texture": "#1"},
				"south": {"uv": [15.5, 11.75, 16, 16], "texture": "#1"},
				"west": {"uv": [15.5, 11.75, 16, 16], "texture": "#1"},
				"up": {"uv": [15.5, 11.25, 16, 11.75], "rotation": 270, "texture": "#1"},
				"down": {"uv": [15.5, 11.25, 16, 11.75], "rotation": 90, "texture": "#1"}
			}
		},
		{
			"from": [-2.5, -4.3, 10.8],
			"to": [-0.1, -1.3, 14.4],
			"rotation": {"angle": 0, "axis": "y", "origin": [7.7, 7.7, 3]},
			"faces": {
				"north": {"uv": [0, 14.75, 1.25, 16], "texture": "#1"},
				"east": {"uv": [0, 14.75, 1.25, 16], "texture": "#1"},
				"south": {"uv": [0, 14.75, 1.25, 16], "texture": "#1"},
				"west": {"uv": [0, 14.75, 1.25, 16], "texture": "#1"},
				"up": {"uv": [0, 14.75, 1.25, 16], "rotation": 270, "texture": "#1"},
				"down": {"uv": [0, 14.75, 1.25, 16], "rotation": 90, "texture": "#1"}
			}
		},
		{
			"from": [-1.9, -3.7, 14.4],
			"to": [-0.7, -1.9, 15],
			"rotation": {"angle": 0, "axis": "y", "origin": [7.7, 7.7, 4.2]},
			"faces": {
				"north": {"uv": [0, 14.75, 1.25, 16], "texture": "#1"},
				"east": {"uv": [0, 14.75, 1.25, 16], "texture": "#1"},
				"south": {"uv": [0, 14.75, 1.25, 16], "texture": "#1"},
				"west": {"uv": [0, 14.75, 1.25, 16], "texture": "#1"},
				"up": {"uv": [0, 14.75, 1.25, 16], "rotation": 270, "texture": "#1"},
				"down": {"uv": [0, 14.75, 1.25, 16], "rotation": 90, "texture": "#1"}
			}
		},
		{
			"from": [-1.9, -3.7, 10.2],
			"to": [-0.7, -1.9, 10.8],
			"rotation": {"angle": 0, "axis": "y", "origin": [7.7, 7.7, 0]},
			"faces": {
				"north": {"uv": [0, 14.75, 1.25, 16], "texture": "#1"},
				"east": {"uv": [0, 14.75, 1.25, 16], "texture": "#1"},
				"south": {"uv": [0, 14.75, 1.25, 16], "texture": "#1"},
				"west": {"uv": [0, 14.75, 1.25, 16], "texture": "#1"},
				"up": {"uv": [0, 14.75, 1.25, 16], "rotation": 270, "texture": "#1"},
				"down": {"uv": [0, 14.75, 1.25, 16], "rotation": 90, "texture": "#1"}
			}
		},
		{
			"from": [-2.5, -3.7, 9.6],
			"to": [-0.1, -1.9, 10.2],
			"rotation": {"angle": 0, "axis": "y", "origin": [7.7, 7.7, -0.6]},
			"faces": {
				"north": {"uv": [0, 14.75, 1.25, 16], "texture": "#1"},
				"east": {"uv": [0, 14.75, 1.25, 16], "texture": "#1"},
				"south": {"uv": [0, 14.75, 1.25, 16], "texture": "#1"},
				"west": {"uv": [0, 14.75, 1.25, 16], "texture": "#1"},
				"up": {"uv": [0, 14.75, 1.25, 16], "rotation": 270, "texture": "#1"},
				"down": {"uv": [0, 14.75, 1.25, 16], "rotation": 90, "texture": "#1"}
			}
		},
		{
			"from": [-1.9, -1.9, 15],
			"to": [-0.7, -1.3, 15.6],
			"rotation": {"angle": 0, "axis": "y", "origin": [7.7, 8.3, 4.8]},
			"faces": {
				"north": {"uv": [0, 14.75, 1.25, 16], "texture": "#1"},
				"east": {"uv": [0, 14.75, 1.25, 16], "texture": "#1"},
				"south": {"uv": [0, 14.75, 1.25, 16], "texture": "#1"},
				"west": {"uv": [0, 14.75, 1.25, 16], "texture": "#1"},
				"up": {"uv": [0, 14.75, 1.25, 16], "rotation": 270, "texture": "#1"},
				"down": {"uv": [0, 14.75, 1.25, 16], "rotation": 90, "texture": "#1"}
			}
		},
		{
			"from": [-1.9, -4.3, 15],
			"to": [-0.7, -3.7, 15.6],
			"rotation": {"angle": 0, "axis": "y", "origin": [7.7, 5.9, 4.8]},
			"faces": {
				"north": {"uv": [0, 14.75, 1.25, 16], "texture": "#1"},
				"east": {"uv": [0, 14.75, 1.25, 16], "texture": "#1"},
				"south": {"uv": [0, 14.75, 1.25, 16], "texture": "#1"},
				"west": {"uv": [0, 14.75, 1.25, 16], "texture": "#1"},
				"up": {"uv": [0, 14.75, 1.25, 16], "rotation": 270, "texture": "#1"},
				"down": {"uv": [0, 14.75, 1.25, 16], "rotation": 90, "texture": "#1"}
			}
		},
		{
			"from": [-2.5, -3.7, 15],
			"to": [-0.1, -1.9, 15.6],
			"rotation": {"angle": 0, "axis": "y", "origin": [7.7, 7.7, 4.8]},
			"faces": {
				"north": {"uv": [0, 14.75, 1.25, 16], "texture": "#1"},
				"east": {"uv": [0, 14.75, 1.25, 16], "texture": "#1"},
				"south": {"uv": [0, 14.75, 1.25, 16], "texture": "#1"},
				"west": {"uv": [0, 14.75, 1.25, 16], "texture": "#1"},
				"up": {"uv": [0, 14.75, 1.25, 16], "rotation": 270, "texture": "#1"},
				"down": {"uv": [0, 14.75, 1.25, 16], "rotation": 90, "texture": "#1"}
			}
		},
		{
			"from": [-1.9, -4.3, 9.6],
			"to": [-0.7, -3.7, 10.2],
			"rotation": {"angle": 0, "axis": "y", "origin": [7.7, 5.9, -0.6]},
			"faces": {
				"north": {"uv": [0, 14.75, 1.25, 16], "texture": "#1"},
				"east": {"uv": [0, 14.75, 1.25, 16], "texture": "#1"},
				"south": {"uv": [0, 14.75, 1.25, 16], "texture": "#1"},
				"west": {"uv": [0, 14.75, 1.25, 16], "texture": "#1"},
				"up": {"uv": [0, 14.75, 1.25, 16], "rotation": 270, "texture": "#1"},
				"down": {"uv": [0, 14.75, 1.25, 16], "rotation": 90, "texture": "#1"}
			}
		},
		{
			"from": [-1.9, -1.9, 9.6],
			"to": [-0.7, -1.3, 10.2],
			"rotation": {"angle": 0, "axis": "y", "origin": [7.7, 8.3, -0.6]},
			"faces": {
				"north": {"uv": [0, 14.75, 1.25, 16], "texture": "#1"},
				"east": {"uv": [0, 14.75, 1.25, 16], "texture": "#1"},
				"south": {"uv": [0, 14.75, 1.25, 16], "texture": "#1"},
				"west": {"uv": [0, 14.75, 1.25, 16], "texture": "#1"},
				"up": {"uv": [0, 14.75, 1.25, 16], "rotation": 270, "texture": "#1"},
				"down": {"uv": [0, 14.75, 1.25, 16], "rotation": 90, "texture": "#1"}
			}
		},
		{
			"from": [-0.5, -5.5, 6.3],
			"to": [0, -3, 8.3],
			"rotation": {"angle": 0, "axis": "y", "origin": [7.5, 4.5, 0.3]},
			"faces": {
				"north": {"uv": [7.5, 7.5, 8.25, 8.5], "texture": "#1"},
				"east": {"uv": [7.5, 7.5, 8.25, 8.5], "texture": "#1"},
				"south": {"uv": [7.5, 7.5, 8.25, 8.5], "texture": "#1"},
				"west": {"uv": [7.5, 7.5, 8.25, 8.5], "texture": "#1"},
				"up": {"uv": [7.5, 7.5, 8.25, 8.5], "rotation": 270, "texture": "#1"},
				"down": {"uv": [7.5, 7.5, 8.25, 8.5], "rotation": 90, "texture": "#1"}
			}
		},
		{
			"from": [-0.5, -6, 6.8],
			"to": [0, -5.5, 7.8],
			"rotation": {"angle": 0, "axis": "y", "origin": [7.5, 4, 0.3]},
			"faces": {
				"north": {"uv": [7.5, 7.5, 8.25, 8.5], "texture": "#1"},
				"east": {"uv": [7.5, 7.5, 8.25, 8.5], "texture": "#1"},
				"south": {"uv": [7.5, 7.5, 8.25, 8.5], "texture": "#1"},
				"west": {"uv": [7.5, 7.5, 8.25, 8.5], "texture": "#1"},
				"up": {"uv": [7.5, 7.5, 8.25, 8.5], "rotation": 270, "texture": "#1"},
				"down": {"uv": [7.5, 7.5, 8.25, 8.5], "rotation": 90, "texture": "#1"}
			}
		},
		{
			"from": [-0.5, -3, 6.8],
			"to": [0, -2.5, 7.8],
			"rotation": {"angle": 0, "axis": "y", "origin": [7.5, 4.5, 0.3]},
			"faces": {
				"north": {"uv": [7.5, 7.5, 8.25, 8.5], "texture": "#1"},
				"east": {"uv": [7.5, 7.5, 8.25, 8.5], "texture": "#1"},
				"south": {"uv": [7.5, 7.5, 8.25, 8.5], "texture": "#1"},
				"west": {"uv": [7.5, 7.5, 8.25, 8.5], "texture": "#1"},
				"up": {"uv": [7.5, 7.5, 8.25, 8.5], "rotation": 270, "texture": "#1"},
				"down": {"uv": [7.5, 7.5, 8.25, 8.5], "rotation": 90, "texture": "#1"}
			}
		},
		{
			"from": [-2.1, -5.5, 6.8],
			"to": [-2, -4.5, 7.8],
			"rotation": {"angle": 0, "axis": "y", "origin": [7, 5, 0.3]},
			"faces": {
				"north": {"uv": [7.5, 7.5, 8.25, 8.5], "texture": "#1"},
				"east": {"uv": [7.5, 7.5, 8.25, 8.5], "texture": "#1"},
				"south": {"uv": [7.5, 7.5, 8.25, 8.5], "texture": "#1"},
				"west": {"uv": [7.5, 7.5, 8.25, 8.5], "texture": "#1"},
				"up": {"uv": [7.5, 7.5, 8.25, 8.5], "rotation": 270, "texture": "#1"},
				"down": {"uv": [7.5, 7.5, 8.25, 8.5], "rotation": 90, "texture": "#1"}
			}
		},
		{
			"from": [-2, -5.5, 7.8],
			"to": [-1, -4.5, 7.9],
			"rotation": {"angle": 0, "axis": "y", "origin": [7.5, 4.5, 0.3]},
			"faces": {
				"north": {"uv": [7.5, 7.5, 8.25, 8.5], "texture": "#1"},
				"east": {"uv": [7.5, 7.5, 8.25, 8.5], "texture": "#1"},
				"south": {"uv": [7.5, 7.5, 8.25, 8.5], "texture": "#1"},
				"west": {"uv": [7.5, 7.5, 8.25, 8.5], "texture": "#1"},
				"up": {"uv": [7.5, 7.5, 8.25, 8.5], "rotation": 270, "texture": "#1"},
				"down": {"uv": [7.5, 7.5, 8.25, 8.5], "rotation": 90, "texture": "#1"}
			}
		},
		{
			"from": [-2, -5.5, 6.7],
			"to": [-1, -4.5, 6.8],
			"rotation": {"angle": 0, "axis": "y", "origin": [7.5, 4.5, 0.3]},
			"faces": {
				"north": {"uv": [7.5, 7.5, 8.25, 8.5], "texture": "#1"},
				"east": {"uv": [7.5, 7.5, 8.25, 8.5], "texture": "#1"},
				"south": {"uv": [7.5, 7.5, 8.25, 8.5], "texture": "#1"},
				"west": {"uv": [7.5, 7.5, 8.25, 8.5], "texture": "#1"},
				"up": {"uv": [7.5, 7.5, 8.25, 8.5], "rotation": 270, "texture": "#1"},
				"down": {"uv": [7.5, 7.5, 8.25, 8.5], "rotation": 90, "texture": "#1"}
			}
		},
		{
			"from": [-1, -5.5, 6.6],
			"to": [-0.5, -3.5, 6.8],
			"rotation": {"angle": 0, "axis": "y", "origin": [7.5, 4.5, 0.3]},
			"faces": {
				"north": {"uv": [7.5, 7.5, 8.25, 8.5], "texture": "#1"},
				"east": {"uv": [7.5, 7.5, 8.25, 8.5], "texture": "#1"},
				"south": {"uv": [7.5, 7.5, 8.25, 8.5], "texture": "#1"},
				"west": {"uv": [7.5, 7.5, 8.25, 8.5], "texture": "#1"},
				"up": {"uv": [7.5, 7.5, 8.25, 8.5], "rotation": 270, "texture": "#1"},
				"down": {"uv": [7.5, 7.5, 8.25, 8.5], "rotation": 90, "texture": "#1"}
			}
		},
		{
			"from": [-1, -5.5, 7.8],
			"to": [-0.5, -3.5, 8],
			"rotation": {"angle": 0, "axis": "y", "origin": [7.5, 4.5, 0.3]},
			"faces": {
				"north": {"uv": [7.5, 7.5, 8.25, 8.5], "texture": "#1"},
				"east": {"uv": [7.5, 7.5, 8.25, 8.5], "texture": "#1"},
				"south": {"uv": [7.5, 7.5, 8.25, 8.5], "texture": "#1"},
				"west": {"uv": [7.5, 7.5, 8.25, 8.5], "texture": "#1"},
				"up": {"uv": [7.5, 7.5, 8.25, 8.5], "rotation": 270, "texture": "#1"},
				"down": {"uv": [7.5, 7.5, 8.25, 8.5], "rotation": 90, "texture": "#1"}
			}
		},
		{
			"from": [-2, -8, 6.8],
			"to": [-1, -2.5, 7.8],
			"rotation": {"angle": 0, "axis": "y", "origin": [7, 4, 0.3]},
			"faces": {
				"north": {"uv": [15, 13.25, 15.5, 16], "texture": "#1"},
				"east": {"uv": [15, 13.25, 15.5, 16], "texture": "#1"},
				"south": {"uv": [15, 13.25, 15.5, 16], "texture": "#1"},
				"west": {"uv": [15, 13.25, 15.5, 16], "texture": "#1"},
				"up": {"uv": [15, 11.25, 15.5, 11.75], "rotation": 270, "texture": "#1"},
				"down": {"uv": [15, 11.25, 15.5, 11.75], "rotation": 90, "texture": "#1"}
			}
		},
		{
			"from": [-2.5, -4, 5.8],
			"to": [-0.5, -2, 8.8],
			"rotation": {"angle": 0, "axis": "y", "origin": [7, 4, 0.3]},
			"faces": {
				"north": {"uv": [0, 14.75, 1.25, 16], "texture": "#1"},
				"east": {"uv": [0, 14.75, 1.25, 16], "texture": "#1"},
				"south": {"uv": [0, 14.75, 1.25, 16], "texture": "#1"},
				"west": {"uv": [0, 14.75, 1.25, 16], "texture": "#1"},
				"up": {"uv": [0, 14.75, 1.25, 16], "rotation": 270, "texture": "#1"},
				"down": {"uv": [0, 14.75, 1.25, 16], "rotation": 90, "texture": "#1"}
			}
		},
		{
			"from": [-2, -3.5, 8.8],
			"to": [-1, -2.5, 9.3],
			"rotation": {"angle": 0, "axis": "y", "origin": [7, 4, 0.3]},
			"faces": {
				"north": {"uv": [0, 14.75, 1.25, 16], "texture": "#1"},
				"east": {"uv": [0, 14.75, 1.25, 16], "texture": "#1"},
				"south": {"uv": [0, 14.75, 1.25, 16], "texture": "#1"},
				"west": {"uv": [0, 14.75, 1.25, 16], "texture": "#1"},
				"up": {"uv": [0, 14.75, 1.25, 16], "rotation": 270, "texture": "#1"},
				"down": {"uv": [0, 14.75, 1.25, 16], "rotation": 90, "texture": "#1"}
			}
		},
		{
			"from": [-2, -3.5, 5.3],
			"to": [-1, -2.5, 5.8],
			"rotation": {"angle": 0, "axis": "y", "origin": [7, 4, 0.3]},
			"faces": {
				"north": {"uv": [0, 14.75, 1.25, 16], "texture": "#1"},
				"east": {"uv": [0, 14.75, 1.25, 16], "texture": "#1"},
				"south": {"uv": [0, 14.75, 1.25, 16], "texture": "#1"},
				"west": {"uv": [0, 14.75, 1.25, 16], "texture": "#1"},
				"up": {"uv": [0, 14.75, 1.25, 16], "rotation": 270, "texture": "#1"},
				"down": {"uv": [0, 14.75, 1.25, 16], "rotation": 90, "texture": "#1"}
			}
		},
		{
			"from": [1.5, -6.5, -0.5],
			"to": [3, -2, 0],
			"rotation": {"angle": 0, "axis": "y", "origin": [9.5, 5.5, -8]},
			"faces": {
				"north": {"uv": [7.5, 7.5, 8.25, 9.75], "texture": "#1"},
				"east": {"uv": [7.5, 7.5, 8.25, 9.75], "texture": "#1"},
				"south": {"uv": [7.5, 7.5, 8.25, 9.75], "texture": "#1"},
				"west": {"uv": [7.5, 7.5, 8.25, 9.75], "texture": "#1"},
				"up": {"uv": [7.5, 7.5, 8.25, 9.75], "rotation": 270, "texture": "#1"},
				"down": {"uv": [7.5, 7.5, 8.25, 9.75], "rotation": 90, "texture": "#1"}
			}
		},
		{
			"from": [2.5, -6, -1],
			"to": [2.6, -4, -0.5],
			"rotation": {"angle": 0, "axis": "y", "origin": [9.5, 6, -8.5]},
			"faces": {
				"north": {"uv": [7.5, 7.5, 8.25, 9.75], "texture": "#1"},
				"east": {"uv": [7.5, 7.5, 8.25, 9.75], "texture": "#1"},
				"south": {"uv": [7.5, 7.5, 8.25, 9.75], "texture": "#1"},
				"west": {"uv": [7.5, 7.5, 8.25, 9.75], "texture": "#1"},
				"up": {"uv": [7.5, 7.5, 8.25, 9.75], "rotation": 270, "texture": "#1"},
				"down": {"uv": [7.5, 7.5, 8.25, 9.75], "rotation": 90, "texture": "#1"}
			}
		},
		{
			"from": [1.9, -6, -1],
			"to": [2, -4, -0.5],
			"rotation": {"angle": 0, "axis": "y", "origin": [8.5, 6, -8.5]},
			"faces": {
				"north": {"uv": [7.5, 7.5, 8.25, 9.75], "texture": "#1"},
				"east": {"uv": [7.5, 7.5, 8.25, 9.75], "texture": "#1"},
				"south": {"uv": [7.5, 7.5, 8.25, 9.75], "texture": "#1"},
				"west": {"uv": [7.5, 7.5, 8.25, 9.75], "texture": "#1"},
				"up": {"uv": [7.5, 7.5, 8.25, 9.75], "rotation": 270, "texture": "#1"},
				"down": {"uv": [7.5, 7.5, 8.25, 9.75], "rotation": 90, "texture": "#1"}
			}
		},
		{
			"from": [2, -6, -1.1],
			"to": [2.5, -4.5, -1],
			"rotation": {"angle": 0, "axis": "y", "origin": [9, 6, -9.1]},
			"faces": {
				"north": {"uv": [7.5, 7.5, 8.25, 9.75], "texture": "#1"},
				"east": {"uv": [7.5, 7.5, 8.25, 9.75], "texture": "#1"},
				"south": {"uv": [7.5, 7.5, 8.25, 9.75], "texture": "#1"},
				"west": {"uv": [7.5, 7.5, 8.25, 9.75], "texture": "#1"},
				"up": {"uv": [7.5, 7.5, 8.25, 9.75], "rotation": 270, "texture": "#1"},
				"down": {"uv": [7.5, 7.5, 8.25, 9.75], "rotation": 90, "texture": "#1"}
			}
		},
		{
			"from": [2, -2, -0.5],
			"to": [2.5, -1.5, 0],
			"rotation": {"angle": 0, "axis": "y", "origin": [9.5, 6, -8]},
			"faces": {
				"north": {"uv": [7.5, 7.5, 8.25, 9.75], "texture": "#1"},
				"east": {"uv": [7.5, 7.5, 8.25, 9.75], "texture": "#1"},
				"south": {"uv": [7.5, 7.5, 8.25, 9.75], "texture": "#1"},
				"west": {"uv": [7.5, 7.5, 8.25, 9.75], "texture": "#1"},
				"up": {"uv": [7.5, 7.5, 8.25, 9.75], "rotation": 270, "texture": "#1"},
				"down": {"uv": [7.5, 7.5, 8.25, 9.75], "rotation": 90, "texture": "#1"}
			}
		},
		{
			"from": [2, -7, -0.5],
			"to": [2.5, -6.5, 0],
			"rotation": {"angle": 0, "axis": "y", "origin": [9.5, 1, -8]},
			"faces": {
				"north": {"uv": [7.5, 7.5, 8.25, 9.75], "texture": "#1"},
				"east": {"uv": [7.5, 7.5, 8.25, 9.75], "texture": "#1"},
				"south": {"uv": [7.5, 7.5, 8.25, 9.75], "texture": "#1"},
				"west": {"uv": [7.5, 7.5, 8.25, 9.75], "texture": "#1"},
				"up": {"uv": [7.5, 7.5, 8.25, 9.75], "rotation": 270, "texture": "#1"},
				"down": {"uv": [7.5, 7.5, 8.25, 9.75], "rotation": 90, "texture": "#1"}
			}
		},
		{
			"from": [2, -7.5, -1],
			"to": [2.5, -4, -0.5],
			"rotation": {"angle": 0, "axis": "y", "origin": [10, 0.5, -8.5]},
			"faces": {
				"north": {"uv": [0, 15, 0.25, 15.25], "texture": "#1"},
				"east": {"uv": [0, 15, 0.25, 15.25], "texture": "#1"},
				"south": {"uv": [0, 15, 0.25, 15.25], "texture": "#1"},
				"west": {"uv": [0, 15, 0.25, 15.25], "texture": "#1"},
				"up": {"uv": [0, 15, 0.25, 15.25], "rotation": 270, "texture": "#1"},
				"down": {"uv": [0, 15, 0.25, 15.25], "rotation": 90, "texture": "#1"}
			}
		},
		{
			"from": [2, -9, -0.75],
			"to": [2.5, -7.5, -0.25],
			"rotation": {"angle": 0, "axis": "y", "origin": [10, 0.5, -8.2]},
			"faces": {
				"north": {"uv": [0, 15, 0.25, 15.25], "texture": "#1"},
				"east": {"uv": [0, 15, 0.25, 15.25], "texture": "#1"},
				"south": {"uv": [0, 15, 0.25, 15.25], "texture": "#1"},
				"west": {"uv": [0, 15, 0.25, 15.25], "texture": "#1"},
				"up": {"uv": [0, 15, 0.25, 15.25], "rotation": 270, "texture": "#1"},
				"down": {"uv": [0, 15, 0.25, 15.25], "rotation": 90, "texture": "#1"}
			}
		},
		{
			"from": [2, -9, -2.1],
			"to": [2.5, -7.5, -1.6],
			"rotation": {"angle": 0, "axis": "y", "origin": [10, 0.5, -9.7]},
			"faces": {
				"north": {"uv": [0, 15, 0.25, 15.25], "texture": "#1"},
				"east": {"uv": [0, 15, 0.25, 15.25], "texture": "#1"},
				"south": {"uv": [0, 15, 0.25, 15.25], "texture": "#1"},
				"west": {"uv": [0, 15, 0.25, 15.25], "texture": "#1"},
				"up": {"uv": [0, 15, 0.25, 15.25], "rotation": 270, "texture": "#1"},
				"down": {"uv": [0, 15, 0.25, 15.25], "rotation": 90, "texture": "#1"}
			}
		},
		{
			"from": [2, -7.5, -1.85],
			"to": [2.5, -4, -1.35],
			"rotation": {"angle": 0, "axis": "y", "origin": [10, 0.5, -9.4]},
			"faces": {
				"north": {"uv": [0, 15, 0.25, 15.25], "texture": "#1"},
				"east": {"uv": [0, 15, 0.25, 15.25], "texture": "#1"},
				"south": {"uv": [0, 15, 0.25, 15.25], "texture": "#1"},
				"west": {"uv": [0, 15, 0.25, 15.25], "texture": "#1"},
				"up": {"uv": [0, 15, 0.25, 15.25], "rotation": 270, "texture": "#1"},
				"down": {"uv": [0, 15, 0.25, 15.25], "rotation": 90, "texture": "#1"}
			}
		},
		{
			"from": [2.5, -2.5, -1.95],
			"to": [3, -1, -1.45],
			"rotation": {"angle": 0, "axis": "y", "origin": [2.25, -1.8, -1.85]},
			"faces": {
				"north": {"uv": [0, 15, 0.25, 15.25], "texture": "#1"},
				"east": {"uv": [0, 15, 0.25, 15.25], "texture": "#1"},
				"south": {"uv": [0, 15, 0.25, 15.25], "texture": "#1"},
				"west": {"uv": [0, 15, 0.25, 15.25], "texture": "#1"},
				"up": {"uv": [0, 15, 0.25, 15.25], "rotation": 270, "texture": "#1"},
				"down": {"uv": [0, 15, 0.25, 15.25], "rotation": 90, "texture": "#1"}
			}
		},
		{
			"from": [2.5, -2, -0.7],
			"to": [3, -1.5, -0.2],
			"rotation": {"angle": 0, "axis": "y", "origin": [2.25, -1.8, -0.65]},
			"faces": {
				"north": {"uv": [0, 15, 0.25, 15.25], "texture": "#1"},
				"east": {"uv": [0, 15, 0.25, 15.25], "texture": "#1"},
				"south": {"uv": [0, 15, 0.25, 15.25], "texture": "#1"},
				"west": {"uv": [0, 15, 0.25, 15.25], "texture": "#1"},
				"up": {"uv": [0, 15, 0.25, 15.25], "rotation": 270, "texture": "#1"},
				"down": {"uv": [0, 15, 0.25, 15.25], "rotation": 90, "texture": "#1"}
			}
		},
		{
			"from": [1.5, -2, -0.7],
			"to": [2, -1.5, -0.2],
			"rotation": {"angle": 0, "axis": "y", "origin": [2.25, -1.8, -0.65]},
			"faces": {
				"north": {"uv": [0, 15, 0.25, 15.25], "texture": "#1"},
				"east": {"uv": [0, 15, 0.25, 15.25], "texture": "#1"},
				"south": {"uv": [0, 15, 0.25, 15.25], "texture": "#1"},
				"west": {"uv": [0, 15, 0.25, 15.25], "texture": "#1"},
				"up": {"uv": [0, 15, 0.25, 15.25], "rotation": 270, "texture": "#1"},
				"down": {"uv": [0, 15, 0.25, 15.25], "rotation": 90, "texture": "#1"}
			}
		},
		{
			"from": [2, -3, -0.7],
			"to": [2.5, -1, -0.2],
			"rotation": {"angle": 0, "axis": "y", "origin": [2.25, -1.8, -0.65]},
			"faces": {
				"north": {"uv": [0, 15, 0.25, 15.25], "texture": "#1"},
				"east": {"uv": [0, 15, 0.25, 15.25], "texture": "#1"},
				"south": {"uv": [0, 15, 0.25, 15.25], "texture": "#1"},
				"west": {"uv": [0, 15, 0.25, 15.25], "texture": "#1"},
				"up": {"uv": [0, 15, 0.25, 15.25], "rotation": 270, "texture": "#1"},
				"down": {"uv": [0, 15, 0.25, 15.25], "rotation": 90, "texture": "#1"}
			}
		},
		{
			"from": [2, -3.5, -0.9],
			"to": [2.5, -3, -0.4],
			"rotation": {"angle": 0, "axis": "y", "origin": [2.25, -2.3, -0.85]},
			"faces": {
				"north": {"uv": [0, 15, 0.25, 15.25], "texture": "#1"},
				"east": {"uv": [0, 15, 0.25, 15.25], "texture": "#1"},
				"south": {"uv": [0, 15, 0.25, 15.25], "texture": "#1"},
				"west": {"uv": [0, 15, 0.25, 15.25], "texture": "#1"},
				"up": {"uv": [0, 15, 0.25, 15.25], "rotation": 270, "texture": "#1"},
				"down": {"uv": [0, 15, 0.25, 15.25], "rotation": 90, "texture": "#1"}
			}
		},
		{
			"from": [2.5, -2.5, -0.95],
			"to": [3, -1, -0.45],
			"rotation": {"angle": 0, "axis": "y", "origin": [2.25, -1.8, -0.65]},
			"faces": {
				"north": {"uv": [0, 15, 0.25, 15.25], "texture": "#1"},
				"east": {"uv": [0, 15, 0.25, 15.25], "texture": "#1"},
				"south": {"uv": [0, 15, 0.25, 15.25], "texture": "#1"},
				"west": {"uv": [0, 15, 0.25, 15.25], "texture": "#1"},
				"up": {"uv": [0, 15, 0.25, 15.25], "rotation": 270, "texture": "#1"},
				"down": {"uv": [0, 15, 0.25, 15.25], "rotation": 90, "texture": "#1"}
			}
		},
		{
			"from": [1.5, -2.5, -0.95],
			"to": [2, -1, -0.45],
			"rotation": {"angle": 0, "axis": "y", "origin": [2.25, -1.8, -0.65]},
			"faces": {
				"north": {"uv": [0, 15, 0.25, 15.25], "texture": "#1"},
				"east": {"uv": [0, 15, 0.25, 15.25], "texture": "#1"},
				"south": {"uv": [0, 15, 0.25, 15.25], "texture": "#1"},
				"west": {"uv": [0, 15, 0.25, 15.25], "texture": "#1"},
				"up": {"uv": [0, 15, 0.25, 15.25], "rotation": 270, "texture": "#1"},
				"down": {"uv": [0, 15, 0.25, 15.25], "rotation": 90, "texture": "#1"}
			}
		},
		{
			"from": [1.5, -2.5, -1.95],
			"to": [2, -1, -1.45],
			"rotation": {"angle": 0, "axis": "y", "origin": [2.25, -1.8, -1.65]},
			"faces": {
				"north": {"uv": [0, 15, 0.25, 15.25], "texture": "#1"},
				"east": {"uv": [0, 15, 0.25, 15.25], "texture": "#1"},
				"south": {"uv": [0, 15, 0.25, 15.25], "texture": "#1"},
				"west": {"uv": [0, 15, 0.25, 15.25], "texture": "#1"},
				"up": {"uv": [0, 15, 0.25, 15.25], "rotation": 270, "texture": "#1"},
				"down": {"uv": [0, 15, 0.25, 15.25], "rotation": 90, "texture": "#1"}
			}
		},
		{
			"from": [2, -3, -2.2],
			"to": [2.5, -1, -1.7],
			"rotation": {"angle": 0, "axis": "y", "origin": [2.25, -1.8, -1.65]},
			"faces": {
				"north": {"uv": [0, 15, 0.25, 15.25], "texture": "#1"},
				"east": {"uv": [0, 15, 0.25, 15.25], "texture": "#1"},
				"south": {"uv": [0, 15, 0.25, 15.25], "texture": "#1"},
				"west": {"uv": [0, 15, 0.25, 15.25], "texture": "#1"},
				"up": {"uv": [0, 15, 0.25, 15.25], "rotation": 270, "texture": "#1"},
				"down": {"uv": [0, 15, 0.25, 15.25], "rotation": 90, "texture": "#1"}
			}
		},
		{
			"from": [2, -3.5, -2],
			"to": [2.5, -3, -1.5],
			"rotation": {"angle": 0, "axis": "y", "origin": [2.25, -2.3, -1.45]},
			"faces": {
				"north": {"uv": [0, 15, 0.25, 15.25], "texture": "#1"},
				"east": {"uv": [0, 15, 0.25, 15.25], "texture": "#1"},
				"south": {"uv": [0, 15, 0.25, 15.25], "texture": "#1"},
				"west": {"uv": [0, 15, 0.25, 15.25], "texture": "#1"},
				"up": {"uv": [0, 15, 0.25, 15.25], "rotation": 270, "texture": "#1"},
				"down": {"uv": [0, 15, 0.25, 15.25], "rotation": 90, "texture": "#1"}
			}
		},
		{
			"from": [2.5, -2, -2.2],
			"to": [3, -1.5, -1.7],
			"rotation": {"angle": 0, "axis": "y", "origin": [2.25, -1.8, -1.75]},
			"faces": {
				"north": {"uv": [0, 15, 0.25, 15.25], "texture": "#1"},
				"east": {"uv": [0, 15, 0.25, 15.25], "texture": "#1"},
				"south": {"uv": [0, 15, 0.25, 15.25], "texture": "#1"},
				"west": {"uv": [0, 15, 0.25, 15.25], "texture": "#1"},
				"up": {"uv": [0, 15, 0.25, 15.25], "rotation": 270, "texture": "#1"},
				"down": {"uv": [0, 15, 0.25, 15.25], "rotation": 90, "texture": "#1"}
			}
		},
		{
			"from": [1.5, -2, -2.2],
			"to": [2, -1.5, -1.7],
			"rotation": {"angle": 0, "axis": "y", "origin": [2.25, -1.8, -1.75]},
			"faces": {
				"north": {"uv": [0, 15, 0.25, 15.25], "texture": "#1"},
				"east": {"uv": [0, 15, 0.25, 15.25], "texture": "#1"},
				"south": {"uv": [0, 15, 0.25, 15.25], "texture": "#1"},
				"west": {"uv": [0, 15, 0.25, 15.25], "texture": "#1"},
				"up": {"uv": [0, 15, 0.25, 15.25], "rotation": 270, "texture": "#1"},
				"down": {"uv": [0, 15, 0.25, 15.25], "rotation": 90, "texture": "#1"}
			}
		},
		{
			"from": [1.9, -3.95, -1.45],
			"to": [2.6, -3.45, -0.95],
			"rotation": {"angle": 0, "axis": "y", "origin": [2.15, -3.02792, -1.74853]},
			"faces": {
				"north": {"uv": [0.5, 15, 0.75, 15.25], "rotation": 90, "texture": "#1"},
				"east": {"uv": [0.5, 15, 0.75, 15.25], "rotation": 90, "texture": "#1"},
				"south": {"uv": [0.5, 15, 0.75, 15.25], "rotation": 90, "texture": "#1"},
				"west": {"uv": [0.5, 15, 0.75, 15.25], "rotation": 90, "texture": "#1"},
				"up": {"uv": [0.5, 15, 0.75, 15.25], "texture": "#1"},
				"down": {"uv": [0.5, 15, 0.75, 15.25], "rotation": 180, "texture": "#1"}
			}
		},
		{
			"from": [1.99, -4, -1.7],
			"to": [2.51, -3, -0.7],
			"rotation": {"angle": 45, "axis": "x", "origin": [2.25, -3.62792, -1.44853]},
			"faces": {
				"north": {"uv": [0, 14.75, 0.25, 15.25], "texture": "#1"},
				"east": {"uv": [0, 14.75, 0.5, 15.25], "texture": "#1"},
				"south": {"uv": [0, 14.75, 0.25, 15.25], "texture": "#1"},
				"west": {"uv": [0, 14.75, 0.5, 15.25], "texture": "#1"},
				"up": {"uv": [0, 14.75, 0.25, 15.25], "rotation": 270, "texture": "#1"},
				"down": {"uv": [0, 14.75, 0.25, 15.25], "rotation": 90, "texture": "#1"}
			}
		}
	],
	"display": {
		"thirdperson_righthand": {
			"translation": [0, 1.75, 0]
		},
		"gui": {
			"rotation": [-49, -34, 0]
		}
	},
	"groups": [
		{
			"name": "Anvil",
			"origin": [8, 8, 8],
			"children": [
				{
					"name": "Anvil Base",
					"origin": [8, 8, 8],
					"children": [0, 1, 2]
				},
				{
					"name": "Anvil Neck",
					"origin": [8, 8, 8],
					"children": [3, 4, 5, 6, 7, 8, 9, 10]
				},
				{
					"name": "Anvil Body",
					"origin": [8, 8, 8],
					"children": [11, 12, 13, 14, 15, 16, 17]
				},
				{
					"name": "Anvil Horn",
					"origin": [8, 8, 8],
					"children": [18, 19, 20, 21, 22, 23, 24, 25, 26, 27, 28, 29, 30]
				}
			]
		},
		{
			"name": "Nails",
			"origin": [8, 8, 8],
			"children": [31, 32, 33, 34]
		},
		{
			"name": "Holder",
			"origin": [8, 8, 8],
			"children": [
				{
					"name": "Main strap",
					"origin": [8, 8, 8],
					"children": [35, 36, 37, 38]
				},
				{
					"name": "Holster 1",
					"origin": [8, 8, 8],
					"children": [39, 40, 41, 42, 43, 44, 45,
						{
							"name": "Hammer",
							"origin": [8, 8, 8],
							"children": [46, 47, 48, 49, 50, 51, 52, 53, 54, 55]
						}
					]
				},
				{
					"name": "Holster 2",
					"origin": [8, 8, 8],
					"children": [56, 57, 58, 59, 60, 61, 62, 63,
						{
							"name": "Hammer",
							"origin": [8, 8, 8],
							"children": [64, 65, 66, 67]
						}
					]
				},
				{
					"name": "Tong Holster",
					"origin": [8, 8, 8],
					"children": [68, 69, 70, 71, 72, 73,
						{
							"name": "Tongs",
							"origin": [8, 8, 8],
							"children": [74, 75, 76, 77, 78, 79, 80, 81, 82, 83, 84, 85, 86, 87, 88, 89, 90, 91]
						}
					]
				}
			]
		}
	]
}