{
	"credit": "Made with Blockbench",
	"textures": {
		"1": "block/item_frame_back",
		"texture": "block/item_frame_front",
		"particle": "block/item_frame_front"
	},
	"elements": [
		{
			"from": [12, 2, 14.5],
			"to": [14, 14, 16],
			"rotation": {"angle": 0, "axis": "y", "origin": [8, 8, 8.5]},
			"faces": {
				"north": {"uv": [2, 2, 4, 14], "texture": "#texture"},
				"east": {"uv": [14.5, 2, 16, 14], "texture": "#texture"},
				"south": {"uv": [12, 2, 14, 14], "texture": "#1", "cullface": "south"},
				"west": {"uv": [3, 2, 4.5, 14], "texture": "#texture"},
				"up": {"uv": [12, 0, 14, 1.5], "texture": "#texture"},
				"down": {"uv": [12, 14.5, 14, 16], "texture": "#texture"}
			}
		},
		{
			"from": [2, 2, 14.5],
			"to": [4, 14, 16],
			"rotation": {"angle": 0, "axis": "y", "origin": [8, 8, 8.5]},
			"faces": {
				"north": {"uv": [12, 2, 14, 14], "texture": "#texture"},
				"east": {"uv": [11.5, 2, 13, 14], "texture": "#texture"},
				"south": {"uv": [2, 2, 4, 14], "texture": "#1", "cullface": "south"},
				"west": {"uv": [0, 2, 1.5, 14], "texture": "#texture"},
				"up": {"uv": [2, 0, 4, 1.5], "texture": "#texture"},
				"down": {"uv": [2, 14.5, 4, 16], "texture": "#texture"}
			}
		},
		{
			"from": [4, 12, 14.5],
			"to": [12, 14, 16],
			"rotation": {"angle": 0, "axis": "y", "origin": [8, 8, 8.5]},
			"faces": {
				"north": {"uv": [4, 2, 12, 4], "texture": "#texture"},
				"south": {"uv": [4, 2, 12, 4], "texture": "#1", "cullface": "south"},
				"up": {"uv": [4, 0, 12, 1.5], "texture": "#texture"},
				"down": {"uv": [4, 3, 12, 4.5], "rotation": 180, "texture": "#texture"}
			}
		},
		{
			"from": [4, 2, 14.5],
			"to": [12, 4.5, 16],
			"rotation": {"angle": 0, "axis": "y", "origin": [8, 8, 8.5]},
			"faces": {
				"north": {"uv": [4, 11.5, 12, 14], "texture": "#texture"},
				"south": {"uv": [4, 11.5, 12, 14], "texture": "#1", "cullface": "south"},
				"up": {"uv": [4, 3, 12, 4.5], "texture": "#texture"},
				"down": {"uv": [4, 14.5, 12, 16], "texture": "#texture"}
			}
		},
		{
			"from": [4, 4.5, 15.5],
			"to": [12, 12, 16],
			"rotation": {"angle": 0, "axis": "y", "origin": [8, 8, 8.5]},
			"faces": {
				"north": {"uv": [4, 4, 12, 11.5], "texture": "#texture"},
				"south": {"uv": [4, 4, 12, 11.5], "texture": "#1", "cullface": "south"}
			}
		}
	]
}