{
	"credit": "Made By WantedRobot",
	"textures": {
		"piston": "block/piston_arm",
		"particle": "#side"
	},
	"elements": [
		{
			"from": [0, 0, 0],
			"to": [16, 16, 4],
			"faces": {
				"north": {"uv": [0, 0, 16, 16], "texture": "#platform", "cullface": "north"},
				"east": {"uv": [0, 0, 16, 4], "rotation": 90, "texture": "#side", "cullface": "east"},
				"south": {"uv": [0, 0, 16, 16], "texture": "#unsticky"},
				"west": {"uv": [0, 0, 16, 4], "rotation": 270, "texture": "#side", "cullface": "west"},
				"up": {"uv": [16, 0, 0, 4], "texture": "#side", "cullface": "up"},
				"down": {"uv": [0, 4, 16, 0], "texture": "#side", "cullface": "down"}
			}
		},
		{
			"from": [6, 6, 4],
			"to": [10, 10, 12],
			"faces": {
				"east": {"uv": [0, 8, 4, 16], "rotation": 270, "texture": "#piston"},
				"west": {"uv": [0, 8, 4, 16], "rotation": 270, "texture": "#piston"},
				"up": {"uv": [0, 8, 4, 16], "texture": "#piston"},
				"down": {"uv": [0, 8, 4, 16], "rotation": 180, "texture": "#piston"}
			}
		},
		{
			"from": [5, 5, 12],
			"to": [11, 11, 20],
			"faces": {
				"north": {"uv": [0, 2, 6, 8], "texture": "#piston"},
				"east": {"uv": [10, 16, 4, 8], "rotation": 270, "texture": "#piston"},
				"west": {"uv": [10, 16, 4, 8], "rotation": 90, "texture": "#piston"},
				"up": {"uv": [4, 8, 10, 16], "texture": "#piston"},
				"down": {"uv": [10, 16, 4, 8], "texture": "#piston"}
			}
		}
	]
}