{ "ambientocclusion": false,
	"textures": {
		"particle": "#side_1"
	},
	"elements": [
		{ "from": [0.8, 0, 8],
			"to": [15.2, 16, 8],
			"shade": false,
			"rotation": {"angle": 45, "axis": "y", "origin": [8, 8, 8], "rescale": true},
			"faces": {
				"north": {"uv": [16, 0, 0, 16], "texture": "#side_1", "tintindex": 0},
				"south": {"uv": [16, 0, 0, 16], "texture": "#side_1", "tintindex": 0}
			}
		},
		{ "from": [8, 0, 0.8],
			"to": [8, 16, 15.2],
			"shade": false,
			"rotation": {"angle": 45, "axis": "y", "origin": [8, 8, 8], "rescale": true},
			"faces": {
				"east": {"uv": [16, 0, 0, 16], "texture": "#side_2", "tintindex": 0},
				"west": {"uv": [16, 0, 0, 16], "texture": "#side_2", "tintindex": 0}
			}
		}
	]
}