{
	"credit": "Made with Blockbench, model by LTK1",
	"ambientocclusion": false,
	"textures": {
		"0": "blocks/door_birch_lower",
		"1": "blocks/door_birch_rim",
		"particle": "blocks/door_birch_lower"
	},
	"elements": [
		{
			"name": "cube",
			"from": [0, 13, 0],
			"to": [3, 16, 4],
			"faces": {
				"north": {
					"uv": [4.516, 0.016, 7.484, 2.984],
					"texture": "#1"
				},
				"east": {
					"uv": [3.984, 0.016, 0.016, 2.984],
					"texture": "#0"
				},
				"south": {
					"uv": [13.016, 4.016, 15.984, 6.984],
					"texture": "#1"
				},
				"west": {
					"uv": [0.016, 0.016, 3.984, 2.984],
					"texture": "#0"
				},
				"down": {
					"uv": [0, 0, 3, 3.5],
					"texture": "#missing"
				}
			},
			"type": "cube"
		},
		{
			"name": "cube",
			"from": [0, 13, 12],
			"to": [3, 16, 16],
			"faces": {
				"north": {"uv": [13, 4, 16, 7], "texture": "#1"},
				"east": {"uv": [16, 0, 12, 3], "texture": "#0"},
				"south": {"uv": [4.5, 0, 7.5, 3], "texture": "#1"},
				"west": {"uv": [12, 0, 16, 3], "texture": "#0"},
				"down": {
					"uv": [0, 0, 3, 3.5],
					"texture": "#missing"
				}
			},
			"type": "cube"
		},
		{
			"name": "cube",
			"from": [0, 0, 0],
			"to": [3, 13, 16],
			"faces": {
				"north": {"uv": [4.5, 3, 7.5, 16], "texture": "#1"},
				"east": {"uv": [16, 3, 0, 16], "texture": "#0"},
				"south": {"uv": [4.5, 3, 7.5, 16], "texture": "#1"},
				"west": {"uv": [0, 3, 16, 16], "texture": "#0"},
				"up": {"uv": [13, 0, 16, 16], "texture": "#1"},
				"down": {"uv": [0, 0, 3, 16], "texture": "#1"}
			},
			"type": "cube"
		},
		{
			"name": "cube",
			"from": [1.5, 13, 4],
			"to": [1.5, 16, 12],
			"faces": {
				"east": {"uv": [4, 0, 12, 3], "texture": "#0"},
				"west": {"uv": [4, 0, 12, 3], "texture": "#0"},
				"down": {"uv": [0, 0, 1, 8], "texture": "#missing"}
			},
			"type": "cube"
		}
	]
}