{
	"credit": "Made with Blockbench, model by LTK1",
	"ambientocclusion": false,
	"textures": {
		"0": "blocks/door_birch_rim",
		"1": "blocks/door_birch_upper",
		"particle": "blocks/door_birch_rim"
	},
	"elements": [
		{
			"name": "cube",
			"from": [0, 0, 12],
			"to": [3, 16, 16],
			"faces": {
				"north": {"uv": [16, 0, 13, 16], "texture": "#0"},
				"east": {"uv": [0, 0, 4, 16], "texture": "#1"},
				"south": {
					"uv": [11.5, 0, 8.5, 16],
					"texture": "#0"
				},
				"west": {"uv": [4, 0, 0, 16], "texture": "#1"},
				"up": {
					"uv": [0, 16, 3, 12.5],
					"texture": "#0",
					"rotation": 180
				}
			},
			"type": "cube"
		},
		{
			"name": "cube",
			"from": [0, 12, 4],
			"to": [3, 16, 12],
			"faces": {
				"north": {"uv": [4.5, 0, 1.5, 16], "texture": "#1"},
				"east": {"uv": [4, 0, 12, 4], "texture": "#1"},
				"south": {"uv": [4.5, 0, 1.5, 16], "texture": "#1"},
				"west": {"uv": [12, 0, 4, 4], "texture": "#1"},
				"up": {
					"uv": [0, 12.5, 3, 3.5],
					"texture": "#0",
					"rotation": 180
				},
				"down": {"uv": [13, 12.5, 16, 3.5], "texture": "#0"}
			},
			"type": "cube"
		},
		{
			"name": "cube",
			"from": [0, 0, 0],
			"to": [3, 16, 4],
			"faces": {
				"north": {
					"uv": [11.5, 0, 8.5, 16],
					"texture": "#0"
				},
				"east": {"uv": [12, 0, 16, 16], "texture": "#1"},
				"south": {"uv": [16, 0, 13, 16], "texture": "#0"},
				"west": {"uv": [16, 0, 12, 16], "texture": "#1"},
				"up": {
					"uv": [0, 3.5, 3, 0],
					"texture": "#0",
					"rotation": 180
				}
			},
			"type": "cube"
		},
		{
			"name": "cube",
			"from": [1.5, 0, 4],
			"to": [1.5, 12, 12],
			"faces": {
				"east": {"uv": [12, 4, 4, 16], "texture": "#1"},
				"west": {"uv": [12, 4, 4, 16], "texture": "#1"},
				"up": {"uv": [0, 8, 0, 0], "texture": "#missing"}
			},
			"type": "cube"
		}
	]
}