{
	"credit": "Made with Blockbench, model by LTK1",
	"ambientocclusion": false,
	"textures": {
		"0": "blocks/door_birch_rim",
		"1": "blocks/door_birch_upper",
		"particle": "blocks/door_birch_rim"
	},
	"elements": [
		{
			"name": "cube",
			"from": [0, 0, 0],
			"to": [3, 16, 4],
			"faces": {
				"north": {
					"uv": [8.516, 0.016, 11.484, 15.984],
					"texture": "#0"
				},
				"east": {
					"uv": [3.984, 0.016, 0.016, 15.984],
					"texture": "#1"
				},
				"south": {
					"uv": [13.016, 0.016, 15.984, 15.984],
					"texture": "#0"
				},
				"west": {
					"uv": [0.016, 0.016, 3.984, 15.984],
					"texture": "#1"
				},
				"up": {
					"uv": [0.016, 12.516, 2.984, 15.984],
					"texture": "#0",
					"rotation": 180
				}
			},
			"type": "cube"
		},
		{
			"name": "cube",
			"from": [0, 12, 4],
			"to": [3, 16, 12],
			"faces": {
				"north": {
					"uv": [1.516, 0.016, 4.484, 15.984],
					"texture": "#1"
				},
				"east": {
					"uv": [11.984, 0.016, 4.016, 3.984],
					"texture": "#1"
				},
				"south": {
					"uv": [1.516, 0.016, 4.484, 15.984],
					"texture": "#1"
				},
				"west": {
					"uv": [4.016, 0.016, 11.984, 3.984],
					"texture": "#1"
				},
				"up": {
					"uv": [0.016, 3.516, 2.984, 12.484],
					"texture": "#0",
					"rotation": 180
				},
				"down": {
					"uv": [13.016, 3.516, 15.984, 12.484],
					"texture": "#0"
				}
			},
			"type": "cube"
		},
		{
			"name": "cube",
			"from": [0, 0, 12],
			"to": [3, 16, 16],
			"faces": {
				"north": {
					"uv": [13.016, 0.016, 15.984, 15.984],
					"texture": "#0"
				},
				"east": {
					"uv": [15.984, 0.016, 12.016, 15.984],
					"texture": "#1"
				},
				"south": {
					"uv": [8.516, 0.016, 11.484, 15.984],
					"texture": "#0"
				},
				"west": {
					"uv": [12.016, 0.016, 15.984, 15.984],
					"texture": "#1"
				},
				"up": {
					"uv": [0.016, 0.016, 2.984, 3.484],
					"texture": "#0",
					"rotation": 180
				}
			},
			"type": "cube"
		},
		{
			"name": "cube",
			"from": [1.5, 0, 4],
			"to": [1.5, 12, 12],
			"faces": {
				"east": {
					"uv": [4.016, 4.016, 11.984, 15.984],
					"texture": "#1"
				},
				"west": {
					"uv": [4.016, 4.016, 11.984, 15.984],
					"texture": "#1"
				},
				"up": {"uv": [0, 0, 0, 8], "texture": "#missing"}
			},
			"type": "cube"
		}
	]
}