{
	"credit": "Made with Blockbench",
	"textures": {
		"1": "block/spruce_fence",
		"3": "block/spruce_fence",
		"2_1": "block/spruce_fence"
	},
	"elements": [
		{
			"from": [6, 3.5, 15],
			"to": [10, 7, 15.5],
			"rotation": {"angle": 45, "axis": "x", "origin": [9, 4.5, 16]},
			"faces": {
				"north": {"uv": [0, 12, 3, 16], "rotation": 90, "texture": "#3"},
				"east": {"uv": [1.5, 15.5, 4.5, 16], "rotation": 90, "texture": "#3"},
				"south": {"uv": [0, 12, 3, 16], "rotation": 90, "texture": "#3"},
				"west": {"uv": [1.5, 15.5, 4.5, 16], "rotation": 270, "texture": "#3"},
				"up": {"uv": [1.5, 15.5, 5.5, 16], "texture": "#3"},
				"down": {"uv": [1.5, 15.5, 5.5, 16], "rotation": 180, "texture": "#3"}
			}
		},
		{
			"from": [6, 10, 15],
			"to": [10, 13.5, 15.5],
			"rotation": {"angle": 45, "axis": "x", "origin": [9, 11, 16]},
			"faces": {
				"north": {"uv": [0, 12, 3, 16], "rotation": 90, "texture": "#3"},
				"east": {"uv": [1.5, 15.5, 4.5, 16], "rotation": 90, "texture": "#3"},
				"south": {"uv": [0, 12, 3, 16], "rotation": 90, "texture": "#3"},
				"west": {"uv": [1.5, 15.5, 4.5, 16], "rotation": 270, "texture": "#3"},
				"up": {"uv": [1.5, 15.5, 5.5, 16], "texture": "#3"},
				"down": {"uv": [1.5, 15.5, 5.5, 16], "rotation": 180, "texture": "#3"}
			}
		},
		{
			"from": [8.5, 0, 15],
			"to": [9.5, 16, 17],
			"faces": {
				"north": {"uv": [0, 0.5, 16, 1.5], "rotation": 90, "texture": "#3"},
				"east": {"uv": [0, 0, 16, 2], "rotation": 90, "texture": "#3"},
				"south": {"uv": [0, 0.5, 16, 1.5], "rotation": 90, "texture": "#3"},
				"west": {"uv": [0, 0, 16, 2], "rotation": 90, "texture": "#3"},
				"up": {"uv": [0, 0, 1, 2], "texture": "#3"},
				"down": {"uv": [0, 0, 1, 2], "texture": "#3"}
			}
		},
		{
			"from": [6.5, 0, 15],
			"to": [7.5, 16, 17],
			"faces": {
				"north": {"uv": [0, 0.5, 16, 1.5], "rotation": 90, "texture": "#3"},
				"east": {"uv": [0, 0, 16, 2], "rotation": 90, "texture": "#3"},
				"south": {"uv": [0, 0.5, 16, 1.5], "rotation": 90, "texture": "#3"},
				"west": {"uv": [0, 0, 16, 2], "rotation": 90, "texture": "#3"},
				"up": {"uv": [0, 0, 1, 2], "texture": "#3"},
				"down": {"uv": [0, 0, 1, 2], "texture": "#3"}
			}
		},
		{
			"from": [6, 3.5, -1],
			"to": [10, 7, -0.5],
			"rotation": {"angle": 45, "axis": "x", "origin": [9, 4.5, 0]},
			"faces": {
				"north": {"uv": [0, 12, 3, 16], "rotation": 90, "texture": "#3"},
				"east": {"uv": [1.5, 15.5, 4.5, 16], "rotation": 90, "texture": "#3"},
				"south": {"uv": [0, 12, 3, 16], "rotation": 90, "texture": "#3"},
				"west": {"uv": [1.5, 15.5, 4.5, 16], "rotation": 270, "texture": "#3"},
				"up": {"uv": [1.5, 15.5, 5.5, 16], "texture": "#3"},
				"down": {"uv": [1.5, 15.5, 5.5, 16], "rotation": 180, "texture": "#3"}
			}
		},
		{
			"from": [6, 10, -1],
			"to": [10, 13.5, -0.5],
			"rotation": {"angle": 45, "axis": "x", "origin": [9, 11, 0]},
			"faces": {
				"north": {"uv": [0, 12, 3, 16], "rotation": 90, "texture": "#3"},
				"east": {"uv": [1.5, 15.5, 4.5, 16], "rotation": 90, "texture": "#3"},
				"south": {"uv": [0, 12, 3, 16], "rotation": 90, "texture": "#3"},
				"west": {"uv": [1.5, 15.5, 4.5, 16], "rotation": 270, "texture": "#3"},
				"up": {"uv": [1.5, 15.5, 5.5, 16], "texture": "#3"},
				"down": {"uv": [1.5, 15.5, 5.5, 16], "rotation": 180, "texture": "#3"}
			}
		},
		{
			"from": [8.5, 0, -1],
			"to": [9.5, 16, 1],
			"faces": {
				"north": {"uv": [0, 0.5, 16, 1.5], "rotation": 90, "texture": "#3"},
				"east": {"uv": [0, 0, 16, 2], "rotation": 90, "texture": "#3"},
				"south": {"uv": [0, 0.5, 16, 1.5], "rotation": 90, "texture": "#3"},
				"west": {"uv": [0, 0, 16, 2], "rotation": 90, "texture": "#3"},
				"up": {"uv": [0, 0, 1, 2], "texture": "#3"},
				"down": {"uv": [0, 0, 1, 2], "texture": "#3"}
			}
		},
		{
			"from": [6.5, 0, -1],
			"to": [7.5, 16, 1],
			"faces": {
				"north": {"uv": [0, 0.5, 16, 1.5], "rotation": 90, "texture": "#3"},
				"east": {"uv": [0, 0, 16, 2], "rotation": 90, "texture": "#3"},
				"south": {"uv": [0, 0.5, 16, 1.5], "rotation": 90, "texture": "#3"},
				"west": {"uv": [0, 0, 16, 2], "rotation": 90, "texture": "#3"},
				"up": {"uv": [0, 0, 1, 2], "texture": "#3"},
				"down": {"uv": [0, 0, 1, 2], "texture": "#3"}
			}
		},
		{
			"from": [7.5, -1.5, -2.2],
			"to": [8.5, 0.5, 15.8],
			"rotation": {"angle": 22.5, "axis": "x", "origin": [9, -0.5, 14.75]},
			"faces": {
				"north": {"uv": [0, 0, 1, 2], "texture": "#1"},
				"east": {"uv": [0, 0, 8, 2], "texture": "#1"},
				"south": {"uv": [0, 0, 1, 2], "texture": "#1"},
				"west": {"uv": [0, 0, 8, 2], "texture": "#1"},
				"up": {"uv": [0, 0.5, 8, 1.5], "rotation": 90, "texture": "#1"},
				"down": {"uv": [0, 0.5, 8, 1.5], "rotation": 90, "texture": "#1"}
			}
		},
		{
			"from": [7.5, 1.75, -1.2],
			"to": [8.5, 3.75, 16],
			"rotation": {"angle": 22.5, "axis": "x", "origin": [9, 2.75, 14.75]},
			"faces": {
				"north": {"uv": [0, 0, 1, 2], "texture": "#1"},
				"east": {"uv": [0, 0, 8.2, 2], "texture": "#1"},
				"south": {"uv": [0, 0, 1, 2], "texture": "#1"},
				"west": {"uv": [0, 0, 8.2, 2], "texture": "#1"},
				"up": {"uv": [0, 0.5, 8.2, 1.5], "rotation": 90, "texture": "#1"},
				"down": {"uv": [0, 0.5, 8.2, 1.5], "rotation": 90, "texture": "#1"}
			}
		},
		{
			"from": [7.5, 5, -2.2],
			"to": [8.5, 7, 17],
			"rotation": {"angle": 22.5, "axis": "x", "origin": [9, 6, 14.75]},
			"faces": {
				"north": {"uv": [0, 0, 1, 2], "texture": "#1"},
				"east": {"uv": [0, 0, 9.2, 2], "texture": "#1"},
				"south": {"uv": [0, 0, 1, 2], "texture": "#1"},
				"west": {"uv": [0, 0, 9.2, 2], "texture": "#1"},
				"up": {"uv": [0, 0.5, 9.2, 1.5], "rotation": 90, "texture": "#1"},
				"down": {"uv": [0, 0.5, 9.2, 1.5], "rotation": 90, "texture": "#1"}
			}
		},
		{
			"from": [7.5, 8.25, -1.2],
			"to": [8.5, 10.25, 16],
			"rotation": {"angle": 22.5, "axis": "x", "origin": [9, 9.25, 14.75]},
			"faces": {
				"north": {"uv": [0, 0, 1, 2], "texture": "#1"},
				"east": {"uv": [0, 0, 8.2, 2], "texture": "#1"},
				"south": {"uv": [0, 0, 1, 2], "texture": "#1"},
				"west": {"uv": [0, 0, 8.2, 2], "texture": "#1"},
				"up": {"uv": [0, 0.5, 8.2, 1.5], "rotation": 90, "texture": "#1"},
				"down": {"uv": [0, 0.5, 8.2, 1.5], "rotation": 90, "texture": "#1"}
			}
		},
		{
			"from": [7.5, 11.5, 7.55],
			"to": [8.5, 13.5, 17.05],
			"rotation": {"angle": 22.5, "axis": "x", "origin": [9, 12.5, 14.75]},
			"faces": {
				"north": {"uv": [0, 0, 1, 2], "texture": "#1"},
				"east": {"uv": [0, 0, 9.5, 2], "texture": "#1"},
				"south": {"uv": [0, 0, 1, 2], "texture": "#1"},
				"west": {"uv": [0, 0, 9.2, 2], "texture": "#1"},
				"up": {"uv": [0, 0.5, 9.5, 1.5], "rotation": 90, "texture": "#1"},
				"down": {"uv": [0, 0.5, 9.5, 1.5], "rotation": 90, "texture": "#1"}
			}
		},
		{
			"from": [7.5, -4.5, -1.2],
			"to": [8.5, -2.5, 7],
			"rotation": {"angle": 22.5, "axis": "x", "origin": [9, -3.5, 14.75]},
			"faces": {
				"north": {"uv": [0, 0, 1, 2], "texture": "#2_1"},
				"east": {"uv": [0, 0, 8.2, 2], "texture": "#2_1"},
				"south": {"uv": [2.5, 13, 3.5, 15], "texture": "#missing"},
				"west": {"uv": [0, 0, 8.2, 2], "texture": "#2_1"},
				"up": {"uv": [0, 0.5, 8.2, 1.5], "rotation": 90, "texture": "#2_1"},
				"down": {"uv": [0, 0.5, 8.2, 1.5], "rotation": 90, "texture": "#2_1"}
			}
		},
		{
			"from": [7.5, -4.38519, 7.02284],
			"to": [8.5, -2.38519, 7.57284],
			"rotation": {"angle": 22.5, "axis": "x", "origin": [9, -3.38519, 14.47284]},
			"faces": {
				"north": {"uv": [2.5, 13, 3.5, 15], "texture": "#missing"},
				"east": {"uv": [0, 0, 0.55, 2], "texture": "#2_1"},
				"south": {"uv": [0, 0, 1, 2], "texture": "#2_1"},
				"west": {"uv": [0, 0, 0.55, 2], "texture": "#2_1"},
				"up": {"uv": [0, 0, 1, 0.55], "texture": "#2_1"},
				"down": {"uv": [0, 0, 1, 0.55], "texture": "#2_1"}
			}
		}
	],
	"display": {
		"thirdperson_righthand": {
			"rotation": [75, 45, 0],
			"translation": [0, 2.5, 0],
			"scale": [0.375, 0.375, 0.375]
		},
		"thirdperson_lefthand": {
			"rotation": [75, 45, 0],
			"translation": [0, 2.5, 0],
			"scale": [0.375, 0.375, 0.375]
		},
		"firstperson_righthand": {
			"rotation": [0, 45, 0],
			"scale": [0.4, 0.4, 0.4]
		},
		"firstperson_lefthand": {
			"rotation": [0, 225, 0],
			"scale": [0.4, 0.4, 0.4]
		},
		"ground": {
			"translation": [0, 3, 0],
			"scale": [0.3, 0.3, 0.3]
		},
		"gui": {
			"rotation": [30, 225, 0],
			"scale": [0.625, 0.625, 0.625]
		},
		"head": {
			"rotation": [0, 90, 0],
			"translation": [0, 13.25, 0]
		},
		"fixed": {
			"rotation": [0, 90, 0],
			"scale": [0.5, 0.5, 0.5]
		}
	},
	"groups": [
		{
			"name": "spruce_fence_post",
			"children": [0, 1, 2, 3]
		},
		{
			"name": "spruce_fence_post2",
			"children": [4, 5, 6, 7]
		},
		{
			"name": "spruce_fence_side_n",
			"children": [
				{
					"name": "fence slats",
					"children": [
						{
							"name": "spruce_fence_side_n",
							"children": [8, 9, 10, 11, 12]
						}
					]
				}
			]
		},
		{
			"name": "spruce_fence_side_s",
			"children": [
				{
					"name": "spruce_fence_side_s",
					"children": [13, 14]
				}
			]
		}
	]
}