{
	"credit": "Made with Blockbench",
	"textures": {
		"3": "block/spruce_fence",
		"particle": "block/spruce_fence"
	},
	"elements": [
		{
			"from": [-2, 7.07107, 7],
			"to": [18, 9.07107, 8],
			"rotation": {"angle": -45, "axis": "z", "origin": [8, 8.07107, 7.5]},
			"faces": {
				"north": {"uv": [9.984, 0.016, 0.016, 1.984], "texture": "#3"},
				"east": {"uv": [0.984, 1.984, 0.016, 0.016], "rotation": 180, "texture": "#3"},
				"south": {"uv": [9.984, 0.016, 0.016, 1.984], "texture": "#3"},
				"west": {"uv": [0.984, 1.984, 0.016, 0.016], "texture": "#3"},
				"up": {"uv": [2.016, 1.5, 11.984, 0.5], "rotation": 180, "texture": "#3"},
				"down": {"uv": [2.016, 1.5, 11.984, 0.5], "texture": "#3"}
			}
		},
		{
			"from": [3, 3.07107, 7],
			"to": [13, 5.07107, 8],
			"rotation": {"angle": -45, "axis": "z", "origin": [8, 8.07107, 8]},
			"faces": {
				"north": {"uv": [7.984, 1.984, 0.016, 0.016], "rotation": 180, "texture": "#3"},
				"east": {"uv": [0.984, 1.984, 0.016, 0.016], "rotation": 180, "texture": "#3"},
				"south": {"uv": [7.984, 1.984, 0.016, 0.016], "rotation": 180, "texture": "#3"},
				"west": {"uv": [0.984, 1.984, 0.016, 0.016], "texture": "#3"},
				"up": {"uv": [8.5, 1.5, 0.016, 0.5], "rotation": 180, "texture": "#3"},
				"down": {"uv": [7.984, 1.5, 0.016, 0.5], "rotation": 180, "texture": "#3"}
			}
		},
		{
			"from": [11, 3.07107, 8],
			"to": [13, 13.07107, 9],
			"rotation": {"angle": -45, "axis": "z", "origin": [8, 8.07107, 8]},
			"faces": {
				"north": {"uv": [7.984, 1.984, 0.016, 0.016], "rotation": 270, "texture": "#3"},
				"east": {"uv": [7.984, 1.5, 0.016, 0.5], "rotation": 90, "texture": "#3"},
				"south": {"uv": [7.984, 1.984, 0.016, 0.016], "rotation": 90, "texture": "#3"},
				"west": {"uv": [8.5, 1.5, 0.016, 0.5], "rotation": 90, "texture": "#3"},
				"up": {"uv": [0.984, 1.984, 0.016, 0.016], "rotation": 90, "texture": "#3"},
				"down": {"uv": [0.984, 1.984, 0.016, 0.016], "rotation": 270, "texture": "#3"}
			}
		},
		{
			"from": [3, 11.07107, 7],
			"to": [13, 13.07107, 8],
			"rotation": {"angle": -45, "axis": "z", "origin": [8, 8.07107, 8]},
			"faces": {
				"north": {"uv": [7.984, 1.984, 0.016, 0.016], "texture": "#3"},
				"east": {"uv": [0.984, 1.984, 0.016, 0.016], "rotation": 180, "texture": "#3"},
				"south": {"uv": [7.984, 1.984, 0.016, 0.016], "texture": "#3"},
				"west": {"uv": [0.984, 1.984, 0.016, 0.016], "texture": "#3"},
				"up": {"uv": [7.984, 1.5, 0.016, 0.5], "texture": "#3"},
				"down": {"uv": [8.5, 1.5, 0.016, 0.5], "texture": "#3"}
			}
		},
		{
			"from": [3, 3.07107, 8],
			"to": [5, 13.07107, 9],
			"rotation": {"angle": -45, "axis": "z", "origin": [8, 8.07107, 8]},
			"faces": {
				"north": {"uv": [7.984, 1.984, 0.016, 0.016], "rotation": 90, "texture": "#3"},
				"east": {"uv": [8.5, 1.5, 0.016, 0.5], "rotation": 270, "texture": "#3"},
				"south": {"uv": [7.984, 1.984, 0.016, 0.016], "rotation": 270, "texture": "#3"},
				"west": {"uv": [7.984, 1.5, 0.016, 0.5], "rotation": 270, "texture": "#3"},
				"up": {"uv": [0.984, 1.984, 0.016, 0.016], "rotation": 90, "texture": "#3"},
				"down": {"uv": [0.984, 1.984, 0.016, 0.016], "rotation": 270, "texture": "#3"}
			}
		},
		{
			"from": [7, -1.92893, 8],
			"to": [9, 18.07107, 9],
			"rotation": {"angle": -45, "axis": "z", "origin": [8, 8.07107, 7.5]},
			"faces": {
				"north": {"uv": [0.016, 1.984, 9.984, 0.016], "rotation": 90, "texture": "#3"},
				"east": {"uv": [2.016, 1.5, 11.984, 0.5], "rotation": 90, "texture": "#3"},
				"south": {"uv": [0.016, 1.984, 9.984, 0.016], "rotation": 90, "texture": "#3"},
				"west": {"uv": [2.016, 1.5, 11.984, 0.5], "rotation": 90, "texture": "#3"},
				"up": {"uv": [0.984, 1.984, 0.016, 0.016], "rotation": 90, "texture": "#3"},
				"down": {"uv": [0.984, 1.984, 0.016, 0.016], "rotation": 270, "texture": "#3"}
			}
		},
		{
			"from": [14, 0, 9],
			"to": [16, 16, 10],
			"faces": {
				"north": {"uv": [0.016, 0.016, 15.984, 1.984], "rotation": 90, "texture": "#3"},
				"east": {"uv": [0.016, 1.5, 15.984, 0.5], "rotation": 90, "texture": "#3", "cullface": "east"},
				"south": {"uv": [0.016, 0.016, 15.984, 1.984], "rotation": 90, "texture": "#3"},
				"west": {"uv": [0.016, 1.5, 15.984, 0.5], "rotation": 90, "texture": "#3"},
				"up": {"uv": [0.984, 0.016, 0.016, 1.984], "rotation": 90, "texture": "#3", "cullface": "up"},
				"down": {"uv": [0.984, 0.016, 0.016, 1.984], "rotation": 270, "texture": "#3", "cullface": "down"}
			}
		},
		{
			"from": [14, 0, 6],
			"to": [16, 16, 7],
			"faces": {
				"north": {"uv": [0.016, 0.016, 15.984, 1.984], "rotation": 90, "texture": "#3"},
				"east": {"uv": [0.016, 1.5, 15.984, 0.5], "rotation": 90, "texture": "#3", "cullface": "east"},
				"south": {"uv": [0.016, 0.016, 15.984, 1.984], "rotation": 90, "texture": "#3"},
				"west": {"uv": [0.016, 1.5, 15.984, 0.5], "rotation": 90, "texture": "#3"},
				"up": {"uv": [0.984, 0.016, 0.016, 1.984], "rotation": 90, "texture": "#3", "cullface": "up"},
				"down": {"uv": [0.984, 0.016, 0.016, 1.984], "rotation": 270, "texture": "#3", "cullface": "down"}
			}
		},
		{
			"from": [0, 0, 9],
			"to": [2, 16, 10],
			"faces": {
				"north": {"uv": [0.016, 0.016, 15.984, 1.984], "rotation": 90, "texture": "#3"},
				"east": {"uv": [0.016, 1.5, 15.984, 0.5], "rotation": 90, "texture": "#3"},
				"south": {"uv": [0.016, 0.016, 15.984, 1.984], "rotation": 90, "texture": "#3"},
				"west": {"uv": [0.016, 1.5, 15.984, 0.5], "rotation": 90, "texture": "#3", "cullface": "west"},
				"up": {"uv": [0.984, 0.016, 0.016, 1.984], "rotation": 90, "texture": "#3", "cullface": "up"},
				"down": {"uv": [0.984, 0.016, 0.016, 1.984], "rotation": 270, "texture": "#3", "cullface": "down"}
			}
		},
		{
			"from": [0, 0, 6],
			"to": [2, 16, 7],
			"faces": {
				"north": {"uv": [0.016, 0.016, 15.984, 1.984], "rotation": 90, "texture": "#3"},
				"east": {"uv": [0.016, 1.5, 15.984, 0.5], "rotation": 90, "texture": "#3"},
				"south": {"uv": [0.016, 0.016, 15.984, 1.984], "rotation": 90, "texture": "#3"},
				"west": {"uv": [0.016, 1.5, 15.984, 0.5], "rotation": 90, "texture": "#3", "cullface": "west"},
				"up": {"uv": [0.984, 0.016, 0.016, 1.984], "rotation": 90, "texture": "#3", "cullface": "up"},
				"down": {"uv": [0.984, 0.016, 0.016, 1.984], "rotation": 270, "texture": "#3", "cullface": "down"}
			}
		}
	],
	"display": {
		"thirdperson_righthand": {
			"rotation": [75, 45, 0],
			"translation": [0, 2.5, 0],
			"scale": [0.375, 0.375, 0.375]
		},
		"thirdperson_lefthand": {
			"rotation": [75, 45, 0],
			"translation": [0, 2.5, 0],
			"scale": [0.375, 0.375, 0.375]
		},
		"firstperson_righthand": {
			"rotation": [0, 105, 0],
			"scale": [0.4, 0.4, 0.4]
		},
		"firstperson_lefthand": {
			"rotation": [0, 105, 0],
			"scale": [0.4, 0.4, 0.4]
		},
		"ground": {
			"translation": [0, 3, 0],
			"scale": [0.3, 0.3, 0.3]
		},
		"gui": {
			"rotation": [30, 225, 0],
			"scale": [0.625, 0.625, 0.625]
		},
		"head": {
			"translation": [0, 0, -7.5]
		},
		"fixed": {
			"translation": [0, 0, -1],
			"scale": [0.5, 0.5, 0.5]
		}
	},
	"groups": [
		{
			"name": "gate",
			"origin": [12, 8, 8],
			"children": [0, 1, 2, 3, 4, 5]
		}, 6, 7, 8, 9]
}