{
	"credit": "Made with Blockbench",
	"textures": {
		"3": "block/spruce_fence"
	},
	"elements": [
		{
			"from": [6.48045, 10.4, 9.5],
			"to": [8.5, 10.9, 10],
			"faces": {
				"south": {"uv": [1.5, 15.5, 3.5, 15.984], "texture": "#3"},
				"up": {"uv": [2.016, 15.5, 3.984, 15.984], "texture": "#3"},
				"down": {"uv": [2.5, 15.5, 4.5, 15.984], "rotation": 180, "texture": "#3"}
			}
		},
		{
			"from": [9.5, 10.4, 6.5],
			"to": [10, 10.9, 8.5],
			"faces": {
				"east": {"uv": [1.016, 15.5, 2.984, 15.984], "texture": "#3"},
				"up": {"uv": [1.5, 15.5, 3.5, 15.984], "rotation": 90, "texture": "#3"},
				"down": {"uv": [2.016, 15.5, 3.984, 15.984], "rotation": 90, "texture": "#3"}
			}
		},
		{
			"from": [8.5, 10.4, 6],
			"to": [9.5, 10.9, 6.5],
			"faces": {
				"north": {"uv": [1.016, 15.5, 1.984, 15.984], "texture": "#3"},
				"up": {"uv": [1.5, 15.5, 1.984, 15.984], "texture": "#3"},
				"down": {"uv": [5.5, 15.5, 5.984, 15.984], "texture": "#3"}
			}
		},
		{
			"from": [6.20711, 10.4, 5.46447],
			"to": [6.70711, 10.9, 6.96447],
			"rotation": {"angle": -45, "axis": "y", "origin": [6.70711, 10.9, 8.5]},
			"faces": {
				"east": {"uv": [0.016, 15.016, 0.5, 15.5], "texture": "#3"},
				"south": {"uv": [1.5, 15.5, 1.984, 15.984], "texture": "#3"},
				"west": {"uv": [2.016, 15.5, 3.5, 15.984], "texture": "#3"},
				"up": {"uv": [2.5, 15.5, 3.984, 15.984], "rotation": 90, "texture": "#3"},
				"down": {"uv": [2.5, 15.5, 3.984, 15.984], "rotation": 90, "texture": "#3"}
			}
		},
		{
			"from": [9, 10.4, 6],
			"to": [9.5, 10.9, 6.70711],
			"rotation": {"angle": 45, "axis": "y", "origin": [9.5, 10.9, 6]},
			"faces": {
				"east": {"uv": [5.5, 15.5, 5.984, 15.984], "texture": "#3"},
				"up": {"uv": [5.5, 15.5, 5.984, 15.984], "rotation": 270, "texture": "#3"},
				"down": {"uv": [5.5, 15.5, 5.984, 15.984], "rotation": 90, "texture": "#3"}
			}
		},
		{
			"from": [8.79289, 10.4, 8.20711],
			"to": [9.29289, 10.9, 10.32843],
			"rotation": {"angle": -45, "axis": "y", "origin": [9.29289, 10.9, 9.20711]},
			"faces": {
				"east": {"uv": [1.016, 15.5, 2.984, 15.984], "texture": "#3"},
				"west": {"uv": [0.016, 15.016, 0.5, 15.5], "texture": "#3"},
				"up": {"uv": [1.5, 15.5, 3.5, 15.984], "rotation": 270, "texture": "#3"},
				"down": {"uv": [1.5, 15.5, 3.5, 15.984], "rotation": 90, "texture": "#3"}
			}
		},
		{
			"from": [6.20711, 9.9, 7.46447],
			"to": [6.70711, 10.4, 8.96447],
			"rotation": {"angle": -45, "axis": "y", "origin": [6.70711, 10.9, 8.5]},
			"faces": {
				"north": {"uv": [0.5, 15.5, 0.984, 15.984], "texture": "#3"},
				"east": {"uv": [0.016, 15.016, 0.5, 15.5], "texture": "#3"},
				"west": {"uv": [2.016, 15.5, 3.5, 15.984], "texture": "#3"},
				"up": {"uv": [2.5, 15.5, 3.984, 15.984], "rotation": 90, "texture": "#3"},
				"down": {"uv": [2.5, 15.5, 3.984, 15.984], "rotation": 90, "texture": "#3"}
			}
		},
		{
			"from": [6.20711, 10.15, 6.96447],
			"to": [6.70711, 10.65, 7.46447],
			"rotation": {"angle": -45, "axis": "y", "origin": [6.70711, 10.9, 8.5]},
			"faces": {
				"north": {"uv": [0.5, 15.5, 0.984, 15.984], "texture": "#3"},
				"east": {"uv": [0.016, 15.016, 0.5, 15.5], "texture": "#3"},
				"south": {"uv": [0.5, 15.5, 0.984, 15.984], "texture": "#3"},
				"west": {"uv": [2.016, 15.5, 2.5, 15.984], "texture": "#3"},
				"up": {"uv": [2.5, 15.5, 2.984, 15.984], "texture": "#3"},
				"down": {"uv": [2.5, 15.5, 2.984, 15.984], "texture": "#3"}
			}
		},
		{
			"from": [6.02513, 9.9, 8.47487],
			"to": [6.52513, 10.4, 8.97487],
			"faces": {
				"east": {"uv": [0.5, 15.5, 0.984, 15.984], "texture": "#3"},
				"south": {"uv": [0.016, 15.016, 0.5, 15.5], "texture": "#3"},
				"west": {"uv": [0.5, 15.5, 0.984, 15.984], "texture": "#3"},
				"up": {"uv": [2.5, 15.5, 2.984, 15.984], "rotation": 90, "texture": "#3"},
				"down": {"uv": [2.5, 15.5, 2.984, 15.984], "rotation": 270, "texture": "#3"}
			}
		},
		{
			"from": [6.02513, 10.15, 8.97487],
			"to": [6.52513, 10.65, 9.47487],
			"faces": {
				"north": {"uv": [2.016, 15.5, 2.5, 15.984], "texture": "#3"},
				"east": {"uv": [1.016, 15.5, 1.5, 15.984], "texture": "#3"},
				"south": {"uv": [1.016, 15.5, 1.5, 15.984], "texture": "#3"},
				"west": {"uv": [1.016, 15.5, 1.5, 15.984], "texture": "#3"},
				"up": {"uv": [1.016, 15.5, 1.5, 15.984], "texture": "#3"},
				"down": {"uv": [2.5, 15.5, 2.984, 15.984], "rotation": 270, "texture": "#3"}
			}
		},
		{
			"from": [6.23045, 10.4, 9.19645],
			"to": [6.73045, 10.9, 9.89645],
			"rotation": {"angle": 45, "axis": "y", "origin": [6.48045, 10.65, 9.64645]},
			"faces": {
				"north": {"uv": [2.016, 15.5, 2.5, 15.984], "texture": "#3"},
				"east": {"uv": [1.016, 15.5, 1.5, 15.984], "texture": "#3"},
				"west": {"uv": [1.016, 15.5, 1.5, 15.984], "texture": "#3"},
				"up": {"uv": [1.016, 15.5, 1.5, 15.984], "texture": "#3"},
				"down": {"uv": [2.5, 15.5, 2.984, 15.984], "rotation": 270, "texture": "#3"}
			}
		},
		{
			"from": [6.48045, 3.9, 9.5],
			"to": [8.5, 4.4, 10],
			"faces": {
				"south": {"uv": [1.5, 15.5, 3.5, 15.984], "texture": "#3"},
				"up": {"uv": [2.016, 15.5, 3.984, 15.984], "texture": "#3"},
				"down": {"uv": [2.5, 15.5, 4.5, 15.984], "rotation": 180, "texture": "#3"}
			}
		},
		{
			"from": [9.5, 3.9, 6.5],
			"to": [10, 4.4, 8.5],
			"faces": {
				"east": {"uv": [1.016, 15.5, 2.984, 15.984], "texture": "#3"},
				"up": {"uv": [1.5, 15.5, 3.5, 15.984], "rotation": 90, "texture": "#3"},
				"down": {"uv": [2.016, 15.5, 3.984, 15.984], "rotation": 90, "texture": "#3"}
			}
		},
		{
			"from": [8.5, 3.9, 6],
			"to": [9.5, 4.4, 6.5],
			"faces": {
				"north": {"uv": [1.016, 15.5, 1.984, 15.984], "texture": "#3"},
				"up": {"uv": [1.5, 15.5, 1.984, 15.984], "texture": "#3"},
				"down": {"uv": [5.5, 15.5, 5.984, 15.984], "texture": "#3"}
			}
		},
		{
			"from": [6.20711, 3.9, 5.46447],
			"to": [6.70711, 4.4, 6.96447],
			"rotation": {"angle": -45, "axis": "y", "origin": [6.70711, 4.4, 8.5]},
			"faces": {
				"east": {"uv": [0.016, 15.016, 0.5, 15.5], "texture": "#3"},
				"south": {"uv": [1.5, 15.5, 1.984, 15.984], "texture": "#3"},
				"west": {"uv": [2.016, 15.5, 3.5, 15.984], "texture": "#3"},
				"up": {"uv": [2.5, 15.5, 3.984, 15.984], "rotation": 90, "texture": "#3"},
				"down": {"uv": [2.5, 15.5, 3.984, 15.984], "rotation": 90, "texture": "#3"}
			}
		},
		{
			"from": [9, 3.9, 6],
			"to": [9.5, 4.4, 6.70711],
			"rotation": {"angle": 45, "axis": "y", "origin": [9.5, 4.4, 6]},
			"faces": {
				"east": {"uv": [5.5, 15.5, 5.984, 15.984], "texture": "#3"},
				"up": {"uv": [5.5, 15.5, 5.984, 15.984], "rotation": 270, "texture": "#3"},
				"down": {"uv": [5.5, 15.5, 5.984, 15.984], "rotation": 90, "texture": "#3"}
			}
		},
		{
			"from": [8.79289, 3.9, 8.20711],
			"to": [9.29289, 4.4, 10.32843],
			"rotation": {"angle": -45, "axis": "y", "origin": [9.29289, 4.4, 9.20711]},
			"faces": {
				"east": {"uv": [1.016, 15.5, 2.984, 15.984], "texture": "#3"},
				"west": {"uv": [0.016, 15.016, 0.5, 15.5], "texture": "#3"},
				"up": {"uv": [1.5, 15.5, 3.5, 15.984], "rotation": 270, "texture": "#3"},
				"down": {"uv": [1.5, 15.5, 3.5, 15.984], "rotation": 90, "texture": "#3"}
			}
		},
		{
			"from": [6.20711, 3.4, 7.46447],
			"to": [6.70711, 3.9, 8.96447],
			"rotation": {"angle": -45, "axis": "y", "origin": [6.70711, 4.4, 8.5]},
			"faces": {
				"north": {"uv": [0.5, 15.5, 0.984, 15.984], "texture": "#3"},
				"east": {"uv": [0.016, 15.016, 0.5, 15.5], "texture": "#3"},
				"west": {"uv": [2.016, 15.5, 3.5, 15.984], "texture": "#3"},
				"up": {"uv": [2.5, 15.5, 3.984, 15.984], "rotation": 90, "texture": "#3"},
				"down": {"uv": [2.5, 15.5, 3.984, 15.984], "rotation": 90, "texture": "#3"}
			}
		},
		{
			"from": [6.20711, 3.65, 6.96447],
			"to": [6.70711, 4.15, 7.46447],
			"rotation": {"angle": -45, "axis": "y", "origin": [6.70711, 4.4, 8.5]},
			"faces": {
				"north": {"uv": [0.5, 15.5, 0.984, 15.984], "texture": "#3"},
				"east": {"uv": [0.016, 15.016, 0.5, 15.5], "texture": "#3"},
				"south": {"uv": [0.5, 15.5, 0.984, 15.984], "texture": "#3"},
				"west": {"uv": [2.016, 15.5, 2.5, 15.984], "texture": "#3"},
				"up": {"uv": [2.5, 15.5, 2.984, 15.984], "texture": "#3"},
				"down": {"uv": [2.5, 15.5, 2.984, 15.984], "texture": "#3"}
			}
		},
		{
			"from": [6.02513, 3.4, 8.47487],
			"to": [6.52513, 3.9, 8.97487],
			"faces": {
				"east": {"uv": [0.5, 15.5, 0.984, 15.984], "texture": "#3"},
				"south": {"uv": [0.016, 15.016, 0.5, 15.5], "texture": "#3"},
				"west": {"uv": [0.5, 15.5, 0.984, 15.984], "texture": "#3"},
				"up": {"uv": [2.5, 15.5, 2.984, 15.984], "rotation": 90, "texture": "#3"},
				"down": {"uv": [2.5, 15.5, 2.984, 15.984], "rotation": 270, "texture": "#3"}
			}
		},
		{
			"from": [6.02513, 3.65, 8.97487],
			"to": [6.52513, 4.15, 9.47487],
			"faces": {
				"north": {"uv": [2.016, 15.5, 2.5, 15.984], "texture": "#3"},
				"east": {"uv": [1.016, 15.5, 1.5, 15.984], "texture": "#3"},
				"south": {"uv": [1.016, 15.5, 1.5, 15.984], "texture": "#3"},
				"west": {"uv": [1.016, 15.5, 1.5, 15.984], "texture": "#3"},
				"up": {"uv": [1.016, 15.5, 1.5, 15.984], "texture": "#3"},
				"down": {"uv": [2.5, 15.5, 2.984, 15.984], "rotation": 270, "texture": "#3"}
			}
		},
		{
			"from": [6.23045, 3.9, 9.19645],
			"to": [6.73045, 4.4, 9.89645],
			"rotation": {"angle": 45, "axis": "y", "origin": [6.48045, 4.15, 9.64645]},
			"faces": {
				"north": {"uv": [2.016, 15.5, 2.5, 15.984], "texture": "#3"},
				"east": {"uv": [1.016, 15.5, 1.5, 15.984], "texture": "#3"},
				"west": {"uv": [1.016, 15.5, 1.5, 15.984], "texture": "#3"},
				"up": {"uv": [1.016, 15.5, 1.5, 15.984], "texture": "#3"},
				"down": {"uv": [2.5, 15.5, 2.984, 15.984], "rotation": 270, "texture": "#3"}
			}
		},
		{
			"from": [6.48045, 7.2, 9.5],
			"to": [8.5, 7.7, 10],
			"faces": {
				"south": {"uv": [1.5, 15.5, 3.5, 15.984], "texture": "#3"},
				"up": {"uv": [2.016, 15.5, 3.984, 15.984], "texture": "#3"},
				"down": {"uv": [2.5, 15.5, 4.5, 15.984], "rotation": 180, "texture": "#3"}
			}
		},
		{
			"from": [9.5, 7.2, 6.5],
			"to": [10, 7.7, 8.5],
			"faces": {
				"east": {"uv": [1.016, 15.5, 2.984, 15.984], "texture": "#3"},
				"up": {"uv": [1.5, 15.5, 3.5, 15.984], "rotation": 90, "texture": "#3"},
				"down": {"uv": [2.016, 15.5, 3.984, 15.984], "rotation": 90, "texture": "#3"}
			}
		},
		{
			"from": [8.5, 7.2, 6],
			"to": [9.5, 7.7, 6.5],
			"faces": {
				"north": {"uv": [1.016, 15.5, 1.984, 15.984], "texture": "#3"},
				"up": {"uv": [1.5, 15.5, 1.984, 15.984], "texture": "#3"},
				"down": {"uv": [5.5, 15.5, 5.984, 15.984], "texture": "#3"}
			}
		},
		{
			"from": [6.20711, 7.2, 5.46447],
			"to": [6.70711, 7.7, 6.96447],
			"rotation": {"angle": -45, "axis": "y", "origin": [6.70711, 7.7, 8.5]},
			"faces": {
				"east": {"uv": [0.016, 15.016, 0.5, 15.5], "texture": "#3"},
				"south": {"uv": [1.5, 15.5, 1.984, 15.984], "texture": "#3"},
				"west": {"uv": [2.016, 15.5, 3.5, 15.984], "texture": "#3"},
				"up": {"uv": [2.5, 15.5, 3.984, 15.984], "rotation": 90, "texture": "#3"},
				"down": {"uv": [2.5, 15.5, 3.984, 15.984], "rotation": 90, "texture": "#3"}
			}
		},
		{
			"from": [9, 7.2, 6],
			"to": [9.5, 7.7, 6.70711],
			"rotation": {"angle": 45, "axis": "y", "origin": [9.5, 7.7, 6]},
			"faces": {
				"east": {"uv": [5.5, 15.5, 5.984, 15.984], "texture": "#3"},
				"up": {"uv": [5.5, 15.5, 5.984, 15.984], "rotation": 270, "texture": "#3"},
				"down": {"uv": [5.5, 15.5, 5.984, 15.984], "rotation": 90, "texture": "#3"}
			}
		},
		{
			"from": [8.79289, 7.2, 8.20711],
			"to": [9.29289, 7.7, 10.32843],
			"rotation": {"angle": -45, "axis": "y", "origin": [9.29289, 7.7, 9.20711]},
			"faces": {
				"east": {"uv": [1.016, 15.5, 2.984, 15.984], "texture": "#3"},
				"west": {"uv": [0.016, 15.016, 0.5, 15.5], "texture": "#3"},
				"up": {"uv": [1.5, 15.5, 3.5, 15.984], "rotation": 270, "texture": "#3"},
				"down": {"uv": [1.5, 15.5, 3.5, 15.984], "rotation": 90, "texture": "#3"}
			}
		},
		{
			"from": [6.20711, 6.7, 7.46447],
			"to": [6.70711, 7.2, 8.96447],
			"rotation": {"angle": -45, "axis": "y", "origin": [6.70711, 7.7, 8.5]},
			"faces": {
				"north": {"uv": [0.5, 15.5, 0.984, 15.984], "texture": "#3"},
				"east": {"uv": [0.016, 15.016, 0.5, 15.5], "texture": "#3"},
				"west": {"uv": [2.016, 15.5, 3.5, 15.984], "texture": "#3"},
				"up": {"uv": [2.5, 15.5, 3.984, 15.984], "rotation": 90, "texture": "#3"},
				"down": {"uv": [2.5, 15.5, 3.984, 15.984], "rotation": 90, "texture": "#3"}
			}
		},
		{
			"from": [6.20711, 6.95, 6.96447],
			"to": [6.70711, 7.45, 7.46447],
			"rotation": {"angle": -45, "axis": "y", "origin": [6.70711, 7.7, 8.5]},
			"faces": {
				"north": {"uv": [0.5, 15.5, 0.984, 15.984], "texture": "#3"},
				"east": {"uv": [0.016, 15.016, 0.5, 15.5], "texture": "#3"},
				"south": {"uv": [0.5, 15.5, 0.984, 15.984], "texture": "#3"},
				"west": {"uv": [2.016, 15.5, 2.5, 15.984], "texture": "#3"},
				"up": {"uv": [2.5, 15.5, 2.984, 15.984], "texture": "#3"},
				"down": {"uv": [2.5, 15.5, 2.984, 15.984], "texture": "#3"}
			}
		},
		{
			"from": [6.02513, 6.7, 8.47487],
			"to": [6.52513, 7.2, 8.97487],
			"faces": {
				"east": {"uv": [0.5, 15.5, 0.984, 15.984], "texture": "#3"},
				"south": {"uv": [0.016, 15.016, 0.5, 15.5], "texture": "#3"},
				"west": {"uv": [0.5, 15.5, 0.984, 15.984], "texture": "#3"},
				"up": {"uv": [2.5, 15.5, 2.984, 15.984], "rotation": 90, "texture": "#3"},
				"down": {"uv": [2.5, 15.5, 2.984, 15.984], "rotation": 270, "texture": "#3"}
			}
		},
		{
			"from": [6.02513, 6.95, 8.97487],
			"to": [6.52513, 7.45, 9.47487],
			"faces": {
				"north": {"uv": [2.016, 15.5, 2.5, 15.984], "texture": "#3"},
				"east": {"uv": [1.016, 15.5, 1.5, 15.984], "texture": "#3"},
				"south": {"uv": [1.016, 15.5, 1.5, 15.984], "texture": "#3"},
				"west": {"uv": [1.016, 15.5, 1.5, 15.984], "texture": "#3"},
				"up": {"uv": [1.016, 15.5, 1.5, 15.984], "texture": "#3"},
				"down": {"uv": [2.5, 15.5, 2.984, 15.984], "rotation": 270, "texture": "#3"}
			}
		},
		{
			"from": [6.23045, 7.2, 9.19645],
			"to": [6.73045, 7.7, 9.89645],
			"rotation": {"angle": 45, "axis": "y", "origin": [6.48045, 7.45, 9.64645]},
			"faces": {
				"north": {"uv": [2.016, 15.5, 2.5, 15.984], "texture": "#3"},
				"east": {"uv": [1.016, 15.5, 1.5, 15.984], "texture": "#3"},
				"west": {"uv": [1.016, 15.5, 1.5, 15.984], "texture": "#3"},
				"up": {"uv": [1.016, 15.5, 1.5, 15.984], "texture": "#3"},
				"down": {"uv": [2.5, 15.5, 2.984, 15.984], "rotation": 270, "texture": "#3"}
			}
		}
	],
	"groups": [
		{
			"name": "rope 3",
			"children": [0, 1, 2, 3, 4, 5, 6, 7, 8, 9, 10]
		},
		{
			"name": "rope 4",
			"children": [11, 12, 13, 14, 15, 16, 17, 18, 19, 20, 21]
		},
		{
			"name": "rope 2",
			"children": [22, 23, 24, 25, 26, 27, 28, 29, 30, 31, 32]
		}
	]
}