{
	"credit": "Made with Blockbench",
	"textures": {
		"3": "block/spruce_fence",
		"particle": "block/spruce_fence"
	},
	"elements": [
		{
			"from": [14, 0, 6],
			"to": [16, 16, 7],
			"faces": {
				"north": {"uv": [0.016, 0.016, 15.984, 1.984], "rotation": 90, "texture": "#3"},
				"east": {"uv": [0.016, 0.5, 15.984, 1.5], "rotation": 90, "texture": "#3", "cullface": "east"},
				"south": {"uv": [0.016, 0.016, 15.984, 1.984], "rotation": 90, "texture": "#3"},
				"west": {"uv": [0.016, 0.5, 15.984, 1.5], "rotation": 90, "texture": "#3"},
				"up": {"uv": [0.016, 0.016, 0.984, 1.984], "rotation": 90, "texture": "#3", "cullface": "up"},
				"down": {"uv": [0.016, 0.016, 0.984, 1.984], "rotation": 270, "texture": "#3", "cullface": "down"}
			}
		},
		{
			"from": [14, 0, 9],
			"to": [16, 16, 10],
			"faces": {
				"north": {"uv": [0.016, 0.016, 15.984, 1.984], "rotation": 90, "texture": "#3"},
				"east": {"uv": [0.016, 0.5, 15.984, 1.5], "rotation": 90, "texture": "#3", "cullface": "east"},
				"south": {"uv": [0.016, 0.016, 15.984, 1.984], "rotation": 90, "texture": "#3"},
				"west": {"uv": [0.016, 0.5, 15.984, 1.5], "rotation": 90, "texture": "#3"},
				"up": {"uv": [0.016, 0.016, 0.984, 1.984], "rotation": 90, "texture": "#3", "cullface": "up"},
				"down": {"uv": [0.016, 0.016, 0.984, 1.984], "rotation": 270, "texture": "#3", "cullface": "down"}
			}
		},
		{
			"from": [0, 0, 6],
			"to": [2, 16, 7],
			"faces": {
				"north": {"uv": [0.016, 0.016, 15.984, 1.984], "rotation": 90, "texture": "#3"},
				"east": {"uv": [0.016, 0.5, 15.984, 1.5], "rotation": 90, "texture": "#3"},
				"south": {"uv": [0.016, 0.016, 15.984, 1.984], "rotation": 90, "texture": "#3"},
				"west": {"uv": [0.016, 0.5, 15.984, 1.5], "rotation": 90, "texture": "#3", "cullface": "west"},
				"up": {"uv": [0.016, 0.016, 0.984, 1.984], "rotation": 90, "texture": "#3", "cullface": "up"},
				"down": {"uv": [0.016, 0.016, 0.984, 1.984], "rotation": 270, "texture": "#3", "cullface": "down"}
			}
		},
		{
			"from": [0, 0, 9],
			"to": [2, 16, 10],
			"faces": {
				"north": {"uv": [0.016, 0.016, 15.984, 1.984], "rotation": 90, "texture": "#3"},
				"east": {"uv": [0.016, 0.5, 15.984, 1.5], "rotation": 90, "texture": "#3"},
				"south": {"uv": [0.016, 0.016, 15.984, 1.984], "rotation": 90, "texture": "#3"},
				"west": {"uv": [0.016, 0.5, 15.984, 1.5], "rotation": 90, "texture": "#3", "cullface": "west"},
				"up": {"uv": [0.016, 0.016, 0.984, 1.984], "rotation": 90, "texture": "#3", "cullface": "up"},
				"down": {"uv": [0.016, 0.016, 0.984, 1.984], "rotation": 270, "texture": "#3", "cullface": "down"}
			}
		},
		{
			"from": [10.6, 0.31421, 8],
			"to": [12.6, 10.31421, 9],
			"rotation": {"angle": -22.5, "axis": "z", "origin": [11.6, 1.31421, 8.5]},
			"faces": {
				"north": {"uv": [0.016, 1.984, 7.984, 0.016], "rotation": 270, "texture": "#3"},
				"east": {"uv": [7.984, 0.5, 0.016, 1.5], "rotation": 90, "texture": "#3"},
				"south": {"uv": [0.016, 1.984, 7.984, 0.016], "rotation": 90, "texture": "#3"},
				"west": {"uv": [8.5, 0.5, 0.016, 1.5], "rotation": 90, "texture": "#3"},
				"up": {"uv": [0.016, 1.984, 0.984, 0.016], "rotation": 90, "texture": "#3"},
				"down": {"uv": [0.016, 1.984, 0.984, 0.016], "rotation": 270, "texture": "#3"}
			}
		},
		{
			"from": [10.6, 0.31421, 7],
			"to": [12.6, 10.31421, 8],
			"rotation": {"angle": 22.5, "axis": "z", "origin": [11.6, 1.31421, 8.5]},
			"faces": {
				"north": {"uv": [0.016, 1.984, 7.984, 0.016], "rotation": 270, "texture": "#3"},
				"east": {"uv": [7.984, 0.5, 0.016, 1.5], "rotation": 90, "texture": "#3"},
				"south": {"uv": [0.016, 1.984, 7.984, 0.016], "rotation": 90, "texture": "#3"},
				"west": {"uv": [8.5, 0.5, 0.016, 1.5], "rotation": 90, "texture": "#3"},
				"up": {"uv": [0.016, 1.984, 0.984, 0.016], "rotation": 90, "texture": "#3"},
				"down": {"uv": [0.016, 1.984, 0.984, 0.016], "rotation": 270, "texture": "#3"}
			}
		},
		{
			"from": [9.06927, 0.50973, 8],
			"to": [11.06927, 17.50973, 9],
			"rotation": {"angle": -22.5, "axis": "z", "origin": [10.06927, 5.00973, 8.5]},
			"faces": {
				"north": {"uv": [0.016, 1.984, 7.984, 0.016], "rotation": 270, "texture": "#3"},
				"east": {"uv": [7.984, 0.5, 0.016, 1.5], "rotation": 90, "texture": "#3"},
				"south": {"uv": [0.016, 1.984, 7.984, 0.016], "rotation": 90, "texture": "#3"},
				"west": {"uv": [8.5, 0.5, 0.016, 1.5], "rotation": 90, "texture": "#3"},
				"up": {"uv": [0.016, 1.984, 0.984, 0.016], "rotation": 90, "texture": "#3", "cullface": "up"},
				"down": {"uv": [0.016, 1.984, 0.984, 0.016], "rotation": 270, "texture": "#3"}
			}
		},
		{
			"from": [11.63073, 0.50973, 7],
			"to": [13.63073, 17.50973, 8],
			"rotation": {"angle": 22.5, "axis": "z", "origin": [13.13073, 6.00973, 7.5]},
			"faces": {
				"north": {"uv": [0.016, 1.984, 7.984, 0.016], "rotation": 270, "texture": "#3"},
				"east": {"uv": [7.984, 0.5, 0.016, 1.5], "rotation": 90, "texture": "#3"},
				"south": {"uv": [0.016, 1.984, 7.984, 0.016], "rotation": 90, "texture": "#3"},
				"west": {"uv": [8.5, 0.5, 0.016, 1.5], "rotation": 90, "texture": "#3"},
				"up": {"uv": [0.016, 1.984, 0.984, 0.016], "rotation": 90, "texture": "#3", "cullface": "up"},
				"down": {"uv": [0.016, 1.984, 0.984, 0.016], "rotation": 270, "texture": "#3"}
			}
		},
		{
			"from": [7.53853, 7.70525, 8],
			"to": [9.53853, 17.70525, 9],
			"rotation": {"angle": -22.5, "axis": "z", "origin": [8.53853, 8.70525, 8.5]},
			"faces": {
				"north": {"uv": [0.016, 1.984, 7.984, 0.016], "rotation": 270, "texture": "#3"},
				"east": {"uv": [7.984, 0.5, 0.016, 1.5], "rotation": 90, "texture": "#3"},
				"south": {"uv": [0.016, 1.984, 7.984, 0.016], "rotation": 90, "texture": "#3"},
				"west": {"uv": [8.5, 0.5, 0.016, 1.5], "rotation": 90, "texture": "#3"},
				"up": {"uv": [0.016, 1.984, 0.984, 0.016], "rotation": 90, "texture": "#3", "cullface": "up"},
				"down": {"uv": [0.016, 1.984, 0.984, 0.016], "rotation": 270, "texture": "#3"}
			}
		},
		{
			"from": [13.66147, 7.70525, 7],
			"to": [15.66147, 17.70525, 8],
			"rotation": {"angle": 22.5, "axis": "z", "origin": [14.66147, 8.70525, 7.5]},
			"faces": {
				"north": {"uv": [0.016, 1.984, 7.984, 0.016], "rotation": 270, "texture": "#3"},
				"east": {"uv": [7.984, 0.5, 0.016, 1.5], "rotation": 90, "texture": "#3"},
				"south": {"uv": [0.016, 1.984, 7.984, 0.016], "rotation": 90, "texture": "#3"},
				"west": {"uv": [8.5, 0.5, 0.016, 1.5], "rotation": 90, "texture": "#3"},
				"up": {"uv": [0.016, 1.984, 0.984, 0.016], "rotation": 90, "texture": "#3", "cullface": "up"},
				"down": {"uv": [0.016, 1.984, 0.984, 0.016], "rotation": 270, "texture": "#3"}
			}
		}
	],
	"display": {
		"thirdperson_righthand": {
			"rotation": [75, 45, 0],
			"translation": [0, 2.5, 0],
			"scale": [0.375, 0.375, 0.375]
		},
		"thirdperson_lefthand": {
			"rotation": [75, 45, 0],
			"translation": [0, 2.5, 0],
			"scale": [0.375, 0.375, 0.375]
		},
		"firstperson_righthand": {
			"rotation": [0, 45, 0],
			"scale": [0.4, 0.4, 0.4]
		},
		"firstperson_lefthand": {
			"rotation": [0, 225, 0],
			"scale": [0.4, 0.4, 0.4]
		},
		"ground": {
			"translation": [0, 3, 0],
			"scale": [0.3, 0.3, 0.3]
		},
		"gui": {
			"rotation": [30, 225, 0],
			"scale": [0.625, 0.625, 0.625]
		},
		"head": {
			"rotation": [0, 90, 0],
			"translation": [0, 13.25, 0]
		},
		"fixed": {
			"rotation": [0, 90, 0],
			"scale": [0.5, 0.5, 0.5]
		}
	},
	"groups": [0, 1, 2, 3,
		{
			"name": "gate",
			"children": [4, 5, 6, 7, 8, 9]
		}
	]
}