{
	"credit": "Made with Blockbench",
	"textures": {
		"3": "block/spruce_fence"
	},
	"elements": [
		{
			"from": [6, 10.4, 7.5],
			"to": [6.5, 10.9, 9.51955],
			"faces": {
				"west": {"uv": [3.5, 15.5, 1.5, 15.984], "texture": "#3"},
				"up": {"uv": [2.016, 15.984, 3.984, 15.5], "rotation": 270, "texture": "#3"},
				"down": {"uv": [2.5, 15.984, 4.5, 15.5], "rotation": 270, "texture": "#3"}
			}
		},
		{
			"from": [7.5, 10.4, 6],
			"to": [9.5, 10.9, 6.5],
			"faces": {
				"north": {"uv": [2.984, 15.5, 1.016, 15.984], "texture": "#3"},
				"up": {"uv": [3.5, 15.5, 1.5, 15.984], "texture": "#3"},
				"down": {"uv": [3.984, 15.5, 2.016, 15.984], "rotation": 180, "texture": "#3"}
			}
		},
		{
			"from": [9.5, 10.4, 6.5],
			"to": [10, 10.9, 7.5],
			"faces": {
				"east": {"uv": [1.984, 15.5, 1.016, 15.984], "texture": "#3"},
				"up": {"uv": [1.5, 15.984, 1.984, 15.5], "rotation": 270, "texture": "#3"},
				"down": {"uv": [5.5, 15.984, 5.984, 15.5], "rotation": 90, "texture": "#3"}
			}
		},
		{
			"from": [9.03553, 10.4, 9.29289],
			"to": [10.53553, 10.9, 9.79289],
			"rotation": {"angle": 45, "axis": "y", "origin": [7.5, 10.9, 9.29289]},
			"faces": {
				"north": {"uv": [0.5, 15.016, 0.016, 15.5], "texture": "#3"},
				"south": {"uv": [3.5, 15.5, 2.016, 15.984], "texture": "#3"},
				"west": {"uv": [1.984, 15.5, 1.5, 15.984], "texture": "#3"},
				"up": {"uv": [3.984, 15.5, 2.5, 15.984], "texture": "#3"},
				"down": {"uv": [3.984, 15.5, 2.5, 15.984], "rotation": 180, "texture": "#3"}
			}
		},
		{
			"from": [9.29289, 10.4, 6.5],
			"to": [10, 10.9, 7],
			"rotation": {"angle": -45, "axis": "y", "origin": [10, 10.9, 6.5]},
			"faces": {
				"north": {"uv": [5.984, 15.5, 5.5, 15.984], "texture": "#3"},
				"up": {"uv": [5.984, 15.5, 5.5, 15.984], "rotation": 180, "texture": "#3"},
				"down": {"uv": [5.984, 15.5, 5.5, 15.984], "rotation": 180, "texture": "#3"}
			}
		},
		{
			"from": [5.67157, 10.4, 6.70711],
			"to": [7.79289, 10.9, 7.20711],
			"rotation": {"angle": 45, "axis": "y", "origin": [6.79289, 10.9, 6.70711]},
			"faces": {
				"north": {"uv": [2.984, 15.5, 1.016, 15.984], "texture": "#3"},
				"south": {"uv": [0.5, 15.016, 0.016, 15.5], "texture": "#3"},
				"up": {"uv": [3.5, 15.5, 1.5, 15.984], "rotation": 180, "texture": "#3"},
				"down": {"uv": [3.5, 15.5, 1.5, 15.984], "rotation": 180, "texture": "#3"}
			}
		},
		{
			"from": [7.03553, 9.9, 9.29289],
			"to": [8.53553, 10.4, 9.79289],
			"rotation": {"angle": 45, "axis": "y", "origin": [7.5, 10.9, 9.29289]},
			"faces": {
				"north": {"uv": [0.5, 15.016, 0.016, 15.5], "texture": "#3"},
				"east": {"uv": [0.984, 15.5, 0.5, 15.984], "texture": "#3"},
				"south": {"uv": [3.5, 15.5, 2.016, 15.984], "texture": "#3"},
				"up": {"uv": [3.984, 15.5, 2.5, 15.984], "texture": "#3"},
				"down": {"uv": [3.984, 15.5, 2.5, 15.984], "rotation": 180, "texture": "#3"}
			}
		},
		{
			"from": [8.53553, 10.15, 9.29289],
			"to": [9.03553, 10.65, 9.79289],
			"rotation": {"angle": 45, "axis": "y", "origin": [7.5, 10.9, 9.29289]},
			"faces": {
				"north": {"uv": [0.5, 15.016, 0.016, 15.5], "texture": "#3"},
				"east": {"uv": [0.984, 15.5, 0.5, 15.984], "texture": "#3"},
				"south": {"uv": [2.5, 15.5, 2.016, 15.984], "texture": "#3"},
				"west": {"uv": [0.984, 15.5, 0.5, 15.984], "texture": "#3"},
				"up": {"uv": [2.5, 15.984, 2.984, 15.5], "rotation": 270, "texture": "#3"},
				"down": {"uv": [2.5, 15.984, 2.984, 15.5], "rotation": 90, "texture": "#3"}
			}
		},
		{
			"from": [7.02513, 9.9, 9.47487],
			"to": [7.52513, 10.4, 9.97487],
			"faces": {
				"north": {"uv": [0.984, 15.5, 0.5, 15.984], "texture": "#3"},
				"east": {"uv": [2.5, 15.5, 2.016, 15.984], "texture": "#3"},
				"south": {"uv": [0.984, 15.5, 0.5, 15.984], "texture": "#3"},
				"west": {"uv": [0.5, 15.016, 0.016, 15.5], "texture": "#3"},
				"up": {"uv": [2.984, 15.5, 2.5, 15.984], "texture": "#3"},
				"down": {"uv": [2.984, 15.5, 2.5, 15.984], "texture": "#3"}
			}
		},
		{
			"from": [6.52513, 10.15, 9.47487],
			"to": [7.02513, 10.65, 9.97487],
			"faces": {
				"north": {"uv": [1.5, 15.5, 1.016, 15.984], "texture": "#3"},
				"east": {"uv": [2.5, 15.5, 2.016, 15.984], "texture": "#3"},
				"south": {"uv": [1.5, 15.5, 1.016, 15.984], "texture": "#3"},
				"west": {"uv": [1.5, 15.5, 1.016, 15.984], "texture": "#3"},
				"up": {"uv": [1.016, 15.984, 1.5, 15.5], "rotation": 270, "texture": "#3"},
				"down": {"uv": [2.984, 15.5, 2.5, 15.984], "texture": "#3"}
			}
		},
		{
			"from": [6.10355, 10.4, 9.26955],
			"to": [6.80355, 10.9, 9.76955],
			"rotation": {"angle": -45, "axis": "y", "origin": [6.35355, 10.65, 9.51955]},
			"faces": {
				"north": {"uv": [1.5, 15.5, 1.016, 15.984], "texture": "#3"},
				"east": {"uv": [2.5, 15.5, 2.016, 15.984], "texture": "#3"},
				"south": {"uv": [1.5, 15.5, 1.016, 15.984], "texture": "#3"},
				"west": {"uv": [1.5, 15.5, 1.016, 15.984], "texture": "#3"},
				"up": {"uv": [1.016, 15.984, 1.5, 15.5], "rotation": 270, "texture": "#3"},
				"down": {"uv": [2.984, 15.5, 2.5, 15.984], "texture": "#3"}
			}
		},
		{
			"from": [6, 3.95, 7.5],
			"to": [6.5, 4.45, 9.51955],
			"faces": {
				"west": {"uv": [3.5, 15.5, 1.5, 15.984], "texture": "#3"},
				"up": {"uv": [2.016, 15.984, 3.984, 15.5], "rotation": 270, "texture": "#3"},
				"down": {"uv": [2.5, 15.984, 4.5, 15.5], "rotation": 270, "texture": "#3"}
			}
		},
		{
			"from": [7.5, 3.95, 6],
			"to": [9.5, 4.45, 6.5],
			"faces": {
				"north": {"uv": [2.984, 15.5, 1.016, 15.984], "texture": "#3"},
				"up": {"uv": [3.5, 15.5, 1.5, 15.984], "texture": "#3"},
				"down": {"uv": [3.984, 15.5, 2.016, 15.984], "rotation": 180, "texture": "#3"}
			}
		},
		{
			"from": [9.5, 3.95, 6.5],
			"to": [10, 4.45, 7.5],
			"faces": {
				"east": {"uv": [1.984, 15.5, 1.016, 15.984], "texture": "#3"},
				"up": {"uv": [1.5, 15.984, 1.984, 15.5], "rotation": 270, "texture": "#3"},
				"down": {"uv": [5.5, 15.984, 5.984, 15.5], "rotation": 90, "texture": "#3"}
			}
		},
		{
			"from": [9.03553, 3.95, 9.29289],
			"to": [10.53553, 4.45, 9.79289],
			"rotation": {"angle": 45, "axis": "y", "origin": [7.5, 4.45, 9.29289]},
			"faces": {
				"north": {"uv": [0.5, 15.016, 0.016, 15.5], "texture": "#3"},
				"south": {"uv": [3.5, 15.5, 2.016, 15.984], "texture": "#3"},
				"west": {"uv": [1.984, 15.5, 1.5, 15.984], "texture": "#3"},
				"up": {"uv": [3.984, 15.5, 2.5, 15.984], "texture": "#3"},
				"down": {"uv": [3.984, 15.5, 2.5, 15.984], "rotation": 180, "texture": "#3"}
			}
		},
		{
			"from": [9.29289, 3.95, 6.5],
			"to": [10, 4.45, 7],
			"rotation": {"angle": -45, "axis": "y", "origin": [10, 4.45, 6.5]},
			"faces": {
				"north": {"uv": [5.984, 15.5, 5.5, 15.984], "texture": "#3"},
				"up": {"uv": [5.984, 15.5, 5.5, 15.984], "rotation": 180, "texture": "#3"},
				"down": {"uv": [5.984, 15.5, 5.5, 15.984], "rotation": 180, "texture": "#3"}
			}
		},
		{
			"from": [5.67157, 3.95, 6.70711],
			"to": [7.79289, 4.45, 7.20711],
			"rotation": {"angle": 45, "axis": "y", "origin": [6.79289, 4.45, 6.70711]},
			"faces": {
				"north": {"uv": [2.984, 15.5, 1.016, 15.984], "texture": "#3"},
				"south": {"uv": [0.5, 15.016, 0.016, 15.5], "texture": "#3"},
				"up": {"uv": [3.5, 15.5, 1.5, 15.984], "rotation": 180, "texture": "#3"},
				"down": {"uv": [3.5, 15.5, 1.5, 15.984], "rotation": 180, "texture": "#3"}
			}
		},
		{
			"from": [7.03553, 3.45, 9.29289],
			"to": [8.53553, 3.95, 9.79289],
			"rotation": {"angle": 45, "axis": "y", "origin": [7.5, 4.45, 9.29289]},
			"faces": {
				"north": {"uv": [0.5, 15.016, 0.016, 15.5], "texture": "#3"},
				"east": {"uv": [0.984, 15.5, 0.5, 15.984], "texture": "#3"},
				"south": {"uv": [3.5, 15.5, 2.016, 15.984], "texture": "#3"},
				"up": {"uv": [3.984, 15.5, 2.5, 15.984], "texture": "#3"},
				"down": {"uv": [3.984, 15.5, 2.5, 15.984], "rotation": 180, "texture": "#3"}
			}
		},
		{
			"from": [8.53553, 3.7, 9.29289],
			"to": [9.03553, 4.2, 9.79289],
			"rotation": {"angle": 45, "axis": "y", "origin": [7.5, 4.45, 9.29289]},
			"faces": {
				"north": {"uv": [0.5, 15.016, 0.016, 15.5], "texture": "#3"},
				"east": {"uv": [0.984, 15.5, 0.5, 15.984], "texture": "#3"},
				"south": {"uv": [2.5, 15.5, 2.016, 15.984], "texture": "#3"},
				"west": {"uv": [0.984, 15.5, 0.5, 15.984], "texture": "#3"},
				"up": {"uv": [2.5, 15.984, 2.984, 15.5], "rotation": 270, "texture": "#3"},
				"down": {"uv": [2.5, 15.984, 2.984, 15.5], "rotation": 90, "texture": "#3"}
			}
		},
		{
			"from": [7.02513, 3.45, 9.47487],
			"to": [7.52513, 3.95, 9.97487],
			"faces": {
				"north": {"uv": [0.984, 15.5, 0.5, 15.984], "texture": "#3"},
				"east": {"uv": [2.5, 15.5, 2.016, 15.984], "texture": "#3"},
				"south": {"uv": [0.984, 15.5, 0.5, 15.984], "texture": "#3"},
				"west": {"uv": [0.5, 15.016, 0.016, 15.5], "texture": "#3"},
				"up": {"uv": [2.984, 15.5, 2.5, 15.984], "texture": "#3"},
				"down": {"uv": [2.984, 15.5, 2.5, 15.984], "texture": "#3"}
			}
		},
		{
			"from": [6.52513, 3.7, 9.47487],
			"to": [7.02513, 4.2, 9.97487],
			"faces": {
				"north": {"uv": [1.5, 15.5, 1.016, 15.984], "texture": "#3"},
				"east": {"uv": [2.5, 15.5, 2.016, 15.984], "texture": "#3"},
				"south": {"uv": [1.5, 15.5, 1.016, 15.984], "texture": "#3"},
				"west": {"uv": [1.5, 15.5, 1.016, 15.984], "texture": "#3"},
				"up": {"uv": [1.016, 15.984, 1.5, 15.5], "rotation": 270, "texture": "#3"},
				"down": {"uv": [2.984, 15.5, 2.5, 15.984], "texture": "#3"}
			}
		},
		{
			"from": [6.10355, 3.95, 9.26955],
			"to": [6.80355, 4.45, 9.76955],
			"rotation": {"angle": -45, "axis": "y", "origin": [6.35355, 4.2, 9.51955]},
			"faces": {
				"north": {"uv": [1.5, 15.5, 1.016, 15.984], "texture": "#3"},
				"east": {"uv": [2.5, 15.5, 2.016, 15.984], "texture": "#3"},
				"south": {"uv": [1.5, 15.5, 1.016, 15.984], "texture": "#3"},
				"west": {"uv": [1.5, 15.5, 1.016, 15.984], "texture": "#3"},
				"up": {"uv": [1.016, 15.984, 1.5, 15.5], "rotation": 270, "texture": "#3"},
				"down": {"uv": [2.984, 15.5, 2.5, 15.984], "texture": "#3"}
			}
		},
		{
			"from": [6, 7.2, 7.5],
			"to": [6.5, 7.7, 9.51955],
			"faces": {
				"west": {"uv": [3.5, 15.5, 1.5, 15.984], "texture": "#3"},
				"up": {"uv": [2.016, 15.984, 3.984, 15.5], "rotation": 270, "texture": "#3"},
				"down": {"uv": [2.5, 15.984, 4.5, 15.5], "rotation": 270, "texture": "#3"}
			}
		},
		{
			"from": [7.5, 7.2, 6],
			"to": [9.5, 7.7, 6.5],
			"faces": {
				"north": {"uv": [2.984, 15.5, 1.016, 15.984], "texture": "#3"},
				"up": {"uv": [3.5, 15.5, 1.5, 15.984], "texture": "#3"},
				"down": {"uv": [3.984, 15.5, 2.016, 15.984], "rotation": 180, "texture": "#3"}
			}
		},
		{
			"from": [9.5, 7.2, 6.5],
			"to": [10, 7.7, 7.5],
			"faces": {
				"east": {"uv": [1.984, 15.5, 1.016, 15.984], "texture": "#3"},
				"up": {"uv": [1.5, 15.984, 1.984, 15.5], "rotation": 270, "texture": "#3"},
				"down": {"uv": [5.5, 15.984, 5.984, 15.5], "rotation": 90, "texture": "#3"}
			}
		},
		{
			"from": [9.03553, 7.2, 9.29289],
			"to": [10.53553, 7.7, 9.79289],
			"rotation": {"angle": 45, "axis": "y", "origin": [7.5, 7.7, 9.29289]},
			"faces": {
				"north": {"uv": [0.5, 15.016, 0.016, 15.5], "texture": "#3"},
				"south": {"uv": [3.5, 15.5, 2.016, 15.984], "texture": "#3"},
				"west": {"uv": [1.984, 15.5, 1.5, 15.984], "texture": "#3"},
				"up": {"uv": [3.984, 15.5, 2.5, 15.984], "texture": "#3"},
				"down": {"uv": [3.984, 15.5, 2.5, 15.984], "rotation": 180, "texture": "#3"}
			}
		},
		{
			"from": [9.29289, 7.2, 6.5],
			"to": [10, 7.7, 7],
			"rotation": {"angle": -45, "axis": "y", "origin": [10, 7.7, 6.5]},
			"faces": {
				"north": {"uv": [5.984, 15.5, 5.5, 15.984], "texture": "#3"},
				"up": {"uv": [5.984, 15.5, 5.5, 15.984], "rotation": 180, "texture": "#3"},
				"down": {"uv": [5.984, 15.5, 5.5, 15.984], "rotation": 180, "texture": "#3"}
			}
		},
		{
			"from": [5.67157, 7.2, 6.70711],
			"to": [7.79289, 7.7, 7.20711],
			"rotation": {"angle": 45, "axis": "y", "origin": [6.79289, 7.7, 6.70711]},
			"faces": {
				"north": {"uv": [2.984, 15.5, 1.016, 15.984], "texture": "#3"},
				"south": {"uv": [0.5, 15.016, 0.016, 15.5], "texture": "#3"},
				"up": {"uv": [3.5, 15.5, 1.5, 15.984], "rotation": 180, "texture": "#3"},
				"down": {"uv": [3.5, 15.5, 1.5, 15.984], "rotation": 180, "texture": "#3"}
			}
		},
		{
			"from": [7.03553, 6.7, 9.29289],
			"to": [8.53553, 7.2, 9.79289],
			"rotation": {"angle": 45, "axis": "y", "origin": [7.5, 7.7, 9.29289]},
			"faces": {
				"north": {"uv": [0.5, 15.016, 0.016, 15.5], "texture": "#3"},
				"east": {"uv": [0.984, 15.5, 0.5, 15.984], "texture": "#3"},
				"south": {"uv": [3.5, 15.5, 2.016, 15.984], "texture": "#3"},
				"up": {"uv": [3.984, 15.5, 2.5, 15.984], "texture": "#3"},
				"down": {"uv": [3.984, 15.5, 2.5, 15.984], "rotation": 180, "texture": "#3"}
			}
		},
		{
			"from": [8.53553, 6.95, 9.29289],
			"to": [9.03553, 7.45, 9.79289],
			"rotation": {"angle": 45, "axis": "y", "origin": [7.5, 7.7, 9.29289]},
			"faces": {
				"north": {"uv": [0.5, 15.016, 0.016, 15.5], "texture": "#3"},
				"east": {"uv": [0.984, 15.5, 0.5, 15.984], "texture": "#3"},
				"south": {"uv": [2.5, 15.5, 2.016, 15.984], "texture": "#3"},
				"west": {"uv": [0.984, 15.5, 0.5, 15.984], "texture": "#3"},
				"up": {"uv": [2.5, 15.984, 2.984, 15.5], "rotation": 270, "texture": "#3"},
				"down": {"uv": [2.5, 15.984, 2.984, 15.5], "rotation": 90, "texture": "#3"}
			}
		},
		{
			"from": [7.02513, 6.7, 9.47487],
			"to": [7.52513, 7.2, 9.97487],
			"faces": {
				"north": {"uv": [0.984, 15.5, 0.5, 15.984], "texture": "#3"},
				"east": {"uv": [2.5, 15.5, 2.016, 15.984], "texture": "#3"},
				"south": {"uv": [0.984, 15.5, 0.5, 15.984], "texture": "#3"},
				"west": {"uv": [0.5, 15.016, 0.016, 15.5], "texture": "#3"},
				"up": {"uv": [2.984, 15.5, 2.5, 15.984], "texture": "#3"},
				"down": {"uv": [2.984, 15.5, 2.5, 15.984], "texture": "#3"}
			}
		},
		{
			"from": [6.52513, 6.95, 9.47487],
			"to": [7.02513, 7.45, 9.97487],
			"faces": {
				"north": {"uv": [1.5, 15.5, 1.016, 15.984], "texture": "#3"},
				"east": {"uv": [2.5, 15.5, 2.016, 15.984], "texture": "#3"},
				"south": {"uv": [1.5, 15.5, 1.016, 15.984], "texture": "#3"},
				"west": {"uv": [1.5, 15.5, 1.016, 15.984], "texture": "#3"},
				"up": {"uv": [1.016, 15.984, 1.5, 15.5], "rotation": 270, "texture": "#3"},
				"down": {"uv": [2.984, 15.5, 2.5, 15.984], "texture": "#3"}
			}
		},
		{
			"from": [6.10355, 7.2, 9.26955],
			"to": [6.80355, 7.7, 9.76955],
			"rotation": {"angle": -45, "axis": "y", "origin": [6.35355, 7.45, 9.51955]},
			"faces": {
				"north": {"uv": [1.5, 15.5, 1.016, 15.984], "texture": "#3"},
				"east": {"uv": [2.5, 15.5, 2.016, 15.984], "texture": "#3"},
				"south": {"uv": [1.5, 15.5, 1.016, 15.984], "texture": "#3"},
				"west": {"uv": [1.5, 15.5, 1.016, 15.984], "texture": "#3"},
				"up": {"uv": [1.016, 15.984, 1.5, 15.5], "rotation": 270, "texture": "#3"},
				"down": {"uv": [2.984, 15.5, 2.5, 15.984], "texture": "#3"}
			}
		}
	],
	"groups": [
		{
			"name": "rope 3",
			"children": [0, 1, 2, 3, 4, 5, 6, 7, 8, 9, 10]
		},
		{
			"name": "rope 4",
			"children": [11, 12, 13, 14, 15, 16, 17, 18, 19, 20, 21]
		},
		{
			"name": "rope 2",
			"children": [22, 23, 24, 25, 26, 27, 28, 29, 30, 31, 32]
		}
	]
}