{
	"credit": "Made by CCCode, updated by SyndiShanX",
	"textures": {
		"0": "block/stone_brick_wall",
		"particle": "block/stone_bricks"
	},
	"elements": [
		{
			"name": "Top",
			"from": [6, 14, 0],
			"to": [10, 15, 4],
			"faces": {
				"north": {"uv": [7.5, 9, 9.5, 9.5], "texture": "#0", "cullface": "north"},
				"east": {"uv": [9.5, 9, 7.5, 9.5], "texture": "#0"},
				"west": {"uv": [7.5, 9, 9.5, 9.5], "texture": "#0"},
				"up": {"uv": [7.5, 10.5, 9.5, 12.5], "rotation": 90, "texture": "#0"}
			}
		},
		{
			"name": "Base",
			"from": [5, 13, 0],
			"to": [11, 14, 4],
			"faces": {
				"north": {"uv": [7.5, 9.5, 10.5, 10], "texture": "#0", "cullface": "north"},
				"east": {"uv": [9.5, 9.5, 7.5, 10], "texture": "#0"},
				"west": {"uv": [7.5, 9.5, 9.5, 10], "texture": "#0"},
				"up": {"uv": [7.5, 13, 9.5, 16], "rotation": 90, "texture": "#0"},
				"down": {"uv": [7.5, 13, 9.5, 16], "rotation": 270, "texture": "#0"}
			}
		}
	]
}