{ "textures": {
		"0": "flower_1",
		"1": "flower_2",
		"particle": "flower_1"
	},
	"elements": [
		{ "name": "Flower",
			"from": [0, 2, 0],
			"to": [16, 2, 16],
			"rotation": {"angle": 0, "axis": "y", "origin": [8, 10, 8]},
			"faces": {
				"up": {"uv": [0, 0, 16, 16], "texture": "#0"},
				"down": {"uv": [0, 16, 16, 0], "texture": "#0"}
			}
		},
		{ "from": [4, 1, 3.75],
			"to": [12, 1, 8.25],
			"rotation": {"angle": 22.5, "axis": "x", "origin": [8, 1, 6.25]},
			"faces": {
				"up": {"uv": [0, 0, 8, 4.5], "texture": "#1"},
				"down": {"uv": [0, 4.5, 8, 0], "texture": "#1"}
			}
		},
		{ "from": [4, 1, 7.75],
			"to": [12, 1, 12.25],
			"rotation": {"angle": -22.5, "axis": "x", "origin": [8, 1, 9.75]},
			"faces": {
				"up": {"uv": [8, 9, 16, 4.5], "texture": "#1"},
				"down": {"uv": [8, 4.5, 16, 9], "texture": "#1"}
			}
		},
		{ "from": [7.75, 1, 4],
			"to": [12.25, 1, 12],
			"rotation": {"angle": 22.5, "axis": "z", "origin": [9.75, 1, 8]},
			"faces": {
				"up": {"uv": [8, 0, 16, 4.5], "rotation": 90, "texture": "#1"},
				"down": {"uv": [8, 4.5, 16, 0], "rotation": 270, "texture": "#1"}
			}
		},
		{ "from": [3.75, 1, 4],
			"to": [8.25, 1, 12],
			"rotation": {"angle": -22.5, "axis": "z", "origin": [6.25, 1, 8]},
			"faces": {
				"up": {"uv": [0, 9, 8, 4.5], "rotation": 90, "texture": "#1"},
				"down": {"uv": [0, 4.5, 8, 9], "rotation": 270, "texture": "#1"}
			}
		},
		{ "from": [-2.75, 1.25, 5],
			"to": [4.25, 1.25, 10],
			"rotation": {"angle": 0, "axis": "y", "origin": [0.75, 1.25, 7.5]},
			"faces": {
				"up": {"uv": [0, 9, 5, 16], "rotation": 270, "texture": "#1"},
				"down": {"uv": [0, 16, 5, 9], "rotation": 90, "texture": "#1"}
			}
		},
		{ "from": [-1.75, 1, 9.75],
			"to": [5.25, 1, 14.75],
			"rotation": {"angle": 22.5, "axis": "y", "origin": [1.75, 1, 12.25]},
			"faces": {
				"up": {"uv": [0, 9, 5, 16], "rotation": 270, "texture": "#1"},
				"down": {"uv": [0, 16, 5, 9], "rotation": 90, "texture": "#1"}
			}
		},
		{ "from": [2.5, 1.25, 10.5],
			"to": [7.5, 1.25, 17.5],
			"rotation": {"angle": -22.5, "axis": "y", "origin": [5, 1.25, 14]},
			"faces": {
				"up": {"uv": [0, 9, 5, 16], "rotation": 180, "texture": "#1"},
				"down": {"uv": [0, 16, 5, 9], "rotation": 180, "texture": "#1"}
			}
		},
		{ "from": [8.5, 1, 10.25],
			"to": [13.5, 1, 17.25],
			"rotation": {"angle": 22.5, "axis": "y", "origin": [11, 1, 13.75]},
			"faces": {
				"up": {"uv": [0, 9, 5, 16], "rotation": 180, "texture": "#1"},
				"down": {"uv": [0, 16, 5, 9], "rotation": 180, "texture": "#1"}
			}
		},
		{ "from": [11, 1.25, 8.75],
			"to": [16, 1.25, 15.75],
			"rotation": {"angle": 45, "axis": "y", "origin": [13.5, 1.25, 12.25]},
			"faces": {
				"up": {"uv": [0, 9, 5, 16], "rotation": 180, "texture": "#1"},
				"down": {"uv": [0, 16, 5, 9], "rotation": 180, "texture": "#1"}
			}
		},
		{ "from": [11, 1, 4.75],
			"to": [18, 1, 9.75],
			"rotation": {"angle": 0, "axis": "y", "origin": [14.5, 1, 7.25]},
			"faces": {
				"up": {"uv": [0, 9, 5, 16], "rotation": 90, "texture": "#1"},
				"down": {"uv": [0, 16, 5, 9], "rotation": 270, "texture": "#1"}
			}
		},
		{ "from": [10, 1.25, 0.75],
			"to": [17, 1.25, 5.75],
			"rotation": {"angle": 45, "axis": "y", "origin": [13.5, 1.25, 3.25]},
			"faces": {
				"up": {"uv": [0, 9, 5, 16], "rotation": 90, "texture": "#1"},
				"down": {"uv": [0, 16, 5, 9], "rotation": 270, "texture": "#1"}
			}
		},
		{ "from": [8.25, 1, -1.5],
			"to": [13.25, 1, 5.5],
			"rotation": {"angle": -22.5, "axis": "y", "origin": [10.75, 1, 2]},
			"faces": {
				"up": {"uv": [0, 9, 5, 16], "texture": "#1"},
				"down": {"uv": [0, 16, 5, 9], "texture": "#1"}
			}
		},
		{ "from": [1.75, 1, -1.5],
			"to": [6.75, 1, 5.5],
			"rotation": {"angle": 22.5, "axis": "y", "origin": [4.25, 1, 2]},
			"faces": {
				"up": {"uv": [0, 9, 5, 16], "texture": "#1"},
				"down": {"uv": [0, 16, 5, 9], "texture": "#1"}
			}
		},
		{ "from": [8, 0.25, 5.25],
			"to": [8, 6.25, 10.75],
			"rotation": {"angle": -45, "axis": "y", "origin": [8, 3.25, 8]},
			"faces": {
				"east": {"uv": [10.5, 16, 16, 10], "rotation": 180, "texture": "#1"},
				"west": {"uv": [10.5, 16, 16, 10], "rotation": 180, "texture": "#1"}
			}
		},
		{ "from": [5.25, 0.25, 8],
			"to": [10.75, 6.25, 8],
			"rotation": {"angle": -45, "axis": "y", "origin": [8, 3.25, 8]},
			"faces": {
				"north": {"uv": [10.5, 16, 16, 10], "rotation": 180, "texture": "#1"},
				"south": {"uv": [10.5, 16, 16, 10], "rotation": 180, "texture": "#1"}
			}
		}
	],
	"groups": [0,
		{
			"name": "Inner Flower",
			"origin": [6.25, 1, 8],
			"children": [1, 2, 3, 4]
		},
		{
			"name": "Leaves",
			"origin": [0.5, 1.25, 7.5],
			"children": [5, 6, 7, 8, 9, 10, 11, 12, 13]
		},
		{
			"name": "Cross",
			"origin": [8, 3.25, 8],
			"children": [14, 15]
		}
	]
}