{
	"credit": "Made by WantedRobot, and SyndiShanX",
	"ambientocclusion": false,
	"textures": {
		"0": "block/tall_grass/1",
		"particle": "block/tall_grass/1"
	},
	"elements": [
		{
			"from": [-2.2, -16, 8],
			"to": [18.2, 16, 8],
			"shade": false,
			"faces": {
				"north": {"uv": [4, 0, 12, 16], "texture": "#0", "tintindex": 0},
				"south": {"uv": [4, 0, 12, 16], "texture": "#0", "tintindex": 0}
			}
		},
		{
			"from": [8, -16, -2.2],
			"to": [8, 16, 18.2],
			"shade": false,
			"faces": {
				"east": {"uv": [4, 0, 12, 16], "texture": "#0", "tintindex": 0},
				"west": {"uv": [4, 0, 12, 16], "texture": "#0", "tintindex": 0}
			}
		}
	]
}