{
	"credit": "Made with Blockbench, model by LTK1",
	"ambientocclusion": false,
	"textures": {
		"0": "blocks/door_iron_rim",
		"particle": "blocks/door_iron_upper"
	},
	"elements": [
		{
			"name": "Leftblock",
			"from": [0, 0, 9],
			"to": [3, 16, 16],
			"faces": {
				"north": {
					"uv": [2.984, 0.016, 0.016, 15.984],
					"texture": "#0"
				},
				"east": {
					"uv": [0.016, 0.016, 6.984, 15.984],
					"texture": "#particle"
				},
				"south": {
					"uv": [11.484, 0.016, 8.516, 15.984],
					"texture": "#0",
					"cullface": "north"
				},
				"west": {
					"uv": [6.984, 0.016, 0.016, 15.984],
					"texture": "#particle",
					"cullface": "west"
				},
				"up": {
					"uv": [13.016, 5.984, 15.984, 0.016],
					"texture": "#0",
					"cullface": "up"
				}
			},
			"rotation": {
				"origin": [8, 8, 8],
				"axis": "y",
				"angle": 0
			},
			"type": "cube"
		},
		{
			"name": "Rightblock",
			"from": [0, 0, 0],
			"to": [3, 16, 7],
			"faces": {
				"north": {
					"uv": [8.516, 0.016, 11.484, 15.984],
					"texture": "#0",
					"cullface": "south"
				},
				"east": {
					"uv": [9.016, 0.016, 15.984, 15.984],
					"texture": "#particle"
				},
				"south": {
					"uv": [2.984, 0.016, 0.016, 15.984],
					"texture": "#0",
					"rotation": 180
				},
				"west": {
					"uv": [15.984, 0.016, 9.016, 15.984],
					"texture": "#particle",
					"cullface": "west"
				},
				"up": {
					"uv": [13.016, 15.984, 15.984, 10.016],
					"texture": "#0",
					"cullface": "up"
				}
			},
			"type": "cube"
		},
		{
			"name": "Bottomblock",
			"from": [0, 0, 7],
			"to": [3, 2, 9],
			"faces": {
				"east": {
					"uv": [7.016, 14.016, 8.984, 15.984],
					"texture": "#particle"
				},
				"west": {
					"uv": [8.984, 14.016, 7.016, 15.984],
					"texture": "#particle",
					"cullface": "west"
				},
				"up": {
					"uv": [0.016, 10.484, 2.984, 4.516],
					"texture": "#0"
				}
			},
			"rotation": {
				"origin": [8, 8, 4],
				"axis": "y",
				"angle": 0
			},
			"type": "cube"
		},
		{
			"name": "Topblock",
			"from": [0, 10, 7],
			"to": [3, 16, 9],
			"faces": {
				"east": {
					"uv": [7.016, 0.016, 8.984, 5.984],
					"texture": "#particle"
				},
				"west": {
					"uv": [8.984, 0.016, 7.016, 5.984],
					"texture": "#particle"
				},
				"up": {
					"uv": [13.016, 9.484, 15.984, 5.516],
					"texture": "#0"
				},
				"down": {
					"uv": [0.016, 8.984, 2.984, 5.016],
					"texture": "#0"
				}
			},
			"type": "cube"
		}
	]
}