{
	"credit": "Made with Blockbench, model by LTK1",
	"ambientocclusion": false,
	"textures": {
		"0": "blocks/door_iron_rim",
		"particle": "blocks/door_iron_lower"
	},
	"elements": [
		{
			"name": "cube",
			"from": [0, 0, 0],
			"to": [3, 16, 16],
			"faces": {
				"north": {
					"uv": [7.484, 0.016, 4.516, 15.984],
					"texture": "#0",
					"cullface": "south"
				},
				"east": {
					"uv": [0.016, 0.016, 15.984, 15.984],
					"texture": "#particle"
				},
				"south": {
					"uv": [4.516, 0.016, 7.484, 15.984],
					"texture": "#0",
					"cullface": "north"
				},
				"west": {
					"uv": [15.984, 0.016, 0.016, 15.984],
					"texture": "#particle",
					"cullface": "west"
				},
				"down": {
					"uv": [13.016, 15.984, 15.984, 0.016],
					"texture": "#0",
					"cullface": "down"
				}
			},
			"type": "cube"
		}
	]
}