{
	"credit": "Made by NiceGuyNate aka swimfreak",
	"ambientocclusion": false,
	"textures": {
		"bottom": "block/doors/cherry_door_bottom",
		"sides": "block/doors/cherry_door_sides",
		"particle": "block/doors/cherry_door_bottom"
	},
	"elements": [
		{
			"name": "Door Bottom Paper",
			"from": [0.5, 1.5, 2.5],
			"to": [2.5, 16, 15.5],
			"rotation": {"angle": 0, "axis": "y", "origin": [2.5, 0, 8]},
			"faces": {
				"north": {"uv": [0, 0, 0.75, 7.25], "texture": "#sides"},
				"east": {"uv": [14.5, 0, 1.5, 14.5], "texture": "#bottom"},
				"south": {"uv": [0, 0, 0.75, 7.25], "texture": "#sides"},
				"west": {"uv": [1.5, 0, 14.5, 14.5], "texture": "#bottom"},
				"down": {"uv": [0, 0, 0.75, 6.5], "rotation": 180, "texture": "#sides"}
			}
		},
		{
			"name": "Door Bottom Plank",
			"from": [0, 0, 15.5],
			"to": [3, 16, 17],
			"rotation": {"angle": 0, "axis": "y", "origin": [2.5, 0, 8]},
			"faces": {
				"north": {"uv": [3, 0, 6, 16], "texture": "#sides"},
				"east": {"uv": [16, 0, 14.5, 16], "texture": "#bottom"},
				"south": {"uv": [3, 0, 6, 16], "texture": "#sides"},
				"west": {"uv": [14.5, 0, 16, 16], "texture": "#bottom"},
				"down": {"uv": [0, 14.5, 3, 16], "rotation": 180, "texture": "#sides"}
			}
		},
		{
			"name": "Door Bottom Plank",
			"from": [0, 0, 1],
			"to": [3, 16, 2.5],
			"rotation": {"angle": 0, "axis": "y", "origin": [2.5, 0, 8]},
			"faces": {
				"north": {"uv": [3, 0, 6, 16], "texture": "#sides"},
				"east": {"uv": [1.5, 0, 0, 16], "texture": "#bottom"},
				"south": {"uv": [0, 0, 3, 16], "texture": "#sides"},
				"west": {"uv": [0, 0, 1.5, 16], "texture": "#bottom"},
				"down": {"uv": [0, 0, 3, 1.5], "rotation": 180, "texture": "#sides"}
			}
		},
		{
			"name": "Door Bottom Plank",
			"from": [0, 0, 2.5],
			"to": [3, 1.5, 15.5],
			"rotation": {"angle": 0, "axis": "y", "origin": [2.5, 0, 8]},
			"faces": {
				"north": {"uv": [0, 0, 1, 0.75], "texture": "#sides"},
				"east": {"uv": [14.5, 14.5, 1.5, 16], "texture": "#bottom"},
				"south": {"uv": [0, 0, 1, 0.75], "texture": "#sides"},
				"west": {"uv": [1.5, 14.5, 14.5, 16], "texture": "#bottom"},
				"up": {"uv": [0, 1.5, 3, 14.5], "rotation": 180, "texture": "#sides"},
				"down": {"uv": [0, 1.5, 3, 14.5], "rotation": 180, "texture": "#sides"}
			}
		},
		{
			"name": "Door Bottom Plank",
			"from": [0, 10.5, 2.5],
			"to": [3, 12, 15.5],
			"rotation": {"angle": 0, "axis": "y", "origin": [2.5, 0, 8]},
			"faces": {
				"north": {"uv": [0, 0, 1, 0.75], "texture": "#sides"},
				"east": {"uv": [14.5, 4, 1.5, 5.5], "texture": "#bottom"},
				"south": {"uv": [0, 0, 1, 0.75], "texture": "#sides"},
				"west": {"uv": [1.5, 4, 14.5, 5.5], "texture": "#bottom"},
				"up": {"uv": [0, 1.5, 3, 14.5], "rotation": 180, "texture": "#sides"},
				"down": {"uv": [0, 1.5, 3, 14.5], "rotation": 180, "texture": "#sides"}
			}
		},
		{
			"name": "Door Bottom Plank",
			"from": [0, 4.5, 2.5],
			"to": [3, 6, 15.5],
			"rotation": {"angle": 0, "axis": "y", "origin": [2.5, 0, 8]},
			"faces": {
				"north": {"uv": [0, 0, 1, 0.75], "texture": "#sides"},
				"east": {"uv": [14.5, 10, 1.5, 11.5], "texture": "#bottom"},
				"south": {"uv": [0, 0, 1, 0.75], "texture": "#sides"},
				"west": {"uv": [1.5, 10, 14.5, 11.5], "texture": "#bottom"},
				"up": {"uv": [0, 1.5, 3, 14.5], "rotation": 180, "texture": "#sides"},
				"down": {"uv": [0, 1.5, 3, 14.5], "rotation": 180, "texture": "#sides"}
			}
		},
		{
			"name": "Door Bottom Plank",
			"from": [0, 1.5, 6],
			"to": [3, 16, 7.5],
			"rotation": {"angle": 0, "axis": "y", "origin": [2.5, 0, 8]},
			"faces": {
				"north": {"uv": [0, 1, 3, 15.5], "texture": "#sides"},
				"east": {"uv": [6.5, 0, 5, 14.5], "texture": "#bottom"},
				"south": {"uv": [0, 1, 3, 15.5], "texture": "#sides"},
				"west": {"uv": [5, 0, 6.5, 14.5], "texture": "#bottom"},
				"down": {"uv": [0, 0, 1, 0.75], "rotation": 180, "texture": "#sides"}
			}
		},
		{
			"name": "Door Bottom Plank",
			"from": [0, 1.5, 10.5],
			"to": [3, 16, 12],
			"rotation": {"angle": 0, "axis": "y", "origin": [2.5, 0, 8]},
			"faces": {
				"north": {"uv": [0, 1, 3, 15.5], "texture": "#sides"},
				"east": {"uv": [11, 0, 9.5, 14.5], "texture": "#bottom"},
				"south": {"uv": [0, 1, 3, 15.5], "texture": "#sides"},
				"west": {"uv": [9.5, 0, 11, 14.5], "texture": "#bottom"},
				"down": {"uv": [0, 0, 1, 0.75], "rotation": 180, "texture": "#sides"}
			}
		},
		{
			"name": "Door Bottom Hinge",
			"from": [-0.25, 3.9, 0.76],
			"to": [3.25, 6.6, 2.52],
			"rotation": {"angle": 0, "axis": "y", "origin": [2.5, 0, 8]},
			"faces": {
				"north": {"uv": [9, 0, 12, 2.5], "texture": "#sides"},
				"east": {"uv": [1.375, 9.5, 0, 12], "texture": "#bottom"},
				"south": {"uv": [9, 0, 12, 2.5], "texture": "#sides"},
				"west": {"uv": [0, 9.5, 1.375, 12], "texture": "#bottom"},
				"up": {"uv": [9, 0, 12, 2.5], "rotation": 180, "texture": "#sides"},
				"down": {"uv": [9, 0, 12, 2.5], "rotation": 180, "texture": "#sides"}
			}
		},
		{
			"name": "Door Bottom Hinge",
			"from": [-0.25, 4.4, 2.51],
			"to": [3.25, 6.1, 3.01],
			"rotation": {"angle": 0, "axis": "y", "origin": [2.5, 0, 8]},
			"faces": {
				"north": {"uv": [9, 0, 12, 2.5], "texture": "#sides"},
				"east": {"uv": [2, 10, 1.5, 11.5], "texture": "#bottom"},
				"south": {"uv": [9, 0, 12, 2.5], "texture": "#sides"},
				"west": {"uv": [1.5, 10, 2, 11.5], "texture": "#bottom"},
				"up": {"uv": [9, 0, 12, 0.5], "rotation": 180, "texture": "#sides"},
				"down": {"uv": [9, 0, 12, 0.5], "rotation": 180, "texture": "#sides"}
			}
		},
		{
			"name": "Door Bottom Handle",
			"from": [0, 12, 12],
			"to": [3, 16, 15.5],
			"rotation": {"angle": 0, "axis": "y", "origin": [2.5, 0, 8]},
			"faces": {
				"north": {"uv": [0, 0, 1, 0.25], "texture": "#sides"},
				"east": {"uv": [14.5, 0, 11, 4], "texture": "#bottom"},
				"south": {"uv": [0, 0, 1, 0.25], "texture": "#sides"},
				"west": {"uv": [11, 0, 14.5, 4], "texture": "#bottom"},
				"down": {"uv": [0, 11, 3, 14.5], "rotation": 180, "texture": "#sides"}
			}
		},
		{
			"name": "Door Bottom Handle",
			"from": [-0.15, 12.5, 12],
			"to": [3.15, 14.5, 15.5],
			"rotation": {"angle": 0, "axis": "y", "origin": [2.5, 0, 8]},
			"faces": {
				"north": {"uv": [13, 1.5, 13.5, 3.5], "texture": "#sides"},
				"east": {"uv": [14.5, 1.5, 11, 3.5], "texture": "#bottom"},
				"south": {"uv": [13, 1.5, 13.525, 3.425], "texture": "#sides"},
				"west": {"uv": [11, 1.5, 14.5, 3.5], "texture": "#bottom"},
				"up": {"uv": [11, 1, 14.5, 1.5], "rotation": 180, "texture": "#sides"},
				"down": {"uv": [11, 1, 14.5, 1.5], "rotation": 180, "texture": "#sides"}
			}
		},
		{
			"name": "Door Bottom Handle",
			"from": [-0.15, 12, 12.5],
			"to": [3.15, 15, 15],
			"rotation": {"angle": 0, "axis": "y", "origin": [2.5, 0, 8]},
			"faces": {
				"north": {"uv": [14, 1, 14.5, 4], "texture": "#sides"},
				"east": {"uv": [14, 1, 11.5, 4], "texture": "#bottom"},
				"south": {"uv": [11, 1, 11.5, 4], "texture": "#sides"},
				"west": {"uv": [11.5, 1, 14, 4], "texture": "#bottom"},
				"up": {"uv": [11.5, 3.5, 14, 4], "rotation": 180, "texture": "#sides"},
				"down": {"uv": [11.5, 1, 14, 1.5], "rotation": 180, "texture": "#sides"}
			}
		}
	],
	"groups": [
		{
			"name": "Bottom",
			"origin": [0, 0, 0],
			"color": 0,
			"children": [0, 1, 2, 3, 4, 5, 6, 7, 8, 9, 10, 11, 12]
		}
	]
}