{
	"credit": "Made by SyndiShanX",
	"parent": "block/block",
	"textures": {
    "particle": "#texture"
  },
	"elements": [
		{
			"name": "body",
			"from": [3, 0, 3],
			"to": [13, 10, 13],
			"rotation": {"angle": 0, "axis": "y", "origin": [11, 0, 11]},
			"faces": {
				"north": {"uv": [5.5, 5.5, 10.5, 10.5], "texture": "#texture"},
				"east": {"uv": [0, 5.5, 5, 10.5], "texture": "#texture"},
				"south": {"uv": [10.5, 11, 5.5, 16], "texture": "#texture"},
				"west": {"uv": [11, 5.5, 16, 10.5], "texture": "#texture"},
				"up": {"uv": [0, 5, 5, 0], "texture": "#texture"},
				"down": {"uv": [5.5, 0, 10.5, 5], "texture": "#texture"}
			}
		},
		{
			"name": "tenticle_1",
			"from": [13, 0, 5],
			"to": [16, 1, 7],
			"rotation": {"angle": 0, "axis": "y", "origin": [8, 0, 13]},
			"faces": {
				"north": {"uv": [12, 1, 13.5, 1.5], "texture": "#texture"},
				"east": {"uv": [14, 1, 15, 1.5], "texture": "#texture"},
				"south": {"uv": [12, 1, 13.5, 1.5], "texture": "#texture"},
				"west": {"uv": [14, 1, 15, 1.5], "texture": "#texture"},
				"up": {"uv": [12, 0, 13.5, 1], "texture": "#texture"},
				"down": {"uv": [13.5, 0, 15, 1], "texture": "#texture"}
			}
		},
		{
			"name": "tenticle_2",
			"from": [13, 0, 9],
			"to": [16, 1, 11],
			"rotation": {"angle": 0, "axis": "y", "origin": [8, 0, 17]},
			"faces": {
				"north": {"uv": [12, 1, 13.5, 1.5], "texture": "#texture"},
				"east": {"uv": [14, 1, 15, 1.5], "texture": "#texture"},
				"south": {"uv": [12, 1, 13.5, 1.5], "texture": "#texture"},
				"west": {"uv": [14, 1, 15, 1.5], "texture": "#texture"},
				"up": {"uv": [12, 0, 13.5, 1], "texture": "#texture"},
				"down": {"uv": [13.5, 0, 15, 1], "texture": "#texture"}
			}
		},
		{
			"name": "tenticle_3",
			"from": [9, 0, 13],
			"to": [11, 1, 16],
			"rotation": {"angle": 0, "axis": "y", "origin": [3, 0, 8]},
			"faces": {
				"north": {"uv": [14, 1, 15, 1.5], "texture": "#texture"},
				"east": {"uv": [12, 1, 13.5, 1.5], "texture": "#texture"},
				"south": {"uv": [14, 1, 15, 1.5], "texture": "#texture"},
				"west": {"uv": [12, 1, 13.5, 1.5], "texture": "#texture"},
				"up": {"uv": [12, 0, 13.5, 1], "rotation": 90, "texture": "#texture"},
				"down": {"uv": [13.5, 0, 15, 1], "rotation": 270, "texture": "#texture"}
			}
		},
		{
			"name": "tenticle_4",
			"from": [5, 0, 13],
			"to": [7, 1, 16],
			"rotation": {"angle": 0, "axis": "y", "origin": [-1, 0, 8]},
			"faces": {
				"north": {"uv": [14, 1, 15, 1.5], "texture": "#texture"},
				"east": {"uv": [12, 1, 13.5, 1.5], "texture": "#texture"},
				"south": {"uv": [14, 1, 15, 1.5], "texture": "#texture"},
				"west": {"uv": [12, 1, 13.5, 1.5], "texture": "#texture"},
				"up": {"uv": [12, 0, 13.5, 1], "rotation": 90, "texture": "#texture"},
				"down": {"uv": [13.5, 0, 15, 1], "rotation": 270, "texture": "#texture"}
			}
		},
		{
			"name": "tenticle_5",
			"from": [0, 0, 9],
			"to": [3, 1, 11],
			"rotation": {"angle": 0, "axis": "y", "origin": [8, 0, 3]},
			"faces": {
				"north": {"uv": [12, 1, 13.5, 1.5], "texture": "#texture"},
				"east": {"uv": [14, 1, 15, 1.5], "texture": "#texture"},
				"south": {"uv": [12, 1, 13.5, 1.5], "texture": "#texture"},
				"west": {"uv": [14, 1, 15, 1.5], "texture": "#texture"},
				"up": {"uv": [12, 0, 13.5, 1], "rotation": 180, "texture": "#texture"},
				"down": {"uv": [13.5, 0, 15, 1], "rotation": 180, "texture": "#texture"}
			}
		},
		{
			"name": "tenticle_6",
			"from": [0, 0, 5],
			"to": [3, 1, 7],
			"rotation": {"angle": 0, "axis": "y", "origin": [8, 0, -1]},
			"faces": {
				"north": {"uv": [12, 1, 13.5, 1.5], "texture": "#texture"},
				"east": {"uv": [14, 1, 15, 1.5], "texture": "#texture"},
				"south": {"uv": [12, 1, 13.5, 1.5], "texture": "#texture"},
				"west": {"uv": [14, 1, 15, 1.5], "texture": "#texture"},
				"up": {"uv": [12, 0, 13.5, 1], "rotation": 180, "texture": "#texture"},
				"down": {"uv": [13.5, 0, 15, 1], "rotation": 180, "texture": "#texture"}
			}
		}
	],
	"display": {
		"gui": {
			"rotation": [30, 225, 0],
			"translation": [0.4, 1.6, 0],
			"scale": [0.8, 0.8, 0.8]
		}
	}
}