{
	"credit": "Made by Starseeker with Blockbench",
	"ambientocclusion": false,
	"textures": {
		"1": "block/plants/allium_models/allium",
		"particle": "block/plants/allium"
	},
	"elements": [
		{
			"name": "Hub",
			"from": [10.5, 12, 2.5],
			"to": [13.5, 15, 5.5],
			"shade": false,
			"rotation": {"angle": 0, "axis": "y", "origin": [4, 0, -4]},
			"faces": {
				"north": {"uv": [11.5, 1.5, 14.5, 4.5], "texture": "#1"},
				"east": {"uv": [11.5, 1.5, 14.5, 4.5], "texture": "#1"},
				"south": {"uv": [11.5, 1.5, 14.5, 4.5], "texture": "#1"},
				"west": {"uv": [11.5, 1.5, 14.5, 4.5], "texture": "#1"},
				"up": {"uv": [11.5, 7.5, 14.5, 10.5], "texture": "#1"},
				"down": {"uv": [11.5, 7.5, 14.5, 10.5], "texture": "#1"}
			}
		},
		{
			"name": "Stem 1",
			"from": [8, 0, 4],
			"to": [16, 12, 4],
			"shade": false,
			"rotation": {"angle": 45, "axis": "y", "origin": [12, 5.5, 4]},
			"faces": {
				"north": {"uv": [0, 4, 8, 16], "texture": "#1"},
				"east": {"uv": [0, 0, 0, 12], "texture": "#1"},
				"south": {"uv": [8, 4, 0, 16], "texture": "#1"},
				"west": {"uv": [0, 0, 0, 12], "texture": "#1"},
				"up": {"uv": [0, 0, 8, 0], "texture": "#1"},
				"down": {"uv": [0, 0, 8, 0], "texture": "#1"}
			}
		},
		{
			"name": "Stem 2",
			"from": [8, 0, 4],
			"to": [16, 12, 4],
			"shade": false,
			"rotation": {"angle": -45, "axis": "y", "origin": [12, 5.5, 4]},
			"faces": {
				"north": {"uv": [0, 4, 8, 16], "texture": "#1"},
				"east": {"uv": [0, 0, 0, 10.5], "texture": "#1"},
				"south": {"uv": [8, 4, 0, 16], "texture": "#1"},
				"west": {"uv": [10, 0, 10, 10.5], "texture": "#1"},
				"up": {"uv": [0, 0, 8, 0], "texture": "#1"},
				"down": {"uv": [0, 0, 8, 0], "texture": "#1"}
			}
		},
		{
			"name": "Flower 1",
			"from": [12, 10.5, 1],
			"to": [12, 16.5, 7],
			"shade": false,
			"rotation": {"angle": 0, "axis": "y", "origin": [12, 14, 4]},
			"faces": {
				"north": {"uv": [0.5, 0.5, 0.5, 6.5], "texture": "#1"},
				"east": {"uv": [10, 0, 16, 6], "texture": "#1"},
				"south": {"uv": [0, 0, 0, 6], "texture": "#1"},
				"west": {"uv": [16, 0, 10, 6], "texture": "#1"},
				"up": {"uv": [0.5, 0.5, 0.5, 6.5], "texture": "#1"},
				"down": {"uv": [0.5, 0.5, 0.5, 6.5], "texture": "#1"}
			}
		},
		{
			"name": "Flower 2",
			"from": [9, 10.5, 4],
			"to": [15, 16.5, 4],
			"shade": false,
			"rotation": {"angle": 0, "axis": "y", "origin": [12, 14, 4]},
			"faces": {
				"north": {"uv": [10, 0, 16, 6], "texture": "#1"},
				"east": {"uv": [0, 0, 0, 6], "texture": "#1"},
				"south": {"uv": [16, 0, 10, 6], "texture": "#1"},
				"west": {"uv": [0, 0, 0, 6], "texture": "#1"},
				"up": {"uv": [0, 0, 0, 6], "rotation": 270, "texture": "#1"},
				"down": {"uv": [0, 0, 0, 6], "rotation": 90, "texture": "#1"}
			}
		},
		{
			"name": "Flower 3",
			"from": [9, 13.5, 1],
			"to": [15, 13.5, 7],
			"shade": false,
			"rotation": {"angle": 0, "axis": "y", "origin": [12, 14, 4]},
			"faces": {
				"north": {"uv": [0, 0, 0, 6], "rotation": 90, "texture": "#1"},
				"east": {"uv": [0, 0, 0, 6], "rotation": 270, "texture": "#1"},
				"south": {"uv": [0, 0, 0, 6], "rotation": 270, "texture": "#1"},
				"west": {"uv": [0, 0, 0, 6], "rotation": 270, "texture": "#1"},
				"up": {"uv": [10, 6, 16, 12], "rotation": 270, "texture": "#1"},
				"down": {"uv": [16, 6, 10, 12], "rotation": 270, "texture": "#1"}
			}
		},
		{
			"name": "Hub",
			"from": [6.5, 11, 11.5],
			"to": [9.5, 14, 14.5],
			"shade": false,
			"rotation": {"angle": 0, "axis": "y", "origin": [0, -0.5, 5]},
			"faces": {
				"north": {"uv": [11.5, 1.5, 14.5, 4.5], "texture": "#1"},
				"east": {"uv": [11.5, 1.5, 14.5, 4.5], "texture": "#1"},
				"south": {"uv": [11.5, 1.5, 14.5, 4.5], "texture": "#1"},
				"west": {"uv": [11.5, 1.5, 14.5, 4.5], "texture": "#1"},
				"up": {"uv": [11.5, 7.5, 14.5, 10.5], "texture": "#1"},
				"down": {"uv": [11.5, 7.5, 14.5, 10.5], "texture": "#1"}
			}
		},
		{
			"name": "Stem 2",
			"from": [4, -0.5, 13],
			"to": [12, 11.5, 13],
			"shade": false,
			"rotation": {"angle": 45, "axis": "y", "origin": [8, 5, 13]},
			"faces": {
				"north": {"uv": [0, 4, 8, 16], "texture": "#1"},
				"east": {"uv": [0, 0, 0, 12], "texture": "#1"},
				"south": {"uv": [8, 4, 0, 16], "texture": "#1"},
				"west": {"uv": [0, 0, 0, 12], "texture": "#1"},
				"up": {"uv": [0, 0, 8, 0], "texture": "#1"},
				"down": {"uv": [0, 0, 8, 0], "texture": "#1"}
			}
		},
		{
			"name": "Stem 3",
			"from": [4, -0.5, 13],
			"to": [12, 11.5, 13],
			"shade": false,
			"rotation": {"angle": -45, "axis": "y", "origin": [8, 5, 13]},
			"faces": {
				"north": {"uv": [0, 4, 8, 16], "texture": "#1"},
				"east": {"uv": [0, 0, 0, 10.5], "texture": "#1"},
				"south": {"uv": [8, 4, 0, 16], "texture": "#1"},
				"west": {"uv": [10, 0, 10, 10.5], "texture": "#1"},
				"up": {"uv": [0, 0, 8, 0], "texture": "#1"},
				"down": {"uv": [0, 0, 8, 0], "texture": "#1"}
			}
		},
		{
			"name": "Flower 2",
			"from": [8, 9.5, 10],
			"to": [8, 15.5, 16],
			"shade": false,
			"rotation": {"angle": 0, "axis": "y", "origin": [8, 13.5, 13]},
			"faces": {
				"north": {"uv": [0.5, 0.5, 0.5, 6.5], "texture": "#1"},
				"east": {"uv": [10, 0, 16, 6], "texture": "#1"},
				"south": {"uv": [0, 0, 0, 6], "texture": "#1"},
				"west": {"uv": [16, 0, 10, 6], "texture": "#1"},
				"up": {"uv": [0.5, 0.5, 0.5, 6.5], "texture": "#1"},
				"down": {"uv": [0.5, 0.5, 0.5, 6.5], "texture": "#1"}
			}
		},
		{
			"name": "Flower 3",
			"from": [5, 9.5, 13],
			"to": [11, 15.5, 13],
			"shade": false,
			"rotation": {"angle": 0, "axis": "y", "origin": [8, 13.5, 13]},
			"faces": {
				"north": {"uv": [10, 0, 16, 6], "texture": "#1"},
				"east": {"uv": [0, 0, 0, 6], "texture": "#1"},
				"south": {"uv": [16, 0, 10, 6], "texture": "#1"},
				"west": {"uv": [0, 0, 0, 6], "texture": "#1"},
				"up": {"uv": [0, 0, 0, 6], "rotation": 270, "texture": "#1"},
				"down": {"uv": [0, 0, 0, 6], "rotation": 90, "texture": "#1"}
			}
		},
		{
			"name": "Flower 4",
			"from": [5, 12.5, 10],
			"to": [11, 12.5, 16],
			"shade": false,
			"rotation": {"angle": 0, "axis": "y", "origin": [8, 13.5, 13]},
			"faces": {
				"north": {"uv": [0, 0, 0, 6], "rotation": 90, "texture": "#1"},
				"east": {"uv": [0, 0, 0, 6], "rotation": 270, "texture": "#1"},
				"south": {"uv": [0, 0, 0, 6], "rotation": 270, "texture": "#1"},
				"west": {"uv": [0, 0, 0, 6], "rotation": 270, "texture": "#1"},
				"up": {"uv": [10, 6, 16, 12], "rotation": 270, "texture": "#1"},
				"down": {"uv": [16, 6, 10, 12], "rotation": 270, "texture": "#1"}
			}
		},
		{
			"name": "Hub",
			"from": [1.5, 10, 4.5],
			"to": [4.5, 13, 7.5],
			"shade": false,
			"rotation": {"angle": 0, "axis": "y", "origin": [-5, 0, -2]},
			"faces": {
				"north": {"uv": [11.5, 1.5, 14.5, 4.5], "texture": "#1"},
				"east": {"uv": [11.5, 1.5, 14.5, 4.5], "texture": "#1"},
				"south": {"uv": [11.5, 1.5, 14.5, 4.5], "texture": "#1"},
				"west": {"uv": [11.5, 1.5, 14.5, 4.5], "texture": "#1"},
				"up": {"uv": [11.5, 7.5, 14.5, 10.5], "texture": "#1"},
				"down": {"uv": [11.5, 7.5, 14.5, 10.5], "texture": "#1"}
			}
		},
		{
			"name": "Stem 2",
			"from": [-1, 0, 6],
			"to": [7, 12, 6],
			"shade": false,
			"rotation": {"angle": 45, "axis": "y", "origin": [3, 5.5, 6]},
			"faces": {
				"north": {"uv": [0, 4, 8, 16], "texture": "#1"},
				"east": {"uv": [0, 0, 0, 12], "texture": "#1"},
				"south": {"uv": [8, 4, 0, 16], "texture": "#1"},
				"west": {"uv": [0, 0, 0, 12], "texture": "#1"},
				"up": {"uv": [0, 0, 8, 0], "texture": "#1"},
				"down": {"uv": [0, 0, 8, 0], "texture": "#1"}
			}
		},
		{
			"name": "Stem 3",
			"from": [-1, 0, 6],
			"to": [7, 12, 6],
			"shade": false,
			"rotation": {"angle": -45, "axis": "y", "origin": [3, 5.5, 6]},
			"faces": {
				"north": {"uv": [0, 4, 8, 16], "texture": "#1"},
				"east": {"uv": [0, 0, 0, 10.5], "texture": "#1"},
				"south": {"uv": [8, 4, 0, 16], "texture": "#1"},
				"west": {"uv": [10, 0, 10, 10.5], "texture": "#1"},
				"up": {"uv": [0, 0, 8, 0], "texture": "#1"},
				"down": {"uv": [0, 0, 8, 0], "texture": "#1"}
			}
		},
		{
			"name": "Flower 2",
			"from": [3, 8.5, 3],
			"to": [3, 14.5, 9],
			"shade": false,
			"rotation": {"angle": 0, "axis": "y", "origin": [3, 14, 6]},
			"faces": {
				"north": {"uv": [0.5, 0.5, 0.5, 6.5], "texture": "#1"},
				"east": {"uv": [10, 0, 16, 6], "texture": "#1"},
				"south": {"uv": [0, 0, 0, 6], "texture": "#1"},
				"west": {"uv": [16, 0, 10, 6], "texture": "#1"},
				"up": {"uv": [0.5, 0.5, 0.5, 6.5], "texture": "#1"},
				"down": {"uv": [0.5, 0.5, 0.5, 6.5], "texture": "#1"}
			}
		},
		{
			"name": "Flower 3",
			"from": [0, 8.5, 6],
			"to": [6, 14.5, 6],
			"shade": false,
			"rotation": {"angle": 0, "axis": "y", "origin": [3, 14, 6]},
			"faces": {
				"north": {"uv": [10, 0, 16, 6], "texture": "#1"},
				"east": {"uv": [0, 0, 0, 6], "texture": "#1"},
				"south": {"uv": [16, 0, 10, 6], "texture": "#1"},
				"west": {"uv": [0, 0, 0, 6], "texture": "#1"},
				"up": {"uv": [0, 0, 0, 6], "rotation": 270, "texture": "#1"},
				"down": {"uv": [0, 0, 0, 6], "rotation": 90, "texture": "#1"}
			}
		},
		{
			"name": "Flower 4",
			"from": [0, 11.5, 3],
			"to": [6, 11.5, 9],
			"shade": false,
			"rotation": {"angle": 0, "axis": "y", "origin": [3, 14, 6]},
			"faces": {
				"north": {"uv": [0, 0, 0, 6], "rotation": 90, "texture": "#1"},
				"east": {"uv": [0, 0, 0, 6], "rotation": 270, "texture": "#1"},
				"south": {"uv": [0, 0, 0, 6], "rotation": 270, "texture": "#1"},
				"west": {"uv": [0, 0, 0, 6], "rotation": 270, "texture": "#1"},
				"up": {"uv": [10, 6, 16, 12], "rotation": 270, "texture": "#1"},
				"down": {"uv": [16, 6, 10, 12], "rotation": 270, "texture": "#1"}
			}
		}
	],
	"groups": [
		{
			"name": "Flower",
			"origin": [8, 14, 8],
			"color": 0,
			"shade": false,
			"children": [0, 1, 2, 3, 4, 5]
		},
		{
			"name": "Flower",
			"origin": [8, 14, 8],
			"color": 0,
			"shade": false,
			"children": [6, 7, 8, 9, 10, 11]
		},
		{
			"name": "Flower",
			"origin": [8, 14, 8],
			"color": 0,
			"shade": false,
			"children": [12, 13, 14, 15, 16, 17]
		}
	]
}