{
	"credit": "Made by Starseeker with Blockbench",
	"ambientocclusion": false,
	"textures": {
		"1": "block/plants/allium_models/allium",
		"particle": "block/plants/allium"
	},
	"elements": [
		{
			"name": "Hub",
			"from": [9.5, 12, 3.5],
			"to": [12.5, 15, 6.5],
			"shade": false,
			"rotation": {"angle": 0, "axis": "y", "origin": [3, 0, -3]},
			"faces": {
				"north": {"uv": [11.5, 1.5, 14.5, 4.5], "texture": "#1"},
				"east": {"uv": [11.5, 1.5, 14.5, 4.5], "texture": "#1"},
				"south": {"uv": [11.5, 1.5, 14.5, 4.5], "texture": "#1"},
				"west": {"uv": [11.5, 1.5, 14.5, 4.5], "texture": "#1"},
				"up": {"uv": [11.5, 7.5, 14.5, 10.5], "texture": "#1"},
				"down": {"uv": [11.5, 7.5, 14.5, 10.5], "texture": "#1"}
			}
		},
		{
			"name": "Stem 1",
			"from": [7, 0, 5],
			"to": [15, 12, 5],
			"shade": false,
			"rotation": {"angle": 45, "axis": "y", "origin": [11, 5.5, 5]},
			"faces": {
				"north": {"uv": [0, 4, 8, 16], "texture": "#1"},
				"east": {"uv": [0, 0, 0, 12], "texture": "#1"},
				"south": {"uv": [8, 4, 0, 16], "texture": "#1"},
				"west": {"uv": [0, 0, 0, 12], "texture": "#1"},
				"up": {"uv": [0, 0, 8, 0], "texture": "#1"},
				"down": {"uv": [0, 0, 8, 0], "texture": "#1"}
			}
		},
		{
			"name": "Stem 2",
			"from": [7, 0, 5],
			"to": [15, 12, 5],
			"shade": false,
			"rotation": {"angle": -45, "axis": "y", "origin": [11, 5.5, 5]},
			"faces": {
				"north": {"uv": [0, 4, 8, 16], "texture": "#1"},
				"east": {"uv": [0, 0, 0, 10.5], "texture": "#1"},
				"south": {"uv": [8, 4, 0, 16], "texture": "#1"},
				"west": {"uv": [10, 0, 10, 10.5], "texture": "#1"},
				"up": {"uv": [0, 0, 8, 0], "texture": "#1"},
				"down": {"uv": [0, 0, 8, 0], "texture": "#1"}
			}
		},
		{
			"name": "Flower 1",
			"from": [11, 10.5, 2],
			"to": [11, 16.5, 8],
			"shade": false,
			"rotation": {"angle": 0, "axis": "y", "origin": [11, 14, 5]},
			"faces": {
				"north": {"uv": [0.5, 0.5, 0.5, 6.5], "texture": "#1"},
				"east": {"uv": [10, 0, 16, 6], "texture": "#1"},
				"south": {"uv": [0, 0, 0, 6], "texture": "#1"},
				"west": {"uv": [16, 0, 10, 6], "texture": "#1"},
				"up": {"uv": [0.5, 0.5, 0.5, 6.5], "texture": "#1"},
				"down": {"uv": [0.5, 0.5, 0.5, 6.5], "texture": "#1"}
			}
		},
		{
			"name": "Flower 2",
			"from": [8, 10.5, 5],
			"to": [14, 16.5, 5],
			"shade": false,
			"rotation": {"angle": 0, "axis": "y", "origin": [11, 14, 5]},
			"faces": {
				"north": {"uv": [10, 0, 16, 6], "texture": "#1"},
				"east": {"uv": [0, 0, 0, 6], "texture": "#1"},
				"south": {"uv": [16, 0, 10, 6], "texture": "#1"},
				"west": {"uv": [0, 0, 0, 6], "texture": "#1"},
				"up": {"uv": [0, 0, 0, 6], "rotation": 270, "texture": "#1"},
				"down": {"uv": [0, 0, 0, 6], "rotation": 90, "texture": "#1"}
			}
		},
		{
			"name": "Flower 3",
			"from": [8, 13.5, 2],
			"to": [14, 13.5, 8],
			"shade": false,
			"rotation": {"angle": 0, "axis": "y", "origin": [11, 14, 5]},
			"faces": {
				"north": {"uv": [0, 0, 0, 6], "rotation": 90, "texture": "#1"},
				"east": {"uv": [0, 0, 0, 6], "rotation": 270, "texture": "#1"},
				"south": {"uv": [0, 0, 0, 6], "rotation": 270, "texture": "#1"},
				"west": {"uv": [0, 0, 0, 6], "rotation": 270, "texture": "#1"},
				"up": {"uv": [10, 6, 16, 12], "rotation": 270, "texture": "#1"},
				"down": {"uv": [16, 6, 10, 12], "rotation": 270, "texture": "#1"}
			}
		},
		{
			"name": "Hub",
			"from": [2.5, 11.5, 9.5],
			"to": [5.5, 14.5, 12.5],
			"shade": false,
			"rotation": {"angle": 0, "axis": "y", "origin": [-4, -0.5, 3]},
			"faces": {
				"north": {"uv": [11.5, 1.5, 14.5, 4.5], "texture": "#1"},
				"east": {"uv": [11.5, 1.5, 14.5, 4.5], "texture": "#1"},
				"south": {"uv": [11.5, 1.5, 14.5, 4.5], "texture": "#1"},
				"west": {"uv": [11.5, 1.5, 14.5, 4.5], "texture": "#1"},
				"up": {"uv": [11.5, 7.5, 14.5, 10.5], "texture": "#1"},
				"down": {"uv": [11.5, 7.5, 14.5, 10.5], "texture": "#1"}
			}
		},
		{
			"name": "Stem 2",
			"from": [0, -0.5, 11],
			"to": [8, 11.5, 11],
			"shade": false,
			"rotation": {"angle": 45, "axis": "y", "origin": [4, 5, 11]},
			"faces": {
				"north": {"uv": [0, 4, 8, 16], "texture": "#1"},
				"east": {"uv": [0, 0, 0, 12], "texture": "#1"},
				"south": {"uv": [8, 4, 0, 16], "texture": "#1"},
				"west": {"uv": [0, 0, 0, 12], "texture": "#1"},
				"up": {"uv": [0, 0, 8, 0], "texture": "#1"},
				"down": {"uv": [0, 0, 8, 0], "texture": "#1"}
			}
		},
		{
			"name": "Stem 3",
			"from": [0, -0.5, 11],
			"to": [8, 11.5, 11],
			"shade": false,
			"rotation": {"angle": -45, "axis": "y", "origin": [4, 5, 11]},
			"faces": {
				"north": {"uv": [0, 4, 8, 16], "texture": "#1"},
				"east": {"uv": [0, 0, 0, 10.5], "texture": "#1"},
				"south": {"uv": [8, 4, 0, 16], "texture": "#1"},
				"west": {"uv": [10, 0, 10, 10.5], "texture": "#1"},
				"up": {"uv": [0, 0, 8, 0], "texture": "#1"},
				"down": {"uv": [0, 0, 8, 0], "texture": "#1"}
			}
		},
		{
			"name": "Flower 2",
			"from": [4, 10, 8],
			"to": [4, 16, 14],
			"shade": false,
			"rotation": {"angle": 0, "axis": "y", "origin": [4, 13.5, 11]},
			"faces": {
				"north": {"uv": [0.5, 0.5, 0.5, 6.5], "texture": "#1"},
				"east": {"uv": [10, 0, 16, 6], "texture": "#1"},
				"south": {"uv": [0, 0, 0, 6], "texture": "#1"},
				"west": {"uv": [16, 0, 10, 6], "texture": "#1"},
				"up": {"uv": [0.5, 0.5, 0.5, 6.5], "texture": "#1"},
				"down": {"uv": [0.5, 0.5, 0.5, 6.5], "texture": "#1"}
			}
		},
		{
			"name": "Flower 3",
			"from": [1, 10, 11],
			"to": [7, 16, 11],
			"shade": false,
			"rotation": {"angle": 0, "axis": "y", "origin": [4, 13.5, 11]},
			"faces": {
				"north": {"uv": [10, 0, 16, 6], "texture": "#1"},
				"east": {"uv": [0, 0, 0, 6], "texture": "#1"},
				"south": {"uv": [16, 0, 10, 6], "texture": "#1"},
				"west": {"uv": [0, 0, 0, 6], "texture": "#1"},
				"up": {"uv": [0, 0, 0, 6], "rotation": 270, "texture": "#1"},
				"down": {"uv": [0, 0, 0, 6], "rotation": 90, "texture": "#1"}
			}
		},
		{
			"name": "Flower 4",
			"from": [1, 13, 8],
			"to": [7, 13, 14],
			"shade": false,
			"rotation": {"angle": 0, "axis": "y", "origin": [4, 13.5, 11]},
			"faces": {
				"north": {"uv": [0, 0, 0, 6], "rotation": 90, "texture": "#1"},
				"east": {"uv": [0, 0, 0, 6], "rotation": 270, "texture": "#1"},
				"south": {"uv": [0, 0, 0, 6], "rotation": 270, "texture": "#1"},
				"west": {"uv": [0, 0, 0, 6], "rotation": 270, "texture": "#1"},
				"up": {"uv": [10, 6, 16, 12], "rotation": 270, "texture": "#1"},
				"down": {"uv": [16, 6, 10, 12], "rotation": 270, "texture": "#1"}
			}
		}
	],
	"groups": [
		{
			"name": "Flower",
			"origin": [8, 14, 8],
			"color": 0,
			"shade": false,
			"children": [0, 1, 2, 3, 4, 5]
		},
		{
			"name": "Flower",
			"origin": [8, 14, 8],
			"color": 0,
			"shade": false,
			"children": [6, 7, 8, 9, 10, 11]
		}
	]
}