{
	"credit": "Made by Starseeker with Blockbench",
	"ambientocclusion": false,
	"textures": {
		"1": "block/plants/allium_models/allium",
		"particle": "block/plants/allium"
	},
	"elements": [
		{
			"name": "Hub",
			"from": [10.5, 10.5, 1.5],
			"to": [13.5, 13.5, 4.5],
			"shade": false,
			"rotation": {"angle": 0, "axis": "y", "origin": [4, -0.5, -5]},
			"faces": {
				"north": {"uv": [11.5, 1.5, 14.5, 4.5], "texture": "#1"},
				"east": {"uv": [11.5, 1.5, 14.5, 4.5], "texture": "#1"},
				"south": {"uv": [11.5, 1.5, 14.5, 4.5], "texture": "#1"},
				"west": {"uv": [11.5, 1.5, 14.5, 4.5], "texture": "#1"},
				"up": {"uv": [11.5, 7.5, 14.5, 10.5], "texture": "#1"},
				"down": {"uv": [11.5, 7.5, 14.5, 10.5], "texture": "#1"}
			}
		},
		{
			"name": "Stem 1",
			"from": [8, -0.5, 3],
			"to": [16, 11.5, 3],
			"shade": false,
			"rotation": {"angle": 45, "axis": "y", "origin": [12, 5, 3]},
			"faces": {
				"north": {"uv": [0, 4, 8, 16], "texture": "#1"},
				"east": {"uv": [0, 0, 0, 12], "texture": "#1"},
				"south": {"uv": [8, 4, 0, 16], "texture": "#1"},
				"west": {"uv": [0, 0, 0, 12], "texture": "#1"},
				"up": {"uv": [0, 0, 8, 0], "texture": "#1"},
				"down": {"uv": [0, 0, 8, 0], "texture": "#1"}
			}
		},
		{
			"name": "Stem 2",
			"from": [8, -0.5, 3],
			"to": [16, 11.5, 3],
			"shade": false,
			"rotation": {"angle": -45, "axis": "y", "origin": [12, 5, 3]},
			"faces": {
				"north": {"uv": [0, 4, 8, 16], "texture": "#1"},
				"east": {"uv": [0, 0, 0, 10.5], "texture": "#1"},
				"south": {"uv": [8, 4, 0, 16], "texture": "#1"},
				"west": {"uv": [10, 0, 10, 10.5], "texture": "#1"},
				"up": {"uv": [0, 0, 8, 0], "texture": "#1"},
				"down": {"uv": [0, 0, 8, 0], "texture": "#1"}
			}
		},
		{
			"name": "Flower 1",
			"from": [12, 9, 0],
			"to": [12, 15, 6],
			"shade": false,
			"rotation": {"angle": 0, "axis": "y", "origin": [12, 13.5, 3]},
			"faces": {
				"north": {"uv": [0.5, 0.5, 0.5, 6.5], "texture": "#1"},
				"east": {"uv": [10, 0, 16, 6], "texture": "#1"},
				"south": {"uv": [0, 0, 0, 6], "texture": "#1"},
				"west": {"uv": [16, 0, 10, 6], "texture": "#1"},
				"up": {"uv": [0.5, 0.5, 0.5, 6.5], "texture": "#1"},
				"down": {"uv": [0.5, 0.5, 0.5, 6.5], "texture": "#1"}
			}
		},
		{
			"name": "Flower 2",
			"from": [9, 9, 3],
			"to": [15, 15, 3],
			"shade": false,
			"rotation": {"angle": 0, "axis": "y", "origin": [12, 13.5, 3]},
			"faces": {
				"north": {"uv": [10, 0, 16, 6], "texture": "#1"},
				"east": {"uv": [0, 0, 0, 6], "texture": "#1"},
				"south": {"uv": [16, 0, 10, 6], "texture": "#1"},
				"west": {"uv": [0, 0, 0, 6], "texture": "#1"},
				"up": {"uv": [0, 0, 0, 6], "rotation": 270, "texture": "#1"},
				"down": {"uv": [0, 0, 0, 6], "rotation": 90, "texture": "#1"}
			}
		},
		{
			"name": "Flower 3",
			"from": [9, 12, 0],
			"to": [15, 12, 6],
			"shade": false,
			"rotation": {"angle": 0, "axis": "y", "origin": [12, 13.5, 3]},
			"faces": {
				"north": {"uv": [0, 0, 0, 6], "rotation": 90, "texture": "#1"},
				"east": {"uv": [0, 0, 0, 6], "rotation": 270, "texture": "#1"},
				"south": {"uv": [0, 0, 0, 6], "rotation": 270, "texture": "#1"},
				"west": {"uv": [0, 0, 0, 6], "rotation": 270, "texture": "#1"},
				"up": {"uv": [10, 6, 16, 12], "rotation": 270, "texture": "#1"},
				"down": {"uv": [16, 6, 10, 12], "rotation": 270, "texture": "#1"}
			}
		},
		{
			"name": "Hub",
			"from": [1.5, 12, 3.5],
			"to": [4.5, 15, 6.5],
			"shade": false,
			"rotation": {"angle": 0, "axis": "y", "origin": [-5, 0, -3]},
			"faces": {
				"north": {"uv": [11.5, 1.5, 14.5, 4.5], "texture": "#1"},
				"east": {"uv": [11.5, 1.5, 14.5, 4.5], "texture": "#1"},
				"south": {"uv": [11.5, 1.5, 14.5, 4.5], "texture": "#1"},
				"west": {"uv": [11.5, 1.5, 14.5, 4.5], "texture": "#1"},
				"up": {"uv": [11.5, 7.5, 14.5, 10.5], "texture": "#1"},
				"down": {"uv": [11.5, 7.5, 14.5, 10.5], "texture": "#1"}
			}
		},
		{
			"name": "Stem 2",
			"from": [-1, 0, 5],
			"to": [7, 12, 5],
			"shade": false,
			"rotation": {"angle": 45, "axis": "y", "origin": [3, 5.5, 5]},
			"faces": {
				"north": {"uv": [0, 4, 8, 16], "texture": "#1"},
				"east": {"uv": [0, 0, 0, 12], "texture": "#1"},
				"south": {"uv": [8, 4, 0, 16], "texture": "#1"},
				"west": {"uv": [0, 0, 0, 12], "texture": "#1"},
				"up": {"uv": [0, 0, 8, 0], "texture": "#1"},
				"down": {"uv": [0, 0, 8, 0], "texture": "#1"}
			}
		},
		{
			"name": "Stem 3",
			"from": [-1, 0, 5],
			"to": [7, 12, 5],
			"shade": false,
			"rotation": {"angle": -45, "axis": "y", "origin": [3, 5.5, 5]},
			"faces": {
				"north": {"uv": [0, 4, 8, 16], "texture": "#1"},
				"east": {"uv": [0, 0, 0, 10.5], "texture": "#1"},
				"south": {"uv": [8, 4, 0, 16], "texture": "#1"},
				"west": {"uv": [10, 0, 10, 10.5], "texture": "#1"},
				"up": {"uv": [0, 0, 8, 0], "texture": "#1"},
				"down": {"uv": [0, 0, 8, 0], "texture": "#1"}
			}
		},
		{
			"name": "Flower 2",
			"from": [3, 10.5, 2],
			"to": [3, 16.5, 8],
			"shade": false,
			"rotation": {"angle": 0, "axis": "y", "origin": [3, 14, 5]},
			"faces": {
				"north": {"uv": [0.5, 0.5, 0.5, 6.5], "texture": "#1"},
				"east": {"uv": [10, 0, 16, 6], "texture": "#1"},
				"south": {"uv": [0, 0, 0, 6], "texture": "#1"},
				"west": {"uv": [16, 0, 10, 6], "texture": "#1"},
				"up": {"uv": [0.5, 0.5, 0.5, 6.5], "texture": "#1"},
				"down": {"uv": [0.5, 0.5, 0.5, 6.5], "texture": "#1"}
			}
		},
		{
			"name": "Flower 3",
			"from": [0, 10.5, 5],
			"to": [6, 16.5, 5],
			"shade": false,
			"rotation": {"angle": 0, "axis": "y", "origin": [3, 14, 5]},
			"faces": {
				"north": {"uv": [10, 0, 16, 6], "texture": "#1"},
				"east": {"uv": [0, 0, 0, 6], "texture": "#1"},
				"south": {"uv": [16, 0, 10, 6], "texture": "#1"},
				"west": {"uv": [0, 0, 0, 6], "texture": "#1"},
				"up": {"uv": [0, 0, 0, 6], "rotation": 270, "texture": "#1"},
				"down": {"uv": [0, 0, 0, 6], "rotation": 90, "texture": "#1"}
			}
		},
		{
			"name": "Flower 4",
			"from": [0, 13.5, 2],
			"to": [6, 13.5, 8],
			"shade": false,
			"rotation": {"angle": 0, "axis": "y", "origin": [3, 14, 5]},
			"faces": {
				"north": {"uv": [0, 0, 0, 6], "rotation": 90, "texture": "#1"},
				"east": {"uv": [0, 0, 0, 6], "rotation": 270, "texture": "#1"},
				"south": {"uv": [0, 0, 0, 6], "rotation": 270, "texture": "#1"},
				"west": {"uv": [0, 0, 0, 6], "rotation": 270, "texture": "#1"},
				"up": {"uv": [10, 6, 16, 12], "rotation": 270, "texture": "#1"},
				"down": {"uv": [16, 6, 10, 12], "rotation": 270, "texture": "#1"}
			}
		},
		{
			"name": "Hub",
			"from": [10.5, 11.5, 10.5],
			"to": [13.5, 14.5, 13.5],
			"shade": false,
			"rotation": {"angle": 0, "axis": "y", "origin": [4, -0.5, 4]},
			"faces": {
				"north": {"uv": [11.5, 1.5, 14.5, 4.5], "texture": "#1"},
				"east": {"uv": [11.5, 1.5, 14.5, 4.5], "texture": "#1"},
				"south": {"uv": [11.5, 1.5, 14.5, 4.5], "texture": "#1"},
				"west": {"uv": [11.5, 1.5, 14.5, 4.5], "texture": "#1"},
				"up": {"uv": [11.5, 7.5, 14.5, 10.5], "texture": "#1"},
				"down": {"uv": [11.5, 7.5, 14.5, 10.5], "texture": "#1"}
			}
		},
		{
			"name": "Stem 2",
			"from": [8, -0.5, 12],
			"to": [16, 11.5, 12],
			"shade": false,
			"rotation": {"angle": 45, "axis": "y", "origin": [12, 5, 12]},
			"faces": {
				"north": {"uv": [0, 4, 8, 16], "texture": "#1"},
				"east": {"uv": [0, 0, 0, 12], "texture": "#1"},
				"south": {"uv": [8, 4, 0, 16], "texture": "#1"},
				"west": {"uv": [0, 0, 0, 12], "texture": "#1"},
				"up": {"uv": [0, 0, 8, 0], "texture": "#1"},
				"down": {"uv": [0, 0, 8, 0], "texture": "#1"}
			}
		},
		{
			"name": "Stem 3",
			"from": [8, -0.5, 12],
			"to": [16, 11.5, 12],
			"shade": false,
			"rotation": {"angle": -45, "axis": "y", "origin": [12, 5, 12]},
			"faces": {
				"north": {"uv": [0, 4, 8, 16], "texture": "#1"},
				"east": {"uv": [0, 0, 0, 10.5], "texture": "#1"},
				"south": {"uv": [8, 4, 0, 16], "texture": "#1"},
				"west": {"uv": [10, 0, 10, 10.5], "texture": "#1"},
				"up": {"uv": [0, 0, 8, 0], "texture": "#1"},
				"down": {"uv": [0, 0, 8, 0], "texture": "#1"}
			}
		},
		{
			"name": "Flower 2",
			"from": [12, 10, 9],
			"to": [12, 16, 15],
			"shade": false,
			"rotation": {"angle": 0, "axis": "y", "origin": [12, 13.5, 12]},
			"faces": {
				"north": {"uv": [0.5, 0.5, 0.5, 6.5], "texture": "#1"},
				"east": {"uv": [10, 0, 16, 6], "texture": "#1"},
				"south": {"uv": [0, 0, 0, 6], "texture": "#1"},
				"west": {"uv": [16, 0, 10, 6], "texture": "#1"},
				"up": {"uv": [0.5, 0.5, 0.5, 6.5], "texture": "#1"},
				"down": {"uv": [0.5, 0.5, 0.5, 6.5], "texture": "#1"}
			}
		},
		{
			"name": "Flower 3",
			"from": [9, 10, 12],
			"to": [15, 16, 12],
			"shade": false,
			"rotation": {"angle": 0, "axis": "y", "origin": [12, 13.5, 12]},
			"faces": {
				"north": {"uv": [10, 0, 16, 6], "texture": "#1"},
				"east": {"uv": [0, 0, 0, 6], "texture": "#1"},
				"south": {"uv": [16, 0, 10, 6], "texture": "#1"},
				"west": {"uv": [0, 0, 0, 6], "texture": "#1"},
				"up": {"uv": [0, 0, 0, 6], "rotation": 270, "texture": "#1"},
				"down": {"uv": [0, 0, 0, 6], "rotation": 90, "texture": "#1"}
			}
		},
		{
			"name": "Flower 4",
			"from": [9, 13, 9],
			"to": [15, 13, 15],
			"shade": false,
			"rotation": {"angle": 0, "axis": "y", "origin": [12, 13.5, 12]},
			"faces": {
				"north": {"uv": [0, 0, 0, 6], "rotation": 90, "texture": "#1"},
				"east": {"uv": [0, 0, 0, 6], "rotation": 270, "texture": "#1"},
				"south": {"uv": [0, 0, 0, 6], "rotation": 270, "texture": "#1"},
				"west": {"uv": [0, 0, 0, 6], "rotation": 270, "texture": "#1"},
				"up": {"uv": [10, 6, 16, 12], "rotation": 270, "texture": "#1"},
				"down": {"uv": [16, 6, 10, 12], "rotation": 270, "texture": "#1"}
			}
		},
		{
			"name": "Hub",
			"from": [2.5, 9, 11.5],
			"to": [5.5, 12, 14.5],
			"shade": false,
			"rotation": {"angle": 0, "axis": "y", "origin": [-4, -1, 5]},
			"faces": {
				"north": {"uv": [11.5, 1.5, 14.5, 4.5], "texture": "#1"},
				"east": {"uv": [11.5, 1.5, 14.5, 4.5], "texture": "#1"},
				"south": {"uv": [11.5, 1.5, 14.5, 4.5], "texture": "#1"},
				"west": {"uv": [11.5, 1.5, 14.5, 4.5], "texture": "#1"},
				"up": {"uv": [11.5, 7.5, 14.5, 10.5], "texture": "#1"},
				"down": {"uv": [11.5, 7.5, 14.5, 10.5], "texture": "#1"}
			}
		},
		{
			"name": "Stem 2",
			"from": [0, -1, 13],
			"to": [8, 11, 13],
			"shade": false,
			"rotation": {"angle": 45, "axis": "y", "origin": [4, 4.5, 13]},
			"faces": {
				"north": {"uv": [0, 4, 8, 16], "texture": "#1"},
				"east": {"uv": [0, 0, 0, 12], "texture": "#1"},
				"south": {"uv": [8, 4, 0, 16], "texture": "#1"},
				"west": {"uv": [0, 0, 0, 12], "texture": "#1"},
				"up": {"uv": [0, 0, 8, 0], "texture": "#1"},
				"down": {"uv": [0, 0, 8, 0], "texture": "#1"}
			}
		},
		{
			"name": "Stem 3",
			"from": [0, -1, 13],
			"to": [8, 11, 13],
			"shade": false,
			"rotation": {"angle": -45, "axis": "y", "origin": [4, 4.5, 13]},
			"faces": {
				"north": {"uv": [0, 4, 8, 16], "texture": "#1"},
				"east": {"uv": [0, 0, 0, 10.5], "texture": "#1"},
				"south": {"uv": [8, 4, 0, 16], "texture": "#1"},
				"west": {"uv": [10, 0, 10, 10.5], "texture": "#1"},
				"up": {"uv": [0, 0, 8, 0], "texture": "#1"},
				"down": {"uv": [0, 0, 8, 0], "texture": "#1"}
			}
		},
		{
			"name": "Flower 2",
			"from": [4, 7.5, 10],
			"to": [4, 13.5, 16],
			"shade": false,
			"rotation": {"angle": 0, "axis": "y", "origin": [4, 13, 13]},
			"faces": {
				"north": {"uv": [0.5, 0.5, 0.5, 6.5], "texture": "#1"},
				"east": {"uv": [10, 0, 16, 6], "texture": "#1"},
				"south": {"uv": [0, 0, 0, 6], "texture": "#1"},
				"west": {"uv": [16, 0, 10, 6], "texture": "#1"},
				"up": {"uv": [0.5, 0.5, 0.5, 6.5], "texture": "#1"},
				"down": {"uv": [0.5, 0.5, 0.5, 6.5], "texture": "#1"}
			}
		},
		{
			"name": "Flower 3",
			"from": [1, 7.5, 13],
			"to": [7, 13.5, 13],
			"shade": false,
			"rotation": {"angle": 0, "axis": "y", "origin": [4, 13, 13]},
			"faces": {
				"north": {"uv": [10, 0, 16, 6], "texture": "#1"},
				"east": {"uv": [0, 0, 0, 6], "texture": "#1"},
				"south": {"uv": [16, 0, 10, 6], "texture": "#1"},
				"west": {"uv": [0, 0, 0, 6], "texture": "#1"},
				"up": {"uv": [0, 0, 0, 6], "rotation": 270, "texture": "#1"},
				"down": {"uv": [0, 0, 0, 6], "rotation": 90, "texture": "#1"}
			}
		},
		{
			"name": "Flower 4",
			"from": [1, 10.5, 10],
			"to": [7, 10.5, 16],
			"shade": false,
			"rotation": {"angle": 0, "axis": "y", "origin": [4, 13, 13]},
			"faces": {
				"north": {"uv": [0, 0, 0, 6], "rotation": 90, "texture": "#1"},
				"east": {"uv": [0, 0, 0, 6], "rotation": 270, "texture": "#1"},
				"south": {"uv": [0, 0, 0, 6], "rotation": 270, "texture": "#1"},
				"west": {"uv": [0, 0, 0, 6], "rotation": 270, "texture": "#1"},
				"up": {"uv": [10, 6, 16, 12], "rotation": 270, "texture": "#1"},
				"down": {"uv": [16, 6, 10, 12], "rotation": 270, "texture": "#1"}
			}
		}
	],
	"groups": [
		{
			"name": "Flower",
			"origin": [8, 14, 8],
			"color": 0,
			"shade": false,
			"children": [0, 1, 2, 3, 4, 5]
		},
		{
			"name": "Flower",
			"origin": [8, 14, 8],
			"color": 0,
			"shade": false,
			"children": [6, 7, 8, 9, 10, 11]
		},
		{
			"name": "Flower",
			"origin": [8, 14, 8],
			"color": 0,
			"shade": false,
			"children": [12, 13, 14, 15, 16, 17]
		},
		{
			"name": "Flower",
			"origin": [8, 14, 8],
			"color": 0,
			"shade": false,
			"children": [18, 19, 20, 21, 22, 23]
		}
	]
}