{   "parent": "block/block",
    "display": {
        "gui": {
            "rotation": [ 30, 135, 0 ],
            "translation": [ 0, 0, 0],
            "scale":[ 0.625, 0.625, 0.625 ]
        },
        "fixed": {
            "rotation": [ 0, 90, 0 ],
            "translation": [ 0, 0, 0 ],
            "scale": [ 0.5, 0.5, 0.5 ]
        }
    },
    "ambientocclusion": false,
    "textures": {
        "particle": "block/stone_bricks",
		"post_sides": "block/stone_brick_wall_post",
		"post_top": "block/stone_brick_wall_post_top",
		"post_bottom": "block/stone_brick_wall_post_bottom",
		"wall_sides": "block/stone_brick_wall_side",
		"wall_sides_full": "block/stone_brick_wall_side_full",
		"wall_top": "block/stone_brick_wall_side_full_top",
		"wall_bottom": "block/stone_brick_wall_side_full_bottom"
    },
    "elements": [
        {   "from": [ 4, 0, 4 ],
            "to": [ 12, 16, 12 ],
            "faces": {
                "down":  { "uv": [ 4, 4, 12, 12 ], "texture": "#post_bottom", "cullface": "down" },
                "up":    { "uv": [ 4, 4, 12, 12 ], "texture": "#post_top" },
                "north": { "uv": [ 4, 0, 12, 16 ], "texture": "#post_sides" },
                "south": { "uv": [ 4, 0, 12, 16 ], "texture": "#post_sides" },
                "west":  { "uv": [ 4, 0, 12, 16 ], "texture": "#post_sides" },
                "east":  { "uv": [ 4, 0, 12, 16 ], "texture": "#post_sides" }
            },
            "__comment": "Center post"
        },
        {   "from": [ 5, 0, 0 ],
            "to": [ 11, 13, 16 ],
            "faces": {
                "down":  { "uv": [ 5, 0, 11, 16 ], "texture": "#wall_bottom", "cullface": "down" },
                "up":    { "uv": [ 5, 0, 11, 16 ], "texture": "#wall_top" },
                "north": { "uv": [ 5, 3, 11, 16 ], "texture": "#wall_sides", "cullface": "north" },
                "south": { "uv": [ 5, 3, 11, 16 ], "texture": "#wall_sides", "cullface": "south" },
                "west":  { "uv": [ 0, 3, 16, 16 ], "texture": "#wall_sides_full" },
                "east":  { "uv": [ 0, 3, 16, 16 ], "texture": "#wall_sides_full" }
            },
            "__comment": "Full wall"
        }
    ]
}
