{
    "textures": {
        "particle": "block/stone_bricks",
        "wall": "block/stone_brick_wall_side_full",
        "top": "block/stone_brick_wall_side_full_top",
        "bottom": "block/stone_brick_wall_side_full_bottom"
    },
    "elements": [
        {   "from": [ 5, 0, 0 ],
            "to": [ 11, 14, 8 ],
            "faces": {
                "down":  { "texture": "#bottom", "cullface": "down" },
                "up":    { "texture": "#top" },
                "north": { "texture": "#wall", "cullface": "north" },
                "west":  { "texture": "#wall" },
                "east":  { "texture": "#wall" }
            },
            "__comment": "wall"
        }
    ]
}
