{
	"credit": "Made with Blockbench",
	"parent": "block/fence_inventory",
	"ambientocclusion": false,
	"textures": {
		"2": "block/acacia_fence",
		"particle": "block/acacia_fence"
	},
	"elements": [
		{
			"from": [6.5, 0, 14.5],
			"to": [9.5, 16, 17.5],
			"rotation": {"angle": 0, "axis": "y", "origin": [8, 8, 6]},
			"faces": {
				"north": {"uv": [0, 0.5, 4, 16], "texture": "#2"},
				"east": {"uv": [0.5, 0, 3.5, 16], "texture": "#2"},
				"south": {"uv": [0.5, 0, 3.5, 16], "texture": "#2"},
				"west": {"uv": [0.5, 0, 3.5, 16], "texture": "#2"},
				"up": {"uv": [13, 8, 16, 11], "texture": "#2"},
				"down": {"uv": [13, 8, 16, 11], "texture": "#2"}
			}
		},
		{
			"from": [6.5, 0, -1.5],
			"to": [9.5, 16, 1.5],
			"rotation": {"angle": 0, "axis": "y", "origin": [8, 8, 6]},
			"faces": {
				"north": {"uv": [0.5, 0, 3.5, 16], "texture": "#2"},
				"east": {"uv": [0.5, 0, 3.5, 16], "texture": "#2"},
				"south": {"uv": [0.5, 0, 3.5, 16], "texture": "#2"},
				"west": {"uv": [0.5, 0, 3.5, 16], "texture": "#2"},
				"up": {"uv": [13, 8, 16, 11], "texture": "#2"},
				"down": {"uv": [13, 8, 16, 11], "texture": "#2"}
			}
		},
		{
			"from": [7.5, 0, 11.5],
			"to": [8.5, 15, 13.5],
			"rotation": {"angle": 0, "axis": "y", "origin": [8, 8, 6]},
			"faces": {
				"north": {"uv": [6.5, 0, 7.5, 16], "texture": "#2"},
				"east": {"uv": [6.5, 0.5, 8.5, 15.5], "texture": "#2"},
				"south": {"uv": [7, 0, 8, 16], "texture": "#2"},
				"west": {"uv": [8.5, 0.5, 6.5, 15.5], "texture": "#2"},
				"up": {"uv": [8.5, 0.5, 6.5, 1.5], "rotation": 90, "texture": "#2"},
				"down": {"uv": [6.5, 13.5, 8.5, 14.5], "rotation": 90, "texture": "#2"}
			}
		},
		{
			"from": [7.5, 0, 2.5],
			"to": [8.5, 15, 4.5],
			"rotation": {"angle": 0, "axis": "y", "origin": [8, 8, 6]},
			"faces": {
				"north": {"uv": [6.5, 1, 7.5, 16], "texture": "#2"},
				"east": {"uv": [8.5, 0.5, 6.5, 15.5], "texture": "#2"},
				"south": {"uv": [6.5, 0, 7.5, 15], "texture": "#2"},
				"west": {"uv": [8.5, 0.5, 6.5, 15.5], "texture": "#2"},
				"up": {"uv": [8.5, 2, 6.5, 3], "rotation": 90, "texture": "#2"},
				"down": {"uv": [6.5, 13.5, 8.5, 14.5], "rotation": 90, "texture": "#2"}
			}
		},
		{
			"from": [7.5, 0, 5.5],
			"to": [8.5, 14, 7.5],
			"rotation": {"angle": 0, "axis": "y", "origin": [8, 8, 6]},
			"faces": {
				"north": {"uv": [6.5, 1, 7.5, 15], "texture": "#2"},
				"east": {"uv": [8.5, 1, 6.5, 15], "texture": "#2"},
				"south": {"uv": [6.5, 1, 7.5, 15], "texture": "#2"},
				"west": {"uv": [8.5, 1, 6.5, 15], "texture": "#2"},
				"up": {"uv": [8.5, 6, 6.5, 7], "rotation": 90, "texture": "#2"},
				"down": {"uv": [6.5, 14.5, 8.5, 15.5], "rotation": 90, "texture": "#2"}
			}
		},
		{
			"from": [7.5, 0, 8.5],
			"to": [8.5, 14, 10.5],
			"rotation": {"angle": 0, "axis": "y", "origin": [8, 8, 6]},
			"faces": {
				"north": {"uv": [6.5, 1, 7.5, 15], "texture": "#2"},
				"east": {"uv": [8.5, 1, 6.5, 15], "texture": "#2"},
				"south": {"uv": [6.5, 1, 7.5, 15], "texture": "#2"},
				"west": {"uv": [8.5, 1, 6.5, 15], "texture": "#2"},
				"up": {"uv": [8.5, 6, 6.5, 7], "rotation": 90, "texture": "#2"},
				"down": {"uv": [6, 14.5, 8, 15.5], "rotation": 90, "texture": "#2"}
			}
		},
		{
			"from": [7, 9, 1.5],
			"to": [9, 11, 14.5],
			"rotation": {"angle": 0, "axis": "y", "origin": [8, 8, 6]},
			"faces": {
				"north": {"uv": [0, 0, 0, 0], "texture": "#2"},
				"east": {"uv": [8.5, 0.5, 6.5, 13.5], "rotation": 90, "texture": "#2"},
				"south": {"uv": [0, 0, 0, 0], "texture": "#2"},
				"west": {"uv": [6.5, 0.5, 8.5, 13.5], "rotation": 90, "texture": "#2"},
				"up": {"uv": [6.5, 1, 8.5, 14], "texture": "#2"},
				"down": {"uv": [6.5, 1, 8.5, 14], "texture": "#2"}
			}
		},
		{
			"from": [7, 1, 1.5],
			"to": [9, 3, 14.5],
			"rotation": {"angle": 0, "axis": "y", "origin": [8, 8, 6]},
			"faces": {
				"north": {"uv": [0, 0, 0, 0], "texture": "#2"},
				"east": {"uv": [8.5, 2.5, 6.5, 15.5], "rotation": 90, "texture": "#2"},
				"south": {"uv": [0, 0, 0, 0], "texture": "#2"},
				"west": {"uv": [6.5, 2.5, 8.5, 15.5], "rotation": 90, "texture": "#2"},
				"up": {"uv": [6.5, 1, 8.5, 14], "texture": "#2"},
				"down": {"uv": [6.5, 1, 8.5, 14], "texture": "#2"}
			}
		}
	],
	"groups": [
		{
			"name": "fence",
			"origin": [8, 8, 8],
			"children": [0, 1, 2, 3, 4, 5, 6, 7]
		}
	]
}