{
	"credit": "Made with Blockbench",
	"textures": {
		"0": "block/acacia_fence",
		"particle": "block/acacia_fence"
	},
	"elements": [
		{
			"from": [6.5, 0, 6.5],
			"to": [9.5, 16, 9.5],
			"faces": {
				"north": {"uv": [0, 0, 4, 16], "texture": "#0"},
				"east": {"uv": [0, 0, 4, 16], "texture": "#0"},
				"south": {"uv": [0, 0, 4, 16], "texture": "#0"},
				"west": {"uv": [0, 0, 4, 16], "texture": "#0"},
				"up": {"uv": [13, 8, 16, 11], "texture": "#0", "cullface": "up"},
				"down": {"uv": [13, 8, 16, 11], "texture": "#0", "cullface": "down"}
			}
		}
	]
}