{
	"credit": "Made with Blockbench",
	"textures": {
		"2": "block/acacia_fence",
		"particle": "block/acacia_fence"
	},
	"elements": [
		{
			"from": [7.5, -2, 0.5],
			"to": [8.5, 14, 2.5],
			"rotation": {"angle": 0, "axis": "y", "origin": [8, 8, 3]},
			"faces": {
				"north": {"uv": [7.5, 0, 8.5, 16], "texture": "#2"},
				"east": {"uv": [8.5, 0, 6.5, 16], "texture": "#2"},
				"south": {"uv": [7.5, 0, 8.5, 16], "texture": "#2"},
				"west": {"uv": [8.5, 0, 6.5, 16], "rotation": 180, "texture": "#2"},
				"up": {"uv": [8.5, 2, 6.5, 3], "rotation": 90, "texture": "#2"},
				"down": {"uv": [6.5, 13.5, 8.5, 14.5], "rotation": 90, "texture": "#2"}
			}
		},
		{
			"from": [7.5, -1, 3.5],
			"to": [8.5, 15, 5.5],
			"rotation": {"angle": 0, "axis": "y", "origin": [8, 8, 3]},
			"faces": {
				"north": {"uv": [7.5, 0, 8.5, 16], "texture": "#2"},
				"east": {"uv": [8.5, 0, 6.5, 16], "rotation": 180, "texture": "#2"},
				"south": {"uv": [7.5, 0, 8.5, 16], "texture": "#2"},
				"west": {"uv": [6.5, 0, 8.5, 16], "texture": "#2"},
				"up": {"uv": [8.5, 6, 6.5, 7], "rotation": 90, "texture": "#2"},
				"down": {"uv": [6.5, 14.5, 8.5, 15.5], "rotation": 90, "texture": "#2"}
			}
		},
		{
			"from": [7, 11, 0],
			"to": [9, 13, 6.5],
			"rotation": {"angle": 0, "axis": "y", "origin": [8, 8, 3]},
			"faces": {
				"north": {"uv": [6.5, 1.5, 8.5, 3.5], "rotation": 90, "texture": "#2"},
				"east": {"uv": [6.5, 1, 8.5, 7.5], "rotation": 90, "texture": "#2"},
				"south": {"uv": [6.5, 1.5, 8.5, 3.5], "rotation": 90, "texture": "#2"},
				"west": {"uv": [6.5, 5.5, 8.5, 12], "rotation": 90, "texture": "#2"},
				"up": {"uv": [6.5, 8.5, 8.5, 15], "texture": "#2"},
				"down": {"uv": [6.5, 8.5, 8.5, 15], "rotation": 90, "texture": "#2"}
			}
		},
		{
			"from": [7, 1, 0],
			"to": [9, 3, 6.5],
			"rotation": {"angle": 0, "axis": "y", "origin": [8, 8, 3]},
			"faces": {
				"north": {"uv": [6.5, 1.5, 8.5, 3.5], "rotation": 90, "texture": "#2"},
				"east": {"uv": [6.5, 9.5, 8.5, 16], "rotation": 90, "texture": "#2"},
				"south": {"uv": [6.5, 1.5, 8.5, 3.5], "rotation": 90, "texture": "#2"},
				"west": {"uv": [6.5, 0.5, 8.5, 7], "rotation": 90, "texture": "#2"},
				"up": {"uv": [6.5, 0.5, 8.5, 7], "texture": "#2"},
				"down": {"uv": [6.5, 4, 8.5, 10.5], "texture": "#2"}
			}
		}
	],
	"groups": [
		{
			"name": "fence",
			"origin": [8, 8, 8],
			"children": [0, 1, 2, 3]
		}
	]
}