{
	"credit": "Made by SyndiShanX",
	"elements": [
		{
			"name": "bar-top",
			"from": [7, 12, 0],
			"to": [9, 15, 6],
			"faces": {
				"north": {"uv": [7, 0, 8, 1.5], "texture": "#0"},
				"east": {"uv": [2, 4.75, 5.25, 6.25], "texture": "#0"},
				"west": {"uv": [4.75, 4.75, 8, 6.25], "texture": "#0"},
				"up": {"uv": [2, 7.5, 5.25, 8.5], "rotation": 90, "texture": "#0"},
				"down": {"uv": [2, 3.5, 5.25, 4.5], "rotation": 90, "texture": "#0"}
			}
		},
		{
			"name": "bar-btm",
			"from": [7, 6, 0],
			"to": [9, 9, 6],
			"faces": {
				"north": {"uv": [6, 0, 7, 1.5], "texture": "#0"},
				"east": {"uv": [1.75, 2, 5, 3.5], "texture": "#0"},
				"west": {"uv": [5, 2, 8.25, 3.5], "texture": "#0"},
				"up": {"uv": [2, 3.5, 5.25, 4.5], "rotation": 90, "texture": "#0"},
				"down": {"uv": [2, 3.5, 5.25, 4.5], "rotation": 90, "texture": "#0"}
			}
		}
	]
}