{
	"credit": "Made by Starseeker with Blockbench",
	"ambientocclusion": false,
	"textures": {
		"1": "block/plants/tulip_models/white",
		"particle": "block/plants/white_tulip/0"
	},
	"elements": [
		{
			"name": "Stamen",
			"from": [7.5, 17, 7.5],
			"to": [8.5, 20, 8.5],
			"shade": false,
			"rotation": {"angle": 0, "axis": "y", "origin": [8, 9.92929, 8]},
			"faces": {
				"north": {"uv": [9, 0, 10, 3], "texture": "#1"},
				"east": {"uv": [9, 0, 10, 3], "texture": "#1"},
				"south": {"uv": [9, 0, 10, 3], "texture": "#1"},
				"west": {"uv": [9, 0, 10, 3], "texture": "#1"},
				"up": {"uv": [10, 0, 11, 1], "texture": "#1"},
				"down": {"uv": [14, 0, 16, 2], "texture": "#1"}
			}
		},
		{
			"name": "Inner petals outer",
			"from": [6.75, 17.01, 6.75],
			"to": [9.25, 21, 9.25],
			"shade": false,
			"rotation": {"angle": 45, "axis": "y", "origin": [8, 9.92929, 8]},
			"faces": {
				"north": {"uv": [6, 0, 8.5, 4], "texture": "#1"},
				"east": {"uv": [6, 0, 8.5, 4], "texture": "#1"},
				"south": {"uv": [6, 0, 8.5, 4], "texture": "#1"},
				"west": {"uv": [6, 0, 8.5, 4], "texture": "#1"},
				"up": {"uv": [13.5, 0, 16, 2.5], "texture": "#1"},
				"down": {"uv": [0, 0, 0, 0], "texture": "#1"}
			}
		},
		{
			"name": "Inner petals inner",
			"from": [6.75, 21, 6.75],
			"to": [9.25, 17, 9.25],
			"shade": false,
			"rotation": {"angle": 45, "axis": "y", "origin": [8, 9.92929, 8]},
			"faces": {
				"north": {"uv": [6, 4, 8.5, 0], "texture": "#1"},
				"east": {"uv": [6, 4, 8.5, 0], "texture": "#1"},
				"south": {"uv": [6, 4, 8.5, 0], "texture": "#1"},
				"west": {"uv": [6, 4, 8.5, 0], "texture": "#1"},
				"up": {"uv": [13.5, 0, 16, 2.5], "texture": "#1"},
				"down": {"uv": [13.5, 0, 16, 2.5], "texture": "#1"}
			}
		},
		{
			"name": "Outer petals inner",
			"from": [6.5, 21, 6.5],
			"to": [9.5, 17, 9.5],
			"shade": false,
			"rotation": {"angle": 0, "axis": "y", "origin": [8, 9.92929, 8]},
			"faces": {
				"north": {"uv": [0, 4, 3, 0], "texture": "#1"},
				"east": {"uv": [0, 4, 3, 0], "texture": "#1"},
				"south": {"uv": [0, 4, 3, 0], "texture": "#1"},
				"west": {"uv": [0, 4, 3, 0], "texture": "#1"},
				"up": {"uv": [3, 0, 6, 3], "texture": "#1"},
				"down": {"uv": [13, 0, 16, 3], "texture": "#1"}
			}
		},
		{
			"name": "Outer petals outer",
			"from": [6.5, 17, 6.5],
			"to": [9.5, 21, 9.5],
			"shade": false,
			"rotation": {"angle": 0, "axis": "y", "origin": [8, 9.92929, 8]},
			"faces": {
				"north": {"uv": [0, 0, 3, 4], "texture": "#1"},
				"east": {"uv": [0, 0, 3, 4], "texture": "#1"},
				"south": {"uv": [0, 0, 3, 4], "texture": "#1"},
				"west": {"uv": [0, 0, 3, 4], "texture": "#1"},
				"up": {"uv": [13, 0, 16, 3], "texture": "#1"},
				"down": {"uv": [3, 0, 6, 3], "texture": "#1"}
			}
		},
		{
			"name": "Stem plane 2",
			"from": [8, 7, 5],
			"to": [8, 17, 11],
			"shade": false,
			"rotation": {"angle": -45, "axis": "y", "origin": [8, 9.92929, 8]},
			"faces": {
				"north": {"uv": [0, 0, 0, 10], "texture": "#1"},
				"east": {"uv": [0, 6, 6, 16], "texture": "#1"},
				"south": {"uv": [0, 0, 0, 10], "texture": "#1"},
				"west": {"uv": [6, 6, 0, 16], "texture": "#1"},
				"up": {"uv": [0, 0, 0, 6], "texture": "#1"},
				"down": {"uv": [0, 0, 0, 6], "texture": "#1"}
			}
		},
		{
			"name": "Stem plane 1",
			"from": [8, 7, 5],
			"to": [8, 17, 11],
			"shade": false,
			"rotation": {"angle": 45, "axis": "y", "origin": [8, 9.92929, 8]},
			"faces": {
				"north": {"uv": [0, 0, 0, 10], "texture": "#1"},
				"east": {"uv": [0, 6, 6, 16], "texture": "#1"},
				"south": {"uv": [0, 0, 0, 10], "texture": "#1"},
				"west": {"uv": [6, 6, 0, 16], "texture": "#1"},
				"up": {"uv": [0, 0, 0, 6], "texture": "#1"},
				"down": {"uv": [0, 0, 0, 6], "texture": "#1"}
			}
		}
	],
	"display": {
		"thirdperson_righthand": {
			"rotation": [75, 45, 0],
			"translation": [0, 2.5, 0],
			"scale": [0.375, 0.375, 0.375]
		},
		"thirdperson_lefthand": {
			"rotation": [75, 45, 0],
			"translation": [0, 2.5, 0],
			"scale": [0.375, 0.375, 0.375]
		},
		"firstperson_righthand": {
			"rotation": [0, 135, 0],
			"scale": [0.4, 0.4, 0.4]
		},
		"firstperson_lefthand": {
			"rotation": [0, 135, 0],
			"scale": [0.4, 0.4, 0.4]
		},
		"ground": {
			"translation": [0, 3, 0],
			"scale": [0.25, 0.25, 0.25]
		},
		"gui": {
			"rotation": [30, 135, 0],
			"scale": [0.625, 0.625, 0.625]
		},
		"fixed": {
			"translation": [0, 0, -1],
			"scale": [0.75, 0.75, 0.75]
		}
	},
	"groups": [
		{
			"name": "Flower",
			"origin": [8, 0, 8],
			"color": 0,
			"shade": false,
			"children": [0, 1, 2, 3, 4, 5, 6]
		}
	]
}