{
	"credit": "Made by swimfreak aka NiceGuyNate",
	"ambientocclusion": false,
	"textures": {
		"0": "block/doors/cherry_door_top",
		"1": "block/doors/cherry_door_sides",
		"particle": "block/doors/cherry_door_top"
	},
	"elements": [
		{
			"name": "handlebar",
			"from": [1, 0, 11],
			"to": [4, 0.5, 14.5],
			"rotation": {"angle": 0, "axis": "y", "origin": [2.5, 0, 8]},
			"faces": {
				"north": {"uv": [0, 0, 1, 0.25], "texture": "#1"},
				"east": {"uv": [14.5, 15.5, 11, 16], "texture": "#0"},
				"south": {"uv": [0, 0, 1, 0.25], "texture": "#1"},
				"west": {"uv": [11, 15.5, 14.5, 16], "texture": "#0"},
				"up": {"uv": [0, 1.5, 3, 5], "rotation": 180, "texture": "#1"},
				"down": {"uv": [0, 11, 3, 14.5], "rotation": 180, "texture": "#1"}
			}
		},
		{
			"name": "Grid_left",
			"from": [1, 0, 14.5],
			"to": [4, 16, 16],
			"rotation": {"angle": 0, "axis": "y", "origin": [2.5, 0, 8]},
			"faces": {
				"north": {"uv": [6, 0, 9, 16], "texture": "#1"},
				"east": {"uv": [16, 0, 14.5, 16], "texture": "#0"},
				"south": {"uv": [6, 0, 9, 16], "texture": "#1"},
				"west": {"uv": [14.5, 0, 16, 16], "texture": "#0"},
				"up": {"uv": [0, 0, 3, 1.5], "rotation": 180, "texture": "#1"},
				"down": {"uv": [0, 14.5, 3, 16], "rotation": 180, "texture": "#1"}
			}
		},
		{
			"name": "Grid_right",
			"from": [1, 0, 0],
			"to": [4, 16, 1.5],
			"rotation": {"angle": 0, "axis": "y", "origin": [2.5, 0, 8]},
			"faces": {
				"north": {"uv": [6, 0, 9, 16], "texture": "#1"},
				"east": {"uv": [1.5, 0, 0, 16], "texture": "#0"},
				"south": {"uv": [0, 0, 3, 16], "texture": "#1"},
				"west": {"uv": [0, 0, 1.5, 16], "texture": "#0"},
				"up": {"uv": [0, 14.5, 3, 16], "rotation": 180, "texture": "#1"},
				"down": {"uv": [0, 0, 3, 1.5], "rotation": 180, "texture": "#1"}
			}
		},
		{
			"name": "Grid_top",
			"from": [1, 14.5, 1.5],
			"to": [4, 16, 14.5],
			"rotation": {"angle": 0, "axis": "y", "origin": [2.5, 0, 8]},
			"faces": {
				"north": {"uv": [0, 0, 1, 0.75], "texture": "#1"},
				"east": {"uv": [14.5, 0, 1.5, 1.5], "texture": "#0"},
				"south": {"uv": [0, 0, 1, 0.75], "texture": "#1"},
				"west": {"uv": [1.5, 0, 14.5, 1.5], "texture": "#0"},
				"up": {"uv": [0, 1.5, 3, 14.5], "rotation": 180, "texture": "#1"},
				"down": {"uv": [0, 1.5, 3, 14.5], "rotation": 180, "texture": "#1"}
			}
		},
		{
			"name": "grid_middletop",
			"from": [1, 10, 1.5],
			"to": [4, 11.5, 14.5],
			"rotation": {"angle": 0, "axis": "y", "origin": [2.5, 0, 8]},
			"faces": {
				"north": {"uv": [0, 0, 1, 0.75], "texture": "#1"},
				"east": {"uv": [14.5, 4.5, 1.5, 6], "texture": "#0"},
				"south": {"uv": [0, 0, 1, 0.75], "texture": "#1"},
				"west": {"uv": [1.5, 4.5, 14.5, 6], "texture": "#0"},
				"up": {"uv": [0, 1.5, 3, 14.5], "rotation": 180, "texture": "#1"},
				"down": {"uv": [0, 1.5, 3, 14.5], "rotation": 180, "texture": "#1"}
			}
		},
		{
			"name": "grid_middlebottom",
			"from": [1, 4, 1.5],
			"to": [4, 5.5, 14.5],
			"rotation": {"angle": 0, "axis": "y", "origin": [2.5, 0, 8]},
			"faces": {
				"north": {"uv": [0, 0, 1, 0.75], "texture": "#1"},
				"east": {"uv": [14.5, 10.5, 1.5, 12], "texture": "#0"},
				"south": {"uv": [0, 0, 1, 0.75], "texture": "#1"},
				"west": {"uv": [1.5, 10.5, 14.5, 12], "texture": "#0"},
				"up": {"uv": [0, 1.5, 3, 14.5], "rotation": 180, "texture": "#1"},
				"down": {"uv": [0, 1.5, 3, 14.5], "rotation": 180, "texture": "#1"}
			}
		},
		{
			"name": "grid_vert_left",
			"from": [1, 0, 5],
			"to": [4, 14.5, 6.5],
			"rotation": {"angle": 0, "axis": "y", "origin": [2.5, 0, 8]},
			"faces": {
				"north": {"uv": [0, 1, 3, 15.5], "texture": "#1"},
				"east": {"uv": [6.5, 1.5, 5, 16], "texture": "#0"},
				"south": {"uv": [0, 1, 3, 15.5], "texture": "#1"},
				"west": {"uv": [5, 1.5, 6.5, 16], "texture": "#0"},
				"up": {"uv": [0, 0, 1, 0.75], "rotation": 180, "texture": "#1"},
				"down": {"uv": [0, 0, 1, 0.75], "rotation": 180, "texture": "#1"}
			}
		},
		{
			"name": "grid_vert_right",
			"from": [1, 0, 9.5],
			"to": [4, 14.5, 11],
			"rotation": {"angle": 0, "axis": "y", "origin": [2.5, 0, 8]},
			"faces": {
				"north": {"uv": [0, 1, 3, 15.5], "texture": "#1"},
				"east": {"uv": [11, 1.5, 9.5, 16], "texture": "#0"},
				"south": {"uv": [0, 1, 3, 15.5], "texture": "#1"},
				"west": {"uv": [9.5, 1.5, 11, 16], "texture": "#0"},
				"up": {"uv": [0, 0, 1, 0.75], "rotation": 180, "texture": "#1"},
				"down": {"uv": [0, 0, 1, 0.75], "rotation": 180, "texture": "#1"}
			}
		},
		{
			"name": "paper background",
			"from": [1.5, 0, 1.5],
			"to": [3.5, 14.5, 14.5],
			"rotation": {"angle": 0, "axis": "y", "origin": [2.5, 0, 8]},
			"faces": {
				"north": {"uv": [0, 0, 0.75, 7.25], "texture": "#1"},
				"east": {"uv": [14.5, 1.5, 1.5, 16], "texture": "#0"},
				"south": {"uv": [0, 0, 0.75, 7.25], "texture": "#1"},
				"west": {"uv": [1.5, 1.5, 14.5, 16], "texture": "#0"},
				"up": {"uv": [0, 0, 0.75, 6.5], "rotation": 180, "texture": "#1"},
				"down": {"uv": [0, 0, 0.75, 6.5], "rotation": 180, "texture": "#1"}
			}
		},
		{
			"name": "hinge",
			"from": [0.75, 9.4, -0.25],
			"to": [4.25, 12.1, 1.5],
			"rotation": {"angle": 0, "axis": "y", "origin": [2.5, 0, 8]},
			"faces": {
				"north": {"uv": [9, 0, 12, 2.5], "texture": "#1"},
				"east": {"uv": [1.375, 4, 0, 6.5], "texture": "#0"},
				"south": {"uv": [9, 0, 12, 2.5], "texture": "#1"},
				"west": {"uv": [0, 4, 1.375, 6.5], "texture": "#0"},
				"up": {"uv": [9, 0, 12, 2.5], "rotation": 180, "texture": "#1"},
				"down": {"uv": [9, 0, 12, 2.5], "rotation": 180, "texture": "#1"}
			}
		},
		{
			"name": "hinge_small",
			"from": [0.75, 9.9, 1.5],
			"to": [4.25, 11.6, 2],
			"rotation": {"angle": 0, "axis": "y", "origin": [2.5, 0, 8]},
			"faces": {
				"north": {"uv": [9, 0, 12, 2.5], "texture": "#1"},
				"east": {"uv": [2, 4.5, 1.5, 6], "texture": "#0"},
				"south": {"uv": [9, 0, 12, 2.5], "texture": "#1"},
				"west": {"uv": [1.5, 4.5, 2, 6], "texture": "#0"},
				"up": {"uv": [9, 0, 12, 0.5], "rotation": 180, "texture": "#1"},
				"down": {"uv": [9, 0, 12, 0.5], "rotation": 180, "texture": "#1"}
			}
		}
	],
	"groups": [
		{
			"name": "Top",
			"origin": [0, 0, 0],
			"color": 0,
			"children": [0, 1, 2, 3, 4, 5, 6, 7, 8, 9, 10]
		}
	]
}