{
	"credit": "Made by swimfreak aka NiceGuyNate",
	"ambientocclusion": false,
	"textures": {
		"1": "block/doors/cherry_door_sides",
		"2": "block/doors/cherry_door_bottom",
		"particle": "block/doors/cherry_door_bottom"
	},
	"elements": [
		{
			"name": "handlebar",
			"from": [0, 12, 0.5],
			"to": [3, 16, 4],
			"faces": {
				"north": {"uv": [0, 0, 1, 0.25], "texture": "#1"},
				"east": {"uv": [11, 0, 14.5, 4], "texture": "#2"},
				"south": {"uv": [0, 0, 1, 0.25], "texture": "#1"},
				"west": {"uv": [14.5, 0, 11, 4], "texture": "#2"},
				"up": {"uv": [0, 1.5, 3, 5], "texture": "#1"},
				"down": {"uv": [0, 11, 3, 14.5], "texture": "#1"}
			}
		},
		{
			"name": "Grid_left",
			"from": [0, 0, -1],
			"to": [3, 16, 0.5],
			"faces": {
				"north": {"uv": [3, 0, 6, 16], "texture": "#1"},
				"east": {"uv": [14.5, 0, 16, 16], "texture": "#2"},
				"south": {"uv": [3, 0, 6, 16], "texture": "#1"},
				"west": {"uv": [16, 0, 14.5, 16], "texture": "#2"},
				"up": {"uv": [0, 0, 3, 1.5], "texture": "#1"},
				"down": {"uv": [0, 14.5, 3, 16], "texture": "#1"}
			}
		},
		{
			"name": "Grid_right",
			"from": [0, 0, 13.5],
			"to": [3, 16, 15],
			"faces": {
				"north": {"uv": [0, 0, 3, 16], "texture": "#1"},
				"east": {"uv": [0, 0, 1.5, 16], "texture": "#2"},
				"south": {"uv": [3, 0, 6, 16], "texture": "#1"},
				"west": {"uv": [1.5, 0, 0, 16], "texture": "#2"},
				"up": {"uv": [0, 14.5, 3, 16], "texture": "#1"},
				"down": {"uv": [0, 0, 3, 1.5], "texture": "#1"}
			}
		},
		{
			"name": "Grid_top",
			"from": [0, 0, 0.5],
			"to": [3, 1.5, 13.5],
			"faces": {
				"north": {"uv": [0, 0, 1, 0.75], "texture": "#1"},
				"east": {"uv": [1.5, 14.5, 14.5, 16], "texture": "#2"},
				"south": {"uv": [0, 0, 1, 0.75], "texture": "#1"},
				"west": {"uv": [14.5, 14.5, 1.5, 16], "texture": "#2"},
				"up": {"uv": [0, 1.5, 3, 14.5], "texture": "#1"},
				"down": {"uv": [0, 1.5, 3, 14.5], "texture": "#1"}
			}
		},
		{
			"name": "grid_middletop",
			"from": [0, 10.5, 0.5],
			"to": [3, 12, 13.5],
			"faces": {
				"north": {"uv": [0, 0, 1, 0.75], "texture": "#1"},
				"east": {"uv": [1.5, 4, 14.5, 5.5], "texture": "#2"},
				"south": {"uv": [0, 0, 1, 0.75], "texture": "#1"},
				"west": {"uv": [14.5, 4, 1.5, 5.5], "texture": "#2"},
				"up": {"uv": [0, 1.5, 3, 14.5], "texture": "#1"},
				"down": {"uv": [0, 1.5, 3, 14.5], "texture": "#1"}
			}
		},
		{
			"name": "grid_middlebottom",
			"from": [0, 4.5, 0.5],
			"to": [3, 6, 13.5],
			"faces": {
				"north": {"uv": [0, 0, 1, 0.75], "texture": "#1"},
				"east": {"uv": [1.5, 10, 14.5, 11.5], "texture": "#2"},
				"south": {"uv": [0, 0, 1, 0.75], "texture": "#1"},
				"west": {"uv": [14.5, 10, 1.5, 11.5], "texture": "#2"},
				"up": {"uv": [0, 1.5, 3, 14.5], "texture": "#1"},
				"down": {"uv": [0, 1.5, 3, 14.5], "texture": "#1"}
			}
		},
		{
			"name": "grid_vert_left",
			"from": [0, 1.5, 8.5],
			"to": [3, 16, 10],
			"faces": {
				"north": {"uv": [0, 1, 3, 15.5], "texture": "#1"},
				"east": {"uv": [5, 0, 6.5, 14.5], "texture": "#2"},
				"south": {"uv": [0, 1, 3, 15.5], "texture": "#1"},
				"west": {"uv": [6.5, 0, 5, 14.5], "texture": "#2"},
				"up": {"uv": [0, 0, 1, 0.75], "texture": "#1"},
				"down": {"uv": [0, 0, 1, 0.75], "texture": "#1"}
			}
		},
		{
			"name": "grid_vert_right",
			"from": [0, 1.5, 4],
			"to": [3, 16, 5.5],
			"faces": {
				"north": {"uv": [0, 1, 3, 15.5], "texture": "#1"},
				"east": {"uv": [9.5, 0, 11, 14.5], "texture": "#2"},
				"south": {"uv": [0, 1, 3, 15.5], "texture": "#1"},
				"west": {"uv": [11, 0, 9.5, 14.5], "texture": "#2"},
				"up": {"uv": [0, 0, 1, 0.75], "texture": "#1"},
				"down": {"uv": [0, 0, 1, 0.75], "texture": "#1"}
			}
		},
		{
			"name": "paper background",
			"from": [0.5, 1.5, 0.5],
			"to": [2.5, 16, 13.5],
			"faces": {
				"north": {"uv": [0, 0, 0.75, 7.25], "texture": "#1"},
				"east": {"uv": [1.5, 0, 14.5, 14.5], "texture": "#2"},
				"south": {"uv": [0, 0, 0.75, 7.25], "texture": "#1"},
				"west": {"uv": [14.5, 0, 1.5, 14.5], "texture": "#2"},
				"up": {"uv": [0, 0, 0.75, 6.5], "texture": "#1"},
				"down": {"uv": [0, 0, 0.75, 6.5], "texture": "#1"}
			}
		},
		{
			"name": "hinge",
			"from": [-0.25, 3.9, 13.5],
			"to": [3.25, 6.6, 15.25],
			"faces": {
				"north": {"uv": [9, 0, 12, 2.5], "texture": "#1"},
				"east": {"uv": [0, 9.5, 1.375, 12], "texture": "#2"},
				"south": {"uv": [9, 0, 12, 2.5], "texture": "#1"},
				"west": {"uv": [1.375, 9.5, 0, 12], "texture": "#2"},
				"up": {"uv": [9, 0, 12, 2.5], "texture": "#1"},
				"down": {"uv": [9, 0, 12, 2.5], "texture": "#1"}
			}
		},
		{
			"name": "hinge_small",
			"from": [-0.25, 4.4, 13],
			"to": [3.25, 6.1, 13.5],
			"faces": {
				"north": {"uv": [9, 0, 12, 2.5], "texture": "#1"},
				"east": {"uv": [1.5, 10, 2, 11.5], "texture": "#2"},
				"south": {"uv": [9, 0, 12, 2.5], "texture": "#1"},
				"west": {"uv": [2, 10, 1.5, 11.5], "texture": "#2"},
				"up": {"uv": [9, 0, 12, 0.5], "texture": "#1"},
				"down": {"uv": [9, 0, 12, 0.5], "texture": "#1"}
			}
		},
		{
			"name": "handlewide",
			"from": [-0.15, 12.5, 0.5],
			"to": [3.15, 14.5, 4],
			"faces": {
				"north": {"uv": [13, 1.5, 13.525, 3.425], "texture": "#1"},
				"east": {"uv": [11, 1.5, 14.5, 3.5], "texture": "#2"},
				"south": {"uv": [13, 1.5, 13.5, 3.5], "texture": "#1"},
				"west": {"uv": [14.5, 1.5, 11, 3.5], "texture": "#2"},
				"up": {"uv": [11, 1, 14.5, 1.5], "texture": "#1"},
				"down": {"uv": [11, 1, 14.5, 1.5], "texture": "#1"}
			}
		},
		{
			"name": "handletall",
			"from": [-0.15, 12, 1],
			"to": [3.15, 15, 3.5],
			"faces": {
				"north": {"uv": [11, 1, 11.5, 4], "texture": "#1"},
				"east": {"uv": [11.5, 1, 14, 4], "texture": "#2"},
				"south": {"uv": [14, 1, 14.5, 4], "texture": "#1"},
				"west": {"uv": [14, 1, 11.5, 4], "texture": "#2"},
				"up": {"uv": [11.5, 3.5, 14, 4], "texture": "#1"},
				"down": {"uv": [11.5, 1, 14, 1.5], "texture": "#1"}
			}
		}
	],
	"groups": [
		{
			"name": "Bottom",
			"origin": [0, 0, 0],
			"color": 0,
			"children": [0, 1, 2, 3, 4, 5, 6, 7, 8, 9, 10, 11, 12]
		}
	]
}