{
	"__comment": "Models Made by SyndiShanX",
	"variants": {
		"facing=north,half=bottom,shape=straight": { "model": "block/stairs/snowy/prismarine/prismarine_stairs_straight", "y": 90, "uvlock": false },
		"facing=west,half=bottom,shape=straight": { "model": "block/stairs/snowy/prismarine/prismarine_stairs_straight", "uvlock": false },
		"facing=south,half=bottom,shape=straight": { "model": "block/stairs/snowy/prismarine/prismarine_stairs_straight", "y": 270, "uvlock": false },
		"facing=east,half=bottom,shape=straight": { "model": "block/stairs/snowy/prismarine/prismarine_stairs_straight", "y": 180, "uvlock": false },
		
		"facing=north,half=bottom,shape=outer_right": { "model": "block/stairs/snowy/prismarine/prismarine_stairs_outer_corner", "y": 90, "uvlock": false },
		"facing=west,half=bottom,shape=outer_right": { "model": "block/stairs/snowy/prismarine/prismarine_stairs_outer_corner", "uvlock": false },
		"facing=south,half=bottom,shape=outer_right": { "model": "block/stairs/snowy/prismarine/prismarine_stairs_outer_corner", "y": 270, "uvlock": false },
		"facing=east,half=bottom,shape=outer_right": { "model": "block/stairs/snowy/prismarine/prismarine_stairs_outer_corner", "y": 180, "uvlock": false },
		
		"facing=north,half=bottom,shape=outer_left": { "model": "block/stairs/snowy/prismarine/prismarine_stairs_outer_corner", "uvlock": false },
		"facing=west,half=bottom,shape=outer_left": { "model": "block/stairs/snowy/prismarine/prismarine_stairs_outer_corner", "y": 270, "uvlock": false },
		"facing=south,half=bottom,shape=outer_left": { "model": "block/stairs/snowy/prismarine/prismarine_stairs_outer_corner", "y": 180, "uvlock": false },
		"facing=east,half=bottom,shape=outer_left": { "model": "block/stairs/snowy/prismarine/prismarine_stairs_outer_corner", "y": 90, "uvlock": false },
		
		"facing=north,half=bottom,shape=inner_right": { "model": "block/stairs/snowy/prismarine/prismarine_stairs_inner_corner", "y": 90, "uvlock": false },
		"facing=west,half=bottom,shape=inner_right": { "model": "block/stairs/snowy/prismarine/prismarine_stairs_inner_corner", "uvlock": false },
		"facing=south,half=bottom,shape=inner_right": { "model": "block/stairs/snowy/prismarine/prismarine_stairs_inner_corner", "y": 270, "uvlock": false },
		"facing=east,half=bottom,shape=inner_right": { "model": "block/stairs/snowy/prismarine/prismarine_stairs_inner_corner", "y": 180,"uvlock": false },
		
		"facing=north,half=bottom,shape=inner_left": { "model": "block/stairs/snowy/prismarine/prismarine_stairs_inner_corner", "uvlock": false },
		"facing=west,half=bottom,shape=inner_left": { "model": "block/stairs/snowy/prismarine/prismarine_stairs_inner_corner", "y": 270, "uvlock": false },
		"facing=south,half=bottom,shape=inner_left": { "model": "block/stairs/snowy/prismarine/prismarine_stairs_inner_corner", "y": 180, "uvlock": false },
		"facing=east,half=bottom,shape=inner_left": { "model": "block/stairs/snowy/prismarine/prismarine_stairs_inner_corner", "y": 90,"uvlock": false },
		
		"facing=north,half=top,shape=straight": { "model": "block/stairs/normal/prismarine/prismarine_stairs_straight", "x": 180, "y": 90, "uvlock": false },
		"facing=west,half=top,shape=straight": { "model": "block/stairs/normal/prismarine/prismarine_stairs_straight", "x": 180, "uvlock": false },
		"facing=south,half=top,shape=straight": { "model": "block/stairs/normal/prismarine/prismarine_stairs_straight", "x": 180, "y": 270, "uvlock": false },
		"facing=east,half=top,shape=straight": { "model": "block/stairs/normal/prismarine/prismarine_stairs_straight", "x": 180, "y": 180, "uvlock": false },
		
		"facing=north,half=top,shape=outer_right": { "model": "block/stairs/normal/prismarine/prismarine_stairs_outer_corner", "x": 180, "y": 180, "uvlock": false },
		"facing=west,half=top,shape=outer_right": { "model": "block/stairs/normal/prismarine/prismarine_stairs_outer_corner", "x": 180, "y": 90, "uvlock": false },
		"facing=south,half=top,shape=outer_right": { "model": "block/stairs/normal/prismarine/prismarine_stairs_outer_corner", "x": 180, "uvlock": false },
		"facing=east,half=top,shape=outer_right": { "model": "block/stairs/normal/prismarine/prismarine_stairs_outer_corner", "x": 180, "y": 270, "uvlock": false },
		
		"facing=north,half=top,shape=outer_left": { "model": "block/stairs/normal/prismarine/prismarine_stairs_outer_corner", "x": 180, "y": 90, "uvlock": false },
		"facing=west,half=top,shape=outer_left": { "model": "block/stairs/normal/prismarine/prismarine_stairs_outer_corner", "x": 180, "uvlock": false },
		"facing=south,half=top,shape=outer_left": { "model": "block/stairs/normal/prismarine/prismarine_stairs_outer_corner", "x": 180, "y": 270, "uvlock": false },
		"facing=east,half=top,shape=outer_left": { "model": "block/stairs/normal/prismarine/prismarine_stairs_outer_corner", "x": 180, "y": 180, "uvlock": false },
		
		"facing=north,half=top,shape=inner_right": { "model": "block/stairs/normal/prismarine/prismarine_stairs_inner_corner", "x": 180, "y": 180, "uvlock": false },
		"facing=west,half=top,shape=inner_right": { "model": "block/stairs/normal/prismarine/prismarine_stairs_inner_corner", "x": 180, "y": 90, "uvlock": false },
		"facing=south,half=top,shape=inner_right": { "model": "block/stairs/normal/prismarine/prismarine_stairs_inner_corner", "x": 180, "uvlock": false },
		"facing=east,half=top,shape=inner_right": { "model": "block/stairs/normal/prismarine/prismarine_stairs_inner_corner", "x": 180, "y": 270,"uvlock": false },
		
		"facing=north,half=top,shape=inner_left": { "model": "block/stairs/normal/prismarine/prismarine_stairs_inner_corner", "x": 180, "y": 90, "uvlock": false },
		"facing=west,half=top,shape=inner_left": { "model": "block/stairs/normal/prismarine/prismarine_stairs_inner_corner", "x": 180, "uvlock": false },
		"facing=south,half=top,shape=inner_left": { "model": "block/stairs/normal/prismarine/prismarine_stairs_inner_corner", "x": 180, "y": 270, "uvlock": false },
		"facing=east,half=top,shape=inner_left": { "model": "block/stairs/normal/prismarine/prismarine_stairs_inner_corner", "x": 180, "y": 180,"uvlock": false }
	}
}