{
	"credit": "Made by CCCode, updated by SyndiShanX",
	"textures": {
		"0": "block/andesite_wall",
		"particle": "block/andesite"
	},
	"elements": [
		{
			"name": "Top",
			"from": [5, 15, 0],
			"to": [11, 16, 16],
			"faces": {
				"north": {"uv": [5.25, 10.25, 2.25, 10.75], "texture": "#0", "cullface": "north"},
				"east": {"uv": [8, 10.25, 0, 10.75], "texture": "#0"},
				"south": {"uv": [5.25, 10.25, 2.25, 10.75], "texture": "#0", "cullface": "south"},
				"west": {"uv": [0, 10.25, 8, 10.75], "texture": "#0"},
				"up": {"uv": [0, 7.25, 8, 10.25], "rotation": 90, "texture": "#0"},
				"down": {"uv": [8, 8, 16, 11], "rotation": 90, "texture": "#0"}
			}
		},
		{
			"name": "Top Connector",
			"from": [5.5, 14.5, 0],
			"to": [10.5, 15, 16],
			"faces": {
				"north": {"uv": [5.25, 10.75, 2.25, 11], "texture": "#0", "cullface": "north"},
				"east": {"uv": [8, 10.75, 0, 11], "texture": "#0"},
				"south": {"uv": [5.25, 10.75, 2.25, 11], "texture": "#0", "cullface": "south"},
				"west": {"uv": [0, 10.75, 8, 11], "texture": "#0"},
				"down": {"uv": [8, 8.25, 16, 10.75], "rotation": 90, "texture": "#0"}
			}
		},
		{
			"name": "Top Post 1",
			"from": [5.5, 12.5, 1.5],
			"to": [10.5, 14.5, 6.5],
			"faces": {
				"north": {"uv": [3.25, 0, 5.75, 1], "texture": "#0"},
				"east": {"uv": [0.25, 0, 2.75, 1], "texture": "#0"},
				"south": {"uv": [3.25, 0, 5.75, 1], "texture": "#0"},
				"west": {"uv": [0.25, 0, 2.75, 1], "texture": "#0"},
				"down": {"uv": [6.25, 13.25, 8.75, 15.75], "texture": "#0"}
			}
		},
		{
			"name": "Main Post 1",
			"from": [6, 2.5, 2],
			"to": [10, 12.5, 6],
			"faces": {
				"north": {"uv": [3.5, 1, 5.5, 6], "texture": "#0"},
				"east": {"uv": [0.5, 1, 2.5, 6], "texture": "#0"},
				"south": {"uv": [3.5, 1, 5.5, 6], "texture": "#0"},
				"west": {"uv": [0.5, 1, 2.5, 6], "texture": "#0"}
			}
		},
		{
			"name": "Mid Post 1",
			"from": [5, 4.5, 1],
			"to": [11, 7.5, 7],
			"faces": {
				"north": {"uv": [3, 3.5, 6, 5], "texture": "#0"},
				"east": {"uv": [0, 3.5, 3, 5], "texture": "#0"},
				"south": {"uv": [3, 3.5, 6, 5], "texture": "#0"},
				"west": {"uv": [0, 3.5, 3, 5], "texture": "#0"},
				"up": {"uv": [0, 13, 3, 16], "texture": "#0"},
				"down": {"uv": [6, 13, 9, 16], "texture": "#0"}
			}
		},
		{
			"name": "Mid Connector 1",
			"from": [5.5, 4, 1.5],
			"to": [10.5, 4.5, 6.5],
			"faces": {
				"north": {"uv": [3.25, 5, 5.75, 5.25], "texture": "#0"},
				"east": {"uv": [0.25, 5, 2.75, 5.25], "texture": "#0"},
				"south": {"uv": [3.25, 5, 5.75, 5.25], "texture": "#0"},
				"west": {"uv": [0.25, 5, 2.75, 5.25], "texture": "#0"},
				"down": {"uv": [6.25, 13.25, 8.75, 15.75], "texture": "#0"}
			}
		},
		{
			"name": "Base Connector 1",
			"from": [5.5, 2, 1.5],
			"to": [10.5, 2.5, 6.5],
			"faces": {
				"north": {"uv": [3.25, 6, 5.75, 6.25], "texture": "#0"},
				"east": {"uv": [0.25, 6, 2.75, 6.25], "texture": "#0"},
				"south": {"uv": [3.25, 5, 5.75, 5.25], "texture": "#0"},
				"west": {"uv": [0.25, 6, 2.75, 6.25], "texture": "#0"},
				"up": {"uv": [6.25, 13.25, 8.75, 15.75], "texture": "#0"}
			}
		},
		{
			"name": "Base 1",
			"from": [5, 0, 1],
			"to": [11, 2, 7],
			"faces": {
				"north": {"uv": [3, 6.25, 6, 7.25], "texture": "#0"},
				"east": {"uv": [0, 6.25, 3, 7.25], "texture": "#0"},
				"south": {"uv": [3, 6.25, 6, 7.25], "texture": "#0"},
				"west": {"uv": [0, 6.25, 3, 7.25], "texture": "#0"},
				"up": {"uv": [0, 13, 3, 16], "texture": "#0"},
				"down": {"uv": [3, 13, 6, 16], "texture": "#0"}
			}
		},
		{
			"name": "Top Post 2",
			"from": [5.5, 12.5, 9.5],
			"to": [10.5, 14.5, 14.5],
			"faces": {
				"north": {"uv": [3.25, 0, 5.75, 1], "texture": "#0"},
				"east": {"uv": [0.25, 0, 2.75, 1], "texture": "#0"},
				"south": {"uv": [3.25, 0, 5.75, 1], "texture": "#0"},
				"west": {"uv": [0.25, 0, 2.75, 1], "texture": "#0"},
				"down": {"uv": [6.25, 13.25, 8.75, 15.75], "texture": "#0"}
			}
		},
		{
			"name": "Main Post 2",
			"from": [6, 2.5, 10],
			"to": [10, 12.5, 14],
			"faces": {
				"north": {"uv": [3.5, 1, 5.5, 6], "texture": "#0"},
				"east": {"uv": [0.5, 1, 2.5, 6], "texture": "#0"},
				"south": {"uv": [3.5, 1, 5.5, 6], "texture": "#0"},
				"west": {"uv": [0.5, 1, 2.5, 6], "texture": "#0"}
			}
		},
		{
			"name": "Mid Post 2",
			"from": [5, 4.5, 9],
			"to": [11, 7.5, 15],
			"faces": {
				"north": {"uv": [3, 3.5, 6, 5], "texture": "#0"},
				"east": {"uv": [0, 3.5, 3, 5], "texture": "#0"},
				"south": {"uv": [3, 3.5, 6, 5], "texture": "#0"},
				"west": {"uv": [0, 3.5, 3, 5], "texture": "#0"},
				"up": {"uv": [0, 13, 3, 16], "texture": "#0"},
				"down": {"uv": [6, 13, 9, 16], "texture": "#0"}
			}
		},
		{
			"name": "Mid Connector 2",
			"from": [5.5, 4, 9.5],
			"to": [10.5, 4.5, 14.5],
			"faces": {
				"north": {"uv": [3.25, 5, 5.75, 5.25], "texture": "#0"},
				"east": {"uv": [0.25, 5, 2.75, 5.25], "texture": "#0"},
				"south": {"uv": [3.25, 5, 5.75, 5.25], "texture": "#0"},
				"west": {"uv": [0.25, 5, 2.75, 5.25], "texture": "#0"},
				"down": {"uv": [6.25, 13.25, 8.75, 15.75], "texture": "#0"}
			}
		},
		{
			"name": "Base Connector 2",
			"from": [5.5, 2, 9.5],
			"to": [10.5, 2.5, 14.5],
			"faces": {
				"north": {"uv": [3.25, 6, 5.75, 6.25], "texture": "#0"},
				"east": {"uv": [0.25, 6, 2.75, 6.25], "texture": "#0"},
				"south": {"uv": [3.25, 5, 5.75, 5.25], "texture": "#0"},
				"west": {"uv": [0.25, 6, 2.75, 6.25], "texture": "#0"},
				"up": {"uv": [6.25, 13.25, 8.75, 15.75], "texture": "#0"}
			}
		},
		{
			"name": "Base 2",
			"from": [5, 0, 9],
			"to": [11, 2, 15],
			"faces": {
				"north": {"uv": [3, 6.25, 6, 7.25], "texture": "#0"},
				"east": {"uv": [0, 6.25, 3, 7.25], "texture": "#0"},
				"south": {"uv": [3, 6.25, 6, 7.25], "texture": "#0"},
				"west": {"uv": [0, 6.25, 3, 7.25], "texture": "#0"},
				"up": {"uv": [0, 13, 3, 16], "texture": "#0"},
				"down": {"uv": [3, 13, 6, 16], "texture": "#0"}
			}
		}
	]
}