{
	"credit": "Made by CCCode, updated by SyndiShanX",
	"parent": "block/block",
	"textures": {
		"0": "block/andesite_wall",
		"particle": "block/andesite"
	},
	"elements": [
		{
			"name": "Top",
			"from": [4, 15, 4],
			"to": [12, 16, 12],
			"faces": {
				"north": {"uv": [8, 0, 12, 0.5], "texture": "#0"},
				"east": {"uv": [8, 0, 12, 0.5], "texture": "#0"},
				"south": {"uv": [8, 0, 12, 0.5], "texture": "#0"},
				"west": {"uv": [8, 0, 12, 0.5], "texture": "#0"},
				"up": {"uv": [12, 0, 16, 4], "texture": "#0"},
				"down": {"uv": [12, 4, 16, 8], "texture": "#0"}
			}
		},
		{
			"name": "Top Connector",
			"from": [4.5, 14.5, 4.5],
			"to": [11.5, 15, 11.5],
			"faces": {
				"north": {"uv": [8.25, 0.5, 11.75, 0.75], "texture": "#0"},
				"east": {"uv": [8.25, 0.5, 11.75, 0.75], "texture": "#0"},
				"south": {"uv": [8.25, 0.5, 11.75, 0.75], "texture": "#0"},
				"west": {"uv": [8.25, 0.5, 11.75, 0.75], "texture": "#0"},
				"down": {"uv": [12.25, 4.25, 15.75, 7.75], "texture": "#0"}
			}
		},
		{
			"name": "Main Post",
			"from": [5, 3.5, 5],
			"to": [11, 14.5, 11],
			"faces": {
				"north": {"uv": [8.5, 0.75, 11.5, 6.25], "texture": "#0"},
				"east": {"uv": [8.5, 0.75, 11.5, 6.25], "texture": "#0"},
				"south": {"uv": [8.5, 0.75, 11.5, 6.25], "texture": "#0"},
				"west": {"uv": [8.5, 0.75, 11.5, 6.25], "texture": "#0"}
			}
		},
		{
			"name": "Base Connector",
			"from": [4.5, 3, 4.5],
			"to": [11.5, 3.5, 11.5],
			"faces": {
				"north": {"uv": [8.25, 6.25, 11.75, 6.5], "texture": "#0"},
				"east": {"uv": [8.25, 6.25, 11.75, 6.5], "texture": "#0"},
				"south": {"uv": [8.25, 6.25, 11.75, 6.5], "texture": "#0"},
				"west": {"uv": [8.25, 6.25, 11.75, 6.5], "texture": "#0"},
				"up": {"uv": [12.25, 4.25, 15.75, 7.75], "texture": "#0"}
			}
		},
		{
			"name": "Base",
			"from": [4, 0, 4],
			"to": [12, 3, 12],
			"faces": {
				"north": {"uv": [8, 6.5, 12, 8], "texture": "#0"},
				"east": {"uv": [8, 6.5, 12, 8], "texture": "#0"},
				"south": {"uv": [8, 6.5, 12, 8], "texture": "#0"},
				"west": {"uv": [8, 6.5, 12, 8], "texture": "#0"},
				"up": {"uv": [12, 4, 16, 8], "texture": "#0"},
				"down": {"uv": [12, 0, 16, 4], "texture": "#0"}
			}
		}
	]
}