{ "variants": {
    "axis=y": [
      { "model": "block/basalt/7" },
      { "model": "block/basalt/6" },
      { "model": "block/basalt/5" },
      { "model": "block/basalt/4" },
      { "model": "block/basalt/3" },
      { "model": "block/basalt/2" },
      { "model": "block/basalt/1" },
      { "model": "block/basalt/0" }
    ],
    "axis=z": [
      { "model": "block/basalt/7", "x": 90 },
      { "model": "block/basalt/6", "x": 90 },
      { "model": "block/basalt/5", "x": 90 },
      { "model": "block/basalt/4", "x": 90 },
      { "model": "block/basalt/3", "x": 90 },
      { "model": "block/basalt/2", "x": 90 },
      { "model": "block/basalt/1", "x": 90 },
      { "model": "block/basalt/0", "x": 90 }
    ],
    "axis=x": [
      { "model": "block/basalt/7", "x": 90, "y": 90 },
      { "model": "block/basalt/6", "x": 90, "y": 90 },
      { "model": "block/basalt/5", "x": 90, "y": 90 },
      { "model": "block/basalt/4", "x": 90, "y": 90 },
      { "model": "block/basalt/3", "x": 90, "y": 90 },
      { "model": "block/basalt/2", "x": 90, "y": 90 },
      { "model": "block/basalt/1", "x": 90, "y": 90 },
      { "model": "block/basalt/0", "x": 90, "y": 90 }
    ]
  }
}