{
	"credit": "Made by SyndiShanX",
	"parent": "block/block",
	"textures": {
		"block1": "block/smooth_red_sandstone_stair_corner",
		"block2": "block/smooth_red_sandstone_stair_top",
		"block3": "block/smooth_red_sandstone_bottom",
		"snow": "block/snowy_blocks/snow",
		"snow_stairs": "block/snowy_blocks/snow_stairs",
		"particle": "block/smooth_red_sandstone_bottom"
	},
	"elements": [
		{
			"name": "Top Stair",
			"from": [0, 8, 0],
			"to": [8, 16, 8],
			"faces": {
				"north": {"uv": [8, 0, 16, 8], "texture": "#block1"},
				"east": {"uv": [0, 0, 8, 8], "texture": "#block1"},
				"south": {"uv": [0, 0, 8, 8], "texture": "#block1"},
				"west": {"uv": [8, 8, 0, 16], "rotation": 270, "texture": "#block1"},
				"up": {"uv": [0, 0, 8, 8], "texture": "#block1"}
			}
		},
		{
			"name": "Bottom Stair",
			"from": [0, 0, 0],
			"to": [16, 8, 16],
			"faces": {
				"north": {"uv": [0, 8, 16, 16], "texture": "#block1"},
				"east": {"uv": [8, 0, 16, 16], "rotation": 90, "texture": "#block2"},
				"south": {"uv": [8, 0, 16, 16], "rotation": 90, "texture": "#block2"},
				"west": {"uv": [8, 0, 16, 16], "rotation": 90, "texture": "#block1"},
				"up": {"uv": [0, 0, 16, 16], "texture": "#block1"},
				"down": {"uv": [0, 0, 16, 16], "texture": "#block3"}
			}
		},
		{
			"name": "Top Stair Snow",
			"from": [-0.01, 8, -0.01],
			"to": [8.01, 16.01, 8.01],
			"faces": {
				"north": {"uv": [12, 0, 16, 4], "texture": "#snow_stairs"},
				"east": {"uv": [12, 0, 16, 4], "texture": "#snow_stairs"},
				"south": {"uv": [8, 8, 12, 12], "texture": "#snow_stairs"},
				"west": {"uv": [8, 8, 12, 12], "texture": "#snow_stairs"},
				"up": {"uv": [0, 0, 8, 8], "texture": "#snow"}
			}
		},
		{
			"name": "Bottom Stair Snow",
			"from": [-0.01, 0, -0.01],
			"to": [16.01, 8.01, 16.01],
			"faces": {
				"north": {"uv": [8, 8, 16, 12], "texture": "#snow_stairs"},
				"east": {"uv": [0, 0, 8, 4], "texture": "#snow_stairs"},
				"south": {"uv": [0, 0, 8, 4], "texture": "#snow_stairs"},
				"west": {"uv": [8, 0, 16, 4], "texture": "#snow_stairs"},
				"up": {"uv": [0, 0, 16, 16], "texture": "#snow"}
			}
		}
	]
}