{
	"credit": "Made with Blockbench",
	"ambientocclusion": false,
	"textures": {
		"0": "block/doors/iron_door_rim",
		"particle": "block/doors/iron_door_top"
	},
	"elements": [
		{
			"name": "Leftblock",
			"from": [0, 0, 0],
			"to": [3, 16, 2],
			"faces": {
				"north": {"uv": [11.468, 0.032, 8.532, 15.968], "texture": "#0", "cullface": "north"},
				"east": {"uv": [14.032, 0.032, 15.968, 15.968], "texture": "#particle"},
				"south": {"uv": [0.016, 0.016, 2.984, 15.984], "texture": "#0"},
				"west": {"uv": [0.032, 0.032, 1.968, 15.968], "texture": "#particle", "cullface": "west"},
				"up": {"uv": [13.032, 0.032, 15.968, 1.968], "texture": "#0", "cullface": "up"}
			}
		},
		{
			"name": "Rightblock",
			"from": [0, 0, 14],
			"to": [3, 16, 16],
			"faces": {
				"north": {"uv": [0.016, 0.016, 2.984, 15.984], "rotation": 180, "texture": "#0"},
				"east": {"uv": [0.032, 0.032, 1.968, 15.968], "texture": "#particle"},
				"south": {"uv": [8.532, 0.032, 11.468, 15.968], "texture": "#0", "cullface": "south"},
				"west": {"uv": [14.032, 0.032, 15.968, 15.968], "texture": "#particle", "cullface": "west"},
				"up": {"uv": [13.032, 14, 15.968, 15.968], "texture": "#0", "cullface": "up"}
			}
		},
		{
			"name": "Topblock",
			"from": [0, 14, 2],
			"to": [3, 16, 14],
			"faces": {
				"east": {"uv": [2.032, 0.032, 13.968, 1.968], "texture": "#particle"},
				"west": {"uv": [2.032, 0.032, 13.968, 1.968], "texture": "#particle"},
				"up": {"uv": [13.032, 2, 15.968, 13.968], "texture": "#0"},
				"down": {"uv": [0.016, 5.016, 2.984, 8.984], "texture": "#0"}
			}
		},
		{
			"name": "Topblock",
			"from": [0.5, 0, 2],
			"to": [2.5, 14, 14],
			"faces": {
				"east": {"uv": [2.032, 2, 13.968, 15.968], "texture": "#particle"},
				"west": {"uv": [2.032, 2, 13.968, 15.968], "texture": "#particle"}
			}
		},
		{
			"from": [0, 0, 6.5],
			"to": [3, 0.5, 9.5],
			"faces": {
				"north": {"uv": [6.532, 15.5, 9.468, 15.968], "texture": "#particle"},
				"east": {"uv": [6.532, 15.5, 9.468, 15.968], "texture": "#particle"},
				"south": {"uv": [6.532, 15.5, 9.468, 15.968], "texture": "#particle"},
				"west": {"uv": [6.532, 15.5, 9.468, 15.968], "texture": "#particle"},
				"up": {"uv": [6.532, 15.5, 9.468, 15.968], "rotation": 90, "texture": "#particle"},
				"down": {"uv": [6.532, 15.5, 9.468, 15.968], "rotation": 90, "texture": "#particle"}
			}
		},
		{
			"from": [0, 13.5, 7],
			"to": [3, 14, 9],
			"faces": {
				"north": {"uv": [7.032, 2, 7.468, 2.468], "texture": "#particle"},
				"east": {"uv": [8.968, 2, 7.032, 2.468], "texture": "#particle"},
				"south": {"uv": [8.532, 2, 8.968, 2.468], "texture": "#particle"},
				"west": {"uv": [7.032, 2, 8.968, 2.468], "texture": "#particle"},
				"down": {"uv": [8.968, 2, 7.032, 2.468], "texture": "#particle"}
			}
		},
		{
			"from": [0, 11, 7.5],
			"to": [3, 13.5, 8.5],
			"faces": {
				"north": {"uv": [7.532, 2.5, 7.968, 4.968], "texture": "#particle"},
				"east": {"uv": [8.468, 2.5, 7.532, 4.968], "texture": "#particle"},
				"south": {"uv": [8.032, 2.5, 8.468, 4.968], "texture": "#particle"},
				"west": {"uv": [7.532, 2.5, 8.468, 4.968], "texture": "#particle"}
			}
		},
		{
			"from": [0, 5.5, 2.5],
			"to": [3, 6.5, 6],
			"faces": {
				"east": {"uv": [5.968, 9.5, 2.532, 10.468], "texture": "#particle"},
				"west": {"uv": [2.532, 9.5, 5.968, 10.468], "texture": "#particle"},
				"up": {"uv": [2.532, 9.5, 5.968, 9.968], "rotation": 90, "texture": "#particle"},
				"down": {"uv": [2.532, 10, 5.968, 10.468], "rotation": 270, "texture": "#particle"}
			}
		},
		{
			"from": [0, 5.5, 10],
			"to": [3, 6.5, 13.5],
			"faces": {
				"east": {"uv": [13.468, 9.5, 10.032, 10.468], "texture": "#particle"},
				"west": {"uv": [10.032, 9.5, 13.468, 10.468], "texture": "#particle"},
				"up": {"uv": [10.032, 9.5, 13.468, 9.968], "rotation": 90, "texture": "#particle"},
				"down": {"uv": [10.032, 10, 12.968, 10.468], "texture": "#particle"}
			}
		},
		{
			"from": [0, 5, 13.5],
			"to": [3, 7, 14],
			"faces": {
				"north": {"uv": [13.532, 9, 13.968, 10.968], "texture": "#particle"},
				"east": {"uv": [2.032, 9, 2.468, 10.968], "texture": "#particle"},
				"west": {"uv": [13.532, 9, 13.968, 10.968], "texture": "#particle"},
				"up": {"uv": [13.532, 9, 13.968, 9.468], "texture": "#particle"},
				"down": {"uv": [13.532, 10.5, 13.968, 10.968], "texture": "#particle"}
			}
		},
		{
			"from": [0, 5, 2],
			"to": [3, 7, 2.5],
			"faces": {
				"east": {"uv": [13.532, 9, 13.968, 10.968], "texture": "#particle"},
				"south": {"uv": [2.032, 9, 2.468, 10.968], "texture": "#particle"},
				"west": {"uv": [2.032, 9, 2.468, 10.968], "texture": "#particle"},
				"up": {"uv": [2.032, 9, 2.468, 9.468], "texture": "#particle"},
				"down": {"uv": [2.032, 10.5, 2.468, 10.968], "texture": "#particle"}
			}
		},
		{
			"from": [0, 8.5, 2],
			"to": [3, 10, 3.5],
			"faces": {
				"east": {"uv": [12.532, 6, 13.968, 7.468], "texture": "#particle"},
				"south": {"uv": [3.032, 6, 3.468, 7.468], "texture": "#particle"},
				"west": {"uv": [2.032, 6, 3.468, 7.468], "texture": "#particle"},
				"up": {"uv": [2.032, 6, 3.468, 6.468], "rotation": 90, "texture": "#particle"},
				"down": {"uv": [2.032, 7, 3.468, 7.468], "rotation": 270, "texture": "#particle"}
			}
		},
		{
			"from": [0, 8.5, 12.5],
			"to": [3, 10, 14],
			"faces": {
				"north": {"uv": [12.532, 6, 12.968, 7.468], "texture": "#particle"},
				"east": {"uv": [2.032, 6, 3.468, 7.468], "texture": "#particle"},
				"west": {"uv": [12.532, 6, 13.968, 7.468], "texture": "#particle"},
				"up": {"uv": [12.532, 6, 13.968, 6.468], "rotation": 90, "texture": "#particle"},
				"down": {"uv": [12.532, 7, 13.968, 7.468], "rotation": 270, "texture": "#particle"}
			}
		},
		{
			"from": [0, 2.5, 12.5],
			"to": [3, 4, 14],
			"faces": {
				"north": {"uv": [12.532, 12, 12.968, 13.468], "texture": "#particle"},
				"east": {"uv": [2.032, 12, 3.468, 13.468], "texture": "#particle"},
				"west": {"uv": [12.532, 12, 13.968, 13.468], "texture": "#particle"},
				"up": {"uv": [12.532, 12, 13.968, 12.468], "rotation": 90, "texture": "#particle"},
				"down": {"uv": [12.532, 13, 13.968, 13.468], "rotation": 270, "texture": "#particle"}
			}
		},
		{
			"from": [0, 2.5, 2],
			"to": [3, 4, 3.5],
			"faces": {
				"east": {"uv": [12.532, 12, 13.968, 13.468], "texture": "#particle"},
				"south": {"uv": [3.032, 12, 3.468, 13.468], "texture": "#particle"},
				"west": {"uv": [2.032, 12, 3.468, 13.468], "texture": "#particle"},
				"up": {"uv": [2.032, 12, 3.468, 12.468], "rotation": 90, "texture": "#particle"},
				"down": {"uv": [2.032, 13, 3.468, 13.468], "rotation": 270, "texture": "#particle"}
			}
		},
		{
			"from": [0, 13.5, 2],
			"to": [3, 14, 3],
			"faces": {
				"east": {"uv": [13.032, 2, 13.968, 2.468], "texture": "#particle"},
				"south": {"uv": [2.032, 2.5, 2.468, 2.968], "texture": "#particle"},
				"west": {"uv": [2.032, 2, 2.968, 2.468], "texture": "#particle"},
				"down": {"uv": [2.032, 2.5, 2.468, 2.968], "texture": "#particle"}
			}
		},
		{
			"from": [0, 13.5, 13],
			"to": [3, 14, 14],
			"faces": {
				"north": {"uv": [2.032, 2.5, 2.468, 2.968], "texture": "#particle"},
				"east": {"uv": [2.032, 2, 2.968, 2.468], "texture": "#particle"},
				"west": {"uv": [13.032, 2, 13.968, 2.468], "texture": "#particle"},
				"down": {"uv": [2.032, 2.5, 2.468, 2.968], "texture": "#particle"}
			}
		},
		{
			"from": [0, 13, 13.5],
			"to": [3, 13.5, 14],
			"faces": {
				"north": {"uv": [2.032, 2.5, 2.468, 2.968], "texture": "#particle"},
				"east": {"uv": [13.532, 2.5, 13.968, 2.968], "texture": "#particle"},
				"west": {"uv": [13.532, 2.5, 13.968, 2.968], "texture": "#particle"},
				"down": {"uv": [2.032, 2.5, 2.468, 2.968], "texture": "#particle"}
			}
		},
		{
			"from": [0, 13, 2],
			"to": [3, 13.5, 2.5],
			"faces": {
				"east": {"uv": [13.532, 2.5, 13.968, 2.968], "texture": "#particle"},
				"south": {"uv": [2.032, 2.5, 2.468, 2.968], "texture": "#particle"},
				"west": {"uv": [2.032, 2.5, 2.468, 2.968], "texture": "#particle"},
				"down": {"uv": [2.032, 2.5, 2.468, 2.968], "texture": "#particle"}
			}
		},
		{
			"from": [0, 1.5, 6],
			"to": [3, 10.5, 7],
			"faces": {
				"north": {"uv": [6.032, 5.5, 6.468, 14.468], "texture": "#particle"},
				"east": {"uv": [6.968, 5.5, 6.032, 14.468], "texture": "#particle"},
				"west": {"uv": [6.032, 5.5, 6.968, 14.468], "texture": "#particle"},
				"up": {"uv": [6.032, 5.5, 6.468, 5.968], "texture": "#particle"},
				"down": {"uv": [6.032, 14, 6.468, 14.468], "rotation": 90, "texture": "#particle"}
			}
		},
		{
			"from": [0, 1.5, 9],
			"to": [3, 10.5, 10],
			"faces": {
				"east": {"uv": [9.968, 5.5, 9.032, 14.468], "texture": "#particle"},
				"south": {"uv": [9.532, 5.5, 9.968, 14.468], "texture": "#particle"},
				"west": {"uv": [9.032, 5.5, 9.968, 14.468], "texture": "#particle"},
				"up": {"uv": [9.532, 5.5, 9.968, 5.968], "texture": "#particle"},
				"down": {"uv": [9.532, 14, 9.968, 14.468], "texture": "#particle"}
			}
		},
		{
			"from": [0, 10, 6.5],
			"to": [3, 11, 9.5],
			"faces": {
				"north": {"uv": [6.532, 5, 6.968, 5.468], "texture": "#particle"},
				"east": {"uv": [9.468, 5, 6.532, 5.968], "texture": "#particle"},
				"south": {"uv": [9.032, 5, 9.468, 5.468], "texture": "#particle"},
				"west": {"uv": [6.532, 5, 9.468, 5.968], "texture": "#particle"},
				"up": {"uv": [6.532, 5, 9.468, 5.468], "rotation": 90, "texture": "#particle"}
			}
		},
		{
			"from": [0, 1, 6.5],
			"to": [3, 2, 9.5],
			"faces": {
				"north": {"uv": [9.032, 14.5, 9.468, 14.968], "texture": "#particle"},
				"east": {"uv": [6.532, 14, 9.468, 14.968], "texture": "#particle"},
				"south": {"uv": [9.032, 14.5, 9.468, 14.968], "texture": "#particle"},
				"west": {"uv": [6.532, 14, 9.468, 14.968], "texture": "#particle"},
				"down": {"uv": [6.532, 14.5, 9.468, 14.968], "rotation": 90, "texture": "#particle"}
			}
		},
		{
			"name": "in",
			"from": [3, 2, 7],
			"to": [0, 10, 9],
			"faces": {
				"north": {"uv": [0.032, 0.032, 2.968, 7.968], "texture": "#0"},
				"south": {"uv": [0.032, 3.5, 2.968, 11.468], "rotation": 180, "texture": "#0"},
				"up": {"uv": [0.032, 8.5, 2.968, 10.968], "rotation": 180, "texture": "#0"},
				"down": {"uv": [0.032, 8.5, 2.968, 10.968], "rotation": 180, "texture": "#0"}
			}
		}
	],
	"display": {
		"thirdperson_righthand": {
			"rotation": [75, 45, 0],
			"translation": [0, 2.5, 0],
			"scale": [0.375, 0.375, 0.375]
		}
	},
	"groups": [0, 1, 2, 3, 4, 5, 6, 7, 8, 9, 10, 11, 12, 13, 14, 15, 16, 17, 18, 19, 20, 21, 22,
		{
			"name": "oak_trapdoor_open",
			"children": [23]
		}
	]
}