{
	"credit": "Made by Joanarr with Blockbench",
	"parent": "block/block",
	"textures": {
		"0": "block/beacon",
		"1": "block/beacon_glass",
		"2": "block/beacon_obsidian",
		"3": "block/beacon_light",
		"particle": "block/beacon_glass"
	},
	"elements": [
		{
			"from": [0, 0, 13.5],
			"to": [2.5, 16, 16],
			"faces": {
				"north": {"uv": [16, 0, 13.5, 16], "texture": "#1"},
				"east": {"uv": [2.5, 0, 0, 16], "texture": "#1"},
				"south": {"uv": [0, 0, 2.5, 16], "texture": "#1"},
				"west": {"uv": [13.5, 0, 16, 16], "texture": "#1"},
				"up": {"uv": [0, 13.5, 2.5, 16], "texture": "#1"},
				"down": {"uv": [0, 0, 2.5, 2.5], "texture": "#1"}
			}
		},
		{
			"from": [13.5, 0, 13.5],
			"to": [16, 16, 16],
			"faces": {
				"north": {"uv": [2.5, 0, 0, 16], "texture": "#1"},
				"east": {"uv": [0, 0, 2.5, 16], "texture": "#1"},
				"south": {"uv": [13.5, 0, 16, 16], "texture": "#1"},
				"west": {"uv": [16, 0, 13.5, 16], "texture": "#1"},
				"up": {"uv": [13.5, 13.5, 16, 16], "texture": "#1"},
				"down": {"uv": [0, 0, 2.5, 2.5], "rotation": 90, "texture": "#1"}
			}
		},
		{
			"from": [13.5, 0, 0],
			"to": [16, 16, 2.5],
			"faces": {
				"north": {"uv": [0, 0, 2.5, 16], "texture": "#1"},
				"east": {"uv": [13.5, 0, 16, 16], "texture": "#1"},
				"south": {"uv": [16, 0, 13.5, 16], "texture": "#1"},
				"west": {"uv": [2.5, 0, 0, 16], "texture": "#1"},
				"up": {"uv": [13.5, 0, 16, 2.5], "texture": "#1"},
				"down": {"uv": [0, 0, 2.5, 2.5], "rotation": 180, "texture": "#1"}
			}
		},
		{
			"from": [0, 0, 0],
			"to": [2.5, 16, 2.5],
			"faces": {
				"north": {"uv": [13.5, 0, 16, 16], "texture": "#1"},
				"east": {"uv": [16, 0, 13.5, 16], "texture": "#1"},
				"south": {"uv": [2.5, 0, 0, 16], "texture": "#1"},
				"west": {"uv": [0, 0, 2.5, 16], "texture": "#1"},
				"up": {"uv": [0, 0, 2.5, 2.5], "texture": "#1"},
				"down": {"uv": [0, 0, 2.5, 2.5], "rotation": 270, "texture": "#1"}
			}
		},
		{
			"from": [2.5, 0, 0],
			"to": [13.5, 2.5, 2.5],
			"faces": {
				"north": {"uv": [2.5, 13.5, 13.5, 16], "texture": "#1"},
				"east": {"uv": [2.5, 13.5, 13.5, 16], "texture": "#1"},
				"south": {"uv": [2.5, 13.5, 13.5, 16], "rotation": 180, "texture": "#1"},
				"west": {"uv": [2.5, 13.5, 13.5, 16], "texture": "#1"},
				"up": {"uv": [2.5, 13.5, 13.5, 16], "texture": "#1"},
				"down": {"uv": [2.5, 13.5, 13.5, 16], "texture": "#1"}
			}
		},
		{
			"from": [0, 0, 2.5],
			"to": [2.5, 2.5, 13.5],
			"faces": {
				"north": {"uv": [2.5, 13.5, 13.5, 16], "texture": "#1"},
				"east": {"uv": [2.5, 13.5, 13.5, 16], "rotation": 180, "texture": "#1"},
				"south": {"uv": [2.5, 13.5, 13.5, 16], "texture": "#1"},
				"west": {"uv": [2.5, 13.5, 13.5, 16], "texture": "#1"},
				"up": {"uv": [2.5, 13.5, 13.5, 16], "rotation": 270, "texture": "#1"},
				"down": {"uv": [2.5, 13.5, 13.5, 16], "rotation": 90, "texture": "#1"}
			}
		},
		{
			"from": [2.5, 0, 13.5],
			"to": [13.5, 2.5, 16],
			"faces": {
				"north": {"uv": [2.5, 13.5, 13.5, 16], "rotation": 180, "texture": "#1"},
				"east": {"uv": [2.5, 13.5, 13.5, 16], "texture": "#1"},
				"south": {"uv": [2.5, 13.5, 13.5, 16], "texture": "#1"},
				"west": {"uv": [2.5, 13.5, 13.5, 16], "texture": "#1"},
				"up": {"uv": [2.5, 13.5, 13.5, 16], "rotation": 180, "texture": "#1"},
				"down": {"uv": [2.5, 13.5, 13.5, 16], "rotation": 180, "texture": "#1"}
			}
		},
		{
			"from": [13.5, 0, 2.5],
			"to": [16, 2.5, 13.5],
			"faces": {
				"north": {"uv": [2.5, 13.5, 13.5, 16], "texture": "#1"},
				"east": {"uv": [2.5, 13.5, 13.5, 16], "texture": "#1"},
				"south": {"uv": [2.5, 13.5, 13.5, 16], "texture": "#1"},
				"west": {"uv": [2.5, 13.5, 13.5, 16], "rotation": 180, "texture": "#1"},
				"up": {"uv": [2.5, 13.5, 13.5, 16], "rotation": 90, "texture": "#1"},
				"down": {"uv": [2.5, 13.5, 13.5, 16], "rotation": 270, "texture": "#1"}
			}
		},
		{
			"from": [2.5, 13.5, 0],
			"to": [13.5, 16, 2.5],
			"faces": {
				"north": {"uv": [2.5, 0, 13.5, 2.5], "texture": "#1"},
				"east": {"uv": [1.5, 0, 14.5, 1.5], "texture": "#1"},
				"south": {"uv": [2.5, 0, 13.5, 2.5], "rotation": 180, "texture": "#1"},
				"west": {"uv": [1.5, 0, 14.5, 1.5], "texture": "#1"},
				"up": {"uv": [2.5, 0, 13.5, 2.5], "texture": "#1"},
				"down": {"uv": [2.5, 0, 13.5, 2.5], "texture": "#1"}
			}
		},
		{
			"from": [0, 13.5, 2.5],
			"to": [2.5, 16, 13.5],
			"faces": {
				"north": {"uv": [1.5, 0, 14.5, 1.5], "texture": "#1"},
				"east": {"uv": [2.5, 0, 13.5, 2.5], "rotation": 180, "texture": "#1"},
				"south": {"uv": [1.5, 0, 14.5, 1.5], "texture": "#1"},
				"west": {"uv": [2.5, 0, 13.5, 2.5], "texture": "#1"},
				"up": {"uv": [0, 2.5, 2.5, 13.5], "texture": "#1"},
				"down": {"uv": [2.5, 0, 13.5, 2.5], "rotation": 90, "texture": "#1"}
			}
		},
		{
			"from": [2.5, 13.5, 13.5],
			"to": [13.5, 16, 16],
			"faces": {
				"north": {"uv": [2.5, 13.5, 13.5, 16], "texture": "#1"},
				"east": {"uv": [1.5, 0, 14.5, 1.5], "texture": "#1"},
				"south": {"uv": [2.5, 0, 13.5, 2.5], "texture": "#1"},
				"west": {"uv": [1.5, 0, 14.5, 1.5], "texture": "#1"},
				"up": {"uv": [2.5, 13.5, 13.5, 16], "texture": "#1"},
				"down": {"uv": [2.5, 0, 13.5, 2.5], "rotation": 180, "texture": "#1"}
			}
		},
		{
			"from": [13.5, 13.5, 2.5],
			"to": [16, 16, 13.5],
			"faces": {
				"north": {"uv": [1.5, 0, 14.5, 1.5], "texture": "#1"},
				"east": {"uv": [2.5, 0, 13.5, 2.5], "texture": "#1"},
				"south": {"uv": [1.5, 0, 14.5, 1.5], "texture": "#1"},
				"west": {"uv": [2.5, 0, 13.5, 2.5], "rotation": 180, "texture": "#1"},
				"up": {"uv": [13.5, 2.5, 16, 13.5], "texture": "#1"},
				"down": {"uv": [2.5, 0, 13.5, 2.5], "rotation": 270, "texture": "#1"}
			}
		},
		{
			"name": "octagon",
			"from": [5.30761, 0.999, 1.5],
			"to": [10.69239, 4.499, 14.5],
			"rotation": {"angle": 45, "axis": "y", "origin": [8, 2.8125, 8]},
			"faces": {
				"north": {"uv": [3.5, 12.5, 9, 16], "texture": "#2"},
				"east": {"uv": [3.5, 12.5, 9, 16], "texture": "#2"},
				"south": {"uv": [3.5, 12.5, 9, 16], "texture": "#2"},
				"west": {"uv": [3.5, 12.5, 9, 16], "texture": "#2"},
				"up": {"uv": [3.5, 0, 9, 12.5], "rotation": 180, "texture": "#2"},
				"down": {"uv": [3.5, 0, 9, 12.5], "texture": "#2"}
			}
		},
		{
			"name": "octagon",
			"from": [5.30761, 1.001, 1.5],
			"to": [10.69239, 4.501, 14.5],
			"faces": {
				"north": {"uv": [3.5, 12.5, 9, 16], "texture": "#2"},
				"east": {"uv": [3.5, 12.5, 9, 16], "texture": "#2"},
				"south": {"uv": [3.5, 12.5, 9, 16], "texture": "#2"},
				"west": {"uv": [3.5, 12.5, 9, 16], "texture": "#2"},
				"up": {"uv": [3.5, 0, 9, 12.5], "texture": "#2"},
				"down": {"uv": [3.5, 0, 9, 12.5], "texture": "#2"}
			}
		},
		{
			"name": "octagon",
			"from": [1.5, 1, 5.30761],
			"to": [14.5, 4.5, 10.69239],
			"rotation": {"angle": 45, "axis": "y", "origin": [8, 2.8125, 8]},
			"faces": {
				"north": {"uv": [3.5, 12.5, 9, 16], "texture": "#2"},
				"east": {"uv": [3.5, 12.5, 9, 16], "texture": "#2"},
				"south": {"uv": [3.5, 12.5, 9, 16], "texture": "#2"},
				"west": {"uv": [3.5, 12.5, 9, 16], "texture": "#2"},
				"up": {"uv": [3.5, 0, 9, 12.5], "rotation": 90, "texture": "#2"},
				"down": {"uv": [3.5, 0, 9, 12.5], "rotation": 90, "texture": "#2"}
			}
		},
		{
			"name": "octagon",
			"from": [1.5, 1.001, 5.30761],
			"to": [14.5, 4.501, 10.69239],
			"faces": {
				"north": {"uv": [3.5, 12.5, 9, 16], "texture": "#2"},
				"east": {"uv": [3.5, 12.5, 9, 16], "texture": "#2"},
				"south": {"uv": [3.5, 12.5, 9, 16], "texture": "#2"},
				"west": {"uv": [3.5, 12.5, 9, 16], "texture": "#2"},
				"up": {"uv": [3.5, 0, 9, 12.5], "rotation": 90, "texture": "#2"},
				"down": {"uv": [3.5, 0, 9, 12.5], "rotation": 90, "texture": "#2"}
			}
		},
		{
			"name": "core",
			"from": [4, 4.5, 4],
			"to": [12, 13.5, 12],
			"rotation": {"angle": 45, "axis": "y", "origin": [8, 9, 8]},
			"faces": {
				"north": {"uv": [11.5, 0, 16, 5], "texture": "#0"},
				"east": {"uv": [11.5, 0, 16, 5], "texture": "#0"},
				"south": {"uv": [11.5, 0, 16, 5], "texture": "#0"},
				"west": {"uv": [11.5, 0, 16, 5], "texture": "#0"},
				"up": {"uv": [7, 0, 11.5, 4.5], "texture": "#0"},
				"down": {"uv": [7, 0, 11.5, 4.5], "texture": "#0"}
			}
		},
		{
			"name": "glass",
			"from": [0.5, 0.5, 0.5],
			"to": [15.5, 0.5, 15.5],
			"faces": {
				"north": {"uv": [0.5, 0.5, 15.5, 15.5], "texture": "#1"},
				"east": {"uv": [0.5, 0.5, 15.5, 15.5], "texture": "#1"},
				"south": {"uv": [0.5, 0.5, 15.5, 15.5], "texture": "#1"},
				"west": {"uv": [0.5, 0.5, 15.5, 15.5], "texture": "#1"},
				"up": {"uv": [13.5, 2.5, 16, 13.5], "texture": "#1"},
				"down": {"uv": [0.5, 0.5, 15.5, 15.5], "texture": "#1"}
			}
		},
		{
			"name": "glass",
			"from": [0.5, 15.5, 0.5],
			"to": [15.5, 15.5, 15.5],
			"faces": {
				"north": {"uv": [0.5, 0.5, 15.5, 15.5], "texture": "#1"},
				"east": {"uv": [0.5, 0.5, 15.5, 15.5], "texture": "#1"},
				"south": {"uv": [0.5, 0.5, 15.5, 15.5], "texture": "#1"},
				"west": {"uv": [0.5, 0.5, 15.5, 15.5], "texture": "#1"},
				"up": {"uv": [0.5, 0.5, 15.5, 15.5], "texture": "#1"},
				"down": {"uv": [0.5, 0.5, 15.5, 15.5], "texture": "#1"}
			}
		},
		{
			"name": "glass",
			"from": [0.5, 0.5, 15.5],
			"to": [15.5, 15.5, 15.5],
			"faces": {
				"north": {"uv": [0.5, 0.5, 15.5, 15.5], "rotation": 180, "texture": "#1"},
				"east": {"uv": [0.5, 0.5, 15.5, 15.5], "rotation": 270, "texture": "#1"},
				"south": {"uv": [0.5, 0.5, 15.5, 15.5], "texture": "#1"},
				"west": {"uv": [0.5, 0.5, 15.5, 15.5], "rotation": 90, "texture": "#1"},
				"up": {"uv": [13.5, 2.5, 16, 13.5], "rotation": 180, "texture": "#1"},
				"down": {"uv": [0.5, 0.5, 15.5, 15.5], "texture": "#1"}
			}
		},
		{
			"name": "glass",
			"from": [15.5, 0.5, 0.5],
			"to": [15.5, 15.5, 15.5],
			"faces": {
				"north": {"uv": [0.5, 0.5, 15.5, 15.5], "rotation": 270, "texture": "#1"},
				"east": {"uv": [0.5, 0.5, 15.5, 15.5], "texture": "#1"},
				"south": {"uv": [0.5, 0.5, 15.5, 15.5], "rotation": 90, "texture": "#1"},
				"west": {"uv": [0.5, 0.5, 15.5, 15.5], "rotation": 180, "texture": "#1"},
				"up": {"uv": [13.5, 2.5, 16, 13.5], "rotation": 90, "texture": "#1"},
				"down": {"uv": [0.5, 0.5, 15.5, 15.5], "rotation": 90, "texture": "#1"}
			}
		},
		{
			"name": "glass",
			"from": [0.5, 0.5, 0.5],
			"to": [15.5, 15.5, 0.5],
			"faces": {
				"north": {"uv": [0.5, 0.5, 15.5, 15.5], "texture": "#1"},
				"east": {"uv": [0.5, 0.5, 15.5, 15.5], "rotation": 90, "texture": "#1"},
				"south": {"uv": [0.5, 0.5, 15.5, 15.5], "rotation": 180, "texture": "#1"},
				"west": {"uv": [0.5, 0.5, 15.5, 15.5], "rotation": 270, "texture": "#1"},
				"up": {"uv": [13.5, 2.5, 16, 13.5], "texture": "#1"},
				"down": {"uv": [0.5, 0.5, 15.5, 15.5], "rotation": 180, "texture": "#1"}
			}
		},
		{
			"name": "glass",
			"from": [0.5, 0.5, 0.5],
			"to": [0.5, 15.5, 15.5],
			"faces": {
				"north": {"uv": [0.5, 0.5, 15.5, 15.5], "rotation": 90, "texture": "#1"},
				"east": {"uv": [0.5, 0.5, 15.5, 15.5], "rotation": 180, "texture": "#1"},
				"south": {"uv": [0.5, 0.5, 15.5, 15.5], "rotation": 270, "texture": "#1"},
				"west": {"uv": [0.5, 0.5, 15.5, 15.5], "texture": "#1"},
				"up": {"uv": [13.5, 2.5, 16, 13.5], "rotation": 270, "texture": "#1"},
				"down": {"uv": [0.5, 0.5, 15.5, 15.5], "rotation": 270, "texture": "#1"}
			}
		},
		{
			"name": "light",
			"from": [1.5, 16.5, 3],
			"to": [2.5, 20.5, 4],
			"faces": {
				"north": {"uv": [0, 0, 2, 16], "texture": "#3"},
				"east": {"uv": [0, 0, 2, 16], "texture": "#3"},
				"south": {"uv": [0, 0, 2, 16], "texture": "#3"},
				"west": {"uv": [0, 0, 2, 16], "texture": "#3"},
				"up": {"uv": [0, 0, 2, 2], "texture": "#3"}
			}
		},
		{
			"name": "light",
			"from": [1.5, 16.5, 6],
			"to": [2.5, 20.5, 7],
			"faces": {
				"north": {"uv": [2, 0, 4, 16], "texture": "#3"},
				"east": {"uv": [2, 0, 4, 16], "texture": "#3"},
				"south": {"uv": [2, 0, 4, 16], "texture": "#3"},
				"west": {"uv": [2, 0, 4, 16], "texture": "#3"},
				"up": {"uv": [2, 0, 4, 2], "texture": "#3"}
			}
		},
		{
			"name": "light",
			"from": [1.5, 16.5, 9.5],
			"to": [2.5, 20.5, 10.5],
			"faces": {
				"north": {"uv": [4, 0, 6, 16], "texture": "#3"},
				"east": {"uv": [4, 0, 6, 16], "texture": "#3"},
				"south": {"uv": [4, 0, 6, 16], "texture": "#3"},
				"west": {"uv": [4, 0, 6, 16], "texture": "#3"},
				"up": {"uv": [4, 0, 6, 2], "texture": "#3"}
			}
		},
		{
			"name": "light",
			"from": [1.5, 16.5, 12.5],
			"to": [2.5, 20.5, 13.5],
			"faces": {
				"north": {"uv": [6, 0, 8, 16], "texture": "#3"},
				"east": {"uv": [6, 0, 8, 16], "texture": "#3"},
				"south": {"uv": [6, 0, 8, 16], "texture": "#3"},
				"west": {"uv": [6, 0, 8, 16], "texture": "#3"},
				"up": {"uv": [6, 0, 8, 2], "texture": "#3"}
			}
		},
		{
			"name": "light",
			"from": [3, 16.5, 13.5],
			"to": [4, 20.5, 14.5],
			"faces": {
				"north": {"uv": [8, 0, 10, 16], "texture": "#3"},
				"east": {"uv": [8, 0, 10, 16], "texture": "#3"},
				"south": {"uv": [8, 0, 10, 16], "texture": "#3"},
				"west": {"uv": [8, 0, 10, 16], "texture": "#3"},
				"up": {"uv": [8, 0, 10, 2], "texture": "#3"}
			}
		},
		{
			"name": "light",
			"from": [6, 16.5, 13.5],
			"to": [7, 20.5, 14.5],
			"faces": {
				"north": {"uv": [10, 0, 12, 16], "texture": "#3"},
				"east": {"uv": [10, 0, 12, 16], "texture": "#3"},
				"south": {"uv": [10, 0, 12, 16], "texture": "#3"},
				"west": {"uv": [10, 0, 12, 16], "texture": "#3"},
				"up": {"uv": [10, 0, 12, 2], "texture": "#3"}
			}
		},
		{
			"name": "light",
			"from": [9.5, 16.5, 13.5],
			"to": [10.5, 20.5, 14.5],
			"faces": {
				"north": {"uv": [12, 0, 14, 16], "texture": "#3"},
				"east": {"uv": [12, 0, 14, 16], "texture": "#3"},
				"south": {"uv": [12, 0, 14, 16], "texture": "#3"},
				"west": {"uv": [12, 0, 14, 16], "texture": "#3"},
				"up": {"uv": [12, 0, 14, 2], "texture": "#3"}
			}
		},
		{
			"name": "light",
			"from": [12.5, 16.5, 13.5],
			"to": [13.5, 20.5, 14.5],
			"faces": {
				"north": {"uv": [14, 0, 16, 16], "texture": "#3"},
				"east": {"uv": [14, 0, 16, 16], "texture": "#3"},
				"south": {"uv": [14, 0, 16, 16], "texture": "#3"},
				"west": {"uv": [14, 0, 16, 16], "texture": "#3"},
				"up": {"uv": [14, 0, 16, 2], "texture": "#3"}
			}
		},
		{
			"name": "light",
			"from": [13.5, 16.5, 12],
			"to": [14.5, 20.5, 13],
			"faces": {
				"north": {"uv": [0, 0, 2, 16], "texture": "#3"},
				"east": {"uv": [0, 0, 2, 16], "texture": "#3"},
				"south": {"uv": [0, 0, 2, 16], "texture": "#3"},
				"west": {"uv": [0, 0, 2, 16], "texture": "#3"},
				"up": {"uv": [0, 0, 2, 2], "texture": "#3"}
			}
		},
		{
			"name": "light",
			"from": [13.5, 16.5, 9],
			"to": [14.5, 20.5, 10],
			"faces": {
				"north": {"uv": [2, 0, 4, 16], "texture": "#3"},
				"east": {"uv": [2, 0, 4, 16], "texture": "#3"},
				"south": {"uv": [2, 0, 4, 16], "texture": "#3"},
				"west": {"uv": [2, 0, 4, 16], "texture": "#3"},
				"up": {"uv": [2, 0, 4, 2], "texture": "#3"}
			}
		},
		{
			"name": "light",
			"from": [13.5, 16.5, 5.5],
			"to": [14.5, 20.5, 6.5],
			"faces": {
				"north": {"uv": [4, 0, 6, 16], "texture": "#3"},
				"east": {"uv": [4, 0, 6, 16], "texture": "#3"},
				"south": {"uv": [4, 0, 6, 16], "texture": "#3"},
				"west": {"uv": [4, 0, 6, 16], "texture": "#3"},
				"up": {"uv": [4, 0, 6, 2], "texture": "#3"}
			}
		},
		{
			"name": "light",
			"from": [13.5, 16.5, 2.5],
			"to": [14.5, 20.5, 3.5],
			"faces": {
				"north": {"uv": [6, 0, 8, 16], "texture": "#3"},
				"east": {"uv": [6, 0, 8, 16], "texture": "#3"},
				"south": {"uv": [6, 0, 8, 16], "texture": "#3"},
				"west": {"uv": [6, 0, 8, 16], "texture": "#3"},
				"up": {"uv": [6, 0, 8, 2], "texture": "#3"}
			}
		},
		{
			"name": "light",
			"from": [12, 16.5, 1.5],
			"to": [13, 20.5, 2.5],
			"faces": {
				"north": {"uv": [8, 0, 10, 16], "texture": "#3"},
				"east": {"uv": [8, 0, 10, 16], "texture": "#3"},
				"south": {"uv": [8, 0, 10, 16], "texture": "#3"},
				"west": {"uv": [8, 0, 10, 16], "texture": "#3"},
				"up": {"uv": [8, 0, 10, 2], "texture": "#3"}
			}
		},
		{
			"name": "light",
			"from": [9, 16.5, 1.5],
			"to": [10, 20.5, 2.5],
			"faces": {
				"north": {"uv": [10, 0, 12, 16], "texture": "#3"},
				"east": {"uv": [10, 0, 12, 16], "texture": "#3"},
				"south": {"uv": [10, 0, 12, 16], "texture": "#3"},
				"west": {"uv": [10, 0, 12, 16], "texture": "#3"},
				"up": {"uv": [10, 0, 12, 2], "texture": "#3"}
			}
		},
		{
			"name": "light",
			"from": [5.5, 16.5, 1.5],
			"to": [6.5, 20.5, 2.5],
			"faces": {
				"north": {"uv": [12, 0, 14, 16], "texture": "#3"},
				"east": {"uv": [12, 0, 14, 16], "texture": "#3"},
				"south": {"uv": [12, 0, 14, 16], "texture": "#3"},
				"west": {"uv": [12, 0, 14, 16], "texture": "#3"},
				"up": {"uv": [12, 0, 14, 2], "texture": "#3"}
			}
		},
		{
			"name": "light",
			"from": [2.5, 16.5, 1.5],
			"to": [3.5, 20.5, 2.5],
			"faces": {
				"north": {"uv": [14, 0, 16, 16], "texture": "#3"},
				"east": {"uv": [14, 0, 16, 16], "texture": "#3"},
				"south": {"uv": [14, 0, 16, 16], "texture": "#3"},
				"west": {"uv": [14, 0, 16, 16], "texture": "#3"},
				"up": {"uv": [14, 0, 16, 2], "texture": "#3"}
			}
		}
	],
	"groups": [
		{
			"name": "glass frame",
			"children": [0, 1, 2, 3, 4, 5, 6, 7, 8, 9, 10, 11]
		},
		{
			"name": "octagon",
			"children": [12, 13, 14, 15]
		}, 16, 17, 18, 19, 20, 21, 22, 23, 24, 25, 26, 27, 28, 29, 30, 31, 32, 33, 34, 35, 36, 37, 38]
}