{
	"credit": "Made with Blockbench",
	"parent": "block/block",
	"texture_size": [32, 32],
	"textures": {
		"0": "block/jukebox_side",
		"1": "block/jukebox_top",
		"2": "block/jukebox_top_clear",
		"4": "block/jukebox_front",
		"particle": "block/jukebox_side"
	},
	"elements": [
		{
			"from": [0, 0, 1.5],
			"to": [1.5, 16, 16],
			"faces": {
				"east": {"uv": [0, 0, 14.5, 16], "texture": "#1"},
				"south": {"uv": [0, 0, 1.5, 16], "texture": "#4"},
				"west": {"uv": [1.5, 0, 16, 16], "texture": "#0"},
				"up": {"uv": [0, 1.5, 1.5, 16], "texture": "#1"},
				"down": {"uv": [0, 0, 1.5, 14.5], "texture": "#0"}
			}
		},
		{
			"from": [1.5, 0, 14.5],
			"to": [16, 16, 16],
			"faces": {
				"north": {"uv": [0, 0, 14.5, 16], "texture": "#1"},
				"east": {"uv": [0, 0, 1.5, 16], "texture": "#0"},
				"south": {"uv": [1.5, 0, 16, 16], "texture": "#4"},
				"up": {"uv": [1.5, 14.5, 16, 16], "texture": "#1"},
				"down": {"uv": [1.5, 0, 16, 1.5], "texture": "#0"}
			}
		},
		{
			"from": [14.5, 0, 0],
			"to": [16, 16, 14.5],
			"faces": {
				"north": {"uv": [0, 0, 1.5, 16], "texture": "#0"},
				"east": {"uv": [1.5, 0, 16, 16], "texture": "#0"},
				"west": {"uv": [0, 0, 14.5, 16], "texture": "#1"},
				"up": {"uv": [14.5, 0, 16, 14.5], "texture": "#1"},
				"down": {"uv": [14.5, 1.5, 16, 16], "texture": "#0"}
			}
		},
		{
			"from": [0, 0, 0],
			"to": [14.5, 16, 1.5],
			"faces": {
				"north": {"uv": [1.5, 0, 16, 16], "texture": "#0"},
				"south": {"uv": [0, 0, 14.5, 16], "texture": "#1"},
				"west": {"uv": [0, 0, 1.5, 16], "texture": "#0"},
				"up": {"uv": [0, 0, 14.5, 1.5], "texture": "#1"},
				"down": {"uv": [0, 14.5, 14.5, 16], "texture": "#0"}
			}
		},
		{
			"from": [1.5, 0, 1.5],
			"to": [14.5, 14.5, 14.5],
			"faces": {
				"up": {"uv": [1.5, 1.5, 14.5, 14.5], "texture": "#1"},
				"down": {"uv": [1.5, 1.5, 14.5, 14.5], "texture": "#0"}
			}
		},
		{
			"name": "hinge",
			"from": [7, 15.25, 13.5],
			"to": [9, 17.25, 15.75],
			"rotation": {"angle": 45, "axis": "x", "origin": [8, 16.375, 15.125]},
			"faces": {
				"north": {"uv": [7, 14, 9, 16], "texture": "#1"},
				"east": {"uv": [7, 14, 9, 16], "texture": "#1"},
				"south": {"uv": [7, 14, 9, 16], "texture": "#1"},
				"west": {"uv": [7, 14, 9, 16], "texture": "#1"},
				"up": {"uv": [7, 14, 9, 16], "texture": "#1"},
				"down": {"uv": [7, 15.5, 9, 16], "texture": "#1"}
			}
		},
		{
			"from": [3, 19.5, 3],
			"to": [13, 19.5, 13],
			"rotation": {"angle": 0, "axis": "y", "origin": [0, 2, 0]},
			"faces": {
				"up": {"uv": [3, 3, 13, 13], "texture": "#2"},
				"down": {"uv": [3, 13, 13, 3], "texture": "#2"}
			}
		},
		{
			"from": [1.5, 23, 11.5],
			"to": [14.5, 23, 13.5],
			"rotation": {"angle": 45, "axis": "x", "origin": [8, 19.5, 8]},
			"faces": {
				"up": {"uv": [1.5, 14, 14.5, 16], "texture": "#2"},
				"down": {"uv": [1.5, 16, 14.5, 14], "texture": "#2"}
			}
		},
		{
			"from": [1.5, 23, 2.5],
			"to": [14.5, 23, 4.5],
			"rotation": {"angle": -45, "axis": "x", "origin": [8, 19.5, 8]},
			"faces": {
				"up": {"uv": [1.5, 0, 14.5, 2], "texture": "#2"},
				"down": {"uv": [1.5, 0, 14.5, 2], "rotation": 180, "texture": "#2"}
			}
		},
		{
			"from": [11.5, 23, 1.5],
			"to": [13.5, 23, 14.5],
			"rotation": {"angle": -45, "axis": "z", "origin": [8, 19.5, 8]},
			"faces": {
				"up": {"uv": [14, 1.5, 16, 14.5], "texture": "#2"},
				"down": {"uv": [14, 1.5, 16, 14.5], "texture": "#2"}
			}
		},
		{
			"from": [2.5, 23, 1.5],
			"to": [4.5, 23, 14.5],
			"rotation": {"angle": 45, "axis": "z", "origin": [8, 19.5, 8]},
			"faces": {
				"up": {"uv": [0, 1.5, 2, 14.5], "texture": "#2"},
				"down": {"uv": [0, 1.5, 2, 14.5], "texture": "#2"}
			}
		},
		{
			"name": "needle",
			"from": [7.75, 13.5, 7.75],
			"to": [8.25, 16.5, 8.25],
			"rotation": {"angle": 45, "axis": "y", "origin": [8, 15, 8]},
			"faces": {
				"north": {"uv": [7.5, 7.5, 8, 8], "texture": "#1"},
				"east": {"uv": [7.5, 7.5, 8, 8], "texture": "#1"},
				"south": {"uv": [7.5, 7.5, 8, 8], "texture": "#1"},
				"west": {"uv": [7.5, 7.5, 8, 8], "texture": "#1"},
				"up": {"uv": [7.5, 7.5, 8, 8], "texture": "#1"},
				"down": {"uv": [7.5, 7.5, 8, 8], "texture": "#1"}
			}
		},
		{
			"from": [1, 18, 1],
			"to": [1.5, 18.25, 14.5],
			"rotation": {"angle": 0, "axis": "y", "origin": [8, 16, 8]},
			"faces": {
				"north": {"uv": [1, 1, 1.5, 1.25], "texture": "#1"},
				"east": {"uv": [1.25, 1, 1.5, 14.5], "rotation": 90, "texture": "#1"},
				"west": {"uv": [1, 1, 1.25, 14.5], "rotation": 270, "texture": "#1"},
				"up": {"uv": [1, 1, 1.5, 14.5], "texture": "#1"},
				"down": {"uv": [1, 1, 1.5, 14.5], "texture": "#1"}
			}
		},
		{
			"from": [1.5, 18, 1],
			"to": [15, 18.25, 1.5],
			"rotation": {"angle": 0, "axis": "y", "origin": [8, 16, 8]},
			"faces": {
				"north": {"uv": [1.5, 1, 15, 1.25], "texture": "#1"},
				"east": {"uv": [14.75, 1, 15, 1.5], "rotation": 90, "texture": "#1"},
				"south": {"uv": [1.5, 1.25, 15, 1.5], "texture": "#1"},
				"up": {"uv": [1.5, 1, 15, 1.5], "texture": "#1"},
				"down": {"uv": [1.5, 1, 15, 1.5], "rotation": 180, "texture": "#1"}
			}
		},
		{
			"from": [1, 18, 14.5],
			"to": [14.5, 18.25, 15],
			"rotation": {"angle": 0, "axis": "y", "origin": [8, 16, 8]},
			"faces": {
				"north": {"uv": [1, 14.5, 14.5, 14.75], "rotation": 180, "texture": "#1"},
				"south": {"uv": [1, 14.75, 14.5, 15], "texture": "#1"},
				"west": {"uv": [1, 14.5, 1.25, 15], "rotation": 270, "texture": "#1"},
				"up": {"uv": [1, 14.5, 14.5, 15], "texture": "#1"},
				"down": {"uv": [1, 14.5, 14.5, 15], "texture": "#1"}
			}
		},
		{
			"from": [14.5, 18, 1.5],
			"to": [15, 18.25, 15],
			"rotation": {"angle": 0, "axis": "y", "origin": [8, 16, 8]},
			"faces": {
				"east": {"uv": [14.75, 1.5, 15, 15], "rotation": 270, "texture": "#1"},
				"south": {"uv": [14.5, 14.75, 15, 15], "texture": "#1"},
				"west": {"uv": [14.5, 1.5, 14.75, 15], "rotation": 90, "texture": "#1"},
				"up": {"uv": [14.5, 1.5, 15, 15], "rotation": 180, "texture": "#1"},
				"down": {"uv": [14.5, 1.5, 15, 15], "rotation": 180, "texture": "#1"}
			}
		},
		{
			"from": [14.5, 16, 1],
			"to": [15, 18, 1.5],
			"faces": {
				"north": {"uv": [14.5, 1, 15, 1.5], "texture": "#1"},
				"east": {"uv": [14.5, 1, 15, 1.5], "texture": "#1"},
				"south": {"uv": [14.5, 1, 15, 1.5], "texture": "#1"},
				"west": {"uv": [14.5, 1, 15, 1.5], "texture": "#1"},
				"up": {"uv": [14.5, 1, 15, 1.5], "texture": "#1"},
				"down": {"uv": [14.5, 1, 15, 1.5], "texture": "#1"}
			}
		},
		{
			"from": [14.5, 16, 14.5],
			"to": [15, 18, 15],
			"faces": {
				"north": {"uv": [14.5, 14.5, 15, 15], "texture": "#1"},
				"east": {"uv": [14.5, 14.5, 15, 15], "texture": "#1"},
				"south": {"uv": [14.5, 14.5, 15, 15], "texture": "#1"},
				"west": {"uv": [14.5, 14.5, 15, 15], "texture": "#1"},
				"up": {"uv": [14.5, 14.5, 15, 15], "texture": "#1"},
				"down": {"uv": [14.5, 14.5, 15, 15], "texture": "#1"}
			}
		},
		{
			"from": [1, 16, 14.5],
			"to": [1.5, 18, 15],
			"faces": {
				"north": {"uv": [1, 14.5, 1.5, 15], "texture": "#1"},
				"east": {"uv": [1, 14.5, 1.5, 15], "texture": "#1"},
				"south": {"uv": [1, 14.5, 1.5, 15], "texture": "#1"},
				"west": {"uv": [1, 14.5, 1.5, 15], "texture": "#1"},
				"up": {"uv": [1, 14.5, 1.5, 15], "texture": "#1"},
				"down": {"uv": [1, 14.5, 1.5, 15], "texture": "#1"}
			}
		},
		{
			"from": [1, 16, 1],
			"to": [1.5, 18, 1.5],
			"faces": {
				"north": {"uv": [1, 1, 1.5, 1.5], "texture": "#1"},
				"east": {"uv": [1, 1, 1.5, 1.5], "texture": "#1"},
				"south": {"uv": [1, 1, 1.5, 1.5], "texture": "#1"},
				"west": {"uv": [1, 1, 1.5, 1.5], "texture": "#1"},
				"up": {"uv": [1, 1, 1.5, 1.5], "texture": "#1"},
				"down": {"uv": [1, 1, 1.5, 1.5], "texture": "#1"}
			}
		}
	],
	"display": {
		"thirdperson_righthand": {
			"rotation": [75, 45, 0],
			"translation": [0, 2.5, 0],
			"scale": [0.375, 0.375, 0.375]
		},
		"thirdperson_lefthand": {
			"rotation": [75, 45, 0],
			"translation": [0, 2.5, 0],
			"scale": [0.375, 0.375, 0.375]
		},
		"firstperson_righthand": {
			"rotation": [0, 45, 0],
			"scale": [0.4, 0.4, 0.4]
		},
		"firstperson_lefthand": {
			"rotation": [0, 225, 0],
			"scale": [0.4, 0.4, 0.4]
		},
		"ground": {
			"translation": [0, 3, 0],
			"scale": [0.25, 0.25, 0.25]
		},
		"gui": {
			"rotation": [30, 225, 0],
			"scale": [0.625, 0.625, 0.625]
		},
		"head": {
			"scale": [1.1, 1.1, 1.1]
		},
		"fixed": {
			"scale": [0.5, 0.5, 0.5]
		}
	},
	"groups": [
		{
			"name": "base",
			"origin": [0, 0, 0],
			"color": 0,
			"children": [0, 1, 2, 3, 4]
		},
		5,
		{
			"name": "glass",
			"origin": [0, 0, 0],
			"color": 0,
			"children": [6, 7, 8, 9, 10]
		},
		11,
		{
			"name": "lid",
			"origin": [0, 0, 0],
			"color": 0,
			"children": [12, 13, 14, 15]
		},
		16,
		17,
		18,
		19
	]
}