{
	"credit": "Made with Blockbench",
	"texture_size": [32, 32],
	"textures": {
		"0": "block/jukebox_side",
		"1": "block/jukebox_top",
		"2": "block/jukebox_top_clear",
		"3": "block/jukebox_record",
		"4": "block/jukebox_front",
		"particle": "block/jukebox_side"
	},
	"elements": [
		{
			"from": [0, 0, 1.5],
			"to": [1.5, 16, 16],
			"faces": {
				"east": {"uv": [0, 0, 14.5, 16], "texture": "#1"},
				"south": {"uv": [0, 0, 1.5, 16], "texture": "#4"},
				"west": {"uv": [1.5, 0, 16, 16], "texture": "#0"},
				"up": {"uv": [0, 1.5, 1.5, 16], "texture": "#1"},
				"down": {"uv": [0, 0, 1.5, 14.5], "texture": "#0"}
			}
		},
		{
			"from": [1.5, 0, 14.5],
			"to": [16, 16, 16],
			"faces": {
				"north": {"uv": [0, 0, 14.5, 16], "texture": "#1"},
				"east": {"uv": [0, 0, 1.5, 16], "texture": "#0"},
				"south": {"uv": [1.5, 0, 16, 16], "texture": "#4"},
				"up": {"uv": [1.5, 14.5, 16, 16], "texture": "#1"},
				"down": {"uv": [1.5, 0, 16, 1.5], "texture": "#0"}
			}
		},
		{
			"from": [14.5, 0, 0],
			"to": [16, 16, 14.5],
			"faces": {
				"north": {"uv": [0, 0, 1.5, 16], "texture": "#0"},
				"east": {"uv": [1.5, 0, 16, 16], "texture": "#0"},
				"west": {"uv": [0, 0, 14.5, 16], "texture": "#1"},
				"up": {"uv": [14.5, 0, 16, 14.5], "texture": "#1"},
				"down": {"uv": [14.5, 1.5, 16, 16], "texture": "#0"}
			}
		},
		{
			"from": [0, 0, 0],
			"to": [14.5, 16, 1.5],
			"faces": {
				"north": {"uv": [1.5, 0, 16, 16], "texture": "#0"},
				"south": {"uv": [0, 0, 14.5, 16], "texture": "#1"},
				"west": {"uv": [0, 0, 1.5, 16], "texture": "#0"},
				"up": {"uv": [0, 0, 14.5, 1.5], "texture": "#1"},
				"down": {"uv": [0, 14.5, 14.5, 16], "texture": "#0"}
			}
		},
		{
			"from": [1.5, 0, 1.5],
			"to": [14.5, 14.5, 14.5],
			"faces": {
				"up": {"uv": [1.5, 1.5, 14.5, 14.5], "texture": "#1"},
				"down": {"uv": [1.5, 1.5, 14.5, 14.5], "texture": "#0"}
			}
		},
		{
			"name": "hinge",
			"from": [7, 14.375, 14],
			"to": [9, 16.375, 16.25],
			"faces": {
				"north": {"uv": [7, 14, 9, 16], "texture": "#1"},
				"east": {"uv": [7, 14, 9, 16], "texture": "#1"},
				"south": {"uv": [7, 14, 9, 16], "texture": "#1"},
				"west": {"uv": [7, 14, 9, 16], "texture": "#1"},
				"up": {"uv": [7, 14, 9, 16], "texture": "#1"},
				"down": {"uv": [7, 15.5, 9, 16], "texture": "#1"}
			}
		},
		{
			"from": [3, 17.5, 3],
			"to": [13, 17.5, 13],
			"faces": {
				"up": {"uv": [3, 3, 13, 13], "texture": "#2"},
				"down": {"uv": [3, 13, 13, 3], "texture": "#2"}
			}
		},
		{
			"from": [1.5, 21, 11.5],
			"to": [14.5, 21, 13.5],
			"rotation": {"angle": 45, "axis": "x", "origin": [8, 17.5, 8]},
			"faces": {
				"up": {"uv": [1.5, 14, 14.5, 16], "texture": "#2"},
				"down": {"uv": [1.5, 16, 14.5, 14], "texture": "#2"}
			}
		},
		{
			"from": [1.5, 21, 2.5],
			"to": [14.5, 21, 4.5],
			"rotation": {"angle": -45, "axis": "x", "origin": [8, 17.5, 8]},
			"faces": {
				"up": {"uv": [1.5, 0, 14.5, 2], "texture": "#2"},
				"down": {"uv": [1.5, 0, 14.5, 2], "rotation": 180, "texture": "#2"}
			}
		},
		{
			"from": [11.5, 21, 1.5],
			"to": [13.5, 21, 14.5],
			"rotation": {"angle": -45, "axis": "z", "origin": [8, 17.5, 8]},
			"faces": {
				"up": {"uv": [14, 1.5, 16, 14.5], "texture": "#2"},
				"down": {"uv": [14, 1.5, 16, 14.5], "texture": "#2"}
			}
		},
		{
			"from": [2.5, 21, 1.5],
			"to": [4.5, 21, 14.5],
			"rotation": {"angle": 45, "axis": "z", "origin": [8, 17.5, 8]},
			"faces": {
				"up": {"uv": [0, 1.5, 2, 14.5], "texture": "#2"},
				"down": {"uv": [0, 1.5, 2, 14.5], "texture": "#2"}
			}
		},
		{
			"name": "needle",
			"from": [7.75, 13.5, 7.75],
			"to": [8.25, 16.5, 8.25],
			"rotation": {"angle": 45, "axis": "y", "origin": [8, 15, 8]},
			"faces": {
				"north": {"uv": [7.5, 7.5, 8, 8], "texture": "#1"},
				"east": {"uv": [7.5, 7.5, 8, 8], "texture": "#1"},
				"south": {"uv": [7.5, 7.5, 8, 8], "texture": "#1"},
				"west": {"uv": [7.5, 7.5, 8, 8], "texture": "#1"},
				"up": {"uv": [7.5, 7.5, 8, 8], "texture": "#1"},
				"down": {"uv": [7.5, 7.5, 8, 8], "texture": "#1"}
			}
		},
		{
			"from": [6.5, 15, 2],
			"to": [9.5, 15.5, 14],
			"faces": {
				"north": {"uv": [6.5, 2, 9.5, 2.5], "rotation": 180, "texture": "#3"},
				"east": {"uv": [9, 2, 9.5, 14], "rotation": 90, "texture": "#3"},
				"south": {"uv": [6.5, 13.5, 9.5, 14], "texture": "#3"},
				"west": {"uv": [6.5, 2, 7, 14], "rotation": 270, "texture": "#3"},
				"up": {"uv": [6.5, 2, 9.5, 14], "texture": "#3"},
				"down": {"uv": [6.5, 14, 9.5, 2], "texture": "#3"}
			}
		},
		{
			"from": [5, 15, 2.5],
			"to": [11, 15.5, 13.5],
			"faces": {
				"north": {"uv": [5, 2.5, 11, 3], "rotation": 180, "texture": "#3"},
				"east": {"uv": [10.5, 2.5, 11, 13.5], "rotation": 90, "texture": "#3"},
				"south": {"uv": [5, 13, 11, 13.5], "texture": "#3"},
				"west": {"uv": [5, 2.5, 5.5, 13.5], "rotation": 270, "texture": "#3"},
				"up": {"uv": [5, 2.5, 11, 13.5], "texture": "#3"},
				"down": {"uv": [5, 13.5, 11, 2.5], "texture": "#3"}
			}
		},
		{
			"from": [4, 15, 3],
			"to": [12, 15.5, 13],
			"faces": {
				"north": {"uv": [4, 3, 12, 3.5], "rotation": 180, "texture": "#3"},
				"east": {"uv": [11.5, 3, 12, 13], "rotation": 90, "texture": "#3"},
				"south": {"uv": [4, 12.5, 12, 13], "texture": "#3"},
				"west": {"uv": [4, 3, 4.5, 13], "rotation": 270, "texture": "#3"},
				"up": {"uv": [4, 3, 12, 13], "texture": "#3"},
				"down": {"uv": [4, 13, 12, 3], "texture": "#3"}
			}
		},
		{
			"from": [3.5, 15, 3.5],
			"to": [12.5, 15.5, 12.5],
			"faces": {
				"north": {"uv": [3.5, 3.5, 12.5, 4], "rotation": 180, "texture": "#3"},
				"east": {"uv": [12, 3.5, 12.5, 12.5], "rotation": 90, "texture": "#3"},
				"south": {"uv": [3.5, 12, 12.5, 12.5], "texture": "#3"},
				"west": {"uv": [3.5, 3.5, 4, 12.5], "rotation": 270, "texture": "#3"},
				"up": {"uv": [3.5, 3.5, 12.5, 12.5], "texture": "#3"},
				"down": {"uv": [3.5, 12.5, 12.5, 3.5], "texture": "#3"}
			}
		},
		{
			"from": [3, 15, 4],
			"to": [13, 15.5, 12],
			"faces": {
				"north": {"uv": [3, 4, 13, 4.5], "rotation": 180, "texture": "#3"},
				"east": {"uv": [12.5, 4, 13, 12], "rotation": 90, "texture": "#3"},
				"south": {"uv": [3, 11.5, 13, 12], "texture": "#3"},
				"west": {"uv": [3, 4, 3.5, 12], "rotation": 270, "texture": "#3"},
				"up": {"uv": [3, 4, 13, 12], "texture": "#3"},
				"down": {"uv": [3, 12, 13, 4], "texture": "#3"}
			}
		},
		{
			"from": [2.5, 15, 5],
			"to": [13.5, 15.5, 11],
			"faces": {
				"north": {"uv": [2.5, 5, 13.5, 5.5], "rotation": 180, "texture": "#3"},
				"east": {"uv": [13, 5, 13.5, 11], "rotation": 90, "texture": "#3"},
				"south": {"uv": [2.5, 10.5, 13.5, 11], "texture": "#3"},
				"west": {"uv": [2.5, 5, 3, 11], "rotation": 270, "texture": "#3"},
				"up": {"uv": [2.5, 5, 13.5, 11], "texture": "#3"},
				"down": {"uv": [2.5, 11, 13.5, 5], "texture": "#3"}
			}
		},
		{
			"from": [2, 15, 6.5],
			"to": [14, 15.5, 9.5],
			"faces": {
				"north": {"uv": [2, 6.5, 14, 7], "rotation": 180, "texture": "#3"},
				"east": {"uv": [13.5, 6.5, 14, 9.5], "rotation": 90, "texture": "#3"},
				"south": {"uv": [2, 9, 14, 9.5], "texture": "#3"},
				"west": {"uv": [2, 6.5, 2.5, 9.5], "rotation": 270, "texture": "#3"},
				"up": {"uv": [2, 6.5, 14, 9.5], "texture": "#3"},
				"down": {"uv": [2, 9.5, 14, 6.5], "texture": "#3"}
			}
		},
		{
			"from": [1, 16, 1],
			"to": [1.5, 16.25, 14.5],
			"rotation": {"angle": 0, "axis": "y", "origin": [8, 16, 8]},
			"faces": {
				"north": {"uv": [1, 1, 1.5, 1.25], "texture": "#1"},
				"east": {"uv": [1.25, 1, 1.5, 14.5], "rotation": 90, "texture": "#1"},
				"west": {"uv": [1, 1, 1.25, 14.5], "rotation": 270, "texture": "#1"},
				"up": {"uv": [1, 1, 1.5, 14.5], "texture": "#1"},
				"down": {"uv": [1, 1, 1.5, 14.5], "texture": "#1"}
			}
		},
		{
			"from": [1.5, 16, 1],
			"to": [15, 16.25, 1.5],
			"rotation": {"angle": 0, "axis": "y", "origin": [8, 16, 8]},
			"faces": {
				"north": {"uv": [1.5, 1, 15, 1.25], "texture": "#1"},
				"east": {"uv": [14.75, 1, 15, 1.5], "rotation": 90, "texture": "#1"},
				"south": {"uv": [1.5, 1.25, 15, 1.5], "texture": "#1"},
				"up": {"uv": [1.5, 1, 15, 1.5], "texture": "#1"},
				"down": {"uv": [1.5, 1, 15, 1.5], "rotation": 180, "texture": "#1"}
			}
		},
		{
			"from": [1, 16, 14.5],
			"to": [14.5, 16.25, 15],
			"rotation": {"angle": 0, "axis": "y", "origin": [8, 16, 8]},
			"faces": {
				"north": {"uv": [1, 14.5, 14.5, 14.75], "rotation": 180, "texture": "#1"},
				"south": {"uv": [1, 14.75, 14.5, 15], "texture": "#1"},
				"west": {"uv": [1, 14.5, 1.25, 15], "rotation": 270, "texture": "#1"},
				"up": {"uv": [1, 14.5, 14.5, 15], "texture": "#1"},
				"down": {"uv": [1, 14.5, 14.5, 15], "texture": "#1"}
			}
		},
		{
			"from": [14.5, 16, 1.5],
			"to": [15, 16.25, 15],
			"rotation": {"angle": 0, "axis": "y", "origin": [8, 16, 8]},
			"faces": {
				"east": {"uv": [14.75, 1.5, 15, 15], "rotation": 270, "texture": "#1"},
				"south": {"uv": [14.5, 14.75, 15, 15], "texture": "#1"},
				"west": {"uv": [14.5, 1.5, 14.75, 15], "rotation": 90, "texture": "#1"},
				"up": {"uv": [14.5, 1.5, 15, 15], "rotation": 180, "texture": "#1"},
				"down": {"uv": [14.5, 1.5, 15, 15], "rotation": 180, "texture": "#1"}
			}
		}
	],
	"display": {
		"thirdperson_righthand": {
			"scale": [0.4, 0.4, 0.4]
		},
		"thirdperson_lefthand": {
			"scale": [0.4, 0.4, 0.4]
		},
		"firstperson_righthand": {
			"rotation": [0, 45, 0],
			"scale": [0.4, 0.4, 0.4]
		},
		"firstperson_lefthand": {
			"rotation": [0, 45, 0],
			"scale": [0.4, 0.4, 0.4]
		},
		"ground": {
			"translation": [0, -1, 0],
			"scale": [0.3, 0.3, 0.3]
		},
		"gui": {
			"rotation": [30, 45, 0],
			"scale": [0.6, 0.6, 0.6]
		},
		"head": {
			"scale": [1.1, 1.1, 1.1]
		},
		"fixed": {
			"scale": [0.6, 0.6, 0.6]
		}
	},
	"groups": [
		{
			"name": "base",
			"origin": [0, 0, 0],
			"color": 0,
			"children": [0, 1, 2, 3, 4]
		},
		5,
		{
			"name": "glass",
			"origin": [0, 0, 0],
			"color": 0,
			"children": [6, 7, 8, 9, 10]
		},
		11,
		{
			"name": "disc",
			"origin": [8, 8, 8],
			"color": 0,
			"children": [12, 13, 14, 15, 16, 17, 18]
		},
		{
			"name": "lid",
			"origin": [0, 0, 0],
			"color": 0,
			"children": [19, 20, 21, 22]
		}
	]
}