{
	"credit": "Made with Blockbench",
	"texture_size": [32, 32],
	"textures": {
		"0": "block/warped_trapdoor",
		"2": "block/warped_trapdoor_rim",
		"particle": "block/warped_trapdoor"
	},
	"elements": [
		{
			"from": [13, 0, 0],
			"to": [16, 3, 16],
			"rotation": {"angle": 0, "axis": "z", "origin": [8, 1.5, 8]},
			"faces": {
				"north": {"uv": [9, 13, 12, 16], "rotation": 90, "texture": "#2"},
				"east": {"uv": [6, 0, 9, 16], "rotation": 90, "texture": "#2"},
				"south": {"uv": [3, 0, 6, 3], "rotation": 90, "texture": "#2"},
				"west": {"uv": [0, 3, 3, 13], "rotation": 90, "texture": "#2"},
				"up": {"uv": [13, 0, 16, 16], "texture": "#0"},
				"down": {"uv": [13, 0, 16, 16], "texture": "#0"}
			}
		},
		{
			"from": [0, 0, 0],
			"to": [3, 3, 16],
			"rotation": {"angle": 0, "axis": "z", "origin": [8, 1.5, 8]},
			"faces": {
				"north": {"uv": [9, 0, 12, 3], "rotation": 90, "texture": "#2"},
				"east": {"uv": [0, 3, 3, 13], "rotation": 90, "texture": "#2"},
				"south": {"uv": [3, 13, 6, 16], "rotation": 90, "texture": "#2"},
				"west": {"uv": [0, 0, 3, 16], "rotation": 90, "texture": "#2"},
				"up": {"uv": [0, 0, 3, 16], "texture": "#0"},
				"down": {"uv": [0, 0, 3, 16], "texture": "#0"}
			}
		},
		{
			"from": [5, 0.5, 3],
			"to": [7, 2.5, 13],
			"rotation": {"angle": 0, "axis": "z", "origin": [8, 1.5, 8]},
			"faces": {
				"east": {"uv": [0.5, 3, 2.5, 13], "rotation": 90, "texture": "#2"},
				"west": {"uv": [0.5, 3, 2.5, 13], "rotation": 90, "texture": "#2"},
				"up": {"uv": [5, 3, 7, 13], "texture": "#0"},
				"down": {"uv": [5, 3, 7, 13], "texture": "#0"}
			}
		},
		{
			"from": [9, 0.5, 3],
			"to": [11, 2.5, 13],
			"rotation": {"angle": 0, "axis": "z", "origin": [8, 1.5, 8]},
			"faces": {
				"east": {"uv": [0.5, 3, 2.5, 13], "rotation": 90, "texture": "#2"},
				"west": {"uv": [0.5, 3, 2.5, 13], "rotation": 90, "texture": "#2"},
				"up": {"uv": [9, 3, 11, 13], "texture": "#0"},
				"down": {"uv": [9, 3, 11, 13], "texture": "#0"}
			}
		},
		{
			"from": [3, 0, 13],
			"to": [13, 3, 16],
			"rotation": {"angle": 0, "axis": "z", "origin": [8, 1.5, 8]},
			"faces": {
				"north": {"uv": [0, 3, 3, 13], "rotation": 90, "texture": "#2"},
				"south": {"uv": [3, 3, 6, 13], "rotation": 90, "texture": "#2"},
				"up": {"uv": [3, 13, 13, 16], "texture": "#0"},
				"down": {"uv": [3, 0, 13, 3], "texture": "#0"}
			}
		},
		{
			"from": [3, 0, 0],
			"to": [13, 3, 3],
			"rotation": {"angle": 0, "axis": "z", "origin": [8, 1.5, 8]},
			"faces": {
				"north": {"uv": [9, 3, 12, 13], "rotation": 90, "texture": "#2"},
				"south": {"uv": [0, 3, 3, 13], "rotation": 90, "texture": "#2"},
				"up": {"uv": [3, 0, 13, 3], "texture": "#0"},
				"down": {"uv": [3, 13, 13, 16], "texture": "#0"}
			}
		}
	],
	"display": {
		"thirdperson_righthand": {
			"rotation": [75, 45, 0],
			"translation": [0, 2.5, 2],
			"scale": [0.375, 0.375, 0.375]
		},
		"thirdperson_lefthand": {
			"rotation": [75, 45, 0],
			"translation": [0, 2.5, 2],
			"scale": [0.375, 0.375, 0.375]
		},
		"firstperson_righthand": {
			"rotation": [0, 45, 0],
			"translation": [0, 4.2, 0],
			"scale": [0.5, 0.5, 0.5]
		},
		"firstperson_lefthand": {
			"rotation": [0, -135, 0],
			"translation": [0, 4.2, 0],
			"scale": [0.5, 0.5, 0.5]
		},
		"ground": {
			"translation": [0, 3, 0],
			"scale": [0.25, 0.25, 0.25]
		},
		"gui": {
			"rotation": [30, 225, 0],
			"scale": [0.625, 0.625, 0.625]
		},
		"fixed": {
			"rotation": [90, 0, 0],
			"translation": [0, 0, 5]
		}
	}
}