{
	"textures": {
		"0": "block/logs/oak_log",
		"1": "block/logs/oak_log_top",
		"2": "block/leaves/sapling_oak_leaves",
		"particle": "block/leaves/sapling_oak_leaves"
	},
	"elements": [
		{
			"name": "Log",
			"from": [7.5, 0, 7.5],
			"to": [8.5, 5, 8.5],
			"faces": {
				"north": {"uv": [0, 0, 1, 5], "texture": "#0"},
				"east": {"uv": [0, 0, 1, 5], "texture": "#0"},
				"south": {"uv": [0, 0, 1, 5], "texture": "#0"},
				"west": {"uv": [0, 0, 1, 5], "texture": "#0"},
				"up": {"uv": [0, 0, 16, 16], "texture": "#1"},
				"down": {"uv": [0, 0, 16, 16], "texture": "#1"}
			}
		},
		{
			"name": "Leaves 1",
			"from": [8.5, 6, 7.5],
			"to": [9.5, 7, 8.5],
			"faces": {
				"north": {"uv": [0, 0, 2.67, 2.67], "texture": "#2"},
				"east": {"uv": [0, 0, 2.67, 2.67], "texture": "#2"},
				"south": {"uv": [0, 0, 2.67, 2.67], "texture": "#2"},
				"west": {"uv": [0, 0, 2.67, 2.67], "texture": "#2"},
				"up": {"uv": [0, 0, 2.67, 2.67], "texture": "#2"},
				"down": {"uv": [0, 0, 2.67, 2.67], "texture": "#2"}
			}
		},
		{
			"name": "Leaves 2",
			"from": [6.5, 6, 7.5],
			"to": [7.5, 7, 8.5],
			"faces": {
				"north": {"uv": [0, 0, 2.67, 2.67], "texture": "#2"},
				"east": {"uv": [0, 0, 2.67, 2.67], "texture": "#2"},
				"south": {"uv": [0, 0, 2.67, 2.67], "texture": "#2"},
				"west": {"uv": [0, 0, 2.67, 2.67], "texture": "#2"},
				"up": {"uv": [0, 0, 2.67, 2.67], "texture": "#2"},
				"down": {"uv": [0, 0, 2.67, 2.67], "texture": "#2"}
			}
		},
		{
			"name": "Leaves 3",
			"from": [7.5, 6, 6.5],
			"to": [8.5, 7, 9.5],
			"faces": {
				"north": {"uv": [0, 0, 2.67, 2.67], "texture": "#2"},
				"east": {"uv": [0, 0, 8, 2.67], "texture": "#2"},
				"south": {"uv": [0, 0, 2.67, 2.67], "texture": "#2"},
				"west": {"uv": [0, 0, 8, 2.67], "texture": "#2"},
				"up": {"uv": [0, 0, 2.67, 8], "texture": "#2"},
				"down": {"uv": [0, 0, 2.67, 8], "texture": "#2"}
			}
		},
		{
			"name": "Leaves 4",
			"from": [6.5, 5, 6.5],
			"to": [9.5, 6, 9.5],
			"faces": {
				"north": {"uv": [0, 0, 8, 2.67], "texture": "#2"},
				"east": {"uv": [0, 0, 8, 2.67], "texture": "#2"},
				"south": {"uv": [0, 0, 8, 2.67], "texture": "#2"},
				"west": {"uv": [0, 0, 8, 2.67], "texture": "#2"},
				"up": {"uv": [0, 0, 8, 8], "texture": "#2"},
				"down": {"uv": [0, 0, 8, 8], "texture": "#2"}
			}
		},
		{
			"name": "Leaves 5",
			"from": [5.5, 3, 5.5],
			"to": [10.5, 4.999, 10.5],
			"faces": {
				"north": {"uv": [0, 0, 13.335, 5.335], "texture": "#2"},
				"east": {"uv": [0, 0, 13.335, 5.335], "texture": "#2"},
				"south": {"uv": [0, 0, 13.335, 5.335], "texture": "#2"},
				"west": {"uv": [0, 0, 13.335, 5.335], "texture": "#2"},
				"up": {"uv": [0, 0, 13.335, 13.335], "texture": "#2"},
				"down": {"uv": [0, 0, 13.335, 13.335], "texture": "#2"}
			}
		}
	],
	"display": {
		"thirdperson_righthand": {
			"rotation": [0, 315, 0],
			"translation": [0, 4.1, 1],
			"scale": [0.555, 0.555, 0.555]
		},
		"thirdperson_lefthand": {
			"rotation": [75, 45, 0],
			"translation": [0, 2.5, 0],
			"scale": [0.375, 0.375, 0.375]
		},
		"firstperson_righthand": {
			"rotation": [0, 315, 0],
			"translation": [0, 5.5, 0]
		},
		"firstperson_lefthand": {
			"rotation": [0, 0, 45],
			"translation": [0, 2.5, 0],
			"scale": [0.4, 0.4, 0.4]
		},
		"ground": {
			"translation": [0, 3, 0],
			"scale": [0.75, 0.75, 0.75]
		},
		"gui": {
			"rotation": [0, 55, 0],
			"translation": [0, 3, 0],
			"scale": [1.005, 1.005, 1.005]
		},
		"head": {
			"rotation": [0, 180, 0]
		},
		"fixed": {
			"translation": [0, 0, -2]
		}
	},
	"groups": [0,
		{
			"name": "Leaves",
			"children": [1, 2, 3, 4, 5]
		}
	]
}