{ "textures": {
		"0": "block/mossy_stone_brick_wall_railing",
		"particle": "block/mossy_stone_bricks"
	},
	"elements": [
		{ "from": [5, 13, 12],
			"to": [11, 14, 16],
			"faces": {
				"east": {"uv": [16, 2, 12, 3], "texture": "#0"},
				"south": {"uv": [0, 2, 6, 3], "texture": "#0", "cullface": "south"},
				"west": {"uv": [12, 2, 16, 3], "texture": "#0"},
				"up": {"uv": [16, 15, 12, 9], "rotation": 270, "texture": "#0"},
				"down": {"uv": [16, 15, 12, 9], "rotation": 90, "texture": "#0"}
			}
		},
		{ "from": [6, 14, 12],
			"to": [10, 15, 16],
			"faces": {
				"east": {"uv": [16, 1, 12, 2], "texture": "#0"},
				"south": {"uv": [0, 1, 4, 2], "texture": "#0", "cullface": "south"},
				"west": {"uv": [12, 1, 16, 2], "texture": "#0"},
				"up": {"uv": [16, 8, 12, 4], "rotation": 270, "texture": "#0"}
			}
		}
	]
}