{
	"textures": {
		"0": "block/logs/acacia_log",
		"1": "block/logs/acacia_log_top",
		"2": "block/leaves/sapling_acacia_leaves",
		"particle": "block/leaves/sapling_acacia_leaves"
	},
	"elements": [
		{
			"name": "Leaves 1",
			"from": [5.5, 7, 5.5],
			"to": [6.5, 8, 6.5],
			"faces": {
				"north": {"uv": [0, 0, 1.78, 1.78], "texture": "#2"},
				"east": {"uv": [0, 0, 1.78, 1.78], "texture": "#2"},
				"south": {"uv": [0, 0, 1.78, 1.78], "texture": "#2"},
				"west": {"uv": [0, 0, 1.78, 1.78], "texture": "#2"},
				"up": {"uv": [0, 0, 1.78, 1.78], "texture": "#2"},
				"down": {"uv": [0, 0, 1.78, 1.78], "texture": "#2"}
			}
		},
		{
			"name": "Leaves 2",
			"from": [9.5, 7, 5.5],
			"to": [10.5, 8, 6.5],
			"faces": {
				"north": {"uv": [0, 0, 1.78, 1.78], "texture": "#2"},
				"east": {"uv": [0, 0, 1.78, 1.78], "texture": "#2"},
				"south": {"uv": [0, 0, 1.78, 1.78], "texture": "#2"},
				"west": {"uv": [0, 0, 1.78, 1.78], "texture": "#2"},
				"up": {"uv": [0, 0, 1.78, 1.78], "texture": "#2"},
				"down": {"uv": [0, 0, 1.78, 1.78], "texture": "#2"}
			}
		},
		{
			"name": "Leaves 3",
			"from": [7.5, 7, 7.5],
			"to": [8.5, 8, 8.5],
			"faces": {
				"north": {"uv": [0, 0, 1.78, 1.78], "texture": "#2"},
				"east": {"uv": [0, 0, 1.78, 1.78], "texture": "#2"},
				"south": {"uv": [0, 0, 1.78, 1.78], "texture": "#2"},
				"west": {"uv": [0, 0, 1.78, 1.78], "texture": "#2"},
				"up": {"uv": [0, 0, 1.78, 1.78], "texture": "#2"},
				"down": {"uv": [0, 0, 1.78, 1.78], "texture": "#2"}
			}
		},
		{
			"name": "Leaves 4",
			"from": [7.5, 7, 3.5],
			"to": [8.5, 8, 4.5],
			"faces": {
				"north": {"uv": [0, 0, 1.78, 1.78], "texture": "#2"},
				"east": {"uv": [0, 0, 1.78, 1.78], "texture": "#2"},
				"south": {"uv": [0, 0, 1.78, 1.78], "texture": "#2"},
				"west": {"uv": [0, 0, 1.78, 1.78], "texture": "#2"},
				"up": {"uv": [0, 0, 1.78, 1.78], "texture": "#2"},
				"down": {"uv": [0, 0, 1.78, 1.78], "texture": "#2"}
			}
		},
		{
			"name": "Leaves 5",
			"from": [9.5, 5, 9.5],
			"to": [12.5, 6, 10.5],
			"faces": {
				"north": {"uv": [0, 0, 5.33, 1.78], "texture": "#2"},
				"east": {"uv": [0, 0, 1.78, 1.78], "texture": "#2"},
				"south": {"uv": [0, 0, 5.33, 1.78], "texture": "#2"},
				"west": {"uv": [0, 0, 1.78, 1.78], "texture": "#2"},
				"up": {"uv": [0, 0, 5.33, 1.78], "texture": "#2"},
				"down": {"uv": [0, 0, 5.33, 1.78], "texture": "#2"}
			}
		},
		{
			"name": "Leaves 6",
			"from": [9.5, 5, 5.5],
			"to": [12.5, 6, 6.5],
			"faces": {
				"north": {"uv": [0, 0, 5.33, 1.78], "texture": "#2"},
				"east": {"uv": [0, 0, 1.78, 1.78], "texture": "#2"},
				"south": {"uv": [0, 0, 5.33, 1.78], "texture": "#2"},
				"west": {"uv": [0, 0, 1.78, 1.78], "texture": "#2"},
				"up": {"uv": [0, 0, 5.33, 1.78], "texture": "#2"},
				"down": {"uv": [0, 0, 5.33, 1.78], "texture": "#2"}
			}
		},
		{
			"name": "Leaves 7",
			"from": [8.5, 5.001, 6.5],
			"to": [13.5, 6, 9.5],
			"faces": {
				"north": {"uv": [0, 0, 8.89, 1.78], "texture": "#2"},
				"east": {"uv": [0, 0, 5.33, 1.78], "texture": "#2"},
				"south": {"uv": [0, 0, 8.89, 1.78], "texture": "#2"},
				"west": {"uv": [0, 0, 5.33, 1.78], "texture": "#2"},
				"up": {"uv": [0, 0, 8.89, 5.33], "texture": "#2"},
				"down": {"uv": [0, 0, 8.89, 5.33], "texture": "#2"}
			}
		},
		{
			"name": "Leaves 8",
			"from": [7.5, 6, 7.5],
			"to": [8.5, 7, 8.5],
			"faces": {
				"north": {"uv": [0, 0, 16, 16], "texture": "#2"},
				"east": {"uv": [0, 0, 16, 16], "texture": "#2"},
				"south": {"uv": [0, 0, 16, 16], "texture": "#2"},
				"west": {"uv": [0, 0, 16, 16], "texture": "#2"},
				"up": {"uv": [0, 0, 16, 16], "texture": "#2"},
				"down": {"uv": [0, 0, 16, 16], "texture": "#2"}
			}
		},
		{
			"name": "Leaves 9",
			"from": [5.5, 6, 6.5],
			"to": [12.5, 7, 9.5],
			"faces": {
				"north": {"uv": [0, 0, 12.44, 1.78], "texture": "#2"},
				"east": {"uv": [0, 0, 5.33, 1.78], "texture": "#2"},
				"south": {"uv": [0, 0, 12.44, 1.78], "texture": "#2"},
				"west": {"uv": [0, 0, 5.33, 1.78], "texture": "#2"},
				"up": {"uv": [0, 0, 12.44, 5.33], "texture": "#2"},
				"down": {"uv": [0, 0, 12.44, 5.33], "texture": "#2"}
			}
		},
		{
			"name": "Leaves 10",
			"from": [4.5, 6, 3.5],
			"to": [11.5, 7, 6.5],
			"faces": {
				"north": {"uv": [0, 0, 12.44, 1.78], "texture": "#2"},
				"east": {"uv": [0, 0, 5.33, 1.78], "texture": "#2"},
				"south": {"uv": [0, 0, 12.44, 1.78], "texture": "#2"},
				"west": {"uv": [0, 0, 5.33, 1.78], "texture": "#2"},
				"up": {"uv": [0, 0, 12.44, 5.33], "texture": "#2"},
				"down": {"uv": [0, 0, 12.44, 5.33], "texture": "#2"}
			}
		},
		{
			"name": "Leaves 11",
			"from": [6.5, 7, 4.5],
			"to": [9.5, 8, 7.5],
			"faces": {
				"north": {"uv": [0, 0, 5.33, 1.78], "texture": "#2"},
				"east": {"uv": [0, 0, 5.33, 1.78], "texture": "#2"},
				"south": {"uv": [0, 0, 5.33, 1.78], "texture": "#2"},
				"west": {"uv": [0, 0, 5.33, 1.78], "texture": "#2"},
				"up": {"uv": [0, 0, 5.33, 5.33], "texture": "#2"},
				"down": {"uv": [0, 0, 5.33, 5.33], "texture": "#2"}
			}
		},
		{
			"name": "Leaves 12",
			"from": [5.5, 6, 2.5],
			"to": [10.5, 7, 3.5],
			"faces": {
				"north": {"uv": [0, 0, 8.89, 1.78], "texture": "#2"},
				"east": {"uv": [0, 0, 1.78, 1.78], "texture": "#2"},
				"south": {"uv": [0, 0, 8.89, 1.78], "texture": "#2"},
				"west": {"uv": [0, 0, 1.78, 1.78], "texture": "#2"},
				"up": {"uv": [0, 0, 8.89, 1.78], "texture": "#2"},
				"down": {"uv": [0, 0, 8.89, 1.78], "texture": "#2"}
			}
		},
		{
			"name": "Leaves 13",
			"from": [4.5, 6, 6.5],
			"to": [5.5, 7, 8.5],
			"faces": {
				"north": {"uv": [0, 0, 1.78, 1.78], "texture": "#2"},
				"east": {"uv": [0, 0, 3.55, 1.78], "texture": "#2"},
				"south": {"uv": [0, 0, 1.78, 1.78], "texture": "#2"},
				"west": {"uv": [0, 0, 3.55, 1.78], "texture": "#2"},
				"up": {"uv": [0, 0, 1.78, 3.55], "texture": "#2"},
				"down": {"uv": [0, 0, 1.78, 3.55], "texture": "#2"}
			}
		},
		{
			"name": "Log 1",
			"from": [7.5, 0, 7.5],
			"to": [8.5, 4, 8.5],
			"faces": {
				"north": {"uv": [0, 0, 1, 4], "texture": "#0"},
				"east": {"uv": [0, 0, 1, 4], "texture": "#0"},
				"south": {"uv": [0, 0, 1, 4], "texture": "#0"},
				"west": {"uv": [0, 0, 1, 4], "texture": "#0"},
				"up": {"uv": [0, 0, 16, 16], "texture": "#1"},
				"down": {"uv": [0, 0, 16, 16], "texture": "#1"}
			}
		},
		{
			"name": "Log 2",
			"from": [8.5, 3, 7.5],
			"to": [9.5, 4, 8.5],
			"faces": {
				"north": {"uv": [0, 0, 1, 1], "texture": "#0"},
				"east": {"uv": [0, 0, 1, 1], "texture": "#0"},
				"south": {"uv": [0, 0, 1, 1], "texture": "#0"},
				"west": {"uv": [0, 0, 1, 1], "texture": "#0"},
				"up": {"uv": [0, 0, 16, 16], "texture": "#1"},
				"down": {"uv": [0, 0, 16, 16], "texture": "#1"}
			}
		},
		{
			"name": "Log 3",
			"from": [9.5, 4, 7.5],
			"to": [10.5, 5, 8.5],
			"faces": {
				"north": {"uv": [0, 0, 1, 1], "texture": "#0"},
				"east": {"uv": [0, 0, 1, 1], "texture": "#0"},
				"south": {"uv": [0, 0, 1, 1], "texture": "#0"},
				"west": {"uv": [0, 0, 1, 1], "texture": "#0"},
				"up": {"uv": [0, 0, 16, 16], "texture": "#1"},
				"down": {"uv": [0, 0, 16, 16], "texture": "#1"}
			}
		},
		{
			"name": "Log 4",
			"from": [10.5, 5, 7.5],
			"to": [11.5, 6, 8.5],
			"faces": {
				"north": {"uv": [0, 0, 1, 1], "texture": "#0"},
				"east": {"uv": [0, 0, 1, 1], "texture": "#0"},
				"south": {"uv": [0, 0, 1, 1], "texture": "#0"},
				"west": {"uv": [0, 0, 1, 1], "texture": "#0"},
				"up": {"uv": [0, 0, 16, 16], "texture": "#1"},
				"down": {"uv": [0, 0, 16, 16], "texture": "#1"}
			}
		},
		{
			"name": "Log 5",
			"from": [7.5, 4, 6.5],
			"to": [8.5, 5, 7.5],
			"faces": {
				"north": {"uv": [0, 0, 1, 1], "texture": "#0"},
				"east": {"uv": [0, 0, 1, 1], "texture": "#0"},
				"south": {"uv": [0, 0, 1, 1], "texture": "#0"},
				"west": {"uv": [0, 0, 1, 1], "texture": "#0"},
				"up": {"uv": [0, 0, 16, 16], "texture": "#1"},
				"down": {"uv": [0, 0, 16, 16], "texture": "#1"}
			}
		},
		{
			"name": "Log 6",
			"from": [7.5, 5, 5.5],
			"to": [8.5, 6, 6.5],
			"faces": {
				"north": {"uv": [0, 0, 1, 1], "texture": "#0"},
				"east": {"uv": [0, 0, 1, 1], "texture": "#0"},
				"south": {"uv": [0, 0, 1, 1], "texture": "#0"},
				"west": {"uv": [0, 0, 1, 1], "texture": "#0"},
				"up": {"uv": [0, 0, 16, 16], "texture": "#1"},
				"down": {"uv": [0, 0, 16, 16], "texture": "#1"}
			}
		},
		{
			"name": "Log 7",
			"from": [7.5, 6, 5.5],
			"to": [8.5, 7, 6.5],
			"faces": {
				"north": {"uv": [0, 0, 16, 16], "texture": "#0"},
				"east": {"uv": [0, 0, 16, 16], "texture": "#0"},
				"south": {"uv": [0, 0, 16, 15], "texture": "#0"},
				"west": {"uv": [0, 0, 16, 15], "texture": "#0"},
				"up": {"uv": [0, 0, 16, 15], "texture": "#1"},
				"down": {"uv": [0, 0, 16, 16], "texture": "#1"}
			}
		}
	],
	"display": {
		"thirdperson_righthand": {
			"rotation": [0, 315, 0],
			"translation": [0, 4.1, 1],
			"scale": [0.555, 0.555, 0.555]
		},
		"thirdperson_lefthand": {
			"rotation": [75, 45, 0],
			"translation": [0, 2.5, 0],
			"scale": [0.375, 0.375, 0.375]
		},
		"firstperson_righthand": {
			"rotation": [0, 315, 0],
			"translation": [0, 5.5, 0]
		},
		"firstperson_lefthand": {
			"rotation": [0, 0, 45],
			"translation": [0, 2.5, 0],
			"scale": [0.4, 0.4, 0.4]
		},
		"ground": {
			"translation": [0, 3, 0],
			"scale": [0.75, 0.75, 0.75]
		},
		"gui": {
			"rotation": [0, 55, 0],
			"translation": [0, 3, 0],
			"scale": [1.005, 1.005, 1.005]
		},
		"head": {
			"rotation": [0, 180, 0]
		},
		"fixed": {
			"translation": [0, 0, -2]
		}
	},
	"groups": [
		{
			"name": "Leaves",
			"children": [0, 1, 2, 3, 4, 5, 6, 7, 8, 9, 10, 11, 12]
		},
		{
			"name": "Logs",
			"children": [13, 14, 15, 16, 17, 18, 19]
		}
	]
}