{
	"credit": "Made by SyndiShanX",
	"textures": {
		"logs": "block/logs",
		"leaves": "block/leaves/sapling_dark_oak_leaves",
		"particle": "block/leaves/sapling_dark_oak_leaves"
	},
	"elements": [
		{
			"name": "Log 1",
			"from": [7, 0, 7],
			"to": [9, 7, 9],
			"faces": {
				"north": {"uv": [6.875, 0, 9.54167, 9.33333], "texture": "#logs"},
				"east": {"uv": [6.875, 0, 9.54167, 9.33333], "texture": "#logs"},
				"south": {"uv": [6.875, 0, 9.54167, 9.33333], "texture": "#logs"},
				"west": {"uv": [6.875, 0, 9.54167, 9.33333], "texture": "#logs"},
				"up": {"uv": [13.33333, 10.66667, 16, 13.33333], "texture": "#logs"},
				"down": {"uv": [13.3333, 10.6667, 15.99997, 13.3334], "texture": "#logs"}
			}
		},
		{
			"name": "Log 2",
			"from": [6, 7, 7],
			"to": [8, 8, 9],
			"faces": {
				"north": {"uv": [6.875, 0, 9.5417, 1.3333], "texture": "#logs"},
				"east": {"uv": [6.875, 0, 9.5417, 1.3333], "texture": "#logs"},
				"south": {"uv": [6.875, 0, 9.5417, 1.3333], "texture": "#logs"},
				"west": {"uv": [6.875, 0, 9.5417, 1.3333], "texture": "#logs"},
				"up": {"uv": [13.3333, 10.6667, 16, 13.3334], "texture": "#logs"},
				"down": {"uv": [13.3333, 10.6667, 16, 13.3334], "texture": "#logs"}
			}
		},
		{
			"name": "Log 3",
			"from": [6, 4, 6],
			"to": [7, 7, 9],
			"faces": {
				"north": {"uv": [6.875, 0, 8.2083, 4], "texture": "#logs"},
				"east": {"uv": [6.875, 0, 10.875, 4], "texture": "#logs"},
				"south": {"uv": [6.875, 0, 8.2083, 4], "texture": "#logs"},
				"west": {"uv": [6.875, 0, 10.875, 4], "texture": "#logs"},
				"up": {"uv": [13.33333, 10.66667, 14.66667, 14.66667], "texture": "#logs"},
				"down": {"uv": [13.3333, 10.6667, 14.6666, 14.6667], "texture": "#logs"}
			}
		},
		{
			"name": "Log 4",
			"from": [6, 5, 9],
			"to": [7, 7, 10],
			"faces": {
				"north": {"uv": [6.875, 0, 8.2083, 2.6667], "texture": "#logs"},
				"east": {"uv": [6.875, 0, 8.2083, 2.6667], "texture": "#logs"},
				"south": {"uv": [6.875, 0, 8.2083, 2.6667], "texture": "#logs"},
				"west": {"uv": [6.875, 0, 8.2083, 2.6667], "texture": "#logs"},
				"up": {"uv": [13.3333, 10.6667, 14.6666, 12], "texture": "#logs"},
				"down": {"uv": [13.3333, 10.6667, 14.6666, 12], "texture": "#logs"}
			}
		},
		{
			"name": "Log 5",
			"from": [6, 3, 8],
			"to": [7, 4, 9],
			"faces": {
				"north": {"uv": [6.875, 0, 8.2083, 1.3333], "texture": "#logs"},
				"east": {"uv": [6.875, 0, 8.2083, 1.3333], "texture": "#logs"},
				"south": {"uv": [6.875, 0, 8.2083, 1.3333], "texture": "#logs"},
				"west": {"uv": [6.875, 0, 8.2083, 1.3333], "texture": "#logs"},
				"up": {"uv": [13.3333, 10.6667, 14.6666, 12], "texture": "#logs"},
				"down": {"uv": [13.3333, 10.6667, 14.6666, 12], "texture": "#logs"}
			}
		},
		{
			"name": "Log 6",
			"from": [6, 3, 6],
			"to": [7, 4, 7],
			"faces": {
				"north": {"uv": [6.875, 0, 8.2083, 1.3333], "texture": "#logs"},
				"east": {"uv": [6.875, 0, 8.2083, 1.3333], "texture": "#logs"},
				"south": {"uv": [6.875, 0, 8.2083, 1.3333], "texture": "#logs"},
				"west": {"uv": [6.875, 0, 8.2083, 1.3333], "texture": "#logs"},
				"up": {"uv": [13.3333, 10.6667, 14.6666, 12], "texture": "#logs"},
				"down": {"uv": [13.3333, 10.6667, 14.6666, 12], "texture": "#logs"}
			}
		},
		{
			"name": "Leaves 1",
			"from": [6, 9, 7],
			"to": [8, 10, 9],
			"faces": {
				"north": {"uv": [0, 0, 4.57, 2.28], "texture": "#leaves"},
				"east": {"uv": [0, 0, 4.57, 2.28], "texture": "#leaves"},
				"south": {"uv": [0, 0, 4.57, 2.28], "texture": "#leaves"},
				"west": {"uv": [0, 0, 4.57, 2.28], "texture": "#leaves"},
				"up": {"uv": [0, 0, 4.57, 4.57], "texture": "#leaves"},
				"down": {"uv": [0, 0, 4.57, 4.57], "texture": "#leaves"}
			}
		},
		{
			"name": "Leaves 2",
			"from": [6, 8, 10],
			"to": [8, 9, 11],
			"faces": {
				"north": {"uv": [0, 0, 4.57, 2.28], "texture": "#leaves"},
				"east": {"uv": [0, 0, 2.28, 2.28], "texture": "#leaves"},
				"south": {"uv": [0, 0, 4.57, 2.28], "texture": "#leaves"},
				"west": {"uv": [0, 0, 2.28, 2.28], "texture": "#leaves"},
				"up": {"uv": [0, 0, 4.57, 2.28], "texture": "#leaves"},
				"down": {"uv": [0, 0, 4.57, 2.28], "texture": "#leaves"}
			}
		},
		{
			"name": "Leaves 3",
			"from": [9, 8, 7],
			"to": [10, 9, 9],
			"faces": {
				"north": {"uv": [0, 0, 2.28, 2.28], "texture": "#leaves"},
				"east": {"uv": [0, 0, 4.57, 2.28], "texture": "#leaves"},
				"south": {"uv": [0, 0, 2.28, 2.28], "texture": "#leaves"},
				"west": {"uv": [0, 0, 4.57, 2.28], "texture": "#leaves"},
				"up": {"uv": [0, 0, 2.28, 4.57], "texture": "#leaves"},
				"down": {"uv": [0, 0, 2.28, 4.57], "texture": "#leaves"}
			}
		},
		{
			"name": "Leaves 4",
			"from": [4, 8, 7],
			"to": [5, 9, 9],
			"faces": {
				"north": {"uv": [0, 0, 2.28, 2.28], "texture": "#leaves"},
				"east": {"uv": [0, 0, 4.57, 2.28], "texture": "#leaves"},
				"south": {"uv": [0, 0, 2.28, 2.28], "texture": "#leaves"},
				"west": {"uv": [0, 0, 4.57, 2.28], "texture": "#leaves"},
				"up": {"uv": [0, 0, 2.28, 4.57], "texture": "#leaves"},
				"down": {"uv": [0, 0, 2.28, 4.57], "texture": "#leaves"}
			}
		},
		{
			"name": "Leaves 5",
			"from": [6, 8, 5],
			"to": [8, 9, 6],
			"faces": {
				"north": {"uv": [0, 0, 4.57, 2.28], "texture": "#leaves"},
				"east": {"uv": [0, 0, 2.28, 2.28], "texture": "#leaves"},
				"south": {"uv": [0, 0, 4.57, 2.28], "texture": "#leaves"},
				"west": {"uv": [0, 0, 2.28, 2.28], "texture": "#leaves"},
				"up": {"uv": [0, 0, 4.57, 2.28], "texture": "#leaves"},
				"down": {"uv": [0, 0, 4.57, 2.28], "texture": "#leaves"}
			}
		},
		{
			"name": "Leaves 6",
			"from": [5, 8, 6],
			"to": [9, 9, 10],
			"faces": {
				"north": {"uv": [0, 0, 9.145, 2.28], "texture": "#leaves"},
				"east": {"uv": [0, 0, 9.145, 2.28], "texture": "#leaves"},
				"south": {"uv": [0, 0, 9.145, 2.28], "texture": "#leaves"},
				"west": {"uv": [0, 0, 9.145, 2.28], "texture": "#leaves"},
				"up": {"uv": [0, 0, 9.145, 9.145], "texture": "#leaves"},
				"down": {"uv": [0, 0, 9.145, 9.145], "texture": "#leaves"}
			}
		},
		{
			"name": "Leaves 7",
			"from": [10, 7, 6],
			"to": [11, 8, 11],
			"faces": {
				"north": {"uv": [0, 0, 2.28, 2.28], "texture": "#leaves"},
				"east": {"uv": [0, 0, 11.43, 2.28], "texture": "#leaves"},
				"south": {"uv": [0, 0, 2, 2.28], "texture": "#leaves"},
				"west": {"uv": [0, 0, 11.43, 2.28], "texture": "#leaves"},
				"up": {"uv": [0, 0, 2.28, 11.43], "texture": "#leaves"},
				"down": {"uv": [0, 0, 2.28, 11.43], "texture": "#leaves"}
			}
		},
		{
			"name": "Leaves 8",
			"from": [5, 7, 4],
			"to": [9, 8, 6],
			"faces": {
				"north": {"uv": [0, 0, 9.145, 2.28], "texture": "#leaves"},
				"east": {"uv": [0, 0, 4.57, 2.28], "texture": "#leaves"},
				"south": {"uv": [0, 0, 9.145, 2.28], "texture": "#leaves"},
				"west": {"uv": [0, 0, 4.57, 2.28], "texture": "#leaves"},
				"up": {"uv": [0, 0, 9.145, 4.57], "texture": "#leaves"},
				"down": {"uv": [0, 0, 9.145, 4.57], "texture": "#leaves"}
			}
		},
		{
			"name": "Leaves 9",
			"from": [4, 7, 5],
			"to": [5, 8, 6],
			"faces": {
				"north": {"uv": [0, 0, 2.28, 2.28], "texture": "#leaves"},
				"east": {"uv": [0, 0, 2.28, 2.28], "texture": "#leaves"},
				"south": {"uv": [0, 0, 2.28, 2.28], "texture": "#leaves"},
				"west": {"uv": [0, 0, 2.28, 2.28], "texture": "#leaves"},
				"up": {"uv": [0, 0, 2.28, 2.28], "texture": "#leaves"},
				"down": {"uv": [0, 0, 2.28, 2.28], "texture": "#leaves"}
			}
		},
		{
			"name": "Leaves 10",
			"from": [4, 7, 11],
			"to": [9, 8, 12],
			"faces": {
				"north": {"uv": [0, 0, 11.43, 2.28], "texture": "#leaves"},
				"east": {"uv": [0, 0, 2.28, 2.28], "texture": "#leaves"},
				"south": {"uv": [0, 0, 11.43, 2.28], "texture": "#leaves"},
				"west": {"uv": [0, 0, 2.28, 2.28], "texture": "#leaves"},
				"up": {"uv": [0, 0, 11.43, 2.28], "texture": "#leaves"},
				"down": {"uv": [0, 0, 11.43, 2.28], "texture": "#leaves"}
			}
		},
		{
			"name": "Leaves 11",
			"from": [4, 6, 11],
			"to": [7, 7, 12],
			"faces": {
				"north": {"uv": [0, 0, 6.855, 2.28], "texture": "#leaves"},
				"east": {"uv": [0, 0, 2.28, 2.28], "texture": "#leaves"},
				"south": {"uv": [0, 0, 6.855, 2.28], "texture": "#leaves"},
				"west": {"uv": [0, 0, 2.28, 2.28], "texture": "#leaves"},
				"up": {"uv": [0, 0, 6.855, 2.28], "texture": "#leaves"},
				"down": {"uv": [0, 0, 6.855, 2.28], "texture": "#leaves"}
			}
		},
		{
			"name": "Leaves 12",
			"from": [3, 6, 6.001],
			"to": [10, 7.999, 11],
			"faces": {
				"north": {"uv": [0, 0, 16, 4.57], "texture": "#leaves"},
				"east": {"uv": [0, 0, 11.43, 4.57], "texture": "#leaves"},
				"south": {"uv": [0, 0, 16, 4.57], "texture": "#leaves"},
				"west": {"uv": [0, 0, 11.43, 4.57], "texture": "#leaves"},
				"up": {"uv": [0, 0, 16, 11.43], "texture": "#leaves"},
				"down": {"uv": [0, 0, 16, 11.43], "texture": "#leaves"}
			}
		},
		{
			"name": "Leaves 13",
			"from": [3, 6, 5],
			"to": [10, 7, 6],
			"faces": {
				"north": {"uv": [0, 0, 16, 2.28], "texture": "#leaves"},
				"east": {"uv": [0, 0, 2.28, 2.28], "texture": "#leaves"},
				"south": {"uv": [0, 0, 16, 2.28], "texture": "#leaves"},
				"west": {"uv": [0, 0, 2.28, 2.28], "texture": "#leaves"},
				"up": {"uv": [0, 0, 16, 2.28], "texture": "#leaves"},
				"down": {"uv": [0, 0, 16, 2.28], "texture": "#leaves"}
			}
		},
		{
			"name": "Leaves 14",
			"from": [4, 6, 4],
			"to": [7, 7, 5],
			"faces": {
				"north": {"uv": [0, 0, 6.855, 2.28], "texture": "#leaves"},
				"east": {"uv": [0, 0, 2.28, 2.28], "texture": "#leaves"},
				"south": {"uv": [0, 0, 6.855, 2.28], "texture": "#leaves"},
				"west": {"uv": [0, 0, 2.28, 2.28], "texture": "#leaves"},
				"up": {"uv": [0, 0, 6.855, 2.28], "texture": "#leaves"},
				"down": {"uv": [0, 0, 6.855, 2.28], "texture": "#leaves"}
			}
		}
	],
	"display": {
		"thirdperson_righthand": {
			"rotation": [0, 315, 0],
			"translation": [0, 4.1, 1],
			"scale": [0.555, 0.555, 0.555]
		},
		"thirdperson_lefthand": {
			"rotation": [75, 45, 0],
			"translation": [0, 2.5, 0],
			"scale": [0.375, 0.375, 0.375]
		},
		"firstperson_righthand": {
			"rotation": [0, 315, 0],
			"translation": [0, 5.5, 0]
		},
		"firstperson_lefthand": {
			"rotation": [0, 0, 45],
			"translation": [0, 2.5, 0],
			"scale": [0.4, 0.4, 0.4]
		},
		"ground": {
			"translation": [0, 3, 0],
			"scale": [0.75, 0.75, 0.75]
		},
		"gui": {
			"rotation": [0, 55, 0],
			"translation": [0, 3, 0],
			"scale": [1.005, 1.005, 1.005]
		},
		"head": {
			"rotation": [0, 180, 0]
		},
		"fixed": {
			"translation": [0, 0, -2]
		}
	},
	"groups": [
		{
			"name": "Logs",
			"origin": [8, 8, 8],
			"children": [0, 1, 2, 3, 4, 5]
		},
		{
			"name": "Leaves",
			"origin": [8, 8, 8],
			"children": [6, 7, 8, 9, 10, 11, 12, 13, 14, 15, 16, 17, 18, 19]
		}
	]
}