{
	"credit": "Made by SyndiShanX",
	"textures": {
		"0": "block/logs",
		"2": "block/leaves/sapling_dark_oak_leaves",
		"particle": "block/leaves/sapling_dark_oak_leaves"
	},
	"elements": [
		{
			"name": "Log 1",
			"from": [7, 0, 7],
			"to": [9, 7, 9],
			"faces": {
				"north": {"uv": [6.875, 0, 9.54167, 9.33333], "texture": "#0"},
				"east": {"uv": [6.875, 0, 9.54167, 9.33333], "texture": "#0"},
				"south": {"uv": [6.875, 0, 9.54167, 9.33333], "texture": "#0"},
				"west": {"uv": [6.875, 0, 9.54167, 9.33333], "texture": "#0"},
				"up": {"uv": [13.3333, 10.6667, 15.99997, 13.3334], "texture": "#0"},
				"down": {"uv": [13.33333, 10.66667, 16, 13.33333], "texture": "#0"}
			}
		},
		{
			"name": "Log 2",
			"from": [6, 2, 7],
			"to": [7, 6, 8],
			"faces": {
				"north": {"uv": [6.875, 0, 8.2083, 5.33333], "texture": "#0"},
				"east": {"uv": [6.875, 0, 8.2083, 5.33333], "texture": "#0"},
				"south": {"uv": [6.875, 0, 8.2083, 5.33333], "texture": "#0"},
				"west": {"uv": [6.875, 0, 8.2083, 5.33333], "texture": "#0"},
				"up": {"uv": [13.3333, 10.6667, 14.6666, 12], "texture": "#0"},
				"down": {"uv": [13.3333, 10.6667, 14.6666, 12], "texture": "#0"}
			}
		},
		{
			"name": "Log 3",
			"from": [8, 4, 6],
			"to": [9, 6, 7],
			"faces": {
				"north": {"uv": [6.875, 0, 8.2083, 2.6667], "texture": "#0"},
				"east": {"uv": [6.875, 0, 8.2083, 2.6667], "texture": "#0"},
				"south": {"uv": [6.875, 0, 8.2083, 2.6667], "texture": "#0"},
				"west": {"uv": [6.875, 0, 8.2083, 2.6667], "texture": "#0"},
				"up": {"uv": [13.3333, 10.6667, 14.6666, 12], "texture": "#0"},
				"down": {"uv": [13.3333, 10.6667, 14.6666, 12], "texture": "#0"}
			}
		},
		{
			"name": "Leaves 1",
			"from": [5, 7, 7],
			"to": [6, 8, 9],
			"faces": {
				"north": {"uv": [0, 0, 2.28, 2.28], "texture": "#2"},
				"east": {"uv": [0, 0, 4.57, 2.28], "texture": "#2"},
				"south": {"uv": [0, 0, 2.28, 2.28], "texture": "#2"},
				"west": {"uv": [0, 0, 4.57, 2.28], "texture": "#2"},
				"up": {"uv": [0, 0, 2.28, 4.57], "texture": "#2"},
				"down": {"uv": [0, 0, 2.28, 4.57], "texture": "#2"}
			}
		},
		{
			"name": "Leaves 2",
			"from": [10, 7, 7],
			"to": [11, 8, 9],
			"faces": {
				"north": {"uv": [0, 0, 2.28, 2.28], "texture": "#2"},
				"east": {"uv": [0, 0, 4.57, 2.28], "texture": "#2"},
				"south": {"uv": [0, 0, 2.28, 2.28], "texture": "#2"},
				"west": {"uv": [0, 0, 4.57, 2.28], "texture": "#2"},
				"up": {"uv": [0, 0, 2.28, 4.57], "texture": "#2"},
				"down": {"uv": [0, 0, 2.28, 4.57], "texture": "#2"}
			}
		},
		{
			"name": "Leaves 3",
			"from": [7, 7, 10],
			"to": [9, 8, 11],
			"faces": {
				"north": {"uv": [0, 0, 4.57, 2.28], "texture": "#2"},
				"east": {"uv": [0, 0, 2.28, 2.28], "texture": "#2"},
				"south": {"uv": [0, 0, 4.57, 2.28], "texture": "#2"},
				"west": {"uv": [0, 0, 2.28, 2.28], "texture": "#2"},
				"up": {"uv": [0, 0, 4.57, 2.28], "texture": "#2"},
				"down": {"uv": [0, 0, 4.57, 2.28], "texture": "#2"}
			}
		},
		{
			"name": "Leaves 4",
			"from": [7, 7, 5],
			"to": [9, 8, 6],
			"faces": {
				"north": {"uv": [0, 0, 4.57, 2.28], "texture": "#2"},
				"east": {"uv": [0, 0, 2.28, 2.28], "texture": "#2"},
				"south": {"uv": [0, 0, 4.57, 2.28], "texture": "#2"},
				"west": {"uv": [0, 0, 2.28, 2.28], "texture": "#2"},
				"up": {"uv": [0, 0, 4.57, 2.28], "texture": "#2"},
				"down": {"uv": [0, 0, 4.57, 2.28], "texture": "#2"}
			}
		},
		{
			"name": "Leaves 5",
			"from": [6, 7, 6],
			"to": [10, 8, 10],
			"faces": {
				"north": {"uv": [0, 0, 9.145, 2.28], "texture": "#2"},
				"east": {"uv": [0, 0, 9.145, 2.28], "texture": "#2"},
				"south": {"uv": [0, 0, 9.145, 2.28], "texture": "#2"},
				"west": {"uv": [0, 0, 9.145, 2.28], "texture": "#2"},
				"up": {"uv": [0, 0, 9.145, 9.145], "texture": "#2"},
				"down": {"uv": [0, 0, 9.145, 9.145], "texture": "#2"}
			}
		},
		{
			"name": "Leaves 6",
			"from": [6, 6, 11],
			"to": [10, 7, 12],
			"faces": {
				"north": {"uv": [0, 0, 9.145, 2.28], "texture": "#2"},
				"east": {"uv": [0, 0, 2.28, 2.28], "texture": "#2"},
				"south": {"uv": [0, 0, 9.145, 2.28], "texture": "#2"},
				"west": {"uv": [0, 0, 2.28, 2.28], "texture": "#2"},
				"up": {"uv": [0, 0, 9.145, 2.28], "texture": "#2"},
				"down": {"uv": [0, 0, 9.145, 2.28], "texture": "#2"}
			}
		},
		{
			"name": "Leaves 7",
			"from": [4, 6, 6],
			"to": [5, 7, 10],
			"faces": {
				"north": {"uv": [0, 0, 2.28, 2.28], "texture": "#2"},
				"east": {"uv": [0, 0, 9.145, 2.28], "texture": "#2"},
				"south": {"uv": [0, 0, 2.28, 2.28], "texture": "#2"},
				"west": {"uv": [0, 0, 9.145, 2.28], "texture": "#2"},
				"up": {"uv": [0, 0, 2.28, 9.145], "texture": "#2"},
				"down": {"uv": [0, 0, 2.28, 9.145], "texture": "#2"}
			}
		},
		{
			"name": "Leaves 8",
			"from": [11, 6, 6],
			"to": [12, 7, 10],
			"faces": {
				"north": {"uv": [0, 0, 2.28, 2.28], "texture": "#2"},
				"east": {"uv": [0, 0, 9.145, 2.28], "texture": "#2"},
				"south": {"uv": [0, 0, 2.28, 2.28], "texture": "#2"},
				"west": {"uv": [0, 0, 9.145, 2.28], "texture": "#2"},
				"up": {"uv": [0, 0, 2.28, 9.145], "texture": "#2"},
				"down": {"uv": [0, 0, 2.28, 9.145], "texture": "#2"}
			}
		},
		{
			"name": "Leaves 9",
			"from": [6, 6, 4],
			"to": [10, 7, 5],
			"faces": {
				"north": {"uv": [0, 0, 9.145, 2.28], "texture": "#2"},
				"east": {"uv": [0, 0, 2.28, 2.28], "texture": "#2"},
				"south": {"uv": [0, 0, 9.145, 2.28], "texture": "#2"},
				"west": {"uv": [0, 0, 2.28, 2.28], "texture": "#2"},
				"up": {"uv": [0, 0, 9.145, 2.28], "texture": "#2"},
				"down": {"uv": [0, 0, 9.145, 2.28], "texture": "#2"}
			}
		},
		{
			"name": "Leaves 10",
			"from": [4, 5, 6],
			"to": [5, 6, 9],
			"faces": {
				"north": {"uv": [0, 0, 2.28, 2.28], "texture": "#2"},
				"east": {"uv": [0, 0, 6.855, 2.28], "texture": "#2"},
				"south": {"uv": [0, 0, 2.28, 2.28], "texture": "#2"},
				"west": {"uv": [0, 0, 6.855, 2.28], "texture": "#2"},
				"up": {"uv": [0, 0, 2.28, 6.855], "texture": "#2"},
				"down": {"uv": [0, 0, 2.28, 6.855], "texture": "#2"}
			}
		},
		{
			"name": "Leaves 11",
			"from": [7, 5, 4],
			"to": [10, 6, 5],
			"faces": {
				"north": {"uv": [0, 0, 6.855, 2.28], "texture": "#2"},
				"east": {"uv": [0, 0, 2.28, 2.28], "texture": "#2"},
				"south": {"uv": [0, 0, 6.855, 2.28], "texture": "#2"},
				"west": {"uv": [0, 0, 2.28, 2.28], "texture": "#2"},
				"up": {"uv": [0, 0, 6.855, 2.28], "texture": "#2"},
				"down": {"uv": [0, 0, 6.855, 2.28], "texture": "#2"}
			}
		},
		{
			"name": "Leaves 12",
			"from": [5, 5, 5],
			"to": [11, 6.999, 11],
			"faces": {
				"north": {"uv": [0, 0, 13.7, 4.57], "texture": "#2"},
				"east": {"uv": [0, 0, 13.7, 4.57], "texture": "#2"},
				"south": {"uv": [0, 0, 13.7, 4.57], "texture": "#2"},
				"west": {"uv": [0, 0, 13.7, 4.57], "texture": "#2"},
				"up": {"uv": [0, 0, 13.7, 13.7], "texture": "#2"},
				"down": {"uv": [0, 0, 13.7, 13.7], "texture": "#2"}
			}
		}
	],
	"display": {
		"thirdperson_righthand": {
			"rotation": [0, 315, 0],
			"translation": [0, 4.1, 1],
			"scale": [0.555, 0.555, 0.555]
		},
		"thirdperson_lefthand": {
			"rotation": [75, 45, 0],
			"translation": [0, 2.5, 0],
			"scale": [0.375, 0.375, 0.375]
		},
		"firstperson_righthand": {
			"rotation": [0, 315, 0],
			"translation": [0, 5.5, 0]
		},
		"firstperson_lefthand": {
			"rotation": [0, 0, 45],
			"translation": [0, 2.5, 0],
			"scale": [0.4, 0.4, 0.4]
		},
		"ground": {
			"translation": [0, 3, 0],
			"scale": [0.75, 0.75, 0.75]
		},
		"gui": {
			"rotation": [0, 55, 0],
			"translation": [0, 3, 0],
			"scale": [1.005, 1.005, 1.005]
		},
		"head": {
			"rotation": [0, 180, 0]
		},
		"fixed": {
			"translation": [0, 0, -2]
		}
	},
	"groups": [
		{
			"name": "Logs",
			"origin": [8, 8, 8],
			"children": [0, 1, 2]
		},
		{
			"name": "Leaves",
			"origin": [8, 8, 8],
			"children": [3, 4, 5, 6, 7, 8, 9, 10, 11, 12, 13, 14]
		}
	]
}