{
	"credit": "Made by SyndiShanX",
	"textures": {
		"0": "block/logs",
		"2": "block/leaves/sapling_jungle_leaves",
		"3": "block/sapling_jungle_vine",
		"particle": "block/leaves/sapling_jungle_leaves"
	},
	"elements": [
		{
			"name": "Log",
			"from": [7.5, 0, 7.5],
			"to": [8.5, 11, 8.5],
			"faces": {
				"north": {"uv": [1.37497, 0, 2.70827, 14.6667], "texture": "#0"},
				"east": {"uv": [1.375, 0, 2.7083, 14.66667], "texture": "#0"},
				"south": {"uv": [1.375, 0, 2.7083, 14.6667], "texture": "#0"},
				"west": {"uv": [1.375, 0, 2.7083, 14.6667], "texture": "#0"},
				"up": {"uv": [12, 13.3333, 13.3333, 14.6666], "texture": "#0"},
				"down": {"uv": [12, 13.33333, 13.33333, 14.66667], "texture": "#0"}
			}
		},
		{
			"name": "Leaves 1",
			"from": [8.5, 11, 7.5],
			"to": [9.5, 12, 8.5],
			"faces": {
				"north": {"uv": [0, 0, 3.2, 3.2], "texture": "#2"},
				"east": {"uv": [0, 0, 3.2, 3.2], "texture": "#2"},
				"south": {"uv": [0, 0, 3.2, 3.2], "texture": "#2"},
				"west": {"uv": [0, 0, 3.2, 3.2], "texture": "#2"},
				"up": {"uv": [0, 0, 3.2, 3.2], "texture": "#2"},
				"down": {"uv": [0, 0, 3.2, 3.2], "texture": "#2"}
			}
		},
		{
			"name": "Leaves 2",
			"from": [6.5, 11, 7.5],
			"to": [7.5, 12, 8.5],
			"faces": {
				"north": {"uv": [0, 0, 3.2, 3.2], "texture": "#2"},
				"east": {"uv": [0, 0, 3.2, 3.2], "texture": "#2"},
				"south": {"uv": [0, 0, 3.2, 3.2], "texture": "#2"},
				"west": {"uv": [0, 0, 3.2, 3.2], "texture": "#2"},
				"up": {"uv": [0, 0, 3.2, 3.2], "texture": "#2"},
				"down": {"uv": [0, 0, 3.2, 3.2], "texture": "#2"}
			}
		},
		{
			"name": "Leaves 3",
			"from": [7.5, 11, 6.5],
			"to": [8.5, 12, 9.5],
			"faces": {
				"north": {"uv": [0, 0, 3.2, 3.2], "texture": "#2"},
				"east": {"uv": [0, 0, 9.6, 3.2], "texture": "#2"},
				"south": {"uv": [0, 0, 3.2, 3.2], "texture": "#2"},
				"west": {"uv": [0, 0, 9.6, 3.2], "texture": "#2"},
				"up": {"uv": [0, 0, 3.2, 9.6], "texture": "#2"},
				"down": {"uv": [0, 0, 3.2, 9.6], "texture": "#2"}
			}
		},
		{
			"name": "Leaves 4",
			"from": [6.5, 10, 6.5],
			"to": [9.5, 11, 9.5],
			"faces": {
				"north": {"uv": [0, 0, 9.6, 3.2], "texture": "#2"},
				"east": {"uv": [0, 0, 9.6, 3.2], "texture": "#2"},
				"south": {"uv": [0, 0, 9.6, 3.2], "texture": "#2"},
				"west": {"uv": [0, 0, 9.6, 3.2], "texture": "#2"},
				"up": {"uv": [0, 0, 9.6, 9.6], "texture": "#2"},
				"down": {"uv": [0, 0, 9.6, 9.6], "texture": "#2"}
			}
		},
		{
			"name": "Leaves 5",
			"from": [5.5, 8, 5.5],
			"to": [10.5, 10, 10.5],
			"faces": {
				"north": {"uv": [0, 0, 16, 6.4], "texture": "#2"},
				"east": {"uv": [0, 0, 16, 6.4], "texture": "#2"},
				"south": {"uv": [0, 0, 16, 6.4], "texture": "#2"},
				"west": {"uv": [0, 0, 16, 6.4], "texture": "#2"},
				"up": {"uv": [0, 0, 16, 16], "texture": "#2"},
				"down": {"uv": [0, 0, 16, 16], "texture": "#2"}
			}
		},
		{
			"name": "Vines 1",
			"from": [7.5, 0, 7.4],
			"to": [8.5, 8, 7.5],
			"faces": {
				"north": {"uv": [0, 0, 2, 16], "texture": "#3"}
			}
		},
		{
			"name": "Vines 2",
			"from": [7.5, 0, 8.5],
			"to": [8.5, 8, 8.6],
			"faces": {
				"south": {"uv": [0, 0, 2, 16], "texture": "#3"}
			}
		},
		{
			"name": "Vines 3",
			"from": [7.4, 0, 7.5],
			"to": [7.5, 8, 8.5],
			"faces": {
				"west": {"uv": [0, 0, 2, 16], "texture": "#3"}
			}
		},
		{
			"name": "Vines 4",
			"from": [8.5, 0, 7.5],
			"to": [8.6, 8, 8.5],
			"faces": {
				"east": {"uv": [0, 0, 2, 16], "texture": "#3"}
			}
		},
		{
			"name": "Vines 5",
			"from": [10.5, 4, 5.5],
			"to": [10.6, 10, 6.5],
			"faces": {
				"east": {"uv": [0, 0, 2, 12], "texture": "#3"},
				"west": {"uv": [0, 0, 2, 12], "texture": "#3"}
			}
		},
		{
			"name": "Vines 6",
			"from": [7.5, 3, 10.5],
			"to": [8.5, 10, 10.6],
			"faces": {
				"north": {"uv": [0, 0, 2, 14], "texture": "#3"},
				"south": {"uv": [0, 0, 2, 14], "texture": "#3"}
			}
		},
		{
			"name": "Vines 7",
			"from": [6.5, 5, 10.5],
			"to": [7.5, 10, 10.6],
			"faces": {
				"north": {"uv": [0, 0, 2, 10], "texture": "#3"},
				"south": {"uv": [0, 0, 2, 10], "texture": "#3"}
			}
		},
		{
			"name": "Vines 8",
			"from": [6.5, 11, 8.5],
			"to": [7.5, 12, 8.6],
			"faces": {
				"south": {"uv": [0, 0, 2, 2], "texture": "#3"}
			}
		},
		{
			"name": "Vines 9",
			"from": [9.5, 2, 10.5],
			"to": [10.5, 10, 10.6],
			"faces": {
				"north": {"uv": [0, 0, 2, 16], "texture": "#3"},
				"south": {"uv": [0, 0, 2, 16], "texture": "#3"}
			}
		},
		{
			"name": "Vines 10",
			"from": [10.5, 3, 9.5],
			"to": [10.6, 10, 10.5],
			"faces": {
				"east": {"uv": [0, 0, 2, 14], "texture": "#3"},
				"west": {"uv": [0, 0, 2, 14], "texture": "#3"}
			}
		},
		{
			"name": "Vines 11",
			"from": [10.5, 6, 6.5],
			"to": [10.6, 10, 7.5],
			"faces": {
				"east": {"uv": [0, 0, 2, 8], "texture": "#3"},
				"west": {"uv": [0, 0, 2, 8], "texture": "#3"}
			}
		},
		{
			"name": "Vines 12",
			"from": [5.5, 3, 5.4],
			"to": [6.5, 10, 5.5],
			"faces": {
				"north": {"uv": [0, 0, 2, 14], "texture": "#3"},
				"south": {"uv": [0, 0, 2, 14], "texture": "#3"}
			}
		},
		{
			"name": "Vines 13",
			"from": [5.4, 4, 5.5],
			"to": [5.5, 10, 6.5],
			"faces": {
				"east": {"uv": [0, 0, 2, 12], "texture": "#3"},
				"west": {"uv": [0, 0, 2, 12], "texture": "#3"}
			}
		},
		{
			"name": "Vines 14",
			"from": [7.5, 4, 5.4],
			"to": [8.5, 10, 5.5],
			"faces": {
				"north": {"uv": [0, 0, 2, 12], "texture": "#3"},
				"south": {"uv": [0, 0, 2, 12], "texture": "#3"}
			}
		},
		{
			"name": "Vines 15",
			"from": [8.5, 2, 5.4],
			"to": [9.5, 10, 5.5],
			"faces": {
				"north": {"uv": [0, 0, 2, 16], "texture": "#3"},
				"south": {"uv": [0, 0, 2, 16], "texture": "#3"}
			}
		},
		{
			"name": "Vines 16",
			"from": [5.4, 5, 7.5],
			"to": [5.5, 10, 8.5],
			"faces": {
				"east": {"uv": [0, 0, 2, 10], "texture": "#3"},
				"west": {"uv": [0, 0, 2, 10], "texture": "#3"}
			}
		},
		{
			"name": "Vines 17",
			"from": [5.4, 3, 9.5],
			"to": [5.5, 10, 10.5],
			"faces": {
				"east": {"uv": [0, 0, 2, 14], "texture": "#3"},
				"west": {"uv": [0, 0, 2, 14], "texture": "#3"}
			}
		},
		{
			"name": "Vines 18",
			"from": [6.4, 10, 6.5],
			"to": [6.5, 11, 7.5],
			"faces": {
				"west": {"uv": [0, 0, 2, 2], "texture": "#3"}
			}
		},
		{
			"name": "Vines 19",
			"from": [6.4, 10, 7.5],
			"to": [6.5, 12, 8.5],
			"faces": {
				"west": {"uv": [0, 0, 2, 4], "texture": "#3"}
			}
		},
		{
			"name": "Vines 20",
			"from": [7.5, 10, 9.5],
			"to": [8.5, 12, 9.6],
			"faces": {
				"south": {"uv": [0, 0, 2, 4], "texture": "#3"}
			}
		},
		{
			"name": "Vines 21",
			"from": [8.5, 10, 9.5],
			"to": [9.5, 11, 9.6],
			"faces": {
				"south": {"uv": [0, 0, 2, 2], "texture": "#3"}
			}
		},
		{
			"name": "Vines 22",
			"from": [9.5, 10, 7.5],
			"to": [9.6, 11, 9.5],
			"faces": {
				"east": {"uv": [0, 0, 4, 2], "texture": "#3"}
			}
		},
		{
			"name": "Vines 23",
			"from": [6.5, 10, 6.4],
			"to": [8.5, 11, 6.5],
			"faces": {
				"north": {"uv": [0, 0, 4, 2], "texture": "#3"}
			}
		},
		{
			"name": "Vines 24",
			"from": [8.5, 11, 7.4],
			"to": [9.5, 12, 7.5],
			"faces": {
				"north": {"uv": [0, 0, 2, 2], "texture": "#3"}
			}
		},
		{
			"name": "Vines 25",
			"from": [8.5, 11, 6.5],
			"to": [8.6, 12, 7.5],
			"faces": {
				"east": {"uv": [0, 0, 2, 2], "texture": "#3"}
			}
		},
		{
			"name": "Vines 26",
			"from": [7.4, 11, 8.5],
			"to": [7.5, 12, 9.5],
			"faces": {
				"west": {"uv": [0, 0, 2, 2], "texture": "#3"}
			}
		}
	],
	"display": {
		"thirdperson_righthand": {
			"rotation": [0, 315, 0],
			"translation": [0, 4.1, 1],
			"scale": [0.555, 0.555, 0.555]
		},
		"thirdperson_lefthand": {
			"rotation": [75, 45, 0],
			"translation": [0, 2.5, 0],
			"scale": [0.375, 0.375, 0.375]
		},
		"firstperson_righthand": {
			"rotation": [0, 315, 0],
			"translation": [0, 5.5, 0]
		},
		"firstperson_lefthand": {
			"rotation": [0, 0, 45],
			"translation": [0, 2.5, 0],
			"scale": [0.4, 0.4, 0.4]
		},
		"ground": {
			"translation": [0, 3, 0],
			"scale": [0.75, 0.75, 0.75]
		},
		"gui": {
			"rotation": [0, 55, 0],
			"translation": [0, 3, 0],
			"scale": [1.005, 1.005, 1.005]
		},
		"head": {
			"rotation": [0, 180, 0]
		},
		"fixed": {
			"translation": [0, 0, -2]
		}
	},
	"groups": [0,
		{
			"name": "Leaves",
			"origin": [8, 8, 8],
			"children": [1, 2, 3, 4, 5]
		},
		{
			"name": "Vines",
			"origin": [8, 8, 8],
			"children": [6, 7, 8, 9, 10, 11, 12, 13, 14, 15, 16, 17, 18, 19, 20, 21, 22, 23, 24, 25, 26, 27, 28, 29, 30, 31]
		}
	]
}