{
	"credit": "Made by SyndiShanX",
	"textures": {
		"0": "block/logs",
		"2": "block/leaves/sapling_oak_leaves",
		"particle": "block/leaves/sapling_oak_leaves"
	},
	"elements": [
		{
			"name": "Log 1",
			"from": [7.5, 0, 7.5],
			"to": [8.5, 12, 8.5],
			"faces": {
				"north": {"uv": [0, 0, 1.3333, 16], "texture": "#0"},
				"east": {"uv": [0, 0, 1.3333, 16], "texture": "#0"},
				"south": {"uv": [0, 0, 1.3333, 16], "texture": "#0"},
				"west": {"uv": [0, 0, 1.33333, 16], "texture": "#0"},
				"up": {"uv": [12, 12, 13.3333, 13.3333], "texture": "#0"},
				"down": {"uv": [12, 12, 13.3333, 13.3333], "texture": "#0"}
			}
		},
		{
			"name": "Log 2",
			"from": [7.5, 5, 8.5],
			"to": [8.5, 6, 9.5],
			"faces": {
				"north": {"uv": [12, 12, 13.3333, 13.3333], "texture": "#0"},
				"east": {"uv": [0, 0, 1.3333, 1.3333], "rotation": 90, "texture": "#0"},
				"south": {"uv": [12, 12, 13.3333, 13.3333], "texture": "#0"},
				"west": {"uv": [0, 0, 1.3333, 1.3333], "rotation": 90, "texture": "#0"},
				"up": {"uv": [0, 0, 1.3333, 1.3333], "texture": "#0"},
				"down": {"uv": [0, 0, 1.3333, 1.3333], "texture": "#0"}
			}
		},
		{
			"name": "Log 3",
			"from": [8.5, 4, 9.5],
			"to": [9.5, 5, 11.5],
			"faces": {
				"north": {"uv": [12, 12, 13.3333, 13.3333], "texture": "#0"},
				"east": {"uv": [0, 0, 1.3333, 2.6667], "rotation": 90, "texture": "#0"},
				"south": {"uv": [12, 14.66667, 13.33333, 16], "texture": "#0"},
				"west": {"uv": [0, 0, 1.3333, 2.6667], "rotation": 90, "texture": "#0"},
				"up": {"uv": [0, 0, 1.3333, 2.6667], "texture": "#0"},
				"down": {"uv": [0, 0, 1.3333, 2.6667], "texture": "#0"}
			}
		},
		{
			"name": "Log 4",
			"from": [8.5, 4, 7.5],
			"to": [10.5, 5, 8.5],
			"faces": {
				"north": {"uv": [0, 0, 1.3333, 2.6667], "rotation": 90, "texture": "#0"},
				"east": {"uv": [12, 12, 13.3333, 13.3333], "texture": "#0"},
				"south": {"uv": [0, 0, 1.3333, 2.6667], "rotation": 90, "texture": "#0"},
				"west": {"uv": [12, 12, 13.3333, 13.3333], "texture": "#0"},
				"up": {"uv": [0, 0, 1.3333, 2.6667], "rotation": 90, "texture": "#0"},
				"down": {"uv": [0, 0, 1.3333, 2.6667], "rotation": 90, "texture": "#0"}
			}
		},
		{
			"name": "Log 5",
			"from": [10.5, 5, 8.5],
			"to": [12.5, 6, 9.5],
			"faces": {
				"north": {"uv": [0, 0, 1.3333, 2.6667], "rotation": 90, "texture": "#0"},
				"east": {"uv": [12, 12, 13.3333, 13.3333], "texture": "#0"},
				"south": {"uv": [0, 0, 1.3333, 2.6667], "rotation": 90, "texture": "#0"},
				"west": {"uv": [12, 12, 13.3333, 13.3333], "texture": "#0"},
				"up": {"uv": [0, 0, 1.3333, 2.6667], "rotation": 90, "texture": "#0"},
				"down": {"uv": [0, 0, 1.3333, 2.6667], "rotation": 90, "texture": "#0"}
			}
		},
		{
			"name": "Log 6",
			"from": [5.5, 4, 7.5],
			"to": [7.5, 5, 8.5],
			"faces": {
				"north": {"uv": [0, 0, 1.3333, 2.6667], "rotation": 90, "texture": "#0"},
				"east": {"uv": [12, 12, 13.3333, 13.3333], "texture": "#0"},
				"south": {"uv": [0, 0, 1.3333, 2.6667], "rotation": 90, "texture": "#0"},
				"west": {"uv": [12, 12, 13.3333, 13.3333], "texture": "#0"},
				"up": {"uv": [0, 0, 1.3333, 2.6667], "rotation": 90, "texture": "#0"},
				"down": {"uv": [0, 0, 1.3333, 2.6667], "rotation": 90, "texture": "#0"}
			}
		},
		{
			"name": "Log 7",
			"from": [3.5, 5, 6.5],
			"to": [5.5, 6, 7.5],
			"faces": {
				"north": {"uv": [0, 0, 1.3333, 2.6667], "rotation": 90, "texture": "#0"},
				"east": {"uv": [12, 12, 13.3333, 13.3333], "texture": "#0"},
				"south": {"uv": [0, 0, 1.3333, 2.6667], "rotation": 90, "texture": "#0"},
				"west": {"uv": [12, 12, 13.3333, 13.3333], "texture": "#0"},
				"up": {"uv": [0, 0, 1.3333, 2.6667], "rotation": 90, "texture": "#0"},
				"down": {"uv": [0, 0, 1.3333, 2.6667], "rotation": 90, "texture": "#0"}
			}
		},
		{
			"name": "Log 8",
			"from": [7.5, 5, 6.5],
			"to": [8.5, 6, 7.5],
			"faces": {
				"north": {"uv": [12, 12, 13.3333, 13.3333], "texture": "#0"},
				"east": {"uv": [0, 0, 1.3333, 1.3333], "rotation": 90, "texture": "#0"},
				"south": {"uv": [12, 12, 13.3333, 13.3333], "texture": "#0"},
				"west": {"uv": [0, 0, 1.3333, 1.3333], "rotation": 90, "texture": "#0"},
				"up": {"uv": [0, 0, 1.3333, 1.3333], "texture": "#0"},
				"down": {"uv": [0, 0, 1.3333, 1.3333], "texture": "#0"}
			}
		},
		{
			"name": "Log 9",
			"from": [8.5, 5, 5.5],
			"to": [9.5, 6, 6.5],
			"faces": {
				"north": {"uv": [12, 12, 13.3333, 13.3333], "texture": "#0"},
				"east": {"uv": [0, 0, 1.3333, 1.3333], "rotation": 90, "texture": "#0"},
				"south": {"uv": [12, 12, 13.3333, 13.3333], "texture": "#0"},
				"west": {"uv": [0, 0, 1.3333, 1.3333], "rotation": 90, "texture": "#0"},
				"up": {"uv": [0, 0, 1.3333, 1.3333], "texture": "#0"},
				"down": {"uv": [0, 0, 1.3333, 1.3333], "texture": "#0"}
			}
		},
		{
			"name": "Log 10",
			"from": [8.5, 6, 3.5],
			"to": [9.5, 7, 5.5],
			"faces": {
				"north": {"uv": [12, 12, 13.3333, 13.3333], "texture": "#0"},
				"east": {"uv": [0, 0, 1.3333, 2.6667], "rotation": 90, "texture": "#0"},
				"south": {"uv": [12, 12, 13.3333, 13.3333], "texture": "#0"},
				"west": {"uv": [0, 0, 1.3333, 2.6667], "rotation": 90, "texture": "#0"},
				"up": {"uv": [0, 0, 1.3333, 2.6667], "texture": "#0"},
				"down": {"uv": [0, 0, 1.3333, 2.6667], "texture": "#0"}
			}
		},
		{
			"name": "Log 11",
			"from": [8.5, 7, 7.5],
			"to": [9.5, 8, 8.5],
			"faces": {
				"north": {"uv": [0, 0, 1.3333, 1.3333], "rotation": 90, "texture": "#0"},
				"east": {"uv": [12, 12, 13.3333, 13.3333], "texture": "#0"},
				"south": {"uv": [0, 0, 1.3333, 1.3333], "rotation": 90, "texture": "#0"},
				"west": {"uv": [12, 12, 13.3333, 13.3333], "texture": "#0"},
				"up": {"uv": [0, 0, 1.3333, 1.3333], "rotation": 90, "texture": "#0"},
				"down": {"uv": [0, 0, 1.3333, 1.3333], "rotation": 90, "texture": "#0"}
			}
		},
		{
			"name": "Log 12",
			"from": [7.5, 7, 8.5],
			"to": [8.5, 8, 10.5],
			"faces": {
				"north": {"uv": [12, 12, 13.3333, 13.3333], "texture": "#0"},
				"east": {"uv": [0, 0, 1.3333, 2.6667], "rotation": 90, "texture": "#0"},
				"south": {"uv": [12, 12, 13.3333, 13.3333], "texture": "#0"},
				"west": {"uv": [0, 0, 1.3333, 2.6667], "rotation": 90, "texture": "#0"},
				"up": {"uv": [0, 0, 1.3333, 2.6667], "texture": "#0"},
				"down": {"uv": [0, 0, 1.3333, 2.6667], "texture": "#0"}
			}
		},
		{
			"name": "Log 13",
			"from": [6.5, 6, 10.5],
			"to": [7.5, 7, 12.5],
			"faces": {
				"north": {"uv": [12, 12, 13.3333, 13.3333], "texture": "#0"},
				"east": {"uv": [0, 0, 1.3333, 2.6667], "rotation": 90, "texture": "#0"},
				"south": {"uv": [12, 12, 13.3333, 13.3333], "texture": "#0"},
				"west": {"uv": [0, 0, 1.3333, 2.6667], "rotation": 90, "texture": "#0"},
				"up": {"uv": [0, 0, 1.3333, 2.6667], "texture": "#0"},
				"down": {"uv": [0, 0, 1.3333, 2.6667], "texture": "#0"}
			}
		},
		{
			"name": "Log 14",
			"from": [5.5, 7, 7.5],
			"to": [7.5, 8, 8.5],
			"faces": {
				"north": {"uv": [0, 0, 1.3333, 2.6667], "rotation": 90, "texture": "#0"},
				"east": {"uv": [12, 12, 13.3333, 13.3333], "texture": "#0"},
				"south": {"uv": [0, 0, 1.3333, 2.6667], "rotation": 90, "texture": "#0"},
				"west": {"uv": [12, 12, 13.3333, 13.3333], "texture": "#0"},
				"up": {"uv": [0, 0, 1.3333, 2.6667], "rotation": 90, "texture": "#0"},
				"down": {"uv": [0, 0, 1.3333, 2.6667], "rotation": 90, "texture": "#0"}
			}
		},
		{
			"name": "Log 15",
			"from": [4.5, 8, 7.5],
			"to": [5.5, 9, 8.5],
			"faces": {
				"north": {"uv": [0, 0, 1.3333, 1.3333], "rotation": 90, "texture": "#0"},
				"east": {"uv": [12, 12, 13.3333, 13.3333], "texture": "#0"},
				"south": {"uv": [0, 0, 1.3333, 1.3333], "rotation": 90, "texture": "#0"},
				"west": {"uv": [12, 12, 13.3333, 13.3333], "texture": "#0"},
				"up": {"uv": [0, 0, 1.3333, 1.3333], "rotation": 90, "texture": "#0"},
				"down": {"uv": [0, 0, 1.3333, 1.3333], "rotation": 90, "texture": "#0"}
			}
		},
		{
			"name": "Log 16",
			"from": [9.5, 8, 6.5],
			"to": [11.5, 9, 7.5],
			"faces": {
				"north": {"uv": [0, 0, 1.3333, 2.6667], "rotation": 90, "texture": "#0"},
				"east": {"uv": [12, 12, 13.3333, 13.3333], "texture": "#0"},
				"south": {"uv": [0, 0, 1.3333, 2.6667], "rotation": 90, "texture": "#0"},
				"west": {"uv": [12, 12, 13.3333, 13.3333], "texture": "#0"},
				"up": {"uv": [0, 0, 1.3333, 2.6667], "rotation": 90, "texture": "#0"},
				"down": {"uv": [0, 0, 1.3333, 2.6667], "rotation": 90, "texture": "#0"}
			}
		},
		{
			"name": "Log 17",
			"from": [7.5, 9, 5.5],
			"to": [8.5, 10, 7.5],
			"faces": {
				"north": {"uv": [12, 12, 13.3333, 13.3333], "texture": "#0"},
				"east": {"uv": [0, 0, 1.3333, 2.6667], "rotation": 90, "texture": "#0"},
				"south": {"uv": [12, 12, 13.3333, 13.3333], "texture": "#0"},
				"west": {"uv": [0, 0, 1.3333, 2.6667], "rotation": 90, "texture": "#0"},
				"up": {"uv": [0, 0, 1.3333, 2.6667], "texture": "#0"},
				"down": {"uv": [0, 0, 1.3333, 2.6667], "texture": "#0"}
			}
		},
		{
			"name": "Log 18",
			"from": [8.5, 8, 4.5],
			"to": [9.5, 9, 5.5],
			"faces": {
				"north": {"uv": [12, 12, 13.3333, 13.3333], "texture": "#0"},
				"east": {"uv": [0, 0, 1.3333, 1.3333], "rotation": 90, "texture": "#0"},
				"south": {"uv": [12, 12, 13.3333, 13.3333], "texture": "#0"},
				"west": {"uv": [0, 0, 1.3333, 1.3333], "rotation": 90, "texture": "#0"},
				"up": {"uv": [0, 0, 1.3333, 1.3333], "texture": "#0"},
				"down": {"uv": [0, 0, 1.3333, 1.3333], "texture": "#0"}
			}
		},
		{
			"name": "Log 19",
			"from": [7.5, 10, 8.5],
			"to": [8.5, 11, 10.5],
			"faces": {
				"north": {"uv": [12, 12, 13.3333, 13.3333], "texture": "#0"},
				"east": {"uv": [0, 0, 1.3333, 2.6667], "rotation": 90, "texture": "#0"},
				"south": {"uv": [12, 12, 13.3333, 13.3333], "texture": "#0"},
				"west": {"uv": [0, 0, 1.3333, 2.6667], "rotation": 90, "texture": "#0"},
				"up": {"uv": [0, 0, 1.3333, 2.6667], "texture": "#0"},
				"down": {"uv": [0, 0, 1.3333, 2.6667], "texture": "#0"}
			}
		},
		{
			"name": "Log 20",
			"from": [7.5, 9, 10.5],
			"to": [8.5, 10, 11.5],
			"faces": {
				"north": {"uv": [12, 12, 13.3333, 13.3333], "texture": "#0"},
				"east": {"uv": [0, 0, 1.3333, 1.3333], "rotation": 90, "texture": "#0"},
				"south": {"uv": [12, 12, 13.3333, 13.3333], "texture": "#0"},
				"west": {"uv": [0, 0, 1.3333, 1.3333], "rotation": 90, "texture": "#0"},
				"up": {"uv": [0, 0, 1.3333, 1.3333], "texture": "#0"},
				"down": {"uv": [0, 0, 1.3333, 1.3333], "texture": "#0"}
			}
		},
		{
			"name": "Leaves 1",
			"from": [2.5, 4, 5.5],
			"to": [6.5, 7, 8.5],
			"faces": {
				"north": {"uv": [0, 0, 10.65, 8], "texture": "#2"},
				"east": {"uv": [0, 0, 8, 8], "texture": "#2"},
				"south": {"uv": [0, 0, 10.65, 8], "texture": "#2"},
				"west": {"uv": [0, 0, 8, 8], "texture": "#2"},
				"up": {"uv": [0, 0, 10.65, 8], "texture": "#2"},
				"down": {"uv": [0, 0, 10.65, 8], "texture": "#2"}
			}
		},
		{
			"name": "Leaves 2",
			"from": [4.5, 3, 6.5],
			"to": [7.5, 6, 9.5],
			"faces": {
				"north": {"uv": [0, 0, 8, 8], "texture": "#2"},
				"east": {"uv": [0, 0, 8, 8], "texture": "#2"},
				"south": {"uv": [0, 0, 8, 8], "texture": "#2"},
				"west": {"uv": [0, 0, 8, 8], "texture": "#2"},
				"up": {"uv": [0, 0, 8, 8], "texture": "#2"},
				"down": {"uv": [0, 0, 8, 8], "texture": "#2"}
			}
		},
		{
			"name": "Leaves 3",
			"from": [5.5, 3.001, 8.5],
			"to": [9.499, 7, 11.499],
			"faces": {
				"north": {"uv": [0, 0, 10.65, 10.65], "texture": "#2"},
				"east": {"uv": [0, 0, 8, 10.65], "texture": "#2"},
				"south": {"uv": [0, 0, 10.65, 10.65], "texture": "#2"},
				"west": {"uv": [0, 0, 8, 10.65], "texture": "#2"},
				"up": {"uv": [0, 0, 10.65, 8], "texture": "#2"},
				"down": {"uv": [0, 0, 10.65, 8], "texture": "#2"}
			}
		},
		{
			"name": "Leaves 4",
			"from": [7.5, 3, 8.5],
			"to": [10.5, 6, 12.5],
			"faces": {
				"north": {"uv": [0, 0, 8, 8], "texture": "#2"},
				"east": {"uv": [0, 0, 10.65, 8], "texture": "#2"},
				"south": {"uv": [0, 0, 8, 8], "texture": "#2"},
				"west": {"uv": [0, 0, 10.65, 8], "texture": "#2"},
				"up": {"uv": [0, 0, 8, 10.65], "texture": "#2"},
				"down": {"uv": [0, 0, 8, 10.65], "texture": "#2"}
			}
		},
		{
			"name": "Leaves 5",
			"from": [5.5, 5, 9.5],
			"to": [8.5, 8, 13.5],
			"faces": {
				"north": {"uv": [0, 0, 8, 8], "texture": "#2"},
				"east": {"uv": [0, 0, 10.65, 8], "texture": "#2"},
				"south": {"uv": [0, 0, 8, 8], "texture": "#2"},
				"west": {"uv": [0, 0, 10.65, 8], "texture": "#2"},
				"up": {"uv": [0, 0, 8, 10.65], "texture": "#2"},
				"down": {"uv": [0, 0, 8, 10.65], "texture": "#2"}
			}
		},
		{
			"name": "Leaves 6",
			"from": [6.5, 6, 8.5],
			"to": [10.5, 9, 11.5],
			"faces": {
				"north": {"uv": [0, 0, 4, 8], "texture": "#2"},
				"east": {"uv": [0, 0, 8, 8], "texture": "#2"},
				"south": {"uv": [0, 0, 10.65, 8], "texture": "#2"},
				"west": {"uv": [0, 0, 8, 8], "texture": "#2"},
				"up": {"uv": [0, 0, 10.65, 8], "texture": "#2"},
				"down": {"uv": [0, 0, 10.65, 8], "texture": "#2"}
			}
		},
		{
			"name": "Leaves 7",
			"from": [6.5, 8, 9.5],
			"to": [9.5, 11, 12.5],
			"faces": {
				"north": {"uv": [0, 0, 8, 8], "texture": "#2"},
				"east": {"uv": [0, 0, 8, 8], "texture": "#2"},
				"south": {"uv": [0, 0, 8, 8], "texture": "#2"},
				"west": {"uv": [0, 0, 8, 8], "texture": "#2"},
				"up": {"uv": [0, 0, 8, 8], "texture": "#2"},
				"down": {"uv": [0, 0, 8, 8], "texture": "#2"}
			}
		},
		{
			"name": "Leaves 8",
			"from": [6.5, 9, 5.5001],
			"to": [9.5, 11.99, 11.4991],
			"faces": {
				"north": {"uv": [0, 0, 8, 8], "texture": "#2"},
				"east": {"uv": [0, 0, 16, 8], "texture": "#2"},
				"south": {"uv": [0, 0, 8, 8], "texture": "#2"},
				"west": {"uv": [0, 0, 16, 8], "texture": "#2"},
				"up": {"uv": [0, 0, 8, 16], "texture": "#2"},
				"down": {"uv": [0, 0, 8, 16], "texture": "#2"}
			}
		},
		{
			"name": "Leaves 9",
			"from": [6.5, 8, 4.5001],
			"to": [9.5, 11, 7.4991],
			"faces": {
				"north": {"uv": [0, 0, 8, 8], "texture": "#2"},
				"east": {"uv": [0, 0, 8, 8], "texture": "#2"},
				"south": {"uv": [0, 0, 8, 8], "texture": "#2"},
				"west": {"uv": [0, 0, 8, 8], "texture": "#2"},
				"up": {"uv": [0, 0, 8, 8], "texture": "#2"},
				"down": {"uv": [0, 0, 8, 8], "texture": "#2"}
			}
		},
		{
			"name": "Leaves 10",
			"from": [7.5, 7, 3.5],
			"to": [10.5, 10, 6.5],
			"faces": {
				"north": {"uv": [0, 0, 8, 8], "texture": "#2"},
				"east": {"uv": [0, 0, 8, 8], "texture": "#2"},
				"south": {"uv": [0, 0, 8, 8], "texture": "#2"},
				"west": {"uv": [0, 0, 8, 8], "texture": "#2"},
				"up": {"uv": [0, 0, 8, 8], "texture": "#2"},
				"down": {"uv": [0, 0, 8, 8], "texture": "#2"}
			}
		},
		{
			"name": "Leaves 11",
			"from": [3.5, 7, 6.5],
			"to": [6.5, 10, 9.5],
			"faces": {
				"north": {"uv": [0, 0, 8, 8], "texture": "#2"},
				"east": {"uv": [0, 0, 8, 8], "texture": "#2"},
				"south": {"uv": [0, 0, 8, 8], "texture": "#2"},
				"west": {"uv": [0, 0, 8, 8], "texture": "#2"},
				"up": {"uv": [0, 0, 8, 8], "texture": "#2"},
				"down": {"uv": [0, 0, 8, 8], "texture": "#2"}
			}
		},
		{
			"name": "Leaves 12",
			"from": [4.5001, 6, 6.5001],
			"to": [7.4901, 8.99, 9.4901],
			"faces": {
				"north": {"uv": [0, 0, 8, 8], "texture": "#2"},
				"east": {"uv": [0, 0, 8, 8], "texture": "#2"},
				"south": {"uv": [0, 0, 8, 8], "texture": "#2"},
				"west": {"uv": [0, 0, 8, 8], "texture": "#2"},
				"up": {"uv": [0, 0, 8, 8], "texture": "#2"},
				"down": {"uv": [0, 0, 8, 8], "texture": "#2"}
			}
		},
		{
			"name": "Leaves 13",
			"from": [7.5, 5, 2.5],
			"to": [10.5, 8, 6.5],
			"faces": {
				"north": {"uv": [0, 0, 8, 8], "texture": "#2"},
				"east": {"uv": [0, 0, 10.65, 8], "texture": "#2"},
				"south": {"uv": [0, 0, 8, 8], "texture": "#2"},
				"west": {"uv": [0, 0, 10.65, 8], "texture": "#2"},
				"up": {"uv": [0, 0, 8, 10.65], "texture": "#2"},
				"down": {"uv": [0, 0, 8, 10.65], "texture": "#2"}
			}
		},
		{
			"name": "Leaves 14",
			"from": [7.5, 4, 4.5],
			"to": [10.5, 7, 7.5],
			"faces": {
				"north": {"uv": [0, 0, 8, 8], "texture": "#2"},
				"east": {"uv": [0, 0, 8, 8], "texture": "#2"},
				"south": {"uv": [0, 0, 8, 8], "texture": "#2"},
				"west": {"uv": [0, 0, 8, 8], "texture": "#2"},
				"up": {"uv": [0, 0, 8, 8], "texture": "#2"},
				"down": {"uv": [0, 0, 8, 8], "texture": "#2"}
			}
		},
		{
			"name": "Leaves 15",
			"from": [6.5, 4, 5.5001],
			"to": [9.49, 7, 7.4991],
			"faces": {
				"north": {"uv": [0, 0, 8, 8], "texture": "#2"},
				"east": {"uv": [0, 0, 5.335, 8], "texture": "#2"},
				"south": {"uv": [0, 0, 8, 8], "texture": "#2"},
				"west": {"uv": [0, 0, 5.335, 8], "texture": "#2"},
				"up": {"uv": [0, 0, 8, 5.335], "texture": "#2"},
				"down": {"uv": [0, 0, 8, 5.335], "texture": "#2"}
			}
		},
		{
			"name": "Leaves 16",
			"from": [7.5, 3, 6.5],
			"to": [11.5, 7, 9.5],
			"faces": {
				"north": {"uv": [0, 0, 10.65, 10.65], "texture": "#2"},
				"east": {"uv": [0, 0, 8, 10.65], "texture": "#2"},
				"south": {"uv": [0, 0, 10.65, 10.65], "texture": "#2"},
				"west": {"uv": [0, 0, 8, 10.65], "texture": "#2"},
				"up": {"uv": [0, 0, 10.65, 8], "texture": "#2"},
				"down": {"uv": [0, 0, 10.65, 8], "texture": "#2"}
			}
		},
		{
			"name": "Leaves 17",
			"from": [9.5, 4, 7.5001],
			"to": [13.5, 7, 10.4991],
			"faces": {
				"north": {"uv": [0, 0, 10.65, 8], "texture": "#2"},
				"east": {"uv": [0, 0, 8, 8], "texture": "#2"},
				"south": {"uv": [0, 0, 10.65, 8], "texture": "#2"},
				"west": {"uv": [0, 0, 8, 8], "texture": "#2"},
				"up": {"uv": [0, 0, 10.65, 8], "texture": "#2"},
				"down": {"uv": [0, 0, 10.65, 8], "texture": "#2"}
			}
		},
		{
			"name": "Leaves 18",
			"from": [8.5, 7, 5.5],
			"to": [12.5, 10, 8.5],
			"faces": {
				"north": {"uv": [0, 0, 10.65, 8], "texture": "#2"},
				"east": {"uv": [0, 0, 8, 8], "texture": "#2"},
				"south": {"uv": [0, 0, 10.65, 8], "texture": "#2"},
				"west": {"uv": [0, 0, 8, 8], "texture": "#2"},
				"up": {"uv": [0, 0, 10.65, 8], "texture": "#2"},
				"down": {"uv": [0, 0, 10.65, 8], "texture": "#2"}
			}
		},
		{
			"name": "Leaves 19",
			"from": [8.5, 6, 6.5],
			"to": [10.5, 11, 9.5],
			"faces": {
				"north": {"uv": [0, 0, 5.335, 13.335], "texture": "#2"},
				"east": {"uv": [0, 0, 8, 13.335], "texture": "#2"},
				"south": {"uv": [0, 0, 5.335, 13.335], "texture": "#2"},
				"west": {"uv": [0, 0, 8, 13.335], "texture": "#2"},
				"up": {"uv": [0, 0, 5.335, 8], "texture": "#2"},
				"down": {"uv": [0, 0, 5.335, 8], "texture": "#2"}
			}
		},
		{
			"name": "Leaves 20",
			"from": [6.5, 10, 6.5],
			"to": [9.5, 13, 9.5],
			"faces": {
				"north": {"uv": [0, 0, 8, 8], "texture": "#2"},
				"east": {"uv": [0, 0, 8, 8], "texture": "#2"},
				"south": {"uv": [0, 0, 8, 8], "texture": "#2"},
				"west": {"uv": [0, 0, 8, 8], "texture": "#2"},
				"up": {"uv": [0, 0, 8, 8], "texture": "#2"},
				"down": {"uv": [0, 0, 8, 8], "texture": "#2"}
			}
		},
		{
			"name": "Leaves 21",
			"from": [6.5, 6, 4.5],
			"to": [7.5, 8, 5.5],
			"faces": {
				"north": {"uv": [0, 0, 2.6667, 5.335], "texture": "#2"},
				"east": {"uv": [0, 0, 2.6667, 5.335], "texture": "#2"},
				"south": {"uv": [0, 0, 2.6667, 5.335], "texture": "#2"},
				"west": {"uv": [0, 0, 2.6667, 5.335], "texture": "#2"},
				"up": {"uv": [0, 0, 2.6667, 2.6667], "texture": "#2"},
				"down": {"uv": [0, 0, 2.6667, 2.6667], "texture": "#2"}
			}
		},
		{
			"name": "Leaves 22",
			"from": [5.5, 10, 9.5],
			"to": [6.5, 11, 10.5],
			"faces": {
				"north": {"uv": [0, 0, 2.6667, 2.6667], "texture": "#2"},
				"east": {"uv": [0, 0, 2.6667, 2.6667], "texture": "#2"},
				"south": {"uv": [0, 0, 2.6667, 2.6667], "texture": "#2"},
				"west": {"uv": [0, 0, 2.6667, 2.6667], "texture": "#2"},
				"up": {"uv": [0, 0, 2.6667, 2.6667], "texture": "#2"},
				"down": {"uv": [0, 0, 2.6667, 2.6667], "texture": "#2"}
			}
		},
		{
			"name": "Leaves 23",
			"from": [3.5, 5, 8.5],
			"to": [5.5, 7, 10.5],
			"faces": {
				"north": {"uv": [0, 0, 5.335, 5.335], "texture": "#2"},
				"east": {"uv": [0, 0, 5.335, 5.335], "texture": "#2"},
				"south": {"uv": [0, 0, 5.335, 5.335], "texture": "#2"},
				"west": {"uv": [0, 0, 5.335, 5.335], "texture": "#2"},
				"up": {"uv": [0, 0, 5.335, 5.335], "texture": "#2"},
				"down": {"uv": [0, 0, 5.335, 5.335], "texture": "#2"}
			}
		},
		{
			"name": "Leaves 24",
			"from": [4.5, 7, 9.5],
			"to": [6.5, 10, 11.5],
			"faces": {
				"north": {"uv": [0, 0, 5.335, 8], "texture": "#2"},
				"east": {"uv": [0, 0, 5.335, 8], "texture": "#2"},
				"south": {"uv": [0, 0, 5.335, 8], "texture": "#2"},
				"west": {"uv": [0, 0, 5.335, 8], "texture": "#2"},
				"up": {"uv": [0, 0, 5.335, 5.335], "texture": "#2"},
				"down": {"uv": [0, 0, 5.335, 5.335], "texture": "#2"}
			}
		},
		{
			"name": "Leaves 25",
			"from": [9.5, 7, 8.5],
			"to": [11.5, 10, 10.5],
			"faces": {
				"north": {"uv": [0, 0, 5.335, 8], "texture": "#2"},
				"east": {"uv": [0, 0, 5.335, 8], "texture": "#2"},
				"south": {"uv": [0, 0, 5.335, 8], "texture": "#2"},
				"west": {"uv": [0, 0, 5.335, 8], "texture": "#2"},
				"up": {"uv": [0, 0, 5.335, 5.335], "texture": "#2"},
				"down": {"uv": [0, 0, 5.335, 5.335], "texture": "#2"}
			}
		},
		{
			"name": "Leaves 26",
			"from": [10.5, 5, 4.5],
			"to": [11.5, 9, 6.5],
			"faces": {
				"north": {"uv": [0, 0, 2.6667, 10.65], "texture": "#2"},
				"east": {"uv": [0, 0, 5.335, 10.65], "texture": "#2"},
				"south": {"uv": [0, 0, 2.6667, 10.65], "texture": "#2"},
				"west": {"uv": [0, 0, 5.335, 10.65], "texture": "#2"},
				"up": {"uv": [0, 0, 2.6667, 5.335], "texture": "#2"},
				"down": {"uv": [0, 0, 2.6667, 5.335], "texture": "#2"}
			}
		},
		{
			"name": "Leaves 27",
			"from": [11.5, 5, 6.5],
			"to": [12.5, 7, 7.5],
			"faces": {
				"north": {"uv": [0, 0, 2.6667, 5.335], "texture": "#2"},
				"east": {"uv": [0, 0, 2.6667, 5.335], "texture": "#2"},
				"south": {"uv": [0, 0, 2.6667, 5.335], "texture": "#2"},
				"west": {"uv": [0, 0, 2.6667, 5.335], "texture": "#2"},
				"up": {"uv": [0, 0, 2.6667, 2.6667], "texture": "#2"},
				"down": {"uv": [0, 0, 2.6667, 2.6667], "texture": "#2"}
			}
		},
		{
			"name": "Leaves 28",
			"from": [4.5, 10, 6.5],
			"to": [6.5, 11, 9.5],
			"faces": {
				"north": {"uv": [0, 0, 5.335, 2.6667], "texture": "#2"},
				"east": {"uv": [0, 0, 8, 2.6667], "texture": "#2"},
				"south": {"uv": [0, 0, 5.335, 2.6667], "texture": "#2"},
				"west": {"uv": [0, 0, 8, 2.6667], "texture": "#2"},
				"up": {"uv": [0, 0, 5.335, 8], "texture": "#2"},
				"down": {"uv": [0, 0, 5.335, 8], "texture": "#2"}
			}
		},
		{
			"name": "Leaves 29",
			"from": [5.5, 11, 6.5],
			"to": [6.5, 12, 9.5],
			"faces": {
				"north": {"uv": [0, 0, 2.6667, 2.6667], "texture": "#2"},
				"east": {"uv": [0, 0, 8, 2.6667], "texture": "#2"},
				"south": {"uv": [0, 0, 2.6667, 2.6667], "texture": "#2"},
				"west": {"uv": [0, 0, 8, 2.6667], "texture": "#2"},
				"up": {"uv": [0, 0, 2.6667, 8], "texture": "#2"},
				"down": {"uv": [0, 0, 2.6667, 8], "texture": "#2"}
			}
		},
		{
			"name": "Leaves 30",
			"from": [5.5, 7, 5.5],
			"to": [6.5, 10, 6.5],
			"faces": {
				"north": {"uv": [0, 0, 2.6667, 8], "texture": "#2"},
				"east": {"uv": [0, 0, 2.6667, 8], "texture": "#2"},
				"south": {"uv": [0, 0, 2.6667, 8], "texture": "#2"},
				"west": {"uv": [0, 0, 2.6667, 8], "texture": "#2"},
				"up": {"uv": [0, 0, 2.6667, 2.6667], "texture": "#2"},
				"down": {"uv": [0, 0, 2.6667, 2.6667], "texture": "#2"}
			}
		},
		{
			"name": "Leaves 31",
			"from": [9.5, 10, 5.5],
			"to": [11.5, 11, 8.5],
			"faces": {
				"north": {"uv": [0, 0, 5.335, 2.6667], "texture": "#2"},
				"east": {"uv": [0, 0, 8, 2.6667], "texture": "#2"},
				"south": {"uv": [0, 0, 5.335, 2.6667], "texture": "#2"},
				"west": {"uv": [0, 0, 8, 2.6667], "texture": "#2"},
				"up": {"uv": [0, 0, 5.335, 8], "texture": "#2"},
				"down": {"uv": [0, 0, 5.335, 8], "texture": "#2"}
			}
		},
		{
			"name": "Leaves 32",
			"from": [9.5, 11, 5.5],
			"to": [10.5, 12, 8.5],
			"faces": {
				"north": {"uv": [0, 0, 2.6667, 2.6667], "texture": "#2"},
				"east": {"uv": [0, 0, 8, 2.6667], "texture": "#2"},
				"south": {"uv": [0, 0, 2.6667, 2.6667], "texture": "#2"},
				"west": {"uv": [0, 0, 8, 2.6667], "texture": "#2"},
				"up": {"uv": [0, 0, 2.6667, 8], "texture": "#2"},
				"down": {"uv": [0, 0, 2.6667, 8], "texture": "#2"}
			}
		},
		{
			"name": "Leaves 33",
			"from": [6.5, 3, 5.5],
			"to": [9.5, 4, 6.5],
			"faces": {
				"north": {"uv": [0, 0, 8, 2.6667], "texture": "#2"},
				"east": {"uv": [0, 0, 2.6667, 2.6667], "texture": "#2"},
				"south": {"uv": [0, 0, 8, 2.6667], "texture": "#2"},
				"west": {"uv": [0, 0, 2.6667, 2.6667], "texture": "#2"},
				"up": {"uv": [0, 0, 8, 2.6667], "texture": "#2"},
				"down": {"uv": [0, 0, 8, 2.6667], "texture": "#2"}
			}
		},
		{
			"name": "Leaves 34",
			"from": [6.5, 13, 7.5],
			"to": [9.5, 14, 8.5],
			"faces": {
				"north": {"uv": [0, 0, 8, 2.6667], "texture": "#2"},
				"east": {"uv": [0, 0, 2.6667, 2.6667], "texture": "#2"},
				"south": {"uv": [0, 0, 8, 2.6667], "texture": "#2"},
				"west": {"uv": [0, 0, 2.6667, 2.6667], "texture": "#2"},
				"up": {"uv": [0, 0, 8, 2.6667], "texture": "#2"},
				"down": {"uv": [0, 0, 8, 2.6667], "texture": "#2"}
			}
		},
		{
			"name": "Leaves 35",
			"from": [7.5, 13, 6.5],
			"to": [8.5, 14, 9.5],
			"faces": {
				"north": {"uv": [0, 0, 2.6667, 2.6667], "texture": "#2"},
				"east": {"uv": [0, 0, 8, 2.6667], "texture": "#2"},
				"south": {"uv": [0, 0, 2.6667, 2.6667], "texture": "#2"},
				"west": {"uv": [0, 0, 8, 2.6667], "texture": "#2"},
				"up": {"uv": [0, 0, 2.6667, 8], "texture": "#2"},
				"down": {"uv": [0, 0, 2.6667, 8], "texture": "#2"}
			}
		},
		{
			"name": "Leaves 36",
			"from": [8.5, 6, 11.5],
			"to": [9.5, 8, 12.5],
			"faces": {
				"north": {"uv": [0, 0, 2.6667, 5.335], "texture": "#2"},
				"east": {"uv": [0, 0, 2.6667, 5.335], "texture": "#2"},
				"south": {"uv": [0, 0, 2.6667, 5.335], "texture": "#2"},
				"west": {"uv": [0, 0, 2.6667, 5.335], "texture": "#2"},
				"up": {"uv": [0, 0, 2.6667, 2.6667], "texture": "#2"},
				"down": {"uv": [0, 0, 2.6667, 2.6667], "texture": "#2"}
			}
		},
		{
			"name": "Leaves 37",
			"from": [10.5, 5, 10.5],
			"to": [11.5, 8, 11.5],
			"faces": {
				"north": {"uv": [0, 0, 2.6667, 8], "texture": "#2"},
				"east": {"uv": [0, 0, 2.6667, 8], "texture": "#2"},
				"south": {"uv": [0, 0, 2.6667, 8], "texture": "#2"},
				"west": {"uv": [0, 0, 2.6667, 8], "texture": "#2"},
				"up": {"uv": [0, 0, 2.6667, 2.6667], "texture": "#2"},
				"down": {"uv": [0, 0, 2.6667, 2.6667], "texture": "#2"}
			}
		},
		{
			"name": "Leaves 38",
			"from": [11.5, 7, 8.5],
			"to": [12.5, 9, 9.5],
			"faces": {
				"north": {"uv": [0, 0, 2.6667, 5.335], "texture": "#2"},
				"east": {"uv": [0, 0, 2.6667, 5.335], "texture": "#2"},
				"south": {"uv": [0, 0, 2.6667, 5.335], "texture": "#2"},
				"west": {"uv": [0, 0, 2.6667, 5.335], "texture": "#2"},
				"up": {"uv": [0, 0, 2.6667, 2.6667], "texture": "#2"},
				"down": {"uv": [0, 0, 2.6667, 2.6667], "texture": "#2"}
			}
		}
	],
	"display": {
		"thirdperson_righthand": {
			"rotation": [0, 315, 0],
			"translation": [0, 4.1, 1],
			"scale": [0.555, 0.555, 0.555]
		},
		"thirdperson_lefthand": {
			"rotation": [75, 45, 0],
			"translation": [0, 2.5, 0],
			"scale": [0.375, 0.375, 0.375]
		},
		"firstperson_righthand": {
			"rotation": [0, 315, 0],
			"translation": [0, 5.5, 0]
		},
		"firstperson_lefthand": {
			"rotation": [0, 0, 45],
			"translation": [0, 2.5, 0],
			"scale": [0.4, 0.4, 0.4]
		},
		"ground": {
			"translation": [0, 3, 0],
			"scale": [0.75, 0.75, 0.75]
		},
		"gui": {
			"rotation": [0, 55, 0],
			"translation": [0, 3, 0],
			"scale": [1.005, 1.005, 1.005]
		},
		"head": {
			"rotation": [0, 180, 0]
		},
		"fixed": {
			"translation": [0, 0, -2]
		}
	},
	"groups": [
		{
			"name": "Logs",
			"origin": [8, 8, 8],
			"children": [0, 1, 2, 3, 4, 5, 6, 7, 8, 9, 10, 11, 12, 13, 14, 15, 16, 17, 18, 19]
		},
		{
			"name": "Leaves",
			"origin": [8, 8, 8],
			"children": [20, 21, 22, 23, 24, 25, 26, 27, 28, 29, 30, 31, 32, 33, 34, 35, 36, 37, 38, 39, 40, 41, 42, 43, 44, 45, 46, 47, 48, 49, 50, 51, 52, 53, 54, 55, 56, 57]
		}
	]
}