{
	"credit": "Made by SyndiShanX",
	"ambientocclusion": false,
	"textures": {
		"particle": "block/doors/pale_oak_door_top",
		"top": "block/doors/pale_oak_door_top",
		"sides": "block/doors/pale_oak_door_sides"
	},
	"elements": [
		{
			"name": "Door Top",
			"from": [0, 0, -1],
			"to": [3, 16, 15],
			"rotation": {"angle": 0, "axis": "y", "origin": [-1, 0, -1]},
			"faces": {
				"north": {"uv": [6, 0, 9, 16], "texture": "#sides"},
				"east": {"uv": [0, 0, 16, 16], "texture": "#top"},
				"south": {"uv": [6, 0, 9, 16], "texture": "#sides"},
				"west": {"uv": [16, 0, 0, 16], "texture": "#top"},
				"up": {"uv": [0, 0, 3, 16], "rotation": 180, "texture": "#sides"}
			}
		},
		{
			"name": "Door Top",
			"from": [0, 6.5, 10.5],
			"to": [3, 9.5, 3],
			"rotation": {"angle": 0, "axis": "y", "origin": [-1, 0, 6.5]},
			"faces": {
				"north": {"uv": [12, 9.5, 15, 12.5], "texture": "#sides"},
				"south": {"uv": [12, 9.5, 15, 12.5], "texture": "#sides"},
				"up": {"uv": [12, 5, 15, 12.5], "rotation": 180, "texture": "#sides"},
				"down": {"uv": [12, 5, 15, 12.5], "texture": "#sides"}
			}
		}
	],
	"groups": [
		{
			"name": "Top",
			"origin": [8, 8, 8],
			"color": 0,
			"children": [0, 1]
		}
	]
}