{
	"credit": "Made by SyndiShanX",
	"parent": "block/stairs/stone/snow_polished_granite_stairs_straight",
	"display": {
		"thirdperson_righthand": {
			"rotation": [75, -135, 0],
			"translation": [0, 3, 2.5],
			"scale": [0.375, 0.375, 0.375]
		},
		"thirdperson_lefthand": {
			"rotation": [75, 45, 0],
			"translation": [0, 3, 2.5],
			"scale": [0.375, 0.375, 0.375]
		},
		"firstperson_righthand": {
			"rotation": [0, -135, 0],
			"scale": [0.475, 0.475, 0.475]
		},
		"firstperson_lefthand": {
			"rotation": [0, 45, 0],
			"scale": [0.475, 0.475, 0.475]
		},
		"ground": {
			"translation": [0, -1, 0],
			"scale": [0.375, 0.375, 0.375]
		},
		"gui": {
			"rotation": [30, -45, 0],
			"scale": [0.625, 0.625, 0.625]
		},
		"head": {
			"rotation": [0, 90, 0],
			"translation": [0, 12.75, 0],
			"scale": [0.8, 0.8, 0.8]
		},
		"fixed": {
			"rotation": [0, 180, 0],
			"scale": [0.75, 0.75, 0.75]
		}
	}
}