{
    "variants": {
        "": [
	{ "model": "block/plants/oxeye_daisy/0" },
	{ "model": "block/plants/oxeye_daisy/0", "y": 90 },
	{ "model": "block/plants/oxeye_daisy/0", "y": 180 },
	{ "model": "block/plants/oxeye_daisy/0", "y": 270 },
	{ "model": "block/plants/oxeye_daisy/1" },
	{ "model": "block/plants/oxeye_daisy/1", "y": 90 },
	{ "model": "block/plants/oxeye_daisy/1", "y": 180 },
	{ "model": "block/plants/oxeye_daisy/1", "y": 270 },
	{ "model": "block/plants/oxeye_daisy/2" },
	{ "model": "block/plants/oxeye_daisy/2", "y": 90 },
	{ "model": "block/plants/oxeye_daisy/2", "y": 180 },
	{ "model": "block/plants/oxeye_daisy/2", "y": 270 },
	{ "model": "block/plants/oxeye_daisy/3" },
	{ "model": "block/plants/oxeye_daisy/3", "y": 90 },
	{ "model": "block/plants/oxeye_daisy/3", "y": 180 },
	{ "model": "block/plants/oxeye_daisy/3", "y": 270 },
	{ "model": "block/plants/oxeye_daisy/4" },
	{ "model": "block/plants/oxeye_daisy/4", "y": 90 },
	{ "model": "block/plants/oxeye_daisy/4", "y": 180 },
	{ "model": "block/plants/oxeye_daisy/4", "y": 270 },
	{ "model": "block/plants/oxeye_daisy/5" },
	{ "model": "block/plants/oxeye_daisy/5", "y": 90 },
	{ "model": "block/plants/oxeye_daisy/5", "y": 180 },
	{ "model": "block/plants/oxeye_daisy/5", "y": 270 }
	]
    }
}

