{
	"credit": "Made by SyndiShanX",
	"ambientocclusion": false,
	"textures": {
		"particle": "block/doors/weathered_copper_door_top",
		"top": "block/doors/weathered_copper_door_top",
		"sides": "block/doors/weathered_copper_door_sides"
	},
	"elements": [
		{
			"name": "Door Top Frame",
			"from": [1, 0, 0],
			"to": [4, 2, 16],
			"faces": {
				"north": {"uv": [6, 14, 9, 16], "texture": "#sides"},
				"east": {"uv": [0, 14, 16, 16], "texture": "#top"},
				"south": {"uv": [6, 14, 9, 16], "texture": "#sides"},
				"west": {"uv": [0, 14, 16, 16], "texture": "#top"},
				"up": {"uv": [9, 0, 12, 16], "rotation": 180, "texture": "#sides"}
			}
		},
		{
			"name": "Door Top Frame",
			"from": [1, 2, 0],
			"to": [4, 14, 2],
			"faces": {
				"north": {"uv": [6, 2, 9, 14], "texture": "#sides"},
				"east": {"uv": [14, 2, 16, 14], "texture": "#top"},
				"south": {"uv": [9, 2, 12, 14], "texture": "#sides"},
				"west": {"uv": [16, 2, 14, 14], "texture": "#top"}
			}
		},
		{
			"name": "Door Top Frame",
			"from": [1, 2, 14],
			"to": [4, 14, 16],
			"faces": {
				"north": {"uv": [9, 2, 12, 14], "texture": "#sides"},
				"east": {"uv": [0, 2, 2, 14], "texture": "#top"},
				"south": {"uv": [6, 2, 9, 14], "texture": "#sides"},
				"west": {"uv": [2, 2, 0, 14], "texture": "#top"}
			}
		},
		{
			"name": "Door Top Frame",
			"from": [1, 14, 0],
			"to": [4, 16, 16],
			"faces": {
				"north": {"uv": [6, 0, 9, 2], "texture": "#sides"},
				"east": {"uv": [0, 0, 16, 2], "texture": "#top"},
				"south": {"uv": [6, 0, 9, 2], "texture": "#sides"},
				"west": {"uv": [16, 0, 0, 2], "texture": "#top"},
				"up": {"uv": [0, 0, 3, 16], "rotation": 180, "texture": "#sides"},
				"down": {"uv": [9, 0, 12, 16], "rotation": 180, "texture": "#sides"}
			}
		},
		{
			"name": "Door Top Frame",
			"from": [1, 13, 13.5],
			"to": [4, 14, 14],
			"faces": {
				"north": {"uv": [2, 2, 2.5, 3], "texture": "#top"},
				"east": {"uv": [2, 2, 2.5, 3], "texture": "#top"},
				"west": {"uv": [2, 2, 2.5, 3], "texture": "#top"},
				"down": {"uv": [2, 2.5, 2.5, 3], "rotation": 180, "texture": "#top"}
			}
		},
		{
			"name": "Door Top Frame",
			"from": [1, 2, 2],
			"to": [4, 3, 2.5],
			"faces": {
				"east": {"uv": [13.5, 13, 14, 14], "texture": "#top"},
				"south": {"uv": [13.5, 13, 14, 14], "texture": "#top"},
				"west": {"uv": [13.5, 13, 14, 14], "texture": "#top"},
				"up": {"uv": [13.5, 13, 14, 13.5], "rotation": 180, "texture": "#top"}
			}
		},
		{
			"name": "Door Top Frame",
			"from": [1, 2, 13],
			"to": [4, 2.5, 13.5],
			"faces": {
				"north": {"uv": [2.5, 13.5, 3, 14], "texture": "#top"},
				"east": {"uv": [2.5, 13.5, 3, 14], "texture": "#top"},
				"west": {"uv": [2.5, 13.5, 3, 14], "texture": "#top"},
				"up": {"uv": [2.5, 13.5, 3, 14], "rotation": 180, "texture": "#top"}
			}
		},
		{
			"name": "Door Top Frame",
			"from": [1, 2, 13.5],
			"to": [4, 3, 14],
			"faces": {
				"north": {"uv": [2, 13, 2.5, 14], "texture": "#top"},
				"east": {"uv": [2, 13, 2.5, 14], "texture": "#top"},
				"west": {"uv": [2, 13, 2.5, 14], "texture": "#top"},
				"up": {"uv": [2, 13, 2.5, 13.5], "rotation": 180, "texture": "#top"}
			}
		},
		{
			"name": "Door Top Frame",
			"from": [1, 2, 2.5],
			"to": [4, 2.5, 3],
			"faces": {
				"east": {"uv": [13, 13.5, 13.5, 14], "texture": "#top"},
				"south": {"uv": [13, 13.5, 13.5, 14], "texture": "#top"},
				"west": {"uv": [13, 13.5, 13.5, 14], "texture": "#top"},
				"up": {"uv": [13, 13.5, 13.5, 14], "rotation": 180, "texture": "#top"}
			}
		},
		{
			"name": "Door Top Frame",
			"from": [1, 13.5, 2.5],
			"to": [4, 14, 3],
			"faces": {
				"east": {"uv": [13, 2, 13.5, 2.5], "texture": "#top"},
				"south": {"uv": [13, 2, 13.5, 2.5], "texture": "#top"},
				"west": {"uv": [13, 2, 13.5, 2.5], "texture": "#top"},
				"down": {"uv": [13, 2, 13.5, 2.5], "rotation": 180, "texture": "#top"}
			}
		},
		{
			"name": "Door Top Frame",
			"from": [1, 13, 2],
			"to": [4, 14, 2.5],
			"faces": {
				"east": {"uv": [13.5, 2, 14, 3], "texture": "#top"},
				"south": {"uv": [13.5, 2, 14, 3], "texture": "#top"},
				"west": {"uv": [13.5, 2, 14, 3], "texture": "#top"},
				"down": {"uv": [13.5, 2.5, 14, 3], "rotation": 180, "texture": "#top"}
			}
		},
		{
			"name": "Door Top Frame",
			"from": [1, 13.5, 13],
			"to": [4, 14, 13.5],
			"faces": {
				"north": {"uv": [2.5, 2, 3, 2.5], "texture": "#top"},
				"east": {"uv": [2.5, 2, 3, 2.5], "texture": "#top"},
				"west": {"uv": [2.5, 2, 3, 2.5], "texture": "#top"},
				"down": {"uv": [2.5, 2, 3, 2.5], "rotation": 180, "texture": "#top"}
			}
		},
		{
			"name": "Door Window",
			"from": [1.5, 2, 2],
			"to": [3.5, 3.5, 14],
			"rotation": {"angle": 0, "axis": "y", "origin": [16, 16, 0]},
			"faces": {
				"east": {"uv": [14, 12.5, 2, 14], "texture": "#top"},
				"west": {"uv": [14, 14, 2, 12.5], "rotation": 180, "texture": "#top"},
				"up": {"uv": [14, 14, 12, 2], "rotation": 180, "texture": "#sides"}
			}
		},
		{
			"name": "Door Window",
			"from": [1.5, 3.5, 2],
			"to": [3.5, 12.5, 3.5],
			"rotation": {"angle": 0, "axis": "y", "origin": [16, 16, 0]},
			"faces": {
				"east": {"uv": [3.5, 3.5, 2, 12.5], "texture": "#top"},
				"south": {"uv": [14, 12.5, 12, 3.5], "rotation": 180, "texture": "#sides"},
				"west": {"uv": [3.5, 12.5, 2, 3.5], "rotation": 180, "texture": "#top"}
			}
		},
		{
			"name": "Door Window",
			"from": [1.5, 3.5, 12.5],
			"to": [3.5, 12.5, 14],
			"rotation": {"angle": 0, "axis": "y", "origin": [16, 16, 0]},
			"faces": {
				"north": {"uv": [14, 12.5, 12, 3.5], "texture": "#sides"},
				"east": {"uv": [14, 3.5, 12.5, 12.5], "texture": "#top"},
				"west": {"uv": [14, 12.5, 12.5, 3.5], "rotation": 180, "texture": "#top"}
			}
		},
		{
			"name": "Door Window",
			"from": [1.5, 12.5, 2],
			"to": [3.5, 14, 14],
			"rotation": {"angle": 0, "axis": "y", "origin": [16, 16, 0]},
			"faces": {
				"east": {"uv": [14, 2, 2, 3.5], "texture": "#top"},
				"west": {"uv": [14, 3.5, 2, 2], "rotation": 180, "texture": "#top"},
				"down": {"uv": [14, 14, 12, 2], "rotation": 180, "texture": "#sides"}
			}
		},
		{
			"name": "Door Window",
			"from": [1.5, 3.5, 9.5],
			"to": [3.5, 4, 10.5],
			"rotation": {"angle": 0, "axis": "y", "origin": [16, 16, 0]},
			"faces": {
				"north": {"uv": [14, 10.5, 12, 10], "texture": "#sides"},
				"east": {"uv": [10.5, 12, 9.5, 12.5], "texture": "#top"},
				"west": {"uv": [10.5, 12.5, 9.5, 12], "rotation": 180, "texture": "#top"},
				"up": {"uv": [14, 10.5, 12, 9.5], "rotation": 180, "texture": "#sides"}
			}
		},
		{
			"name": "Door Window",
			"from": [1.5, 3.5, 10.5],
			"to": [3.5, 4.5, 11],
			"rotation": {"angle": 0, "axis": "y", "origin": [16, 16, 0]},
			"faces": {
				"north": {"uv": [14, 4.5, 12, 3.5], "texture": "#sides"},
				"east": {"uv": [11, 11.5, 10.5, 12.5], "texture": "#top"},
				"west": {"uv": [11, 12.5, 10.5, 11.5], "rotation": 180, "texture": "#top"},
				"up": {"uv": [14, 4.5, 12, 4], "rotation": 180, "texture": "#sides"}
			}
		},
		{
			"name": "Door Window",
			"from": [1.5, 3.5, 11],
			"to": [3.5, 5, 11.5],
			"rotation": {"angle": 0, "axis": "y", "origin": [16, 16, 0]},
			"faces": {
				"north": {"uv": [14, 5, 12, 3.5], "texture": "#sides"},
				"east": {"uv": [11.5, 11, 11, 12.5], "texture": "#top"},
				"west": {"uv": [11.5, 12.5, 11, 11], "rotation": 180, "texture": "#top"},
				"up": {"uv": [14, 5, 12, 4.5], "rotation": 180, "texture": "#sides"}
			}
		},
		{
			"name": "Door Window",
			"from": [1.5, 3.5, 11.5],
			"to": [3.5, 5.5, 12],
			"rotation": {"angle": 0, "axis": "y", "origin": [16, 16, 0]},
			"faces": {
				"north": {"uv": [14, 5.5, 12, 3.5], "texture": "#sides"},
				"east": {"uv": [12, 10.5, 11.5, 12.5], "texture": "#top"},
				"west": {"uv": [12, 12.5, 11.5, 10.5], "rotation": 180, "texture": "#top"},
				"up": {"uv": [14, 5.5, 12, 5], "rotation": 180, "texture": "#sides"}
			}
		},
		{
			"name": "Door Window",
			"from": [1.5, 3.5, 12],
			"to": [3.5, 6.5, 12.5],
			"rotation": {"angle": 0, "axis": "y", "origin": [16, 16, 0]},
			"faces": {
				"north": {"uv": [14, 6.5, 12, 3.5], "texture": "#sides"},
				"east": {"uv": [12.5, 9.5, 12, 12.5], "texture": "#top"},
				"west": {"uv": [12.5, 12.5, 12, 9.5], "rotation": 180, "texture": "#top"},
				"up": {"uv": [14, 5.5, 12, 5], "rotation": 180, "texture": "#sides"}
			}
		},
		{
			"name": "Door Window",
			"from": [1.5, 3.5, 5.5],
			"to": [3.5, 4, 6.5],
			"rotation": {"angle": 0, "axis": "y", "origin": [16, 16, 0]},
			"faces": {
				"east": {"uv": [6.5, 12, 5.5, 12.5], "texture": "#top"},
				"south": {"uv": [14, 6, 12, 5.5], "rotation": 180, "texture": "#sides"},
				"west": {"uv": [6.5, 12.5, 5.5, 12], "rotation": 180, "texture": "#top"},
				"up": {"uv": [14, 6.5, 12, 5.5], "rotation": 180, "texture": "#sides"}
			}
		},
		{
			"name": "Door Window",
			"from": [1.5, 3.5, 5],
			"to": [3.5, 4.5, 5.5],
			"rotation": {"angle": 0, "axis": "y", "origin": [16, 16, 0]},
			"faces": {
				"east": {"uv": [5.5, 11.5, 5, 12.5], "texture": "#top"},
				"south": {"uv": [14, 6, 12, 5], "rotation": 180, "texture": "#sides"},
				"west": {"uv": [5.5, 12.5, 5, 11.5], "rotation": 180, "texture": "#top"},
				"up": {"uv": [14, 5.5, 12, 5], "rotation": 180, "texture": "#sides"}
			}
		},
		{
			"name": "Door Window",
			"from": [1.5, 3.5, 4.5],
			"to": [3.5, 5, 5],
			"rotation": {"angle": 0, "axis": "y", "origin": [16, 16, 0]},
			"faces": {
				"east": {"uv": [5, 11, 4.5, 12.5], "texture": "#top"},
				"south": {"uv": [14, 6, 12, 4.5], "rotation": 180, "texture": "#sides"},
				"west": {"uv": [5, 12.5, 4.5, 11], "rotation": 180, "texture": "#top"},
				"up": {"uv": [14, 5, 12, 4.5], "rotation": 180, "texture": "#sides"}
			}
		},
		{
			"name": "Door Window",
			"from": [1.5, 3.5, 4],
			"to": [3.5, 5.5, 4.5],
			"rotation": {"angle": 0, "axis": "y", "origin": [16, 16, 0]},
			"faces": {
				"east": {"uv": [4.5, 10.5, 4, 12.5], "texture": "#top"},
				"south": {"uv": [14, 6, 12, 4], "rotation": 180, "texture": "#sides"},
				"west": {"uv": [4.5, 12.5, 4, 10.5], "rotation": 180, "texture": "#top"},
				"up": {"uv": [14, 4.5, 12, 4], "rotation": 180, "texture": "#sides"}
			}
		},
		{
			"name": "Door Window",
			"from": [1.5, 3.5, 3.5],
			"to": [3.5, 6.5, 4],
			"rotation": {"angle": 0, "axis": "y", "origin": [16, 16, 0]},
			"faces": {
				"east": {"uv": [4, 9.5, 3.5, 12.5], "texture": "#top"},
				"south": {"uv": [14, 12.5, 12, 9.5], "rotation": 180, "texture": "#sides"},
				"west": {"uv": [4, 12.5, 3.5, 9.5], "rotation": 180, "texture": "#top"},
				"up": {"uv": [14, 10, 12, 9.5], "rotation": 180, "texture": "#sides"}
			}
		},
		{
			"name": "Door Window",
			"from": [1.5, 12, 9.5],
			"to": [3.5, 12.5, 10.5],
			"rotation": {"angle": 0, "axis": "y", "origin": [16, 16, 0]},
			"faces": {
				"north": {"uv": [14, 6.5, 12, 6], "texture": "#sides"},
				"east": {"uv": [10.5, 3.5, 9.5, 4], "texture": "#top"},
				"west": {"uv": [10.5, 4, 9.5, 3.5], "rotation": 180, "texture": "#top"},
				"down": {"uv": [14, 6.5, 12, 5.5], "rotation": 180, "texture": "#sides"}
			}
		},
		{
			"name": "Door Window",
			"from": [1.5, 11.5, 10.5],
			"to": [3.5, 12.5, 11],
			"rotation": {"angle": 0, "axis": "y", "origin": [16, 16, 0]},
			"faces": {
				"north": {"uv": [14, 6, 12, 5], "texture": "#sides"},
				"east": {"uv": [11, 3.5, 10.5, 4.5], "texture": "#top"},
				"west": {"uv": [11, 4.5, 10.5, 3.5], "rotation": 180, "texture": "#top"},
				"down": {"uv": [14, 5.5, 12, 5], "rotation": 180, "texture": "#sides"}
			}
		},
		{
			"name": "Door Window",
			"from": [1.5, 11, 11],
			"to": [3.5, 12.5, 11.5],
			"rotation": {"angle": 0, "axis": "y", "origin": [16, 16, 0]},
			"faces": {
				"north": {"uv": [14, 5.5, 12, 4], "texture": "#sides"},
				"east": {"uv": [11.5, 3.5, 11, 5], "texture": "#top"},
				"west": {"uv": [11.5, 5, 11, 3.5], "rotation": 180, "texture": "#top"},
				"down": {"uv": [14, 4.5, 12, 4], "rotation": 180, "texture": "#sides"}
			}
		},
		{
			"name": "Door Window",
			"from": [1.5, 10.5, 11.5],
			"to": [3.5, 12.5, 12],
			"rotation": {"angle": 0, "axis": "y", "origin": [16, 16, 0]},
			"faces": {
				"north": {"uv": [14, 5.5, 12, 3.5], "texture": "#sides"},
				"east": {"uv": [12, 3.5, 11.5, 5.5], "texture": "#top"},
				"west": {"uv": [12, 5.5, 11.5, 3.5], "rotation": 180, "texture": "#top"},
				"down": {"uv": [14, 4, 12, 3.5], "rotation": 180, "texture": "#sides"}
			}
		},
		{
			"name": "Door Window",
			"from": [1.5, 9.5, 12],
			"to": [3.5, 12.5, 12.5],
			"rotation": {"angle": 0, "axis": "y", "origin": [16, 16, 0]},
			"faces": {
				"north": {"uv": [14, 5.5, 12, 2.5], "texture": "#sides"},
				"east": {"uv": [12.5, 3.5, 12, 6.5], "texture": "#top"},
				"west": {"uv": [12.5, 6.5, 12, 3.5], "rotation": 180, "texture": "#top"},
				"down": {"uv": [14, 3, 12, 2.5], "rotation": 180, "texture": "#sides"}
			}
		},
		{
			"name": "Door Window",
			"from": [1.5, 12, 5.5],
			"to": [3.5, 12.5, 6.5],
			"rotation": {"angle": 0, "axis": "y", "origin": [16, 16, 0]},
			"faces": {
				"east": {"uv": [6.5, 3.5, 5.5, 4], "texture": "#top"},
				"south": {"uv": [14, 10, 12, 9.5], "rotation": 180, "texture": "#sides"},
				"west": {"uv": [6.5, 4, 5.5, 3.5], "rotation": 180, "texture": "#top"},
				"down": {"uv": [14, 10, 12, 9], "rotation": 180, "texture": "#sides"}
			}
		},
		{
			"name": "Door Window",
			"from": [1.5, 11.5, 5],
			"to": [3.5, 12.5, 5.5],
			"rotation": {"angle": 0, "axis": "y", "origin": [16, 16, 0]},
			"faces": {
				"east": {"uv": [5.5, 3.5, 5, 4.5], "texture": "#top"},
				"south": {"uv": [14, 11, 12, 10], "rotation": 180, "texture": "#sides"},
				"west": {"uv": [5.5, 4.5, 5, 3.5], "rotation": 180, "texture": "#top"},
				"down": {"uv": [14, 11, 12, 10.5], "rotation": 180, "texture": "#sides"}
			}
		},
		{
			"name": "Door Window",
			"from": [1.5, 11, 4.5],
			"to": [3.5, 12.5, 5],
			"rotation": {"angle": 0, "axis": "y", "origin": [16, 16, 0]},
			"faces": {
				"east": {"uv": [5, 3.5, 4.5, 5], "texture": "#top"},
				"south": {"uv": [14, 11.5, 12, 10], "rotation": 180, "texture": "#sides"},
				"west": {"uv": [5, 5, 4.5, 3.5], "rotation": 180, "texture": "#top"},
				"down": {"uv": [14, 11.5, 12, 11], "rotation": 180, "texture": "#sides"}
			}
		},
		{
			"name": "Door Window",
			"from": [1.5, 10.5, 4],
			"to": [3.5, 12.5, 4.5],
			"rotation": {"angle": 0, "axis": "y", "origin": [16, 16, 0]},
			"faces": {
				"east": {"uv": [4.5, 3.5, 4, 5.5], "texture": "#top"},
				"south": {"uv": [14, 12, 12, 10], "rotation": 180, "texture": "#sides"},
				"west": {"uv": [4.5, 5.5, 4, 3.5], "rotation": 180, "texture": "#top"},
				"down": {"uv": [14, 12, 12, 11.5], "rotation": 180, "texture": "#sides"}
			}
		},
		{
			"name": "Door Window",
			"from": [1.5, 9.5, 3.5],
			"to": [3.5, 12.5, 4],
			"rotation": {"angle": 0, "axis": "y", "origin": [16, 16, 0]},
			"faces": {
				"east": {"uv": [4, 3.5, 3.5, 6.5], "texture": "#top"},
				"south": {"uv": [14, 12.5, 12, 9.5], "rotation": 180, "texture": "#sides"},
				"west": {"uv": [4, 6.5, 3.5, 3.5], "rotation": 180, "texture": "#top"},
				"down": {"uv": [14, 12.5, 12, 12], "rotation": 180, "texture": "#sides"}
			}
		}
	],
	"groups": [
		{
			"name": "Top",
			"origin": [8, 8, 8],
			"color": 0,
			"children": [0, 1, 2, 3, 4, 5, 6, 7, 8, 9, 10, 11, 12, 13, 14, 15, 16, 17, 18, 19, 20, 21, 22, 23, 24, 25, 26, 27, 28, 29, 30, 31, 32, 33, 34, 35]
		}
	]
}