{
	"credit": "Made by iiKraze",
	"textures": {
		"0": "entity/bee/bee"
	},
	"elements": [
		{
			"from": [5, 3, 3],
			"to": [12, 10, 13],
			"rotation": {"angle": 0, "axis": "y", "origin": [19, 11, 11]},
			"faces": {
				"north": {"uv": [2.5, 2.5, 4.25, 4.25], "texture": "#0"},
				"east": {"uv": [0, 2.5, 2.5, 4.25], "texture": "#0"},
				"south": {"uv": [6.75, 2.5, 8.5, 4.25], "texture": "#0"},
				"west": {"uv": [4.25, 2.5, 6.75, 4.25], "texture": "#0"},
				"up": {"uv": [4.25, 2.5, 2.5, 0], "texture": "#0"},
				"down": {"uv": [4.25, 0, 6, 2.5], "texture": "#0"}
			}
		},
		{
			"from": [7, 3.7, 3.3],
			"to": [8, 5.7, 3.31],
			"rotation": {"angle": -22.5, "axis": "x", "origin": [15, 11, 11.3]},
			"faces": {
				"north": {"uv": [6.75, 0.75, 7, 1.25], "texture": "#0"},
				"south": {"uv": [6.75, 0.75, 7, 1.25], "texture": "#0"}
			}
		},
		{
			"from": [9, 3.7, 3.3],
			"to": [10, 5.7, 3.31],
			"rotation": {"angle": -22.5, "axis": "x", "origin": [2, 11, 11.3]},
			"faces": {
				"north": {"uv": [7, 0.75, 6.75, 1.25], "texture": "#0"},
				"south": {"uv": [7, 0.75, 6.75, 1.25], "texture": "#0"}
			}
		},
		{
			"from": [6, 3.7, 5.3],
			"to": [7, 5.7, 5.31],
			"rotation": {"angle": -22.5, "axis": "x", "origin": [14, 11, 13.3]},
			"faces": {
				"north": {"uv": [6.75, 0.75, 7, 1.25], "texture": "#0"},
				"south": {"uv": [6.75, 0.75, 7, 1.25], "texture": "#0"}
			}
		},
		{
			"from": [10, 3.7, 5.3],
			"to": [11, 5.7, 5.31],
			"rotation": {"angle": -22.5, "axis": "x", "origin": [3, 11, 13.3]},
			"faces": {
				"north": {"uv": [7, 0.75, 6.75, 1.25], "texture": "#0"},
				"south": {"uv": [7, 0.75, 6.75, 1.25], "texture": "#0"}
			}
		},
		{
			"from": [6, 3.7, 7.3],
			"to": [7, 5.7, 7.31],
			"rotation": {"angle": -22.5, "axis": "x", "origin": [14, 11, 15.3]},
			"faces": {
				"north": {"uv": [6.75, 0.75, 7, 1.25], "texture": "#0"},
				"south": {"uv": [6.75, 0.75, 7, 1.25], "texture": "#0"}
			}
		},
		{
			"from": [10, 3.7, 7.3],
			"to": [11, 5.7, 7.31],
			"rotation": {"angle": -22.5, "axis": "x", "origin": [3, 11, 15.3]},
			"faces": {
				"north": {"uv": [7, 0.75, 6.75, 1.25], "texture": "#0"},
				"south": {"uv": [7, 0.75, 6.75, 1.25], "texture": "#0"}
			}
		},
		{
			"from": [6.99, 8, 0],
			"to": [7, 10, 3],
			"rotation": {"angle": 0, "axis": "y", "origin": [14, 15, 7.97]},
			"faces": {
				"east": {"uv": [1.5, 2, 2.25, 1.5], "rotation": 180, "texture": "#0"},
				"west": {"uv": [1.5, 1.5, 2.25, 2], "texture": "#0"}
			}
		},
		{
			"from": [10, 8, 0],
			"to": [10.01, 10, 3],
			"rotation": {"angle": 0, "axis": "y", "origin": [3, 15, 7.97]},
			"faces": {
				"east": {"uv": [2.25, 1.5, 1.5, 2], "texture": "#0"},
				"west": {"uv": [2.25, 2, 1.5, 1.5], "rotation": 180, "texture": "#0"}
			}
		},
		{
			"from": [3, 8.99, 5],
			"to": [10, 9, 12],
			"rotation": {"angle": -22.5, "axis": "z", "origin": [11, 17, 3]},
			"faces": {
				"up": {"uv": [3.75, 4.5, 2, 6], "rotation": 180, "texture": "#0"},
				"down": {"uv": [2, 4.5, 3.75, 6], "texture": "#0"}
			}
		},
		{
			"from": [7, 8.99, 5],
			"to": [14, 9, 12],
			"rotation": {"angle": 22.5, "axis": "z", "origin": [6, 17, 3]},
			"faces": {
				"up": {"uv": [2, 4.5, 3.75, 6], "rotation": 180, "texture": "#0"},
				"down": {"uv": [2, 6, 3.75, 4.5], "rotation": 180, "texture": "#0"}
			}
		},
		{
			"from": [8.5, 6, 13],
			"to": [8.51, 7.002, 15.002],
			"rotation": {"angle": 0, "axis": "y", "origin": [16, 14, 21]},
			"faces": {
				"east": {"uv": [6.5, 2.25, 7, 2.5], "texture": "#0"},
				"west": {"uv": [6.5, 2.25, 7, 2.5], "texture": "#0"}
			}
		}
	],
	"display": {
		"thirdperson_righthand": {
			"rotation": [50, 50, 0],
			"translation": [0, 1, 0],
			"scale": [0.35, 0.35, 0.35]
		},
		"thirdperson_lefthand": {
			"rotation": [50, 50, 0],
			"translation": [0, 1, 0],
			"scale": [0.35, 0.35, 0.35]
		},
		"firstperson_righthand": {
			"rotation": [15, 105, -10],
			"translation": [0.25, 4, 0.75],
			"scale": [0.5, 0.5, 0.5]
		},
		"firstperson_lefthand": {
			"rotation": [15, 105, -10],
			"translation": [0.25, 4, 0.75],
			"scale": [0.5, 0.5, 0.5]
		},
		"ground": {
			"translation": [0, 2, 0],
			"scale": [0.35, 0.35, 0.35]
		},
		"gui": {
			"rotation": [25, 135, 0]
		},
		"head": {
			"translation": [0, 12, 0],
			"scale": [0.5, 0.5, 0.5]
		},
		"fixed": {
			"rotation": [-90, 0, 0],
			"translation": [0, 0, -12.5]
		}
	}
}