{
	"credit": "Made by iiKraze",
	"textures": {
		"0": "entity/cow/cow"
	},
	"elements": [
		{
			"name": "body",
			"from": [2, 12, -1],
			"to": [14, 22, 17],
			"shade": false,
			"rotation": {"angle": 0, "axis": "x", "origin": [16, 25, 20]},
			"faces": {
				"north": {"uv": [7, 2, 10, 7], "texture": "#0"},
				"east": {"uv": [4.5, 7, 7, 16], "rotation": 90, "texture": "#0"},
				"south": {"uv": [13, 2, 10, 7], "texture": "#0"},
				"west": {"uv": [10, 7, 12.5, 16], "rotation": 270, "texture": "#0"},
				"up": {"uv": [12.5, 7, 15.5, 16], "texture": "#0"},
				"down": {"uv": [7, 7, 10, 16], "rotation": 180, "texture": "#0"}
			}
		},
		{
			"name": "body",
			"from": [6, 11, 11],
			"to": [10, 12, 17],
			"shade": false,
			"rotation": {"angle": 0, "axis": "x", "origin": [16, 25, 20]},
			"faces": {
				"north": {"uv": [13.75, 0, 14.75, 0.5], "rotation": 180, "texture": "#0"},
				"east": {"uv": [14.25, 0.5, 14.5, 3.5], "rotation": 90, "texture": "#0"},
				"south": {"uv": [14, 0, 15, 0.5], "texture": "#0"},
				"west": {"uv": [13, 0.5, 13.25, 3.5], "rotation": 270, "texture": "#0"},
				"up": {"uv": [0, 0, 0.25, 0.5], "texture": "#0"},
				"down": {"uv": [13.25, 0.5, 14.25, 3.5], "rotation": 180, "texture": "#0"}
			}
		},
		{
			"name": "leg",
			"from": [2, 0, 12],
			"to": [6, 12, 16],
			"shade": false,
			"rotation": {"angle": 0, "axis": "y", "origin": [16, 8, 15]},
			"faces": {
				"north": {"uv": [1, 10, 2, 16], "texture": "#0"},
				"east": {"uv": [0, 10, 1, 16], "texture": "#0"},
				"south": {"uv": [3, 10, 4, 16], "texture": "#0"},
				"west": {"uv": [2, 10, 3, 16], "texture": "#0"},
				"up": {"uv": [1, 8, 2, 10], "texture": "#0"},
				"down": {"uv": [2, 8, 3, 10], "texture": "#0"}
			}
		},
		{
			"name": "leg",
			"from": [10, 0, 12],
			"to": [14, 12, 16],
			"shade": false,
			"rotation": {"angle": 0, "axis": "y", "origin": [24, 8, 15]},
			"faces": {
				"north": {"uv": [1, 10, 2, 16], "texture": "#0"},
				"east": {"uv": [0, 10, 1, 16], "texture": "#0"},
				"south": {"uv": [3, 10, 4, 16], "texture": "#0"},
				"west": {"uv": [2, 10, 3, 16], "texture": "#0"},
				"up": {"uv": [1, 8, 2, 10], "texture": "#0"},
				"down": {"uv": [2, 8, 3, 10], "texture": "#0"}
			}
		},
		{
			"name": "leg",
			"from": [10, 0, 0],
			"to": [14, 12, 4],
			"shade": false,
			"rotation": {"angle": 0, "axis": "y", "origin": [24, 8, 3]},
			"faces": {
				"north": {"uv": [1, 10, 2, 16], "texture": "#0"},
				"east": {"uv": [0, 10, 1, 16], "texture": "#0"},
				"south": {"uv": [3, 10, 4, 16], "texture": "#0"},
				"west": {"uv": [2, 10, 3, 16], "texture": "#0"},
				"up": {"uv": [1, 8, 2, 10], "texture": "#0"},
				"down": {"uv": [2, 8, 3, 10], "texture": "#0"}
			}
		},
		{
			"name": "leg",
			"from": [2, 0, 0],
			"to": [6, 12, 4],
			"shade": false,
			"rotation": {"angle": 0, "axis": "y", "origin": [16, 8, 3]},
			"faces": {
				"north": {"uv": [1, 10, 2, 16], "texture": "#0"},
				"east": {"uv": [0, 10, 1, 16], "texture": "#0"},
				"south": {"uv": [3, 10, 4, 16], "texture": "#0"},
				"west": {"uv": [2, 10, 3, 16], "texture": "#0"},
				"up": {"uv": [1, 8, 2, 10], "texture": "#0"},
				"down": {"uv": [2, 8, 3, 10], "texture": "#0"}
			}
		},
		{
			"name": "head",
			"from": [4, 16, -7],
			"to": [12, 24, -1],
			"shade": false,
			"rotation": {"angle": 0, "axis": "y", "origin": [16, 8, 15]},
			"faces": {
				"north": {"uv": [1.5, 3, 3.5, 7], "texture": "#0"},
				"east": {"uv": [0, 3, 1.5, 7], "texture": "#0"},
				"south": {"uv": [5, 3, 7, 7], "texture": "#0"},
				"west": {"uv": [3.5, 3, 5, 7], "texture": "#0"},
				"up": {"uv": [3.5, 3, 1.5, 0], "texture": "#0"},
				"down": {"uv": [5.5, 0, 3.5, 3], "texture": "#0"}
			}
		},
		{
			"name": "head",
			"from": [3, 22, -5],
			"to": [4, 25, -4],
			"shade": false,
			"rotation": {"angle": 0, "axis": "y", "origin": [16, 8, 15]},
			"faces": {
				"north": {"uv": [5.5, 0.5, 5.75, 2], "texture": "#0"},
				"east": {"uv": [5.5, 0.5, 5.75, 2], "texture": "#0"},
				"south": {"uv": [5.5, 0.5, 5.75, 2], "texture": "#0"},
				"west": {"uv": [5.5, 0.5, 5.75, 2], "texture": "#0"},
				"up": {"uv": [5.75, 0, 6, 0.5], "texture": "#0"},
				"down": {"uv": [6, 1, 6.25, 1.5], "texture": "#0"}
			}
		},
		{
			"name": "head",
			"from": [12, 22, -5],
			"to": [13, 25, -4],
			"shade": false,
			"rotation": {"angle": 0, "axis": "y", "origin": [25, 8, 15]},
			"faces": {
				"north": {"uv": [5.5, 0.5, 5.75, 2], "texture": "#0"},
				"east": {"uv": [5.5, 0.5, 5.75, 2], "texture": "#0"},
				"south": {"uv": [5.5, 0.5, 5.75, 2], "texture": "#0"},
				"west": {"uv": [5.5, 0.5, 5.75, 2], "texture": "#0"},
				"up": {"uv": [5.75, 0, 6, 0.5], "texture": "#0"},
				"down": {"uv": [6, 1, 6.25, 1.5], "texture": "#0"}
			}
		}
	],
	"display": {
		"thirdperson_righthand": {
			"rotation": [50, 50, 0],
			"translation": [0, 1, 0],
			"scale": [0.3, 0.3, 0.3]
		},
		"thirdperson_lefthand": {
			"rotation": [50, 50, 0],
			"translation": [0, 1, 0],
			"scale": [0.3, 0.3, 0.3]
		},
		"firstperson_righthand": {
			"rotation": [10, 115, -10],
			"translation": [1.25, 1.75, 0],
			"scale": [0.3, 0.3, 0.3]
		},
		"firstperson_lefthand": {
			"rotation": [10, 115, -10],
			"translation": [1.25, 1.75, 0],
			"scale": [0.3, 0.3, 0.3]
		},
		"ground": {
			"translation": [0, 1.5, 0],
			"scale": [0.3, 0.3, 0.3]
		},
		"gui": {
			"rotation": [25, 135, 0],
			"translation": [0, -1.5, 0],
			"scale": [0.5, 0.5, 0.5]
		},
		"head": {
			"translation": [0, 10.4, 0],
			"scale": [0.5, 0.5, 0.5]
		},
		"fixed": {
			"rotation": [-90, 0, 0],
			"translation": [0, 0, -8]
		}
	}
}