{
	"credit": "Made by iiKraze",
	"texture_size": [48, 32],
	"textures": {
		"0": "entity/fox/fox"
	},
	"elements": [
		{
			"from": [6, 3.5, -6],
			"to": [10, 5.5, -3],
			"rotation": {"angle": 0, "axis": "y", "origin": [14, 11.5, 2]},
			"faces": {
				"north": {"uv": [3, 10.5, 4.33333, 11.5], "texture": "#0"},
				"east": {"uv": [2, 10.5, 3, 11.5], "texture": "#0"},
				"south": {"uv": [5.33333, 10.5, 6.66667, 11.5], "texture": "#0"},
				"west": {"uv": [4.33333, 10.5, 5.33333, 11.5], "texture": "#0"},
				"up": {"uv": [4.33333, 10.5, 3, 9], "texture": "#0"},
				"down": {"uv": [5.66667, 9, 4.33333, 10.5], "texture": "#0"}
			}
		},
		{
			"from": [4, 3.5, -3],
			"to": [12, 9.5, 3],
			"rotation": {"angle": 0, "axis": "y", "origin": [12, 11.5, 5]},
			"faces": {
				"north": {"uv": [2.33333, 5.5, 5, 8.5], "texture": "#0"},
				"east": {"uv": [0.33333, 5.5, 2.33333, 8.5], "texture": "#0"},
				"south": {"uv": [7, 5.5, 9.66666, 8.5], "texture": "#0"},
				"west": {"uv": [5, 5.5, 7, 8.5], "texture": "#0"},
				"up": {"uv": [5, 5.5, 2.33333, 2.5], "texture": "#0"},
				"down": {"uv": [7.66666, 2.5, 5, 5.5], "texture": "#0"}
			}
		},
		{
			"from": [4, 9.5, -2],
			"to": [6, 11.5, -1],
			"rotation": {"angle": 0, "axis": "y", "origin": [12, 17.5, 6]},
			"faces": {
				"north": {"uv": [5.33333, 1, 6, 2], "texture": "#0"},
				"east": {"uv": [5, 1, 5.33333, 2], "texture": "#0"},
				"south": {"uv": [6.33333, 1, 7, 2], "texture": "#0"},
				"west": {"uv": [6, 1, 6.33333, 2], "texture": "#0"},
				"up": {"uv": [6, 1, 5.33333, 0.5], "texture": "#0"},
				"down": {"uv": [6.66667, 0.5, 6, 1], "texture": "#0"}
			}
		},
		{
			"from": [10, 9.5, -2],
			"to": [12, 11.5, -1],
			"shade": false,
			"rotation": {"angle": 0, "axis": "y", "origin": [4, 17.5, 6]},
			"faces": {
				"north": {"uv": [6, 1, 5.33333, 2], "texture": "#0"},
				"east": {"uv": [6.33333, 1, 6, 2], "texture": "#0"},
				"south": {"uv": [7, 1, 6.33333, 2], "texture": "#0"},
				"west": {"uv": [5.33333, 1, 5, 2], "texture": "#0"},
				"up": {"uv": [5.33333, 1, 6, 0.5], "texture": "#0"},
				"down": {"uv": [6, 0.5, 6.66667, 1], "texture": "#0"}
			}
		},
		{
			"from": [5, 4.5, 3],
			"to": [11, 10.5, 14],
			"rotation": {"angle": 0, "axis": "x", "origin": [13, 12.5, 11]},
			"faces": {
				"north": {"uv": [12, 10.5, 10, 7.5], "rotation": 180, "texture": "#0"},
				"east": {"uv": [10, 16, 8, 10.5], "rotation": 270, "texture": "#0"},
				"south": {"uv": [14, 7.5, 12, 10.5], "texture": "#0"},
				"west": {"uv": [14, 16, 12, 10.5], "rotation": 90, "texture": "#0"},
				"up": {"uv": [14, 10.5, 16, 16], "texture": "#0"},
				"down": {"uv": [10, 10.5, 12, 16], "rotation": 180, "texture": "#0"}
			}
		},
		{
			"from": [6, 6, 14],
			"to": [10, 11, 23],
			"rotation": {"angle": 0, "axis": "x", "origin": [14, 14, 22]},
			"faces": {
				"north": {"uv": [13, 2.5, 11.66667, 0], "rotation": 180, "texture": "#0"},
				"east": {"uv": [10, 2.5, 11.66667, 7], "rotation": 90, "texture": "#0"},
				"south": {"uv": [14.33333, 0, 13, 2.5], "texture": "#0"},
				"west": {"uv": [14.66667, 7, 13, 2.5], "rotation": 90, "texture": "#0"},
				"up": {"uv": [14.66667, 2.5, 16, 7], "texture": "#0"},
				"down": {"uv": [11.66667, 2.5, 13, 7], "rotation": 180, "texture": "#0"}
			}
		},
		{
			"from": [4.99, -0.4, 4],
			"to": [6.99, 6.1, 6],
			"rotation": {"angle": 0, "axis": "y", "origin": [13, 7.6, 12]},
			"faces": {
				"north": {"uv": [2, 13, 2.66667, 16], "texture": "#0"},
				"east": {"uv": [1.33333, 13, 2, 16], "texture": "#0"},
				"south": {"uv": [3.33333, 13, 4, 16], "texture": "#0"},
				"west": {"uv": [2.66667, 13, 3.33333, 16], "texture": "#0"},
				"up": {"uv": [2.66667, 13, 2, 12], "texture": "#0"},
				"down": {"uv": [3.33333, 12, 2.66667, 13], "texture": "#0"}
			}
		},
		{
			"from": [9.005, -0.4, 4],
			"to": [11.005, 6.1, 6],
			"shade": false,
			"rotation": {"angle": 0, "axis": "y", "origin": [3, 7.6, 12]},
			"faces": {
				"north": {"uv": [2.66667, 13, 2, 16], "texture": "#0"},
				"east": {"uv": [3.33333, 13, 2.66667, 16], "texture": "#0"},
				"south": {"uv": [4, 13, 3.33333, 16], "texture": "#0"},
				"west": {"uv": [2, 13, 1.33333, 16], "texture": "#0"},
				"up": {"uv": [2, 13, 2.66667, 12], "texture": "#0"},
				"down": {"uv": [2.66667, 12, 3.33333, 13], "texture": "#0"}
			}
		},
		{
			"from": [4.99, -0.4, 11],
			"to": [6.99, 6.1, 13],
			"rotation": {"angle": 0, "axis": "y", "origin": [13, 7.6, 19]},
			"faces": {
				"north": {"uv": [2, 13, 2.66667, 16], "texture": "#0"},
				"east": {"uv": [1.33333, 13, 2, 16], "texture": "#0"},
				"south": {"uv": [3.33333, 13, 4, 16], "texture": "#0"},
				"west": {"uv": [2.66667, 13, 3.33333, 16], "texture": "#0"},
				"up": {"uv": [2.66667, 13, 2, 12], "texture": "#0"},
				"down": {"uv": [3.33333, 12, 2.66667, 13], "texture": "#0"}
			}
		},
		{
			"from": [9.005, -0.4, 11],
			"to": [11.005, 6.1, 13],
			"shade": false,
			"rotation": {"angle": 0, "axis": "y", "origin": [3, 7.6, 19]},
			"faces": {
				"north": {"uv": [2.66667, 13, 2, 16], "texture": "#0"},
				"east": {"uv": [3.33333, 13, 2.66667, 16], "texture": "#0"},
				"south": {"uv": [4, 13, 3.33333, 16], "texture": "#0"},
				"west": {"uv": [2, 13, 1.33333, 16], "texture": "#0"},
				"up": {"uv": [2, 13, 2.66667, 12], "texture": "#0"},
				"down": {"uv": [2.66667, 12, 3.33333, 13], "texture": "#0"}
			}
		}
	],
	"display": {
		"thirdperson_righthand": {
			"rotation": [50, 50, 0],
			"translation": [0, 1, 0],
			"scale": [0.3, 0.3, 0.3]
		},
		"thirdperson_lefthand": {
			"rotation": [50, 50, 0],
			"translation": [0, 1, 0],
			"scale": [0.3, 0.3, 0.3]
		},
		"firstperson_righthand": {
			"rotation": [10, 115, -10],
			"translation": [1.25, 4, 0],
			"scale": [0.4, 0.4, 0.4]
		},
		"firstperson_lefthand": {
			"rotation": [10, 115, -10],
			"translation": [1.25, 4, 0],
			"scale": [0.4, 0.4, 0.4]
		},
		"ground": {
			"translation": [0, 2, 0],
			"scale": [0.3, 0.3, 0.3]
		},
		"gui": {
			"rotation": [25, 135, 0],
			"translation": [-0.25, 0.25, 0],
			"scale": [0.65, 0.65, 0.65]
		},
		"head": {
			"translation": [0, 10.6, 0],
			"scale": [0.5, 0.5, 0.5]
		},
		"fixed": {
			"rotation": [-90, 0, 0],
			"translation": [0, 0, -8.5]
		}
	}
}