{
	"credit": "Made by iiKraze",
	"textures": {
		"1": "entity/zombie/husk"
	},
	"elements": [
		{
			"name": "body",
			"from": [4, -3, 6],
			"to": [12, 9, 10],
			"shade": false,
			"rotation": {"angle": 0, "axis": "y", "origin": [16, -7, 16]},
			"faces": {
				"north": {"uv": [5, 5, 7, 8], "texture": "#1"},
				"east": {"uv": [4, 5, 5, 8], "texture": "#1"},
				"south": {"uv": [8, 5, 10, 8], "texture": "#1"},
				"west": {"uv": [7, 5, 8, 8], "texture": "#1"},
				"up": {"uv": [5, 5, 7, 4], "texture": "#1"},
				"down": {"uv": [7, 4, 9, 5], "texture": "#1"}
			}
		},
		{
			"name": "head",
			"from": [4, 9, 4],
			"to": [12, 17, 12],
			"shade": false,
			"rotation": {"angle": 0, "axis": "y", "origin": [0, -7, 16]},
			"faces": {
				"north": {"uv": [2, 2, 4, 4], "texture": "#1"},
				"east": {"uv": [0, 2, 2, 4], "texture": "#1"},
				"south": {"uv": [6, 2, 8, 4], "texture": "#1"},
				"west": {"uv": [4, 2, 6, 4], "texture": "#1"},
				"up": {"uv": [4, 2, 2, 0], "texture": "#1"},
				"down": {"uv": [6, 0, 4, 2], "texture": "#1"}
			}
		},
		{
			"name": "rightArm",
			"from": [0, 5, -3],
			"to": [4, 9, 9],
			"shade": false,
			"rotation": {"angle": 0, "axis": "x", "origin": [16, -1, -7]},
			"faces": {
				"north": {"uv": [12, 4, 13, 5], "rotation": 180, "texture": "#1"},
				"east": {"uv": [13, 5, 12, 8], "rotation": 270, "texture": "#1"},
				"south": {"uv": [11, 5, 12, 4], "texture": "#1"},
				"west": {"uv": [11, 5, 10, 8], "rotation": 90, "texture": "#1"},
				"up": {"uv": [12, 5, 11, 8], "rotation": 180, "texture": "#1"},
				"down": {"uv": [14, 5, 13, 8], "texture": "#1"}
			}
		},
		{
			"name": "leftArm",
			"from": [12, 5, -2.925],
			"to": [16, 9, 9.075],
			"rotation": {"angle": 0, "axis": "x", "origin": [16, -1, -6.925]},
			"faces": {
				"north": {"uv": [13, 4, 12, 5], "rotation": 180, "texture": "#1"},
				"east": {"uv": [10, 5, 11, 8], "rotation": 270, "texture": "#1"},
				"south": {"uv": [12, 5, 11, 4], "texture": "#1"},
				"west": {"uv": [12, 5, 13, 8], "rotation": 90, "texture": "#1"},
				"up": {"uv": [11, 5, 12, 8], "rotation": 180, "texture": "#1"},
				"down": {"uv": [13, 5, 14, 8], "texture": "#1"}
			}
		},
		{
			"name": "rightLeg",
			"from": [4.1, -15, 6.125],
			"to": [8.1, -3, 10.125],
			"shade": false,
			"rotation": {"angle": 0, "axis": "y", "origin": [16.1, -7, 16.125]},
			"faces": {
				"north": {"uv": [2, 5, 1, 8], "texture": "#1"},
				"east": {"uv": [3, 5, 2, 8], "texture": "#1"},
				"south": {"uv": [4, 5, 3, 8], "texture": "#1"},
				"west": {"uv": [1, 5, 0, 8], "texture": "#1"},
				"up": {"uv": [1, 5, 2, 4], "texture": "#1"},
				"down": {"uv": [2, 4, 3, 5], "texture": "#1"}
			}
		},
		{
			"name": "leftLeg",
			"from": [7.9, -15, 6.125],
			"to": [11.9, -3, 10.125],
			"rotation": {"angle": 0, "axis": "y", "origin": [15.9, -7, 16.125]},
			"faces": {
				"north": {"uv": [1, 5, 2, 8], "texture": "#1"},
				"east": {"uv": [0, 5, 1, 8], "texture": "#1"},
				"south": {"uv": [3, 5, 4, 8], "texture": "#1"},
				"west": {"uv": [2, 5, 3, 8], "texture": "#1"},
				"up": {"uv": [2, 5, 1, 4], "texture": "#1"},
				"down": {"uv": [3, 4, 2, 5], "texture": "#1"}
			}
		}
	],
	"display": {
		"thirdperson_righthand": {
			"rotation": [50, 50, 0],
			"translation": [0, 3.5, 3.5],
			"scale": [0.3, 0.3, 0.3]
		},
		"thirdperson_lefthand": {
			"rotation": [50, 50, 0],
			"translation": [0, 3.5, 3.5],
			"scale": [0.3, 0.3, 0.3]
		},
		"firstperson_righthand": {
			"rotation": [10, 115, -10],
			"translation": [2, 5, 0],
			"scale": [0.3, 0.3, 0.3]
		},
		"firstperson_lefthand": {
			"rotation": [10, 115, -10],
			"translation": [2, 5, 0],
			"scale": [0.3, 0.3, 0.3]
		},
		"ground": {
			"translation": [0, 6, 0],
			"scale": [0.3, 0.3, 0.3]
		},
		"gui": {
			"rotation": [20, 135, 0],
			"translation": [0.75, 3.25, 0],
			"scale": [0.45, 0.45, 0.45]
		},
		"head": {
			"translation": [0, 17.9, 0],
			"scale": [0.5, 0.5, 0.5]
		},
		"fixed": {
			"rotation": [-90, 0, 0],
			"translation": [0, 0, -22]
		}
	},
	"groups": [
		{
			"name": "body",
			"shade": false,
			"origin": [0, 24, 0],
			"children": [0]
		},
		{
			"name": "jacket",
			"shade": false,
			"origin": [0, 24, 0],
			"children": []
		},
		{
			"name": "head",
			"shade": false,
			"origin": [0, 24, 0],
			"children": [1]
		},
		{
			"name": "hat",
			"shade": false,
			"origin": [0, 24, 0],
			"children": []
		},
		{
			"name": "rightArm",
			"shade": false,
			"origin": [-5, 22, 0],
			"children": [2]
		},
		{
			"name": "leftArm",
			"shade": false,
			"origin": [5, 22, 0],
			"children": [3]
		},
		{
			"name": "rightSleeve",
			"shade": false,
			"origin": [-5, 22, 0],
			"children": []
		},
		{
			"name": "leftSleeve",
			"shade": false,
			"origin": [5, 22, 0],
			"children": []
		},
		{
			"name": "rightLeg",
			"shade": false,
			"origin": [-1.9, 12, 0],
			"children": [4]
		},
		{
			"name": "leftLeg",
			"shade": false,
			"origin": [1.9, 12, 0],
			"children": [5]
		},
		{
			"name": "rightPants",
			"shade": false,
			"origin": [-1.9, 12, 0],
			"children": []
		},
		{
			"name": "leftPants",
			"shade": false,
			"origin": [1.9, 12, 0],
			"children": []
		}
	]
}