{
	"credit": "Made by iiKraze",
	"textures": {
		"0": "entity/phantom"
	},
	"elements": [
		{
			"from": [4.5, 0, -5],
			"to": [11.5, 3, 0],
			"rotation": {"angle": 0, "axis": "y", "origin": [12.5, 8, 3]},
			"faces": {
				"north": {"uv": [1.25, 1.25, 3, 2], "texture": "#0"},
				"east": {"uv": [0, 1.25, 1.25, 2], "texture": "#0"},
				"south": {"uv": [4.25, 1.25, 6, 2], "texture": "#0"},
				"west": {"uv": [3, 1.25, 4.25, 2], "texture": "#0"},
				"up": {"uv": [3, 1.25, 1.25, 0], "texture": "#0"},
				"down": {"uv": [4.75, 0, 3, 1.25], "texture": "#0"}
			}
		},
		{
			"from": [5.5, 1, 0],
			"to": [10.5, 4, 9],
			"rotation": {"angle": 0, "axis": "y", "origin": [13.5, 9, 8]},
			"faces": {
				"north": {"uv": [2.25, 4.25, 3.5, 5], "texture": "#0"},
				"east": {"uv": [0, 4.25, 2.25, 5], "texture": "#0"},
				"south": {"uv": [5.75, 4.25, 7, 5], "texture": "#0"},
				"west": {"uv": [3.5, 4.25, 5.75, 5], "texture": "#0"},
				"up": {"uv": [3.5, 4.25, 2.25, 2], "texture": "#0"},
				"down": {"uv": [4.75, 2, 3.5, 4.25], "texture": "#0"}
			}
		},
		{
			"from": [6.5, 2, 9],
			"to": [9.5, 4, 15],
			"rotation": {"angle": 0, "axis": "y", "origin": [14.5, 10, 17]},
			"faces": {
				"north": {"uv": [2.25, 6.5, 3, 7], "texture": "#0"},
				"east": {"uv": [0.75, 6.5, 2.25, 7], "texture": "#0"},
				"south": {"uv": [4.5, 6.5, 5.25, 7], "texture": "#0"},
				"west": {"uv": [3, 6.5, 4.5, 7], "texture": "#0"},
				"up": {"uv": [3, 6.5, 2.25, 5], "texture": "#0"},
				"down": {"uv": [3.75, 5, 3, 6.5], "texture": "#0"}
			}
		},
		{
			"from": [7.5, 2.5, 15],
			"to": [8.5, 3.5, 21],
			"rotation": {"angle": 0, "axis": "y", "origin": [15.5, 10.5, 23]},
			"faces": {
				"north": {"uv": [2.5, 8.75, 2.75, 9], "texture": "#0"},
				"east": {"uv": [1, 8.75, 2.5, 9], "texture": "#0"},
				"south": {"uv": [4.25, 8.75, 4.5, 9], "texture": "#0"},
				"west": {"uv": [2.75, 8.75, 4.25, 9], "texture": "#0"},
				"up": {"uv": [2.75, 8.75, 2.5, 7.25], "texture": "#0"},
				"down": {"uv": [3, 7.25, 2.75, 8.75], "texture": "#0"}
			}
		},
		{
			"from": [-0.5, 2, 0],
			"to": [5.5, 4, 9],
			"rotation": {"angle": 0, "axis": "y", "origin": [12.5, 10, 8]},
			"faces": {
				"north": {"uv": [8, 5.25, 9.5, 5.75], "texture": "#0"},
				"east": {"uv": [5.75, 5.25, 8, 5.75], "texture": "#0"},
				"south": {"uv": [11.75, 5.25, 13.25, 5.75], "texture": "#0"},
				"west": {"uv": [9.5, 5.25, 11.75, 5.75], "texture": "#0"},
				"up": {"uv": [9.5, 5.25, 8, 3], "texture": "#0"},
				"down": {"uv": [11, 3, 9.5, 5.25], "texture": "#0"}
			}
		},
		{
			"from": [10.5, 2, 0],
			"to": [16.5, 4, 9],
			"shade": false,
			"rotation": {"angle": 0, "axis": "y", "origin": [3.5, 10, 8]},
			"faces": {
				"north": {"uv": [9.5, 5.25, 8, 5.75], "texture": "#0"},
				"east": {"uv": [11.75, 5.25, 9.5, 5.75], "texture": "#0"},
				"south": {"uv": [13.25, 5.25, 11.75, 5.75], "texture": "#0"},
				"west": {"uv": [8, 5.25, 5.75, 5.75], "texture": "#0"},
				"up": {"uv": [8, 5.25, 9.5, 3], "texture": "#0"},
				"down": {"uv": [9.5, 3, 11, 5.25], "texture": "#0"}
			}
		},
		{
			"from": [16.5, 3.99, 0],
			"to": [29.5, 4, 9],
			"shade": false,
			"rotation": {"angle": 0, "axis": "y", "origin": [9.5, 10, 8]},
			"faces": {
				"up": {"uv": [6.25, 8.25, 9.5, 6], "texture": "#0"},
				"down": {"uv": [6.24975, 6, 9.4995, 8.25], "texture": "#0"}
			}
		},
		{
			"from": [-13.5, 3.99, 0],
			"to": [-0.5, 4, 9],
			"shade": false,
			"rotation": {"angle": 0, "axis": "y", "origin": [6.5, 10, 8]},
			"faces": {
				"up": {"uv": [9.5, 8.25, 6.25, 6], "texture": "#0"},
				"down": {"uv": [9.4995, 6, 6.24975, 8.25], "texture": "#0"}
			}
		},
		{
			"from": [16.5, 3, 0],
			"to": [29.5, 4.001, 0.01],
			"shade": false,
			"rotation": {"angle": 0, "axis": "y", "origin": [9.5, 9, 8]},
			"faces": {
				"north": {"uv": [6.24975, 8.25, 9.4995, 8.50025], "texture": "#0"},
				"south": {"uv": [9.4995, 8.25, 6.24975, 8.50025], "texture": "#0"}
			}
		},
		{
			"from": [-13.5, 3, 0],
			"to": [-0.5, 4.001, 0.01],
			"shade": false,
			"rotation": {"angle": 0, "axis": "y", "origin": [6.5, 9, 8]},
			"faces": {
				"north": {"uv": [9.4995, 8.25, 6.24975, 8.50025], "texture": "#0"},
				"south": {"uv": [6.24975, 8.25, 9.4995, 8.50025], "texture": "#0"}
			}
		},
		{
			"from": [16.5, 3, 0],
			"to": [29.5, 3.01, 9],
			"shade": false,
			"rotation": {"angle": 0, "axis": "y", "origin": [9.5, 10, 8]},
			"faces": {
				"up": {"uv": [9.5, 8.25, 12.74975, 6], "texture": "#0"},
				"down": {"uv": [9.5, 6, 12.75, 8.25], "texture": "#0"}
			}
		},
		{
			"from": [-13.5, 3, 0],
			"to": [-0.5, 3.01, 9],
			"shade": false,
			"rotation": {"angle": 0, "axis": "y", "origin": [6.5, 10, 8]},
			"faces": {
				"up": {"uv": [12.74975, 8.25, 9.5, 6], "texture": "#0"},
				"down": {"uv": [12.75, 6, 9.5, 8.25], "texture": "#0"}
			}
		},
		{
			"from": [29.49, 3, 0],
			"to": [29.5, 4, 9],
			"shade": false,
			"rotation": {"angle": 0, "axis": "y", "origin": [9.5, 10, 8]},
			"faces": {
				"east": {"uv": [11.75, 8.25, 9.5, 8.5], "texture": "#0"},
				"west": {"uv": [9.5, 8.25, 11.75, 8.49975], "texture": "#0"}
			}
		},
		{
			"from": [-13.501, 3, 0],
			"to": [-13.491, 4, 9],
			"shade": false,
			"rotation": {"angle": 0, "axis": "y", "origin": [6.5, 10, 8]},
			"faces": {
				"east": {"uv": [11.75, 8.25, 9.5, 8.49975], "texture": "#0"},
				"west": {"uv": [9.5, 8.25, 11.75, 8.5], "texture": "#0"}
			}
		}
	],
	"display": {
		"thirdperson_righthand": {
			"rotation": [50, 50, 0],
			"translation": [1, 1.5, 1.25],
			"scale": [0.3, 0.3, 0.3]
		},
		"thirdperson_lefthand": {
			"rotation": [50, 50, 0],
			"translation": [1, 1.5, 1.25],
			"scale": [0.3, 0.3, 0.3]
		},
		"firstperson_righthand": {
			"rotation": [10, 115, -10],
			"translation": [2, 4.5, 0],
			"scale": [0.3, 0.3, 0.3]
		},
		"firstperson_lefthand": {
			"rotation": [10, 115, -10],
			"translation": [2, 4.5, 0],
			"scale": [0.3, 0.3, 0.3]
		},
		"ground": {
			"translation": [0, 4, 0],
			"scale": [0.3, 0.3, 0.3]
		},
		"gui": {
			"rotation": [20, 135, 0],
			"translation": [1.25, 2.5, 0],
			"scale": [0.45, 0.45, 0.45]
		},
		"head": {
			"translation": [0, 15, 0],
			"scale": [0.5, 0.5, 0.5]
		},
		"fixed": {
			"rotation": [-90, 0, 0],
			"translation": [0, 0, -25]
		}
	}
}