{
	"credit": "Made by iiKraze",
	"textures": {
		"0": "entity/pig/pig"
	},
	"elements": [
		{
			"name": "head",
			"from": [6, 9, -9],
			"to": [10, 12, -8],
			"shade": false,
			"rotation": {"angle": 0, "axis": "y", "origin": [16, 8, 14]},
			"faces": {
				"north": {"uv": [4.25, 8.5, 5.25, 10], "texture": "#0"},
				"east": {"uv": [4, 8.5, 4.25, 10], "texture": "#0"},
				"south": {"uv": [0, 0, 0.25, 0.5], "texture": "#0"},
				"west": {"uv": [5.25, 8.5, 5.5, 10], "texture": "#0"},
				"up": {"uv": [5.25, 8.5, 4.25, 8], "texture": "#0"},
				"down": {"uv": [5.25, 8, 6.25, 8.5], "texture": "#0"}
			}
		},
		{
			"name": "head",
			"from": [4, 8, -8],
			"to": [12, 16, 0],
			"shade": false,
			"rotation": {"angle": 0, "axis": "y", "origin": [16, 8, 14]},
			"faces": {
				"north": {"uv": [2, 4, 4, 8], "texture": "#0"},
				"east": {"uv": [0, 4, 2, 8], "texture": "#0"},
				"south": {"uv": [6, 4, 8, 8], "texture": "#0"},
				"west": {"uv": [4, 4, 6, 8], "texture": "#0"},
				"up": {"uv": [4, 4, 2, 0], "texture": "#0"},
				"down": {"uv": [4, 0, 6, 4], "texture": "#0"}
			}
		},
		{
			"name": "body",
			"from": [3, 6, -1],
			"to": [13, 14, 15],
			"shade": false,
			"rotation": {"angle": 0, "axis": "x", "origin": [16, 19, 14]},
			"faces": {
				"north": {"uv": [9, 4, 11.5, 8], "texture": "#0"},
				"east": {"uv": [7, 8, 9, 16], "rotation": 90, "texture": "#0"},
				"south": {"uv": [14, 4, 11.5, 8], "texture": "#0"},
				"west": {"uv": [12, 8, 14, 16], "rotation": 270, "texture": "#0"},
				"up": {"uv": [13.5, 8, 16, 16], "texture": "#0"},
				"down": {"uv": [9, 8, 11.5, 16], "rotation": 180, "texture": "#0"}
			}
		},
		{
			"name": "leg",
			"from": [3, 0, 12],
			"to": [7, 6, 16],
			"shade": false,
			"rotation": {"angle": 0, "axis": "y", "origin": [16, 8, 15]},
			"faces": {
				"north": {"uv": [1, 10, 2, 13], "texture": "#0"},
				"east": {"uv": [0, 10, 1, 13], "texture": "#0"},
				"south": {"uv": [3, 10, 4, 13], "texture": "#0"},
				"west": {"uv": [2, 10, 3, 13], "texture": "#0"},
				"up": {"uv": [2, 10, 1, 8], "texture": "#0"},
				"down": {"uv": [3, 10, 2, 8], "texture": "#0"}
			}
		},
		{
			"name": "leg",
			"from": [9, 0, 12],
			"to": [13, 6, 16],
			"shade": false,
			"rotation": {"angle": 0, "axis": "y", "origin": [22, 8, 15]},
			"faces": {
				"north": {"uv": [1, 10, 2, 13], "texture": "#0"},
				"east": {"uv": [0, 10, 1, 13], "texture": "#0"},
				"south": {"uv": [3, 10, 4, 13], "texture": "#0"},
				"west": {"uv": [2, 10, 3, 13], "texture": "#0"},
				"up": {"uv": [2, 10, 1, 8], "texture": "#0"},
				"down": {"uv": [3, 10, 2, 8], "texture": "#0"}
			}
		},
		{
			"name": "leg",
			"from": [9, 0, 0],
			"to": [13, 6, 4],
			"shade": false,
			"rotation": {"angle": 0, "axis": "y", "origin": [22, 8, 3]},
			"faces": {
				"north": {"uv": [1, 10, 2, 13], "texture": "#0"},
				"east": {"uv": [0, 10, 1, 13], "texture": "#0"},
				"south": {"uv": [3, 10, 4, 13], "texture": "#0"},
				"west": {"uv": [2, 10, 3, 13], "texture": "#0"},
				"up": {"uv": [2, 10, 1, 8], "texture": "#0"},
				"down": {"uv": [3, 10, 2, 8], "texture": "#0"}
			}
		},
		{
			"name": "leg",
			"from": [3, 0, 0],
			"to": [7, 6, 4],
			"shade": false,
			"rotation": {"angle": 0, "axis": "y", "origin": [16, 8, 3]},
			"faces": {
				"north": {"uv": [1, 10, 2, 13], "texture": "#0"},
				"east": {"uv": [0, 10, 1, 13], "texture": "#0"},
				"south": {"uv": [3, 10, 4, 13], "texture": "#0"},
				"west": {"uv": [2, 10, 3, 13], "texture": "#0"},
				"up": {"uv": [2, 10, 1, 8], "texture": "#0"},
				"down": {"uv": [3, 10, 2, 8], "texture": "#0"}
			}
		}
	],
	"display": {
		"thirdperson_righthand": {
			"rotation": [50, 50, 0],
			"translation": [0, 1, 0],
			"scale": [0.3, 0.3, 0.3]
		},
		"thirdperson_lefthand": {
			"rotation": [50, 50, 0],
			"translation": [0, 1, 0],
			"scale": [0.3, 0.3, 0.3]
		},
		"firstperson_righthand": {
			"rotation": [10, 115, -10],
			"translation": [2.5, 3, 0],
			"scale": [0.3, 0.3, 0.3]
		},
		"firstperson_lefthand": {
			"rotation": [10, 115, -10],
			"translation": [2.5, 3, 0],
			"scale": [0.3, 0.3, 0.3]
		},
		"ground": {
			"translation": [0, 1.5, 0],
			"scale": [0.3, 0.3, 0.3]
		},
		"gui": {
			"rotation": [20, 135, 0],
			"translation": [1.35, 0.5, 0],
			"scale": [0.65, 0.65, 0.65]
		},
		"head": {
			"translation": [0, 10.4, 0],
			"scale": [0.5, 0.5, 0.5]
		},
		"fixed": {
			"rotation": [-90, 0, 0],
			"translation": [0, 0, -8]
		}
	}
}