{
	"credit": "Made by iiKraze",
	"textures": {
		"0": "entity/turtle/big_sea_turtle"
	},
	"elements": [
		{
			"from": [5, 0.8, -7],
			"to": [11, 5.8, -1],
			"rotation": {"angle": 0, "axis": "y", "origin": [13, 8.8, 1]},
			"faces": {
				"north": {"uv": [1.125, 1.5, 1.875, 2.75], "texture": "#0"},
				"east": {"uv": [0.375, 1.5, 1.125, 2.75], "texture": "#0"},
				"south": {"uv": [2.625, 1.5, 3.375, 2.75], "texture": "#0"},
				"west": {"uv": [1.875, 1.5, 2.625, 2.75], "texture": "#0"},
				"up": {"uv": [1.875, 1.5, 1.125, 0], "texture": "#0"},
				"down": {"uv": [2.625, 0, 1.875, 1.5], "texture": "#0"}
			}
		},
		{
			"from": [-1, 2.8, -1],
			"to": [17, 8.8, 19],
			"rotation": {"angle": 0, "axis": "y", "origin": [10.5, 12.8, 7]},
			"faces": {
				"north": {"uv": [1.625, 9.25, 4, 10.75], "texture": "#0"},
				"east": {"uv": [0.875, 10.75, 1.625, 15.75], "rotation": 90, "texture": "#0"},
				"south": {"uv": [4, 9.25, 6.375, 10.75], "texture": "#0"},
				"west": {"uv": [4.75, 15.75, 4, 10.75], "rotation": 90, "texture": "#0"},
				"up": {"uv": [7.125, 15.75, 4.75, 10.75], "rotation": 180, "texture": "#0"},
				"down": {"uv": [4, 10.75, 1.625, 15.75], "rotation": 180, "texture": "#0"}
			}
		},
		{
			"from": [2.8, 0, -1],
			"to": [13.2, 2.8, 17.4],
			"rotation": {"angle": 0, "axis": "y", "origin": [11, 10.1, 6.7]},
			"faces": {
				"north": {"uv": [4.25, 0.25, 5.625, 1], "texture": "#0"},
				"east": {"uv": [3.875, 1, 4.25, 5.5], "rotation": 90, "texture": "#0"},
				"south": {"uv": [5.625, 0.25, 7, 1], "texture": "#0"},
				"west": {"uv": [4.25, 1, 3.875, 5.5], "rotation": 270, "texture": "#0"},
				"down": {"uv": [4.25, 5.5, 5.625, 1], "texture": "#0"}
			}
		},
		{
			"from": [-9.5, 1.8, 0],
			"to": [3.5, 2.8, 5],
			"rotation": {"angle": 0, "axis": "y", "origin": [10.5, 9.7, 8]},
			"faces": {
				"north": {"uv": [4, 7.25, 5.625, 7.5], "texture": "#0"},
				"east": {"uv": [3.375, 7.25, 5.625, 7.5], "texture": "#0"},
				"south": {"uv": [6.25, 7.25, 7.875, 7.5], "texture": "#0"},
				"west": {"uv": [3.75, 7.25, 4.375, 7.5], "rotation": 180, "texture": "#0"},
				"up": {"uv": [4, 6, 5.625, 7.25], "rotation": 180, "texture": "#0"},
				"down": {"uv": [5.625, 7.25, 7.25, 6], "rotation": 180, "texture": "#0"}
			}
		},
		{
			"from": [12.5, 1.8, 0],
			"to": [25.5, 2.8, 5],
			"rotation": {"angle": 0, "axis": "y", "origin": [5.5, 9.7, 8]},
			"faces": {
				"north": {"uv": [5.625, 7.25, 4, 7.5], "texture": "#0"},
				"east": {"uv": [4.375, 7.25, 3.75, 7.5], "rotation": 180, "texture": "#0"},
				"south": {"uv": [7.875, 7.25, 6.25, 7.5], "texture": "#0"},
				"west": {"uv": [5.625, 7.25, 3.375, 7.5], "texture": "#0"},
				"up": {"uv": [5.625, 6, 4, 7.25], "rotation": 180, "texture": "#0"},
				"down": {"uv": [7.25, 7.25, 5.625, 6], "rotation": 180, "texture": "#0"}
			}
		},
		{
			"from": [2.8, 1, 17.4],
			"to": [6.8, 2, 27.4],
			"rotation": {"angle": 0, "axis": "y", "origin": [10.8, 9, 25.4]},
			"faces": {
				"north": {"uv": [0, 0, 0.5, 0.25], "texture": "#0"},
				"east": {"uv": [2.375, 8.25, 3.625, 8.5], "texture": "#0"},
				"south": {"uv": [3.125, 5.5, 3.625, 5.75], "texture": "#0"},
				"west": {"uv": [0.125, 8.25, 1.375, 8.5], "rotation": 180, "texture": "#0"},
				"up": {"uv": [1.375, 3, 1.875, 5.5], "rotation": 180, "texture": "#0"},
				"down": {"uv": [1.875, 5.75, 2.375, 8.25], "texture": "#0"}
			}
		},
		{
			"from": [9.2, 1, 17.4],
			"to": [13.2, 2, 27.4],
			"rotation": {"angle": 0, "axis": "y", "origin": [5.2, 9, 25.4]},
			"faces": {
				"north": {"uv": [0.5, 0, 0, 0.25], "texture": "#0"},
				"east": {"uv": [1.375, 8.25, 0.125, 8.5], "rotation": 180, "texture": "#0"},
				"south": {"uv": [3.625, 5.5, 3.125, 5.75], "texture": "#0"},
				"west": {"uv": [3.625, 8.25, 2.375, 8.5], "texture": "#0"},
				"up": {"uv": [1.375, 5.75, 1.875, 8.25], "rotation": 180, "texture": "#0"},
				"down": {"uv": [2.375, 5.75, 1.875, 8.25], "texture": "#0"}
			}
		}
	],
	"display": {
		"thirdperson_righthand": {
			"rotation": [50, 50, 0],
			"translation": [0, 1, 0],
			"scale": [0.3, 0.3, 0.3]
		},
		"thirdperson_lefthand": {
			"rotation": [50, 50, 0],
			"translation": [0, 1, 0],
			"scale": [0.3, 0.3, 0.3]
		},
		"firstperson_righthand": {
			"rotation": [10, 115, -10],
			"translation": [1, 4, 0],
			"scale": [0.3, 0.3, 0.3]
		},
		"firstperson_lefthand": {
			"rotation": [10, 115, -10],
			"translation": [1, 4, 0],
			"scale": [0.3, 0.3, 0.3]
		},
		"ground": {
			"translation": [0, 1.5, 0],
			"scale": [0.3, 0.3, 0.3]
		},
		"gui": {
			"rotation": [25, 135, 0],
			"translation": [0, 1.5, 0],
			"scale": [0.5, 0.5, 0.5]
		},
		"head": {
			"translation": [0, 10.4, 0],
			"scale": [0.5, 0.5, 0.5]
		},
		"fixed": {
			"rotation": [-90, 0, 0],
			"translation": [0, 0, -8]
		}
	}
}