{
	"credit": "Made with Blockbench",
	"parent": "block/block",
	"ambientocclusion": false,
	"textures": {
		"lamp": "block/end_rod/light_lamp",
		"particle": "block/end_rod/light_lamp"
	},
	"elements": [
		{
			"from": [6, 11, 1],
			"to": [10, 15, 2],
			"faces": {
				"north": {"uv": [2, 6, 6, 7], "texture": "lamp"},
				"east": {"uv": [9, 7, 11, 16], "texture": "lamp"},
				"south": {"uv": [9, 0, 15.5, 6.5], "texture": "lamp"},
				"west": {"uv": [9, 7, 11, 16], "texture": "lamp"},
				"up": {"uv": [9, 7, 11, 16], "rotation": 90, "texture": "lamp"},
				"down": {"uv": [11, 16, 9, 7], "rotation": 90, "texture": "lamp"}
			}
		},
		{
			"from": [7, 10, 4],
			"to": [9, 12, 6],
			"faces": {
				"north": {"uv": [9, 12, 11, 14], "texture": "lamp"},
				"east": {"uv": [9, 12, 11, 14], "texture": "lamp"},
				"south": {"uv": [9, 12, 11, 14], "texture": "lamp"},
				"west": {"uv": [9, 12, 11, 14], "texture": "lamp"},
				"up": {"uv": [2, 0, 4, 2], "texture": "lamp"},
				"down": {"uv": [4, 2, 2, 0], "texture": "lamp"}
			}
		},
		{
			"from": [5, 10, 0],
			"to": [11, 16, 1],
			"faces": {
				"north": {"uv": [9, 0, 15.5, 6.5], "texture": "lamp"},
				"east": {"uv": [11, 7, 13, 16], "texture": "lamp"},
				"south": {"uv": [9, 0, 15.5, 6.5], "texture": "lamp"},
				"west": {"uv": [9, 7, 11, 16], "texture": "lamp"},
				"up": {"uv": [9, 7, 11, 16], "rotation": 90, "texture": "lamp"},
				"down": {"uv": [11, 15.75, 9, 7], "rotation": 90, "texture": "lamp"}
			}
		},
		{
			"from": [5.5, 1, 2.5],
			"to": [10.5, 9, 7.5],
			"faces": {
				"north": {"uv": [0.5, 2, 8, 14], "texture": "lamp"},
				"east": {"uv": [0.5, 2, 8.5, 14], "texture": "lamp"},
				"south": {"uv": [0.5, 2, 8.5, 14], "texture": "lamp"},
				"west": {"uv": [0.5, 2, 8.5, 14], "texture": "lamp"},
				"up": {"uv": [0, 0, 0, 0], "texture": "lamp"},
				"down": {"uv": [4, 2, 2, 0], "texture": "lamp"}
			}
		},
		{
			"from": [7, 12, 2],
			"to": [9, 14, 6],
			"faces": {
				"north": {"uv": [0, 0, 2, 15], "texture": "lamp"},
				"east": {"uv": [13, 11.5, 15, 15.5], "rotation": 90, "texture": "lamp"},
				"south": {"uv": [11, 11.5, 13, 13.5], "texture": "lamp"},
				"west": {"uv": [13, 7.5, 15, 11.5], "rotation": 90, "texture": "lamp"},
				"up": {"uv": [13, 9, 15, 13], "texture": "lamp"},
				"down": {"uv": [14.75, 9, 13, 11], "rotation": 180, "texture": "lamp"}
			}
		},
		{
			"from": [5, 0, 2],
			"to": [11, 1, 8],
			"faces": {
				"north": {"uv": [0, 14, 9, 16], "texture": "lamp"},
				"east": {"uv": [0, 14, 9, 16], "texture": "lamp"},
				"south": {"uv": [0, 14, 9, 16], "texture": "lamp"},
				"west": {"uv": [0, 14, 9, 16], "texture": "lamp"},
				"up": {"uv": [9, 0, 15.5, 6.5], "texture": "lamp"},
				"down": {"uv": [9, 0, 15.5, 6.5], "texture": "lamp"}
			}
		},
		{
			"from": [5, 9, 2],
			"to": [11, 10, 8],
			"faces": {
				"north": {"uv": [0, 14, 9, 16], "texture": "lamp"},
				"east": {"uv": [0, 14, 9, 16], "texture": "lamp"},
				"south": {"uv": [0, 14, 9, 16], "texture": "lamp"},
				"west": {"uv": [0, 14, 9, 16], "texture": "lamp"},
				"up": {"uv": [9, 0, 15.5, 6.5], "texture": "lamp"},
				"down": {"uv": [9, 0, 15.5, 6.5], "texture": "lamp"}
			}
		}
	]
}