{
	"credit": "Made By WantedRobot",
	"parent": "block/block",
	"textures": {
		"1": "block/debris/bone"
	},
	"elements": [
		{
			"name": "Rocks",
			"from": [2.5, 4.5, -0.25],
			"to": [3, 5, 0],
			"faces": {
				"north": {"uv": [13, 11, 13.5, 11.5], "texture": "#1"},
				"east": {"uv": [13, 11, 13.5, 11.5], "texture": "#1"},
				"west": {"uv": [13, 11, 13.5, 11.5], "texture": "#1"},
				"up": {"uv": [13, 11, 13.5, 11.5], "rotation": 180, "texture": "#1"},
				"down": {"uv": [13, 11, 13.5, 11.5], "rotation": 180, "texture": "#1"}
			}
		},
		{
			"name": "Rocks",
			"from": [4, 3, -0.25],
			"to": [4.5, 3.5, 0],
			"faces": {
				"north": {"uv": [11.5, 12.5, 12, 13], "texture": "#1"},
				"east": {"uv": [11.5, 12.5, 12, 13], "texture": "#1"},
				"west": {"uv": [11.5, 12.5, 12, 13], "texture": "#1"},
				"up": {"uv": [11.5, 12.5, 12, 13], "rotation": 180, "texture": "#1"},
				"down": {"uv": [11.5, 12.5, 12, 13], "rotation": 180, "texture": "#1"}
			}
		},
		{
			"name": "Rocks",
			"from": [12, 5, -0.25],
			"to": [12.5, 5.5, 0],
			"faces": {
				"north": {"uv": [3.5, 10.5, 4, 11], "texture": "#1"},
				"east": {"uv": [3.5, 10.5, 4, 11], "texture": "#1"},
				"west": {"uv": [3.5, 10.5, 4, 11], "texture": "#1"},
				"up": {"uv": [3.5, 10.5, 4, 11], "rotation": 180, "texture": "#1"},
				"down": {"uv": [3.5, 10.5, 4, 11], "rotation": 180, "texture": "#1"}
			}
		},
		{
			"name": "Rocks",
			"from": [10, 4, -0.25],
			"to": [12, 4.5, 0],
			"faces": {
				"north": {"uv": [4, 11.5, 6, 12], "texture": "#1"},
				"east": {"uv": [4, 11.5, 4.5, 12], "texture": "#1"},
				"west": {"uv": [5.5, 11.5, 6, 12], "texture": "#1"},
				"up": {"uv": [4, 11.5, 6, 12], "rotation": 180, "texture": "#1"},
				"down": {"uv": [4, 11.5, 6, 12], "rotation": 180, "texture": "#1"}
			}
		},
		{
			"name": "Rocks",
			"from": [6, 10, -0.25],
			"to": [7, 11, 0],
			"faces": {
				"north": {"uv": [9, 5, 10, 6], "texture": "#1"},
				"east": {"uv": [9, 5, 9.5, 6], "texture": "#1"},
				"west": {"uv": [9.5, 5, 10, 6], "texture": "#1"},
				"up": {"uv": [9, 5, 10, 5.5], "rotation": 180, "texture": "#1"},
				"down": {"uv": [9, 5.5, 10, 6], "rotation": 180, "texture": "#1"}
			}
		},
		{
			"name": "Rocks",
			"from": [10, 3.5, -0.5],
			"to": [11, 4, 0],
			"faces": {
				"north": {"uv": [5, 12, 6, 12.5], "texture": "#1"},
				"east": {"uv": [5, 12, 5.5, 12.5], "texture": "#1"},
				"west": {"uv": [5.5, 12, 6, 12.5], "texture": "#1"},
				"up": {"uv": [3.5, 10.5, 4, 11], "rotation": 180, "texture": "#1"},
				"down": {"uv": [5, 12, 6, 12.5], "rotation": 180, "texture": "#1"}
			}
		},
		{
			"name": "bone",
			"from": [12.5, 11.5, -0.75],
			"to": [14, 13, -0.25],
			"faces": {
				"north": {"uv": [2, 3, 3.5, 4.5], "texture": "#1"},
				"east": {"uv": [2, 3, 2.5, 4.5], "texture": "#1"},
				"west": {"uv": [3, 3, 3.5, 4.5], "texture": "#1"},
				"up": {"uv": [2, 3, 3.5, 3.5], "rotation": 180, "texture": "#1"},
				"down": {"uv": [2, 4, 3.5, 4.5], "rotation": 180, "texture": "#1"}
			}
		},
		{
			"name": "bone",
			"from": [6, 7.5, -0.25],
			"to": [7, 8, 0],
			"faces": {
				"north": {"uv": [9, 8, 10, 8.5], "texture": "#1"},
				"east": {"uv": [9, 8, 9.5, 8.5], "texture": "#1"},
				"west": {"uv": [9.5, 8, 9.75, 8.5], "texture": "#1"},
				"up": {"uv": [9, 8, 10, 8.5], "rotation": 180, "texture": "#1"},
				"down": {"uv": [9, 8, 10, 8.5], "rotation": 180, "texture": "#1"}
			}
		},
		{
			"name": "bone",
			"from": [6.5, 8, -0.25],
			"to": [8, 8.5, 0],
			"faces": {
				"north": {"uv": [8, 7.5, 9.5, 8], "texture": "#1"},
				"east": {"uv": [8, 7.5, 8.5, 8], "texture": "#1"},
				"west": {"uv": [9.5, 8, 9.75, 8.5], "texture": "#1"},
				"up": {"uv": [9, 8, 10, 8.5], "rotation": 180, "texture": "#1"},
				"down": {"uv": [8, 7.5, 9.5, 8], "rotation": 180, "texture": "#1"}
			}
		},
		{
			"name": "bone",
			"from": [7, 8.5, -0.25],
			"to": [9, 9, 0],
			"faces": {
				"north": {"uv": [7, 7, 9, 7.5], "texture": "#1"},
				"east": {"uv": [7, 7, 7.5, 7.5], "texture": "#1"},
				"west": {"uv": [9.5, 8, 9.75, 8.5], "texture": "#1"},
				"up": {"uv": [9, 8, 10, 8.5], "rotation": 180, "texture": "#1"},
				"down": {"uv": [7, 7, 9, 7.5], "rotation": 180, "texture": "#1"}
			}
		},
		{
			"name": "bone",
			"from": [7, 9, -0.25],
			"to": [10.5, 9.5, 0],
			"faces": {
				"north": {"uv": [5.5, 6.5, 9, 7], "texture": "#1"},
				"east": {"uv": [5, 6, 5.5, 6.5], "texture": "#1"},
				"west": {"uv": [9.5, 8, 9.75, 8.5], "texture": "#1"},
				"up": {"uv": [9, 8, 10, 8.5], "rotation": 180, "texture": "#1"},
				"down": {"uv": [5.5, 6.5, 9, 7], "rotation": 180, "texture": "#1"}
			}
		},
		{
			"name": "bone",
			"from": [8, 10, -0.25],
			"to": [12, 10.5, 0],
			"faces": {
				"north": {"uv": [4, 5.5, 8, 6], "texture": "#1"},
				"east": {"uv": [4, 5.5, 4.5, 6], "texture": "#1"},
				"west": {"uv": [9.5, 8, 9.75, 8.5], "texture": "#1"},
				"up": {"uv": [9, 8, 10, 8.5], "rotation": 180, "texture": "#1"},
				"down": {"uv": [4, 5.5, 8, 6], "rotation": 180, "texture": "#1"}
			}
		},
		{
			"name": "bone",
			"from": [7.5, 9.5, -0.25],
			"to": [11, 10, 0],
			"faces": {
				"north": {"uv": [5, 6, 8.5, 6.5], "texture": "#1"},
				"east": {"uv": [5, 6, 5.5, 6.5], "texture": "#1"},
				"west": {"uv": [9.5, 8, 9.75, 8.5], "texture": "#1"},
				"up": {"uv": [9, 8, 10, 8.5], "rotation": 180, "texture": "#1"},
				"down": {"uv": [5, 6, 8.5, 6.5], "rotation": 180, "texture": "#1"}
			}
		},
		{
			"name": "bone",
			"from": [8.5, 10.5, -0.25],
			"to": [13, 11, 0],
			"faces": {
				"north": {"uv": [3, 5, 7.5, 5.5], "texture": "#1"},
				"east": {"uv": [4, 5.5, 4.5, 6], "texture": "#1"},
				"west": {"uv": [9.5, 8, 9.75, 8.5], "texture": "#1"},
				"up": {"uv": [9, 8, 10, 8.5], "rotation": 180, "texture": "#1"},
				"down": {"uv": [3, 5, 7.5, 5.5], "rotation": 180, "texture": "#1"}
			}
		},
		{
			"name": "bone",
			"from": [10.5, 11.5, -0.25],
			"to": [14.5, 13, 0],
			"faces": {
				"north": {"uv": [1.5, 3, 5.5, 4.5], "texture": "#1"},
				"east": {"uv": [1.5, 3, 2, 4.5], "texture": "#1"},
				"west": {"uv": [9.5, 8, 9.75, 8.5], "texture": "#1"},
				"up": {"uv": [9, 8, 10, 8.5], "rotation": 180, "texture": "#1"},
				"down": {"uv": [1.5, 4, 5.5, 4.5], "rotation": 180, "texture": "#1"}
			}
		},
		{
			"name": "bone",
			"from": [9, 11, -0.25],
			"to": [14, 11.5, 0],
			"faces": {
				"north": {"uv": [2, 4.5, 7, 5], "texture": "#1"},
				"east": {"uv": [2, 4.5, 2.5, 5], "texture": "#1"},
				"west": {"uv": [9.5, 8, 9.75, 8.5], "texture": "#1"},
				"up": {"uv": [9, 8, 10, 8.5], "rotation": 180, "texture": "#1"},
				"down": {"uv": [2, 4.5, 7, 5], "rotation": 180, "texture": "#1"}
			}
		},
		{
			"name": "bone",
			"from": [9.5, 11.5, -0.25],
			"to": [10.5, 12, 0],
			"faces": {
				"north": {"uv": [5, 3.5, 6, 4], "texture": "#1"},
				"east": {"uv": [9, 8, 9.5, 8.5], "texture": "#1"},
				"west": {"uv": [9.5, 8, 9.75, 8.5], "texture": "#1"},
				"up": {"uv": [9, 8, 10, 8.5], "rotation": 180, "texture": "#1"},
				"down": {"uv": [9, 8, 10, 8.5], "rotation": 180, "texture": "#1"}
			}
		},
		{
			"name": "bone",
			"from": [10, 12, -0.25],
			"to": [10.5, 12.5, 0],
			"faces": {
				"north": {"uv": [5.5, 3.5, 6, 4], "texture": "#1"},
				"east": {"uv": [9, 8, 9.5, 8.5], "texture": "#1"},
				"west": {"uv": [9.5, 8, 9.75, 8.5], "texture": "#1"},
				"up": {"uv": [9, 8, 10, 8.5], "rotation": 180, "texture": "#1"},
				"down": {"uv": [9, 8, 10, 8.5], "rotation": 180, "texture": "#1"}
			}
		},
		{
			"name": "bone",
			"from": [11, 13, -0.25],
			"to": [12.5, 15.5, 0],
			"faces": {
				"north": {"uv": [3.5, 0.5, 5, 3], "texture": "#1"},
				"east": {"uv": [9, 8, 9.5, 8.5], "texture": "#1"},
				"west": {"uv": [9.5, 8, 9.75, 8.5], "texture": "#1"},
				"up": {"uv": [9, 8, 10, 8.5], "rotation": 180, "texture": "#1"},
				"down": {"uv": [9, 8, 10, 8.5], "rotation": 180, "texture": "#1"}
			}
		},
		{
			"name": "bone",
			"from": [10, 13.5, -0.25],
			"to": [13.5, 14.5, 0],
			"faces": {
				"north": {"uv": [2.5, 1.5, 6, 2.5], "texture": "#1"},
				"east": {"uv": [9, 8, 9.5, 8.5], "texture": "#1"},
				"west": {"uv": [9.5, 8, 9.75, 8.5], "texture": "#1"},
				"up": {"uv": [9, 8, 10, 8.5], "rotation": 180, "texture": "#1"},
				"down": {"uv": [9, 8, 10, 8.5], "rotation": 180, "texture": "#1"}
			}
		},
		{
			"name": "bone",
			"from": [10.5, 13, -0.25],
			"to": [13, 15, 0],
			"faces": {
				"north": {"uv": [3, 1, 5.5, 3], "texture": "#1"},
				"east": {"uv": [9, 8, 9.5, 8.5], "texture": "#1"},
				"west": {"uv": [9.5, 8, 9.75, 8.5], "texture": "#1"},
				"up": {"uv": [9, 8, 10, 8.5], "rotation": 180, "texture": "#1"},
				"down": {"uv": [9, 8, 10, 8.5], "rotation": 180, "texture": "#1"}
			}
		},
		{
			"name": "bone",
			"from": [13, 13, -0.25],
			"to": [14, 13.5, 0],
			"faces": {
				"north": {"uv": [2, 2.5, 3, 3], "texture": "#1"},
				"east": {"uv": [9, 8, 9.5, 8.5], "texture": "#1"},
				"west": {"uv": [9.5, 8, 9.75, 8.5], "texture": "#1"},
				"up": {"uv": [9, 8, 10, 8.5], "rotation": 180, "texture": "#1"},
				"down": {"uv": [9, 8, 10, 8.5], "rotation": 180, "texture": "#1"}
			}
		},
		{
			"name": "bone",
			"from": [10.5, 13.5, -0.5],
			"to": [13, 14.5, -0.25],
			"faces": {
				"north": {"uv": [3, 1.5, 5.5, 2.5], "texture": "#1"},
				"east": {"uv": [3, 1.5, 3.5, 2.5], "texture": "#1"},
				"west": {"uv": [5, 1.5, 5.5, 2.5], "texture": "#1"},
				"up": {"uv": [3, 1.5, 5.5, 2], "rotation": 180, "texture": "#1"},
				"down": {"uv": [3, 2, 5.5, 2.5], "rotation": 180, "texture": "#1"}
			}
		},
		{
			"name": "bone",
			"from": [11, 11, -0.5],
			"to": [12.5, 15, -0.25],
			"faces": {
				"north": {"uv": [3.5, 1, 5, 5], "texture": "#1"},
				"east": {"uv": [3.5, 1, 4, 5], "texture": "#1"},
				"west": {"uv": [4.5, 1, 5, 5], "texture": "#1"},
				"up": {"uv": [3.5, 1, 5, 1.5], "rotation": 180, "texture": "#1"},
				"down": {"uv": [2, 4, 3.5, 4.5], "rotation": 180, "texture": "#1"}
			}
		},
		{
			"name": "bone",
			"from": [11, 13.5, -0.75],
			"to": [12.5, 14.5, -0.5],
			"faces": {
				"north": {"uv": [3.5, 1.5, 5, 2.5], "texture": "#1"},
				"east": {"uv": [3.5, 1.5, 4, 2.5], "texture": "#1"},
				"west": {"uv": [4.5, 1.5, 5, 2.5], "texture": "#1"},
				"up": {"uv": [3.5, 1.5, 5, 2], "rotation": 180, "texture": "#1"},
				"down": {"uv": [3.5, 2, 5, 2.5], "rotation": 180, "texture": "#1"}
			}
		},
		{
			"name": "bone",
			"from": [11.5, 11.5, -0.75],
			"to": [12.5, 12.5, -0.5],
			"faces": {
				"north": {"uv": [3.5, 3.5, 4.5, 4.5], "texture": "#1"},
				"west": {"uv": [4, 3.5, 4.5, 4.5], "texture": "#1"},
				"up": {"uv": [3.5, 3.5, 4.5, 4], "rotation": 180, "texture": "#1"},
				"down": {"uv": [3.5, 4, 4.5, 4.5], "rotation": 180, "texture": "#1"}
			}
		},
		{
			"name": "bone",
			"from": [10, 10.5, -0.5],
			"to": [11, 11.5, -0.25],
			"faces": {
				"north": {"uv": [5, 4.5, 6, 5.5], "texture": "#1"},
				"east": {"uv": [5, 4.5, 5.5, 5.5], "texture": "#1"},
				"west": {"uv": [5.5, 4.5, 6, 5.5], "texture": "#1"},
				"up": {"uv": [5, 4.5, 6, 5], "rotation": 180, "texture": "#1"},
				"down": {"uv": [5, 5, 6, 5.5], "rotation": 180, "texture": "#1"}
			}
		},
		{
			"name": "bone",
			"from": [10.5, 11.5, -0.5],
			"to": [11, 12, -0.25],
			"faces": {
				"north": {"uv": [5, 4, 5.5, 4.5], "texture": "#1"},
				"west": {"uv": [5, 4, 5.5, 4.5], "texture": "#1"},
				"up": {"uv": [5, 4, 5.5, 4.5], "rotation": 180, "texture": "#1"}
			}
		},
		{
			"name": "bone",
			"from": [9.5, 10, -0.5],
			"to": [10, 11, -0.25],
			"faces": {
				"north": {"uv": [6, 5, 6.5, 6], "texture": "#1"},
				"east": {"uv": [6, 5.5, 6.5, 6], "texture": "#1"},
				"west": {"uv": [6, 5, 6.5, 6], "texture": "#1"},
				"up": {"uv": [6, 5, 6.5, 5.5], "rotation": 180, "texture": "#1"},
				"down": {"uv": [6, 5.5, 6.5, 6], "rotation": 180, "texture": "#1"}
			}
		},
		{
			"name": "bone",
			"from": [9, 10, -0.5],
			"to": [9.5, 10.5, -0.25],
			"faces": {
				"north": {"uv": [6.5, 5.5, 7, 6], "texture": "#1"},
				"west": {"uv": [6.5, 5.5, 7, 6], "texture": "#1"},
				"up": {"uv": [6.5, 5.5, 7, 6], "rotation": 180, "texture": "#1"},
				"down": {"uv": [6.5, 5.5, 7, 6], "rotation": 180, "texture": "#1"}
			}
		}
	],
	"groups": [
		{
			"name": "Rocks",
			"children": [0, 1, 2, 3, 4, 5]
		},
		{
			"name": "Bone",
			"children": [6, 7, 8, 9, 10, 11, 12, 13, 14, 15, 16, 17, 18, 19, 20, 21, 22, 23, 24, 25, 26, 27, 28, 29]
		}
	]
}