{
	"credit": "Made By WantedRobot",
	"parent": "block/block",
	"textures": {
		"1": "block/debris/rock_4"
	},
	"elements": [
		{
			"name": "Rocks",
			"from": [3.5, 11.5, -0.25],
			"to": [5.5, 12.5, 0],
			"faces": {
				"north": {"uv": [10.5, 3.5, 12.5, 4.5], "texture": "#1"},
				"east": {"uv": [10.5, 3.5, 11, 4.5], "texture": "#1"},
				"west": {"uv": [12, 3.5, 12.5, 4.5], "texture": "#1"},
				"up": {"uv": [10.5, 3.5, 12.5, 4], "rotation": 180, "texture": "#1"},
				"down": {"uv": [10.5, 4, 12.5, 4.5], "rotation": 180, "texture": "#1"}
			}
		},
		{
			"name": "Rocks",
			"from": [3, 10, -0.25],
			"to": [3.5, 10.5, 0],
			"faces": {
				"north": {"uv": [12.5, 5.5, 13, 6], "texture": "#1"},
				"east": {"uv": [12.5, 5.5, 13, 6], "texture": "#1"},
				"west": {"uv": [12.5, 5.5, 13, 6], "texture": "#1"},
				"up": {"uv": [12.5, 5.5, 13, 6], "rotation": 180, "texture": "#1"},
				"down": {"uv": [12.5, 5.5, 13, 6], "rotation": 180, "texture": "#1"}
			}
		},
		{
			"name": "Rocks",
			"from": [1.5, 5.5, -0.25],
			"to": [2, 6, 0],
			"faces": {
				"north": {"uv": [14, 10, 14.5, 10.5], "texture": "#1"},
				"east": {"uv": [14, 10, 14.5, 10.5], "texture": "#1"},
				"west": {"uv": [14, 10, 14.5, 10.5], "texture": "#1"},
				"up": {"uv": [14, 10, 14.5, 10.5], "rotation": 180, "texture": "#1"},
				"down": {"uv": [14, 10, 14.5, 10.5], "rotation": 180, "texture": "#1"}
			}
		},
		{
			"name": "Rocks",
			"from": [8.5, 3, -0.25],
			"to": [9, 3.5, 0],
			"faces": {
				"north": {"uv": [7, 12.5, 7.5, 13], "texture": "#1"},
				"east": {"uv": [7, 12.5, 7.5, 13], "texture": "#1"},
				"west": {"uv": [7, 12.5, 7.5, 13], "texture": "#1"},
				"up": {"uv": [7, 12.5, 7.5, 13], "rotation": 180, "texture": "#1"},
				"down": {"uv": [7, 12.5, 7.5, 13], "rotation": 180, "texture": "#1"}
			}
		},
		{
			"name": "Rocks",
			"from": [12.5, 7, -0.25],
			"to": [13, 7.5, 0],
			"faces": {
				"north": {"uv": [3, 8.5, 3.5, 9], "texture": "#1"},
				"east": {"uv": [3, 8.5, 3.5, 9], "texture": "#1"},
				"west": {"uv": [3, 8.5, 3.5, 9], "texture": "#1"},
				"up": {"uv": [3, 8.5, 3.5, 9], "rotation": 180, "texture": "#1"},
				"down": {"uv": [3, 8.5, 3.5, 9], "rotation": 180, "texture": "#1"}
			}
		},
		{
			"name": "Rocks",
			"from": [14, 7.5, -0.25],
			"to": [14.5, 8, 0],
			"faces": {
				"north": {"uv": [1.5, 8, 2, 8.5], "texture": "#1"},
				"east": {"uv": [1.5, 8, 2, 8.5], "texture": "#1"},
				"west": {"uv": [1.5, 8, 2, 8.5], "texture": "#1"},
				"up": {"uv": [1.5, 8, 2, 8.5], "rotation": 180, "texture": "#1"}
			}
		},
		{
			"name": "Rocks",
			"from": [11.5, 12, -0.5],
			"to": [12.5, 13.5, 0],
			"faces": {
				"north": {"uv": [3.5, 2.5, 4.5, 4], "texture": "#1"},
				"east": {"uv": [3.5, 2.5, 4, 4], "texture": "#1"},
				"west": {"uv": [4, 2.5, 4.5, 4], "texture": "#1"},
				"up": {"uv": [3.5, 2.5, 4.5, 3], "rotation": 180, "texture": "#1"},
				"down": {"uv": [3.5, 3.5, 4.5, 4], "rotation": 180, "texture": "#1"}
			}
		},
		{
			"name": "Rocks",
			"from": [12.5, 12.5, -0.25],
			"to": [13, 13.5, 0],
			"faces": {
				"north": {"uv": [3, 2.5, 3.5, 3.5], "texture": "#1"},
				"east": {"uv": [3, 8.5, 3.5, 9], "texture": "#1"},
				"up": {"uv": [3, 2.5, 3.5, 3], "rotation": 180, "texture": "#1"},
				"down": {"uv": [3, 3, 3.5, 3.5], "rotation": 180, "texture": "#1"}
			}
		},
		{
			"name": "Rocks",
			"from": [13.5, 6.5, -0.5],
			"to": [15, 7.5, 0],
			"faces": {
				"north": {"uv": [1, 8.5, 2.5, 9.5], "texture": "#1"},
				"east": {"uv": [1, 8.5, 1.5, 9.5], "texture": "#1"},
				"west": {"uv": [2, 8.5, 2.5, 9.5], "texture": "#1"},
				"up": {"uv": [1, 8.5, 2.5, 9], "rotation": 180, "texture": "#1"},
				"down": {"uv": [1, 9, 2.5, 9.5], "rotation": 180, "texture": "#1"}
			}
		},
		{
			"name": "Rocks",
			"from": [13, 6, -0.25],
			"to": [14.5, 7, 0],
			"faces": {
				"north": {"uv": [1.5, 9, 3, 10], "texture": "#1"},
				"east": {"uv": [1.5, 9, 2, 10], "texture": "#1"},
				"west": {"uv": [2.5, 9, 3, 10], "texture": "#1"},
				"up": {"uv": [1.5, 9, 3, 9.5], "rotation": 180, "texture": "#1"},
				"down": {"uv": [1.5, 9.5, 3, 10], "rotation": 180, "texture": "#1"}
			}
		},
		{
			"name": "Rocks",
			"from": [7.5, 6, -0.25],
			"to": [9, 7, 0],
			"faces": {
				"north": {"uv": [7, 9, 8.5, 10], "texture": "#1"},
				"east": {"uv": [7, 9, 7.5, 10], "texture": "#1"},
				"west": {"uv": [8, 9, 8.5, 10], "texture": "#1"},
				"up": {"uv": [7, 9, 8.5, 9.5], "rotation": 180, "texture": "#1"},
				"down": {"uv": [7, 9.5, 8.5, 10], "rotation": 180, "texture": "#1"}
			}
		},
		{
			"name": "Rocks",
			"from": [13, 9, -0.25],
			"to": [14, 10, 0],
			"faces": {
				"north": {"uv": [2, 6, 3, 7], "texture": "#1"},
				"east": {"uv": [2, 6, 2.5, 7], "texture": "#1"},
				"west": {"uv": [2.5, 6, 3, 7], "texture": "#1"},
				"up": {"uv": [2, 6, 3, 6.5], "rotation": 180, "texture": "#1"},
				"down": {"uv": [2, 6.5, 3, 7], "rotation": 180, "texture": "#1"}
			}
		},
		{
			"name": "Rocks",
			"from": [3, 4, -0.25],
			"to": [4, 5, 0],
			"faces": {
				"north": {"uv": [12, 11, 13, 12], "texture": "#1"},
				"east": {"uv": [12, 11, 12.5, 12], "texture": "#1"},
				"west": {"uv": [12.5, 11, 13, 12], "texture": "#1"},
				"up": {"uv": [12, 11, 13, 11.5], "rotation": 180, "texture": "#1"},
				"down": {"uv": [12, 11.5, 13, 12], "rotation": 180, "texture": "#1"}
			}
		},
		{
			"name": "Rocks",
			"from": [7, 5.5, -0.5],
			"to": [8, 6.5, 0],
			"faces": {
				"north": {"uv": [8, 9.5, 9, 10.5], "texture": "#1"},
				"east": {"uv": [8, 9.5, 8.5, 10.5], "texture": "#1"},
				"west": {"uv": [8.5, 9.5, 9, 10.5], "texture": "#1"},
				"up": {"uv": [8, 9.5, 9, 10], "rotation": 180, "texture": "#1"},
				"down": {"uv": [8, 10, 9, 10.5], "rotation": 180, "texture": "#1"}
			}
		},
		{
			"name": "Rocks",
			"from": [9, 6.5, -0.25],
			"to": [9.5, 7, 0],
			"faces": {
				"north": {"uv": [6.5, 9, 7, 9.5], "texture": "#1"},
				"east": {"uv": [6.5, 9, 7, 9.5], "texture": "#1"},
				"up": {"uv": [6.5, 9, 7, 9.5], "rotation": 180, "texture": "#1"},
				"down": {"uv": [6.5, 9, 7, 9.5], "rotation": 180, "texture": "#1"}
			}
		},
		{
			"name": "Rocks",
			"from": [2, 4.5, -0.25],
			"to": [3, 5, 0],
			"faces": {
				"north": {"uv": [13, 11, 14, 11.5], "texture": "#1"},
				"west": {"uv": [13.5, 11, 14, 11.5], "texture": "#1"},
				"up": {"uv": [13, 11, 14, 11.5], "rotation": 180, "texture": "#1"},
				"down": {"uv": [13, 11, 14, 11.5], "rotation": 180, "texture": "#1"}
			}
		}
	],
	"groups": [
		{
			"name": "Rocks",
			"children": [0, 1, 2, 3, 4, 5, 6, 7, 8, 9, 10, 11, 12, 13, 14, 15]
		}
	]
}