{
	"credit": "Made By WantedRobot",
	"parent": "block/block",
	"textures": {
		"1": "block/debris/rock_2"
	},
	"elements": [
		{
			"name": "Rocks",
			"from": [13, 8, -0.25],
			"to": [14, 9.5, 0],
			"faces": {
				"north": {"uv": [2, 6.5, 3, 8], "texture": "#1", "cullface": "north"},
				"east": {"uv": [2, 6.5, 2.5, 8], "texture": "#1", "cullface": "north"},
				"west": {"uv": [2.5, 6.5, 3, 8], "texture": "#1", "cullface": "north"},
				"up": {"uv": [2, 6.5, 3, 7], "rotation": 180, "texture": "#1", "cullface": "north"},
				"down": {"uv": [2, 7.5, 3, 8], "rotation": 180, "texture": "#1", "cullface": "north"}
			}
		},
		{
			"name": "Rocks",
			"from": [13.5, 7.5, -0.25],
			"to": [14.5, 9, 0],
			"faces": {
				"north": {"uv": [1.5, 7, 2.5, 8.5], "texture": "#1", "cullface": "north"},
				"east": {"uv": [1.5, 7, 2, 8.5], "texture": "#1", "cullface": "north"},
				"west": {"uv": [2, 7, 2.5, 8.5], "texture": "#1", "cullface": "north"},
				"up": {"uv": [1.5, 7, 2.5, 7.5], "rotation": 180, "texture": "#1", "cullface": "north"},
				"down": {"uv": [1.5, 8, 2.5, 8.5], "rotation": 180, "texture": "#1", "cullface": "north"}
			}
		},
		{
			"name": "Rocks",
			"from": [13.5, 8, -0.5],
			"to": [14, 9, -0.25],
			"faces": {
				"north": {"uv": [2, 7, 2.5, 8], "texture": "#1", "cullface": "north"},
				"east": {"uv": [2, 7, 2.5, 8], "texture": "#1", "cullface": "north"},
				"west": {"uv": [2, 7, 2.5, 8], "texture": "#1", "cullface": "north"},
				"up": {"uv": [2, 7, 2.5, 7.5], "rotation": 180, "texture": "#1", "cullface": "north"},
				"down": {"uv": [2, 7.5, 2.5, 8], "rotation": 180, "texture": "#1", "cullface": "north"}
			}
		},
		{
			"name": "Rocks",
			"from": [10.5, 5.5, -0.25],
			"to": [14, 6.5, 0],
			"faces": {
				"north": {"uv": [2, 9.5, 5.5, 10.5], "texture": "#1", "cullface": "north"},
				"east": {"uv": [2, 9.5, 2.5, 10.5], "texture": "#1", "cullface": "north"},
				"west": {"uv": [5, 9.5, 5.5, 10.5], "texture": "#1", "cullface": "north"},
				"up": {"uv": [2, 9.5, 5.5, 10], "rotation": 180, "texture": "#1", "cullface": "north"},
				"down": {"uv": [2, 10, 5.5, 10.5], "rotation": 180, "texture": "#1", "cullface": "north"}
			}
		},
		{
			"name": "Rocks",
			"from": [11, 5, -0.25],
			"to": [13.5, 5.5, 0],
			"faces": {
				"north": {"uv": [2.5, 10.5, 5, 11], "texture": "#1", "cullface": "north"},
				"east": {"uv": [2.5, 10.5, 3, 11], "texture": "#1", "cullface": "north"},
				"west": {"uv": [4.5, 10.5, 5, 11], "texture": "#1", "cullface": "north"},
				"down": {"uv": [2.5, 10.5, 5, 11], "rotation": 180, "texture": "#1", "cullface": "north"}
			}
		},
		{
			"name": "Rocks",
			"from": [11.5, 4.5, -0.25],
			"to": [13, 7, 0],
			"faces": {
				"north": {"uv": [3, 9, 4.5, 11.5], "texture": "#1", "cullface": "north"},
				"east": {"uv": [3, 9, 3.5, 11.5], "texture": "#1", "cullface": "north"},
				"west": {"uv": [4, 11, 4.5, 11.5], "texture": "#1", "cullface": "north"},
				"up": {"uv": [3, 9, 4.5, 9.5], "rotation": 180, "texture": "#1", "cullface": "north"},
				"down": {"uv": [3, 11, 4.5, 11.5], "rotation": 180, "texture": "#1", "cullface": "north"}
			}
		},
		{
			"name": "Rocks",
			"from": [10, 6.5, -0.25],
			"to": [11.5, 7, 0],
			"faces": {
				"north": {"uv": [4.5, 9, 6, 9.5], "texture": "#1", "cullface": "north"},
				"west": {"uv": [5.5, 9, 6, 9.5], "texture": "#1", "cullface": "north"},
				"up": {"uv": [4.5, 9, 6, 9.5], "rotation": 180, "texture": "#1", "cullface": "north"},
				"down": {"uv": [4.5, 9, 6, 9.5], "rotation": 180, "texture": "#1", "cullface": "north"}
			}
		},
		{
			"name": "Rocks",
			"from": [11, 5.5, -0.5],
			"to": [13.5, 6.5, -0.25],
			"faces": {
				"north": {"uv": [2.5, 9.5, 5, 10.5], "texture": "#1", "cullface": "north"},
				"east": {"uv": [2.5, 9.5, 3, 10.5], "texture": "#1", "cullface": "north"},
				"west": {"uv": [4.5, 9.5, 5, 10.5], "texture": "#1", "cullface": "north"},
				"up": {"uv": [2.5, 9.5, 5, 10], "rotation": 180, "texture": "#1", "cullface": "north"},
				"down": {"uv": [2, 7.5, 2.5, 8], "rotation": 180, "texture": "#1", "cullface": "north"}
			}
		},
		{
			"name": "Rocks",
			"from": [11, 10, -0.25],
			"to": [11.5, 11, 0],
			"faces": {
				"north": {"uv": [4.5, 5, 5, 6], "texture": "#1", "cullface": "north"},
				"east": {"uv": [4.5, 5, 5, 6], "texture": "#1", "cullface": "north"},
				"up": {"uv": [4.5, 5, 5, 5.5], "rotation": 180, "texture": "#1", "cullface": "north"},
				"down": {"uv": [4.5, 5.5, 5, 6], "rotation": 180, "texture": "#1", "cullface": "north"}
			}
		},
		{
			"name": "Rocks",
			"from": [10, 10, -0.5],
			"to": [11, 11.5, 0],
			"faces": {
				"north": {"uv": [5, 4.5, 6, 6], "texture": "#1", "cullface": "north"},
				"east": {"uv": [5, 4.5, 5.5, 6], "texture": "#1", "cullface": "north"},
				"west": {"uv": [5.5, 4.5, 6, 6], "texture": "#1", "cullface": "north"},
				"up": {"uv": [5, 4.5, 6, 5], "rotation": 180, "texture": "#1", "cullface": "north"},
				"down": {"uv": [5, 5.5, 6, 6], "rotation": 180, "texture": "#1", "cullface": "north"}
			}
		},
		{
			"name": "Rocks",
			"from": [9.5, 10, -0.25],
			"to": [10, 11.5, 0],
			"faces": {
				"north": {"uv": [6, 4.5, 6.5, 6], "texture": "#1", "cullface": "north"},
				"west": {"uv": [6, 4.5, 6.5, 6], "texture": "#1", "cullface": "north"},
				"up": {"uv": [6, 4.5, 6.5, 5], "rotation": 180, "texture": "#1", "cullface": "north"},
				"down": {"uv": [6, 5.5, 6.5, 6], "rotation": 180, "texture": "#1", "cullface": "north"}
			}
		},
		{
			"name": "Rocks",
			"from": [10.5, 9.5, -0.25],
			"to": [11, 10, 0],
			"faces": {
				"north": {"uv": [5, 6, 5.5, 6.5], "texture": "#1", "cullface": "north"},
				"east": {"uv": [5, 6, 5.5, 6.5], "texture": "#1", "cullface": "north"},
				"west": {"uv": [5, 6, 5.5, 6.5], "texture": "#1", "cullface": "north"},
				"down": {"uv": [5, 6, 5.5, 6.5], "rotation": 180, "texture": "#1", "cullface": "north"}
			}
		},
		{
			"name": "Rocks",
			"from": [5.5, 11.5, -0.25],
			"to": [8, 13.5, 0],
			"faces": {
				"north": {"uv": [8, 2.5, 10.5, 4.5], "texture": "#1", "cullface": "north"},
				"east": {"uv": [8, 2.5, 8.5, 4.5], "texture": "#1", "cullface": "north"},
				"west": {"uv": [10, 2.5, 10.25, 4.5], "texture": "#1", "cullface": "north"},
				"up": {"uv": [8, 2.5, 10.5, 3], "rotation": 180, "texture": "#1", "cullface": "north"},
				"down": {"uv": [8, 4, 10.5, 4.5], "rotation": 180, "texture": "#1", "cullface": "north"}
			}
		},
		{
			"name": "Rocks",
			"from": [5, 12, -0.25],
			"to": [8.5, 13, 0],
			"faces": {
				"north": {"uv": [7.5, 3, 11, 4], "texture": "#1", "cullface": "north"},
				"east": {"uv": [7.5, 3, 8, 4], "texture": "#1", "cullface": "north"},
				"west": {"uv": [10.5, 3, 11, 4], "texture": "#1", "cullface": "north"},
				"up": {"uv": [7.5, 3, 11, 3.5], "rotation": 180, "texture": "#1", "cullface": "north"},
				"down": {"uv": [7.5, 3.5, 11, 4], "rotation": 180, "texture": "#1", "cullface": "north"}
			}
		},
		{
			"name": "Rocks",
			"from": [4.5, 12, -0.25],
			"to": [5, 12.5, 0],
			"faces": {
				"north": {"uv": [11, 3.5, 11.5, 4], "texture": "#1", "cullface": "north"},
				"west": {"uv": [11, 3.5, 11.5, 4], "texture": "#1", "cullface": "north"},
				"up": {"uv": [11, 3.5, 11.5, 4], "rotation": 180, "texture": "#1", "cullface": "north"},
				"down": {"uv": [11, 3.5, 11.5, 4], "rotation": 180, "texture": "#1", "cullface": "north"}
			}
		},
		{
			"name": "Rocks",
			"from": [5.5, 11, -0.25],
			"to": [7, 11.5, 0],
			"faces": {
				"north": {"uv": [9, 4.5, 10.5, 5], "texture": "#1", "cullface": "north"},
				"east": {"uv": [9, 4.5, 9.5, 5], "texture": "#1", "cullface": "north"},
				"west": {"uv": [10, 4.5, 10.5, 5], "texture": "#1", "cullface": "north"},
				"down": {"uv": [9, 4.5, 10.5, 5], "rotation": 180, "texture": "#1", "cullface": "north"}
			}
		},
		{
			"name": "Rocks",
			"from": [5, 11.5, -0.25],
			"to": [5.5, 12, 0],
			"faces": {
				"north": {"uv": [10.5, 4, 11, 4.5], "texture": "#1", "cullface": "north"},
				"west": {"uv": [10.5, 4, 11, 4.5], "texture": "#1", "cullface": "north"},
				"down": {"uv": [10.5, 4, 11, 4.5], "rotation": 180, "texture": "#1", "cullface": "north"}
			}
		},
		{
			"name": "Rocks",
			"from": [6, 11.5, -0.5],
			"to": [7.5, 13, -0.25],
			"faces": {
				"north": {"uv": [8.5, 3, 10, 4.5], "texture": "#1", "cullface": "north"},
				"east": {"uv": [8.5, 3, 9, 4.5], "texture": "#1", "cullface": "north"},
				"west": {"uv": [9.5, 3, 10, 4.5], "texture": "#1", "cullface": "north"},
				"up": {"uv": [8.5, 3, 10, 3.5], "rotation": 180, "texture": "#1", "cullface": "north"},
				"down": {"uv": [8.5, 4, 10, 4.5], "rotation": 180, "texture": "#1", "cullface": "north"}
			}
		},
		{
			"name": "Rocks",
			"from": [7.5, 12, -0.5],
			"to": [8, 13, -0.25],
			"faces": {
				"north": {"uv": [8, 3, 8.5, 4], "texture": "#1", "cullface": "north"},
				"east": {"uv": [8, 3, 8.5, 4], "texture": "#1", "cullface": "north"},
				"up": {"uv": [8, 3, 8.5, 3.5], "rotation": 180, "texture": "#1", "cullface": "north"},
				"down": {"uv": [8, 3.5, 8.5, 4], "rotation": 180, "texture": "#1", "cullface": "north"}
			}
		},
		{
			"name": "Rocks",
			"from": [2.5, 10, -0.5],
			"to": [4, 11.5, -0.25],
			"faces": {
				"north": {"uv": [12, 4.5, 13.5, 6], "texture": "#1", "cullface": "north"},
				"east": {"uv": [12, 4.5, 12.5, 6], "texture": "#1", "cullface": "north"},
				"west": {"uv": [13, 4.5, 13.5, 6], "texture": "#1", "cullface": "north"},
				"up": {"uv": [12, 4.5, 13.5, 5], "rotation": 180, "texture": "#1", "cullface": "north"},
				"down": {"uv": [12, 5.5, 13.5, 6], "rotation": 180, "texture": "#1", "cullface": "north"}
			}
		},
		{
			"name": "Rocks",
			"from": [2.5, 9.5, -0.25],
			"to": [4.5, 12, 0],
			"faces": {
				"north": {"uv": [11.5, 4, 13.5, 6.5], "texture": "#1", "cullface": "north"},
				"east": {"uv": [11.5, 4, 12, 6.5], "texture": "#1", "cullface": "north"},
				"west": {"uv": [13, 4, 13.5, 6.5], "texture": "#1", "cullface": "north"},
				"up": {"uv": [11.5, 4, 13.5, 4.5], "rotation": 180, "texture": "#1", "cullface": "north"},
				"down": {"uv": [11.5, 6, 13.5, 6.5], "rotation": 180, "texture": "#1", "cullface": "north"}
			}
		},
		{
			"name": "Rocks",
			"from": [2, 10, -0.25],
			"to": [5, 11.5, 0],
			"faces": {
				"north": {"uv": [11, 4.5, 14, 6], "texture": "#1", "cullface": "north"},
				"east": {"uv": [11, 4.5, 11.5, 6], "texture": "#1", "cullface": "north"},
				"west": {"uv": [13.5, 4.5, 14, 6], "texture": "#1", "cullface": "north"},
				"up": {"uv": [11, 4.5, 14, 5], "rotation": 180, "texture": "#1", "cullface": "north"},
				"down": {"uv": [11, 5.5, 14, 6], "rotation": 180, "texture": "#1", "cullface": "north"}
			}
		},
		{
			"name": "Rocks",
			"from": [1.5, 9.5, -0.25],
			"to": [2.5, 11, 0],
			"faces": {
				"north": {"uv": [13.5, 5, 14.5, 6.5], "texture": "#1", "cullface": "north"},
				"west": {"uv": [14, 5, 14.5, 6.5], "texture": "#1", "cullface": "north"},
				"up": {"uv": [14, 5, 14.5, 5.5], "rotation": 180, "texture": "#1", "cullface": "north"},
				"down": {"uv": [13.5, 6, 14.5, 6.5], "rotation": 180, "texture": "#1", "cullface": "north"}
			}
		},
		{
			"name": "Rocks",
			"from": [2.5, 9, -0.25],
			"to": [3, 9.5, 0],
			"faces": {
				"north": {"uv": [13, 6.5, 13.5, 7], "texture": "#1", "cullface": "north"},
				"east": {"uv": [13, 6.5, 13.25, 7], "texture": "#1", "cullface": "north"},
				"west": {"uv": [13, 6.5, 13.5, 7], "texture": "#1", "cullface": "north"},
				"down": {"uv": [13, 6.5, 13.5, 7], "rotation": 180, "texture": "#1", "cullface": "north"}
			}
		},
		{
			"name": "Rocks",
			"from": [4, 10, -0.5],
			"to": [4.5, 10.5, -0.25],
			"faces": {
				"north": {"uv": [11.5, 5.5, 12, 6], "texture": "#1", "cullface": "north"},
				"east": {"uv": [11.5, 5.5, 12, 6], "texture": "#1", "cullface": "north"},
				"up": {"uv": [11.5, 5.5, 12, 6], "rotation": 180, "texture": "#1", "cullface": "north"},
				"down": {"uv": [11.5, 5.5, 12, 6], "rotation": 180, "texture": "#1", "cullface": "north"}
			}
		},
		{
			"name": "Rocks",
			"from": [3.5, 5.5, -0.25],
			"to": [6.5, 8, 0],
			"faces": {
				"north": {"uv": [9.5, 8, 12.5, 10.5], "texture": "#1", "cullface": "north"},
				"east": {"uv": [11.5, 4, 12, 6.5], "texture": "#1", "cullface": "north"},
				"west": {"uv": [12, 8, 12.5, 10.5], "texture": "#1", "cullface": "north"},
				"up": {"uv": [9.5, 8, 12.5, 8.5], "rotation": 180, "texture": "#1", "cullface": "north"},
				"down": {"uv": [11.5, 6, 13.5, 6.5], "rotation": 180, "texture": "#1", "cullface": "north"}
			}
		},
		{
			"name": "Rocks",
			"from": [3, 6, -0.25],
			"to": [3.5, 7, 0],
			"faces": {
				"north": {"uv": [12.5, 9, 13, 10], "texture": "#1", "cullface": "north"},
				"west": {"uv": [12.5, 9, 13, 10], "texture": "#1", "cullface": "north"},
				"up": {"uv": [12.5, 9, 13, 9.25], "rotation": 180, "texture": "#1", "cullface": "north"},
				"down": {"uv": [12.5, 9.5, 13, 10], "rotation": 180, "texture": "#1", "cullface": "north"}
			}
		},
		{
			"name": "Rocks",
			"from": [6.5, 5.5, -0.25],
			"to": [7, 7.5, 0],
			"faces": {
				"north": {"uv": [9, 8.5, 9.5, 10.5], "texture": "#1", "cullface": "north"},
				"east": {"uv": [9, 8.5, 9.25, 10.5], "texture": "#1", "cullface": "north"},
				"up": {"uv": [9, 8.5, 9.5, 8.75], "rotation": 180, "texture": "#1", "cullface": "north"},
				"down": {"uv": [9, 10, 9.5, 10.5], "rotation": 180, "texture": "#1", "cullface": "north"}
			}
		},
		{
			"name": "Rocks",
			"from": [7, 6, -0.25],
			"to": [7.5, 7, 0],
			"faces": {
				"north": {"uv": [8.5, 9, 9, 10], "texture": "#1", "cullface": "north"},
				"east": {"uv": [8.5, 9, 8.75, 10], "texture": "#1", "cullface": "north"},
				"up": {"uv": [8.5, 9, 9, 9.25], "rotation": 180, "texture": "#1", "cullface": "north"},
				"down": {"uv": [8.5, 9.5, 9, 10], "rotation": 180, "texture": "#1", "cullface": "north"}
			}
		},
		{
			"name": "Rocks",
			"from": [4, 5, -0.5],
			"to": [6.5, 7, 0],
			"faces": {
				"north": {"uv": [9.5, 9, 12, 11], "texture": "#1", "cullface": "north"},
				"east": {"uv": [9.5, 9, 10, 11], "texture": "#1", "cullface": "north"},
				"west": {"uv": [11.5, 9, 12, 11], "texture": "#1", "cullface": "north"},
				"up": {"uv": [9.5, 9, 12, 9.5], "rotation": 180, "texture": "#1", "cullface": "north"},
				"down": {"uv": [9.5, 10.5, 12, 11], "rotation": 180, "texture": "#1", "cullface": "north"}
			}
		},
		{
			"name": "Rocks",
			"from": [4.5, 6, -0.75],
			"to": [6, 7.5, -0.25],
			"faces": {
				"north": {"uv": [10, 8.5, 11.5, 10], "texture": "#1", "cullface": "north"},
				"east": {"uv": [10, 8.5, 10.5, 10], "texture": "#1", "cullface": "north"},
				"west": {"uv": [11, 8.5, 11.5, 10], "texture": "#1", "cullface": "north"},
				"up": {"uv": [10, 8.5, 11.5, 9], "rotation": 180, "texture": "#1", "cullface": "north"},
				"down": {"uv": [10, 9.5, 11.5, 10], "rotation": 180, "texture": "#1", "cullface": "north"}
			}
		}
	],
	"groups": [
		{
			"name": "Rocks",
			"children": [0, 1, 2, 3, 4, 5, 6, 7, 8, 9, 10, 11, 12, 13, 14, 15, 16, 17, 18, 19, 20, 21, 22, 23, 24, 25, 26, 27, 28, 29, 30]
		}
	]
}