{
	"credit": "Made By WantedRobot",
	"parent": "block/block",
	"textures": {
		"1": "block/debris/rock_5"
	},
	"elements": [
		{
			"name": "Rocks",
			"from": [4, 3, -0.25],
			"to": [7, 7.5, 0],
			"faces": {
				"north": {"uv": [9, 8.5, 12, 13], "texture": "#1", "cullface": "north"},
				"east": {"uv": [9, 8.5, 9.5, 13], "texture": "#1", "cullface": "north"},
				"west": {"uv": [11.5, 8.5, 12, 13], "texture": "#1", "cullface": "north"},
				"up": {"uv": [9, 8.5, 12, 8.75], "rotation": 180, "texture": "#1", "cullface": "north"},
				"down": {"uv": [9, 12.5, 12, 12.75], "rotation": 180, "texture": "#1", "cullface": "north"}
			}
		},
		{
			"name": "Rocks",
			"from": [3, 4, -0.25],
			"to": [7.5, 7, 0],
			"faces": {
				"north": {"uv": [8.5, 9, 13, 12], "texture": "#1", "cullface": "north"},
				"east": {"uv": [8.5, 9, 9, 12], "texture": "#1", "cullface": "north"},
				"west": {"uv": [12.5, 9, 13, 12], "texture": "#1", "cullface": "north"},
				"up": {"uv": [8.5, 9, 13, 9.25], "rotation": 180, "texture": "#1", "cullface": "north"},
				"down": {"uv": [8.5, 11.5, 13, 11.75], "rotation": 180, "texture": "#1", "cullface": "north"}
			}
		},
		{
			"name": "Rocks",
			"from": [2.5, 5, -0.25],
			"to": [3, 6.5, 0],
			"faces": {
				"north": {"uv": [13, 9.5, 13.5, 11], "texture": "#1", "cullface": "north"},
				"west": {"uv": [13, 9.5, 13.5, 11], "texture": "#1", "cullface": "north"},
				"up": {"uv": [13, 9.5, 13.5, 9.75], "rotation": 180, "texture": "#1", "cullface": "north"},
				"down": {"uv": [13, 10.5, 13.5, 10.75], "rotation": 180, "texture": "#1", "cullface": "north"}
			}
		},
		{
			"name": "Rocks",
			"from": [3.5, 7, -0.25],
			"to": [4, 7.5, 0],
			"faces": {
				"north": {"uv": [12, 8.5, 12.5, 9], "texture": "#1", "cullface": "north"},
				"west": {"uv": [12.5, 9.25, 13, 9.5], "texture": "#1", "cullface": "north"},
				"up": {"uv": [12, 8.5, 12.5, 8.75], "rotation": 180, "texture": "#1", "cullface": "north"}
			}
		},
		{
			"name": "Rocks",
			"from": [4, 7.5, -0.25],
			"to": [6.5, 8, 0],
			"faces": {
				"north": {"uv": [9.5, 8, 12, 8.5], "texture": "#1", "cullface": "north"},
				"east": {"uv": [9.5, 8, 10, 8.5], "rotation": 180, "texture": "#1", "cullface": "north"},
				"west": {"uv": [12, 8.5, 12.5, 8.75], "texture": "#1", "cullface": "north"},
				"up": {"uv": [9.5, 8, 12, 8.25], "rotation": 180, "texture": "#1", "cullface": "north"}
			}
		},
		{
			"name": "Rocks",
			"from": [4.5, 8, -0.25],
			"to": [6, 8.5, 0],
			"faces": {
				"north": {"uv": [10, 7.5, 11.5, 8], "texture": "#1", "cullface": "north"},
				"east": {"uv": [10, 7.5, 10.5, 8], "rotation": 180, "texture": "#1", "cullface": "north"},
				"west": {"uv": [11, 7.5, 11.5, 7.75], "texture": "#1", "cullface": "north"},
				"up": {"uv": [10, 7.5, 11.5, 7.75], "rotation": 180, "texture": "#1", "cullface": "north"}
			}
		},
		{
			"name": "Rocks",
			"from": [7.5, 4, -0.25],
			"to": [8, 6, 0],
			"faces": {
				"north": {"uv": [8, 10, 8.5, 12], "texture": "#1", "cullface": "north"},
				"east": {"uv": [8, 10, 8.5, 12], "texture": "#1", "cullface": "north"},
				"up": {"uv": [8, 10, 8.5, 10.25], "rotation": 180, "texture": "#1", "cullface": "north"},
				"down": {"uv": [10.5, 12.75, 12, 13], "rotation": 180, "texture": "#1", "cullface": "north"}
			}
		},
		{
			"name": "Rocks",
			"from": [7, 3.5, -0.25],
			"to": [7.5, 4, 0],
			"faces": {
				"north": {"uv": [8.5, 12, 9, 12.5], "texture": "#1", "cullface": "north"},
				"east": {"uv": [8.5, 12, 9, 12.5], "rotation": 180, "texture": "#1", "cullface": "north"},
				"down": {"uv": [10.5, 12.75, 12, 13], "rotation": 180, "texture": "#1", "cullface": "north"}
			}
		},
		{
			"name": "Rocks",
			"from": [4.5, 4.5, -0.7],
			"to": [6.5, 7, -0.2],
			"faces": {
				"north": {"uv": [9.5, 9, 11.5, 11.5], "texture": "#1", "cullface": "north"},
				"east": {"uv": [9.5, 9, 10, 11.5], "rotation": 180, "texture": "#1", "cullface": "north"},
				"west": {"uv": [11, 8.5, 11.5, 11], "texture": "#1", "cullface": "north"},
				"up": {"uv": [9.5, 9, 11.5, 9.5], "rotation": 180, "texture": "#1", "cullface": "north"},
				"down": {"uv": [9.5, 11, 11.5, 11.5], "rotation": 180, "texture": "#1", "cullface": "north"}
			}
		},
		{
			"name": "Rocks",
			"from": [5, 4, -0.7],
			"to": [7.5, 6, -0.2],
			"faces": {
				"north": {"uv": [8.5, 10, 11, 12], "texture": "#1", "cullface": "north"},
				"east": {"uv": [8.5, 10, 9, 12], "rotation": 180, "texture": "#1", "cullface": "north"},
				"west": {"uv": [10.5, 10, 11, 12], "texture": "#1", "cullface": "north"},
				"up": {"uv": [8.5, 10, 11, 10.5], "rotation": 180, "texture": "#1", "cullface": "north"},
				"down": {"uv": [8.5, 11.5, 11, 12], "rotation": 180, "texture": "#1", "cullface": "north"}
			}
		},
		{
			"name": "Rocks",
			"from": [3.5, 4.5, -0.7],
			"to": [4.5, 6.5, -0.2],
			"faces": {
				"north": {"uv": [11.5, 9.5, 12.5, 11.5], "texture": "#1", "cullface": "north"},
				"west": {"uv": [12, 9.5, 12.5, 11.5], "texture": "#1", "cullface": "north"},
				"up": {"uv": [11.5, 9.5, 12.5, 10], "rotation": 180, "texture": "#1", "cullface": "north"},
				"down": {"uv": [11.5, 11, 12.5, 11.5], "rotation": 180, "texture": "#1", "cullface": "north"}
			}
		},
		{
			"name": "Rocks",
			"from": [4.5, 3.5, -0.45],
			"to": [7, 7, -0.2],
			"faces": {
				"north": {"uv": [9, 9, 11.5, 12.5], "texture": "#1", "cullface": "north"},
				"east": {"uv": [9, 9, 9.5, 12.5], "texture": "#1", "cullface": "north"},
				"west": {"uv": [11, 9, 11.5, 12.5], "texture": "#1", "cullface": "north"},
				"up": {"uv": [9, 9, 11.5, 9.5], "rotation": 180, "texture": "#1", "cullface": "north"},
				"down": {"uv": [9, 12, 11.5, 12.5], "rotation": 180, "texture": "#1", "cullface": "north"}
			}
		},
		{
			"name": "Rocks",
			"from": [4.5, 7, -0.45],
			"to": [6, 8, -0.2],
			"faces": {
				"north": {"uv": [10, 8, 11.5, 9], "texture": "#1", "cullface": "north"},
				"east": {"uv": [10, 8, 10.5, 9], "texture": "#1", "cullface": "north"},
				"west": {"uv": [11, 8, 11.5, 9], "texture": "#1", "cullface": "north"},
				"up": {"uv": [10, 8, 11.5, 8.5], "rotation": 180, "texture": "#1", "cullface": "north"}
			}
		},
		{
			"name": "Rocks",
			"from": [4, 6.5, -0.45],
			"to": [6.5, 7.5, -0.2],
			"faces": {
				"north": {"uv": [9.5, 8.5, 12, 9.5], "texture": "#1", "cullface": "north"},
				"east": {"uv": [9.5, 8.5, 10, 9.5], "texture": "#1", "cullface": "north"},
				"west": {"uv": [11.5, 8.5, 12, 9.5], "texture": "#1", "cullface": "north"},
				"up": {"uv": [9.5, 8.5, 12, 8.75], "rotation": 180, "texture": "#1", "cullface": "north"}
			}
		},
		{
			"name": "Rocks",
			"from": [4.5, 4.5, -0.95],
			"to": [6.5, 6, -0.7],
			"faces": {
				"north": {"uv": [9.5, 10, 11.5, 11.5], "texture": "#1", "cullface": "north"},
				"east": {"uv": [9.5, 10, 10, 11.5], "texture": "#1", "cullface": "north"},
				"west": {"uv": [11, 10, 11.5, 11.5], "texture": "#1", "cullface": "north"},
				"up": {"uv": [9.5, 10, 11.5, 10.25], "rotation": 180, "texture": "#1", "cullface": "north"},
				"down": {"uv": [9.5, 11, 11.5, 11.5], "rotation": 180, "texture": "#1", "cullface": "north"}
			}
		}
	],
	"groups": [
		{
			"name": "Rocks",
			"children": [0, 1, 2, 3, 4, 5, 6, 7, 8, 9, 10, 11, 12, 13, 14]
		}
	]
}