{
	"credit": "Made By WantedRobot",
	"parent": "block/block",
	"textures": {
		"1": "block/debris/rock_6"
	},
	"elements": [
		{
			"name": "Rocks",
			"from": [2, 3.5, -0.25],
			"to": [3, 4, 0],
			"faces": {
				"north": {"uv": [13, 12, 14, 12.5], "texture": "#1", "cullface": "north"},
				"east": {"uv": [13, 12.25, 13.5, 12.5], "rotation": 90, "texture": "#1", "cullface": "north"},
				"west": {"uv": [13.5, 12.25, 14, 12.5], "rotation": 270, "texture": "#1", "cullface": "north"},
				"down": {"uv": [13, 12.25, 14, 12.5], "rotation": 180, "texture": "#1", "cullface": "north"}
			}
		},
		{
			"name": "Rocks",
			"from": [4, 13.5, -0.25],
			"to": [4.5, 14, 0],
			"faces": {
				"north": {"uv": [11.5, 2, 12, 2.5], "texture": "#1", "cullface": "north"},
				"east": {"uv": [11.5, 2, 12, 2.25], "rotation": 90, "texture": "#1", "cullface": "north"},
				"west": {"uv": [11.5, 2, 12, 2.25], "rotation": 270, "texture": "#1", "cullface": "north"},
				"down": {"uv": [11.5, 2, 12, 2.25], "rotation": 180, "texture": "#1", "cullface": "north"}
			}
		},
		{
			"name": "Rocks",
			"from": [3, 14.5, -0.25],
			"to": [5, 15, 0],
			"faces": {
				"north": {"uv": [11, 1, 13, 1.5], "texture": "#1", "cullface": "north"},
				"east": {"uv": [11, 1, 11.5, 1.25], "rotation": 90, "texture": "#1", "cullface": "north"},
				"west": {"uv": [12.5, 1, 13, 1.25], "rotation": 270, "texture": "#1", "cullface": "north"},
				"up": {"uv": [11, 1, 13, 1.25], "rotation": 180, "texture": "#1", "cullface": "north"},
				"down": {"uv": [11, 1, 13, 1.25], "rotation": 180, "texture": "#1", "cullface": "north"}
			}
		},
		{
			"name": "Rocks",
			"from": [3.5, 14, -0.5],
			"to": [4.5, 15, 0],
			"faces": {
				"north": {"uv": [11.5, 1, 12.5, 2], "texture": "#1", "cullface": "north"},
				"east": {"uv": [11.5, 1, 12, 2], "texture": "#1", "cullface": "north"},
				"west": {"uv": [12, 1, 12.5, 2], "texture": "#1", "cullface": "north"},
				"up": {"uv": [11.5, 1, 12.5, 1.5], "rotation": 180, "texture": "#1", "cullface": "north"},
				"down": {"uv": [11.5, 1.5, 12.5, 2], "rotation": 180, "texture": "#1", "cullface": "north"}
			}
		},
		{
			"name": "Rocks",
			"from": [7.5, 10, -0.25],
			"to": [8.5, 11, 0],
			"faces": {
				"north": {"uv": [7.5, 5, 8.5, 6], "texture": "#1", "cullface": "north"},
				"east": {"uv": [7.5, 5, 8, 6], "rotation": 90, "texture": "#1", "cullface": "north"},
				"west": {"uv": [8, 5, 8.5, 6], "texture": "#1", "cullface": "north"},
				"up": {"uv": [7.5, 5, 8.5, 5.25], "rotation": 180, "texture": "#1", "cullface": "north"},
				"down": {"uv": [7.5, 5.75, 8.5, 6], "rotation": 180, "texture": "#1", "cullface": "north"}
			}
		},
		{
			"name": "Rocks",
			"from": [14, 8.5, -0.25],
			"to": [14.5, 9.5, 0],
			"faces": {
				"north": {"uv": [1.5, 6.5, 2, 7.5], "texture": "#1", "cullface": "north"},
				"east": {"uv": [1.5, 6.5, 2, 7.5], "texture": "#1", "cullface": "north"},
				"west": {"uv": [1.5, 6.5, 2, 7.5], "texture": "#1", "cullface": "north"},
				"up": {"uv": [1.5, 6.5, 2, 6.75], "texture": "#1", "cullface": "north"},
				"down": {"uv": [1.5, 7.25, 2, 7.5], "rotation": 180, "texture": "#1", "cullface": "north"}
			}
		},
		{
			"name": "Rocks",
			"from": [10, 3, -0.25],
			"to": [11, 4, 0],
			"faces": {
				"north": {"uv": [5, 12, 6, 13], "texture": "#1", "cullface": "north"},
				"east": {"uv": [5, 12, 5.5, 13], "texture": "#1", "cullface": "north"},
				"west": {"uv": [5.5, 12, 6, 13], "texture": "#1", "cullface": "north"},
				"up": {"uv": [5, 12, 6, 12.25], "rotation": 180, "texture": "#1", "cullface": "north"},
				"down": {"uv": [5, 12.75, 6, 13], "rotation": 180, "texture": "#1", "cullface": "north"}
			}
		},
		{
			"name": "Rocks",
			"from": [10, 2, -0.25],
			"to": [10.5, 3, 0],
			"faces": {
				"north": {"uv": [5.5, 13, 6, 14], "texture": "#1", "cullface": "north"},
				"east": {"uv": [5.5, 13, 6, 14], "texture": "#1", "cullface": "north"},
				"west": {"uv": [5.5, 13, 6, 14], "texture": "#1", "cullface": "north"},
				"down": {"uv": [5.5, 13.75, 6, 14], "rotation": 180, "texture": "#1", "cullface": "north"}
			}
		},
		{
			"name": "Rocks",
			"from": [12.5, 10, -0.5],
			"to": [13, 11, -0.25],
			"faces": {
				"north": {"uv": [3, 5, 3.5, 6], "texture": "#1", "cullface": "north"},
				"east": {"uv": [3, 5, 3.5, 6], "texture": "#1", "cullface": "north"},
				"west": {"uv": [3, 5, 3.5, 6], "texture": "#1", "cullface": "north"},
				"up": {"uv": [3, 5, 3.5, 5.5], "texture": "#1", "cullface": "north"},
				"down": {"uv": [3, 5.5, 3.5, 6], "rotation": 180, "texture": "#1", "cullface": "north"}
			}
		},
		{
			"name": "Rocks",
			"from": [12, 10, -0.25],
			"to": [13.5, 11, 0],
			"faces": {
				"north": {"uv": [2.5, 5, 4, 6], "texture": "#1", "cullface": "north"},
				"east": {"uv": [2.5, 5, 3, 6], "texture": "#1", "cullface": "north"},
				"west": {"uv": [3.5, 5, 4, 6], "texture": "#1", "cullface": "north"},
				"up": {"uv": [2.5, 5, 4, 5.25], "rotation": 180, "texture": "#1", "cullface": "north"},
				"down": {"uv": [2.5, 5.75, 4, 6], "rotation": 180, "texture": "#1", "cullface": "north"}
			}
		},
		{
			"name": "Rocks",
			"from": [12.5, 9.5, -0.25],
			"to": [13, 11.5, 0],
			"faces": {
				"north": {"uv": [3, 4.5, 3.5, 6.5], "texture": "#1", "cullface": "north"},
				"east": {"uv": [3, 4.5, 3.5, 6.5], "texture": "#1", "cullface": "north"},
				"west": {"uv": [3, 4.5, 3.5, 6.5], "texture": "#1", "cullface": "north"},
				"up": {"uv": [3, 4.5, 3.5, 4.75], "texture": "#1", "cullface": "north"},
				"down": {"uv": [3, 6, 3.5, 6.25], "rotation": 180, "texture": "#1", "cullface": "north"}
			}
		},
		{
			"name": "Rocks",
			"from": [2, 4.5, -0.5],
			"to": [3, 5, -0.25],
			"faces": {
				"north": {"uv": [13, 11, 14, 11.5], "texture": "#1", "cullface": "north"},
				"east": {"uv": [13, 11, 13.5, 11.5], "rotation": 90, "texture": "#1", "cullface": "north"},
				"west": {"uv": [13.5, 11, 14, 11.5], "rotation": 270, "texture": "#1", "cullface": "north"},
				"up": {"uv": [13, 11, 14, 11.5], "rotation": 180, "texture": "#1", "cullface": "north"},
				"down": {"uv": [13, 11, 14, 11.5], "rotation": 180, "texture": "#1", "cullface": "north"}
			}
		},
		{
			"name": "Rocks",
			"from": [2, 4, -0.25],
			"to": [3.5, 5.5, 0],
			"faces": {
				"north": {"uv": [12.5, 10.5, 14, 12], "texture": "#1", "cullface": "north"},
				"east": {"uv": [12.5, 10.5, 13, 12], "texture": "#1", "cullface": "north"},
				"west": {"uv": [13.5, 10.5, 14, 12], "texture": "#1", "cullface": "north"},
				"up": {"uv": [12.5, 10.5, 14, 10.75], "rotation": 180, "texture": "#1", "cullface": "north"},
				"down": {"uv": [12.5, 11.5, 14, 11.75], "rotation": 180, "texture": "#1", "cullface": "north"}
			}
		}
	],
	"groups": [
		{
			"name": "Rocks",
			"children": [0, 1, 2, 3, 4, 5, 6, 7, 8, 9, 10, 11, 12]
		}
	]
}