{
	"credit": "Made By WantedRobot",
	"parent": "block/block",
	"textures": {
		"1": "block/debris/rock_3"
	},
	"elements": [
		{
			"name": "Rock",
			"from": [12, 3.5, -0.25],
			"to": [13, 5, 0],
			"faces": {
				"north": {"uv": [3, 11, 4, 12.5], "texture": "#1", "cullface": "north"},
				"east": {"uv": [3, 11, 3.5, 11.5], "rotation": 90, "texture": "#1", "cullface": "north"},
				"west": {"uv": [3.5, 11, 4, 12.5], "texture": "#1", "cullface": "north"},
				"up": {"uv": [3, 11, 4, 11.25], "rotation": 180, "texture": "#1", "cullface": "north"},
				"down": {"uv": [3, 12.25, 4, 12.5], "rotation": 180, "texture": "#1", "cullface": "north"}
			}
		},
		{
			"name": "Rock",
			"from": [12.5, 3, -0.25],
			"to": [13.5, 4.5, 0],
			"faces": {
				"north": {"uv": [2.5, 11.5, 3.5, 13], "texture": "#1", "cullface": "north"},
				"east": {"uv": [2.5, 11.5, 3, 13], "texture": "#1", "cullface": "north"},
				"west": {"uv": [3.5, 11, 4, 12.5], "texture": "#1", "cullface": "north"},
				"up": {"uv": [2.5, 11.5, 3, 12], "rotation": 180, "texture": "#1", "cullface": "north"},
				"down": {"uv": [2.5, 12.5, 3.5, 12.75], "rotation": 180, "texture": "#1", "cullface": "north"}
			}
		},
		{
			"name": "Rock",
			"from": [13.5, 3.5, -0.25],
			"to": [14, 4, 0],
			"faces": {
				"north": {"uv": [2, 12, 2.5, 12.5], "texture": "#1", "cullface": "north"},
				"east": {"uv": [2, 12, 2.25, 12.5], "texture": "#1", "cullface": "north"},
				"up": {"uv": [2, 12, 2.5, 12.5], "rotation": 180, "texture": "#1", "cullface": "north"},
				"down": {"uv": [2, 12, 2.5, 12.25], "rotation": 180, "texture": "#1", "cullface": "north"}
			}
		},
		{
			"name": "Rock",
			"from": [12.5, 3.5, -0.5],
			"to": [13, 4.5, -0.25],
			"faces": {
				"north": {"uv": [3, 11.5, 3.5, 12.5], "texture": "#1", "cullface": "north"},
				"east": {"uv": [3, 11.5, 3.5, 12.5], "texture": "#1", "cullface": "north"},
				"west": {"uv": [3.25, 11.5, 3.5, 12.5], "texture": "#1", "cullface": "north"},
				"up": {"uv": [3, 11.5, 3.5, 12], "rotation": 180, "texture": "#1", "cullface": "north"},
				"down": {"uv": [3, 12.25, 3.5, 12.5], "rotation": 180, "texture": "#1", "cullface": "north"}
			}
		}
	],
	"groups": [
		{
			"name": "Rocks",
			"children": [0, 1, 2, 3]
		}
	]
}