{
	"credit": "Made By WantedRobot",
	"parent": "block/block",
	"textures": {
		"1": "block/debris/rock_3"
	},
	"elements": [
		{
			"name": "Rocks",
			"from": [10.5, 13.5, -0.25],
			"to": [12.5, 15, 0],
			"faces": {
				"north": {"uv": [3.5, 1, 5.5, 2.5], "texture": "#1", "cullface": "north"},
				"east": {"uv": [3.5, 1, 4, 2.5], "texture": "#1", "cullface": "north"},
				"west": {"uv": [5, 1, 5.5, 2.5], "texture": "#1", "cullface": "north"},
				"up": {"uv": [3.5, 1, 5.5, 1.5], "rotation": 180, "texture": "#1", "cullface": "north"},
				"down": {"uv": [3.5, 2, 5.5, 2.5], "rotation": 180, "texture": "#1", "cullface": "north"}
			}
		},
		{
			"name": "Rocks",
			"from": [11, 13.5, -0.5],
			"to": [12, 14.5, -0.25],
			"faces": {
				"north": {"uv": [4, 1.5, 5, 2.5], "texture": "#1", "cullface": "north"},
				"east": {"uv": [4, 1.5, 4.5, 2.5], "texture": "#1", "cullface": "north"},
				"west": {"uv": [4.5, 1.5, 5, 2.5], "texture": "#1", "cullface": "north"},
				"up": {"uv": [4, 1.5, 5, 2], "rotation": 180, "texture": "#1", "cullface": "north"},
				"down": {"uv": [4, 2, 5, 2.5], "rotation": 180, "texture": "#1", "cullface": "north"}
			}
		},
		{
			"name": "Rocks",
			"from": [14, 7.5, -0.25],
			"to": [14.5, 8, 0],
			"faces": {
				"north": {"uv": [1.5, 8, 2, 8.5], "texture": "#1", "cullface": "north"},
				"east": {"uv": [1.5, 8, 2, 8.5], "texture": "#1", "cullface": "north"},
				"west": {"uv": [1.5, 8, 2, 8.5], "texture": "#1", "cullface": "north"},
				"up": {"uv": [1.5, 8, 2, 8.5], "rotation": 180, "texture": "#1", "cullface": "north"},
				"down": {"uv": [1.5, 8, 2, 8.5], "rotation": 180, "texture": "#1", "cullface": "north"}
			}
		},
		{
			"name": "Rocks",
			"from": [11, 3.5, -0.25],
			"to": [11.5, 4, 0],
			"faces": {
				"north": {"uv": [4.5, 12, 5, 12.5], "texture": "#1", "cullface": "north"},
				"east": {"uv": [4.5, 12, 5, 12.5], "texture": "#1", "cullface": "north"},
				"west": {"uv": [4.5, 12, 5, 12.5], "texture": "#1", "cullface": "north"},
				"up": {"uv": [4.5, 12, 5, 12.5], "rotation": 180, "texture": "#1", "cullface": "north"},
				"down": {"uv": [4.5, 12, 5, 12.5], "rotation": 180, "texture": "#1", "cullface": "north"}
			}
		},
		{
			"name": "Rocks",
			"from": [10.5, 8, -0.25],
			"to": [11.5, 10, 0],
			"faces": {
				"north": {"uv": [4.5, 6, 5.5, 8], "texture": "#1", "cullface": "north"},
				"east": {"uv": [4.5, 6, 5, 8], "texture": "#1", "cullface": "north"},
				"west": {"uv": [4.5, 12, 5, 12.5], "texture": "#1", "cullface": "north"},
				"up": {"uv": [4.5, 6, 5.5, 6.5], "rotation": 180, "texture": "#1", "cullface": "north"},
				"down": {"uv": [4.5, 7.5, 5.5, 8], "rotation": 180, "texture": "#1", "cullface": "north"}
			}
		},
		{
			"name": "Rocks",
			"from": [10, 8, -0.5],
			"to": [11, 9.5, 0],
			"faces": {
				"north": {"uv": [5, 6.5, 6, 8], "texture": "#1", "cullface": "north"},
				"east": {"uv": [5, 6.5, 5.5, 8], "texture": "#1", "cullface": "north"},
				"west": {"uv": [5.5, 6.5, 6, 8], "texture": "#1", "cullface": "north"},
				"up": {"uv": [5, 6.5, 6, 7], "rotation": 180, "texture": "#1", "cullface": "north"},
				"down": {"uv": [5, 7.5, 6, 8], "rotation": 180, "texture": "#1", "cullface": "north"}
			}
		},
		{
			"name": "Rocks",
			"from": [9.5, 8.5, -0.25],
			"to": [10, 9, 0],
			"faces": {
				"north": {"uv": [6, 7, 6.5, 7.5], "texture": "#1", "cullface": "north"},
				"west": {"uv": [6, 7, 6.5, 7.5], "texture": "#1", "cullface": "north"},
				"up": {"uv": [6, 7, 6.5, 7.5], "rotation": 180, "texture": "#1", "cullface": "north"},
				"down": {"uv": [6, 7, 6.5, 7.5], "rotation": 180, "texture": "#1", "cullface": "north"}
			}
		},
		{
			"name": "Rocks",
			"from": [5, 14.5, -0.25],
			"to": [5.5, 15, 0],
			"faces": {
				"north": {"uv": [10.5, 1, 11, 1.5], "texture": "#1", "cullface": "north"},
				"east": {"uv": [10.5, 1, 11, 1.5], "texture": "#1", "cullface": "north"},
				"west": {"uv": [10.5, 1, 11, 1.5], "texture": "#1", "cullface": "north"},
				"up": {"uv": [10.5, 1, 11, 1.5], "rotation": 180, "texture": "#1", "cullface": "north"},
				"down": {"uv": [10.5, 1, 11, 1.5], "rotation": 180, "texture": "#1", "cullface": "north"}
			}
		},
		{
			"name": "Rocks",
			"from": [4, 6, -0.25],
			"to": [5, 7, 0],
			"faces": {
				"north": {"uv": [11, 9, 12, 10], "texture": "#1", "cullface": "north"},
				"east": {"uv": [11, 9, 11.5, 10], "texture": "#1", "cullface": "north"},
				"west": {"uv": [11.5, 9, 12, 10], "texture": "#1", "cullface": "north"},
				"up": {"uv": [11, 9, 12, 9.5], "rotation": 180, "texture": "#1", "cullface": "north"},
				"down": {"uv": [11, 9.5, 12, 10], "rotation": 180, "texture": "#1", "cullface": "north"}
			}
		},
		{
			"name": "Rocks",
			"from": [8, 2, -0.5],
			"to": [9.5, 3.5, 0],
			"faces": {
				"north": {"uv": [6.5, 12.5, 8, 14], "texture": "#1", "cullface": "north"},
				"east": {"uv": [6.5, 12.5, 7, 14], "texture": "#1", "cullface": "north"},
				"west": {"uv": [7.5, 12.5, 8, 14], "texture": "#1", "cullface": "north"},
				"up": {"uv": [6.5, 12.5, 8, 13], "rotation": 180, "texture": "#1", "cullface": "north"},
				"down": {"uv": [6.5, 13.5, 8, 14], "rotation": 180, "texture": "#1", "cullface": "north"}
			}
		},
		{
			"name": "Rocks",
			"from": [8.5, 3.5, -0.25],
			"to": [9, 4, 0],
			"faces": {
				"north": {"uv": [7, 12, 7.5, 12.5], "texture": "#1", "cullface": "north"},
				"east": {"uv": [7, 12, 7.5, 12.5], "texture": "#1", "cullface": "north"},
				"west": {"uv": [7, 12, 7.5, 12.5], "texture": "#1", "cullface": "north"},
				"up": {"uv": [7, 12, 7.5, 12.5], "rotation": 180, "texture": "#1", "cullface": "north"}
			}
		},
		{
			"name": "Rocks",
			"from": [9, 1.5, -0.25],
			"to": [10, 2.5, 0],
			"faces": {
				"north": {"uv": [6, 13.5, 7, 14.5], "texture": "#1", "cullface": "north"},
				"east": {"uv": [6, 13.5, 6.5, 14.5], "texture": "#1", "cullface": "north"},
				"west": {"uv": [6.5, 13.5, 7, 14.5], "texture": "#1", "cullface": "north"},
				"up": {"uv": [6, 13.5, 7, 14], "rotation": 180, "texture": "#1", "cullface": "north"},
				"down": {"uv": [6, 14, 7, 14.5], "rotation": 180, "texture": "#1", "cullface": "north"}
			}
		},
		{
			"name": "Rocks",
			"from": [5, 6.5, -0.5],
			"to": [6, 7, 0],
			"faces": {
				"north": {"uv": [10, 9, 11, 9.5], "texture": "#1", "cullface": "north"},
				"east": {"uv": [10, 9, 10.5, 9.5], "texture": "#1", "cullface": "north"},
				"west": {"uv": [10.5, 9, 11, 9.5], "texture": "#1", "cullface": "north"},
				"up": {"uv": [10, 9, 11, 9.5], "rotation": 180, "texture": "#1", "cullface": "north"},
				"down": {"uv": [10, 9, 11, 9.5], "rotation": 180, "texture": "#1", "cullface": "north"}
			}
		},
		{
			"name": "Rocks",
			"from": [5.5, 7, -0.25],
			"to": [6, 7.5, 0],
			"faces": {
				"north": {"uv": [10, 8.5, 10.5, 9], "texture": "#1", "cullface": "north"},
				"east": {"uv": [10, 8.5, 10.5, 9], "texture": "#1", "cullface": "north"},
				"west": {"uv": [10, 8.5, 10.5, 9], "texture": "#1", "cullface": "north"},
				"up": {"uv": [10, 8.5, 10.5, 9], "rotation": 180, "texture": "#1", "cullface": "north"}
			}
		},
		{
			"name": "Rocks",
			"from": [3, 9, -0.25],
			"to": [3.5, 9.5, 0],
			"faces": {
				"north": {"uv": [12.5, 6.5, 13, 7], "texture": "#1", "cullface": "north"},
				"east": {"uv": [12.5, 6.5, 13, 7], "texture": "#1", "cullface": "north"},
				"west": {"uv": [12.5, 6.5, 13, 7], "texture": "#1", "cullface": "north"},
				"up": {"uv": [12.5, 6.5, 13, 7], "rotation": 180, "texture": "#1", "cullface": "north"},
				"down": {"uv": [12.5, 6.5, 13, 7], "rotation": 180, "texture": "#1", "cullface": "north"}
			}
		},
		{
			"name": "Rocks",
			"from": [1.5, 8, -0.5],
			"to": [2.5, 9, 0],
			"faces": {
				"north": {"uv": [13.5, 7, 14.5, 8], "texture": "#1", "cullface": "north"},
				"east": {"uv": [13.5, 7, 14, 8], "texture": "#1", "cullface": "north"},
				"west": {"uv": [14, 7, 14.5, 8], "texture": "#1", "cullface": "north"},
				"up": {"uv": [13.5, 7, 14.5, 7.5], "rotation": 180, "texture": "#1", "cullface": "north"},
				"down": {"uv": [13.5, 7.5, 14.5, 8], "rotation": 180, "texture": "#1", "cullface": "north"}
			}
		},
		{
			"name": "Rocks",
			"from": [1, 8.5, -0.25],
			"to": [2.5, 9.5, 0],
			"faces": {
				"north": {"uv": [13.5, 6.5, 15, 7.5], "texture": "#1", "cullface": "north"},
				"east": {"uv": [13.5, 6.5, 14, 7.5], "texture": "#1", "cullface": "north"},
				"west": {"uv": [14.5, 6.5, 15, 7.5], "texture": "#1", "cullface": "north"},
				"up": {"uv": [13.5, 6.5, 15, 7], "rotation": 180, "texture": "#1", "cullface": "north"},
				"down": {"uv": [13.5, 7, 15, 7.5], "rotation": 180, "texture": "#1", "cullface": "north"}
			}
		},
		{
			"name": "Rocks",
			"from": [1.5, 9.5, -0.25],
			"to": [2, 10, 0],
			"faces": {
				"north": {"uv": [14, 6, 14.5, 6.5], "texture": "#1", "cullface": "north"},
				"east": {"uv": [14, 6, 14.5, 6.5], "texture": "#1", "cullface": "north"},
				"west": {"uv": [14, 6, 14.5, 6.5], "texture": "#1", "cullface": "north"},
				"up": {"uv": [14, 6, 14.5, 6.5], "rotation": 180, "texture": "#1", "cullface": "north"}
			}
		},
		{
			"name": "Rocks",
			"from": [2.5, 8, -0.25],
			"to": [3, 9, 0],
			"faces": {
				"north": {"uv": [13, 7, 13.5, 8], "texture": "#1", "cullface": "north"},
				"east": {"uv": [13, 7, 13.5, 8], "texture": "#1", "cullface": "north"},
				"up": {"uv": [13, 7, 13.5, 7.5], "rotation": 180, "texture": "#1", "cullface": "north"},
				"down": {"uv": [13, 7.5, 13.5, 8], "rotation": 180, "texture": "#1", "cullface": "north"}
			}
		},
		{
			"name": "Rocks",
			"from": [2, 7.5, -0.25],
			"to": [2.5, 8, 0],
			"faces": {
				"north": {"uv": [13.5, 8, 14, 8.5], "texture": "#1", "cullface": "north"},
				"east": {"uv": [13.5, 8, 14, 8.5], "texture": "#1", "cullface": "north"},
				"west": {"uv": [13.5, 8, 14, 8.5], "texture": "#1", "cullface": "north"},
				"down": {"uv": [13.5, 8, 14, 8.5], "rotation": 180, "texture": "#1", "cullface": "north"}
			}
		},
		{
			"name": "Rocks",
			"from": [3.5, 14, -0.25],
			"to": [4.5, 15, 0],
			"faces": {
				"north": {"uv": [11.5, 1, 12.5, 2], "texture": "#1", "cullface": "north"},
				"east": {"uv": [11.5, 1, 12, 2], "texture": "#1", "cullface": "north"},
				"west": {"uv": [12, 1, 12.5, 2], "texture": "#1", "cullface": "north"},
				"up": {"uv": [10.5, 1, 11, 1.5], "rotation": 180, "texture": "#1", "cullface": "north"},
				"down": {"uv": [11.5, 1.5, 12.5, 2], "rotation": 180, "texture": "#1", "cullface": "north"}
			}
		},
		{
			"name": "Rocks",
			"from": [3, 14.5, -0.25],
			"to": [4.5, 15.5, 0],
			"faces": {
				"north": {"uv": [11.5, 0.5, 13, 1.5], "texture": "#1", "cullface": "north"},
				"east": {"uv": [10.5, 1, 11, 1.5], "texture": "#1", "cullface": "north"},
				"west": {"uv": [12.5, 0.5, 13, 1.5], "texture": "#1", "cullface": "north"},
				"up": {"uv": [11.5, 0.5, 13, 1], "rotation": 180, "texture": "#1", "cullface": "north"},
				"down": {"uv": [11.5, 1, 13, 1.5], "rotation": 180, "texture": "#1", "cullface": "north"}
			}
		}
	],
	"groups": [
		{
			"name": "Rocks",
			"children": [0, 1, 2, 3, 4, 5, 6, 7, 8, 9, 10, 11, 12, 13, 14, 15, 16, 17, 18, 19, 20, 21]
		}
	]
}