{
	"credit": "Made By WantedRobot",
	"parent": "block/block",
	"textures": {
		"1": "block/debris/rock_3"
	},
	"elements": [
		{
			"name": "Rocks",
			"from": [12.5, 11.5, -0.5],
			"to": [14, 12.5, 0],
			"faces": {
				"north": {"uv": [2, 3.5, 3.5, 4.5], "texture": "#1"},
				"east": {"uv": [2, 3.5, 2.5, 4.5], "texture": "#1"},
				"west": {"uv": [3, 3.5, 3.5, 4.5], "texture": "#1"},
				"up": {"uv": [2, 3.5, 3.5, 4], "rotation": 180, "texture": "#1"},
				"down": {"uv": [2, 4.5, 3.5, 4.75], "rotation": 180, "texture": "#1"}
			}
		},
		{
			"name": "Rocks",
			"from": [12, 11, -0.25],
			"to": [14, 12, 0],
			"faces": {
				"north": {"uv": [2, 4, 4, 5], "texture": "#1"},
				"east": {"uv": [2, 4, 2.5, 5], "texture": "#1"},
				"west": {"uv": [3.5, 4, 4, 5], "texture": "#1"},
				"up": {"uv": [2, 3.5, 3.5, 4], "rotation": 180, "texture": "#1"},
				"down": {"uv": [2, 4.5, 4, 5], "rotation": 180, "texture": "#1"}
			}
		},
		{
			"name": "Rocks",
			"from": [12.5, 10.5, -0.25],
			"to": [13, 11, 0],
			"faces": {
				"north": {"uv": [3, 5, 3.5, 5.5], "texture": "#1"},
				"east": {"uv": [3, 5, 3.5, 5.5], "texture": "#1"},
				"west": {"uv": [3, 5, 3.5, 5.5], "texture": "#1"},
				"down": {"uv": [3, 5, 3.5, 5.5], "rotation": 180, "texture": "#1"}
			}
		},
		{
			"name": "Rocks",
			"from": [4, 3, -0.25],
			"to": [5.5, 4.5, 0],
			"faces": {
				"north": {"uv": [10.5, 11.5, 12, 13], "texture": "#1"},
				"east": {"uv": [10.5, 11.5, 11, 13], "rotation": 180, "texture": "#1"},
				"west": {"uv": [11.5, 11.5, 12, 13], "texture": "#1"},
				"up": {"uv": [10.5, 11.5, 12, 11.75], "rotation": 180, "texture": "#1"},
				"down": {"uv": [10.5, 12.75, 12, 13], "rotation": 180, "texture": "#1"}
			}
		},
		{
			"name": "Rocks",
			"from": [3.5, 3.5, -0.25],
			"to": [4, 4.5, 0],
			"faces": {
				"north": {"uv": [12, 11.5, 12.5, 12.5], "texture": "#1"},
				"west": {"uv": [12, 11.5, 12.5, 12.5], "texture": "#1"},
				"up": {"uv": [12, 11.5, 12.5, 12], "rotation": 180, "texture": "#1"},
				"down": {"uv": [12, 12, 12.5, 12.5], "rotation": 180, "texture": "#1"}
			}
		},
		{
			"name": "Rocks",
			"from": [4, 4.5, -0.25],
			"to": [5, 5, 0],
			"faces": {
				"north": {"uv": [11, 11, 12, 11.5], "texture": "#1"},
				"east": {"uv": [11, 11, 11.5, 11.25], "rotation": 180, "texture": "#1"},
				"west": {"uv": [11.5, 11, 12, 11.5], "texture": "#1"},
				"up": {"uv": [11, 11, 12, 11.5], "rotation": 180, "texture": "#1"}
			}
		},
		{
			"name": "Rocks",
			"from": [5.5, 3.5, -0.25],
			"to": [6, 4, 0],
			"faces": {
				"north": {"uv": [10, 12, 10.5, 12.5], "texture": "#1"},
				"east": {"uv": [10, 12, 10.5, 12.25], "rotation": 180, "texture": "#1"},
				"up": {"uv": [10, 12, 10.5, 12.5], "rotation": 180, "texture": "#1"},
				"down": {"uv": [10, 12, 10.5, 12.5], "rotation": 180, "texture": "#1"}
			}
		},
		{
			"name": "Rocks",
			"from": [4, 3.5, -0.5],
			"to": [5, 4.5, -0.25],
			"faces": {
				"north": {"uv": [11, 11.5, 12, 12.5], "texture": "#1"},
				"east": {"uv": [11, 11.5, 11.5, 12.5], "rotation": 180, "texture": "#1"},
				"west": {"uv": [11.5, 11.5, 12, 12.5], "texture": "#1"},
				"up": {"uv": [11, 11.5, 12, 12], "rotation": 180, "texture": "#1"},
				"down": {"uv": [11, 12, 12, 12.5], "rotation": 180, "texture": "#1"}
			}
		}
	],
	"groups": [
		{
			"name": "Rocks",
			"children": [0, 1, 2, 3, 4, 5, 6, 7]
		}
	]
}