{
	"credit": "Made with Blockbench",
	"textures": {
		"1": "block/doors/spruce_door_top",
		"particle": "block/doors/spruce_door_top"
	},
	"elements": [
		{
			"from": [0.5, 2, 0],
			"to": [3.5, 4, 16],
			"faces": {
				"north": {"uv": [6.508, 4, 9.492, 5.992], "texture": "#1"},
				"east": {"uv": [15.992, 12, 0.008, 13.992], "texture": "#1"},
				"south": {"uv": [4.508, 12, 7.492, 13.992], "texture": "#1"},
				"west": {"uv": [0.008, 12, 15.992, 13.992], "texture": "#1"},
				"up": {"uv": [0.008, 12, 15.992, 12.492], "rotation": 90, "texture": "#1"},
				"down": {"uv": [0.008, 0.008, 0.008, 0.008], "texture": "#1"}
			}
		},
		{
			"from": [1, 4, 0],
			"to": [3, 10, 16],
			"faces": {
				"north": {"uv": [13.508, 6, 15.492, 11.992], "texture": "#1"},
				"east": {"uv": [15.992, 6, 0.008, 11.992], "texture": "#1"},
				"south": {"uv": [13.508, 6, 15.492, 11.992], "texture": "#1"},
				"west": {"uv": [0.008, 6, 15.992, 11.992], "texture": "#1"}
			}
		},
		{
			"from": [0.5, 10, 0],
			"to": [3.5, 12, 16],
			"faces": {
				"north": {"uv": [8.008, 4, 9.992, 5.992], "texture": "#1"},
				"east": {"uv": [15.992, 4, 0.008, 5.992], "texture": "#1"},
				"south": {"uv": [6.008, 4, 8.992, 5.992], "texture": "#1"},
				"west": {"uv": [0.008, 4, 15.992, 5.992], "texture": "#1"},
				"down": {"uv": [0.008, 0.008, 0.008, 0.008], "texture": "#1"}
			}
		},
		{
			"from": [0, 12, 0],
			"to": [4, 16, 5.5],
			"faces": {
				"north": {"uv": [3.008, 7, 6.992, 10.992], "texture": "#1"},
				"east": {"uv": [5.492, 0.008, 0.008, 3.992], "texture": "#1"},
				"south": {"uv": [3.008, 7, 6.992, 10.992], "texture": "#1"},
				"west": {"uv": [0.008, 0.008, 5.492, 3.992], "texture": "#1"},
				"up": {"uv": [0.008, 0.008, 5.492, 3.992], "rotation": 90, "texture": "#1"},
				"down": {"uv": [0.008, 0.008, 0.008, 0.008], "texture": "#1"}
			}
		},
		{
			"from": [0, 12, 6],
			"to": [4, 16, 10],
			"faces": {
				"north": {"uv": [3.008, 7, 6.992, 10.992], "texture": "#1"},
				"east": {"uv": [9.992, 0.008, 6.008, 3.992], "texture": "#1"},
				"south": {"uv": [3.008, 7, 6.992, 10.992], "texture": "#1"},
				"west": {"uv": [6.008, 0.008, 9.992, 3.992], "texture": "#1"},
				"up": {"uv": [6.008, 0.008, 9.992, 3.992], "rotation": 90, "texture": "#1"},
				"down": {"uv": [0.008, 0.008, 0.008, 0.008], "texture": "#1"}
			}
		},
		{
			"from": [0, 12, 10.5],
			"to": [4, 16, 16],
			"faces": {
				"north": {"uv": [3.008, 7, 6.992, 10.992], "texture": "#1"},
				"east": {"uv": [15.992, 0.008, 10.508, 3.992], "texture": "#1"},
				"south": {"uv": [3.008, 7, 6.992, 10.992], "texture": "#1"},
				"west": {"uv": [10.508, 0.008, 15.992, 3.992], "texture": "#1"},
				"up": {"uv": [10.508, 0.008, 15.992, 3.992], "rotation": 90, "texture": "#1"},
				"down": {"uv": [0.008, 0.008, 0.008, 0.008], "texture": "#1"}
			}
		},
		{
			"from": [1, 0, 10.5],
			"to": [3, 2, 16],
			"faces": {
				"north": {"uv": [13.508, 8, 15.492, 9.992], "texture": "#1"},
				"east": {"uv": [15.992, 0.008, 10.508, 1.992], "texture": "#1"},
				"south": {"uv": [13.508, 7.5, 15.492, 9.492], "texture": "#1"},
				"west": {"uv": [10.508, 0.008, 15.992, 1.992], "texture": "#1"}
			}
		},
		{
			"from": [1, 0, 6],
			"to": [3, 2, 10],
			"faces": {
				"north": {"uv": [13.508, 8, 15.492, 9.992], "texture": "#1"},
				"east": {"uv": [9.992, 0.008, 6.008, 1.992], "texture": "#1"},
				"south": {"uv": [13.508, 7.5, 15.492, 9.492], "texture": "#1"},
				"west": {"uv": [6.008, 0.008, 9.992, 1.992], "texture": "#1"}
			}
		},
		{
			"from": [1, 0, 0],
			"to": [3, 2, 5.5],
			"faces": {
				"north": {"uv": [13.508, 7, 15.492, 8.992], "texture": "#1"},
				"east": {"uv": [5.492, 0.008, 0.008, 1.992], "texture": "#1"},
				"south": {"uv": [13.508, 8, 15.492, 9.992], "texture": "#1"},
				"west": {"uv": [0.008, 14, 5.492, 15.992], "texture": "#1"}
			}
		},
		{
			"from": [0.5, 12, 5.5],
			"to": [3.5, 16, 6],
			"faces": {
				"east": {"uv": [0.008, 0.008, 0.492, 3.992], "texture": "#1"},
				"west": {"uv": [0.008, 0.008, 0.492, 3.992], "texture": "#1"},
				"up": {"uv": [0.008, 0.008, 2.992, 0.492], "rotation": 90, "texture": "#1"}
			}
		},
		{
			"from": [0.5, 12, 10],
			"to": [3.5, 16, 10.5],
			"faces": {
				"east": {"uv": [0.008, 0.008, 0.492, 3.992], "texture": "#1"},
				"west": {"uv": [0.008, 0.008, 0.492, 3.992], "texture": "#1"},
				"up": {"uv": [0.008, 0.008, 2.992, 0.492], "rotation": 90, "texture": "#1"}
			}
		},
		{
			"from": [1.5, 0, 10],
			"to": [2.5, 2, 10.5],
			"faces": {
				"north": {"uv": [13.508, 8, 15.492, 9.992], "texture": "#1"},
				"east": {"uv": [0.008, 0.008, 0.492, 1.992], "texture": "#1"},
				"south": {"uv": [13.508, 7.5, 15.492, 9.492], "texture": "#1"},
				"west": {"uv": [0.008, 0.008, 0.492, 1.992], "texture": "#1"},
				"up": {"uv": [0.008, 7.508, 15.992, 10.492], "rotation": 90, "texture": "#1"}
			}
		},
		{
			"from": [1.5, 0, 5.5],
			"to": [2.5, 2, 6],
			"faces": {
				"north": {"uv": [13.508, 8, 15.492, 9.992], "texture": "#1"},
				"east": {"uv": [0.008, 0.008, 0.492, 1.992], "texture": "#1"},
				"south": {"uv": [13.508, 7.5, 15.492, 9.492], "texture": "#1"},
				"west": {"uv": [0.008, 0.008, 0.492, 1.992], "texture": "#1"},
				"up": {"uv": [0.008, 7.508, 15.992, 10.492], "rotation": 90, "texture": "#1"}
			}
		},
		{
			"from": [0, 1.5, 10.5],
			"to": [0.5, 2, 14.5],
			"faces": {
				"north": {"uv": [10.992, 14, 10.508, 14.492], "rotation": 90, "texture": "#1"},
				"east": {"uv": [10.508, 14.492, 14.492, 14.008], "rotation": 180, "texture": "#1"},
				"south": {"uv": [14.492, 14, 14.008, 14.492], "rotation": 90, "texture": "#1"},
				"west": {"uv": [10.508, 14.008, 14.492, 14.492], "texture": "#1"},
				"up": {"uv": [10.508, 14, 14.492, 14.492], "rotation": 90, "texture": "#1"}
			}
		},
		{
			"from": [0, 1, 10],
			"to": [0.5, 1.5, 15],
			"faces": {
				"north": {"uv": [10.008, 14.5, 10.492, 14.992], "rotation": 90, "texture": "#1"},
				"east": {"uv": [10.008, 14.992, 14.992, 14.508], "rotation": 180, "texture": "#1"},
				"south": {"uv": [14.992, 14.5, 14.508, 14.992], "rotation": 90, "texture": "#1"},
				"west": {"uv": [10.008, 14.508, 14.992, 14.992], "texture": "#1"},
				"up": {"uv": [10.008, 14.5, 14.992, 14.992], "rotation": 90, "texture": "#1"},
				"down": {"uv": [10.008, 14.5, 14.992, 14.992], "rotation": 90, "texture": "#1"}
			}
		},
		{
			"from": [0, 0.5, 9.5],
			"to": [0.5, 1, 11],
			"faces": {
				"north": {"uv": [9.508, 15, 9.992, 15.492], "rotation": 90, "texture": "#1"},
				"east": {"uv": [14.008, 15.492, 15.492, 15.008], "rotation": 180, "texture": "#1"},
				"south": {"uv": [10.508, 15, 10.992, 15.492], "rotation": 90, "texture": "#1"},
				"west": {"uv": [9.508, 15.008, 10.992, 15.492], "texture": "#1"},
				"up": {"uv": [10.008, 14.5, 10.492, 15.992], "texture": "#1"},
				"down": {"uv": [10.508, 15, 10.992, 15.492], "rotation": 270, "texture": "#1"}
			}
		},
		{
			"from": [0, 0.5, 14],
			"to": [0.5, 1, 15.5],
			"faces": {
				"north": {"uv": [14.008, 15, 14.492, 15.492], "rotation": 90, "texture": "#1"},
				"east": {"uv": [9.508, 15.492, 10.992, 15.008], "rotation": 180, "texture": "#1"},
				"south": {"uv": [15.492, 15, 15.008, 15.492], "rotation": 90, "texture": "#1"},
				"west": {"uv": [14.008, 15, 15.492, 15.492], "texture": "#1"},
				"up": {"uv": [14.008, 15.492, 15.492, 15], "rotation": 90, "texture": "#1"},
				"down": {"uv": [14.008, 14, 14.492, 15.492], "texture": "#1"}
			}
		},
		{
			"from": [0, 0, 9.5],
			"to": [0.5, 0.5, 10.5],
			"faces": {
				"north": {"uv": [9.508, 15.5, 9.992, 15.992], "rotation": 180, "texture": "#1"},
				"east": {"uv": [14.508, 15.508, 15.492, 15.992], "rotation": 180, "texture": "#1"},
				"south": {"uv": [10.008, 15.5, 10.492, 15.992], "texture": "#1"},
				"west": {"uv": [9.508, 15.508, 10.492, 15.992], "texture": "#1"},
				"up": {"uv": [0.008, 0.008, 0.008, 0.008], "rotation": 90, "texture": "#1"}
			}
		},
		{
			"from": [0, 2, 11],
			"to": [0.5, 2.5, 14],
			"faces": {
				"north": {"uv": [11.492, 13.5, 11.008, 13.992], "rotation": 90, "texture": "#1"},
				"east": {"uv": [11.008, 13.508, 13.992, 13.992], "rotation": 180, "texture": "#1"},
				"south": {"uv": [13.992, 13.5, 13.508, 13.992], "rotation": 90, "texture": "#1"},
				"west": {"uv": [11.008, 13.508, 13.992, 13.992], "texture": "#1"},
				"up": {"uv": [11.008, 13.5, 13.992, 13.992], "rotation": 90, "texture": "#1"}
			}
		},
		{
			"from": [0, 0, 14.5],
			"to": [0.5, 0.5, 15.5],
			"faces": {
				"north": {"uv": [14.508, 15.992, 14.992, 15.5], "rotation": 180, "texture": "#1"},
				"east": {"uv": [9.508, 15.508, 10.492, 15.992], "rotation": 180, "texture": "#1"},
				"south": {"uv": [15.008, 13.492, 15.492, 13], "rotation": 180, "texture": "#1"},
				"west": {"uv": [14.508, 15.5, 15.492, 15.992], "texture": "#1"},
				"up": {"uv": [0.008, 0.008, 0.008, 0.008], "rotation": 90, "texture": "#1"}
			}
		},
		{
			"from": [3.5, 0, 9.5],
			"to": [4, 0.5, 10.5],
			"faces": {
				"north": {"uv": [9.508, 15.5, 9.992, 15.992], "rotation": 180, "texture": "#1"},
				"east": {"uv": [9.508, 15.5, 10.492, 15.992], "rotation": 180, "texture": "#1"},
				"south": {"uv": [10.008, 15.5, 10.492, 15.992], "texture": "#1"},
				"west": {"uv": [9.508, 15.508, 10.492, 15.992], "texture": "#1"},
				"up": {"uv": [0.008, 0.008, 0.008, 0.008], "rotation": 90, "texture": "#1"}
			}
		},
		{
			"from": [3.5, 0.5, 9.5],
			"to": [4, 1, 11],
			"faces": {
				"north": {"uv": [9.508, 15, 9.992, 15.492], "rotation": 90, "texture": "#1"},
				"east": {"uv": [9.508, 15.492, 10.992, 15], "rotation": 180, "texture": "#1"},
				"south": {"uv": [10.508, 15, 10.992, 15.492], "rotation": 90, "texture": "#1"},
				"west": {"uv": [9.508, 15.008, 10.992, 15.492], "texture": "#1"},
				"up": {"uv": [10.008, 14.5, 10.492, 15.992], "texture": "#1"},
				"down": {"uv": [10.508, 15, 10.992, 15.492], "rotation": 270, "texture": "#1"}
			}
		},
		{
			"from": [3.5, 1, 10],
			"to": [4, 1.5, 15],
			"faces": {
				"north": {"uv": [10.008, 14.5, 10.492, 14.992], "rotation": 90, "texture": "#1"},
				"east": {"uv": [10.008, 14.992, 14.992, 14.508], "rotation": 180, "texture": "#1"},
				"south": {"uv": [14.992, 14.5, 14.508, 14.992], "rotation": 90, "texture": "#1"},
				"west": {"uv": [10.008, 14.508, 14.992, 14.992], "texture": "#1"},
				"up": {"uv": [10.008, 14.5, 14.992, 14.992], "rotation": 90, "texture": "#1"},
				"down": {"uv": [10.008, 14.5, 14.992, 14.992], "rotation": 90, "texture": "#1"}
			}
		},
		{
			"from": [3.5, 1.5, 10.5],
			"to": [4, 2, 14.5],
			"faces": {
				"north": {"uv": [10.992, 14, 10.508, 14.492], "rotation": 90, "texture": "#1"},
				"east": {"uv": [10.508, 14.492, 14.492, 14.008], "rotation": 180, "texture": "#1"},
				"south": {"uv": [14.492, 14, 14.008, 14.492], "rotation": 90, "texture": "#1"},
				"west": {"uv": [10.508, 14.008, 14.492, 14.492], "texture": "#1"},
				"up": {"uv": [10.508, 14, 14.492, 14.492], "rotation": 90, "texture": "#1"}
			}
		},
		{
			"from": [3.5, 2, 11],
			"to": [4, 2.5, 14],
			"faces": {
				"north": {"uv": [11.492, 13.5, 11.008, 13.992], "rotation": 90, "texture": "#1"},
				"east": {"uv": [11.008, 13.508, 13.992, 13.992], "rotation": 180, "texture": "#1"},
				"south": {"uv": [13.992, 13.5, 13.508, 13.992], "rotation": 90, "texture": "#1"},
				"west": {"uv": [11.008, 13.508, 13.992, 13.992], "texture": "#1"},
				"up": {"uv": [11.008, 13.5, 13.992, 13.992], "rotation": 90, "texture": "#1"}
			}
		},
		{
			"from": [3.5, 0.5, 14],
			"to": [4, 1, 15.5],
			"faces": {
				"north": {"uv": [14.008, 15, 14.492, 15.492], "rotation": 90, "texture": "#1"},
				"east": {"uv": [14.008, 15.492, 15.492, 15], "rotation": 180, "texture": "#1"},
				"south": {"uv": [15.492, 15, 15.008, 15.492], "rotation": 90, "texture": "#1"},
				"west": {"uv": [14.008, 15, 15.492, 15.492], "texture": "#1"},
				"up": {"uv": [14.008, 15.492, 15.492, 15], "rotation": 90, "texture": "#1"},
				"down": {"uv": [14.008, 14, 14.492, 15.492], "texture": "#1"}
			}
		},
		{
			"from": [3.5, 0, 14.5],
			"to": [4, 0.5, 15.5],
			"faces": {
				"north": {"uv": [14.508, 15.992, 14.992, 15.5], "rotation": 180, "texture": "#1"},
				"east": {"uv": [14.508, 15.5, 15.492, 15.992], "rotation": 180, "texture": "#1"},
				"south": {"uv": [15.008, 15.992, 15.492, 15.5], "rotation": 180, "texture": "#1"},
				"west": {"uv": [14.508, 15.5, 15.492, 15.992], "texture": "#1"},
				"up": {"uv": [0.008, 0.008, 0.008, 0.008], "rotation": 90, "texture": "#1"}
			}
		}
	],
	"groups": [
		{
			"name": "spruce_door_top",
			"children": [0, 1, 2, 3, 4, 5, 6, 7, 8, 9, 10, 11, 12]
		},
		{
			"name": "spruce_trapdoor_open",
			"children": [
				{
					"name": "group",
					"children": [13, 14, 15, 16, 17, 18, 19, 20, 21, 22, 23, 24, 25, 26]
				}
			]
		}
	]
}