{
	"credit": "Made with Blockbench",
	"textures": {
		"0": "block/doors/spruce_door_bottom",
		"particle": "block/doors/spruce_door_bottom"
	},
	"elements": [
		{
			"from": [1, 6, 0],
			"to": [3, 12, 16],
			"faces": {
				"north": {"uv": [13.508, 4.008, 15.492, 9.992], "texture": "#0"},
				"east": {"uv": [15.992, 4.008, 0.008, 9.992], "texture": "#0"},
				"south": {"uv": [13.508, 4.008, 15.492, 9.992], "texture": "#0"},
				"west": {"uv": [0.008, 4.008, 15.992, 9.992], "texture": "#0"}
			}
		},
		{
			"from": [0, 13, 10.5],
			"to": [0.5, 13.5, 14.5],
			"faces": {
				"north": {"uv": [13.992, 3.008, 13.508, 3.492], "rotation": 90, "texture": "#0"},
				"south": {"uv": [14.492, 2.508, 14.008, 2.992], "rotation": 90, "texture": "#0"},
				"west": {"uv": [10.508, 2.508, 14.492, 2.992], "texture": "#0"},
				"down": {"uv": [10.508, 2.992, 14.492, 2.508], "rotation": 270, "texture": "#0"}
			}
		},
		{
			"from": [0, 13.5, 10],
			"to": [0.5, 14, 15],
			"faces": {
				"north": {"uv": [13.992, 3.008, 13.508, 3.492], "rotation": 90, "texture": "#0"},
				"south": {"uv": [14.992, 2.008, 14.508, 2.492], "rotation": 90, "texture": "#0"},
				"west": {"uv": [10.008, 2.008, 14.992, 2.492], "texture": "#0"},
				"up": {"uv": [10.008, 2.492, 14.992, 2.008], "rotation": 90, "texture": "#0"},
				"down": {"uv": [10.008, 2.492, 14.992, 2.008], "rotation": 270, "texture": "#0"}
			}
		},
		{
			"from": [0, 14, 9.5],
			"to": [0.5, 14.5, 11],
			"faces": {
				"north": {"uv": [9.992, 1.508, 9.508, 1.992], "rotation": 90, "texture": "#0"},
				"east": {"uv": [9.508, 1.992, 10.992, 1.508], "rotation": 180, "texture": "#0"},
				"south": {"uv": [10.508, 1.508, 10.992, 1.992], "rotation": 90, "texture": "#0"},
				"west": {"uv": [9.508, 1.508, 10.992, 1.992], "texture": "#0"},
				"up": {"uv": [14.508, 11.492, 15.992, 11.008], "rotation": 90, "texture": "#0"},
				"down": {"uv": [2.008, 4.992, 3.492, 4.508], "rotation": 270, "texture": "#0"}
			}
		},
		{
			"from": [0, 14, 14],
			"to": [0.5, 14.5, 15.5],
			"faces": {
				"north": {"uv": [10.508, 1.508, 10.992, 1.992], "rotation": 90, "texture": "#0"},
				"east": {"uv": [14.008, 1.992, 15.492, 1.508], "rotation": 180, "texture": "#0"},
				"south": {"uv": [15.492, 1.508, 15.008, 1.992], "rotation": 90, "texture": "#0"},
				"west": {"uv": [14.008, 1.508, 15.492, 1.992], "texture": "#0"},
				"up": {"uv": [1.008, 11.492, 2.492, 11.008], "rotation": 90, "texture": "#0"},
				"down": {"uv": [14.008, 1.992, 15.492, 1.508], "rotation": 270, "texture": "#0"}
			}
		},
		{
			"from": [0, 14.5, 14.5],
			"to": [0.5, 16, 15.5],
			"faces": {
				"north": {"uv": [14.508, 0.008, 14.992, 1.492], "texture": "#0"},
				"east": {"uv": [14.508, 1.492, 15.492, 0.008], "rotation": 180, "texture": "#0"},
				"south": {"uv": [15.008, 0.008, 15.492, 1.492], "texture": "#0"},
				"west": {"uv": [14.508, 0.008, 15.492, 1.492], "texture": "#0"}
			}
		},
		{
			"from": [0, 12.5, 11],
			"to": [0.5, 13, 14],
			"faces": {
				"north": {"uv": [13.992, 3.008, 13.508, 3.492], "rotation": 90, "texture": "#0"},
				"south": {"uv": [13.992, 3.008, 13.508, 3.492], "rotation": 90, "texture": "#0"},
				"west": {"uv": [11.008, 3.008, 13.992, 3.492], "texture": "#0"},
				"down": {"uv": [11.008, 3.008, 13.992, 3.492], "rotation": 90, "texture": "#0"}
			}
		},
		{
			"from": [0, 12, 12],
			"to": [0.5, 12.5, 13],
			"faces": {
				"north": {"uv": [12.008, 3.508, 12.492, 3.992], "rotation": 90, "texture": "#0"},
				"south": {"uv": [12.992, 3.508, 12.508, 3.992], "rotation": 90, "texture": "#0"},
				"west": {"uv": [12.008, 3.508, 12.992, 3.992], "texture": "#0"},
				"down": {"uv": [12.008, 3.508, 12.992, 3.992], "texture": "#0"}
			}
		},
		{
			"from": [0, 14.5, 9.5],
			"to": [0.5, 16, 10.5],
			"faces": {
				"north": {"uv": [9.508, 0.008, 9.992, 1.492], "texture": "#0"},
				"east": {"uv": [9.508, 0.008, 10.492, 1.492], "rotation": 180, "texture": "#0"},
				"south": {"uv": [10.008, 0.008, 10.492, 1.492], "texture": "#0"},
				"west": {"uv": [9.508, 0.008, 10.492, 1.492], "texture": "#0"}
			}
		},
		{
			"from": [3.5, 14.5, 9.5],
			"to": [4, 16, 10.5],
			"faces": {
				"north": {"uv": [9.992, 0.008, 9.508, 1.492], "texture": "#0"},
				"east": {"uv": [10.492, 0.008, 9.508, 1.492], "texture": "#0"},
				"south": {"uv": [10.492, 0.008, 10.008, 1.492], "texture": "#0"},
				"west": {"uv": [10.492, 0.008, 9.508, 1.492], "rotation": 180, "texture": "#0"}
			}
		},
		{
			"from": [3.5, 14, 9.5],
			"to": [4, 14.5, 11],
			"faces": {
				"north": {"uv": [9.992, 1.992, 9.508, 1.508], "rotation": 90, "texture": "#0"},
				"east": {"uv": [10.992, 1.508, 9.508, 1.992], "texture": "#0"},
				"south": {"uv": [10.508, 1.992, 10.992, 1.508], "rotation": 90, "texture": "#0"},
				"west": {"uv": [10.992, 1.992, 9.508, 1.508], "rotation": 180, "texture": "#0"},
				"up": {"uv": [14.508, 11.008, 15.992, 11.492], "rotation": 90, "texture": "#0"},
				"down": {"uv": [2.008, 4.508, 3.492, 4.992], "rotation": 270, "texture": "#0"}
			}
		},
		{
			"from": [3.5, 13.5, 10],
			"to": [4, 14, 15],
			"faces": {
				"north": {"uv": [13.992, 3.492, 13.508, 3.008], "rotation": 90, "texture": "#0"},
				"east": {"uv": [14.992, 2.008, 10.008, 2.492], "texture": "#0"},
				"south": {"uv": [14.992, 2.492, 14.508, 2.008], "rotation": 90, "texture": "#0"},
				"up": {"uv": [10.008, 2.008, 14.992, 2.492], "rotation": 90, "texture": "#0"},
				"down": {"uv": [10.008, 2.008, 14.992, 2.492], "rotation": 270, "texture": "#0"}
			}
		},
		{
			"from": [3.5, 13, 10.5],
			"to": [4, 13.5, 14.5],
			"faces": {
				"north": {"uv": [13.992, 3.492, 13.508, 3.008], "rotation": 90, "texture": "#0"},
				"east": {"uv": [14.492, 2.508, 10.508, 2.992], "texture": "#0"},
				"south": {"uv": [14.492, 2.992, 14.008, 2.508], "rotation": 90, "texture": "#0"},
				"down": {"uv": [10.508, 2.508, 14.492, 2.992], "rotation": 270, "texture": "#0"}
			}
		},
		{
			"from": [3.5, 12.5, 11],
			"to": [4, 13, 14],
			"faces": {
				"north": {"uv": [13.992, 3.492, 13.508, 3.008], "rotation": 90, "texture": "#0"},
				"east": {"uv": [13.992, 3.008, 11.008, 3.492], "texture": "#0"},
				"south": {"uv": [13.992, 3.492, 13.508, 3.008], "rotation": 90, "texture": "#0"},
				"down": {"uv": [11.008, 3.492, 13.992, 3.008], "rotation": 90, "texture": "#0"}
			}
		},
		{
			"from": [3.5, 12, 12],
			"to": [4, 12.5, 13],
			"faces": {
				"north": {"uv": [12.008, 3.992, 12.492, 3.508], "rotation": 90, "texture": "#0"},
				"east": {"uv": [12.992, 3.508, 12.008, 3.992], "texture": "#0"},
				"south": {"uv": [12.992, 3.992, 12.508, 3.508], "rotation": 90, "texture": "#0"},
				"down": {"uv": [12.992, 3.508, 12.008, 3.992], "texture": "#0"}
			}
		},
		{
			"from": [3.5, 14, 14],
			"to": [4, 14.5, 15.5],
			"faces": {
				"north": {"uv": [10.508, 1.992, 10.992, 1.508], "rotation": 90, "texture": "#0"},
				"east": {"uv": [15.492, 1.508, 14.008, 1.992], "texture": "#0"},
				"south": {"uv": [15.492, 1.992, 15.008, 1.508], "rotation": 90, "texture": "#0"},
				"west": {"uv": [15.492, 1.992, 14.008, 1.508], "rotation": 180, "texture": "#0"},
				"up": {"uv": [1.008, 11.008, 2.492, 11.492], "rotation": 90, "texture": "#0"},
				"down": {"uv": [14.008, 1.508, 15.492, 1.992], "rotation": 270, "texture": "#0"}
			}
		},
		{
			"from": [3.5, 14.5, 14.5],
			"to": [4, 16, 15.5],
			"faces": {
				"north": {"uv": [14.992, 0.008, 14.508, 1.492], "texture": "#0"},
				"east": {"uv": [15.492, 0.008, 14.508, 1.492], "texture": "#0"},
				"south": {"uv": [15.492, 0.008, 15.008, 1.492], "texture": "#0"},
				"west": {"uv": [15.492, 1.492, 14.508, 0.008], "rotation": 180, "texture": "#0"}
			}
		},
		{
			"from": [0, 0, 0],
			"to": [4, 4, 5.5],
			"faces": {
				"north": {"uv": [3.008, 5.5, 6.992, 9.492], "texture": "#0"},
				"east": {"uv": [5.492, 12.008, 0.008, 15.992], "texture": "#0"},
				"south": {"uv": [3.008, 5, 6.992, 8.992], "texture": "#0"},
				"west": {"uv": [0.008, 12.008, 5.492, 15.992], "texture": "#0"},
				"up": {"uv": [0.008, 12.008, 5.492, 12.492], "rotation": 90, "texture": "#0"},
				"down": {"uv": [5.492, 12, 0.008, 15.992], "rotation": 90, "texture": "#0"}
			}
		},
		{
			"from": [0, 0, 6],
			"to": [4, 4, 10],
			"faces": {
				"north": {"uv": [3.008, 5, 6.992, 8.992], "texture": "#0"},
				"east": {"uv": [9.992, 12.008, 6.008, 15.992], "texture": "#0"},
				"south": {"uv": [3.008, 5, 6.992, 8.992], "texture": "#0"},
				"west": {"uv": [6.008, 12.008, 9.992, 15.992], "texture": "#0"},
				"up": {"uv": [6.008, 12.008, 9.992, 12.492], "rotation": 90, "texture": "#0"},
				"down": {"uv": [9.992, 12.008, 6.008, 15.992], "rotation": 90, "texture": "#0"}
			}
		},
		{
			"from": [0, 0, 10.5],
			"to": [4, 4, 16],
			"faces": {
				"north": {"uv": [3.008, 5, 6.992, 8.992], "texture": "#0"},
				"east": {"uv": [15.992, 12.008, 10.508, 15.992], "texture": "#0"},
				"south": {"uv": [3.008, 5, 6.992, 8.992], "texture": "#0"},
				"west": {"uv": [10.508, 12.008, 15.992, 15.992], "texture": "#0"},
				"up": {"uv": [10.508, 12.008, 15.992, 12.492], "rotation": 90, "texture": "#0"},
				"down": {"uv": [15.992, 12.008, 10.508, 15.992], "rotation": 90, "texture": "#0"}
			}
		},
		{
			"from": [0.5, 4, 0],
			"to": [3.5, 6, 16],
			"faces": {
				"north": {"uv": [6.008, 10.008, 8.992, 11.992], "texture": "#0"},
				"east": {"uv": [15.992, 10.008, 0.008, 11.992], "texture": "#0"},
				"south": {"uv": [6.008, 10.008, 8.992, 11.992], "texture": "#0"},
				"west": {"uv": [0.008, 10.008, 15.992, 11.992], "texture": "#0"},
				"up": {"uv": [0.008, 10.008, 15.992, 10.492], "rotation": 90, "texture": "#0"},
				"down": {"uv": [0.008, 11.508, 15.992, 11.992], "rotation": 90, "texture": "#0"}
			}
		},
		{
			"from": [0.5, 0, 5.5],
			"to": [3.5, 4, 6],
			"faces": {
				"north": {"uv": [5.508, 14.508, 8.992, 15.992], "texture": "#0"},
				"east": {"uv": [10.008, 12.008, 10.492, 15.992], "texture": "#0"},
				"south": {"uv": [5.508, 14.508, 8.992, 15.992], "texture": "#0"},
				"west": {"uv": [5.508, 12.008, 5.992, 15.992], "texture": "#0"},
				"down": {"uv": [10.008, 12.508, 10.492, 15.492], "rotation": 90, "texture": "#0"}
			}
		},
		{
			"from": [0.5, 0, 10],
			"to": [3.5, 4, 10.5],
			"faces": {
				"north": {"uv": [5.508, 14.508, 8.992, 15.992], "texture": "#0"},
				"east": {"uv": [10.008, 12.008, 10.492, 15.992], "texture": "#0"},
				"south": {"uv": [5.508, 14.508, 8.992, 15.992], "texture": "#0"},
				"west": {"uv": [10.008, 12.008, 10.492, 15.992], "texture": "#0"},
				"down": {"uv": [10.008, 12.508, 10.492, 15.492], "rotation": 90, "texture": "#0"}
			}
		},
		{
			"from": [0.5, 12, 0],
			"to": [3.5, 14, 16],
			"faces": {
				"north": {"uv": [0.508, 2.008, 3.492, 3.992], "texture": "#0"},
				"east": {"uv": [15.992, 2.008, 0.008, 3.992], "texture": "#0"},
				"south": {"uv": [0.508, 2.008, 3.492, 3.992], "texture": "#0"},
				"west": {"uv": [0.008, 2.008, 15.992, 3.992], "texture": "#0"},
				"up": {"uv": [0.008, 10.008, 15.992, 10.492], "rotation": 90, "texture": "#0"},
				"down": {"uv": [0.008, 11.508, 15.992, 11.992], "rotation": 270, "texture": "#0"}
			}
		},
		{
			"from": [1, 14, 0],
			"to": [3, 16, 5.5],
			"faces": {
				"north": {"uv": [13.508, 5.508, 15.492, 7.492], "texture": "#0"},
				"east": {"uv": [5.492, 0.008, 0.008, 1.992], "texture": "#0"},
				"south": {"uv": [13.508, 6.508, 15.492, 8.492], "texture": "#0"},
				"west": {"uv": [0.008, 0.008, 5.492, 1.992], "texture": "#0"},
				"down": {"uv": [0.008, 6.508, 15.992, 9.992], "rotation": 90, "texture": "#0"}
			}
		},
		{
			"from": [1, 14, 6],
			"to": [3, 16, 10],
			"faces": {
				"north": {"uv": [13.508, 6.508, 15.492, 8.492], "texture": "#0"},
				"east": {"uv": [9.992, 14.008, 6.008, 15.992], "texture": "#0"},
				"south": {"uv": [13.508, 6.508, 15.492, 8.492], "texture": "#0"},
				"west": {"uv": [6.008, 14.008, 9.992, 15.992], "texture": "#0"},
				"down": {"uv": [0.008, 6.508, 15.992, 9.992], "rotation": 90, "texture": "#0"}
			}
		},
		{
			"from": [1.5, 14, 5.5],
			"to": [2.5, 16, 6],
			"faces": {
				"east": {"uv": [10.008, 13.008, 10.492, 14.992], "texture": "#0"},
				"west": {"uv": [5.508, 0.008, 5.992, 1.992], "texture": "#0"},
				"down": {"uv": [0.008, 6.508, 15.992, 9.992], "rotation": 90, "texture": "#0"}
			}
		},
		{
			"from": [1, 14, 10.5],
			"to": [3, 16, 16],
			"faces": {
				"north": {"uv": [13.508, 6.508, 15.492, 8.492], "texture": "#0"},
				"east": {"uv": [15.992, 14.008, 10.508, 15.992], "texture": "#0"},
				"south": {"uv": [13.508, 7.008, 15.492, 8.992], "texture": "#0"},
				"west": {"uv": [10.508, 14.008, 15.992, 15.992], "texture": "#0"},
				"down": {"uv": [0.008, 6.508, 15.992, 9.992], "rotation": 90, "texture": "#0"}
			}
		},
		{
			"from": [1.5, 14, 10],
			"to": [2.5, 16, 10.5],
			"faces": {
				"east": {"uv": [5.508, 13.008, 5.992, 14.992], "texture": "#0"},
				"west": {"uv": [10.008, 13.008, 10.492, 14.992], "texture": "#0"},
				"down": {"uv": [0.008, 6.508, 15.992, 9.992], "rotation": 90, "texture": "#0"}
			}
		}
	],
	"groups": [0,
		{
			"name": "spruce_trapdoor_open",
			"children": [
				{
					"name": "group",
					"children": [1, 2, 3, 4, 5, 6, 7, 8, 9, 10, 11, 12, 13, 14, 15, 16]
				}
			]
		}, 17, 18, 19, 20, 21, 22, 23, 24, 25, 26, 27, 28]
}