{
	"credit": "Made with Blockbench",
	"parent": "block/orientable",
	"textures": {
		"3": "redpowerfabric:block/alloy_furnace_front",
		"4": "redpowerfabric:block/alloy_furnace_inner",
		"particle": "redpowerfabric:block/alloy_furnace_front",
		"top": "redpowerfabric:block/alloy_furnace_top",
		"side": "redpowerfabric:block/alloy_furnace_side"
	},
	"elements": [
		{
			"from": [3, 5, 0],
			"to": [10.5, 8, 9],
			"faces": {
				"north": {"uv": [5.5, 8, 13, 11], "texture": "#3", "cullface": "north"},
				"east": {"uv": [8.5, 7, 11.5, 16], "rotation": 270, "texture": "#4"},
				"up": {"uv": [13, 16, 5.5, 7], "texture": "#4"},
				"down": {"uv": [5.5, 7, 13, 16], "texture": "#4"}
			}
		},
		{
			"from": [3, 4.5, 0],
			"to": [6, 5, 9],
			"faces": {
				"north": {"uv": [10, 11, 13, 11.5], "texture": "#3", "cullface": "north"},
				"east": {"uv": [7.5, 7, 8, 16], "rotation": 270, "texture": "#4"},
				"down": {"uv": [9.5, 7, 12.5, 16], "texture": "#4"}
			}
		},
		{
			"from": [3, 4, 0],
			"to": [5, 4.5, 9],
			"faces": {
				"north": {"uv": [11, 11.5, 13, 12], "texture": "#3", "cullface": "north"},
				"east": {"uv": [11, 7, 11.5, 16], "rotation": 270, "texture": "#4"},
				"down": {"uv": [10.5, 7, 12.5, 16], "texture": "#4"}
			}
		},
		{
			"from": [11, 4, 0],
			"to": [13, 4.5, 9],
			"faces": {
				"north": {"uv": [3, 11.5, 5, 12], "texture": "#3", "cullface": "north"},
				"west": {"uv": [5.5, 7, 6, 16], "rotation": 90, "texture": "#4"},
				"down": {"uv": [3, 7, 5, 16], "texture": "#4"}
			}
		},
		{
			"from": [3, 3.5, 0],
			"to": [4, 4, 9],
			"faces": {
				"north": {"uv": [12, 12, 13, 12.5], "texture": "#3", "cullface": "north"},
				"east": {"uv": [12, 7, 12.5, 16], "rotation": 270, "texture": "#4"},
				"down": {"uv": [11.5, 7, 12.5, 16], "texture": "#4"}
			}
		},
		{
			"from": [12, 3.5, 0],
			"to": [13, 4, 9],
			"faces": {
				"north": {"uv": [3, 12, 4, 12.5], "texture": "#3", "cullface": "north"},
				"west": {"uv": [4, 7, 4.5, 16], "rotation": 90, "texture": "#4"},
				"down": {"uv": [3, 7, 4, 16], "texture": "#4"}
			}
		},
		{
			"from": [3, 3, 0],
			"to": [3.5, 3.5, 9],
			"faces": {
				"north": {"uv": [12.5, 12.5, 13, 13], "texture": "#3", "cullface": "north"},
				"east": {"uv": [12.5, 7, 13, 16], "rotation": 270, "texture": "#4"},
				"down": {"uv": [12, 7, 12.5, 16], "texture": "#4"}
			}
		},
		{
			"from": [12.5, 3, 0],
			"to": [13, 3.5, 9],
			"faces": {
				"north": {"uv": [3, 12.5, 3.5, 13], "texture": "#3", "cullface": "north"},
				"west": {"uv": [3.5, 7, 4, 16], "rotation": 90, "texture": "#4"},
				"down": {"uv": [3, 7, 3.5, 16], "texture": "#4"}
			}
		},
		{
			"from": [10.5, 7, 0],
			"to": [11, 7.5, 9],
			"faces": {
				"north": {"uv": [5, 8.5, 5.5, 9], "texture": "#3", "cullface": "north"},
				"east": {"uv": [13, 7, 13.5, 16], "rotation": 270, "texture": "#4"},
				"up": {"uv": [3.5, 16, 4, 7], "texture": "#4"}
			}
		},
		{
			"from": [13, 7, 0],
			"to": [13.5, 7.5, 9],
			"faces": {
				"north": {"uv": [2.5, 8.5, 3, 9], "texture": "#3", "cullface": "north"},
				"west": {"uv": [11, 7, 11.5, 16], "rotation": 90, "texture": "#4"},
				"up": {"uv": [3.5, 16, 4, 7], "texture": "#4"}
			}
		},
		{
			"from": [3, 12, 0],
			"to": [3.5, 13, 9],
			"faces": {
				"north": {"uv": [12.5, 3, 13, 4], "texture": "#3", "cullface": "north"},
				"east": {"uv": [12, 6, 13, 15.5], "rotation": 270, "texture": "#4"},
				"down": {"uv": [2.5, 6.5, 3, 15.5], "texture": "#4"}
			}
		},
		{
			"from": [7.5, 12, 0],
			"to": [8, 13, 9],
			"faces": {
				"north": {"uv": [8, 3, 8.5, 4], "texture": "#3", "cullface": "north"},
				"west": {"uv": [1, 6.5, 2, 15.5], "rotation": 90, "texture": "#4"},
				"down": {"uv": [6.5, 6.5, 7, 15.5], "texture": "#4"}
			}
		},
		{
			"from": [13.5, 7, 0],
			"to": [14, 8, 9],
			"faces": {
				"north": {"uv": [2, 8, 2.5, 9], "texture": "#3", "cullface": "north"},
				"west": {"uv": [3.5, 7, 4.5, 16], "rotation": 90, "texture": "#4"},
				"up": {"uv": [4, 16, 4.5, 7], "texture": "#4"}
			}
		},
		{
			"from": [7, 12.5, 0],
			"to": [7.5, 13, 9],
			"faces": {
				"north": {"uv": [8.5, 3, 9, 3.5], "texture": "#3", "cullface": "north"},
				"west": {"uv": [6.5, 6.5, 7, 15.5], "rotation": 90, "texture": "#4"},
				"down": {"uv": [5.5, 6.5, 6, 15.5], "texture": "#4"}
			}
		},
		{
			"from": [3.5, 12.5, 0],
			"to": [4, 13, 9],
			"faces": {
				"north": {"uv": [12, 3, 12.5, 3.5], "texture": "#3", "cullface": "north"},
				"east": {"uv": [13, 6, 13.5, 15.5], "rotation": 270, "texture": "#4"},
				"down": {"uv": [3.5, 6.5, 4, 15.5], "texture": "#4"}
			}
		},
		{
			"from": [8, 8, 0],
			"to": [10, 9, 9],
			"faces": {
				"north": {"uv": [6, 7, 8, 8], "texture": "#3", "cullface": "north"},
				"east": {"uv": [13, 7, 14, 16], "rotation": 270, "texture": "#4"},
				"west": {"uv": [10, 6.5, 11, 15.5], "rotation": 90, "texture": "#4"}
			}
		},
		{
			"from": [0, 0, 0],
			"to": [3, 16, 9],
			"faces": {
				"north": {"uv": [13, 0, 16, 16], "texture": "#3", "cullface": "north"},
				"east": {"uv": [0, 7, 16, 16], "rotation": 270, "texture": "#4"},
				"west": {"uv": [0, 0, 9, 16], "texture": "#side", "cullface": "west"},
				"up": {"uv": [16, 0, 13, 9.5], "texture": "#top", "cullface": "up"},
				"down": {"uv": [0, 7, 3, 16], "texture": "#top", "cullface": "down"}
			}
		},
		{
			"from": [13, 0, 0],
			"to": [16, 7, 9],
			"faces": {
				"north": {"uv": [0, 9, 3, 16], "texture": "#3", "cullface": "north"},
				"east": {"uv": [7, 9, 16, 16], "texture": "#side", "cullface": "east"},
				"west": {"uv": [0.5, 7, 7.5, 16], "rotation": 90, "texture": "#4"},
				"down": {"uv": [13, 7, 16, 16], "texture": "#top", "cullface": "down"}
			}
		},
		{
			"from": [10.5, 4.5, 0],
			"to": [13, 7, 9],
			"faces": {
				"north": {"uv": [3, 9, 5.5, 11.5], "texture": "#3", "cullface": "north"},
				"west": {"uv": [2.5, 7, 5, 16], "rotation": 90, "texture": "#4"},
				"up": {"uv": [8, 16, 10.5, 7], "texture": "#4"},
				"down": {"uv": [3, 7, 5.5, 16], "texture": "#4"}
			}
		},
		{
			"from": [8, 9, 0],
			"to": [14, 16, 9],
			"faces": {
				"north": {"uv": [2, 0, 8, 7], "texture": "#3", "cullface": "north"},
				"west": {"uv": [0.5, 6.5, 9.5, 15.5], "rotation": 90, "texture": "#4"},
				"up": {"uv": [8, 0, 2, 9], "texture": "#top", "cullface": "up"},
				"down": {"uv": [1.5, 7, 7.5, 16], "texture": "#4"}
			}
		},
		{
			"from": [3, 13, 0],
			"to": [8, 16, 9],
			"faces": {
				"north": {"uv": [8, 0, 13, 3], "texture": "#3", "cullface": "north"},
				"up": {"uv": [13, 0, 8, 9], "texture": "#top", "cullface": "up"},
				"down": {"uv": [3, 6.5, 6, 15.5], "texture": "#4"}
			}
		},
		{
			"from": [14, 7, 0],
			"to": [16, 16, 9],
			"faces": {
				"north": {"uv": [0, 0, 2, 9], "texture": "#3", "cullface": "north"},
				"east": {"uv": [7, 0, 16, 9], "texture": "#side", "cullface": "east"},
				"west": {"uv": [4, 7, 13, 16], "rotation": 90, "texture": "#4"},
				"up": {"uv": [2, 0, 0, 9], "texture": "#top", "cullface": "up"}
			}
		},
		{
			"from": [0, 0, 9],
			"to": [16, 16, 16],
			"faces": {
				"north": {"uv": [0, 0, 16, 16], "texture": "#3"},
				"east": {"uv": [0, 0, 7, 16], "texture": "#side", "cullface": "east"},
				"south": {"uv": [0, 0, 16, 16], "texture": "#side", "cullface": "south"},
				"west": {"uv": [9, 0, 16, 16], "texture": "#side", "cullface": "west"},
				"up": {"uv": [16, 9, 0, 16], "texture": "#top", "cullface": "up"},
				"down": {"uv": [16, 0, 0, 7], "texture": "#top", "cullface": "down"}
			}
		},
		{
			"from": [3, 0, 0],
			"to": [13, 1, 9],
			"faces": {
				"north": {"uv": [3, 15, 13, 16], "texture": "#top", "cullface": "north"},
				"up": {"uv": [3, 15, 13, 6], "texture": "#4"},
				"down": {"uv": [3, 7, 13, 16], "texture": "#top", "cullface": "down"}
			}
		}
	],
	"display": {
		"thirdperson_righthand": {
			"rotation": [90, 0, 0],
			"translation": [0, 0, -3.5],
			"scale": [0.5, 0.5, 0.5]
		},
		"thirdperson_lefthand": {
			"rotation": [90, 0, 0],
			"translation": [0, 0, -3.5],
			"scale": [0.5, 0.5, 0.5]
		},
		"firstperson_righthand": {
			"scale": [0.5, 0.5, 0.5]
		},
		"firstperson_lefthand": {
			"scale": [0.5, 0.5, 0.5]
		},
		"ground": {
			"scale": [0.5, 0.5, 0.5]
		},
		"gui": {
			"rotation": [0, 180, 0]
		}
	}
}