{ "ambientocclusion": false,
  "textures": {
    "1": "block/sweet_berry_bush"
  },
  "elements": [
    { "from": [8.75, 8.75, 1],
      "to": [10.25, 10.25, 1],
      "shade": false,
      "rotation": {"angle": -45, "axis": "y", "origin": [9.5, 9.5, 1]},
      "faces": {
        "north": {"uv": [12.25, 14.25, 13.75, 15.75], "texture": "#1"},
        "south": {"uv": [12.25, 14.25, 13.75, 15.75], "texture": "#1"}
      }
    },
    { "from": [9.5, 8.75, 0.25],
      "to": [9.5, 10.25, 1.75],
      "shade": false,
      "rotation": {"angle": -45, "axis": "y", "origin": [9.5, 9.5, 1]},
      "faces": {
        "east": {"uv": [12.25, 14.25, 13.75, 15.75], "texture": "#1"},
        "west": {"uv": [12.25, 14.25, 13.75, 15.75], "texture": "#1"}
      }
    },
    { "from": [3.75, 6.5, 0.5],
      "to": [5.25, 8, 0.5],
      "shade": false,
      "rotation": {"angle": -45, "axis": "y", "origin": [4.5, 7.25, 0.5]},
      "faces": {
        "north": {"uv": [12.25, 14.25, 13.75, 15.75], "texture": "#1"},
        "south": {"uv": [12.25, 14.25, 13.75, 15.75], "texture": "#1"}
      }
    },
    { "from": [4.5, 6.5, -0.25],
      "to": [4.5, 8, 1.25],
      "shade": false,
      "rotation": {"angle": -45, "axis": "y", "origin": [4.5, 7.25, 0.5]},
      "faces": {
        "east": {"uv": [12.25, 14.25, 13.75, 15.75], "texture": "#1"},
        "west": {"uv": [12.25, 14.25, 13.75, 15.75], "texture": "#1"}
      }
    },
    { "from": [10.6, 3.5, 0],
      "to": [12.35, 5.25, 0],
      "shade": false,
      "rotation": {"angle": -45, "axis": "y", "origin": [11.4875, 4.375, 0]},
      "faces": {
        "north": {"uv": [14, 14, 15.75, 15.75], "texture": "#1"},
        "south": {"uv": [14, 14, 15.75, 15.75], "texture": "#1"}
      }
    },
    { "from": [11.5, 3.5, -0.875],
      "to": [11.5, 5.25, 0.875],
      "shade": false,
      "rotation": {"angle": -45, "axis": "y", "origin": [11.4875, 4.375, 0]},
      "faces": {
        "east": {"uv": [14, 14, 15.75, 15.75], "texture": "#1"},
        "west": {"uv": [14, 14, 15.75, 15.75], "texture": "#1"}
      }
    }
  ]
}