{
	"credit": "Made by SyndiShanX",
	"ambientocclusion": false,
	"textures": {
		"top": "block/doors/bamboo_door_top",
		"sides": "block/doors/bamboo_door_sides",
		"particle": "block/doors/bamboo_door_top"
	},
	"elements": [
		{
			"name": "Door Top Bar",
			"from": [1, 0, 0],
			"to": [4, 1, 16],
			"faces": {
				"north": {"uv": [9, 0, 12, 1], "texture": "#sides", "cullface": "north"},
				"east": {"uv": [0, 15, 16, 16], "texture": "#top"},
				"south": {"uv": [12, 0, 9, 1], "texture": "#sides", "cullface": "south"},
				"west": {"uv": [0, 15, 16, 16], "texture": "#top"},
				"up": {"uv": [9, 0, 12, 16], "rotation": 180, "texture": "#sides"},
				"down": {"uv": [9, 0, 12, 16], "rotation": 180, "texture": "#sides", "cullface": "down"}
			}
		},
		{
			"name": "Door Top Bar",
			"from": [0.75, 0, 3],
			"to": [4.25, 1, 5],
			"faces": {
				"north": {"uv": [4.5, 15, 5, 16], "texture": "#top"},
				"east": {"uv": [3, 15, 5, 16], "texture": "#top"},
				"south": {"uv": [3, 15, 3.5, 16], "texture": "#top"},
				"west": {"uv": [3, 15, 5, 16], "texture": "#top"},
				"up": {"uv": [9, 3, 12, 5], "rotation": 180, "texture": "#sides"},
				"down": {"uv": [9, 11, 12, 13], "rotation": 180, "texture": "#sides", "cullface": "down"}
			}
		},
		{
			"name": "Door Top Bar",
			"from": [0.75, 0, 11],
			"to": [4.25, 1, 13],
			"faces": {
				"north": {"uv": [4.5, 15, 5, 16], "texture": "#top"},
				"east": {"uv": [3, 15, 5, 16], "texture": "#top"},
				"south": {"uv": [3, 15, 3.5, 16], "texture": "#top"},
				"west": {"uv": [3, 15, 5, 16], "texture": "#top"},
				"up": {"uv": [9, 3, 12, 5], "rotation": 180, "texture": "#sides"},
				"down": {"uv": [9, 11, 12, 13], "rotation": 180, "texture": "#sides", "cullface": "down"}
			}
		},
		{
			"name": "Door Top Bar",
			"from": [0.75, 1, 3.5],
			"to": [4.25, 1.5, 4.5],
			"faces": {
				"north": {"uv": [9, 3, 12, 3.5], "texture": "#sides"},
				"east": {"uv": [3.5, 14.5, 4.5, 15], "texture": "#top"},
				"south": {"uv": [12, 4.5, 9, 5], "texture": "#sides"},
				"west": {"uv": [3.5, 14.5, 4.5, 15], "texture": "#top"},
				"up": {"uv": [9, 3, 12, 3.5], "rotation": 180, "texture": "#sides"}
			}
		},
		{
			"name": "Door Top Bar",
			"from": [0.75, 1, 11.5],
			"to": [4.25, 1.5, 12.5],
			"faces": {
				"north": {"uv": [9, 3, 12, 3.5], "texture": "#sides"},
				"east": {"uv": [3.5, 14.5, 4.5, 15], "texture": "#top"},
				"south": {"uv": [12, 4.5, 9, 5], "texture": "#sides"},
				"west": {"uv": [3.5, 14.5, 4.5, 15], "texture": "#top"},
				"up": {"uv": [9, 3, 12, 3.5], "rotation": 180, "texture": "#sides"}
			}
		},
		{
			"name": "Door Top Hinge",
			"from": [0.75, 9.5, 13.5],
			"to": [4.25, 11, 14],
			"faces": {
				"north": {"uv": [2, 5, 2.5, 6.5], "texture": "#top"},
				"east": {"uv": [2, 5, 2.5, 6.5], "texture": "#top"},
				"west": {"uv": [2, 5, 2.5, 6.5], "texture": "#top"},
				"up": {"uv": [2, 5, 2.5, 5.5], "rotation": 180, "texture": "#top"},
				"down": {"uv": [2, 6, 2.5, 6.5], "rotation": 180, "texture": "#top"}
			}
		},
		{
			"name": "Door Top Hinge",
			"from": [0.75, 9, 14],
			"to": [4.25, 11.5, 16.25],
			"faces": {
				"north": {"uv": [1.5, 4.5, 2, 7], "texture": "#top"},
				"east": {"uv": [0, 4.5, 2, 7], "texture": "#top"},
				"south": {"uv": [12, 1.5, 15, 4], "texture": "#sides", "cullface": "south"},
				"west": {"uv": [2, 4.5, 0, 7], "texture": "#top"},
				"up": {"uv": [0, 4.5, 2, 7], "rotation": 270, "texture": "#top"},
				"down": {"uv": [2, 4.5, 0, 7], "rotation": 270, "texture": "#top"}
			}
		},
		{
			"name": "Door Top Plank",
			"from": [1, 1, 13],
			"to": [4, 13, 16],
			"faces": {
				"north": {"uv": [6, 3, 9, 15], "texture": "#sides"},
				"east": {"uv": [0, 3, 3, 15], "texture": "#top"},
				"south": {"uv": [12, 0, 15, 12], "texture": "#sides", "cullface": "south"},
				"west": {"uv": [3, 3, 0, 15], "texture": "#top"}
			}
		},
		{
			"name": "Door Top Plank",
			"from": [1, 1, 0],
			"to": [4, 13, 3],
			"faces": {
				"north": {"uv": [6, 3, 9, 15], "texture": "#sides", "cullface": "north"},
				"east": {"uv": [13, 3, 16, 15], "texture": "#top"},
				"south": {"uv": [6, 3, 9, 15], "texture": "#sides"},
				"west": {"uv": [16, 3, 13, 15], "texture": "#top"}
			}
		},
		{
			"name": "Door Top Plank",
			"from": [1, 13, 0],
			"to": [4, 16, 16],
			"faces": {
				"north": {"uv": [6, 0, 9, 3], "texture": "#sides", "cullface": "north"},
				"east": {"uv": [0, 0, 16, 3], "texture": "#top"},
				"south": {"uv": [6, 0, 9, 3], "texture": "#sides", "cullface": "south"},
				"west": {"uv": [16, 0, 0, 3], "texture": "#top"},
				"up": {"uv": [0, 0, 3, 16], "rotation": 180, "texture": "#sides", "cullface": "up"},
				"down": {"uv": [0, 0, 3, 16], "rotation": 180, "texture": "#sides"}
			}
		},
		{
			"name": "Door Top Plank",
			"from": [1.5, 1, 5],
			"to": [3.5, 13, 7],
			"faces": {
				"north": {"uv": [9, 3, 11, 15], "texture": "#top"},
				"east": {"uv": [9, 3, 11, 15], "texture": "#top"},
				"south": {"uv": [9, 3, 11, 15], "texture": "#top"},
				"west": {"uv": [11, 3, 9, 15], "texture": "#top"}
			}
		},
		{
			"name": "Door Top Plank",
			"from": [1.5, 1, 9],
			"to": [3.5, 13, 11],
			"faces": {
				"north": {"uv": [5, 3, 7, 15], "texture": "#top"},
				"east": {"uv": [5, 3, 7, 15], "texture": "#top"},
				"south": {"uv": [5, 3, 7, 15], "texture": "#top"},
				"west": {"uv": [7, 3, 5, 15], "texture": "#top"}
			}
		}
	],
	"groups": [
		{
			"name": "Top",
			"origin": [8, 8, 8],
			"color": 0,
			"children": [0, 1, 2, 3, 4, 5, 6, 7, 8, 9, 10, 11]
		}
	]
}