{ "ambientocclusion": false,
  "elements": [
    { "from": [6.3, 6, 1],
      "to": [15.3, 6, 10],
      "shade": false,
      "rotation": {"angle": -22.5, "axis": "x", "origin": [10, 5.5, 5]},
      "faces": {
        "up": {"uv": [9, 7, 0, 16], "rotation": 90, "texture": "#leaves"},
        "down": {"uv": [0, 7, 9, 16], "rotation": 90, "texture": "#leaves"}
      }
    },
    { "from": [3.8928, 11.75672, 2.465],
      "to": [9.8928, 11.75672, 8.465],
      "shade": false,
      "rotation": {"angle": 45, "axis": "y", "origin": [6.5928, 9.75672, 5.465]},
      "faces": {
        "up": {"uv": [16, 10, 10, 16], "texture": "#leaves"},
        "down": {"uv": [10, 10, 16, 16], "rotation": 180, "texture": "#leaves"}
      }
    },
    { "from": [0.9928, 4.75672, 4.565],
      "to": [6.9928, 4.75672, 10.565],
      "shade": false,
      "rotation": {"angle": -45, "axis": "y", "origin": [6.5928, 2.75672, 5.465]},
      "faces": {
        "up": {"uv": [10, 16, 16, 10], "rotation": 90, "texture": "#leaves"},
        "down": {"uv": [16, 16, 10, 10], "rotation": 90, "texture": "#leaves"}
      }
    }
  ]
}