{ "ambientocclusion": false,
  "elements": [
    { "from": [0.5, -1, 9.5],
      "to": [6.5, 5, 15.5],
      "faces": {
        "north": {"uv": [0, 6, 6, 12], "texture": "#fruit"},
        "east": {"uv": [0, 6, 6, 12], "texture": "#fruit"},
        "south": {"uv": [0, 6, 6, 12], "texture": "#fruit"},
        "west": {"uv": [0, 6, 6, 12], "texture": "#fruit"},
        "up": {"uv": [0, 0, 6, 6], "texture": "#fruit"}
      }
    },
    { "from": [4, 5, 7.7],
      "to": [4, 13, 15.7],
      "shade": false,
      "rotation": {"angle": -22.5, "axis": "y", "origin": [4, 8.5, 12]},
      "faces": {
        "east": {"uv": [0, 0, 8, 8], "texture": "#stem"},
        "west": {"uv": [8, 0, 0, 8], "texture": "#stem"}
      }
    }
  ]
}