{ "ambientocclusion": false,
  "elements": [
    { "from": [0, 15, 8],
      "to": [16, 31, 8],
      "shade": false,
      "faces": {
        "north": {"uv": [16, 0, 0, 16], "texture": "#stem"},
        "south": {"uv": [0, 0, 16, 16], "texture": "#stem"}
      }
    },
    { "from": [5.3, 18.5, 0.5],
      "to": [14.3, 18.5, 9.5],
      "shade": false,
      "rotation": {"angle": -22.5, "axis": "x", "origin": [9.5, 18.5, 8]},
      "faces": {
        "up": {"uv": [0, 7, 9, 16], "texture": "#leaves"},
        "down": {"uv": [9, 7, 0, 16], "rotation": 180, "texture": "#leaves"}
      }
    },
    { "from": [3, 22.7, 4],
      "to": [9, 22.7, 10],
      "shade": false,
      "rotation": {"angle": 22.5, "axis": "x", "origin": [6, 24.5, 8]},
      "faces": {
        "up": {"uv": [10, 10, 16, 16], "rotation": 90, "texture": "#leaves"},
        "down": {"uv": [16, 10, 10, 16], "rotation": 90, "texture": "#leaves"}
      }
    },
    { "from": [4.5, 20.25672, 6.79882],
      "to": [10.5, 20.25672, 12.79882],
      "shade": false,
      "rotation": {"angle": -22.5, "axis": "y", "origin": [5.5, 20.25672, 10.29882]},
      "faces": {
        "up": {"uv": [16, 16, 10, 10], "texture": "#leaves"},
        "down": {"uv": [10, 16, 16, 10], "rotation": 180, "texture": "#leaves"}
      }
    },
    { "from": [2, 18.75672, 7.80118],
      "to": [8, 18.75672, 13.80118],
      "shade": false,
      "rotation": {"angle": 22.5, "axis": "x", "origin": [5.5, 20.25672, 5.70118]},
      "faces": {
        "up": {"uv": [16, 10, 10, 16], "rotation": 180, "texture": "#leaves"},
        "down": {"uv": [10, 10, 16, 16], "texture": "#leaves"}
      }
    }
  ]
}