{
	"credit": "Made with Blockbench",
	"textures": {
		"0": "block/crimson_fence",
		"particle": "block/crimson_fence"
	},
	"elements": [
		{
			"name": "fence",
			"from": [7, 1.5, 0],
			"to": [9, 2, 7],
			"rotation": {"angle": 0, "axis": "y", "origin": [8, 7, 1]},
			"faces": {
				"north": {"uv": [7, 14, 9, 14.5], "texture": "#0", "cullface": "north"},
				"east": {"uv": [9, 15, 16, 15.5], "texture": "#0"},
				"south": {"uv": [7, 14, 9, 14.5], "texture": "#0"},
				"west": {"uv": [0, 15, 7, 15.5], "texture": "#0"},
				"up": {"uv": [7, 1, 9, 8], "texture": "#0"},
				"down": {"uv": [7, 8, 9, 15], "texture": "#0"}
			}
		},
		{
			"name": "fence",
			"from": [7.5, 1, 0],
			"to": [8.5, 2.5, 7],
			"rotation": {"angle": 0, "axis": "y", "origin": [8, 7, 1]},
			"faces": {
				"north": {"uv": [7.5, 13.5, 8.5, 15], "texture": "#0", "cullface": "north"},
				"east": {"uv": [9, 14.5, 16, 16], "texture": "#0"},
				"south": {"uv": [7.5, 13.5, 8.5, 15], "texture": "#0"},
				"west": {"uv": [0, 14.5, 7, 16], "texture": "#0"},
				"up": {"uv": [8.5, 1, 7.5, 8], "texture": "#0"},
				"down": {"uv": [8.5, 8, 7.5, 15], "texture": "#0"}
			}
		},
		{
			"name": "fence",
			"from": [7, 2.5, 0],
			"to": [9, 13.5, 1],
			"rotation": {"angle": 0, "axis": "y", "origin": [8, 7, 1]},
			"faces": {
				"north": {"uv": [7, 2.5, 9, 13.5], "texture": "#0", "cullface": "north"},
				"east": {"uv": [15, 3.5, 16, 14.5], "texture": "#0"},
				"south": {"uv": [7, 2.5, 9, 13.5], "texture": "#0"},
				"west": {"uv": [0, 3.5, 1, 14.5], "texture": "#0"},
				"up": {"uv": [7, 1, 9, 2], "rotation": 90, "texture": "#0"},
				"down": {"uv": [7, 14, 9, 15], "rotation": 90, "texture": "#0"}
			}
		},
		{
			"name": "fence",
			"from": [7.5, 2.5, 1],
			"to": [8.5, 13.5, 1.5],
			"rotation": {"angle": 0, "axis": "y", "origin": [8, 7, 1]},
			"faces": {
				"north": {"uv": [7.5, 2.5, 8.5, 13.5], "texture": "#0"},
				"east": {"uv": [14.5, 3.5, 15, 14.5], "texture": "#0"},
				"south": {"uv": [7.5, 2.5, 8.5, 13.5], "texture": "#0"},
				"west": {"uv": [1, 3.5, 1.5, 14.5], "texture": "#0"},
				"up": {"uv": [7.5, 2, 8.5, 2.5], "rotation": 90, "texture": "#0"},
				"down": {"uv": [7.5, 13.5, 8.5, 14], "rotation": 90, "texture": "#0"}
			}
		},
		{
			"name": "fence",
			"from": [7.5, 2.5, 3],
			"to": [8.5, 13.5, 3.5],
			"rotation": {"angle": 0, "axis": "y", "origin": [8, 7, 1]},
			"faces": {
				"north": {"uv": [7.5, 2.5, 8.5, 13.5], "texture": "#0"},
				"east": {"uv": [12.5, 3.5, 13, 14.5], "texture": "#0"},
				"south": {"uv": [7.5, 2.5, 8.5, 13.5], "texture": "#0"},
				"west": {"uv": [3, 3.5, 3.5, 14.5], "texture": "#0"}
			}
		},
		{
			"name": "fence",
			"from": [7.75, 4, 1.5],
			"to": [8.25, 4.5, 7],
			"rotation": {"angle": 0, "axis": "y", "origin": [8, 7, 1]},
			"faces": {
				"east": {"uv": [9, 12.5, 14.5, 13], "texture": "#0"},
				"south": {"uv": [7.75, 11.5, 8.25, 12], "texture": "#0"},
				"west": {"uv": [1.5, 12.5, 7, 13], "texture": "#0"},
				"up": {"uv": [7.75, 2.5, 8.25, 8], "texture": "#0"},
				"down": {"uv": [7.75, 8, 8.25, 13.5], "texture": "#0"}
			}
		},
		{
			"name": "fence",
			"from": [7.5, 2.5, 5],
			"to": [8.5, 13.5, 5.5],
			"rotation": {"angle": 0, "axis": "y", "origin": [8, 7, 1]},
			"faces": {
				"north": {"uv": [7.5, 2.5, 8.5, 13.5], "texture": "#0"},
				"east": {"uv": [10.5, 3.5, 11, 14.5], "texture": "#0"},
				"south": {"uv": [7.5, 2.5, 8.5, 13.5], "texture": "#0"},
				"west": {"uv": [5, 3.5, 5.5, 14.5], "texture": "#0"}
			}
		},
		{
			"name": "fence",
			"from": [7.5, 2.5, 6],
			"to": [8.5, 13.5, 6.5],
			"rotation": {"angle": 0, "axis": "y", "origin": [8, 7, 1]},
			"faces": {
				"north": {"uv": [7.5, 2.5, 8.5, 13.5], "texture": "#0"},
				"east": {"uv": [9.5, 3.5, 10, 14.5], "texture": "#0"},
				"south": {"uv": [7.5, 2.5, 8.5, 13.5], "texture": "#0"},
				"west": {"uv": [6, 3.5, 6.5, 14.5], "texture": "#0"}
			}
		},
		{
			"name": "fence",
			"from": [7.75, 6, 1.5],
			"to": [8.25, 6.5, 7],
			"rotation": {"angle": 0, "axis": "y", "origin": [8, 7, 1]},
			"faces": {
				"east": {"uv": [9, 10.5, 14.5, 11], "texture": "#0"},
				"south": {"uv": [7.75, 9.5, 8.25, 10], "texture": "#0"},
				"west": {"uv": [1.5, 10.5, 7, 11], "texture": "#0"},
				"up": {"uv": [7.75, 2.5, 8.25, 8], "texture": "#0"},
				"down": {"uv": [7.75, 8, 8.25, 13.5], "texture": "#0"}
			}
		},
		{
			"name": "fence",
			"from": [7.75, 9.5, 1.5],
			"to": [8.25, 10, 7],
			"rotation": {"angle": 0, "axis": "y", "origin": [8, 7, 1]},
			"faces": {
				"east": {"uv": [9, 7, 14.5, 7.5], "texture": "#0"},
				"south": {"uv": [7.75, 6, 8.25, 6.5], "texture": "#0"},
				"west": {"uv": [1.5, 7, 7, 7.5], "texture": "#0"},
				"up": {"uv": [7.75, 2.5, 8.25, 8], "texture": "#0"},
				"down": {"uv": [7.75, 8, 8.25, 13.5], "texture": "#0"}
			}
		},
		{
			"name": "fence",
			"from": [7.5, 2.5, 2],
			"to": [8.5, 13.5, 2.5],
			"rotation": {"angle": 0, "axis": "y", "origin": [8, 7, 1]},
			"faces": {
				"north": {"uv": [7.5, 2.5, 8.5, 13.5], "texture": "#0"},
				"east": {"uv": [13.5, 3.5, 14, 14.5], "texture": "#0"},
				"south": {"uv": [7.5, 2.5, 8.5, 13.5], "texture": "#0"},
				"west": {"uv": [2, 3.5, 2.5, 14.5], "texture": "#0"}
			}
		},
		{
			"name": "fence",
			"from": [7.75, 11.5, 1.5],
			"to": [8.25, 12, 7],
			"rotation": {"angle": 0, "axis": "y", "origin": [8, 7, 1]},
			"faces": {
				"east": {"uv": [9, 5, 14.5, 5.5], "texture": "#0"},
				"south": {"uv": [7.75, 4, 8.25, 4.5], "texture": "#0"},
				"west": {"uv": [1.5, 5, 7, 5.5], "texture": "#0"},
				"up": {"uv": [7.75, 2.5, 8.25, 8], "texture": "#0"},
				"down": {"uv": [7.75, 8, 8.25, 13.5], "texture": "#0"}
			}
		},
		{
			"name": "fence",
			"from": [7.5, 13.5, 0],
			"to": [8.5, 15, 7],
			"rotation": {"angle": 0, "axis": "y", "origin": [8, 7, 1]},
			"faces": {
				"north": {"uv": [7.5, 1, 8.5, 2.5], "texture": "#0", "cullface": "north"},
				"east": {"uv": [9, 2, 16, 3.5], "texture": "#0"},
				"south": {"uv": [7.5, 1, 8.5, 2.5], "texture": "#0"},
				"west": {"uv": [0, 2, 7, 3.5], "texture": "#0"},
				"up": {"uv": [8.5, 1, 7.5, 8], "texture": "#0"},
				"down": {"uv": [7.5, 8, 8.5, 15], "texture": "#0"}
			}
		},
		{
			"name": "fence",
			"from": [7, 14, 0],
			"to": [9, 14.5, 7],
			"rotation": {"angle": 0, "axis": "y", "origin": [8, 7, 1]},
			"faces": {
				"north": {"uv": [7, 1.5, 9, 2], "texture": "#0", "cullface": "north"},
				"east": {"uv": [9, 2.5, 16, 3], "texture": "#0"},
				"south": {"uv": [7, 1.5, 9, 2], "texture": "#0"},
				"west": {"uv": [0, 2.5, 7, 3], "texture": "#0"},
				"up": {"uv": [7, 1, 9, 8], "texture": "#0"},
				"down": {"uv": [7, 8, 9, 15], "texture": "#0"}
			}
		}
	]
}