{
	"credit": "Made with Blockbench",
	"textures": {
		"0": "block/crimson_fence",
		"particle": "block/crimson_fence"
	},
	"elements": [
		{
			"name": "fence",
			"from": [7, 1.5, 9],
			"to": [9, 2, 16],
			"rotation": {"angle": 0, "axis": "y", "origin": [8, 7, 15]},
			"faces": {
				"north": {"uv": [7, 14, 9, 14.5], "texture": "#0"},
				"east": {"uv": [0, 15, 7, 15.5], "texture": "#0"},
				"south": {"uv": [7, 14, 9, 14.5], "texture": "#0", "cullface": "south"},
				"west": {"uv": [9, 15, 16, 15.5], "texture": "#0"},
				"up": {"uv": [7, 8, 9, 15], "rotation": 180, "texture": "#0"},
				"down": {"uv": [7, 1, 9, 8], "rotation": 180, "texture": "#0"}
			}
		},
		{
			"name": "fence",
			"from": [7.5, 1, 9],
			"to": [8.5, 2.5, 16],
			"rotation": {"angle": 0, "axis": "y", "origin": [8, 7, 15]},
			"faces": {
				"north": {"uv": [7.5, 13.5, 8.5, 15], "texture": "#0"},
				"east": {"uv": [0, 14.5, 7, 16], "texture": "#0"},
				"south": {"uv": [7.5, 13.5, 8.5, 15], "texture": "#0", "cullface": "south"},
				"west": {"uv": [9, 14.5, 16, 16], "texture": "#0"},
				"up": {"uv": [7.5, 8, 8.5, 15], "rotation": 180, "texture": "#0"},
				"down": {"uv": [7.5, 1, 8.5, 8], "rotation": 180, "texture": "#0"}
			}
		},
		{
			"name": "fence",
			"from": [7, 2.5, 15],
			"to": [9, 13.5, 16],
			"rotation": {"angle": 0, "axis": "y", "origin": [8, 7, 15]},
			"faces": {
				"north": {"uv": [7, 2.5, 9, 13.5], "texture": "#0"},
				"east": {"uv": [0, 3.5, 1, 14.5], "texture": "#0"},
				"south": {"uv": [7, 2.5, 9, 13.5], "texture": "#0", "cullface": "south"},
				"west": {"uv": [15, 3.5, 16, 14.5], "texture": "#0"},
				"up": {"uv": [7, 14, 9, 15], "rotation": 270, "texture": "#0"},
				"down": {"uv": [7, 1, 9, 2], "rotation": 270, "texture": "#0"}
			}
		},
		{
			"name": "fence",
			"from": [7.5, 2.5, 14.5],
			"to": [8.5, 13.5, 15],
			"rotation": {"angle": 0, "axis": "y", "origin": [8, 7, 15]},
			"faces": {
				"north": {"uv": [7.5, 2.5, 8.5, 13.5], "texture": "#0"},
				"east": {"uv": [1, 3.5, 1.5, 14.5], "texture": "#0"},
				"south": {"uv": [7.5, 2.5, 8.5, 13.5], "texture": "#0"},
				"west": {"uv": [14.5, 3.5, 15, 14.5], "texture": "#0"},
				"up": {"uv": [7.5, 13.5, 8.5, 14], "rotation": 270, "texture": "#0"},
				"down": {"uv": [7.5, 2, 8.5, 2.5], "rotation": 270, "texture": "#0"}
			}
		},
		{
			"name": "fence",
			"from": [7.5, 2.5, 12.5],
			"to": [8.5, 13.5, 13],
			"rotation": {"angle": 0, "axis": "y", "origin": [8, 7, 15]},
			"faces": {
				"north": {"uv": [7.5, 2.5, 8.5, 13.5], "texture": "#0"},
				"east": {"uv": [3, 3.5, 3.5, 14.5], "texture": "#0"},
				"south": {"uv": [7.5, 2.5, 8.5, 13.5], "texture": "#0"},
				"west": {"uv": [12.5, 3.5, 13, 14.5], "texture": "#0"},
				"up": {"uv": [7.5, 11.5, 8.5, 12], "texture": "#0"},
				"down": {"uv": [7.5, 4, 8.5, 4.5], "texture": "#0"}
			}
		},
		{
			"name": "fence",
			"from": [7.75, 4, 9],
			"to": [8.25, 4.5, 14.5],
			"rotation": {"angle": 0, "axis": "y", "origin": [8, 7, 15]},
			"faces": {
				"north": {"uv": [7.75, 11.5, 8.25, 12], "texture": "#0"},
				"east": {"uv": [1.5, 12.5, 7, 13], "texture": "#0"},
				"south": {"uv": [7.75, 11.5, 8.25, 12], "texture": "#0"},
				"west": {"uv": [9, 12.5, 14.5, 13], "texture": "#0"},
				"up": {"uv": [7.75, 8, 8.25, 13.5], "rotation": 180, "texture": "#0"},
				"down": {"uv": [7.75, 2.5, 8.25, 8], "rotation": 180, "texture": "#0"}
			}
		},
		{
			"name": "fence",
			"from": [7.5, 2.5, 10.5],
			"to": [8.5, 13.5, 11],
			"rotation": {"angle": 0, "axis": "y", "origin": [8, 7, 15]},
			"faces": {
				"north": {"uv": [7.5, 2.5, 8.5, 13.5], "texture": "#0"},
				"east": {"uv": [5, 3.5, 5.5, 14.5], "texture": "#0"},
				"south": {"uv": [7.5, 2.5, 8.5, 13.5], "texture": "#0"},
				"west": {"uv": [10.5, 3.5, 11, 14.5], "texture": "#0"},
				"up": {"uv": [7.5, 9.5, 8.5, 10], "texture": "#0"},
				"down": {"uv": [7.5, 6, 8.5, 6.5], "texture": "#0"}
			}
		},
		{
			"name": "fence",
			"from": [7.5, 2.5, 9.5],
			"to": [8.5, 13.5, 10],
			"rotation": {"angle": 0, "axis": "y", "origin": [8, 7, 15]},
			"faces": {
				"north": {"uv": [7.5, 2.5, 8.5, 13.5], "texture": "#0"},
				"east": {"uv": [6, 3.5, 6.5, 14.5], "texture": "#0"},
				"south": {"uv": [7.5, 2.5, 8.5, 13.5], "texture": "#0"},
				"west": {"uv": [9.5, 3.5, 10, 14.5], "texture": "#0"},
				"up": {"uv": [7.5, 8.5, 8.5, 9], "texture": "#0"},
				"down": {"uv": [7.5, 7, 8.5, 7.5], "texture": "#0"}
			}
		},
		{
			"name": "fence",
			"from": [7.75, 6, 9],
			"to": [8.25, 6.5, 14.5],
			"rotation": {"angle": 0, "axis": "y", "origin": [8, 7, 15]},
			"faces": {
				"north": {"uv": [7.75, 9.5, 8.25, 10], "texture": "#0"},
				"east": {"uv": [1.5, 10.5, 7, 11], "texture": "#0"},
				"south": {"uv": [7.75, 9.5, 8.25, 10], "texture": "#0"},
				"west": {"uv": [9, 10.5, 14.5, 11], "texture": "#0"},
				"up": {"uv": [7.75, 8, 8.25, 13.5], "rotation": 180, "texture": "#0"},
				"down": {"uv": [7.75, 2.5, 8.25, 8], "rotation": 180, "texture": "#0"}
			}
		},
		{
			"name": "fence",
			"from": [7.75, 9.5, 9],
			"to": [8.25, 10, 14.5],
			"rotation": {"angle": 0, "axis": "y", "origin": [8, 7, 15]},
			"faces": {
				"north": {"uv": [7.75, 6, 8.25, 6.5], "texture": "#0"},
				"east": {"uv": [1.5, 7, 7, 7.5], "texture": "#0"},
				"south": {"uv": [7.75, 6, 8.25, 6.5], "texture": "#0"},
				"west": {"uv": [9, 7, 14.5, 7.5], "texture": "#0"},
				"up": {"uv": [7.75, 8, 8.25, 13.5], "rotation": 180, "texture": "#0"},
				"down": {"uv": [7.75, 2.5, 8.25, 8], "rotation": 180, "texture": "#0"}
			}
		},
		{
			"name": "fence",
			"from": [7.5, 2.5, 13.5],
			"to": [8.5, 13.5, 14],
			"rotation": {"angle": 0, "axis": "y", "origin": [8, 7, 15]},
			"faces": {
				"north": {"uv": [7.5, 2.5, 8.5, 13.5], "texture": "#0"},
				"east": {"uv": [2, 3.5, 2.5, 14.5], "texture": "#0"},
				"south": {"uv": [7.5, 2.5, 8.5, 13.5], "texture": "#0"},
				"west": {"uv": [13.5, 3.5, 14, 14.5], "texture": "#0"},
				"up": {"uv": [7.5, 12.5, 8.5, 13], "texture": "#0"},
				"down": {"uv": [7.5, 3, 8.5, 3.5], "texture": "#0"}
			}
		},
		{
			"name": "fence",
			"from": [7.75, 11.5, 9],
			"to": [8.25, 12, 14.5],
			"rotation": {"angle": 0, "axis": "y", "origin": [8, 7, 15]},
			"faces": {
				"north": {"uv": [7.75, 4, 8.25, 4.5], "texture": "#0"},
				"east": {"uv": [1.5, 5, 7, 5.5], "texture": "#0"},
				"south": {"uv": [7.75, 4, 8.25, 4.5], "texture": "#0"},
				"west": {"uv": [9, 5, 14.5, 5.5], "texture": "#0"},
				"up": {"uv": [7.75, 8, 8.25, 13.5], "rotation": 180, "texture": "#0"},
				"down": {"uv": [7.75, 2.5, 8.25, 8], "rotation": 180, "texture": "#0"}
			}
		},
		{
			"name": "fence",
			"from": [7.5, 13.5, 9],
			"to": [8.5, 15, 16],
			"rotation": {"angle": 0, "axis": "y", "origin": [8, 7, 15]},
			"faces": {
				"north": {"uv": [7.5, 1, 8.5, 2.5], "texture": "#0"},
				"east": {"uv": [0, 2, 7, 3.5], "texture": "#0"},
				"south": {"uv": [7.5, 1, 8.5, 2.5], "texture": "#0", "cullface": "south"},
				"west": {"uv": [9, 2, 16, 3.5], "texture": "#0"},
				"up": {"uv": [7.5, 8, 8.5, 15], "rotation": 180, "texture": "#0"},
				"down": {"uv": [7.5, 1, 8.5, 8], "rotation": 180, "texture": "#0"}
			}
		},
		{
			"name": "fence",
			"from": [7, 14, 9],
			"to": [9, 14.5, 16],
			"rotation": {"angle": 0, "axis": "y", "origin": [8, 7, 15]},
			"faces": {
				"north": {"uv": [7, 1.5, 9, 2], "texture": "#0"},
				"east": {"uv": [0, 2.5, 7, 3], "texture": "#0"},
				"south": {"uv": [7, 1.5, 9, 2], "texture": "#0", "cullface": "south"},
				"west": {"uv": [9, 2.5, 16, 3], "texture": "#0"},
				"up": {"uv": [7, 8, 9, 15], "rotation": 180, "texture": "#0"},
				"down": {"uv": [7, 1, 9, 8], "rotation": 180, "texture": "#0"}
			}
		}
	],
	"groups": [
		{
			"name": "pillar",
			"origin": [8, 7, 8],
			"children": []
		},
		{
			"name": "fence",
			"origin": [8, 7, 8],
			"children": [0, 1, 2, 3, 4, 5, 6, 7, 8, 9, 10, 11, 12, 13]
		},
		{
			"name": "oak_fence_post",
			"origin": [8, 8, 8],
			"children": []
		},
		{
			"name": "oak_fence_side_ne",
			"origin": [8, 8, 8],
			"children": []
		}
	]
}