{
	"credit": "Made with Blockbench",
	"textures": {
		"0": "block/crimson_fence",
		"particle": "block/crimson_fence"
	},
	"elements": [
		{
			"name": "pillar",
			"from": [7.5, 0.5, 7.5],
			"to": [8.5, 1, 8.5],
			"rotation": {"angle": 0, "axis": "y", "origin": [8, 7, 1]},
			"faces": {
				"north": {"uv": [7.5, 15, 8.5, 15.5], "rotation": 180, "texture": "#0"},
				"east": {"uv": [7.5, 15, 8.5, 15.5], "rotation": 180, "texture": "#0"},
				"south": {"uv": [7.5, 15, 8.5, 15.5], "rotation": 180, "texture": "#0"},
				"west": {"uv": [7.5, 15, 8.5, 15.5], "rotation": 180, "texture": "#0"},
				"up": {"uv": [5.5, 0.5, 6.5, 1.5], "texture": "#0"}
			}
		},
		{
			"name": "pillar",
			"from": [7, 0, 7],
			"to": [9, 0.5, 9],
			"rotation": {"angle": 0, "axis": "y", "origin": [8, 7, 1]},
			"faces": {
				"north": {"uv": [7, 15.5, 9, 16], "rotation": 180, "texture": "#0"},
				"east": {"uv": [7, 15.5, 9, 16], "rotation": 180, "texture": "#0"},
				"south": {"uv": [7, 15.5, 9, 16], "rotation": 180, "texture": "#0"},
				"west": {"uv": [7, 15.5, 9, 16], "rotation": 180, "texture": "#0"},
				"up": {"uv": [5, 0, 7, 2], "rotation": 180, "texture": "#0"},
				"down": {"uv": [5, 0, 7, 2], "rotation": 180, "texture": "#0", "cullface": "down"}
			}
		},
		{
			"name": "pillar",
			"from": [7.5, 15, 7.5],
			"to": [8.5, 15.5, 8.5],
			"rotation": {"angle": 0, "axis": "y", "origin": [8, 7, 1]},
			"faces": {
				"north": {"uv": [7.5, 0.5, 8.5, 1], "texture": "#0"},
				"east": {"uv": [7.5, 0.5, 8.5, 1], "texture": "#0"},
				"south": {"uv": [7.5, 0.5, 8.5, 1], "texture": "#0"},
				"west": {"uv": [7.5, 0.5, 8.5, 1], "texture": "#0"},
				"up": {"uv": [5.5, 0.5, 6.5, 1.5], "texture": "#0"}
			}
		},
		{
			"name": "pillar",
			"from": [7, 15.5, 7],
			"to": [9, 16, 9],
			"rotation": {"angle": 0, "axis": "y", "origin": [8, 7, 1]},
			"faces": {
				"north": {"uv": [7, 0, 9, 0.5], "texture": "#0"},
				"east": {"uv": [7, 0, 9, 0.5], "texture": "#0"},
				"south": {"uv": [7, 0, 9, 0.5], "texture": "#0"},
				"west": {"uv": [7, 0, 9, 0.5], "texture": "#0"},
				"up": {"uv": [5, 0, 7, 2], "texture": "#0", "cullface": "up"},
				"down": {"uv": [5, 0, 7, 2], "texture": "#0"}
			}
		},
		{
			"name": "pillar",
			"from": [7, 1, 7],
			"to": [9, 15, 9],
			"rotation": {"angle": 0, "axis": "y", "origin": [8, 7, 1]},
			"faces": {
				"north": {"uv": [7, 1, 9, 15], "texture": "#0"},
				"east": {"uv": [7, 1, 9, 15], "texture": "#0"},
				"south": {"uv": [7, 1, 9, 15], "texture": "#0"},
				"west": {"uv": [7, 1, 9, 15], "texture": "#0"},
				"up": {"uv": [9, 0, 11, 2], "texture": "#0"},
				"down": {"uv": [9, 0, 11, 2], "texture": "#0"}
			}
		}
	]
}