{
	"credit": "Made with Blockbench",
	"textures": {
		"0": "block/redstone_torch_off",
		"1_0": "block/redstone_torch_off",
		"particle": "block/redstone_torch_off"
	},
	"elements": [
		{
			"from": [6.5, 10.5, 6.5],
			"to": [9.5, 11.5, 9.5],
			"faces": {
				"north": {"uv": [6.5, 4.5, 9.5, 5.5], "texture": "#0"},
				"east": {"uv": [6.5, 4.5, 9.5, 5.5], "texture": "#0"},
				"south": {"uv": [6.5, 4.5, 9.5, 5.5], "texture": "#0"},
				"west": {"uv": [6.5, 4.5, 9.5, 5.5], "texture": "#0"},
				"up": {"uv": [0.032, 0.032, 2.968, 2.968], "texture": "#0"},
				"down": {"uv": [0.032, 0.032, 2.968, 2.968], "texture": "#0"}
			}
		},
		{
			"from": [7, 7.5, 7],
			"to": [9, 10.5, 9],
			"faces": {
				"north": {"uv": [7.032, 5.5, 8.968, 8.5], "texture": "#0"},
				"east": {"uv": [7.032, 5.5, 8.968, 8.5], "texture": "#0"},
				"south": {"uv": [7.032, 5.5, 8.968, 8.5], "texture": "#0"},
				"west": {"uv": [7.032, 5.5, 8.968, 8.5], "texture": "#0"}
			}
		},
		{
			"from": [6, 7.5, 9],
			"to": [7, 10.5, 10],
			"faces": {
				"north": {"uv": [6.032, 5.5, 6.968, 8.5], "texture": "#0"},
				"east": {"uv": [9.032, 5.5, 9.968, 8.5], "texture": "#0"},
				"south": {"uv": [6.032, 5.5, 6.968, 8.5], "texture": "#0"},
				"west": {"uv": [9.032, 5.5, 9.968, 8.5], "texture": "#0"},
				"up": {"uv": [0.032, 2.032, 0.968, 2.968], "texture": "#0"},
				"down": {"uv": [0.032, 2.032, 0.968, 2.968], "texture": "#0"}
			}
		},
		{
			"from": [6, 7.5, 6],
			"to": [7, 10.5, 7],
			"faces": {
				"north": {"uv": [9.032, 5.5, 9.968, 8.5], "texture": "#0"},
				"east": {"uv": [6.032, 5.5, 6.968, 8.5], "texture": "#0"},
				"south": {"uv": [6.032, 5.5, 6.968, 8.5], "texture": "#0"},
				"west": {"uv": [9.032, 5.5, 9.968, 8.5], "texture": "#0"},
				"up": {"uv": [0.032, 0.032, 0.968, 0.968], "texture": "#0"},
				"down": {"uv": [0.032, 0.032, 0.968, 0.968], "texture": "#0"}
			}
		},
		{
			"from": [9, 7.5, 6],
			"to": [10, 10.5, 7],
			"faces": {
				"north": {"uv": [6.032, 5.5, 6.968, 8.5], "texture": "#0"},
				"east": {"uv": [9.032, 5.5, 9.968, 8.5], "texture": "#0"},
				"south": {"uv": [6.032, 5.5, 6.968, 8.5], "texture": "#0"},
				"west": {"uv": [9.032, 5.5, 9.968, 8.5], "texture": "#0"},
				"up": {"uv": [2.032, 0.032, 2.968, 0.968], "texture": "#0"},
				"down": {"uv": [2.032, 0.032, 2.968, 0.968], "texture": "#0"}
			}
		},
		{
			"from": [9, 7.5, 9],
			"to": [10, 10.5, 10],
			"faces": {
				"north": {"uv": [9.032, 5.5, 9.968, 8.5], "texture": "#0"},
				"east": {"uv": [6.032, 5.5, 6.968, 8.5], "texture": "#0"},
				"south": {"uv": [9.032, 5.5, 9.968, 8.5], "texture": "#0"},
				"west": {"uv": [6.032, 5.5, 6.968, 8.5], "texture": "#0"},
				"up": {"uv": [2.032, 2.032, 2.968, 2.968], "texture": "#0"},
				"down": {"uv": [2.032, 2.032, 2.968, 2.968], "texture": "#0"}
			}
		},
		{
			"from": [6.5, 6.5, 6.5],
			"to": [9.5, 7.5, 9.5],
			"faces": {
				"north": {"uv": [6.5, 8.5, 9.5, 9.5], "texture": "#0"},
				"east": {"uv": [6.5, 8.5, 9.5, 9.5], "texture": "#0"},
				"south": {"uv": [6.5, 8.5, 9.5, 9.5], "texture": "#0"},
				"west": {"uv": [6.5, 8.5, 9.5, 9.5], "texture": "#0"},
				"up": {"uv": [0.032, 0.032, 2.968, 2.968], "texture": "#0"},
				"down": {"uv": [0.032, 0.032, 2.968, 2.968], "texture": "#0"}
			}
		},
		{
			"from": [6.5, 10, 7],
			"to": [9.5, 10.5, 7.5],
			"faces": {
				"east": {"uv": [7.032, 5.5, 7.5, 5.968], "texture": "#0"},
				"south": {"uv": [7.032, 5.5, 7.5, 5.968], "texture": "#0"},
				"west": {"uv": [7.032, 5.5, 7.5, 5.968], "texture": "#0"},
				"down": {"uv": [7.032, 5.5, 7.5, 5.968], "texture": "#0"}
			}
		},
		{
			"from": [6.5, 10, 8.5],
			"to": [9.5, 10.5, 9],
			"faces": {
				"north": {"uv": [7.032, 5.5, 7.5, 5.968], "texture": "#0"},
				"east": {"uv": [7.032, 5.5, 7.5, 5.968], "texture": "#0"},
				"west": {"uv": [7.032, 5.5, 7.5, 5.968], "texture": "#0"},
				"down": {"uv": [7.032, 5.5, 7.5, 5.968], "texture": "#0"}
			}
		},
		{
			"from": [7, 10, 6.5],
			"to": [7.5, 10.5, 9.5],
			"faces": {
				"north": {"uv": [7.032, 5.5, 7.5, 5.968], "texture": "#0"},
				"east": {"uv": [7.032, 5.5, 7.5, 5.968], "texture": "#0"},
				"south": {"uv": [7.032, 5.5, 7.5, 5.968], "texture": "#0"},
				"down": {"uv": [7.032, 5.5, 7.5, 5.968], "rotation": 270, "texture": "#0"}
			}
		},
		{
			"from": [8.5, 10, 6.5],
			"to": [9, 10.5, 9.5],
			"faces": {
				"north": {"uv": [7.032, 5.5, 7.5, 5.968], "texture": "#0"},
				"south": {"uv": [7.032, 5.5, 7.5, 5.968], "texture": "#0"},
				"west": {"uv": [7.032, 5.5, 7.5, 5.968], "texture": "#0"},
				"down": {"uv": [7.032, 5.5, 7.5, 5.968], "rotation": 270, "texture": "#0"}
			}
		},
		{
			"from": [8.5, 7.5, 6.5],
			"to": [9, 8, 9.5],
			"faces": {
				"north": {"uv": [7.032, 8.032, 7.5, 8.5], "texture": "#0"},
				"south": {"uv": [7.032, 8.032, 7.5, 8.5], "texture": "#0"},
				"west": {"uv": [7.032, 8.032, 7.5, 8.5], "texture": "#0"},
				"up": {"uv": [7.032, 8.032, 7.5, 8.5], "texture": "#0"}
			}
		},
		{
			"from": [7, 7.5, 6.5],
			"to": [7.5, 8, 9.5],
			"faces": {
				"north": {"uv": [7.032, 8.032, 7.5, 8.5], "texture": "#0"},
				"east": {"uv": [7.032, 8.032, 7.5, 8.5], "texture": "#0"},
				"south": {"uv": [7.032, 8.032, 7.5, 8.5], "texture": "#0"},
				"up": {"uv": [7.032, 8.032, 7.5, 8.5], "texture": "#0"}
			}
		},
		{
			"from": [6.5, 7.5, 8.5],
			"to": [9.5, 8, 9],
			"faces": {
				"north": {"uv": [7.032, 8.032, 7.5, 8.5], "texture": "#0"},
				"east": {"uv": [7.032, 8.032, 7.5, 8.5], "texture": "#0"},
				"west": {"uv": [7.032, 8.032, 7.5, 8.5], "texture": "#0"},
				"up": {"uv": [7.032, 8.032, 7.5, 8.5], "texture": "#0"}
			}
		},
		{
			"from": [6.5, 7.5, 7],
			"to": [9.5, 8, 7.5],
			"faces": {
				"east": {"uv": [7.032, 8.032, 7.5, 8.5], "texture": "#0"},
				"south": {"uv": [7.032, 8.032, 7.5, 8.5], "texture": "#0"},
				"west": {"uv": [7.032, 8.032, 7.5, 8.5], "texture": "#0"},
				"up": {"uv": [7.032, 8.032, 7.5, 8.5], "texture": "#0"}
			}
		},
		{
			"from": [7, 0, 7],
			"to": [9, 6.5, 9],
			"faces": {
				"north": {"uv": [7.032, 9.5, 8.968, 15.968], "texture": "#1_0"},
				"east": {"uv": [7.032, 9.532, 8.968, 15.968], "texture": "#1_0"},
				"south": {"uv": [7.032, 9.532, 8.968, 15.968], "texture": "#1_0"},
				"west": {"uv": [7.032, 9.532, 8.968, 15.968], "texture": "#1_0"},
				"up": {"uv": [0.032, 0.032, 1.5, 1.5], "texture": "#missing"},
				"down": {"uv": [7.5, 14.5, 8.968, 15.968], "texture": "#1_0"}
			}
		},
		{
			"from": [6.5, 2.5, 6.5],
			"to": [9.5, 4, 9.5],
			"faces": {
				"north": {"uv": [6.5, 12, 9.5, 13.5], "texture": "#1_0"},
				"east": {"uv": [6.5, 12, 9.5, 13.5], "texture": "#1_0"},
				"south": {"uv": [6.5, 12, 9.5, 13.5], "texture": "#1_0"},
				"west": {"uv": [6.5, 12, 9.5, 13.5], "texture": "#1_0"},
				"up": {"uv": [3.032, 0.032, 5.968, 2.968], "texture": "#1_0"},
				"down": {"uv": [3.032, 0.032, 5.968, 2.968], "texture": "#1_0"}
			}
		}
	],
	"display": {
		"thirdperson_righthand": {
			"translation": [0, 3, 1],
			"scale": [0.55, 0.55, 0.55]
		},
		"thirdperson_lefthand": {
			"translation": [0, 3, 1],
			"scale": [0.55, 0.55, 0.55]
		},
		"firstperson_righthand": {
			"rotation": [0, -90, 25],
			"translation": [1.13, 3.2, 1.13],
			"scale": [0.68, 0.68, 0.68]
		},
		"firstperson_lefthand": {
			"rotation": [0, -90, 25],
			"translation": [1.13, 3.2, 1.13],
			"scale": [0.68, 0.68, 0.68]
		},
		"ground": {
			"translation": [0, 2, 0],
			"scale": [0.5, 0.5, 0.5]
		},
		"head": {
			"rotation": [0, 180, 0],
			"translation": [0, 13, 7]
		},
		"fixed": {
			"rotation": [0, 180, 0]
		}
	},
	"groups": [0, 1, 2, 3, 4, 5, 6, 7, 8, 9, 10, 11, 12, 13, 14,
		{
			"name": "redstone_torch",
			"origin": [8, 8, 8],
			"children": [15, 16]
		}
	]
}