{
	"credit": "Made with Blockbench",
	"ambientocclusion": false,
	"textures": {
		"1_1": "block/torch_off",
		"particle": "block/torch_off",
		"1_0": "block/torch_fire"
	},
	"elements": [
		{
			"from": [0, 2.5, 7],
			"to": [2, 4, 7.5],
			"shade": false,
			"faces": {
				"north": {"uv": [7.016, 12.016, 8.984, 13.484], "texture": "#1_1"},
				"south": {"uv": [7.016, 12.016, 8.984, 13.484], "texture": "#1_1"},
				"west": {"uv": [8.016, 12.016, 8.484, 13.484], "texture": "#1_1"},
				"up": {"uv": [7.016, 12.016, 8.984, 12.484], "texture": "#1_1"},
				"down": {"uv": [8.016, 12.016, 8.984, 12.25], "texture": "#1_1"}
			}
		},
		{
			"from": [0, 2.5, 8.5],
			"to": [2, 4, 9],
			"shade": false,
			"faces": {
				"north": {"uv": [7.016, 12.016, 8.984, 13.484], "texture": "#1_1"},
				"south": {"uv": [7.016, 12.016, 8.984, 13.484], "texture": "#1_1"},
				"west": {"uv": [8.016, 12.016, 8.484, 13.484], "texture": "#1_1"},
				"up": {"uv": [7.016, 12.016, 8.984, 12.484], "texture": "#1_1"},
				"down": {"uv": [8.016, 12.016, 8.984, 12.25], "texture": "#1_1"}
			}
		},
		{
			"from": [2.5, 0, 7],
			"to": [4.5, 6.5, 9],
			"shade": false,
			"rotation": {"angle": 0, "axis": "y", "origin": [3.5, 8, 8]},
			"faces": {
				"north": {"uv": [7.016, 9.516, 8.984, 15.984], "texture": "#1_1"},
				"east": {"uv": [7.016, 9.516, 8.984, 15.984], "texture": "#1_1"},
				"south": {"uv": [7.016, 9.516, 8.984, 15.984], "texture": "#1_1"},
				"west": {"uv": [7.016, 9.516, 8.984, 15.984], "texture": "#1_1"},
				"down": {"uv": [7.01563, 14.01563, 8.98313, 15.98313], "texture": "#1_1"}
			}
		},
		{
			"from": [2, 2.5, 6.5],
			"to": [5, 4, 9.5],
			"shade": false,
			"rotation": {"angle": 0, "axis": "y", "origin": [3.5, 8, 8]},
			"faces": {
				"north": {"uv": [6.516, 12.016, 9.484, 13.484], "texture": "#1_1"},
				"east": {"uv": [6.516, 12.016, 9.484, 13.484], "texture": "#1_1"},
				"south": {"uv": [6.516, 12.016, 9.484, 13.484], "texture": "#1_1"},
				"west": {"uv": [6.516, 12.016, 9.484, 13.484], "texture": "#1_1"},
				"up": {"uv": [7.516, 12.016, 8.984, 13.484], "texture": "#1_1"},
				"down": {"uv": [7.516, 12.016, 8.984, 13.484], "texture": "#1_1"}
			}
		},
		{
			"from": [2, 6.5, 6.5],
			"to": [5, 7.5, 9.5],
			"shade": false,
			"rotation": {"angle": 0, "axis": "y", "origin": [3.5, 8, 8]},
			"faces": {
				"north": {"uv": [6.516, 8.516, 9.484, 9.484], "texture": "#1_1"},
				"east": {"uv": [6.516, 8.516, 9.484, 9.484], "texture": "#1_1"},
				"south": {"uv": [6.516, 8.516, 9.484, 9.484], "texture": "#1_1"},
				"west": {"uv": [6.516, 8.516, 9.484, 9.484], "texture": "#1_1"},
				"down": {"uv": [7.016, 8.016, 7.484, 8.484], "texture": "#1_1"}
			}
		},
		{
			"from": [1.5, 8, 10],
			"to": [5.5, 9.5, 10.5],
			"shade": false,
			"rotation": {"angle": 0, "axis": "y", "origin": [3.5, 8, 8]},
			"faces": {
				"north": {"uv": [6.016, 6.516, 9.984, 7.984], "texture": "#1_1"},
				"east": {"uv": [9.516, 6.516, 9.984, 7.984], "texture": "#1_1"},
				"south": {"uv": [6.016, 6.516, 9.984, 7.984], "texture": "#1_1"},
				"west": {"uv": [6.016, 6.516, 6.484, 7.984], "texture": "#1_1"},
				"up": {"uv": [6.016, 6.516, 9.984, 6.984], "texture": "#1_1"},
				"down": {"uv": [6.016, 7.516, 9.984, 7.984], "texture": "#1_1"}
			}
		},
		{
			"from": [1, 9.5, 7],
			"to": [1.5, 11, 9],
			"shade": false,
			"rotation": {"angle": 0, "axis": "y", "origin": [3.5, 8, 8]},
			"faces": {
				"north": {"uv": [7.016, 5.016, 7.484, 6.484], "texture": "#1_1"},
				"east": {"uv": [7.016, 5.016, 8.984, 6.484], "texture": "#1_1"},
				"south": {"uv": [8.516, 5.016, 8.984, 6.484], "texture": "#1_1"},
				"west": {"uv": [7.016, 5.016, 8.984, 6.484], "texture": "#1_1"},
				"up": {"uv": [7.016, 5.016, 8.984, 5.484], "rotation": 90, "texture": "#1_1"}
			}
		},
		{
			"from": [2.5, 9.5, 5.5],
			"to": [4.5, 11, 6],
			"shade": false,
			"rotation": {"angle": 0, "axis": "y", "origin": [3.5, 8, 8]},
			"faces": {
				"north": {"uv": [7.016, 5.016, 8.984, 6.484], "texture": "#1_1"},
				"east": {"uv": [7.016, 5.016, 7.25, 5.75], "texture": "#1_1"},
				"south": {"uv": [7.016, 5.016, 8.984, 6.484], "texture": "#1_1"},
				"west": {"uv": [8.516, 5.016, 8.75, 5.75], "texture": "#1_1"},
				"up": {"uv": [7.016, 5.016, 8.984, 5.484], "texture": "#1_1"}
			}
		},
		{
			"from": [5.5, 9.5, 7],
			"to": [6, 11, 9],
			"shade": false,
			"rotation": {"angle": 0, "axis": "y", "origin": [3.5, 8, 8]},
			"faces": {
				"north": {"uv": [8.516, 5.016, 8.984, 6.484], "texture": "#1_1"},
				"east": {"uv": [7.016, 5.016, 8.984, 6.484], "texture": "#1_1"},
				"south": {"uv": [7.016, 5.016, 7.484, 6.484], "texture": "#1_1"},
				"west": {"uv": [7.016, 5.016, 8.984, 6.484], "texture": "#1_1"},
				"up": {"uv": [7.016, 5.016, 8.984, 5.484], "rotation": 90, "texture": "#1_1"}
			}
		},
		{
			"from": [2.5, 9.5, 10],
			"to": [4.5, 11, 10.5],
			"shade": false,
			"rotation": {"angle": 0, "axis": "y", "origin": [3.5, 8, 8]},
			"faces": {
				"north": {"uv": [7.016, 5.016, 8.984, 6.484], "texture": "#1_1"},
				"east": {"uv": [8.516, 5.016, 8.984, 6.484], "texture": "#1_1"},
				"south": {"uv": [7.016, 5.016, 8.984, 6.484], "texture": "#1_1"},
				"west": {"uv": [7.016, 5.016, 7.484, 6.484], "texture": "#1_1"},
				"up": {"uv": [7.016, 5.016, 8.984, 5.484], "texture": "#1_1"}
			}
		},
		{
			"from": [1.5, 10.5, 7.49],
			"to": [2, 11, 8.51],
			"shade": false,
			"rotation": {"angle": 0, "axis": "y", "origin": [3.5, 8, 8]},
			"faces": {
				"north": {"uv": [8.016, 4.516, 8.484, 4.984], "texture": "#1_1"},
				"east": {"uv": [7.516, 5.016, 8.484, 5.484], "texture": "#1_1"},
				"south": {"uv": [7.516, 4.516, 7.984, 4.984], "texture": "#1_1"},
				"up": {"uv": [7.516, 5.016, 8.484, 5.484], "rotation": 90, "texture": "#1_1"}
			}
		},
		{
			"from": [2.99, 10.5, 6],
			"to": [4.01, 11, 6.5],
			"shade": false,
			"rotation": {"angle": 0, "axis": "y", "origin": [3.5, 8, 8]},
			"faces": {
				"east": {"uv": [8.016, 4.516, 8.484, 4.984], "texture": "#1_1"},
				"south": {"uv": [7.516, 5.016, 8.484, 5.484], "texture": "#1_1"},
				"west": {"uv": [7.516, 4.516, 7.984, 4.984], "texture": "#1_1"},
				"up": {"uv": [7.516, 5.016, 8.484, 5.484], "rotation": 180, "texture": "#1_1"}
			}
		},
		{
			"from": [5, 10.5, 7.49],
			"to": [5.5, 11, 8.51],
			"shade": false,
			"rotation": {"angle": 0, "axis": "y", "origin": [3.5, 8, 8]},
			"faces": {
				"north": {"uv": [7.516, 4.516, 7.984, 4.984], "texture": "#1_1"},
				"south": {"uv": [8.016, 4.516, 8.484, 4.984], "texture": "#1_1"},
				"west": {"uv": [7.516, 5.016, 8.484, 5.484], "texture": "#1_1"},
				"up": {"uv": [7.516, 5.016, 8.484, 5.484], "rotation": 270, "texture": "#1_1"}
			}
		},
		{
			"from": [2.99, 10.5, 9.5],
			"to": [4.01, 11, 10],
			"shade": false,
			"rotation": {"angle": 0, "axis": "y", "origin": [3.5, 8, 8]},
			"faces": {
				"north": {"uv": [7.516, 5.016, 8.484, 5.484], "texture": "#1_1"},
				"east": {"uv": [7.516, 4.516, 7.984, 4.984], "texture": "#1_1"},
				"west": {"uv": [8.016, 4.516, 8.484, 4.984], "texture": "#1_1"},
				"up": {"uv": [7.516, 5.016, 8.484, 5.484], "texture": "#1_1"}
			}
		},
		{
			"from": [1, 8, 6],
			"to": [1.5, 9.5, 10],
			"shade": false,
			"rotation": {"angle": 0, "axis": "y", "origin": [3.5, 8, 8]},
			"faces": {
				"north": {"uv": [6.016, 6.516, 6.484, 7.984], "texture": "#1_1"},
				"east": {"uv": [6.016, 6.516, 9.984, 7.984], "texture": "#1_1"},
				"south": {"uv": [9.516, 6.516, 9.984, 7.984], "texture": "#1_1"},
				"west": {"uv": [6.016, 6.516, 9.984, 7.984], "texture": "#1_1"},
				"up": {"uv": [6.016, 6.516, 9.984, 6.984], "rotation": 90, "texture": "#1_1"},
				"down": {"uv": [6.016, 7.516, 9.984, 7.984], "rotation": 270, "texture": "#1_1"}
			}
		},
		{
			"from": [1.5, 8, 5.5],
			"to": [5.5, 9.5, 6],
			"shade": false,
			"rotation": {"angle": 0, "axis": "y", "origin": [3.5, 8, 8]},
			"faces": {
				"north": {"uv": [6.016, 6.516, 9.984, 7.984], "texture": "#1_1"},
				"east": {"uv": [6.016, 6.516, 6.484, 7.984], "texture": "#1_1"},
				"south": {"uv": [6.016, 6.516, 9.984, 7.984], "texture": "#1_1"},
				"west": {"uv": [9.516, 6.516, 9.984, 7.984], "texture": "#1_1"},
				"up": {"uv": [6.016, 6.516, 9.984, 6.984], "rotation": 180, "texture": "#1_1"},
				"down": {"uv": [6.016, 7.516, 9.984, 7.984], "rotation": 180, "texture": "#1_1"}
			}
		},
		{
			"from": [5.5, 8, 6],
			"to": [6, 9.5, 10],
			"shade": false,
			"rotation": {"angle": 0, "axis": "y", "origin": [3.5, 8, 8]},
			"faces": {
				"north": {"uv": [9.516, 6.516, 9.984, 7.984], "texture": "#1_1"},
				"east": {"uv": [6.016, 6.516, 9.984, 7.984], "texture": "#1_1"},
				"south": {"uv": [6.016, 6.516, 6.484, 7.984], "texture": "#1_1"},
				"west": {"uv": [6.016, 6.516, 9.984, 7.984], "texture": "#1_1"},
				"up": {"uv": [6.016, 6.516, 9.984, 6.984], "rotation": 270, "texture": "#1_1"},
				"down": {"uv": [6.016, 7.516, 9.984, 7.984], "rotation": 90, "texture": "#1_1"}
			}
		},
		{
			"from": [5, 7, 7],
			"to": [5.5, 10.5, 9],
			"shade": false,
			"rotation": {"angle": 0, "axis": "y", "origin": [3.5, 8, 8]},
			"faces": {
				"north": {"uv": [8.516, 5.516, 8.984, 8.984], "texture": "#1_1"},
				"east": {"uv": [7.016, 5.516, 8.983, 8.983], "texture": "#1_1"},
				"south": {"uv": [8.516, 5.516, 8.984, 8.984], "texture": "#1_1"},
				"west": {"uv": [7.016, 5.516, 8.983, 8.983], "texture": "#1_1"},
				"up": {"uv": [7.008, 5.008, 8.992, 5.492], "rotation": 90, "texture": "#1_1"},
				"down": {"uv": [7.016, 8.516, 8.984, 8.984], "rotation": 90, "texture": "#1_1"}
			}
		},
		{
			"from": [1, 11, 7.49],
			"to": [1.5, 11.5, 8.51],
			"shade": false,
			"rotation": {"angle": 0, "axis": "y", "origin": [3.5, 8, 8]},
			"faces": {
				"north": {"uv": [7.516, 4.516, 7.984, 4.984], "texture": "#1_1"},
				"east": {"uv": [7.516, 4.516, 8.484, 4.984], "texture": "#1_1"},
				"south": {"uv": [8.016, 4.516, 8.484, 4.984], "texture": "#1_1"},
				"west": {"uv": [7.516, 4.516, 8.484, 4.984], "texture": "#1_1"},
				"up": {"uv": [7.516, 4.516, 8.484, 4.984], "rotation": 270, "texture": "#1_1"}
			}
		},
		{
			"from": [2.99, 11, 5.5],
			"to": [4.01, 11.5, 6],
			"shade": false,
			"rotation": {"angle": 0, "axis": "y", "origin": [3.5, 8, 8]},
			"faces": {
				"north": {"uv": [7.516, 4.516, 8.484, 4.984], "texture": "#1_1"},
				"east": {"uv": [7.516, 4.516, 7.984, 4.984], "texture": "#1_1"},
				"south": {"uv": [7.516, 4.516, 8.484, 4.984], "texture": "#1_1"},
				"west": {"uv": [8.016, 4.516, 8.484, 4.984], "texture": "#1_1"},
				"up": {"uv": [7.516, 4.516, 8.484, 4.984], "texture": "#1_1"}
			}
		},
		{
			"from": [5.5, 11, 7.49],
			"to": [6, 11.5, 8.51],
			"shade": false,
			"rotation": {"angle": 0, "axis": "y", "origin": [3.5, 8, 8]},
			"faces": {
				"north": {"uv": [8.016, 4.516, 8.484, 4.984], "texture": "#1_1"},
				"east": {"uv": [7.516, 4.516, 8.484, 4.984], "texture": "#1_1"},
				"south": {"uv": [7.516, 4.516, 7.984, 4.984], "texture": "#1_1"},
				"west": {"uv": [7.516, 4.516, 8.484, 4.984], "texture": "#1_1"},
				"up": {"uv": [7.516, 4.516, 8.484, 4.984], "rotation": 90, "texture": "#1_1"}
			}
		},
		{
			"from": [2.99, 11, 10],
			"to": [4.01, 11.5, 10.5],
			"shade": false,
			"rotation": {"angle": 0, "axis": "y", "origin": [3.5, 8, 8]},
			"faces": {
				"north": {"uv": [7.516, 4.516, 8.484, 4.984], "texture": "#1_1"},
				"east": {"uv": [8.016, 4.516, 8.484, 4.984], "texture": "#1_1"},
				"south": {"uv": [7.516, 4.516, 8.484, 4.984], "texture": "#1_1"},
				"west": {"uv": [7.516, 4.516, 7.984, 4.984], "texture": "#1_1"},
				"up": {"uv": [7.516, 4.516, 8.484, 4.984], "rotation": 180, "texture": "#1_1"}
			}
		},
		{
			"from": [2.5, 6, 6.5],
			"to": [4.5, 6.5, 7],
			"shade": false,
			"rotation": {"angle": 0, "axis": "y", "origin": [3.5, 8, 8]},
			"faces": {
				"north": {"uv": [7.016, 9.516, 8.984, 9.984], "texture": "#1_1"},
				"east": {"uv": [8.516, 9.516, 8.984, 9.984], "texture": "#1_1"},
				"west": {"uv": [7.016, 9.516, 7.484, 9.984], "texture": "#1_1"},
				"down": {"uv": [7.016, 9.516, 8.984, 9.984], "texture": "#1_1"}
			}
		},
		{
			"from": [4.5, 6, 7],
			"to": [5, 6.5, 9],
			"shade": false,
			"rotation": {"angle": 0, "axis": "y", "origin": [3.5, 8, 8]},
			"faces": {
				"north": {"uv": [7.016, 9.516, 7.484, 9.984], "texture": "#1_1"},
				"east": {"uv": [7.016, 9.516, 8.984, 9.984], "texture": "#1_1"},
				"south": {"uv": [8.516, 9.516, 8.984, 9.984], "texture": "#1_1"},
				"down": {"uv": [7.016, 9.516, 8.984, 9.984], "rotation": 270, "texture": "#1_1"}
			}
		},
		{
			"from": [2.5, 6, 9],
			"to": [4.5, 6.5, 9.5],
			"shade": false,
			"rotation": {"angle": 0, "axis": "y", "origin": [3.5, 8, 8]},
			"faces": {
				"east": {"uv": [7.016, 9.516, 7.484, 9.984], "texture": "#1_1"},
				"south": {"uv": [7.016, 9.516, 8.984, 9.984], "texture": "#1_1"},
				"west": {"uv": [8.516, 9.516, 8.984, 9.984], "texture": "#1_1"},
				"down": {"uv": [7.016, 9.516, 8.984, 9.984], "rotation": 180, "texture": "#1_1"}
			}
		},
		{
			"from": [2, 6, 7],
			"to": [2.5, 6.5, 9],
			"shade": false,
			"rotation": {"angle": 0, "axis": "y", "origin": [3.5, 8, 8]},
			"faces": {
				"north": {"uv": [8.516, 9.516, 8.984, 9.984], "texture": "#1_1"},
				"south": {"uv": [7.016, 9.516, 7.484, 9.984], "texture": "#1_1"},
				"west": {"uv": [7.016, 9.516, 8.984, 9.984], "texture": "#1_1"},
				"down": {"uv": [7.016, 9.516, 8.984, 9.984], "rotation": 90, "texture": "#1_1"}
			}
		},
		{
			"from": [1.5, 7, 7],
			"to": [2, 10.5, 9],
			"shade": false,
			"rotation": {"angle": 0, "axis": "y", "origin": [3.5, 8, 8]},
			"faces": {
				"north": {"uv": [8.516, 5.516, 8.984, 8.984], "texture": "#1_1"},
				"east": {"uv": [7.016, 5.516, 8.983, 8.983], "texture": "#1_1"},
				"south": {"uv": [8.516, 5.516, 8.984, 8.984], "texture": "#1_1"},
				"west": {"uv": [7.016, 5.516, 8.983, 8.983], "texture": "#1_1"},
				"up": {"uv": [7.008, 5.008, 8.992, 5.492], "rotation": 90, "texture": "#1_1"},
				"down": {"uv": [7.016, 8.516, 8.984, 8.984], "rotation": 90, "texture": "#1_1"}
			}
		},
		{
			"from": [2.5, 7, 6],
			"to": [4.5, 10.5, 6.5],
			"shade": false,
			"rotation": {"angle": 0, "axis": "y", "origin": [3.5, 8, 8]},
			"faces": {
				"north": {"uv": [7.016, 5.516, 8.983, 8.983], "texture": "#1_1"},
				"east": {"uv": [8.516, 5.516, 8.984, 8.984], "texture": "#1_1"},
				"south": {"uv": [7.016, 5.516, 8.983, 8.983], "texture": "#1_1"},
				"west": {"uv": [8.516, 5.516, 8.984, 8.984], "texture": "#1_1"},
				"up": {"uv": [7.008, 5.008, 8.992, 5.492], "rotation": 180, "texture": "#1_1"},
				"down": {"uv": [7.016, 8.516, 8.984, 8.984], "texture": "#1_1"}
			}
		},
		{
			"from": [2.5, 7, 9.5],
			"to": [4.5, 10.5, 10],
			"shade": false,
			"rotation": {"angle": 0, "axis": "y", "origin": [3.5, 8, 8]},
			"faces": {
				"north": {"uv": [7.016, 5.516, 8.983, 8.983], "texture": "#1_1"},
				"east": {"uv": [8.516, 5.516, 8.984, 8.984], "texture": "#1_1"},
				"south": {"uv": [7.016, 5.516, 8.983, 8.983], "texture": "#1_1"},
				"west": {"uv": [8.516, 5.516, 8.984, 8.984], "texture": "#1_1"},
				"up": {"uv": [7.008, 5.008, 8.992, 5.492], "rotation": 180, "texture": "#1_1"},
				"down": {"uv": [7.016, 8.516, 8.984, 8.984], "texture": "#1_1"}
			}
		},
		{
			"from": [5, 8, 6],
			"to": [5.5, 9.5, 6.5],
			"rotation": {"angle": 0, "axis": "y", "origin": [3.5, 8, 8]},
			"faces": {
				"south": {"uv": [10.008, 6.508, 10.492, 7.992], "texture": "#1_1"},
				"west": {"uv": [10.008, 6.508, 10.492, 7.992], "texture": "#1_1"},
				"up": {"uv": [10.008, 7.008, 10.492, 7.492], "texture": "#1_1"},
				"down": {"uv": [10.008, 7.008, 10.492, 7.492], "texture": "#1_1"}
			}
		},
		{
			"from": [5, 8, 9.5],
			"to": [5.5, 9.5, 10],
			"rotation": {"angle": 0, "axis": "y", "origin": [3.5, 8, 8]},
			"faces": {
				"north": {"uv": [10.008, 6.508, 10.492, 7.992], "texture": "#1_1"},
				"west": {"uv": [10.008, 6.508, 10.492, 7.992], "texture": "#1_1"},
				"up": {"uv": [10.008, 7.008, 10.492, 7.492], "texture": "#1_1"},
				"down": {"uv": [10.008, 7.008, 10.492, 7.492], "texture": "#1_1"}
			}
		},
		{
			"from": [1.5, 8, 9.5],
			"to": [2, 9.5, 10],
			"rotation": {"angle": 0, "axis": "y", "origin": [3.5, 8, 8]},
			"faces": {
				"north": {"uv": [10.008, 6.508, 10.492, 7.992], "texture": "#1_1"},
				"east": {"uv": [10.008, 6.508, 10.492, 7.992], "texture": "#1_1"},
				"up": {"uv": [10.008, 7.008, 10.492, 7.492], "texture": "#1_1"},
				"down": {"uv": [10.008, 7.008, 10.492, 7.492], "texture": "#1_1"}
			}
		},
		{
			"from": [1.5, 8, 6],
			"to": [2, 9.5, 6.5],
			"rotation": {"angle": 0, "axis": "y", "origin": [3.5, 8, 8]},
			"faces": {
				"east": {"uv": [10.008, 6.508, 10.492, 7.992], "texture": "#1_1"},
				"south": {"uv": [10.008, 6.508, 10.492, 7.992], "texture": "#1_1"},
				"up": {"uv": [10.008, 7.008, 10.492, 7.492], "texture": "#1_1"},
				"down": {"uv": [10.008, 7.008, 10.492, 7.492], "texture": "#1_1"}
			}
		},
		{
			"from": [2, 7.5, 6.5],
			"to": [5, 9, 9.5],
			"shade": false,
			"rotation": {"angle": 0, "axis": "y", "origin": [3.5, 8, 8]},
			"faces": {
				"north": {"uv": [6.008, 13.008, 8.992, 14.492], "texture": "#1_0"},
				"east": {"uv": [6.008, 13.008, 8.992, 14.492], "texture": "#1_0"},
				"south": {"uv": [6.008, 13.008, 8.992, 14.492], "texture": "#1_0"},
				"west": {"uv": [6.008, 13.008, 8.992, 14.492], "texture": "#1_0"},
				"up": {"uv": [6.008, 11.508, 8.992, 14.492], "texture": "#1_0"}
			}
		},
		{
			"from": [1.5, 7.5, 9.5],
			"to": [6.5, 20.5, 9.5],
			"shade": false,
			"rotation": {"angle": 45, "axis": "y", "origin": [2, 12, 9.5]},
			"faces": {
				"north": {"uv": [5.008, 3.008, 9.992, 15.992], "texture": "#1_0"},
				"south": {"uv": [5.008, 3.008, 9.992, 15.992], "texture": "#1_0"}
			}
		},
		{
			"from": [3.41421, 7.5, 5.58579],
			"to": [3.41421, 20.5, 10.58579],
			"shade": false,
			"rotation": {"angle": 45, "axis": "y", "origin": [3.41421, 14, 8.08579]},
			"faces": {
				"east": {"uv": [5.008, 3.008, 9.992, 15.992], "texture": "#1_0"},
				"west": {"uv": [5.008, 3.008, 9.992, 15.992], "texture": "#1_0"}
			}
		}
	],
	"display": {
		"thirdperson_righthand": {
			"translation": [0, 3, 1],
			"scale": [0.55, 0.55, 0.55]
		},
		"thirdperson_lefthand": {
			"translation": [0, 3, 1],
			"scale": [0.55, 0.55, 0.55]
		},
		"firstperson_righthand": {
			"rotation": [0, -88, -2],
			"translation": [2, 2.5, 0],
			"scale": [0.68, 0.68, 0.68]
		},
		"firstperson_lefthand": {
			"rotation": [0, 0, 2],
			"translation": [2, 2.5, 0],
			"scale": [0.68, 0.68, 0.68]
		},
		"ground": {
			"translation": [0, 2, 0],
			"scale": [0.5, 0.5, 0.5]
		},
		"gui": {
			"rotation": [0, 90, 0]
		},
		"head": {
			"translation": [0, 14.5, 0]
		},
		"fixed": {
			"translation": [0, 0, -1.5]
		}
	},
	"groups": [0, 1,
		{
			"name": "torch",
			"origin": [8, 8, 8],
			"children": [
				{
					"name": "normal_torch",
					"origin": [8, 8, 8],
					"children": [2, 3, 4, 5, 6, 7, 8, 9, 10, 11, 12, 13, 14, 15, 16, 17, 18, 19, 20, 21, 22, 23, 24, 25, 26, 27, 28, 29, 30, 31, 32]
				},
				{
					"name": "fire",
					"shade": false,
					"origin": [8, 8, 8],
					"children": [33, 34, 35]
				}
			]
		}
	]
}