{
	"credit": "Made by SyndiShanX",
	"parent": "block/block",
	"textures": {
		"block": "#block",
		"particle": "#block"
	},
	"elements": [
		{
			"name": "Top Stair",
			"from": [0, 8, 0],
			"to": [8, 16, 8],
			"faces": {
				"north": {"uv": [8, 0, 16, 8], "texture": "#block"},
				"east": {"uv": [8, 0, 16, 8], "texture": "#block"},
				"south": {"uv": [0, 0, 8, 8], "texture": "#block"},
				"west": {"uv": [0, 0, 8, 8], "texture": "#block"},
				"up": {"uv": [0, 0, 8, 8], "texture": "#block"}
			}
		},
		{
			"name": "Bottom Stair",
			"from": [0, 0, 0],
			"to": [16, 8, 16],
			"faces": {
				"north": {"uv": [0, 8, 16, 16], "texture": "#block"},
				"east": {"uv": [0, 8, 16, 16], "texture": "#block"},
				"south": {"uv": [0, 8, 16, 16], "texture": "#block"},
				"west": {"uv": [0, 8, 16, 16], "texture": "#block"},
				"up": {"uv": [0, 0, 16, 16], "texture": "#block"},
				"down": {"uv": [0, 0, 16, 16], "texture": "#block"}
			}
		}
	]
}