{
	"credit": "Made with Blockbench",
	"textures": {
		"0": "block/trapdoors/spruce_trapdoor",
		"2": "block/trapdoors/spruce_trapdoor_rim",
		"particle": "block/trapdoors/spruce_trapdoor"
	},
	"elements": [
		{
			"from": [0, 0.5, 0],
			"to": [16, 2.5, 16],
			"faces": {
				"north": {"uv": [2, 0, 4, 16], "rotation": 90, "texture": "#2"},
				"east": {"uv": [0, 0, 2, 16], "rotation": 270, "texture": "#2"},
				"south": {"uv": [2, 0, 4, 16], "rotation": 270, "texture": "#2"},
				"west": {"uv": [0, 0, 2, 16], "rotation": 90, "texture": "#2"},
				"up": {"uv": [16, 0, 0, 16], "rotation": 180, "texture": "#0"},
				"down": {"uv": [0, 0, 16, 16], "texture": "#0"}
			}
		},
		{
			"from": [6, 0, 6],
			"to": [10, 3, 6.5],
			"faces": {
				"north": {"uv": [6, 10, 10, 9.5], "texture": "#0"},
				"east": {"uv": [6.5, 12, 7, 11.5], "texture": "#0"},
				"west": {"uv": [9.5, 10, 10, 9.5], "texture": "#0"},
				"up": {"uv": [6, 9.5, 10, 10], "texture": "#0"},
				"down": {"uv": [6, 10, 10, 9.5], "rotation": 180, "texture": "#0"}
			}
		},
		{
			"from": [5.5, 0, 6.5],
			"to": [10.5, 3, 7],
			"faces": {
				"north": {"uv": [5.5, 9.5, 10.5, 9], "texture": "#0"},
				"east": {"uv": [5.5, 9.5, 6, 9], "texture": "#0"},
				"south": {"uv": [5.5, 9.5, 10.5, 9], "texture": "#0"},
				"west": {"uv": [9.5, 10, 10, 9.5], "texture": "#0"},
				"up": {"uv": [5.5, 9, 10.5, 9.5], "texture": "#0"},
				"down": {"uv": [5.5, 9.5, 10.5, 9], "rotation": 180, "texture": "#0"}
			}
		},
		{
			"from": [5.5, 0, 10],
			"to": [10.5, 3, 10.5],
			"faces": {
				"north": {"uv": [5.5, 6, 10.5, 5.5], "rotation": 180, "texture": "#0"},
				"east": {"uv": [6, 5.5, 6.5, 5], "texture": "#0"},
				"south": {"uv": [1.5, 4.5, 6.5, 4], "texture": "#0"},
				"west": {"uv": [9.5, 5.5, 10, 5], "texture": "#0"},
				"up": {"uv": [5.5, 5.5, 10.5, 6], "texture": "#0"},
				"down": {"uv": [5.5, 6, 10.5, 5.5], "rotation": 180, "texture": "#0"}
			}
		},
		{
			"from": [9.5, 0, 7],
			"to": [11, 3, 7.5],
			"faces": {
				"north": {"uv": [5, 9, 6.5, 8.5], "texture": "#0"},
				"east": {"uv": [5, 9, 5.5, 8.5], "texture": "#0"},
				"south": {"uv": [5, 9, 6.5, 8.5], "texture": "#0"},
				"west": {"uv": [10.5, 4.5, 11, 4], "texture": "#0"},
				"up": {"uv": [5, 8.5, 6.5, 9], "texture": "#0"},
				"down": {"uv": [5, 9, 6.5, 8.5], "rotation": 180, "texture": "#0"}
			}
		},
		{
			"from": [5, 0, 7],
			"to": [6.5, 3, 7.5],
			"faces": {
				"north": {"uv": [10.5, 9, 11, 8.5], "texture": "#0"},
				"east": {"uv": [2, 4.5, 2.5, 4], "texture": "#0"},
				"south": {"uv": [9.5, 9, 11, 8.5], "texture": "#0"},
				"west": {"uv": [10.5, 9, 11, 8.5], "texture": "#0"},
				"up": {"uv": [9.5, 8.5, 11, 9], "texture": "#0"},
				"down": {"uv": [9.5, 9, 11, 8.5], "rotation": 180, "texture": "#0"}
			}
		},
		{
			"from": [9.5, 0, 9.5],
			"to": [11, 3, 10],
			"faces": {
				"north": {"uv": [5, 6.5, 6.5, 6], "texture": "#0"},
				"east": {"uv": [5.5, 8, 6, 7.5], "texture": "#0"},
				"south": {"uv": [5, 6.5, 6.5, 6], "rotation": 180, "texture": "#0"},
				"west": {"uv": [6, 6.5, 6.5, 6], "texture": "#0"},
				"up": {"uv": [9.5, 6, 11, 6.5], "texture": "#0"},
				"down": {"uv": [5, 6.5, 6.5, 6], "rotation": 180, "texture": "#0"}
			}
		},
		{
			"from": [5, 0, 9.5],
			"to": [6.5, 3, 10],
			"faces": {
				"north": {"uv": [9.5, 6.5, 11, 6], "texture": "#0"},
				"east": {"uv": [9.5, 6.5, 10, 6], "texture": "#0"},
				"south": {"uv": [10, 8, 11.5, 7.5], "texture": "#0"},
				"west": {"uv": [10.5, 6.5, 11, 6], "texture": "#0"},
				"up": {"uv": [5, 6, 6.5, 6.5], "texture": "#0"},
				"down": {"uv": [9.5, 6.5, 11, 6], "rotation": 180, "texture": "#0"}
			}
		},
		{
			"from": [10, 0, 7.5],
			"to": [11, 3, 9.5],
			"faces": {
				"east": {"uv": [10.5, 6.5, 10, 8.5], "rotation": 90, "texture": "#0"},
				"west": {"uv": [6, 6.5, 5.5, 8.5], "rotation": 90, "texture": "#0"},
				"up": {"uv": [10, 6.5, 11, 8.5], "texture": "#0"},
				"down": {"uv": [5, 8.5, 6, 6.5], "rotation": 180, "texture": "#0"}
			}
		},
		{
			"from": [5, 0, 7.5],
			"to": [6, 3, 9.5],
			"faces": {
				"east": {"uv": [10.5, 6.5, 10, 8.5], "rotation": 270, "texture": "#0"},
				"west": {"uv": [11, 6.5, 10.5, 8.5], "rotation": 90, "texture": "#0"},
				"up": {"uv": [5, 6.5, 6, 8.5], "texture": "#0"},
				"down": {"uv": [10, 8.5, 11, 6.5], "rotation": 180, "texture": "#0"}
			}
		},
		{
			"from": [6.5, 0, 5.5],
			"to": [9.5, 3, 6],
			"faces": {
				"north": {"uv": [6.5, 10.5, 9.5, 10], "texture": "#0"},
				"east": {"uv": [0.5, 4.5, 1, 4], "texture": "#0"},
				"west": {"uv": [9, 10.5, 9.5, 10], "texture": "#0"},
				"up": {"uv": [6.5, 10, 9.5, 10.5], "texture": "#0"},
				"down": {"uv": [6.5, 10.5, 9.5, 10], "rotation": 180, "texture": "#0"}
			}
		},
		{
			"from": [7.5, 0, 5],
			"to": [8.5, 3, 5.5],
			"faces": {
				"east": {"uv": [7.5, 11, 8, 10.5], "texture": "#0"},
				"west": {"uv": [7, 12, 7.5, 11.5], "texture": "#0"},
				"up": {"uv": [7.5, 10.5, 8.5, 11], "texture": "#0"},
				"down": {"uv": [7.5, 11, 8.5, 10.5], "rotation": 180, "texture": "#0"}
			}
		},
		{
			"from": [0.025, 0, 3],
			"to": [15.975, 3, 5],
			"faces": {
				"north": {"uv": [0, 13, 16, 12.5], "rotation": 180, "texture": "#0"},
				"east": {"uv": [0.5, 11, 0, 13], "rotation": 270, "texture": "#0"},
				"south": {"uv": [0, 11.5, 16, 11], "texture": "#0"},
				"west": {"uv": [16, 11, 15.5, 13], "rotation": 90, "texture": "#0"},
				"up": {"uv": [0, 13, 16, 11], "texture": "#0"},
				"down": {"uv": [0, 13, 16, 11], "rotation": 180, "texture": "#0"}
			}
		},
		{
			"from": [0.025, 0, 10.5],
			"to": [15.975, 3, 12.5],
			"faces": {
				"north": {"uv": [0, 5.5, 16, 5], "rotation": 180, "texture": "#0"},
				"east": {"uv": [5, 3.5, 4.5, 5.5], "rotation": 270, "texture": "#0"},
				"south": {"uv": [0, 4, 16, 3.5], "texture": "#0"},
				"west": {"uv": [3, 3.5, 2.5, 5.5], "rotation": 90, "texture": "#0"},
				"up": {"uv": [0, 5.5, 16, 3.5], "texture": "#0"},
				"down": {"uv": [0, 5.5, 16, 3.5], "rotation": 180, "texture": "#0"}
			}
		}
	],
	"groups": [0,
		{
			"name": "group",
			"children": []
		},
		{
			"name": "group",
			"children": [1, 2, 3, 4, 5, 6, 7, 8, 9, 10, 11, 12, 13]
		}
	]
}