{
	"credit": "Made with Blockbench",
	"textures": {
		"0": "block/redstone_torch_off",
		"1": "block/redstone_torch",
		"particle": "block/redstone_torch_off"
	},
	"elements": [
		{
			"from": [3, 0, 7],
			"to": [5, 6.5, 9],
			"faces": {
				"north": {"uv": [7.032, 9.5, 8.968, 15.968], "texture": "#0"},
				"east": {"uv": [7.032, 10.032, 8.968, 15.968], "texture": "#0"},
				"south": {"uv": [7.032, 10.032, 8.968, 15.968], "texture": "#0"},
				"west": {"uv": [7.032, 10.032, 8.968, 15.968], "texture": "#0"},
				"up": {"uv": [0.032, 0.032, 1.5, 1.5], "texture": "#missing"},
				"down": {"uv": [7.5, 14.5, 8.968, 15.968], "texture": "#0"}
			}
		},
		{
			"from": [2, 2.5, 6],
			"to": [6, 4, 10],
			"faces": {
				"north": {"uv": [6.032, 12.032, 9.968, 13.5], "texture": "#0"},
				"east": {"uv": [6.032, 12.032, 9.968, 13.5], "texture": "#0"},
				"south": {"uv": [6.032, 12.032, 9.968, 13.5], "texture": "#0"},
				"west": {"uv": [6.032, 12.032, 9.968, 13.5], "texture": "#0"},
				"up": {"uv": [6.032, 0.032, 9.968, 3.968], "texture": "#0"},
				"down": {"uv": [6.032, 0.032, 9.968, 3.968], "texture": "#0"}
			}
		},
		{
			"from": [2.5, 2, 6.5],
			"to": [5.5, 4.5, 9.5],
			"faces": {
				"north": {"uv": [6.5, 11.5, 9.5, 11.968], "texture": "#0"},
				"east": {"uv": [6.5, 11.5, 9.5, 11.968], "texture": "#0"},
				"south": {"uv": [6.5, 11.5, 9.5, 11.968], "texture": "#0"},
				"west": {"uv": [6.5, 11.5, 9.5, 11.968], "texture": "#0"},
				"up": {"uv": [3.032, 0.032, 5.968, 2.968], "texture": "#0"},
				"down": {"uv": [3.032, 0.032, 5.968, 2.968], "texture": "#0"}
			}
		},
		{
			"from": [2.5, 10.5, 6.5],
			"to": [5.5, 11.5, 9.5],
			"faces": {
				"north": {"uv": [6.5, 4.5, 9.5, 5.5], "texture": "#0"},
				"east": {"uv": [6.5, 4.5, 9.5, 5.5], "texture": "#0"},
				"south": {"uv": [6.5, 4.5, 9.5, 5.5], "texture": "#0"},
				"west": {"uv": [6.5, 4.5, 9.5, 5.5], "texture": "#0"},
				"up": {"uv": [0.032, 0.032, 2.968, 2.968], "texture": "#0"},
				"down": {"uv": [0.032, 0.032, 2.968, 2.968], "texture": "#0"}
			}
		},
		{
			"from": [3, 7.5, 7],
			"to": [5, 10.5, 9],
			"faces": {
				"north": {"uv": [7.032, 5.5, 8.968, 8.5], "texture": "#1"},
				"east": {"uv": [7.032, 5.5, 8.968, 8.5], "texture": "#1"},
				"south": {"uv": [7.032, 5.5, 8.968, 8.5], "texture": "#1"},
				"west": {"uv": [7.032, 5.5, 8.968, 8.5], "texture": "#1"},
				"up": {"uv": [0.032, 0.032, 1.5, 1.5], "texture": "#missing"}
			}
		},
		{
			"from": [2, 7.5, 9],
			"to": [3, 10.5, 10],
			"faces": {
				"north": {"uv": [6.032, 5.5, 6.968, 8.5], "texture": "#0"},
				"east": {"uv": [9.032, 5.5, 9.968, 8.5], "texture": "#0"},
				"south": {"uv": [6.032, 5.5, 6.968, 8.5], "texture": "#0"},
				"west": {"uv": [9.032, 5.5, 9.968, 8.5], "texture": "#0"},
				"up": {"uv": [0.032, 2.032, 0.968, 2.968], "texture": "#0"},
				"down": {"uv": [0.032, 2.032, 0.968, 2.968], "texture": "#0"}
			}
		},
		{
			"from": [2, 7.5, 6],
			"to": [3, 10.5, 7],
			"faces": {
				"north": {"uv": [9.032, 5.5, 9.968, 8.5], "texture": "#0"},
				"east": {"uv": [6.032, 5.5, 6.968, 8.5], "texture": "#0"},
				"south": {"uv": [6.032, 5.5, 6.968, 8.5], "texture": "#0"},
				"west": {"uv": [9.032, 5.5, 9.968, 8.5], "texture": "#0"},
				"up": {"uv": [0.032, 0.032, 0.968, 0.968], "texture": "#0"},
				"down": {"uv": [0.032, 0.032, 0.968, 0.968], "texture": "#0"}
			}
		},
		{
			"from": [5, 7.5, 6],
			"to": [6, 10.5, 7],
			"faces": {
				"north": {"uv": [6.032, 5.5, 6.968, 8.5], "texture": "#0"},
				"east": {"uv": [9.032, 5.5, 9.968, 8.5], "texture": "#0"},
				"south": {"uv": [6.032, 5.5, 6.968, 8.5], "texture": "#0"},
				"west": {"uv": [9.032, 5.5, 9.968, 8.5], "texture": "#0"},
				"up": {"uv": [2.032, 0.032, 2.968, 0.968], "texture": "#0"},
				"down": {"uv": [2.032, 0.032, 2.968, 0.968], "texture": "#0"}
			}
		},
		{
			"from": [5, 7.5, 9],
			"to": [6, 10.5, 10],
			"faces": {
				"north": {"uv": [9.032, 5.5, 9.968, 8.5], "texture": "#0"},
				"east": {"uv": [6.032, 5.5, 6.968, 8.5], "texture": "#0"},
				"south": {"uv": [9.032, 5.5, 9.968, 8.5], "texture": "#0"},
				"west": {"uv": [6.032, 5.5, 6.968, 8.5], "texture": "#0"},
				"up": {"uv": [2.032, 2.032, 2.968, 2.968], "texture": "#0"},
				"down": {"uv": [2.032, 2.032, 2.968, 2.968], "texture": "#0"}
			}
		},
		{
			"from": [2.5, 6.5, 6.5],
			"to": [5.5, 7.5, 9.5],
			"faces": {
				"north": {"uv": [6.5, 8.5, 9.5, 9.5], "texture": "#0"},
				"east": {"uv": [6.5, 8.5, 9.5, 9.5], "texture": "#0"},
				"south": {"uv": [6.5, 8.5, 9.5, 9.5], "texture": "#0"},
				"west": {"uv": [6.5, 8.5, 9.5, 9.5], "texture": "#0"},
				"up": {"uv": [0.032, 0.032, 2.968, 2.968], "texture": "#0"},
				"down": {"uv": [0.032, 0.032, 2.968, 2.968], "texture": "#0"}
			}
		},
		{
			"from": [2.5, 10, 7],
			"to": [5.5, 10.5, 7.5],
			"faces": {
				"east": {"uv": [7.032, 5.5, 7.5, 5.968], "texture": "#0"},
				"south": {"uv": [7.032, 5.5, 7.5, 5.968], "texture": "#0"},
				"west": {"uv": [7.032, 5.5, 7.5, 5.968], "texture": "#0"},
				"down": {"uv": [7.032, 5.5, 7.5, 5.968], "texture": "#0"}
			}
		},
		{
			"from": [2.5, 10, 8.5],
			"to": [5.5, 10.5, 9],
			"faces": {
				"north": {"uv": [7.032, 5.5, 7.5, 5.968], "texture": "#0"},
				"east": {"uv": [7.032, 5.5, 7.5, 5.968], "texture": "#0"},
				"west": {"uv": [7.032, 5.5, 7.5, 5.968], "texture": "#0"},
				"down": {"uv": [7.032, 5.5, 7.5, 5.968], "texture": "#0"}
			}
		},
		{
			"from": [3, 10, 6.5],
			"to": [3.5, 10.5, 9.5],
			"faces": {
				"north": {"uv": [7.032, 5.5, 7.5, 5.968], "texture": "#0"},
				"east": {"uv": [7.032, 5.5, 7.5, 5.968], "texture": "#0"},
				"south": {"uv": [7.032, 5.5, 7.5, 5.968], "texture": "#0"},
				"down": {"uv": [7.032, 5.5, 7.5, 5.968], "rotation": 270, "texture": "#0"}
			}
		},
		{
			"from": [4.5, 10, 6.5],
			"to": [5, 10.5, 9.5],
			"faces": {
				"north": {"uv": [7.032, 5.5, 7.5, 5.968], "texture": "#0"},
				"south": {"uv": [7.032, 5.5, 7.5, 5.968], "texture": "#0"},
				"west": {"uv": [7.032, 5.5, 7.5, 5.968], "texture": "#0"},
				"down": {"uv": [7.032, 5.5, 7.5, 5.968], "rotation": 270, "texture": "#0"}
			}
		},
		{
			"from": [4.5, 7.5, 6.5],
			"to": [5, 8, 9.5],
			"faces": {
				"north": {"uv": [7.032, 8.032, 7.5, 8.5], "texture": "#0"},
				"south": {"uv": [7.032, 8.032, 7.5, 8.5], "texture": "#0"},
				"west": {"uv": [7.032, 8.032, 7.5, 8.5], "texture": "#0"},
				"up": {"uv": [7.032, 8.032, 7.5, 8.5], "texture": "#0"}
			}
		},
		{
			"from": [3, 7.5, 6.5],
			"to": [3.5, 8, 9.5],
			"faces": {
				"north": {"uv": [7.032, 8.032, 7.5, 8.5], "texture": "#0"},
				"east": {"uv": [7.032, 8.032, 7.5, 8.5], "texture": "#0"},
				"south": {"uv": [7.032, 8.032, 7.5, 8.5], "texture": "#0"},
				"up": {"uv": [7.032, 8.032, 7.5, 8.5], "texture": "#0"}
			}
		},
		{
			"from": [2.5, 7.5, 8.5],
			"to": [5.5, 8, 9],
			"faces": {
				"north": {"uv": [7.032, 8.032, 7.5, 8.5], "texture": "#0"},
				"east": {"uv": [7.032, 8.032, 7.5, 8.5], "texture": "#0"},
				"west": {"uv": [7.032, 8.032, 7.5, 8.5], "texture": "#0"},
				"up": {"uv": [7.032, 8.032, 7.5, 8.5], "texture": "#0"}
			}
		},
		{
			"from": [2.5, 7.5, 7],
			"to": [5.5, 8, 7.5],
			"faces": {
				"east": {"uv": [7.032, 8.032, 7.5, 8.5], "texture": "#0"},
				"south": {"uv": [7.032, 8.032, 7.5, 8.5], "texture": "#0"},
				"west": {"uv": [7.032, 8.032, 7.5, 8.5], "texture": "#0"},
				"up": {"uv": [7.032, 8.032, 7.5, 8.5], "texture": "#0"}
			}
		},
		{
			"from": [0, 2.5, 7],
			"to": [2, 4, 7.5],
			"faces": {
				"north": {"uv": [7.016, 12.016, 8.984, 13.484], "texture": "#0"},
				"south": {"uv": [7.016, 12.016, 8.984, 13.484], "texture": "#0"},
				"west": {"uv": [8.016, 12.016, 8.484, 13.484], "texture": "#0"},
				"up": {"uv": [7.016, 12.016, 8.984, 12.484], "texture": "#0"},
				"down": {"uv": [8.016, 12.016, 8.984, 12.25], "texture": "#0"}
			}
		},
		{
			"from": [0, 2.5, 8.5],
			"to": [2, 4, 9],
			"faces": {
				"north": {"uv": [7.016, 12.016, 8.984, 13.484], "texture": "#0"},
				"south": {"uv": [7.016, 12.016, 8.984, 13.484], "texture": "#0"},
				"west": {"uv": [8.016, 12.016, 8.484, 13.484], "texture": "#0"},
				"up": {"uv": [7.016, 12.016, 8.984, 12.484], "texture": "#0"},
				"down": {"uv": [8.016, 12.016, 8.984, 12.25], "texture": "#0"}
			}
		}
	],
	"display": {
		"thirdperson_righthand": {
			"translation": [0, 3, 1],
			"scale": [0.55, 0.55, 0.55]
		},
		"thirdperson_lefthand": {
			"translation": [0, 3, 1],
			"scale": [0.55, 0.55, 0.55]
		},
		"firstperson_righthand": {
			"rotation": [0, -90, 25],
			"translation": [1.13, 3.2, 1.13],
			"scale": [0.68, 0.68, 0.68]
		},
		"firstperson_lefthand": {
			"rotation": [0, -90, 25],
			"translation": [1.13, 3.2, 1.13],
			"scale": [0.68, 0.68, 0.68]
		},
		"ground": {
			"translation": [0, 2, 0],
			"scale": [0.5, 0.5, 0.5]
		},
		"head": {
			"rotation": [0, 180, 0],
			"translation": [0, 13, 7]
		},
		"fixed": {
			"rotation": [0, 180, 0]
		}
	},
	"groups": [0, 1, 2, 3, 4, 5, 6, 7, 8, 9, 10, 11, 12, 13, 14, 15, 16, 17,
		{
			"name": "torch_wall",
			"children": [18, 19]
		}
	]
}