{
	"credit": "Made with Blockbench",
	"textures": {
		"4": "block/pot_handle_5",
		"6": "block/pot_bace_2",
		"particle": "block/pot_bace_2"
	},
	"elements": [
		{
			"name": "dirt",
			"from": [5.5, 8.5, 5.5],
			"to": [10.5, 9, 10.5],
			"rotation": {"angle": 0, "axis": "y", "origin": [8, 8, 1]},
			"faces": {
				"up": {"uv": [8, 8, 16, 16], "texture": "#4"}
			}
		},
		{
			"name": "handle",
			"from": [4, 6.5, 7.65],
			"to": [5, 7, 8.35],
			"rotation": {"angle": 0, "axis": "y", "origin": [8, 8.5, 8.5]},
			"faces": {
				"north": {"uv": [0, 0, 1, 2], "rotation": 90, "texture": "#4"},
				"south": {"uv": [1, 2, 0, 0], "rotation": 90, "texture": "#4"},
				"west": {"uv": [0, 1, 1, 0], "texture": "#4"},
				"up": {"uv": [0, 2, 1, 0], "rotation": 90, "texture": "#4"},
				"down": {"uv": [0, 2, 1, 0], "rotation": 90, "texture": "#4"}
			}
		},
		{
			"name": "handle",
			"from": [3.5, 6, 7.65],
			"to": [4, 6.5, 8.35],
			"rotation": {"angle": 0, "axis": "y", "origin": [8, 8.5, 8.5]},
			"faces": {
				"north": {"uv": [1.5, 1, 2.5, 0], "rotation": 90, "texture": "#4"},
				"east": {"uv": [0, 0, 1, 1], "texture": "#4"},
				"south": {"uv": [1.5, 0, 2.5, 1], "rotation": 90, "texture": "#4"},
				"west": {"uv": [0, 0, 1, 1], "texture": "#4"},
				"up": {"uv": [0, 1, 1, 0], "rotation": 90, "texture": "#4"},
				"down": {"uv": [0, 0, 1, 1], "rotation": 90, "texture": "#4"}
			}
		},
		{
			"name": "handle",
			"from": [3, 2.5, 7.65],
			"to": [3.5, 6, 8.35],
			"rotation": {"angle": 0, "axis": "y", "origin": [8, 8.5, 8.5]},
			"faces": {
				"north": {"uv": [1, 0, 0, 6.5], "texture": "#4"},
				"east": {"uv": [0, 0, 1, 6.5], "texture": "#4"},
				"south": {"uv": [1, 0, 0, 6.5], "texture": "#4"},
				"west": {"uv": [0, 0, 1, 6.5], "texture": "#4"},
				"up": {"uv": [0, 1, 1, 0], "rotation": 90, "texture": "#4"},
				"down": {"uv": [0, 0, 1, 1], "rotation": 90, "texture": "#4"}
			}
		},
		{
			"name": "handle",
			"from": [3.5, 2, 7.65],
			"to": [4, 2.5, 8.35],
			"rotation": {"angle": 0, "axis": "y", "origin": [8, 8.5, 8.5]},
			"faces": {
				"north": {"uv": [2.5, 1, 1.5, 0], "rotation": 90, "texture": "#4"},
				"east": {"uv": [0, 1, 1, 0], "texture": "#4"},
				"south": {"uv": [2.5, 0, 1.5, 1], "rotation": 90, "texture": "#4"},
				"west": {"uv": [0, 1, 1, 0], "texture": "#4"},
				"up": {"uv": [0, 0, 1, 1], "rotation": 90, "texture": "#4"},
				"down": {"uv": [0, 0, 1, 1], "rotation": 90, "texture": "#4"}
			}
		},
		{
			"name": "handle",
			"from": [4, 1.5, 7.65],
			"to": [5, 2, 8.35],
			"rotation": {"angle": 0, "axis": "y", "origin": [8, 8.5, 8.5]},
			"faces": {
				"north": {"uv": [0, 2, 1, 0], "rotation": 90, "texture": "#4"},
				"south": {"uv": [0, 0, 1, 2], "rotation": 90, "texture": "#4"},
				"west": {"uv": [0, 0, 1, 1], "texture": "#4"},
				"up": {"uv": [0, 0, 1, 2], "rotation": 90, "texture": "#4"},
				"down": {"uv": [0, 0, 1, 2], "rotation": 90, "texture": "#4"}
			}
		},
		{
			"name": "potbace",
			"from": [5, 0, 5],
			"to": [11, 7, 11],
			"rotation": {"angle": 0, "axis": "y", "origin": [15.5, 15.75, 8.5]},
			"faces": {
				"north": {"uv": [0, 0, 6, 7], "texture": "#6"},
				"east": {"uv": [0, 0, 6, 7], "texture": "#6"},
				"south": {"uv": [0, 0, 6, 7], "texture": "#6"},
				"west": {"uv": [0, 0, 6, 7], "texture": "#6"},
				"up": {"uv": [6, 6, 12, 12], "texture": "#6"},
				"down": {"uv": [6, 0, 12, 6], "texture": "#6"}
			}
		},
		{
			"name": "potbace",
			"from": [5.5, 7, 5.5],
			"to": [10.5, 8.5, 10.5],
			"rotation": {"angle": 0, "axis": "y", "origin": [18.5, 15, 11.5]},
			"faces": {
				"north": {"uv": [11, 14, 16, 16], "texture": "#6"},
				"east": {"uv": [11, 14, 16, 16], "texture": "#6"},
				"south": {"uv": [11, 14, 16, 16], "texture": "#6"},
				"west": {"uv": [11, 14, 16, 16], "texture": "#6"}
			}
		},
		{
			"name": "potrim",
			"from": [5, 8.5, 5.5],
			"to": [5.5, 9.5, 10.5],
			"faces": {
				"north": {"uv": [6, 6, 7, 8], "texture": "#4"},
				"east": {"uv": [6, 2, 16, 4], "texture": "#4"},
				"south": {"uv": [7, 6, 8, 8], "texture": "#4"},
				"west": {"uv": [6, 0, 16, 2], "texture": "#4"},
				"up": {"uv": [6, 4, 16, 5], "rotation": 270, "texture": "#4"},
				"down": {"uv": [6, 5, 16, 6], "rotation": 90, "texture": "#4"}
			}
		},
		{
			"name": "potrim",
			"from": [10.5, 8.5, 5.5],
			"to": [11, 9.5, 10.5],
			"faces": {
				"north": {"uv": [7, 6, 8, 8], "texture": "#4"},
				"east": {"uv": [6, 0, 16, 2], "texture": "#4"},
				"south": {"uv": [6, 6, 7, 8], "texture": "#4"},
				"west": {"uv": [6, 2, 16, 4], "texture": "#4"},
				"up": {"uv": [6, 4, 16, 5], "rotation": 90, "texture": "#4"},
				"down": {"uv": [6, 5, 16, 6], "rotation": 270, "texture": "#4"}
			}
		},
		{
			"name": "potrim",
			"from": [5.5, 8.5, 5],
			"to": [10.5, 9.5, 5.5],
			"faces": {
				"north": {"uv": [6, 0, 16, 2], "texture": "#4"},
				"east": {"uv": [6, 6, 7, 8], "texture": "#4"},
				"south": {"uv": [6, 2, 16, 4], "texture": "#4"},
				"west": {"uv": [7, 6, 8, 8], "texture": "#4"},
				"up": {"uv": [6, 4, 16, 5], "texture": "#4"},
				"down": {"uv": [6, 5, 16, 6], "texture": "#4"}
			}
		},
		{
			"name": "potrim",
			"from": [5.5, 8.5, 10.5],
			"to": [10.5, 9.5, 11],
			"faces": {
				"north": {"uv": [6, 2, 16, 4], "texture": "#4"},
				"east": {"uv": [7, 6, 8, 8], "texture": "#4"},
				"south": {"uv": [6, 0, 16, 2], "texture": "#4"},
				"west": {"uv": [6, 6, 7, 8], "texture": "#4"},
				"up": {"uv": [6, 4, 16, 5], "rotation": 180, "texture": "#4"},
				"down": {"uv": [6, 5, 16, 6], "rotation": 180, "texture": "#4"}
			}
		}
	],
	"groups": [0,
		{
			"name": "handle",
			"origin": [8, 8.5, 8.5],
			"children": [1, 2, 3, 4, 5]
		},
		{
			"name": "potbace",
			"origin": [18.5, 15, 18.5],
			"children": [6, 7]
		},
		{
			"name": "potrim",
			"origin": [8, 8, 8],
			"children": [8, 9, 10, 11]
		}
	]
}