{
	"credit": "Made with Blockbench",
	"textures": {
		"0": "item/book3d",
		"particle": "item/book3d"
	},
	"elements": [
		{
			"from": [5, 2, 3],
			"to": [11, 2.25, 13],
			"faces": {
				"north": {"uv": [5.5, 0, 7, 0.0625], "rotation": 180, "texture": "#0"},
				"east": {"uv": [0, 0, 0.0625, 0.0625], "texture": "#0"},
				"south": {"uv": [5.5, 2.4375, 7, 2.5], "texture": "#0"},
				"west": {"uv": [5.5, 0, 5.563, 2.5], "rotation": 90, "texture": "#0"},
				"up": {"uv": [5.5, 0, 7, 2.5], "texture": "#0"},
				"down": {"uv": [0, 0, 1.5, 2.5], "texture": "#0"}
			}
		},
		{
			"from": [5, 0.75, 3],
			"to": [11, 1, 13],
			"faces": {
				"north": {"uv": [1.5, 0, 3, 0.0625], "texture": "#0"},
				"east": {"uv": [0, 0, 0.0625, 0.0625], "texture": "#0"},
				"south": {"uv": [1.5, 2.4375, 3, 2.5], "rotation": 180, "texture": "#0"},
				"west": {"uv": [2.9375, 0, 3.0005, 2.5], "rotation": 90, "texture": "#0"},
				"up": {"uv": [4, 0, 5.5, 2.5], "rotation": 180, "texture": "#0"},
				"down": {"uv": [1.5, 0, 3, 2.5], "rotation": 180, "texture": "#0"}
			}
		},
		{
			"from": [11, 1, 3],
			"to": [11.25, 2, 13],
			"faces": {
				"north": {"uv": [3, 0, 3.5, 0.0625], "rotation": 90, "texture": "#0"},
				"east": {"uv": [3, 0, 3.5, 2.5], "rotation": 90, "texture": "#0"},
				"south": {"uv": [3, 0, 3.5, 0.0625], "rotation": 90, "texture": "#0"},
				"west": {"uv": [3, 0, 3.5, 2.5], "rotation": 90, "texture": "#0"},
				"up": {"uv": [3, 0, 3.0625, 2.5], "texture": "#0"},
				"down": {"uv": [3, 0, 3.0625, 2.5], "texture": "#0"}
			}
		},
		{
			"from": [5.5, 1, 3.5],
			"to": [11, 2, 12.5],
			"faces": {
				"north": {"uv": [0.25, 2.75, 1.625, 4.75], "texture": "#0"},
				"east": {"uv": [0.25, 2.75, 1.625, 4.75], "texture": "#0"},
				"south": {"uv": [0.25, 2.75, 1.625, 4.75], "texture": "#0"},
				"west": {"uv": [0.25, 2.75, 1.625, 4.75], "texture": "#0"},
				"up": {"uv": [0.25, 2.75, 1.625, 4.75], "texture": "#0"},
				"down": {"uv": [0.25, 2.75, 1.625, 4.75], "texture": "#0"}
			}
		}
	],
	"display": {
		"thirdperson_righthand": {
			"rotation": [-90, 0, -90],
			"translation": [6.5, 0, 0]
		},
		"thirdperson_lefthand": {
			"rotation": [-90, 0, 90],
			"translation": [-6.5, 0, 0]
		},
		"firstperson_righthand": {
			"rotation": [-73, 0, -90],
			"translation": [8, 0.25, 0]
		},
		"firstperson_lefthand": {
			"rotation": [-73, 0, 90],
			"translation": [-4, 0.25, 0]
		},
		"ground": {
			"translation": [0, 3.25, 0]
		},
		"gui": {
			"rotation": [35, 135, 0],
			"translation": [0, 6.75, 0],
			"scale": [1.5, 1.5, 1.5]
		},
		"head": {
			"rotation": [0, -27, 0],
			"translation": [0, 17.25, 0],
			"scale": [1.5, 1.5, 1.5]
		},
		"fixed": {
			"rotation": [-90, 0, 0],
			"translation": [0, 0, -10.75],
			"scale": [1.5, 1.5, 1.5]
		}
	}
}