{
	"credit": "Made with Blockbench",
	"textures": {
		"0": "item/book3denchanted",
		"particle": "item/book3denchanted"
	},
	"elements": [
		{
			"from": [5, 2, 3],
			"to": [11, 2.25, 13],
			"faces": {
				"north": {"uv": [11, 4.875, 14, 5], "rotation": 180, "texture": "#0"},
				"east": {"uv": [13.875, 0, 14, 5], "rotation": 90, "texture": "#0"},
				"south": {"uv": [11, 4.875, 14, 5], "texture": "#0"},
				"west": {"uv": [11, 0, 11.125, 5], "rotation": 90, "texture": "#0"},
				"up": {"uv": [11, 0, 14, 5], "texture": "#0"},
				"down": {"uv": [0, 0, 3, 5], "texture": "#0"}
			}
		},
		{
			"from": [5, 0.75, 3],
			"to": [11, 1, 13],
			"faces": {
				"north": {"uv": [11, 4.875, 14, 5], "rotation": 180, "texture": "#0"},
				"east": {"uv": [13.875, 0, 14, 5], "rotation": 90, "texture": "#0"},
				"south": {"uv": [11, 4.875, 14, 5], "texture": "#0"},
				"west": {"uv": [11, 0, 11.125, 5], "rotation": 90, "texture": "#0"},
				"up": {"uv": [8, 0, 11, 5], "rotation": 180, "texture": "#0"},
				"down": {"uv": [3, 0, 6, 5], "rotation": 180, "texture": "#0"}
			}
		},
		{
			"from": [5.5, 1, 3.5],
			"to": [11, 2, 12.5],
			"faces": {
				"north": {"uv": [0.5, 5.625, 2.875, 6.125], "texture": "#0"},
				"east": {"uv": [0.5, 5.625, 2.875, 6.125], "texture": "#0"},
				"south": {"uv": [0.5, 5.625, 2.875, 6.125], "texture": "#0"},
				"west": {"uv": [0.5, 5.625, 2.875, 6.125], "texture": "#0"},
				"up": {"uv": [0.5, 5.625, 2.875, 9.5], "texture": "#0"},
				"down": {"uv": [0.5, 5.625, 2.875, 9.5], "texture": "#0"}
			}
		},
		{
			"from": [11, 1, 3],
			"to": [11.25, 2, 13],
			"faces": {
				"north": {"uv": [6, 0, 7, 0.125], "texture": "#0"},
				"east": {"uv": [6, 0, 7, 5], "rotation": 90, "texture": "#0"},
				"south": {"uv": [6, 0, 7, 0.125], "rotation": 90, "texture": "#0"},
				"west": {"uv": [7, 0, 8, 5], "rotation": 90, "texture": "#0"},
				"up": {"uv": [6, 0, 6.125, 5], "texture": "#0"},
				"down": {"uv": [6, 0, 6.125, 5], "texture": "#0"}
			}
		},
		{
			"from": [6.5, 2.15, 4.75],
			"to": [7, 2.4, 5.25],
			"faces": {
				"north": {"uv": [7.625, 10.5, 7.875, 10.625], "texture": "#0"},
				"east": {"uv": [7.375, 10.5, 7.625, 10.625], "texture": "#0"},
				"south": {"uv": [7.125, 10.5, 7.375, 10.625], "texture": "#0"},
				"west": {"uv": [6.875, 10.5, 7.125, 10.625], "texture": "#0"},
				"up": {"uv": [7.125, 10.25, 7.375, 10.5], "texture": "#0"},
				"down": {"uv": [7.125, 10.25, 7.375, 10.5], "texture": "#0"}
			}
		},
		{
			"from": [8.5, 2.15, 4.75],
			"to": [9, 2.4, 5.25],
			"faces": {
				"north": {"uv": [7.625, 10.5, 7.875, 10.625], "texture": "#0"},
				"east": {"uv": [7.375, 10.5, 7.625, 10.625], "texture": "#0"},
				"south": {"uv": [7.125, 10.5, 7.375, 10.625], "texture": "#0"},
				"west": {"uv": [6.875, 10.5, 7.125, 10.625], "texture": "#0"},
				"up": {"uv": [7.125, 10.25, 7.375, 10.5], "texture": "#0"},
				"down": {"uv": [7.125, 10.25, 7.375, 10.5], "texture": "#0"}
			}
		},
		{
			"from": [8.5, 2.15, 11],
			"to": [9, 2.4, 11.5],
			"faces": {
				"north": {"uv": [7.625, 10.5, 7.875, 10.625], "texture": "#0"},
				"east": {"uv": [7.375, 10.5, 7.625, 10.625], "texture": "#0"},
				"south": {"uv": [7.125, 10.5, 7.375, 10.625], "texture": "#0"},
				"west": {"uv": [6.875, 10.5, 7.125, 10.625], "texture": "#0"},
				"up": {"uv": [7.125, 10.25, 7.375, 10.5], "texture": "#0"},
				"down": {"uv": [7.125, 10.25, 7.375, 10.5], "texture": "#0"}
			}
		},
		{
			"from": [6.5, 2.15, 11],
			"to": [7, 2.4, 11.5],
			"faces": {
				"north": {"uv": [7.625, 10.5, 7.875, 10.625], "texture": "#0"},
				"east": {"uv": [7.375, 10.5, 7.625, 10.625], "texture": "#0"},
				"south": {"uv": [7.125, 10.5, 7.375, 10.625], "texture": "#0"},
				"west": {"uv": [6.875, 10.5, 7.125, 10.625], "texture": "#0"},
				"up": {"uv": [7.125, 10.25, 7.375, 10.5], "texture": "#0"},
				"down": {"uv": [7.125, 10.25, 7.375, 10.5], "texture": "#0"}
			}
		},
		{
			"from": [4.75, 2.25, 6.5],
			"to": [11.25, 2.75, 9.5],
			"faces": {
				"north": {"uv": [4.25, 11, 7.5, 11.375], "texture": "#0"},
				"east": {"uv": [4.25, 11, 7.5, 11.375], "texture": "#0"},
				"south": {"uv": [4.25, 11, 7.5, 11.375], "texture": "#0"},
				"west": {"uv": [4.25, 11, 7.5, 11.375], "texture": "#0"},
				"up": {"uv": [4.25, 11, 7.5, 12.5], "texture": "#0"},
				"down": {"uv": [4.25, 11, 7.5, 12.5], "texture": "#0"}
			}
		},
		{
			"from": [11.25, 0.25, 6.5],
			"to": [11.75, 2.75, 9.5],
			"faces": {
				"north": {"uv": [4.25, 11, 4.5, 12.5], "texture": "#0"},
				"east": {"uv": [4.25, 11, 7.5, 12.5], "texture": "#0"},
				"south": {"uv": [4.25, 11, 4.5, 12.5], "rotation": 180, "texture": "#0"},
				"west": {"uv": [4.25, 11, 4.375, 12.5], "texture": "#0"},
				"up": {"uv": [4.25, 11, 4.5, 12.5], "rotation": 180, "texture": "#0"},
				"down": {"uv": [4.25, 11, 4.5, 12.5], "rotation": 180, "texture": "#0"}
			}
		},
		{
			"from": [6.5, 2.51, 7],
			"to": [9.5, 2.76, 9],
			"faces": {
				"up": {"uv": [5.125, 9.875, 6.625, 10.875], "rotation": 180, "texture": "#0"}
			}
		},
		{
			"from": [4.25, 0.25, 6.5],
			"to": [4.75, 2.75, 9.5],
			"faces": {
				"north": {"uv": [4.25, 11, 4.5, 12.5], "rotation": 180, "texture": "#0"},
				"east": {"uv": [4.25, 11, 7.5, 12.5], "texture": "#0"},
				"south": {"uv": [4.25, 11, 4.5, 12.5], "texture": "#0"},
				"west": {"uv": [4.25, 11, 7.5, 12.5], "texture": "#0"},
				"up": {"uv": [4.25, 11, 4.5, 12.5], "texture": "#0"},
				"down": {"uv": [4.25, 11, 4.5, 12.5], "texture": "#0"}
			}
		},
		{
			"from": [4.75, 0.25, 6.5],
			"to": [11.25, 0.75, 9.5],
			"faces": {
				"north": {"uv": [4.25, 11, 7.5, 11.375], "texture": "#0"},
				"east": {"uv": [4.25, 11, 7.5, 11.375], "texture": "#0"},
				"south": {"uv": [4.25, 11, 7.5, 11.375], "texture": "#0"},
				"west": {"uv": [4.25, 11, 7.5, 11.375], "texture": "#0"},
				"up": {"uv": [4.25, 11, 7.5, 12.5], "texture": "#0"},
				"down": {"uv": [4.25, 11, 7.5, 12.5], "texture": "#0"}
			}
		}
	],
	"display": {
		"thirdperson_righthand": {
			"rotation": [-90, 0, -90],
			"translation": [6.5, 0.5, -1.5]
		},
		"thirdperson_lefthand": {
			"rotation": [90, 0, -90],
			"translation": [6.5, 0.5, -1.5]
		},
		"firstperson_righthand": {
			"rotation": [-90, 0, 115]
		},
		"firstperson_lefthand": {
			"rotation": [-90, 0, 115]
		},
		"ground": {
			"translation": [0, 3.5, 0]
		},
		"gui": {
			"rotation": [50, 140, 0],
			"translation": [0, 4.25, 0],
			"scale": [1.25, 1.25, 1.25]
		},
		"head": {
			"translation": [0, 17.25, 0],
			"scale": [1.5, 1.5, 1.5]
		},
		"fixed": {
			"rotation": [-90, 0, 0],
			"translation": [0, 0, -10.75],
			"scale": [1.5, 1.5, 1.5]
		}
	}
}