{
	"credit": "Made with Blockbench",
	"textures": {
		"0": "item/book3d",
		"1": "item/feather",
		"2": "item/feather2",
		"particle": "item/book3d"
	},
	"elements": [
		{
			"from": [8.5, 2.9, 3],
			"to": [14.5, 3.15, 13],
			"rotation": {"angle": 22.5, "axis": "z", "origin": [14, 2, 8]},
			"faces": {
				"north": {"uv": [5.5, 0, 7, 0.0625], "texture": "#0"},
				"east": {"uv": [5.5, 0, 5.563, 2.5], "rotation": 90, "texture": "#0"},
				"south": {"uv": [5.5, 2.4375, 7, 2.5], "rotation": 180, "texture": "#0"},
				"west": {"uv": [0, 0, 0.0625, 0.0625], "rotation": 180, "texture": "#0"},
				"up": {"uv": [0, 0, 1.5, 2.5], "rotation": 180, "texture": "#0"},
				"down": {"uv": [5.5, 0, 7, 2.5], "rotation": 180, "texture": "#0"}
			}
		},
		{
			"from": [3.75, 3.75, 3],
			"to": [9.75, 4, 13],
			"rotation": {"angle": -22.5, "axis": "z", "origin": [1, 8, 8]},
			"faces": {
				"north": {"uv": [1.5, 0, 3, 0.0625], "texture": "#0"},
				"east": {"uv": [0, 0, 0.0625, 0.0625], "texture": "#0"},
				"south": {"uv": [1.5, 2.4375, 3, 2.5], "rotation": 180, "texture": "#0"},
				"west": {"uv": [2.9375, 0, 3.0005, 2.5], "rotation": 90, "texture": "#0"},
				"up": {"uv": [4, 0, 5.5, 2.5], "rotation": 180, "texture": "#0"},
				"down": {"uv": [1.5, 0, 3, 2.5], "rotation": 180, "texture": "#0"}
			}
		},
		{
			"from": [7.5, 0.75, 3],
			"to": [8.5, 1, 13],
			"faces": {
				"north": {"uv": [3, 0, 3.5, 0.0625], "texture": "#0"},
				"east": {"uv": [3, 0, 3.0625, 2.5], "rotation": 90, "texture": "#0"},
				"south": {"uv": [3, 0, 3.5, 0.0625], "rotation": 180, "texture": "#0"},
				"west": {"uv": [3, 0, 3.0625, 2.5], "rotation": 90, "texture": "#0"},
				"up": {"uv": [3.5, 0, 4, 2.5], "texture": "#0"},
				"down": {"uv": [3, 0, 3.5, 2.5], "rotation": 180, "texture": "#0"}
			}
		},
		{
			"from": [5.75, 3.6, 3.5],
			"to": [11.25, 4.1, 12.5],
			"rotation": {"angle": 22.5, "axis": "z", "origin": [14, 8, 8]},
			"faces": {
				"north": {"uv": [0.25, 2.75, 1.625, 4.75], "texture": "#0"},
				"east": {"uv": [0.25, 2.75, 1.625, 4.75], "texture": "#0"},
				"south": {"uv": [0.25, 2.75, 1.625, 4.75], "texture": "#0"},
				"west": {"uv": [0.25, 2.75, 1.625, 4.75], "texture": "#0"},
				"up": {"uv": [0.25, 2.75, 1.625, 4.75], "texture": "#0"},
				"down": {"uv": [0.25, 2.75, 1.625, 4.75], "texture": "#0"}
			}
		},
		{
			"from": [5.6, -1, 3.5],
			"to": [11.1, -0.5, 12.5],
			"rotation": {"angle": -22.5, "axis": "z", "origin": [14, 8, 8]},
			"faces": {
				"north": {"uv": [0.25, 2.75, 1.625, 4.75], "texture": "#0"},
				"east": {"uv": [0.25, 2.75, 1.625, 4.75], "texture": "#0"},
				"south": {"uv": [0.25, 2.75, 1.625, 4.75], "texture": "#0"},
				"west": {"uv": [0.25, 2.75, 1.625, 4.75], "texture": "#0"},
				"up": {"uv": [0.25, 2.75, 1.625, 4.75], "texture": "#0"},
				"down": {"uv": [0.25, 2.75, 1.625, 4.75], "texture": "#0"}
			}
		},
		{
			"from": [2, 2, 7],
			"to": [7, 7, 7],
			"faces": {
				"north": {"uv": [0, 0, 16, 16], "texture": "#1"},
				"east": {"uv": [0, 0, 1, 1], "texture": "#1"},
				"south": {"uv": [0, 0, 16, 16], "texture": "#2"},
				"west": {"uv": [0, 0, 1, 1], "texture": "#1"},
				"up": {"uv": [0, 0, 1, 1], "texture": "#1"},
				"down": {"uv": [0, 0, 1, 1], "texture": "#1"}
			}
		}
	],
	"display": {
		"thirdperson_righthand": {
			"rotation": [90, 180, 0],
			"translation": [0, 3, 7.5]
		},
		"thirdperson_lefthand": {
			"rotation": [90, 180, 0],
			"translation": [0, 3, 7.5]
		},
		"firstperson_righthand": {
			"rotation": [21, 150, -25],
			"translation": [-2.5, 6.5, 0]
		},
		"firstperson_lefthand": {
			"rotation": [21, 150, -25],
			"translation": [-2.5, 6.5, 0]
		},
		"ground": {
			"translation": [0, 3.25, 0]
		},
		"gui": {
			"rotation": [35, 135, 0],
			"translation": [0, 6, 0],
			"scale": [1.5, 1.5, 1.5]
		},
		"head": {
			"translation": [0, 17.25, 0],
			"scale": [1.5, 1.5, 1.5]
		},
		"fixed": {
			"rotation": [-68, 0, 0],
			"translation": [0, 2.75, -11.5],
			"scale": [1.5, 1.5, 1.5]
		}
	}
}