{
	"credit": "Made by NiceGuyNate aka swimfreak",
	"parent": "item/door",
	"ambientocclusion": false,
	"textures": {
		"top": "block/doors/cherry_door_top",
		"bottom": "block/doors/cherry_door_bottom",
		"sides": "block/doors/cherry_door_sides"
	},
	"elements": [
		{
			"name": "handlebar",
			"from": [1, 12, 1.5],
			"to": [4, 16, 5],
			"faces": {
				"north": {"uv": [0, 0, 1, 0.25], "texture": "#missing"},
				"east": {"uv": [11, 0, 14.5, 4], "texture": "#bottom"},
				"south": {"uv": [0, 0, 1, 0.25], "texture": "#missing"},
				"west": {"uv": [14.5, 0, 11, 4], "texture": "#bottom"},
				"up": {"uv": [0, 1.5, 3, 5], "texture": "#missing"},
				"down": {"uv": [0, 11, 3, 14.5], "texture": "#missing"}
			}
		},
		{
			"name": "Grid_left",
			"from": [1, 0, 0],
			"to": [4, 16, 1.5],
			"faces": {
				"north": {"uv": [3, 0, 6, 16], "texture": "#sides"},
				"east": {"uv": [14.5, 0, 16, 16], "texture": "#bottom"},
				"south": {"uv": [3, 0, 6, 16], "texture": "#sides"},
				"west": {"uv": [16, 0, 14.5, 16], "texture": "#bottom"},
				"up": {"uv": [0, 0, 3, 1.5], "texture": "#sides"},
				"down": {"uv": [0, 14.5, 3, 16], "texture": "#sides"}
			}
		},
		{
			"name": "Grid_right",
			"from": [1, 0, 14.5],
			"to": [4, 16, 16],
			"faces": {
				"north": {"uv": [0, 0, 3, 16], "texture": "#sides"},
				"east": {"uv": [0, 0, 1.5, 16], "texture": "#bottom"},
				"south": {"uv": [3, 0, 6, 16], "texture": "#sides"},
				"west": {"uv": [1.5, 0, 0, 16], "texture": "#bottom"},
				"up": {"uv": [0, 14.5, 3, 16], "texture": "#sides"},
				"down": {"uv": [0, 0, 3, 1.5], "texture": "#sides"}
			}
		},
		{
			"name": "Grid_top",
			"from": [1, 0, 1.5],
			"to": [4, 1.5, 14.5],
			"faces": {
				"north": {"uv": [0, 0, 1, 0.75], "texture": "#missing"},
				"east": {"uv": [1.5, 14.5, 14.5, 16], "texture": "#bottom"},
				"south": {"uv": [0, 0, 1, 0.75], "texture": "#missing"},
				"west": {"uv": [14.5, 14.5, 1.5, 16], "texture": "#bottom"},
				"up": {"uv": [0, 1.5, 3, 14.5], "texture": "#sides"},
				"down": {"uv": [0, 1.5, 3, 14.5], "texture": "#sides"}
			}
		},
		{
			"name": "grid_middletop",
			"from": [1, 10.5, 1.5],
			"to": [4, 12, 14.5],
			"faces": {
				"north": {"uv": [0, 0, 1, 0.75], "texture": "#missing"},
				"east": {"uv": [1.5, 4, 14.5, 5.5], "texture": "#bottom"},
				"south": {"uv": [0, 0, 1, 0.75], "texture": "#missing"},
				"west": {"uv": [14.5, 4, 1.5, 5.5], "texture": "#bottom"},
				"up": {"uv": [0, 1.5, 3, 14.5], "texture": "#sides"},
				"down": {"uv": [0, 1.5, 3, 14.5], "texture": "#sides"}
			}
		},
		{
			"name": "grid_middlebottom",
			"from": [1, 4.5, 1.5],
			"to": [4, 6, 14.5],
			"faces": {
				"north": {"uv": [0, 0, 1, 0.75], "texture": "#missing"},
				"east": {"uv": [1.5, 10, 14.5, 11.5], "texture": "#bottom"},
				"south": {"uv": [0, 0, 1, 0.75], "texture": "#missing"},
				"west": {"uv": [14.5, 10, 1.5, 11.5], "texture": "#bottom"},
				"up": {"uv": [0, 1.5, 3, 14.5], "texture": "#sides"},
				"down": {"uv": [0, 1.5, 3, 14.5], "texture": "#sides"}
			}
		},
		{
			"name": "grid_vert_left",
			"from": [1, 1.5, 9.5],
			"to": [4, 16, 11],
			"faces": {
				"north": {"uv": [0, 1, 3, 15.5], "texture": "#sides"},
				"east": {"uv": [5, 0, 6.5, 14.5], "texture": "#bottom"},
				"south": {"uv": [0, 1, 3, 15.5], "texture": "#sides"},
				"west": {"uv": [6.5, 0, 5, 14.5], "texture": "#bottom"},
				"up": {"uv": [0, 0, 1, 0.75], "texture": "#missing"},
				"down": {"uv": [0, 0, 1, 0.75], "texture": "#missing"}
			}
		},
		{
			"name": "grid_vert_right",
			"from": [1, 1.5, 5],
			"to": [4, 16, 6.5],
			"faces": {
				"north": {"uv": [0, 1, 3, 15.5], "texture": "#sides"},
				"east": {"uv": [9.5, 0, 11, 14.5], "texture": "#bottom"},
				"south": {"uv": [0, 1, 3, 15.5], "texture": "#sides"},
				"west": {"uv": [11, 0, 9.5, 14.5], "texture": "#bottom"},
				"up": {"uv": [0, 0, 1, 0.75], "texture": "#missing"},
				"down": {"uv": [0, 0, 1, 0.75], "texture": "#missing"}
			}
		},
		{
			"name": "paper background",
			"from": [1.5, 1.5, 1.5],
			"to": [3.5, 16, 14.5],
			"faces": {
				"north": {"uv": [0, 0, 0.75, 7.25], "texture": "#missing"},
				"east": {"uv": [1.5, 0, 14.5, 14.5], "texture": "#bottom"},
				"south": {"uv": [0, 0, 0.75, 7.25], "texture": "#missing"},
				"west": {"uv": [14.5, 0, 1.5, 14.5], "texture": "#bottom"},
				"up": {"uv": [0, 0, 0.75, 6.5], "texture": "#missing"},
				"down": {"uv": [0, 0, 0.75, 6.5], "texture": "#missing"}
			}
		},
		{
			"name": "hinge",
			"from": [0.75, 3.9, 14.5],
			"to": [4.25, 6.6, 16.25],
			"faces": {
				"north": {"uv": [9, 0, 12, 2.5], "texture": "#sides"},
				"east": {"uv": [0, 9.5, 1.375, 12], "texture": "#bottom"},
				"south": {"uv": [9, 0, 12, 2.5], "texture": "#sides"},
				"west": {"uv": [1.375, 9.5, 0, 12], "texture": "#bottom"},
				"up": {"uv": [9, 0, 12, 2.5], "texture": "#sides"},
				"down": {"uv": [9, 0, 12, 2.5], "texture": "#sides"}
			}
		},
		{
			"name": "hinge_small",
			"from": [0.75, 4.4, 14],
			"to": [4.25, 6.1, 14.5],
			"faces": {
				"north": {"uv": [9, 0, 12, 2.5], "texture": "#sides"},
				"east": {"uv": [1.5, 10, 2, 11.5], "texture": "#bottom"},
				"south": {"uv": [9, 0, 12, 2.5], "texture": "#sides"},
				"west": {"uv": [2, 10, 1.5, 11.5], "texture": "#bottom"},
				"up": {"uv": [9, 0, 12, 0.5], "texture": "#sides"},
				"down": {"uv": [9, 0, 12, 0.5], "texture": "#sides"}
			}
		},
		{
			"name": "handlewide",
			"from": [0.85, 12.5, 1.5],
			"to": [4.15, 14.5, 5],
			"faces": {
				"north": {"uv": [13, 1.5, 13.525, 3.425], "texture": "#bottom"},
				"east": {"uv": [11, 1.5, 14.5, 3.5], "texture": "#bottom"},
				"south": {"uv": [13, 1.5, 13.5, 3.5], "texture": "#bottom"},
				"west": {"uv": [14.5, 1.5, 11, 3.5], "texture": "#bottom"},
				"up": {"uv": [11, 1, 14.5, 1.5], "texture": "#bottom"},
				"down": {"uv": [11, 1, 14.5, 1.5], "texture": "#bottom"}
			}
		},
		{
			"name": "handletall",
			"from": [0.85, 12, 2],
			"to": [4.15, 15, 4.5],
			"faces": {
				"north": {"uv": [11, 1, 11.5, 4], "texture": "#bottom"},
				"east": {"uv": [11.5, 1, 14, 4], "texture": "#bottom"},
				"south": {"uv": [14, 1, 14.5, 4], "texture": "#bottom"},
				"west": {"uv": [14, 1, 11.5, 4], "texture": "#bottom"},
				"up": {"uv": [11.5, 3.5, 14, 4], "texture": "#bottom"},
				"down": {"uv": [11.5, 1, 14, 1.5], "texture": "#bottom"}
			}
		},
		{
			"name": "handlebar",
			"from": [1, 16, 1.5],
			"to": [4, 16.5, 5],
			"faces": {
				"north": {"uv": [0, 0, 1, 0.25], "texture": "#missing"},
				"east": {"uv": [11, 15.5, 14.5, 16], "texture": "#top"},
				"south": {"uv": [0, 0, 1, 0.25], "texture": "#missing"},
				"west": {"uv": [14.5, 15.5, 11, 16], "texture": "#top"},
				"up": {"uv": [0, 1.5, 3, 5], "texture": "#sides"},
				"down": {"uv": [0, 11, 3, 14.5], "texture": "#sides"}
			}
		},
		{
			"name": "Grid_left",
			"from": [1, 16, 0],
			"to": [4, 32, 1.5],
			"faces": {
				"north": {"uv": [6, 0, 9, 16], "texture": "#sides"},
				"east": {"uv": [14.5, 0, 16, 16], "texture": "#top"},
				"south": {"uv": [6, 0, 9, 16], "texture": "#sides"},
				"west": {"uv": [16, 0, 14.5, 16], "texture": "#top"},
				"up": {"uv": [0, 0, 3, 1.5], "texture": "#sides"},
				"down": {"uv": [0, 14.5, 3, 16], "texture": "#sides"}
			}
		},
		{
			"name": "Grid_right",
			"from": [1, 16, 14.5],
			"to": [4, 32, 16],
			"faces": {
				"north": {"uv": [0, 0, 3, 16], "texture": "#sides"},
				"east": {"uv": [0, 0, 1.5, 16], "texture": "#top"},
				"south": {"uv": [6, 0, 9, 16], "texture": "#sides"},
				"west": {"uv": [1.5, 0, 0, 16], "texture": "#top"},
				"up": {"uv": [0, 14.5, 3, 16], "texture": "#sides"},
				"down": {"uv": [0, 0, 3, 1.5], "texture": "#sides"}
			}
		},
		{
			"name": "Grid_top",
			"from": [1, 30.5, 1.5],
			"to": [4, 32, 14.5],
			"faces": {
				"north": {"uv": [0, 0, 1, 0.75], "texture": "#missing"},
				"east": {"uv": [1.5, 0, 14.5, 1.5], "texture": "#top"},
				"south": {"uv": [0, 0, 1, 0.75], "texture": "#missing"},
				"west": {"uv": [14.5, 0, 1.5, 1.5], "texture": "#top"},
				"up": {"uv": [0, 1.5, 3, 14.5], "texture": "#sides"},
				"down": {"uv": [0, 1.5, 3, 14.5], "texture": "#sides"}
			}
		},
		{
			"name": "grid_middletop",
			"from": [1, 26, 1.5],
			"to": [4, 27.5, 14.5],
			"faces": {
				"north": {"uv": [0, 0, 1, 0.75], "texture": "#missing"},
				"east": {"uv": [1.5, 4.5, 14.5, 6], "texture": "#top"},
				"south": {"uv": [0, 0, 1, 0.75], "texture": "#missing"},
				"west": {"uv": [14.5, 4.5, 1.5, 6], "texture": "#top"},
				"up": {"uv": [0, 1.5, 3, 14.5], "texture": "#sides"},
				"down": {"uv": [0, 1.5, 3, 14.5], "texture": "#sides"}
			}
		},
		{
			"name": "grid_middlebottom",
			"from": [1, 20, 1.5],
			"to": [4, 21.5, 14.5],
			"faces": {
				"north": {"uv": [0, 0, 1, 0.75], "texture": "#missing"},
				"east": {"uv": [1.5, 10.5, 14.5, 12], "texture": "#top"},
				"south": {"uv": [0, 0, 1, 0.75], "texture": "#missing"},
				"west": {"uv": [14.5, 10.5, 1.5, 12], "texture": "#top"},
				"up": {"uv": [0, 1.5, 3, 14.5], "texture": "#sides"},
				"down": {"uv": [0, 1.5, 3, 14.5], "texture": "#sides"}
			}
		},
		{
			"name": "grid_vert_left",
			"from": [1, 16, 9.5],
			"to": [4, 30.5, 11],
			"faces": {
				"north": {"uv": [0, 1, 3, 15.5], "texture": "#sides"},
				"east": {"uv": [5, 1.5, 6.5, 16], "texture": "#top"},
				"south": {"uv": [0, 1, 3, 15.5], "texture": "#sides"},
				"west": {"uv": [6.5, 1.5, 5, 16], "texture": "#top"},
				"up": {"uv": [0, 0, 1, 0.75], "texture": "#missing"},
				"down": {"uv": [0, 0, 1, 0.75], "texture": "#missing"}
			}
		},
		{
			"name": "grid_vert_right",
			"from": [1, 16, 5],
			"to": [4, 30.5, 6.5],
			"faces": {
				"north": {"uv": [0, 1, 3, 15.5], "texture": "#sides"},
				"east": {"uv": [9.5, 1.5, 11, 16], "texture": "#top"},
				"south": {"uv": [0, 1, 3, 15.5], "texture": "#sides"},
				"west": {"uv": [11, 1.5, 9.5, 16], "texture": "#top"},
				"up": {"uv": [0, 0, 1, 0.75], "texture": "#missing"},
				"down": {"uv": [0, 0, 1, 0.75], "texture": "#missing"}
			}
		},
		{
			"name": "paper background",
			"from": [1.5, 16, 1.5],
			"to": [3.5, 30.5, 14.5],
			"faces": {
				"north": {"uv": [0, 0, 0.75, 7.25], "texture": "#missing"},
				"east": {"uv": [1.5, 1.5, 14.5, 16], "texture": "#top"},
				"south": {"uv": [0, 0, 0.75, 7.25], "texture": "#missing"},
				"west": {"uv": [14.5, 1.5, 1.5, 16], "texture": "#top"},
				"up": {"uv": [0, 0, 0.75, 6.5], "texture": "#missing"},
				"down": {"uv": [0, 0, 0.75, 6.5], "texture": "#missing"}
			}
		},
		{
			"name": "hinge",
			"from": [0.75, 25.4, 14.5],
			"to": [4.25, 28.1, 16.25],
			"faces": {
				"north": {"uv": [9, 0, 12, 2.5], "texture": "#sides"},
				"east": {"uv": [0, 4, 1.375, 6.5], "texture": "#top"},
				"south": {"uv": [9, 0, 12, 2.5], "texture": "#sides"},
				"west": {"uv": [1.375, 4, 0, 6.5], "texture": "#top"},
				"up": {"uv": [9, 0, 12, 2.5], "texture": "#sides"},
				"down": {"uv": [9, 0, 12, 2.5], "texture": "#sides"}
			}
		},
		{
			"name": "hinge_small",
			"from": [0.75, 25.9, 14],
			"to": [4.25, 27.6, 14.5],
			"faces": {
				"north": {"uv": [9, 0, 12, 2.5], "texture": "#sides"},
				"east": {"uv": [1.5, 4.5, 2, 6], "texture": "#top"},
				"south": {"uv": [9, 0, 12, 2.5], "texture": "#sides"},
				"west": {"uv": [2, 4.5, 1.5, 6], "texture": "#top"},
				"up": {"uv": [9, 0, 12, 0.5], "texture": "#sides"},
				"down": {"uv": [9, 0, 12, 0.5], "texture": "#sides"}
			}
		}
	],
	"groups": [
		{
			"name": "Bottom",
			"origin": [0, 0, 0],
			"color": 0,
			"children": [0, 1, 2, 3, 4, 5, 6, 7, 8, 9, 10, 11, 12]
		},
		{
			"name": "Top",
			"origin": [0, 0, 0],
			"color": 0,
			"children": [13, 14, 15, 16, 17, 18, 19, 20, 21, 22, 23]
		}
	]
}