{ "ambientocclusion": false,
  "textures": {
    "1": "block/sweet_berry_bush",
    "2": "block/sweet_berry_bush_small_cross",
    "particle": "block/sweet_berry_bush_cross"
  },
  "elements": [
    { "from": [0, 0, 8],
      "to": [16, 16, 8],
      "shade": false,
      "rotation": {"angle": -45, "axis": "y", "origin": [8, 5.5, 8]},
      "faces": {
        "north": {"uv": [0, 0, 16, 16], "texture": "#2"},
        "south": {"uv": [0, 0, 16, 16], "texture": "#2"}
      }
    },
    { "from": [8, 0, 0],
      "to": [8, 16, 16],
      "shade": false,
      "rotation": {"angle": -45, "axis": "y", "origin": [8, 5.5, 8]},
      "faces": {
        "east": {"uv": [0, 0, 16, 16], "texture": "#2"},
        "west": {"uv": [0, 0, 16, 16], "texture": "#2"}
      }
    },
    { "from": [0, 5, -2],
      "to": [16, 5, 9],
      "shade": false,
      "rotation": {"angle": -22.5, "axis": "x", "origin": [8, 5, 3.5]},
      "faces": {
        "up": {"uv": [8, 5.5, 16, 11], "texture": "#1"},
        "down": {"uv": [16, 5.5, 8, 11], "rotation": 180, "texture": "#1"}
      }
    },
    { "from": [-1.65746, 6.72208, 0],
      "to": [9.34254, 6.72208, 16],
      "shade": false,
      "rotation": {"angle": 22.5, "axis": "z", "origin": [8, 5, 8]},
      "faces": {
        "up": {"uv": [8, 5.5, 16, 11], "rotation": 270, "texture": "#1"},
        "down": {"uv": [16, 5.5, 8, 11], "rotation": 270, "texture": "#1"}
      }
    },
    { "from": [6.65746, 6.72208, 0],
      "to": [17.65746, 6.72208, 16],
      "shade": false,
      "rotation": {"angle": -22.5, "axis": "z", "origin": [8, 5, 8]},
      "faces": {
        "up": {"uv": [8, 5.5, 16, 11], "rotation": 90, "texture": "#1"},
        "down": {"uv": [16, 5.5, 8, 11], "rotation": 90, "texture": "#1"}
      }
    },
    { "from": [0, 5, 7],
      "to": [16, 5, 18],
      "shade": false,
      "rotation": {"angle": 22.5, "axis": "x", "origin": [8, 5, 12.5]},
      "faces": {
        "up": {"uv": [8, 5.5, 16, 11], "rotation": 180, "texture": "#1"},
        "down": {"uv": [16, 5.5, 8, 11], "texture": "#1"}
      }
    },
    { "from": [0, 3, -1],
      "to": [16, 3, 10],
      "shade": false,
      "rotation": {"angle": -22.5, "axis": "x", "origin": [8, 3, 4.5]},
      "faces": {
        "up": {"uv": [0, 5.5, 8, 11], "texture": "#1"},
        "down": {"uv": [8, 5.5, 0, 11], "rotation": 180, "texture": "#1"}
      }
    },
    { "from": [-0.65746, 4.72208, 0],
      "to": [10.34254, 4.72208, 16],
      "shade": false,
      "rotation": {"angle": 22.5, "axis": "z", "origin": [9, 3, 8]},
      "faces": {
        "up": {"uv": [0, 5.5, 8, 11], "rotation": 270, "texture": "#1"},
        "down": {"uv": [8, 5.5, 0, 11], "rotation": 270, "texture": "#1"}
      }
    },
    { "from": [5.65746, 4.72208, 0],
      "to": [16.65746, 4.72208, 16],
      "shade": false,
      "rotation": {"angle": -22.5, "axis": "z", "origin": [7, 3, 8]},
      "faces": {
        "up": {"uv": [0, 5.5, 8, 11], "rotation": 90, "texture": "#1"},
        "down": {"uv": [8, 5.5, 0, 11], "rotation": 90, "texture": "#1"}
      }
    },
    { "from": [0, 3, 6],
      "to": [16, 3, 17],
      "shade": false,
      "rotation": {"angle": 22.5, "axis": "x", "origin": [8, 3, 11.5]},
      "faces": {
        "up": {"uv": [0, 5.5, 8, 11], "rotation": 180, "texture": "#1"},
        "down": {"uv": [8, 5.5, 0, 11], "texture": "#1"}
      }
    }
  ]
}