{ "ambientocclusion": false,
  "textures": {
    "1": "block/sweet_berry_bush",
    "2": "block/sweet_berry_bush_cross",
    "particle": "block/sweet_berry_bush_cross"
  },
  "elements": [
    { "from": [0, 3, -2],
      "to": [16, 3, 9],
      "shade": false,
      "rotation": {"angle": -22.5, "axis": "x", "origin": [8, 3, 3.5]},
      "faces": {
        "up": {"uv": [0, 5.5, 8, 11], "texture": "#1"},
        "down": {"uv": [8, 5.5, 0, 11], "rotation": 180, "texture": "#1"}
      }
    },
    { "from": [-1.65746, 4.72208, 0],
      "to": [9.34254, 4.72208, 16],
      "shade": false,
      "rotation": {"angle": 22.5, "axis": "z", "origin": [8, 3, 8]},
      "faces": {
        "up": {"uv": [0, 5.5, 8, 11], "rotation": 270, "texture": "#1"},
        "down": {"uv": [8, 5.5, 0, 11], "rotation": 270, "texture": "#1"}
      }
    },
    { "from": [6.65746, 4.72208, 0],
      "to": [17.65746, 4.72208, 16],
      "shade": false,
      "rotation": {"angle": -22.5, "axis": "z", "origin": [8, 3, 8]},
      "faces": {
        "up": {"uv": [0, 5.5, 8, 11], "rotation": 90, "texture": "#1"},
        "down": {"uv": [8, 5.5, 0, 11], "rotation": 90, "texture": "#1"}
      }
    },
    { "from": [0, 3, 7],
      "to": [16, 3, 18],
      "shade": false,
      "rotation": {"angle": 22.5, "axis": "x", "origin": [8, 3, 12.5]},
      "faces": {
        "up": {"uv": [0, 5.5, 8, 11], "rotation": 180, "texture": "#1"},
        "down": {"uv": [8, 5.5, 0, 11], "texture": "#1"}
      }
    },
    { "from": [-3, 6, -3],
      "to": [19, 6, 9],
      "shade": false,
      "rotation": {"angle": -22.5, "axis": "x", "origin": [8, 6, 1.5]},
      "faces": {
        "up": {"uv": [0, 0, 11, 5.5], "texture": "#1"},
        "down": {"uv": [11, 0, 0, 5.5], "rotation": 180, "texture": "#1"}
      }
    },
    { "from": [-2.65746, 7.72208, -3],
      "to": [9.34254, 7.72208, 19],
      "shade": false,
      "rotation": {"angle": 22.5, "axis": "z", "origin": [6, 6, 8]},
      "faces": {
        "up": {"uv": [0, 0, 11, 5.5], "rotation": 270, "texture": "#1"},
        "down": {"uv": [11, 0, 0, 5.5], "rotation": 270, "texture": "#1"}
      }
    },
    { "from": [6.65746, 7.72208, -3],
      "to": [18.65746, 7.72208, 19],
      "shade": false,
      "rotation": {"angle": -22.5, "axis": "z", "origin": [10, 6, 8]},
      "faces": {
        "up": {"uv": [0, 0, 11, 5.5], "rotation": 90, "texture": "#1"},
        "down": {"uv": [11, 0, 0, 5.5], "rotation": 90, "texture": "#1"}
      }
    },
    { "from": [-3, 6, 7],
      "to": [19, 6, 19],
      "shade": false,
      "rotation": {"angle": 22.5, "axis": "x", "origin": [8, 6, 14.5]},
      "faces": {
        "up": {"uv": [0, 0, 11, 5.5], "rotation": 180, "texture": "#1"},
        "down": {"uv": [11, 0, 0, 5.5], "texture": "#1"}
      }
    },
    { "from": [-3, 8.76537, 8.15224],
      "to": [19, 8.76537, 18.15224],
      "shade": false,
      "rotation": {"angle": 22.5, "axis": "x", "origin": [8, 8.76537, 13.65224]},
      "faces": {
        "up": {"uv": [0, 16, 11, 11], "texture": "#1"},
        "down": {"uv": [11, 16, 0, 11], "rotation": 180, "texture": "#1"}
      }
    },
    { "from": [8.11418, 8.57403, -3],
      "to": [18.11418, 8.57403, 19],
      "shade": false,
      "rotation": {"angle": -22.5, "axis": "z", "origin": [14.11418, 8.57403, 8]},
      "faces": {
        "up": {"uv": [0, 16, 11, 11], "rotation": 270, "texture": "#1"},
        "down": {"uv": [11, 16, 0, 11], "rotation": 270, "texture": "#1"}
      }
    },
    { "from": [-2.11418, 8.57403, -3],
      "to": [7.88582, 8.57403, 19],
      "shade": false,
      "rotation": {"angle": 22.5, "axis": "z", "origin": [1.88582, 8.57403, 8]},
      "faces": {
        "up": {"uv": [0, 16, 11, 11], "rotation": 90, "texture": "#1"},
        "down": {"uv": [11, 16, 0, 11], "rotation": 90, "texture": "#1"}
      }
    },
    { "from": [-3, 8.57403, -2.11418],
      "to": [19, 8.57403, 7.88582],
      "shade": false,
      "rotation": {"angle": -22.5, "axis": "x", "origin": [8, 8.57403, 1.88582]},
      "faces": {
        "up": {"uv": [0, 16, 11, 11], "rotation": 180, "texture": "#1"},
        "down": {"uv": [11, 16, 0, 11], "texture": "#1"}
      }
    },
    { "from": [0, 11, -2],
      "to": [16, 11, 9],
      "shade": false,
      "rotation": {"angle": -22.5, "axis": "x", "origin": [8, 11, 3.5]},
      "faces": {
        "up": {"uv": [8, 5.5, 16, 11], "texture": "#1"},
        "down": {"uv": [16, 5.5, 8, 11], "rotation": 180, "texture": "#1"}
      }
    },
    { "from": [-1.65746, 12.72208, 0],
      "to": [9.34254, 12.72208, 16],
      "shade": false,
      "rotation": {"angle": 22.5, "axis": "z", "origin": [8, 11, 8]},
      "faces": {
        "up": {"uv": [8, 5.5, 16, 11], "rotation": 270, "texture": "#1"},
        "down": {"uv": [16, 5.5, 8, 11], "rotation": 270, "texture": "#1"}
      }
    },
    { "from": [6.65746, 12.72208, 0],
      "to": [17.65746, 12.72208, 16],
      "shade": false,
      "rotation": {"angle": -22.5, "axis": "z", "origin": [8, 11, 8]},
      "faces": {
        "up": {"uv": [8, 5.5, 16, 11], "rotation": 90, "texture": "#1"},
        "down": {"uv": [16, 5.5, 8, 11], "rotation": 90, "texture": "#1"}
      }
    },
    { "from": [0, 11, 7],
      "to": [16, 11, 18],
      "shade": false,
      "rotation": {"angle": 22.5, "axis": "x", "origin": [8, 11, 12.5]},
      "faces": {
        "up": {"uv": [8, 5.5, 16, 11], "rotation": 180, "texture": "#1"},
        "down": {"uv": [16, 5.5, 8, 11], "texture": "#1"}
      }
    },
    { "from": [0, 0, 8],
      "to": [16, 16, 8],
      "shade": false,
      "rotation": {"angle": -45, "axis": "y", "origin": [8, 5.5, 8]},
      "faces": {
        "north": {"uv": [0, 0, 16, 16], "texture": "#2"},
        "south": {"uv": [0, 0, 16, 16], "texture": "#2"}
      }
    },
    { "from": [8, 0, 0],
      "to": [8, 16, 16],
      "shade": false,
      "rotation": {"angle": -45, "axis": "y", "origin": [8, 5.5, 8]},
      "faces": {
        "east": {"uv": [0, 0, 16, 16], "texture": "#2"},
        "west": {"uv": [0, 0, 16, 16], "texture": "#2"}
      }
    }
  ]
}