{
	"credit": "Made By WantedRobot",
	"ambientocclusion": false,
	"textures": {
		"2": "block/seagrass_stone",
		"particle": "block/seagrass_stone"
	},
	"elements": [
		{
			"from": [10, 0, 9],
			"to": [14, 2, 13],
			"faces": {
				"north": {"uv": [2, 14, 6, 16], "texture": "#2"},
				"east": {"uv": [3, 14, 7, 16], "texture": "#2"},
				"south": {"uv": [10, 14, 14, 16], "texture": "#2"},
				"west": {"uv": [9, 14, 13, 16], "texture": "#2"},
				"up": {"uv": [10, 9, 14, 13], "texture": "#2"},
				"down": {"uv": [10, 3, 14, 7], "texture": "#2"}
			}
		},
		{
			"from": [11, 0, 2],
			"to": [14, 1, 4],
			"faces": {
				"north": {"uv": [2, 15, 5, 16], "texture": "#2"},
				"east": {"uv": [12, 15, 14, 16], "texture": "#2"},
				"south": {"uv": [11, 15, 14, 16], "texture": "#2"},
				"west": {"uv": [2, 15, 4, 16], "texture": "#2"},
				"up": {"uv": [11, 2, 14, 4], "texture": "#2"},
				"down": {"uv": [11, 12, 14, 14], "texture": "#2"}
			}
		},
		{
			"from": [2, 0, 6],
			"to": [8, 2, 11],
			"faces": {
				"north": {"uv": [8, 14, 14, 16], "texture": "#2"},
				"east": {"uv": [5, 14, 10, 16], "texture": "#2"},
				"south": {"uv": [2, 14, 8, 16], "texture": "#2"},
				"west": {"uv": [6, 14, 11, 16], "texture": "#2"},
				"up": {"uv": [2, 6, 8, 11], "texture": "#2"},
				"down": {"uv": [2, 5, 8, 10], "texture": "#2"}
			}
		},
		{
			"from": [2, 0, 1],
			"to": [5, 1, 3],
			"faces": {
				"north": {"uv": [11, 15, 14, 16], "texture": "#2"},
				"east": {"uv": [13, 15, 15, 16], "texture": "#2"},
				"south": {"uv": [2, 15, 5, 16], "texture": "#2"},
				"west": {"uv": [1, 15, 3, 16], "texture": "#2"},
				"up": {"uv": [2, 1, 5, 3], "texture": "#2"},
				"down": {"uv": [2, 13, 5, 15], "texture": "#2"}
			}
		},
		{
			"from": [6, 0, 4],
			"to": [10, 1, 7],
			"faces": {
				"north": {"uv": [6, 15, 10, 16], "texture": "#2"},
				"east": {"uv": [9, 15, 12, 16], "texture": "#2"},
				"south": {"uv": [6, 15, 10, 16], "texture": "#2"},
				"west": {"uv": [4, 15, 7, 16], "texture": "#2"},
				"up": {"uv": [6, 4, 10, 7], "texture": "#2"},
				"down": {"uv": [6, 9, 10, 12], "texture": "#2"}
			}
		},
		{
			"from": [4, 0, 11],
			"to": [6, 1, 13],
			"faces": {
				"east": {"uv": [3, 15, 5, 16], "texture": "#2"},
				"south": {"uv": [4, 15, 6, 16], "texture": "#2"},
				"west": {"uv": [11, 15, 13, 16], "texture": "#2"},
				"up": {"uv": [4, 11, 6, 13], "texture": "#2"},
				"down": {"uv": [4, 3, 6, 5], "texture": "#2"}
			}
		},
		{
			"from": [8, 0, 14],
			"to": [9, 1, 15],
			"faces": {
				"north": {"uv": [7, 15, 8, 16], "texture": "#2"},
				"east": {"uv": [1, 15, 2, 16], "texture": "#2"},
				"south": {"uv": [8, 15, 9, 16], "texture": "#2"},
				"west": {"uv": [14, 15, 15, 16], "texture": "#2"},
				"up": {"uv": [8, 14, 9, 15], "texture": "#2"},
				"down": {"uv": [8, 1, 9, 2], "texture": "#2"}
			}
		}
	]
}