{
	"credit": "Made By WantedRobot",
	"ambientocclusion": false,
	"textures": {
		"2": "block/seagrass_stone",
		"particle": "block/seagrass_stone"
	},
	"elements": [
		{
			"from": [10, 0, 2],
			"to": [15, 2, 7],
			"faces": {
				"north": {"uv": [1, 14, 6, 16], "texture": "#2"},
				"east": {"uv": [9, 14, 14, 16], "texture": "#2"},
				"south": {"uv": [10, 14, 15, 16], "texture": "#2"},
				"west": {"uv": [2, 14, 7, 16], "texture": "#2"},
				"up": {"uv": [10, 2, 15, 7], "texture": "#2"},
				"down": {"uv": [10, 9, 15, 14], "texture": "#2"}
			}
		},
		{
			"from": [1, 0, 11],
			"to": [3, 1, 13],
			"faces": {
				"north": {"uv": [13, 15, 15, 16], "texture": "#2"},
				"east": {"uv": [3, 15, 5, 16], "texture": "#2"},
				"south": {"uv": [1, 15, 3, 16], "texture": "#2"},
				"west": {"uv": [11, 15, 13, 16], "texture": "#2"},
				"up": {"uv": [1, 11, 3, 13], "texture": "#2"},
				"down": {"uv": [1, 3, 3, 5], "texture": "#2"}
			}
		},
		{
			"from": [1, 0, 1],
			"to": [5, 1, 3],
			"faces": {
				"north": {"uv": [11, 15, 15, 16], "texture": "#2"},
				"east": {"uv": [13, 15, 15, 16], "texture": "#2"},
				"south": {"uv": [1, 15, 5, 16], "texture": "#2"},
				"west": {"uv": [1, 15, 3, 16], "texture": "#2"},
				"up": {"uv": [1, 1, 5, 3], "texture": "#2"},
				"down": {"uv": [1, 13, 5, 15], "texture": "#2"}
			}
		},
		{
			"from": [7, 0, 1],
			"to": [11, 3, 4],
			"faces": {
				"north": {"uv": [5, 13, 9, 16], "texture": "#2"},
				"east": {"uv": [12, 13, 15, 16], "texture": "#2"},
				"south": {"uv": [7, 13, 11, 16], "texture": "#2"},
				"west": {"uv": [1, 13, 4, 16], "texture": "#2"},
				"up": {"uv": [7, 1, 11, 4], "texture": "#2"},
				"down": {"uv": [7, 12, 11, 15], "texture": "#2"}
			}
		},
		{
			"from": [3, 0, 5],
			"to": [8, 4, 10],
			"faces": {
				"north": {"uv": [8, 12, 13, 16], "texture": "#2"},
				"east": {"uv": [6, 12, 11, 16], "texture": "#2"},
				"south": {"uv": [3, 12, 8, 16], "texture": "#2"},
				"west": {"uv": [5, 12, 10, 16], "texture": "#2"},
				"up": {"uv": [3, 5, 8, 10], "texture": "#2"},
				"down": {"uv": [3, 6, 8, 11], "texture": "#2"}
			}
		},
		{
			"from": [4, 0, 12],
			"to": [9, 2.25, 15],
			"faces": {
				"north": {"uv": [7, 13.75, 12, 16], "texture": "#2"},
				"east": {"uv": [1, 13.75, 4, 16], "texture": "#2"},
				"south": {"uv": [4, 13.75, 9, 16], "texture": "#2"},
				"west": {"uv": [12, 13.75, 15, 16], "texture": "#2"},
				"up": {"uv": [4, 12, 9, 15], "texture": "#2"},
				"down": {"uv": [4, 1, 9, 4], "texture": "#2"}
			}
		},
		{
			"from": [7, 0, 8],
			"to": [13, 3, 13],
			"faces": {
				"north": {"uv": [3, 13, 9, 16], "texture": "#2"},
				"east": {"uv": [3, 13, 8, 16], "texture": "#2"},
				"south": {"uv": [7, 13, 13, 16], "texture": "#2"},
				"west": {"uv": [8, 13, 13, 16], "texture": "#2"},
				"up": {"uv": [7, 8, 13, 13], "texture": "#2"},
				"down": {"uv": [7, 3, 13, 8], "texture": "#2"}
			}
		}
	]
}