{
	"credit": "Made By WantedRobot",
	"ambientocclusion": false,
	"textures": {
		"2": "block/seagrass_stone",
		"particle": "block/seagrass_stone"
	},
	"elements": [
		{
			"from": [6, 0, 2],
			"to": [10, 1, 6],
			"rotation": {"angle": 0, "axis": "y", "origin": [12, 8, 5]},
			"faces": {
				"north": {"uv": [6, 15, 10, 16], "texture": "#2"},
				"east": {"uv": [10, 15, 14, 16], "texture": "#2"},
				"south": {"uv": [6, 15, 10, 16], "texture": "#2"},
				"west": {"uv": [2, 15, 6, 16], "texture": "#2"},
				"up": {"uv": [6, 2, 10, 6], "texture": "#2"},
				"down": {"uv": [6, 10, 10, 14], "texture": "#2"}
			}
		},
		{
			"from": [9, 0, 6],
			"to": [13, 2, 10],
			"rotation": {"angle": 0, "axis": "y", "origin": [12, 8, 5]},
			"faces": {
				"north": {"uv": [3, 14, 7, 16], "texture": "#2"},
				"east": {"uv": [6, 14, 10, 16], "texture": "#2"},
				"south": {"uv": [9, 14, 13, 16], "texture": "#2"},
				"west": {"uv": [6, 14, 10, 16], "texture": "#2"},
				"up": {"uv": [9, 6, 13, 10], "texture": "#2"},
				"down": {"uv": [9, 6, 13, 10], "texture": "#2"}
			}
		},
		{
			"from": [1, 0, 7],
			"to": [7, 4, 13],
			"rotation": {"angle": 0, "axis": "y", "origin": [12, 8, 5]},
			"faces": {
				"north": {"uv": [9, 12, 15, 16], "texture": "#2"},
				"east": {"uv": [3, 12, 9, 16], "texture": "#2"},
				"south": {"uv": [1, 12, 7, 16], "texture": "#2"},
				"west": {"uv": [7, 12, 13, 16], "texture": "#2"},
				"up": {"uv": [1, 7, 7, 13], "texture": "#2"},
				"down": {"uv": [1, 3, 7, 9], "texture": "#2"}
			}
		},
		{
			"from": [2, 0, 6],
			"to": [8, 3, 14],
			"rotation": {"angle": 0, "axis": "y", "origin": [12, 8, 5]},
			"faces": {
				"north": {"uv": [8, 13, 14, 16], "texture": "#2"},
				"east": {"uv": [2, 13, 10, 16], "texture": "#2"},
				"south": {"uv": [2, 13, 8, 16], "texture": "#2"},
				"west": {"uv": [6, 13, 14, 16], "texture": "#2"},
				"up": {"uv": [2, 6, 8, 14], "texture": "#2"},
				"down": {"uv": [2, 2, 8, 10], "texture": "#2"}
			}
		},
		{
			"from": [13, 0, 5],
			"to": [16, 1, 8],
			"rotation": {"angle": 0, "axis": "y", "origin": [12, 8, 5]},
			"faces": {
				"north": {"uv": [0, 15, 3, 16], "texture": "#2"},
				"east": {"uv": [8, 15, 11, 16], "texture": "#2", "cullface": "east"},
				"south": {"uv": [13, 15, 16, 16], "texture": "#2"},
				"west": {"uv": [5, 15, 8, 16], "texture": "#2"},
				"up": {"uv": [13, 5, 16, 8], "texture": "#2"},
				"down": {"uv": [13, 8, 16, 11], "texture": "#2"}
			}
		},
		{
			"from": [7, 0, 12],
			"to": [13, 1, 15],
			"rotation": {"angle": 0, "axis": "y", "origin": [12, 8, 5]},
			"faces": {
				"north": {"uv": [3, 15, 9, 16], "texture": "#2"},
				"east": {"uv": [1, 15, 4, 16], "texture": "#2"},
				"south": {"uv": [7, 15, 13, 16], "texture": "#2"},
				"west": {"uv": [12, 15, 15, 16], "texture": "#2"},
				"up": {"uv": [7, 12, 13, 15], "texture": "#2"},
				"down": {"uv": [7, 1, 13, 4], "texture": "#2"}
			}
		},
		{
			"from": [9, 0, 11],
			"to": [12, 2, 14],
			"rotation": {"angle": 0, "axis": "y", "origin": [12, 8, 5]},
			"faces": {
				"north": {"uv": [4, 14, 7, 16], "texture": "#2"},
				"east": {"uv": [2, 14, 5, 16], "texture": "#2"},
				"south": {"uv": [9, 14, 12, 16], "texture": "#2"},
				"west": {"uv": [11, 14, 14, 16], "texture": "#2"},
				"up": {"uv": [9, 11, 12, 14], "texture": "#2"},
				"down": {"uv": [9, 2, 12, 5], "texture": "#2"}
			}
		},
		{
			"from": [1, 0, 2],
			"to": [3, 2, 4],
			"rotation": {"angle": 0, "axis": "y", "origin": [12, 8, 5]},
			"faces": {
				"north": {"uv": [13, 14, 15, 16], "texture": "#2"},
				"east": {"uv": [12, 14, 14, 16], "texture": "#2"},
				"south": {"uv": [1, 14, 3, 16], "texture": "#2"},
				"west": {"uv": [2, 14, 4, 16], "texture": "#2"},
				"up": {"uv": [1, 2, 3, 4], "texture": "#2"},
				"down": {"uv": [1, 12, 3, 14], "texture": "#2"}
			}
		},
		{
			"from": [2, 0, 1],
			"to": [5, 1, 3],
			"rotation": {"angle": 0, "axis": "y", "origin": [12, 8, 5]},
			"faces": {
				"north": {"uv": [11, 15, 14, 16], "texture": "#2"},
				"east": {"uv": [13, 15, 15, 16], "texture": "#2"},
				"south": {"uv": [2, 15, 5, 16], "texture": "#2"},
				"west": {"uv": [1, 15, 3, 16], "texture": "#2"},
				"up": {"uv": [2, 1, 5, 3], "texture": "#2"},
				"down": {"uv": [2, 13, 5, 15], "texture": "#2"}
			}
		},
		{
			"from": [8, 0, 0],
			"to": [11, 1, 2],
			"rotation": {"angle": 0, "axis": "y", "origin": [12, 8, 5]},
			"faces": {
				"north": {"uv": [5, 15, 8, 16], "texture": "#2", "cullface": "north"},
				"east": {"uv": [14, 15, 16, 16], "texture": "#2"},
				"south": {"uv": [8, 15, 11, 16], "texture": "#2"},
				"west": {"uv": [0, 15, 2, 16], "texture": "#2"},
				"up": {"uv": [8, 0, 11, 2], "texture": "#2"},
				"down": {"uv": [8, 14, 11, 16], "texture": "#2"}
			}
		},
		{
			"from": [12, 0, 3],
			"to": [14, 1, 5],
			"rotation": {"angle": 0, "axis": "y", "origin": [12, 8, 5]},
			"faces": {
				"north": {"uv": [2, 15, 4, 16], "texture": "#2"},
				"east": {"uv": [11, 15, 13, 16], "texture": "#2"},
				"south": {"uv": [12, 15, 14, 16], "texture": "#2"},
				"west": {"uv": [3, 15, 5, 16], "texture": "#2"},
				"up": {"uv": [12, 3, 14, 5], "texture": "#2"},
				"down": {"uv": [12, 11, 14, 13], "texture": "#2"}
			}
		},
		{
			"from": [14, 0, 11],
			"to": [15, 1, 13],
			"rotation": {"angle": 0, "axis": "y", "origin": [12, 8, 5]},
			"faces": {
				"north": {"uv": [1, 15, 2, 16], "texture": "#2"},
				"east": {"uv": [3, 15, 5, 16], "texture": "#2"},
				"south": {"uv": [14, 15, 15, 16], "texture": "#2"},
				"west": {"uv": [11, 15, 13, 16], "texture": "#2"},
				"up": {"uv": [14, 11, 15, 13], "texture": "#2"},
				"down": {"uv": [14, 3, 15, 5], "texture": "#2"}
			}
		}
	]
}