{
	"credit": "Made By WantedRobot",
	"ambientocclusion": false,
	"textures": {
		"2": "block/seagrass_stone",
		"particle": "block/seagrass_stone"
	},
	"elements": [
		{
			"from": [8, 0, 7],
			"to": [13, 3, 12],
			"faces": {
				"north": {"uv": [3, 13, 8, 16], "texture": "#2"},
				"east": {"uv": [4, 13, 9, 16], "texture": "#2"},
				"south": {"uv": [8, 13, 13, 16], "texture": "#2"},
				"west": {"uv": [7, 13, 12, 16], "texture": "#2"},
				"up": {"uv": [8, 7, 13, 12], "texture": "#2"},
				"down": {"uv": [8, 4, 13, 9], "texture": "#2"}
			}
		},
		{
			"from": [2, 0, 2],
			"to": [6, 1, 6],
			"faces": {
				"north": {"uv": [10, 15, 14, 16], "texture": "#2"},
				"east": {"uv": [10, 15, 14, 16], "texture": "#2"},
				"south": {"uv": [2, 15, 6, 16], "texture": "#2"},
				"west": {"uv": [2, 15, 6, 16], "texture": "#2"},
				"up": {"uv": [2, 2, 6, 6], "texture": "#2"},
				"down": {"uv": [2, 10, 6, 14], "texture": "#2"}
			}
		},
		{
			"from": [1, 0, 5],
			"to": [5, 2, 9],
			"faces": {
				"north": {"uv": [11, 14, 15, 16], "texture": "#2"},
				"east": {"uv": [7, 14, 11, 16], "texture": "#2"},
				"south": {"uv": [1, 14, 5, 16], "texture": "#2"},
				"west": {"uv": [5, 14, 9, 16], "texture": "#2"},
				"up": {"uv": [1, 5, 5, 9], "texture": "#2"},
				"down": {"uv": [1, 7, 5, 11], "texture": "#2"}
			}
		},
		{
			"from": [12, 0, 12],
			"to": [15, 1, 15],
			"faces": {
				"north": {"uv": [1, 15, 4, 16], "texture": "#2"},
				"east": {"uv": [1, 15, 4, 16], "texture": "#2"},
				"south": {"uv": [12, 15, 15, 16], "texture": "#2"},
				"west": {"uv": [12, 15, 15, 16], "texture": "#2"},
				"up": {"uv": [12, 12, 15, 15], "texture": "#2"},
				"down": {"uv": [12, 1, 15, 4], "texture": "#2"}
			}
		},
		{
			"from": [11, 0, 3],
			"to": [14, 1, 5],
			"faces": {
				"north": {"uv": [2, 15, 5, 16], "texture": "#2"},
				"east": {"uv": [11, 15, 13, 16], "texture": "#2"},
				"south": {"uv": [11, 15, 14, 16], "texture": "#2"},
				"west": {"uv": [3, 15, 5, 16], "texture": "#2"},
				"up": {"uv": [11, 3, 14, 5], "texture": "#2"},
				"down": {"uv": [11, 11, 14, 13], "texture": "#2"}
			}
		},
		{
			"from": [8, 0, 1],
			"to": [10, 1, 3],
			"faces": {
				"north": {"uv": [6, 15, 8, 16], "texture": "#2"},
				"east": {"uv": [13, 15, 15, 16], "texture": "#2"},
				"south": {"uv": [8, 15, 10, 16], "texture": "#2"},
				"west": {"uv": [1, 15, 3, 16], "texture": "#2"},
				"up": {"uv": [8, 1, 10, 3], "texture": "#2"},
				"down": {"uv": [8, 13, 10, 15], "texture": "#2"}
			}
		},
		{
			"from": [5, 0, 10],
			"to": [10, 2, 15],
			"faces": {
				"north": {"uv": [6, 14, 11, 16], "texture": "#2"},
				"east": {"uv": [1, 14, 6, 16], "texture": "#2"},
				"south": {"uv": [5, 14, 10, 16], "texture": "#2"},
				"west": {"uv": [10, 14, 15, 16], "texture": "#2"},
				"up": {"uv": [5, 10, 10, 15], "texture": "#2"},
				"down": {"uv": [5, 1, 10, 6], "texture": "#2"}
			}
		}
	]
}