{
	"credit": "Made By WantedRobot",
	"ambientocclusion": false,
	"textures": {
		"2": "block/seagrass_stone",
		"particle": "block/seagrass_stone"
	},
	"elements": [
		{
			"from": [9, 0, 2],
			"to": [14, 2, 7],
			"faces": {
				"north": {"uv": [2, 14, 7, 16], "texture": "#2"},
				"east": {"uv": [9, 14, 14, 16], "texture": "#2"},
				"south": {"uv": [9, 14, 14, 16], "texture": "#2"},
				"west": {"uv": [2, 14, 7, 16], "texture": "#2"},
				"up": {"uv": [9, 2, 14, 7], "texture": "#2"},
				"down": {"uv": [9, 9, 14, 14], "texture": "#2"}
			}
		},
		{
			"from": [2, 0, 10],
			"to": [5, 1, 13],
			"faces": {
				"north": {"uv": [11, 15, 14, 16], "texture": "#2"},
				"east": {"uv": [3, 15, 6, 16], "texture": "#2"},
				"south": {"uv": [2, 15, 5, 16], "texture": "#2"},
				"west": {"uv": [10, 15, 13, 16], "texture": "#2"},
				"up": {"uv": [2, 10, 5, 13], "texture": "#2"},
				"down": {"uv": [2, 3, 5, 6], "texture": "#2"}
			}
		},
		{
			"from": [1, 0, 1],
			"to": [5, 1, 3],
			"faces": {
				"north": {"uv": [11, 15, 15, 16], "texture": "#2"},
				"east": {"uv": [13, 15, 15, 16], "texture": "#2"},
				"south": {"uv": [1, 15, 5, 16], "texture": "#2"},
				"west": {"uv": [1, 15, 3, 16], "texture": "#2"},
				"up": {"uv": [1, 1, 5, 3], "texture": "#2"},
				"down": {"uv": [1, 13, 5, 15], "texture": "#2"}
			}
		},
		{
			"from": [3, 0, 5],
			"to": [11, 4, 10],
			"faces": {
				"north": {"uv": [5, 12, 13, 16], "texture": "#2"},
				"east": {"uv": [6, 12, 11, 16], "texture": "#2"},
				"south": {"uv": [3, 12, 11, 16], "texture": "#2"},
				"west": {"uv": [5, 12, 10, 16], "texture": "#2"},
				"up": {"uv": [3, 5, 11, 10], "texture": "#2"},
				"down": {"uv": [3, 6, 11, 11], "texture": "#2"}
			}
		},
		{
			"from": [7, 0, 8],
			"to": [13, 3, 13],
			"faces": {
				"north": {"uv": [3, 13, 9, 16], "texture": "#2"},
				"east": {"uv": [3, 13, 8, 16], "texture": "#2"},
				"south": {"uv": [7, 13, 13, 16], "texture": "#2"},
				"west": {"uv": [8, 13, 13, 16], "texture": "#2"},
				"up": {"uv": [7, 8, 13, 13], "texture": "#2"},
				"down": {"uv": [7, 3, 13, 8], "texture": "#2"}
			}
		}
	]
}