{
	"credit": "Made with Blockbench",
	"textures": {
		"0": "block/iron_trapdoor_rim",
		"1": "block/iron_trapdoor",
		"particle": "block/iron_trapdoor"
	},
	"elements": [
		{
			"from": [0, 0, 13.5],
			"to": [16, 16, 15.5],
			"rotation": {"angle": 0, "axis": "x", "origin": [8, 8, 21]},
			"faces": {
				"north": {"uv": [0, 0, 16, 16], "rotation": 180, "texture": "#1"},
				"east": {"uv": [0.5, 0, 2.5, 16], "texture": "#0"},
				"south": {"uv": [0, 0, 16, 16], "rotation": 180, "texture": "#1"},
				"west": {"uv": [0.5, 0, 2.5, 16], "rotation": 180, "texture": "#0"},
				"up": {"uv": [0.5, 0, 2.5, 16], "rotation": 270, "texture": "#0"},
				"down": {"uv": [0.5, 0, 2.5, 16], "rotation": 90, "texture": "#0"}
			}
		},
		{
			"from": [0, 14, 15.5],
			"to": [16, 16, 16],
			"rotation": {"angle": 0, "axis": "x", "origin": [8, 8, 21]},
			"faces": {
				"east": {"uv": [0, 0, 0.5, 2], "texture": "#0"},
				"south": {"uv": [0, 14, 16, 16], "rotation": 180, "texture": "#1"},
				"west": {"uv": [0, 14, 0.5, 16], "rotation": 90, "texture": "#0"},
				"up": {"uv": [0, 0, 0.5, 16], "rotation": 270, "texture": "#0"},
				"down": {"uv": [0, 13.5, 16, 14], "rotation": 180, "texture": "#1"}
			}
		},
		{
			"from": [0, 14, 13],
			"to": [16, 16, 13.5],
			"rotation": {"angle": 0, "axis": "x", "origin": [8, 8, 21]},
			"faces": {
				"north": {"uv": [0, 14, 16, 16], "rotation": 180, "texture": "#1"},
				"east": {"uv": [0, 14, 0.5, 16], "rotation": 90, "texture": "#0"},
				"west": {"uv": [0, 0, 0.5, 2], "texture": "#0"},
				"up": {"uv": [0, 0, 0.5, 16], "rotation": 90, "texture": "#0"},
				"down": {"uv": [0, 13.5, 16, 14], "texture": "#1"}
			}
		},
		{
			"from": [0, 0, 15.5],
			"to": [16, 2, 16],
			"rotation": {"angle": 0, "axis": "x", "origin": [8, 8, 21]},
			"faces": {
				"east": {"uv": [0, 14, 0.5, 16], "texture": "#0"},
				"south": {"uv": [0, 0, 16, 2], "rotation": 180, "texture": "#1"},
				"west": {"uv": [0, 0, 0.5, 2], "rotation": 90, "texture": "#0"},
				"up": {"uv": [0, 2, 16, 2.5], "rotation": 180, "texture": "#1"},
				"down": {"uv": [0, 0, 0.5, 16], "rotation": 90, "texture": "#0"}
			}
		},
		{
			"from": [0, 0, 13],
			"to": [16, 2, 13.5],
			"rotation": {"angle": 0, "axis": "x", "origin": [8, 8, 21]},
			"faces": {
				"north": {"uv": [0, 0, 16, 2], "rotation": 180, "texture": "#1"},
				"east": {"uv": [0, 0, 0.5, 2], "rotation": 90, "texture": "#0"},
				"west": {"uv": [0, 14, 0.5, 16], "texture": "#0"},
				"up": {"uv": [0, 2, 16, 2.5], "texture": "#1"},
				"down": {"uv": [0, 0, 0.5, 16], "rotation": 270, "texture": "#0"}
			}
		},
		{
			"from": [0, 2, 15.5],
			"to": [2, 14, 16],
			"rotation": {"angle": 0, "axis": "x", "origin": [8, 8, 21]},
			"faces": {
				"east": {"uv": [13.5, 2, 14, 14], "rotation": 180, "texture": "#1"},
				"south": {"uv": [14, 2, 16, 14], "rotation": 180, "texture": "#1"},
				"west": {"uv": [0, 2, 0.5, 14], "rotation": 90, "texture": "#0"}
			}
		},
		{
			"from": [14, 2, 13],
			"to": [16, 14, 13.5],
			"rotation": {"angle": 0, "axis": "x", "origin": [8, 8, 21]},
			"faces": {
				"north": {"uv": [14, 2, 16, 14], "rotation": 180, "texture": "#1"},
				"east": {"uv": [0, 2, 0.5, 14], "rotation": 90, "texture": "#0"},
				"west": {"uv": [13.5, 2, 14, 14], "rotation": 180, "texture": "#1"}
			}
		},
		{
			"from": [14, 2, 15.5],
			"to": [16, 14, 16],
			"rotation": {"angle": 0, "axis": "x", "origin": [8, 8, 21]},
			"faces": {
				"east": {"uv": [0, 2, 0.5, 14], "rotation": 180, "texture": "#0"},
				"south": {"uv": [0, 2, 2, 14], "rotation": 180, "texture": "#1"},
				"west": {"uv": [2, 2, 2.5, 14], "rotation": 180, "texture": "#1"}
			}
		},
		{
			"from": [0, 2, 13],
			"to": [2, 14, 13.5],
			"rotation": {"angle": 0, "axis": "x", "origin": [8, 8, 21]},
			"faces": {
				"north": {"uv": [0, 2, 2, 14], "rotation": 180, "texture": "#1"},
				"east": {"uv": [2, 2, 2.5, 14], "rotation": 180, "texture": "#1"},
				"west": {"uv": [0, 2, 0.5, 14], "rotation": 180, "texture": "#0"}
			}
		},
		{
			"from": [2, 13.5, 15.5],
			"to": [3, 14, 16],
			"rotation": {"angle": 0, "axis": "x", "origin": [8, 8, 21]},
			"faces": {
				"east": {"uv": [13, 13.5, 13.5, 14], "rotation": 270, "texture": "#1"},
				"south": {"uv": [13, 13.5, 14, 14], "rotation": 180, "texture": "#1"},
				"west": {"uv": [13.5, 13.5, 14, 14], "rotation": 90, "texture": "#1"},
				"up": {"uv": [0, 0, 1, 0.5], "rotation": 180, "texture": "#missing"},
				"down": {"uv": [13, 13.5, 14, 14], "rotation": 180, "texture": "#1"}
			}
		},
		{
			"from": [13, 13.5, 13],
			"to": [14, 14, 13.5],
			"rotation": {"angle": 0, "axis": "x", "origin": [8, 8, 21]},
			"faces": {
				"north": {"uv": [13, 13.5, 14, 14], "rotation": 180, "texture": "#1"},
				"east": {"uv": [13.5, 13.5, 14, 14], "rotation": 90, "texture": "#1"},
				"west": {"uv": [13, 13.5, 13.5, 14], "rotation": 270, "texture": "#1"},
				"up": {"uv": [0, 0, 1, 0.5], "texture": "#missing"},
				"down": {"uv": [13, 13.5, 14, 14], "texture": "#1"}
			}
		},
		{
			"from": [13, 13.5, 15.5],
			"to": [14, 14, 16],
			"rotation": {"angle": 0, "axis": "x", "origin": [8, 8, 21]},
			"faces": {
				"east": {"uv": [2, 13.5, 2.5, 14], "rotation": 270, "texture": "#1"},
				"south": {"uv": [2, 13.5, 3, 14], "rotation": 180, "texture": "#1"},
				"west": {"uv": [2.5, 13.5, 3, 14], "rotation": 90, "texture": "#1"},
				"up": {"uv": [0, 0, 1, 0.5], "rotation": 180, "texture": "#missing"},
				"down": {"uv": [2, 13.5, 3, 14], "rotation": 180, "texture": "#1"}
			}
		},
		{
			"from": [2, 13.5, 13],
			"to": [3, 14, 13.5],
			"rotation": {"angle": 0, "axis": "x", "origin": [8, 8, 21]},
			"faces": {
				"north": {"uv": [2, 13.5, 3, 14], "rotation": 180, "texture": "#1"},
				"east": {"uv": [2.5, 13.5, 3, 14], "rotation": 90, "texture": "#1"},
				"west": {"uv": [2, 13.5, 2.5, 14], "rotation": 270, "texture": "#1"},
				"up": {"uv": [0, 0, 1, 0.5], "texture": "#missing"},
				"down": {"uv": [2, 13.5, 3, 14], "texture": "#1"}
			}
		},
		{
			"from": [13, 2, 15.5],
			"to": [14, 2.5, 16],
			"rotation": {"angle": 0, "axis": "x", "origin": [8, 8, 21]},
			"faces": {
				"east": {"uv": [2, 2, 2.5, 2.5], "rotation": 270, "texture": "#1"},
				"south": {"uv": [2, 2, 3, 2.5], "rotation": 180, "texture": "#1"},
				"west": {"uv": [2.5, 2, 3, 2.5], "rotation": 90, "texture": "#1"},
				"up": {"uv": [2, 2, 3, 2.5], "texture": "#1"},
				"down": {"uv": [2, 13.5, 3, 14], "rotation": 180, "texture": "#1"}
			}
		},
		{
			"from": [2, 2, 13],
			"to": [3, 2.5, 13.5],
			"rotation": {"angle": 0, "axis": "x", "origin": [8, 8, 21]},
			"faces": {
				"north": {"uv": [2, 2, 3, 2.5], "rotation": 180, "texture": "#1"},
				"east": {"uv": [2.5, 2, 3, 2.5], "rotation": 90, "texture": "#1"},
				"west": {"uv": [2, 2, 2.5, 2.5], "rotation": 270, "texture": "#1"},
				"up": {"uv": [2, 2, 3, 2.5], "rotation": 180, "texture": "#1"},
				"down": {"uv": [2, 13.5, 3, 14], "texture": "#1"}
			}
		},
		{
			"from": [2, 2, 15.5],
			"to": [3, 2.5, 16],
			"rotation": {"angle": 0, "axis": "x", "origin": [8, 8, 21]},
			"faces": {
				"east": {"uv": [13, 2, 13.5, 2.5], "rotation": 270, "texture": "#1"},
				"south": {"uv": [13, 2, 14, 2.5], "rotation": 180, "texture": "#1"},
				"west": {"uv": [2.5, 2, 3, 2.5], "rotation": 90, "texture": "#1"},
				"up": {"uv": [13, 2, 14, 2.5], "texture": "#1"},
				"down": {"uv": [2, 13.5, 3, 14], "rotation": 180, "texture": "#1"}
			}
		},
		{
			"from": [13, 2, 13],
			"to": [14, 2.5, 13.5],
			"rotation": {"angle": 0, "axis": "x", "origin": [8, 8, 21]},
			"faces": {
				"north": {"uv": [13, 2, 14, 2.5], "rotation": 180, "texture": "#1"},
				"east": {"uv": [2.5, 2, 3, 2.5], "rotation": 90, "texture": "#1"},
				"west": {"uv": [13, 2, 13.5, 2.5], "rotation": 270, "texture": "#1"},
				"up": {"uv": [13, 2, 14, 2.5], "rotation": 180, "texture": "#1"},
				"down": {"uv": [2, 13.5, 3, 14], "texture": "#1"}
			}
		},
		{
			"from": [2, 13, 15.5],
			"to": [2.5, 13.5, 16],
			"rotation": {"angle": 0, "axis": "x", "origin": [8, 8, 21]},
			"faces": {
				"north": {"uv": [13.5, 13, 14, 13.5], "rotation": 180, "texture": "#1"},
				"east": {"uv": [13.5, 13, 14, 13.5], "rotation": 270, "texture": "#1"},
				"south": {"uv": [13.5, 13, 14, 13.5], "texture": "#1"},
				"west": {"uv": [13.5, 13, 14, 13.5], "rotation": 90, "texture": "#1"},
				"up": {"uv": [13.5, 13, 14, 13.5], "rotation": 180, "texture": "#1"},
				"down": {"uv": [13.5, 13, 14, 13.5], "texture": "#1"}
			}
		},
		{
			"from": [13.5, 13, 13],
			"to": [14, 13.5, 13.5],
			"rotation": {"angle": 0, "axis": "x", "origin": [8, 8, 21]},
			"faces": {
				"north": {"uv": [13.5, 13, 14, 13.5], "texture": "#1"},
				"east": {"uv": [13.5, 13, 14, 13.5], "rotation": 90, "texture": "#1"},
				"west": {"uv": [13.5, 13, 14, 13.5], "rotation": 270, "texture": "#1"},
				"up": {"uv": [13.5, 13, 14, 13.5], "texture": "#1"},
				"down": {"uv": [13.5, 13, 14, 13.5], "rotation": 180, "texture": "#1"}
			}
		},
		{
			"from": [13.5, 13, 15.5],
			"to": [14, 13.5, 16],
			"rotation": {"angle": 0, "axis": "x", "origin": [8, 8, 21]},
			"faces": {
				"north": {"uv": [2, 13, 2.5, 13.5], "rotation": 180, "texture": "#1"},
				"east": {"uv": [2, 13, 2.5, 13.5], "rotation": 270, "texture": "#1"},
				"south": {"uv": [2, 13, 2.5, 13.5], "texture": "#1"},
				"west": {"uv": [2, 13, 2.5, 13.5], "rotation": 90, "texture": "#1"},
				"up": {"uv": [2, 13, 2.5, 13.5], "rotation": 180, "texture": "#1"},
				"down": {"uv": [2, 13, 2.5, 13.5], "texture": "#1"}
			}
		},
		{
			"from": [2, 13, 13],
			"to": [2.5, 13.5, 13.5],
			"rotation": {"angle": 0, "axis": "x", "origin": [8, 8, 21]},
			"faces": {
				"north": {"uv": [2, 13, 2.5, 13.5], "texture": "#1"},
				"east": {"uv": [2, 13, 2.5, 13.5], "rotation": 90, "texture": "#1"},
				"west": {"uv": [2, 13, 2.5, 13.5], "rotation": 270, "texture": "#1"},
				"up": {"uv": [2, 13, 2.5, 13.5], "texture": "#1"},
				"down": {"uv": [2, 13, 2.5, 13.5], "rotation": 180, "texture": "#1"}
			}
		},
		{
			"from": [13.5, 2.5, 15.5],
			"to": [14, 3, 16],
			"rotation": {"angle": 0, "axis": "x", "origin": [8, 8, 21]},
			"faces": {
				"north": {"uv": [2, 2.5, 2.5, 3], "rotation": 180, "texture": "#1"},
				"east": {"uv": [2, 2.5, 2.5, 3], "rotation": 270, "texture": "#1"},
				"south": {"uv": [2, 2.5, 2.5, 3], "texture": "#1"},
				"west": {"uv": [2, 2.5, 2.5, 3], "rotation": 90, "texture": "#1"},
				"up": {"uv": [2, 2.5, 2.5, 3], "rotation": 180, "texture": "#1"},
				"down": {"uv": [2, 2.5, 2.5, 3], "texture": "#1"}
			}
		},
		{
			"from": [2, 2.5, 13],
			"to": [2.5, 3, 13.5],
			"rotation": {"angle": 0, "axis": "x", "origin": [8, 8, 21]},
			"faces": {
				"north": {"uv": [2, 2.5, 2.5, 3], "texture": "#1"},
				"east": {"uv": [2, 2.5, 2.5, 3], "rotation": 90, "texture": "#1"},
				"west": {"uv": [2, 2.5, 2.5, 3], "rotation": 270, "texture": "#1"},
				"up": {"uv": [2, 2.5, 2.5, 3], "texture": "#1"},
				"down": {"uv": [2, 2.5, 2.5, 3], "rotation": 180, "texture": "#1"}
			}
		},
		{
			"from": [2, 2.5, 15.5],
			"to": [2.5, 3, 16],
			"rotation": {"angle": 0, "axis": "x", "origin": [8, 8, 21]},
			"faces": {
				"north": {"uv": [13.5, 2.5, 14, 3], "rotation": 180, "texture": "#1"},
				"east": {"uv": [13.5, 2.5, 14, 3], "rotation": 270, "texture": "#1"},
				"south": {"uv": [13.5, 2.5, 14, 3], "texture": "#1"},
				"west": {"uv": [13.5, 2.5, 14, 3], "rotation": 90, "texture": "#1"},
				"up": {"uv": [13.5, 2.5, 14, 3], "rotation": 180, "texture": "#1"},
				"down": {"uv": [13.5, 2.5, 14, 3], "texture": "#1"}
			}
		},
		{
			"from": [13.5, 2.5, 13],
			"to": [14, 3, 13.5],
			"rotation": {"angle": 0, "axis": "x", "origin": [8, 8, 21]},
			"faces": {
				"north": {"uv": [13.5, 2.5, 14, 3], "texture": "#1"},
				"east": {"uv": [13.5, 2.5, 14, 3], "rotation": 90, "texture": "#1"},
				"west": {"uv": [13.5, 2.5, 14, 3], "rotation": 270, "texture": "#1"},
				"up": {"uv": [13.5, 2.5, 14, 3], "texture": "#1"},
				"down": {"uv": [13.5, 2.5, 14, 3], "rotation": 180, "texture": "#1"}
			}
		},
		{
			"from": [7, 2, 15.5],
			"to": [9, 2.5, 16],
			"rotation": {"angle": 0, "axis": "x", "origin": [8, 8, 21]},
			"faces": {
				"east": {"uv": [7, 2, 7.5, 2.5], "rotation": 270, "texture": "#1"},
				"south": {"uv": [7, 2, 9, 2.5], "rotation": 180, "texture": "#1"},
				"west": {"uv": [8.5, 2, 9, 2.5], "rotation": 90, "texture": "#1"},
				"up": {"uv": [7, 2, 9, 2.5], "rotation": 180, "texture": "#1"}
			}
		},
		{
			"from": [7, 2, 13],
			"to": [9, 2.5, 13.5],
			"rotation": {"angle": 0, "axis": "x", "origin": [8, 8, 21]},
			"faces": {
				"north": {"uv": [7, 2, 9, 2.5], "rotation": 180, "texture": "#1"},
				"east": {"uv": [8.5, 2, 9, 2.5], "rotation": 90, "texture": "#1"},
				"west": {"uv": [7, 2, 7.5, 2.5], "rotation": 270, "texture": "#1"},
				"up": {"uv": [7, 2, 9, 2.5], "texture": "#1"}
			}
		},
		{
			"from": [2, 8, 15.5],
			"to": [2.5, 10, 16],
			"rotation": {"angle": 0, "axis": "x", "origin": [8, 8, 21]},
			"faces": {
				"east": {"uv": [13.5, 8, 14, 10], "rotation": 180, "texture": "#1"},
				"south": {"uv": [13.5, 8, 14, 10], "rotation": 180, "texture": "#1"},
				"up": {"uv": [13.5, 9.5, 14, 10], "rotation": 180, "texture": "#1"},
				"down": {"uv": [13.5, 8, 14, 8.5], "texture": "#1"}
			}
		},
		{
			"from": [13.5, 8, 13],
			"to": [14, 10, 13.5],
			"rotation": {"angle": 0, "axis": "x", "origin": [8, 8, 21]},
			"faces": {
				"north": {"uv": [13.5, 8, 14, 10], "rotation": 180, "texture": "#1"},
				"west": {"uv": [13.5, 8, 14, 10], "rotation": 180, "texture": "#1"},
				"up": {"uv": [13.5, 9.5, 14, 10], "texture": "#1"},
				"down": {"uv": [13.5, 8, 14, 8.5], "rotation": 180, "texture": "#1"}
			}
		},
		{
			"from": [13.5, 8, 15.5],
			"to": [14, 10, 16],
			"rotation": {"angle": 0, "axis": "x", "origin": [8, 8, 21]},
			"faces": {
				"east": {"uv": [2, 8, 2.5, 10], "rotation": 180, "texture": "#1"},
				"south": {"uv": [2, 8, 2.5, 10], "rotation": 180, "texture": "#1"},
				"west": {"uv": [2, 8, 2.5, 10], "rotation": 180, "texture": "#1"},
				"up": {"uv": [2, 9.5, 2.5, 10], "rotation": 180, "texture": "#1"},
				"down": {"uv": [2, 8, 2.5, 8.5], "texture": "#1"}
			}
		},
		{
			"from": [2, 8, 13],
			"to": [2.5, 10, 13.5],
			"rotation": {"angle": 0, "axis": "x", "origin": [8, 8, 21]},
			"faces": {
				"north": {"uv": [2, 8, 2.5, 10], "rotation": 180, "texture": "#1"},
				"east": {"uv": [2, 8, 2.5, 10], "rotation": 180, "texture": "#1"},
				"west": {"uv": [2, 8, 2.5, 10], "rotation": 180, "texture": "#1"},
				"up": {"uv": [2, 9.5, 2.5, 10], "texture": "#1"},
				"down": {"uv": [2, 8, 2.5, 8.5], "rotation": 180, "texture": "#1"}
			}
		},
		{
			"from": [2.5, 8.5, 15.5],
			"to": [3.5, 9.5, 16],
			"rotation": {"angle": 0, "axis": "x", "origin": [8, 8, 21]},
			"faces": {
				"north": {"uv": [0, 0, 1, 1], "rotation": 180, "texture": "#missing"},
				"east": {"uv": [12.5, 8.5, 13, 9.5], "rotation": 180, "texture": "#1"},
				"south": {"uv": [12.5, 8.5, 13.5, 9.5], "rotation": 180, "texture": "#1"},
				"west": {"uv": [0, 0, 1, 0.5], "rotation": 90, "texture": "#missing"},
				"up": {"uv": [12.5, 9, 13.5, 9.5], "rotation": 180, "texture": "#1"},
				"down": {"uv": [12.5, 8.5, 13.5, 9], "texture": "#1"}
			}
		},
		{
			"from": [12.5, 8.5, 13],
			"to": [13.5, 9.5, 13.5],
			"rotation": {"angle": 0, "axis": "x", "origin": [8, 8, 21]},
			"faces": {
				"north": {"uv": [12.5, 8.5, 13.5, 9.5], "rotation": 180, "texture": "#1"},
				"east": {"uv": [0, 0, 1, 0.5], "rotation": 90, "texture": "#missing"},
				"west": {"uv": [12.5, 8.5, 13, 9.5], "rotation": 180, "texture": "#1"},
				"up": {"uv": [12.5, 9, 13.5, 9.5], "texture": "#1"},
				"down": {"uv": [12.5, 8.5, 13.5, 9], "rotation": 180, "texture": "#1"}
			}
		},
		{
			"from": [12.5, 8.5, 15.5],
			"to": [13.5, 9.5, 16],
			"rotation": {"angle": 0, "axis": "x", "origin": [8, 8, 21]},
			"faces": {
				"north": {"uv": [0, 0, 1, 1], "rotation": 180, "texture": "#missing"},
				"east": {"uv": [2.5, 8.5, 3, 9.5], "rotation": 180, "texture": "#1"},
				"south": {"uv": [2.5, 8.5, 3.5, 9.5], "rotation": 180, "texture": "#1"},
				"west": {"uv": [3, 8.5, 3.5, 9.5], "rotation": 180, "texture": "#1"},
				"up": {"uv": [2.5, 9, 3.5, 9.5], "rotation": 180, "texture": "#1"},
				"down": {"uv": [2.5, 8.5, 3.5, 9], "texture": "#1"}
			}
		},
		{
			"from": [2.5, 8.5, 13],
			"to": [3.5, 9.5, 13.5],
			"rotation": {"angle": 0, "axis": "x", "origin": [8, 8, 21]},
			"faces": {
				"north": {"uv": [2.5, 8.5, 3.5, 9.5], "rotation": 180, "texture": "#1"},
				"east": {"uv": [3, 8.5, 3.5, 9.5], "rotation": 180, "texture": "#1"},
				"west": {"uv": [2.5, 8.5, 3, 9.5], "rotation": 180, "texture": "#1"},
				"up": {"uv": [2.5, 9, 3.5, 9.5], "texture": "#1"},
				"down": {"uv": [2.5, 8.5, 3.5, 9], "rotation": 180, "texture": "#1"}
			}
		},
		{
			"from": [7.5, 2.5, 15.5],
			"to": [8.5, 4, 16],
			"rotation": {"angle": 0, "axis": "x", "origin": [8, 8, 21]},
			"faces": {
				"north": {"uv": [0, 0, 1, 1], "rotation": 180, "texture": "#missing"},
				"east": {"uv": [7.5, 2.5, 8, 4], "rotation": 180, "texture": "#1"},
				"south": {"uv": [7.5, 2.5, 8.5, 4], "rotation": 180, "texture": "#1"},
				"west": {"uv": [8, 2.5, 8.5, 4], "rotation": 180, "texture": "#1"},
				"up": {"uv": [7.5, 3.5, 8.5, 4], "rotation": 180, "texture": "#1"},
				"down": {"uv": [2.5, 8.5, 3.5, 9], "texture": "#1"}
			}
		},
		{
			"from": [7.5, 2.5, 13],
			"to": [8.5, 4, 13.5],
			"rotation": {"angle": 0, "axis": "x", "origin": [8, 8, 21]},
			"faces": {
				"north": {"uv": [7.5, 2.5, 8.5, 4], "rotation": 180, "texture": "#1"},
				"east": {"uv": [8, 2.5, 8.5, 4], "rotation": 180, "texture": "#1"},
				"west": {"uv": [7.5, 2.5, 8, 4], "rotation": 180, "texture": "#1"},
				"up": {"uv": [7.5, 3.5, 8.5, 4], "texture": "#1"},
				"down": {"uv": [2.5, 8.5, 3.5, 9], "rotation": 180, "texture": "#1"}
			}
		},
		{
			"from": [2, 5, 15.5],
			"to": [3.5, 6.5, 16],
			"rotation": {"angle": 0, "axis": "x", "origin": [8, 8, 21]},
			"faces": {
				"east": {"uv": [12.5, 5, 13, 6.5], "rotation": 180, "texture": "#1"},
				"south": {"uv": [12.5, 5, 14, 6.5], "rotation": 180, "texture": "#1"},
				"west": {"uv": [13.5, 5, 14, 6.5], "rotation": 180, "texture": "#1"},
				"up": {"uv": [12.5, 6, 14, 6.5], "rotation": 180, "texture": "#1"},
				"down": {"uv": [12.5, 5, 14, 5.5], "rotation": 180, "texture": "#1"}
			}
		},
		{
			"from": [12.5, 5, 13],
			"to": [14, 6.5, 13.5],
			"rotation": {"angle": 0, "axis": "x", "origin": [8, 8, 21]},
			"faces": {
				"north": {"uv": [12.5, 5, 14, 6.5], "rotation": 180, "texture": "#1"},
				"east": {"uv": [13.5, 5, 14, 6.5], "rotation": 180, "texture": "#1"},
				"west": {"uv": [12.5, 5, 13, 6.5], "rotation": 180, "texture": "#1"},
				"up": {"uv": [12.5, 6, 14, 6.5], "texture": "#1"},
				"down": {"uv": [12.5, 5, 14, 5.5], "texture": "#1"}
			}
		},
		{
			"from": [12.5, 5, 15.5],
			"to": [14, 6.5, 16],
			"rotation": {"angle": 0, "axis": "x", "origin": [8, 8, 21]},
			"faces": {
				"east": {"uv": [2, 5, 2.5, 6.5], "rotation": 180, "texture": "#1"},
				"south": {"uv": [2, 5, 3.5, 6.5], "rotation": 180, "texture": "#1"},
				"west": {"uv": [3, 5, 3.5, 6.5], "rotation": 180, "texture": "#1"},
				"up": {"uv": [2, 6, 3.5, 6.5], "rotation": 180, "texture": "#1"},
				"down": {"uv": [2, 5, 3.5, 5.5], "rotation": 180, "texture": "#1"}
			}
		},
		{
			"from": [2, 5, 13],
			"to": [3.5, 6.5, 13.5],
			"rotation": {"angle": 0, "axis": "x", "origin": [8, 8, 21]},
			"faces": {
				"north": {"uv": [2, 5, 3.5, 6.5], "rotation": 180, "texture": "#1"},
				"east": {"uv": [3, 5, 3.5, 6.5], "rotation": 180, "texture": "#1"},
				"west": {"uv": [2, 5, 2.5, 6.5], "rotation": 180, "texture": "#1"},
				"up": {"uv": [2, 6, 3.5, 6.5], "texture": "#1"},
				"down": {"uv": [2, 5, 3.5, 5.5], "texture": "#1"}
			}
		},
		{
			"from": [7, 12, 15.5],
			"to": [9, 14, 16],
			"rotation": {"angle": 0, "axis": "x", "origin": [8, 8, 21]},
			"faces": {
				"north": {"uv": [0, 0, 2, 2], "rotation": 180, "texture": "#missing"},
				"east": {"uv": [7, 12, 7.5, 14], "rotation": 180, "texture": "#1"},
				"south": {"uv": [7, 12, 9, 14], "rotation": 180, "texture": "#1"},
				"west": {"uv": [8.5, 12, 9, 14], "rotation": 180, "texture": "#1"},
				"up": {"uv": [0, 0, 2, 0.5], "rotation": 180, "texture": "#missing"},
				"down": {"uv": [7, 12, 9, 12.5], "texture": "#1"}
			}
		},
		{
			"from": [7, 12, 13],
			"to": [9, 14, 13.5],
			"rotation": {"angle": 0, "axis": "x", "origin": [8, 8, 21]},
			"faces": {
				"north": {"uv": [7, 12, 9, 14], "rotation": 180, "texture": "#1"},
				"east": {"uv": [8.5, 12, 9, 14], "rotation": 180, "texture": "#1"},
				"west": {"uv": [7, 12, 7.5, 14], "rotation": 180, "texture": "#1"},
				"up": {"uv": [0, 0, 2, 0.5], "texture": "#missing"},
				"down": {"uv": [7, 12, 9, 12.5], "rotation": 180, "texture": "#1"}
			}
		},
		{
			"from": [6.5, 12.5, 15.5],
			"to": [9.5, 14, 16],
			"rotation": {"angle": 0, "axis": "x", "origin": [8, 8, 21]},
			"faces": {
				"north": {"uv": [0, 0, 2, 2], "rotation": 180, "texture": "#missing"},
				"east": {"uv": [6.5, 12.5, 7, 14], "rotation": 180, "texture": "#1"},
				"south": {"uv": [6.5, 12.5, 9.5, 14], "rotation": 180, "texture": "#1"},
				"west": {"uv": [9, 12.5, 9.5, 14], "rotation": 180, "texture": "#1"},
				"up": {"uv": [0, 0, 2, 0.5], "rotation": 180, "texture": "#missing"},
				"down": {"uv": [6.5, 12.5, 9.5, 13], "texture": "#1"}
			}
		},
		{
			"from": [6.5, 12.5, 13],
			"to": [9.5, 14, 13.5],
			"rotation": {"angle": 0, "axis": "x", "origin": [8, 8, 21]},
			"faces": {
				"north": {"uv": [6.5, 12.5, 9.5, 14], "rotation": 180, "texture": "#1"},
				"east": {"uv": [9, 12.5, 9.5, 14], "rotation": 180, "texture": "#1"},
				"west": {"uv": [6.5, 12.5, 7, 14], "rotation": 180, "texture": "#1"},
				"up": {"uv": [0, 0, 2, 0.5], "texture": "#missing"},
				"down": {"uv": [6.5, 12.5, 9.5, 13], "rotation": 180, "texture": "#1"}
			}
		},
		{
			"from": [6, 13, 15.5],
			"to": [10, 14, 16],
			"rotation": {"angle": 0, "axis": "x", "origin": [8, 8, 21]},
			"faces": {
				"north": {"uv": [0, 0, 2, 2], "rotation": 180, "texture": "#missing"},
				"east": {"uv": [6, 13, 6.5, 14], "rotation": 180, "texture": "#1"},
				"south": {"uv": [6, 13, 10, 14], "rotation": 180, "texture": "#1"},
				"west": {"uv": [9.5, 13, 10, 14], "rotation": 180, "texture": "#1"},
				"up": {"uv": [0, 0, 2, 0.5], "rotation": 180, "texture": "#missing"},
				"down": {"uv": [6, 13, 10, 13.5], "texture": "#1"}
			}
		},
		{
			"from": [6, 13, 13],
			"to": [10, 14, 13.5],
			"rotation": {"angle": 0, "axis": "x", "origin": [8, 8, 21]},
			"faces": {
				"north": {"uv": [6, 13, 10, 14], "rotation": 180, "texture": "#1"},
				"east": {"uv": [9.5, 13, 10, 14], "rotation": 180, "texture": "#1"},
				"west": {"uv": [6, 13, 6.5, 14], "rotation": 180, "texture": "#1"},
				"up": {"uv": [0, 0, 2, 0.5], "texture": "#missing"},
				"down": {"uv": [6, 13, 10, 13.5], "rotation": 180, "texture": "#1"}
			}
		},
		{
			"from": [7.5, 10.5, 15.5],
			"to": [8.5, 12, 16],
			"rotation": {"angle": 0, "axis": "x", "origin": [8, 8, 21]},
			"faces": {
				"north": {"uv": [0, 0, 1, 1.5], "rotation": 180, "texture": "#missing"},
				"east": {"uv": [7.5, 10.5, 8, 12], "rotation": 180, "texture": "#1"},
				"south": {"uv": [7.5, 10.5, 8.5, 12], "rotation": 180, "texture": "#1"},
				"west": {"uv": [8, 10.5, 8.5, 12], "rotation": 180, "texture": "#1"},
				"up": {"uv": [0, 0, 1, 0.5], "rotation": 180, "texture": "#missing"},
				"down": {"uv": [7.5, 10.5, 8.5, 11], "rotation": 180, "texture": "#1"}
			}
		},
		{
			"from": [7.5, 10.5, 13],
			"to": [8.5, 12, 13.5],
			"rotation": {"angle": 0, "axis": "x", "origin": [8, 8, 21]},
			"faces": {
				"north": {"uv": [7.5, 10.5, 8.5, 12], "rotation": 180, "texture": "#1"},
				"east": {"uv": [8, 10.5, 8.5, 12], "rotation": 180, "texture": "#1"},
				"west": {"uv": [7.5, 10.5, 8, 12], "rotation": 180, "texture": "#1"},
				"up": {"uv": [0, 0, 1, 0.5], "texture": "#missing"},
				"down": {"uv": [7.5, 10.5, 8.5, 11], "texture": "#1"}
			}
		},
		{
			"from": [7, 10, 13],
			"to": [7.5, 10.5, 16],
			"rotation": {"angle": 0, "axis": "x", "origin": [8, 8, 21]},
			"faces": {
				"north": {"uv": [8.5, 10, 9, 10.5], "rotation": 180, "texture": "#1"},
				"east": {"uv": [8.5, 10, 9, 10.5], "rotation": 270, "texture": "#1"},
				"south": {"uv": [8.5, 10, 9, 10.5], "texture": "#1"},
				"west": {"uv": [8.5, 10, 9, 10.5], "rotation": 90, "texture": "#1"},
				"up": {"uv": [8.5, 10, 9, 10.5], "rotation": 180, "texture": "#1"},
				"down": {"uv": [8.5, 10, 9, 10.5], "texture": "#1"}
			}
		},
		{
			"from": [7.5, 9.5, 13],
			"to": [8, 10, 16],
			"rotation": {"angle": 0, "axis": "x", "origin": [8, 8, 21]},
			"faces": {
				"north": {"uv": [8, 9.5, 8.5, 10], "rotation": 180, "texture": "#1"},
				"east": {"uv": [8, 9.5, 8.5, 10], "rotation": 270, "texture": "#1"},
				"south": {"uv": [8, 9.5, 8.5, 10], "texture": "#1"},
				"west": {"uv": [8, 9.5, 8.5, 10], "rotation": 90, "texture": "#1"},
				"up": {"uv": [8, 9.5, 8.5, 10], "rotation": 180, "texture": "#1"},
				"down": {"uv": [8, 9.5, 8.5, 10], "texture": "#1"}
			}
		},
		{
			"from": [8, 9.5, 13],
			"to": [8.5, 10, 16],
			"rotation": {"angle": 0, "axis": "x", "origin": [8, 8, 21]},
			"faces": {
				"north": {"uv": [7.5, 9.5, 8, 10], "rotation": 180, "texture": "#1"},
				"east": {"uv": [7.5, 9.5, 8, 10], "rotation": 270, "texture": "#1"},
				"south": {"uv": [7.5, 9.5, 8, 10], "texture": "#1"},
				"west": {"uv": [7.5, 9.5, 8, 10], "rotation": 90, "texture": "#1"},
				"up": {"uv": [7.5, 9.5, 8, 10], "rotation": 180, "texture": "#1"},
				"down": {"uv": [7.5, 9.5, 8, 10], "texture": "#1"}
			}
		},
		{
			"from": [8.5, 10, 13],
			"to": [9, 10.5, 16],
			"rotation": {"angle": 0, "axis": "x", "origin": [8, 8, 21]},
			"faces": {
				"north": {"uv": [7, 10, 7.5, 10.5], "rotation": 180, "texture": "#1"},
				"east": {"uv": [7, 10, 7.5, 10.5], "rotation": 270, "texture": "#1"},
				"south": {"uv": [7, 10, 7.5, 10.5], "texture": "#1"},
				"west": {"uv": [7, 10, 7.5, 10.5], "rotation": 90, "texture": "#1"},
				"up": {"uv": [7, 10, 7.5, 10.5], "rotation": 180, "texture": "#1"},
				"down": {"uv": [7, 10, 7.5, 10.5], "texture": "#1"}
			}
		},
		{
			"from": [9, 10.5, 13],
			"to": [9.5, 11, 16],
			"rotation": {"angle": 0, "axis": "x", "origin": [8, 8, 21]},
			"faces": {
				"north": {"uv": [6.5, 10.5, 7, 11], "rotation": 180, "texture": "#1"},
				"east": {"uv": [6.5, 10.5, 7, 11], "rotation": 270, "texture": "#1"},
				"south": {"uv": [6.5, 10.5, 7, 11], "texture": "#1"},
				"west": {"uv": [6.5, 10.5, 7, 11], "rotation": 90, "texture": "#1"},
				"up": {"uv": [6.5, 10.5, 7, 11], "rotation": 180, "texture": "#1"},
				"down": {"uv": [6.5, 10.5, 7, 11], "texture": "#1"}
			}
		},
		{
			"from": [6.5, 10.5, 13],
			"to": [7, 11, 16],
			"rotation": {"angle": 0, "axis": "x", "origin": [8, 8, 21]},
			"faces": {
				"north": {"uv": [9, 10.5, 9.5, 11], "rotation": 180, "texture": "#1"},
				"east": {"uv": [9, 10.5, 9.5, 11], "rotation": 270, "texture": "#1"},
				"south": {"uv": [9, 10.5, 9.5, 11], "texture": "#1"},
				"west": {"uv": [9, 10.5, 9.5, 11], "rotation": 90, "texture": "#1"},
				"up": {"uv": [9, 10.5, 9.5, 11], "rotation": 180, "texture": "#1"},
				"down": {"uv": [9, 10.5, 9.5, 11], "texture": "#1"}
			}
		},
		{
			"from": [6, 10.5, 13],
			"to": [6.5, 11, 16],
			"rotation": {"angle": 0, "axis": "x", "origin": [8, 8, 21]},
			"faces": {
				"north": {"uv": [9.5, 10.5, 10, 11], "rotation": 180, "texture": "#1"},
				"east": {"uv": [9.5, 10.5, 10, 11], "rotation": 270, "texture": "#1"},
				"south": {"uv": [9.5, 10.5, 10, 11], "texture": "#1"},
				"west": {"uv": [9.5, 10.5, 10, 11], "rotation": 90, "texture": "#1"},
				"up": {"uv": [9.5, 10.5, 10, 11], "rotation": 180, "texture": "#1"},
				"down": {"uv": [9.5, 10.5, 10, 11], "texture": "#1"}
			}
		},
		{
			"from": [5.5, 10, 13],
			"to": [6, 10.5, 16],
			"rotation": {"angle": 0, "axis": "x", "origin": [8, 8, 21]},
			"faces": {
				"north": {"uv": [10, 10, 10.5, 10.5], "rotation": 180, "texture": "#1"},
				"east": {"uv": [10, 10, 10.5, 10.5], "rotation": 270, "texture": "#1"},
				"south": {"uv": [10, 10, 10.5, 10.5], "texture": "#1"},
				"west": {"uv": [10, 10, 10.5, 10.5], "rotation": 90, "texture": "#1"},
				"up": {"uv": [10, 10, 10.5, 10.5], "rotation": 180, "texture": "#1"},
				"down": {"uv": [10, 10, 10.5, 10.5], "texture": "#1"}
			}
		},
		{
			"from": [5, 9.5, 13],
			"to": [5.5, 10, 16],
			"rotation": {"angle": 0, "axis": "x", "origin": [8, 8, 21]},
			"faces": {
				"north": {"uv": [10.5, 9.5, 11, 10], "rotation": 180, "texture": "#1"},
				"east": {"uv": [10.5, 9.5, 11, 10], "rotation": 270, "texture": "#1"},
				"south": {"uv": [10.5, 9.5, 11, 10], "texture": "#1"},
				"west": {"uv": [10.5, 9.5, 11, 10], "rotation": 90, "texture": "#1"},
				"up": {"uv": [10.5, 9.5, 11, 10], "rotation": 180, "texture": "#1"},
				"down": {"uv": [10.5, 9.5, 11, 10], "texture": "#1"}
			}
		},
		{
			"from": [5, 9, 13],
			"to": [5.5, 9.5, 16],
			"rotation": {"angle": 0, "axis": "x", "origin": [8, 8, 21]},
			"faces": {
				"north": {"uv": [10.5, 9, 11, 9.5], "rotation": 180, "texture": "#1"},
				"east": {"uv": [10.5, 9, 11, 9.5], "rotation": 270, "texture": "#1"},
				"south": {"uv": [10.5, 9, 11, 9.5], "texture": "#1"},
				"west": {"uv": [10.5, 9, 11, 9.5], "rotation": 90, "texture": "#1"},
				"up": {"uv": [10.5, 9, 11, 9.5], "rotation": 180, "texture": "#1"},
				"down": {"uv": [10.5, 9, 11, 9.5], "texture": "#1"}
			}
		},
		{
			"from": [10.5, 9, 13],
			"to": [11, 9.5, 16],
			"rotation": {"angle": 0, "axis": "x", "origin": [8, 8, 21]},
			"faces": {
				"north": {"uv": [5, 9, 5.5, 9.5], "rotation": 180, "texture": "#1"},
				"east": {"uv": [5, 9, 5.5, 9.5], "rotation": 270, "texture": "#1"},
				"south": {"uv": [5, 9, 5.5, 9.5], "texture": "#1"},
				"west": {"uv": [5, 9, 5.5, 9.5], "rotation": 90, "texture": "#1"},
				"up": {"uv": [5, 9, 5.5, 9.5], "rotation": 180, "texture": "#1"},
				"down": {"uv": [5, 9, 5.5, 9.5], "texture": "#1"}
			}
		},
		{
			"from": [10.5, 9.5, 13],
			"to": [11, 10, 16],
			"rotation": {"angle": 0, "axis": "x", "origin": [8, 8, 21]},
			"faces": {
				"north": {"uv": [5, 9.5, 5.5, 10], "rotation": 180, "texture": "#1"},
				"east": {"uv": [5, 9.5, 5.5, 10], "rotation": 270, "texture": "#1"},
				"south": {"uv": [5, 9.5, 5.5, 10], "texture": "#1"},
				"west": {"uv": [5, 9.5, 5.5, 10], "rotation": 90, "texture": "#1"},
				"up": {"uv": [5, 9.5, 5.5, 10], "rotation": 180, "texture": "#1"},
				"down": {"uv": [5, 9.5, 5.5, 10], "texture": "#1"}
			}
		},
		{
			"from": [9.5, 10.5, 13],
			"to": [10, 11, 16],
			"rotation": {"angle": 0, "axis": "x", "origin": [8, 8, 21]},
			"faces": {
				"north": {"uv": [6, 10.5, 6.5, 11], "rotation": 180, "texture": "#1"},
				"east": {"uv": [6, 10.5, 6.5, 11], "rotation": 270, "texture": "#1"},
				"south": {"uv": [6, 10.5, 6.5, 11], "texture": "#1"},
				"west": {"uv": [6, 10.5, 6.5, 11], "rotation": 90, "texture": "#1"},
				"up": {"uv": [6, 10.5, 6.5, 11], "rotation": 180, "texture": "#1"},
				"down": {"uv": [6, 10.5, 6.5, 11], "texture": "#1"}
			}
		},
		{
			"from": [10, 10, 13],
			"to": [10.5, 10.5, 16],
			"rotation": {"angle": 0, "axis": "x", "origin": [8, 8, 21]},
			"faces": {
				"north": {"uv": [5.5, 10, 6, 10.5], "rotation": 180, "texture": "#1"},
				"east": {"uv": [5.5, 10, 6, 10.5], "rotation": 270, "texture": "#1"},
				"south": {"uv": [5.5, 10, 6, 10.5], "texture": "#1"},
				"west": {"uv": [5.5, 10, 6, 10.5], "rotation": 90, "texture": "#1"},
				"up": {"uv": [5.5, 10, 6, 10.5], "rotation": 180, "texture": "#1"},
				"down": {"uv": [5.5, 10, 6, 10.5], "texture": "#1"}
			}
		},
		{
			"from": [6.5, 6.5, 15.5],
			"to": [9.5, 9, 16],
			"rotation": {"angle": 0, "axis": "x", "origin": [8, 8, 21]},
			"faces": {
				"north": {"uv": [0, 0, 3, 2.5], "rotation": 180, "texture": "#missing"},
				"east": {"uv": [6.5, 6.5, 7, 9], "texture": "#1"},
				"south": {"uv": [6.5, 6.5, 9.5, 9], "rotation": 180, "texture": "#1"},
				"west": {"uv": [9, 6.5, 9.5, 9], "texture": "#1"},
				"up": {"uv": [6.5, 8.5, 9.5, 9], "rotation": 180, "texture": "#1"},
				"down": {"uv": [6.5, 6.5, 9.5, 7], "texture": "#1"}
			}
		},
		{
			"from": [6.5, 6.5, 13],
			"to": [9.5, 9, 13.5],
			"rotation": {"angle": 0, "axis": "x", "origin": [8, 8, 21]},
			"faces": {
				"north": {"uv": [6.5, 6.5, 9.5, 9], "rotation": 180, "texture": "#1"},
				"east": {"uv": [9, 6.5, 9.5, 9], "texture": "#1"},
				"west": {"uv": [6.5, 6.5, 7, 9], "texture": "#1"},
				"up": {"uv": [6.5, 8.5, 9.5, 9], "texture": "#1"},
				"down": {"uv": [6.5, 6.5, 9.5, 7], "rotation": 180, "texture": "#1"}
			}
		},
		{
			"from": [6, 7, 15.5],
			"to": [10, 8.5, 16],
			"rotation": {"angle": 0, "axis": "x", "origin": [8, 8, 21]},
			"faces": {
				"north": {"uv": [0, 0, 4, 1.5], "rotation": 180, "texture": "#missing"},
				"east": {"uv": [6, 7, 6.5, 8.5], "texture": "#1"},
				"south": {"uv": [6, 7, 10, 8.5], "rotation": 180, "texture": "#1"},
				"west": {"uv": [9.5, 7, 10, 8.5], "texture": "#1"},
				"up": {"uv": [6, 8, 10, 8.5], "rotation": 180, "texture": "#1"},
				"down": {"uv": [6, 7, 10, 7.5], "texture": "#1"}
			}
		},
		{
			"from": [6, 7, 13],
			"to": [10, 8.5, 13.5],
			"rotation": {"angle": 0, "axis": "x", "origin": [8, 8, 21]},
			"faces": {
				"north": {"uv": [6, 7, 10, 8.5], "rotation": 180, "texture": "#1"},
				"east": {"uv": [9.5, 7, 10, 8.5], "texture": "#1"},
				"west": {"uv": [6, 7, 6.5, 8.5], "texture": "#1"},
				"up": {"uv": [6, 8, 10, 8.5], "texture": "#1"},
				"down": {"uv": [6, 7, 10, 7.5], "rotation": 180, "texture": "#1"}
			}
		},
		{
			"from": [7, 5.5, 15.5],
			"to": [9, 6.5, 16],
			"rotation": {"angle": 0, "axis": "x", "origin": [8, 8, 21]},
			"faces": {
				"north": {"uv": [0, 0, 2, 1], "rotation": 180, "texture": "#missing"},
				"east": {"uv": [7, 5.5, 7.5, 6.5], "rotation": 270, "texture": "#1"},
				"south": {"uv": [7, 5.5, 9, 6.5], "rotation": 180, "texture": "#1"},
				"west": {"uv": [8.5, 5.5, 9, 6.5], "rotation": 90, "texture": "#1"},
				"up": {"uv": [0, 0, 2, 0.5], "rotation": 180, "texture": "#missing"},
				"down": {"uv": [7, 5, 9, 5.5], "texture": "#1"}
			}
		},
		{
			"from": [7, 5.5, 13],
			"to": [9, 6.5, 13.5],
			"rotation": {"angle": 0, "axis": "x", "origin": [8, 8, 21]},
			"faces": {
				"north": {"uv": [7, 5.5, 9, 6.5], "rotation": 180, "texture": "#1"},
				"east": {"uv": [8.5, 5.5, 9, 6.5], "rotation": 90, "texture": "#1"},
				"west": {"uv": [7, 5.5, 7.5, 6.5], "rotation": 270, "texture": "#1"},
				"up": {"uv": [0, 0, 2, 0.5], "texture": "#missing"},
				"down": {"uv": [7, 5, 9, 5.5], "rotation": 180, "texture": "#1"}
			}
		},
		{
			"from": [7.5, 5, 15.5],
			"to": [8.5, 5.5, 16],
			"rotation": {"angle": 0, "axis": "x", "origin": [8, 8, 21]},
			"faces": {
				"north": {"uv": [7.5, 5, 8.5, 5.5], "texture": "#1"},
				"east": {"uv": [7.5, 5, 8, 5.5], "rotation": 90, "texture": "#1"},
				"south": {"uv": [7.5, 5, 8.5, 5.5], "rotation": 180, "texture": "#1"},
				"west": {"uv": [8, 5, 8.5, 5.5], "rotation": 270, "texture": "#1"},
				"up": {"uv": [7.5, 5, 8.5, 5.5], "texture": "#1"},
				"down": {"uv": [7.5, 5, 8.5, 5.5], "rotation": 180, "texture": "#1"}
			}
		},
		{
			"from": [7.5, 5, 13],
			"to": [8.5, 5.5, 13.5],
			"rotation": {"angle": 0, "axis": "x", "origin": [8, 8, 21]},
			"faces": {
				"north": {"uv": [7.5, 5, 8.5, 5.5], "rotation": 180, "texture": "#1"},
				"east": {"uv": [8, 5, 8.5, 5.5], "rotation": 270, "texture": "#1"},
				"west": {"uv": [7.5, 5, 8, 5.5], "rotation": 90, "texture": "#1"},
				"up": {"uv": [7.5, 5, 8.5, 5.5], "rotation": 180, "texture": "#1"},
				"down": {"uv": [7.5, 5, 8.5, 5.5], "texture": "#1"}
			}
		},
		{
			"from": [6.5, 9, 15.5],
			"to": [7.5, 9.5, 16],
			"rotation": {"angle": 0, "axis": "x", "origin": [8, 8, 21]},
			"faces": {
				"north": {"uv": [8.5, 9, 9.5, 9.5], "rotation": 180, "texture": "#1"},
				"east": {"uv": [8.5, 9, 9, 9.5], "rotation": 270, "texture": "#1"},
				"south": {"uv": [8.5, 9, 9.5, 9.5], "rotation": 180, "texture": "#1"},
				"west": {"uv": [9, 9, 9.5, 9.5], "rotation": 90, "texture": "#1"},
				"up": {"uv": [8.5, 9, 9.5, 9.5], "rotation": 180, "texture": "#1"},
				"down": {"uv": [8.5, 9, 9.5, 9.5], "texture": "#1"}
			}
		},
		{
			"from": [8.5, 9, 13],
			"to": [9.5, 9.5, 13.5],
			"rotation": {"angle": 0, "axis": "x", "origin": [8, 8, 21]},
			"faces": {
				"north": {"uv": [8.5, 9, 9.5, 9.5], "rotation": 180, "texture": "#1"},
				"east": {"uv": [9, 9, 9.5, 9.5], "rotation": 90, "texture": "#1"},
				"west": {"uv": [8.5, 9, 9, 9.5], "rotation": 270, "texture": "#1"},
				"up": {"uv": [8.5, 9, 9.5, 9.5], "texture": "#1"},
				"down": {"uv": [8.5, 9, 9.5, 9.5], "rotation": 180, "texture": "#1"}
			}
		},
		{
			"from": [8.5, 9, 15.5],
			"to": [9.5, 9.5, 16],
			"rotation": {"angle": 0, "axis": "x", "origin": [8, 8, 21]},
			"faces": {
				"north": {"uv": [8.5, 9, 9.5, 9.5], "rotation": 180, "texture": "#1"},
				"east": {"uv": [6.5, 9, 7, 9.5], "rotation": 270, "texture": "#1"},
				"south": {"uv": [6.5, 9, 7.5, 9.5], "rotation": 180, "texture": "#1"},
				"west": {"uv": [7, 9, 7.5, 9.5], "rotation": 90, "texture": "#1"},
				"up": {"uv": [6.5, 9, 7.5, 9.5], "rotation": 180, "texture": "#1"},
				"down": {"uv": [6.5, 9, 7.5, 9.5], "texture": "#1"}
			}
		},
		{
			"from": [6.5, 9, 13],
			"to": [7.5, 9.5, 13.5],
			"rotation": {"angle": 0, "axis": "x", "origin": [8, 8, 21]},
			"faces": {
				"north": {"uv": [6.5, 9, 7.5, 9.5], "rotation": 180, "texture": "#1"},
				"east": {"uv": [7, 9, 7.5, 9.5], "rotation": 90, "texture": "#1"},
				"west": {"uv": [6.5, 9, 7, 9.5], "rotation": 270, "texture": "#1"},
				"up": {"uv": [6.5, 9, 7.5, 9.5], "texture": "#1"},
				"down": {"uv": [6.5, 9, 7.5, 9.5], "rotation": 180, "texture": "#1"}
			}
		}
	],
	"display": {
		"thirdperson_righthand": {
			"rotation": [70, 45, 0],
			"translation": [0, 2, 2],
			"scale": [0.375, 0.375, 0.375]
		},
		"thirdperson_lefthand": {
			"rotation": [70, 45, 0],
			"translation": [0, 2, 2],
			"scale": [0.375, 0.375, 0.375]
		},
		"firstperson_righthand": {
			"rotation": [0, 135, 0],
			"translation": [0, 4, 0],
			"scale": [0.4, 0.4, 0.4]
		},
		"firstperson_lefthand": {
			"rotation": [0, 135, 0],
			"translation": [0, 4, 0],
			"scale": [0.4, 0.4, 0.4]
		},
		"ground": {
			"translation": [0, 1, 0],
			"scale": [0.25, 0.25, 0.25]
		},
		"gui": {
			"rotation": [30, -135, 0],
			"scale": [0.675, 0.675, 0.675]
		},
		"head": {
			"rotation": [90, 180, 0]
		},
		"fixed": {
			"rotation": [90, 180, 0],
			"translation": [0, 0, 3],
			"scale": [0.5, 0.5, 0.5]
		}
	},
	"groups": [0, 1, 2, 3, 4, 5, 6, 7, 8, 9, 10, 11, 12, 13, 14, 15, 16, 17, 18, 19, 20, 21, 22, 23, 24, 25, 26, 27, 28, 29, 30, 31, 32, 33, 34, 35, 36, 37, 38, 39, 40, 41, 42, 43, 44, 45, 46, 47, 48,
		{
			"name": "group",
			"origin": [8, 8, 8],
			"children": [49, 50, 51, 52, 53, 54, 55, 56, 57, 58, 59, 60, 61, 62]
		}, 63, 64, 65, 66, 67, 68, 69, 70, 71, 72, 73, 74]
}