{
	"credit": "Made with Blockbench",
	"textures": {
		"0": "item/totem_of_undying",
		"1": "item/totem_statue",
		"particle": "item/totem_statue"
	},
	"elements": [
		{
			"from": [3, 0, 3],
			"to": [13, 4, 13],
			"faces": {
				"north": {"uv": [0, 3, 5, 5], "texture": "#0"},
				"east": {"uv": [0, 3, 5, 5], "texture": "#0"},
				"south": {"uv": [0, 3, 5, 5], "texture": "#0"},
				"west": {"uv": [0, 3, 5, 5], "texture": "#0"},
				"up": {"uv": [5, 0, 10, 5], "rotation": 180, "texture": "#0"},
				"down": {"uv": [5, 0, 10, 5], "texture": "#0"}
			}
		},
		{
			"from": [3.75, 1.5, 2.5],
			"to": [12.25, 4, 3],
			"faces": {
				"north": {"uv": [1, 5.25, 5.25, 6.5], "texture": "#0"},
				"east": {"uv": [1, 5.25, 1.25, 6.5], "texture": "#0"},
				"south": {"uv": [1, 5.25, 5.25, 6.5], "texture": "#0"},
				"west": {"uv": [5, 5.25, 5.25, 6.5], "texture": "#0"},
				"up": {"uv": [1, 5.25, 5.25, 5.5], "texture": "#0"},
				"down": {"uv": [1, 6.25, 5.25, 6.5], "texture": "#0"}
			}
		},
		{
			"from": [3.25, 1.5, 2.5],
			"to": [12.75, 3.5, 3],
			"faces": {
				"north": {"uv": [0.75, 5.5, 5.5, 6.5], "texture": "#0"},
				"east": {"uv": [5.25, 5.5, 5.5, 6.5], "texture": "#0"},
				"south": {"uv": [0.75, 5.5, 5.5, 6.5], "texture": "#0"},
				"west": {"uv": [0.75, 5.5, 1, 6.5], "texture": "#0"},
				"up": {"uv": [0.75, 5.5, 5.5, 5.75], "texture": "#0"},
				"down": {"uv": [0.75, 6.25, 5.5, 6.5], "texture": "#0"}
			}
		},
		{
			"from": [2.75, 1.5, 2.5],
			"to": [13.25, 3, 3],
			"faces": {
				"north": {"uv": [0.5, 5.75, 5.75, 6.5], "texture": "#0"},
				"east": {"uv": [0.5, 5.75, 0.75, 6.5], "texture": "#0"},
				"south": {"uv": [0.5, 5.75, 5.75, 6.5], "texture": "#0"},
				"west": {"uv": [5.5, 5.75, 5.75, 6.5], "texture": "#0"},
				"up": {"uv": [0.5, 5.75, 5.75, 6], "texture": "#0"},
				"down": {"uv": [0.5, 6.25, 5.75, 6.5], "texture": "#0"}
			}
		},
		{
			"from": [2.25, 0.5, 2.5],
			"to": [13.75, 1.5, 3],
			"faces": {
				"north": {"uv": [0.25, 6.5, 6, 7], "texture": "#0"},
				"east": {"uv": [0.5, 5.75, 0.75, 6.5], "texture": "#0"},
				"south": {"uv": [0, 6.5, 0.25, 7], "texture": "#0"},
				"west": {"uv": [5.5, 5.75, 5.75, 6.5], "texture": "#0"},
				"up": {"uv": [0.5, 5.75, 5.75, 6], "texture": "#0"},
				"down": {"uv": [0.5, 7, 5.75, 7.25], "texture": "#0"}
			}
		},
		{
			"from": [2.25, 0, 2.5],
			"to": [13.75, 0.5, 3],
			"faces": {
				"north": {"uv": [0.25, 7, 6, 7.25], "texture": "#0"},
				"east": {"uv": [0.25, 7, 6, 7.25], "texture": "#0"},
				"south": {"uv": [0.25, 7, 6, 7.25], "texture": "#0"},
				"west": {"uv": [0.25, 7, 6, 7.25], "texture": "#0"},
				"up": {"uv": [0.25, 7, 6, 7.25], "texture": "#0"},
				"down": {"uv": [0.25, 7, 6, 7.25], "texture": "#0"}
			}
		},
		{
			"from": [6, 16, 6],
			"to": [10, 20, 10],
			"faces": {
				"north": {"uv": [2, 2, 4, 4], "texture": "#1"},
				"east": {"uv": [0, 2, 2, 4], "texture": "#1"},
				"south": {"uv": [6, 2, 8, 4], "texture": "#1"},
				"west": {"uv": [4, 2, 6, 4], "texture": "#1"},
				"up": {"uv": [2, 0, 4, 2], "rotation": 180, "texture": "#1"},
				"down": {"uv": [4, 0, 6, 2], "rotation": 180, "texture": "#1"}
			}
		},
		{
			"from": [6, 10, 7],
			"to": [10, 16, 9],
			"faces": {
				"north": {"uv": [5, 5, 7, 8], "texture": "#1"},
				"east": {"uv": [4, 5, 5, 8], "texture": "#1"},
				"south": {"uv": [8, 5, 10, 8], "texture": "#1"},
				"west": {"uv": [7, 5, 8, 8], "texture": "#1"},
				"up": {"uv": [5, 4, 7, 5], "texture": "#1"},
				"down": {"uv": [7, 4, 9, 5], "texture": "#1"}
			}
		},
		{
			"from": [10, 10, 7],
			"to": [12, 16, 9],
			"faces": {
				"north": {"uv": [11, 5, 12, 8], "texture": "#1"},
				"east": {"uv": [10, 5, 11, 8], "texture": "#1"},
				"south": {"uv": [13, 5, 14, 8], "texture": "#1"},
				"west": {"uv": [12, 5, 13, 8], "texture": "#1"},
				"up": {"uv": [11, 4, 12, 5], "texture": "#1"},
				"down": {"uv": [12, 4, 13, 5], "texture": "#1"}
			}
		},
		{
			"from": [4, 10, 7],
			"to": [6, 16, 9],
			"faces": {
				"north": {"uv": [9, 13, 10, 16], "texture": "#1"},
				"east": {"uv": [8, 13, 9, 16], "texture": "#1"},
				"south": {"uv": [11, 13, 12, 16], "texture": "#1"},
				"west": {"uv": [10, 13, 11, 16], "texture": "#1"},
				"up": {"uv": [9, 12, 10, 13], "texture": "#1"},
				"down": {"uv": [10, 12, 11, 13], "texture": "#1"}
			}
		},
		{
			"from": [8, 4, 7],
			"to": [10, 10, 9],
			"faces": {
				"north": {"uv": [1, 5, 2, 8], "texture": "#1"},
				"east": {"uv": [0, 5, 1, 8], "texture": "#1"},
				"south": {"uv": [3, 5, 4, 8], "texture": "#1"},
				"west": {"uv": [2, 5, 3, 8], "texture": "#1"},
				"up": {"uv": [1, 4, 2, 5], "texture": "#1"},
				"down": {"uv": [2, 4, 3, 5], "texture": "#1"}
			}
		},
		{
			"from": [6, 4, 7],
			"to": [8, 10, 9],
			"faces": {
				"north": {"uv": [5, 13, 6, 16], "texture": "#1"},
				"east": {"uv": [4, 13, 5, 16], "texture": "#1"},
				"south": {"uv": [7, 13, 8, 16], "texture": "#1"},
				"west": {"uv": [6, 13, 7, 16], "texture": "#1"},
				"up": {"uv": [5, 12, 6, 13], "texture": "#1"},
				"down": {"uv": [6, 12, 7, 13], "texture": "#1"}
			}
		},
		{
			"from": [5.9, 15.9, 5.9],
			"to": [10.1, 20.1, 10.1],
			"faces": {
				"north": {"uv": [10, 2, 12, 4], "texture": "#1"},
				"east": {"uv": [8, 2, 10, 4], "texture": "#1"},
				"south": {"uv": [14, 2, 16, 4], "texture": "#1"},
				"west": {"uv": [12, 2, 14, 4], "texture": "#1"},
				"up": {"uv": [10, 0, 12, 2], "rotation": 180, "texture": "#1"},
				"down": {"uv": [12, 0, 14, 2], "rotation": 180, "texture": "#1"}
			}
		},
		{
			"from": [5.9, 9.9, 6.9],
			"to": [10.1, 16.1, 9.1],
			"faces": {
				"north": {"uv": [5, 9, 7, 12], "texture": "#1"},
				"east": {"uv": [4, 9, 5, 12], "texture": "#1"},
				"south": {"uv": [8, 9, 10, 12], "texture": "#1"},
				"west": {"uv": [7, 9, 8, 12], "texture": "#1"},
				"up": {"uv": [5, 8, 7, 9], "texture": "#1"},
				"down": {"uv": [7, 8, 9, 9], "texture": "#1"}
			}
		},
		{
			"from": [9.9, 9.9, 6.9],
			"to": [12.1, 16.1, 9.1],
			"faces": {
				"north": {"uv": [11, 9, 12, 12], "texture": "#1"},
				"east": {"uv": [10, 5, 11, 8], "texture": "#1"},
				"south": {"uv": [13, 9, 14, 12], "texture": "#1"},
				"west": {"uv": [12, 5, 13, 8], "texture": "#1"},
				"up": {"uv": [11, 8, 12, 9], "texture": "#1"},
				"down": {"uv": [12, 8, 13, 9], "texture": "#1"}
			}
		},
		{
			"from": [3.9, 9.9, 6.9],
			"to": [6.1, 16.1, 9.1],
			"faces": {
				"north": {"uv": [13, 13, 14, 16], "texture": "#1"},
				"east": {"uv": [12, 13, 13, 16], "texture": "#1"},
				"south": {"uv": [15, 13, 16, 16], "texture": "#1"},
				"west": {"uv": [14, 13, 15, 16], "texture": "#1"},
				"up": {"uv": [13, 12, 14, 13], "texture": "#1"},
				"down": {"uv": [14, 12, 15, 13], "texture": "#1"}
			}
		},
		{
			"from": [7.9, 3.9, 6.9],
			"to": [10.1, 10.1, 9.1],
			"faces": {
				"north": {"uv": [1, 9, 2, 12], "texture": "#1"},
				"east": {"uv": [0, 9, 1, 12], "texture": "#1"},
				"south": {"uv": [3, 9, 4, 12], "texture": "#1"},
				"west": {"uv": [2, 9, 3, 12], "texture": "#1"},
				"up": {"uv": [1, 8, 2, 9], "texture": "#1"},
				"down": {"uv": [2, 8, 3, 9], "texture": "#1"}
			}
		},
		{
			"from": [5.9, 3.9, 6.9],
			"to": [8.1, 10.1, 9.1],
			"faces": {
				"north": {"uv": [1, 13, 2, 16], "texture": "#1"},
				"east": {"uv": [0, 13, 1, 16], "texture": "#1"},
				"south": {"uv": [3, 13, 4, 16], "texture": "#1"},
				"west": {"uv": [2, 13, 3, 16], "texture": "#1"},
				"up": {"uv": [1, 12, 2, 13], "texture": "#1"},
				"down": {"uv": [2, 12, 3, 13], "texture": "#1"}
			}
		}
	],
	"display": {
		"thirdperson_righthand": {
			"translation": [0, -2, 1.5],
			"scale": [0.6, 0.6, 0.6]
		},
		"thirdperson_lefthand": {
			"translation": [0, -2, 1.5],
			"scale": [0.6, 0.6, 0.6]
		},
		"firstperson_righthand": {
			"rotation": [-8, 127, 0],
			"translation": [3, 1, 0],
			"scale": [0.5, 0.5, 0.5]
		},
		"firstperson_lefthand": {
			"rotation": [-8, 127, 0],
			"translation": [3, 1, 0],
			"scale": [0.5, 0.5, 0.5]
		},
		"ground": {
			"translation": [0, 2, 0],
			"scale": [0.6, 0.6, 0.6]
		},
		"gui": {
			"rotation": [30, 135, 0],
			"translation": [0, -0.5, 0],
			"scale": [0.7, 0.7, 0.7]
		},
		"head": {
			"translation": [0, 10.25, 0]
		},
		"fixed": {
			"translation": [0, -1.75, 0],
			"scale": [0.7, 0.7, 0.7]
		}
	},
	"groups": [
		{
			"name": "pedestal",
			"children": [0, 1, 2, 3, 4, 5]
		},
		{
			"name": "base",
			"children": [6, 7, 8, 9, 10, 11]
		},
		{
			"name": "overlay",
			"children": [12, 13, 14, 15, 16, 17]
		}
	]
}