{
	"credit": "Made by Joanarr with Blockbench",
	"parent": "block/block",
	"textures": {
		"0": "block/diorite_wall",
		"1_0": "block/diorite_wall",
		"2_0": "block/diorite_wall",
		"3_0": "block/diorite_wall",
		"particle": "block/diorite_wall"
	},
	"elements": [
		{
			"from": [6.5, -0.5, -5.5],
			"to": [9.5, 13.5, -2.5],
			"rotation": {"angle": 0, "axis": "y", "origin": [8, 7.5, -8]},
			"faces": {
				"north": {"uv": [0, 8, 1.5, 15], "texture": "#0"},
				"east": {"uv": [0, 8, 1.5, 15], "texture": "#0"},
				"south": {"uv": [0, 8, 1.5, 15], "texture": "#0"},
				"west": {"uv": [0, 8, 1.5, 15], "texture": "#0"},
				"up": {"uv": [1.5, 8, 3, 9.5], "rotation": 180, "texture": "#0"},
				"down": {"uv": [1.5, 8, 3, 9.5], "rotation": 180, "texture": "#0"}
			}
		},
		{
			"from": [6, 6.5, -6.5],
			"to": [10, 7.5, -1.5],
			"rotation": {"angle": 0, "axis": "y", "origin": [8, 7.5, -8]},
			"faces": {
				"north": {"uv": [9, 8.5, 11, 9], "texture": "#0"},
				"east": {"uv": [6.5, 8.5, 9, 9], "texture": "#0"},
				"south": {"uv": [9, 8.5, 11, 9], "texture": "#0"},
				"west": {"uv": [6.5, 8.5, 9, 9], "texture": "#0"},
				"down": {"uv": [10, 9, 12.5, 11], "rotation": 270, "texture": "#0"}
			}
		},
		{
			"from": [6, 7.5, -7.5],
			"to": [10, 8.5, -0.5],
			"rotation": {"angle": 0, "axis": "y", "origin": [8, 7.5, -8]},
			"faces": {
				"east": {"uv": [6, 8, 9.5, 8.5], "texture": "#0"},
				"south": {"uv": [9.5, 8, 11.5, 8.5], "texture": "#0"},
				"west": {"uv": [6, 8, 9.5, 8.5], "texture": "#0"},
				"down": {"uv": [6, 9, 9.5, 11], "rotation": 270, "texture": "#0"}
			}
		},
		{
			"from": [6, 8.5, -8],
			"to": [10, 13, 0],
			"rotation": {"angle": 0, "axis": "y", "origin": [8, 7.5, -8]},
			"faces": {
				"east": {"uv": [6, 4.5, 10, 6.75], "texture": "#0"},
				"south": {"uv": [10, 4.5, 12, 6.75], "texture": "#0"},
				"west": {"uv": [6, 4.5, 10, 6.75], "texture": "#0"},
				"down": {"uv": [6, 6.75, 10, 7.75], "rotation": 270, "texture": "#0"}
			}
		},
		{
			"from": [6, 1.5, -4],
			"to": [10, 5, -2],
			"rotation": {"angle": 0, "axis": "y", "origin": [8, 7.5, -8]},
			"faces": {
				"east": {"uv": [1.5, 11.5, 2.5, 13.25], "texture": "#0"},
				"south": {"uv": [1.5, 11.5, 3.5, 13.25], "texture": "#0"},
				"west": {"uv": [2.5, 11.5, 3.5, 13.25], "texture": "#0"},
				"up": {"uv": [1.5, 9.5, 3.5, 10.5], "rotation": 180, "texture": "#0"},
				"down": {"uv": [1.5, 9.5, 3.5, 10.5], "texture": "#0"}
			}
		},
		{
			"from": [5, 13.5, -5],
			"to": [11, 15, 0],
			"rotation": {"angle": 0, "axis": "y", "origin": [8, 7.5, -8]},
			"faces": {
				"east": {"uv": [8, 12.25, 10.5, 13], "texture": "#0"},
				"south": {"uv": [8, 11.5, 11, 12.25], "texture": "#0"},
				"west": {"uv": [13.5, 12.25, 16, 13], "texture": "#0"},
				"up": {"uv": [8, 13, 10.75, 16], "rotation": 270, "texture": "#0"},
				"down": {"uv": [8, 13, 10.75, 16], "rotation": 90, "texture": "#0"}
			}
		},
		{
			"from": [5.5, 13, -8],
			"to": [10.5, 14, 0],
			"rotation": {"angle": 0, "axis": "y", "origin": [8, 7.5, -8]},
			"faces": {
				"east": {"uv": [8, 12.75, 12, 13], "texture": "#0"},
				"south": {"uv": [8.25, 12, 10.75, 12.25], "texture": "#0"},
				"west": {"uv": [12, 12.75, 16, 13], "texture": "#0"},
				"down": {"uv": [8, 13, 16, 13.25], "rotation": 270, "texture": "#0"}
			}
		},
		{
			"from": [6, 15, -5.5],
			"to": [10, 15.5, -1],
			"rotation": {"angle": 0, "axis": "y", "origin": [8, 7.5, -8]},
			"faces": {
				"east": {"uv": [5.75, 8.25, 6, 10.5], "rotation": 90, "texture": "#0"},
				"south": {"uv": [3.75, 15.25, 5.75, 15.5], "texture": "#0"},
				"west": {"uv": [3.5, 8.25, 3.75, 10.5], "rotation": 90, "texture": "#0"},
				"up": {"uv": [3.75, 8.25, 5.75, 10.5], "rotation": 180, "texture": "#0"}
			}
		},
		{
			"from": [6.5, -0.5, 18.5],
			"to": [9.5, 13.5, 21.5],
			"rotation": {"angle": 0, "axis": "y", "origin": [8, 7.5, 24]},
			"faces": {
				"north": {"uv": [0, 8, 1.5, 15], "texture": "#1_0"},
				"east": {"uv": [0, 8, 1.5, 15], "texture": "#1_0"},
				"south": {"uv": [0, 8, 1.5, 15], "texture": "#1_0"},
				"west": {"uv": [0, 8, 1.5, 15], "texture": "#1_0"},
				"up": {"uv": [1.5, 8, 3, 9.5], "texture": "#1_0"},
				"down": {"uv": [1.5, 8, 3, 9.5], "texture": "#1_0"}
			}
		},
		{
			"from": [6, 6.5, 17.5],
			"to": [10, 7.5, 22.5],
			"rotation": {"angle": 0, "axis": "y", "origin": [8, 7.5, 24]},
			"faces": {
				"north": {"uv": [9, 8.5, 11, 9], "texture": "#1_0"},
				"east": {"uv": [6.5, 8.5, 9, 9], "texture": "#1_0"},
				"south": {"uv": [9, 8.5, 11, 9], "texture": "#1_0"},
				"west": {"uv": [6.5, 8.5, 9, 9], "texture": "#1_0"},
				"down": {"uv": [10, 9, 12.5, 11], "rotation": 90, "texture": "#1_0"}
			}
		},
		{
			"from": [6, 7.5, 16.5],
			"to": [10, 8.5, 23.5],
			"rotation": {"angle": 0, "axis": "y", "origin": [8, 7.5, 24]},
			"faces": {
				"north": {"uv": [9.5, 8, 11.5, 8.5], "texture": "#1_0"},
				"east": {"uv": [6, 8, 9.5, 8.5], "texture": "#1_0"},
				"west": {"uv": [6, 8, 9.5, 8.5], "texture": "#1_0"},
				"down": {"uv": [6, 9, 9.5, 11], "rotation": 90, "texture": "#1_0"}
			}
		},
		{
			"from": [6, 8.5, 16],
			"to": [10, 13, 24],
			"rotation": {"angle": 0, "axis": "y", "origin": [8, 7.5, 24]},
			"faces": {
				"north": {"uv": [10, 4.5, 12, 6.75], "texture": "#1_0"},
				"east": {"uv": [6, 4.5, 10, 6.75], "texture": "#1_0"},
				"west": {"uv": [6, 4.5, 10, 6.75], "texture": "#1_0"},
				"down": {"uv": [6, 6.75, 10, 7.75], "rotation": 90, "texture": "#1_0"}
			}
		},
		{
			"from": [6, 1.5, 18],
			"to": [10, 5, 20],
			"rotation": {"angle": 0, "axis": "y", "origin": [8, 7.5, 24]},
			"faces": {
				"north": {"uv": [1.5, 11.5, 3.5, 13.25], "texture": "#1_0"},
				"east": {"uv": [2.5, 11.5, 3.5, 13.25], "texture": "#1_0"},
				"west": {"uv": [1.5, 11.5, 2.5, 13.25], "texture": "#1_0"},
				"up": {"uv": [1.5, 9.5, 3.5, 10.5], "texture": "#1_0"},
				"down": {"uv": [1.5, 9.5, 3.5, 10.5], "rotation": 180, "texture": "#1_0"}
			}
		},
		{
			"from": [5, 13.5, 16],
			"to": [11, 15, 21],
			"rotation": {"angle": 0, "axis": "y", "origin": [8, 8, 24]},
			"faces": {
				"north": {"uv": [8, 11.5, 11, 12.25], "texture": "#1_0"},
				"east": {"uv": [13.5, 12.25, 16, 13], "texture": "#1_0"},
				"west": {"uv": [8, 12.25, 10.5, 13], "texture": "#1_0"},
				"up": {"uv": [8, 13, 10.75, 16], "rotation": 90, "texture": "#1_0"},
				"down": {"uv": [8, 13, 10.75, 16], "rotation": 270, "texture": "#1_0"}
			}
		},
		{
			"from": [5.5, 13, 16],
			"to": [10.5, 14, 24],
			"rotation": {"angle": 0, "axis": "y", "origin": [8, 8, 24]},
			"faces": {
				"north": {"uv": [8.25, 12, 10.75, 12.25], "texture": "#1_0"},
				"east": {"uv": [12, 12.75, 16, 13], "texture": "#1_0"},
				"west": {"uv": [8, 12.75, 12, 13], "texture": "#1_0"},
				"down": {"uv": [8, 13, 16, 13.25], "rotation": 90, "texture": "#1_0"}
			}
		},
		{
			"from": [6, 15, 17],
			"to": [10, 15.5, 21.5],
			"rotation": {"angle": 0, "axis": "y", "origin": [8, 8, 24]},
			"faces": {
				"north": {"uv": [3.75, 15.25, 5.75, 15.5], "texture": "#1_0"},
				"east": {"uv": [3.5, 8.25, 3.75, 10.5], "rotation": 90, "texture": "#1_0"},
				"west": {"uv": [5.75, 8.25, 6, 10.5], "rotation": 90, "texture": "#1_0"},
				"up": {"uv": [3.75, 8.25, 5.75, 10.5], "texture": "#1_0"}
			}
		},
		{
			"from": [6.5, -0.5, 2.5],
			"to": [9.5, 13.5, 5.5],
			"rotation": {"angle": 0, "axis": "y", "origin": [8, 7.5, 8]},
			"faces": {
				"north": {"uv": [0, 8, 1.5, 15], "texture": "#2_0"},
				"east": {"uv": [0, 8, 1.5, 15], "texture": "#2_0"},
				"south": {"uv": [0, 8, 1.5, 15], "texture": "#2_0"},
				"west": {"uv": [0, 8, 1.5, 15], "texture": "#2_0"},
				"up": {"uv": [1.5, 8, 3, 9.5], "texture": "#2_0"},
				"down": {"uv": [1.5, 8, 3, 9.5], "texture": "#2_0"}
			}
		},
		{
			"from": [6.5, -0.5, 10.5],
			"to": [9.5, 13.5, 13.5],
			"rotation": {"angle": 0, "axis": "y", "origin": [8, 7.5, 8]},
			"faces": {
				"north": {"uv": [0, 8, 1.5, 15], "texture": "#2_0"},
				"east": {"uv": [0, 8, 1.5, 15], "texture": "#2_0"},
				"south": {"uv": [0, 8, 1.5, 15], "texture": "#2_0"},
				"west": {"uv": [0, 8, 1.5, 15], "texture": "#2_0"},
				"up": {"uv": [1.5, 8, 3, 9.5], "texture": "#2_0"},
				"down": {"uv": [1.5, 8, 3, 9.5], "texture": "#2_0"}
			}
		},
		{
			"from": [6, 6.5, 9.5],
			"to": [10, 7.5, 14.5],
			"rotation": {"angle": 0, "axis": "y", "origin": [8, 7.5, 16]},
			"faces": {
				"north": {"uv": [9, 8.5, 11, 9], "texture": "#2_0"},
				"east": {"uv": [6.5, 8.5, 9, 9], "texture": "#2_0"},
				"south": {"uv": [9, 8.5, 11, 9], "texture": "#2_0"},
				"west": {"uv": [6.5, 8.5, 9, 9], "texture": "#2_0"},
				"down": {"uv": [10, 9, 12.5, 11], "rotation": 90, "texture": "#2_0"}
			}
		},
		{
			"from": [6, 6.5, 1.5],
			"to": [10, 7.5, 6.5],
			"rotation": {"angle": 0, "axis": "y", "origin": [8, 7.5, 8]},
			"faces": {
				"north": {"uv": [9, 8.5, 11, 9], "texture": "#2_0"},
				"east": {"uv": [6.5, 8.5, 9, 9], "texture": "#2_0"},
				"south": {"uv": [9, 8.5, 11, 9], "texture": "#2_0"},
				"west": {"uv": [6.5, 8.5, 9, 9], "texture": "#2_0"},
				"down": {"uv": [10, 9, 12.5, 11], "rotation": 90, "texture": "#2_0"}
			}
		},
		{
			"from": [6, 7.5, 8.5],
			"to": [10, 8.5, 15.5],
			"rotation": {"angle": 0, "axis": "y", "origin": [8, 7.5, 16]},
			"faces": {
				"north": {"uv": [9.5, 8, 11.5, 8.5], "texture": "#2_0"},
				"east": {"uv": [6, 8, 9.5, 8.5], "texture": "#2_0"},
				"south": {"uv": [9.5, 8, 11.5, 8.5], "texture": "#2_0"},
				"west": {"uv": [6, 8, 9.5, 8.5], "texture": "#2_0"},
				"down": {"uv": [6, 9, 9.5, 11], "rotation": 90, "texture": "#2_0"}
			}
		},
		{
			"from": [6, 7.5, 0.5],
			"to": [10, 8.5, 7.5],
			"rotation": {"angle": 0, "axis": "y", "origin": [8, 7.5, 8]},
			"faces": {
				"north": {"uv": [9.5, 8, 11.5, 8.5], "texture": "#2_0"},
				"east": {"uv": [6, 8, 9.5, 8.5], "texture": "#2_0"},
				"south": {"uv": [9.5, 8, 11.5, 8.5], "texture": "#2_0"},
				"west": {"uv": [6, 8, 9.5, 8.5], "texture": "#2_0"},
				"down": {"uv": [6, 9, 9.5, 11], "rotation": 90, "texture": "#2_0"}
			}
		},
		{
			"from": [6, 8.5, 0],
			"to": [10, 13, 8],
			"rotation": {"angle": 0, "axis": "y", "origin": [8, 7.5, 8]},
			"faces": {
				"north": {"uv": [10, 4.5, 12, 6.75], "texture": "#2_0"},
				"east": {"uv": [6, 4.5, 10, 6.75], "texture": "#2_0"},
				"west": {"uv": [6, 4.5, 10, 6.75], "texture": "#2_0"},
				"down": {"uv": [6, 6.75, 10, 7.75], "rotation": 90, "texture": "#2_0"}
			}
		},
		{
			"from": [6, 8.5, 8],
			"to": [10, 13, 16],
			"rotation": {"angle": 0, "axis": "y", "origin": [8, 7.5, 8]},
			"faces": {
				"east": {"uv": [6, 4.5, 10, 6.75], "texture": "#2_0"},
				"south": {"uv": [10, 4.5, 12, 6.75], "texture": "#2_0"},
				"west": {"uv": [6, 4.5, 10, 6.75], "texture": "#2_0"},
				"down": {"uv": [6, 6.75, 10, 7.75], "rotation": 270, "texture": "#2_0"}
			}
		},
		{
			"from": [6, 1.5, 10],
			"to": [10, 5, 14],
			"rotation": {"angle": 0, "axis": "y", "origin": [8, 7.5, 8]},
			"faces": {
				"north": {"uv": [1.5, 11.5, 3.5, 13.25], "texture": "#2_0"},
				"east": {"uv": [1.5, 11.5, 3.5, 13.25], "texture": "#2_0"},
				"south": {"uv": [1.5, 11.5, 3.5, 13.25], "texture": "#2_0"},
				"west": {"uv": [1.5, 11.5, 3.5, 13.25], "texture": "#2_0"},
				"up": {"uv": [1.5, 9.5, 3.5, 11.5], "texture": "#2_0"},
				"down": {"uv": [1.5, 9.5, 3.5, 11.5], "texture": "#2_0"}
			}
		},
		{
			"from": [6, 1.5, 2],
			"to": [10, 5, 6],
			"rotation": {"angle": 0, "axis": "y", "origin": [8, 7.5, 8]},
			"faces": {
				"north": {"uv": [1.5, 11.5, 3.5, 13.25], "texture": "#2_0"},
				"east": {"uv": [1.5, 11.5, 3.5, 13.25], "texture": "#2_0"},
				"south": {"uv": [1.5, 11.5, 3.5, 13.25], "texture": "#2_0"},
				"west": {"uv": [1.5, 11.5, 3.5, 13.25], "texture": "#2_0"},
				"up": {"uv": [1.5, 9.5, 3.5, 11.5], "texture": "#2_0"},
				"down": {"uv": [1.5, 9.5, 3.5, 11.5], "texture": "#2_0"}
			}
		},
		{
			"from": [5, 13.5, 0],
			"to": [11, 15, 16],
			"faces": {
				"north": {"uv": [8, 11.5, 11, 12.25], "texture": "#2_0"},
				"east": {"uv": [8, 12.25, 16, 13], "texture": "#2_0"},
				"south": {"uv": [8, 11.5, 11, 12.25], "texture": "#2_0"},
				"west": {"uv": [8, 12.25, 16, 13], "texture": "#2_0"},
				"up": {"uv": [8, 13, 16, 16], "rotation": 90, "texture": "#2_0"},
				"down": {"uv": [8, 13, 16, 16], "rotation": 90, "texture": "#2_0"}
			}
		},
		{
			"from": [5.5, 13, 0],
			"to": [10.5, 13.5, 16],
			"faces": {
				"north": {"uv": [8.25, 12, 10.75, 12.25], "texture": "#2_0"},
				"east": {"uv": [8, 12.75, 16, 13], "texture": "#2_0"},
				"south": {"uv": [8.25, 12, 10.75, 12.25], "texture": "#2_0"},
				"west": {"uv": [8, 12.75, 16, 13], "texture": "#2_0"},
				"down": {"uv": [8, 13, 16, 13.25], "rotation": 90, "texture": "#2_0"}
			}
		},
		{
			"from": [6, 15, 1],
			"to": [10, 15.5, 15],
			"faces": {
				"north": {"uv": [3.75, 15.25, 5.75, 15.5], "texture": "#2_0"},
				"east": {"uv": [3.5, 8.25, 3.75, 15.25], "rotation": 90, "texture": "#2_0"},
				"south": {"uv": [3.75, 8, 5.75, 8.25], "texture": "#2_0"},
				"west": {"uv": [5.75, 8.25, 6, 15.25], "rotation": 90, "texture": "#2_0"},
				"up": {"uv": [3.75, 8.25, 5.75, 15.25], "texture": "#2_0"}
			}
		},
		{
			"from": [5.5, 15, 5.5],
			"to": [10.5, 16, 10.5],
			"faces": {
				"north": {"uv": [13.5, 2.5, 16, 3], "texture": "#2_0"},
				"east": {"uv": [13.5, 2.5, 16, 3], "texture": "#2_0"},
				"south": {"uv": [13.5, 2.5, 16, 3], "texture": "#2_0"},
				"west": {"uv": [13.5, 2.5, 16, 3], "texture": "#2_0"},
				"up": {"uv": [13.5, 0, 16, 2.5], "texture": "#2_0"}
			}
		},
		{
			"from": [5, 0, 21],
			"to": [11, 6, 27],
			"rotation": {"angle": 0, "axis": "y", "origin": [8, 8, 24]},
			"faces": {
				"north": {"uv": [0, 0, 3, 3], "texture": "#3_0"},
				"east": {"uv": [0, 0, 3, 3], "texture": "#3_0"},
				"south": {"uv": [0, 0, 3, 3], "texture": "#3_0"},
				"west": {"uv": [0, 0, 3, 3], "texture": "#3_0"},
				"up": {"uv": [0, 0, 3, 3], "texture": "#3_0"},
				"down": {"uv": [0, 0, 3, 3], "texture": "#3_0"}
			}
		},
		{
			"from": [5, 14, 21],
			"to": [11, 16, 27],
			"rotation": {"angle": 0, "axis": "y", "origin": [8, 8, 24]},
			"faces": {
				"north": {"uv": [0, 3, 3, 4], "texture": "#3_0"},
				"east": {"uv": [0, 3, 3, 4], "texture": "#3_0"},
				"south": {"uv": [0, 3, 3, 4], "texture": "#3_0"},
				"west": {"uv": [0, 3, 3, 4], "texture": "#3_0"},
				"up": {"uv": [0, 0, 3, 3], "texture": "#3_0"},
				"down": {"uv": [0, 0, 3, 3], "texture": "#3_0"}
			}
		},
		{
			"from": [4, 1, 20],
			"to": [12, 5, 28],
			"rotation": {"angle": 0, "axis": "y", "origin": [8, 8, 24]},
			"faces": {
				"north": {"uv": [9.5, 0, 13.5, 2], "texture": "#3_0"},
				"east": {"uv": [9.5, 0, 13.5, 2], "texture": "#3_0"},
				"south": {"uv": [9.5, 0, 13.5, 2], "texture": "#3_0"},
				"west": {"uv": [9.5, 0, 13.5, 2], "texture": "#3_0"},
				"up": {"uv": [2, 4, 6, 8], "texture": "#3_0"},
				"down": {"uv": [2, 4, 6, 8], "texture": "#3_0"}
			}
		},
		{
			"from": [6, 6, 22],
			"to": [10, 14, 26],
			"rotation": {"angle": 45, "axis": "y", "origin": [8, 8, 24]},
			"faces": {
				"north": {"uv": [0, 4, 2, 8], "texture": "#3_0"},
				"east": {"uv": [0, 4, 2, 8], "texture": "#3_0"},
				"south": {"uv": [0, 4, 2, 8], "texture": "#3_0"},
				"west": {"uv": [0, 4, 2, 8], "texture": "#3_0"}
			}
		},
		{
			"from": [7, 5.5, 20],
			"to": [9, 14.5, 28],
			"rotation": {"angle": 0, "axis": "y", "origin": [8, 8, 24]},
			"faces": {
				"north": {"uv": [8.5, 0, 9.5, 4.5], "texture": "#3_0"},
				"east": {"uv": [3, 0, 7.5, 4], "rotation": 90, "texture": "#3_0"},
				"south": {"uv": [8.5, 0, 9.5, 4.5], "texture": "#3_0"},
				"west": {"uv": [3, 0, 7.5, 4], "rotation": 90, "texture": "#3_0"},
				"up": {"uv": [7.5, 0, 8.5, 4], "texture": "#3_0"},
				"down": {"uv": [7.5, 0, 8.5, 4], "texture": "#3_0"}
			}
		},
		{
			"from": [4, 5.5, 23],
			"to": [12, 14.5, 25],
			"rotation": {"angle": 0, "axis": "y", "origin": [8, 8, 24]},
			"faces": {
				"north": {"uv": [3, 0, 7.5, 4], "rotation": 90, "texture": "#3_0"},
				"east": {"uv": [8.5, 0, 9.5, 4.5], "texture": "#3_0"},
				"south": {"uv": [3, 0, 7.5, 4], "rotation": 90, "texture": "#3_0"},
				"west": {"uv": [8.5, 0, 9.5, 4.5], "texture": "#3_0"},
				"up": {"uv": [7.5, 0, 8.5, 4], "rotation": 270, "texture": "#3_0"},
				"down": {"uv": [7.5, 0, 8.5, 4], "rotation": 90, "texture": "#3_0"}
			}
		},
		{
			"from": [5, 0, -11],
			"to": [11, 6, -5],
			"rotation": {"angle": 0, "axis": "y", "origin": [8, 8, -8]},
			"faces": {
				"north": {"uv": [0, 0, 3, 3], "texture": "#3_0"},
				"east": {"uv": [0, 0, 3, 3], "texture": "#3_0"},
				"south": {"uv": [0, 0, 3, 3], "texture": "#3_0"},
				"west": {"uv": [0, 0, 3, 3], "texture": "#3_0"},
				"up": {"uv": [0, 0, 3, 3], "texture": "#3_0"},
				"down": {"uv": [0, 0, 3, 3], "texture": "#3_0"}
			}
		},
		{
			"from": [5, 14, -11],
			"to": [11, 16, -5],
			"rotation": {"angle": 0, "axis": "y", "origin": [8, 8, -8]},
			"faces": {
				"north": {"uv": [0, 3, 3, 4], "texture": "#3_0"},
				"east": {"uv": [0, 3, 3, 4], "texture": "#3_0"},
				"south": {"uv": [0, 3, 3, 4], "texture": "#3_0"},
				"west": {"uv": [0, 3, 3, 4], "texture": "#3_0"},
				"up": {"uv": [0, 0, 3, 3], "texture": "#3_0"},
				"down": {"uv": [0, 0, 3, 3], "texture": "#3_0"}
			}
		},
		{
			"from": [4, 1, -12],
			"to": [12, 5, -4],
			"rotation": {"angle": 0, "axis": "y", "origin": [8, 8, -8]},
			"faces": {
				"north": {"uv": [9.5, 0, 13.5, 2], "texture": "#3_0"},
				"east": {"uv": [9.5, 0, 13.5, 2], "texture": "#3_0"},
				"south": {"uv": [9.5, 0, 13.5, 2], "texture": "#3_0"},
				"west": {"uv": [9.5, 0, 13.5, 2], "texture": "#3_0"},
				"up": {"uv": [2, 4, 6, 8], "texture": "#3_0"},
				"down": {"uv": [2, 4, 6, 8], "texture": "#3_0"}
			}
		},
		{
			"from": [6, 6, -10],
			"to": [10, 14, -6],
			"rotation": {"angle": 45, "axis": "y", "origin": [8, 8, -8]},
			"faces": {
				"north": {"uv": [0, 4, 2, 8], "texture": "#3_0"},
				"east": {"uv": [0, 4, 2, 8], "texture": "#3_0"},
				"south": {"uv": [0, 4, 2, 8], "texture": "#3_0"},
				"west": {"uv": [0, 4, 2, 8], "texture": "#3_0"}
			}
		},
		{
			"from": [7, 5.5, -12],
			"to": [9, 14.5, -4],
			"rotation": {"angle": 0, "axis": "y", "origin": [8, 8, -8]},
			"faces": {
				"north": {"uv": [8.5, 0, 9.5, 4.5], "texture": "#3_0"},
				"east": {"uv": [3, 0, 7.5, 4], "rotation": 90, "texture": "#3_0"},
				"south": {"uv": [8.5, 0, 9.5, 4.5], "texture": "#3_0"},
				"west": {"uv": [3, 0, 7.5, 4], "rotation": 90, "texture": "#3_0"},
				"up": {"uv": [7.5, 0, 8.5, 4], "texture": "#3_0"},
				"down": {"uv": [7.5, 0, 8.5, 4], "texture": "#3_0"}
			}
		},
		{
			"from": [4, 5.5, -9],
			"to": [12, 14.5, -7],
			"rotation": {"angle": 0, "axis": "y", "origin": [8, 8, -8]},
			"faces": {
				"north": {"uv": [3, 0, 7.5, 4], "rotation": 90, "texture": "#3_0"},
				"east": {"uv": [8.5, 0, 9.5, 4.5], "texture": "#3_0"},
				"south": {"uv": [3, 0, 7.5, 4], "rotation": 90, "texture": "#3_0"},
				"west": {"uv": [8.5, 0, 9.5, 4.5], "texture": "#3_0"},
				"up": {"uv": [7.5, 0, 8.5, 4], "rotation": 270, "texture": "#3_0"},
				"down": {"uv": [7.5, 0, 8.5, 4], "rotation": 90, "texture": "#3_0"}
			}
		}
	],
	"groups": [0, 1, 2, 3, 4, 5, 6, 7,
		{
			"name": "diorite_wall_side_ne",
			"origin": [8, 8, 8],
			"children": [8, 9, 10, 11, 12, 13, 14, 15]
		},
		{
			"name": "diorite_wall_railing",
			"origin": [8, 8, 8],
			"children": [16, 17, 18, 19, 20, 21, 22, 23, 24, 25, 26, 27, 28, 29]
		},
		{
			"name": "diorite_wall_post",
			"origin": [8, 8, 8],
			"children": [30, 31, 32, 33, 34, 35]
		},
		{
			"name": "diorite_wall_post",
			"origin": [8, 8, 8],
			"children": [36, 37, 38, 39, 40, 41]
		}
	]
}