{
	"credit": "Made By WantedRobot",
	"textures": {
		"particle": "block/oak_fence",
		"4_0": "block/oak_fence"
	},
	"elements": [
		{
			"from": [8.5, 0, 8.5],
			"to": [9.5, 16, 9.5],
			"faces": {
				"north": {"uv": [0.016, 0.5, 15.984, 1.5], "rotation": 90, "texture": "#4_0"},
				"east": {"uv": [0.016, 0.5, 15.984, 1.5], "rotation": 90, "texture": "#4_0"},
				"south": {"uv": [0.016, 0.5, 15.984, 1.5], "rotation": 90, "texture": "#4_0"},
				"west": {"uv": [0.016, 0.5, 15.984, 1.5], "rotation": 90, "texture": "#4_0"},
				"up": {"uv": [0.016, 0.016, 0.984, 0.984], "rotation": 90, "texture": "#4_0", "cullface": "up"},
				"down": {"uv": [0.016, 0.016, 0.984, 0.984], "rotation": 90, "texture": "#4_0", "cullface": "down"}
			}
		},
		{
			"from": [8.5, 0, 6.5],
			"to": [9.5, 16, 7.5],
			"faces": {
				"north": {"uv": [0.016, 0.5, 15.984, 1.5], "rotation": 90, "texture": "#4_0"},
				"east": {"uv": [0.016, 0.5, 15.984, 1.5], "rotation": 90, "texture": "#4_0"},
				"south": {"uv": [0.016, 0.5, 15.984, 1.5], "rotation": 90, "texture": "#4_0"},
				"west": {"uv": [0.016, 0.5, 15.984, 1.5], "rotation": 90, "texture": "#4_0"},
				"up": {"uv": [0.016, 0.016, 0.984, 0.984], "rotation": 90, "texture": "#4_0", "cullface": "up"},
				"down": {"uv": [0.016, 0.016, 0.984, 0.984], "rotation": 90, "texture": "#4_0", "cullface": "down"}
			}
		},
		{
			"from": [6.5, 0, 8.5],
			"to": [7.5, 16, 9.5],
			"faces": {
				"north": {"uv": [0.016, 0.5, 15.984, 1.5], "rotation": 90, "texture": "#4_0"},
				"east": {"uv": [0.016, 0.5, 15.984, 1.5], "rotation": 90, "texture": "#4_0"},
				"south": {"uv": [0.016, 0.5, 15.984, 1.5], "rotation": 90, "texture": "#4_0"},
				"west": {"uv": [0.016, 0.5, 15.984, 1.5], "rotation": 90, "texture": "#4_0"},
				"up": {"uv": [0.016, 0.016, 0.984, 0.984], "rotation": 90, "texture": "#4_0", "cullface": "up"},
				"down": {"uv": [0.016, 0.016, 0.984, 0.984], "rotation": 90, "texture": "#4_0", "cullface": "down"}
			}
		},
		{
			"from": [6.5, 0, 6.5],
			"to": [7.5, 16, 7.5],
			"faces": {
				"north": {"uv": [0.016, 0.5, 15.984, 1.5], "rotation": 90, "texture": "#4_0"},
				"east": {"uv": [0.016, 0.5, 15.984, 1.5], "rotation": 90, "texture": "#4_0"},
				"south": {"uv": [0.016, 0.5, 15.984, 1.5], "rotation": 90, "texture": "#4_0"},
				"west": {"uv": [0.016, 0.5, 15.984, 1.5], "rotation": 90, "texture": "#4_0"},
				"up": {"uv": [0.016, 0.016, 0.984, 0.984], "rotation": 90, "texture": "#4_0", "cullface": "up"},
				"down": {"uv": [0.016, 0.016, 0.984, 0.984], "rotation": 90, "texture": "#4_0", "cullface": "down"}
			}
		}
	],
	"groups": [
		{
			"name": "oak_fence_post_x",
			"origin": [8, 8, 8],
			"children": [0, 1, 2, 3]
		}
	]
}