{
	"credit": "Made with Blockbench",
	"textures": {
		"0": "block/carved_pumpkin",
		"1": "block/pumpkin_side",
		"2": "block/pumpkin_top",
		"3": "block/pumpkin_in",
		"particle": "block/carved_pumpkin"
	},
	"elements": [
		{
			"from": [1, 1, 0],
			"to": [15, 2.5, 1],
			"faces": {
				"north": {"uv": [1.032, 13.5, 14.968, 14.968], "texture": "#0", "cullface": "north"},
				"south": {"uv": [0.032, 0.032, 13.968, 1.5], "texture": "#3"},
				"up": {"uv": [1, 12.5, 14.936, 12.968], "rotation": 180, "texture": "#0"}
			}
		},
		{
			"from": [13, 2.5, 0],
			"to": [15, 9, 1],
			"faces": {
				"north": {"uv": [1.032, 7.032, 2.968, 13.5], "texture": "#0", "cullface": "north"},
				"south": {"uv": [0.032, 0.032, 1.968, 6.5], "texture": "#3"},
				"west": {"uv": [3.5, 6.5, 3.968, 12.968], "texture": "#0"},
				"up": {"uv": [2.5, 6.5, 2.968, 6.968], "rotation": 270, "texture": "#0"}
			}
		},
		{
			"from": [1, 2.5, 0],
			"to": [3, 9.5, 1],
			"faces": {
				"north": {"uv": [13.032, 6.5, 14.968, 13.5], "texture": "#0", "cullface": "north"},
				"east": {"uv": [6.032, 5.5, 6.5, 5.968], "texture": "#0"},
				"south": {"uv": [0.032, 0.032, 1.968, 6.968], "texture": "#3"},
				"up": {"uv": [6.032, 5.5, 6.5, 5.968], "rotation": 270, "texture": "#0"}
			}
		},
		{
			"from": [1, 9.5, 0],
			"to": [2.5, 15, 1],
			"faces": {
				"north": {"uv": [13.5, 1.032, 14.968, 6.5], "texture": "#0", "cullface": "north"},
				"east": {"uv": [13.032, 1.032, 13.5, 6.5], "texture": "#0"},
				"south": {"uv": [0.032, 0.032, 1.5, 5.5], "texture": "#3"}
			}
		},
		{
			"from": [13.5, 9, 0],
			"to": [15, 15, 1],
			"faces": {
				"north": {"uv": [1.032, 1.032, 2.5, 6.968], "texture": "#0", "cullface": "north"},
				"south": {"uv": [0.032, 0.032, 1.5, 5.968], "texture": "#3"},
				"west": {"uv": [2.5, 1.032, 2.968, 6.968], "texture": "#0"}
			}
		},
		{
			"from": [2.5, 14, 0],
			"to": [13.5, 15, 1],
			"faces": {
				"north": {"uv": [2.5, 1.032, 13.5, 1.968], "texture": "#0", "cullface": "north"},
				"south": {"uv": [0.032, 0.032, 10.968, 0.968], "texture": "#3"},
				"down": {"uv": [2.5, 2.5, 13.5, 2.968], "texture": "#0"}
			}
		},
		{
			"from": [4, 2.5, 0],
			"to": [12.5, 3, 1],
			"faces": {
				"north": {"uv": [3.5, 13.032, 11.968, 13.5], "texture": "#0", "cullface": "north"},
				"east": {"uv": [4.032, 11.032, 4.5, 11.5], "texture": "#0"},
				"south": {"uv": [0.032, 0.032, 8.5, 0.5], "texture": "#3"},
				"west": {"uv": [4.032, 11.032, 4.5, 11.5], "texture": "#0"},
				"up": {"uv": [3.5, 11.5, 11.968, 11.968], "texture": "#0"}
			}
		},
		{
			"from": [4.5, 3, 0],
			"to": [12, 3.5, 1],
			"faces": {
				"north": {"uv": [4.032, 12.5, 11.5, 12.968], "texture": "#0", "cullface": "north"},
				"east": {"uv": [4.032, 11.032, 4.5, 11.5], "texture": "#0"},
				"south": {"uv": [0.032, 0.032, 7.5, 0.5], "texture": "#3"},
				"west": {"uv": [4.032, 11.032, 4.5, 11.5], "texture": "#0"},
				"up": {"uv": [4.032, 11.032, 11.5, 11.5], "texture": "#0"}
			}
		},
		{
			"from": [5, 3.5, 0],
			"to": [11.5, 4, 1],
			"faces": {
				"north": {"uv": [4.5, 12.032, 10.968, 12.5], "texture": "#0", "cullface": "north"},
				"east": {"uv": [4.032, 11.032, 4.5, 11.5], "texture": "#0"},
				"south": {"uv": [0.032, 0.032, 6.5, 0.5], "texture": "#3"},
				"west": {"uv": [4.032, 11.032, 4.5, 11.5], "texture": "#0"},
				"up": {"uv": [4.5, 10.5, 10.968, 10.968], "texture": "#0"}
			}
		},
		{
			"from": [5.5, 4, 0],
			"to": [11, 4.5, 1],
			"faces": {
				"north": {"uv": [5.032, 11.5, 10.5, 11.968], "texture": "#0", "cullface": "north"},
				"east": {"uv": [4.032, 11.032, 4.5, 11.5], "texture": "#0"},
				"south": {"uv": [0.032, 0.032, 5.5, 0.5], "texture": "#3"},
				"west": {"uv": [4.032, 11.032, 4.5, 11.5], "texture": "#0"},
				"up": {"uv": [5.032, 10.032, 10.5, 10.5], "rotation": 180, "texture": "#0"}
			}
		},
		{
			"from": [6.5, 4.5, 0],
			"to": [10, 5, 1],
			"faces": {
				"north": {"uv": [6.032, 11.032, 9.5, 11.5], "texture": "#0", "cullface": "north"},
				"east": {"uv": [4.032, 11.032, 4.5, 11.5], "texture": "#0"},
				"south": {"uv": [0.032, 0.032, 3.5, 0.5], "texture": "#3"},
				"west": {"uv": [4.032, 11.032, 4.5, 11.5], "texture": "#0"},
				"up": {"uv": [6.032, 10.5, 9.5, 10.968], "rotation": 180, "texture": "#0"}
			}
		},
		{
			"from": [3, 6.5, 0],
			"to": [13, 8.5, 1],
			"faces": {
				"north": {"uv": [3.032, 7.5, 12.968, 9.5], "texture": "#0", "cullface": "north"},
				"south": {"uv": [0.032, 0.032, 9.968, 1.968], "texture": "#3"},
				"up": {"uv": [3, 6.5, 12.936, 6.968], "rotation": 180, "texture": "#0"},
				"down": {"uv": [3.032, 9.5, 12.968, 9.968], "rotation": 180, "texture": "#0"}
			}
		},
		{
			"from": [10, 6, 0],
			"to": [13, 6.5, 1],
			"faces": {
				"north": {"uv": [3.032, 9.5, 5.968, 9.968], "texture": "#0", "cullface": "north"},
				"south": {"uv": [0.032, 0.032, 2.968, 0.5], "texture": "#3"},
				"west": {"uv": [4.032, 11.032, 4.5, 11.5], "texture": "#0"},
				"down": {"uv": [3.032, 10.032, 5.968, 10.5], "rotation": 180, "texture": "#0"}
			}
		},
		{
			"from": [11, 5.5, 0],
			"to": [13, 6, 1],
			"faces": {
				"north": {"uv": [3.032, 10.032, 4.968, 10.5], "texture": "#0", "cullface": "north"},
				"south": {"uv": [0.032, 0.032, 1.968, 0.5], "texture": "#3"},
				"west": {"uv": [4.032, 11.032, 4.5, 11.5], "texture": "#0"},
				"down": {"uv": [3.032, 10.5, 4.968, 10.968], "rotation": 180, "texture": "#0"}
			}
		},
		{
			"from": [11.5, 5, 0],
			"to": [13, 5.5, 1],
			"faces": {
				"north": {"uv": [3.032, 10.5, 4.5, 10.968], "texture": "#0", "cullface": "north"},
				"south": {"uv": [0.032, 0.032, 1.5, 0.5], "texture": "#3"},
				"west": {"uv": [4.032, 11.032, 4.5, 11.5], "texture": "#0"},
				"down": {"uv": [3.032, 11.032, 4.5, 11.5], "rotation": 180, "texture": "#0"}
			}
		},
		{
			"from": [12, 4.5, 0],
			"to": [13, 5, 1],
			"faces": {
				"north": {"uv": [3.032, 11.032, 3.968, 11.5], "texture": "#0", "cullface": "north"},
				"south": {"uv": [0.032, 0.032, 0.968, 0.5], "texture": "#3"},
				"west": {"uv": [4.032, 11.032, 4.5, 11.5], "texture": "#0"},
				"down": {"uv": [3.032, 11.5, 3.968, 11.968], "rotation": 180, "texture": "#0"}
			}
		},
		{
			"from": [12.5, 3.5, 0],
			"to": [13, 4.5, 1],
			"faces": {
				"north": {"uv": [3.032, 11.5, 3.5, 12.5], "texture": "#0", "cullface": "north"},
				"south": {"uv": [0.032, 0.032, 0.5, 0.968], "texture": "#3"},
				"west": {"uv": [3.5, 11.5, 3.968, 12.5], "texture": "#0"},
				"down": {"uv": [4.032, 11.032, 4.5, 11.5], "rotation": 90, "texture": "#0"}
			}
		},
		{
			"from": [3, 6, 0],
			"to": [6.5, 6.5, 1],
			"faces": {
				"north": {"uv": [9.5, 9.5, 12.968, 9.968], "texture": "#0", "cullface": "north"},
				"east": {"uv": [4.032, 11.032, 4.5, 11.5], "texture": "#0"},
				"south": {"uv": [0.032, 0.032, 3.5, 0.5], "texture": "#3"},
				"down": {"uv": [9.5, 10.032, 12.968, 10.5], "rotation": 180, "texture": "#0"}
			}
		},
		{
			"from": [3, 5.5, 0],
			"to": [5.5, 6, 1],
			"faces": {
				"north": {"uv": [10.5, 10.032, 12.968, 10.5], "texture": "#0", "cullface": "north"},
				"east": {"uv": [4.032, 11.032, 4.5, 11.5], "texture": "#0"},
				"south": {"uv": [0.032, 0.032, 2.5, 0.5], "texture": "#3"},
				"down": {"uv": [10.5, 10.5, 12.968, 10.968], "rotation": 180, "texture": "#0"}
			}
		},
		{
			"from": [3, 5, 0],
			"to": [5, 5.5, 1],
			"faces": {
				"north": {"uv": [11.032, 10.5, 12.968, 10.968], "texture": "#0", "cullface": "north"},
				"east": {"uv": [4.032, 11.032, 4.5, 11.5], "texture": "#0"},
				"south": {"uv": [0.032, 0.032, 1.968, 0.5], "texture": "#3"},
				"down": {"uv": [11.032, 11.032, 12.968, 11.5], "rotation": 180, "texture": "#0"}
			}
		},
		{
			"from": [3, 4.5, 0],
			"to": [4.5, 5, 1],
			"faces": {
				"north": {"uv": [11.5, 11.032, 12.968, 11.5], "texture": "#0", "cullface": "north"},
				"east": {"uv": [4.032, 11.032, 4.5, 11.5], "texture": "#0"},
				"south": {"uv": [0.032, 0.032, 1.5, 0.5], "texture": "#3"},
				"down": {"uv": [11.5, 11.5, 12.968, 11.968], "rotation": 180, "texture": "#0"}
			}
		},
		{
			"from": [3, 2.5, 0],
			"to": [3.5, 4, 1],
			"faces": {
				"north": {"uv": [12.5, 12.032, 12.968, 13.5], "texture": "#0", "cullface": "north"},
				"east": {"uv": [12.032, 12.032, 12.5, 13.5], "texture": "#0"},
				"south": {"uv": [0.032, 0.032, 0.5, 1.5], "texture": "#3"}
			}
		},
		{
			"from": [7, 10.5, 0],
			"to": [9, 14, 1],
			"faces": {
				"north": {"uv": [7, 2, 8.936, 4.968], "texture": "#0", "cullface": "north"},
				"east": {"uv": [5, 2.5, 6, 6], "texture": "#0"},
				"south": {"uv": [0.032, 0.032, 1.968, 5.5], "texture": "#3"},
				"west": {"uv": [5, 2.5, 6, 6], "texture": "#0"}
			}
		},
		{
			"from": [6, 9.5, 0],
			"to": [10, 10, 1],
			"faces": {
				"north": {"uv": [6.032, 6.032, 9.968, 6.5], "texture": "#0", "cullface": "north"},
				"east": {"uv": [6.032, 5.5, 6.5, 5.968], "texture": "#0"},
				"south": {"uv": [0.032, 0.032, 0.5, 2.5], "texture": "#3"},
				"west": {"uv": [5, 2.5, 6, 3], "texture": "#0"},
				"up": {"uv": [6.032, 5.5, 6.5, 5.968], "rotation": 270, "texture": "#0"}
			}
		},
		{
			"from": [6, 13.5, 0],
			"to": [9.5, 14, 1],
			"faces": {
				"north": {"uv": [6.5, 2.032, 9.968, 2.5], "texture": "#0", "cullface": "north"},
				"east": {"uv": [6.032, 5.5, 6.5, 5.968], "texture": "#0"},
				"south": {"uv": [0.032, 0.032, 0.5, 0.5], "texture": "#3"},
				"down": {"uv": [6.032, 5.5, 6.5, 5.968], "rotation": 90, "texture": "#0"}
			}
		},
		{
			"from": [11, 13.5, 0],
			"to": [13.5, 14, 1],
			"faces": {
				"north": {"uv": [2.5, 2.032, 4.968, 2.5], "texture": "#0", "cullface": "north"},
				"south": {"uv": [0.032, 0.032, 2.5, 0.5], "texture": "#3"},
				"west": {"uv": [6.032, 5.5, 6.5, 5.968], "texture": "#0"},
				"down": {"uv": [2.5, 2.5, 4.968, 2.968], "rotation": 180, "texture": "#0"}
			}
		},
		{
			"from": [12, 13, 0],
			"to": [13.5, 13.5, 1],
			"faces": {
				"north": {"uv": [2.5, 2.5, 3.968, 2.968], "texture": "#0", "cullface": "north"},
				"south": {"uv": [0.032, 0.032, 1.5, 0.5], "texture": "#3"},
				"west": {"uv": [6.032, 5.5, 6.5, 5.968], "texture": "#0"},
				"down": {"uv": [3.032, 3.032, 3.968, 3.5], "rotation": 180, "texture": "#0"}
			}
		},
		{
			"from": [13, 12, 0],
			"to": [13.5, 13, 1],
			"faces": {
				"north": {"uv": [2.5, 3.032, 2.968, 3.968], "texture": "#0", "cullface": "north"},
				"south": {"uv": [0.032, 0.032, 0.5, 0.968], "texture": "#3"},
				"west": {"uv": [3.032, 3.032, 3.5, 3.968], "texture": "#0"},
				"down": {"uv": [6.032, 5.5, 6.5, 5.968], "rotation": 90, "texture": "#0"}
			}
		},
		{
			"from": [5.5, 9, 0],
			"to": [10.5, 9.5, 1],
			"faces": {
				"north": {"uv": [5.5, 6.5, 10.5, 6.968], "texture": "#0", "cullface": "north"},
				"east": {"uv": [6.032, 5.5, 6.5, 5.968], "texture": "#0"},
				"south": {"uv": [0.032, 0.032, 0.5, 0.968], "texture": "#3"},
				"west": {"uv": [5, 2.5, 6, 3], "texture": "#0"},
				"up": {"uv": [5.5, 6.032, 5.968, 6.5], "rotation": 270, "texture": "#0"}
			}
		},
		{
			"from": [5, 8.5, 0],
			"to": [11, 9, 1],
			"faces": {
				"north": {"uv": [5.032, 7.032, 10.968, 7.5], "texture": "#0", "cullface": "north"},
				"east": {"uv": [6.032, 5.5, 6.5, 5.968], "texture": "#0"},
				"south": {"uv": [0.032, 0.032, 0.5, 0.5], "texture": "#3"},
				"west": {"uv": [5, 2.5, 6, 3], "texture": "#0"},
				"up": {"uv": [5.032, 6.5, 5.5, 6.968], "rotation": 270, "texture": "#0"}
			}
		},
		{
			"from": [6.5, 10.5, 0],
			"to": [7, 11.5, 1],
			"faces": {
				"north": {"uv": [9.032, 4.5, 9.5, 5.5], "texture": "#0", "cullface": "north"},
				"south": {"uv": [0.032, 0.032, 0.5, 2.968], "texture": "#3"},
				"west": {"uv": [9.5, 3.5, 10.5, 4.5], "texture": "#0"},
				"up": {"uv": [6.032, 5.5, 6.5, 5.968], "rotation": 270, "texture": "#0"}
			}
		},
		{
			"from": [6, 10, 0],
			"to": [9.5, 10.5, 1],
			"faces": {
				"north": {"uv": [6.5, 5.5, 9.968, 5.968], "texture": "#0", "cullface": "north"},
				"east": {"uv": [6.032, 5.5, 6.5, 5.968], "texture": "#0"},
				"south": {"uv": [0.032, 0.032, 0.5, 1.968], "texture": "#3"},
				"west": {"uv": [5, 2.5, 6, 3], "texture": "#0"},
				"up": {"uv": [6.032, 5.5, 6.5, 5.968], "rotation": 270, "texture": "#0"}
			}
		},
		{
			"from": [3, 4, 0],
			"to": [4, 9, 1],
			"faces": {
				"north": {"uv": [12.032, 7.032, 12.968, 12], "texture": "#0", "cullface": "north"},
				"east": {"uv": [6.032, 5.5, 6.5, 5.968], "texture": "#0"},
				"south": {"uv": [0.032, 0.032, 0.968, 0.5], "texture": "#3"},
				"up": {"uv": [12.032, 6.5, 12.968, 6.968], "rotation": 180, "texture": "#0"},
				"down": {"uv": [5, 2.5, 6, 3], "rotation": 90, "texture": "#0"}
			}
		},
		{
			"from": [6.5, 13, 0],
			"to": [7, 14, 1],
			"faces": {
				"north": {"uv": [9.032, 2.032, 9.5, 2.968], "texture": "#0", "cullface": "north"},
				"south": {"uv": [0.032, 0.032, 0.5, 1.5], "texture": "#3"},
				"west": {"uv": [10.032, 1.5, 10.5, 2.968], "texture": "#0"},
				"down": {"uv": [6.032, 5.5, 6.5, 5.968], "rotation": 90, "texture": "#0"}
			}
		},
		{
			"from": [2.5, 13.5, 0],
			"to": [4.5, 14, 1],
			"faces": {
				"north": {"uv": [11.5, 2.032, 13.5, 2.5], "texture": "#0", "cullface": "north"},
				"east": {"uv": [6.032, 5.5, 6.5, 5.968], "texture": "#0"},
				"south": {"uv": [0.032, 0.032, 1.968, 0.5], "texture": "#3"},
				"down": {"uv": [10.5, 2.5, 12.5, 2.968], "rotation": 180, "texture": "#0"}
			}
		},
		{
			"from": [2.5, 13, 0],
			"to": [3.5, 13.5, 1],
			"faces": {
				"north": {"uv": [12.5, 2.5, 13.5, 2.968], "texture": "#0", "cullface": "north"},
				"east": {"uv": [6.032, 5.5, 6.5, 5.968], "texture": "#0"},
				"south": {"uv": [0.032, 0.032, 0.968, 0.5], "texture": "#3"},
				"down": {"uv": [6.032, 5.5, 6.5, 5.968], "rotation": 90, "texture": "#0"}
			}
		},
		{
			"from": [2.5, 12.5, 0],
			"to": [3, 13, 1],
			"faces": {
				"north": {"uv": [13.032, 3.032, 13.5, 3.5], "texture": "#0", "cullface": "north"},
				"east": {"uv": [6.032, 5.5, 6.5, 5.968], "texture": "#0"},
				"south": {"uv": [0.032, 0.032, 0.5, 0.5], "texture": "#3"},
				"down": {"uv": [6.032, 5.5, 6.5, 5.968], "rotation": 90, "texture": "#0"}
			}
		},
		{
			"from": [1, 15, 0],
			"to": [15, 16, 15],
			"faces": {
				"north": {"uv": [1.032, 0.032, 14.968, 0.968], "texture": "#0", "cullface": "north"},
				"up": {"uv": [1.032, 1.032, 14.968, 15.968], "rotation": 180, "texture": "#2", "cullface": "up"},
				"down": {"uv": [0.032, 0.032, 13.968, 14.968], "texture": "#3"}
			}
		},
		{
			"from": [0, 0, 0],
			"to": [1, 16, 16],
			"faces": {
				"north": {"uv": [15.032, 0.032, 15.968, 15.968], "texture": "#0", "cullface": "north"},
				"east": {"uv": [0.032, 0.032, 15.968, 15.968], "texture": "#3"},
				"south": {"uv": [0.032, 0.032, 0.968, 15.968], "texture": "#1", "cullface": "south"},
				"west": {"uv": [0.032, 0.032, 15.968, 15.968], "texture": "#1", "cullface": "west"},
				"up": {"uv": [15.032, 0.032, 15.968, 15.968], "rotation": 180, "texture": "#2", "cullface": "up"},
				"down": {"uv": [0.032, 0.032, 0.968, 15.968], "texture": "#2", "cullface": "down"}
			}
		},
		{
			"from": [15, 0, 0],
			"to": [16, 16, 16],
			"faces": {
				"north": {"uv": [0.032, 0.032, 0.968, 15.968], "texture": "#0", "cullface": "north"},
				"east": {"uv": [0.032, 0.032, 15.968, 15.968], "texture": "#1", "cullface": "east"},
				"south": {"uv": [0.032, 0.032, 0.968, 15.968], "texture": "#1", "cullface": "south"},
				"west": {"uv": [0.032, 0.032, 15.968, 15.968], "texture": "#3"},
				"up": {"uv": [0.032, 0.032, 0.968, 15.968], "rotation": 180, "texture": "#2", "cullface": "up"},
				"down": {"uv": [15.032, 0.032, 15.968, 15.968], "texture": "#2", "cullface": "down"}
			}
		},
		{
			"from": [1, 0, 15],
			"to": [15, 16, 16],
			"faces": {
				"north": {"uv": [1.032, 0.032, 14.968, 15.968], "texture": "#3"},
				"south": {"uv": [1.032, 0.032, 14.968, 15.968], "texture": "#1", "cullface": "south"},
				"up": {"uv": [1.032, 0.032, 14.968, 0.968], "texture": "#2", "cullface": "up"},
				"down": {"uv": [1.032, 0.032, 14.968, 0.968], "texture": "#2", "cullface": "down"}
			}
		},
		{
			"from": [1, 0, 0],
			"to": [15, 1, 15],
			"faces": {
				"north": {"uv": [1.032, 15.032, 14.968, 15.968], "texture": "#0", "cullface": "north"},
				"up": {"uv": [1.032, 0.032, 14.968, 14.968], "rotation": 180, "texture": "#3"},
				"down": {"uv": [1.032, 1.032, 14.968, 15.968], "texture": "#2", "cullface": "down"}
			}
		}
	],
	"display": {
		"thirdperson_righthand": {
			"rotation": [75, 45, 0],
			"translation": [0, 2.5, 0],
			"scale": [0.375, 0.375, 0.375]
		},
		"thirdperson_lefthand": {
			"rotation": [75, 45, 0],
			"translation": [0, 2.5, 0],
			"scale": [0.375, 0.375, 0.375]
		},
		"firstperson_righthand": {
			"rotation": [0, 45, 0],
			"scale": [0.4, 0.4, 0.4]
		},
		"firstperson_lefthand": {
			"rotation": [0, 225, 0],
			"scale": [0.4, 0.4, 0.4]
		},
		"ground": {
			"translation": [0, 3, 0],
			"scale": [0.25, 0.25, 0.25]
		},
		"gui": {
			"rotation": [30, 225, 0],
			"scale": [0.625, 0.625, 0.625]
		},
		"fixed": {
			"scale": [0.5, 0.5, 0.5]
		}
	},
	"groups": [
		{
			"name": "face",
			"children": [0, 1, 2, 3, 4, 5, 6, 7, 8, 9, 10, 11, 12, 13, 14, 15, 16, 17, 18, 19, 20, 21, 22, 23, 24, 25, 26, 27, 28, 29, 30, 31, 32, 33, 34, 35, 36]
		},
		{
			"name": "husk",
			"children": [37, 38, 39, 40, 41]
		}
	]
}