{
	"credit": "Made with Blockbench",
	"textures": {
		"0": "block/carved_pumpkin2",
		"1": "block/pumpkin_side",
		"2": "block/pumpkin_top",
		"3": "block/pumpkin_in_on",
		"particle": "block/carved_pumpkin2"
	},
	"elements": [
		{
			"from": [1, 15, 0],
			"to": [15, 16, 15],
			"faces": {
				"north": {"uv": [1.032, 0.032, 14.968, 0.968], "texture": "#0", "cullface": "north"},
				"up": {"uv": [1.032, 1.032, 14.968, 15.968], "rotation": 180, "texture": "#2", "cullface": "up"},
				"down": {"uv": [0.032, 0.032, 13.968, 14.968], "texture": "#3"}
			}
		},
		{
			"from": [0, 0, 0],
			"to": [1, 16, 16],
			"faces": {
				"north": {"uv": [15.032, 0.032, 15.968, 15.968], "texture": "#0", "cullface": "north"},
				"east": {"uv": [0.032, 0.032, 15.968, 15.968], "rotation": 180, "texture": "#3"},
				"south": {"uv": [0.032, 0.032, 0.968, 15.968], "texture": "#1", "cullface": "south"},
				"west": {"uv": [0.032, 0.032, 15.968, 15.968], "texture": "#1", "cullface": "west"},
				"up": {"uv": [15.032, 0.032, 15.968, 15.968], "rotation": 180, "texture": "#2", "cullface": "up"},
				"down": {"uv": [0.032, 0.032, 0.968, 15.968], "texture": "#2", "cullface": "down"}
			}
		},
		{
			"from": [15, 0, 0],
			"to": [16, 16, 16],
			"faces": {
				"north": {"uv": [0.032, 0.032, 0.968, 15.968], "texture": "#0", "cullface": "north"},
				"east": {"uv": [0.032, 0.032, 15.968, 15.968], "texture": "#1", "cullface": "east"},
				"south": {"uv": [15, 0, 15.936, 15.936], "texture": "#1", "cullface": "south"},
				"west": {"uv": [0.032, 0.032, 15.968, 15.968], "texture": "#3"},
				"up": {"uv": [0.032, 0.032, 0.968, 15.968], "rotation": 180, "texture": "#2", "cullface": "up"},
				"down": {"uv": [15.032, 0.032, 15.968, 15.968], "texture": "#2", "cullface": "down"}
			}
		},
		{
			"from": [1, 0, 15],
			"to": [15, 16, 16],
			"faces": {
				"north": {"uv": [1.5, 0, 15.436, 15.936], "texture": "#3"},
				"south": {"uv": [1.032, 0.032, 14.968, 15.968], "texture": "#1", "cullface": "south"},
				"up": {"uv": [1.032, 0.032, 14.968, 0.968], "texture": "#2", "cullface": "up"},
				"down": {"uv": [1.032, 0.032, 14.968, 0.968], "texture": "#2", "cullface": "down"}
			}
		},
		{
			"from": [1, 0, 0],
			"to": [15, 1, 15],
			"faces": {
				"north": {"uv": [1.032, 15.032, 14.968, 15.968], "texture": "#0", "cullface": "north"},
				"up": {"uv": [1.032, 0.032, 14.968, 14.968], "rotation": 180, "texture": "#3"},
				"down": {"uv": [1.032, 1.032, 14.968, 15.968], "texture": "#2", "cullface": "down"}
			}
		},
		{
			"from": [1, 1, 0],
			"to": [15, 2, 1],
			"faces": {
				"north": {"uv": [1.032, 14.032, 14.968, 14.968], "texture": "#0", "cullface": "north"},
				"south": {"uv": [0.032, 0.032, 13.968, 0.968], "texture": "#3"},
				"up": {"uv": [1.5, 12.5, 15.5, 13.5], "texture": "#0"}
			}
		},
		{
			"from": [14.5, 2, 0],
			"to": [15, 10.5, 1],
			"faces": {
				"north": {"uv": [1.032, 5.5, 1.5, 13.968], "texture": "#0", "cullface": "north"},
				"south": {"uv": [0.032, 0.032, 0.5, 12.968], "texture": "#3"},
				"west": {"uv": [3.5, 11.5, 11.968, 12.5], "rotation": 90, "texture": "#0"},
				"up": {"uv": [2.032, 5.032, 2.5, 5.968], "texture": "#0"}
			}
		},
		{
			"from": [1, 2, 0],
			"to": [1.5, 15, 1],
			"faces": {
				"north": {"uv": [14.5, 1.032, 14.968, 13.968], "texture": "#0", "cullface": "north"},
				"east": {"uv": [13.5, 1.032, 14.5, 13.968], "texture": "#0"},
				"south": {"uv": [0.032, 0.032, 0.5, 12.968], "texture": "#3"}
			}
		},
		{
			"from": [1.5, 13.5, 0],
			"to": [15, 15, 1],
			"faces": {
				"north": {"uv": [1.032, 1.032, 14.5, 2.5], "texture": "#0", "cullface": "north"},
				"south": {"uv": [0.032, 0.032, 13.5, 1.5], "texture": "#3"},
				"down": {"uv": [1.032, 4.5, 14.5, 5.5], "rotation": 180, "texture": "#0"}
			}
		},
		{
			"from": [6, 11.5, 0],
			"to": [10.5, 12, 1],
			"faces": {
				"north": {"uv": [5.5, 4.032, 9.968, 4.5], "texture": "#0", "cullface": "north"},
				"east": {"uv": [5.032, 6.032, 5.968, 6.5], "texture": "#0"},
				"south": {"uv": [0.032, 0.032, 4.5, 0.5], "texture": "#3"},
				"west": {"uv": [5.032, 6.032, 5.968, 6.5], "texture": "#0"},
				"down": {"uv": [5.5, 5.032, 9.968, 5.968], "rotation": 180, "texture": "#0"}
			}
		},
		{
			"from": [6, 5.5, 0],
			"to": [12, 7.5, 1],
			"faces": {
				"north": {"uv": [4.032, 8.5, 9.968, 10.5], "texture": "#0", "cullface": "north"},
				"east": {"uv": [14.032, 9.032, 14.5, 9.968], "rotation": 90, "texture": "#0"},
				"south": {"uv": [0.032, 0.032, 5.968, 1.968], "texture": "#3"},
				"west": {"uv": [14.032, 9.032, 14.5, 9.968], "rotation": 90, "texture": "#0"},
				"down": {"uv": [6.032, 12.032, 11.968, 12.968], "rotation": 180, "texture": "#0"}
			}
		},
		{
			"from": [1.5, 7.5, 0],
			"to": [14.5, 9.5, 1],
			"faces": {
				"north": {"uv": [1.5, 6.5, 14.5, 8.5], "texture": "#0", "cullface": "north"},
				"south": {"uv": [0.032, 0.032, 12.968, 1.968], "texture": "#3"},
				"up": {"uv": [1.032, 4.5, 13.968, 5.5], "texture": "#0"},
				"down": {"uv": [13.5, 9.032, 14.5, 9.968], "rotation": 90, "texture": "#0"}
			}
		},
		{
			"from": [6.5, 9.5, 0],
			"to": [10, 11.5, 1],
			"faces": {
				"north": {"uv": [6.032, 4.5, 9.5, 6.5], "texture": "#0", "cullface": "north"},
				"east": {"uv": [5.032, 4.5, 5.968, 6.5], "texture": "#0"},
				"south": {"uv": [0.032, 0.032, 3.5, 1.968], "texture": "#3"},
				"west": {"uv": [10.032, 4.032, 10.968, 5.968], "texture": "#0"}
			}
		},
		{
			"from": [5.5, 12, 0],
			"to": [11, 12.5, 1],
			"faces": {
				"north": {"uv": [5.032, 3.5, 10.5, 3.968], "texture": "#0", "cullface": "north"},
				"east": {"uv": [5.032, 6.032, 5.968, 6.5], "texture": "#0"},
				"south": {"uv": [0.032, 0.032, 5.5, 0.5], "texture": "#3"},
				"west": {"uv": [5.032, 6.032, 5.968, 6.5], "texture": "#0"},
				"down": {"uv": [5.032, 5.032, 10.5, 5.968], "rotation": 180, "texture": "#0"}
			}
		},
		{
			"from": [5, 12.5, 0],
			"to": [11.5, 13, 1],
			"faces": {
				"north": {"uv": [4.5, 3.032, 10.968, 3.5], "texture": "#0", "cullface": "north"},
				"east": {"uv": [5.032, 6.032, 5.968, 6.5], "texture": "#0"},
				"south": {"uv": [0.032, 0.032, 6.5, 0.5], "texture": "#3"},
				"west": {"uv": [2.032, 5.5, 2.968, 5.968], "texture": "#0"},
				"down": {"uv": [4.5, 4.5, 10.968, 5.5], "rotation": 180, "texture": "#0"}
			}
		},
		{
			"from": [4.5, 13, 0],
			"to": [12, 13.5, 1],
			"faces": {
				"north": {"uv": [4.032, 2.5, 11.5, 2.968], "texture": "#0", "cullface": "north"},
				"east": {"uv": [2.032, 5.5, 2.968, 5.968], "texture": "#0"},
				"south": {"uv": [0.032, 0.032, 7.5, 0.5], "texture": "#3"},
				"west": {"uv": [2.032, 5.5, 2.968, 5.968], "texture": "#0"},
				"down": {"uv": [4.032, 3.032, 11.5, 3.968], "rotation": 180, "texture": "#0"}
			}
		},
		{
			"from": [5.5, 6, 0],
			"to": [6, 7.5, 1],
			"faces": {
				"north": {"uv": [10.032, 8.5, 10.5, 9.968], "texture": "#0", "cullface": "north"},
				"south": {"uv": [0.032, 0.032, 0.5, 1.5], "texture": "#3"},
				"west": {"uv": [14.032, 9.032, 14.5, 9.968], "rotation": 90, "texture": "#0"},
				"down": {"uv": [14.032, 9.032, 14.5, 9.968], "rotation": 180, "texture": "#0"}
			}
		},
		{
			"from": [5, 6.5, 0],
			"to": [5.5, 7.5, 1],
			"faces": {
				"north": {"uv": [10.5, 8.5, 10.968, 9.5], "texture": "#0", "cullface": "north"},
				"south": {"uv": [0.032, 0.032, 0.5, 0.968], "texture": "#3"},
				"down": {"uv": [14.032, 9.032, 14.5, 9.968], "rotation": 180, "texture": "#0"}
			}
		},
		{
			"from": [4.5, 5.5, 0],
			"to": [5, 7.5, 1],
			"faces": {
				"north": {"uv": [11.032, 8.5, 11.5, 10.5], "texture": "#0", "cullface": "north"},
				"east": {"uv": [13.5, 9.032, 14.5, 9.968], "texture": "#0"},
				"south": {"uv": [0.032, 0.032, 0.5, 1.968], "texture": "#3"},
				"down": {"uv": [14.032, 9.032, 14.5, 9.968], "rotation": 180, "texture": "#0"}
			}
		},
		{
			"from": [4, 5, 0],
			"to": [4.5, 7.5, 1],
			"faces": {
				"north": {"uv": [11.5, 8.5, 11.968, 10.968], "texture": "#0", "cullface": "north"},
				"east": {"uv": [14.032, 9.032, 14.5, 9.968], "rotation": 90, "texture": "#0"},
				"south": {"uv": [0.032, 0.032, 0.5, 2.5], "texture": "#3"},
				"west": {"uv": [14.032, 9.032, 14.5, 9.968], "rotation": 90, "texture": "#0"},
				"down": {"uv": [14.032, 9.032, 14.5, 9.968], "rotation": 180, "texture": "#0"}
			}
		},
		{
			"from": [3.5, 5.5, 0],
			"to": [4, 7.5, 1],
			"faces": {
				"north": {"uv": [12.032, 8.5, 12.5, 10.5], "texture": "#0", "cullface": "north"},
				"south": {"uv": [0.032, 0.032, 0.5, 1.968], "texture": "#3"},
				"west": {"uv": [14.032, 9.032, 14.5, 9.968], "rotation": 90, "texture": "#0"},
				"down": {"uv": [14.032, 9.032, 14.5, 9.968], "rotation": 180, "texture": "#0"}
			}
		},
		{
			"from": [3, 6, 0],
			"to": [3.5, 7.5, 1],
			"faces": {
				"north": {"uv": [12.5, 8.5, 12.968, 9.968], "texture": "#0", "cullface": "north"},
				"south": {"uv": [0.032, 0.032, 0.5, 1.5], "texture": "#3"},
				"west": {"uv": [13.032, 9.032, 14.5, 9.968], "rotation": 90, "texture": "#0"},
				"down": {"uv": [14.032, 9.032, 14.5, 9.968], "rotation": 180, "texture": "#0"}
			}
		},
		{
			"from": [1.5, 7, 0],
			"to": [3, 7.5, 1],
			"faces": {
				"north": {"uv": [13.032, 8.5, 14.5, 8.968], "texture": "#0", "cullface": "north"},
				"south": {"uv": [0.032, 0.032, 1.5, 0.5], "texture": "#3"},
				"down": {"uv": [13.032, 9.032, 14.5, 9.968], "rotation": 180, "texture": "#0"}
			}
		},
		{
			"from": [1.5, 2, 0],
			"to": [3, 3.5, 1],
			"faces": {
				"north": {"uv": [13.032, 12.5, 14.5, 13.968], "texture": "#0", "cullface": "north"},
				"east": {"uv": [9.032, 11.5, 9.5, 12.5], "rotation": 90, "texture": "#0"},
				"south": {"uv": [0.032, 0.032, 1.5, 1.5], "texture": "#3"},
				"up": {"uv": [9.032, 11.5, 9.5, 12.5], "texture": "#0"}
			}
		},
		{
			"from": [1.5, 3.5, 0],
			"to": [2.5, 4.5, 1],
			"faces": {
				"north": {"uv": [13.5, 11.5, 14.5, 12.5], "texture": "#0", "cullface": "north"},
				"east": {"uv": [9.032, 11.5, 9.968, 12.5], "texture": "#0"},
				"south": {"uv": [0.032, 0.032, 0.968, 0.968], "texture": "#3"},
				"up": {"uv": [9.032, 11.5, 9.5, 12.5], "texture": "#0"}
			}
		},
		{
			"from": [1.5, 4.5, 0],
			"to": [2, 5, 1],
			"faces": {
				"north": {"uv": [14.032, 11.032, 14.5, 11.5], "texture": "#0", "cullface": "north"},
				"east": {"uv": [9.032, 11.5, 9.5, 12.5], "rotation": 90, "texture": "#0"},
				"south": {"uv": [0.032, 0.032, 0.5, 0.5], "texture": "#3"},
				"up": {"uv": [9.032, 11.5, 9.5, 12.5], "texture": "#0"}
			}
		},
		{
			"from": [3, 2, 0],
			"to": [5.5, 3, 1],
			"faces": {
				"north": {"uv": [10.5, 13.032, 12.968, 13.968], "texture": "#0", "cullface": "north"},
				"east": {"uv": [10.032, 11.032, 10.968, 11.968], "texture": "#0"},
				"south": {"uv": [0.032, 0.032, 2.5, 0.968], "texture": "#3"},
				"up": {"uv": [9.032, 11.5, 9.968, 13.968], "rotation": 270, "texture": "#0"}
			}
		},
		{
			"from": [4.5, 3, 0],
			"to": [5, 3.5, 1],
			"faces": {
				"north": {"uv": [11.032, 12.5, 11.5, 12.968], "texture": "#0", "cullface": "north"},
				"east": {"uv": [9.032, 11.5, 9.968, 11.968], "texture": "#0"},
				"south": {"uv": [0.032, 0.032, 0.5, 0.5], "texture": "#3"},
				"west": {"uv": [14.032, 9.032, 14.5, 9.968], "rotation": 90, "texture": "#0"},
				"up": {"uv": [9.032, 11.5, 9.5, 12.5], "texture": "#0"}
			}
		},
		{
			"from": [7, 2, 0],
			"to": [9.5, 2.5, 1],
			"faces": {
				"north": {"uv": [6.5, 13.5, 8.968, 13.968], "texture": "#0", "cullface": "north"},
				"east": {"uv": [14.032, 9.032, 14.5, 9.968], "rotation": 90, "texture": "#0"},
				"south": {"uv": [0.032, 0.032, 2.5, 0.5], "texture": "#3"},
				"west": {"uv": [14.032, 9.032, 14.5, 9.968], "rotation": 90, "texture": "#0"},
				"up": {"uv": [9.032, 11.5, 9.968, 13.968], "rotation": 270, "texture": "#0"}
			}
		},
		{
			"from": [7.5, 2.5, 0],
			"to": [8, 3, 1],
			"faces": {
				"north": {"uv": [8.032, 13.032, 8.5, 13.5], "texture": "#0", "cullface": "north"},
				"east": {"uv": [14.032, 9.032, 14.5, 9.968], "rotation": 90, "texture": "#0"},
				"south": {"uv": [0.032, 0.032, 0.5, 0.5], "texture": "#3"},
				"west": {"uv": [14.032, 9.032, 14.5, 9.968], "rotation": 90, "texture": "#0"},
				"up": {"uv": [9.032, 11.5, 9.5, 12.5], "texture": "#0"}
			}
		},
		{
			"from": [10, 2, 0],
			"to": [14.5, 3, 1],
			"faces": {
				"north": {"uv": [1.5, 13.032, 5.968, 13.968], "texture": "#0", "cullface": "north"},
				"south": {"uv": [0.032, 0.032, 4.5, 0.968], "texture": "#3"},
				"west": {"uv": [13.5, 9.032, 14.5, 9.968], "rotation": 90, "texture": "#0"},
				"up": {"uv": [6.032, 12.032, 10.5, 12.968], "texture": "#0"}
			}
		},
		{
			"from": [13, 3, 0],
			"to": [14.5, 5, 1],
			"faces": {
				"north": {"uv": [1.5, 11.032, 2.968, 12.968], "texture": "#0", "cullface": "north"},
				"south": {"uv": [0.032, 0.032, 1.5, 1.968], "texture": "#3"},
				"west": {"uv": [13.5, 9.032, 14.5, 10.968], "texture": "#0"},
				"up": {"uv": [13.5, 9.5, 14.5, 10.968], "rotation": 270, "texture": "#0"}
			}
		},
		{
			"from": [13.5, 5, 0],
			"to": [14, 5.5, 1],
			"faces": {
				"north": {"uv": [2.032, 10.5, 2.5, 10.968], "texture": "#0", "cullface": "north"},
				"east": {"uv": [13.5, 9.032, 14.5, 9.5], "texture": "#0"},
				"south": {"uv": [0.032, 0.032, 0.5, 0.5], "texture": "#3"},
				"west": {"uv": [14.032, 9.032, 14.5, 9.968], "rotation": 90, "texture": "#0"},
				"up": {"uv": [13.5, 9.032, 14.5, 9.5], "rotation": 270, "texture": "#0"}
			}
		},
		{
			"from": [10.5, 3, 0],
			"to": [11, 3.5, 1],
			"faces": {
				"north": {"uv": [5.032, 12.5, 5.5, 12.968], "texture": "#0", "cullface": "north"},
				"east": {"uv": [14.032, 9.032, 14.5, 9.968], "rotation": 90, "texture": "#0"},
				"south": {"uv": [0.032, 0.032, 0.5, 0.5], "texture": "#3"},
				"west": {"uv": [14.032, 9.032, 14.5, 9.968], "rotation": 90, "texture": "#0"},
				"up": {"uv": [9.032, 11.5, 9.5, 12.5], "rotation": 270, "texture": "#0"}
			}
		},
		{
			"from": [12.5, 3, 0],
			"to": [13, 4, 1],
			"faces": {
				"north": {"uv": [3.032, 12.032, 3.5, 12.968], "texture": "#0", "cullface": "north"},
				"south": {"uv": [0.032, 0.032, 0.5, 0.968], "texture": "#3"},
				"west": {"uv": [14.032, 9.032, 14.5, 9.968], "rotation": 90, "texture": "#0"},
				"up": {"uv": [13.5, 9.032, 14.5, 9.5], "rotation": 270, "texture": "#0"}
			}
		},
		{
			"from": [12, 3, 0],
			"to": [12.5, 3.5, 1],
			"faces": {
				"north": {"uv": [3.5, 12.5, 3.968, 12.968], "texture": "#0", "cullface": "north"},
				"south": {"uv": [0.032, 0.032, 0.5, 0.5], "texture": "#3"},
				"west": {"uv": [14.032, 9.032, 14.5, 9.968], "rotation": 90, "texture": "#0"},
				"up": {"uv": [13.5, 9.032, 14.5, 9.5], "rotation": 270, "texture": "#0"}
			}
		},
		{
			"from": [12, 6, 0],
			"to": [12.5, 7.5, 1],
			"faces": {
				"north": {"uv": [3.5, 8.5, 3.968, 9.968], "texture": "#0", "cullface": "north"},
				"east": {"uv": [13.5, 9.032, 14.5, 9.968], "texture": "#0"},
				"south": {"uv": [0.032, 0.032, 0.5, 1.5], "texture": "#3"},
				"down": {"uv": [13.5, 9.032, 14.5, 9.5], "rotation": 90, "texture": "#0"}
			}
		},
		{
			"from": [12.5, 7, 0],
			"to": [13, 7.5, 1],
			"faces": {
				"north": {"uv": [3.032, 8.5, 3.5, 8.968], "texture": "#0", "cullface": "north"},
				"east": {"uv": [14.032, 9.032, 14.5, 9.968], "rotation": 90, "texture": "#0"},
				"south": {"uv": [0.032, 0.032, 0.5, 0.5], "texture": "#3"},
				"down": {"uv": [13.5, 9.032, 14.5, 9.5], "rotation": 90, "texture": "#0"}
			}
		},
		{
			"from": [14, 7, 0],
			"to": [14.5, 7.5, 1],
			"faces": {
				"north": {"uv": [1.5, 8.5, 1.968, 8.968], "texture": "#0", "cullface": "north"},
				"south": {"uv": [0.032, 0.032, 0.5, 0.5], "texture": "#3"},
				"west": {"uv": [14.032, 9.032, 14.5, 9.968], "rotation": 90, "texture": "#0"},
				"down": {"uv": [13.5, 9.032, 14.5, 9.5], "rotation": 90, "texture": "#0"}
			}
		},
		{
			"from": [10.5, 5, 0],
			"to": [12, 5.5, 1],
			"faces": {
				"north": {"uv": [4.032, 10.5, 5.5, 10.968], "texture": "#0", "cullface": "north"},
				"east": {"uv": [14.032, 9.032, 14.5, 9.968], "rotation": 90, "texture": "#0"},
				"south": {"uv": [0.032, 0.032, 1.5, 0.5], "texture": "#3"},
				"west": {"uv": [14.032, 9.032, 14.5, 9.968], "rotation": 90, "texture": "#0"},
				"down": {"uv": [13.032, 9.032, 14.5, 9.968], "rotation": 180, "texture": "#0"}
			}
		},
		{
			"from": [8.5, 5, 0],
			"to": [10, 5.5, 1],
			"faces": {
				"north": {"uv": [6.032, 10.5, 7.5, 10.968], "texture": "#0", "cullface": "north"},
				"east": {"uv": [14.032, 9.032, 14.5, 9.968], "rotation": 90, "texture": "#0"},
				"south": {"uv": [0.032, 0.032, 1.5, 0.5], "texture": "#3"},
				"west": {"uv": [14.032, 9.032, 14.5, 9.968], "rotation": 90, "texture": "#0"},
				"down": {"uv": [13.032, 9.032, 14.5, 9.968], "rotation": 180, "texture": "#0"}
			}
		},
		{
			"from": [6.5, 5, 0],
			"to": [8, 5.5, 1],
			"faces": {
				"north": {"uv": [8.032, 10.5, 9.5, 10.968], "texture": "#0", "cullface": "north"},
				"east": {"uv": [14.032, 9.032, 14.5, 9.968], "rotation": 90, "texture": "#0"},
				"south": {"uv": [0.032, 0.032, 1.5, 0.5], "texture": "#3"},
				"west": {"uv": [14.032, 9.032, 14.5, 9.968], "rotation": 90, "texture": "#0"},
				"down": {"uv": [13.032, 9.032, 14.5, 9.968], "rotation": 180, "texture": "#0"}
			}
		},
		{
			"from": [11, 4.5, 0],
			"to": [11.5, 5, 1],
			"faces": {
				"north": {"uv": [4.5, 11.032, 4.968, 11.5], "texture": "#0", "cullface": "north"},
				"east": {"uv": [14.032, 9.032, 14.5, 9.968], "rotation": 90, "texture": "#0"},
				"south": {"uv": [0.032, 0.032, 0.5, 0.5], "texture": "#3"},
				"west": {"uv": [14.032, 9.032, 14.5, 9.968], "rotation": 90, "texture": "#0"},
				"down": {"uv": [14.032, 9.032, 14.5, 9.968], "rotation": 180, "texture": "#0"}
			}
		},
		{
			"from": [9, 4.5, 0],
			"to": [9.5, 5, 1],
			"faces": {
				"north": {"uv": [6.5, 11.032, 6.968, 11.5], "texture": "#0", "cullface": "north"},
				"east": {"uv": [14.032, 9.032, 14.5, 9.968], "rotation": 90, "texture": "#0"},
				"south": {"uv": [0.032, 0.032, 0.5, 0.5], "texture": "#3"},
				"west": {"uv": [14.032, 9.032, 14.5, 9.968], "rotation": 90, "texture": "#0"},
				"down": {"uv": [14.032, 9.032, 14.5, 9.968], "rotation": 180, "texture": "#0"}
			}
		},
		{
			"from": [7, 4.5, 0],
			"to": [7.5, 5, 1],
			"faces": {
				"north": {"uv": [8.5, 11.032, 8.968, 11.5], "texture": "#0", "cullface": "north"},
				"east": {"uv": [14.032, 9.032, 14.5, 9.968], "rotation": 90, "texture": "#0"},
				"south": {"uv": [0.032, 0.032, 0.5, 0.5], "texture": "#3"},
				"west": {"uv": [14.032, 9.032, 14.5, 9.968], "rotation": 90, "texture": "#0"},
				"down": {"uv": [14.032, 9.032, 14.5, 9.968], "rotation": 180, "texture": "#0"}
			}
		},
		{
			"from": [13.5, 13, 0],
			"to": [15, 13.5, 1],
			"faces": {
				"north": {"uv": [1.032, 2.5, 2.5, 2.968], "texture": "#0", "cullface": "north"},
				"south": {"uv": [0.032, 0.032, 1.5, 0.5], "texture": "#3"},
				"west": {"uv": [2.032, 5.5, 2.968, 5.968], "texture": "#0"},
				"down": {"uv": [2.032, 5.032, 3.5, 5.968], "rotation": 180, "texture": "#0"}
			}
		},
		{
			"from": [14, 12.5, 0],
			"to": [15, 13, 1],
			"faces": {
				"north": {"uv": [1.032, 3.032, 1.968, 3.5], "texture": "#0", "cullface": "north"},
				"south": {"uv": [0.032, 0.032, 0.968, 0.5], "texture": "#3"},
				"west": {"uv": [2.032, 5.5, 2.968, 5.968], "texture": "#0"},
				"down": {"uv": [2.032, 5.5, 2.968, 5.968], "rotation": 90, "texture": "#0"}
			}
		},
		{
			"from": [14.5, 12, 0],
			"to": [15, 12.5, 1],
			"faces": {
				"north": {"uv": [1.032, 3.5, 1.5, 3.968], "texture": "#0", "cullface": "north"},
				"south": {"uv": [0.032, 0.032, 0.5, 0.5], "texture": "#3"},
				"west": {"uv": [2.032, 5.5, 2.968, 5.968], "texture": "#0"},
				"down": {"uv": [2.032, 5.5, 2.968, 5.968], "rotation": 90, "texture": "#0"}
			}
		},
		{
			"from": [14, 9.5, 0],
			"to": [14.5, 10.5, 1],
			"faces": {
				"north": {"uv": [1.5, 5.5, 1.968, 6.5], "texture": "#0", "cullface": "north"},
				"south": {"uv": [0, 0, 0.5, 1], "texture": "#3"},
				"west": {"uv": [2.032, 5.032, 2.968, 5.968], "texture": "#0"},
				"up": {"uv": [2.032, 5.032, 2.968, 5.968], "texture": "#0"}
			}
		},
		{
			"from": [13, 9.5, 0],
			"to": [14, 10, 1],
			"faces": {
				"north": {"uv": [2.032, 6.032, 2.968, 6.5], "texture": "#0", "cullface": "north"},
				"south": {"uv": [0, 0, 1, 0.5], "texture": "#3"},
				"west": {"uv": [2.032, 5.5, 2.968, 5.968], "texture": "#0"},
				"up": {"uv": [2.032, 5.032, 2.968, 5.968], "rotation": 270, "texture": "#0"}
			}
		},
		{
			"from": [2.5, 9.5, 0],
			"to": [3.5, 10, 1],
			"faces": {
				"north": {"uv": [12.5, 6.032, 13.5, 6.5], "texture": "#0", "cullface": "north"},
				"east": {"uv": [5.032, 6.032, 5.968, 6.5], "texture": "#0"},
				"south": {"uv": [0.032, 0.032, 0.968, 0.5], "texture": "#3"},
				"up": {"uv": [13.032, 4.5, 13.968, 5.5], "rotation": 270, "texture": "#0"}
			}
		},
		{
			"from": [1.5, 9.5, 0],
			"to": [2.5, 10.5, 1],
			"faces": {
				"north": {"uv": [13.5, 5.5, 14.5, 6.5], "texture": "#0", "cullface": "north"},
				"east": {"uv": [5.032, 6.032, 5.968, 6.5], "texture": "#0"},
				"south": {"uv": [0.032, 0.032, 0.968, 0.968], "texture": "#3"},
				"up": {"uv": [13.032, 4.5, 13.968, 5.5], "rotation": 270, "texture": "#0"}
			}
		},
		{
			"from": [1.5, 12, 0],
			"to": [2, 13.5, 1],
			"faces": {
				"north": {"uv": [14.032, 2.5, 14.5, 3.968], "texture": "#0", "cullface": "north"},
				"east": {"uv": [5.032, 6.032, 5.968, 6.5], "texture": "#0"},
				"south": {"uv": [0.032, 0.032, 0.5, 1.5], "texture": "#3"},
				"down": {"uv": [13.032, 5.032, 13.968, 5.5], "rotation": 90, "texture": "#0"}
			}
		},
		{
			"from": [2, 12.5, 0],
			"to": [2.5, 13.5, 1],
			"faces": {
				"north": {"uv": [13.5, 2.5, 13.968, 3.5], "texture": "#0", "cullface": "north"},
				"east": {"uv": [5.032, 6.032, 5.968, 6.5], "texture": "#0"},
				"south": {"uv": [0.032, 0.032, 0.5, 0.968], "texture": "#3"},
				"down": {"uv": [13.032, 5.032, 13.968, 5.5], "rotation": 90, "texture": "#0"}
			}
		},
		{
			"from": [2.5, 13, 0],
			"to": [3, 13.5, 1],
			"faces": {
				"north": {"uv": [13.032, 2.5, 13.5, 2.968], "texture": "#0", "cullface": "north"},
				"east": {"uv": [5.032, 6.032, 5.968, 6.5], "texture": "#0"},
				"south": {"uv": [0.032, 0.032, 0.5, 0.5], "texture": "#3"},
				"down": {"uv": [13.032, 5.032, 13.968, 5.5], "rotation": 90, "texture": "#0"}
			}
		},
		{
			"from": [7.25, 1, 7.25],
			"to": [8.75, 4.5, 8.75],
			"faces": {
				"north": {"uv": [0, 12.5, 1.5, 16], "texture": "#3"},
				"east": {"uv": [0, 12.5, 1.5, 16], "texture": "#3"},
				"south": {"uv": [0, 12.5, 1.5, 16], "texture": "#3"},
				"west": {"uv": [0, 12.5, 1.5, 16], "texture": "#3"},
				"up": {"uv": [0, 12.5, 1, 13.5], "rotation": 270, "texture": "#3"}
			}
		}
	],
	"display": {
		"thirdperson_righthand": {
			"rotation": [75, 45, 0],
			"translation": [0, 2.5, 0],
			"scale": [0.375, 0.375, 0.375]
		},
		"thirdperson_lefthand": {
			"rotation": [75, 45, 0],
			"translation": [0, 2.5, 0],
			"scale": [0.375, 0.375, 0.375]
		},
		"firstperson_righthand": {
			"rotation": [0, 45, 0],
			"scale": [0.4, 0.4, 0.4]
		},
		"firstperson_lefthand": {
			"rotation": [0, 225, 0],
			"scale": [0.4, 0.4, 0.4]
		},
		"ground": {
			"translation": [0, 3, 0],
			"scale": [0.25, 0.25, 0.25]
		},
		"gui": {
			"rotation": [30, 225, 0],
			"scale": [0.625, 0.625, 0.625]
		},
		"fixed": {
			"scale": [0.5, 0.5, 0.5]
		}
	},
	"groups": [
		{
			"name": "husk",
			"children": [0, 1, 2, 3, 4]
		},
		{
			"name": "face",
			"children": [5, 6, 7, 8, 9, 10, 11, 12, 13, 14, 15, 16, 17, 18, 19, 20, 21, 22, 23, 24, 25, 26, 27, 28, 29, 30, 31, 32, 33, 34, 35, 36, 37, 38, 39, 40, 41, 42, 43, 44, 45, 46, 47, 48, 49, 50, 51, 52, 53, 54]
		},
		{
			"name": "jack_o_lantern",
			"children": [
				{
					"name": "jack_o_lantern",
					"children": [55]
				}
			]
		}
	]
}