{
	"credit": "Made by Starseeker with Blockbench",
	"textures": {
		"1": "block/plants/cornflower_models/cornflower",
		"particle": "block/cornflower"
	},
	"elements": [
		{
			"name": "Hub",
			"from": [10, 10, 10],
			"to": [12, 14, 12],
			"shade": false,
			"rotation": {"angle": 0, "axis": "y", "origin": [3, 0, 3]},
			"faces": {
				"north": {"uv": [0, 0, 2, 4], "texture": "#1"},
				"east": {"uv": [0, 0, 2, 4], "texture": "#1"},
				"south": {"uv": [0, 0, 2, 4], "texture": "#1"},
				"west": {"uv": [0, 0, 2, 4], "texture": "#1"},
				"up": {"uv": [2, 0, 4, 2], "texture": "#1"},
				"down": {"uv": [2, 2, 4, 4], "texture": "#1"}
			}
		},
		{
			"name": "Stem 2",
			"from": [7, 0, 11],
			"to": [15, 10, 11],
			"shade": false,
			"rotation": {"angle": 45, "axis": "y", "origin": [11, 5, 11]},
			"faces": {
				"north": {"uv": [0, 6, 8, 16], "texture": "#1"},
				"east": {"uv": [0, 0, 0, 10], "texture": "#1"},
				"south": {"uv": [8, 6, 0, 16], "texture": "#1"},
				"west": {"uv": [0, 0, 0, 10], "texture": "#1"},
				"up": {"uv": [0, 0, 8, 0], "texture": "#1"},
				"down": {"uv": [0, 0, 8, 0], "texture": "#1"}
			}
		},
		{
			"name": "Stem 3",
			"from": [7, 0, 11],
			"to": [15, 10, 11],
			"shade": false,
			"rotation": {"angle": -45, "axis": "y", "origin": [11, 5, 11]},
			"faces": {
				"north": {"uv": [0, 6, 8, 16], "texture": "#1"},
				"east": {"uv": [0, 0, 0, 10], "texture": "#1"},
				"south": {"uv": [8, 6, 0, 16], "texture": "#1"},
				"west": {"uv": [0, 0, 0, 10], "texture": "#1"},
				"up": {"uv": [0, 0, 8, 0], "texture": "#1"},
				"down": {"uv": [0, 0, 8, 0], "texture": "#1"}
			}
		},
		{
			"name": "Petal 2",
			"from": [8, 13.5, 9],
			"to": [11, 13.5, 13],
			"shade": false,
			"rotation": {"angle": -22.5, "axis": "z", "origin": [10, 14, 11]},
			"faces": {
				"north": {"uv": [0, 0, 3, 0], "texture": "#1"},
				"east": {"uv": [0, 0, 4, 0], "texture": "#1"},
				"south": {"uv": [0, 0, 3, 0], "texture": "#1"},
				"west": {"uv": [0, 0, 4, 0], "texture": "#1"},
				"up": {"uv": [4, 0, 7, 4], "texture": "#1"},
				"down": {"uv": [4, 0, 7, 4], "texture": "#1"}
			}
		},
		{
			"name": "Petal 3",
			"from": [11, 13.5, 9],
			"to": [14, 13.5, 13],
			"shade": false,
			"rotation": {"angle": 22.5, "axis": "z", "origin": [12, 14, 11]},
			"faces": {
				"north": {"uv": [3, 0, 0, 0], "texture": "#1"},
				"east": {"uv": [4, 0, 0, 0], "texture": "#1"},
				"south": {"uv": [3, 0, 0, 0], "texture": "#1"},
				"west": {"uv": [4, 0, 0, 0], "texture": "#1"},
				"up": {"uv": [7, 0, 4, 4], "texture": "#1"},
				"down": {"uv": [7, 0, 4, 4], "texture": "#1"}
			}
		},
		{
			"name": "Petal 4",
			"from": [9, 13.5, 8],
			"to": [13, 13.5, 11],
			"shade": false,
			"rotation": {"angle": 22.5, "axis": "x", "origin": [11, 13.5, 10]},
			"faces": {
				"north": {"uv": [0, 0, 4, 0], "texture": "#1"},
				"east": {"uv": [0, 0, 3, 0], "texture": "#1"},
				"south": {"uv": [0, 0, 4, 0], "texture": "#1"},
				"west": {"uv": [0, 0, 3, 0], "texture": "#1"},
				"up": {"uv": [4, 0, 7, 4], "rotation": 90, "texture": "#1"},
				"down": {"uv": [7, 0, 4, 4], "rotation": 90, "texture": "#1"}
			}
		},
		{
			"name": "Petal 5",
			"from": [9, 13.5, 11],
			"to": [13, 13.5, 14],
			"shade": false,
			"rotation": {"angle": -22.5, "axis": "x", "origin": [11, 13.5, 12]},
			"faces": {
				"north": {"uv": [0, 0, 4, 0], "texture": "#1"},
				"east": {"uv": [0, 0, 3, 0], "texture": "#1"},
				"south": {"uv": [0, 0, 4, 0], "texture": "#1"},
				"west": {"uv": [0, 0, 3, 0], "texture": "#1"},
				"up": {"uv": [7, 0, 4, 4], "rotation": 90, "texture": "#1"},
				"down": {"uv": [4, 0, 7, 4], "rotation": 90, "texture": "#1"}
			}
		},
		{
			"name": "Hub",
			"from": [4, 9, 4],
			"to": [6, 13, 6],
			"shade": false,
			"rotation": {"angle": 0, "axis": "y", "origin": [-3, -1, -3]},
			"faces": {
				"north": {"uv": [0, 0, 2, 4], "texture": "#1"},
				"east": {"uv": [0, 0, 2, 4], "texture": "#1"},
				"south": {"uv": [0, 0, 2, 4], "texture": "#1"},
				"west": {"uv": [0, 0, 2, 4], "texture": "#1"},
				"up": {"uv": [2, 0, 4, 2], "texture": "#1"},
				"down": {"uv": [2, 2, 4, 4], "texture": "#1"}
			}
		},
		{
			"name": "Stem 3",
			"from": [1, -1, 5],
			"to": [9, 9, 5],
			"shade": false,
			"rotation": {"angle": 45, "axis": "y", "origin": [5, 4, 5]},
			"faces": {
				"north": {"uv": [0, 6, 8, 16], "texture": "#1"},
				"east": {"uv": [0, 0, 0, 10], "texture": "#1"},
				"south": {"uv": [8, 6, 0, 16], "texture": "#1"},
				"west": {"uv": [0, 0, 0, 10], "texture": "#1"},
				"up": {"uv": [0, 0, 8, 0], "texture": "#1"},
				"down": {"uv": [0, 0, 8, 0], "texture": "#1"}
			}
		},
		{
			"name": "Stem 4",
			"from": [1, -1, 5],
			"to": [9, 9, 5],
			"shade": false,
			"rotation": {"angle": -45, "axis": "y", "origin": [5, 4, 5]},
			"faces": {
				"north": {"uv": [0, 6, 8, 16], "texture": "#1"},
				"east": {"uv": [0, 0, 0, 10], "texture": "#1"},
				"south": {"uv": [8, 6, 0, 16], "texture": "#1"},
				"west": {"uv": [0, 0, 0, 10], "texture": "#1"},
				"up": {"uv": [0, 0, 8, 0], "texture": "#1"},
				"down": {"uv": [0, 0, 8, 0], "texture": "#1"}
			}
		},
		{
			"name": "Petal 3",
			"from": [2, 12.5, 3],
			"to": [5, 12.5, 7],
			"shade": false,
			"rotation": {"angle": -22.5, "axis": "z", "origin": [4, 13, 5]},
			"faces": {
				"north": {"uv": [0, 0, 3, 0], "texture": "#1"},
				"east": {"uv": [0, 0, 4, 0], "texture": "#1"},
				"south": {"uv": [0, 0, 3, 0], "texture": "#1"},
				"west": {"uv": [0, 0, 4, 0], "texture": "#1"},
				"up": {"uv": [4, 0, 7, 4], "texture": "#1"},
				"down": {"uv": [4, 0, 7, 4], "texture": "#1"}
			}
		},
		{
			"name": "Petal 4",
			"from": [5, 12.5, 3],
			"to": [8, 12.5, 7],
			"shade": false,
			"rotation": {"angle": 22.5, "axis": "z", "origin": [6, 13, 5]},
			"faces": {
				"north": {"uv": [3, 0, 0, 0], "texture": "#1"},
				"east": {"uv": [4, 0, 0, 0], "texture": "#1"},
				"south": {"uv": [3, 0, 0, 0], "texture": "#1"},
				"west": {"uv": [4, 0, 0, 0], "texture": "#1"},
				"up": {"uv": [7, 0, 4, 4], "texture": "#1"},
				"down": {"uv": [7, 0, 4, 4], "texture": "#1"}
			}
		},
		{
			"name": "Petal 5",
			"from": [3, 12.5, 2],
			"to": [7, 12.5, 5],
			"shade": false,
			"rotation": {"angle": 22.5, "axis": "x", "origin": [5, 12.5, 4]},
			"faces": {
				"north": {"uv": [0, 0, 4, 0], "texture": "#1"},
				"east": {"uv": [0, 0, 3, 0], "texture": "#1"},
				"south": {"uv": [0, 0, 4, 0], "texture": "#1"},
				"west": {"uv": [0, 0, 3, 0], "texture": "#1"},
				"up": {"uv": [4, 0, 7, 4], "rotation": 90, "texture": "#1"},
				"down": {"uv": [7, 0, 4, 4], "rotation": 90, "texture": "#1"}
			}
		},
		{
			"name": "Petal 6",
			"from": [3, 12.5, 5],
			"to": [7, 12.5, 8],
			"shade": false,
			"rotation": {"angle": -22.5, "axis": "x", "origin": [5, 12.5, 6]},
			"faces": {
				"north": {"uv": [0, 0, 4, 0], "texture": "#1"},
				"east": {"uv": [0, 0, 3, 0], "texture": "#1"},
				"south": {"uv": [0, 0, 4, 0], "texture": "#1"},
				"west": {"uv": [0, 0, 3, 0], "texture": "#1"},
				"up": {"uv": [7, 0, 4, 4], "rotation": 90, "texture": "#1"},
				"down": {"uv": [4, 0, 7, 4], "rotation": 90, "texture": "#1"}
			}
		},
		{
			"name": "Hub",
			"from": [11.5, 10, 4.5],
			"to": [12.5, 12, 5.5],
			"shade": false,
			"rotation": {"angle": 0, "axis": "y", "origin": [4, 0, -3]},
			"faces": {
				"north": {"uv": [0.5, 0, 1.5, 2], "texture": "#1"},
				"east": {"uv": [0.5, 0, 1.5, 2], "texture": "#1"},
				"south": {"uv": [0.5, 0, 1.5, 2], "texture": "#1"},
				"west": {"uv": [0.5, 0, 1.5, 2], "texture": "#1"},
				"up": {"uv": [2.5, 0.5, 3.5, 1.5], "texture": "#1"},
				"down": {"uv": [2.5, 2.5, 3.5, 3.5], "texture": "#1"}
			}
		},
		{
			"name": "Stem 1",
			"from": [8, 0, 5],
			"to": [16, 10, 5],
			"shade": false,
			"rotation": {"angle": 45, "axis": "y", "origin": [12, 5, 5]},
			"faces": {
				"north": {"uv": [0, 6, 8, 16], "texture": "#1"},
				"east": {"uv": [0, 0, 0, 10], "texture": "#1"},
				"south": {"uv": [8, 6, 0, 16], "texture": "#1"},
				"west": {"uv": [0, 0, 0, 10], "texture": "#1"},
				"up": {"uv": [0, 0, 8, 0], "texture": "#1"},
				"down": {"uv": [0, 0, 8, 0], "texture": "#1"}
			}
		},
		{
			"name": "Stem 2",
			"from": [8, 0, 5],
			"to": [16, 10, 5],
			"shade": false,
			"rotation": {"angle": -45, "axis": "y", "origin": [12, 5, 5]},
			"faces": {
				"north": {"uv": [0, 6, 8, 16], "texture": "#1"},
				"east": {"uv": [0, 0, 0, 10], "texture": "#1"},
				"south": {"uv": [8, 6, 0, 16], "texture": "#1"},
				"west": {"uv": [0, 0, 0, 10], "texture": "#1"},
				"up": {"uv": [0, 0, 8, 0], "texture": "#1"},
				"down": {"uv": [0, 0, 8, 0], "texture": "#1"}
			}
		},
		{
			"name": "Petal 1",
			"from": [10, 11.5, 3.5],
			"to": [12, 11.5, 6.5],
			"shade": false,
			"rotation": {"angle": -22.5, "axis": "z", "origin": [11.5, 11.5, 5]},
			"faces": {
				"north": {"uv": [0, 0, 3, 0], "texture": "#1"},
				"east": {"uv": [0, 0, 4, 0], "texture": "#1"},
				"south": {"uv": [0, 0, 3, 0], "texture": "#1"},
				"west": {"uv": [0, 0, 4, 0], "texture": "#1"},
				"up": {"uv": [7, 0.5, 9, 3.5], "texture": "#1"},
				"down": {"uv": [7, 0.5, 9, 3.5], "texture": "#1"}
			}
		},
		{
			"name": "Petal 2",
			"from": [12, 11.5, 3.5],
			"to": [14, 11.5, 6.5],
			"shade": false,
			"rotation": {"angle": 22.5, "axis": "z", "origin": [12.5, 11.5, 5]},
			"faces": {
				"north": {"uv": [3, 0, 0, 0], "texture": "#1"},
				"east": {"uv": [4, 0, 0, 0], "texture": "#1"},
				"south": {"uv": [3, 0, 0, 0], "texture": "#1"},
				"west": {"uv": [4, 0, 0, 0], "texture": "#1"},
				"up": {"uv": [9, 0.5, 7, 3.5], "texture": "#1"},
				"down": {"uv": [9, 0.5, 7, 3.5], "texture": "#1"}
			}
		},
		{
			"name": "Petal 3",
			"from": [10.5, 11.5, 3],
			"to": [13.5, 11.5, 5],
			"shade": false,
			"rotation": {"angle": 22.5, "axis": "x", "origin": [12, 11.5, 4.5]},
			"faces": {
				"north": {"uv": [0, 0, 4, 0], "texture": "#1"},
				"east": {"uv": [0, 0, 3, 0], "texture": "#1"},
				"south": {"uv": [0, 0, 4, 0], "texture": "#1"},
				"west": {"uv": [0, 0, 3, 0], "texture": "#1"},
				"up": {"uv": [7, 0.5, 9, 3.5], "rotation": 90, "texture": "#1"},
				"down": {"uv": [9, 0.5, 7, 3.5], "rotation": 90, "texture": "#1"}
			}
		},
		{
			"name": "Petal 4",
			"from": [10.5, 11.5, 5],
			"to": [13.5, 11.5, 7],
			"shade": false,
			"rotation": {"angle": -22.5, "axis": "x", "origin": [12, 11.5, 5.5]},
			"faces": {
				"north": {"uv": [0, 0, 4, 0], "texture": "#1"},
				"east": {"uv": [0, 0, 3, 0], "texture": "#1"},
				"south": {"uv": [0, 0, 4, 0], "texture": "#1"},
				"west": {"uv": [0, 0, 3, 0], "texture": "#1"},
				"up": {"uv": [9, 0.5, 7, 3.5], "rotation": 90, "texture": "#1"},
				"down": {"uv": [7, 0.5, 9, 3.5], "rotation": 90, "texture": "#1"}
			}
		},
		{
			"name": "Hub",
			"from": [5.5, 9, 11.5],
			"to": [6.5, 11, 12.5],
			"shade": false,
			"rotation": {"angle": 0, "axis": "y", "origin": [-2, -1, 4]},
			"faces": {
				"north": {"uv": [0.5, 0, 1.5, 2], "texture": "#1"},
				"east": {"uv": [0.5, 0, 1.5, 2], "texture": "#1"},
				"south": {"uv": [0.5, 0, 1.5, 2], "texture": "#1"},
				"west": {"uv": [0.5, 0, 1.5, 2], "texture": "#1"},
				"up": {"uv": [2.5, 0.5, 3.5, 1.5], "texture": "#1"},
				"down": {"uv": [2.5, 2.5, 3.5, 3.5], "texture": "#1"}
			}
		},
		{
			"name": "Stem 2",
			"from": [2, -1, 12],
			"to": [10, 9, 12],
			"shade": false,
			"rotation": {"angle": 45, "axis": "y", "origin": [6, 4, 12]},
			"faces": {
				"north": {"uv": [0, 6, 8, 16], "texture": "#1"},
				"east": {"uv": [0, 0, 0, 10], "texture": "#1"},
				"south": {"uv": [8, 6, 0, 16], "texture": "#1"},
				"west": {"uv": [0, 0, 0, 10], "texture": "#1"},
				"up": {"uv": [0, 0, 8, 0], "texture": "#1"},
				"down": {"uv": [0, 0, 8, 0], "texture": "#1"}
			}
		},
		{
			"name": "Stem 3",
			"from": [2, -1, 12],
			"to": [10, 9, 12],
			"shade": false,
			"rotation": {"angle": -45, "axis": "y", "origin": [6, 4, 12]},
			"faces": {
				"north": {"uv": [0, 6, 8, 16], "texture": "#1"},
				"east": {"uv": [0, 0, 0, 10], "texture": "#1"},
				"south": {"uv": [8, 6, 0, 16], "texture": "#1"},
				"west": {"uv": [0, 0, 0, 10], "texture": "#1"},
				"up": {"uv": [0, 0, 8, 0], "texture": "#1"},
				"down": {"uv": [0, 0, 8, 0], "texture": "#1"}
			}
		},
		{
			"name": "Petal 2",
			"from": [4, 10.5, 10.5],
			"to": [6, 10.5, 13.5],
			"shade": false,
			"rotation": {"angle": -22.5, "axis": "z", "origin": [5.5, 10.5, 12]},
			"faces": {
				"north": {"uv": [0, 0, 3, 0], "texture": "#1"},
				"east": {"uv": [0, 0, 4, 0], "texture": "#1"},
				"south": {"uv": [0, 0, 3, 0], "texture": "#1"},
				"west": {"uv": [0, 0, 4, 0], "texture": "#1"},
				"up": {"uv": [7, 0.5, 9, 3.5], "texture": "#1"},
				"down": {"uv": [7, 0.5, 9, 3.5], "texture": "#1"}
			}
		},
		{
			"name": "Petal 3",
			"from": [6, 10.5, 10.5],
			"to": [8, 10.5, 13.5],
			"shade": false,
			"rotation": {"angle": 22.5, "axis": "z", "origin": [6.5, 10.5, 12]},
			"faces": {
				"north": {"uv": [3, 0, 0, 0], "texture": "#1"},
				"east": {"uv": [4, 0, 0, 0], "texture": "#1"},
				"south": {"uv": [3, 0, 0, 0], "texture": "#1"},
				"west": {"uv": [4, 0, 0, 0], "texture": "#1"},
				"up": {"uv": [9, 0.5, 7, 3.5], "texture": "#1"},
				"down": {"uv": [9, 0.5, 7, 3.5], "texture": "#1"}
			}
		},
		{
			"name": "Petal 4",
			"from": [4.5, 10.5, 10],
			"to": [7.5, 10.5, 12],
			"shade": false,
			"rotation": {"angle": 22.5, "axis": "x", "origin": [6, 10.5, 11.5]},
			"faces": {
				"north": {"uv": [0, 0, 4, 0], "texture": "#1"},
				"east": {"uv": [0, 0, 3, 0], "texture": "#1"},
				"south": {"uv": [0, 0, 4, 0], "texture": "#1"},
				"west": {"uv": [0, 0, 3, 0], "texture": "#1"},
				"up": {"uv": [7, 0.5, 9, 3.5], "rotation": 90, "texture": "#1"},
				"down": {"uv": [9, 0.5, 7, 3.5], "rotation": 90, "texture": "#1"}
			}
		},
		{
			"name": "Petal 5",
			"from": [4.5, 10.5, 12],
			"to": [7.5, 10.5, 14],
			"shade": false,
			"rotation": {"angle": -22.5, "axis": "x", "origin": [6, 10.5, 12.5]},
			"faces": {
				"north": {"uv": [0, 0, 4, 0], "texture": "#1"},
				"east": {"uv": [0, 0, 3, 0], "texture": "#1"},
				"south": {"uv": [0, 0, 4, 0], "texture": "#1"},
				"west": {"uv": [0, 0, 3, 0], "texture": "#1"},
				"up": {"uv": [9, 0.5, 7, 3.5], "rotation": 90, "texture": "#1"},
				"down": {"uv": [7, 0.5, 9, 3.5], "rotation": 90, "texture": "#1"}
			}
		}
	],
	"groups": [
		{
			"name": "Flower",
			"origin": [8, 13.5, 9],
			"color": 0,
			"shade": false,
			"children": [0, 1, 2, 3, 4, 5, 6]
		},
		{
			"name": "Flower",
			"origin": [8, 13.5, 9],
			"color": 0,
			"shade": false,
			"children": [7, 8, 9, 10, 11, 12, 13]
		},
		{
			"name": "Flower",
			"origin": [8, 11.5, 8.5],
			"color": 0,
			"shade": false,
			"children": [14, 15, 16, 17, 18, 19, 20]
		},
		{
			"name": "Flower",
			"origin": [8, 11.5, 8.5],
			"color": 0,
			"shade": false,
			"children": [21, 22, 23, 24, 25, 26, 27]
		}
	]
}