{ "multipart": [
    { "apply": [
        { "model": "minecraft:block/deepslate/sides/0" },
        { "model": "minecraft:block/deepslate/sides/1" },
        { "model": "minecraft:block/deepslate/sides/2" },
        { "model": "minecraft:block/deepslate/sides/3" },
        { "model": "minecraft:block/deepslate/sides/4" }
      ]
    },
    { "apply": [
        { "model": "minecraft:block/deepslate/ends/0" },
        { "model": "minecraft:block/deepslate/ends/1" },
        { "model": "minecraft:block/deepslate/ends/2" },
        { "model": "minecraft:block/deepslate/ends/3" }
      ]
    }
  ]
}