{
	"credit": "Made with Blockbench, model by LTK1",
	"parent": "block/block",
	"ambientocclusion": false,
	"textures": {
		"0": "blocks/redstone_lamp_on",
		"1": "blocks/redstone_lamp_top_on",
		"particle": "blocks/redstone_lamp_on"
	},
	"elements": [
		{
			"name": "cube",
			"from": [0.5, 2, 0.5],
			"to": [15.5, 14, 15.5],
			"faces": {
				"north": {
					"uv": [0.516, 2.016, 15.484, 13.984],
					"texture": "#0"
				},
				"east": {
					"uv": [0.516, 2.016, 15.484, 13.984],
					"texture": "#0"
				},
				"south": {
					"uv": [0.516, 2.016, 15.484, 13.984],
					"texture": "#0"
				},
				"west": {
					"uv": [0.516, 2.016, 15.484, 13.984],
					"texture": "#0"
				},
				"up": {
					"uv": [0.016, 0.016, 14.984, 14.984],
					"texture": "#missing"
				},
				"down": {
					"uv": [0.016, 0.016, 14.984, 14.984],
					"texture": "#missing"
				}
			},
			"type": "cube"
		},
		{
			"name": "cube",
			"from": [1.5, 14, 1.5],
			"to": [14.5, 15.5, 14.5],
			"faces": {
				"north": {
					"uv": [0.016, 0.016, 12.984, 1.484],
					"texture": "#0"
				},
				"east": {
					"uv": [0.016, 0.016, 12.984, 1.484],
					"texture": "#0"
				},
				"south": {
					"uv": [0.016, 0.016, 12.984, 1.484],
					"texture": "#0"
				},
				"west": {
					"uv": [0.016, 0.016, 12.984, 1.484],
					"texture": "#0"
				},
				"up": {
					"uv": [1.516, 1.516, 14.484, 14.484],
					"texture": "#1"
				},
				"down": {
					"uv": [0.016, 0.016, 12.984, 12.984],
					"texture": "#missing"
				}
			},
			"type": "cube"
		},
		{
			"name": "cube",
			"from": [4.5, 2, 0],
			"to": [5, 14, 16],
			"faces": {
				"north": {
					"uv": [4.516, 2.016, 4.984, 13.984],
					"texture": "#0"
				},
				"east": {
					"uv": [0.016, 2.016, 0.484, 13.984],
					"texture": "#0"
				},
				"south": {
					"uv": [4.516, 2.016, 4.984, 13.984],
					"texture": "#0"
				},
				"west": {
					"uv": [15.516, 2.016, 15.984, 13.984],
					"texture": "#0"
				},
				"up": {
					"uv": [0.016, 0.016, 0.484, 15.984],
					"texture": "#0"
				},
				"down": {
					"uv": [0.016, 0.016, 0.484, 15.984],
					"texture": "#0"
				}
			},
			"type": "cube"
		},
		{
			"name": "cube",
			"from": [11, 2, 0],
			"to": [11.5, 14, 16],
			"faces": {
				"north": {
					"uv": [4.516, 2.016, 4.984, 13.984],
					"texture": "#0"
				},
				"east": {
					"uv": [0.016, 2.016, 0.484, 13.984],
					"texture": "#0"
				},
				"south": {
					"uv": [4.516, 2.016, 4.984, 13.984],
					"texture": "#0"
				},
				"west": {
					"uv": [15.516, 2.016, 15.984, 13.984],
					"texture": "#0"
				},
				"up": {
					"uv": [0.016, 0.016, 0.484, 15.984],
					"texture": "#0"
				},
				"down": {
					"uv": [0.016, 0.016, 0.484, 15.984],
					"texture": "#0"
				}
			},
			"type": "cube"
		},
		{
			"name": "cube",
			"from": [0, 2, 11],
			"to": [16, 14, 11.5],
			"faces": {
				"north": {
					"uv": [15.516, 1.516, 15.984, 13.484],
					"texture": "#0"
				},
				"east": {
					"uv": [4.516, 2.016, 4.984, 13.984],
					"texture": "#0"
				},
				"south": {
					"uv": [0.016, 2.016, 0.484, 13.984],
					"texture": "#0"
				},
				"west": {
					"uv": [4.516, 2.016, 4.984, 13.984],
					"texture": "#0"
				},
				"up": {
					"uv": [0.016, 0.016, 0.484, 15.984],
					"texture": "#0",
					"rotation": 90
				},
				"down": {
					"uv": [0.016, 0.016, 0.484, 15.984],
					"texture": "#0",
					"rotation": 270
				}
			},
			"type": "cube"
		},
		{
			"name": "cube",
			"from": [0, 2, 4.5],
			"to": [16, 14, 5],
			"faces": {
				"north": {
					"uv": [15.516, 2.016, 15.984, 13.984],
					"texture": "#0"
				},
				"east": {
					"uv": [4.516, 2.016, 4.984, 13.984],
					"texture": "#0"
				},
				"south": {
					"uv": [0.016, 2.016, 0.484, 13.984],
					"texture": "#0"
				},
				"west": {
					"uv": [4.516, 2.016, 4.984, 13.984],
					"texture": "#0"
				},
				"up": {
					"uv": [0.016, 0.016, 0.484, 15.984],
					"texture": "#0",
					"rotation": 90
				},
				"down": {
					"uv": [0.016, 0.016, 0.484, 15.984],
					"texture": "#0",
					"rotation": 270
				}
			},
			"type": "cube"
		},
		{
			"name": "cube",
			"from": [0, 14, 0],
			"to": [14.5, 16, 1.5],
			"faces": {
				"north": {
					"uv": [1.516, 0.016, 15.984, 1.984],
					"texture": "#0"
				},
				"east": {
					"uv": [0.016, 0.016, 1.5, 1.984],
					"texture": "#missing"
				},
				"south": {
					"uv": [0.016, 0.016, 14.484, 1.984],
					"texture": "#0"
				},
				"west": {
					"uv": [0.016, 0.016, 1.484, 1.984],
					"texture": "#0"
				},
				"up": {
					"uv": [1.516, 0.016, 15.984, 1.484],
					"texture": "#1",
					"rotation": 180
				},
				"down": {
					"uv": [
						1.5,
						0,
						15.967500305175781,
						1.4675000190734864
					],
					"texture": "#1",
					"rotation": 180
				}
			},
			"type": "cube"
		},
		{
			"name": "cube",
			"from": [14.5, 14, 0],
			"to": [16, 16, 14.5],
			"faces": {
				"north": {
					"uv": [0.016, 0.016, 1.484, 1.984],
					"texture": "#0"
				},
				"east": {
					"uv": [1.516, 0.016, 15.984, 1.984],
					"texture": "#0"
				},
				"south": {
					"uv": [0.016, 0.016, 1.5, 1.984],
					"texture": "#missing"
				},
				"west": {
					"uv": [0.016, 0.016, 14.484, 1.984],
					"texture": "#0"
				},
				"up": {
					"uv": [0.016, 0.016, 14.484, 1.484],
					"texture": "#1",
					"rotation": 90
				},
				"down": {
					"uv": [0.016, 0.016, 1.484, 14.484],
					"texture": "#1",
					"rotation": 180
				}
			},
			"type": "cube"
		},
		{
			"name": "cube",
			"from": [1.5, 14, 14.5],
			"to": [16, 16, 16],
			"faces": {
				"north": {
					"uv": [0.016, 0.016, 14.484, 1.984],
					"texture": "#0"
				},
				"east": {
					"uv": [0.016, 0.016, 1.484, 1.984],
					"texture": "#0"
				},
				"south": {
					"uv": [1.516, 0.016, 15.984, 1.984],
					"texture": "#0"
				},
				"west": {
					"uv": [0.016, 0.016, 1.5, 1.984],
					"texture": "#missing"
				},
				"up": {
					"uv": [0.016, 0.016, 14.484, 1.484],
					"texture": "#1",
					"rotation": 180
				},
				"down": {
					"uv": [0.016, 0.016, 14.484, 1.484],
					"texture": "#1",
					"rotation": 180
				}
			},
			"type": "cube"
		},
		{
			"name": "cube",
			"from": [0, 14, 1.5],
			"to": [1.5, 16, 16],
			"faces": {
				"north": {
					"uv": [0.016, 0.016, 1.5, 1.984],
					"texture": "#missing"
				},
				"east": {
					"uv": [0.016, 0.016, 14.484, 1.984],
					"texture": "#0"
				},
				"south": {
					"uv": [0.016, 0.016, 1.484, 1.984],
					"texture": "#0"
				},
				"west": {
					"uv": [1.516, 0.016, 15.984, 1.984],
					"texture": "#0"
				},
				"up": {
					"uv": [1.516, 0.016, 15.984, 1.484],
					"texture": "#1",
					"rotation": 90
				},
				"down": {
					"uv": [0.016, 1.516, 1.484, 15.984],
					"texture": "#1",
					"rotation": 180
				}
			},
			"type": "cube"
		},
		{
			"name": "cube",
			"from": [1.5, 0.5, 1.5],
			"to": [14.5, 2, 14.5],
			"faces": {
				"north": {
					"uv": [0.016, 1.484, 12.984, 0.016],
					"texture": "#0"
				},
				"east": {
					"uv": [0.016, 1.484, 12.984, 0.016],
					"texture": "#0"
				},
				"south": {
					"uv": [0.016, 1.484, 12.984, 0.016],
					"texture": "#0"
				},
				"west": {
					"uv": [0.016, 1.484, 12.984, 0.016],
					"texture": "#0"
				},
				"up": {
					"uv": [0.016, 12.984, 12.984, 0.016],
					"texture": "#missing"
				},
				"down": {
					"uv": [1.516, 14.484, 14.484, 1.516],
					"texture": "#1"
				}
			},
			"type": "cube"
		},
		{
			"name": "cube",
			"from": [1.5, 0, 14.5],
			"to": [16, 2, 16],
			"faces": {
				"north": {
					"uv": [0.016, 1.984, 14.484, 0.016],
					"texture": "#0"
				},
				"east": {
					"uv": [0.016, 14.016, 1.484, 15.984],
					"texture": "#0"
				},
				"south": {
					"uv": [1.516, 14.016, 15.984, 15.984],
					"texture": "#0"
				},
				"west": {
					"uv": [0.016, 1.984, 1.5, 0.016],
					"texture": "#missing"
				},
				"up": {
					"uv": [0.016, 0.016, 14.484, 1.484],
					"texture": "#1",
					"rotation": 180
				},
				"down": {
					"uv": [1.516, 0.016, 15.984, 1.484],
					"texture": "#1"
				}
			},
			"type": "cube"
		},
		{
			"name": "cube",
			"from": [0, 0, 1.5],
			"to": [1.5, 2, 16],
			"faces": {
				"north": {
					"uv": [0.016, 1.984, 1.5, 0.016],
					"texture": "#missing"
				},
				"east": {
					"uv": [0.016, 1.984, 14.484, 0.016],
					"texture": "#0"
				},
				"south": {
					"uv": [0.016, 14.016, 1.484, 15.984],
					"texture": "#0"
				},
				"west": {
					"uv": [1.516, 14.016, 15.984, 15.984],
					"texture": "#0"
				},
				"up": {
					"uv": [0.016, 0.016, 1.484, 14.484],
					"texture": "#1",
					"rotation": 180
				},
				"down": {
					"uv": [0.016, 0.016, 1.484, 14.484],
					"texture": "#1"
				}
			},
			"type": "cube"
		},
		{
			"name": "cube",
			"from": [0, 0, 0],
			"to": [14.5, 2, 1.5],
			"faces": {
				"north": {
					"uv": [1.516, 14.016, 15.984, 15.984],
					"texture": "#0"
				},
				"east": {
					"uv": [0.016, 1.984, 1.5, 0.016],
					"texture": "#missing"
				},
				"south": {
					"uv": [0.016, 1.984, 14.484, 0.016],
					"texture": "#0"
				},
				"west": {
					"uv": [0.016, 1.984, 1.484, 0.016],
					"texture": "#0"
				},
				"up": {
					"uv": [1.516, 0.016, 15.984, 1.484],
					"texture": "#1",
					"rotation": 180
				},
				"down": {
					"uv": [1.516, 0.016, 15.984, 1.484],
					"texture": "#1",
					"rotation": 180
				}
			},
			"type": "cube"
		},
		{
			"name": "cube",
			"from": [14.5, 0, 0],
			"to": [16, 2, 14.5],
			"faces": {
				"north": {
					"uv": [0.016, 14.016, 1.484, 15.984],
					"texture": "#0"
				},
				"east": {
					"uv": [1.516, 14.016, 15.984, 15.984],
					"texture": "#0"
				},
				"south": {
					"uv": [0.016, 1.984, 1.5, 0.016],
					"texture": "#missing"
				},
				"west": {
					"uv": [0.016, 1.984, 14.484, 0.016],
					"texture": "#0"
				},
				"up": {
					"uv": [0.016, 1.516, 1.484, 15.984],
					"texture": "#1",
					"rotation": 180
				},
				"down": {
					"uv": [0.016, 0.016, 1.484, 14.484],
					"texture": "#1"
				}
			},
			"type": "cube"
		},
		{
			"name": "cube",
			"from": [15.5, 2, 15.5],
			"to": [16, 14, 16],
			"faces": {
				"north": {
					"uv": [
						0,
						2,
						0.4675000190734863,
						13.967500305175781
					],
					"texture": "#0"
				},
				"east": {
					"uv": [
						0,
						2,
						0.4675000190734863,
						13.967500305175781
					],
					"texture": "#0"
				},
				"south": {
					"uv": [
						0,
						2,
						0.4675000190734863,
						13.967500305175781
					],
					"texture": "#0"
				},
				"west": {
					"uv": [
						0,
						2,
						0.4675000190734863,
						13.967500305175781
					],
					"texture": "#0"
				}
			},
			"type": "cube"
		},
		{
			"name": "cube",
			"from": [0, 2, 15.5],
			"to": [0.5, 14, 16],
			"faces": {
				"north": {
					"uv": [
						0,
						2,
						0.4675000190734863,
						13.967500305175781
					],
					"texture": "#0"
				},
				"east": {
					"uv": [
						0,
						2,
						0.4675000190734863,
						13.967500305175781
					],
					"texture": "#0"
				},
				"south": {
					"uv": [
						0,
						2,
						0.4675000190734863,
						13.967500305175781
					],
					"texture": "#0"
				},
				"west": {
					"uv": [
						0,
						2,
						0.4675000190734863,
						13.967500305175781
					],
					"texture": "#0"
				}
			},
			"type": "cube"
		},
		{
			"name": "cube",
			"from": [0, 2, 0],
			"to": [0.5, 14, 0.5],
			"faces": {
				"north": {
					"uv": [
						0,
						2,
						0.4675000190734863,
						13.967500305175781
					],
					"texture": "#0"
				},
				"east": {
					"uv": [
						0,
						2,
						0.4675000190734863,
						13.967500305175781
					],
					"texture": "#0"
				},
				"south": {
					"uv": [
						0,
						2,
						0.4675000190734863,
						13.967500305175781
					],
					"texture": "#0"
				},
				"west": {
					"uv": [
						0,
						2,
						0.4675000190734863,
						13.967500305175781
					],
					"texture": "#0"
				}
			},
			"type": "cube"
		},
		{
			"name": "cube",
			"from": [15.5, 2, 0],
			"to": [16, 14, 0.5],
			"faces": {
				"north": {
					"uv": [
						0,
						2,
						0.4675000190734863,
						13.967500305175781
					],
					"texture": "#0"
				},
				"east": {
					"uv": [
						0,
						2,
						0.4675000190734863,
						13.967500305175781
					],
					"texture": "#0"
				},
				"south": {
					"uv": [
						0,
						2,
						0.4675000190734863,
						13.967500305175781
					],
					"texture": "#0"
				},
				"west": {
					"uv": [
						0,
						2,
						0.4675000190734863,
						13.967500305175781
					],
					"texture": "#0"
				}
			},
			"type": "cube"
		}
	]
}