{
	"credit": "Made with Blockbench",
	"textures": {
		"0": "item/potion/splash_potion",
		"1": "item/potion/potion_overlay",
		"2": "block/oak_planks",
		"particle": "item/potion/splash_potion"
	},
	"elements": [
		{
			"from": [5, 0, 4],
			"to": [11, 1, 12],
			"faces": {
				"north": {"uv": [8, 8, 9, 14], "rotation": 90, "texture": "#0"},
				"east": {"uv": [8, 0, 9, 8], "rotation": 90, "texture": "#0"},
				"south": {"uv": [8, 8, 9, 14], "rotation": 90, "texture": "#0"},
				"west": {"uv": [8, 0, 9, 8], "rotation": 90, "texture": "#0"},
				"up": {"uv": [0, 8, 8, 14], "rotation": 90, "texture": "#0"},
				"down": {"uv": [0, 8, 8, 14], "rotation": 90, "texture": "#0"}
			}
		},
		{
			"from": [5, 1, 3],
			"to": [11, 9, 4],
			"faces": {
				"north": {"uv": [0, 8, 8, 14], "rotation": 90, "texture": "#0"},
				"east": {"uv": [8, 0, 9, 8], "texture": "#0"},
				"south": {"uv": [0, 8, 8, 14], "rotation": 90, "texture": "#0"},
				"west": {"uv": [8, 0, 9, 8], "texture": "#0"},
				"up": {"uv": [8, 8, 9, 14], "rotation": 90, "texture": "#0"},
				"down": {"uv": [8, 8, 9, 14], "rotation": 90, "texture": "#0"}
			}
		},
		{
			"from": [11, 1, 4],
			"to": [12, 9, 12],
			"faces": {
				"north": {"uv": [8, 0, 9, 8], "texture": "#0"},
				"east": {"uv": [0, 0, 8, 8], "rotation": 90, "texture": "#0"},
				"south": {"uv": [8, 0, 9, 8], "texture": "#0"},
				"west": {"uv": [0, 0, 8, 8], "texture": "#0"},
				"up": {"uv": [8, 0, 9, 8], "texture": "#0"},
				"down": {"uv": [8, 0, 9, 8], "texture": "#0"}
			}
		},
		{
			"from": [5.05, 1.05, 4.05],
			"to": [10.95, 8.95, 11.95],
			"faces": {
				"north": {"uv": [0, 8, 8, 14], "rotation": 270, "texture": "#1", "tintindex": 0},
				"east": {"uv": [0, 0, 8, 8], "texture": "#1", "tintindex": 0},
				"south": {"uv": [0, 8, 8, 14], "rotation": 90, "texture": "#1", "tintindex": 0},
				"west": {"uv": [0, 0, 8, 8], "texture": "#1", "tintindex": 0},
				"up": {"uv": [0, 8, 8, 14], "rotation": 90, "texture": "#1", "tintindex": 0},
				"down": {"uv": [0, 8, 8, 14], "rotation": 90, "texture": "#1", "tintindex": 0}
			}
		},
		{
			"from": [5, 1, 12],
			"to": [11, 9, 13],
			"faces": {
				"north": {"uv": [0, 8, 8, 14], "rotation": 90, "texture": "#0"},
				"east": {"uv": [8, 0, 9, 8], "texture": "#0"},
				"south": {"uv": [0, 8, 8, 14], "rotation": 90, "texture": "#0"},
				"west": {"uv": [8, 0, 9, 8], "texture": "#0"},
				"up": {"uv": [8, 8, 9, 14], "rotation": 90, "texture": "#0"},
				"down": {"uv": [8, 8, 9, 14], "rotation": 90, "texture": "#0"}
			}
		},
		{
			"from": [4, 1, 4],
			"to": [5, 9, 12],
			"faces": {
				"north": {"uv": [8, 0, 9, 8], "texture": "#0"},
				"east": {"uv": [0, 0, 8, 8], "rotation": 90, "texture": "#0"},
				"south": {"uv": [8, 0, 9, 8], "texture": "#0"},
				"west": {"uv": [0, 0, 8, 8], "texture": "#0"},
				"up": {"uv": [8, 0, 9, 8], "texture": "#0"},
				"down": {"uv": [8, 0, 9, 8], "texture": "#0"}
			}
		},
		{
			"from": [5, 9, 4],
			"to": [11, 10, 12],
			"faces": {
				"north": {"uv": [8, 8, 9, 14], "rotation": 90, "texture": "#0"},
				"east": {"uv": [8, 0, 9, 8], "rotation": 90, "texture": "#0"},
				"south": {"uv": [8, 8, 9, 14], "rotation": 90, "texture": "#0"},
				"west": {"uv": [8, 0, 9, 8], "rotation": 90, "texture": "#0"},
				"up": {"uv": [0, 8, 8, 14], "rotation": 90, "texture": "#0"},
				"down": {"uv": [0, 8, 8, 14], "rotation": 90, "texture": "#0"}
			}
		},
		{
			"from": [3.5, 12.25, 7.5],
			"to": [12.5, 13.25, 8.5],
			"rotation": {"angle": 22.5, "axis": "y", "origin": [8, 13.5, 8]},
			"faces": {
				"north": {"uv": [0, 14.5, 9, 15.5], "texture": "#0"},
				"east": {"uv": [0, 14.5, 1, 15.5], "texture": "#0"},
				"south": {"uv": [0, 14.5, 9, 15.5], "texture": "#0"},
				"west": {"uv": [8, 14.5, 9, 15.5], "texture": "#0"},
				"up": {"uv": [0, 14.5, 9, 15.5], "texture": "#0"},
				"down": {"uv": [0, 14.5, 9, 15.5], "texture": "#0"}
			}
		},
		{
			"from": [5, 10, 4],
			"to": [11, 10.25, 12],
			"faces": {
				"north": {"uv": [1, 0, 13, 0.5], "texture": "#2"},
				"east": {"uv": [0, 0, 16, 0.5], "texture": "#2"},
				"south": {"uv": [1, 0, 13, 0.5], "texture": "#2"},
				"west": {"uv": [0, 0, 16, 0.5], "texture": "#2"},
				"up": {"uv": [0, 0, 16, 12], "rotation": 90, "texture": "#2"},
				"down": {"uv": [0, 0, 16, 12], "rotation": 90, "texture": "#2"}
			}
		},
		{
			"from": [7.5, 10.25, 7.5],
			"to": [8.5, 12.25, 8.5],
			"faces": {
				"north": {"uv": [12, 14, 13, 16], "texture": "#0"},
				"east": {"uv": [12, 14, 13, 16], "texture": "#0"},
				"south": {"uv": [12, 14, 13, 16], "texture": "#0"},
				"west": {"uv": [12, 14, 13, 16], "texture": "#0"},
				"up": {"uv": [13, 13, 14, 14], "texture": "#0"},
				"down": {"uv": [13, 13, 14, 14], "texture": "#0"}
			}
		},
		{
			"from": [5, -0.25, 4],
			"to": [11, 0, 12],
			"faces": {
				"north": {"uv": [1, 0, 13, 0.5], "texture": "#2"},
				"east": {"uv": [0, 0, 16, 0.5], "texture": "#2"},
				"south": {"uv": [1, 0, 13, 0.5], "texture": "#2"},
				"west": {"uv": [0, 0, 16, 0.5], "texture": "#2"},
				"up": {"uv": [0, 0, 16, 12], "rotation": 90, "texture": "#2"},
				"down": {"uv": [0, 0, 16, 12], "rotation": 90, "texture": "#2"}
			}
		}
	],
	"display": {
		"thirdperson_righthand": {
			"rotation": [90, -22.5, 0],
			"translation": [0, -2, -2.75],
			"scale": [0.7, 0.7, 0.7]
		},
		"thirdperson_lefthand": {
			"rotation": [90, 22.5, 0],
			"translation": [0, -2, -2.75],
			"scale": [0.7, 0.7, 0.7]
		},
		"firstperson_righthand": {
			"rotation": [29, 16, -17],
			"translation": [2.25, 1.5, 0],
			"scale": [0.7, 0.7, 0.7]
		},
		"firstperson_lefthand": {
			"rotation": [29, 16, -17],
			"translation": [2.25, 1.5, 0],
			"scale": [0.7, 0.7, 0.7]
		},
		"ground": {
			"rotation": [0, 45, 0],
			"translation": [0, 3, 0],
			"scale": [0.7, 0.7, 0.7]
		},
		"gui": {
			"rotation": [32, 32, 0],
			"translation": [0, 1.5, 0]
		},
		"head": {
			"rotation": [0, -22.5, 0],
			"translation": [0, 14.25, 0]
		},
		"fixed": {
			"rotation": [-16, 0, 0],
			"translation": [0, 0, -2]
		}
	}
}