{
	"credit": "Made with Blockbench",
	"textures": {
		"2": "block/WantedRobot_11548",
		"particle": "block/WantedRobot_11548"
	},
	"elements": [
		{
			"from": [6.5, 0, 6.5],
			"to": [9.5, 16, 9.5],
			"faces": {
				"north": {"uv": [6, 3, 10, 16], "texture": "#2"},
				"east": {"uv": [6, 3, 10, 16], "texture": "#2"},
				"south": {"uv": [6, 3, 10, 16], "texture": "#2"},
				"west": {"uv": [6, 3, 10, 16], "texture": "#2"},
				"up": {"uv": [6.5, 6.5, 9.5, 9.5], "texture": "#2", "cullface": "up"},
				"down": {"uv": [6.5, 7, 9.5, 10], "texture": "#2", "cullface": "down"}
			}
		},
		{
			"from": [6.51, 16, 6.51],
			"to": [9.49, 22.9, 9.49],
			"faces": {
				"north": {"uv": [6, 0, 10, 7], "texture": "#2"},
				"east": {"uv": [6, 0, 10, 7], "texture": "#2"},
				"south": {"uv": [6, 0, 10, 7], "texture": "#2"},
				"west": {"uv": [6, 0, 10, 7], "texture": "#2"},
				"up": {"uv": [6.5, 6, 9.5, 9], "texture": "#2", "cullface": "up"},
				"down": {"uv": [6.5, 6.5, 9.5, 9.5], "texture": "#2", "cullface": "down"}
			}
		}
	]
}