{
	"credit": "Made with Blockbench",
	"textures": {
		"2": "block/WantedRobot_11548",
		"particle": "block/WantedRobot_11548"
	},
	"elements": [
		{
			"from": [7.5, 0, 0.5],
			"to": [8.5, 11, 2.5],
			"rotation": {"angle": 0, "axis": "y", "origin": [8, 8, 3]},
			"faces": {
				"north": {"uv": [8.5, 4.5, 9.5, 15.5], "texture": "#2"},
				"east": {"uv": [8.5, 4.5, 6.5, 15.5], "texture": "#2"},
				"south": {"uv": [6.5, 4.5, 7.5, 15.5], "texture": "#2"},
				"west": {"uv": [9.5, 4.5, 7.5, 15.5], "texture": "#2"},
				"up": {"uv": [9.5, 2, 7.5, 3], "rotation": 90, "texture": "#2"},
				"down": {"uv": [7.5, 13.5, 9.5, 14.5], "rotation": 90, "texture": "#2"}
			}
		},
		{
			"from": [7.5, 0, 3.5],
			"to": [8.5, 11, 5.5],
			"rotation": {"angle": 0, "axis": "y", "origin": [8, 8, 3]},
			"faces": {
				"north": {"uv": [8.5, 4, 9.5, 15], "texture": "#2"},
				"east": {"uv": [9.5, 4, 7.5, 15], "texture": "#2"},
				"south": {"uv": [6.5, 4, 7.5, 15], "texture": "#2"},
				"west": {"uv": [8.5, 4, 6.5, 15], "texture": "#2"},
				"up": {"uv": [9, 6, 7, 7], "rotation": 90, "texture": "#2"},
				"down": {"uv": [7, 14.5, 9, 15.5], "rotation": 90, "texture": "#2"}
			}
		},
		{
			"from": [7.5, 13, 0.5],
			"to": [8.5, 21, 2.5],
			"rotation": {"angle": 0, "axis": "y", "origin": [8, 21, 3]},
			"faces": {
				"north": {"uv": [8, 7.5, 9, 15.5], "texture": "#2"},
				"east": {"uv": [9, 4.5, 7, 12.5], "texture": "#2"},
				"south": {"uv": [6.5, 7.5, 7.5, 15.5], "texture": "#2"},
				"west": {"uv": [6.5, 0.5, 8.5, 8.5], "texture": "#2"},
				"up": {"uv": [9.5, 2, 7.5, 3], "rotation": 90, "texture": "#2"},
				"down": {"uv": [7.5, 13.5, 9.5, 14.5], "rotation": 90, "texture": "#2"}
			}
		},
		{
			"from": [7.5, 13, 3.5],
			"to": [8.5, 21, 5.5],
			"rotation": {"angle": 0, "axis": "y", "origin": [8, 21, 3]},
			"faces": {
				"north": {"uv": [8.5, 7, 9.5, 15], "texture": "#2"},
				"east": {"uv": [9.5, 7, 7.5, 15], "texture": "#2"},
				"south": {"uv": [6.5, 7, 7.5, 15], "texture": "#2"},
				"west": {"uv": [9, 5.5, 7, 13.5], "texture": "#2"},
				"up": {"uv": [9, 6, 7, 7], "rotation": 90, "texture": "#2"},
				"down": {"uv": [7, 14.5, 9, 15.5], "rotation": 90, "texture": "#2"}
			}
		},
		{
			"from": [7, 11, 0],
			"to": [9, 13, 6.5],
			"rotation": {"angle": 0, "axis": "y", "origin": [8, 8, 3]},
			"faces": {
				"north": {"uv": [7.5, 1.5, 9.5, 3.5], "texture": "#2"},
				"east": {"uv": [7.5, 5, 9.5, 11.5], "rotation": 90, "texture": "#2"},
				"south": {"uv": [7.5, 1.5, 9.5, 3.5], "texture": "#2"},
				"west": {"uv": [6.5, 5.5, 8.5, 12], "rotation": 90, "texture": "#2"},
				"up": {"uv": [6.5, 8.5, 8.5, 15], "rotation": 90, "texture": "#2"},
				"down": {"uv": [7.5, 8.5, 9.5, 15], "rotation": 90, "texture": "#2"}
			}
		},
		{
			"from": [7, 1, 0],
			"to": [9, 3, 6.5],
			"rotation": {"angle": 0, "axis": "y", "origin": [8, 8, 3]},
			"faces": {
				"north": {"uv": [7.5, 1.5, 9.5, 3.5], "texture": "#2"},
				"east": {"uv": [6.5, 0.5, 8.5, 7], "rotation": 90, "texture": "#2"},
				"south": {"uv": [7.5, 1.5, 9.5, 3.5], "texture": "#2"},
				"west": {"uv": [6.5, 0.5, 8.5, 7], "rotation": 90, "texture": "#2"},
				"up": {"uv": [7.5, 0.5, 9.5, 7], "rotation": 90, "texture": "#2"},
				"down": {"uv": [7.5, 4, 9.5, 10.5], "rotation": 90, "texture": "#2"}
			}
		}
	],
	"groups": [
		{
			"name": "fence",
			"origin": [8, 8, 8],
			"children": [0, 1, 2, 3, 4, 5]
		}
	]
}