{
	"credit": "Made By WantedRobot",
	"textures": {
		"particle": "block/brown_mushroom_block",
		"brown_mushroom": "block/brown_mushroom_block"
	},
	"elements": [
		{
			"from": [0, 16, 0],
			"to": [16, 20, 16],
			"rotation": {"angle": 0, "axis": "y", "origin": [8, 18, 8]},
			"faces": {
				"north": {"uv": [0, 6, 16, 10], "texture": "#brown_mushroom", "cullface": "up"},
				"east": {"uv": [0, 6, 16, 10], "texture": "#brown_mushroom", "cullface": "up"},
				"south": {"uv": [0, 6, 16, 10], "texture": "#brown_mushroom", "cullface": "up"},
				"west": {"uv": [0, 6, 16, 10], "texture": "#brown_mushroom", "cullface": "up"},
				"up": {"uv": [0, 0, 16, 16], "texture": "#brown_mushroom", "cullface": "up"}
			}
		}
	]
}