{
	"credit": "Made by SyndiShanX",
	"textures": {
		"sides": "mcpatcher/cit/items/tools/wands/infinidirt_wand/infinidirt_wand_sides",
		"end_1": "mcpatcher/cit/items/tools/wands/infinidirt_wand/ends/infinidirt_wand_end_1",
		"end_2": "mcpatcher/cit/items/tools/wands/infinidirt_wand/ends/infinidirt_wand_end_2",
		"end_3": "mcpatcher/cit/items/tools/wands/infinidirt_wand/ends/infinidirt_wand_end_3",
		"end_4": "mcpatcher/cit/items/tools/wands/infinidirt_wand/ends/infinidirt_wand_end_4",
		"end_5": "mcpatcher/cit/items/tools/wands/infinidirt_wand/ends/infinidirt_wand_end_5",
		"end_6": "mcpatcher/cit/items/tools/wands/infinidirt_wand/ends/infinidirt_wand_end_6",
		"end_7": "mcpatcher/cit/items/tools/wands/infinidirt_wand/ends/infinidirt_wand_end_7",
		"end_8": "mcpatcher/cit/items/tools/wands/infinidirt_wand/ends/infinidirt_wand_end_8",
		"end_9": "mcpatcher/cit/items/tools/wands/infinidirt_wand/ends/infinidirt_wand_end_9",
		"end_10": "mcpatcher/cit/items/tools/wands/infinidirt_wand/ends/infinidirt_wand_end_10",
		"end_11": "mcpatcher/cit/items/tools/wands/infinidirt_wand/ends/infinidirt_wand_end_11",
		"end_12": "mcpatcher/cit/items/tools/wands/infinidirt_wand/ends/infinidirt_wand_end_12",
		"end_13": "mcpatcher/cit/items/tools/wands/infinidirt_wand/ends/infinidirt_wand_end_13",
		"handle": "mcpatcher/cit/items/tools/wands/infinidirt_wand/infinidirt_wand_handle"
	},
	"elements": [
		{
			"name": "Handle",
			"from": [7, 0, 7],
			"to": [9, 14, 9],
			"faces": {
				"north": {"uv": [7, 2, 9, 16], "texture": "#handle"},
				"east": {"uv": [7, 2, 9, 16], "texture": "#handle"},
				"south": {"uv": [7, 2, 9, 16], "texture": "#handle"},
				"west": {"uv": [7, 2, 9, 16], "texture": "#handle"},
				"up": {"uv": [7, 0, 9, 2], "texture": "#handle"},
				"down": {"uv": [7, 0, 9, 2], "texture": "#handle"}
			}
		},
		{
			"name": "Dirt Sides",
			"from": [6, 14, 6],
			"to": [10, 20, 10],
			"faces": {
				"north": {"uv": [4, 0, 12, 12], "texture": "#sides"},
				"east": {"uv": [4, 0, 12, 12], "texture": "#sides"},
				"south": {"uv": [4, 0, 12, 12], "texture": "#sides"},
				"west": {"uv": [4, 0, 12, 12], "texture": "#sides"}
			}
		},
		{
			"name": "Dirt End 1",
			"from": [6, 16, 6],
			"to": [10, 20, 10],
			"faces": {
				"up": {"uv": [4, 0, 12, 8], "texture": "#end_1"},
				"down": {"uv": [4, 0, 12, 8], "texture": "#end_1"}
			}
		},
		{
			"name": "Dirt End 2",
			"from": [6, 15.875, 6],
			"to": [10, 19.875, 10],
			"faces": {
				"up": {"uv": [4, 0, 12, 8], "texture": "#end_2"},
				"down": {"uv": [4, 0, 12, 8], "texture": "#end_2"}
			}
		},
		{
			"name": "Dirt End 3",
			"from": [6, 15.75, 6],
			"to": [10, 19.75, 10],
			"faces": {
				"up": {"uv": [4, 0, 12, 8], "texture": "#end_3"},
				"down": {"uv": [4, 0, 12, 8], "texture": "#end_3"}
			}
		},
		{
			"name": "Dirt End 4",
			"from": [6, 15.625, 6],
			"to": [10, 19.625, 10],
			"faces": {
				"up": {"uv": [4, 0, 12, 8], "texture": "#end_4"},
				"down": {"uv": [4, 0, 12, 8], "texture": "#end_4"}
			}
		},
		{
			"name": "Dirt End 5",
			"from": [6, 15.5, 6],
			"to": [10, 19.5, 10],
			"faces": {
				"up": {"uv": [4, 0, 12, 8], "texture": "#end_5"},
				"down": {"uv": [4, 0, 12, 8], "texture": "#end_5"}
			}
		},
		{
			"name": "Dirt End 6",
			"from": [6, 15.375, 6],
			"to": [10, 19.375, 10],
			"faces": {
				"up": {"uv": [4, 0, 12, 8], "texture": "#end_6"},
				"down": {"uv": [4, 0, 12, 8], "texture": "#end_6"}
			}
		},
		{
			"name": "Dirt End 7",
			"from": [6, 15.25, 6],
			"to": [10, 19.25, 10],
			"faces": {
				"up": {"uv": [4, 0, 12, 8], "texture": "#end_7"},
				"down": {"uv": [4, 0, 12, 8], "texture": "#end_7"}
			}
		},
		{
			"name": "Dirt End 8",
			"from": [6, 15.125, 6],
			"to": [10, 19.125, 10],
			"faces": {
				"up": {"uv": [4, 0, 12, 8], "texture": "#end_8"},
				"down": {"uv": [4, 0, 12, 8], "texture": "#end_8"}
			}
		},
		{
			"name": "Dirt End 9",
			"from": [6, 15, 6],
			"to": [10, 19, 10],
			"faces": {
				"up": {"uv": [4, 0, 12, 8], "texture": "#end_9"},
				"down": {"uv": [4, 0, 12, 8], "texture": "#end_9"}
			}
		},
		{
			"name": "Dirt End 10",
			"from": [6, 14.875, 6],
			"to": [10, 18.875, 10],
			"faces": {
				"up": {"uv": [4, 0, 12, 8], "texture": "#end_10"},
				"down": {"uv": [4, 0, 12, 8], "texture": "#end_10"}
			}
		},
		{
			"name": "Dirt End 11",
			"from": [6, 14.75, 6],
			"to": [10, 18.75, 10],
			"faces": {
				"up": {"uv": [4, 0, 12, 8], "texture": "#end_11"},
				"down": {"uv": [4, 0, 12, 8], "texture": "#end_11"}
			}
		},
		{
			"name": "Dirt End 12",
			"from": [6, 14.625, 6],
			"to": [10, 18.625, 10],
			"faces": {
				"up": {"uv": [4, 0, 12, 8], "texture": "#end_12"},
				"down": {"uv": [4, 0, 12, 8], "texture": "#end_12"}
			}
		},
		{
			"name": "Dirt End 13",
			"from": [6, 14.5, 6],
			"to": [10, 18.5, 10],
			"faces": {
				"up": {"uv": [4, 0, 12, 8], "texture": "#end_13"},
				"down": {"uv": [4, 0, 12, 8], "texture": "#end_13"}
			}
		}
	],
	"display": {
		"thirdperson": {
			"rotation": [-90, 0, 0],
			"translation": [0, 1, -3],
			"scale": [0.55, 0.55, 0.55]
		},
		"firstperson": {
			"rotation": [0, -45, -2],
			"translation": [2, 2.5, 0],
			"scale": [1, 1, 1]
		},
		"ground": {
			"translation": [0, 2, 0],
			"scale": [1.5, 1.5, 1.5]
		},
		"gui": {
			"rotation": [0, -30, 45],
			"scale": [1.25, 1.25, 1.25]
		}
	},
	"groups": [
		0,
		1,
		{
			"name": "Dirt Ends",
			"origin": [0, 0, 0],
			"color": 0,
			"children": [2, 3, 4, 5, 6, 7, 8, 9, 10, 11, 12, 13, 14]
		}
	]
}