{
	"credit": "Made with Blockbench",
	"ambientocclusion": false,
	"textures": {
		"0": "block/doors/birch_door_bottom",
		"1": "block/doors/birch_door_rim",
		"particle": "block/doors/birch_door_bottom"
	},
	"elements": [
		{
			"from": [0.5, 13, 2],
			"to": [2.5, 16, 4],
			"faces": {
				"east": {"uv": [3.98313, 0.01563, 2.01563, 2.98313], "texture": "#0"},
				"south": {"uv": [13.5, 12, 15.5, 15], "texture": "#1"},
				"west": {"uv": [2, 0, 4, 3], "texture": "#0"}
			}
		},
		{
			"from": [0.5, 13, 12],
			"to": [2.5, 16, 14],
			"faces": {
				"north": {"uv": [13.5, 4, 15.5, 7], "texture": "#1"},
				"east": {"uv": [14, 0, 12, 3], "texture": "#0"},
				"west": {"uv": [12, 0, 14, 3], "texture": "#0"}
			}
		},
		{
			"from": [0.5, 2, 2],
			"to": [2.5, 13, 14],
			"faces": {
				"east": {"uv": [13.992, 3, 2.008, 13.992], "texture": "#0"},
				"west": {"uv": [2.008, 3, 13.992, 13.992], "texture": "#0"},
				"up": {"uv": [13.508, 1.5, 15.492, 13.492], "texture": "#1"}
			}
		},
		{
			"from": [1.5, 13, 4],
			"to": [1.5, 16, 12],
			"faces": {
				"east": {"uv": [4, 0, 12, 3], "texture": "#0"},
				"west": {"uv": [4, 0, 12, 3], "texture": "#0"}
			}
		},
		{
			"from": [0, 0, 0],
			"to": [3, 16, 2],
			"faces": {
				"north": {"uv": [4.508, 0.008, 7.492, 15.992], "texture": "#1"},
				"east": {"uv": [1.992, 0.008, 0.008, 15.992], "texture": "#0"},
				"south": {"uv": [1.508, 0.008, 1.992, 15.992], "texture": "#0"},
				"west": {"uv": [0.008, 0.008, 1.992, 15.992], "texture": "#0"},
				"down": {"uv": [0.008, 14, 2.992, 15.992], "texture": "#1"}
			}
		},
		{
			"from": [0, 0, 2],
			"to": [3, 2, 14],
			"faces": {
				"east": {"uv": [13.992, 14, 2.008, 15.992], "texture": "#0"},
				"west": {"uv": [2.008, 14, 13.992, 15.992], "texture": "#0"},
				"up": {"uv": [2.008, 14, 13.992, 14.492], "rotation": 90, "texture": "#0"},
				"down": {"uv": [0.008, 2, 2.992, 13.992], "texture": "#1"}
			}
		},
		{
			"from": [0, 0, 14],
			"to": [3, 16, 16],
			"faces": {
				"north": {"uv": [14.008, 0.008, 14.492, 15.992], "texture": "#0"},
				"east": {"uv": [15.992, 0.008, 14.008, 15.992], "texture": "#0"},
				"south": {"uv": [4.508, 0.008, 7.492, 15.992], "texture": "#1"},
				"west": {"uv": [14.008, 0.008, 15.992, 15.992], "texture": "#0"},
				"down": {"uv": [0.008, 0.008, 2.992, 1.992], "texture": "#1"}
			}
		},
		{
			"from": [0, 5.5, 2],
			"to": [3, 7, 2.5],
			"faces": {
				"east": {"uv": [0, 0, 0.5, 1.5], "texture": "#0"},
				"south": {"uv": [0, 0, 0.5, 1.5], "texture": "#0"},
				"west": {"uv": [2, 9, 2.5, 10.5], "texture": "#0"},
				"up": {"uv": [0, 0, 0.5, 0.5], "texture": "#0"},
				"down": {"uv": [0, 0, 0.5, 0.5], "texture": "#0"}
			}
		},
		{
			"from": [0, 8.5, 2],
			"to": [3, 11, 14],
			"faces": {
				"east": {"uv": [13.992, 5, 2.008, 7.492], "texture": "#0"},
				"west": {"uv": [2.008, 5, 13.992, 7.492], "texture": "#0"},
				"up": {"uv": [2.008, 5, 13.992, 5.492], "rotation": 90, "texture": "#0"},
				"down": {"uv": [2.008, 7, 13.992, 7.492], "rotation": 90, "texture": "#0"}
			}
		},
		{
			"from": [0, 8, 3.5],
			"to": [3, 11.5, 5],
			"faces": {
				"north": {"uv": [0.008, 0.008, 0.492, 1.492], "texture": "#0"},
				"east": {"uv": [4.992, 4.5, 3.508, 7.992], "texture": "#0"},
				"south": {"uv": [0.008, 0.008, 0.492, 1.492], "texture": "#0"},
				"west": {"uv": [3.508, 4.5, 4.992, 7.992], "texture": "#0"},
				"up": {"uv": [0.008, 0.008, 0.492, 0.492], "texture": "#0"},
				"down": {"uv": [3.508, 7.5, 4.992, 7.992], "rotation": 90, "texture": "#0"}
			}
		},
		{
			"from": [0, 8, 11],
			"to": [3, 11.5, 12.5],
			"faces": {
				"north": {"uv": [0.008, 0.008, 0.492, 1.492], "texture": "#0"},
				"east": {"uv": [12.492, 4.5, 11.008, 7.992], "texture": "#0"},
				"south": {"uv": [0.008, 0.008, 0.492, 1.492], "texture": "#0"},
				"west": {"uv": [11.008, 4.5, 12.492, 7.992], "texture": "#0"},
				"up": {"uv": [0.008, 0.008, 0.492, 0.492], "texture": "#0"},
				"down": {"uv": [3.508, 7.5, 4.992, 7.992], "rotation": 90, "texture": "#0"}
			}
		}
	]
}