{
	"credit": "Made with Blockbench",
	"parent": "block/block",
	"textures": {
		"0": "block/smithing_table_bottom",
		"1": "block/smithing_table_front",
		"2": "block/smithing_table_side",
		"3": "block/smithing_table_top",
		"particle": "block/smithing_table_bottom"
	},
	"elements": [
		{
			"from": [0.89101, 0, 0.89101],
			"to": [15.10899, 16, 15.10899],
			"faces": {
				"north": {"uv": [0, 0, 16, 16], "texture": "#1", "cullface": "north"},
				"east": {"uv": [0, 0, 16, 16], "texture": "#2"},
				"south": {"uv": [0, 0, 16, 16], "texture": "#1"},
				"west": {"uv": [0, 0, 16, 16], "texture": "#2"},
				"up": {"uv": [0, 0, 16, 16], "texture": "#3"},
				"down": {"uv": [0, 0, 16, 16], "texture": "#0"}
			}
		},
		{
			"name": "ruler",
			"from": [3.55688, 10, 0.00238],
			"to": [8.44431, 11, 0.89101],
			"faces": {
				"north": {"uv": [7.5, 5, 13, 6], "texture": "#1", "cullface": "north"},
				"east": {"uv": [0, 0, 1, 1], "texture": "#missing"},
				"south": {"uv": [0, 0, 1, 1], "texture": "#missing"},
				"west": {"uv": [12, 5, 13, 6], "texture": "#1"},
				"up": {"uv": [13, 5, 7.5, 6], "texture": "#1"},
				"down": {"uv": [7.5, 5, 13, 6], "rotation": 180, "texture": "#1"}
			}
		},
		{
			"name": "ruler",
			"from": [8, 5, 0.00238],
			"to": [8.44431, 6.5, 0.89101],
			"faces": {
				"north": {"uv": [10.5, 6.5, 11, 8], "texture": "#1", "cullface": "north"},
				"east": {"uv": [0, 0, 1, 1], "texture": "#missing"},
				"south": {"uv": [0, 0, 1, 1], "texture": "#missing"},
				"west": {"uv": [12, 5.5, 12.5, 6.5], "texture": "#1"},
				"up": {"uv": [10, 7, 10.5, 8], "texture": "#1"},
				"down": {"uv": [11.5, 6, 12, 7], "texture": "#1"}
			}
		},
		{
			"name": "ruler",
			"from": [7.55569, 5.5, 0.00238],
			"to": [8, 7, 0.89101],
			"faces": {
				"north": {"uv": [10.5, 6.5, 11, 8], "texture": "#1", "cullface": "north"},
				"east": {"uv": [9.5, 7.5, 10, 8.5], "texture": "#1"},
				"south": {"uv": [0, 0, 1, 1], "texture": "#missing"},
				"west": {"uv": [12, 5.5, 12.5, 6.5], "texture": "#1"},
				"up": {"uv": [10, 7, 10.5, 8], "texture": "#1"},
				"down": {"uv": [11.5, 6, 12, 7], "texture": "#1"}
			}
		},
		{
			"name": "ruler",
			"from": [6.66706, 6.5, 0.00238],
			"to": [7.11138, 8, 0.89101],
			"faces": {
				"north": {"uv": [10.5, 6.5, 11, 8], "texture": "#1", "cullface": "north"},
				"east": {"uv": [9.5, 7.5, 10, 8.5], "texture": "#1"},
				"south": {"uv": [0, 0, 1, 1], "texture": "#missing"},
				"west": {"uv": [12, 5.5, 12.5, 6.5], "texture": "#1"},
				"up": {"uv": [10, 7, 10.5, 8], "texture": "#1"},
				"down": {"uv": [11.5, 6, 12, 7], "texture": "#1"}
			}
		},
		{
			"name": "ruler",
			"from": [7.11138, 6, 0.00238],
			"to": [7.55569, 7.5, 0.89101],
			"faces": {
				"north": {"uv": [10.5, 6.5, 11, 8], "texture": "#1", "cullface": "north"},
				"east": {"uv": [9.5, 7.5, 10, 8.5], "texture": "#1"},
				"south": {"uv": [0, 0, 1, 1], "texture": "#missing"},
				"west": {"uv": [12, 5.5, 12.5, 6.5], "texture": "#1"},
				"up": {"uv": [10, 7, 10.5, 8], "texture": "#1"},
				"down": {"uv": [11.5, 6, 12, 7], "texture": "#1"}
			}
		},
		{
			"name": "ruler",
			"from": [4.88982, 8.5, 0.00238],
			"to": [5.33413, 10, 0.89101],
			"faces": {
				"north": {"uv": [11.5, 5.5, 12, 7], "texture": "#1", "cullface": "north"},
				"east": {"uv": [9.5, 7.5, 10, 8.5], "texture": "#1"},
				"south": {"uv": [0, 0, 1, 1], "texture": "#missing"},
				"west": {"uv": [12, 5.5, 12.5, 6.5], "texture": "#1"},
				"up": {"uv": [0, 0, 1, 1], "texture": "#missing"},
				"down": {"uv": [11.5, 6, 12, 7], "texture": "#1"}
			}
		},
		{
			"name": "ruler",
			"from": [5.33413, 8, 0.00238],
			"to": [5.77844, 9.5, 0.89101],
			"faces": {
				"north": {"uv": [10.5, 6.5, 11, 8], "texture": "#1", "cullface": "north"},
				"east": {"uv": [9.5, 7.5, 10, 8.5], "texture": "#1"},
				"south": {"uv": [0, 0, 1, 1], "texture": "#missing"},
				"west": {"uv": [12, 5.5, 12.5, 6.5], "texture": "#1"},
				"up": {"uv": [10, 7, 10.5, 8], "texture": "#1"},
				"down": {"uv": [11.5, 6, 12, 7], "texture": "#1"}
			}
		},
		{
			"name": "ruler",
			"from": [5.77844, 7.5, 0.00238],
			"to": [6.22275, 9, 0.89101],
			"faces": {
				"north": {"uv": [10.5, 6.5, 11, 8], "texture": "#1", "cullface": "north"},
				"east": {"uv": [9.5, 7.5, 10, 8.5], "texture": "#1"},
				"south": {"uv": [0, 0, 1, 1], "texture": "#missing"},
				"west": {"uv": [12, 5.5, 12.5, 6.5], "texture": "#1"},
				"up": {"uv": [10, 7, 10.5, 8], "texture": "#1"},
				"down": {"uv": [11.5, 6, 12, 7], "texture": "#1"}
			}
		},
		{
			"name": "ruler",
			"from": [6.22275, 7, 0.00238],
			"to": [6.66706, 8.5, 0.89101],
			"faces": {
				"north": {"uv": [10.5, 6.5, 11, 8], "texture": "#1", "cullface": "north"},
				"east": {"uv": [9.5, 7.5, 10, 8.5], "texture": "#1"},
				"south": {"uv": [0, 0, 1, 1], "texture": "#missing"},
				"west": {"uv": [12, 5.5, 12.5, 6.5], "texture": "#1"},
				"up": {"uv": [10, 7, 10.5, 8], "texture": "#1"},
				"down": {"uv": [11.5, 6, 12, 7], "texture": "#1"}
			}
		},
		{
			"name": "ruler",
			"from": [4.4455, 9, 0.00238],
			"to": [4.88982, 10, 0.89101],
			"faces": {
				"north": {"uv": [12, 5.5, 12.5, 6.5], "texture": "#1", "cullface": "north"},
				"east": {"uv": [0, 0, 1, 1], "texture": "#missing"},
				"south": {"uv": [0, 0, 1, 1], "texture": "#missing"},
				"west": {"uv": [12, 5.5, 12.5, 6.5], "texture": "#1"},
				"up": {"uv": [0, 0, 1, 1], "texture": "#missing"},
				"down": {"uv": [11.5, 6, 12, 7], "texture": "#1"}
			}
		},
		{
			"name": "ruler",
			"from": [4.00119, 9.5, 0.00238],
			"to": [4.4455, 10, 0.89101],
			"faces": {
				"north": {"uv": [12.5, 5.5, 13, 6], "texture": "#1", "cullface": "north"},
				"east": {"uv": [0, 0, 1, 1], "texture": "#missing"},
				"south": {"uv": [0, 0, 1, 1], "texture": "#missing"},
				"west": {"uv": [12, 5.5, 12.5, 6.5], "texture": "#1"},
				"up": {"uv": [0, 0, 1, 1], "texture": "#missing"},
				"down": {"uv": [11.5, 6, 12, 7], "texture": "#1"}
			}
		},
		{
			"name": "ruler",
			"from": [8.44431, 4.5, 0.00238],
			"to": [9.33294, 11, 0.89101],
			"faces": {
				"north": {"uv": [6.5, 5, 7.5, 11.5], "texture": "#1", "cullface": "north"},
				"east": {"uv": [7.5, 5, 6.5, 11.5], "texture": "#1"},
				"south": {"uv": [0, 0, 1, 1], "texture": "#missing"},
				"west": {"uv": [6.5, 5, 7.5, 11.5], "texture": "#1"},
				"up": {"uv": [6.5, 5, 7.5, 6], "texture": "#1"},
				"down": {"uv": [6.5, 10.5, 7.5, 11.5], "texture": "#1"}
			}
		},
		{
			"name": "ruler",
			"from": [7.55569, 10, 15.10899],
			"to": [12.44312, 11, 15.99762],
			"faces": {
				"north": {"uv": [0, 0, 1, 1], "texture": "#missing", "cullface": "north"},
				"east": {"uv": [12, 5, 13, 6], "texture": "#1"},
				"south": {"uv": [7.5, 5, 13, 6], "texture": "#1"},
				"west": {"uv": [0, 0, 1, 1], "texture": "#missing"},
				"up": {"uv": [13, 5, 7.5, 6], "rotation": 180, "texture": "#1"},
				"down": {"uv": [7.5, 5, 13, 6], "texture": "#1"}
			}
		},
		{
			"name": "ruler",
			"from": [7.55569, 5, 15.10899],
			"to": [8, 6.5, 15.99762],
			"faces": {
				"north": {"uv": [0, 0, 1, 1], "texture": "#missing", "cullface": "north"},
				"east": {"uv": [12, 5.5, 12.5, 6.5], "texture": "#1"},
				"south": {"uv": [10.5, 6.5, 11, 8], "texture": "#1"},
				"west": {"uv": [0, 0, 1, 1], "texture": "#missing"},
				"up": {"uv": [10, 7, 10.5, 8], "rotation": 180, "texture": "#1"},
				"down": {"uv": [11.5, 6, 12, 7], "rotation": 180, "texture": "#1"}
			}
		},
		{
			"name": "ruler",
			"from": [8, 5.5, 15.10899],
			"to": [8.44431, 7, 15.99762],
			"faces": {
				"north": {"uv": [0, 0, 1, 1], "texture": "#missing", "cullface": "north"},
				"east": {"uv": [12, 5.5, 12.5, 6.5], "texture": "#1"},
				"south": {"uv": [10.5, 6.5, 11, 8], "texture": "#1"},
				"west": {"uv": [9.5, 7.5, 10, 8.5], "texture": "#1"},
				"up": {"uv": [10, 7, 10.5, 8], "rotation": 180, "texture": "#1"},
				"down": {"uv": [11.5, 6, 12, 7], "rotation": 180, "texture": "#1"}
			}
		},
		{
			"name": "ruler",
			"from": [8.88862, 6.5, 15.10899],
			"to": [9.33294, 8, 15.99762],
			"faces": {
				"north": {"uv": [0, 0, 1, 1], "texture": "#missing", "cullface": "north"},
				"east": {"uv": [12, 5.5, 12.5, 6.5], "texture": "#1"},
				"south": {"uv": [10.5, 6.5, 11, 8], "texture": "#1"},
				"west": {"uv": [9.5, 7.5, 10, 8.5], "texture": "#1"},
				"up": {"uv": [10, 7, 10.5, 8], "rotation": 180, "texture": "#1"},
				"down": {"uv": [11.5, 6, 12, 7], "rotation": 180, "texture": "#1"}
			}
		},
		{
			"name": "ruler",
			"from": [8.44431, 6, 15.10899],
			"to": [8.88862, 7.5, 15.99762],
			"faces": {
				"north": {"uv": [0, 0, 1, 1], "texture": "#missing", "cullface": "north"},
				"east": {"uv": [12, 5.5, 12.5, 6.5], "texture": "#1"},
				"south": {"uv": [10.5, 6.5, 11, 8], "texture": "#1"},
				"west": {"uv": [9.5, 7.5, 10, 8.5], "texture": "#1"},
				"up": {"uv": [10, 7, 10.5, 8], "rotation": 180, "texture": "#1"},
				"down": {"uv": [11.5, 6, 12, 7], "rotation": 180, "texture": "#1"}
			}
		},
		{
			"name": "ruler",
			"from": [10.66587, 8.5, 15.10899],
			"to": [11.11018, 10, 15.99762],
			"faces": {
				"north": {"uv": [0, 0, 1, 1], "texture": "#missing", "cullface": "north"},
				"east": {"uv": [12, 5.5, 12.5, 6.5], "texture": "#1"},
				"south": {"uv": [11.5, 5.5, 12, 7], "texture": "#1"},
				"west": {"uv": [9.5, 7.5, 10, 8.5], "texture": "#1"},
				"up": {"uv": [0, 0, 1, 1], "rotation": 180, "texture": "#missing"},
				"down": {"uv": [11.5, 6, 12, 7], "rotation": 180, "texture": "#1"}
			}
		},
		{
			"name": "ruler",
			"from": [10.22156, 8, 15.10899],
			"to": [10.66587, 9.5, 15.99762],
			"faces": {
				"north": {"uv": [0, 0, 1, 1], "texture": "#missing", "cullface": "north"},
				"east": {"uv": [12, 5.5, 12.5, 6.5], "texture": "#1"},
				"south": {"uv": [10.5, 6.5, 11, 8], "texture": "#1"},
				"west": {"uv": [9.5, 7.5, 10, 8.5], "texture": "#1"},
				"up": {"uv": [10, 7, 10.5, 8], "rotation": 180, "texture": "#1"},
				"down": {"uv": [11.5, 6, 12, 7], "rotation": 180, "texture": "#1"}
			}
		},
		{
			"name": "ruler",
			"from": [9.77725, 7.5, 15.10899],
			"to": [10.22156, 9, 15.99762],
			"faces": {
				"north": {"uv": [0, 0, 1, 1], "texture": "#missing", "cullface": "north"},
				"east": {"uv": [12, 5.5, 12.5, 6.5], "texture": "#1"},
				"south": {"uv": [10.5, 6.5, 11, 8], "texture": "#1"},
				"west": {"uv": [9.5, 7.5, 10, 8.5], "texture": "#1"},
				"up": {"uv": [10, 7, 10.5, 8], "rotation": 180, "texture": "#1"},
				"down": {"uv": [11.5, 6, 12, 7], "rotation": 180, "texture": "#1"}
			}
		},
		{
			"name": "ruler",
			"from": [9.33294, 7, 15.10899],
			"to": [9.77725, 8.5, 15.99762],
			"faces": {
				"north": {"uv": [0, 0, 1, 1], "texture": "#missing", "cullface": "north"},
				"east": {"uv": [12, 5.5, 12.5, 6.5], "texture": "#1"},
				"south": {"uv": [10.5, 6.5, 11, 8], "texture": "#1"},
				"west": {"uv": [9.5, 7.5, 10, 8.5], "texture": "#1"},
				"up": {"uv": [10, 7, 10.5, 8], "rotation": 180, "texture": "#1"},
				"down": {"uv": [11.5, 6, 12, 7], "rotation": 180, "texture": "#1"}
			}
		},
		{
			"name": "ruler",
			"from": [11.11018, 9, 15.10899],
			"to": [11.5545, 10, 15.99762],
			"faces": {
				"north": {"uv": [0, 0, 1, 1], "texture": "#missing", "cullface": "north"},
				"east": {"uv": [12, 5.5, 12.5, 6.5], "texture": "#1"},
				"south": {"uv": [12, 5.5, 12.5, 6.5], "texture": "#1"},
				"west": {"uv": [0, 0, 1, 1], "texture": "#missing"},
				"up": {"uv": [0, 0, 1, 1], "rotation": 180, "texture": "#missing"},
				"down": {"uv": [11.5, 6, 12, 7], "rotation": 180, "texture": "#1"}
			}
		},
		{
			"name": "ruler",
			"from": [11.5545, 9.5, 15.10899],
			"to": [11.99881, 10, 15.99762],
			"faces": {
				"north": {"uv": [0, 0, 1, 1], "texture": "#missing", "cullface": "north"},
				"east": {"uv": [12, 5.5, 12.5, 6.5], "texture": "#1"},
				"south": {"uv": [12.5, 5.5, 13, 6], "texture": "#1"},
				"west": {"uv": [0, 0, 1, 1], "texture": "#missing"},
				"up": {"uv": [0, 0, 1, 1], "rotation": 180, "texture": "#missing"},
				"down": {"uv": [11.5, 6, 12, 7], "rotation": 180, "texture": "#1"}
			}
		},
		{
			"name": "ruler",
			"from": [6.66706, 4.5, 15.10899],
			"to": [7.55569, 11, 15.99762],
			"faces": {
				"north": {"uv": [0, 0, 1, 1], "texture": "#missing", "cullface": "north"},
				"east": {"uv": [6.5, 5, 7.5, 11.5], "texture": "#1"},
				"south": {"uv": [6.5, 5, 7.5, 11.5], "texture": "#1"},
				"west": {"uv": [7.5, 5, 6.5, 11.5], "texture": "#1"},
				"up": {"uv": [6.5, 5, 7.5, 6], "rotation": 180, "texture": "#1"},
				"down": {"uv": [6.5, 10.5, 7.5, 11.5], "rotation": 180, "texture": "#1"}
			}
		},
		{
			"name": "shovel",
			"from": [10.22156, 10.5, 0.00238],
			"to": [11.99881, 12, 0.89101],
			"faces": {
				"north": {"uv": [3.5, 4, 5.5, 5.5], "texture": "#1", "cullface": "north"},
				"east": {"uv": [4, 4, 5, 5.5], "texture": "#1"},
				"south": {"uv": [0, 0, 1, 1], "texture": "#missing"},
				"west": {"uv": [4, 4, 5, 5.5], "texture": "#1"},
				"up": {"uv": [3.5, 4.5, 5.5, 5.5], "texture": "#1"},
				"down": {"uv": [3.5, 4.5, 5.5, 5.5], "texture": "#1"}
			}
		},
		{
			"name": "shovel",
			"from": [10.65266, 7.51658, 0.00088],
			"to": [11.54128, 10.51658, 0.88951],
			"faces": {
				"north": {"uv": [4, 5.5, 5, 8.5], "texture": "#1", "cullface": "north"},
				"east": {"uv": [4, 5.5, 5, 8.5], "texture": "#1"},
				"south": {"uv": [0, 0, 1, 1], "texture": "#missing"},
				"west": {"uv": [4, 5.5, 5, 8.5], "texture": "#1"},
				"up": {"uv": [0, 0, 1, 1], "texture": "#missing"},
				"down": {"uv": [0, 0, 1, 1], "texture": "#missing"}
			}
		},
		{
			"name": "shovel",
			"from": [10.19976, 3.03403, -0.006],
			"to": [11.08838, 7.53403, 0.88262],
			"faces": {
				"north": {"uv": [4.5, 8.5, 5.5, 13], "texture": "#1", "cullface": "north"},
				"east": {"uv": [0, 0, 1, 1], "texture": "#missing"},
				"south": {"uv": [0, 0, 1, 1], "texture": "#missing"},
				"west": {"uv": [4.5, 8.5, 5.5, 13], "texture": "#1"},
				"up": {"uv": [4.5, 8.5, 5.5, 9], "texture": "#1"},
				"down": {"uv": [4.5, 12, 5.5, 13], "texture": "#1"}
			}
		},
		{
			"name": "shovel",
			"from": [11.08838, 3.03403, -0.006],
			"to": [11.97701, 7.53403, 0.88262],
			"faces": {
				"north": {"uv": [3.5, 8.5, 4.5, 13], "texture": "#1", "cullface": "north"},
				"east": {"uv": [3.5, 8.5, 4.5, 13], "texture": "#1"},
				"south": {"uv": [0, 0, 1, 1], "texture": "#missing"},
				"west": {"uv": [0, 0, 1, 1], "texture": "#missing"},
				"up": {"uv": [3.5, 8.5, 4.5, 9], "texture": "#1"},
				"down": {"uv": [3.5, 12, 4.5, 13], "texture": "#1"}
			}
		},
		{
			"name": "shovel",
			"from": [10.64243, 2.55061, -0.01906],
			"to": [11.53105, 3.05061, 0.86956],
			"faces": {
				"north": {"uv": [4, 13, 5, 13.5], "texture": "#1", "cullface": "north"},
				"east": {"uv": [4, 12.5, 5, 13.5], "texture": "#1"},
				"south": {"uv": [0, 0, 1, 1], "texture": "#missing"},
				"west": {"uv": [4, 12.5, 5, 13.5], "texture": "#1"},
				"up": {"uv": [0, 0, 1, 1], "texture": "#missing"},
				"down": {"uv": [4, 12.5, 5, 13.5], "texture": "#1"}
			}
		},
		{
			"name": "shovel",
			"from": [4.00119, 10.5, 15.10899],
			"to": [5.77844, 12, 15.99762],
			"faces": {
				"north": {"uv": [0, 0, 1, 1], "texture": "#missing", "cullface": "north"},
				"east": {"uv": [4, 4, 5, 5.5], "texture": "#1"},
				"south": {"uv": [3.5, 4, 5.5, 5.5], "texture": "#1"},
				"west": {"uv": [4, 4, 5, 5.5], "texture": "#1"},
				"up": {"uv": [3.5, 4.5, 5.5, 5.5], "rotation": 180, "texture": "#1"},
				"down": {"uv": [3.5, 4.5, 5.5, 5.5], "rotation": 180, "texture": "#1"}
			}
		},
		{
			"name": "shovel",
			"from": [4.45872, 7.51658, 15.11049],
			"to": [5.34734, 10.51658, 15.99912],
			"faces": {
				"north": {"uv": [0, 0, 1, 1], "texture": "#missing", "cullface": "north"},
				"east": {"uv": [4, 5.5, 5, 8.5], "texture": "#1"},
				"south": {"uv": [4, 5.5, 5, 8.5], "texture": "#1"},
				"west": {"uv": [4, 5.5, 5, 8.5], "texture": "#1"},
				"up": {"uv": [0, 0, 1, 1], "rotation": 180, "texture": "#missing"},
				"down": {"uv": [0, 0, 1, 1], "rotation": 180, "texture": "#missing"}
			}
		},
		{
			"name": "shovel",
			"from": [4.91162, 3.03403, 15.11738],
			"to": [5.80024, 7.53403, 16.006],
			"faces": {
				"north": {"uv": [0, 0, 1, 1], "texture": "#missing", "cullface": "north"},
				"east": {"uv": [4.5, 8.5, 5.5, 13], "texture": "#1"},
				"south": {"uv": [4.5, 8.5, 5.5, 13], "texture": "#1"},
				"west": {"uv": [0, 0, 1, 1], "texture": "#missing"},
				"up": {"uv": [4.5, 8.5, 5.5, 9], "rotation": 180, "texture": "#1"},
				"down": {"uv": [4.5, 12, 5.5, 13], "rotation": 180, "texture": "#1"}
			}
		},
		{
			"name": "shovel",
			"from": [4.02299, 3.03403, 15.11738],
			"to": [4.91162, 7.53403, 16.006],
			"faces": {
				"north": {"uv": [0, 0, 1, 1], "texture": "#missing", "cullface": "north"},
				"east": {"uv": [0, 0, 1, 1], "texture": "#missing"},
				"south": {"uv": [3.5, 8.5, 4.5, 13], "texture": "#1"},
				"west": {"uv": [3.5, 8.5, 4.5, 13], "texture": "#1"},
				"up": {"uv": [3.5, 8.5, 4.5, 9], "rotation": 180, "texture": "#1"},
				"down": {"uv": [3.5, 12, 4.5, 13], "rotation": 180, "texture": "#1"}
			}
		},
		{
			"name": "shovel",
			"from": [4.46895, 2.55061, 15.13044],
			"to": [5.35757, 3.05061, 16.01906],
			"faces": {
				"north": {"uv": [0, 0, 1, 1], "texture": "#missing", "cullface": "north"},
				"east": {"uv": [4, 12.5, 5, 13.5], "texture": "#1"},
				"south": {"uv": [4, 13, 5, 13.5], "texture": "#1"},
				"west": {"uv": [4, 12.5, 5, 13.5], "texture": "#1"},
				"up": {"uv": [0, 0, 1, 1], "rotation": 180, "texture": "#missing"},
				"down": {"uv": [4, 12.5, 5, 13.5], "rotation": 180, "texture": "#1"}
			}
		},
		{
			"name": "tongs",
			"from": [0.00238, 10, 8.44431],
			"to": [0.89101, 12, 8.88862],
			"faces": {
				"north": {"uv": [8.5, 4, 9, 6], "texture": "#2", "cullface": "north"},
				"east": {"uv": [0, 0, 1, 1], "texture": "#missing"},
				"south": {"uv": [8.5, 4, 9, 6], "texture": "#2"},
				"west": {"uv": [8.5, 4, 9, 6], "texture": "#2"},
				"up": {"uv": [8.5, 4, 9, 4.5], "texture": "#2"},
				"down": {"uv": [8.5, 5.5, 9, 6], "texture": "#2"}
			}
		},
		{
			"name": "tongs",
			"from": [0.00238, 9, 8.88862],
			"to": [0.89101, 11.5, 9.33294],
			"faces": {
				"north": {"uv": [9, 4.5, 9.5, 7], "texture": "#2", "cullface": "north"},
				"east": {"uv": [0, 0, 1, 1], "texture": "#missing"},
				"south": {"uv": [9, 4.5, 9.5, 7], "texture": "#2"},
				"west": {"uv": [9, 4.5, 9.5, 7], "texture": "#2"},
				"up": {"uv": [9, 4.5, 9.5, 5.5], "texture": "#2"},
				"down": {"uv": [9, 6.5, 9.5, 7], "texture": "#2"}
			}
		},
		{
			"name": "tongs",
			"from": [0.00238, 8, 9.33294],
			"to": [0.89101, 10.5, 9.77725],
			"faces": {
				"north": {"uv": [9.5, 5.5, 10, 8], "texture": "#2", "cullface": "north"},
				"east": {"uv": [0, 0, 1, 1], "texture": "#missing"},
				"south": {"uv": [9.5, 5.5, 10, 8], "texture": "#2"},
				"west": {"uv": [9.5, 5.5, 10, 8], "texture": "#2"},
				"up": {"uv": [9.5, 5.5, 10, 6], "texture": "#2"},
				"down": {"uv": [9.5, 7.5, 10, 8], "texture": "#2"}
			}
		},
		{
			"name": "tongs",
			"from": [0.00238, 7.5, 9.77725],
			"to": [0.89101, 10, 10.22156],
			"faces": {
				"north": {"uv": [10, 6, 10.5, 8.5], "texture": "#2", "cullface": "north"},
				"east": {"uv": [0, 0, 1, 1], "texture": "#missing"},
				"south": {"uv": [10, 6, 10.5, 8.5], "texture": "#2"},
				"west": {"uv": [10, 6, 10.5, 8.5], "texture": "#2"},
				"up": {"uv": [10, 6, 10.5, 6.5], "texture": "#2"},
				"down": {"uv": [0, 0, 1, 1], "texture": "#missing"}
			}
		},
		{
			"name": "tongs",
			"from": [0.00238, 7.5, 10.66587],
			"to": [0.89101, 10, 11.11018],
			"faces": {
				"north": {"uv": [11, 6, 11.5, 8.5], "texture": "#2", "cullface": "north"},
				"east": {"uv": [0, 0, 1, 1], "texture": "#missing"},
				"south": {"uv": [11, 6, 11.5, 8.5], "texture": "#2"},
				"west": {"uv": [11, 6, 11.5, 8.5], "texture": "#2"},
				"up": {"uv": [11, 6, 11.5, 6.5], "texture": "#2"},
				"down": {"uv": [0, 0, 1, 1], "texture": "#missing"}
			}
		},
		{
			"name": "tongs",
			"from": [0.00238, 8, 11.11018],
			"to": [0.89101, 10.5, 11.5545],
			"faces": {
				"north": {"uv": [11.5, 5.5, 12, 8], "texture": "#2", "cullface": "north"},
				"east": {"uv": [0, 0, 1, 1], "texture": "#missing"},
				"south": {"uv": [11.5, 5.5, 12, 8], "texture": "#2"},
				"west": {"uv": [11.5, 5.5, 12, 8], "texture": "#2"},
				"up": {"uv": [11.5, 5.5, 12, 6], "texture": "#2"},
				"down": {"uv": [11.5, 7.5, 12, 8], "texture": "#2"}
			}
		},
		{
			"name": "tongs",
			"from": [0.00238, 9, 11.5545],
			"to": [0.89101, 11.5, 11.99881],
			"faces": {
				"north": {"uv": [12, 4.5, 12.5, 7], "texture": "#2", "cullface": "north"},
				"east": {"uv": [0, 0, 1, 1], "texture": "#missing"},
				"south": {"uv": [12, 4.5, 12.5, 7], "texture": "#2"},
				"west": {"uv": [12, 4.5, 12.5, 7], "texture": "#2"},
				"up": {"uv": [12, 4.5, 12.5, 5], "texture": "#2"},
				"down": {"uv": [12, 6.5, 12.5, 7], "texture": "#2"}
			}
		},
		{
			"name": "tongs",
			"from": [0.00238, 10, 11.99881],
			"to": [0.89101, 12, 12.44312],
			"faces": {
				"north": {"uv": [12.5, 4, 13, 6], "texture": "#2", "cullface": "north"},
				"east": {"uv": [0, 0, 1, 1], "texture": "#missing"},
				"south": {"uv": [12.5, 4, 13, 6], "texture": "#2"},
				"west": {"uv": [12.5, 4, 13, 6], "texture": "#2"},
				"up": {"uv": [12.5, 4, 13, 4.5], "texture": "#2"},
				"down": {"uv": [12.5, 5.5, 13, 6], "texture": "#2"}
			}
		},
		{
			"name": "tongs",
			"from": [0.00238, 3, 11.5545],
			"to": [0.89101, 4.5, 11.99881],
			"faces": {
				"north": {"uv": [0, 0, 1, 1], "texture": "#missing", "cullface": "north"},
				"east": {"uv": [0, 0, 1, 1], "texture": "#missing"},
				"south": {"uv": [12, 11.5, 12.5, 13], "texture": "#2"},
				"west": {"uv": [12, 11.5, 12.5, 13], "texture": "#2"},
				"up": {"uv": [12, 11.5, 12.5, 12.5], "texture": "#2"},
				"down": {"uv": [12, 12, 12.5, 13], "texture": "#2"}
			}
		},
		{
			"name": "tongs",
			"from": [0.00238, 2.5, 11.11018],
			"to": [0.89101, 5.5, 11.5545],
			"faces": {
				"north": {"uv": [11.5, 10.5, 12, 13.5], "texture": "#2", "cullface": "north"},
				"east": {"uv": [0, 0, 1, 1], "texture": "#missing"},
				"south": {"uv": [11.5, 10.5, 12, 13.5], "texture": "#2"},
				"west": {"uv": [11.5, 10.5, 12, 13.5], "texture": "#2"},
				"up": {"uv": [11.5, 10.5, 12, 11], "texture": "#2"},
				"down": {"uv": [11.5, 13, 12, 13.5], "texture": "#2"}
			}
		},
		{
			"name": "tongs",
			"from": [0.00238, 4.5, 10.66587],
			"to": [0.89101, 6, 11.11018],
			"faces": {
				"north": {"uv": [11, 10.5, 11.5, 11.5], "texture": "#2", "cullface": "north"},
				"east": {"uv": [0, 0, 1, 1], "texture": "#missing"},
				"south": {"uv": [11, 10, 11.5, 11.5], "texture": "#2"},
				"west": {"uv": [11, 10, 11.5, 11.5], "texture": "#2"},
				"up": {"uv": [0, 0, 1, 1], "texture": "#missing"},
				"down": {"uv": [11, 11, 11.5, 11.5], "texture": "#2"}
			}
		},
		{
			"name": "tongs",
			"from": [0.00238, 4.5, 9.77725],
			"to": [0.89101, 6, 10.22156],
			"faces": {
				"north": {"uv": [10, 10, 10.5, 11.5], "texture": "#2", "cullface": "north"},
				"east": {"uv": [0, 0, 1, 1], "texture": "#missing"},
				"south": {"uv": [10, 10, 10.5, 11.5], "texture": "#2"},
				"west": {"uv": [10, 10, 10.5, 11.5], "texture": "#2"},
				"up": {"uv": [0, 0, 1, 1], "texture": "#missing"},
				"down": {"uv": [10, 10.5, 10.5, 11.5], "texture": "#2"}
			}
		},
		{
			"name": "tongs",
			"from": [0.00238, 2.5, 9.33294],
			"to": [0.89101, 5.5, 9.77725],
			"faces": {
				"north": {"uv": [9.5, 10.5, 10, 13.5], "texture": "#2", "cullface": "north"},
				"east": {"uv": [0, 0, 1, 1], "texture": "#missing"},
				"south": {"uv": [9.5, 10.5, 10, 13.5], "texture": "#2"},
				"west": {"uv": [9.5, 10.5, 10, 13.5], "texture": "#2"},
				"up": {"uv": [9.5, 10.5, 10, 11.5], "texture": "#2"},
				"down": {"uv": [9.5, 13, 10, 13.5], "texture": "#2"}
			}
		},
		{
			"name": "tongs",
			"from": [0.00238, 3, 8.88862],
			"to": [0.89101, 4.5, 9.33294],
			"faces": {
				"north": {"uv": [9, 11.5, 9.5, 13], "texture": "#2", "cullface": "north"},
				"east": {"uv": [0, 0, 1, 1], "texture": "#missing"},
				"south": {"uv": [0, 0, 1, 1], "texture": "#missing"},
				"west": {"uv": [9, 11.5, 9.5, 13], "texture": "#2"},
				"up": {"uv": [9, 11.5, 9.5, 12], "texture": "#2"},
				"down": {"uv": [9, 12, 9.5, 13], "texture": "#2"}
			}
		},
		{
			"name": "tongs",
			"from": [0.00238, 5.5, 10.22156],
			"to": [0.89101, 6, 10.66587],
			"faces": {
				"north": {"uv": [0, 0, 1, 1], "texture": "#missing", "cullface": "north"},
				"east": {"uv": [0, 0, 1, 1], "texture": "#missing"},
				"south": {"uv": [0, 0, 1, 1], "texture": "#missing"},
				"west": {"uv": [10.5, 10, 11, 10.5], "texture": "#2"},
				"up": {"uv": [0, 0, 1, 1], "texture": "#missing"},
				"down": {"uv": [10.5, 10, 11, 10.5], "texture": "#2"}
			}
		},
		{
			"name": "tongs",
			"from": [0.00238, 6, 9.77725],
			"to": [0.89101, 7.5, 11.11018],
			"faces": {
				"north": {"uv": [10, 8.5, 10.5, 10], "texture": "#2", "cullface": "north"},
				"east": {"uv": [0, 0, 1, 1], "texture": "#missing"},
				"south": {"uv": [11, 8.5, 11.5, 10], "texture": "#2"},
				"west": {"uv": [10, 8.5, 11.5, 10], "texture": "#2"},
				"up": {"uv": [10.5, 8.5, 11, 9], "texture": "#2"},
				"down": {"uv": [0, 0, 1, 1], "texture": "#missing"}
			}
		},
		{
			"name": "tongs",
			"from": [15.10899, 10, 7.11138],
			"to": [15.99762, 12, 7.55569],
			"faces": {
				"north": {"uv": [8.5, 4, 9, 6], "texture": "#2", "cullface": "north"},
				"east": {"uv": [8.5, 4, 9, 6], "texture": "#2"},
				"south": {"uv": [8.5, 4, 9, 6], "texture": "#2"},
				"west": {"uv": [0, 0, 1, 1], "texture": "#missing"},
				"up": {"uv": [8.5, 4, 9, 4.5], "rotation": 180, "texture": "#2"},
				"down": {"uv": [8.5, 5.5, 9, 6], "rotation": 180, "texture": "#2"}
			}
		},
		{
			"name": "tongs",
			"from": [15.10899, 9, 6.66706],
			"to": [15.99762, 11.5, 7.11138],
			"faces": {
				"north": {"uv": [9, 4.5, 9.5, 7], "texture": "#2", "cullface": "north"},
				"east": {"uv": [9, 4.5, 9.5, 7], "texture": "#2"},
				"south": {"uv": [9, 4.5, 9.5, 7], "texture": "#2"},
				"west": {"uv": [0, 0, 1, 1], "texture": "#missing"},
				"up": {"uv": [9, 4.5, 9.5, 5.5], "rotation": 180, "texture": "#2"},
				"down": {"uv": [9, 6.5, 9.5, 7], "rotation": 180, "texture": "#2"}
			}
		},
		{
			"name": "tongs",
			"from": [15.10899, 8, 6.22275],
			"to": [15.99762, 10.5, 6.66706],
			"faces": {
				"north": {"uv": [9.5, 5.5, 10, 8], "texture": "#2", "cullface": "north"},
				"east": {"uv": [9.5, 5.5, 10, 8], "texture": "#2"},
				"south": {"uv": [9.5, 5.5, 10, 8], "texture": "#2"},
				"west": {"uv": [0, 0, 1, 1], "texture": "#missing"},
				"up": {"uv": [9.5, 5.5, 10, 6], "rotation": 180, "texture": "#2"},
				"down": {"uv": [9.5, 7.5, 10, 8], "rotation": 180, "texture": "#2"}
			}
		},
		{
			"name": "tongs",
			"from": [15.10899, 7.5, 5.77844],
			"to": [15.99762, 10, 6.22275],
			"faces": {
				"north": {"uv": [10, 6, 10.5, 8.5], "texture": "#2", "cullface": "north"},
				"east": {"uv": [10, 6, 10.5, 8.5], "texture": "#2"},
				"south": {"uv": [10, 6, 10.5, 8.5], "texture": "#2"},
				"west": {"uv": [0, 0, 1, 1], "texture": "#missing"},
				"up": {"uv": [10, 6, 10.5, 6.5], "rotation": 180, "texture": "#2"},
				"down": {"uv": [0, 0, 1, 1], "rotation": 180, "texture": "#missing"}
			}
		},
		{
			"name": "tongs",
			"from": [15.10899, 7.5, 4.88982],
			"to": [15.99762, 10, 5.33413],
			"faces": {
				"north": {"uv": [11, 6, 11.5, 8.5], "texture": "#2", "cullface": "north"},
				"east": {"uv": [11, 6, 11.5, 8.5], "texture": "#2"},
				"south": {"uv": [11, 6, 11.5, 8.5], "texture": "#2"},
				"west": {"uv": [0, 0, 1, 1], "texture": "#missing"},
				"up": {"uv": [11, 6, 11.5, 6.5], "rotation": 180, "texture": "#2"},
				"down": {"uv": [0, 0, 1, 1], "rotation": 180, "texture": "#missing"}
			}
		},
		{
			"name": "tongs",
			"from": [15.10899, 8, 4.4455],
			"to": [15.99762, 10.5, 4.88982],
			"faces": {
				"north": {"uv": [11.5, 5.5, 12, 8], "texture": "#2", "cullface": "north"},
				"east": {"uv": [11.5, 5.5, 12, 8], "texture": "#2"},
				"south": {"uv": [11.5, 5.5, 12, 8], "texture": "#2"},
				"west": {"uv": [0, 0, 1, 1], "texture": "#missing"},
				"up": {"uv": [11.5, 5.5, 12, 6], "rotation": 180, "texture": "#2"},
				"down": {"uv": [11.5, 7.5, 12, 8], "rotation": 180, "texture": "#2"}
			}
		},
		{
			"name": "tongs",
			"from": [15.10899, 9, 4.00119],
			"to": [15.99762, 11.5, 4.4455],
			"faces": {
				"north": {"uv": [12, 4.5, 12.5, 7], "texture": "#2", "cullface": "north"},
				"east": {"uv": [12, 4.5, 12.5, 7], "texture": "#2"},
				"south": {"uv": [12, 4.5, 12.5, 7], "texture": "#2"},
				"west": {"uv": [0, 0, 1, 1], "texture": "#missing"},
				"up": {"uv": [12, 4.5, 12.5, 5], "rotation": 180, "texture": "#2"},
				"down": {"uv": [12, 6.5, 12.5, 7], "rotation": 180, "texture": "#2"}
			}
		},
		{
			"name": "tongs",
			"from": [15.10899, 10, 3.55688],
			"to": [15.99762, 12, 4.00119],
			"faces": {
				"north": {"uv": [12.5, 4, 13, 6], "texture": "#2", "cullface": "north"},
				"east": {"uv": [12.5, 4, 13, 6], "texture": "#2"},
				"south": {"uv": [12.5, 4, 13, 6], "texture": "#2"},
				"west": {"uv": [0, 0, 1, 1], "texture": "#missing"},
				"up": {"uv": [12.5, 4, 13, 4.5], "rotation": 180, "texture": "#2"},
				"down": {"uv": [12.5, 5.5, 13, 6], "rotation": 180, "texture": "#2"}
			}
		},
		{
			"name": "tongs",
			"from": [15.10899, 3, 4.00119],
			"to": [15.99762, 4.5, 4.4455],
			"faces": {
				"north": {"uv": [12, 11.5, 12.5, 13], "texture": "#2", "cullface": "north"},
				"east": {"uv": [12, 11.5, 12.5, 13], "texture": "#2"},
				"south": {"uv": [0, 0, 1, 1], "texture": "#missing"},
				"west": {"uv": [0, 0, 1, 1], "texture": "#missing"},
				"up": {"uv": [12, 11.5, 12.5, 12.5], "rotation": 180, "texture": "#2"},
				"down": {"uv": [12, 12, 12.5, 13], "rotation": 180, "texture": "#2"}
			}
		},
		{
			"name": "tongs",
			"from": [15.10899, 2.5, 4.4455],
			"to": [15.99762, 5.5, 4.88982],
			"faces": {
				"north": {"uv": [11.5, 10.5, 12, 13.5], "texture": "#2", "cullface": "north"},
				"east": {"uv": [11.5, 10.5, 12, 13.5], "texture": "#2"},
				"south": {"uv": [11.5, 10.5, 12, 13.5], "texture": "#2"},
				"west": {"uv": [0, 0, 1, 1], "texture": "#missing"},
				"up": {"uv": [11.5, 10.5, 12, 11], "rotation": 180, "texture": "#2"},
				"down": {"uv": [11.5, 13, 12, 13.5], "rotation": 180, "texture": "#2"}
			}
		},
		{
			"name": "tongs",
			"from": [15.10899, 4.5, 4.88982],
			"to": [15.99762, 6, 5.33413],
			"faces": {
				"north": {"uv": [11, 10, 11.5, 11.5], "texture": "#2", "cullface": "north"},
				"east": {"uv": [11, 10, 11.5, 11.5], "texture": "#2"},
				"south": {"uv": [11, 10.5, 11.5, 11.5], "texture": "#2"},
				"west": {"uv": [0, 0, 1, 1], "texture": "#missing"},
				"up": {"uv": [0, 0, 1, 1], "rotation": 180, "texture": "#missing"},
				"down": {"uv": [11, 11, 11.5, 11.5], "rotation": 180, "texture": "#2"}
			}
		},
		{
			"name": "tongs",
			"from": [15.10899, 4.5, 5.77844],
			"to": [15.99762, 6, 6.22275],
			"faces": {
				"north": {"uv": [10, 10, 10.5, 11.5], "texture": "#2", "cullface": "north"},
				"east": {"uv": [10, 10, 10.5, 11.5], "texture": "#2"},
				"south": {"uv": [10, 10, 10.5, 11.5], "texture": "#2"},
				"west": {"uv": [0, 0, 1, 1], "texture": "#missing"},
				"up": {"uv": [0, 0, 1, 1], "rotation": 180, "texture": "#missing"},
				"down": {"uv": [10, 10.5, 10.5, 11.5], "rotation": 180, "texture": "#2"}
			}
		},
		{
			"name": "tongs",
			"from": [15.10899, 2.5, 6.22275],
			"to": [15.99762, 5.5, 6.66706],
			"faces": {
				"north": {"uv": [9.5, 10.5, 10, 13.5], "texture": "#2", "cullface": "north"},
				"east": {"uv": [9.5, 10.5, 10, 13.5], "texture": "#2"},
				"south": {"uv": [9.5, 10.5, 10, 13.5], "texture": "#2"},
				"west": {"uv": [0, 0, 1, 1], "texture": "#missing"},
				"up": {"uv": [9.5, 10.5, 10, 11.5], "rotation": 180, "texture": "#2"},
				"down": {"uv": [9.5, 13, 10, 13.5], "rotation": 180, "texture": "#2"}
			}
		},
		{
			"name": "tongs",
			"from": [15.10899, 3, 6.66706],
			"to": [15.99762, 4.5, 7.11138],
			"faces": {
				"north": {"uv": [0, 0, 1, 1], "texture": "#missing", "cullface": "north"},
				"east": {"uv": [9, 11.5, 9.5, 13], "texture": "#2"},
				"south": {"uv": [9, 11.5, 9.5, 13], "texture": "#2"},
				"west": {"uv": [0, 0, 1, 1], "texture": "#missing"},
				"up": {"uv": [9, 11.5, 9.5, 12], "rotation": 180, "texture": "#2"},
				"down": {"uv": [9, 12, 9.5, 13], "rotation": 180, "texture": "#2"}
			}
		},
		{
			"name": "tongs",
			"from": [15.10899, 5.5, 5.33413],
			"to": [15.99762, 6, 5.77844],
			"faces": {
				"north": {"uv": [0, 0, 1, 1], "texture": "#missing", "cullface": "north"},
				"east": {"uv": [10.5, 10, 11, 10.5], "texture": "#2"},
				"south": {"uv": [0, 0, 1, 1], "texture": "#missing"},
				"west": {"uv": [0, 0, 1, 1], "texture": "#missing"},
				"up": {"uv": [0, 0, 1, 1], "rotation": 180, "texture": "#missing"},
				"down": {"uv": [10.5, 10, 11, 10.5], "rotation": 180, "texture": "#2"}
			}
		},
		{
			"name": "tongs",
			"from": [15.10899, 6, 4.88982],
			"to": [15.99762, 7.5, 6.22275],
			"faces": {
				"north": {"uv": [11, 8.5, 11.5, 10], "texture": "#2", "cullface": "north"},
				"east": {"uv": [10, 8.5, 11.5, 10], "texture": "#2"},
				"south": {"uv": [10, 8.5, 10.5, 10], "texture": "#2"},
				"west": {"uv": [0, 0, 1, 1], "texture": "#missing"},
				"up": {"uv": [10.5, 8.5, 11, 9], "rotation": 180, "texture": "#2"},
				"down": {"uv": [0, 0, 1, 1], "rotation": 180, "texture": "#missing"}
			}
		},
		{
			"name": "side border",
			"from": [0.00238, 0, 12.88743],
			"to": [0.89101, 16, 15.10899],
			"faces": {
				"north": {"uv": [15, 0, 16, 16], "texture": "#2"},
				"east": {"uv": [0, 0, 1, 1], "texture": "#missing"},
				"south": {"uv": [15, 0, 16, 16], "texture": "#2", "cullface": "south"},
				"west": {"uv": [13.5, 0, 16, 16], "texture": "#2", "cullface": "west"},
				"up": {"uv": [13.5, 0, 16, 1], "rotation": 270, "texture": "#2", "cullface": "up"},
				"down": {"uv": [13.5, 15, 16, 16], "rotation": 90, "texture": "#2"}
			}
		},
		{
			"name": "side border",
			"from": [0.00238, 13, 3.11257],
			"to": [0.89101, 16, 12.88743],
			"faces": {
				"north": {"uv": [0, 0, 1, 1], "texture": "#missing", "cullface": "north"},
				"east": {"uv": [0, 0, 1, 1], "texture": "#missing"},
				"south": {"uv": [0, 0, 1, 1], "texture": "#missing"},
				"west": {"uv": [2.5, 0, 13.5, 3], "texture": "#2"},
				"up": {"uv": [3, 0, 13, 0.5], "rotation": 270, "texture": "#2", "cullface": "up"},
				"down": {"uv": [3, 2.5, 13, 3], "rotation": 270, "texture": "#2"}
			}
		},
		{
			"name": "side border",
			"from": [0.00238, 0, 0.89101],
			"to": [0.89101, 16, 3.11257],
			"faces": {
				"north": {"uv": [0, 0, 1, 16], "texture": "#2", "cullface": "north"},
				"east": {"uv": [0, 0, 1, 1], "texture": "#missing"},
				"south": {"uv": [15, 0, 16, 16], "texture": "#2"},
				"west": {"uv": [0, 0, 2.5, 16], "texture": "#2", "cullface": "west"},
				"up": {"uv": [0, 0, 2.5, 1.5], "rotation": 270, "texture": "#2", "cullface": "up"},
				"down": {"uv": [0, 15, 2.5, 16], "rotation": 90, "texture": "#2"}
			}
		},
		{
			"name": "side border",
			"from": [0.00238, 0, 3.11257],
			"to": [0.89101, 1, 12.88743],
			"faces": {
				"north": {"uv": [0, 0, 1, 1], "texture": "#missing", "cullface": "north"},
				"east": {"uv": [0, 0, 1, 1], "texture": "#missing"},
				"south": {"uv": [0, 0, 1, 1], "texture": "#missing"},
				"west": {"uv": [2.5, 15, 13.5, 16], "texture": "#2"},
				"up": {"uv": [2.5, 15, 13, 16], "rotation": 270, "texture": "#2"},
				"down": {"uv": [3, 15, 13, 16], "rotation": 90, "texture": "#2"}
			}
		},
		{
			"name": "side border",
			"from": [15.10899, 0, 0.89101],
			"to": [15.99762, 16, 3.11257],
			"faces": {
				"north": {"uv": [15, 0, 16, 16], "texture": "#2", "cullface": "north"},
				"east": {"uv": [13.5, 0, 16, 16], "texture": "#2", "cullface": "east"},
				"south": {"uv": [15, 0, 16, 16], "texture": "#2"},
				"west": {"uv": [0, 0, 1, 1], "texture": "#missing"},
				"up": {"uv": [13.5, 0, 16, 1], "rotation": 90, "texture": "#2", "cullface": "up"},
				"down": {"uv": [0, 15, 2.5, 16], "rotation": 270, "texture": "#2"}
			}
		},
		{
			"name": "side border",
			"from": [15.10899, 13, 3.11257],
			"to": [15.99762, 16, 12.88743],
			"faces": {
				"north": {"uv": [0, 0, 1, 1], "texture": "#missing", "cullface": "north"},
				"east": {"uv": [2.5, 0, 13.5, 3], "texture": "#2"},
				"south": {"uv": [0, 0, 1, 1], "texture": "#missing"},
				"west": {"uv": [0, 0, 1, 1], "texture": "#missing"},
				"up": {"uv": [3, 0, 13, 0.5], "rotation": 90, "texture": "#2", "cullface": "up"},
				"down": {"uv": [3, 2.5, 13, 3], "rotation": 90, "texture": "#2"}
			}
		},
		{
			"name": "side border",
			"from": [15.10899, 0, 12.88743],
			"to": [15.99762, 16, 15.10899],
			"faces": {
				"north": {"uv": [0, 0, 1, 16], "texture": "#2"},
				"east": {"uv": [0, 0, 2.5, 16], "texture": "#2", "cullface": "east"},
				"south": {"uv": [0, 0, 1, 16], "texture": "#2", "cullface": "south"},
				"west": {"uv": [0, 0, 1, 1], "texture": "#missing"},
				"up": {"uv": [0, 0, 2.5, 1.5], "rotation": 90, "texture": "#2", "cullface": "up"},
				"down": {"uv": [0, 15, 2.5, 16], "rotation": 270, "texture": "#2"}
			}
		},
		{
			"name": "side border",
			"from": [15.10899, 0, 3.11257],
			"to": [15.99762, 1, 12.88743],
			"faces": {
				"north": {"uv": [0, 0, 1, 1], "texture": "#missing", "cullface": "north"},
				"east": {"uv": [2.5, 15, 13.5, 16], "texture": "#2"},
				"south": {"uv": [0, 0, 1, 1], "texture": "#missing"},
				"west": {"uv": [0, 0, 1, 1], "texture": "#missing"},
				"up": {"uv": [2.5, 15, 13, 16], "rotation": 90, "texture": "#2"},
				"down": {"uv": [3, 15, 13, 16], "rotation": 270, "texture": "#2"}
			}
		},
		{
			"name": "hammer",
			"from": [0.00238, 9, 4.00119],
			"to": [0.89101, 11.5, 8],
			"faces": {
				"north": {"uv": [3.5, 4.5, 4, 7], "texture": "#2", "cullface": "north"},
				"east": {"uv": [0, 0, 1, 1], "texture": "#missing"},
				"south": {"uv": [7.5, 4.5, 8, 7], "texture": "#2"},
				"west": {"uv": [3.5, 4.5, 8, 7], "texture": "#2"},
				"up": {"uv": [3.5, 4.5, 8, 5], "rotation": 90, "texture": "#2"},
				"down": {"uv": [3.5, 6.5, 8, 7], "rotation": 90, "texture": "#2"}
			}
		},
		{
			"name": "hammer",
			"from": [0.00238, 11.5, 5.77844],
			"to": [0.89101, 12, 6.22275],
			"faces": {
				"north": {"uv": [5.5, 4, 6, 4.5], "texture": "#2", "cullface": "north"},
				"east": {"uv": [5.5, 4, 6, 4.5], "texture": "#2"},
				"south": {"uv": [5.5, 4, 6, 4.5], "texture": "#2"},
				"west": {"uv": [5.5, 4, 6, 4.5], "texture": "#2"},
				"up": {"uv": [5.5, 4, 6, 4.5], "texture": "#2"},
				"down": {"uv": [5.5, 4, 6, 4.5], "texture": "#2"}
			}
		},
		{
			"name": "hammer",
			"from": [0.00238, 4, 5.77844],
			"to": [0.89101, 9, 6.22275],
			"faces": {
				"north": {"uv": [5.5, 7, 6, 12], "texture": "#2", "cullface": "north"},
				"east": {"uv": [0, 0, 1, 1], "texture": "#missing"},
				"south": {"uv": [5.5, 7, 6, 12], "texture": "#2"},
				"west": {"uv": [5.5, 7, 6, 12], "texture": "#2"},
				"up": {"uv": [0, 0, 1, 1], "texture": "#missing"},
				"down": {"uv": [0, 0, 1, 1], "texture": "#missing"}
			}
		},
		{
			"name": "hammer",
			"from": [0.00238, 3, 5.33413],
			"to": [0.89101, 4, 6.66706],
			"faces": {
				"north": {"uv": [5, 12, 5.5, 13], "texture": "#2", "cullface": "north"},
				"east": {"uv": [0, 0, 1, 1], "texture": "#missing"},
				"south": {"uv": [6, 12, 6.5, 13], "texture": "#2"},
				"west": {"uv": [5, 12, 6.5, 13], "texture": "#2"},
				"up": {"uv": [5, 12, 6.5, 12.5], "rotation": 90, "texture": "#2"},
				"down": {"uv": [5, 12, 6.5, 13], "rotation": 90, "texture": "#2"}
			}
		},
		{
			"name": "hammer",
			"from": [0.00238, 1.5, 5.77844],
			"to": [0.89101, 3, 6.22275],
			"faces": {
				"north": {"uv": [5.5, 13, 6, 14.5], "texture": "#2", "cullface": "north"},
				"east": {"uv": [0, 0, 1, 1], "texture": "#missing"},
				"south": {"uv": [5.5, 13, 6, 14.5], "texture": "#2"},
				"west": {"uv": [5.5, 13, 6, 14.5], "texture": "#2"},
				"up": {"uv": [0, 0, 1, 1], "texture": "#missing"},
				"down": {"uv": [5.5, 14, 6, 14.5], "texture": "#2"}
			}
		},
		{
			"name": "hammer",
			"from": [15.10899, 9, 8],
			"to": [15.99762, 11.5, 11.99881],
			"faces": {
				"north": {"uv": [7.5, 4.5, 8, 7], "texture": "#2", "cullface": "north"},
				"east": {"uv": [3.5, 4.5, 8, 7], "texture": "#2"},
				"south": {"uv": [3.5, 4.5, 4, 7], "texture": "#2"},
				"west": {"uv": [0, 0, 1, 1], "texture": "#missing"},
				"up": {"uv": [3.5, 4.5, 8, 5], "rotation": 270, "texture": "#2"},
				"down": {"uv": [3.5, 6.5, 8, 7], "rotation": 270, "texture": "#2"}
			}
		},
		{
			"name": "hammer",
			"from": [15.10899, 11.5, 9.77725],
			"to": [15.99762, 12, 10.22156],
			"faces": {
				"north": {"uv": [5.5, 4, 6, 4.5], "texture": "#2", "cullface": "north"},
				"east": {"uv": [5.5, 4, 6, 4.5], "texture": "#2"},
				"south": {"uv": [5.5, 4, 6, 4.5], "texture": "#2"},
				"west": {"uv": [5.5, 4, 6, 4.5], "texture": "#2"},
				"up": {"uv": [5.5, 4, 6, 4.5], "rotation": 180, "texture": "#2"},
				"down": {"uv": [5.5, 4, 6, 4.5], "rotation": 180, "texture": "#2"}
			}
		},
		{
			"name": "hammer",
			"from": [15.10899, 4, 9.77725],
			"to": [15.99762, 9, 10.22156],
			"faces": {
				"north": {"uv": [5.5, 7, 6, 12], "texture": "#2", "cullface": "north"},
				"east": {"uv": [5.5, 7, 6, 12], "texture": "#2"},
				"south": {"uv": [5.5, 7, 6, 12], "texture": "#2"},
				"west": {"uv": [0, 0, 1, 1], "texture": "#missing"},
				"up": {"uv": [0, 0, 1, 1], "rotation": 180, "texture": "#missing"},
				"down": {"uv": [0, 0, 1, 1], "rotation": 180, "texture": "#missing"}
			}
		},
		{
			"name": "hammer",
			"from": [15.10899, 3, 9.33294],
			"to": [15.99762, 4, 10.66587],
			"faces": {
				"north": {"uv": [6, 12, 6.5, 13], "texture": "#2", "cullface": "north"},
				"east": {"uv": [5, 12, 6.5, 13], "texture": "#2"},
				"south": {"uv": [5, 12, 5.5, 13], "texture": "#2"},
				"west": {"uv": [0, 0, 1, 1], "texture": "#missing"},
				"up": {"uv": [5, 12, 6.5, 12.5], "rotation": 270, "texture": "#2"},
				"down": {"uv": [5, 12, 6.5, 13], "rotation": 270, "texture": "#2"}
			}
		},
		{
			"name": "hammer",
			"from": [15.10899, 1.5, 9.77725],
			"to": [15.99762, 3, 10.22156],
			"faces": {
				"north": {"uv": [5.5, 13, 6, 14.5], "texture": "#2", "cullface": "north"},
				"east": {"uv": [5.5, 13, 6, 14.5], "texture": "#2"},
				"south": {"uv": [5.5, 13, 6, 14.5], "texture": "#2"},
				"west": {"uv": [0, 0, 1, 1], "texture": "#missing"},
				"up": {"uv": [0, 0, 1, 1], "rotation": 180, "texture": "#missing"},
				"down": {"uv": [5.5, 14, 6, 14.5], "rotation": 180, "texture": "#2"}
			}
		},
		{
			"name": "edge front",
			"from": [0.89101, 0, 0.00238],
			"to": [3.11257, 16, 0.89101],
			"faces": {
				"north": {"uv": [13.5, 0, 16, 16], "texture": "#1", "cullface": "north"},
				"east": {"uv": [15, 0, 16, 16], "texture": "#1"},
				"south": {"uv": [0, 0, 1, 1], "texture": "#missing"},
				"west": {"uv": [15, 0, 16, 16], "texture": "#1", "cullface": "west"},
				"up": {"uv": [13.5, 0, 16, 1], "texture": "#1", "cullface": "up"},
				"down": {"uv": [13.5, 15, 16, 16], "texture": "#1"}
			}
		},
		{
			"name": "edge front",
			"from": [12.88743, 0, 0.00238],
			"to": [15.10899, 16, 0.89101],
			"faces": {
				"north": {"uv": [0, 0, 2.5, 16], "texture": "#1", "cullface": "north"},
				"east": {"uv": [0, 0, 1, 16], "texture": "#1", "cullface": "east"},
				"south": {"uv": [0, 0, 1, 1], "texture": "#missing"},
				"west": {"uv": [0, 0, 1, 16], "texture": "#1"},
				"up": {"uv": [0, 0, 2.5, 1], "texture": "#1", "cullface": "up"},
				"down": {"uv": [0, 15, 2.5, 16], "texture": "#1"}
			}
		},
		{
			"name": "edge front",
			"from": [3.11257, 13, 0.00238],
			"to": [12.88743, 16, 0.89101],
			"faces": {
				"north": {"uv": [2.5, 0, 13.5, 3], "texture": "#1", "cullface": "north"},
				"east": {"uv": [0, 0, 1, 1], "texture": "#missing"},
				"south": {"uv": [0, 0, 1, 1], "texture": "#missing"},
				"west": {"uv": [0, 0, 1, 1], "texture": "#missing"},
				"up": {"uv": [2.5, 0, 13.5, 1], "texture": "#1", "cullface": "up"},
				"down": {"uv": [2.5, 2, 13.5, 3], "texture": "#1"}
			}
		},
		{
			"name": "edge front",
			"from": [3.11257, 0, 0.00238],
			"to": [12.88743, 1, 0.89101],
			"faces": {
				"north": {"uv": [2.5, 15, 13.5, 16], "texture": "#1", "cullface": "north"},
				"east": {"uv": [0, 0, 1, 1], "texture": "#missing"},
				"south": {"uv": [0, 0, 1, 1], "texture": "#missing"},
				"west": {"uv": [0, 0, 1, 1], "texture": "#missing"},
				"up": {"uv": [2.5, 15, 13.5, 16], "texture": "#1"},
				"down": {"uv": [2.5, 15, 13.5, 16], "texture": "#1"}
			}
		},
		{
			"name": "edge front",
			"from": [12.88743, 0, 15.10899],
			"to": [15.10899, 16, 16.09899],
			"faces": {
				"north": {"uv": [0, 0, 1, 1], "texture": "#missing", "cullface": "north"},
				"east": {"uv": [15, 0, 16, 16], "texture": "#1", "cullface": "east"},
				"south": {"uv": [13.5, 0, 16, 16], "texture": "#1", "cullface": "south"},
				"west": {"uv": [15, 0, 16, 16], "texture": "#1"},
				"up": {"uv": [13.5, 0, 16, 1], "rotation": 180, "texture": "#1", "cullface": "up"},
				"down": {"uv": [13.5, 15, 16, 16], "rotation": 180, "texture": "#2"}
			}
		},
		{
			"name": "edge front",
			"from": [0.89101, 0, 15.10899],
			"to": [3.11257, 16, 16.09899],
			"faces": {
				"north": {"uv": [0, 0, 1, 1], "texture": "#missing", "cullface": "north"},
				"east": {"uv": [0, 0, 1, 16], "texture": "#1"},
				"south": {"uv": [0, 0, 2.5, 16], "texture": "#1"},
				"west": {"uv": [0, 0, 1, 16], "texture": "#1", "cullface": "west"},
				"up": {"uv": [0, 0, 2.5, 1], "rotation": 180, "texture": "#1", "cullface": "up"},
				"down": {"uv": [0, 15, 2.5, 16], "rotation": 180, "texture": "#2"}
			}
		},
		{
			"name": "edge front",
			"from": [3.11257, 13, 15.10899],
			"to": [12.88743, 16, 16.09899],
			"faces": {
				"north": {"uv": [0, 0, 1, 1], "texture": "#missing", "cullface": "north"},
				"east": {"uv": [0, 0, 1, 1], "texture": "#missing"},
				"south": {"uv": [2.5, 0, 13.5, 3], "texture": "#1"},
				"west": {"uv": [0, 0, 1, 1], "texture": "#missing"},
				"up": {"uv": [2.5, 0, 13.5, 1], "rotation": 180, "texture": "#1", "cullface": "up"},
				"down": {"uv": [2.5, 2, 13.5, 3], "rotation": 180, "texture": "#1"}
			}
		},
		{
			"name": "edge front",
			"from": [3.11257, 0, 15.10899],
			"to": [12.88743, 1, 16.09899],
			"faces": {
				"north": {"uv": [0, 0, 1, 1], "texture": "#missing", "cullface": "north"},
				"east": {"uv": [0, 0, 1, 1], "texture": "#missing"},
				"south": {"uv": [2.5, 15, 13.5, 16], "texture": "#1"},
				"west": {"uv": [0, 0, 1, 1], "texture": "#missing"},
				"up": {"uv": [2.5, 15, 13.5, 16], "rotation": 180, "texture": "#1"},
				"down": {"uv": [2.5, 15, 13.5, 16], "rotation": 180, "texture": "#2"}
			}
		},
		{
			"from": [-0.0784, 0, -0.0784],
			"to": [0.9314, 0.5, 0.9314],
			"faces": {
				"north": {"uv": [15.5, 15.5, 16, 16], "texture": "#2"},
				"east": {"uv": [15.5, 15.5, 16, 16], "texture": "#2"},
				"south": {"uv": [15.5, 15.5, 16, 16], "texture": "#2"},
				"west": {"uv": [15.5, 15.5, 16, 16], "texture": "#2"},
				"up": {"uv": [15.5, 15.5, 16, 16], "texture": "#2"},
				"down": {"uv": [15.5, 15.5, 16, 16], "texture": "#2"}
			}
		},
		{
			"from": [-0.0784, 0, 15.0686],
			"to": [0.9314, 0.5, 16.0784],
			"faces": {
				"north": {"uv": [15.5, 15.5, 16, 16], "texture": "#2"},
				"east": {"uv": [15.5, 15.5, 16, 16], "texture": "#2"},
				"south": {"uv": [15.5, 15.5, 16, 16], "texture": "#2"},
				"west": {"uv": [15.5, 15.5, 16, 16], "texture": "#2"},
				"up": {"uv": [15.5, 15.5, 16, 16], "texture": "#2"},
				"down": {"uv": [15.5, 15.5, 16, 16], "texture": "#2"}
			}
		},
		{
			"from": [15.0686, 0, 15.0686],
			"to": [16.0784, 0.5, 16.0784],
			"faces": {
				"north": {"uv": [15.5, 15.5, 16, 16], "texture": "#2"},
				"east": {"uv": [15.5, 15.5, 16, 16], "texture": "#2"},
				"south": {"uv": [15.5, 15.5, 16, 16], "texture": "#2"},
				"west": {"uv": [15.5, 15.5, 16, 16], "texture": "#2"},
				"up": {"uv": [15.5, 15.5, 16, 16], "texture": "#2"},
				"down": {"uv": [15.5, 15.5, 16, 16], "texture": "#2"}
			}
		},
		{
			"from": [15.0686, 0, -0.0784],
			"to": [16.0784, 0.5, 0.9314],
			"faces": {
				"north": {"uv": [15.5, 15.5, 16, 16], "texture": "#2"},
				"east": {"uv": [15.5, 15.5, 16, 16], "texture": "#2"},
				"south": {"uv": [15.5, 15.5, 16, 16], "texture": "#2"},
				"west": {"uv": [15.5, 15.5, 16, 16], "texture": "#2"},
				"up": {"uv": [15.5, 15.5, 16, 16], "texture": "#2"},
				"down": {"uv": [15.5, 15.5, 16, 16], "texture": "#2"}
			}
		},
		{
			"from": [-0.0784, 0.5, 15.0686],
			"to": [0.9314, 16, 16.0784],
			"faces": {
				"north": {"uv": [15.5, 15.5, 16, 16], "texture": "#2"},
				"east": {"uv": [15.5, 15.5, 16, 16], "texture": "#2"},
				"south": {"uv": [15.5, 15.5, 16, 16], "texture": "#2"},
				"west": {"uv": [15.5, 15.5, 16, 16], "texture": "#2"},
				"up": {"uv": [15.5, 15.5, 16, 16], "texture": "#2"},
				"down": {"uv": [15.5, 15.5, 16, 16], "texture": "#2"}
			}
		},
		{
			"from": [15.0686, 0.5, 15.0686],
			"to": [16.0784, 16, 16.0586],
			"faces": {
				"north": {"uv": [15.5, 15.5, 16, 16], "texture": "#2"},
				"east": {"uv": [15.5, 15.5, 16, 16], "texture": "#2"},
				"south": {"uv": [15.5, 15.5, 16, 16], "texture": "#2"},
				"west": {"uv": [15.5, 15.5, 16, 16], "texture": "#2"},
				"up": {"uv": [15.5, 15.5, 16, 16], "texture": "#2"},
				"down": {"uv": [15.5, 15.5, 16, 16], "texture": "#2"}
			}
		},
		{
			"from": [15.0686, 0.5, -0.0784],
			"to": [16.0784, 16, 0.9314],
			"faces": {
				"north": {"uv": [15.5, 15.5, 16, 16], "texture": "#2"},
				"east": {"uv": [15.5, 15.5, 16, 16], "texture": "#2"},
				"south": {"uv": [15.5, 15.5, 16, 16], "texture": "#2"},
				"west": {"uv": [15.5, 15.5, 16, 16], "texture": "#2"},
				"up": {"uv": [15.5, 15.5, 16, 16], "texture": "#2"},
				"down": {"uv": [15.5, 15.5, 16, 16], "texture": "#2"}
			}
		},
		{
			"from": [-0.0784, 0.5, -0.0784],
			"to": [0.9314, 16, 0.9314],
			"faces": {
				"north": {"uv": [15.5, 15.5, 16, 16], "texture": "#2"},
				"east": {"uv": [15.5, 15.5, 16, 16], "texture": "#2"},
				"south": {"uv": [15.5, 15.5, 16, 16], "texture": "#2"},
				"west": {"uv": [15.5, 15.5, 16, 16], "texture": "#2"},
				"up": {"uv": [15.5, 15.5, 16, 16], "texture": "#2"},
				"down": {"uv": [15.5, 15.5, 16, 16], "texture": "#2"}
			}
		}
	],
	"groups": [0,
		{
			"name": "ruler",
			"children": [1, 2, 3, 4, 5, 6, 7, 8, 9, 10, 11, 12, 13, 14, 15, 16, 17, 18, 19, 20, 21, 22, 23, 24]
		},
		{
			"name": "shovel",
			"children": [25, 26, 27, 28, 29, 30, 31, 32, 33, 34]
		},
		{
			"name": "tongs",
			"children": [35, 36, 37, 38, 39, 40, 41, 42, 43, 44, 45, 46, 47, 48, 49, 50, 51, 52, 53, 54, 55, 56, 57, 58, 59, 60, 61, 62, 63, 64, 65, 66]
		},
		{
			"name": "side border",
			"children": [67, 68, 69, 70, 71, 72, 73, 74]
		},
		{
			"name": "hammer",
			"children": [75, 76, 77, 78, 79, 80, 81, 82, 83, 84]
		},
		{
			"name": "edge front",
			"children": [85, 86, 87, 88, 89, 90, 91, 92]
		}, 93, 94, 95, 96, 97, 98, 99, 100]
}