{
	"credit": "Made with Blockbench",
	"textures": {
		"0": "block/dark_oak_log",
		"1": "block/dark_oak_fence",
		"particle": "block/dark_oak_log"
	},
	"elements": [
		{
			"name": "octagon",
			"from": [8.50003, -0.36399, 0.5],
			"to": [9.74263, 2.63601, 16.5],
			"rotation": {"angle": -45, "axis": "z", "origin": [10.00003, 0.25733, 9]},
			"faces": {
				"north": {"uv": [0.016, 0.016, 0.016, 0.016], "texture": "#1"},
				"south": {"uv": [0.016, 0.016, 0.5, 0.5], "texture": "#1"},
				"up": {"uv": [1.016, 0.016, 2.243, 16], "texture": "#0"},
				"down": {"uv": [5.016, 0.016, 6.243, 8.5], "texture": "#0"}
			}
		},
		{
			"name": "octagon",
			"from": [8.5, 0.87868, 0.5],
			"to": [11.5, 2.12132, 16.5],
			"faces": {
				"north": {"uv": [0.016, 0.016, 0.016, 0.016], "texture": "#1"},
				"east": {"uv": [2.016, 0.016, 3.243, 16], "rotation": 270, "texture": "#0"},
				"south": {"uv": [0.016, 0.016, 0.5, 0.5], "texture": "#1"},
				"west": {"uv": [6.016, 0.016, 7.243, 8.5], "rotation": 90, "texture": "#0"}
			}
		},
		{
			"name": "octagon",
			"from": [9.37868, 0, 0.5],
			"to": [10.62132, 3, 16.5],
			"rotation": {"angle": 45, "axis": "z", "origin": [10, 1.5, 8.5]},
			"faces": {
				"north": {"uv": [0.016, 0.016, 0.016, 0.016], "texture": "#1"},
				"south": {"uv": [0.016, 0.016, 0.5, 0.5], "texture": "#1"},
				"up": {"uv": [1.016, 0.016, 2.243, 7.984], "texture": "#0"},
				"down": {"uv": [3.016, 0.016, 4.243, 16], "texture": "#0"}
			}
		},
		{
			"name": "octagon",
			"from": [9.37868, 0, 0.5],
			"to": [10.62132, 3, 16.5],
			"faces": {
				"north": {"uv": [0.016, 0.016, 0.016, 0.016], "texture": "#1"},
				"south": {"uv": [0.016, 0.016, 0.5, 0.5], "texture": "#1"},
				"up": {"uv": [0.016, 0.016, 1.242, 16], "texture": "#0"},
				"down": {"uv": [4.016, 0.016, 5.243, 16], "texture": "#0"}
			}
		},
		{
			"name": "octagon",
			"from": [4.5, 0.87868, -0.5],
			"to": [7.5, 2.12132, 15.5],
			"rotation": {"angle": 45, "axis": "z", "origin": [6, 1.5, 7.5]},
			"faces": {
				"north": {"uv": [0.016, 0.016, 0.016, 0.016], "texture": "#1"},
				"east": {"uv": [5.016, 0.016, 6.243, 7.5], "rotation": 90, "texture": "#0"},
				"south": {"uv": [0.016, 0.016, 0.5, 0.5], "texture": "#1"},
				"west": {"uv": [3.016, 0.016, 4.243, 16], "rotation": 270, "texture": "#0"}
			}
		},
		{
			"name": "octagon",
			"from": [4.5, 0.87868, -0.5],
			"to": [7.5, 2.12132, 15.5],
			"faces": {
				"north": {"uv": [0.016, 0.016, 0.016, 0.016], "texture": "#1"},
				"east": {"uv": [5.016, 0.016, 6.243, 7.5], "rotation": 90, "texture": "#0"},
				"south": {"uv": [0.016, 0.016, 0.5, 0.5], "texture": "#1"},
				"west": {"uv": [2.016, 0.016, 3.243, 15.5], "rotation": 270, "texture": "#0"}
			}
		},
		{
			"name": "octagon",
			"from": [5.37868, 0, -0.5],
			"to": [6.62132, 3, 15.5],
			"rotation": {"angle": 45, "axis": "z", "origin": [6, 1.5, 7.5]},
			"faces": {
				"north": {"uv": [0.016, 0.016, 0.016, 0.016], "texture": "#1"},
				"south": {"uv": [0.016, 0.016, 0.5, 0.5], "texture": "#1"},
				"up": {"uv": [1.016, 0.016, 2.243, 16], "texture": "#0"},
				"down": {"uv": [5.016, 0.016, 6.243, 7.5], "texture": "#0"}
			}
		},
		{
			"name": "octagon",
			"from": [5.37868, 0, -0.5],
			"to": [6.62132, 3, 15.5],
			"faces": {
				"north": {"uv": [0.016, 0.016, 0.016, 0.016], "texture": "#1"},
				"south": {"uv": [0.016, 0.016, 0.5, 0.5], "texture": "#1"},
				"up": {"uv": [0.016, 0.016, 1.242, 16], "texture": "#0"},
				"down": {"uv": [4.016, 0.016, 5.243, 16], "texture": "#0"}
			}
		},
		{
			"name": "octagon",
			"from": [5.5, 3.96447, 0],
			"to": [10.5, 6.03553, 16],
			"rotation": {"angle": 45, "axis": "z", "origin": [8, 5, 7.5]},
			"faces": {
				"north": {"uv": [0.016, 0.016, 0.016, 0.016], "texture": "#1"},
				"east": {"uv": [0.016, 0.016, 1.983, 15.983], "rotation": 90, "texture": "#0"},
				"south": {"uv": [0.016, 0.016, 0.5, 0.5], "texture": "#1"},
				"west": {"uv": [6.016, 0.016, 7.983, 15.983], "rotation": 270, "texture": "#0"}
			}
		},
		{
			"name": "octagon",
			"from": [5.5, 3.96447, 0],
			"to": [10.5, 6.03553, 16],
			"faces": {
				"north": {"uv": [0.016, 0.016, 0.016, 0.016], "texture": "#1"},
				"east": {"uv": [12.016, 0.016, 13.983, 15.983], "rotation": 90, "texture": "#0"},
				"south": {"uv": [0.016, 0.016, 0.5, 0.5], "texture": "#1"},
				"west": {"uv": [4.016, 0.016, 5.983, 15.983], "rotation": 90, "texture": "#0"}
			}
		},
		{
			"name": "octagon",
			"from": [6.96447, 2.5, 0],
			"to": [9.03553, 7.5, 16],
			"rotation": {"angle": 45, "axis": "z", "origin": [8, 5, 7.5]},
			"faces": {
				"north": {"uv": [0.016, 0.016, 0.016, 0.016], "texture": "#1"},
				"south": {"uv": [0.016, 0.016, 0.5, 0.5], "texture": "#1"},
				"up": {"uv": [2.016, 0.016, 3.983, 15.983], "texture": "#0"},
				"down": {"uv": [10.016, 0.016, 11.983, 15.983], "rotation": 180, "texture": "#0"}
			}
		},
		{
			"name": "octagon",
			"from": [6.96447, 2.5, 0],
			"to": [9.03553, 7.5, 16],
			"faces": {
				"north": {"uv": [0.016, 0.016, 0.016, 0.016], "texture": "#1"},
				"south": {"uv": [0.016, 0.016, 0.5, 0.5], "texture": "#1"},
				"up": {"uv": [0.016, 0.016, 1.984, 7.984], "texture": "#0"},
				"down": {"uv": [8.016, 0.016, 9.984, 7.984], "rotation": 180, "texture": "#0"}
			}
		},
		{
			"name": "octagon",
			"from": [5.63071, 7.27066, 0.5],
			"to": [7.08046, 10.77066, 16.5],
			"rotation": {"angle": -22.5, "axis": "z", "origin": [6.45458, 9.21965, 8.5]},
			"faces": {
				"north": {"uv": [0.016, 0.016, 0.016, 0.016], "texture": "#1"},
				"south": {"uv": [0.016, 0.016, 0.016, 0.016], "rotation": 90, "texture": "#1"},
				"up": {"uv": [0.016, 0.016, 1.44975, 7.984], "texture": "#0"},
				"down": {"uv": [6.016, 0.016, 7.45, 15.983], "rotation": 180, "texture": "#0"}
			}
		},
		{
			"name": "octagon",
			"from": [4.56732, 8.30339, 0.5],
			"to": [8.06732, 9.75314, 16.5],
			"rotation": {"angle": -22.5, "axis": "z", "origin": [6.41632, 9.12726, 8.5]},
			"faces": {
				"north": {"uv": [0.016, 0.016, 0.016, 0.016], "texture": "#1"},
				"east": {"uv": [3.016, 0.016, 4.45, 7.984], "rotation": 90, "texture": "#0"},
				"south": {"uv": [0.016, 0.016, 0.016, 0.016], "rotation": 90, "texture": "#1"},
				"west": {"uv": [9.016, 0.016, 10.45, 15.983], "rotation": 90, "texture": "#0"}
			}
		},
		{
			"name": "octagon",
			"from": [4.52631, 8.40239, 0.5],
			"to": [8.02631, 9.85213, 16.5],
			"rotation": {"angle": 22.5, "axis": "z", "origin": [6.41631, 9.12726, 8.5]},
			"faces": {
				"north": {"uv": [0.016, 0.016, 0.016, 0.016], "texture": "#1"},
				"east": {"uv": [1.5, 0.016, 2.95, 7.984], "rotation": 90, "texture": "#0"},
				"south": {"uv": [0.016, 0.016, 0.016, 0.016], "rotation": 90, "texture": "#1"},
				"west": {"uv": [7.5, 0.016, 8.95, 15.983], "rotation": 270, "texture": "#0"}
			}
		},
		{
			"name": "octagon",
			"from": [5.50852, 7.31303, 0.5],
			"to": [6.95826, 10.81303, 16.5],
			"rotation": {"angle": 22.5, "axis": "z", "origin": [6.23339, 9.20303, 8.5]},
			"faces": {
				"north": {"uv": [0.016, 0.016, 0.016, 0.016], "texture": "#1"},
				"south": {"uv": [0.016, 0.016, 0.016, 0.016], "texture": "#1"},
				"up": {"uv": [1.5, 0.016, 2.95, 15.983], "texture": "#0"},
				"down": {"uv": [7.5, 0.016, 8.95, 7.984], "rotation": 180, "texture": "#0"}
			}
		},
		{
			"name": "octagon",
			"from": [8.9287, 7.27066, -0.5],
			"to": [10.37845, 10.77066, 15.5],
			"rotation": {"angle": 22.5, "axis": "z", "origin": [9.55458, 9.21965, 15.5]},
			"faces": {
				"north": {"uv": [0.016, 0.016, 0.016, 0.016], "texture": "#1"},
				"south": {"uv": [0.016, 0.016, 0.5, 0.5], "rotation": 270, "texture": "#1"},
				"up": {"uv": [13.016, 0.016, 14.45, 7.984], "texture": "#0"},
				"down": {"uv": [7.5, 0.016, 8.95, 7.984], "rotation": 180, "texture": "#0"}
			}
		},
		{
			"name": "octagon",
			"from": [7.94184, 8.30339, -0.5],
			"to": [11.44184, 9.75314, 15.5],
			"rotation": {"angle": 22.5, "axis": "z", "origin": [9.59284, 9.12726, 15.5]},
			"faces": {
				"north": {"uv": [0.016, 0.016, 0.016, 0.016], "texture": "#1"},
				"east": {"uv": [4.5, 0.016, 5.95, 15.983], "rotation": 90, "texture": "#0"},
				"south": {"uv": [0.016, 0.016, 0.5, 0.5], "rotation": 270, "texture": "#1"},
				"west": {"uv": [10.5, 0.016, 11.95, 7.984], "rotation": 270, "texture": "#0"}
			}
		},
		{
			"name": "octagon",
			"from": [7.98285, 8.40239, -0.5],
			"to": [11.48285, 9.85213, 15.5],
			"rotation": {"angle": -22.5, "axis": "z", "origin": [9.59285, 9.12726, 15.5]},
			"faces": {
				"north": {"uv": [0.016, 0.016, 0.016, 0.016], "texture": "#1"},
				"east": {"uv": [6.016, 0.016, 7.45, 15.983], "rotation": 90, "texture": "#0"},
				"south": {"uv": [0.016, 0.016, 0.5, 0.5], "rotation": 270, "texture": "#1"},
				"west": {"uv": [11.5, 0.016, 12.95, 7.984], "rotation": 270, "texture": "#0"}
			}
		},
		{
			"name": "octagon",
			"from": [8.94375, 7.33434, -0.5],
			"to": [10.39349, 10.83434, 15.5],
			"rotation": {"angle": -22.5, "axis": "z", "origin": [9.66862, 8.94434, 15.5]},
			"faces": {
				"north": {"uv": [0.016, 0.016, 0.016, 0.016], "texture": "#1"},
				"south": {"uv": [0.016, 0.016, 0.5, 0.5], "rotation": 180, "texture": "#1"},
				"up": {"uv": [6.016, 0.016, 7.45, 15.983], "texture": "#0"},
				"down": {"uv": [11.5, 0.016, 12.95, 7.984], "rotation": 180, "texture": "#0"}
			}
		},
		{
			"name": "octagon",
			"from": [5, 10.02208, 0],
			"to": [7.4853, 16.02208, 16],
			"rotation": {"angle": -45, "axis": "z", "origin": [8, 11.26472, -0.5]},
			"faces": {
				"north": {"uv": [0.016, 0.016, 0.016, 0.016], "texture": "#1"},
				"south": {"uv": [0.016, 0.016, 0.5, 0.5], "texture": "#1"},
				"up": {"uv": [8.5, 0.016, 10.985, 15.983], "texture": "#0"},
				"down": {"uv": [0.016, 0.016, 2.485, 15.983], "rotation": 180, "texture": "#0"}
			}
		},
		{
			"name": "octagon",
			"from": [5, 12.50736, 0],
			"to": [11, 14.99264, 16],
			"faces": {
				"north": {"uv": [0.016, 0.016, 0.016, 0.016], "texture": "#1"},
				"east": {"uv": [11.016, 0.016, 13.485, 15.983], "rotation": 90, "texture": "#0"},
				"south": {"uv": [0.016, 0.016, 0.5, 0.5], "texture": "#1"},
				"west": {"uv": [1.016, 0.016, 3.485, 15.983], "rotation": 270, "texture": "#0"}
			}
		},
		{
			"name": "octagon",
			"from": [6.75736, 10.75, 0],
			"to": [9.24264, 16.75, 16],
			"faces": {
				"north": {"uv": [0.016, 0.016, 0.016, 0.016], "texture": "#1"},
				"south": {"uv": [0.016, 0.016, 0.5, 0.5], "texture": "#1"},
				"up": {"uv": [6.016, 0.016, 8.485, 15.983], "texture": "#0"},
				"down": {"uv": [0.016, 0.016, 2.48528, 7.984], "texture": "#0"}
			}
		},
		{
			"name": "octagon",
			"from": [7.48527, 12.50735, 0],
			"to": [9.97057, 18.50735, 16],
			"rotation": {"angle": 45, "axis": "z", "origin": [10.48527, 13.74999, -0.5]},
			"faces": {
				"north": {"uv": [0.016, 0.016, 0.016, 0.016], "texture": "#1"},
				"south": {"uv": [0.016, 0.016, 0.5, 0.5], "texture": "#1"},
				"up": {"uv": [3.5, 0.016, 5.985, 15.983], "texture": "#0"},
				"down": {"uv": [13.5, 0.016, 15.985, 15.983], "rotation": 180, "texture": "#0"}
			}
		},
		{
			"from": [3.5, -0.5, 3.5],
			"to": [4.5, 15.5, 4.5],
			"faces": {
				"north": {"uv": [15.016, 0.016, 15.984, 15.984], "texture": "#1"},
				"east": {"uv": [15.016, 0.016, 15.984, 15.984], "texture": "#1"},
				"south": {"uv": [15.016, 0.016, 15.984, 15.984], "texture": "#1"},
				"west": {"uv": [15.016, 0.016, 15.984, 15.984], "texture": "#1"},
				"down": {"uv": [15.016, 15.016, 15.984, 15.984], "rotation": 270, "texture": "#1", "cullface": "down"}
			}
		},
		{
			"from": [11.5, -0.5, 3.5],
			"to": [12.5, 15.5, 4.5],
			"faces": {
				"north": {"uv": [15.016, 0.016, 15.984, 15.984], "texture": "#1"},
				"east": {"uv": [15.016, 0.016, 15.984, 15.984], "texture": "#1"},
				"south": {"uv": [15.016, 0.016, 15.984, 15.984], "texture": "#1"},
				"west": {"uv": [15.016, 0.016, 15.984, 15.984], "texture": "#1"},
				"down": {"uv": [15.016, 15.016, 15.984, 15.984], "rotation": 270, "texture": "#1", "cullface": "down"}
			}
		},
		{
			"from": [11.51, 14.79289, 3.79289],
			"to": [12.49, 15.5, 4.5],
			"rotation": {"angle": 45, "axis": "x", "origin": [12, 15.5, 4.5]},
			"faces": {
				"north": {"uv": [9, 4.5, 9.5, 5], "rotation": 90, "texture": "#1"},
				"east": {"uv": [9, 4.5, 9.5, 5], "rotation": 90, "texture": "#1"},
				"west": {"uv": [9, 4.5, 9.5, 5], "rotation": 90, "texture": "#1"},
				"up": {"uv": [9, 4.5, 9.5, 5], "rotation": 90, "texture": "#1"},
				"down": {"uv": [0.016, 0.016, 0.5, 0.5], "rotation": 270, "texture": "#missing"}
			}
		},
		{
			"from": [3.51, 14.79289, 3.79289],
			"to": [4.49, 15.5, 4.5],
			"rotation": {"angle": 45, "axis": "x", "origin": [12, 15.5, 4.5]},
			"faces": {
				"north": {"uv": [9, 4.5, 9.5, 5], "rotation": 90, "texture": "#1"},
				"east": {"uv": [9, 4.5, 9.5, 5], "rotation": 90, "texture": "#1"},
				"west": {"uv": [9, 4.5, 9.5, 5], "rotation": 90, "texture": "#1"},
				"up": {"uv": [9, 4.5, 9.5, 5], "rotation": 90, "texture": "#1"},
				"down": {"uv": [0.016, 0.016, 0.5, 0.5], "rotation": 270, "texture": "#missing"}
			}
		},
		{
			"from": [11.5, -0.5, 11.5],
			"to": [12.5, 15.5, 12.5],
			"faces": {
				"north": {"uv": [15.016, 0.016, 15.984, 15.984], "texture": "#1"},
				"east": {"uv": [15.016, 0.016, 15.984, 15.984], "texture": "#1"},
				"south": {"uv": [15.016, 0.016, 15.984, 15.984], "texture": "#1"},
				"west": {"uv": [15.016, 0.016, 15.984, 15.984], "texture": "#1"},
				"down": {"uv": [15.016, 15.016, 15.984, 15.984], "rotation": 270, "texture": "#1", "cullface": "down"}
			}
		},
		{
			"from": [3.5, -0.5, 11.5],
			"to": [4.5, 15.5, 12.5],
			"faces": {
				"north": {"uv": [15.016, 0.016, 15.984, 15.984], "texture": "#1"},
				"east": {"uv": [15.016, 0.016, 15.984, 15.984], "texture": "#1"},
				"south": {"uv": [15.016, 0.016, 15.984, 15.984], "texture": "#1"},
				"west": {"uv": [15.016, 0.016, 15.984, 15.984], "texture": "#1"},
				"down": {"uv": [15.016, 15.016, 15.984, 15.984], "rotation": 270, "texture": "#1", "cullface": "down"}
			}
		},
		{
			"from": [11.51, 14.79289, 11.79289],
			"to": [12.49, 15.5, 12.5],
			"rotation": {"angle": 45, "axis": "x", "origin": [12, 15.5, 12.5]},
			"faces": {
				"north": {"uv": [9, 4.5, 9.5, 5], "rotation": 90, "texture": "#1"},
				"east": {"uv": [9, 4.5, 9.5, 5], "rotation": 90, "texture": "#1"},
				"west": {"uv": [9, 4.5, 9.5, 5], "rotation": 90, "texture": "#1"},
				"up": {"uv": [9, 4.5, 9.5, 5], "rotation": 90, "texture": "#1"},
				"down": {"uv": [0.016, 0.016, 0.5, 0.5], "rotation": 270, "texture": "#missing"}
			}
		},
		{
			"from": [3.51, 14.79289, 11.79289],
			"to": [4.49, 15.5, 12.5],
			"rotation": {"angle": 45, "axis": "x", "origin": [12, 15.5, 12.5]},
			"faces": {
				"north": {"uv": [9, 4.5, 9.5, 5], "rotation": 90, "texture": "#1"},
				"east": {"uv": [9, 4.5, 9.5, 5], "rotation": 90, "texture": "#1"},
				"west": {"uv": [9, 4.5, 9.5, 5], "rotation": 90, "texture": "#1"},
				"up": {"uv": [9, 4.5, 9.5, 5], "rotation": 90, "texture": "#1"},
				"down": {"uv": [0.016, 0.016, 0.5, 0.5], "rotation": 270, "texture": "#missing"}
			}
		},
		{
			"from": [4.5, 1, 15.505],
			"to": [7.5, 2, 15.505],
			"faces": {
				"south": {"uv": [5.016, 1.016, 7.984, 1.984], "texture": "#1"}
			}
		},
		{
			"from": [5, 0.5, 15.505],
			"to": [7, 2.5, 15.505],
			"faces": {
				"south": {"uv": [5.5, 0.5, 7.5, 2.5], "texture": "#1"}
			}
		},
		{
			"from": [5.5, 0, 15.505],
			"to": [6.5, 3, 15.505],
			"faces": {
				"south": {"uv": [6.016, 0.016, 6.984, 2.984], "texture": "#1"}
			}
		},
		{
			"from": [9, 0.5, 16.505],
			"to": [11, 2.5, 16.505],
			"faces": {
				"south": {"uv": [5.5, 0.5, 7.5, 2.5], "texture": "#1"}
			}
		},
		{
			"from": [9.5, 0, 16.505],
			"to": [10.5, 3, 16.505],
			"faces": {
				"south": {"uv": [6.016, 0.016, 6.984, 2.984], "texture": "#1"}
			}
		},
		{
			"from": [8.5, 1, 16.505],
			"to": [11.5, 2, 16.505],
			"faces": {
				"south": {"uv": [5.016, 1.016, 7.984, 1.984], "texture": "#1"}
			}
		},
		{
			"from": [5.5, 4, 16.005],
			"to": [10.5, 6, 16.005],
			"faces": {
				"south": {"uv": [0.5, 2.016, 5.5, 3.984], "texture": "#1"}
			}
		},
		{
			"from": [6, 3.5, 16.005],
			"to": [10, 6.5, 16.005],
			"faces": {
				"south": {"uv": [1.016, 1.5, 4.984, 4.5], "texture": "#1"}
			}
		},
		{
			"from": [6.5, 3, 16.005],
			"to": [9.5, 7, 16.005],
			"faces": {
				"south": {"uv": [1.5, 1.016, 4.5, 4.984], "texture": "#1"}
			}
		},
		{
			"from": [7, 2.5, 16.005],
			"to": [9, 7.5, 16.005],
			"faces": {
				"south": {"uv": [2.016, 0.5, 3.984, 5.5], "texture": "#1"}
			}
		},
		{
			"from": [5.6539, 7.22066, 16.505],
			"to": [7.1036, 10.72066, 16.505],
			"rotation": {"angle": -22.5, "axis": "z", "origin": [6.55458, 9.21965, 16.5]},
			"faces": {
				"south": {"uv": [5.5, 3.5, 6.984, 6.984], "texture": "#1"}
			}
		},
		{
			"from": [5.1303, 7.74, 16.505],
			"to": [7.58, 10.1897, 16.505],
			"rotation": {"angle": -22.5, "axis": "z", "origin": [6.55458, 9.21965, 16.5]},
			"faces": {
				"south": {"uv": [5.016, 4.016, 7.5, 6.5], "texture": "#1"}
			}
		},
		{
			"from": [4.6036, 8.24578, 16.505],
			"to": [8.1036, 9.69548, 16.505],
			"rotation": {"angle": -22.5, "axis": "z", "origin": [6.55458, 9.21965, 16.5]},
			"faces": {
				"south": {"uv": [4.5, 4.5, 7.984, 5.984], "texture": "#1"}
			}
		},
		{
			"from": [7.9036, 8.29578, 15.505],
			"to": [11.4036, 9.74548, 15.505],
			"rotation": {"angle": 22.5, "axis": "z", "origin": [9.55458, 9.21965, 15.5]},
			"faces": {
				"south": {"uv": [4.5, 4.5, 7.984, 5.984], "texture": "#1"}
			}
		},
		{
			"from": [8.9203, 7.27066, 15.505],
			"to": [10.37, 10.77066, 15.505],
			"rotation": {"angle": 22.5, "axis": "z", "origin": [9.55458, 9.21965, 15.5]},
			"faces": {
				"south": {"uv": [5.5, 3.5, 6.984, 6.984], "texture": "#1"}
			}
		},
		{
			"from": [8.4303, 7.79, 15.505],
			"to": [10.88, 10.2397, 15.505],
			"rotation": {"angle": 22.5, "axis": "z", "origin": [9.55458, 9.21965, 15.5]},
			"faces": {
				"south": {"uv": [5.016, 4.016, 7.5, 6.5], "texture": "#1"}
			}
		},
		{
			"from": [6.5, 11, 16.005],
			"to": [9.5, 16.5, 16.005],
			"faces": {
				"south": {"uv": [1.5, 5.5, 4.5, 10.984], "texture": "#1"}
			}
		},
		{
			"from": [6, 11.5, 16.005],
			"to": [10, 16, 16.005],
			"faces": {
				"south": {"uv": [1.016, 6.016, 4.984, 10.5], "texture": "#1"}
			}
		},
		{
			"from": [5.5, 12, 16.005],
			"to": [10.5, 15.5, 16.005],
			"faces": {
				"south": {"uv": [0.5, 6.5, 5.5, 9.984], "texture": "#1"}
			}
		},
		{
			"from": [5, 12.5, 16.005],
			"to": [11, 15, 16.005],
			"faces": {
				"south": {"uv": [0.016, 7.016, 5.984, 9.5], "texture": "#1"}
			}
		}
	],
	"display": {
		"thirdperson_righthand": {
			"rotation": [75, -135, 0],
			"translation": [0, 2.5, 0],
			"scale": [0.375, 0.375, 0.375]
		},
		"thirdperson_lefthand": {
			"rotation": [75, -135, 0],
			"translation": [0, 2.5, 0],
			"scale": [0.375, 0.375, 0.375]
		},
		"firstperson_righthand": {
			"rotation": [0, -135, 0],
			"scale": [0.4, 0.4, 0.4]
		},
		"firstperson_lefthand": {
			"rotation": [0, 45, 0],
			"scale": [0.4, 0.4, 0.4]
		},
		"ground": {
			"translation": [0, 3, 0],
			"scale": [0.3, 0.3, 0.3]
		},
		"gui": {
			"rotation": [30, 45, 0],
			"scale": [0.625, 0.625, 0.625]
		},
		"head": {
			"rotation": [0, 90, 0],
			"translation": [0, 14.5, 0]
		},
		"fixed": {
			"rotation": [0, 90, 0],
			"scale": [0.5, 0.5, 0.5]
		}
	},
	"groups": [
		{
			"name": "small log 2",
			"children": [0, 1, 2, 3]
		},
		{
			"name": "small log 1",
			"children": [4, 5, 6, 7]
		},
		{
			"name": "big log 1",
			"children": [8, 9, 10, 11]
		},
		{
			"name": "small log 3",
			"children": [12, 13, 14, 15]
		},
		{
			"name": "small log 4",
			"children": [16, 17, 18, 19]
		},
		{
			"name": "big log 2",
			"children": [20, 21, 22, 23]
		},
		{
			"name": "spikes",
			"children": [24, 25, 26, 27, 28, 29, 30, 31]
		},
		{
			"name": "caps",
			"children": [
				{
					"name": "small log 1",
					"children": [32, 33, 34]
				},
				{
					"name": "small log 2",
					"children": [35, 36, 37]
				},
				{
					"name": "big log 1",
					"children": [38, 39, 40, 41]
				},
				{
					"name": "small log 3",
					"children": [42, 43, 44]
				},
				{
					"name": "small log 4",
					"children": [45, 46, 47]
				},
				{
					"name": "big log 2",
					"children": [48, 49, 50, 51]
				}
			]
		}
	]
}