{
	"credit": "Made with Blockbench",
	"textures": {
		"1": "block/dark_oak_fence",
		"particle": "block/dark_oak_fence"
	},
	"elements": [
		{
			"from": [10.27773, 1.85355, 9.84287],
			"to": [11.77773, 13.85355, 11.34287],
			"rotation": {"angle": 45, "axis": "y", "origin": [8.54844, 7.5539, 7.75781]},
			"faces": {
				"north": {"uv": [4.032, 14.5, 14.968, 15.968], "rotation": 90, "texture": "#1"},
				"east": {"uv": [0.032, 11.032, 10.968, 12.5], "rotation": 90, "texture": "#1"},
				"south": {"uv": [4.032, 14.5, 14.968, 15.968], "rotation": 90, "texture": "#1"},
				"west": {"uv": [0.032, 11.032, 10.968, 12.5], "rotation": 90, "texture": "#1"},
				"up": {"uv": [0.032, 0.032, 0.968, 0.968], "rotation": 90, "texture": "#1"},
				"down": {"uv": [0.032, 0.032, 0.968, 0.968], "rotation": 270, "texture": "#1"}
			}
		},
		{
			"from": [0, 0, 6.5],
			"to": [1.5, 16, 8],
			"rotation": {"angle": -45, "axis": "y", "origin": [0, 0, 8]},
			"faces": {
				"north": {"uv": [0.032, 13.032, 15.968, 14.5], "rotation": 90, "texture": "#1"},
				"east": {"uv": [0.032, 14.5, 15.968, 15.968], "rotation": 90, "texture": "#1"},
				"south": {"uv": [0.032, 13.032, 15.968, 14.5], "rotation": 90, "texture": "#1"},
				"west": {"uv": [0.032, 14.5, 15.968, 15.968], "rotation": 90, "texture": "#1"},
				"up": {"uv": [0.032, 11.032, 1.5, 12.5], "rotation": 90, "texture": "#1", "cullface": "up"},
				"down": {"uv": [0.032, 11.032, 1.5, 12.5], "rotation": 90, "texture": "#1", "cullface": "down"}
			}
		},
		{
			"from": [8.20997, 1.85355, 8.0751],
			"to": [9.70997, 8.85355, 9.5751],
			"rotation": {"angle": 45, "axis": "y", "origin": [8.24844, 7.5539, 7.75781]},
			"faces": {
				"north": {"uv": [0.032, 11.032, 7.968, 12.5], "rotation": 90, "texture": "#1"},
				"east": {"uv": [7.032, 11.032, 14.968, 12.5], "rotation": 90, "texture": "#1"},
				"south": {"uv": [0.032, 11.032, 7.968, 12.5], "rotation": 90, "texture": "#1"},
				"west": {"uv": [7.032, 11.032, 14.968, 12.5], "rotation": 90, "texture": "#1"},
				"up": {"uv": [0.032, 0.032, 0.968, 0.968], "rotation": 90, "texture": "#1"},
				"down": {"uv": [0.032, 0.032, 0.968, 0.968], "rotation": 270, "texture": "#1"}
			}
		},
		{
			"from": [6.08865, 1.85355, 5.95378],
			"to": [7.58865, 8.85355, 7.45378],
			"rotation": {"angle": 45, "axis": "y", "origin": [8.24844, 7.5539, 7.75781]},
			"faces": {
				"north": {"uv": [0.032, 11.032, 7.968, 12.5], "rotation": 90, "texture": "#1"},
				"east": {"uv": [7.032, 11.032, 14.968, 12.5], "rotation": 90, "texture": "#1"},
				"south": {"uv": [0.032, 11.032, 7.968, 12.5], "rotation": 90, "texture": "#1"},
				"west": {"uv": [7.032, 11.032, 14.968, 12.5], "rotation": 90, "texture": "#1"},
				"up": {"uv": [0.032, 0.032, 0.968, 0.968], "rotation": 90, "texture": "#1"},
				"down": {"uv": [0.032, 0.032, 0.968, 0.968], "rotation": 270, "texture": "#1"}
			}
		},
		{
			"from": [3.70625, 7.54501, 8.10469],
			"to": [12.30625, 9.04501, 9.60469],
			"rotation": {"angle": -45, "axis": "x", "origin": [8.24844, 7.5539, 7.75781]},
			"faces": {
				"north": {"uv": [7.032, 11.032, 14.968, 12.5], "texture": "#1"},
				"east": {"uv": [0.032, 0.032, 0.968, 0.968], "texture": "#1"},
				"south": {"uv": [7.032, 11.032, 14.968, 12.5], "texture": "#1"},
				"west": {"uv": [0.032, 0.032, 0.968, 0.968], "texture": "#1"},
				"up": {"uv": [7.032, 11.032, 14.968, 12.5], "texture": "#1"},
				"down": {"uv": [7.032, 11.032, 14.968, 12.5], "texture": "#1"}
			}
		},
		{
			"from": [1.10625, 2.59526, 3.15494],
			"to": [14.90625, 4.09526, 4.65494],
			"rotation": {"angle": -45, "axis": "x", "origin": [8.24844, 7.5539, 7.75781]},
			"faces": {
				"north": {"uv": [0.032, 14.5, 13.8, 15.968], "texture": "#1"},
				"east": {"uv": [15.032, 0.032, 15.968, 0.968], "texture": "#1"},
				"south": {"uv": [0.032, 14.5, 13.8, 15.968], "texture": "#1"},
				"west": {"uv": [15.032, 0.032, 15.968, 0.968], "texture": "#1"},
				"up": {"uv": [0.032, 11.032, 13.8, 12.5], "texture": "#1"},
				"down": {"uv": [0.032, 11.032, 13.8, 12.5], "texture": "#1"}
			}
		},
		{
			"from": [1.1, 11.08055, 11.64022],
			"to": [14.9, 12.58055, 13.14022],
			"rotation": {"angle": -45, "axis": "x", "origin": [8.24844, 7.5539, 7.75781]},
			"faces": {
				"north": {"uv": [0.032, 11.032, 13.8, 12.5], "texture": "#1"},
				"east": {"uv": [15.032, 0.032, 15.968, 0.968], "texture": "#1"},
				"south": {"uv": [0.032, 11.032, 13.8, 12.5], "texture": "#1"},
				"west": {"uv": [15.032, 0.032, 15.968, 0.968], "texture": "#1"},
				"up": {"uv": [0.032, 14.5, 13.8, 15.968], "texture": "#1"},
				"down": {"uv": [0.032, 14.5, 13.8, 15.968], "texture": "#1"}
			}
		},
		{
			"from": [4.02088, 1.85355, 4.18601],
			"to": [5.52088, 13.85355, 5.68601],
			"rotation": {"angle": 45, "axis": "y", "origin": [7.94844, 7.5539, 7.75781]},
			"faces": {
				"north": {"uv": [4.032, 14.5, 14.968, 15.968], "rotation": 90, "texture": "#1"},
				"east": {"uv": [0.032, 11.032, 10.968, 12.5], "rotation": 90, "texture": "#1"},
				"south": {"uv": [4.032, 14.5, 14.968, 15.968], "rotation": 90, "texture": "#1"},
				"west": {"uv": [0.032, 11.032, 10.968, 12.5], "rotation": 90, "texture": "#1"},
				"up": {"uv": [0.032, 0.032, 0.968, 0.968], "rotation": 90, "texture": "#1"},
				"down": {"uv": [0.032, 0.032, 0.968, 0.968], "rotation": 270, "texture": "#1"}
			}
		},
		{
			"from": [14.5, 0, 6.5],
			"to": [16, 16, 8],
			"rotation": {"angle": 45, "axis": "y", "origin": [16, 0, 8]},
			"faces": {
				"north": {"uv": [0.032, 14.5, 15.968, 15.968], "rotation": 90, "texture": "#1"},
				"east": {"uv": [0.032, 13.032, 15.968, 14.5], "rotation": 90, "texture": "#1"},
				"south": {"uv": [0.032, 14.5, 15.968, 15.968], "rotation": 90, "texture": "#1"},
				"west": {"uv": [0.032, 13.032, 15.968, 14.5], "rotation": 90, "texture": "#1"},
				"up": {"uv": [0.032, 11.032, 1.5, 12.5], "rotation": 90, "texture": "#1", "cullface": "up"},
				"down": {"uv": [0.032, 11.032, 1.5, 12.5], "rotation": 90, "texture": "#1", "cullface": "down"}
			}
		}
	],
	"groups": [
		{
			"name": "gate",
			"children": [0, 1, 2, 3, 4, 5, 6, 7, 8]
		}
	]
}