{
	"credit": "Made with Blockbench",
	"textures": {
		"1": "block/dark_oak_fence",
		"particle": "block/dark_oak_fence"
	},
	"elements": [
		{
			"from": [-2.28934, 1.85355, 10.29785],
			"to": [-0.78934, 13.85355, 11.79785],
			"rotation": {"angle": 45, "axis": "y", "origin": [1.50417, 7.44165, 8.00729]},
			"faces": {
				"north": {"uv": [0.032, 11.032, 10.968, 12.5], "rotation": 90, "texture": "#1"},
				"east": {"uv": [4.032, 14.5, 14.968, 15.968], "rotation": 90, "texture": "#1"},
				"south": {"uv": [0.032, 11.032, 10.968, 12.5], "rotation": 90, "texture": "#1"},
				"west": {"uv": [4.032, 14.5, 14.968, 15.968], "rotation": 90, "texture": "#1"},
				"up": {"uv": [0.032, 0.032, 0.968, 0.968], "rotation": 180, "texture": "#1"},
				"down": {"uv": [0.032, 0.032, 0.968, 0.968], "rotation": 180, "texture": "#1"}
			}
		},
		{
			"from": [-4.15048, 0, 2.34233],
			"to": [-2.65048, 16, 3.84233],
			"rotation": {"angle": -45, "axis": "y", "origin": [1.50417, 7.44165, 8.00729]},
			"faces": {
				"north": {"uv": [0.032, 14.5, 15.968, 15.968], "rotation": 90, "texture": "#1"},
				"east": {"uv": [0.032, 13.032, 15.968, 14.5], "rotation": 90, "texture": "#1"},
				"south": {"uv": [0.032, 14.5, 15.968, 15.968], "rotation": 90, "texture": "#1"},
				"west": {"uv": [0.032, 13.032, 15.968, 14.5], "rotation": 90, "texture": "#1"},
				"up": {"uv": [0.032, 11.032, 1.5, 12.5], "rotation": 180, "texture": "#1", "cullface": "up"},
				"down": {"uv": [0.032, 11.032, 1.5, 12.5], "texture": "#1", "cullface": "down"}
			}
		},
		{
			"from": [-0.30944, 1.85355, 8.31796],
			"to": [1.19056, 8.85355, 9.81796],
			"rotation": {"angle": 45, "axis": "y", "origin": [1.50417, 7.44165, 8.00729]},
			"faces": {
				"north": {"uv": [7.032, 11.032, 14.968, 12.5], "rotation": 90, "texture": "#1"},
				"east": {"uv": [0.032, 11.032, 7.968, 12.5], "rotation": 90, "texture": "#1"},
				"south": {"uv": [7.032, 11.032, 14.968, 12.5], "rotation": 90, "texture": "#1"},
				"west": {"uv": [0.032, 11.032, 7.968, 12.5], "rotation": 90, "texture": "#1"},
				"up": {"uv": [0.032, 0.032, 0.968, 0.968], "rotation": 180, "texture": "#1"},
				"down": {"uv": [0.032, 0.032, 0.968, 0.968], "rotation": 180, "texture": "#1"}
			}
		},
		{
			"from": [1.81188, 1.85355, 6.19664],
			"to": [3.31188, 8.85355, 7.69664],
			"rotation": {"angle": 45, "axis": "y", "origin": [1.50417, 7.44165, 8.00729]},
			"faces": {
				"north": {"uv": [7.032, 11.032, 14.968, 12.5], "rotation": 90, "texture": "#1"},
				"east": {"uv": [0.032, 11.032, 7.968, 12.5], "rotation": 90, "texture": "#1"},
				"south": {"uv": [7.032, 11.032, 14.968, 12.5], "rotation": 90, "texture": "#1"},
				"west": {"uv": [0.032, 11.032, 7.968, 12.5], "rotation": 90, "texture": "#1"},
				"up": {"uv": [0.032, 0.032, 0.968, 0.968], "rotation": 180, "texture": "#1"},
				"down": {"uv": [0.032, 0.032, 0.968, 0.968], "rotation": 180, "texture": "#1"}
			}
		},
		{
			"from": [-0.24567, 7.68854, 3.70937],
			"to": [1.25433, 9.18854, 12.30937],
			"rotation": {"angle": -45, "axis": "z", "origin": [1.50417, 7.44165, 8.00729]},
			"faces": {
				"north": {"uv": [0.032, 0.032, 0.968, 0.968], "texture": "#1"},
				"east": {"uv": [7.032, 11.032, 14.968, 12.5], "texture": "#1"},
				"south": {"uv": [0.032, 0.032, 0.968, 0.968], "texture": "#1"},
				"west": {"uv": [7.032, 11.032, 14.968, 12.5], "texture": "#1"},
				"up": {"uv": [7.032, 11.032, 14.968, 12.5], "rotation": 90, "texture": "#1"},
				"down": {"uv": [7.032, 11.032, 14.968, 12.5], "rotation": 270, "texture": "#1"}
			}
		},
		{
			"from": [4.70408, 2.73879, 1.10937],
			"to": [6.20408, 4.23879, 14.90937],
			"rotation": {"angle": -45, "axis": "z", "origin": [1.50417, 7.44165, 8.00729]},
			"faces": {
				"north": {"uv": [15.032, 0.032, 15.968, 0.968], "texture": "#1"},
				"east": {"uv": [0.032, 14.5, 13.8, 15.968], "texture": "#1"},
				"south": {"uv": [15.032, 0.032, 15.968, 0.968], "texture": "#1"},
				"west": {"uv": [0.032, 14.5, 13.8, 15.968], "texture": "#1"},
				"up": {"uv": [0.032, 11.032, 13.8, 12.5], "rotation": 90, "texture": "#1"},
				"down": {"uv": [0.032, 11.032, 13.8, 12.5], "rotation": 270, "texture": "#1"}
			}
		},
		{
			"from": [-3.7812, 11.22408, 1.10312],
			"to": [-2.2812, 12.72408, 14.90312],
			"rotation": {"angle": -45, "axis": "z", "origin": [1.50417, 7.44165, 8.00729]},
			"faces": {
				"north": {"uv": [15.032, 0.032, 15.968, 0.968], "texture": "#1"},
				"east": {"uv": [0.032, 11.032, 13.8, 12.5], "texture": "#1"},
				"south": {"uv": [15.032, 0.032, 15.968, 0.968], "texture": "#1"},
				"west": {"uv": [0.032, 11.032, 13.8, 12.5], "texture": "#1"},
				"up": {"uv": [0.032, 14.5, 13.8, 15.968], "rotation": 90, "texture": "#1"},
				"down": {"uv": [0.032, 14.5, 13.8, 15.968], "rotation": 270, "texture": "#1"}
			}
		},
		{
			"from": [3.79178, 1.85355, 4.21673],
			"to": [5.29178, 13.85355, 5.71673],
			"rotation": {"angle": 45, "axis": "y", "origin": [1.50417, 7.44165, 8.00729]},
			"faces": {
				"north": {"uv": [0.032, 11.032, 10.968, 12.5], "rotation": 90, "texture": "#1"},
				"east": {"uv": [4.032, 14.5, 14.968, 15.968], "rotation": 90, "texture": "#1"},
				"south": {"uv": [0.032, 11.032, 10.968, 12.5], "rotation": 90, "texture": "#1"},
				"west": {"uv": [4.032, 14.5, 14.968, 15.968], "rotation": 90, "texture": "#1"},
				"up": {"uv": [0.032, 0.032, 0.968, 0.968], "rotation": 180, "texture": "#1"},
				"down": {"uv": [0.032, 0.032, 0.968, 0.968], "rotation": 180, "texture": "#1"}
			}
		},
		{
			"from": [-4.14458, 0, 12.16635],
			"to": [-2.64458, 16, 13.66635],
			"rotation": {"angle": 45, "axis": "y", "origin": [1.50417, 7.44165, 8.00729]},
			"faces": {
				"north": {"uv": [0.032, 13.032, 15.968, 14.5], "rotation": 90, "texture": "#1"},
				"east": {"uv": [0.032, 14.5, 15.968, 15.968], "rotation": 90, "texture": "#1"},
				"south": {"uv": [0.032, 13.032, 15.968, 14.5], "rotation": 90, "texture": "#1"},
				"west": {"uv": [0.032, 14.5, 15.968, 15.968], "rotation": 90, "texture": "#1"},
				"up": {"uv": [0.032, 11.032, 1.5, 12.5], "rotation": 180, "texture": "#1", "cullface": "up"},
				"down": {"uv": [0.032, 11.032, 1.5, 12.5], "texture": "#1", "cullface": "down"}
			}
		}
	],
	"groups": [
		{
			"name": "gate",
			"children": [0, 1, 2, 3, 4, 5, 6, 7, 8]
		}
	]
}