{
	"credit": "Made with Blockbench",
	"textures": {
		"0": "block/dark_oak_log",
		"1": "block/dark_oak_fence",
		"particle": "block/dark_oak_log"
	},
	"elements": [
		{
			"name": "octagon",
			"from": [8.50003, -0.36399, 0],
			"to": [9.74263, 2.63601, 8.5],
			"rotation": {"angle": -45, "axis": "z", "origin": [10.00003, 0.25733, 1]},
			"faces": {
				"north": {"uv": [0.016, 0.016, 0.016, 0.016], "texture": "#1"},
				"south": {"uv": [0.016, 0.016, 0.5, 0.5], "texture": "#1"},
				"up": {"uv": [1.016, 0.016, 2.243, 8.5], "texture": "#0"},
				"down": {"uv": [5.016, 0.016, 6.243, 8.5], "texture": "#0"}
			}
		},
		{
			"name": "octagon",
			"from": [8.5, 0.87868, 0],
			"to": [11.5, 2.12132, 8.5],
			"faces": {
				"north": {"uv": [0.016, 0.016, 0.016, 0.016], "texture": "#1"},
				"east": {"uv": [2.016, 0.016, 3.243, 8.5], "rotation": 270, "texture": "#0"},
				"south": {"uv": [0.016, 0.016, 0.5, 0.5], "texture": "#1"},
				"west": {"uv": [6.016, 0.016, 7.243, 8.5], "rotation": 90, "texture": "#0"}
			}
		},
		{
			"name": "octagon",
			"from": [9.37868, 0, 0],
			"to": [10.62132, 3, 8.5],
			"rotation": {"angle": 45, "axis": "z", "origin": [10, 1.5, 0.5]},
			"faces": {
				"north": {"uv": [0.016, 0.016, 0.016, 0.016], "texture": "#1"},
				"south": {"uv": [0.016, 0.016, 0.5, 0.5], "texture": "#1"},
				"up": {"uv": [1.016, 0.016, 2.243, 7.984], "texture": "#0"},
				"down": {"uv": [3.016, 0.016, 4.243, 8.5], "texture": "#0"}
			}
		},
		{
			"name": "octagon",
			"from": [9.37868, 0, 0],
			"to": [10.62132, 3, 8.5],
			"faces": {
				"north": {"uv": [0.016, 0.016, 0.016, 0.016], "texture": "#1"},
				"south": {"uv": [0.016, 0.016, 0.5, 0.5], "texture": "#1"},
				"up": {"uv": [0.016, 0.016, 1.24264, 8.5], "texture": "#0"},
				"down": {"uv": [4.016, 0.016, 5.243, 8.5], "texture": "#0"}
			}
		},
		{
			"name": "octagon",
			"from": [4.5, 0.87868, 0],
			"to": [7.5, 2.12132, 7.5],
			"rotation": {"angle": 45, "axis": "z", "origin": [6, 1.5, -0.5]},
			"faces": {
				"north": {"uv": [0.016, 0.016, 0.016, 0.016], "texture": "#1"},
				"east": {"uv": [5.016, 0.016, 6.243, 7.5], "rotation": 90, "texture": "#0"},
				"south": {"uv": [0.016, 0.016, 0.5, 0.5], "texture": "#1"},
				"west": {"uv": [3.016, 0.016, 4.243, 7.5], "rotation": 270, "texture": "#0"}
			}
		},
		{
			"name": "octagon",
			"from": [4.5, 0.87868, 0],
			"to": [7.5, 2.12132, 7.5],
			"faces": {
				"north": {"uv": [0.016, 0.016, 0.016, 0.016], "texture": "#1"},
				"east": {"uv": [5.016, 0.016, 6.243, 7.5], "rotation": 90, "texture": "#0"},
				"south": {"uv": [0.016, 0.016, 0.5, 0.5], "texture": "#1"},
				"west": {"uv": [2.016, 0.016, 3.243, 7.5], "rotation": 270, "texture": "#0"}
			}
		},
		{
			"name": "octagon",
			"from": [5.37868, 0, 0],
			"to": [6.62132, 3, 7.5],
			"rotation": {"angle": 45, "axis": "z", "origin": [6, 1.5, -0.5]},
			"faces": {
				"north": {"uv": [0.016, 0.016, 0.016, 0.016], "texture": "#1"},
				"south": {"uv": [0.016, 0.016, 0.5, 0.5], "texture": "#1"},
				"up": {"uv": [1.016, 0.016, 2.243, 7.5], "texture": "#0"},
				"down": {"uv": [5.016, 0.016, 6.243, 7.5], "texture": "#0"}
			}
		},
		{
			"name": "octagon",
			"from": [5.37868, 0, 0],
			"to": [6.62132, 3, 7.5],
			"faces": {
				"north": {"uv": [0.016, 0.016, 0.016, 0.016], "texture": "#1"},
				"south": {"uv": [0.016, 0.016, 0.5, 0.5], "texture": "#1"},
				"up": {"uv": [0.016, 0.016, 1.24264, 7.5], "texture": "#0"},
				"down": {"uv": [4.016, 0.016, 5.243, 7.5], "texture": "#0"}
			}
		},
		{
			"name": "octagon",
			"from": [5.5, 3.96447, 0],
			"to": [10.5, 6.03553, 8],
			"rotation": {"angle": 45, "axis": "z", "origin": [8, 5, -0.5]},
			"faces": {
				"north": {"uv": [0.016, 0.016, 0.016, 0.016], "texture": "#1"},
				"east": {"uv": [0.016, 0.016, 1.984, 7.984], "rotation": 90, "texture": "#0"},
				"south": {"uv": [0.016, 0.016, 0.5, 0.5], "texture": "#1"},
				"west": {"uv": [6.016, 0.016, 7.984, 7.984], "rotation": 270, "texture": "#0"}
			}
		},
		{
			"name": "octagon",
			"from": [5.5, 3.96447, 0],
			"to": [10.5, 6.03553, 8],
			"faces": {
				"north": {"uv": [0.016, 0.016, 0.016, 0.016], "texture": "#1"},
				"east": {"uv": [12.016, 0.016, 13.984, 7.984], "rotation": 90, "texture": "#0"},
				"south": {"uv": [0.016, 0.016, 0.5, 0.5], "texture": "#1"},
				"west": {"uv": [4.016, 0.016, 5.984, 7.984], "rotation": 90, "texture": "#0"}
			}
		},
		{
			"name": "octagon",
			"from": [6.96447, 2.5, 0],
			"to": [9.03553, 7.5, 8],
			"rotation": {"angle": 45, "axis": "z", "origin": [8, 5, -0.5]},
			"faces": {
				"north": {"uv": [0.016, 0.016, 0.016, 0.016], "texture": "#1"},
				"south": {"uv": [0.016, 0.016, 0.5, 0.5], "texture": "#1"},
				"up": {"uv": [2.016, 0.016, 3.984, 7.984], "texture": "#0"},
				"down": {"uv": [10.016, 0.016, 11.984, 7.984], "rotation": 180, "texture": "#0"}
			}
		},
		{
			"name": "octagon",
			"from": [6.96447, 2.5, 0],
			"to": [9.03553, 7.5, 8],
			"faces": {
				"north": {"uv": [0.016, 0.016, 0.016, 0.016], "texture": "#1"},
				"south": {"uv": [0.016, 0.016, 0.5, 0.5], "texture": "#1"},
				"up": {"uv": [0.016, 0.016, 1.984, 7.984], "texture": "#0"},
				"down": {"uv": [8.016, 0.016, 9.984, 7.984], "rotation": 180, "texture": "#0"}
			}
		},
		{
			"name": "octagon",
			"from": [5.63071, 7.27066, 0],
			"to": [7.08046, 10.77066, 8.5],
			"rotation": {"angle": -22.5, "axis": "z", "origin": [6.45458, 9.21965, 0.5]},
			"faces": {
				"north": {"uv": [0.016, 0.016, 0.016, 0.016], "texture": "#1"},
				"south": {"uv": [0.016, 0.016, 0.016, 0.016], "rotation": 90, "texture": "#1"},
				"up": {"uv": [0.016, 0.016, 1.44975, 7.984], "texture": "#0"},
				"down": {"uv": [6.016, 0.016, 7.45, 7.984], "rotation": 180, "texture": "#0"}
			}
		},
		{
			"name": "octagon",
			"from": [4.56732, 8.30339, 0],
			"to": [8.06732, 9.75314, 8.5],
			"rotation": {"angle": -22.5, "axis": "z", "origin": [6.41632, 9.12726, 0.5]},
			"faces": {
				"north": {"uv": [0.016, 0.016, 0.016, 0.016], "texture": "#1"},
				"east": {"uv": [3.016, 0.016, 4.45, 7.984], "rotation": 90, "texture": "#0"},
				"south": {"uv": [0.016, 0.016, 0.016, 0.016], "rotation": 90, "texture": "#1"},
				"west": {"uv": [9.016, 0.016, 10.45, 7.984], "rotation": 90, "texture": "#0"}
			}
		},
		{
			"name": "octagon",
			"from": [4.52631, 8.40239, 0],
			"to": [8.02631, 9.85213, 8.5],
			"rotation": {"angle": 22.5, "axis": "z", "origin": [6.41631, 9.12726, 0.5]},
			"faces": {
				"north": {"uv": [0.016, 0.016, 0.016, 0.016], "texture": "#1"},
				"east": {"uv": [1.5, 0.016, 2.95, 7.984], "rotation": 90, "texture": "#0"},
				"south": {"uv": [0.016, 0.016, 0.016, 0.016], "rotation": 90, "texture": "#1"},
				"west": {"uv": [7.5, 0.016, 8.95, 7.984], "rotation": 270, "texture": "#0"}
			}
		},
		{
			"name": "octagon",
			"from": [5.50852, 7.31303, 0],
			"to": [6.95826, 10.81303, 8.5],
			"rotation": {"angle": 22.5, "axis": "z", "origin": [6.23339, 9.20303, 0.5]},
			"faces": {
				"north": {"uv": [0.016, 0.016, 0.016, 0.016], "texture": "#1"},
				"south": {"uv": [0.016, 0.016, 0.016, 0.016], "texture": "#1"},
				"up": {"uv": [1.5, 0.016, 2.95, 7.984], "texture": "#0"},
				"down": {"uv": [7.5, 0.016, 8.95, 7.984], "rotation": 180, "texture": "#0"}
			}
		},
		{
			"name": "octagon",
			"from": [8.9287, 7.27066, 0],
			"to": [10.37845, 10.77066, 7.5],
			"rotation": {"angle": 22.5, "axis": "z", "origin": [9.55458, 9.21965, 7.5]},
			"faces": {
				"north": {"uv": [0.016, 0.016, 0.016, 0.016], "texture": "#1"},
				"south": {"uv": [0.016, 0.016, 0.5, 0.5], "rotation": 270, "texture": "#1"},
				"up": {"uv": [13.016, 0.016, 14.45, 7.984], "texture": "#0"},
				"down": {"uv": [7.5, 0.016, 8.95, 7.984], "rotation": 180, "texture": "#0"}
			}
		},
		{
			"name": "octagon",
			"from": [7.94184, 8.30339, 0],
			"to": [11.44184, 9.75314, 7.5],
			"rotation": {"angle": 22.5, "axis": "z", "origin": [9.59284, 9.12726, 7.5]},
			"faces": {
				"north": {"uv": [0.016, 0.016, 0.016, 0.016], "texture": "#1"},
				"east": {"uv": [4.5, 0.016, 5.95, 7.984], "rotation": 90, "texture": "#0"},
				"south": {"uv": [0.016, 0.016, 0.5, 0.5], "rotation": 270, "texture": "#1"},
				"west": {"uv": [10.5, 0.016, 11.95, 7.984], "rotation": 270, "texture": "#0"}
			}
		},
		{
			"name": "octagon",
			"from": [7.98285, 8.40239, 0],
			"to": [11.48285, 9.85213, 7.5],
			"rotation": {"angle": -22.5, "axis": "z", "origin": [9.59285, 9.12726, 7.5]},
			"faces": {
				"north": {"uv": [0.016, 0.016, 0.016, 0.016], "texture": "#1"},
				"east": {"uv": [6.016, 0.016, 7.45, 7.984], "rotation": 90, "texture": "#0"},
				"south": {"uv": [0.016, 0.016, 0.5, 0.5], "rotation": 270, "texture": "#1"},
				"west": {"uv": [11.5, 0.016, 12.95, 7.984], "rotation": 270, "texture": "#0"}
			}
		},
		{
			"name": "octagon",
			"from": [8.94375, 7.33434, 0],
			"to": [10.39349, 10.83434, 7.5],
			"rotation": {"angle": -22.5, "axis": "z", "origin": [9.66862, 8.94434, 7.5]},
			"faces": {
				"north": {"uv": [0.016, 0.016, 0.016, 0.016], "texture": "#1"},
				"south": {"uv": [0.016, 0.016, 0.5, 0.5], "rotation": 180, "texture": "#1"},
				"up": {"uv": [6.016, 0.016, 7.45, 7.984], "texture": "#0"},
				"down": {"uv": [11.5, 0.016, 12.95, 7.984], "rotation": 180, "texture": "#0"}
			}
		},
		{
			"name": "octagon",
			"from": [5, 10.02208, 0],
			"to": [7.4853, 16.02208, 8],
			"rotation": {"angle": -45, "axis": "z", "origin": [8, 11.26472, -8.5]},
			"faces": {
				"north": {"uv": [0.016, 0.016, 0.016, 0.016], "texture": "#1"},
				"south": {"uv": [0.016, 0.016, 0.5, 0.5], "texture": "#1"},
				"up": {"uv": [8.5, 0.016, 10.985, 7.984], "texture": "#0"},
				"down": {"uv": [0.016, 0.016, 2.48528, 7.984], "rotation": 180, "texture": "#0"}
			}
		},
		{
			"name": "octagon",
			"from": [5, 12.50736, 0],
			"to": [11, 14.99264, 8],
			"faces": {
				"north": {"uv": [0.016, 0.016, 0.016, 0.016], "texture": "#1"},
				"east": {"uv": [11.016, 0.016, 13.485, 7.984], "rotation": 90, "texture": "#0"},
				"south": {"uv": [0.016, 0.016, 0.5, 0.5], "texture": "#1"},
				"west": {"uv": [1.016, 0.016, 3.485, 7.984], "rotation": 270, "texture": "#0"}
			}
		},
		{
			"name": "octagon",
			"from": [6.75736, 10.75, 0],
			"to": [9.24264, 16.75, 8],
			"faces": {
				"north": {"uv": [0.016, 0.016, 0.016, 0.016], "texture": "#1"},
				"south": {"uv": [0.016, 0.016, 0.5, 0.5], "texture": "#1"},
				"up": {"uv": [6.016, 0.016, 8.485, 7.984], "texture": "#0"},
				"down": {"uv": [0.016, 0.016, 2.48528, 7.984], "texture": "#0"}
			}
		},
		{
			"name": "octagon",
			"from": [7.48527, 12.50735, 0],
			"to": [9.97057, 18.50735, 8],
			"rotation": {"angle": 45, "axis": "z", "origin": [10.48527, 13.74999, -8.5]},
			"faces": {
				"north": {"uv": [0.016, 0.016, 0.016, 0.016], "texture": "#1"},
				"south": {"uv": [0.016, 0.016, 0.5, 0.5], "texture": "#1"},
				"up": {"uv": [3.5, 0.016, 5.985, 7.984], "texture": "#0"},
				"down": {"uv": [13.5, 0.016, 15.985, 7.984], "rotation": 180, "texture": "#0"}
			}
		},
		{
			"from": [3.5, -0.5, 3.5],
			"to": [4.5, 15.5, 4.5],
			"faces": {
				"north": {"uv": [15.016, 0.016, 15.984, 15.984], "texture": "#1"},
				"east": {"uv": [15.016, 0.016, 15.984, 15.984], "texture": "#1"},
				"south": {"uv": [15.016, 0.016, 15.984, 15.984], "texture": "#1"},
				"west": {"uv": [15.016, 0.016, 15.984, 15.984], "texture": "#1"},
				"down": {"uv": [15.016, 15.016, 15.984, 15.984], "rotation": 270, "texture": "#1", "cullface": "down"}
			}
		},
		{
			"from": [11.5, -0.5, 3.5],
			"to": [12.5, 15.5, 4.5],
			"faces": {
				"north": {"uv": [15.016, 0.016, 15.984, 15.984], "texture": "#1"},
				"east": {"uv": [15.016, 0.016, 15.984, 15.984], "texture": "#1"},
				"south": {"uv": [15.016, 0.016, 15.984, 15.984], "texture": "#1"},
				"west": {"uv": [15.016, 0.016, 15.984, 15.984], "texture": "#1"},
				"down": {"uv": [15.016, 15.016, 15.984, 15.984], "rotation": 270, "texture": "#1", "cullface": "down"}
			}
		},
		{
			"from": [11.51, 14.79289, 3.79289],
			"to": [12.49, 15.5, 4.5],
			"rotation": {"angle": 45, "axis": "x", "origin": [12, 15.5, 4.5]},
			"faces": {
				"north": {"uv": [9, 4.5, 9.5, 5], "rotation": 90, "texture": "#1"},
				"east": {"uv": [9, 4.5, 9.5, 5], "rotation": 90, "texture": "#1"},
				"west": {"uv": [9, 4.5, 9.5, 5], "rotation": 90, "texture": "#1"},
				"up": {"uv": [9, 4.5, 9.5, 5], "rotation": 90, "texture": "#1"},
				"down": {"uv": [0.016, 0.016, 0.5, 0.5], "rotation": 270, "texture": "#missing"}
			}
		},
		{
			"from": [3.51, 14.79289, 3.79289],
			"to": [4.49, 15.5, 4.5],
			"rotation": {"angle": 45, "axis": "x", "origin": [12, 15.5, 4.5]},
			"faces": {
				"north": {"uv": [9, 4.5, 9.5, 5], "rotation": 90, "texture": "#1"},
				"east": {"uv": [9, 4.5, 9.5, 5], "rotation": 90, "texture": "#1"},
				"west": {"uv": [9, 4.5, 9.5, 5], "rotation": 90, "texture": "#1"},
				"up": {"uv": [9, 4.5, 9.5, 5], "rotation": 90, "texture": "#1"},
				"down": {"uv": [0.016, 0.016, 0.5, 0.5], "rotation": 270, "texture": "#missing"}
			}
		},
		{
			"from": [4.5, 1, 7.505],
			"to": [7.5, 2, 7.505],
			"faces": {
				"south": {"uv": [5.016, 1.016, 7.984, 1.984], "texture": "#1"}
			}
		},
		{
			"from": [5, 0.5, 7.505],
			"to": [7, 2.5, 7.505],
			"faces": {
				"south": {"uv": [5.5, 0.5, 7.5, 2.5], "texture": "#1"}
			}
		},
		{
			"from": [5.5, 0, 7.505],
			"to": [6.5, 3, 7.505],
			"faces": {
				"south": {"uv": [6.016, 0.016, 6.984, 2.984], "texture": "#1"}
			}
		},
		{
			"from": [9, 0.5, 8.505],
			"to": [11, 2.5, 8.505],
			"faces": {
				"south": {"uv": [5.5, 0.5, 7.5, 2.5], "texture": "#1"}
			}
		},
		{
			"from": [9.5, 0, 8.505],
			"to": [10.5, 3, 8.505],
			"faces": {
				"south": {"uv": [6.016, 0.016, 6.984, 2.984], "texture": "#1"}
			}
		},
		{
			"from": [8.5, 1, 8.505],
			"to": [11.5, 2, 8.505],
			"faces": {
				"south": {"uv": [5.016, 1.016, 7.984, 1.984], "texture": "#1"}
			}
		},
		{
			"from": [5.5, 4, 8.005],
			"to": [10.5, 6, 8.005],
			"faces": {
				"south": {"uv": [0.5, 2.016, 5.5, 3.984], "texture": "#1"}
			}
		},
		{
			"from": [6, 3.5, 8.005],
			"to": [10, 6.5, 8.005],
			"faces": {
				"south": {"uv": [1.016, 1.5, 4.984, 4.5], "texture": "#1"}
			}
		},
		{
			"from": [6.5, 3, 8.005],
			"to": [9.5, 7, 8.005],
			"faces": {
				"south": {"uv": [1.5, 1.016, 4.5, 4.984], "texture": "#1"}
			}
		},
		{
			"from": [7, 2.5, 8.005],
			"to": [9, 7.5, 8.005],
			"faces": {
				"south": {"uv": [2.016, 0.5, 3.984, 5.5], "texture": "#1"}
			}
		},
		{
			"from": [5.6539, 7.22066, 8.505],
			"to": [7.1036, 10.72066, 8.505],
			"rotation": {"angle": -22.5, "axis": "z", "origin": [6.55458, 9.21965, 8.5]},
			"faces": {
				"south": {"uv": [5.5, 3.5, 6.984, 6.984], "texture": "#1"}
			}
		},
		{
			"from": [5.1303, 7.74, 8.505],
			"to": [7.58, 10.1897, 8.505],
			"rotation": {"angle": -22.5, "axis": "z", "origin": [6.55458, 9.21965, 8.5]},
			"faces": {
				"south": {"uv": [5.016, 4.016, 7.5, 6.5], "texture": "#1"}
			}
		},
		{
			"from": [4.6036, 8.24578, 8.505],
			"to": [8.1036, 9.69548, 8.505],
			"rotation": {"angle": -22.5, "axis": "z", "origin": [6.55458, 9.21965, 8.5]},
			"faces": {
				"south": {"uv": [4.5, 4.5, 7.984, 5.984], "texture": "#1"}
			}
		},
		{
			"from": [7.9036, 8.29578, 7.505],
			"to": [11.4036, 9.74548, 7.505],
			"rotation": {"angle": 22.5, "axis": "z", "origin": [9.55458, 9.21965, 7.5]},
			"faces": {
				"south": {"uv": [4.5, 4.5, 7.984, 5.984], "texture": "#1"}
			}
		},
		{
			"from": [8.9203, 7.27066, 7.505],
			"to": [10.37, 10.77066, 7.505],
			"rotation": {"angle": 22.5, "axis": "z", "origin": [9.55458, 9.21965, 7.5]},
			"faces": {
				"south": {"uv": [5.5, 3.5, 6.984, 6.984], "texture": "#1"}
			}
		},
		{
			"from": [8.4303, 7.79, 7.505],
			"to": [10.88, 10.2397, 7.505],
			"rotation": {"angle": 22.5, "axis": "z", "origin": [9.55458, 9.21965, 7.5]},
			"faces": {
				"south": {"uv": [5.016, 4.016, 7.5, 6.5], "texture": "#1"}
			}
		},
		{
			"from": [6.5, 11, 8.005],
			"to": [9.5, 16.5, 8.005],
			"faces": {
				"south": {"uv": [1.5, 5.5, 4.5, 10.984], "texture": "#1"}
			}
		},
		{
			"from": [6, 11.5, 8.005],
			"to": [10, 16, 8.005],
			"faces": {
				"south": {"uv": [1.016, 6.016, 4.984, 10.5], "texture": "#1"}
			}
		},
		{
			"from": [5.5, 12, 8.005],
			"to": [10.5, 15.5, 8.005],
			"faces": {
				"south": {"uv": [0.5, 6.5, 5.5, 9.984], "texture": "#1"}
			}
		},
		{
			"from": [5, 12.5, 8.005],
			"to": [11, 15, 8.005],
			"faces": {
				"south": {"uv": [0.016, 7.016, 5.984, 9.5], "texture": "#1"}
			}
		}
	],
	"groups": [
		{
			"name": "small log 2",
			"children": [0, 1, 2, 3]
		},
		{
			"name": "small log 1",
			"children": [4, 5, 6, 7]
		},
		{
			"name": "big log 1",
			"children": [8, 9, 10, 11]
		},
		{
			"name": "small log 3",
			"children": [12, 13, 14, 15]
		},
		{
			"name": "small log 4",
			"children": [16, 17, 18, 19]
		},
		{
			"name": "big log 2",
			"children": [20, 21, 22, 23]
		},
		{
			"name": "spikes",
			"children": [24, 25, 26, 27]
		},
		{
			"name": "caps",
			"children": [
				{
					"name": "small log 1",
					"children": [28, 29, 30]
				},
				{
					"name": "small log 2",
					"children": [31, 32, 33]
				},
				{
					"name": "big log 1",
					"children": [34, 35, 36, 37]
				},
				{
					"name": "small log 3",
					"children": [38, 39, 40]
				},
				{
					"name": "small log 4",
					"children": [41, 42, 43]
				},
				{
					"name": "big log 2",
					"children": [44, 45, 46, 47]
				}
			]
		}
	]
}