{
	"credit": "Made with Blockbench",
	"textures": {
		"0": "block/dark_oak_log",
		"1": "block/dark_oak_fence",
		"particle": "block/dark_oak_log"
	},
	"elements": [
		{
			"name": "octagon",
			"from": [8.5, 0.87868, 0],
			"to": [11.5, 2.12132, 4.5],
			"rotation": {"angle": 45, "axis": "z", "origin": [10, 1.5, 0.5]},
			"faces": {
				"north": {"uv": [0, 0, 0, 0], "texture": "#1"},
				"east": {"uv": [7.5, 0.016, 8.743, 3.984], "rotation": 90, "texture": "#0"},
				"south": {"uv": [0.016, 0.016, 0.5, 0.5], "texture": "#1"},
				"west": {"uv": [3.016, 0.016, 4.243, 3.984], "rotation": 270, "texture": "#0"}
			}
		},
		{
			"name": "octagon",
			"from": [8.5, 0.87868, 0],
			"to": [11.5, 2.12132, 4.5],
			"faces": {
				"north": {"uv": [0, 0, 0, 0], "texture": "#1"},
				"east": {"uv": [6.5, 0.016, 7.743, 3.984], "rotation": 90, "texture": "#0"},
				"south": {"uv": [0.016, 0.016, 0.5, 0.5], "texture": "#1"},
				"west": {"uv": [2.016, 0.016, 3.243, 3.984], "rotation": 270, "texture": "#0"}
			}
		},
		{
			"name": "octagon",
			"from": [9.37868, 0, 0],
			"to": [10.62132, 3, 4.5],
			"rotation": {"angle": 45, "axis": "z", "origin": [10, 1.5, 0.5]},
			"faces": {
				"north": {"uv": [0, 0, 0, 0], "texture": "#1"},
				"south": {"uv": [0.016, 0.016, 0.5, 0.5], "texture": "#1"},
				"up": {"uv": [1.016, 0.016, 2.243, 7.984], "texture": "#0"},
				"down": {"uv": [5.016, 0.016, 6.243, 3.984], "rotation": 180, "texture": "#0"}
			}
		},
		{
			"name": "octagon",
			"from": [9.37868, 0, 0],
			"to": [10.62132, 3, 4.5],
			"faces": {
				"north": {"uv": [0, 0, 0, 0], "texture": "#1"},
				"south": {"uv": [0.016, 0.016, 0.5, 0.5], "texture": "#1"},
				"up": {"uv": [0.016, 0.016, 1.243, 3.984], "texture": "#0"},
				"down": {"uv": [4.016, 0.016, 5.243, 3.984], "rotation": 180, "texture": "#0"}
			}
		},
		{
			"from": [9, 0.5, 4.005],
			"to": [11, 2.5, 4.505],
			"faces": {
				"south": {"uv": [5.5, 0.5, 7.5, 2.5], "texture": "#1"}
			}
		},
		{
			"from": [9.5, 0, 4.005],
			"to": [10.5, 3, 4.505],
			"faces": {
				"south": {"uv": [6.016, 0.016, 6.984, 2.984], "texture": "#1"}
			}
		},
		{
			"from": [8.5, 1, 4.005],
			"to": [11.5, 2, 4.505],
			"faces": {
				"south": {"uv": [5.016, 1.016, 7.984, 1.984], "texture": "#1"}
			}
		},
		{
			"name": "octagon",
			"from": [4.5, 0.87868, 0],
			"to": [7.5, 2.12132, 3.5],
			"rotation": {"angle": 45, "axis": "z", "origin": [6, 1.5, -0.5]},
			"faces": {
				"north": {"uv": [0, 0, 0, 0], "texture": "#1"},
				"east": {"uv": [8.016, 0.016, 9.243, 3.984], "rotation": 90, "texture": "#0"},
				"south": {"uv": [0.016, 0.016, 0.5, 0.5], "texture": "#1"},
				"west": {"uv": [3.016, 0.016, 4.243, 3.984], "rotation": 90, "texture": "#0"}
			}
		},
		{
			"name": "octagon",
			"from": [4.5, 0.87868, 0],
			"to": [7.5, 2.12132, 3.5],
			"faces": {
				"north": {"uv": [0, 0, 0, 0], "texture": "#1"},
				"east": {"uv": [6.5, 0.016, 7.743, 3.984], "rotation": 90, "texture": "#0"},
				"south": {"uv": [0.016, 0.016, 0.5, 0.5], "texture": "#1"},
				"west": {"uv": [1.5, 0.016, 2.743, 3.984], "rotation": 270, "texture": "#0"}
			}
		},
		{
			"name": "octagon",
			"from": [5.37868, 0, 0],
			"to": [6.62132, 3, 3.5],
			"rotation": {"angle": 45, "axis": "z", "origin": [6, 1.5, -0.5]},
			"faces": {
				"north": {"uv": [0, 0, 0, 0], "texture": "#1"},
				"south": {"uv": [0.016, 0.016, 0.5, 0.5], "texture": "#1"},
				"up": {"uv": [1.016, 0.016, 2.243, 3.984], "texture": "#0"},
				"down": {"uv": [5.016, 0.016, 6.243, 3.984], "texture": "#0"}
			}
		},
		{
			"name": "octagon",
			"from": [5.37868, 0, 0],
			"to": [6.62132, 3, 3.5],
			"faces": {
				"north": {"uv": [0, 0, 0, 0], "texture": "#1"},
				"south": {"uv": [0.016, 0.016, 0.5, 0.5], "texture": "#1"},
				"up": {"uv": [0.016, 0.016, 1.243, 3.984], "texture": "#0"},
				"down": {"uv": [4.5, 0.016, 5.743, 3.984], "texture": "#0"}
			}
		},
		{
			"from": [4.5, 1, 3.505],
			"to": [7.5, 2, 3.505],
			"faces": {
				"south": {"uv": [5.016, 1.016, 7.984, 1.984], "texture": "#1"}
			}
		},
		{
			"from": [5, 0.5, 3.505],
			"to": [7, 2.5, 3.505],
			"faces": {
				"south": {"uv": [5.5, 0.5, 7.5, 2.5], "texture": "#1"}
			}
		},
		{
			"from": [5.5, 0, 3.505],
			"to": [6.5, 3, 3.505],
			"faces": {
				"south": {"uv": [6.016, 0.016, 6.984, 2.984], "texture": "#1"}
			}
		},
		{
			"name": "octagon",
			"from": [5.5, 3.96447, 0],
			"to": [10.5, 6.03553, 4],
			"rotation": {"angle": 45, "axis": "z", "origin": [8, 5, -0.5]},
			"faces": {
				"north": {"uv": [0, 0, 0, 0], "texture": "#1"},
				"east": {"uv": [0.016, 0.016, 1.984, 3.984], "rotation": 90, "texture": "#0"},
				"south": {"uv": [0.016, 0.016, 0.5, 0.5], "texture": "#1"},
				"west": {"uv": [6.016, 0.016, 7.984, 3.984], "rotation": 270, "texture": "#0"}
			}
		},
		{
			"name": "octagon",
			"from": [5.5, 3.96447, 0],
			"to": [10.5, 6.03553, 4],
			"faces": {
				"north": {"uv": [0, 0, 0, 0], "texture": "#1"},
				"east": {"uv": [12.016, 0.016, 13.984, 3.984], "rotation": 90, "texture": "#0"},
				"south": {"uv": [0.016, 0.016, 0.5, 0.5], "texture": "#1"},
				"west": {"uv": [4.016, 0.016, 5.984, 3.984], "rotation": 90, "texture": "#0"}
			}
		},
		{
			"name": "octagon",
			"from": [6.96447, 2.5, 0],
			"to": [9.03553, 7.5, 4],
			"rotation": {"angle": 45, "axis": "z", "origin": [8, 5, -0.5]},
			"faces": {
				"north": {"uv": [0, 0, 0, 0], "texture": "#1"},
				"south": {"uv": [0.016, 0.016, 0.5, 0.5], "texture": "#1"},
				"up": {"uv": [2.016, 0.016, 3.984, 3.984], "texture": "#0"},
				"down": {"uv": [10.016, 0.016, 11.984, 3.984], "rotation": 180, "texture": "#0"}
			}
		},
		{
			"name": "octagon",
			"from": [6.96447, 2.5, 0],
			"to": [9.03553, 7.5, 4],
			"faces": {
				"north": {"uv": [0, 0, 0, 0], "texture": "#1"},
				"south": {"uv": [0.016, 0.016, 0.5, 0.5], "texture": "#1"},
				"up": {"uv": [0.016, 0.016, 1.984, 3.984], "texture": "#0"},
				"down": {"uv": [8.016, 0.016, 9.984, 3.984], "rotation": 180, "texture": "#0"}
			}
		},
		{
			"from": [5.5, 4, 4.005],
			"to": [10.5, 6, 4.005],
			"faces": {
				"south": {"uv": [0.5, 2.016, 5.5, 3.984], "texture": "#1"}
			}
		},
		{
			"from": [6, 3.5, 4.005],
			"to": [10, 6.5, 4.005],
			"faces": {
				"south": {"uv": [1.016, 1.5, 4.984, 4.5], "texture": "#1"}
			}
		},
		{
			"from": [6.5, 3, 4.005],
			"to": [9.5, 7, 4.005],
			"faces": {
				"south": {"uv": [1.5, 1.016, 4.5, 4.984], "texture": "#1"}
			}
		},
		{
			"from": [7, 2.5, 4.005],
			"to": [9, 7.5, 4.005],
			"faces": {
				"south": {"uv": [2.016, 0.5, 3.984, 5.5], "texture": "#1"}
			}
		},
		{
			"name": "octagon",
			"from": [5.63071, 7.27066, 0],
			"to": [7.08046, 10.77066, 4.5],
			"rotation": {"angle": -22.5, "axis": "z", "origin": [6.45458, 9.21965, 0.5]},
			"faces": {
				"north": {"uv": [0, 0, 0, 0], "texture": "#1"},
				"south": {"uv": [0.016, 0.016, 0.016, 0.016], "rotation": 90, "texture": "#1"},
				"up": {"uv": [0.016, 0.016, 1.44975, 7.984], "texture": "#0"},
				"down": {"uv": [6.016, 0.016, 7.45, 3.984], "rotation": 180, "texture": "#0"}
			}
		},
		{
			"name": "octagon",
			"from": [5.51668, 7.35404, 0],
			"to": [6.96643, 10.85404, 4.5],
			"rotation": {"angle": 22.5, "axis": "z", "origin": [6.34056, 9.20303, 0.5]},
			"faces": {
				"north": {"uv": [0, 0, 0, 0], "texture": "#1"},
				"south": {"uv": [0.016, 0.016, 0.016, 0.016], "rotation": 90, "texture": "#1"},
				"up": {"uv": [0.016, 0.016, 1.45, 3.984], "texture": "#0"},
				"down": {"uv": [4.5, 0.016, 5.95, 3.984], "rotation": 180, "texture": "#0"}
			}
		},
		{
			"name": "octagon",
			"from": [4.56732, 8.30339, 0],
			"to": [8.06732, 9.75314, 4.5],
			"rotation": {"angle": -22.5, "axis": "z", "origin": [6.41632, 9.12726, 0.5]},
			"faces": {
				"north": {"uv": [0, 0, 0, 0], "texture": "#1"},
				"east": {"uv": [3.016, 0.016, 4.45, 3.984], "rotation": 90, "texture": "#0"},
				"south": {"uv": [0.016, 0.016, 0.016, 0.016], "rotation": 90, "texture": "#1"},
				"west": {"uv": [9.016, 0.016, 10.45, 3.984], "rotation": 90, "texture": "#0"}
			}
		},
		{
			"name": "octagon",
			"from": [4.52631, 8.40239, 0],
			"to": [8.02631, 9.85213, 4.5],
			"rotation": {"angle": 22.5, "axis": "z", "origin": [6.41631, 9.12726, 0.5]},
			"faces": {
				"north": {"uv": [0, 0, 0, 0], "texture": "#1"},
				"east": {"uv": [1.5, 0.016, 2.95, 3.984], "rotation": 90, "texture": "#0"},
				"south": {"uv": [0.016, 0.016, 0.016, 0.016], "rotation": 90, "texture": "#1"},
				"west": {"uv": [7.5, 0.016, 8.95, 3.984], "rotation": 270, "texture": "#0"}
			}
		},
		{
			"from": [5.6539, 7.22066, 4.505],
			"to": [7.1036, 10.72066, 4.505],
			"rotation": {"angle": -22.5, "axis": "z", "origin": [6.55458, 9.21965, 4.5]},
			"faces": {
				"south": {"uv": [5.5, 3.5, 6.984, 6.984], "texture": "#1"}
			}
		},
		{
			"from": [5.1303, 7.74, 4.505],
			"to": [7.58, 10.1897, 4.505],
			"rotation": {"angle": -22.5, "axis": "z", "origin": [6.55458, 9.21965, 4.5]},
			"faces": {
				"south": {"uv": [5.016, 4.016, 7.5, 6.5], "texture": "#1"}
			}
		},
		{
			"from": [4.6036, 8.24578, 4.505],
			"to": [8.1036, 9.69548, 4.505],
			"rotation": {"angle": -22.5, "axis": "z", "origin": [6.55458, 9.21965, 4.5]},
			"faces": {
				"south": {"uv": [4.5, 4.5, 7.984, 5.984], "texture": "#1"}
			}
		},
		{
			"name": "octagon",
			"from": [8.9287, 7.27066, 0],
			"to": [10.37845, 10.77066, 3.5],
			"rotation": {"angle": 22.5, "axis": "z", "origin": [9.55458, 9.21965, 7.5]},
			"faces": {
				"north": {"uv": [0, 0, 0, 0], "texture": "#1"},
				"south": {"uv": [0.016, 0.016, 0.5, 0.5], "rotation": 270, "texture": "#1"},
				"up": {"uv": [13.016, 0.016, 14.45, 3.984], "texture": "#0"},
				"down": {"uv": [7.5, 0.016, 8.95, 3.984], "rotation": 180, "texture": "#0"}
			}
		},
		{
			"name": "octagon",
			"from": [9.04273, 7.35404, 0],
			"to": [10.49248, 10.85404, 3.5],
			"rotation": {"angle": -22.5, "axis": "z", "origin": [9.6686, 9.20303, 7.5]},
			"faces": {
				"north": {"uv": [0, 0, 0, 0], "texture": "#1"},
				"south": {"uv": [0.016, 0.016, 0.5, 0.5], "rotation": 270, "texture": "#1"},
				"up": {"uv": [2.5, 0.016, 3.95, 3.984], "texture": "#0"},
				"down": {"uv": [9.016, 0.016, 10.45, 3.984], "rotation": 180, "texture": "#0"}
			}
		},
		{
			"name": "octagon",
			"from": [7.94184, 8.30339, 0],
			"to": [11.44184, 9.75314, 3.5],
			"rotation": {"angle": 22.5, "axis": "z", "origin": [9.59284, 9.12726, 7.5]},
			"faces": {
				"north": {"uv": [0, 0, 0, 0], "texture": "#1"},
				"east": {"uv": [4.5, 0.016, 5.95, 3.984], "rotation": 90, "texture": "#0"},
				"south": {"uv": [0.016, 0.016, 0.5, 0.5], "rotation": 270, "texture": "#1"},
				"west": {"uv": [10.5, 0.016, 11.95, 3.984], "rotation": 270, "texture": "#0"}
			}
		},
		{
			"name": "octagon",
			"from": [7.98285, 8.40239, 0],
			"to": [11.48285, 9.85213, 3.5],
			"rotation": {"angle": -22.5, "axis": "z", "origin": [9.59285, 9.12726, 7.5]},
			"faces": {
				"north": {"uv": [0, 0, 0, 0], "texture": "#1"},
				"east": {"uv": [6.016, 0.016, 7.45, 3.984], "rotation": 90, "texture": "#0"},
				"south": {"uv": [0.016, 0.016, 0.5, 0.5], "rotation": 270, "texture": "#1"},
				"west": {"uv": [11.5, 0.016, 12.95, 3.984], "rotation": 270, "texture": "#0"}
			}
		},
		{
			"from": [7.9036, 8.29578, 3.505],
			"to": [11.4036, 9.74548, 3.505],
			"rotation": {"angle": 22.5, "axis": "z", "origin": [9.55458, 9.21965, 3.5]},
			"faces": {
				"south": {"uv": [4.5, 4.5, 7.984, 5.984], "texture": "#1"}
			}
		},
		{
			"from": [8.9203, 7.27066, 3.505],
			"to": [10.37, 10.77066, 3.505],
			"rotation": {"angle": 22.5, "axis": "z", "origin": [9.55458, 9.21965, 3.5]},
			"faces": {
				"south": {"uv": [5.5, 3.5, 6.984, 6.984], "texture": "#1"}
			}
		},
		{
			"from": [8.4303, 7.79, 3.505],
			"to": [10.88, 10.2397, 3.505],
			"rotation": {"angle": 22.5, "axis": "z", "origin": [9.55458, 9.21965, 3.5]},
			"faces": {
				"south": {"uv": [5.016, 4.016, 7.5, 6.5], "texture": "#1"}
			}
		},
		{
			"from": [6.5, 11, 4.005],
			"to": [9.5, 16.5, 4.005],
			"faces": {
				"south": {"uv": [1.5, 5.5, 4.5, 10.984], "texture": "#1"}
			}
		},
		{
			"from": [6, 11.5, 4.005],
			"to": [10, 16, 4.005],
			"faces": {
				"south": {"uv": [1.016, 6.016, 4.984, 10.5], "texture": "#1"}
			}
		},
		{
			"from": [5.5, 12, 4.005],
			"to": [10.5, 15.5, 4.005],
			"faces": {
				"south": {"uv": [0.5, 6.5, 5.5, 9.984], "texture": "#1"}
			}
		},
		{
			"from": [5, 12.5, 4.005],
			"to": [11, 15, 4.005],
			"faces": {
				"south": {"uv": [0.016, 7.016, 5.984, 9.5], "texture": "#1"}
			}
		},
		{
			"name": "octagon",
			"from": [5, 10.02208, 0],
			"to": [7.4853, 16.02208, 4],
			"rotation": {"angle": -45, "axis": "z", "origin": [8, 11.26472, -6]},
			"faces": {
				"north": {"uv": [0.016, 0.016, 0.016, 0.016], "texture": "#1"},
				"south": {"uv": [0.016, 0.016, 0.5, 0.5], "texture": "#1"},
				"up": {"uv": [8.5, 0.016, 10.985, 3.984], "texture": "#0"},
				"down": {"uv": [0.016, 0.016, 2.485, 3.984], "rotation": 180, "texture": "#0"}
			}
		},
		{
			"name": "octagon",
			"from": [5, 12.50736, 0],
			"to": [11, 14.99264, 4],
			"faces": {
				"north": {"uv": [0, 0, 0, 0], "texture": "#1"},
				"east": {"uv": [11.016, 0.016, 13.485, 3.984], "rotation": 90, "texture": "#0"},
				"south": {"uv": [0.016, 0.016, 0.5, 0.5], "texture": "#1"},
				"west": {"uv": [1.016, 0.016, 3.485, 3.984], "rotation": 270, "texture": "#0"}
			}
		},
		{
			"name": "octagon",
			"from": [6.75736, 10.75, 0],
			"to": [9.24264, 16.75, 4],
			"faces": {
				"north": {"uv": [0.016, 0.016, 0.016, 0.016], "texture": "#1"},
				"south": {"uv": [0.016, 0.016, 0.5, 0.5], "texture": "#1"},
				"up": {"uv": [6.5, 0.016, 8.985, 3.984], "texture": "#0"},
				"down": {"uv": [0.016, 0.016, 2.485, 3.984], "texture": "#0"}
			}
		},
		{
			"name": "octagon",
			"from": [6.75736, 10.75, 0],
			"to": [9.24266, 16.75, 4],
			"rotation": {"angle": 45, "axis": "z", "origin": [8.00001, 13.75, 2]},
			"faces": {
				"north": {"uv": [0.016, 0.016, 0.016, 0.016], "texture": "#1"},
				"south": {"uv": [0.016, 0.016, 0.5, 0.5], "texture": "#1"},
				"up": {"uv": [4.016, 0.016, 6.485, 3.984], "texture": "#0"},
				"down": {"uv": [0.016, 0.016, 2.485, 3.984], "texture": "#0"}
			}
		},
		{
			"from": [3.5, -0.5, 3.5],
			"to": [4.5, 15.5, 4.5],
			"faces": {
				"north": {"uv": [15.016, 0.016, 15.984, 15.984], "texture": "#1"},
				"east": {"uv": [15.016, 0.016, 15.984, 15.984], "texture": "#1"},
				"south": {"uv": [15.016, 0.016, 15.984, 15.984], "texture": "#1"},
				"west": {"uv": [15.016, 0.016, 15.984, 15.984], "texture": "#1"},
				"up": {"uv": [15.016, 15.016, 15.984, 15.984], "rotation": 270, "texture": "#1", "cullface": "down"},
				"down": {"uv": [15.016, 15.016, 15.984, 15.984], "rotation": 270, "texture": "#1", "cullface": "down"}
			}
		},
		{
			"from": [11.5, -0.5, 3.5],
			"to": [12.5, 15.5, 4.5],
			"faces": {
				"north": {"uv": [15.016, 0.016, 15.984, 15.984], "texture": "#1"},
				"east": {"uv": [15.016, 0.016, 15.984, 15.984], "texture": "#1"},
				"south": {"uv": [15.016, 0.016, 15.984, 15.984], "texture": "#1"},
				"west": {"uv": [15.016, 0.016, 15.984, 15.984], "texture": "#1"},
				"up": {"uv": [15.016, 15.016, 15.984, 15.984], "rotation": 270, "texture": "#1", "cullface": "down"},
				"down": {"uv": [15.016, 15.016, 15.984, 15.984], "rotation": 270, "texture": "#1", "cullface": "down"}
			}
		}
	],
	"groups": [
		{
			"name": "small log 2",
			"children": [0, 1, 2, 3,
				{
					"name": "cap",
					"children": [4, 5, 6]
				}
			]
		},
		{
			"name": "small log 1",
			"children": [7, 8, 9, 10,
				{
					"name": "cap",
					"children": [11, 12, 13]
				}
			]
		},
		{
			"name": "big log 1",
			"children": [14, 15, 16, 17,
				{
					"name": "cap",
					"children": [18, 19, 20, 21]
				}
			]
		},
		{
			"name": "small log 3",
			"children": [22, 23, 24, 25,
				{
					"name": "cap",
					"children": [26, 27, 28]
				}
			]
		},
		{
			"name": "small log 4",
			"children": [29, 30, 31, 32,
				{
					"name": "cap",
					"children": [33, 34, 35]
				}
			]
		},
		{
			"name": "big log 2",
			"children": [
				{
					"name": "cap",
					"children": [36, 37, 38, 39]
				}, 40, 41, 42, 43]
		},
		{
			"name": "spikes",
			"children": [44, 45]
		}
	]
}