{ "multipart": [
    {   "apply": { "model": "block/fence/crimson/crimson_fence_post" }},
    {   "when": { "north": true },
        "apply": { "model": "block/fence/crimson/crimson_fence_side_ne" }
    },
    {   "when": { "east": true },
        "apply": { "model": "block/fence/crimson/crimson_fence_side_ne", "y": 90 }
    },
    {   "when": { "south": true },
        "apply": { "model": "block/fence/crimson/crimson_fence_side_sw" }
    },
    {   "when": { "west": true },
        "apply": { "model": "block/fence/crimson/crimson_fence_side_sw", "y": 90 }
    }
  ]
}