{
	"credit": "Made by SyndiShanX",
	"textures": {
		"particle": "#wall"
	},
	"elements": [
		{
			"name": "Wall Side",
			"from": [5, 0, 0],
			"to": [11, 14, 8],
			"faces": {
				"north": {"uv": [5, 2, 11, 16], "texture": "#wall", "cullface": "north"},
				"east": {"uv": [8, 2, 16, 16], "texture": "#wall"},
				"west": {"uv": [0, 2, 8, 16], "texture": "#wall"},
				"up": {"uv": [5, 0, 11, 8], "texture": "#wall"}
			}
		},
		{
			"name": "Wall Side Snow",
			"from": [4.99, 0, -0.01],
			"to": [11.01, 14.01, 8.01],
			"faces": {
				"north": {"uv": [6, 0, 12, 14], "texture": "#snow_wall", "cullface": "north"},
				"east": {"uv": [8, 0, 16, 14], "texture": "#snow_wall"},
				"west": {"uv": [0, 0, 8, 14], "texture": "#snow_wall"},
				"up": {"uv": [0, 0, 6, 8], "texture": "#snow"}
			}
		}
	]
}