{ "variants": {
    "type=bottom": [
      { "model": "minecraft:block/polished_grimstone/slab/lower/0" },
      { "model": "minecraft:block/polished_grimstone/slab/lower/1" },
      { "model": "minecraft:block/polished_grimstone/slab/lower/2" },
      { "model": "minecraft:block/polished_grimstone/slab/lower/3" },
      { "model": "minecraft:block/polished_grimstone/slab/lower/4" }
    ],
    "type=double": [
      { "model": "minecraft:block/polished_grimstone/0" },
      { "model": "minecraft:block/polished_grimstone/1" },
      { "model": "minecraft:block/polished_grimstone/2" },
      { "model": "minecraft:block/polished_grimstone/3" },
      { "model": "minecraft:block/polished_grimstone/4" }
    ],
    "type=top": [
      { "model": "minecraft:block/polished_grimstone/slab/upper/0" },
      { "model": "minecraft:block/polished_grimstone/slab/upper/1" },
      { "model": "minecraft:block/polished_grimstone/slab/upper/2" },
      { "model": "minecraft:block/polished_grimstone/slab/upper/3" },
      { "model": "minecraft:block/polished_grimstone/slab/upper/4" }
    ]
  }
}