{ "multipart": [
    { "when": { "up": "true" },
      "apply": [
        { "model": "minecraft:block/polished_grimstone/wall/post/0" },
        { "model": "minecraft:block/polished_grimstone/wall/post/1" },
        { "model": "minecraft:block/polished_grimstone/wall/post/2" },
        { "model": "minecraft:block/polished_grimstone/wall/post/3" },
        { "model": "minecraft:block/polished_grimstone/wall/post/4" }
      ]
    },
    { "when": { "north": "low" },
      "apply": [
        { "model": "minecraft:block/polished_grimstone/wall/side/0", "uvlock": true },
        { "model": "minecraft:block/polished_grimstone/wall/side/1", "uvlock": true },
        { "model": "minecraft:block/polished_grimstone/wall/side/2", "uvlock": true },
        { "model": "minecraft:block/polished_grimstone/wall/side/3", "uvlock": true },
        { "model": "minecraft:block/polished_grimstone/wall/side/4", "uvlock": true }
      ]
    },
    { "when": { "east": "low" },
      "apply": [
        { "model": "minecraft:block/polished_grimstone/wall/side/0", "y": 90, "uvlock": true },
        { "model": "minecraft:block/polished_grimstone/wall/side/1", "y": 90, "uvlock": true },
        { "model": "minecraft:block/polished_grimstone/wall/side/2", "y": 90, "uvlock": true },
        { "model": "minecraft:block/polished_grimstone/wall/side/3", "y": 90, "uvlock": true },
        { "model": "minecraft:block/polished_grimstone/wall/side/4", "y": 90, "uvlock": true }
      ]
    },
    { "when": { "south": "low" },
      "apply": [
        { "model": "minecraft:block/polished_grimstone/wall/side/0", "y": 180, "uvlock": true },
        { "model": "minecraft:block/polished_grimstone/wall/side/1", "y": 180, "uvlock": true },
        { "model": "minecraft:block/polished_grimstone/wall/side/2", "y": 180, "uvlock": true },
        { "model": "minecraft:block/polished_grimstone/wall/side/3", "y": 180, "uvlock": true },
        { "model": "minecraft:block/polished_grimstone/wall/side/4", "y": 180, "uvlock": true }
      ]
    },
    { "when": { "west": "low" },
      "apply": [
        { "model": "minecraft:block/polished_grimstone/wall/side/0", "y": 270, "uvlock": true },
        { "model": "minecraft:block/polished_grimstone/wall/side/1", "y": 270, "uvlock": true },
        { "model": "minecraft:block/polished_grimstone/wall/side/2", "y": 270, "uvlock": true },
        { "model": "minecraft:block/polished_grimstone/wall/side/3", "y": 270, "uvlock": true },
        { "model": "minecraft:block/polished_grimstone/wall/side/4", "y": 270, "uvlock": true }
      ]
    },
    { "when": { "north": "tall" },
      "apply": [
        { "model": "minecraft:block/polished_grimstone/wall/side_tall/0", "uvlock": true },
        { "model": "minecraft:block/polished_grimstone/wall/side_tall/1", "uvlock": true },
        { "model": "minecraft:block/polished_grimstone/wall/side_tall/2", "uvlock": true },
        { "model": "minecraft:block/polished_grimstone/wall/side_tall/3", "uvlock": true },
        { "model": "minecraft:block/polished_grimstone/wall/side_tall/4", "uvlock": true }
      ]
    },
    { "when": { "east": "tall" },
      "apply": [
        { "model": "minecraft:block/polished_grimstone/wall/side_tall/0", "y": 90, "uvlock": true },
        { "model": "minecraft:block/polished_grimstone/wall/side_tall/1", "y": 90, "uvlock": true },
        { "model": "minecraft:block/polished_grimstone/wall/side_tall/2", "y": 90, "uvlock": true },
        { "model": "minecraft:block/polished_grimstone/wall/side_tall/3", "y": 90, "uvlock": true },
        { "model": "minecraft:block/polished_grimstone/wall/side_tall/4", "y": 90, "uvlock": true }
      ]
    },
    { "when": { "south": "tall" },
      "apply": [
        { "model": "minecraft:block/polished_grimstone/wall/side_tall/0", "y": 180, "uvlock": true },
        { "model": "minecraft:block/polished_grimstone/wall/side_tall/1", "y": 180, "uvlock": true },
        { "model": "minecraft:block/polished_grimstone/wall/side_tall/2", "y": 180, "uvlock": true },
        { "model": "minecraft:block/polished_grimstone/wall/side_tall/3", "y": 180, "uvlock": true },
        { "model": "minecraft:block/polished_grimstone/wall/side_tall/4", "y": 180, "uvlock": true }
      ]
    },
    { "when": { "west": "tall" },
      "apply": [
        { "model": "minecraft:block/polished_grimstone/wall/side_tall/0", "y": 270, "uvlock": true },
        { "model": "minecraft:block/polished_grimstone/wall/side_tall/1", "y": 270, "uvlock": true },
        { "model": "minecraft:block/polished_grimstone/wall/side_tall/2", "y": 270, "uvlock": true },
        { "model": "minecraft:block/polished_grimstone/wall/side_tall/3", "y": 270, "uvlock": true },
        { "model": "minecraft:block/polished_grimstone/wall/side_tall/4", "y": 270, "uvlock": true }
      ]
    }
  ]
}