{ "variants": {
    "": [
      { "model": "minecraft:block/deepslate_ores/copper_ore/0" },
      { "model": "minecraft:block/deepslate_ores/copper_ore/1" },
      { "model": "minecraft:block/deepslate_ores/copper_ore/2" },
      { "model": "minecraft:block/deepslate_ores/copper_ore/3" },
      { "model": "minecraft:block/deepslate_ores/copper_ore/4" },
	  { "model": "minecraft:block/deepslate_ores/copper_ore/5" },
      { "model": "minecraft:block/deepslate_ores/copper_ore/6" },
      { "model": "minecraft:block/deepslate_ores/copper_ore/7" },
      { "model": "minecraft:block/deepslate_ores/copper_ore/8" },
      { "model": "minecraft:block/deepslate_ores/copper_ore/9" }
    ]
  }
}