{
	"credit": "Made with Blockbench",
	"textures": {
		"1": "block/doors/dark_oak_door_bottom",
		"particle": "block/doors/dark_oak_door_bottom"
	},
	"elements": [
		{
			"from": [0.5, 2.5, 12.5],
			"to": [3.5, 13.5, 16],
			"faces": {
				"north": {"uv": [3.5, 2.5, 3.016, 13.5], "texture": "#1"},
				"east": {"uv": [0.016, 2.5, 3.5, 13.5], "texture": "#1"},
				"south": {"uv": [15.5, 2.5, 12.5, 13.5], "texture": "#1"},
				"west": {"uv": [3.5, 2.5, 0.016, 13.5], "texture": "#1"}
			}
		},
		{
			"from": [0, 0, 0],
			"to": [4, 2.5, 16],
			"faces": {
				"north": {"uv": [2.984, 15.984, 0.016, 13.516], "texture": "#1"},
				"east": {"uv": [16, 13.5, 0, 16], "texture": "#1"},
				"south": {"uv": [2.984, 13.516, 0.016, 15.984], "texture": "#1"},
				"west": {"uv": [15.984, 13.516, 0.016, 15.984], "texture": "#1"},
				"up": {"uv": [0.016, 13.516, 15.984, 13.984], "rotation": 90, "texture": "#1"},
				"down": {"uv": [0.016, 13.484, 15.984, 10.516], "rotation": 90, "texture": "#1"}
			}
		},
		{
			"from": [0.5, 12, 4.5],
			"to": [3.5, 13.5, 12],
			"faces": {
				"north": {"uv": [4.5, 2.5, 4.016, 3.984], "texture": "#1"},
				"east": {"uv": [4.016, 2.5, 11.5, 3.984], "texture": "#1"},
				"south": {"uv": [11.5, 2.5, 11.016, 3.984], "texture": "#1"},
				"west": {"uv": [11.5, 2.5, 4.016, 3.984], "texture": "#1"}
			}
		},
		{
			"from": [0.5, 13.5, 0],
			"to": [3.5, 16, 16],
			"faces": {
				"north": {"uv": [15.5, 0.016, 12.5, 2.5], "texture": "#1"},
				"east": {"uv": [0.016, 0.016, 15.984, 2.5], "texture": "#1"},
				"south": {"uv": [3.5, 0.016, 0.5, 2.5], "texture": "#1"},
				"west": {"uv": [15.984, 0.016, 0.016, 2.5], "texture": "#1"}
			}
		},
		{
			"from": [0.5, 2.5, 8.5],
			"to": [3.5, 12, 12],
			"faces": {
				"north": {"uv": [7.5, 4.016, 7.016, 13.5], "texture": "#1"},
				"east": {"uv": [4.016, 4.016, 7.5, 13.5], "texture": "#1"},
				"south": {"uv": [4.5, 4.016, 4.016, 13.5], "texture": "#1"},
				"west": {"uv": [7.5, 4.016, 4.016, 13.5], "texture": "#1"}
			}
		},
		{
			"from": [0.5, 2.5, 4.5],
			"to": [3.5, 12, 8],
			"faces": {
				"north": {"uv": [11.5, 4.016, 11.016, 13.5], "texture": "#1"},
				"east": {"uv": [8.016, 4.016, 11.5, 13.5], "texture": "#1"},
				"south": {"uv": [8.5, 4.016, 8.016, 13.5], "texture": "#1"},
				"west": {"uv": [11.5, 4.016, 8.016, 13.5], "texture": "#1"}
			}
		},
		{
			"from": [0.5, 2.5, 0],
			"to": [3.5, 13.5, 4],
			"faces": {
				"north": {"uv": [15.5, 2.5, 12.5, 13.5], "texture": "#1"},
				"east": {"uv": [12.016, 2.5, 15.984, 13.5], "texture": "#1"},
				"south": {"uv": [12.5, 2.5, 12.016, 13.5], "texture": "#1"},
				"west": {"uv": [15.984, 2.5, 12.016, 13.5], "texture": "#1"}
			}
		},
		{
			"from": [1, 2.5, 4],
			"to": [3, 13.5, 12.5],
			"faces": {
				"east": {"uv": [3.5, 2.5, 11.98375, 13.5], "texture": "#1"},
				"west": {"uv": [11.98375, 2.5, 3.5, 13.5], "texture": "#1"}
			}
		},
		{
			"from": [0, 7, 12],
			"to": [4, 7.5, 12.5],
			"faces": {
				"north": {"uv": [3.984, 8.5, 3.5, 8.984], "texture": "#1"},
				"east": {"uv": [3.984, 8.5, 3.5, 8.984], "texture": "#1"},
				"west": {"uv": [3.984, 8.5, 3.5, 8.984], "texture": "#1"},
				"up": {"uv": [3.5, 8.984, 3.984, 8.5], "texture": "#1"},
				"down": {"uv": [3.5, 8.984, 3.984, 8.5], "texture": "#1"}
			}
		},
		{
			"from": [0, 13.5, 3.5],
			"to": [4, 16, 5],
			"faces": {
				"north": {"uv": [4.984, 0.016, 4.5, 2.5], "texture": "#1"},
				"east": {"uv": [4.984, 0.016, 3.5, 2.5], "texture": "#1"},
				"south": {"uv": [3.984, 0.016, 3.5, 2.5], "texture": "#1"},
				"west": {"uv": [4.984, 0.016, 3.5, 2.5], "texture": "#1"},
				"down": {"uv": [3.5, 2.5, 4.984, 2.016], "rotation": 270, "texture": "#1"}
			}
		},
		{
			"from": [0, 13.5, 11],
			"to": [4, 16, 12.5],
			"faces": {
				"north": {"uv": [11.5, 0.016, 11.016, 2.5], "texture": "#1"},
				"east": {"uv": [12.5, 0.016, 11.016, 2.5], "texture": "#1"},
				"south": {"uv": [11.984, 0.016, 11.5, 2.5], "texture": "#1"},
				"west": {"uv": [4.984, 0.016, 3.5, 2.5], "texture": "#1"},
				"down": {"uv": [3.5, 6.5, 4.984, 2.016], "rotation": 270, "texture": "#1"}
			}
		},
		{
			"from": [0, 14, 6],
			"to": [4, 16, 10],
			"faces": {
				"east": {"uv": [9.984, 0.016, 6.016, 1.984], "texture": "#1"},
				"west": {"uv": [9.984, 0.016, 6.016, 1.984], "texture": "#1"},
				"up": {"uv": [6.016, 0.5, 9.984, 0.016], "rotation": 90, "texture": "#1"},
				"down": {"uv": [6.016, 1.984, 9.984, 1.5], "rotation": 90, "texture": "#1"}
			}
		},
		{
			"from": [0, 12.5, 7],
			"to": [4, 14, 9],
			"faces": {
				"north": {"uv": [8.984, 2.016, 8.5, 3.5], "texture": "#1"},
				"east": {"uv": [8.984, 2.016, 7.016, 3.5], "texture": "#1"},
				"south": {"uv": [7.5, 2.016, 7.016, 3.5], "texture": "#1"},
				"west": {"uv": [8.984, 2.016, 7.016, 3.5], "texture": "#1"}
			}
		},
		{
			"from": [0, 13.5, 10],
			"to": [4, 16, 10.5],
			"faces": {
				"north": {"uv": [5.984, 0.016, 5.5, 2.5], "texture": "#1"},
				"east": {"uv": [10.5, 0.016, 10.016, 2.5], "texture": "#1"},
				"south": {"uv": [5.984, 0.016, 5.5, 2.5], "texture": "#1"},
				"west": {"uv": [5.984, 0.016, 5.5, 2.5], "texture": "#1"},
				"up": {"uv": [5.5, 0.5, 5.984, 0.016], "texture": "#1"},
				"down": {"uv": [5.5, 2.5, 5.984, 2.016], "texture": "#1"}
			}
		},
		{
			"from": [0, 12, 6.5],
			"to": [4, 12.5, 9.5],
			"faces": {
				"north": {"uv": [9.5, 3.5, 9.016, 3.984], "texture": "#1"},
				"east": {"uv": [9.5, 3.5, 6.5, 3.984], "texture": "#1"},
				"south": {"uv": [6.984, 3.5, 6.5, 3.984], "texture": "#1"},
				"west": {"uv": [9.5, 3.5, 6.5, 3.984], "texture": "#1"},
				"up": {"uv": [6.5, 3.984, 9.5, 3.5], "rotation": 90, "texture": "#1"},
				"down": {"uv": [6.5, 4.5, 9.5, 4.016], "rotation": 90, "texture": "#1"}
			}
		},
		{
			"from": [0, 13.5, 5.5],
			"to": [4, 16, 6],
			"faces": {
				"north": {"uv": [10.5, 0.016, 10.016, 2.5], "texture": "#1"},
				"east": {"uv": [5.984, 0.016, 5.5, 2.5], "texture": "#1"},
				"south": {"uv": [3.984, 0.016, 0.016, 2.5], "texture": "#1"},
				"west": {"uv": [10.5, 0.016, 10.016, 2.5], "texture": "#1"},
				"up": {"uv": [5.5, 0.5, 5.984, 0.016], "texture": "#1"},
				"down": {"uv": [10.016, 2.5, 10.5, 2.016], "texture": "#1"}
			}
		},
		{
			"from": [0, 6, 15],
			"to": [4, 8.5, 16],
			"faces": {
				"north": {"uv": [0.984, 7.516, 0.516, 9.984], "texture": "#1"},
				"east": {"uv": [0.016, 7.516, 0.984, 9.984], "texture": "#1"},
				"south": {"uv": [15.984, 7.516, 12.016, 9.984], "texture": "#1"},
				"west": {"uv": [0.984, 7.516, 0.016, 9.984], "texture": "#1"},
				"up": {"uv": [0.016, 7.984, 0.984, 7.516], "rotation": 90, "texture": "#1"},
				"down": {"uv": [0.016, 9.984, 0.984, 9.516], "texture": "#1"}
			}
		},
		{
			"from": [0, 6.5, 12.5],
			"to": [4, 8, 15.01],
			"faces": {
				"north": {"uv": [2.984, 8.016, 2.516, 9.484], "texture": "#1"},
				"east": {"uv": [1.016, 8.016, 3.484, 9.484], "texture": "#1"},
				"west": {"uv": [3.484, 8.016, 1.016, 9.484], "texture": "#1"},
				"up": {"uv": [1.016, 8.484, 3.484, 8.016], "rotation": 90, "texture": "#1"},
				"down": {"uv": [1.016, 9.484, 3.484, 9.016], "texture": "#1"}
			}
		}
	]
}