{
	"credit": "Made with Blockbench",
	"textures": {
		"1": "block/doors/dark_oak_door_top",
		"particle": "block/doors/dark_oak_door_top"
	},
	"elements": [
		{
			"from": [0.5, 0.5, 12.5],
			"to": [3.5, 13.5, 16],
			"faces": {
				"north": {"uv": [3.484, 2.516, 3.016, 15.484], "texture": "#1"},
				"east": {"uv": [0.016, 2.516, 3.484, 15.484], "texture": "#1"},
				"south": {"uv": [15.484, 2.516, 12.516, 15.484], "texture": "#1"},
				"west": {"uv": [3.484, 2.516, 0.016, 15.484], "texture": "#1"}
			}
		},
		{
			"from": [0, 13.5, 0],
			"to": [4, 16, 16],
			"faces": {
				"north": {"uv": [3.48312, 0.01563, 0.01563, 2.48313], "texture": "#1"},
				"east": {"uv": [0.016, 0.016, 15.984, 2.484], "texture": "#1"},
				"south": {"uv": [3.48312, 0.01563, 0.01563, 2.48313], "texture": "#1"},
				"west": {"uv": [15.984, 0.016, 0.016, 2.484], "texture": "#1"},
				"up": {"uv": [0.016, 5.484, 15.984, 2.516], "rotation": 90, "texture": "#1"},
				"down": {"uv": [0.016, 5.484, 15.984, 2.516], "rotation": 90, "texture": "#1"}
			}
		},
		{
			"from": [0.5, 0.5, 4.5],
			"to": [3.5, 2, 12],
			"faces": {
				"north": {"uv": [11.484, 14.016, 11.016, 15.484], "texture": "#1"},
				"east": {"uv": [4.016, 14.016, 11.484, 15.484], "texture": "#1"},
				"south": {"uv": [4.484, 14.016, 4.016, 15.484], "texture": "#1"},
				"west": {"uv": [11.484, 14.016, 4.016, 15.484], "texture": "#1"}
			}
		},
		{
			"from": [0.5, 0, 0],
			"to": [3.5, 0.5, 16],
			"faces": {
				"north": {"uv": [3.484, 15.516, 0.516, 15.984], "rotation": 90, "texture": "#1"},
				"east": {"uv": [0.016, 15.516, 15.984, 15.984], "texture": "#1"},
				"south": {"uv": [3.484, 15.516, 0.516, 15.984], "texture": "#1"},
				"west": {"uv": [15.984, 15.516, 0.016, 15.984], "texture": "#1"}
			}
		},
		{
			"from": [0.5, 2, 8.5],
			"to": [3.5, 13.5, 12],
			"faces": {
				"north": {"uv": [7.984, 2.516, 7.516, 13.984], "texture": "#1"},
				"east": {"uv": [4.016, 2.516, 7.484, 13.984], "texture": "#1"},
				"south": {"uv": [4.484, 2.516, 4.016, 13.984], "texture": "#1"},
				"west": {"uv": [7.484, 2.516, 4.016, 13.984], "texture": "#1"}
			}
		},
		{
			"from": [0.5, 2, 4.5],
			"to": [3.5, 13.5, 8],
			"faces": {
				"north": {"uv": [11.484, 2.516, 11.016, 13.984], "texture": "#1"},
				"east": {"uv": [8.016, 2.516, 11.484, 13.984], "texture": "#1"},
				"south": {"uv": [8.484, 2.516, 8.016, 13.984], "texture": "#1"},
				"west": {"uv": [11.484, 2.516, 8.016, 13.984], "texture": "#1"}
			}
		},
		{
			"from": [0.5, 0.5, 0],
			"to": [3.5, 13.5, 4],
			"faces": {
				"north": {"uv": [15.484, 2.516, 12.516, 15.484], "texture": "#1"},
				"east": {"uv": [12.016, 2.516, 15.984, 15.484], "texture": "#1"},
				"south": {"uv": [12.484, 2.516, 12.016, 15.484], "texture": "#1"},
				"west": {"uv": [15.984, 2.516, 12.016, 15.484], "texture": "#1"}
			}
		},
		{
			"from": [1, 0.5, 12],
			"to": [3, 13.5, 12.5],
			"faces": {
				"east": {"uv": [3.984, 2.516, 3.516, 15.484], "texture": "#1"},
				"west": {"uv": [3.984, 2.516, 3.516, 15.484], "texture": "#1"}
			}
		},
		{
			"from": [1, 0.5, 4],
			"to": [3, 13.5, 4.5],
			"faces": {
				"east": {"uv": [11.984, 2.516, 11.516, 15.484], "texture": "#1"},
				"west": {"uv": [11.984, 2.516, 11.516, 15.484], "texture": "#1"}
			}
		},
		{
			"from": [1, 2, 8],
			"to": [3, 13.5, 8.5],
			"faces": {
				"east": {"uv": [7.984, 2.516, 7.516, 13.984], "texture": "#1"},
				"west": {"uv": [7.984, 2.516, 7.516, 13.984], "texture": "#1"}
			}
		},
		{
			"from": [0, 9, 12],
			"to": [4, 9.5, 12.5],
			"faces": {
				"north": {"uv": [3.984, 6.516, 3.516, 6.984], "texture": "#1"},
				"east": {"uv": [3.984, 6.516, 3.516, 6.984], "texture": "#1"},
				"west": {"uv": [3.984, 6.516, 3.516, 6.984], "texture": "#1"},
				"up": {"uv": [3.516, 6.984, 3.984, 6.516], "texture": "#1"},
				"down": {"uv": [3.516, 6.984, 3.984, 6.516], "texture": "#1"}
			}
		},
		{
			"from": [0, 0, 5.5],
			"to": [4, 0.5, 6],
			"faces": {
				"north": {"uv": [5.516, 15.516, 5.984, 15.984], "texture": "#1"},
				"east": {"uv": [5.516, 15.516, 5.984, 15.984], "texture": "#1"},
				"south": {"uv": [5.516, 15.516, 5.984, 15.984], "texture": "#1"},
				"west": {"uv": [5.516, 15.516, 5.984, 15.984], "texture": "#1"},
				"up": {"uv": [5.516, 15.516, 5.984, 15.984], "texture": "#1"}
			}
		},
		{
			"from": [0, 0, 10],
			"to": [4, 0.5, 10.5],
			"faces": {
				"north": {"uv": [10.016, 15.516, 10.484, 15.984], "texture": "#1"},
				"east": {"uv": [10.016, 15.516, 10.484, 15.984], "texture": "#1"},
				"south": {"uv": [10.016, 15.516, 10.484, 15.984], "texture": "#1"},
				"west": {"uv": [10.016, 15.516, 10.484, 15.984], "texture": "#1"},
				"up": {"uv": [10.016, 15.516, 10.484, 15.984], "texture": "#1"}
			}
		},
		{
			"from": [0, 1.5, 6.5],
			"to": [4, 2, 9.5],
			"faces": {
				"north": {"uv": [6.516, 14.016, 6.984, 14.484], "texture": "#1"},
				"east": {"uv": [6.516, 14.016, 9.484, 14.484], "texture": "#1"},
				"south": {"uv": [9.016, 14.016, 9.484, 14.484], "texture": "#1"},
				"west": {"uv": [6.516, 14.016, 9.484, 14.484], "texture": "#1"},
				"up": {"uv": [6.516, 14.016, 9.484, 14.484], "rotation": 90, "texture": "#1"},
				"down": {"uv": [6.516, 14.016, 9.484, 14.484], "rotation": 90, "texture": "#1"}
			}
		},
		{
			"from": [0, 0, 7],
			"to": [4, 1.5, 9],
			"faces": {
				"north": {"uv": [0.016, 0.016, 3.984, 1.484], "texture": "#1"},
				"east": {"uv": [7.016, 14.516, 8.984, 15.984], "texture": "#1"},
				"south": {"uv": [0.016, 0.016, 3.984, 1.484], "texture": "#1"},
				"west": {"uv": [7.016, 14.516, 8.984, 15.984], "texture": "#1"}
			}
		},
		{
			"from": [0, 0, 3.5],
			"to": [4, 0.5, 5],
			"faces": {
				"north": {"uv": [3.516, 15.516, 3.984, 15.984], "texture": "#1"},
				"east": {"uv": [3.516, 15.516, 4.984, 15.984], "texture": "#1"},
				"south": {"uv": [4.516, 15.516, 4.984, 15.984], "texture": "#1"},
				"west": {"uv": [3.516, 15.516, 4.984, 15.984], "texture": "#1"},
				"up": {"uv": [3.516, 15.516, 4.984, 15.984], "rotation": 90, "texture": "#1"}
			}
		},
		{
			"from": [0, 0, 11],
			"to": [4, 0.5, 12.5],
			"faces": {
				"north": {"uv": [0.016, 0.016, 3.984, 0.484], "texture": "#1"},
				"east": {"uv": [3.516, 15.516, 4.984, 15.984], "texture": "#1"},
				"south": {"uv": [0.016, 0.016, 3.984, 0.484], "texture": "#1"},
				"west": {"uv": [11.016, 15.516, 12.484, 15.984], "texture": "#1"},
				"up": {"uv": [3.516, 15.516, 4.984, 15.984], "rotation": 90, "texture": "#1"}
			}
		},
		{
			"from": [0, 8, 15],
			"to": [4, 10.5, 16],
			"faces": {
				"north": {"uv": [0.984, 5.516, 0.516, 7.984], "texture": "#1"},
				"east": {"uv": [0.016, 5.516, 0.984, 7.984], "texture": "#1"},
				"south": {"uv": [15.984, 5.516, 12.016, 7.984], "texture": "#1"},
				"west": {"uv": [0.984, 5.516, 0.016, 7.984], "texture": "#1"},
				"up": {"uv": [0.016, 5.984, 0.984, 5.516], "rotation": 90, "texture": "#1"},
				"down": {"uv": [0.016, 7.984, 0.984, 7.516], "rotation": 90, "texture": "#1"}
			}
		},
		{
			"from": [0, 8.5, 12.5],
			"to": [4, 10, 15.01],
			"faces": {
				"north": {"uv": [2.984, 6.016, 2.516, 7.484], "texture": "#1"},
				"east": {"uv": [1.016, 6.016, 3.484, 7.484], "texture": "#1"},
				"west": {"uv": [3.484, 6.016, 1.016, 7.484], "texture": "#1"},
				"up": {"uv": [1.016, 6.484, 3.484, 6.016], "texture": "#1"},
				"down": {"uv": [1.016, 7.484, 3.484, 7.016], "texture": "#1"}
			}
		}
	]
}