{
	"credit": "Made by SyndiShanX",
	"textures": {
		"1": "block/heavy_core",
		"particle": "block/heavy_core",
		"handle": "item/mace_handle"
	},
	"elements": [
		{
			"name": "Head",
			"from": [4, 12, 4],
			"to": [12, 20, 12],
			"rotation": {"angle": 0, "axis": "y", "origin": [0, 12, 0]},
			"faces": {
				"north": {"uv": [8, 0, 16, 8], "texture": "#handle"},
				"east": {"uv": [8, 0, 16, 8], "texture": "#handle"},
				"south": {"uv": [8, 0, 16, 8], "texture": "#handle"},
				"west": {"uv": [0, 8, 8, 16], "texture": "#handle"},
				"up": {"uv": [8, 8, 16, 16], "texture": "#handle"},
				"down": {"uv": [8, 0, 16, 8], "texture": "#1"}
			}
		},
		{
			"name": "Handle",
			"from": [7, 20, 7],
			"to": [9, 21, 9],
			"rotation": {"angle": 0, "axis": "y", "origin": [7, 20.5, 7]},
			"faces": {
				"north": {"uv": [3, 6.5, 5, 7.5], "texture": "#handle"},
				"east": {"uv": [3, 6.5, 5, 7.5], "texture": "#handle"},
				"south": {"uv": [3, 6.5, 5, 7.5], "texture": "#handle"},
				"west": {"uv": [3, 6.5, 5, 7.5], "texture": "#handle"},
				"up": {"uv": [0, 5.5, 2, 7.5], "texture": "#handle"}
			}
		},
		{
			"name": "Handle",
			"from": [7, 2.5, 7],
			"to": [9, 7, 9],
			"rotation": {"angle": 0, "axis": "y", "origin": [7, 2.5, 7]},
			"faces": {
				"north": {"uv": [0, 0, 2, 4.5], "texture": "#handle"},
				"east": {"uv": [0, 0, 2, 4.5], "texture": "#handle"},
				"south": {"uv": [0, 0, 2, 4.5], "texture": "#handle"},
				"west": {"uv": [0, 0, 2, 4.5], "texture": "#handle"}
			}
		},
		{
			"name": "Handle",
			"from": [7, 7, 7],
			"to": [9, 12, 9],
			"rotation": {"angle": 0, "axis": "y", "origin": [7, 7, 7]},
			"faces": {
				"north": {"uv": [0, 0, 2, 5], "texture": "#handle"},
				"east": {"uv": [0, 0, 2, 5], "texture": "#handle"},
				"south": {"uv": [0, 0, 2, 5], "texture": "#handle"},
				"west": {"uv": [0, 0, 2, 5], "texture": "#handle"}
			}
		},
		{
			"name": "Pommel",
			"from": [6.5, 0, 6.5],
			"to": [9.5, 2.5, 9.5],
			"rotation": {"angle": 0, "axis": "y", "origin": [6.5, 0, 6.5]},
			"faces": {
				"north": {"uv": [2.5, 0, 5.5, 2.5], "texture": "#handle"},
				"east": {"uv": [2.5, 0, 5.5, 2.5], "texture": "#handle"},
				"south": {"uv": [2.5, 0, 5.5, 2.5], "texture": "#handle"},
				"west": {"uv": [2.5, 0, 5.5, 2.5], "texture": "#handle"},
				"up": {"uv": [2.5, 3, 5.5, 6], "texture": "#handle"},
				"down": {"uv": [2.5, 3, 5.5, 6], "texture": "#handle"}
			}
		}
	],
	"gui_light": "front",
	"display": {
		"thirdperson_righthand": {
			"rotation": [15, 110, -15],
			"translation": [-0.25, 0.75, 2],
			"scale": [0.85, 0.85, 0.85]
		},
		"thirdperson_lefthand": {
			"rotation": [15, 110, -15],
			"translation": [-0.25, 0.75, 2],
			"scale": [0.85, 0.85, 0.85]
		},
		"firstperson_righthand": {
			"rotation": [7.5, 5, 0],
			"translation": [0, 0.75, 0],
			"scale": [0.75, 0.75, 0.75]
		},
		"firstperson_lefthand": {
			"rotation": [7.5, -175, 0],
			"translation": [0, 0.75, 0],
			"scale": [0.75, 0.75, 0.75]
		},
		"ground": {
			"translation": [0, 2, 0],
			"scale": [0.5, 0.5, 0.5]
		},
		"gui": {
			"rotation": [30, 35, -40],
			"translation": [-0.5, -1.75, 0],
			"scale": [0.75, 0.75, 0.75]
		},
		"fixed": {
			"rotation": [0, 180, -25],
			"translation": [0.5, -1.25, 0],
			"scale": [0.75, 0.75, 0.75]
		}
	}
}