{
	"credit": "Made by CCCode, updated by SyndiShanX",
	"multipart": [
    { "when": { "OR": [
        { "north": "none", "east": "none", "south": "none", "west": "none" },
        { "north": "low", "east": "none", "south": "none", "west": "none" },
        { "north": "tall", "east": "none", "south": "none", "west": "none" },
        { "north": "none", "east": "low", "south": "none", "west": "none" },
        { "north": "none", "east": "tall", "south": "none", "west": "none" },
        { "north": "none", "east": "none", "south": "low", "west": "none" },
        { "north": "none", "east": "none", "south": "tall", "west": "none" },
        { "north": "none", "east": "none", "south": "none", "west": "low" },
        { "north": "none", "east": "none", "south": "none", "west": "tall" },
        { "north": "low", "east": "low", "south": "none", "west": "none" },
        { "north": "tall", "east": "tall", "south": "none", "west": "none" },
        { "north": "none", "east": "low", "south": "low", "west": "none" },
        { "north": "none", "east": "tall", "south": "tall", "west": "none" },
        { "north": "none", "east": "none", "south": "low", "west": "low" },
        { "north": "none", "east": "none", "south": "tall", "west": "tall" },
        { "north": "low", "east": "none", "south": "none", "west": "low" },
        { "north": "tall", "east": "none", "south": "none", "west": "tall" },
        { "north": "low", "east": "low", "south": "low", "west": "none" },
        { "north": "tall", "east": "tall", "south": "tall", "west": "none" },
        { "north": "low", "east": "low", "south": "none", "west": "low" },
        { "north": "tall", "east": "tall", "south": "none", "west": "tall" },
        { "north": "low", "east": "none", "south": "low", "west": "low" },
        { "north": "tall", "east": "none", "south": "tall", "west": "tall" },
        { "north": "none", "east": "low", "south": "low", "west": "low" },
        { "north": "none", "east": "tall", "south": "tall", "west": "tall" },
        { "north": "low", "east": "low", "south": "low", "west": "low" },
        { "north": "tall", "east": "tall", "south": "tall", "west": "tall" },
        { "north": "tall", "east": "low", "south": "low", "west": "low" },
        { "north": "tall", "east": "tall", "south": "low", "west": "low" },
        { "north": "tall", "east": "low", "south": "tall", "west": "tall" },
        { "north": "tall", "east": "low", "south": "low", "west": "tall" },
        { "north": "tall", "east": "low", "south": "tall", "west": "low" },
        { "north": "tall", "east": "low", "south": "tall", "west": "tall" },
        { "north": "tall", "east": "tall", "south": "low", "west": "tall" },
        { "north": "tall", "east": "tall", "south": "tall", "west": "low" },
        { "north": "tall", "east": "low", "south": "low", "west": "none" },
        { "north": "tall", "east": "low", "south": "none", "west": "low" },
        { "north": "tall", "east": "none", "south": "low", "west": "low" },
        { "north": "tall", "east": "low", "south": "none", "west": "none" },
        { "north": "tall", "east": "none", "south": "none", "west": "low" },
				{ "north": "low", "east": "tall", "south": "low", "west": "low" },
        { "north": "tall", "east": "tall", "south": "low", "west": "low" },
        { "north": "low", "east": "tall", "south": "tall", "west": "tall" },
        { "north": "low", "east": "tall", "south": "low", "west": "tall" },
        { "north": "low", "east": "tall", "south": "tall", "west": "low" },
        { "north": "low", "east": "tall", "south": "tall", "west": "tall" },
        { "north": "tall", "east": "tall", "south": "low", "west": "tall" },
        { "north": "tall", "east": "tall", "south": "tall", "west": "low" },
				{ "north": "low", "east": "tall", "south": "low", "west": "none" },
        { "north": "low", "east": "tall", "south": "none", "west": "low" },
        { "north": "none", "east": "tall", "south": "low", "west": "low" },
        { "north": "low", "east": "tall", "south": "none", "west": "none" },
        { "north": "none", "east": "tall", "south": "low", "west": "none" },
				{ "north": "low", "east": "low", "south": "tall", "west": "low" },
        { "north": "tall", "east": "tall", "south": "tall", "west": "low" },
        { "north": "low", "east": "low", "south": "tall", "west": "tall" },
        { "north": "low", "east": "low", "south": "tall", "west": "tall" },
        { "north": "low", "east": "low", "south": "tall", "west": "low" },
        { "north": "low", "east": "low", "south": "tall", "west": "tall" },
        { "north": "tall", "east": "tall", "south": "tall", "west": "tall" },
        { "north": "tall", "east": "tall", "south": "tall", "west": "low" },
				{ "north": "low", "east": "low", "south": "tall", "west": "none" },
        { "north": "none", "east": "low", "south": "tall", "west": "low" },
        { "north": "low", "east": "none", "south": "tall", "west": "low" },
        { "north": "none", "east": "low", "south": "tall", "west": "none" },
        { "north": "none", "east": "none", "south": "tall", "west": "low" },
				{ "north": "low", "east": "low", "south": "low", "west": "tall" },
        { "north": "tall", "east": "tall", "south": "low", "west": "tall" },
        { "north": "low", "east": "low", "south": "tall", "west": "tall" },
        { "north": "low", "east": "low", "south": "low", "west": "tall" },
        { "north": "low", "east": "low", "south": "tall", "west": "tall" },
        { "north": "low", "east": "low", "south": "tall", "west": "tall" },
        { "north": "tall", "east": "tall", "south": "low", "west": "tall" },
        { "north": "tall", "east": "tall", "south": "tall", "west": "tall" },
				{ "north": "none", "east": "low", "south": "low", "west": "tall" },
        { "north": "low", "east": "low", "south": "none", "west": "tall" },
        { "north": "low", "east": "none", "south": "low", "west": "tall" },
        { "north": "none", "east": "none", "south": "low", "west": "tall" },
        { "north": "low", "east": "none", "south": "none", "west": "tall" },
				{ "north": "none", "east": "low", "south": "tall", "west": "tall" },
				{ "north": "none", "east": "tall", "south": "low", "west": "tall" },
				{ "north": "tall", "east": "none", "south": "low", "west": "tall" },
				{ "north": "tall", "east": "none", "south": "tall", "west": "low" },
				{ "north": "tall", "east": "low", "south": "none", "west": "tall" },
				{ "north": "low", "east": "tall", "south": "none", "west": "tall" },
				{ "north": "tall", "east": "low", "south": "tall", "west": "none" },
				{ "north": "tall", "east": "tall", "south": "low", "west": "none" },
				{ "north": "none", "east": "tall", "south": "tall", "west": "low" },
        { "north": "low", "east": "none", "south": "tall", "west": "tall" },
				{ "north": "tall", "east": "tall", "south": "none", "west": "low" },
				{ "north": "low", "east": "tall", "south": "tall", "west": "none" }
      ]},
      "apply": [
        { "model": "block/walls/granite/granite_wall_post" },
        { "model": "block/walls/granite/granite_wall_post", "y": 90 },
        { "model": "block/walls/granite/granite_wall_post", "y": 180 },
        { "model": "block/walls/granite/granite_wall_post", "y": 270 }
      ]
    },
    { "when": { "OR": [
				{ "north": "low", "east": "none", "south": "low", "west": "none" },
				{ "north": "tall", "east": "none", "south": "low", "west": "none" },
				{ "north": "low", "east": "none", "south": "tall", "west": "none" },
				{ "north": "tall", "east": "none", "south": "tall", "west": "none" }
		]},
      "apply": { "model": "block/walls/granite/granite_wall_railing" }
    },
    { "when": { "OR": [
				{ "north": "none", "east": "low", "south": "none", "west": "low" },
				{ "north": "none", "east": "tall", "south": "none", "west": "low" },
				{ "north": "none", "east": "low", "south": "none", "west": "tall" },
				{ "north": "none", "east": "tall", "south": "none", "west": "tall" }
		]},
      "apply": { "model": "block/walls/granite/granite_wall_railing", "y": 90 }
    },
    { "when": { "OR": [
        { "north": "low", "east": "none", "south": "none", "west": "none" },
        { "north": "tall", "east": "none", "south": "none", "west": "none" },
        { "north": "low", "east": "low" },
        { "north": "tall", "east": "low" },
        { "north": "low", "east": "tall" },
        { "north": "tall", "east": "tall" },
        { "north": "low", "west": "low" },
        { "north": "tall", "west": "low" },
        { "north": "low", "west": "tall" },
        { "north": "tall", "west": "tall" }
      ]},
      "apply": { "model": "block/walls/granite/granite_wall_side" }
    },
    { "when": { "OR": [
        { "north": "none", "east": "low", "south": "none", "west": "none" },
        { "north": "none", "east": "tall", "south": "none", "west": "none" },
        { "east": "low", "north": "low" },
        { "east": "tall", "north": "low" },
        { "east": "low", "north": "tall" },
        { "east": "tall", "north": "tall" },
        { "east": "low", "south": "low" },
        { "east": "tall", "south": "low" },
        { "east": "low", "south": "tall" },
        { "east": "tall", "south": "tall" }
      ]},
      "apply": { "model": "block/walls/granite/granite_wall_side", "y": 90 }
    },
    { "when": { "OR": [
        { "north": "none", "east": "none", "south": "low", "west": "none" },
        { "north": "none", "east": "none", "south": "tall", "west": "none" },
        { "south": "low", "east": "low" },
        { "south": "tall", "east": "low" },
        { "south": "low", "east": "tall" },
        { "south": "tall", "east": "tall" },
        { "south": "low", "west": "low" },
        { "south": "tall", "west": "low" },
        { "south": "low", "west": "tall" },
        { "south": "tall", "west": "tall" }
      ]},
      "apply": { "model": "block/walls/granite/granite_wall_side", "y": 180 }
    },
    { "when": { "OR": [
        { "north": "none", "east": "none", "south": "none", "west": "low" },
        { "north": "none", "east": "none", "south": "none", "west": "tall" },
        { "west": "low", "north": "low" },
        { "west": "tall", "north": "low" },
        { "west": "low", "north": "tall" },
        { "west": "tall", "north": "tall" },
        { "west": "low", "south": "low" },
        { "west": "tall", "south": "low" },
        { "west": "low", "south": "tall" },
        { "west": "tall", "south": "tall" }
      ]},
      "apply": { "model": "block/walls/granite/granite_wall_side", "y": 270 }
    }
  ]
}