{
	"credit": "Made with Blockbench",
	"textures": {
		"0": "block/acacia_door_bottom",
		"1": "block/acacia_door_sides",
		"2": "block/acacia_door_top",
		"particle": "block/acacia_door_bottom"
	},
	"elements": [
		{
			"name": "lower_bracket",
			"from": [0.5, 6, 1],
			"to": [4.5, 7, 16.25],
			"faces": {
				"north": {"uv": [11, 9, 15, 10], "texture": "#0"},
				"east": {"uv": [0, 9, 15, 10], "texture": "#0"},
				"south": {"uv": [0.5, 9, 4.5, 10], "texture": "#0", "cullface": "north"},
				"west": {"uv": [0, 9, 15, 10], "texture": "#0"},
				"up": {"uv": [0.5, 9, 15, 10], "rotation": 270, "texture": "#0"},
				"down": {"uv": [0.5, 9, 15, 10], "rotation": 270, "texture": "#0"}
			}
		},
		{
			"name": "top_bracket",
			"from": [0.5, 25, 1],
			"to": [4.5, 26, 16.25],
			"faces": {
				"north": {"uv": [5.5, 6, 9.5, 7], "texture": "#2"},
				"east": {"uv": [0, 6, 14.75, 7], "texture": "#2"},
				"south": {"uv": [0, 6, 4, 7], "texture": "#2", "cullface": "north"},
				"west": {"uv": [0, 6, 14.75, 7], "texture": "#2"},
				"up": {"uv": [0, 6, 15, 6.75], "rotation": 270, "texture": "#2"},
				"down": {"uv": [0, 6, 15, 6.75], "rotation": 270, "texture": "#2"}
			}
		},
		{
			"name": "door_handle",
			"from": [0.75, 15.5, 1.5],
			"to": [4.25, 16.5, 5],
			"faces": {
				"north": {"uv": [11, 6, 14.5, 7], "rotation": 180, "texture": "#2"},
				"east": {"uv": [6, 6, 9.5, 7], "texture": "#2"},
				"south": {"uv": [0, 6, 3.5, 7], "rotation": 180, "texture": "#2"},
				"west": {"uv": [9, 6, 12.5, 7], "texture": "#2"},
				"up": {"uv": [0, 6, 3.5, 7], "rotation": 90, "texture": "#2", "cullface": "up"},
				"down": {"uv": [6.5, 6, 10, 7], "rotation": 270, "texture": "#2"}
			}
		},
		{
			"name": "door_top",
			"from": [1, 16, 0],
			"to": [4, 32, 16],
			"faces": {
				"north": {"uv": [6, 0, 9, 16], "texture": "#1"},
				"east": {"uv": [0, 0, 16, 16], "texture": "#2"},
				"south": {"uv": [6, 0, 9, 16], "texture": "#1"},
				"west": {"uv": [16, 0, 0, 16], "texture": "#2"},
				"up": {"uv": [0, 0, 3, 16], "rotation": 180, "texture": "#1"},
				"down": {"uv": [9, 0, 12, 16], "texture": "#1"}
			}
		},
		{
			"name": "door_bottom",
			"from": [1, 0, 0],
			"to": [4, 16, 16],
			"faces": {
				"north": {"uv": [3, 0, 6, 16], "texture": "#1"},
				"east": {"uv": [0, 0, 16, 16], "texture": "#0"},
				"south": {"uv": [3, 0, 6, 16], "texture": "#1"},
				"west": {"uv": [16, 0, 0, 16], "texture": "#0"},
				"up": {"uv": [0, 0, 3, 16], "rotation": 180, "texture": "#1"},
				"down": {"uv": [9, 0, 12, 16], "texture": "#1"}
			}
		}
	],
	"display": {
		"thirdperson_righthand": {
			"translation": [3, -8.75, 4],
			"scale": [0.7, 0.7, 0.7]
		},
		"thirdperson_lefthand": {
			"translation": [-6, -8.75, 4],
			"scale": [0.7, 0.7, 0.7]
		},
		"firstperson_righthand": {
			"rotation": [0, 45, 0],
			"scale": [0.4, 0.4, 0.4]
		},
		"firstperson_lefthand": {
			"rotation": [0, -135, 0],
			"scale": [0.4, 0.4, 0.4]
		},
		"ground": {
			"scale": [0.25, 0.25, 0.25]
		},
		"gui": {
			"rotation": [30, -135, 0],
			"translation": [-1, -3.75, 0],
			"scale": [0.45, 0.45, 0.45]
		},
		"head": {
			"rotation": [90, 90, 0],
			"translation": [0, 13, -8]
		},
		"fixed": {
			"rotation": [0, -90, 0],
			"translation": [0, -3.75, 0],
			"scale": [0.5, 0.5, 0.5]
		}
	}
}