{ "variants": {
    "type=bottom": [
      { "model": "minecraft:block/grimstone/slab/lower/0" },
      { "model": "minecraft:block/grimstone/slab/lower/1" },
      { "model": "minecraft:block/grimstone/slab/lower/2" },
      { "model": "minecraft:block/grimstone/slab/lower/3" }
    ],
    "type=double": [
      { "model": "minecraft:block/grimstone/0" },
      { "model": "minecraft:block/grimstone/1" },
      { "model": "minecraft:block/grimstone/2" },
      { "model": "minecraft:block/grimstone/3" }
    ],
    "type=top": [
      { "model": "minecraft:block/grimstone/slab/upper/0" },
      { "model": "minecraft:block/grimstone/slab/upper/1" },
      { "model": "minecraft:block/grimstone/slab/upper/2" },
      { "model": "minecraft:block/grimstone/slab/upper/3" }
    ]
  }
}