{
	"credit": "Made with Blockbench",
	"parent": "block/block",
	"texture_size": [64, 64],
	"textures": {
		"sandstone": "block/red_sandstone_wall",
		"particle": "block/red_sandstone"
	},
	"elements": [
		{
			"name": "tip6",
			"from": [5.01, 16, 5.01],
			"to": [10.99, 17, 10.99],
			"rotation": {"angle": 0, "axis": "y", "origin": [13, 24, 13]},
			"faces": {
				"north": {"uv": [3.758, 12.758, 6.742, 13.242], "texture": "#sandstone"},
				"east": {"uv": [3.758, 12.758, 6.742, 13.242], "texture": "#sandstone"},
				"south": {"uv": [3.758, 12.758, 6.742, 13.242], "texture": "#sandstone"},
				"west": {"uv": [3.758, 12.758, 6.742, 13.242], "texture": "#sandstone"},
				"up": {"uv": [3.758, 12.758, 6.742, 15.742], "texture": "#sandstone"},
				"down": {"uv": [3.758, 12.758, 6.742, 15.742], "texture": "#sandstone"}
			}
		},
		{
			"name": "tip5",
			"from": [5.5, 17, 5.5],
			"to": [10.5, 18, 10.5],
			"rotation": {"angle": 0, "axis": "y", "origin": [13, 25, 13]},
			"faces": {
				"north": {"uv": [4.008, 13.008, 6.492, 13.492], "texture": "#sandstone"},
				"east": {"uv": [4.008, 13.008, 6.492, 13.492], "texture": "#sandstone"},
				"south": {"uv": [4.008, 13.008, 6.492, 13.492], "texture": "#sandstone"},
				"west": {"uv": [4.008, 13.008, 6.492, 13.492], "texture": "#sandstone"},
				"up": {"uv": [4.008, 13.008, 6.492, 15.492], "texture": "#sandstone"},
				"down": {"uv": [4.008, 13.008, 6.492, 15.492], "texture": "#sandstone"}
			}
		},
		{
			"name": "tip4",
			"from": [6, 18, 6],
			"to": [10, 19, 10],
			"rotation": {"angle": 0, "axis": "y", "origin": [13, 26, 13]},
			"faces": {
				"north": {"uv": [4.258, 13.258, 6.242, 13.742], "texture": "#sandstone"},
				"east": {"uv": [4.258, 13.258, 6.242, 13.742], "texture": "#sandstone"},
				"south": {"uv": [4.258, 13.258, 6.242, 13.742], "texture": "#sandstone"},
				"west": {"uv": [4.258, 13.258, 6.242, 13.742], "texture": "#sandstone"},
				"up": {"uv": [4.258, 13.258, 6.242, 15.242], "texture": "#sandstone"},
				"down": {"uv": [4.258, 13.258, 6.242, 15.242], "texture": "#sandstone"}
			}
		},
		{
			"name": "tip3",
			"from": [6.5, 19, 6.5],
			"to": [9.5, 20, 9.5],
			"rotation": {"angle": 0, "axis": "y", "origin": [13, 27, 13]},
			"faces": {
				"north": {"uv": [4.508, 13.508, 5.992, 13.992], "texture": "#sandstone"},
				"east": {"uv": [4.508, 13.508, 5.992, 13.992], "texture": "#sandstone"},
				"south": {"uv": [4.508, 13.508, 5.992, 13.992], "texture": "#sandstone"},
				"west": {"uv": [4.508, 13.508, 5.992, 13.992], "texture": "#sandstone"},
				"up": {"uv": [4.508, 13.508, 5.992, 14.992], "texture": "#sandstone"},
				"down": {"uv": [4.508, 13.508, 5.992, 14.992], "texture": "#sandstone"}
			}
		},
		{
			"name": "tip2",
			"from": [7, 20, 7],
			"to": [9, 21, 9],
			"rotation": {"angle": 0, "axis": "y", "origin": [13, 28, 13]},
			"faces": {
				"north": {"uv": [4.758, 13.758, 5.742, 14.242], "texture": "#sandstone"},
				"east": {"uv": [4.758, 13.758, 5.742, 14.242], "texture": "#sandstone"},
				"south": {"uv": [4.758, 13.758, 5.742, 14.242], "texture": "#sandstone"},
				"west": {"uv": [4.758, 13.758, 5.742, 14.242], "texture": "#sandstone"},
				"up": {"uv": [4.758, 13.758, 5.742, 14.742], "texture": "#sandstone"},
				"down": {"uv": [4.758, 13.758, 5.742, 14.742], "texture": "#sandstone"}
			}
		},
		{
			"name": "tip1",
			"from": [7.5, 21, 7.5],
			"to": [8.5, 22, 8.5],
			"rotation": {"angle": 0, "axis": "y", "origin": [13, 29, 13]},
			"faces": {
				"north": {"uv": [5.008, 14.008, 5.492, 14.492], "texture": "#sandstone"},
				"east": {"uv": [5.008, 14.008, 5.492, 14.492], "texture": "#sandstone"},
				"south": {"uv": [5.008, 14.008, 5.492, 14.492], "texture": "#sandstone"},
				"west": {"uv": [5.008, 14.008, 5.492, 14.492], "texture": "#sandstone"},
				"up": {"uv": [5.008, 14.008, 5.492, 14.492], "texture": "#sandstone"},
				"down": {"uv": [5.008, 14.008, 5.492, 14.492], "texture": "#sandstone"}
			}
		},
		{
			"name": "main",
			"from": [4.5, 0, 4.5],
			"to": [11.5, 16, 11.5],
			"rotation": {"angle": 0, "axis": "y", "origin": [9, 8, 8]},
			"faces": {
				"north": {"uv": [0.008, 8.008, 3.492, 15.992], "texture": "#sandstone"},
				"east": {"uv": [0.008, 8.008, 3.492, 15.992], "texture": "#sandstone"},
				"south": {"uv": [0.008, 8.008, 3.492, 15.992], "texture": "#sandstone"},
				"west": {"uv": [0.008, 8.008, 3.492, 15.992], "texture": "#sandstone"},
				"up": {"uv": [3.508, 12.508, 6.992, 15.992], "texture": "#sandstone"},
				"down": {"uv": [3.508, 12.508, 6.992, 15.992], "texture": "#sandstone"}
			}
		}
	],
	"groups": [
		{
			"name": "sandstone_wall_post",
			"origin": [8, 8, 8],
			"children": [
				{
					"name": "post",
					"origin": [8, 8, 8],
					"children": [
						{
							"name": "tip",
							"origin": [8, 8, 8],
							"children": [0, 1, 2, 3, 4, 5]
						}, 6]
				}
			]
		}
	]
}