{
	"credit": "Made with Blockbench",
	"textures": {
		"1_1": "blocks/fence_dark_oak",
		"particle": "blocks/fence_dark_oak"
	},
	"elements": [
		{
			"name": "cube",
			"from": [0, 0, 6],
			"to": [3, 12, 9],
			"faces": {
				"north": {
					"uv": [0, 4.5, 12, 7.5],
					"texture": "#1_1",
					"rotation": 90
				},
				"east": {
					"uv": [0, 4.5, 12, 7.5],
					"texture": "#1_1",
					"rotation": 90
				},
				"south": {
					"uv": [0, 4.5, 12, 7.5],
					"texture": "#1_1",
					"rotation": 90
				},
				"west": {
					"uv": [0, 4.5, 12, 7.5],
					"texture": "#1_1",
					"rotation": 90
				},
				"up": {
					"uv": [12.5, 4.5, 15.5, 7.5],
					"texture": "#1_1",
					"rotation": 90
				},
				"down": {
					"uv": [12.5, 4.5, 15.5, 7.5],
					"texture": "#1_1",
					"rotation": 90
				}
			},
			"_loading": false,
			"type": "cube"
		},
		{
			"name": "cube",
			"from": [2, 9.5, 7],
			"to": [8, 11, 8.5],
			"faces": {
				"north": {
					"uv": [8.968, 11.032, 1.032, 12.968],
					"texture": "#1_1"
				},
				"east": {
					"uv": [7.968, 0.032, 0.032, 1.968],
					"texture": "#1_1"
				},
				"south": {
					"uv": [9.468, 11.532, 3.532, 12.968],
					"texture": "#1_1"
				},
				"west": {
					"uv": [2.468, 1.032, 0.532, 2.968],
					"texture": "#1_1"
				},
				"up": {
					"uv": [2.032, 2.468, 9.968, 0.532],
					"texture": "#1_1"
				},
				"down": {
					"uv": [2.532, 2.468, 10.468, 0.532],
					"texture": "#1_1",
					"rotation": 180
				}
			},
			"rotation": {
				"origin": [0, 8, 7.5],
				"axis": "z",
				"angle": -45
			},
			"type": "cube"
		},
		{
			"name": "cube",
			"from": [3, 2.5, 6.99],
			"to": [13, 4.5, 8.51],
			"faces": {
				"north": {
					"uv": [10.968, 8.032, 1.032, 9.968],
					"texture": "#1_1"
				},
				"east": {
					"uv": [2.468, 0.532, 0.532, 3.468],
					"texture": "#1_1"
				},
				"south": {
					"uv": [10.968, 8.032, 1.032, 9.968],
					"texture": "#1_1"
				},
				"west": {
					"uv": [2.468, 0.532, 0.532, 3.468],
					"texture": "#1_1"
				},
				"up": {
					"uv": [10.032, 2.968, 15.968, 1.032],
					"texture": "#1_1"
				},
				"down": {
					"uv": [2.032, 6.968, 7.968, 5.032],
					"texture": "#1_1",
					"rotation": 180
				}
			},
			"type": "cube"
		},
		{
			"name": "cube",
			"from": [3, 8, 6.99],
			"to": [13, 10, 8.51],
			"faces": {
				"north": {
					"uv": [10.468, 8.032, 0.532, 9.968],
					"texture": "#1_1"
				},
				"east": {
					"uv": [2.468, 0.532, 0.532, 3.468],
					"texture": "#1_1"
				},
				"south": {
					"uv": [10.968, 8.032, 1.032, 9.968],
					"texture": "#1_1"
				},
				"west": {
					"uv": [2.468, 0.532, 0.532, 3.468],
					"texture": "#1_1"
				},
				"up": {
					"uv": [5.032, 6.968, 10.968, 5.032],
					"texture": "#1_1"
				},
				"down": {
					"uv": [2.532, 2.968, 8.468, 1.032],
					"texture": "#1_1",
					"rotation": 180
				}
			},
			"type": "cube"
		},
		{
			"name": "cube",
			"from": [8, 9.5, 7],
			"to": [14, 11, 8.5],
			"faces": {
				"north": {
					"uv": [9.468, 11.532, 3.532, 12.968],
					"texture": "#1_1"
				},
				"east": {
					"uv": [2.468, 1.032, 0.532, 2.968],
					"texture": "#1_1"
				},
				"south": {
					"uv": [8.968, 11.032, 1.032, 12.968],
					"texture": "#1_1"
				},
				"west": {
					"uv": [7.968, 0.032, 0.032, 1.968],
					"texture": "#1_1"
				},
				"up": {
					"uv": [2.032, 2.468, 9.968, 0.532],
					"texture": "#1_1",
					"rotation": 180
				},
				"down": {
					"uv": [2.532, 2.468, 10.468, 0.532],
					"texture": "#1_1"
				}
			},
			"rotation": {
				"origin": [16, 8, 8],
				"axis": "z",
				"angle": 45
			},
			"type": "cube"
		},
		{
			"name": "cube",
			"from": [13, 0, 6],
			"to": [16, 12, 9],
			"faces": {
				"north": {
					"uv": [0, 4.5, 12, 7.5],
					"texture": "#1_1",
					"rotation": 90
				},
				"east": {
					"uv": [0, 4.5, 12, 7.5],
					"texture": "#1_1",
					"rotation": 90
				},
				"south": {
					"uv": [0, 4.5, 12, 7.5],
					"texture": "#1_1",
					"rotation": 90
				},
				"west": {
					"uv": [0, 4.5, 12, 7.5],
					"texture": "#1_1",
					"rotation": 90
				},
				"up": {
					"uv": [12.5, 4.5, 15.5, 7.5],
					"texture": "#1_1",
					"rotation": 90
				},
				"down": {
					"uv": [12.5, 4.5, 15.5, 7.5],
					"texture": "#1_1",
					"rotation": 90
				}
			},
			"type": "cube"
		}
	],
	"groups": [
		0,
		{
			"name": "dark_oak_fence_post",
			"isOpen": true,
			"display": {"visibility": true, "autouv": true},
			"children": [1, 2, 3, 4]
		},
		5
	],
	"display": {
		"thirdperson_righthand": {
			"scale": [0.375, 0.375, 0.375],
			"rotation": [75, 45, 0],
			"translation": [0, 2.5, 0]
		},
		"thirdperson_lefthand": {
			"scale": [0.375, 0.375, 0.375],
			"rotation": [75, 45, 0],
			"translation": [0, 2.5, 0]
		},
		"firstperson_righthand": {
			"scale": [0.68, 0.68, 0.68],
			"rotation": [0, -90, 25],
			"translation": [1.13, 3.2, 0]
		},
		"firstperson_lefthand": {
			"scale": [0.68, 0.68, 0.68],
			"rotation": [0, -90, 25],
			"translation": [1.13, 3.2, 0]
		},
		"ground": {
			"scale": [0.3, 0.3, 0.3],
			"rotation": [0, 0, 0],
			"translation": [0, 3, 0]
		},
		"gui": {
			"scale": [0.625, 0.625, 0.625],
			"rotation": [30, 225, 0],
			"translation": [0, 0, 0]
		}
	}
}