{
	"credit": "Made with Blockbench",
	"textures": {
		"1": "blocks/fence_dark_oak",
		"particle": "blocks/fence_dark_oak"
	},
	"elements": [
		{
			"name": "cube",
			"from": [6, 0, 6],
			"to": [10, 16, 10],
			"faces": {
				"north": {
					"uv": [0.032, 0.032, 15.968, 3.968],
					"texture": "#1",
					"rotation": 90
				},
				"east": {
					"uv": [
						0.031875014305114746,
						0.031875228881835936,
						15.967499709129333,
						3.966875457763672
					],
					"texture": "#1",
					"rotation": 90
				},
				"south": {
					"uv": [
						0.031875014305114746,
						0.031875228881835936,
						15.967499709129333,
						3.966875457763672
					],
					"texture": "#1",
					"rotation": 90
				},
				"west": {
					"uv": [
						0.031875014305114746,
						0.031875228881835936,
						15.967499709129333,
						3.966875457763672
					],
					"texture": "#1",
					"rotation": 90
				},
				"up": {
					"uv": [
						12.032,
						4.032,
						15.935625076293945,
						7.935625076293945
					],
					"texture": "#1",
					"cullface": "up",
					"rotation": 90
				},
				"down": {
					"uv": [
						12.032,
						4.032,
						15.935625076293945,
						7.935625076293945
					],
					"texture": "#1",
					"cullface": "up",
					"rotation": 90
				}
			},
			"type": "cube"
		}
	]
}