{
	"credit": "Made with Blockbench",
	"textures": {
		"1_1": "blocks/fence_dark_oak",
		"particle": "blocks/fence_dark_oak"
	},
	"elements": [
		{
			"name": "cube",
			"from": [8, 3, 7],
			"to": [14, 6, 9],
			"faces": {
				"north": {
					"uv": [6.032, 4.532, 11.968, 7.468],
					"texture": "#1_1"
				},
				"east": {
					"uv": [1.032, 8.032, 8.968, 9.968],
					"texture": "#1_1"
				},
				"south": {
					"uv": [0.032, 4.532, 5.968, 7.468],
					"texture": "#1_1"
				},
				"west": {
					"uv": [1.032, 8.032, 8.968, 9.968],
					"texture": "#1_1"
				},
				"up": {
					"uv": [2.032, 5.032, 9.968, 6.968],
					"texture": "#1_1"
				},
				"down": {
					"uv": [4.032, 5.032, 11.968, 6.968],
					"texture": "#1_1",
					"rotation": 180
				}
			},
			"type": "cube"
		},
		{
			"name": "cube",
			"from": [0, 2, 7],
			"to": [2, 15, 9],
			"faces": {
				"north": {
					"uv": [0.032, 11.032, 12.968, 12.968],
					"texture": "#1_1",
					"rotation": 90
				},
				"east": {
					"uv": [0.032, 11.032, 12.968, 12.968],
					"texture": "#1_1",
					"rotation": 90
				},
				"south": {
					"uv": [0.032, 11.032, 12.968, 12.968],
					"texture": "#1_1",
					"rotation": 90
				},
				"west": {
					"uv": [0.032, 11.032, 12.968, 12.968],
					"texture": "#1_1",
					"rotation": 90
				},
				"up": {
					"uv": [13.032, 8.032, 14.968, 9.968],
					"texture": "#1_1",
					"rotation": 90
				},
				"down": {
					"uv": [13.032, 8.032, 14.968, 9.968],
					"texture": "#1_1",
					"rotation": 270
				}
			},
			"type": "cube"
		},
		{
			"name": "cube",
			"from": [14, 2, 7],
			"to": [16, 15, 9],
			"faces": {
				"north": {
					"uv": [0.032, 11.032, 12.968, 12.968],
					"texture": "#1_1",
					"rotation": 90
				},
				"east": {
					"uv": [0.032, 11.032, 12.968, 12.968],
					"texture": "#1_1",
					"rotation": 90
				},
				"south": {
					"uv": [0.032, 11.032, 12.968, 12.968],
					"texture": "#1_1",
					"rotation": 90
				},
				"west": {
					"uv": [0.032, 11.032, 12.968, 12.968],
					"texture": "#1_1",
					"rotation": 90
				},
				"up": {
					"uv": [13.032, 8.032, 14.968, 9.968],
					"texture": "#1_1",
					"rotation": 90
				},
				"down": {
					"uv": [13.032, 8.032, 14.968, 9.968],
					"texture": "#1_1",
					"rotation": 270
				}
			},
			"type": "cube"
		},
		{
			"name": "cube",
			"from": [8, 11, 7],
			"to": [14, 14, 9],
			"faces": {
				"north": {
					"uv": [6.032, 4.532, 11.968, 7.468],
					"texture": "#1_1"
				},
				"east": {
					"uv": [1.032, 9.968, 8.968, 8.032],
					"texture": "#1_1"
				},
				"south": {
					"uv": [0.032, 4.532, 5.968, 7.468],
					"texture": "#1_1"
				},
				"west": {
					"uv": [1.032, 9.968, 8.968, 8.032],
					"texture": "#1_1"
				},
				"up": {
					"uv": [0.032, 6.968, 7.968, 5.032],
					"texture": "#1_1"
				},
				"down": {
					"uv": [4.032, 6.968, 11.968, 5.032],
					"texture": "#1_1",
					"rotation": 180
				}
			},
			"type": "cube"
		},
		{
			"name": "cube",
			"from": [5.5, 1, 7.01],
			"to": [8, 9.5, 8.99],
			"faces": {
				"north": {
					"uv": [0.032, 1.032, 8.468, 3.468],
					"texture": "#1_1",
					"rotation": 90
				},
				"east": {
					"uv": [2.532, 6.968, 10.468, 5.032],
					"texture": "#1_1",
					"rotation": 90
				},
				"south": {
					"uv": [0.032, 3.468, 7.968, 1.532],
					"texture": "#1_1",
					"rotation": 90
				},
				"west": {
					"uv": [3.532, 6.968, 11.468, 5.032],
					"texture": "#1_1",
					"rotation": 90
				},
				"up": {
					"uv": [1.032, 9.968, 8.968, 8.032],
					"texture": "#1_1",
					"rotation": 180
				},
				"down": {
					"uv": [1.032, 9.968, 8.968, 8.032],
					"texture": "#1_1"
				}
			},
			"rotation": {
				"origin": [2, 3.5, 8.01],
				"axis": "z",
				"angle": 45
			},
			"type": "cube"
		},
		{
			"name": "cube",
			"from": [8, 1, 7.01],
			"to": [10.5, 9.5, 8.99],
			"faces": {
				"north": {
					"uv": [0.032, 3.468, 7.968, 1.532],
					"texture": "#1_1",
					"rotation": 90
				},
				"east": {
					"uv": [1.032, 6.968, 8.968, 5.032],
					"texture": "#1_1",
					"rotation": 90
				},
				"south": {
					"uv": [0.032, 1.032, 8.468, 3.468],
					"texture": "#1_1",
					"rotation": 90
				},
				"west": {
					"uv": [1.532, 6.968, 9.468, 5.032],
					"texture": "#1_1",
					"rotation": 90
				},
				"up": {
					"uv": [1.032, 9.968, 8.968, 8.032],
					"texture": "#1_1",
					"rotation": 180
				},
				"down": {
					"uv": [1.032, 9.968, 8.968, 8.032],
					"texture": "#1_1"
				}
			},
			"rotation": {
				"origin": [14, 3.5, 8.01],
				"axis": "z",
				"angle": -45
			},
			"type": "cube"
		},
		{
			"name": "cube",
			"from": [2, 11, 7],
			"to": [8, 14, 9],
			"faces": {
				"north": {
					"uv": [0.032, 4.532, 5.968, 7.468],
					"texture": "#1_1"
				},
				"east": {
					"uv": [1.032, 9.968, 8.968, 8.032],
					"texture": "#1_1"
				},
				"south": {
					"uv": [6.032, 4.532, 11.968, 7.468],
					"texture": "#1_1"
				},
				"west": {
					"uv": [1.032, 9.968, 8.968, 8.032],
					"texture": "#1_1"
				},
				"up": {
					"uv": [4.032, 6.968, 11.968, 5.032],
					"texture": "#1_1"
				},
				"down": {
					"uv": [0.032, 6.968, 7.968, 5.032],
					"texture": "#1_1",
					"rotation": 180
				}
			},
			"type": "cube"
		},
		{
			"name": "cube",
			"from": [2, 3, 7],
			"to": [8, 6, 9],
			"faces": {
				"north": {
					"uv": [0.032, 4.532, 5.968, 7.468],
					"texture": "#1_1"
				},
				"east": {
					"uv": [1.032, 8.032, 8.968, 9.968],
					"texture": "#1_1"
				},
				"south": {
					"uv": [6.032, 4.532, 11.968, 7.468],
					"texture": "#1_1"
				},
				"west": {
					"uv": [1.032, 8.032, 8.968, 9.968],
					"texture": "#1_1"
				},
				"up": {
					"uv": [1.532, 5.032, 9.468, 6.968],
					"texture": "#1_1"
				},
				"down": {
					"uv": [0.032, 5.032, 7.968, 6.968],
					"texture": "#1_1",
					"rotation": 180
				}
			},
			"type": "cube"
		}
	],
	"groups": [
		0,
		1,
		{
			"name": "dark_oak_fence_side",
			"isOpen": true,
			"display": {"visibility": true, "autouv": true},
			"children": []
		},
		2,
		3,
		4,
		5,
		6,
		7
	],
	"display": {
		"thirdperson_righthand": {
			"scale": [0.375, 0.375, 0.375],
			"rotation": [75, 45, 0],
			"translation": [0, 2.5, 0]
		},
		"thirdperson_lefthand": {
			"scale": [0.375, 0.375, 0.375],
			"rotation": [75, 45, 0],
			"translation": [0, 2.5, 0]
		},
		"firstperson_righthand": {
			"scale": [0.5, 0.5, 0.5],
			"rotation": [0, -90, 25],
			"translation": [1.13, 3.2, 0]
		},
		"firstperson_lefthand": {
			"scale": [0.5, 0.5, 0.5],
			"rotation": [0, -90, 25],
			"translation": [1.13, 3.2, 0]
		},
		"ground": {
			"scale": [0.3, 0.3, 0.3],
			"rotation": [0, 0, 0],
			"translation": [0, 3, 0]
		},
		"gui": {
			"scale": [0.625, 0.625, 0.625],
			"rotation": [30, 225, 0],
			"translation": [0, 0, 0]
		}
	}
}