{
	"credit": "Made with Blockbench",
	"textures": {
		"1": "blocks/fence_dark_oak",
		"particle": "blocks/fence_dark_oak"
	},
	"elements": [
		{
			"name": "cube",
			"from": [7, 12, 0],
			"to": [9, 14, 8],
			"faces": {
				"north": {
					"uv": [0.032, 0.032, 7.968, 1.968],
					"texture": "#1"
				},
				"east": {
					"uv": [1.032, 11.032, 8.968, 12.968],
					"texture": "#1"
				},
				"south": {
					"uv": [0.532, 1.032, 2.468, 2.968],
					"texture": "#1"
				},
				"west": {
					"uv": [1.532, 11.032, 9.468, 12.968],
					"texture": "#1"
				},
				"up": {
					"uv": [2.032, 0.532, 9.968, 2.468],
					"texture": "#1",
					"rotation": 270
				},
				"down": {
					"uv": [2.532, 0.532, 10.468, 2.468],
					"texture": "#1",
					"rotation": 270
				}
			},
			"rotation": {
				"origin": [8, 10.5, 10],
				"axis": "x",
				"angle": -45
			},
			"type": "cube"
		},
		{
			"name": "cube",
			"from": [6.99, 3, 0],
			"to": [9.01, 6, 6],
			"faces": {
				"north": {
					"uv": [0.532, 0.532, 2.468, 3.468],
					"texture": "#1"
				},
				"east": {
					"uv": [4.532, 4.532, 10.468, 7.468],
					"texture": "#1"
				},
				"south": {
					"uv": [0.532, 0.532, 2.468, 3.468],
					"texture": "#1"
				},
				"west": {
					"uv": [2.532, 4.532, 8.468, 7.468],
					"texture": "#1"
				},
				"up": {
					"uv": [10.032, 1.032, 15.968, 2.968],
					"texture": "#1",
					"rotation": 270
				},
				"down": {
					"uv": [2.032, 5.032, 7.968, 6.968],
					"texture": "#1",
					"rotation": 270
				}
			},
			"type": "cube"
		},
		{
			"name": "cube",
			"from": [6.99, 11, 0],
			"to": [9.01, 14, 6],
			"faces": {
				"north": {
					"uv": [0.532, 0.532, 2.468, 3.468],
					"texture": "#1"
				},
				"east": {
					"uv": [4.532, 4.532, 10.468, 7.468],
					"texture": "#1"
				},
				"south": {
					"uv": [0.532, 0.532, 2.468, 3.468],
					"texture": "#1"
				},
				"west": {
					"uv": [2.532, 4.532, 8.468, 7.468],
					"texture": "#1"
				},
				"up": {
					"uv": [5.032, 5.032, 10.968, 6.968],
					"texture": "#1",
					"rotation": 270
				},
				"down": {
					"uv": [2.532, 1.032, 8.468, 2.968],
					"texture": "#1",
					"rotation": 270
				}
			},
			"type": "cube"
		}
	]
}