{
	"credit": "Made with Blockbench",
	"textures": {
		"1_1": "blocks/fence_dark_oak",
		"particle": "blocks/fence_dark_oak"
	},
	"elements": [
		{
			"name": "cube",
			"from": [0, 2, 7],
			"to": [2, 15, 9],
			"faces": {
				"north": {
					"uv": [0.032, 11.032, 12.968, 12.968],
					"texture": "#1_1",
					"rotation": 90
				},
				"east": {
					"uv": [0.032, 11.032, 12.968, 12.968],
					"texture": "#1_1",
					"rotation": 90
				},
				"south": {
					"uv": [0.032, 11.032, 12.968, 12.968],
					"texture": "#1_1",
					"rotation": 90
				},
				"west": {
					"uv": [0.032, 11.032, 12.968, 12.968],
					"texture": "#1_1",
					"rotation": 90
				},
				"up": {
					"uv": [13.032, 8.032, 14.968, 9.968],
					"texture": "#1_1",
					"rotation": 90
				},
				"down": {
					"uv": [13.032, 8.032, 14.968, 9.968],
					"texture": "#1_1",
					"rotation": 270
				}
			},
			"type": "cube"
		},
		{
			"name": "cube",
			"from": [14, 2, 7],
			"to": [16, 15, 9],
			"faces": {
				"north": {
					"uv": [0.032, 11.032, 12.968, 12.968],
					"texture": "#1_1",
					"rotation": 90
				},
				"east": {
					"uv": [0.032, 11.032, 12.968, 12.968],
					"texture": "#1_1",
					"rotation": 90
				},
				"south": {
					"uv": [0.032, 11.032, 12.968, 12.968],
					"texture": "#1_1",
					"rotation": 90
				},
				"west": {
					"uv": [0.032, 11.032, 12.968, 12.968],
					"texture": "#1_1",
					"rotation": 90
				},
				"up": {
					"uv": [13.032, 8.032, 14.968, 9.968],
					"texture": "#1_1",
					"rotation": 90
				},
				"down": {
					"uv": [13.032, 8.032, 14.968, 9.968],
					"texture": "#1_1",
					"rotation": 270
				}
			},
			"type": "cube"
		},
		{
			"name": "cube",
			"from": [0, 3, 9],
			"to": [2, 6, 15],
			"faces": {
				"north": {
					"uv": [1.032, 9.968, 8.968, 8.032],
					"texture": "#1_1"
				},
				"east": {
					"uv": [0.032, 4.532, 5.968, 7.468],
					"texture": "#1_1"
				},
				"south": {
					"uv": [9.032, 4.532, 10.968, 7.468],
					"texture": "#1_1"
				},
				"west": {
					"uv": [6.032, 4.532, 11.968, 7.468],
					"texture": "#1_1"
				},
				"up": {
					"uv": [1.532, 6.968, 9.468, 5.032],
					"texture": "#1_1",
					"rotation": 90
				},
				"down": {
					"uv": [0.032, 5.032, 5.968, 6.968],
					"texture": "#1_1",
					"rotation": 90
				}
			},
			"type": "cube"
		},
		{
			"name": "cube",
			"from": [0.009999999999999787, 1, 12.5],
			"to": [1.9900000000000002, 9.5, 15],
			"faces": {
				"north": {
					"uv": [0.032, 5.032, 8.480000305175782, 6.968],
					"texture": "#1_1",
					"rotation": 90
				},
				"east": {
					"uv": [0.032, 1.032, 8.468, 3.468],
					"texture": "#1_1",
					"rotation": 90
				},
				"south": {
					"uv": [1.032, 6.968, 8.968, 5.032],
					"texture": "#1_1",
					"rotation": 90
				},
				"west": {
					"uv": [0.032, 3.468, 7.968, 1.532],
					"texture": "#1_1",
					"rotation": 90
				},
				"up": {
					"uv": [1.032, 9.968, 8.968, 8.032],
					"texture": "#1_1",
					"rotation": 270
				},
				"down": {
					"uv": [1.032, 9.968, 8.968, 8.032],
					"texture": "#1_1",
					"rotation": 270
				}
			},
			"rotation": {
				"origin": [0.9900000000000002, 3.5, 9],
				"axis": "x",
				"angle": -45
			},
			"type": "cube"
		},
		{
			"name": "cube",
			"from": [14.01, 1, 12.5],
			"to": [15.99, 9.5, 15],
			"faces": {
				"north": {
					"uv": [0.032, 8.032, 8.480000305175782, 9.968],
					"texture": "#1_1",
					"rotation": 90
				},
				"east": {
					"uv": [0.032, 1.032, 8.468, 3.468],
					"texture": "#1_1",
					"rotation": 90
				},
				"south": {
					"uv": [1.532, 6.968, 9.468, 5.032],
					"texture": "#1_1",
					"rotation": 90
				},
				"west": {
					"uv": [0.032, 3.468, 7.968, 1.532],
					"texture": "#1_1",
					"rotation": 90
				},
				"up": {
					"uv": [1.032, 9.968, 8.968, 8.032],
					"texture": "#1_1",
					"rotation": 90
				},
				"down": {
					"uv": [1.032, 9.968, 8.968, 8.032],
					"texture": "#1_1",
					"rotation": 90
				}
			},
			"rotation": {
				"origin": [15.01, 3.5, 9],
				"axis": "x",
				"angle": -45
			},
			"type": "cube"
		},
		{
			"name": "cube",
			"from": [14, 11, 9],
			"to": [16, 14, 15],
			"faces": {
				"north": {
					"uv": [1.032, 9.968, 8.968, 8.032],
					"texture": "#1_1"
				},
				"east": {
					"uv": [0.032, 4.532, 5.968, 7.468],
					"texture": "#1_1"
				},
				"south": {
					"uv": [5.532, 4.532, 7.468, 7.468],
					"texture": "#1_1"
				},
				"west": {
					"uv": [0.032, 4.532, 11.468, 7.468],
					"texture": "#1_1"
				},
				"up": {
					"uv": [4.032, 6.968, 11.968, 5.032],
					"texture": "#1_1",
					"rotation": 90
				},
				"down": {
					"uv": [0.032, 5.032, 5.968, 6.968],
					"texture": "#1_1",
					"rotation": 90
				}
			},
			"type": "cube"
		},
		{
			"name": "cube",
			"from": [0, 11, 9],
			"to": [2, 14, 15],
			"faces": {
				"north": {
					"uv": [1.032, 9.968, 8.968, 8.032],
					"texture": "#1_1"
				},
				"east": {
					"uv": [0.032, 4.532, 5.968, 7.468],
					"texture": "#1_1"
				},
				"south": {
					"uv": [9.532, 4.532, 11.468, 7.468],
					"texture": "#1_1"
				},
				"west": {
					"uv": [6.032, 4.532, 11.968, 7.468],
					"texture": "#1_1"
				},
				"up": {
					"uv": [4.032, 6.968, 11.968, 5.032],
					"texture": "#1_1",
					"rotation": 90
				},
				"down": {
					"uv": [0.032, 5.032, 5.968, 6.968],
					"texture": "#1_1",
					"rotation": 90
				}
			},
			"type": "cube"
		},
		{
			"name": "cube",
			"from": [14, 3, 9],
			"to": [16, 6, 15],
			"faces": {
				"north": {
					"uv": [1.032, 9.968, 8.968, 8.032],
					"texture": "#1_1"
				},
				"east": {
					"uv": [0.032, 4.532, 5.968, 7.468],
					"texture": "#1_1"
				},
				"south": {
					"uv": [9.032, 4.532, 10.968, 7.468],
					"texture": "#1_1"
				},
				"west": {
					"uv": [6.032, 4.532, 11.968, 7.468],
					"texture": "#1_1"
				},
				"up": {
					"uv": [1.532, 6.968, 9.468, 5.032],
					"texture": "#1_1",
					"rotation": 90
				},
				"down": {
					"uv": [0.032, 5.032, 5.968, 6.968],
					"texture": "#1_1",
					"rotation": 90
				}
			},
			"type": "cube"
		}
	],
	"groups": [
		0,
		{
			"name": "dark_oak_fence_side",
			"isOpen": true,
			"display": {"visibility": true, "autouv": true},
			"children": []
		},
		1,
		2,
		3,
		4,
		5,
		6,
		7
	]
}