{
	"credit": "Made by iiKraze",
	"parent": "block/candle_one_candle",
	"textures": {
		"all": "block/orange_candle"
	},
	"display": {
		"thirdperson_righthand": {
			"translation": [0, 7, 0]
		},
		"thirdperson_lefthand": {
			"translation": [0, 7, 0]
		},
		"firstperson_righthand": {
			"translation": [2.25, 6.75, -0.25]
		},
		"firstperson_lefthand": {
			"translation": [2.25, 6.75, -0.25]
		},
		"ground": {
			"translation": [0, 6, 0]
		},
		"gui": {
			"rotation": [0, -65, -25],
			"translation": [1.75, 8.75, 0],
			"scale": [2, 2, 2]
		},
		"head": {
			"translation": [0, 14.25, 0]
		},
		"fixed": {
			"translation": [0, 9, 0],
			"scale": [2, 2, 2]
		}
	}
}