{
	"credit": "Made with Blockbench",
	"textures": {
		"0": "block/doors/iron_door_rim",
		"1": "block/doors/iron_door_bottom",
		"particle": "block/doors/iron_door_rim"
	},
	"elements": [
		{
			"from": [0, 2, 0],
			"to": [3, 16, 2],
			"faces": {
				"north": {"uv": [7.468, 0.032, 4.532, 13.968], "texture": "#0"},
				"east": {"uv": [14.032, 0.032, 15.968, 13.968], "texture": "#1"},
				"south": {"uv": [14.032, 0.032, 14.468, 13.968], "texture": "#1"},
				"west": {"uv": [0.032, 0.032, 1.968, 13.968], "texture": "#1"}
			}
		},
		{
			"from": [0, 0, 0],
			"to": [3, 2, 16],
			"faces": {
				"north": {"uv": [7.468, 14, 4.532, 15.968], "texture": "#0"},
				"east": {"uv": [0.032, 14, 15.968, 15.968], "texture": "#1"},
				"south": {"uv": [4.532, 14, 7.468, 15.968], "texture": "#0"},
				"west": {"uv": [0.032, 14.032, 15.968, 15.968], "texture": "#1"},
				"up": {"uv": [0.016, 13.984, 15.984, 13.516], "rotation": 90, "texture": "#1"},
				"down": {"uv": [0.032, 0.032, 2.968, 15.968], "texture": "#0"}
			}
		},
		{
			"from": [0, 2, 14],
			"to": [3, 16, 16],
			"faces": {
				"north": {"uv": [1.532, 0.032, 1.968, 13.968], "texture": "#1"},
				"east": {"uv": [0.032, 0.032, 1.968, 13.968], "texture": "#1"},
				"south": {"uv": [4.532, 0.032, 7.468, 13.968], "texture": "#0"},
				"west": {"uv": [14.032, 0.032, 15.968, 13.968], "texture": "#1"}
			}
		},
		{
			"from": [0.5, 2, 2],
			"to": [2.5, 16, 14],
			"faces": {
				"east": {"uv": [2.032, 0.032, 13.968, 13.968], "texture": "#1"},
				"west": {"uv": [2.032, 0.032, 13.957, 13.968], "texture": "#1"}
			}
		},
		{
			"from": [0, 12.5, 2],
			"to": [3, 14, 14],
			"faces": {
				"east": {"uv": [2.032, 2, 13.968, 3.468], "texture": "#1"},
				"west": {"uv": [2.032, 2, 13.968, 3.468], "texture": "#1"},
				"up": {"uv": [2.032, 1.5, 13.968, 1.968], "rotation": 90, "texture": "#1"},
				"down": {"uv": [2.032, 3, 13.968, 3.468], "rotation": 90, "texture": "#1"}
			}
		},
		{
			"from": [0, 12, 5.5],
			"to": [3, 14.5125, 6.0125],
			"faces": {
				"north": {"uv": [6.532, 1.5, 9.468, 3.968], "texture": "#1"},
				"east": {"uv": [10.032, 1.5, 10.48375, 3.98375], "texture": "#1"},
				"south": {"uv": [5.032, 1.5, 5.48375, 3.98375], "texture": "#1"},
				"west": {"uv": [5.532, 1.5, 6.032, 4], "texture": "#1"},
				"up": {"uv": [5.532, 0.016, 5.984, 0.468], "texture": "#1"},
				"down": {"uv": [2.032, 3.5, 4.968, 3.968], "texture": "#1"}
			}
		},
		{
			"from": [0, 10.5, 6.5],
			"to": [3, 11, 9.5],
			"faces": {
				"north": {"uv": [6.532, 3.532, 6.984, 3.984], "texture": "#1"},
				"east": {"uv": [6.532, 5, 9.468, 5.48375], "texture": "#1"},
				"south": {"uv": [9.016, 3.532, 9.468, 3.984], "texture": "#1"},
				"west": {"uv": [6.532, 5, 9.468, 5.468], "texture": "#1"},
				"up": {"uv": [6.532, 5, 9.468, 5.48375], "rotation": 90, "texture": "#1"},
				"down": {"uv": [6.532, 5, 9.468, 5.48375], "rotation": 90, "texture": "#1"}
			}
		},
		{
			"from": [0, 12, 10],
			"to": [3, 14.5, 10.5],
			"faces": {
				"north": {"uv": [10.532, 1.5, 10.968, 3.968], "texture": "#1"},
				"east": {"uv": [5.532, 1.5, 5.98375, 3.98375], "texture": "#1"},
				"south": {"uv": [6.532, 1.5, 9.468, 3.968], "texture": "#1"},
				"west": {"uv": [10.032, 1.5, 10.468, 3.968], "texture": "#1"},
				"up": {"uv": [5.532, 0.016, 5.984, 0.468], "texture": "#1"},
				"down": {"uv": [2.032, 3.5, 4.968, 3.968], "texture": "#1"}
			}
		},
		{
			"from": [0, 11, 7],
			"to": [3, 16, 9],
			"faces": {
				"north": {"uv": [6.532, 0.032, 9.468, 4.968], "texture": "#1"},
				"east": {"uv": [7.032, 0.032, 8.968, 4.968], "texture": "#1"},
				"south": {"uv": [6.532, 0.032, 9.468, 4.968], "texture": "#1"},
				"west": {"uv": [7.032, 0.032, 8.968, 4.968], "texture": "#1"}
			}
		},
		{
			"from": [0, 2, 7.5],
			"to": [3, 10.5, 8.5],
			"faces": {
				"north": {"uv": [9.032, 5.5, 9.468, 13.968], "texture": "#1"},
				"east": {"uv": [7.532, 5.5, 8.468, 13.968], "texture": "#1"},
				"south": {"uv": [6.532, 5.5, 6.968, 13.968], "texture": "#1"},
				"west": {"uv": [7.532, 5.5, 8.468, 13.968], "texture": "#1"}
			}
		},
		{
			"from": [0, 2, 2],
			"to": [3, 2.5, 3],
			"faces": {
				"east": {"uv": [13.032, 13.5, 13.968, 13.968], "texture": "#1"},
				"south": {"uv": [9.532, 13.5, 12.468, 13.968], "texture": "#1"},
				"west": {"uv": [2.032, 13.5, 2.968, 13.968], "texture": "#1"},
				"up": {"uv": [9.532, 13.5, 12.468, 13.968], "texture": "#1"}
			}
		},
		{
			"from": [0, 2, 7],
			"to": [3, 2.5, 9],
			"faces": {
				"north": {"uv": [9.532, 13.5, 12.468, 13.968], "texture": "#1"},
				"east": {"uv": [7.032, 13.5, 8.968, 13.968], "texture": "#1"},
				"south": {"uv": [9.532, 13.5, 12.468, 13.968], "texture": "#1"},
				"west": {"uv": [7.032, 13.5, 8.968, 13.968], "texture": "#1"},
				"up": {"uv": [7.032, 10.5, 8.968, 13.468], "texture": "#1"}
			}
		},
		{
			"from": [0, 2, 13],
			"to": [3, 2.5, 14],
			"faces": {
				"north": {"uv": [9.532, 13.5, 12.468, 13.968], "texture": "#1"},
				"east": {"uv": [2.032, 13.5, 2.968, 13.968], "texture": "#1"},
				"west": {"uv": [13.032, 13.5, 13.968, 13.968], "texture": "#1"},
				"up": {"uv": [9.532, 13.5, 12.468, 13.968], "texture": "#1"}
			}
		},
		{
			"from": [0, 2.5, 13.5],
			"to": [3, 3, 14],
			"faces": {
				"north": {"uv": [9.532, 13.5, 12.468, 13.968], "texture": "#1"},
				"east": {"uv": [2.032, 13, 2.468, 13.468], "texture": "#1"},
				"west": {"uv": [13.532, 13, 13.968, 13.468], "texture": "#1"},
				"up": {"uv": [9.532, 13.5, 12.468, 13.968], "texture": "#1"}
			}
		},
		{
			"from": [0, 2.5, 2],
			"to": [3, 3, 2.5],
			"faces": {
				"east": {"uv": [13.532, 13, 13.968, 13.468], "texture": "#1"},
				"south": {"uv": [9.532, 13.5, 12.468, 13.968], "texture": "#1"},
				"west": {"uv": [2.032, 13, 2.468, 13.468], "texture": "#1"},
				"up": {"uv": [9.532, 13.5, 12.468, 13.968], "texture": "#1"}
			}
		},
		{
			"from": [0, 6.5, 2],
			"to": [3, 8, 3.5],
			"faces": {
				"east": {"uv": [12.532, 8, 13.968, 9.468], "texture": "#1"},
				"south": {"uv": [3.032, 8, 3.468, 9.468], "texture": "#1"},
				"west": {"uv": [2.032, 8, 3.468, 9.468], "texture": "#1"},
				"up": {"uv": [2.032, 8, 3.468, 8.468], "rotation": 90, "texture": "#1"},
				"down": {"uv": [2.032, 9, 3.468, 9.468], "rotation": 270, "texture": "#1"}
			}
		},
		{
			"from": [0, 6.5, 12.5],
			"to": [3, 8, 14],
			"faces": {
				"north": {"uv": [12.532, 8, 12.968, 9.468], "texture": "#1"},
				"east": {"uv": [2.032, 8, 3.468, 9.468], "texture": "#1"},
				"west": {"uv": [12.532, 8, 13.968, 9.468], "texture": "#1"},
				"up": {"uv": [12.532, 8, 13.968, 8.468], "rotation": 90, "texture": "#1"},
				"down": {"uv": [12.532, 9, 13.968, 9.468], "texture": "#1"}
			}
		},
		{
			"from": [1.75, 3.5, 4],
			"to": [2.75, 7, 4.5],
			"faces": {
				"north": {"uv": [11.5, 9, 12, 12.5], "texture": "#1"},
				"east": {"uv": [11.5, 9, 12, 12.5], "texture": "#1"},
				"south": {"uv": [11.5, 9, 12, 12.5], "texture": "#1"},
				"west": {"uv": [11.5, 9, 12, 12.5], "texture": "#1"},
				"up": {"uv": [11.5, 9, 12, 12.5], "texture": "#1"},
				"down": {"uv": [11.5, 9, 12, 12.5], "texture": "#1"}
			}
		},
		{
			"from": [1.75, 3.5, 6],
			"to": [2.75, 7, 6.5],
			"faces": {
				"north": {"uv": [9.5, 9, 10, 12.5], "texture": "#1"},
				"east": {"uv": [9.5, 9, 10, 12.5], "texture": "#1"},
				"south": {"uv": [9.5, 9, 10, 12.5], "texture": "#1"},
				"west": {"uv": [9.5, 9, 10, 12.5], "texture": "#1"},
				"up": {"uv": [9.5, 9, 10, 12.5], "texture": "#1"},
				"down": {"uv": [9.5, 9, 10, 12.5], "texture": "#1"}
			}
		},
		{
			"from": [1.75, 7, 4.5],
			"to": [2.75, 7.5, 6],
			"faces": {
				"north": {"uv": [10, 8.5, 11.5, 9], "texture": "#1"},
				"east": {"uv": [10, 8.5, 11.5, 9], "texture": "#1"},
				"south": {"uv": [10, 8.5, 11.5, 9], "texture": "#1"},
				"west": {"uv": [10, 8.5, 11.5, 9], "texture": "#1"},
				"up": {"uv": [10, 8.5, 11.5, 9], "texture": "#1"},
				"down": {"uv": [10, 8.5, 11.5, 9], "texture": "#1"}
			}
		},
		{
			"from": [1.75, 3, 4.5],
			"to": [2.75, 3.5, 6],
			"faces": {
				"north": {"uv": [10, 8.5, 11.5, 9], "texture": "#1"},
				"east": {"uv": [10, 8.5, 11.5, 9], "texture": "#1"},
				"south": {"uv": [10, 8.5, 11.5, 9], "texture": "#1"},
				"west": {"uv": [10, 8.5, 11.5, 9], "texture": "#1"},
				"up": {"uv": [10, 8.5, 11.5, 9], "texture": "#1"},
				"down": {"uv": [10, 8.5, 11.5, 9], "texture": "#1"}
			}
		},
		{
			"from": [1.75, 2.5, 9.5],
			"to": [2.75, 11, 10],
			"faces": {
				"north": {"uv": [9.5, 9, 10, 12.5], "texture": "#1"},
				"east": {"uv": [6, 6, 6.5, 13], "texture": "#1"},
				"south": {"uv": [9.5, 9, 10, 12.5], "texture": "#1"},
				"west": {"uv": [9.5, 9, 10, 12.5], "texture": "#1"},
				"up": {"uv": [9.5, 9, 10, 12.5], "texture": "#1"},
				"down": {"uv": [9.5, 9, 10, 12.5], "texture": "#1"}
			}
		},
		{
			"from": [1.75, 2.5, 12],
			"to": [2.75, 11, 12.5],
			"faces": {
				"north": {"uv": [9.5, 9, 10, 12.5], "texture": "#1"},
				"east": {"uv": [6, 6, 6.5, 13], "texture": "#1"},
				"south": {"uv": [9.5, 9, 10, 12.5], "texture": "#1"},
				"west": {"uv": [9.5, 9, 10, 12.5], "texture": "#1"},
				"up": {"uv": [9.5, 9, 10, 12.5], "texture": "#1"},
				"down": {"uv": [9.5, 9, 10, 12.5], "texture": "#1"}
			}
		},
		{
			"from": [1.75, 11, 10],
			"to": [2.75, 11.5, 12],
			"faces": {
				"north": {"uv": [4, 4.5, 6, 5], "texture": "#1"},
				"east": {"uv": [4, 4.5, 6, 5], "texture": "#1"},
				"south": {"uv": [4, 4.5, 6, 5], "texture": "#1"},
				"west": {"uv": [4, 4.5, 6, 5], "texture": "#1"},
				"up": {"uv": [4, 4.5, 6, 5], "texture": "#1"},
				"down": {"uv": [4, 4.5, 6, 5], "texture": "#1"}
			}
		},
		{
			"from": [1.75, 2, 10],
			"to": [2.75, 2.5, 12],
			"faces": {
				"north": {"uv": [4, 4.5, 6, 5], "texture": "#1"},
				"east": {"uv": [4, 4.5, 6, 5], "texture": "#1"},
				"south": {"uv": [4, 4.5, 6, 5], "texture": "#1"},
				"west": {"uv": [4, 4.5, 6, 5], "texture": "#1"},
				"up": {"uv": [4, 4.5, 6, 5], "texture": "#1"},
				"down": {"uv": [4, 4.5, 6, 5], "texture": "#1"}
			}
		},
		{
			"from": [0.25, 7, 10],
			"to": [1.25, 7.5, 11.5],
			"faces": {
				"north": {"uv": [10, 8.5, 11.5, 9], "texture": "#1"},
				"east": {"uv": [10, 8.5, 11.5, 9], "texture": "#1"},
				"south": {"uv": [10, 8.5, 11.5, 9], "texture": "#1"},
				"west": {"uv": [10, 8.5, 11.5, 9], "texture": "#1"},
				"up": {"uv": [10, 8.5, 11.5, 9], "texture": "#1"},
				"down": {"uv": [10, 8.5, 11.5, 9], "texture": "#1"}
			}
		},
		{
			"from": [0.25, 3.5, 9.5],
			"to": [1.25, 7, 10],
			"faces": {
				"north": {"uv": [11.5, 9, 12, 12.5], "texture": "#1"},
				"east": {"uv": [11.5, 9, 12, 12.5], "texture": "#1"},
				"south": {"uv": [11.5, 9, 12, 12.5], "texture": "#1"},
				"west": {"uv": [11.5, 9, 12, 12.5], "texture": "#1"},
				"up": {"uv": [11.5, 9, 12, 12.5], "texture": "#1"},
				"down": {"uv": [11.5, 9, 12, 12.5], "texture": "#1"}
			}
		},
		{
			"from": [0.25, 3, 10],
			"to": [1.25, 3.5, 11.5],
			"faces": {
				"north": {"uv": [10, 8.5, 11.5, 9], "texture": "#1"},
				"east": {"uv": [10, 8.5, 11.5, 9], "texture": "#1"},
				"south": {"uv": [10, 8.5, 11.5, 9], "texture": "#1"},
				"west": {"uv": [10, 8.5, 11.5, 9], "texture": "#1"},
				"up": {"uv": [10, 8.5, 11.5, 9], "texture": "#1"},
				"down": {"uv": [10, 8.5, 11.5, 9], "texture": "#1"}
			}
		},
		{
			"from": [0.25, 3.5, 11.5],
			"to": [1.25, 7, 12],
			"faces": {
				"north": {"uv": [9.5, 9, 10, 12.5], "texture": "#1"},
				"east": {"uv": [9.5, 9, 10, 12.5], "texture": "#1"},
				"south": {"uv": [9.5, 9, 10, 12.5], "texture": "#1"},
				"west": {"uv": [9.5, 9, 10, 12.5], "texture": "#1"},
				"up": {"uv": [9.5, 9, 10, 12.5], "texture": "#1"},
				"down": {"uv": [9.5, 9, 10, 12.5], "texture": "#1"}
			}
		},
		{
			"from": [0.25, 11, 4],
			"to": [1.25, 11.5, 6],
			"faces": {
				"north": {"uv": [4, 4.5, 6, 5], "texture": "#1"},
				"east": {"uv": [4, 4.5, 6, 5], "texture": "#1"},
				"south": {"uv": [4, 4.5, 6, 5], "texture": "#1"},
				"west": {"uv": [4, 4.5, 6, 5], "texture": "#1"},
				"up": {"uv": [4, 4.5, 6, 5], "texture": "#1"},
				"down": {"uv": [4, 4.5, 6, 5], "texture": "#1"}
			}
		},
		{
			"from": [0.25, 2.5, 3.5],
			"to": [1.25, 11, 4],
			"faces": {
				"north": {"uv": [9.5, 9, 10, 12.5], "texture": "#1"},
				"east": {"uv": [6, 6, 6.5, 13], "texture": "#1"},
				"south": {"uv": [9.5, 9, 10, 12.5], "texture": "#1"},
				"west": {"uv": [9.5, 9, 10, 12.5], "texture": "#1"},
				"up": {"uv": [9.5, 9, 10, 12.5], "texture": "#1"},
				"down": {"uv": [9.5, 9, 10, 12.5], "texture": "#1"}
			}
		},
		{
			"from": [0.25, 2, 4],
			"to": [1.25, 2.5, 6],
			"faces": {
				"north": {"uv": [4, 4.5, 6, 5], "texture": "#1"},
				"east": {"uv": [4, 4.5, 6, 5], "texture": "#1"},
				"south": {"uv": [4, 4.5, 6, 5], "texture": "#1"},
				"west": {"uv": [4, 4.5, 6, 5], "texture": "#1"},
				"up": {"uv": [4, 4.5, 6, 5], "texture": "#1"},
				"down": {"uv": [4, 4.5, 6, 5], "texture": "#1"}
			}
		},
		{
			"from": [0.25, 2.5, 6],
			"to": [1.25, 11, 6.5],
			"faces": {
				"north": {"uv": [9.5, 9, 10, 12.5], "texture": "#1"},
				"east": {"uv": [6, 6, 6.5, 13], "texture": "#1"},
				"south": {"uv": [9.5, 9, 10, 12.5], "texture": "#1"},
				"west": {"uv": [9.5, 9, 10, 12.5], "texture": "#1"},
				"up": {"uv": [9.5, 9, 10, 12.5], "texture": "#1"},
				"down": {"uv": [9.5, 9, 10, 12.5], "texture": "#1"}
			}
		}
	],
	"display": {}
}