{
	"credit": "Made with Blockbench",
	"parent": "diamond_axe",
	"textures": {
		"0": "item/diamond_axe",
		"particle": "item/diamond_axe"
	},
	"elements": [
		{
			"from": [6.75, 1.5, 18],
			"to": [8.75, 3, 20],
			"faces": {
				"north": {"uv": [0.5, 0.5, 2, 2], "texture": "#0"},
				"east": {"uv": [0.5, 0.5, 2, 2], "rotation": 90, "texture": "#0"},
				"south": {"uv": [0.5, 0.5, 2, 2], "rotation": 180, "texture": "#0"},
				"west": {"uv": [0.5, 0.5, 2, 2], "rotation": 270, "texture": "#0"},
				"up": {"uv": [0.5, 0.5, 2, 2], "texture": "#0"},
				"down": {"uv": [0.5, 0.5, 2, 2], "rotation": 180, "texture": "#0"}
			}
		},
		{
			"from": [6.25, 2, 17.75],
			"to": [9.25, 2.5, 20.25],
			"faces": {
				"north": {"uv": [0, 0, 2.5, 0.5], "texture": "#0"},
				"east": {"uv": [2, 0, 2.5, 2.5], "rotation": 90, "texture": "#0"},
				"south": {"uv": [0, 2, 2.5, 2.5], "rotation": 180, "texture": "#0"},
				"west": {"uv": [0, 0, 0.5, 2.5], "rotation": 270, "texture": "#0"},
				"up": {"uv": [0, 0, 2.5, 2.5], "texture": "#0"},
				"down": {"uv": [0, 0, 2.5, 2.5], "rotation": 180, "texture": "#0"}
			}
		},
		{
			"from": [7, 1.5, 9.5],
			"to": [8.5, 3, 17],
			"rotation": {"angle": 45, "axis": "z", "origin": [7.75, 2.25, 13.75]},
			"faces": {
				"north": {"uv": [2.5, 0.5, 4, 2], "texture": "#0"},
				"east": {"uv": [2.5, 0, 4, 8.5], "rotation": 90, "texture": "#0"},
				"south": {"uv": [2.5, 6.5, 4, 8], "rotation": 180, "texture": "#0"},
				"west": {"uv": [2.5, 0, 4, 8.5], "rotation": 270, "texture": "#0"},
				"up": {"uv": [2.5, 0, 4, 8.5], "texture": "#0"},
				"down": {"uv": [2.5, 0, 4, 8.5], "rotation": 180, "texture": "#0"}
			}
		},
		{
			"from": [6.5, 1, 6.5],
			"to": [9, 3.5, 8],
			"faces": {
				"north": {"uv": [5.5, 4.5, 8, 5], "rotation": 180, "texture": "#0"},
				"east": {"uv": [5.5, 4.5, 8, 6], "rotation": 90, "texture": "#0"},
				"south": {"uv": [5.5, 5.5, 8, 6], "rotation": 180, "texture": "#0"},
				"west": {"uv": [5.5, 4.5, 8, 6], "rotation": 270, "texture": "#0"},
				"up": {"uv": [5.5, 4.5, 8, 6], "texture": "#0"},
				"down": {"uv": [5.5, 4.5, 8, 6], "rotation": 180, "texture": "#0"}
			}
		},
		{
			"from": [8.5, 3, 4],
			"to": [10, 4.5, 7],
			"faces": {
				"north": {"uv": [8, 1.5, 9.5, 3], "rotation": 180, "texture": "#0"},
				"east": {"uv": [8, 1.5, 9.5, 4.5], "rotation": 90, "texture": "#0"},
				"south": {"uv": [8, 3, 9.5, 4.5], "texture": "#0"},
				"west": {"uv": [8, 1.5, 9.5, 4.5], "rotation": 270, "texture": "#0"},
				"up": {"uv": [8, 1.5, 9.5, 4.5], "texture": "#0"},
				"down": {"uv": [8, 1.5, 9.5, 4.5], "texture": "#0"}
			}
		},
		{
			"from": [8.5, 0, 4],
			"to": [10, 1.5, 7],
			"faces": {
				"north": {"uv": [8, 1.5, 9.5, 3], "rotation": 90, "texture": "#0"},
				"east": {"uv": [8, 1.5, 9.5, 4.5], "rotation": 270, "texture": "#0"},
				"south": {"uv": [8, 3, 9.5, 4.5], "texture": "#0"},
				"west": {"uv": [8, 1.5, 9.5, 4.5], "rotation": 90, "texture": "#0"},
				"up": {"uv": [8, 1.5, 9.5, 4.5], "texture": "#0"},
				"down": {"uv": [8, 1.5, 9.5, 4.5], "rotation": 180, "texture": "#0"}
			}
		},
		{
			"from": [5.5, 0, 4],
			"to": [7, 1.5, 7],
			"faces": {
				"north": {"uv": [8, 1.5, 9.5, 3], "texture": "#0"},
				"east": {"uv": [8, 1.5, 9.5, 4.5], "rotation": 270, "texture": "#0"},
				"south": {"uv": [8, 3, 9.5, 4.5], "texture": "#0"},
				"west": {"uv": [8, 1.5, 9.5, 4.5], "rotation": 270, "texture": "#0"},
				"up": {"uv": [8, 1.5, 9.5, 4.5], "texture": "#0"},
				"down": {"uv": [8, 1.5, 9.5, 4.5], "rotation": 180, "texture": "#0"}
			}
		},
		{
			"from": [5.5, 3, 4],
			"to": [7, 4.5, 7],
			"faces": {
				"north": {"uv": [8, 1.5, 9.5, 3], "rotation": 270, "texture": "#0"},
				"east": {"uv": [8, 1.5, 9.5, 4.5], "rotation": 90, "texture": "#0"},
				"south": {"uv": [8, 3, 9.5, 4.5], "rotation": 90, "texture": "#0"},
				"west": {"uv": [8, 1.5, 9.5, 4.5], "rotation": 270, "texture": "#0"},
				"up": {"uv": [8, 1.5, 9.5, 4.5], "texture": "#0"},
				"down": {"uv": [8, 1.5, 9.5, 4.5], "texture": "#0"}
			}
		},
		{
			"from": [6.5, 1, 3],
			"to": [9, 3.5, 4.5],
			"faces": {
				"north": {"uv": [5.5, 0.5, 8, 1], "rotation": 180, "texture": "#0"},
				"east": {"uv": [5.5, 0.5, 8, 2], "rotation": 90, "texture": "#0"},
				"south": {"uv": [5.5, 1.5, 8, 2], "rotation": 180, "texture": "#0"},
				"west": {"uv": [5.5, 0.5, 8, 2], "rotation": 90, "texture": "#0"},
				"up": {"uv": [5.5, 0.5, 8, 2], "texture": "#0"},
				"down": {"uv": [5.5, 0.5, 8, 2], "texture": "#0"}
			}
		},
		{
			"from": [4.5, 1.5, 1],
			"to": [11, 3, 3.5],
			"faces": {
				"north": {"uv": [1.5, 9.5, 7, 12], "texture": "#0"},
				"east": {"uv": [1.5, 9.5, 2, 12], "rotation": 90, "texture": "#0"},
				"south": {"uv": [1.5, 9.5, 7, 12], "texture": "#0"},
				"west": {"uv": [1.5, 9.5, 2, 12], "rotation": 90, "texture": "#0"},
				"up": {"uv": [1.5, 9.5, 7, 12], "texture": "#0"},
				"down": {"uv": [1.5, 9.5, 7, 12], "texture": "#0"}
			}
		},
		{
			"from": [4, 1.5, 1.5],
			"to": [4.5, 3, 3],
			"faces": {
				"north": {"uv": [1, 10, 1.5, 11.5], "texture": "#0"},
				"east": {"uv": [1, 10, 1.5, 11.5], "texture": "#0"},
				"south": {"uv": [1, 10, 1.5, 11.5], "texture": "#0"},
				"west": {"uv": [1, 10, 1.5, 11.5], "texture": "#0"},
				"up": {"uv": [1, 10, 1.5, 11.5], "texture": "#0"},
				"down": {"uv": [1, 10, 1.5, 11.5], "texture": "#0"}
			}
		},
		{
			"from": [11, 1.5, 1.5],
			"to": [11.5, 3, 3],
			"faces": {
				"north": {"uv": [1, 10, 1.5, 11.5], "texture": "#0"},
				"east": {"uv": [1, 10, 1.5, 11.5], "texture": "#0"},
				"south": {"uv": [1, 10, 1.5, 11.5], "texture": "#0"},
				"west": {"uv": [1, 10, 1.5, 11.5], "texture": "#0"},
				"up": {"uv": [1, 10, 1.5, 11.5], "texture": "#0"},
				"down": {"uv": [1, 10, 1.5, 11.5], "texture": "#0"}
			}
		},
		{
			"from": [7.5, 2, 6],
			"to": [8, 2.5, 6.5],
			"faces": {
				"north": {"uv": [4.5, 1, 5, 1.5], "texture": "#0"},
				"east": {"uv": [4.5, 1, 5, 1.5], "texture": "#0"},
				"south": {"uv": [4.5, 1, 5, 1.5], "texture": "#0"},
				"west": {"uv": [4.5, 1, 5, 1.5], "texture": "#0"},
				"up": {"uv": [4.5, 1, 5, 1.5], "texture": "#0"},
				"down": {"uv": [4.5, 1, 5, 1.5], "texture": "#0"}
			}
		},
		{
			"from": [7.5, 2, 4.5],
			"to": [8, 2.5, 5],
			"faces": {
				"north": {"uv": [4.5, 1, 5, 1.5], "texture": "#0"},
				"east": {"uv": [4.5, 1, 5, 1.5], "texture": "#0"},
				"south": {"uv": [4.5, 1, 5, 1.5], "texture": "#0"},
				"west": {"uv": [4.5, 1, 5, 1.5], "texture": "#0"},
				"up": {"uv": [4.5, 1, 5, 1.5], "texture": "#0"},
				"down": {"uv": [4.5, 1, 5, 1.5], "texture": "#0"}
			}
		},
		{
			"from": [7, 1.5, 4.75],
			"to": [8.5, 3, 6.25],
			"rotation": {"angle": 45, "axis": "z", "origin": [7.75, 2.25, 5.5]},
			"faces": {
				"north": {"uv": [0.5, 3, 2, 4.5], "texture": "#0"},
				"east": {"uv": [0.5, 3, 2, 4.5], "texture": "#0"},
				"south": {"uv": [0.5, 3, 2, 4.5], "texture": "#0"},
				"west": {"uv": [0.5, 3, 2, 4.5], "texture": "#0"},
				"up": {"uv": [0.5, 3, 2, 4.5], "texture": "#0"},
				"down": {"uv": [0.5, 3, 2, 4.5], "texture": "#0"}
			}
		},
		{
			"from": [11, 2, -1],
			"to": [14.5, 2.5, 6],
			"faces": {
				"north": {"uv": [8.5, 9.5, 11, 10], "rotation": 180, "texture": "#0"},
				"east": {"uv": [10.5, 9.5, 11, 14.5], "rotation": 90, "texture": "#0"},
				"south": {"uv": [8.5, 14, 11, 14.5], "texture": "#0"},
				"west": {"uv": [8.5, 9.5, 9, 14.5], "rotation": 270, "texture": "#0"},
				"up": {"uv": [8.5, 9.5, 11, 14.5], "texture": "#0"},
				"down": {"uv": [11, 9.5, 8.5, 14.5], "rotation": 180, "texture": "#0"}
			}
		},
		{
			"from": [10.48241, 2.05, -3.25018],
			"to": [13.98241, 2.45, 0.24982],
			"rotation": {"angle": 45, "axis": "y", "origin": [12.73241, 2.2, -1.00018]},
			"faces": {
				"north": {"uv": [8.5, 10, 11, 10.5], "rotation": 180, "texture": "#0"},
				"east": {"uv": [10.5, 9.5, 11, 14.5], "rotation": 90, "texture": "#0"},
				"south": {"uv": [8.5, 14, 11, 14.5], "texture": "#0"},
				"west": {"uv": [8.5, 10, 9, 14.5], "rotation": 270, "texture": "#0"},
				"up": {"uv": [8.5, 10, 11, 12.5], "texture": "#0"},
				"down": {"uv": [11, 10, 8.5, 12.5], "rotation": 180, "texture": "#0"}
			}
		},
		{
			"from": [9.52508, 2.1, -3.47527],
			"to": [12.02508, 2.4, -0.97527],
			"faces": {
				"north": {"uv": [10.5, 9.5, 11, 14.5], "rotation": 90, "texture": "#0"},
				"east": {"uv": [8.5, 14, 11, 14.5], "texture": "#0"},
				"south": {"uv": [8.5, 10, 9, 14.5], "rotation": 270, "texture": "#0"},
				"west": {"uv": [8.5, 10, 11, 10.5], "rotation": 180, "texture": "#0"},
				"up": {"uv": [6, 12, 8.5, 14.5], "rotation": 270, "texture": "#0"},
				"down": {"uv": [8.5, 12, 6, 14.5], "texture": "#0"}
			}
		},
		{
			"from": [11.07734, 2.05, 5.36871],
			"to": [14.32734, 2.45, 8.86871],
			"rotation": {"angle": -22.5, "axis": "y", "origin": [12.82734, 2.2, 6.11871]},
			"faces": {
				"north": {"uv": [8.5, 14, 11, 14.5], "rotation": 180, "texture": "#0"},
				"east": {"uv": [10.5, 9.5, 11, 14.5], "rotation": 270, "texture": "#0"},
				"south": {"uv": [8.5, 10, 11, 10.5], "texture": "#0"},
				"west": {"uv": [8.5, 10, 9, 14.5], "rotation": 90, "texture": "#0"},
				"up": {"uv": [11, 11.5, 8.5, 14], "rotation": 180, "texture": "#0"},
				"down": {"uv": [8.5, 11.5, 11, 14], "texture": "#0"}
			}
		},
		{
			"from": [11.12756, 2.1, 8.39469],
			"to": [14.12756, 2.4, 10.89469],
			"rotation": {"angle": -45, "axis": "y", "origin": [12.63237, 2.14258, 7.6473]},
			"faces": {
				"north": {"uv": [6, 12, 6.5, 14.5], "rotation": 90, "texture": "#0"},
				"east": {"uv": [6, 14, 8.5, 14.5], "rotation": 180, "texture": "#0"},
				"south": {"uv": [10.5, 9.5, 11, 14.5], "rotation": 270, "texture": "#0"},
				"west": {"uv": [6, 14, 8.5, 14.5], "texture": "#0"},
				"up": {"uv": [6, 12.5, 8.5, 14.5], "texture": "#0"},
				"down": {"uv": [8.5, 12.5, 6, 14.5], "rotation": 180, "texture": "#0"}
			}
		},
		{
			"from": [3.48875, 2.1, -3.47268],
			"to": [5.98875, 2.4, -0.97268],
			"faces": {
				"north": {"uv": [10.5, 9.5, 11, 14.5], "rotation": 270, "texture": "#0"},
				"east": {"uv": [8.5, 10, 11, 10.5], "texture": "#0"},
				"south": {"uv": [8.5, 10, 9, 14.5], "rotation": 90, "texture": "#0"},
				"west": {"uv": [8.5, 14, 11, 14.5], "texture": "#0"},
				"up": {"uv": [8.5, 12, 6, 14.5], "rotation": 90, "texture": "#0"},
				"down": {"uv": [6, 12, 8.5, 14.5], "texture": "#0"}
			}
		},
		{
			"from": [-2.40704, 2.05, -1.9675],
			"to": [1.09296, 2.45, 1.5325],
			"rotation": {"angle": -45, "axis": "y", "origin": [2.35789, 1.99037, 4.39026]},
			"faces": {
				"north": {"uv": [8.5, 10, 11, 10.5], "texture": "#0"},
				"east": {"uv": [8.5, 10, 9, 14.5], "rotation": 90, "texture": "#0"},
				"south": {"uv": [8.5, 14, 11, 14.5], "rotation": 180, "texture": "#0"},
				"west": {"uv": [10.5, 9.5, 11, 14.5], "rotation": 90, "texture": "#0"},
				"up": {"uv": [11, 10, 8.5, 12.5], "texture": "#0"},
				"down": {"uv": [11, 10, 8.5, 12.5], "texture": "#0"}
			}
		},
		{
			"from": [1.00699, 2, -1.0009],
			"to": [4.50699, 2.5, 5.9991],
			"faces": {
				"north": {"uv": [8.5, 9.5, 11, 10], "texture": "#0"},
				"east": {"uv": [8.5, 9.5, 9, 14.5], "rotation": 90, "texture": "#0"},
				"south": {"uv": [8.5, 14, 11, 14.5], "rotation": 180, "texture": "#0"},
				"west": {"uv": [10.5, 9.5, 11, 14.5], "rotation": 90, "texture": "#0"},
				"up": {"uv": [11, 9.5, 8.5, 14.5], "texture": "#0"},
				"down": {"uv": [11, 10, 8.5, 14.5], "texture": "#0"}
			}
		},
		{
			"from": [1.59124, 2.05, 5.43503],
			"to": [4.84124, 2.45, 8.93503],
			"rotation": {"angle": 22.5, "axis": "y", "origin": [2.71624, 1.99396, 7.18503]},
			"faces": {
				"north": {"uv": [8.5, 14, 11, 14.5], "texture": "#0"},
				"east": {"uv": [8.5, 10, 9, 14.5], "rotation": 270, "texture": "#0"},
				"south": {"uv": [8.5, 10, 11, 10.5], "rotation": 180, "texture": "#0"},
				"west": {"uv": [10.5, 9.5, 11, 14.5], "rotation": 270, "texture": "#0"},
				"up": {"uv": [8.5, 11.5, 11, 14], "rotation": 180, "texture": "#0"},
				"down": {"uv": [8.5, 11.5, 11, 14], "rotation": 180, "texture": "#0"}
			}
		},
		{
			"from": [1.72773, 2.1, 8.24373],
			"to": [4.72773, 2.4, 10.74373],
			"rotation": {"angle": 45, "axis": "y", "origin": [3.22773, 1.94787, 7.99373]},
			"faces": {
				"north": {"uv": [6, 12, 6.5, 14.5], "rotation": 270, "texture": "#0"},
				"east": {"uv": [6, 14, 8.5, 14.5], "rotation": 180, "texture": "#0"},
				"south": {"uv": [10.5, 9.5, 11, 14.5], "rotation": 90, "texture": "#0"},
				"west": {"uv": [6, 14, 8.5, 14.5], "rotation": 180, "texture": "#0"},
				"up": {"uv": [8.5, 12.5, 6, 14.5], "texture": "#0"},
				"down": {"uv": [6, 12.5, 8.5, 14.5], "rotation": 180, "texture": "#0"}
			}
		},
		{
			"from": [6, 1.5, 16.5],
			"to": [9.5, 3, 18],
			"faces": {
				"north": {"uv": [5.5, 4.5, 8, 5], "rotation": 180, "texture": "#0"},
				"east": {"uv": [5.5, 4.5, 8, 6], "rotation": 90, "texture": "#0"},
				"south": {"uv": [5.5, 5.5, 8, 6], "rotation": 180, "texture": "#0"},
				"west": {"uv": [5.5, 4.5, 8, 6], "rotation": 270, "texture": "#0"},
				"up": {"uv": [5.5, 4.5, 8, 6], "texture": "#0"},
				"down": {"uv": [5.5, 4.5, 8, 6], "rotation": 180, "texture": "#0"}
			}
		},
		{
			"from": [6, 1.5, 8],
			"to": [9.5, 3, 9.5],
			"faces": {
				"north": {"uv": [5.5, 4.5, 8, 5], "rotation": 180, "texture": "#0"},
				"east": {"uv": [5.5, 4.5, 8, 6], "rotation": 90, "texture": "#0"},
				"south": {"uv": [5.5, 5.5, 8, 6], "rotation": 180, "texture": "#0"},
				"west": {"uv": [5.5, 4.5, 8, 6], "rotation": 270, "texture": "#0"},
				"up": {"uv": [5.5, 4.5, 8, 6], "texture": "#0"},
				"down": {"uv": [5.5, 4.5, 8, 6], "rotation": 180, "texture": "#0"}
			}
		},
		{
			"from": [6, 1.5, -1],
			"to": [9.5, 3, 0.5],
			"faces": {
				"north": {"uv": [5.5, 4.5, 8, 5], "rotation": 180, "texture": "#0"},
				"east": {"uv": [5.5, 4.5, 8, 6], "rotation": 90, "texture": "#0"},
				"south": {"uv": [5.5, 5.5, 8, 6], "rotation": 180, "texture": "#0"},
				"west": {"uv": [5.5, 4.5, 8, 6], "rotation": 270, "texture": "#0"},
				"up": {"uv": [5.5, 4.5, 8, 6], "texture": "#0"},
				"down": {"uv": [5.5, 4.5, 8, 6], "rotation": 180, "texture": "#0"}
			}
		},
		{
			"from": [6.5, 1.5, 0.5],
			"to": [9, 3, 1],
			"faces": {
				"north": {"uv": [5, 1.5, 5.5, 2], "texture": "#0"},
				"east": {"uv": [5, 1.5, 5.5, 2], "texture": "#0"},
				"south": {"uv": [5, 1.5, 5.5, 2], "texture": "#0"},
				"west": {"uv": [5, 1.5, 5.5, 2], "texture": "#0"},
				"up": {"uv": [5, 1.5, 5.5, 2], "texture": "#0"},
				"down": {"uv": [5, 1.5, 5.5, 2], "texture": "#0"}
			}
		},
		{
			"from": [6.5, 1.5, -1.5],
			"to": [9, 3, -1],
			"faces": {
				"north": {"uv": [5.5, 5.5, 6, 6], "texture": "#0"},
				"east": {"uv": [5.5, 5.5, 6, 6], "texture": "#0"},
				"south": {"uv": [5.5, 5.5, 6, 6], "texture": "#0"},
				"west": {"uv": [5.5, 5.5, 6, 6], "texture": "#0"},
				"up": {"uv": [5.5, 5.5, 6, 6], "texture": "#0"},
				"down": {"uv": [5.5, 5.5, 6, 6], "texture": "#0"}
			}
		}
	],
	"display": {
		"thirdperson_righthand": {
			"rotation": [90, 0, 90],
			"translation": [-7.5, 5, 2],
			"scale": [1.3, 1.3, 1.3]
		},
		"thirdperson_lefthand": {
			"rotation": [90, 0, 90],
			"translation": [-7.5, 5, 2],
			"scale": [1.3, 1.3, 1.3]
		},
		"firstperson_righthand": {
			"rotation": [90, -15, 65],
			"translation": [0, 3.5, 0],
			"scale": [0.7, 0.7, 0.7]
		},
		"firstperson_lefthand": {
			"rotation": [90, -15, 65],
			"translation": [0, 3.5, 0],
			"scale": [0.7, 0.7, 0.7]
		},
		"ground": {
			"translation": [0, 1, 0],
			"scale": [0.7, 0.7, 0.7]
		},
		"gui": {
			"rotation": [-90, -135, 0],
			"translation": [-0.5, -0.5, 0],
			"scale": [0.8, 0.8, 0.8]
		},
		"head": {
			"rotation": [0, 90, 90],
			"translation": [4.5, 11, 6]
		},
		"fixed": {
			"rotation": [-90, 135, 0],
			"translation": [0.5, -1, -7]
		}
	}
}