{
  "credit": "Made by SyndiShanX",
  "parent": "block/red_candle_one_candle",
	"display": {
		"thirdperson_righthand": {
			"translation": [0, 8, 2]
		},
		"thirdperson_lefthand": {
			"translation": [0, 8, 2]
		},
		"firstperson_righthand": {
			"translation": [0, 6.5, 0]
		},
		"firstperson_lefthand": {
			"translation": [0, 6.5, 0]
		},
		"ground": {
			"translation": [0, 4, 0]
		},
		"gui": {
			"rotation": [15, 45, 0],
			"translation": [0, 4.5, 0]
		},
		"head": {
			"translation": [0, 14.5, 0]
		},
		"fixed": {
			"translation": [0, 4.5, 0]
		}
	}
}