{
	"credit": "Made with Blockbench",
	"textures": {
		"0": "crimson_trap/side_trap",
		"1": "crimson_trap/overlay_1",
		"particle": "crimson_trap/side_trap"
	},
	"elements": [
		{
			"name": "mesh",
			"from": [1.5, 1.5, 1.5],
			"to": [14.5, 1.5, 14.5],
			"faces": {
				"up": {"uv": [1.5, 1.5, 14.5, 14.5], "texture": "#1"},
				"down": {"uv": [1.5, 14.5, 14.5, 1.5], "texture": "#1"}
			}
		},
		{
			"name": "bars",
			"from": [1.5, 1, 3],
			"to": [7, 2, 4],
			"faces": {
				"north": {"uv": [0, 7, 5.5, 8], "texture": "#0"},
				"east": {"uv": [0, 0, 0.5, 0.5], "texture": "#0"},
				"south": {"uv": [0, 7, 5.5, 8], "texture": "#0"},
				"west": {"uv": [0, 0, 0.5, 0.5], "texture": "#0"},
				"up": {"uv": [0, 7, 5.5, 8], "texture": "#0"},
				"down": {"uv": [0, 7, 5.5, 8], "texture": "#0"}
			}
		},
		{
			"name": "bars",
			"from": [1.5, 1, 5.5],
			"to": [7, 2, 6.5],
			"faces": {
				"north": {"uv": [0, 7, 5.5, 8], "texture": "#0"},
				"east": {"uv": [0, 0, 0.5, 0.5], "texture": "#0"},
				"south": {"uv": [0, 7, 5.5, 8], "texture": "#0"},
				"west": {"uv": [0, 0, 0.5, 0.5], "texture": "#0"},
				"up": {"uv": [0, 7, 5.5, 8], "rotation": 180, "texture": "#0"},
				"down": {"uv": [0, 7, 5.5, 8], "rotation": 180, "texture": "#0"}
			}
		},
		{
			"name": "bars",
			"from": [3.5, 1, 6.5],
			"to": [4.5, 2, 14.5],
			"faces": {
				"east": {"uv": [0, 7, 8, 8], "texture": "#0"},
				"west": {"uv": [0, 7, 8, 8], "texture": "#0"},
				"up": {"uv": [4, 7, 12, 8], "rotation": 270, "texture": "#0"},
				"down": {"uv": [0, 7, 8, 8], "rotation": 90, "texture": "#0"}
			}
		},
		{
			"name": "bars",
			"from": [4.5, 1, 11],
			"to": [11, 2, 12],
			"faces": {
				"north": {"uv": [0, 7, 6.5, 8], "texture": "#0"},
				"east": {"uv": [0, 0, 0.5, 0.5], "texture": "#0"},
				"south": {"uv": [0, 7, 6.5, 8], "texture": "#0"},
				"west": {"uv": [0, 0, 0.5, 0.5], "texture": "#0"},
				"up": {"uv": [0, 7, 6.5, 8], "rotation": 180, "texture": "#0"},
				"down": {"uv": [0, 7, 6.5, 8], "rotation": 180, "texture": "#0"}
			}
		},
		{
			"name": "bars",
			"from": [7, 1, 1.5],
			"to": [8, 2, 11],
			"faces": {
				"east": {"uv": [0, 7, 9.5, 8], "texture": "#0"},
				"west": {"uv": [0, 7, 9.5, 8], "texture": "#0"},
				"up": {"uv": [4, 7, 13.5, 8], "rotation": 270, "texture": "#0"},
				"down": {"uv": [0, 7, 9.5, 8], "rotation": 90, "texture": "#0"}
			}
		},
		{
			"name": "bars",
			"from": [8, 1, 7],
			"to": [14.5, 2, 8],
			"faces": {
				"north": {"uv": [0, 7, 6.5, 8], "texture": "#0"},
				"east": {"uv": [0, 0, 0.5, 0.5], "texture": "#0"},
				"south": {"uv": [0, 7, 6.5, 8], "texture": "#0"},
				"west": {"uv": [0, 0, 0.5, 0.5], "texture": "#0"},
				"up": {"uv": [0, 7, 6.5, 8], "texture": "#0"},
				"down": {"uv": [0, 7, 6.5, 8], "texture": "#0"}
			}
		},
		{
			"name": "bars",
			"from": [11, 1, 8],
			"to": [12, 2, 14.5],
			"faces": {
				"north": {"uv": [0, 0, 0.5, 0.5], "texture": "#0"},
				"east": {"uv": [0, 7, 6.5, 8], "texture": "#0"},
				"south": {"uv": [0, 0, 0.5, 0.5], "texture": "#0"},
				"west": {"uv": [0, 7, 6.5, 8], "texture": "#0"},
				"up": {"uv": [0, 7, 6.5, 8], "rotation": 270, "texture": "#0"},
				"down": {"uv": [0, 7, 6.5, 8], "rotation": 90, "texture": "#0"}
			}
		},
		{
			"name": "bars",
			"from": [8, 1, 4],
			"to": [14.5, 2, 5],
			"faces": {
				"north": {"uv": [0, 7, 6.5, 8], "texture": "#0"},
				"east": {"uv": [0, 0, 0.5, 0.5], "texture": "#0"},
				"south": {"uv": [0, 7, 6.5, 8], "texture": "#0"},
				"west": {"uv": [0, 0, 0.5, 0.5], "texture": "#0"},
				"up": {"uv": [0, 7, 6.5, 8], "texture": "#0"},
				"down": {"uv": [0, 7, 6.5, 8], "texture": "#0"}
			}
		},
		{
			"name": "bars",
			"from": [11, 1, 1.5],
			"to": [12, 2, 4],
			"faces": {
				"east": {"uv": [0, 7, 2.5, 8], "texture": "#0"},
				"west": {"uv": [0, 7, 2.5, 8], "texture": "#0"},
				"up": {"uv": [0, 7, 2.5, 8], "rotation": 270, "texture": "#0"},
				"down": {"uv": [0, 7, 2.5, 8], "rotation": 90, "texture": "#0"}
			}
		},
		{
			"name": "rim",
			"from": [0, 0, 1.5],
			"to": [1.5, 3, 14.5],
			"faces": {
				"north": {"uv": [0, 0, 0.5, 0.5], "texture": "#0"},
				"east": {"uv": [1.5, 3.5, 14.5, 6.5], "texture": "#0"},
				"south": {"uv": [0, 0, 0.5, 0.5], "texture": "#0"},
				"west": {"uv": [1.5, 3.5, 14.5, 6.5], "texture": "#0"},
				"up": {"uv": [1.5, 12.5, 14.5, 11], "rotation": 270, "texture": "#0"},
				"down": {"uv": [1.5, 9, 14.5, 10.5], "rotation": 90, "texture": "#0"}
			}
		},
		{
			"name": "rim",
			"from": [0, 0, 14.5],
			"to": [16, 3, 16],
			"faces": {
				"north": {"uv": [0, 0, 16, 3], "texture": "#0"},
				"east": {"uv": [0, 13, 1.5, 16], "texture": "#0"},
				"south": {"uv": [0, 0, 16, 3], "texture": "#0"},
				"west": {"uv": [14.5, 13, 16, 16], "texture": "#0"},
				"up": {"uv": [0, 11, 16, 12.5], "texture": "#0"},
				"down": {"uv": [0, 10.5, 16, 9], "texture": "#0"}
			}
		},
		{
			"name": "rim",
			"from": [14.5, 0, 1.5],
			"to": [16, 3, 14.5],
			"faces": {
				"north": {"uv": [0, 0, 0.5, 0.5], "texture": "#0"},
				"east": {"uv": [1.5, 3.5, 14.5, 6.5], "texture": "#0"},
				"south": {"uv": [0, 0, 0.5, 0.5], "texture": "#0"},
				"west": {"uv": [1.5, 3.5, 14.5, 6.5], "texture": "#0"},
				"up": {"uv": [1.5, 11, 14.5, 12.5], "rotation": 270, "texture": "#0"},
				"down": {"uv": [1.5, 9, 14.5, 10.5], "rotation": 90, "texture": "#0"}
			}
		},
		{
			"name": "rim",
			"from": [0, 0, 0],
			"to": [16, 3, 1.5],
			"faces": {
				"north": {"uv": [0, 0, 16, 3], "texture": "#0"},
				"east": {"uv": [14.5, 13, 16, 16], "texture": "#0"},
				"south": {"uv": [0, 0, 16, 3], "texture": "#0"},
				"west": {"uv": [0, 13, 1.5, 16], "texture": "#0"},
				"up": {"uv": [0, 12.5, 16, 11], "texture": "#0"},
				"down": {"uv": [0, 9, 16, 10.5], "texture": "#0"}
			}
		}
	],
	"groups": [0,
		{
			"name": "bars",
			"origin": [8, 8, 8],
			"children": [1, 2, 3, 4, 5, 6, 7, 8, 9]
		},
		{
			"name": "rim",
			"origin": [8, 8, 8],
			"children": [10, 11, 12, 13]
		}
	]
}