{
	"credit": "By CR00T_R0M",
	"texture_size": [64, 64],
	"textures": {
		"particle": "#cross"
	},
	"elements": [
		{
			"from": [3, 12, 3],
			"to": [13, 16, 13],
			"faces": {
				"north": {"uv": [0, 0, 2.5, 1], "rotation": 180, "texture": "#cross"},
				"east": {"uv": [0, 0, 2.5, 1], "rotation": 180, "texture": "#cross"},
				"south": {"uv": [0, 0, 2.5, 1], "rotation": 180, "texture": "#cross"},
				"west": {"uv": [0, 0, 2.5, 1], "rotation": 180, "texture": "#cross"},
				"up": {"uv": [0, 0, 2.5, 2.5], "rotation": 180, "texture": "#cross"},
				"down": {"uv": [0, 0, 2.5, 2.5], "rotation": 180, "texture": "#cross"}
			}
		},
		{
			"from": [3, 6, 3],
			"to": [13, 10, 13],
			"rotation": {"angle": 0, "axis": "y", "origin": [8, 2, 8]},
			"faces": {
				"north": {"uv": [0, 0, 2.5, 1], "rotation": 180, "texture": "#cross"},
				"east": {"uv": [0, 0, 2.5, 1], "rotation": 180, "texture": "#cross"},
				"south": {"uv": [0, 0, 2.5, 1], "rotation": 180, "texture": "#cross"},
				"west": {"uv": [0, 0, 2.5, 1], "rotation": 180, "texture": "#cross"},
				"up": {"uv": [0, 0, 2.5, 2.5], "rotation": 180, "texture": "#cross"},
				"down": {"uv": [0, 0, 2.5, 2.5], "rotation": 180, "texture": "#cross"}
			}
		},
		{
			"from": [3, 0, 3],
			"to": [13, 4, 13],
			"rotation": {"angle": 0, "axis": "y", "origin": [8, -4, 8]},
			"faces": {
				"north": {"uv": [0, 0, 2.5, 1], "rotation": 180, "texture": "#cross"},
				"east": {"uv": [0, 0, 2.5, 1], "rotation": 180, "texture": "#cross"},
				"south": {"uv": [0, 0, 2.5, 1], "rotation": 180, "texture": "#cross"},
				"west": {"uv": [0, 0, 2.5, 1], "rotation": 180, "texture": "#cross"},
				"up": {"uv": [0, 0, 2.5, 2.5], "rotation": 180, "texture": "#cross"},
				"down": {"uv": [0, 0, 2.5, 2.5], "rotation": 180, "texture": "#cross"}
			}
		},
		{
			"from": [2.5, 10, 2.5],
			"to": [13.5, 14, 13.5],
			"rotation": {"angle": 0, "axis": "y", "origin": [7.55, 6, 8]},
			"faces": {
				"north": {"uv": [0, 0, 2.75, 1], "rotation": 180, "texture": "#cross"},
				"east": {"uv": [0, 0, 2.75, 1], "rotation": 180, "texture": "#cross"},
				"south": {"uv": [0, 0, 2.75, 1], "rotation": 180, "texture": "#cross"},
				"west": {"uv": [0, 0, 2.75, 1], "rotation": 180, "texture": "#cross"},
				"up": {"uv": [0, 0, 2.75, 2.75], "rotation": 180, "texture": "#cross"},
				"down": {"uv": [0, 0, 2.75, 2.75], "rotation": 180, "texture": "#cross"}
			}
		},
		{
			"from": [3.5, 4, 3.5],
			"to": [12.5, 8, 12.5],
			"rotation": {"angle": 0, "axis": "y", "origin": [7.55, 0, 8]},
			"faces": {
				"north": {"uv": [0, 0, 2.25, 1], "rotation": 180, "texture": "#cross"},
				"east": {"uv": [0, 0, 2.25, 1], "rotation": 180, "texture": "#cross"},
				"south": {"uv": [0, 0, 2.25, 1], "rotation": 180, "texture": "#cross"},
				"west": {"uv": [0, 0, 2.25, 1], "rotation": 180, "texture": "#cross"},
				"up": {"uv": [0, 0, 2.25, 2.25], "rotation": 180, "texture": "#cross"},
				"down": {"uv": [0, 0, 2.25, 2.25], "rotation": 180, "texture": "#cross"}
			}
		},
		{
			"from": [1, 12, 1],
			"to": [15, 16, 15],
			"faces": {
				"north": {"uv": [4, 0, 7.5, 1], "rotation": 180, "texture": "#cross"},
				"east": {"uv": [4, 0, 7.5, 1], "rotation": 180, "texture": "#cross"},
				"south": {"uv": [4, 0, 7.5, 1], "rotation": 180, "texture": "#cross"},
				"west": {"uv": [4, 0, 7.5, 1], "rotation": 180, "texture": "#cross"},
				"up": {"uv": [4, 0, 7.5, 3.5], "rotation": 180, "texture": "#cross"},
				"down": {"uv": [4, 0, 7.5, 3.5], "rotation": 180, "texture": "#cross"}
			}
		},
		{
			"from": [2, 4, 2],
			"to": [14, 9, 14],
			"rotation": {"angle": 0, "axis": "y", "origin": [8, 2, 8]},
			"faces": {
				"north": {"uv": [4, 0, 7, 1.25], "rotation": 180, "texture": "#cross"},
				"east": {"uv": [4, 0, 7, 1.25], "rotation": 180, "texture": "#cross"},
				"south": {"uv": [4, 0, 7, 1.25], "rotation": 180, "texture": "#cross"},
				"west": {"uv": [4, 0, 7, 1.25], "rotation": 180, "texture": "#cross"},
				"up": {"uv": [4, 0, 7, 3], "rotation": 180, "texture": "#cross"},
				"down": {"uv": [4, 0, 7, 3], "rotation": 180, "texture": "#cross"}
			}
		},
		{
			"from": [3, 0, 3],
			"to": [13, 4, 13],
			"rotation": {"angle": 0, "axis": "y", "origin": [8, -4, 8]},
			"faces": {
				"north": {"uv": [4, 0, 6.5, 1], "rotation": 180, "texture": "#cross"},
				"east": {"uv": [4, 0, 6.5, 1], "rotation": 180, "texture": "#cross"},
				"south": {"uv": [4, 0, 6.5, 1], "rotation": 180, "texture": "#cross"},
				"west": {"uv": [4, 0, 6.5, 1], "rotation": 180, "texture": "#cross"},
				"up": {"uv": [4, 0, 6.5, 2.5], "rotation": 180, "texture": "#cross"},
				"down": {"uv": [4, 0, 6.5, 2.5], "rotation": 180, "texture": "#cross"}
			}
		},
		{
			"from": [1.5, 9, 1.5],
			"to": [14.5, 14, 14.5],
			"rotation": {"angle": 0, "axis": "y", "origin": [7.55, 6, 8]},
			"faces": {
				"north": {"uv": [4, 0, 7.25, 1.25], "rotation": 180, "texture": "#cross"},
				"east": {"uv": [4, 0, 7.25, 1.25], "rotation": 180, "texture": "#cross"},
				"south": {"uv": [4, 0, 7.25, 1.25], "rotation": 180, "texture": "#cross"},
				"west": {"uv": [4, 0, 7.25, 1.25], "rotation": 180, "texture": "#cross"},
				"up": {"uv": [4, 0, 7.25, 3.25], "rotation": 180, "texture": "#cross"},
				"down": {"uv": [4, 0, 7.25, 3.25], "rotation": 180, "texture": "#cross"}
			}
		},
		{
			"from": [1, 0, 1],
			"to": [15, 4, 15],
			"faces": {
				"north": {"uv": [8, 0, 11.5, 1], "texture": "#cross"},
				"east": {"uv": [8, 0, 11.5, 1], "texture": "#cross"},
				"south": {"uv": [8, 0, 11.5, 1], "texture": "#cross"},
				"west": {"uv": [8, 0, 11.5, 1], "texture": "#cross"},
				"up": {"uv": [8, 0, 11.5, 3.5], "rotation": 180, "texture": "#cross"},
				"down": {"uv": [8, 0, 11.5, 3.5], "rotation": 180, "texture": "#cross"}
			}
		},
		{
			"from": [2, 7, 2],
			"to": [14, 12, 14],
			"faces": {
				"north": {"uv": [8, 0, 11, 1.25], "texture": "#cross"},
				"east": {"uv": [8, 0, 11, 1.25], "texture": "#cross"},
				"south": {"uv": [8, 0, 11, 1.25], "texture": "#cross"},
				"west": {"uv": [8, 0, 11, 1.25], "texture": "#cross"},
				"up": {"uv": [8, 0, 11, 3], "rotation": 180, "texture": "#cross"},
				"down": {"uv": [8, 0, 11, 3], "rotation": 180, "texture": "#cross"}
			}
		},
		{
			"from": [3, 12, 3],
			"to": [13, 16, 13],
			"faces": {
				"north": {"uv": [8, 0, 10.5, 1], "texture": "#cross"},
				"east": {"uv": [8, 0, 10.5, 1], "texture": "#cross"},
				"south": {"uv": [8, 0, 10.5, 1], "texture": "#cross"},
				"west": {"uv": [8, 0, 10.5, 1], "texture": "#cross"},
				"up": {"uv": [8, 0, 10.5, 2.5], "rotation": 180, "texture": "#cross"},
				"down": {"uv": [8, 0, 10.5, 2.5], "rotation": 180, "texture": "#cross"}
			}
		},
		{
			"from": [1.5, 2, 1.5],
			"to": [14.5, 7, 14.5],
			"faces": {
				"north": {"uv": [8, 0, 11.25, 1.25], "texture": "#cross"},
				"east": {"uv": [8, 0, 11.25, 1.25], "texture": "#cross"},
				"south": {"uv": [8, 0, 11.25, 1.25], "texture": "#cross"},
				"west": {"uv": [8, 0, 11.25, 1.25], "texture": "#cross"},
				"up": {"uv": [8, 0, 11.25, 3.25], "rotation": 180, "texture": "#cross"},
				"down": {"uv": [8, 0, 11.25, 3.25], "rotation": 180, "texture": "#cross"}
			}
		},
		{
			"from": [4.75, 7, 4.75],
			"to": [11.25, 15.5, 11.25],
			"faces": {
				"north": {"uv": [0, 4, 1.625, 6.125], "texture": "#cross"},
				"east": {"uv": [0, 4, 1.625, 6.125], "texture": "#cross"},
				"south": {"uv": [0, 4, 1.625, 6.125], "texture": "#cross"},
				"west": {"uv": [0, 4, 1.625, 6.125], "texture": "#cross"},
				"up": {"uv": [0, 4, 1.625, 5.625], "texture": "#cross"},
				"down": {"uv": [0, 4, 1.625, 5.625], "texture": "#cross"}
			}
		},
		{
			"from": [3.5, 9, 3.5],
			"to": [12.5, 12, 12.5],
			"faces": {
				"north": {"uv": [0, 4, 2.25, 4.75], "texture": "#cross"},
				"east": {"uv": [0, 4, 2.25, 4.75], "texture": "#cross"},
				"south": {"uv": [0, 4, 2.25, 4.75], "texture": "#cross"},
				"west": {"uv": [0, 4, 2.25, 4.75], "texture": "#cross"},
				"up": {"uv": [0, 4, 2.25, 6.25], "texture": "#cross"},
				"down": {"uv": [0, 4, 2.25, 6.25], "texture": "#cross"}
			}
		},
		{
			"from": [4.5, 6, 4.5],
			"to": [11.5, 9, 11.5],
			"faces": {
				"north": {"uv": [0, 4, 1.75, 4.75], "texture": "#cross"},
				"east": {"uv": [0, 4, 1.75, 4.75], "texture": "#cross"},
				"south": {"uv": [0, 4, 1.75, 4.75], "texture": "#cross"},
				"west": {"uv": [0, 4, 1.75, 4.75], "texture": "#cross"},
				"up": {"uv": [0, 4, 1.75, 5.75], "texture": "#cross"},
				"down": {"uv": [0, 4, 1.75, 5.75], "texture": "#cross"}
			}
		},
		{
			"from": [4, 4, 4],
			"to": [12, 10, 12],
			"faces": {
				"north": {"uv": [0, 4, 2, 5.5], "texture": "#cross"},
				"east": {"uv": [0, 4, 2, 5.5], "texture": "#cross"},
				"south": {"uv": [0, 4, 2, 5.5], "texture": "#cross"},
				"west": {"uv": [0, 4, 2, 5.5], "texture": "#cross"},
				"up": {"uv": [0, 4, 2, 6], "texture": "#cross"},
				"down": {"uv": [0, 4, 2, 6], "texture": "#cross"}
			}
		},
		{
			"from": [3.5, 1, 3.5],
			"to": [12.5, 7, 12.5],
			"faces": {
				"north": {"uv": [0, 4, 2.25, 5.5], "texture": "#cross"},
				"east": {"uv": [0, 4, 2.25, 5.5], "texture": "#cross"},
				"south": {"uv": [0, 4, 2.25, 5.5], "texture": "#cross"},
				"west": {"uv": [0, 4, 2.25, 5.5], "texture": "#cross"},
				"up": {"uv": [0, 4, 2.25, 6.25], "texture": "#cross"},
				"down": {"uv": [0, 4, 2.25, 6.25], "texture": "#cross"}
			}
		},
		{
			"from": [3, 0, 3],
			"to": [13, 4, 13],
			"faces": {
				"north": {"uv": [0, 4, 2.5, 5], "texture": "#cross"},
				"east": {"uv": [0, 4, 2.5, 5], "texture": "#cross"},
				"south": {"uv": [0, 4, 2.5, 5], "texture": "#cross"},
				"west": {"uv": [0, 4, 2.5, 5], "texture": "#cross"},
				"up": {"uv": [0, 4, 2.5, 6.5], "texture": "#cross"},
				"down": {"uv": [0, 4, 2.5, 6.5], "texture": "#cross"}
			}
		},
		{
			"from": [4.75, 0.5, 4.75],
			"to": [11.25, 9, 11.25],
			"rotation": {"angle": 0, "axis": "z", "origin": [8, 8.5, 8]},
			"faces": {
				"north": {"uv": [4, 4, 5.625, 6.125], "rotation": 180, "texture": "#cross"},
				"east": {"uv": [4, 4, 5.625, 6.125], "rotation": 180, "texture": "#cross"},
				"south": {"uv": [4, 4, 5.625, 6.125], "rotation": 180, "texture": "#cross"},
				"west": {"uv": [4, 4, 5.625, 6.125], "rotation": 180, "texture": "#cross"},
				"up": {"uv": [4, 4, 5.625, 5.625], "rotation": 180, "texture": "#cross"},
				"down": {"uv": [4, 4, 5.625, 5.625], "rotation": 180, "texture": "#cross"}
			}
		},
		{
			"from": [3.5, 4, 3.5],
			"to": [12.5, 7, 12.5],
			"rotation": {"angle": 0, "axis": "z", "origin": [8, 8.5, 8]},
			"faces": {
				"north": {"uv": [4, 4, 6.25, 4.75], "rotation": 180, "texture": "#cross"},
				"east": {"uv": [4, 4, 6.25, 4.75], "rotation": 180, "texture": "#cross"},
				"south": {"uv": [4, 4, 6.25, 4.75], "rotation": 180, "texture": "#cross"},
				"west": {"uv": [4, 4, 6.25, 4.75], "rotation": 180, "texture": "#cross"},
				"up": {"uv": [4, 4, 6.25, 6.25], "rotation": 180, "texture": "#cross"},
				"down": {"uv": [4, 4, 6.25, 6.25], "rotation": 180, "texture": "#cross"}
			}
		},
		{
			"from": [4.5, 7, 4.5],
			"to": [11.5, 10, 11.5],
			"rotation": {"angle": 0, "axis": "z", "origin": [8, 8.5, 8]},
			"faces": {
				"north": {"uv": [4, 4, 5.75, 4.75], "rotation": 180, "texture": "#cross"},
				"east": {"uv": [4, 4, 5.75, 4.75], "rotation": 180, "texture": "#cross"},
				"south": {"uv": [4, 4, 5.75, 4.75], "rotation": 180, "texture": "#cross"},
				"west": {"uv": [4, 4, 5.75, 4.75], "rotation": 180, "texture": "#cross"},
				"up": {"uv": [4, 4, 5.75, 5.75], "rotation": 180, "texture": "#cross"},
				"down": {"uv": [4, 4, 5.75, 5.75], "rotation": 180, "texture": "#cross"}
			}
		},
		{
			"from": [4, 6, 4],
			"to": [12, 12, 12],
			"rotation": {"angle": 0, "axis": "z", "origin": [8, 8.5, 8]},
			"faces": {
				"north": {"uv": [4, 4, 6, 5.5], "rotation": 180, "texture": "#cross"},
				"east": {"uv": [4, 4, 6, 5.5], "rotation": 180, "texture": "#cross"},
				"south": {"uv": [4, 4, 6, 5.5], "rotation": 180, "texture": "#cross"},
				"west": {"uv": [4, 4, 6, 5.5], "rotation": 180, "texture": "#cross"},
				"up": {"uv": [4, 4, 6, 6], "rotation": 180, "texture": "#cross"},
				"down": {"uv": [4, 4, 6, 6], "rotation": 180, "texture": "#cross"}
			}
		},
		{
			"from": [3.5, 9, 3.5],
			"to": [12.5, 15, 12.5],
			"rotation": {"angle": 0, "axis": "z", "origin": [8, 8.5, 8]},
			"faces": {
				"north": {"uv": [4, 4, 6.25, 5.5], "rotation": 180, "texture": "#cross"},
				"east": {"uv": [4, 4, 6.25, 5.5], "rotation": 180, "texture": "#cross"},
				"south": {"uv": [4, 4, 6.25, 5.5], "rotation": 180, "texture": "#cross"},
				"west": {"uv": [4, 4, 6.25, 5.5], "rotation": 180, "texture": "#cross"},
				"up": {"uv": [4, 4, 6.25, 6.25], "rotation": 180, "texture": "#cross"},
				"down": {"uv": [4, 4, 6.25, 6.25], "rotation": 180, "texture": "#cross"}
			}
		},
		{
			"from": [3, 12, 3],
			"to": [13, 16, 13],
			"rotation": {"angle": 0, "axis": "z", "origin": [8, 8.5, 8]},
			"faces": {
				"north": {"uv": [4, 4, 6.5, 5], "rotation": 180, "texture": "#cross"},
				"east": {"uv": [4, 4, 6.5, 5], "rotation": 180, "texture": "#cross"},
				"south": {"uv": [4, 4, 6.5, 5], "rotation": 180, "texture": "#cross"},
				"west": {"uv": [4, 4, 6.5, 5], "rotation": 180, "texture": "#cross"},
				"up": {"uv": [4, 4, 6.5, 6.5], "rotation": 180, "texture": "#cross"},
				"down": {"uv": [4, 4, 6.5, 6.5], "rotation": 180, "texture": "#cross"}
			}
		},
		{
			"from": [7.75, 7, 7.75],
			"to": [8.25, 14, 8.25],
			"faces": {
				"north": {"uv": [0, 8, 0.125, 9.75], "texture": "#cross"},
				"east": {"uv": [0, 8, 0.125, 9.75], "texture": "#cross"},
				"south": {"uv": [0, 8, 0.125, 9.75], "texture": "#cross"},
				"west": {"uv": [0, 8, 0.125, 9.75], "texture": "#cross"},
				"up": {"uv": [0, 8, 0.125, 8.125], "texture": "#cross"},
				"down": {"uv": [0, 8, 0.125, 8.125], "texture": "#cross"}
			}
		},
		{
			"from": [7.5, 8, 7.5],
			"to": [8.5, 10, 8.5],
			"faces": {
				"north": {"uv": [0, 8, 0.25, 8.5], "texture": "#cross"},
				"east": {"uv": [0, 8, 0.25, 8.5], "texture": "#cross"},
				"south": {"uv": [0, 8, 0.25, 8.5], "texture": "#cross"},
				"west": {"uv": [0, 8, 0.25, 8.5], "texture": "#cross"},
				"up": {"uv": [0, 8, 0.25, 8.25], "texture": "#cross"},
				"down": {"uv": [0, 8, 0.25, 8.25], "texture": "#cross"}
			}
		},
		{
			"from": [7.5, 6, 7.5],
			"to": [8.5, 7, 8.5],
			"faces": {
				"north": {"uv": [0, 8, 0.25, 8.25], "texture": "#cross"},
				"east": {"uv": [0, 8, 0.25, 8.25], "texture": "#cross"},
				"south": {"uv": [0, 8, 0.25, 8.25], "texture": "#cross"},
				"west": {"uv": [0, 8, 0.25, 8.25], "texture": "#cross"},
				"up": {"uv": [0, 8, 0.25, 8.25], "texture": "#cross"},
				"down": {"uv": [0, 8, 0.25, 8.25], "texture": "#cross"}
			}
		},
		{
			"from": [7, 4, 7],
			"to": [9, 8, 9],
			"faces": {
				"north": {"uv": [0, 8, 0.5, 9], "texture": "#cross"},
				"east": {"uv": [0, 8, 0.5, 9], "texture": "#cross"},
				"south": {"uv": [0, 8, 0.5, 9], "texture": "#cross"},
				"west": {"uv": [0, 8, 0.5, 9], "texture": "#cross"},
				"up": {"uv": [0, 8, 0.5, 8.5], "texture": "#cross"},
				"down": {"uv": [0, 8, 0.5, 8.5], "texture": "#cross"}
			}
		},
		{
			"from": [6.5, 1, 6.5],
			"to": [9.5, 5, 9.5],
			"faces": {
				"north": {"uv": [0, 8, 0.75, 9], "texture": "#cross"},
				"east": {"uv": [0, 8, 0.75, 9], "texture": "#cross"},
				"south": {"uv": [0, 8, 0.75, 9], "texture": "#cross"},
				"west": {"uv": [0, 8, 0.75, 9], "texture": "#cross"},
				"up": {"uv": [0, 8, 0.75, 8.75], "texture": "#cross"},
				"down": {"uv": [0, 8, 0.75, 8.75], "texture": "#cross"}
			}
		},
		{
			"from": [6, -0.5, 6],
			"to": [10, 2, 10],
			"faces": {
				"north": {"uv": [0, 8, 1, 8.625], "texture": "#cross"},
				"east": {"uv": [0, 8, 1, 8.625], "texture": "#cross"},
				"south": {"uv": [0, 8, 1, 8.625], "texture": "#cross"},
				"west": {"uv": [0, 8, 1, 8.625], "texture": "#cross"},
				"up": {"uv": [0, 8, 1, 9], "texture": "#cross"},
				"down": {"uv": [0, 8, 1, 9], "texture": "#cross"}
			}
		},
		{
			"from": [7.75, 2, 7.75],
			"to": [8.25, 9, 8.25],
			"faces": {
				"north": {"uv": [4, 8, 4.125, 9.75], "rotation": 180, "texture": "#cross"},
				"east": {"uv": [4, 8, 4.125, 9.75], "rotation": 180, "texture": "#cross"},
				"south": {"uv": [4, 8, 4.125, 9.75], "rotation": 180, "texture": "#cross"},
				"west": {"uv": [4, 8, 4.125, 9.75], "rotation": 180, "texture": "#cross"},
				"up": {"uv": [4, 8, 4.125, 8.125], "rotation": 180, "texture": "#cross"},
				"down": {"uv": [4, 8, 4.125, 8.125], "rotation": 180, "texture": "#cross"}
			}
		},
		{
			"from": [7.5, 6, 7.5],
			"to": [8.5, 8, 8.5],
			"faces": {
				"north": {"uv": [4, 8, 4.25, 8.5], "rotation": 180, "texture": "#cross"},
				"east": {"uv": [4, 8, 4.25, 8.5], "rotation": 180, "texture": "#cross"},
				"south": {"uv": [4, 8, 4.25, 8.5], "rotation": 180, "texture": "#cross"},
				"west": {"uv": [4, 8, 4.25, 8.5], "rotation": 180, "texture": "#cross"},
				"up": {"uv": [4, 8, 4.25, 8.25], "rotation": 180, "texture": "#cross"},
				"down": {"uv": [4, 8, 4.25, 8.25], "rotation": 180, "texture": "#cross"}
			}
		},
		{
			"from": [7.5, 9, 7.5],
			"to": [8.5, 10, 8.5],
			"faces": {
				"north": {"uv": [4, 8, 4.25, 8.25], "rotation": 180, "texture": "#cross"},
				"east": {"uv": [4, 8, 4.25, 8.25], "rotation": 180, "texture": "#cross"},
				"south": {"uv": [4, 8, 4.25, 8.25], "rotation": 180, "texture": "#cross"},
				"west": {"uv": [4, 8, 4.25, 8.25], "rotation": 180, "texture": "#cross"},
				"up": {"uv": [4, 8, 4.25, 8.25], "rotation": 180, "texture": "#cross"},
				"down": {"uv": [4, 8, 4.25, 8.25], "rotation": 180, "texture": "#cross"}
			}
		},
		{
			"from": [7, 8, 7],
			"to": [9, 12, 9],
			"faces": {
				"north": {"uv": [4, 8, 4.5, 9], "rotation": 180, "texture": "#cross"},
				"east": {"uv": [4, 8, 4.5, 9], "rotation": 180, "texture": "#cross"},
				"south": {"uv": [4, 8, 4.5, 9], "rotation": 180, "texture": "#cross"},
				"west": {"uv": [4, 8, 4.5, 9], "rotation": 180, "texture": "#cross"},
				"up": {"uv": [4, 8, 4.5, 8.5], "rotation": 180, "texture": "#cross"},
				"down": {"uv": [4, 8, 4.5, 8.5], "rotation": 180, "texture": "#cross"}
			}
		},
		{
			"from": [6.5, 11, 6.5],
			"to": [9.5, 15, 9.5],
			"faces": {
				"north": {"uv": [4, 8, 4.75, 9], "rotation": 180, "texture": "#cross"},
				"east": {"uv": [4, 8, 4.75, 9], "rotation": 180, "texture": "#cross"},
				"south": {"uv": [4, 8, 4.75, 9], "rotation": 180, "texture": "#cross"},
				"west": {"uv": [4, 8, 4.75, 9], "rotation": 180, "texture": "#cross"},
				"up": {"uv": [4, 8, 4.75, 8.75], "rotation": 180, "texture": "#cross"},
				"down": {"uv": [4, 8, 4.75, 8.75], "rotation": 180, "texture": "#cross"}
			}
		},
		{
			"from": [6, 14, 6],
			"to": [10, 16.5, 10],
			"faces": {
				"north": {"uv": [4, 8, 5, 8.625], "rotation": 180, "texture": "#cross"},
				"east": {"uv": [4, 8, 5, 8.625], "rotation": 180, "texture": "#cross"},
				"south": {"uv": [4, 8, 5, 8.625], "rotation": 180, "texture": "#cross"},
				"west": {"uv": [4, 8, 5, 8.625], "rotation": 180, "texture": "#cross"},
				"up": {"uv": [4, 8, 5, 9], "rotation": 180, "texture": "#cross"},
				"down": {"uv": [4, 8, 5, 9], "rotation": 180, "texture": "#cross"}
			}
		},
		{
			"from": [6.75, 7, 6.75],
			"to": [9.25, 16, 9.25],
			"faces": {
				"north": {"uv": [0, 12, 0.625, 14.25], "texture": "#cross"},
				"east": {"uv": [0, 12, 0.625, 14.25], "texture": "#cross"},
				"south": {"uv": [0, 12, 0.625, 14.25], "texture": "#cross"},
				"west": {"uv": [0, 12, 0.625, 14.25], "texture": "#cross"},
				"up": {"uv": [0, 12, 0.625, 12.625], "texture": "#cross"},
				"down": {"uv": [0, 12, 0.625, 12.625], "texture": "#cross"}
			}
		},
		{
			"from": [6.5, 8, 6.5],
			"to": [9.5, 12, 9.5],
			"faces": {
				"north": {"uv": [0, 12, 0.75, 13], "texture": "#cross"},
				"east": {"uv": [0, 12, 0.75, 13], "texture": "#cross"},
				"south": {"uv": [0, 12, 0.75, 13], "texture": "#cross"},
				"west": {"uv": [0, 12, 0.75, 13], "texture": "#cross"},
				"up": {"uv": [0, 12, 0.75, 12.75], "texture": "#cross"},
				"down": {"uv": [0, 12, 0.75, 12.75], "texture": "#cross"}
			}
		},
		{
			"from": [6.5, 6, 6.5],
			"to": [9.5, 9, 9.5],
			"faces": {
				"north": {"uv": [0, 12, 0.75, 12.75], "texture": "#cross"},
				"east": {"uv": [0, 12, 0.75, 12.75], "texture": "#cross"},
				"south": {"uv": [0, 12, 0.75, 12.75], "texture": "#cross"},
				"west": {"uv": [0, 12, 0.75, 12.75], "texture": "#cross"},
				"up": {"uv": [0, 12, 0.75, 12.75], "texture": "#cross"},
				"down": {"uv": [0, 12, 0.75, 12.75], "texture": "#cross"}
			}
		},
		{
			"from": [6, 4, 6],
			"to": [10, 10, 10],
			"faces": {
				"north": {"uv": [0, 12, 1, 13.5], "texture": "#cross"},
				"east": {"uv": [0, 12, 1, 13.5], "texture": "#cross"},
				"south": {"uv": [0, 12, 1, 13.5], "texture": "#cross"},
				"west": {"uv": [0, 12, 1, 13.5], "texture": "#cross"},
				"up": {"uv": [0, 12, 1, 13], "texture": "#cross"},
				"down": {"uv": [0, 12, 1, 13], "texture": "#cross"}
			}
		},
		{
			"from": [5.5, 1, 5.5],
			"to": [10.5, 7, 10.5],
			"faces": {
				"north": {"uv": [0, 12, 1.25, 13.5], "texture": "#cross"},
				"east": {"uv": [0, 12, 1.25, 13.5], "texture": "#cross"},
				"south": {"uv": [0, 12, 1.25, 13.5], "texture": "#cross"},
				"west": {"uv": [0, 12, 1.25, 13.5], "texture": "#cross"},
				"up": {"uv": [0, 12, 1.25, 13.25], "texture": "#cross"},
				"down": {"uv": [0, 12, 1.25, 13.25], "texture": "#cross"}
			}
		},
		{
			"from": [5, -0.5, 5],
			"to": [11, 4, 11],
			"faces": {
				"north": {"uv": [0, 12, 1.5, 13.125], "texture": "#cross"},
				"east": {"uv": [0, 12, 1.5, 13.125], "texture": "#cross"},
				"south": {"uv": [0, 12, 1.5, 13.125], "texture": "#cross"},
				"west": {"uv": [0, 12, 1.5, 13.125], "texture": "#cross"},
				"up": {"uv": [0, 12, 1.5, 13.5], "texture": "#cross"},
				"down": {"uv": [0, 12, 1.5, 13.5], "texture": "#cross"}
			}
		},
		{
			"from": [6.75, 0, 6.75],
			"to": [9.25, 9, 9.25],
			"faces": {
				"north": {"uv": [4, 12, 4.625, 14.25], "rotation": 180, "texture": "#cross"},
				"east": {"uv": [4, 12, 4.625, 14.25], "rotation": 180, "texture": "#cross"},
				"south": {"uv": [4, 12, 4.625, 14.25], "rotation": 180, "texture": "#cross"},
				"west": {"uv": [4, 12, 4.625, 14.25], "rotation": 180, "texture": "#cross"},
				"up": {"uv": [4, 12, 4.625, 12.625], "rotation": 180, "texture": "#cross"},
				"down": {"uv": [4, 12, 4.625, 12.625], "rotation": 180, "texture": "#cross"}
			}
		},
		{
			"from": [6.5, 4, 6.5],
			"to": [9.5, 8, 9.5],
			"faces": {
				"north": {"uv": [4, 12, 4.75, 13], "rotation": 180, "texture": "#cross"},
				"east": {"uv": [4, 12, 4.75, 13], "rotation": 180, "texture": "#cross"},
				"south": {"uv": [4, 12, 4.75, 13], "rotation": 180, "texture": "#cross"},
				"west": {"uv": [4, 12, 4.75, 13], "rotation": 180, "texture": "#cross"},
				"up": {"uv": [4, 12, 4.75, 12.75], "rotation": 180, "texture": "#cross"},
				"down": {"uv": [4, 12, 4.75, 12.75], "rotation": 180, "texture": "#cross"}
			}
		},
		{
			"from": [6.5, 7, 6.5],
			"to": [9.5, 10, 9.5],
			"faces": {
				"north": {"uv": [4, 12, 4.75, 12.75], "rotation": 180, "texture": "#cross"},
				"east": {"uv": [4, 12, 4.75, 12.75], "rotation": 180, "texture": "#cross"},
				"south": {"uv": [4, 12, 4.75, 12.75], "rotation": 180, "texture": "#cross"},
				"west": {"uv": [4, 12, 4.75, 12.75], "rotation": 180, "texture": "#cross"},
				"up": {"uv": [4, 12, 4.75, 12.75], "rotation": 180, "texture": "#cross"},
				"down": {"uv": [4, 12, 4.75, 12.75], "rotation": 180, "texture": "#cross"}
			}
		},
		{
			"from": [6, 6, 6],
			"to": [10, 12, 10],
			"faces": {
				"north": {"uv": [4, 12, 5, 13.5], "rotation": 180, "texture": "#cross"},
				"east": {"uv": [4, 12, 5, 13.5], "rotation": 180, "texture": "#cross"},
				"south": {"uv": [4, 12, 5, 13.5], "rotation": 180, "texture": "#cross"},
				"west": {"uv": [4, 12, 5, 13.5], "rotation": 180, "texture": "#cross"},
				"up": {"uv": [4, 12, 5, 13], "rotation": 180, "texture": "#cross"},
				"down": {"uv": [4, 12, 5, 13], "rotation": 180, "texture": "#cross"}
			}
		},
		{
			"from": [5.5, 9, 5.5],
			"to": [10.5, 15, 10.5],
			"faces": {
				"north": {"uv": [4, 12, 5.25, 13.5], "rotation": 180, "texture": "#cross"},
				"east": {"uv": [4, 12, 5.25, 13.5], "rotation": 180, "texture": "#cross"},
				"south": {"uv": [4, 12, 5.25, 13.5], "rotation": 180, "texture": "#cross"},
				"west": {"uv": [4, 12, 5.25, 13.5], "rotation": 180, "texture": "#cross"},
				"up": {"uv": [4, 12, 5.25, 13.25], "rotation": 180, "texture": "#cross"},
				"down": {"uv": [4, 12, 5.25, 13.25], "rotation": 180, "texture": "#cross"}
			}
		},
		{
			"from": [5, 12, 5],
			"to": [11, 16.5, 11],
			"faces": {
				"north": {"uv": [4, 12, 5.5, 13.125], "rotation": 180, "texture": "#cross"},
				"east": {"uv": [4, 12, 5.5, 13.125], "rotation": 180, "texture": "#cross"},
				"south": {"uv": [4, 12, 5.5, 13.125], "rotation": 180, "texture": "#cross"},
				"west": {"uv": [4, 12, 5.5, 13.125], "rotation": 180, "texture": "#cross"},
				"up": {"uv": [4, 12, 5.5, 13.5], "rotation": 180, "texture": "#cross"},
				"down": {"uv": [4, 12, 5.5, 13.5], "rotation": 180, "texture": "#cross"}
			}
		}
	],
	"groups": [
		{
			"name": "Middle",
			"origin": [7.55, 0, 8],
			"children": [0, 1, 2, 3, 4]
		},
		{
			"name": "BaseDown",
			"origin": [7.55, 0, 8],
			"children": [5, 6, 7, 8]
		},
		{
			"name": "BaseUp",
			"origin": [7.55, 0, 8],
			"children": [9, 10, 11, 12]
		},
		{
			"name": "frustrumUp",
			"origin": [8, 8, 8],
			"children": [13, 14, 15, 16, 17, 18]
		},
		{
			"name": "frustrumDown",
			"origin": [8, 8, 8],
			"children": [19, 20, 21, 22, 23, 24]
		},
		{
			"name": "pointUp",
			"origin": [8, 8, 8],
			"children": [25, 26, 27, 28, 29, 30]
		},
		{
			"name": "pointDown",
			"origin": [8, 8, 8],
			"children": [31, 32, 33, 34, 35, 36]
		},
		{
			"name": "pointUpMerge",
			"origin": [8, 8, 8],
			"children": [37, 38, 39, 40, 41, 42]
		},
		{
			"name": "pointDownMerge",
			"origin": [8, 8, 8],
			"children": [43, 44, 45, 46, 47, 48]
		}
	]
}