{
	"credit": "Made with Blockbench",
	"parent": "block/template_trapdoor_bottom",
	"textures": {
		"0": "block/trapdoors/acacia_trapdoor",
		"1": "block/trapdoors/acacia_trapdoor_rim",
		"particle": "block/trapdoors/acacia_trapdoor"
	},
	"elements": [
		{
			"from": [0, 0, 0],
			"to": [16, 3, 3],
			"faces": {
				"north": {"uv": [0, 10, 16, 13], "texture": "#1"},
				"east": {"uv": [13, 13, 16, 16], "texture": "#1"},
				"south": {"uv": [0, 10, 16, 13], "texture": "#1"},
				"west": {"uv": [0, 13, 3, 16], "texture": "#1"},
				"up": {"uv": [0, 0, 16, 3], "texture": "#0"},
				"down": {"uv": [0, 0, 16, 3], "texture": "#0"}
			}
		},
		{
			"from": [0, 0, 13],
			"to": [16, 3, 16],
			"faces": {
				"north": {"uv": [0, 10, 16, 13], "texture": "#1"},
				"east": {"uv": [0, 13, 3, 16], "texture": "#1"},
				"south": {"uv": [0, 10, 16, 13], "texture": "#1"},
				"west": {"uv": [13, 13, 16, 16], "texture": "#1"},
				"up": {"uv": [0, 13, 16, 16], "texture": "#0"},
				"down": {"uv": [0, 13, 16, 16], "texture": "#0"}
			}
		},
		{
			"from": [13, 0, 3],
			"to": [16, 3, 13],
			"faces": {
				"east": {"uv": [3, 13, 13, 16], "texture": "#1"},
				"west": {"uv": [3, 13, 13, 16], "texture": "#1"},
				"up": {"uv": [13, 3, 16, 13], "texture": "#0"},
				"down": {"uv": [13, 3, 16, 13], "texture": "#0"}
			}
		},
		{
			"from": [0, 0, 3],
			"to": [3, 3, 13],
			"faces": {
				"east": {"uv": [3, 10, 13, 13], "texture": "#1"},
				"west": {"uv": [3, 13, 13, 16], "texture": "#1"},
				"up": {"uv": [0, 3, 3, 13], "texture": "#0"},
				"down": {"uv": [0, 3, 3, 13], "texture": "#0"}
			}
		},
		{
			"from": [5, 1, 3],
			"to": [7, 2.5, 13],
			"faces": {
				"east": {"uv": [3, 4, 13, 5.5], "texture": "#1"},
				"west": {"uv": [3, 4, 13, 5.5], "texture": "#1"},
				"up": {"uv": [5, 3, 7, 13], "texture": "#0"},
				"down": {"uv": [13, 4.5, 3, 6.5], "rotation": 270, "texture": "#0"}
			}
		},
		{
			"from": [9, 1, 3],
			"to": [11, 2.5, 13],
			"faces": {
				"east": {"uv": [3, 4, 13, 5.5], "texture": "#1"},
				"west": {"uv": [3, 4, 13, 5.5], "texture": "#1"},
				"up": {"uv": [9, 3, 11, 13], "texture": "#0"},
				"down": {"uv": [13, 9.5, 3, 11.5], "rotation": 270, "texture": "#0"}
			}
		},
		{
			"from": [3, 0.5, 4.5],
			"to": [13, 2, 6.5],
			"faces": {
				"north": {"uv": [3, 7, 13, 8.5], "rotation": 180, "texture": "#1"},
				"south": {"uv": [3, 7, 13, 8.5], "texture": "#1"},
				"up": {"uv": [3, 4.5, 13, 6.5], "texture": "#0"},
				"down": {"uv": [9, 3, 11, 13], "rotation": 270, "texture": "#0"}
			}
		},
		{
			"from": [3, 0.5, 9.5],
			"to": [13, 2, 11.5],
			"faces": {
				"north": {"uv": [3, 4.5, 13, 6], "texture": "#1"},
				"south": {"uv": [3, 4, 13, 5.5], "texture": "#1"},
				"up": {"uv": [3, 9.5, 13, 11.5], "texture": "#0"},
				"down": {"uv": [5, 3, 7, 13], "rotation": 270, "texture": "#0"}
			}
		}
	],
	"groups": [0, 1, 2, 3,
		{
			"name": "group",
			"children": [4]
		},
		{
			"name": "group",
			"children": [5]
		},
		{
			"name": "group",
			"children": [6]
		},
		{
			"name": "group",
			"children": [7]
		}
	]
}