{
	"variants": {
		"type=bottom": [
			{ "model":"block/slabs/snowy/deepslate/deepslate_tile_slab_bottom_0" },
			{ "model":"block/slabs/snowy/deepslate/deepslate_tile_slab_bottom_1" },
			{ "model":"block/slabs/snowy/deepslate/deepslate_tile_slab_bottom_2" }
		],
		"type=top": [
			{ "model":"block/slabs/snowy/deepslate/deepslate_tile_slab_top_0" },
			{ "model":"block/slabs/snowy/deepslate/deepslate_tile_slab_top_1" },
			{ "model":"block/slabs/snowy/deepslate/deepslate_tile_slab_top_2" }
		],
		"type=double": [
			{ "model":"block/deepslate/tiles/0" },
			{ "model":"block/deepslate/tiles/1" },
			{ "model":"block/deepslate/tiles/2" }
		]
	}
}
