{
	"credit": "Made by SyndiShanX",
	"parent": "item/door",
	"ambientocclusion": false,
	"textures": {
		"top": "block/doors/exposed_copper_door_top",
		"bottom": "block/doors/exposed_copper_door_bottom",
		"sides": "block/doors/exposed_copper_door_sides"
	},
	"elements": [
		{
			"name": "Door Top Frame",
			"from": [1, 16, 0],
			"to": [4, 18, 16],
			"faces": {
				"north": {"uv": [6, 14, 9, 16], "texture": "#sides"},
				"east": {"uv": [0, 14, 16, 16], "texture": "#top"},
				"south": {"uv": [6, 14, 9, 16], "texture": "#sides"},
				"west": {"uv": [0, 14, 16, 16], "texture": "#top"},
				"up": {"uv": [9, 0, 12, 16], "texture": "#sides"}
			}
		},
		{
			"name": "Door Top Frame",
			"from": [1, 18, 0],
			"to": [4, 30, 2],
			"faces": {
				"north": {"uv": [6, 2, 9, 14], "texture": "#sides"},
				"east": {"uv": [2, 2, 0, 14], "texture": "#top"},
				"south": {"uv": [9, 2, 12, 14], "texture": "#sides"},
				"west": {"uv": [0, 2, 2, 14], "texture": "#top"}
			}
		},
		{
			"name": "Door Top Frame",
			"from": [1, 18, 14],
			"to": [4, 30, 16],
			"faces": {
				"north": {"uv": [9, 2, 12, 14], "texture": "#sides"},
				"east": {"uv": [16, 2, 14, 14], "texture": "#top"},
				"south": {"uv": [6, 2, 9, 14], "texture": "#sides"},
				"west": {"uv": [14, 2, 16, 14], "texture": "#top"}
			}
		},
		{
			"name": "Door Top Frame",
			"from": [1, 30, 0],
			"to": [4, 32, 16],
			"faces": {
				"north": {"uv": [6, 0, 9, 2], "texture": "#sides"},
				"east": {"uv": [16, 0, 0, 2], "texture": "#top"},
				"south": {"uv": [6, 0, 9, 2], "texture": "#sides"},
				"west": {"uv": [0, 0, 16, 2], "texture": "#top"},
				"up": {"uv": [0, 0, 3, 16], "texture": "#sides"},
				"down": {"uv": [9, 0, 12, 16], "texture": "#sides"}
			}
		},
		{
			"name": "Door Top Frame",
			"from": [1, 29, 2],
			"to": [4, 30, 2.5],
			"faces": {
				"east": {"uv": [2, 2, 2.5, 3], "texture": "#top"},
				"south": {"uv": [2, 2, 2.5, 3], "texture": "#sides"},
				"west": {"uv": [2, 2, 2.5, 3], "texture": "#top"},
				"down": {"uv": [2, 2.5, 2.5, 3], "texture": "#sides"}
			}
		},
		{
			"name": "Door Top Frame",
			"from": [1, 29.5, 2.5],
			"to": [4, 30, 3],
			"faces": {
				"east": {"uv": [2.5, 2, 3, 2.5], "texture": "#top"},
				"south": {"uv": [2.5, 2, 3, 2.5], "texture": "#sides"},
				"west": {"uv": [2.5, 2, 3, 2.5], "texture": "#top"},
				"down": {"uv": [2.5, 2, 3, 2.5], "texture": "#sides"}
			}
		},
		{
			"name": "Door Top Frame",
			"from": [1, 29, 13.5],
			"to": [4, 30, 14],
			"faces": {
				"north": {"uv": [13.5, 2, 14, 3], "texture": "#sides"},
				"east": {"uv": [13.5, 2, 14, 3], "texture": "#top"},
				"west": {"uv": [13.5, 2, 14, 3], "texture": "#top"},
				"down": {"uv": [13.5, 2.5, 14, 3], "texture": "#sides"}
			}
		},
		{
			"name": "Door Top Frame",
			"from": [1, 29.5, 13],
			"to": [4, 30, 13.5],
			"faces": {
				"north": {"uv": [13, 2, 13.5, 2.5], "texture": "#sides"},
				"east": {"uv": [13, 2, 13.5, 2.5], "texture": "#top"},
				"west": {"uv": [13, 2, 13.5, 2.5], "texture": "#top"},
				"down": {"uv": [13, 2, 13.5, 2.5], "texture": "#sides"}
			}
		},
		{
			"name": "Door Top Frame",
			"from": [1, 18, 13],
			"to": [4, 18.5, 13.5],
			"faces": {
				"north": {"uv": [13, 13.5, 13.5, 14], "texture": "#sides"},
				"east": {"uv": [13, 13.5, 13.5, 14], "texture": "#top"},
				"west": {"uv": [13, 13.5, 13.5, 14], "texture": "#top"},
				"up": {"uv": [13, 13.5, 13.5, 14], "texture": "#sides"}
			}
		},
		{
			"name": "Door Top Frame",
			"from": [1, 18, 2],
			"to": [4, 19, 2.5],
			"faces": {
				"east": {"uv": [2, 13, 2.5, 14], "texture": "#top"},
				"south": {"uv": [2, 13, 2.5, 14], "texture": "#sides"},
				"west": {"uv": [2, 13, 2.5, 14], "texture": "#top"},
				"up": {"uv": [2, 13, 2.5, 13.5], "texture": "#sides"}
			}
		},
		{
			"name": "Door Top Frame",
			"from": [1, 18, 2.5],
			"to": [4, 18.5, 3],
			"faces": {
				"east": {"uv": [2.5, 13.5, 3, 14], "texture": "#top"},
				"south": {"uv": [2.5, 13.5, 3, 14], "texture": "#sides"},
				"west": {"uv": [2.5, 13.5, 3, 14], "texture": "#top"},
				"up": {"uv": [2.5, 13.5, 3, 14], "texture": "#sides"}
			}
		},
		{
			"name": "Door Top Frame",
			"from": [1, 18, 13.5],
			"to": [4, 19, 14],
			"faces": {
				"north": {"uv": [13.5, 13, 14, 14], "texture": "#sides"},
				"east": {"uv": [13.5, 13, 14, 14], "texture": "#top"},
				"west": {"uv": [13.5, 13, 14, 14], "texture": "#top"},
				"up": {"uv": [13.5, 13, 14, 13.5], "texture": "#sides"}
			}
		},
		{
			"name": "Door Window",
			"from": [1.5, 18, 2],
			"to": [3.5, 19.5, 14],
			"rotation": {"angle": 0, "axis": "y", "origin": [0, 16, 0]},
			"faces": {
				"east": {"uv": [2, 14, 14, 12.5], "rotation": 180, "texture": "#top"},
				"west": {"uv": [2, 12.5, 14, 14], "texture": "#top"},
				"up": {"uv": [12, 14, 14, 2], "rotation": 180, "texture": "#sides"}
			}
		},
		{
			"name": "Door Window",
			"from": [1.5, 19.5, 2],
			"to": [3.5, 28.5, 3.5],
			"rotation": {"angle": 0, "axis": "y", "origin": [0, 16, 0]},
			"faces": {
				"east": {"uv": [2, 12.5, 3.5, 3.5], "rotation": 180, "texture": "#top"},
				"south": {"uv": [12, 12.5, 14, 3.5], "rotation": 180, "texture": "#sides"},
				"west": {"uv": [2, 3.5, 3.5, 12.5], "texture": "#top"}
			}
		},
		{
			"name": "Door Window",
			"from": [1.5, 19.5, 12.5],
			"to": [3.5, 28.5, 14],
			"rotation": {"angle": 0, "axis": "y", "origin": [0, 16, 0]},
			"faces": {
				"north": {"uv": [12, 12.5, 14, 3.5], "texture": "#sides"},
				"east": {"uv": [12.5, 12.5, 14, 3.5], "rotation": 180, "texture": "#top"},
				"west": {"uv": [12.5, 3.5, 14, 12.5], "texture": "#top"}
			}
		},
		{
			"name": "Door Window",
			"from": [1.5, 28.5, 2],
			"to": [3.5, 30, 14],
			"rotation": {"angle": 0, "axis": "y", "origin": [0, 16, 0]},
			"faces": {
				"east": {"uv": [2, 3.5, 14, 2], "rotation": 180, "texture": "#top"},
				"west": {"uv": [2, 2, 14, 3.5], "texture": "#top"},
				"down": {"uv": [12, 14, 14, 2], "rotation": 180, "texture": "#sides"}
			}
		},
		{
			"name": "Door Window",
			"from": [1.5, 19.5, 9.5],
			"to": [3.5, 20, 10.5],
			"rotation": {"angle": 0, "axis": "y", "origin": [0, 16, 0]},
			"faces": {
				"north": {"uv": [12, 10.5, 14, 10], "texture": "#sides"},
				"east": {"uv": [9.5, 12.5, 10.5, 12], "rotation": 180, "texture": "#top"},
				"west": {"uv": [9.5, 12, 10.5, 12.5], "texture": "#top"},
				"up": {"uv": [12, 10.5, 14, 9.5], "rotation": 180, "texture": "#sides"}
			}
		},
		{
			"name": "Door Window",
			"from": [1.5, 19.5, 10.5],
			"to": [3.5, 20.5, 11],
			"rotation": {"angle": 0, "axis": "y", "origin": [0, 16, 0]},
			"faces": {
				"north": {"uv": [12, 4.5, 14, 3.5], "texture": "#sides"},
				"east": {"uv": [10.5, 12.5, 11, 11.5], "rotation": 180, "texture": "#top"},
				"west": {"uv": [10.5, 11.5, 11, 12.5], "texture": "#top"},
				"up": {"uv": [12, 4.5, 14, 4], "rotation": 180, "texture": "#sides"}
			}
		},
		{
			"name": "Door Window",
			"from": [1.5, 19.5, 11],
			"to": [3.5, 21, 11.5],
			"rotation": {"angle": 0, "axis": "y", "origin": [0, 16, 0]},
			"faces": {
				"north": {"uv": [12, 5, 14, 3.5], "texture": "#sides"},
				"east": {"uv": [11, 12.5, 11.5, 11], "rotation": 180, "texture": "#top"},
				"west": {"uv": [11, 11, 11.5, 12.5], "texture": "#top"},
				"up": {"uv": [12, 5, 14, 4.5], "rotation": 180, "texture": "#sides"}
			}
		},
		{
			"name": "Door Window",
			"from": [1.5, 19.5, 11.5],
			"to": [3.5, 21.5, 12],
			"rotation": {"angle": 0, "axis": "y", "origin": [0, 16, 0]},
			"faces": {
				"north": {"uv": [12, 5.5, 14, 3.5], "texture": "#sides"},
				"east": {"uv": [11.5, 12.5, 12, 10.5], "rotation": 180, "texture": "#top"},
				"west": {"uv": [11.5, 10.5, 12, 12.5], "texture": "#top"},
				"up": {"uv": [12, 5.5, 14, 5], "rotation": 180, "texture": "#sides"}
			}
		},
		{
			"name": "Door Window",
			"from": [1.5, 19.5, 12],
			"to": [3.5, 22.5, 12.5],
			"rotation": {"angle": 0, "axis": "y", "origin": [0, 16, 0]},
			"faces": {
				"north": {"uv": [12, 6.5, 14, 3.5], "texture": "#sides"},
				"east": {"uv": [12, 12.5, 12.5, 9.5], "rotation": 180, "texture": "#top"},
				"west": {"uv": [12, 9.5, 12.5, 12.5], "texture": "#top"},
				"up": {"uv": [12, 5.5, 14, 5], "rotation": 180, "texture": "#sides"}
			}
		},
		{
			"name": "Door Window",
			"from": [1.5, 19.5, 5.5],
			"to": [3.5, 20, 6.5],
			"rotation": {"angle": 0, "axis": "y", "origin": [0, 16, 0]},
			"faces": {
				"east": {"uv": [5.5, 12.5, 6.5, 12], "rotation": 180, "texture": "#top"},
				"south": {"uv": [12, 6, 14, 5.5], "rotation": 180, "texture": "#sides"},
				"west": {"uv": [5.5, 12, 6.5, 12.5], "texture": "#top"},
				"up": {"uv": [12, 6.5, 14, 5.5], "rotation": 180, "texture": "#sides"}
			}
		},
		{
			"name": "Door Window",
			"from": [1.5, 19.5, 5],
			"to": [3.5, 20.5, 5.5],
			"rotation": {"angle": 0, "axis": "y", "origin": [0, 16, 0]},
			"faces": {
				"east": {"uv": [5, 12.5, 5.5, 11.5], "rotation": 180, "texture": "#top"},
				"south": {"uv": [12, 6, 14, 5], "rotation": 180, "texture": "#sides"},
				"west": {"uv": [5, 11.5, 5.5, 12.5], "texture": "#top"},
				"up": {"uv": [12, 5.5, 14, 5], "rotation": 180, "texture": "#sides"}
			}
		},
		{
			"name": "Door Window",
			"from": [1.5, 19.5, 4.5],
			"to": [3.5, 21, 5],
			"rotation": {"angle": 0, "axis": "y", "origin": [0, 16, 0]},
			"faces": {
				"east": {"uv": [4.5, 12.5, 5, 11], "rotation": 180, "texture": "#top"},
				"south": {"uv": [12, 6, 14, 4.5], "rotation": 180, "texture": "#sides"},
				"west": {"uv": [4.5, 11, 5, 12.5], "texture": "#top"},
				"up": {"uv": [12, 5, 14, 4.5], "rotation": 180, "texture": "#sides"}
			}
		},
		{
			"name": "Door Window",
			"from": [1.5, 19.5, 4],
			"to": [3.5, 21.5, 4.5],
			"rotation": {"angle": 0, "axis": "y", "origin": [0, 16, 0]},
			"faces": {
				"east": {"uv": [4, 12.5, 4.5, 10.5], "rotation": 180, "texture": "#top"},
				"south": {"uv": [12, 6, 14, 4], "rotation": 180, "texture": "#sides"},
				"west": {"uv": [4, 10.5, 4.5, 12.5], "texture": "#top"},
				"up": {"uv": [12, 4.5, 14, 4], "rotation": 180, "texture": "#sides"}
			}
		},
		{
			"name": "Door Window",
			"from": [1.5, 19.5, 3.5],
			"to": [3.5, 22.5, 4],
			"rotation": {"angle": 0, "axis": "y", "origin": [0, 16, 0]},
			"faces": {
				"east": {"uv": [3.5, 12.5, 4, 9.5], "rotation": 180, "texture": "#top"},
				"south": {"uv": [12, 12.5, 14, 9.5], "rotation": 180, "texture": "#sides"},
				"west": {"uv": [3.5, 9.5, 4, 12.5], "texture": "#top"},
				"up": {"uv": [12, 10, 14, 9.5], "rotation": 180, "texture": "#sides"}
			}
		},
		{
			"name": "Door Window",
			"from": [1.5, 28, 9.5],
			"to": [3.5, 28.5, 10.5],
			"rotation": {"angle": 0, "axis": "y", "origin": [0, 16, 0]},
			"faces": {
				"north": {"uv": [12, 6.5, 14, 6], "texture": "#sides"},
				"east": {"uv": [9.5, 4, 10.5, 3.5], "rotation": 180, "texture": "#top"},
				"west": {"uv": [9.5, 3.5, 10.5, 4], "texture": "#top"},
				"down": {"uv": [12, 6.5, 14, 5.5], "rotation": 180, "texture": "#sides"}
			}
		},
		{
			"name": "Door Window",
			"from": [1.5, 27.5, 10.5],
			"to": [3.5, 28.5, 11],
			"rotation": {"angle": 0, "axis": "y", "origin": [0, 16, 0]},
			"faces": {
				"north": {"uv": [12, 6, 14, 5], "texture": "#sides"},
				"east": {"uv": [10.5, 4.5, 11, 3.5], "rotation": 180, "texture": "#top"},
				"west": {"uv": [10.5, 3.5, 11, 4.5], "texture": "#top"},
				"down": {"uv": [12, 5.5, 14, 5], "rotation": 180, "texture": "#sides"}
			}
		},
		{
			"name": "Door Window",
			"from": [1.5, 27, 11],
			"to": [3.5, 28.5, 11.5],
			"rotation": {"angle": 0, "axis": "y", "origin": [0, 16, 0]},
			"faces": {
				"north": {"uv": [12, 5.5, 14, 4], "texture": "#sides"},
				"east": {"uv": [11, 5, 11.5, 3.5], "rotation": 180, "texture": "#top"},
				"west": {"uv": [11, 3.5, 11.5, 5], "texture": "#top"},
				"down": {"uv": [12, 4.5, 14, 4], "rotation": 180, "texture": "#sides"}
			}
		},
		{
			"name": "Door Window",
			"from": [1.5, 26.5, 11.5],
			"to": [3.5, 28.5, 12],
			"rotation": {"angle": 0, "axis": "y", "origin": [0, 16, 0]},
			"faces": {
				"north": {"uv": [12, 5.5, 14, 3.5], "texture": "#sides"},
				"east": {"uv": [11.5, 5.5, 12, 3.5], "rotation": 180, "texture": "#top"},
				"west": {"uv": [11.5, 3.5, 12, 5.5], "texture": "#top"},
				"down": {"uv": [12, 4, 14, 3.5], "rotation": 180, "texture": "#sides"}
			}
		},
		{
			"name": "Door Window",
			"from": [1.5, 25.5, 12],
			"to": [3.5, 28.5, 12.5],
			"rotation": {"angle": 0, "axis": "y", "origin": [0, 16, 0]},
			"faces": {
				"north": {"uv": [12, 5.5, 14, 2.5], "texture": "#sides"},
				"east": {"uv": [12, 6.5, 12.5, 3.5], "rotation": 180, "texture": "#top"},
				"west": {"uv": [12, 3.5, 12.5, 6.5], "texture": "#top"},
				"down": {"uv": [12, 3, 14, 2.5], "rotation": 180, "texture": "#sides"}
			}
		},
		{
			"name": "Door Window",
			"from": [1.5, 28, 5.5],
			"to": [3.5, 28.5, 6.5],
			"rotation": {"angle": 0, "axis": "y", "origin": [0, 16, 0]},
			"faces": {
				"east": {"uv": [5.5, 4, 6.5, 3.5], "rotation": 180, "texture": "#top"},
				"south": {"uv": [12, 10, 14, 9.5], "rotation": 180, "texture": "#sides"},
				"west": {"uv": [5.5, 3.5, 6.5, 4], "texture": "#top"},
				"down": {"uv": [12, 10, 14, 9], "rotation": 180, "texture": "#sides"}
			}
		},
		{
			"name": "Door Window",
			"from": [1.5, 27.5, 5],
			"to": [3.5, 28.5, 5.5],
			"rotation": {"angle": 0, "axis": "y", "origin": [0, 16, 0]},
			"faces": {
				"east": {"uv": [5, 4.5, 5.5, 3.5], "rotation": 180, "texture": "#top"},
				"south": {"uv": [12, 11, 14, 10], "rotation": 180, "texture": "#sides"},
				"west": {"uv": [5, 3.5, 5.5, 4.5], "texture": "#top"},
				"down": {"uv": [12, 11, 14, 10.5], "rotation": 180, "texture": "#sides"}
			}
		},
		{
			"name": "Door Window",
			"from": [1.5, 27, 4.5],
			"to": [3.5, 28.5, 5],
			"rotation": {"angle": 0, "axis": "y", "origin": [0, 16, 0]},
			"faces": {
				"east": {"uv": [4.5, 5, 5, 3.5], "rotation": 180, "texture": "#top"},
				"south": {"uv": [12, 11.5, 14, 10], "rotation": 180, "texture": "#sides"},
				"west": {"uv": [4.5, 3.5, 5, 5], "texture": "#top"},
				"down": {"uv": [12, 11.5, 14, 11], "rotation": 180, "texture": "#sides"}
			}
		},
		{
			"name": "Door Window",
			"from": [1.5, 26.5, 4],
			"to": [3.5, 28.5, 4.5],
			"rotation": {"angle": 0, "axis": "y", "origin": [0, 16, 0]},
			"faces": {
				"east": {"uv": [4, 5.5, 4.5, 3.5], "rotation": 180, "texture": "#top"},
				"south": {"uv": [12, 12, 14, 10], "rotation": 180, "texture": "#sides"},
				"west": {"uv": [4, 3.5, 4.5, 5.5], "texture": "#top"},
				"down": {"uv": [12, 12, 14, 11.5], "rotation": 180, "texture": "#sides"}
			}
		},
		{
			"name": "Door Window",
			"from": [1.5, 25.5, 3.5],
			"to": [3.5, 28.5, 4],
			"rotation": {"angle": 0, "axis": "y", "origin": [0, 16, 0]},
			"faces": {
				"east": {"uv": [3.5, 6.5, 4, 3.5], "rotation": 180, "texture": "#top"},
				"south": {"uv": [12, 12.5, 14, 9.5], "rotation": 180, "texture": "#sides"},
				"west": {"uv": [3.5, 3.5, 4, 6.5], "texture": "#top"},
				"down": {"uv": [12, 12.5, 14, 12], "rotation": 180, "texture": "#sides"}
			}
		},
		{
			"name": "Door Bottom",
			"from": [1.5, 2, 2],
			"to": [3.5, 14, 14],
			"faces": {
				"east": {"uv": [2, 2, 14, 14], "texture": "#bottom"},
				"west": {"uv": [2, 2, 14, 14], "texture": "#bottom"}
			}
		},
		{
			"name": "Door Bottom Frame",
			"from": [1, 0, 0],
			"to": [4, 2, 16],
			"faces": {
				"north": {"uv": [3, 14, 6, 16], "texture": "#sides"},
				"east": {"uv": [16, 14, 0, 16], "texture": "#bottom"},
				"south": {"uv": [3, 14, 6, 16], "texture": "#sides"},
				"west": {"uv": [0, 14, 16, 16], "texture": "#bottom"},
				"up": {"uv": [9, 0, 12, 16], "texture": "#sides"},
				"down": {"uv": [0, 0, 3, 16], "texture": "#sides"}
			}
		},
		{
			"name": "Door Bottom Frame",
			"from": [1, 2, 0],
			"to": [4, 14, 2],
			"faces": {
				"north": {"uv": [3, 2, 6, 14], "texture": "#sides"},
				"east": {"uv": [2, 2, 0, 14], "texture": "#bottom"},
				"south": {"uv": [9, 2, 12, 14], "texture": "#sides"},
				"west": {"uv": [0, 2, 2, 14], "texture": "#bottom"}
			}
		},
		{
			"name": "Door Bottom Frame",
			"from": [1, 2, 14],
			"to": [4, 14, 16],
			"faces": {
				"north": {"uv": [9, 2, 12, 14], "texture": "#sides"},
				"east": {"uv": [16, 2, 14, 14], "texture": "#bottom"},
				"south": {"uv": [3, 2, 6, 14], "texture": "#sides"},
				"west": {"uv": [14, 2, 16, 14], "texture": "#bottom"}
			}
		},
		{
			"name": "Door Bottom Frame",
			"from": [1, 14, 0],
			"to": [4, 16, 16],
			"faces": {
				"north": {"uv": [3, 0, 6, 2], "texture": "#sides"},
				"east": {"uv": [16, 0, 0, 2], "texture": "#bottom"},
				"south": {"uv": [3, 0, 6, 2], "texture": "#sides"},
				"west": {"uv": [0, 0, 16, 2], "texture": "#bottom"},
				"down": {"uv": [9, 0, 12, 16], "texture": "#sides"}
			}
		},
		{
			"name": "Door Bottom Frame",
			"from": [1, 2, 13.5],
			"to": [4, 3, 14],
			"faces": {
				"north": {"uv": [13.5, 13, 14, 14], "texture": "#sides"},
				"east": {"uv": [13.5, 13, 14, 14], "texture": "#bottom"},
				"west": {"uv": [13.5, 13, 14, 14], "texture": "#bottom"},
				"up": {"uv": [13.5, 13, 14, 13.5], "texture": "#sides"}
			}
		},
		{
			"name": "Door Bottom Frame",
			"from": [1, 13, 2],
			"to": [4, 14, 2.5],
			"faces": {
				"east": {"uv": [2, 2, 2.5, 3], "texture": "#bottom"},
				"south": {"uv": [2, 2, 2.5, 3], "texture": "#sides"},
				"west": {"uv": [2, 2, 2.5, 3], "texture": "#bottom"},
				"down": {"uv": [2, 2.5, 2.5, 3], "texture": "#sides"}
			}
		},
		{
			"name": "Door Bottom Frame",
			"from": [1, 13.5, 2.5],
			"to": [4, 14, 3],
			"faces": {
				"east": {"uv": [2.5, 2, 3, 2.5], "texture": "#bottom"},
				"south": {"uv": [2.5, 2, 3, 2.5], "texture": "#sides"},
				"west": {"uv": [2.5, 2, 3, 2.5], "texture": "#bottom"},
				"down": {"uv": [2.5, 2, 3, 2.5], "texture": "#sides"}
			}
		},
		{
			"name": "Door Bottom Frame",
			"from": [1, 13, 13.5],
			"to": [4, 14, 14],
			"faces": {
				"north": {"uv": [13.5, 2, 14, 3], "texture": "#sides"},
				"east": {"uv": [13.5, 2, 14, 3], "texture": "#bottom"},
				"west": {"uv": [13.5, 2, 14, 3], "texture": "#bottom"},
				"down": {"uv": [13.5, 2.5, 14, 3], "texture": "#sides"}
			}
		},
		{
			"name": "Door Bottom Frame",
			"from": [1, 13.5, 13],
			"to": [4, 14, 13.5],
			"faces": {
				"north": {"uv": [13, 2, 13.5, 2.5], "texture": "#sides"},
				"east": {"uv": [13, 2, 13.5, 2.5], "texture": "#bottom"},
				"west": {"uv": [13, 2, 13.5, 2.5], "texture": "#bottom"},
				"down": {"uv": [13, 2, 13.5, 2.5], "texture": "#sides"}
			}
		},
		{
			"name": "Door Bottom Frame",
			"from": [1, 2, 13],
			"to": [4, 2.5, 13.5],
			"faces": {
				"north": {"uv": [13, 13.5, 13.5, 14], "texture": "#sides"},
				"east": {"uv": [13, 13.5, 13.5, 14], "texture": "#bottom"},
				"west": {"uv": [13, 13.5, 13.5, 14], "texture": "#bottom"},
				"up": {"uv": [13, 13.5, 13.5, 14], "texture": "#sides"}
			}
		},
		{
			"name": "Door Bottom Frame",
			"from": [1, 2, 2],
			"to": [4, 3, 2.5],
			"faces": {
				"east": {"uv": [2, 13, 2.5, 14], "texture": "#bottom"},
				"south": {"uv": [2, 13, 2.5, 14], "texture": "#sides"},
				"west": {"uv": [2, 13, 2.5, 14], "texture": "#bottom"},
				"up": {"uv": [2, 13, 2.5, 13.5], "texture": "#sides"}
			}
		},
		{
			"name": "Door Bottom Frame",
			"from": [1, 2, 2.5],
			"to": [4, 2.5, 3],
			"faces": {
				"east": {"uv": [2.5, 13.5, 3, 14], "texture": "#bottom"},
				"south": {"uv": [2.5, 13.5, 3, 14], "texture": "#sides"},
				"west": {"uv": [2.5, 13.5, 3, 14], "texture": "#bottom"},
				"up": {"uv": [2.5, 13.5, 3, 14], "texture": "#sides"}
			}
		}
	],
	"groups": [
		{
			"name": "Top",
			"origin": [8, 8, 8],
			"color": 0,
			"children": [0, 1, 2, 3, 4, 5, 6, 7, 8, 9, 10, 11, 12, 13, 14, 15, 16, 17, 18, 19, 20, 21, 22, 23, 24, 25, 26, 27, 28, 29, 30, 31, 32, 33, 34, 35]
		},
		{
			"name": "Bottom",
			"origin": [8, 8, 8],
			"color": 0,
			"children": [36, 37, 38, 39, 40, 41, 42, 43, 44, 45, 46, 47, 48]
		}
	]
}