{
	"credit": "Made by SyndiShanX",
	"parent": "block/block",
	"textures": {
		"top": "block/sculk_shrieker_top",
		"bottom": "block/sculk_shrieker_bottom",
		"side": "block/sculk_shrieker_side",
		"inner_top": "block/sculk_shrieker_can_summon_inner_top",
		"particle": "block/sculk_shrieker_bottom"
	},
	"elements": [
		{
			"name": "bottom_slab",
			"from": [0, 0, 0],
			"to": [16, 8, 16],
			"faces": {
				"north": {"uv": [0, 8, 16, 16], "texture": "#side", "cullface": "north"},
				"east": {"uv": [0, 8, 16, 16], "texture": "#side", "cullface": "east"},
				"south": {"uv": [0, 8, 16, 16], "texture": "#side", "cullface": "south"},
				"west": {"uv": [0, 8, 16, 16], "texture": "#side", "cullface": "west"},
				"up": {"uv": [0, 0, 16, 16], "texture": "#inner_top"},
				"down": {"uv": [0, 0, 16, 16], "texture": "#bottom", "cullface": "down"}
			}
		},
		{
			"name": "top_slab",
			"from": [0.5, 8, 0.5],
			"to": [15.5, 15, 15.5],
			"faces": {
				"north": {"uv": [0.5, 1, 15.5, 8], "texture": "#side"},
				"east": {"uv": [0.5, 1, 15.5, 8], "texture": "#side"},
				"south": {"uv": [0.5, 1, 15.5, 8], "texture": "#side"},
				"west": {"uv": [0.5, 1, 15.5, 8], "texture": "#side"},
				"up": {"uv": [1, 1, 15, 15], "texture": "#top"}
			}
		},
		{
			"name": "up",
			"from": [1, 14.98, 1],
			"to": [15, 14.98, 15],
			"faces": {
				"down": {"uv": [1, 1, 15, 15], "texture": "#top"}
			}
		},
		{
			"name": "south",
			"from": [0.5, 8, 15.48],
			"to": [15.5, 15, 15.48],
			"faces": {
				"north": {"uv": [1, 1, 15, 8], "texture": "#side"}
			}
		},
		{
			"name": "north",
			"from": [0.5, 8, 0.52],
			"to": [15.5, 15, 0.52],
			"faces": {
				"south": {"uv": [1, 1, 15, 8], "texture": "#side"}
			}
		},
		{
			"name": "east",
			"from": [15.48, 8, 0.5],
			"to": [15.48, 15, 15.5],
			"faces": {
				"west": {"uv": [1, 1, 15, 8], "texture": "#side"}
			}
		},
		{
			"name": "west",
			"from": [0.52, 8, 0.5],
			"to": [0.52, 15, 15.5],
			"faces": {
				"east": {"uv": [1, 1, 15, 8], "texture": "#side"}
			}
		}
	]
}