{
	"ambientocclusion": false,
	"textures": {
		"1": "block/redstone_torch",
		"particle": "block/redstone_torch"
	},
	"elements": [
		{
			"name": "Main",
			"from": [2, 0, 7],
			"to": [4, 7, 9],
			"shade": false,
			"faces": {
				"north": {"uv": [7, 9, 9, 16], "texture": "#1"},
				"east": {"uv": [7, 9, 9, 16], "texture": "#1"},
				"south": {"uv": [7, 9, 9, 16], "texture": "#1"},
				"west": {"uv": [7, 9, 9, 16], "texture": "#1"},
				"down": {"uv": [7, 14, 9, 16], "texture": "#1"}
			}
		},
		{
			"from": [0, 2.5, 7],
			"to": [2, 4, 7.5],
			"faces": {
				"north": {"uv": [7, 12, 9, 13.5], "texture": "#1"},
				"south": {"uv": [7, 12, 9, 13.5], "texture": "#1"},
				"west": {"uv": [7, 12, 7.5, 13.5], "texture": "#1"},
				"up": {"uv": [7, 12, 9, 12.5], "texture": "#1"},
				"down": {"uv": [7, 13, 9, 13.5], "texture": "#1"}
			}
		},
		{
			"from": [0, 2.5, 8.5],
			"to": [2, 4, 9],
			"faces": {
				"north": {"uv": [7, 12, 9, 13.5], "texture": "#1"},
				"south": {"uv": [7, 12, 9, 13.5], "texture": "#1"},
				"west": {"uv": [7, 12, 7.5, 13.5], "texture": "#1"},
				"up": {"uv": [7, 12, 9, 12.5], "texture": "#1"},
				"down": {"uv": [7, 13, 9, 13.5], "texture": "#1"}
			}
		},
		{
			"from": [2.5, 10, 7.5],
			"to": [3.5, 10.5, 8.5],
			"faces": {
				"up": {"uv": [7.5, 5.5, 8, 6], "texture": "#1"}
			}
		},
		{
			"from": [2, 7, 7],
			"to": [2.5, 7.5, 7.5],
			"faces": {
				"east": {"uv": [6.5, 8.5, 7, 9], "texture": "#1"},
				"south": {"uv": [6.5, 8.5, 7, 9], "texture": "#1"},
				"west": {"uv": [6.5, 8.5, 7, 9], "texture": "#1"},
				"up": {"uv": [6.5, 8.5, 7, 9], "texture": "#1"}
			}
		},
		{
			"from": [2, 7, 8.5],
			"to": [2.5, 7.5, 9],
			"faces": {
				"north": {"uv": [8.5, 8.5, 9, 9], "texture": "#1"},
				"east": {"uv": [8.5, 8.5, 9, 9], "texture": "#1"},
				"west": {"uv": [8.5, 8.5, 9, 9], "texture": "#1"},
				"up": {"uv": [8.5, 8.5, 9, 9], "texture": "#1"}
			}
		},
		{
			"from": [2, 5.5, 9],
			"to": [2.5, 7.5, 9.5],
			"faces": {
				"north": {"uv": [9, 8.5, 9.5, 10.5], "texture": "#1"},
				"east": {"uv": [9, 8.5, 9.5, 10.5], "texture": "#1"},
				"south": {"uv": [9, 8.5, 9.5, 10.5], "texture": "#1"},
				"west": {"uv": [9, 8.5, 9.5, 10.5], "texture": "#1"},
				"up": {"uv": [9, 8.5, 9.5, 9], "texture": "#1"},
				"down": {"uv": [9, 10, 9.5, 10.5], "texture": "#1"}
			}
		},
		{
			"from": [2, 5.5, 6.5],
			"to": [2.5, 7.5, 7],
			"faces": {
				"north": {"uv": [6.5, 8.5, 7, 10.5], "texture": "#1"},
				"east": {"uv": [6.5, 8.5, 7, 10.5], "texture": "#1"},
				"south": {"uv": [6.5, 8.5, 7, 10.5], "texture": "#1"},
				"west": {"uv": [6.5, 8.5, 7, 10.5], "texture": "#1"},
				"up": {"uv": [6.5, 8.5, 7, 9], "texture": "#1"},
				"down": {"uv": [6.5, 10, 7, 10.5], "texture": "#1"}
			}
		},
		{
			"from": [2, 6, 6],
			"to": [2.5, 8, 6.5],
			"faces": {
				"north": {"uv": [6, 8, 6.5, 10], "texture": "#1"},
				"east": {"uv": [6, 8, 6.5, 10], "texture": "#1"},
				"south": {"uv": [6, 8, 6.5, 10], "texture": "#1"},
				"west": {"uv": [6, 8, 6.5, 10], "texture": "#1"},
				"up": {"uv": [6, 8, 6.5, 8.5], "texture": "#1"},
				"down": {"uv": [6, 9.5, 6.5, 10], "texture": "#1"}
			}
		},
		{
			"from": [2, 6, 9.5],
			"to": [2.5, 8, 10],
			"faces": {
				"north": {"uv": [9.5, 8, 10, 10], "texture": "#1"},
				"east": {"uv": [9.5, 8, 10, 10], "texture": "#1"},
				"south": {"uv": [9.5, 8, 10, 10], "texture": "#1"},
				"west": {"uv": [9.5, 8, 10, 10], "texture": "#1"},
				"up": {"uv": [9.5, 8, 10, 8.5], "texture": "#1"},
				"down": {"uv": [9.5, 9.5, 10, 10], "texture": "#1"}
			}
		},
		{
			"from": [2, 5.5, 10],
			"to": [2.5, 11, 10.5],
			"faces": {
				"north": {"uv": [10, 5, 10.5, 10.5], "texture": "#1"},
				"east": {"uv": [10, 5, 10.5, 10.5], "texture": "#1"},
				"south": {"uv": [10, 5, 10.5, 10.5], "texture": "#1"},
				"west": {"uv": [10, 5, 10.5, 10.5], "texture": "#1"},
				"up": {"uv": [10, 5, 10.5, 5.5], "texture": "#1"},
				"down": {"uv": [10, 10, 10.5, 10.5], "texture": "#1"}
			}
		},
		{
			"from": [2, 5.5, 5.5],
			"to": [2.5, 11, 6],
			"faces": {
				"north": {"uv": [5.5, 5, 6, 10.5], "texture": "#1"},
				"east": {"uv": [5.5, 5, 6, 10.5], "texture": "#1"},
				"south": {"uv": [5.5, 5, 6, 10.5], "texture": "#1"},
				"west": {"uv": [5.5, 5, 6, 10.5], "texture": "#1"},
				"up": {"uv": [5.5, 5, 6, 5.5], "texture": "#1"},
				"down": {"uv": [5.5, 10, 6, 10.5], "texture": "#1"}
			}
		},
		{
			"from": [2, 7, 5],
			"to": [2.5, 10.5, 5.5],
			"faces": {
				"north": {"uv": [5, 5.5, 5.5, 9], "texture": "#1"},
				"east": {"uv": [5, 5.5, 5.5, 9], "texture": "#1"},
				"west": {"uv": [5, 5.5, 5.5, 9], "texture": "#1"},
				"up": {"uv": [5, 5.5, 5.5, 6], "texture": "#1"},
				"down": {"uv": [5, 8.5, 5.5, 9], "texture": "#1"}
			}
		},
		{
			"from": [2, 7, 10.5],
			"to": [2.5, 10.5, 11],
			"faces": {
				"east": {"uv": [10.5, 5.5, 11, 9], "texture": "#1"},
				"south": {"uv": [10.5, 5.5, 11, 9], "texture": "#1"},
				"west": {"uv": [10.5, 5.5, 11, 9], "texture": "#1"},
				"up": {"uv": [10.5, 5.5, 11, 6], "texture": "#1"},
				"down": {"uv": [10.5, 8.5, 11, 9], "texture": "#1"}
			}
		},
		{
			"from": [2, 7.5, 11],
			"to": [2.5, 10, 11.5],
			"faces": {
				"east": {"uv": [11, 6, 11.5, 8.5], "texture": "#1"},
				"south": {"uv": [11, 6, 11.5, 8.5], "texture": "#1"},
				"west": {"uv": [11, 6, 11.5, 8.5], "texture": "#1"},
				"up": {"uv": [11, 6, 11.5, 6.5], "texture": "#1"},
				"down": {"uv": [11, 8, 11.5, 8.5], "texture": "#1"}
			}
		},
		{
			"from": [2, 7.5, 4.5],
			"to": [2.5, 10, 5],
			"faces": {
				"north": {"uv": [4.5, 6, 5, 8.5], "texture": "#1"},
				"east": {"uv": [4.5, 6, 5, 8.5], "texture": "#1"},
				"west": {"uv": [4.5, 6, 5, 8.5], "texture": "#1"},
				"up": {"uv": [4.5, 6, 5, 6.5], "texture": "#1"},
				"down": {"uv": [4.5, 8, 5, 8.5], "texture": "#1"}
			}
		},
		{
			"from": [2, 9.5, 6],
			"to": [2.5, 11.5, 6.5],
			"faces": {
				"north": {"uv": [6, 4.5, 6.5, 6.5], "texture": "#1"},
				"east": {"uv": [6, 4.5, 6.5, 6.5], "texture": "#1"},
				"south": {"uv": [6, 4.5, 6.5, 6.5], "texture": "#1"},
				"west": {"uv": [6, 4.5, 6.5, 6.5], "texture": "#1"},
				"up": {"uv": [6, 4.5, 6.5, 5], "texture": "#1"},
				"down": {"uv": [6, 6, 6.5, 6.5], "texture": "#1"}
			}
		},
		{
			"from": [2, 9.5, 9.5],
			"to": [2.5, 11.5, 10],
			"faces": {
				"north": {"uv": [9.5, 4.5, 10, 6.5], "texture": "#1"},
				"east": {"uv": [9.5, 4.5, 10, 6.5], "texture": "#1"},
				"south": {"uv": [9.5, 4.5, 10, 6.5], "texture": "#1"},
				"west": {"uv": [9.5, 4.5, 10, 6.5], "texture": "#1"},
				"up": {"uv": [9.5, 4.5, 10, 5], "texture": "#1"},
				"down": {"uv": [9.5, 6, 10, 6.5], "texture": "#1"}
			}
		},
		{
			"from": [2, 10, 6.5],
			"to": [2.5, 12, 7],
			"faces": {
				"north": {"uv": [6.5, 4, 7, 6], "texture": "#1"},
				"east": {"uv": [6.5, 4, 7, 6], "texture": "#1"},
				"south": {"uv": [6.5, 4, 7, 6], "texture": "#1"},
				"west": {"uv": [6.5, 4, 7, 6], "texture": "#1"},
				"up": {"uv": [6.5, 4, 7, 4.5], "texture": "#1"},
				"down": {"uv": [6.5, 5.5, 7, 6], "texture": "#1"}
			}
		},
		{
			"from": [2, 10, 9],
			"to": [2.5, 12, 9.5],
			"faces": {
				"north": {"uv": [9, 4, 9.5, 6], "texture": "#1"},
				"east": {"uv": [9, 4, 9.5, 6], "texture": "#1"},
				"south": {"uv": [9, 4, 9.5, 6], "texture": "#1"},
				"west": {"uv": [9, 4, 9.5, 6], "texture": "#1"},
				"up": {"uv": [9, 4, 9.5, 4.5], "texture": "#1"},
				"down": {"uv": [9, 5.5, 9.5, 6], "texture": "#1"}
			}
		},
		{
			"from": [2, 10.5, 8.5],
			"to": [2.5, 12, 9],
			"faces": {
				"north": {"uv": [8.5, 4, 9, 5.5], "texture": "#1"},
				"east": {"uv": [8.5, 4, 9, 5.5], "texture": "#1"},
				"south": {"uv": [8.5, 4, 9, 5.5], "texture": "#1"},
				"west": {"uv": [8.5, 4, 9, 5.5], "texture": "#1"},
				"up": {"uv": [8.5, 4, 9, 4.5], "texture": "#1"},
				"down": {"uv": [8.5, 5, 9, 5.5], "texture": "#1"}
			}
		},
		{
			"from": [2, 10.5, 7],
			"to": [2.5, 12, 7.5],
			"faces": {
				"north": {"uv": [7, 4, 7.5, 5.5], "texture": "#1"},
				"east": {"uv": [7, 4, 7.5, 5.5], "texture": "#1"},
				"south": {"uv": [7, 4, 7.5, 5.5], "texture": "#1"},
				"west": {"uv": [7, 4, 7.5, 5.5], "texture": "#1"},
				"up": {"uv": [7, 4, 7.5, 4.5], "texture": "#1"},
				"down": {"uv": [7, 5, 7.5, 5.5], "texture": "#1"}
			}
		},
		{
			"from": [2, 4.5, 5],
			"to": [2.5, 5.5, 5.5],
			"faces": {
				"north": {"uv": [5, 10.5, 5.5, 11.5], "texture": "#1"},
				"east": {"uv": [5, 10.5, 5.5, 11.5], "texture": "#1"},
				"south": {"uv": [5, 10.5, 5.5, 11.5], "texture": "#1"},
				"west": {"uv": [5, 10.5, 5.5, 11.5], "texture": "#1"},
				"up": {"uv": [5, 10.5, 5.5, 11], "texture": "#1"},
				"down": {"uv": [5, 11, 5.5, 11.5], "texture": "#1"}
			}
		},
		{
			"from": [2, 4.5, 9.5],
			"to": [2.5, 5.5, 10],
			"faces": {
				"north": {"uv": [9.5, 10.5, 10, 11.5], "texture": "#1"},
				"east": {"uv": [9.5, 10.5, 10, 11.5], "texture": "#1"},
				"south": {"uv": [9.5, 10.5, 10, 11.5], "texture": "#1"},
				"west": {"uv": [9.5, 10.5, 10, 11.5], "texture": "#1"},
				"up": {"uv": [9.5, 10.5, 10, 11], "texture": "#1"},
				"down": {"uv": [9.5, 11, 10, 11.5], "texture": "#1"}
			}
		},
		{
			"from": [2, 4.5, 6],
			"to": [2.5, 5.5, 6.5],
			"faces": {
				"north": {"uv": [6, 10.5, 6.5, 11.5], "texture": "#1"},
				"east": {"uv": [6, 10.5, 6.5, 11.5], "texture": "#1"},
				"south": {"uv": [6, 10.5, 6.5, 11.5], "texture": "#1"},
				"west": {"uv": [6, 10.5, 6.5, 11.5], "texture": "#1"},
				"up": {"uv": [6, 10.5, 6.5, 11], "texture": "#1"},
				"down": {"uv": [6, 11, 6.5, 11.5], "texture": "#1"}
			}
		},
		{
			"from": [2, 4.5, 10.5],
			"to": [2.5, 5.5, 11],
			"faces": {
				"north": {"uv": [10.5, 10.5, 11, 11.5], "texture": "#1"},
				"east": {"uv": [10.5, 10.5, 11, 11.5], "texture": "#1"},
				"south": {"uv": [10.5, 10.5, 11, 11.5], "texture": "#1"},
				"west": {"uv": [10.5, 10.5, 11, 11.5], "texture": "#1"},
				"up": {"uv": [10.5, 10.5, 11, 11], "texture": "#1"},
				"down": {"uv": [10.5, 11, 11, 11.5], "texture": "#1"}
			}
		},
		{
			"from": [2, 3.5, 5.5],
			"to": [2.5, 4.5, 6],
			"faces": {
				"north": {"uv": [5.5, 11.5, 6, 12.5], "texture": "#1"},
				"east": {"uv": [5.5, 11.5, 6, 12.5], "texture": "#1"},
				"south": {"uv": [5.5, 11.5, 6, 12.5], "texture": "#1"},
				"west": {"uv": [5.5, 11.5, 6, 12.5], "texture": "#1"},
				"up": {"uv": [5.5, 11.5, 6, 12], "texture": "#1"},
				"down": {"uv": [5.5, 12, 6, 12.5], "texture": "#1"}
			}
		},
		{
			"from": [2, 3.5, 10],
			"to": [2.5, 4.5, 10.5],
			"faces": {
				"north": {"uv": [10, 11.5, 10.5, 12.5], "texture": "#1"},
				"east": {"uv": [10, 11.5, 10.5, 12.5], "texture": "#1"},
				"south": {"uv": [10, 11.5, 10.5, 12.5], "texture": "#1"},
				"west": {"uv": [10, 11.5, 10.5, 12.5], "texture": "#1"},
				"up": {"uv": [10, 11.5, 10.5, 12], "texture": "#1"},
				"down": {"uv": [10, 12, 10.5, 12.5], "texture": "#1"}
			}
		},
		{
			"from": [2, 2.5, 5],
			"to": [2.5, 3.5, 5.5],
			"faces": {
				"north": {"uv": [5, 12.5, 5.5, 13.5], "texture": "#1"},
				"east": {"uv": [5, 12.5, 5.5, 13.5], "texture": "#1"},
				"south": {"uv": [5, 12.5, 5.5, 13.5], "texture": "#1"},
				"west": {"uv": [5, 12.5, 5.5, 13.5], "texture": "#1"},
				"up": {"uv": [5, 12.5, 5.5, 13], "texture": "#1"},
				"down": {"uv": [5, 13, 5.5, 13.5], "texture": "#1"}
			}
		},
		{
			"from": [2, 2.5, 9.5],
			"to": [2.5, 3.5, 10],
			"faces": {
				"north": {"uv": [9.5, 12.5, 10, 13.5], "texture": "#1"},
				"east": {"uv": [9.5, 12.5, 10, 13.5], "texture": "#1"},
				"south": {"uv": [9.5, 12.5, 10, 13.5], "texture": "#1"},
				"west": {"uv": [9.5, 12.5, 10, 13.5], "texture": "#1"},
				"up": {"uv": [9.5, 12.5, 10, 13], "texture": "#1"},
				"down": {"uv": [9.5, 13, 10, 13.5], "texture": "#1"}
			}
		},
		{
			"from": [2, 2.5, 6],
			"to": [2.5, 3.5, 6.5],
			"faces": {
				"north": {"uv": [6, 12.5, 6.5, 13.5], "texture": "#1"},
				"east": {"uv": [6, 12.5, 6.5, 13.5], "texture": "#1"},
				"south": {"uv": [6, 12.5, 6.5, 13.5], "texture": "#1"},
				"west": {"uv": [6, 12.5, 6.5, 13.5], "texture": "#1"},
				"up": {"uv": [6, 12.5, 6.5, 13], "texture": "#1"},
				"down": {"uv": [6, 13, 6.5, 13.5], "texture": "#1"}
			}
		},
		{
			"from": [2, 2.5, 10.5],
			"to": [2.5, 3.5, 11],
			"faces": {
				"north": {"uv": [10.5, 12.5, 11, 13.5], "texture": "#1"},
				"east": {"uv": [10.5, 12.5, 11, 13.5], "texture": "#1"},
				"south": {"uv": [10.5, 12.5, 11, 13.5], "texture": "#1"},
				"west": {"uv": [10.5, 12.5, 11, 13.5], "texture": "#1"},
				"up": {"uv": [10.5, 12.5, 11, 13], "texture": "#1"},
				"down": {"uv": [10.5, 13, 11, 13.5], "texture": "#1"}
			}
		},
		{
			"from": [2, 2, 5.5],
			"to": [2.5, 2.5, 6],
			"faces": {
				"north": {"uv": [5.5, 13.5, 6, 14], "texture": "#1"},
				"east": {"uv": [5.5, 13.5, 6, 14], "texture": "#1"},
				"south": {"uv": [5.5, 13.5, 6, 14], "texture": "#1"},
				"west": {"uv": [5.5, 13.5, 6, 14], "texture": "#1"},
				"up": {"uv": [5.5, 13.5, 6, 14], "texture": "#1"},
				"down": {"uv": [5.5, 13.5, 6, 14], "texture": "#1"}
			}
		},
		{
			"from": [2, 2, 10],
			"to": [2.5, 2.5, 10.5],
			"faces": {
				"north": {"uv": [10, 13.5, 10.5, 14], "texture": "#1"},
				"east": {"uv": [10, 13.5, 10.5, 14], "texture": "#1"},
				"south": {"uv": [10, 13.5, 10.5, 14], "texture": "#1"},
				"west": {"uv": [10, 13.5, 10.5, 14], "texture": "#1"},
				"up": {"uv": [10, 13.5, 10.5, 14], "texture": "#1"},
				"down": {"uv": [10, 13.5, 10.5, 14], "texture": "#1"}
			}
		},
		{
			"from": [3.5, 7, 7],
			"to": [4, 7.5, 7.5],
			"faces": {
				"north": {"uv": [6.5, 8.5, 7, 9], "texture": "#1"},
				"south": {"uv": [6.5, 8.5, 7, 9], "texture": "#1"},
				"west": {"uv": [6.5, 8.5, 7, 9], "texture": "#1"},
				"up": {"uv": [6.5, 8.5, 7, 9], "rotation": 90, "texture": "#1"}
			}
		},
		{
			"from": [2, 7, 7],
			"to": [2.5, 7.5, 7.5],
			"faces": {
				"north": {"uv": [8.5, 8.5, 9, 9], "texture": "#1"},
				"east": {"uv": [8.5, 8.5, 9, 9], "texture": "#1"},
				"south": {"uv": [8.5, 8.5, 9, 9], "texture": "#1"},
				"up": {"uv": [8.5, 8.5, 9, 9], "rotation": 90, "texture": "#1"}
			}
		},
		{
			"from": [1.5, 5.5, 7],
			"to": [2, 7.5, 7.5],
			"faces": {
				"north": {"uv": [9, 8.5, 9.5, 10.5], "texture": "#1"},
				"east": {"uv": [9, 8.5, 9.5, 10.5], "texture": "#1"},
				"south": {"uv": [9, 8.5, 9.5, 10.5], "texture": "#1"},
				"west": {"uv": [9, 8.5, 9.5, 10.5], "texture": "#1"},
				"up": {"uv": [9, 8.5, 9.5, 9], "rotation": 90, "texture": "#1"},
				"down": {"uv": [9, 10, 9.5, 10.5], "rotation": 270, "texture": "#1"}
			}
		},
		{
			"from": [4, 5.5, 7],
			"to": [4.5, 7.5, 7.5],
			"faces": {
				"north": {"uv": [6.5, 8.5, 7, 10.5], "texture": "#1"},
				"east": {"uv": [6.5, 8.5, 7, 10.5], "texture": "#1"},
				"south": {"uv": [6.5, 8.5, 7, 10.5], "texture": "#1"},
				"west": {"uv": [6.5, 8.5, 7, 10.5], "texture": "#1"},
				"up": {"uv": [6.5, 8.5, 7, 9], "rotation": 90, "texture": "#1"},
				"down": {"uv": [6.5, 10, 7, 10.5], "rotation": 270, "texture": "#1"}
			}
		},
		{
			"from": [4.5, 6, 7],
			"to": [5, 8, 7.5],
			"faces": {
				"north": {"uv": [6, 8, 6.5, 10], "texture": "#1"},
				"east": {"uv": [6, 8, 6.5, 10], "texture": "#1"},
				"south": {"uv": [6, 8, 6.5, 10], "texture": "#1"},
				"west": {"uv": [6, 8, 6.5, 10], "texture": "#1"},
				"up": {"uv": [6, 8, 6.5, 8.5], "rotation": 90, "texture": "#1"},
				"down": {"uv": [6, 9.5, 6.5, 10], "rotation": 270, "texture": "#1"}
			}
		},
		{
			"from": [1, 6, 7],
			"to": [1.5, 8, 7.5],
			"faces": {
				"north": {"uv": [9.5, 8, 10, 10], "texture": "#1"},
				"east": {"uv": [9.5, 8, 10, 10], "texture": "#1"},
				"south": {"uv": [9.5, 8, 10, 10], "texture": "#1"},
				"west": {"uv": [9.5, 8, 10, 10], "texture": "#1"},
				"up": {"uv": [9.5, 8, 10, 8.5], "rotation": 90, "texture": "#1"},
				"down": {"uv": [9.5, 9.5, 10, 10], "rotation": 270, "texture": "#1"}
			}
		},
		{
			"from": [0.5, 5.5, 7],
			"to": [1, 11, 7.5],
			"faces": {
				"north": {"uv": [10, 5, 10.5, 10.5], "texture": "#1"},
				"east": {"uv": [10, 5, 10.5, 10.5], "texture": "#1"},
				"south": {"uv": [10, 5, 10.5, 10.5], "texture": "#1"},
				"west": {"uv": [10, 5, 10.5, 10.5], "texture": "#1"},
				"up": {"uv": [10, 5, 10.5, 5.5], "rotation": 90, "texture": "#1"},
				"down": {"uv": [10, 10, 10.5, 10.5], "rotation": 270, "texture": "#1"}
			}
		},
		{
			"from": [5, 5.5, 7],
			"to": [5.5, 11, 7.5],
			"faces": {
				"north": {"uv": [5.5, 5, 6, 10.5], "texture": "#1"},
				"east": {"uv": [5.5, 5, 6, 10.5], "texture": "#1"},
				"south": {"uv": [5.5, 5, 6, 10.5], "texture": "#1"},
				"west": {"uv": [5.5, 5, 6, 10.5], "texture": "#1"},
				"up": {"uv": [5.5, 5, 6, 5.5], "rotation": 90, "texture": "#1"},
				"down": {"uv": [5.5, 10, 6, 10.5], "rotation": 270, "texture": "#1"}
			}
		},
		{
			"from": [5.5, 7, 7],
			"to": [6, 10.5, 7.5],
			"faces": {
				"north": {"uv": [5, 5.5, 5.5, 9], "texture": "#1"},
				"east": {"uv": [5, 5.5, 5.5, 9], "texture": "#1"},
				"south": {"uv": [5, 5.5, 5.5, 9], "texture": "#1"},
				"up": {"uv": [5, 5.5, 5.5, 6], "rotation": 90, "texture": "#1"},
				"down": {"uv": [5, 8.5, 5.5, 9], "rotation": 270, "texture": "#1"}
			}
		},
		{
			"from": [0, 7, 7],
			"to": [0.5, 10.5, 7.5],
			"faces": {
				"north": {"uv": [10.5, 5.5, 11, 9], "texture": "#1"},
				"south": {"uv": [10.5, 5.5, 11, 9], "texture": "#1"},
				"west": {"uv": [10.5, 5.5, 11, 9], "texture": "#1"},
				"up": {"uv": [10.5, 5.5, 11, 6], "rotation": 90, "texture": "#1"},
				"down": {"uv": [10.5, 8.5, 11, 9], "rotation": 270, "texture": "#1"}
			}
		},
		{
			"from": [-0.5, 7.5, 7],
			"to": [0, 10, 7.5],
			"faces": {
				"north": {"uv": [11, 6, 11.5, 8.5], "texture": "#1"},
				"south": {"uv": [11, 6, 11.5, 8.5], "texture": "#1"},
				"west": {"uv": [11, 6, 11.5, 8.5], "texture": "#1"},
				"up": {"uv": [11, 6, 11.5, 6.5], "rotation": 90, "texture": "#1"},
				"down": {"uv": [11, 8, 11.5, 8.5], "rotation": 270, "texture": "#1"}
			}
		},
		{
			"from": [6, 7.5, 7],
			"to": [6.5, 10, 7.5],
			"faces": {
				"north": {"uv": [4.5, 6, 5, 8.5], "texture": "#1"},
				"east": {"uv": [4.5, 6, 5, 8.5], "texture": "#1"},
				"south": {"uv": [4.5, 6, 5, 8.5], "texture": "#1"},
				"up": {"uv": [4.5, 6, 5, 6.5], "rotation": 90, "texture": "#1"},
				"down": {"uv": [4.5, 8, 5, 8.5], "rotation": 270, "texture": "#1"}
			}
		},
		{
			"from": [4.5, 9.5, 7],
			"to": [5, 11.5, 7.5],
			"faces": {
				"north": {"uv": [6, 4.5, 6.5, 6.5], "texture": "#1"},
				"east": {"uv": [6, 4.5, 6.5, 6.5], "texture": "#1"},
				"south": {"uv": [6, 4.5, 6.5, 6.5], "texture": "#1"},
				"west": {"uv": [6, 4.5, 6.5, 6.5], "texture": "#1"},
				"up": {"uv": [6, 4.5, 6.5, 5], "rotation": 90, "texture": "#1"},
				"down": {"uv": [6, 6, 6.5, 6.5], "rotation": 270, "texture": "#1"}
			}
		},
		{
			"from": [1, 9.5, 7],
			"to": [1.5, 11.5, 7.5],
			"faces": {
				"north": {"uv": [9.5, 4.5, 10, 6.5], "texture": "#1"},
				"east": {"uv": [9.5, 4.5, 10, 6.5], "texture": "#1"},
				"south": {"uv": [9.5, 4.5, 10, 6.5], "texture": "#1"},
				"west": {"uv": [9.5, 4.5, 10, 6.5], "texture": "#1"},
				"up": {"uv": [9.5, 4.5, 10, 5], "rotation": 90, "texture": "#1"},
				"down": {"uv": [9.5, 6, 10, 6.5], "rotation": 270, "texture": "#1"}
			}
		},
		{
			"from": [4, 10, 7],
			"to": [4.5, 12, 7.5],
			"faces": {
				"north": {"uv": [6.5, 4, 7, 6], "texture": "#1"},
				"east": {"uv": [6.5, 4, 7, 6], "texture": "#1"},
				"south": {"uv": [6.5, 4, 7, 6], "texture": "#1"},
				"west": {"uv": [6.5, 4, 7, 6], "texture": "#1"},
				"up": {"uv": [6.5, 4, 7, 4.5], "rotation": 90, "texture": "#1"},
				"down": {"uv": [6.5, 5.5, 7, 6], "rotation": 270, "texture": "#1"}
			}
		},
		{
			"from": [1.5, 10, 7],
			"to": [2, 12, 7.5],
			"faces": {
				"north": {"uv": [9, 4, 9.5, 6], "texture": "#1"},
				"east": {"uv": [9, 4, 9.5, 6], "texture": "#1"},
				"south": {"uv": [9, 4, 9.5, 6], "texture": "#1"},
				"west": {"uv": [9, 4, 9.5, 6], "texture": "#1"},
				"up": {"uv": [9, 4, 9.5, 4.5], "rotation": 90, "texture": "#1"},
				"down": {"uv": [9, 5.5, 9.5, 6], "rotation": 270, "texture": "#1"}
			}
		},
		{
			"from": [2, 10.5, 7],
			"to": [2.5, 12, 7.5],
			"faces": {
				"north": {"uv": [8.5, 4, 9, 5.5], "texture": "#1"},
				"east": {"uv": [8.5, 4, 9, 5.5], "texture": "#1"},
				"south": {"uv": [8.5, 4, 9, 5.5], "texture": "#1"},
				"west": {"uv": [8.5, 4, 9, 5.5], "texture": "#1"},
				"up": {"uv": [8.5, 4, 9, 4.5], "rotation": 90, "texture": "#1"},
				"down": {"uv": [8.5, 5, 9, 5.5], "rotation": 270, "texture": "#1"}
			}
		},
		{
			"from": [3.5, 10.5, 7],
			"to": [4, 12, 7.5],
			"faces": {
				"north": {"uv": [7, 4, 7.5, 5.5], "texture": "#1"},
				"east": {"uv": [7, 4, 7.5, 5.5], "texture": "#1"},
				"south": {"uv": [7, 4, 7.5, 5.5], "texture": "#1"},
				"west": {"uv": [7, 4, 7.5, 5.5], "texture": "#1"},
				"up": {"uv": [7, 4, 7.5, 4.5], "rotation": 90, "texture": "#1"},
				"down": {"uv": [7, 5, 7.5, 5.5], "rotation": 270, "texture": "#1"}
			}
		},
		{
			"from": [5.5, 4.5, 7],
			"to": [6, 5.5, 7.5],
			"faces": {
				"north": {"uv": [5, 10.5, 5.5, 11.5], "texture": "#1"},
				"east": {"uv": [5, 10.5, 5.5, 11.5], "texture": "#1"},
				"south": {"uv": [5, 10.5, 5.5, 11.5], "texture": "#1"},
				"west": {"uv": [5, 10.5, 5.5, 11.5], "texture": "#1"},
				"up": {"uv": [5, 10.5, 5.5, 11], "rotation": 90, "texture": "#1"},
				"down": {"uv": [5, 11, 5.5, 11.5], "rotation": 270, "texture": "#1"}
			}
		},
		{
			"from": [1, 4.5, 7],
			"to": [1.5, 5.5, 7.5],
			"faces": {
				"north": {"uv": [9.5, 10.5, 10, 11.5], "texture": "#1"},
				"east": {"uv": [9.5, 10.5, 10, 11.5], "texture": "#1"},
				"south": {"uv": [9.5, 10.5, 10, 11.5], "texture": "#1"},
				"west": {"uv": [9.5, 10.5, 10, 11.5], "texture": "#1"},
				"up": {"uv": [9.5, 10.5, 10, 11], "rotation": 90, "texture": "#1"},
				"down": {"uv": [9.5, 11, 10, 11.5], "rotation": 270, "texture": "#1"}
			}
		},
		{
			"from": [4.5, 4.5, 7],
			"to": [5, 5.5, 7.5],
			"faces": {
				"north": {"uv": [6, 10.5, 6.5, 11.5], "texture": "#1"},
				"east": {"uv": [6, 10.5, 6.5, 11.5], "texture": "#1"},
				"south": {"uv": [6, 10.5, 6.5, 11.5], "texture": "#1"},
				"west": {"uv": [6, 10.5, 6.5, 11.5], "texture": "#1"},
				"up": {"uv": [6, 10.5, 6.5, 11], "rotation": 90, "texture": "#1"},
				"down": {"uv": [6, 11, 6.5, 11.5], "rotation": 270, "texture": "#1"}
			}
		},
		{
			"from": [0, 4.5, 7],
			"to": [0.5, 5.5, 7.5],
			"faces": {
				"north": {"uv": [10.5, 10.5, 11, 11.5], "texture": "#1"},
				"east": {"uv": [10.5, 10.5, 11, 11.5], "texture": "#1"},
				"south": {"uv": [10.5, 10.5, 11, 11.5], "texture": "#1"},
				"west": {"uv": [10.5, 10.5, 11, 11.5], "texture": "#1"},
				"up": {"uv": [10.5, 10.5, 11, 11], "rotation": 90, "texture": "#1"},
				"down": {"uv": [10.5, 11, 11, 11.5], "rotation": 270, "texture": "#1"}
			}
		},
		{
			"from": [5, 3.5, 7],
			"to": [5.5, 4.5, 7.5],
			"faces": {
				"north": {"uv": [5.5, 11.5, 6, 12.5], "texture": "#1"},
				"east": {"uv": [5.5, 11.5, 6, 12.5], "texture": "#1"},
				"south": {"uv": [5.5, 11.5, 6, 12.5], "texture": "#1"},
				"west": {"uv": [5.5, 11.5, 6, 12.5], "texture": "#1"},
				"up": {"uv": [5.5, 11.5, 6, 12], "rotation": 90, "texture": "#1"},
				"down": {"uv": [5.5, 12, 6, 12.5], "rotation": 270, "texture": "#1"}
			}
		},
		{
			"from": [0.5, 4, 7],
			"to": [1, 4.5, 7.5],
			"faces": {
				"north": {"uv": [10, 11.5, 10.5, 12], "texture": "#1"},
				"east": {"uv": [10, 11.5, 10.5, 12], "texture": "#1"},
				"south": {"uv": [10, 11.5, 10.5, 12], "texture": "#1"},
				"west": {"uv": [10, 11.5, 10.5, 12], "texture": "#1"},
				"up": {"uv": [10, 11.5, 10.5, 12], "texture": "#1"}
			}
		},
		{
			"from": [5.5, 2.5, 7],
			"to": [6, 3.5, 7.5],
			"faces": {
				"north": {"uv": [5, 12.5, 5.5, 13.5], "texture": "#1"},
				"east": {"uv": [5, 12.5, 5.5, 13.5], "texture": "#1"},
				"south": {"uv": [5, 12.5, 5.5, 13.5], "texture": "#1"},
				"west": {"uv": [5, 12.5, 5.5, 13.5], "texture": "#1"},
				"up": {"uv": [5, 12.5, 5.5, 13], "rotation": 90, "texture": "#1"},
				"down": {"uv": [5, 13, 5.5, 13.5], "rotation": 270, "texture": "#1"}
			}
		},
		{
			"from": [4.5, 2.5, 7],
			"to": [5, 3.5, 7.5],
			"faces": {
				"north": {"uv": [6, 12.5, 6.5, 13.5], "texture": "#1"},
				"east": {"uv": [6, 12.5, 6.5, 13.5], "texture": "#1"},
				"south": {"uv": [6, 12.5, 6.5, 13.5], "texture": "#1"},
				"west": {"uv": [6, 12.5, 6.5, 13.5], "texture": "#1"},
				"up": {"uv": [6, 12.5, 6.5, 13], "rotation": 90, "texture": "#1"},
				"down": {"uv": [6, 13, 6.5, 13.5], "rotation": 270, "texture": "#1"}
			}
		},
		{
			"from": [5, 2, 7],
			"to": [5.5, 2.5, 7.5],
			"faces": {
				"north": {"uv": [5.5, 13.5, 6, 14], "texture": "#1"},
				"east": {"uv": [5.5, 13.5, 6, 14], "texture": "#1"},
				"south": {"uv": [5.5, 13.5, 6, 14], "texture": "#1"},
				"west": {"uv": [5.5, 13.5, 6, 14], "texture": "#1"},
				"up": {"uv": [5.5, 13.5, 6, 14], "rotation": 90, "texture": "#1"},
				"down": {"uv": [5.5, 13.5, 6, 14], "rotation": 270, "texture": "#1"}
			}
		},
		{
			"from": [3.5, 7, 8.5],
			"to": [4, 7.5, 9],
			"faces": {
				"north": {"uv": [6.5, 8.5, 7, 9], "texture": "#1"},
				"east": {"uv": [6.5, 8.5, 7, 9], "texture": "#1"},
				"west": {"uv": [6.5, 8.5, 7, 9], "texture": "#1"},
				"up": {"uv": [6.5, 8.5, 7, 9], "rotation": 180, "texture": "#1"}
			}
		},
		{
			"from": [3.5, 7, 7],
			"to": [4, 7.5, 7.5],
			"faces": {
				"east": {"uv": [8.5, 8.5, 9, 9], "texture": "#1"},
				"south": {"uv": [8.5, 8.5, 9, 9], "texture": "#1"},
				"west": {"uv": [8.5, 8.5, 9, 9], "texture": "#1"},
				"up": {"uv": [8.5, 8.5, 9, 9], "rotation": 180, "texture": "#1"}
			}
		},
		{
			"from": [3.5, 5.5, 6.5],
			"to": [4, 7.5, 7],
			"faces": {
				"north": {"uv": [9, 8.5, 9.5, 10.5], "texture": "#1"},
				"east": {"uv": [9, 8.5, 9.5, 10.5], "texture": "#1"},
				"south": {"uv": [9, 8.5, 9.5, 10.5], "texture": "#1"},
				"west": {"uv": [9, 8.5, 9.5, 10.5], "texture": "#1"},
				"up": {"uv": [9, 8.5, 9.5, 9], "rotation": 180, "texture": "#1"},
				"down": {"uv": [9, 10, 9.5, 10.5], "rotation": 180, "texture": "#1"}
			}
		},
		{
			"from": [3.5, 5.5, 9],
			"to": [4, 7.5, 9.5],
			"faces": {
				"north": {"uv": [6.5, 8.5, 7, 10.5], "texture": "#1"},
				"east": {"uv": [6.5, 8.5, 7, 10.5], "texture": "#1"},
				"south": {"uv": [6.5, 8.5, 7, 10.5], "texture": "#1"},
				"west": {"uv": [6.5, 8.5, 7, 10.5], "texture": "#1"},
				"up": {"uv": [6.5, 8.5, 7, 9], "rotation": 180, "texture": "#1"},
				"down": {"uv": [6.5, 10, 7, 10.5], "rotation": 180, "texture": "#1"}
			}
		},
		{
			"from": [3.5, 6, 9.5],
			"to": [4, 8, 10],
			"faces": {
				"north": {"uv": [6, 8, 6.5, 10], "texture": "#1"},
				"east": {"uv": [6, 8, 6.5, 10], "texture": "#1"},
				"south": {"uv": [6, 8, 6.5, 10], "texture": "#1"},
				"west": {"uv": [6, 8, 6.5, 10], "texture": "#1"},
				"up": {"uv": [6, 8, 6.5, 8.5], "rotation": 180, "texture": "#1"},
				"down": {"uv": [6, 9.5, 6.5, 10], "rotation": 180, "texture": "#1"}
			}
		},
		{
			"from": [3.5, 6, 6],
			"to": [4, 8, 6.5],
			"faces": {
				"north": {"uv": [9.5, 8, 10, 10], "texture": "#1"},
				"east": {"uv": [9.5, 8, 10, 10], "texture": "#1"},
				"south": {"uv": [9.5, 8, 10, 10], "texture": "#1"},
				"west": {"uv": [9.5, 8, 10, 10], "texture": "#1"},
				"up": {"uv": [9.5, 8, 10, 8.5], "rotation": 180, "texture": "#1"},
				"down": {"uv": [9.5, 9.5, 10, 10], "rotation": 180, "texture": "#1"}
			}
		},
		{
			"from": [3.5, 5.5, 5.5],
			"to": [4, 11, 6],
			"faces": {
				"north": {"uv": [10, 5, 10.5, 10.5], "texture": "#1"},
				"east": {"uv": [10, 5, 10.5, 10.5], "texture": "#1"},
				"south": {"uv": [10, 5, 10.5, 10.5], "texture": "#1"},
				"west": {"uv": [10, 5, 10.5, 10.5], "texture": "#1"},
				"up": {"uv": [10, 5, 10.5, 5.5], "rotation": 180, "texture": "#1"},
				"down": {"uv": [10, 10, 10.5, 10.5], "rotation": 180, "texture": "#1"}
			}
		},
		{
			"from": [3.5, 5.5, 10],
			"to": [4, 11, 10.5],
			"faces": {
				"north": {"uv": [5.5, 5, 6, 10.5], "texture": "#1"},
				"east": {"uv": [5.5, 5, 6, 10.5], "texture": "#1"},
				"south": {"uv": [5.5, 5, 6, 10.5], "texture": "#1"},
				"west": {"uv": [5.5, 5, 6, 10.5], "texture": "#1"},
				"up": {"uv": [5.5, 5, 6, 5.5], "rotation": 180, "texture": "#1"},
				"down": {"uv": [5.5, 10, 6, 10.5], "rotation": 180, "texture": "#1"}
			}
		},
		{
			"from": [3.5, 7, 10.5],
			"to": [4, 10.5, 11],
			"faces": {
				"east": {"uv": [5, 5.5, 5.5, 9], "texture": "#1"},
				"south": {"uv": [5, 5.5, 5.5, 9], "texture": "#1"},
				"west": {"uv": [5, 5.5, 5.5, 9], "texture": "#1"},
				"up": {"uv": [5, 5.5, 5.5, 6], "rotation": 180, "texture": "#1"},
				"down": {"uv": [5, 8.5, 5.5, 9], "rotation": 180, "texture": "#1"}
			}
		},
		{
			"from": [3.5, 7, 5],
			"to": [4, 10.5, 5.5],
			"faces": {
				"north": {"uv": [10.5, 5.5, 11, 9], "texture": "#1"},
				"east": {"uv": [10.5, 5.5, 11, 9], "texture": "#1"},
				"west": {"uv": [10.5, 5.5, 11, 9], "texture": "#1"},
				"up": {"uv": [10.5, 5.5, 11, 6], "rotation": 180, "texture": "#1"},
				"down": {"uv": [10.5, 8.5, 11, 9], "rotation": 180, "texture": "#1"}
			}
		},
		{
			"from": [3.5, 7.5, 4.5],
			"to": [4, 10, 5],
			"faces": {
				"north": {"uv": [11, 6, 11.5, 8.5], "texture": "#1"},
				"east": {"uv": [11, 6, 11.5, 8.5], "texture": "#1"},
				"west": {"uv": [11, 6, 11.5, 8.5], "texture": "#1"},
				"up": {"uv": [11, 6, 11.5, 6.5], "rotation": 180, "texture": "#1"},
				"down": {"uv": [11, 8, 11.5, 8.5], "rotation": 180, "texture": "#1"}
			}
		},
		{
			"from": [3.5, 7.5, 11],
			"to": [4, 10, 11.5],
			"faces": {
				"east": {"uv": [4.5, 6, 5, 8.5], "texture": "#1"},
				"south": {"uv": [4.5, 6, 5, 8.5], "texture": "#1"},
				"west": {"uv": [4.5, 6, 5, 8.5], "texture": "#1"},
				"up": {"uv": [4.5, 6, 5, 6.5], "rotation": 180, "texture": "#1"},
				"down": {"uv": [4.5, 8, 5, 8.5], "rotation": 180, "texture": "#1"}
			}
		},
		{
			"from": [3.5, 9.5, 9.5],
			"to": [4, 11.5, 10],
			"faces": {
				"north": {"uv": [6, 4.5, 6.5, 6.5], "texture": "#1"},
				"east": {"uv": [6, 4.5, 6.5, 6.5], "texture": "#1"},
				"south": {"uv": [6, 4.5, 6.5, 6.5], "texture": "#1"},
				"west": {"uv": [6, 4.5, 6.5, 6.5], "texture": "#1"},
				"up": {"uv": [6, 4.5, 6.5, 5], "rotation": 180, "texture": "#1"},
				"down": {"uv": [6, 6, 6.5, 6.5], "rotation": 180, "texture": "#1"}
			}
		},
		{
			"from": [3.5, 9.5, 6],
			"to": [4, 11.5, 6.5],
			"faces": {
				"north": {"uv": [9.5, 4.5, 10, 6.5], "texture": "#1"},
				"east": {"uv": [9.5, 4.5, 10, 6.5], "texture": "#1"},
				"south": {"uv": [9.5, 4.5, 10, 6.5], "texture": "#1"},
				"west": {"uv": [9.5, 4.5, 10, 6.5], "texture": "#1"},
				"up": {"uv": [9.5, 4.5, 10, 5], "rotation": 180, "texture": "#1"},
				"down": {"uv": [9.5, 6, 10, 6.5], "rotation": 180, "texture": "#1"}
			}
		},
		{
			"from": [3.5, 10, 9],
			"to": [4, 12, 9.5],
			"faces": {
				"north": {"uv": [6.5, 4, 7, 6], "texture": "#1"},
				"east": {"uv": [6.5, 4, 7, 6], "texture": "#1"},
				"south": {"uv": [6.5, 4, 7, 6], "texture": "#1"},
				"west": {"uv": [6.5, 4, 7, 6], "texture": "#1"},
				"up": {"uv": [6.5, 4, 7, 4.5], "rotation": 180, "texture": "#1"},
				"down": {"uv": [6.5, 5.5, 7, 6], "rotation": 180, "texture": "#1"}
			}
		},
		{
			"from": [3.5, 10, 6.5],
			"to": [4, 12, 7],
			"faces": {
				"north": {"uv": [9, 4, 9.5, 6], "texture": "#1"},
				"east": {"uv": [9, 4, 9.5, 6], "texture": "#1"},
				"south": {"uv": [9, 4, 9.5, 6], "texture": "#1"},
				"west": {"uv": [9, 4, 9.5, 6], "texture": "#1"},
				"up": {"uv": [9, 4, 9.5, 4.5], "rotation": 180, "texture": "#1"},
				"down": {"uv": [9, 5.5, 9.5, 6], "rotation": 180, "texture": "#1"}
			}
		},
		{
			"from": [3.5, 10.5, 7],
			"to": [4, 12, 7.5],
			"faces": {
				"north": {"uv": [8.5, 4, 9, 5.5], "texture": "#1"},
				"east": {"uv": [8.5, 4, 9, 5.5], "texture": "#1"},
				"south": {"uv": [8.5, 4, 9, 5.5], "texture": "#1"},
				"west": {"uv": [8.5, 4, 9, 5.5], "texture": "#1"},
				"up": {"uv": [8.5, 4, 9, 4.5], "rotation": 180, "texture": "#1"},
				"down": {"uv": [8.5, 5, 9, 5.5], "rotation": 180, "texture": "#1"}
			}
		},
		{
			"from": [3.5, 10.5, 8.5],
			"to": [4, 12, 9],
			"faces": {
				"north": {"uv": [7, 4, 7.5, 5.5], "texture": "#1"},
				"east": {"uv": [7, 4, 7.5, 5.5], "texture": "#1"},
				"south": {"uv": [7, 4, 7.5, 5.5], "texture": "#1"},
				"west": {"uv": [7, 4, 7.5, 5.5], "texture": "#1"},
				"up": {"uv": [7, 4, 7.5, 4.5], "rotation": 180, "texture": "#1"},
				"down": {"uv": [7, 5, 7.5, 5.5], "rotation": 180, "texture": "#1"}
			}
		},
		{
			"from": [3.5, 4.5, 10.5],
			"to": [4, 5.5, 11],
			"faces": {
				"north": {"uv": [5, 10.5, 5.5, 11.5], "texture": "#1"},
				"east": {"uv": [5, 10.5, 5.5, 11.5], "texture": "#1"},
				"south": {"uv": [5, 10.5, 5.5, 11.5], "texture": "#1"},
				"west": {"uv": [5, 10.5, 5.5, 11.5], "texture": "#1"},
				"up": {"uv": [5, 10.5, 5.5, 11], "rotation": 180, "texture": "#1"},
				"down": {"uv": [5, 11, 5.5, 11.5], "rotation": 180, "texture": "#1"}
			}
		},
		{
			"from": [3.5, 4.5, 6],
			"to": [4, 5.5, 6.5],
			"faces": {
				"north": {"uv": [9.5, 10.5, 10, 11.5], "texture": "#1"},
				"east": {"uv": [9.5, 10.5, 10, 11.5], "texture": "#1"},
				"south": {"uv": [9.5, 10.5, 10, 11.5], "texture": "#1"},
				"west": {"uv": [9.5, 10.5, 10, 11.5], "texture": "#1"},
				"up": {"uv": [9.5, 10.5, 10, 11], "rotation": 180, "texture": "#1"},
				"down": {"uv": [9.5, 11, 10, 11.5], "rotation": 180, "texture": "#1"}
			}
		},
		{
			"from": [3.5, 4.5, 9.5],
			"to": [4, 5.5, 10],
			"faces": {
				"north": {"uv": [6, 10.5, 6.5, 11.5], "texture": "#1"},
				"east": {"uv": [6, 10.5, 6.5, 11.5], "texture": "#1"},
				"south": {"uv": [6, 10.5, 6.5, 11.5], "texture": "#1"},
				"west": {"uv": [6, 10.5, 6.5, 11.5], "texture": "#1"},
				"up": {"uv": [6, 10.5, 6.5, 11], "rotation": 180, "texture": "#1"},
				"down": {"uv": [6, 11, 6.5, 11.5], "rotation": 180, "texture": "#1"}
			}
		},
		{
			"from": [3.5, 4.5, 5],
			"to": [4, 5.5, 5.5],
			"faces": {
				"north": {"uv": [10.5, 10.5, 11, 11.5], "texture": "#1"},
				"east": {"uv": [10.5, 10.5, 11, 11.5], "texture": "#1"},
				"south": {"uv": [10.5, 10.5, 11, 11.5], "texture": "#1"},
				"west": {"uv": [10.5, 10.5, 11, 11.5], "texture": "#1"},
				"up": {"uv": [10.5, 10.5, 11, 11], "rotation": 180, "texture": "#1"},
				"down": {"uv": [10.5, 11, 11, 11.5], "rotation": 180, "texture": "#1"}
			}
		},
		{
			"from": [3.5, 3.5, 10],
			"to": [4, 4.5, 10.5],
			"faces": {
				"north": {"uv": [5.5, 11.5, 6, 12.5], "texture": "#1"},
				"east": {"uv": [5.5, 11.5, 6, 12.5], "texture": "#1"},
				"south": {"uv": [5.5, 11.5, 6, 12.5], "texture": "#1"},
				"west": {"uv": [5.5, 11.5, 6, 12.5], "texture": "#1"},
				"up": {"uv": [5.5, 11.5, 6, 12], "rotation": 180, "texture": "#1"},
				"down": {"uv": [5.5, 12, 6, 12.5], "rotation": 180, "texture": "#1"}
			}
		},
		{
			"from": [3.5, 3.5, 5.5],
			"to": [4, 4.5, 6],
			"faces": {
				"north": {"uv": [10, 11.5, 10.5, 12.5], "texture": "#1"},
				"east": {"uv": [10, 11.5, 10.5, 12.5], "texture": "#1"},
				"south": {"uv": [10, 11.5, 10.5, 12.5], "texture": "#1"},
				"west": {"uv": [10, 11.5, 10.5, 12.5], "texture": "#1"},
				"up": {"uv": [10, 11.5, 10.5, 12], "rotation": 180, "texture": "#1"},
				"down": {"uv": [10, 12, 10.5, 12.5], "rotation": 180, "texture": "#1"}
			}
		},
		{
			"from": [3.5, 2.5, 10.5],
			"to": [4, 3.5, 11],
			"faces": {
				"north": {"uv": [5, 12.5, 5.5, 13.5], "texture": "#1"},
				"east": {"uv": [5, 12.5, 5.5, 13.5], "texture": "#1"},
				"south": {"uv": [5, 12.5, 5.5, 13.5], "texture": "#1"},
				"west": {"uv": [5, 12.5, 5.5, 13.5], "texture": "#1"},
				"up": {"uv": [5, 12.5, 5.5, 13], "rotation": 180, "texture": "#1"},
				"down": {"uv": [5, 13, 5.5, 13.5], "rotation": 180, "texture": "#1"}
			}
		},
		{
			"from": [3.5, 2.5, 6],
			"to": [4, 3.5, 6.5],
			"faces": {
				"north": {"uv": [9.5, 12.5, 10, 13.5], "texture": "#1"},
				"east": {"uv": [9.5, 12.5, 10, 13.5], "texture": "#1"},
				"south": {"uv": [9.5, 12.5, 10, 13.5], "texture": "#1"},
				"west": {"uv": [9.5, 12.5, 10, 13.5], "texture": "#1"},
				"up": {"uv": [9.5, 12.5, 10, 13], "rotation": 180, "texture": "#1"},
				"down": {"uv": [9.5, 13, 10, 13.5], "rotation": 180, "texture": "#1"}
			}
		},
		{
			"from": [3.5, 2.5, 9.5],
			"to": [4, 3.5, 10],
			"faces": {
				"north": {"uv": [6, 12.5, 6.5, 13.5], "texture": "#1"},
				"east": {"uv": [6, 12.5, 6.5, 13.5], "texture": "#1"},
				"south": {"uv": [6, 12.5, 6.5, 13.5], "texture": "#1"},
				"west": {"uv": [6, 12.5, 6.5, 13.5], "texture": "#1"},
				"up": {"uv": [6, 12.5, 6.5, 13], "rotation": 180, "texture": "#1"},
				"down": {"uv": [6, 13, 6.5, 13.5], "rotation": 180, "texture": "#1"}
			}
		},
		{
			"from": [3.5, 2.5, 5],
			"to": [4, 3.5, 5.5],
			"faces": {
				"north": {"uv": [10.5, 12.5, 11, 13.5], "texture": "#1"},
				"east": {"uv": [10.5, 12.5, 11, 13.5], "texture": "#1"},
				"south": {"uv": [10.5, 12.5, 11, 13.5], "texture": "#1"},
				"west": {"uv": [10.5, 12.5, 11, 13.5], "texture": "#1"},
				"up": {"uv": [10.5, 12.5, 11, 13], "rotation": 180, "texture": "#1"},
				"down": {"uv": [10.5, 13, 11, 13.5], "rotation": 180, "texture": "#1"}
			}
		},
		{
			"from": [3.5, 2, 10],
			"to": [4, 2.5, 10.5],
			"faces": {
				"north": {"uv": [5.5, 13.5, 6, 14], "texture": "#1"},
				"east": {"uv": [5.5, 13.5, 6, 14], "texture": "#1"},
				"south": {"uv": [5.5, 13.5, 6, 14], "texture": "#1"},
				"west": {"uv": [5.5, 13.5, 6, 14], "texture": "#1"},
				"up": {"uv": [5.5, 13.5, 6, 14], "rotation": 180, "texture": "#1"},
				"down": {"uv": [5.5, 13.5, 6, 14], "rotation": 180, "texture": "#1"}
			}
		},
		{
			"from": [3.5, 2, 5.5],
			"to": [4, 2.5, 6],
			"faces": {
				"north": {"uv": [10, 13.5, 10.5, 14], "texture": "#1"},
				"east": {"uv": [10, 13.5, 10.5, 14], "texture": "#1"},
				"south": {"uv": [10, 13.5, 10.5, 14], "texture": "#1"},
				"west": {"uv": [10, 13.5, 10.5, 14], "texture": "#1"},
				"up": {"uv": [10, 13.5, 10.5, 14], "rotation": 180, "texture": "#1"},
				"down": {"uv": [10, 13.5, 10.5, 14], "rotation": 180, "texture": "#1"}
			}
		},
		{
			"from": [2, 7, 8.5],
			"to": [2.5, 7.5, 9],
			"faces": {
				"north": {"uv": [6.5, 8.5, 7, 9], "texture": "#1"},
				"east": {"uv": [6.5, 8.5, 7, 9], "texture": "#1"},
				"south": {"uv": [6.5, 8.5, 7, 9], "texture": "#1"},
				"up": {"uv": [6.5, 8.5, 7, 9], "rotation": 270, "texture": "#1"}
			}
		},
		{
			"from": [3.5, 7, 8.5],
			"to": [4, 7.5, 9],
			"faces": {
				"north": {"uv": [8.5, 8.5, 9, 9], "texture": "#1"},
				"south": {"uv": [8.5, 8.5, 9, 9], "texture": "#1"},
				"west": {"uv": [8.5, 8.5, 9, 9], "texture": "#1"},
				"up": {"uv": [8.5, 8.5, 9, 9], "rotation": 270, "texture": "#1"}
			}
		},
		{
			"from": [4, 5.5, 8.5],
			"to": [4.5, 7.5, 9],
			"faces": {
				"north": {"uv": [9, 8.5, 9.5, 10.5], "texture": "#1"},
				"east": {"uv": [9, 8.5, 9.5, 10.5], "texture": "#1"},
				"south": {"uv": [9, 8.5, 9.5, 10.5], "texture": "#1"},
				"west": {"uv": [9, 8.5, 9.5, 10.5], "texture": "#1"},
				"up": {"uv": [9, 8.5, 9.5, 9], "rotation": 270, "texture": "#1"},
				"down": {"uv": [9, 10, 9.5, 10.5], "rotation": 90, "texture": "#1"}
			}
		},
		{
			"from": [1.5, 5.5, 8.5],
			"to": [2, 7.5, 9],
			"faces": {
				"north": {"uv": [6.5, 8.5, 7, 10.5], "texture": "#1"},
				"east": {"uv": [6.5, 8.5, 7, 10.5], "texture": "#1"},
				"south": {"uv": [6.5, 8.5, 7, 10.5], "texture": "#1"},
				"west": {"uv": [6.5, 8.5, 7, 10.5], "texture": "#1"},
				"up": {"uv": [6.5, 8.5, 7, 9], "rotation": 270, "texture": "#1"},
				"down": {"uv": [6.5, 10, 7, 10.5], "rotation": 90, "texture": "#1"}
			}
		},
		{
			"from": [1, 6, 8.5],
			"to": [1.5, 8, 9],
			"faces": {
				"north": {"uv": [6, 8, 6.5, 10], "texture": "#1"},
				"east": {"uv": [6, 8, 6.5, 10], "texture": "#1"},
				"south": {"uv": [6, 8, 6.5, 10], "texture": "#1"},
				"west": {"uv": [6, 8, 6.5, 10], "texture": "#1"},
				"up": {"uv": [6, 8, 6.5, 8.5], "rotation": 270, "texture": "#1"},
				"down": {"uv": [6, 9.5, 6.5, 10], "rotation": 90, "texture": "#1"}
			}
		},
		{
			"from": [4.5, 6, 8.5],
			"to": [5, 8, 9],
			"faces": {
				"north": {"uv": [9.5, 8, 10, 10], "texture": "#1"},
				"east": {"uv": [9.5, 8, 10, 10], "texture": "#1"},
				"south": {"uv": [9.5, 8, 10, 10], "texture": "#1"},
				"west": {"uv": [9.5, 8, 10, 10], "texture": "#1"},
				"up": {"uv": [9.5, 8, 10, 8.5], "rotation": 270, "texture": "#1"},
				"down": {"uv": [9.5, 9.5, 10, 10], "rotation": 90, "texture": "#1"}
			}
		},
		{
			"from": [5, 5.5, 8.5],
			"to": [5.5, 11, 9],
			"faces": {
				"north": {"uv": [10, 5, 10.5, 10.5], "texture": "#1"},
				"east": {"uv": [10, 5, 10.5, 10.5], "texture": "#1"},
				"south": {"uv": [10, 5, 10.5, 10.5], "texture": "#1"},
				"west": {"uv": [10, 5, 10.5, 10.5], "texture": "#1"},
				"up": {"uv": [10, 5, 10.5, 5.5], "rotation": 270, "texture": "#1"},
				"down": {"uv": [10, 10, 10.5, 10.5], "rotation": 90, "texture": "#1"}
			}
		},
		{
			"from": [0.5, 5.5, 8.5],
			"to": [1, 11, 9],
			"faces": {
				"north": {"uv": [5.5, 5, 6, 10.5], "texture": "#1"},
				"east": {"uv": [5.5, 5, 6, 10.5], "texture": "#1"},
				"south": {"uv": [5.5, 5, 6, 10.5], "texture": "#1"},
				"west": {"uv": [5.5, 5, 6, 10.5], "texture": "#1"},
				"up": {"uv": [5.5, 5, 6, 5.5], "rotation": 270, "texture": "#1"},
				"down": {"uv": [5.5, 10, 6, 10.5], "rotation": 90, "texture": "#1"}
			}
		},
		{
			"from": [0, 7, 8.5],
			"to": [0.5, 10.5, 9],
			"faces": {
				"north": {"uv": [5, 5.5, 5.5, 9], "texture": "#1"},
				"south": {"uv": [5, 5.5, 5.5, 9], "texture": "#1"},
				"west": {"uv": [5, 5.5, 5.5, 9], "texture": "#1"},
				"up": {"uv": [5, 5.5, 5.5, 6], "rotation": 270, "texture": "#1"},
				"down": {"uv": [5, 8.5, 5.5, 9], "rotation": 90, "texture": "#1"}
			}
		},
		{
			"from": [5.5, 7, 8.5],
			"to": [6, 10.5, 9],
			"faces": {
				"north": {"uv": [10.5, 5.5, 11, 9], "texture": "#1"},
				"east": {"uv": [10.5, 5.5, 11, 9], "texture": "#1"},
				"south": {"uv": [10.5, 5.5, 11, 9], "texture": "#1"},
				"up": {"uv": [10.5, 5.5, 11, 6], "rotation": 270, "texture": "#1"},
				"down": {"uv": [10.5, 8.5, 11, 9], "rotation": 90, "texture": "#1"}
			}
		},
		{
			"from": [6, 7.5, 8.5],
			"to": [6.5, 10, 9],
			"faces": {
				"north": {"uv": [11, 6, 11.5, 8.5], "texture": "#1"},
				"east": {"uv": [11, 6, 11.5, 8.5], "texture": "#1"},
				"south": {"uv": [11, 6, 11.5, 8.5], "texture": "#1"},
				"up": {"uv": [11, 6, 11.5, 6.5], "rotation": 270, "texture": "#1"},
				"down": {"uv": [11, 8, 11.5, 8.5], "rotation": 90, "texture": "#1"}
			}
		},
		{
			"from": [-0.5, 7.5, 8.5],
			"to": [0, 10, 9],
			"faces": {
				"north": {"uv": [4.5, 6, 5, 8.5], "texture": "#1"},
				"south": {"uv": [4.5, 6, 5, 8.5], "texture": "#1"},
				"west": {"uv": [4.5, 6, 5, 8.5], "texture": "#1"},
				"up": {"uv": [4.5, 6, 5, 6.5], "rotation": 270, "texture": "#1"},
				"down": {"uv": [4.5, 8, 5, 8.5], "rotation": 90, "texture": "#1"}
			}
		},
		{
			"from": [1, 9.5, 8.5],
			"to": [1.5, 11.5, 9],
			"faces": {
				"north": {"uv": [6, 4.5, 6.5, 6.5], "texture": "#1"},
				"east": {"uv": [6, 4.5, 6.5, 6.5], "texture": "#1"},
				"south": {"uv": [6, 4.5, 6.5, 6.5], "texture": "#1"},
				"west": {"uv": [6, 4.5, 6.5, 6.5], "texture": "#1"},
				"up": {"uv": [6, 4.5, 6.5, 5], "rotation": 270, "texture": "#1"},
				"down": {"uv": [6, 6, 6.5, 6.5], "rotation": 90, "texture": "#1"}
			}
		},
		{
			"from": [4.5, 9.5, 8.5],
			"to": [5, 11.5, 9],
			"faces": {
				"north": {"uv": [9.5, 4.5, 10, 6.5], "texture": "#1"},
				"east": {"uv": [9.5, 4.5, 10, 6.5], "texture": "#1"},
				"south": {"uv": [9.5, 4.5, 10, 6.5], "texture": "#1"},
				"west": {"uv": [9.5, 4.5, 10, 6.5], "texture": "#1"},
				"up": {"uv": [9.5, 4.5, 10, 5], "rotation": 270, "texture": "#1"},
				"down": {"uv": [9.5, 6, 10, 6.5], "rotation": 90, "texture": "#1"}
			}
		},
		{
			"from": [1.5, 10, 8.5],
			"to": [2, 12, 9],
			"faces": {
				"north": {"uv": [6.5, 4, 7, 6], "texture": "#1"},
				"east": {"uv": [6.5, 4, 7, 6], "texture": "#1"},
				"south": {"uv": [6.5, 4, 7, 6], "texture": "#1"},
				"west": {"uv": [6.5, 4, 7, 6], "texture": "#1"},
				"up": {"uv": [6.5, 4, 7, 4.5], "rotation": 270, "texture": "#1"},
				"down": {"uv": [6.5, 5.5, 7, 6], "rotation": 90, "texture": "#1"}
			}
		},
		{
			"from": [4, 10, 8.5],
			"to": [4.5, 12, 9],
			"faces": {
				"north": {"uv": [9, 4, 9.5, 6], "texture": "#1"},
				"east": {"uv": [9, 4, 9.5, 6], "texture": "#1"},
				"south": {"uv": [9, 4, 9.5, 6], "texture": "#1"},
				"west": {"uv": [9, 4, 9.5, 6], "texture": "#1"},
				"up": {"uv": [9, 4, 9.5, 4.5], "rotation": 270, "texture": "#1"},
				"down": {"uv": [9, 5.5, 9.5, 6], "rotation": 90, "texture": "#1"}
			}
		},
		{
			"from": [3.5, 10.5, 8.5],
			"to": [4, 12, 9],
			"faces": {
				"north": {"uv": [8.5, 4, 9, 5.5], "texture": "#1"},
				"east": {"uv": [8.5, 4, 9, 5.5], "texture": "#1"},
				"south": {"uv": [8.5, 4, 9, 5.5], "texture": "#1"},
				"west": {"uv": [8.5, 4, 9, 5.5], "texture": "#1"},
				"up": {"uv": [8.5, 4, 9, 4.5], "rotation": 270, "texture": "#1"},
				"down": {"uv": [8.5, 5, 9, 5.5], "rotation": 90, "texture": "#1"}
			}
		},
		{
			"from": [2, 10.5, 8.5],
			"to": [2.5, 12, 9],
			"faces": {
				"north": {"uv": [7, 4, 7.5, 5.5], "texture": "#1"},
				"east": {"uv": [7, 4, 7.5, 5.5], "texture": "#1"},
				"south": {"uv": [7, 4, 7.5, 5.5], "texture": "#1"},
				"west": {"uv": [7, 4, 7.5, 5.5], "texture": "#1"},
				"up": {"uv": [7, 4, 7.5, 4.5], "rotation": 270, "texture": "#1"},
				"down": {"uv": [7, 5, 7.5, 5.5], "rotation": 90, "texture": "#1"}
			}
		},
		{
			"from": [0, 4.5, 8.5],
			"to": [0.5, 5.5, 9],
			"faces": {
				"north": {"uv": [5, 10.5, 5.5, 11.5], "texture": "#1"},
				"east": {"uv": [5, 10.5, 5.5, 11.5], "texture": "#1"},
				"south": {"uv": [5, 10.5, 5.5, 11.5], "texture": "#1"},
				"west": {"uv": [5, 10.5, 5.5, 11.5], "texture": "#1"},
				"up": {"uv": [5, 10.5, 5.5, 11], "rotation": 270, "texture": "#1"},
				"down": {"uv": [5, 11, 5.5, 11.5], "rotation": 90, "texture": "#1"}
			}
		},
		{
			"from": [4.5, 4.5, 8.5],
			"to": [5, 5.5, 9],
			"faces": {
				"north": {"uv": [9.5, 10.5, 10, 11.5], "texture": "#1"},
				"east": {"uv": [9.5, 10.5, 10, 11.5], "texture": "#1"},
				"south": {"uv": [9.5, 10.5, 10, 11.5], "texture": "#1"},
				"west": {"uv": [9.5, 10.5, 10, 11.5], "texture": "#1"},
				"up": {"uv": [9.5, 10.5, 10, 11], "rotation": 270, "texture": "#1"},
				"down": {"uv": [9.5, 11, 10, 11.5], "rotation": 90, "texture": "#1"}
			}
		},
		{
			"from": [1, 4.5, 8.5],
			"to": [1.5, 5.5, 9],
			"faces": {
				"north": {"uv": [6, 10.5, 6.5, 11.5], "texture": "#1"},
				"east": {"uv": [6, 10.5, 6.5, 11.5], "texture": "#1"},
				"south": {"uv": [6, 10.5, 6.5, 11.5], "texture": "#1"},
				"west": {"uv": [6, 10.5, 6.5, 11.5], "texture": "#1"},
				"up": {"uv": [6, 10.5, 6.5, 11], "rotation": 270, "texture": "#1"},
				"down": {"uv": [6, 11, 6.5, 11.5], "rotation": 90, "texture": "#1"}
			}
		},
		{
			"from": [5.5, 4.5, 8.5],
			"to": [6, 5.5, 9],
			"faces": {
				"north": {"uv": [10.5, 10.5, 11, 11.5], "texture": "#1"},
				"east": {"uv": [10.5, 10.5, 11, 11.5], "texture": "#1"},
				"south": {"uv": [10.5, 10.5, 11, 11.5], "texture": "#1"},
				"west": {"uv": [10.5, 10.5, 11, 11.5], "texture": "#1"},
				"up": {"uv": [10.5, 10.5, 11, 11], "rotation": 270, "texture": "#1"},
				"down": {"uv": [10.5, 11, 11, 11.5], "rotation": 90, "texture": "#1"}
			}
		},
		{
			"from": [0.5, 4, 8.5],
			"to": [1, 4.5, 9],
			"faces": {
				"north": {"uv": [5.5, 11.5, 6, 12], "texture": "#1"},
				"east": {"uv": [5.5, 11.5, 6, 12], "texture": "#1"},
				"south": {"uv": [5.5, 11.5, 6, 12], "texture": "#1"},
				"west": {"uv": [5.5, 11.5, 6, 12], "texture": "#1"},
				"up": {"uv": [5.5, 11.5, 6, 12], "texture": "#1"}
			}
		},
		{
			"from": [5, 3.5, 8.5],
			"to": [5.5, 4.5, 9],
			"faces": {
				"north": {"uv": [10, 11.5, 10.5, 12.5], "texture": "#1"},
				"east": {"uv": [10, 11.5, 10.5, 12.5], "texture": "#1"},
				"south": {"uv": [10, 11.5, 10.5, 12.5], "texture": "#1"},
				"west": {"uv": [10, 11.5, 10.5, 12.5], "texture": "#1"},
				"up": {"uv": [10, 11.5, 10.5, 12], "rotation": 270, "texture": "#1"},
				"down": {"uv": [10, 12, 10.5, 12.5], "rotation": 90, "texture": "#1"}
			}
		},
		{
			"from": [4.5, 2.5, 8.5],
			"to": [5, 3.5, 9],
			"faces": {
				"north": {"uv": [9.5, 12.5, 10, 13.5], "texture": "#1"},
				"east": {"uv": [9.5, 12.5, 10, 13.5], "texture": "#1"},
				"south": {"uv": [9.5, 12.5, 10, 13.5], "texture": "#1"},
				"west": {"uv": [9.5, 12.5, 10, 13.5], "texture": "#1"},
				"up": {"uv": [9.5, 12.5, 10, 13], "rotation": 270, "texture": "#1"},
				"down": {"uv": [9.5, 13, 10, 13.5], "rotation": 90, "texture": "#1"}
			}
		},
		{
			"from": [5.5, 2.5, 8.5],
			"to": [6, 3.5, 9],
			"faces": {
				"north": {"uv": [10.5, 12.5, 11, 13.5], "texture": "#1"},
				"east": {"uv": [10.5, 12.5, 11, 13.5], "texture": "#1"},
				"south": {"uv": [10.5, 12.5, 11, 13.5], "texture": "#1"},
				"west": {"uv": [10.5, 12.5, 11, 13.5], "texture": "#1"},
				"up": {"uv": [10.5, 12.5, 11, 13], "rotation": 270, "texture": "#1"},
				"down": {"uv": [10.5, 13, 11, 13.5], "rotation": 90, "texture": "#1"}
			}
		},
		{
			"from": [5, 2, 8.5],
			"to": [5.5, 2.5, 9],
			"faces": {
				"north": {"uv": [10, 13.5, 10.5, 14], "texture": "#1"},
				"east": {"uv": [10, 13.5, 10.5, 14], "texture": "#1"},
				"south": {"uv": [10, 13.5, 10.5, 14], "texture": "#1"},
				"west": {"uv": [10, 13.5, 10.5, 14], "texture": "#1"},
				"up": {"uv": [10, 13.5, 10.5, 14], "rotation": 270, "texture": "#1"},
				"down": {"uv": [10, 13.5, 10.5, 14], "rotation": 90, "texture": "#1"}
			}
		},
		{
			"from": [2, 7.5, 6.5],
			"to": [2.5, 9.5, 7],
			"faces": {
				"north": {"uv": [6.5, 6.5, 7, 8.5], "texture": "#1"},
				"east": {"uv": [6.5, 6.5, 7, 8.5], "texture": "#1"},
				"west": {"uv": [6.5, 6.5, 7, 8.5], "texture": "#1"},
				"up": {"uv": [6.5, 6.5, 7, 7], "texture": "#1"},
				"down": {"uv": [6.5, 6.5, 7, 8.5], "texture": "#1"}
			}
		},
		{
			"from": [2, 7, 7.5],
			"to": [2.5, 10.5, 8.5],
			"faces": {
				"north": {"uv": [7.5, 5.5, 8, 9], "texture": "#1"},
				"south": {"uv": [8, 5.5, 8.5, 9], "texture": "#1"},
				"west": {"uv": [7.5, 5.5, 8.5, 9], "texture": "#1"},
				"up": {"uv": [7.5, 5.5, 8.5, 6], "rotation": 90, "texture": "#1"}
			}
		},
		{
			"from": [2, 7.5, 7],
			"to": [2.5, 10, 7.5],
			"faces": {
				"north": {"uv": [7, 6, 7.5, 8.5], "texture": "#1"},
				"west": {"uv": [7, 6, 7.5, 8.5], "texture": "#1"},
				"up": {"uv": [7, 6, 7.5, 6.5], "texture": "#1"}
			}
		},
		{
			"from": [2, 7.5, 8.5],
			"to": [2.5, 10, 9],
			"faces": {
				"south": {"uv": [8.5, 6, 9, 8.5], "texture": "#1"},
				"west": {"uv": [8.5, 6, 9, 8.5], "texture": "#1"},
				"up": {"uv": [8.5, 6, 9, 6.5], "texture": "#1"}
			}
		},
		{
			"from": [2, 7.5, 9],
			"to": [2.5, 9.5, 9.5],
			"faces": {
				"east": {"uv": [9, 6.5, 9.5, 8.5], "texture": "#1"},
				"south": {"uv": [9, 6.5, 9.5, 8.5], "texture": "#1"},
				"west": {"uv": [9, 6.5, 9.5, 8.5], "texture": "#1"},
				"up": {"uv": [9, 6.5, 9.5, 7], "texture": "#1"}
			}
		},
		{
			"from": [4, 7.5, 7],
			"to": [4.5, 9.5, 7.5],
			"faces": {
				"north": {"uv": [6.5, 6.5, 7, 8.5], "texture": "#1"},
				"east": {"uv": [6.5, 6.5, 7, 8.5], "texture": "#1"},
				"south": {"uv": [6.5, 6.5, 7, 8.5], "texture": "#1"},
				"up": {"uv": [6.5, 6.5, 7, 7], "rotation": 90, "texture": "#1"},
				"down": {"uv": [6.5, 6.5, 7, 8.5], "rotation": 270, "texture": "#1"}
			}
		},
		{
			"from": [2.5, 7, 7],
			"to": [3.5, 10.5, 7.5],
			"faces": {
				"north": {"uv": [7.5, 5.5, 8.5, 9], "texture": "#1"},
				"east": {"uv": [7.5, 5.5, 8, 9], "texture": "#1"},
				"west": {"uv": [8, 5.5, 8.5, 9], "texture": "#1"},
				"up": {"uv": [7.5, 5.5, 8.5, 6], "rotation": 180, "texture": "#1"}
			}
		},
		{
			"from": [3.5, 7.5, 7],
			"to": [4, 10, 7.5],
			"faces": {
				"north": {"uv": [7, 6, 7.5, 8.5], "texture": "#1"},
				"east": {"uv": [7, 6, 7.5, 8.5], "texture": "#1"},
				"up": {"uv": [7, 6, 7.5, 6.5], "rotation": 90, "texture": "#1"}
			}
		},
		{
			"from": [2, 7.5, 7],
			"to": [2.5, 10, 7.5],
			"faces": {
				"north": {"uv": [8.5, 6, 9, 8.5], "texture": "#1"},
				"south": {"uv": [8.5, 6, 9, 8.5], "texture": "#1"},
				"west": {"uv": [8.5, 6, 9, 8.5], "texture": "#1"},
				"up": {"uv": [8.5, 6, 9, 6.5], "rotation": 90, "texture": "#1"}
			}
		},
		{
			"from": [1.5, 7.5, 7],
			"to": [2, 9.5, 7.5],
			"faces": {
				"north": {"uv": [9, 6.5, 9.5, 8.5], "texture": "#1"},
				"south": {"uv": [9, 6.5, 9.5, 8.5], "texture": "#1"},
				"west": {"uv": [9, 6.5, 9.5, 8.5], "texture": "#1"},
				"up": {"uv": [9, 6.5, 9.5, 7], "rotation": 90, "texture": "#1"}
			}
		},
		{
			"from": [3.5, 7.5, 9],
			"to": [4, 9.5, 9.5],
			"faces": {
				"east": {"uv": [6.5, 6.5, 7, 8.5], "texture": "#1"},
				"south": {"uv": [6.5, 6.5, 7, 8.5], "texture": "#1"},
				"west": {"uv": [6.5, 6.5, 7, 8.5], "texture": "#1"},
				"up": {"uv": [6.5, 6.5, 7, 7], "rotation": 180, "texture": "#1"},
				"down": {"uv": [6.5, 6.5, 7, 8.5], "rotation": 180, "texture": "#1"}
			}
		},
		{
			"from": [3.5, 7, 7.5],
			"to": [4, 10.5, 8.5],
			"faces": {
				"north": {"uv": [8, 5.5, 8.5, 9], "texture": "#1"},
				"east": {"uv": [7.5, 5.5, 8.5, 9], "texture": "#1"},
				"south": {"uv": [7.5, 5.5, 8, 9], "texture": "#1"},
				"up": {"uv": [7.5, 5.5, 8.5, 6], "rotation": 270, "texture": "#1"}
			}
		},
		{
			"from": [3.5, 7.5, 8.5],
			"to": [4, 10, 9],
			"faces": {
				"east": {"uv": [7, 6, 7.5, 8.5], "texture": "#1"},
				"south": {"uv": [7, 6, 7.5, 8.5], "texture": "#1"},
				"up": {"uv": [7, 6, 7.5, 6.5], "rotation": 180, "texture": "#1"}
			}
		},
		{
			"from": [3.5, 7.5, 7],
			"to": [4, 10, 7.5],
			"faces": {
				"north": {"uv": [8.5, 6, 9, 8.5], "texture": "#1"},
				"east": {"uv": [8.5, 6, 9, 8.5], "texture": "#1"},
				"west": {"uv": [8.5, 6, 9, 8.5], "texture": "#1"},
				"up": {"uv": [8.5, 6, 9, 6.5], "rotation": 180, "texture": "#1"}
			}
		},
		{
			"from": [3.5, 7.5, 6.5],
			"to": [4, 9.5, 7],
			"faces": {
				"north": {"uv": [9, 6.5, 9.5, 8.5], "texture": "#1"},
				"east": {"uv": [9, 6.5, 9.5, 8.5], "texture": "#1"},
				"west": {"uv": [9, 6.5, 9.5, 8.5], "texture": "#1"},
				"up": {"uv": [9, 6.5, 9.5, 7], "rotation": 180, "texture": "#1"}
			}
		},
		{
			"from": [1.5, 7.5, 8.5],
			"to": [2, 9.5, 9],
			"faces": {
				"north": {"uv": [6.5, 6.5, 7, 8.5], "texture": "#1"},
				"south": {"uv": [6.5, 6.5, 7, 8.5], "texture": "#1"},
				"west": {"uv": [6.5, 6.5, 7, 8.5], "texture": "#1"},
				"up": {"uv": [6.5, 6.5, 7, 7], "rotation": 270, "texture": "#1"},
				"down": {"uv": [6.5, 6.5, 7, 8.5], "rotation": 90, "texture": "#1"}
			}
		},
		{
			"from": [2.5, 7, 8.5],
			"to": [3.5, 10.5, 9],
			"faces": {
				"east": {"uv": [8, 5.5, 8.5, 9], "texture": "#1"},
				"south": {"uv": [7.5, 5.5, 8.5, 9], "texture": "#1"},
				"west": {"uv": [7.5, 5.5, 8, 9], "texture": "#1"},
				"up": {"uv": [7.5, 5.5, 8.5, 6], "texture": "#1"}
			}
		},
		{
			"from": [2, 7.5, 8.5],
			"to": [2.5, 10, 9],
			"faces": {
				"north": {"uv": [7, 6, 7.5, 8.5], "texture": "#1"},
				"south": {"uv": [7, 6, 7.5, 8.5], "texture": "#1"},
				"west": {"uv": [7, 6, 7.5, 8.5], "texture": "#1"},
				"up": {"uv": [7, 6, 7.5, 6.5], "rotation": 270, "texture": "#1"}
			}
		},
		{
			"from": [3.5, 7.5, 8.5],
			"to": [4, 10, 9],
			"faces": {
				"north": {"uv": [8.5, 6, 9, 8.5], "texture": "#1"},
				"east": {"uv": [8.5, 6, 9, 8.5], "texture": "#1"},
				"south": {"uv": [8.5, 6, 9, 8.5], "texture": "#1"},
				"up": {"uv": [8.5, 6, 9, 6.5], "rotation": 270, "texture": "#1"}
			}
		},
		{
			"from": [4, 7.5, 8.5],
			"to": [4.5, 9.5, 9],
			"faces": {
				"north": {"uv": [9, 6.5, 9.5, 8.5], "texture": "#1"},
				"east": {"uv": [9, 6.5, 9.5, 8.5], "texture": "#1"},
				"south": {"uv": [9, 6.5, 9.5, 8.5], "texture": "#1"},
				"up": {"uv": [9, 6.5, 9.5, 7], "rotation": 270, "texture": "#1"}
			}
		}
	],
	"display": {
		"thirdperson_righthand": {
			"translation": [0, 3, 1],
			"scale": [0.55, 0.55, 0.55]
		},
		"thirdperson_lefthand": {
			"translation": [0, 3, 1],
			"scale": [0.55, 0.55, 0.55]
		},
		"firstperson_righthand": {
			"rotation": [0, -88, -2],
			"translation": [2, 2.5, 0],
			"scale": [0.68, 0.68, 0.68]
		},
		"firstperson_lefthand": {
			"rotation": [0, 0, 2],
			"translation": [2, 2.5, 0],
			"scale": [0.68, 0.68, 0.68]
		},
		"ground": {
			"translation": [0, 2, 0],
			"scale": [0.5, 0.5, 0.5]
		},
		"gui": {
			"rotation": [0, 90, 0]
		},
		"head": {
			"translation": [0, 14.5, 0]
		},
		"fixed": {
			"translation": [0, 0, -1.5]
		}
	},
	"groups": [0, 1, 2, 3,
		{
			"name": "Side 1",
			"origin": [8, 8, 8],
			"children": [4, 5, 6, 7, 8, 9, 10, 11, 12, 13, 14, 15, 16, 17, 18, 19, 20, 21, 22, 23, 24, 25, 26, 27, 28, 29, 30, 31, 32, 33]
		},
		{
			"name": "Side 2",
			"origin": [8, 8, 8],
			"children": [34, 35, 36, 37, 38, 39, 40, 41, 42, 43, 44, 45, 46, 47, 48, 49, 50, 51, 52, 53, 54, 55, 56, 57, 58, 59, 60]
		},
		{
			"name": "Side 3",
			"origin": [8, 8, 8],
			"children": [61, 62, 63, 64, 65, 66, 67, 68, 69, 70, 71, 72, 73, 74, 75, 76, 77, 78, 79, 80, 81, 82, 83, 84, 85, 86, 87, 88, 89, 90]
		},
		{
			"name": "Side 4",
			"origin": [8, 8, 8],
			"children": [91, 92, 93, 94, 95, 96, 97, 98, 99, 100, 101, 102, 103, 104, 105, 106, 107, 108, 109, 110, 111, 112, 113, 114, 115, 116, 117]
		},
		{
			"name": "Redstone Side 1",
			"origin": [8, 8, 8],
			"children": [118, 119, 120, 121, 122]
		},
		{
			"name": "Redstone Side 2",
			"origin": [8, 8, 8],
			"children": [123, 124, 125, 126, 127]
		},
		{
			"name": "Redstone Side 3",
			"origin": [8, 8, 8],
			"children": [128, 129, 130, 131, 132]
		},
		{
			"name": "Redstone Side 4",
			"origin": [8, 8, 8],
			"children": [133, 134, 135, 136, 137]
		}
	]
}