{
	"ambientocclusion": false,
	"textures": {
		"0": "block/torch_fire",
		"1": "block/torch_off",
		"particle": "block/torch_off"
	},
	"elements": [
		{
			"name": "Main",
			"from": [7, 0, 7],
			"to": [9, 7, 9],
			"shade": false,
			"faces": {
				"north": {"uv": [7, 9, 9, 16], "texture": "#1"},
				"east": {"uv": [7, 9, 9, 16], "texture": "#1"},
				"south": {"uv": [7, 9, 9, 16], "texture": "#1"},
				"west": {"uv": [7, 9, 9, 16], "texture": "#1"},
				"down": {"uv": [7, 14, 9, 16], "texture": "#1"}
			}
		},
		{
			"from": [7, 7, 7],
			"to": [9, 8.5, 9],
			"shade": false,
			"faces": {
				"north": {"uv": [6.5, 13, 8.5, 14.5], "texture": "#0"},
				"east": {"uv": [6.5, 13, 8.5, 14.5], "texture": "#0"},
				"south": {"uv": [6.5, 13, 8.5, 14.5], "texture": "#0"},
				"west": {"uv": [6.5, 13, 8.5, 14.5], "texture": "#0"},
				"up": {"uv": [7, 11, 9, 13], "texture": "#0"}
			}
		},
		{
			"from": [6, 7, 9.5],
			"to": [11, 20, 9.5],
			"shade": false,
			"rotation": {"angle": 45, "axis": "y", "origin": [6.5, 12, 9.5]},
			"faces": {
				"north": {"uv": [5.008, 3.008, 9.992, 15.992], "texture": "#0"},
				"south": {"uv": [5.008, 3.008, 9.992, 15.992], "texture": "#0"}
			}
		},
		{
			"from": [7.91421, 7, 5.58579],
			"to": [7.91421, 20, 10.58579],
			"shade": false,
			"rotation": {"angle": 45, "axis": "y", "origin": [7.91421, 14, 8.08579]},
			"faces": {
				"east": {"uv": [5.008, 3.008, 9.992, 15.992], "texture": "#0"},
				"west": {"uv": [5.008, 3.008, 9.992, 15.992], "texture": "#0"}
			}
		},
		{
			"from": [7, 7, 7],
			"to": [7.5, 7.5, 7.5],
			"faces": {
				"east": {"uv": [6.5, 8.5, 7, 9], "texture": "#1"},
				"south": {"uv": [6.5, 8.5, 7, 9], "texture": "#1"},
				"west": {"uv": [6.5, 8.5, 7, 9], "texture": "#1"},
				"up": {"uv": [6.5, 8.5, 7, 9], "texture": "#1"}
			}
		},
		{
			"from": [7, 7, 8.5],
			"to": [7.5, 7.5, 9],
			"faces": {
				"north": {"uv": [8.5, 8.5, 9, 9], "texture": "#1"},
				"east": {"uv": [8.5, 8.5, 9, 9], "texture": "#1"},
				"west": {"uv": [8.5, 8.5, 9, 9], "texture": "#1"},
				"up": {"uv": [8.5, 8.5, 9, 9], "texture": "#1"}
			}
		},
		{
			"from": [7, 5.5, 9],
			"to": [7.5, 7.5, 9.5],
			"faces": {
				"north": {"uv": [9, 8.5, 9.5, 10.5], "texture": "#1"},
				"east": {"uv": [9, 8.5, 9.5, 10.5], "texture": "#1"},
				"south": {"uv": [9, 8.5, 9.5, 10.5], "texture": "#1"},
				"west": {"uv": [9, 8.5, 9.5, 10.5], "texture": "#1"},
				"up": {"uv": [9, 8.5, 9.5, 9], "texture": "#1"},
				"down": {"uv": [9, 10, 9.5, 10.5], "texture": "#1"}
			}
		},
		{
			"from": [7, 5.5, 6.5],
			"to": [7.5, 7.5, 7],
			"faces": {
				"north": {"uv": [6.5, 8.5, 7, 10.5], "texture": "#1"},
				"east": {"uv": [6.5, 8.5, 7, 10.5], "texture": "#1"},
				"south": {"uv": [6.5, 8.5, 7, 10.5], "texture": "#1"},
				"west": {"uv": [6.5, 8.5, 7, 10.5], "texture": "#1"},
				"up": {"uv": [6.5, 8.5, 7, 9], "texture": "#1"},
				"down": {"uv": [6.5, 10, 7, 10.5], "texture": "#1"}
			}
		},
		{
			"from": [7, 6, 6],
			"to": [7.5, 8, 6.5],
			"faces": {
				"north": {"uv": [6, 8, 6.5, 10], "texture": "#1"},
				"east": {"uv": [6, 8, 6.5, 10], "texture": "#1"},
				"south": {"uv": [6, 8, 6.5, 10], "texture": "#1"},
				"west": {"uv": [6, 8, 6.5, 10], "texture": "#1"},
				"up": {"uv": [6, 8, 6.5, 8.5], "texture": "#1"},
				"down": {"uv": [6, 9.5, 6.5, 10], "texture": "#1"}
			}
		},
		{
			"from": [7, 6, 9.5],
			"to": [7.5, 8, 10],
			"faces": {
				"north": {"uv": [9.5, 8, 10, 10], "texture": "#1"},
				"east": {"uv": [9.5, 8, 10, 10], "texture": "#1"},
				"south": {"uv": [9.5, 8, 10, 10], "texture": "#1"},
				"west": {"uv": [9.5, 8, 10, 10], "texture": "#1"},
				"up": {"uv": [9.5, 8, 10, 8.5], "texture": "#1"},
				"down": {"uv": [9.5, 9.5, 10, 10], "texture": "#1"}
			}
		},
		{
			"from": [7, 5.5, 10],
			"to": [7.5, 11, 10.5],
			"faces": {
				"north": {"uv": [10, 5, 10.5, 10.5], "texture": "#1"},
				"east": {"uv": [10, 5, 10.5, 10.5], "texture": "#1"},
				"south": {"uv": [10, 5, 10.5, 10.5], "texture": "#1"},
				"west": {"uv": [10, 5, 10.5, 10.5], "texture": "#1"},
				"up": {"uv": [10, 5, 10.5, 5.5], "texture": "#1"},
				"down": {"uv": [10, 10, 10.5, 10.5], "texture": "#1"}
			}
		},
		{
			"from": [7, 5.5, 5.5],
			"to": [7.5, 11, 6],
			"faces": {
				"north": {"uv": [5.5, 5, 6, 10.5], "texture": "#1"},
				"east": {"uv": [5.5, 5, 6, 10.5], "texture": "#1"},
				"south": {"uv": [5.5, 5, 6, 10.5], "texture": "#1"},
				"west": {"uv": [5.5, 5, 6, 10.5], "texture": "#1"},
				"up": {"uv": [5.5, 5, 6, 5.5], "texture": "#1"},
				"down": {"uv": [5.5, 10, 6, 10.5], "texture": "#1"}
			}
		},
		{
			"from": [7, 7, 5],
			"to": [7.5, 10.5, 5.5],
			"faces": {
				"north": {"uv": [5, 5.5, 5.5, 9], "texture": "#1"},
				"east": {"uv": [5, 5.5, 5.5, 9], "texture": "#1"},
				"west": {"uv": [5, 5.5, 5.5, 9], "texture": "#1"},
				"up": {"uv": [5, 5.5, 5.5, 6], "texture": "#1"},
				"down": {"uv": [5, 8.5, 5.5, 9], "texture": "#1"}
			}
		},
		{
			"from": [7, 7, 10.5],
			"to": [7.5, 10.5, 11],
			"faces": {
				"east": {"uv": [10.5, 5.5, 11, 9], "texture": "#1"},
				"south": {"uv": [10.5, 5.5, 11, 9], "texture": "#1"},
				"west": {"uv": [10.5, 5.5, 11, 9], "texture": "#1"},
				"up": {"uv": [10.5, 5.5, 11, 6], "texture": "#1"},
				"down": {"uv": [10.5, 8.5, 11, 9], "texture": "#1"}
			}
		},
		{
			"from": [7, 7.5, 11],
			"to": [7.5, 10, 11.5],
			"faces": {
				"east": {"uv": [11, 6, 11.5, 8.5], "texture": "#1"},
				"south": {"uv": [11, 6, 11.5, 8.5], "texture": "#1"},
				"west": {"uv": [11, 6, 11.5, 8.5], "texture": "#1"},
				"up": {"uv": [11, 6, 11.5, 6.5], "texture": "#1"},
				"down": {"uv": [11, 8, 11.5, 8.5], "texture": "#1"}
			}
		},
		{
			"from": [7, 7.5, 4.5],
			"to": [7.5, 10, 5],
			"faces": {
				"north": {"uv": [4.5, 6, 5, 8.5], "texture": "#1"},
				"east": {"uv": [4.5, 6, 5, 8.5], "texture": "#1"},
				"west": {"uv": [4.5, 6, 5, 8.5], "texture": "#1"},
				"up": {"uv": [4.5, 6, 5, 6.5], "texture": "#1"},
				"down": {"uv": [4.5, 8, 5, 8.5], "texture": "#1"}
			}
		},
		{
			"from": [7, 9.5, 6],
			"to": [7.5, 11.5, 6.5],
			"faces": {
				"north": {"uv": [6, 4.5, 6.5, 6.5], "texture": "#1"},
				"east": {"uv": [6, 4.5, 6.5, 6.5], "texture": "#1"},
				"south": {"uv": [6, 4.5, 6.5, 6.5], "texture": "#1"},
				"west": {"uv": [6, 4.5, 6.5, 6.5], "texture": "#1"},
				"up": {"uv": [6, 4.5, 6.5, 5], "texture": "#1"},
				"down": {"uv": [6, 6, 6.5, 6.5], "texture": "#1"}
			}
		},
		{
			"from": [7, 9.5, 9.5],
			"to": [7.5, 11.5, 10],
			"faces": {
				"north": {"uv": [9.5, 4.5, 10, 6.5], "texture": "#1"},
				"east": {"uv": [9.5, 4.5, 10, 6.5], "texture": "#1"},
				"south": {"uv": [9.5, 4.5, 10, 6.5], "texture": "#1"},
				"west": {"uv": [9.5, 4.5, 10, 6.5], "texture": "#1"},
				"up": {"uv": [9.5, 4.5, 10, 5], "texture": "#1"},
				"down": {"uv": [9.5, 6, 10, 6.5], "texture": "#1"}
			}
		},
		{
			"from": [7, 10, 6.5],
			"to": [7.5, 12, 7],
			"faces": {
				"north": {"uv": [6.5, 4, 7, 6], "texture": "#1"},
				"east": {"uv": [6.5, 4, 7, 6], "texture": "#1"},
				"south": {"uv": [6.5, 4, 7, 6], "texture": "#1"},
				"west": {"uv": [6.5, 4, 7, 6], "texture": "#1"},
				"up": {"uv": [6.5, 4, 7, 4.5], "texture": "#1"},
				"down": {"uv": [6.5, 5.5, 7, 6], "texture": "#1"}
			}
		},
		{
			"from": [7, 10, 9],
			"to": [7.5, 12, 9.5],
			"faces": {
				"north": {"uv": [9, 4, 9.5, 6], "texture": "#1"},
				"east": {"uv": [9, 4, 9.5, 6], "texture": "#1"},
				"south": {"uv": [9, 4, 9.5, 6], "texture": "#1"},
				"west": {"uv": [9, 4, 9.5, 6], "texture": "#1"},
				"up": {"uv": [9, 4, 9.5, 4.5], "texture": "#1"},
				"down": {"uv": [9, 5.5, 9.5, 6], "texture": "#1"}
			}
		},
		{
			"from": [7, 10.5, 8.5],
			"to": [7.5, 12, 9],
			"faces": {
				"north": {"uv": [8.5, 4, 9, 5.5], "texture": "#1"},
				"east": {"uv": [8.5, 4, 9, 5.5], "texture": "#1"},
				"south": {"uv": [8.5, 4, 9, 5.5], "texture": "#1"},
				"west": {"uv": [8.5, 4, 9, 5.5], "texture": "#1"},
				"up": {"uv": [8.5, 4, 9, 4.5], "texture": "#1"},
				"down": {"uv": [8.5, 5, 9, 5.5], "texture": "#1"}
			}
		},
		{
			"from": [7, 10.5, 7],
			"to": [7.5, 12, 7.5],
			"faces": {
				"north": {"uv": [7, 4, 7.5, 5.5], "texture": "#1"},
				"east": {"uv": [7, 4, 7.5, 5.5], "texture": "#1"},
				"south": {"uv": [7, 4, 7.5, 5.5], "texture": "#1"},
				"west": {"uv": [7, 4, 7.5, 5.5], "texture": "#1"},
				"up": {"uv": [7, 4, 7.5, 4.5], "texture": "#1"},
				"down": {"uv": [7, 5, 7.5, 5.5], "texture": "#1"}
			}
		},
		{
			"from": [7, 4.5, 5],
			"to": [7.5, 5.5, 5.5],
			"faces": {
				"north": {"uv": [5, 10.5, 5.5, 11.5], "texture": "#1"},
				"east": {"uv": [5, 10.5, 5.5, 11.5], "texture": "#1"},
				"south": {"uv": [5, 10.5, 5.5, 11.5], "texture": "#1"},
				"west": {"uv": [5, 10.5, 5.5, 11.5], "texture": "#1"},
				"up": {"uv": [5, 10.5, 5.5, 11], "texture": "#1"},
				"down": {"uv": [5, 11, 5.5, 11.5], "texture": "#1"}
			}
		},
		{
			"from": [7, 4.5, 9.5],
			"to": [7.5, 5.5, 10],
			"faces": {
				"north": {"uv": [9.5, 10.5, 10, 11.5], "texture": "#1"},
				"east": {"uv": [9.5, 10.5, 10, 11.5], "texture": "#1"},
				"south": {"uv": [9.5, 10.5, 10, 11.5], "texture": "#1"},
				"west": {"uv": [9.5, 10.5, 10, 11.5], "texture": "#1"},
				"up": {"uv": [9.5, 10.5, 10, 11], "texture": "#1"},
				"down": {"uv": [9.5, 11, 10, 11.5], "texture": "#1"}
			}
		},
		{
			"from": [7, 4.5, 6],
			"to": [7.5, 5.5, 6.5],
			"faces": {
				"north": {"uv": [6, 10.5, 6.5, 11.5], "texture": "#1"},
				"east": {"uv": [6, 10.5, 6.5, 11.5], "texture": "#1"},
				"south": {"uv": [6, 10.5, 6.5, 11.5], "texture": "#1"},
				"west": {"uv": [6, 10.5, 6.5, 11.5], "texture": "#1"},
				"up": {"uv": [6, 10.5, 6.5, 11], "texture": "#1"},
				"down": {"uv": [6, 11, 6.5, 11.5], "texture": "#1"}
			}
		},
		{
			"from": [7, 4.5, 10.5],
			"to": [7.5, 5.5, 11],
			"faces": {
				"north": {"uv": [10.5, 10.5, 11, 11.5], "texture": "#1"},
				"east": {"uv": [10.5, 10.5, 11, 11.5], "texture": "#1"},
				"south": {"uv": [10.5, 10.5, 11, 11.5], "texture": "#1"},
				"west": {"uv": [10.5, 10.5, 11, 11.5], "texture": "#1"},
				"up": {"uv": [10.5, 10.5, 11, 11], "texture": "#1"},
				"down": {"uv": [10.5, 11, 11, 11.5], "texture": "#1"}
			}
		},
		{
			"from": [7, 3.5, 5.5],
			"to": [7.5, 4.5, 6],
			"faces": {
				"north": {"uv": [5.5, 11.5, 6, 12.5], "texture": "#1"},
				"east": {"uv": [5.5, 11.5, 6, 12.5], "texture": "#1"},
				"south": {"uv": [5.5, 11.5, 6, 12.5], "texture": "#1"},
				"west": {"uv": [5.5, 11.5, 6, 12.5], "texture": "#1"},
				"up": {"uv": [5.5, 11.5, 6, 12], "texture": "#1"},
				"down": {"uv": [5.5, 12, 6, 12.5], "texture": "#1"}
			}
		},
		{
			"from": [7, 3.5, 10],
			"to": [7.5, 4.5, 10.5],
			"faces": {
				"north": {"uv": [10, 11.5, 10.5, 12.5], "texture": "#1"},
				"east": {"uv": [10, 11.5, 10.5, 12.5], "texture": "#1"},
				"south": {"uv": [10, 11.5, 10.5, 12.5], "texture": "#1"},
				"west": {"uv": [10, 11.5, 10.5, 12.5], "texture": "#1"},
				"up": {"uv": [10, 11.5, 10.5, 12], "texture": "#1"},
				"down": {"uv": [10, 12, 10.5, 12.5], "texture": "#1"}
			}
		},
		{
			"from": [7, 2.5, 5],
			"to": [7.5, 3.5, 5.5],
			"faces": {
				"north": {"uv": [5, 12.5, 5.5, 13.5], "texture": "#1"},
				"east": {"uv": [5, 12.5, 5.5, 13.5], "texture": "#1"},
				"south": {"uv": [5, 12.5, 5.5, 13.5], "texture": "#1"},
				"west": {"uv": [5, 12.5, 5.5, 13.5], "texture": "#1"},
				"up": {"uv": [5, 12.5, 5.5, 13], "texture": "#1"},
				"down": {"uv": [5, 13, 5.5, 13.5], "texture": "#1"}
			}
		},
		{
			"from": [7, 2.5, 9.5],
			"to": [7.5, 3.5, 10],
			"faces": {
				"north": {"uv": [9.5, 12.5, 10, 13.5], "texture": "#1"},
				"east": {"uv": [9.5, 12.5, 10, 13.5], "texture": "#1"},
				"south": {"uv": [9.5, 12.5, 10, 13.5], "texture": "#1"},
				"west": {"uv": [9.5, 12.5, 10, 13.5], "texture": "#1"},
				"up": {"uv": [9.5, 12.5, 10, 13], "texture": "#1"},
				"down": {"uv": [9.5, 13, 10, 13.5], "texture": "#1"}
			}
		},
		{
			"from": [7, 2.5, 6],
			"to": [7.5, 3.5, 6.5],
			"faces": {
				"north": {"uv": [6, 12.5, 6.5, 13.5], "texture": "#1"},
				"east": {"uv": [6, 12.5, 6.5, 13.5], "texture": "#1"},
				"south": {"uv": [6, 12.5, 6.5, 13.5], "texture": "#1"},
				"west": {"uv": [6, 12.5, 6.5, 13.5], "texture": "#1"},
				"up": {"uv": [6, 12.5, 6.5, 13], "texture": "#1"},
				"down": {"uv": [6, 13, 6.5, 13.5], "texture": "#1"}
			}
		},
		{
			"from": [7, 2.5, 10.5],
			"to": [7.5, 3.5, 11],
			"faces": {
				"north": {"uv": [10.5, 12.5, 11, 13.5], "texture": "#1"},
				"east": {"uv": [10.5, 12.5, 11, 13.5], "texture": "#1"},
				"south": {"uv": [10.5, 12.5, 11, 13.5], "texture": "#1"},
				"west": {"uv": [10.5, 12.5, 11, 13.5], "texture": "#1"},
				"up": {"uv": [10.5, 12.5, 11, 13], "texture": "#1"},
				"down": {"uv": [10.5, 13, 11, 13.5], "texture": "#1"}
			}
		},
		{
			"from": [7, 2, 5.5],
			"to": [7.5, 2.5, 6],
			"faces": {
				"north": {"uv": [5.5, 13.5, 6, 14], "texture": "#1"},
				"east": {"uv": [5.5, 13.5, 6, 14], "texture": "#1"},
				"south": {"uv": [5.5, 13.5, 6, 14], "texture": "#1"},
				"west": {"uv": [5.5, 13.5, 6, 14], "texture": "#1"},
				"up": {"uv": [5.5, 13.5, 6, 14], "texture": "#1"},
				"down": {"uv": [5.5, 13.5, 6, 14], "texture": "#1"}
			}
		},
		{
			"from": [7, 2, 10],
			"to": [7.5, 2.5, 10.5],
			"faces": {
				"north": {"uv": [10, 13.5, 10.5, 14], "texture": "#1"},
				"east": {"uv": [10, 13.5, 10.5, 14], "texture": "#1"},
				"south": {"uv": [10, 13.5, 10.5, 14], "texture": "#1"},
				"west": {"uv": [10, 13.5, 10.5, 14], "texture": "#1"},
				"up": {"uv": [10, 13.5, 10.5, 14], "texture": "#1"},
				"down": {"uv": [10, 13.5, 10.5, 14], "texture": "#1"}
			}
		},
		{
			"from": [8.5, 7, 7],
			"to": [9, 7.5, 7.5],
			"faces": {
				"north": {"uv": [6.5, 8.5, 7, 9], "texture": "#1"},
				"south": {"uv": [6.5, 8.5, 7, 9], "texture": "#1"},
				"west": {"uv": [6.5, 8.5, 7, 9], "texture": "#1"},
				"up": {"uv": [6.5, 8.5, 7, 9], "rotation": 90, "texture": "#1"}
			}
		},
		{
			"from": [7, 7, 7],
			"to": [7.5, 7.5, 7.5],
			"faces": {
				"north": {"uv": [8.5, 8.5, 9, 9], "texture": "#1"},
				"east": {"uv": [8.5, 8.5, 9, 9], "texture": "#1"},
				"south": {"uv": [8.5, 8.5, 9, 9], "texture": "#1"},
				"up": {"uv": [8.5, 8.5, 9, 9], "rotation": 90, "texture": "#1"}
			}
		},
		{
			"from": [6.5, 5.5, 7],
			"to": [7, 7.5, 7.5],
			"faces": {
				"north": {"uv": [9, 8.5, 9.5, 10.5], "texture": "#1"},
				"east": {"uv": [9, 8.5, 9.5, 10.5], "texture": "#1"},
				"south": {"uv": [9, 8.5, 9.5, 10.5], "texture": "#1"},
				"west": {"uv": [9, 8.5, 9.5, 10.5], "texture": "#1"},
				"up": {"uv": [9, 8.5, 9.5, 9], "rotation": 90, "texture": "#1"},
				"down": {"uv": [9, 10, 9.5, 10.5], "rotation": 270, "texture": "#1"}
			}
		},
		{
			"from": [9, 5.5, 7],
			"to": [9.5, 7.5, 7.5],
			"faces": {
				"north": {"uv": [6.5, 8.5, 7, 10.5], "texture": "#1"},
				"east": {"uv": [6.5, 8.5, 7, 10.5], "texture": "#1"},
				"south": {"uv": [6.5, 8.5, 7, 10.5], "texture": "#1"},
				"west": {"uv": [6.5, 8.5, 7, 10.5], "texture": "#1"},
				"up": {"uv": [6.5, 8.5, 7, 9], "rotation": 90, "texture": "#1"},
				"down": {"uv": [6.5, 10, 7, 10.5], "rotation": 270, "texture": "#1"}
			}
		},
		{
			"from": [9.5, 6, 7],
			"to": [10, 8, 7.5],
			"faces": {
				"north": {"uv": [6, 8, 6.5, 10], "texture": "#1"},
				"east": {"uv": [6, 8, 6.5, 10], "texture": "#1"},
				"south": {"uv": [6, 8, 6.5, 10], "texture": "#1"},
				"west": {"uv": [6, 8, 6.5, 10], "texture": "#1"},
				"up": {"uv": [6, 8, 6.5, 8.5], "rotation": 90, "texture": "#1"},
				"down": {"uv": [6, 9.5, 6.5, 10], "rotation": 270, "texture": "#1"}
			}
		},
		{
			"from": [6, 6, 7],
			"to": [6.5, 8, 7.5],
			"faces": {
				"north": {"uv": [9.5, 8, 10, 10], "texture": "#1"},
				"east": {"uv": [9.5, 8, 10, 10], "texture": "#1"},
				"south": {"uv": [9.5, 8, 10, 10], "texture": "#1"},
				"west": {"uv": [9.5, 8, 10, 10], "texture": "#1"},
				"up": {"uv": [9.5, 8, 10, 8.5], "rotation": 90, "texture": "#1"},
				"down": {"uv": [9.5, 9.5, 10, 10], "rotation": 270, "texture": "#1"}
			}
		},
		{
			"from": [5.5, 5.5, 7],
			"to": [6, 11, 7.5],
			"faces": {
				"north": {"uv": [10, 5, 10.5, 10.5], "texture": "#1"},
				"east": {"uv": [10, 5, 10.5, 10.5], "texture": "#1"},
				"south": {"uv": [10, 5, 10.5, 10.5], "texture": "#1"},
				"west": {"uv": [10, 5, 10.5, 10.5], "texture": "#1"},
				"up": {"uv": [10, 5, 10.5, 5.5], "rotation": 90, "texture": "#1"},
				"down": {"uv": [10, 10, 10.5, 10.5], "rotation": 270, "texture": "#1"}
			}
		},
		{
			"from": [10, 5.5, 7],
			"to": [10.5, 11, 7.5],
			"faces": {
				"north": {"uv": [5.5, 5, 6, 10.5], "texture": "#1"},
				"east": {"uv": [5.5, 5, 6, 10.5], "texture": "#1"},
				"south": {"uv": [5.5, 5, 6, 10.5], "texture": "#1"},
				"west": {"uv": [5.5, 5, 6, 10.5], "texture": "#1"},
				"up": {"uv": [5.5, 5, 6, 5.5], "rotation": 90, "texture": "#1"},
				"down": {"uv": [5.5, 10, 6, 10.5], "rotation": 270, "texture": "#1"}
			}
		},
		{
			"from": [10.5, 7, 7],
			"to": [11, 10.5, 7.5],
			"faces": {
				"north": {"uv": [5, 5.5, 5.5, 9], "texture": "#1"},
				"east": {"uv": [5, 5.5, 5.5, 9], "texture": "#1"},
				"south": {"uv": [5, 5.5, 5.5, 9], "texture": "#1"},
				"up": {"uv": [5, 5.5, 5.5, 6], "rotation": 90, "texture": "#1"},
				"down": {"uv": [5, 8.5, 5.5, 9], "rotation": 270, "texture": "#1"}
			}
		},
		{
			"from": [5, 7, 7],
			"to": [5.5, 10.5, 7.5],
			"faces": {
				"north": {"uv": [10.5, 5.5, 11, 9], "texture": "#1"},
				"south": {"uv": [10.5, 5.5, 11, 9], "texture": "#1"},
				"west": {"uv": [10.5, 5.5, 11, 9], "texture": "#1"},
				"up": {"uv": [10.5, 5.5, 11, 6], "rotation": 90, "texture": "#1"},
				"down": {"uv": [10.5, 8.5, 11, 9], "rotation": 270, "texture": "#1"}
			}
		},
		{
			"from": [4.5, 7.5, 7],
			"to": [5, 10, 7.5],
			"faces": {
				"north": {"uv": [11, 6, 11.5, 8.5], "texture": "#1"},
				"south": {"uv": [11, 6, 11.5, 8.5], "texture": "#1"},
				"west": {"uv": [11, 6, 11.5, 8.5], "texture": "#1"},
				"up": {"uv": [11, 6, 11.5, 6.5], "rotation": 90, "texture": "#1"},
				"down": {"uv": [11, 8, 11.5, 8.5], "rotation": 270, "texture": "#1"}
			}
		},
		{
			"from": [11, 7.5, 7],
			"to": [11.5, 10, 7.5],
			"faces": {
				"north": {"uv": [4.5, 6, 5, 8.5], "texture": "#1"},
				"east": {"uv": [4.5, 6, 5, 8.5], "texture": "#1"},
				"south": {"uv": [4.5, 6, 5, 8.5], "texture": "#1"},
				"up": {"uv": [4.5, 6, 5, 6.5], "rotation": 90, "texture": "#1"},
				"down": {"uv": [4.5, 8, 5, 8.5], "rotation": 270, "texture": "#1"}
			}
		},
		{
			"from": [9.5, 9.5, 7],
			"to": [10, 11.5, 7.5],
			"faces": {
				"north": {"uv": [6, 4.5, 6.5, 6.5], "texture": "#1"},
				"east": {"uv": [6, 4.5, 6.5, 6.5], "texture": "#1"},
				"south": {"uv": [6, 4.5, 6.5, 6.5], "texture": "#1"},
				"west": {"uv": [6, 4.5, 6.5, 6.5], "texture": "#1"},
				"up": {"uv": [6, 4.5, 6.5, 5], "rotation": 90, "texture": "#1"},
				"down": {"uv": [6, 6, 6.5, 6.5], "rotation": 270, "texture": "#1"}
			}
		},
		{
			"from": [6, 9.5, 7],
			"to": [6.5, 11.5, 7.5],
			"faces": {
				"north": {"uv": [9.5, 4.5, 10, 6.5], "texture": "#1"},
				"east": {"uv": [9.5, 4.5, 10, 6.5], "texture": "#1"},
				"south": {"uv": [9.5, 4.5, 10, 6.5], "texture": "#1"},
				"west": {"uv": [9.5, 4.5, 10, 6.5], "texture": "#1"},
				"up": {"uv": [9.5, 4.5, 10, 5], "rotation": 90, "texture": "#1"},
				"down": {"uv": [9.5, 6, 10, 6.5], "rotation": 270, "texture": "#1"}
			}
		},
		{
			"from": [9, 10, 7],
			"to": [9.5, 12, 7.5],
			"faces": {
				"north": {"uv": [6.5, 4, 7, 6], "texture": "#1"},
				"east": {"uv": [6.5, 4, 7, 6], "texture": "#1"},
				"south": {"uv": [6.5, 4, 7, 6], "texture": "#1"},
				"west": {"uv": [6.5, 4, 7, 6], "texture": "#1"},
				"up": {"uv": [6.5, 4, 7, 4.5], "rotation": 90, "texture": "#1"},
				"down": {"uv": [6.5, 5.5, 7, 6], "rotation": 270, "texture": "#1"}
			}
		},
		{
			"from": [6.5, 10, 7],
			"to": [7, 12, 7.5],
			"faces": {
				"north": {"uv": [9, 4, 9.5, 6], "texture": "#1"},
				"east": {"uv": [9, 4, 9.5, 6], "texture": "#1"},
				"south": {"uv": [9, 4, 9.5, 6], "texture": "#1"},
				"west": {"uv": [9, 4, 9.5, 6], "texture": "#1"},
				"up": {"uv": [9, 4, 9.5, 4.5], "rotation": 90, "texture": "#1"},
				"down": {"uv": [9, 5.5, 9.5, 6], "rotation": 270, "texture": "#1"}
			}
		},
		{
			"from": [7, 10.5, 7],
			"to": [7.5, 12, 7.5],
			"faces": {
				"north": {"uv": [8.5, 4, 9, 5.5], "texture": "#1"},
				"east": {"uv": [8.5, 4, 9, 5.5], "texture": "#1"},
				"south": {"uv": [8.5, 4, 9, 5.5], "texture": "#1"},
				"west": {"uv": [8.5, 4, 9, 5.5], "texture": "#1"},
				"up": {"uv": [8.5, 4, 9, 4.5], "rotation": 90, "texture": "#1"},
				"down": {"uv": [8.5, 5, 9, 5.5], "rotation": 270, "texture": "#1"}
			}
		},
		{
			"from": [8.5, 10.5, 7],
			"to": [9, 12, 7.5],
			"faces": {
				"north": {"uv": [7, 4, 7.5, 5.5], "texture": "#1"},
				"east": {"uv": [7, 4, 7.5, 5.5], "texture": "#1"},
				"south": {"uv": [7, 4, 7.5, 5.5], "texture": "#1"},
				"west": {"uv": [7, 4, 7.5, 5.5], "texture": "#1"},
				"up": {"uv": [7, 4, 7.5, 4.5], "rotation": 90, "texture": "#1"},
				"down": {"uv": [7, 5, 7.5, 5.5], "rotation": 270, "texture": "#1"}
			}
		},
		{
			"from": [10.5, 4.5, 7],
			"to": [11, 5.5, 7.5],
			"faces": {
				"north": {"uv": [5, 10.5, 5.5, 11.5], "texture": "#1"},
				"east": {"uv": [5, 10.5, 5.5, 11.5], "texture": "#1"},
				"south": {"uv": [5, 10.5, 5.5, 11.5], "texture": "#1"},
				"west": {"uv": [5, 10.5, 5.5, 11.5], "texture": "#1"},
				"up": {"uv": [5, 10.5, 5.5, 11], "rotation": 90, "texture": "#1"},
				"down": {"uv": [5, 11, 5.5, 11.5], "rotation": 270, "texture": "#1"}
			}
		},
		{
			"from": [6, 4.5, 7],
			"to": [6.5, 5.5, 7.5],
			"faces": {
				"north": {"uv": [9.5, 10.5, 10, 11.5], "texture": "#1"},
				"east": {"uv": [9.5, 10.5, 10, 11.5], "texture": "#1"},
				"south": {"uv": [9.5, 10.5, 10, 11.5], "texture": "#1"},
				"west": {"uv": [9.5, 10.5, 10, 11.5], "texture": "#1"},
				"up": {"uv": [9.5, 10.5, 10, 11], "rotation": 90, "texture": "#1"},
				"down": {"uv": [9.5, 11, 10, 11.5], "rotation": 270, "texture": "#1"}
			}
		},
		{
			"from": [9.5, 4.5, 7],
			"to": [10, 5.5, 7.5],
			"faces": {
				"north": {"uv": [6, 10.5, 6.5, 11.5], "texture": "#1"},
				"east": {"uv": [6, 10.5, 6.5, 11.5], "texture": "#1"},
				"south": {"uv": [6, 10.5, 6.5, 11.5], "texture": "#1"},
				"west": {"uv": [6, 10.5, 6.5, 11.5], "texture": "#1"},
				"up": {"uv": [6, 10.5, 6.5, 11], "rotation": 90, "texture": "#1"},
				"down": {"uv": [6, 11, 6.5, 11.5], "rotation": 270, "texture": "#1"}
			}
		},
		{
			"from": [5, 4.5, 7],
			"to": [5.5, 5.5, 7.5],
			"faces": {
				"north": {"uv": [10.5, 10.5, 11, 11.5], "texture": "#1"},
				"east": {"uv": [10.5, 10.5, 11, 11.5], "texture": "#1"},
				"south": {"uv": [10.5, 10.5, 11, 11.5], "texture": "#1"},
				"west": {"uv": [10.5, 10.5, 11, 11.5], "texture": "#1"},
				"up": {"uv": [10.5, 10.5, 11, 11], "rotation": 90, "texture": "#1"},
				"down": {"uv": [10.5, 11, 11, 11.5], "rotation": 270, "texture": "#1"}
			}
		},
		{
			"from": [10, 3.5, 7],
			"to": [10.5, 4.5, 7.5],
			"faces": {
				"north": {"uv": [5.5, 11.5, 6, 12.5], "texture": "#1"},
				"east": {"uv": [5.5, 11.5, 6, 12.5], "texture": "#1"},
				"south": {"uv": [5.5, 11.5, 6, 12.5], "texture": "#1"},
				"west": {"uv": [5.5, 11.5, 6, 12.5], "texture": "#1"},
				"up": {"uv": [5.5, 11.5, 6, 12], "rotation": 90, "texture": "#1"},
				"down": {"uv": [5.5, 12, 6, 12.5], "rotation": 270, "texture": "#1"}
			}
		},
		{
			"from": [5.5, 3.5, 7],
			"to": [6, 4.5, 7.5],
			"faces": {
				"north": {"uv": [10, 11.5, 10.5, 12.5], "texture": "#1"},
				"east": {"uv": [10, 11.5, 10.5, 12.5], "texture": "#1"},
				"south": {"uv": [10, 11.5, 10.5, 12.5], "texture": "#1"},
				"west": {"uv": [10, 11.5, 10.5, 12.5], "texture": "#1"},
				"up": {"uv": [10, 11.5, 10.5, 12], "rotation": 90, "texture": "#1"},
				"down": {"uv": [10, 12, 10.5, 12.5], "rotation": 270, "texture": "#1"}
			}
		},
		{
			"from": [10.5, 2.5, 7],
			"to": [11, 3.5, 7.5],
			"faces": {
				"north": {"uv": [5, 12.5, 5.5, 13.5], "texture": "#1"},
				"east": {"uv": [5, 12.5, 5.5, 13.5], "texture": "#1"},
				"south": {"uv": [5, 12.5, 5.5, 13.5], "texture": "#1"},
				"west": {"uv": [5, 12.5, 5.5, 13.5], "texture": "#1"},
				"up": {"uv": [5, 12.5, 5.5, 13], "rotation": 90, "texture": "#1"},
				"down": {"uv": [5, 13, 5.5, 13.5], "rotation": 270, "texture": "#1"}
			}
		},
		{
			"from": [6, 2.5, 7],
			"to": [6.5, 3.5, 7.5],
			"faces": {
				"north": {"uv": [9.5, 12.5, 10, 13.5], "texture": "#1"},
				"east": {"uv": [9.5, 12.5, 10, 13.5], "texture": "#1"},
				"south": {"uv": [9.5, 12.5, 10, 13.5], "texture": "#1"},
				"west": {"uv": [9.5, 12.5, 10, 13.5], "texture": "#1"},
				"up": {"uv": [9.5, 12.5, 10, 13], "rotation": 90, "texture": "#1"},
				"down": {"uv": [9.5, 13, 10, 13.5], "rotation": 270, "texture": "#1"}
			}
		},
		{
			"from": [9.5, 2.5, 7],
			"to": [10, 3.5, 7.5],
			"faces": {
				"north": {"uv": [6, 12.5, 6.5, 13.5], "texture": "#1"},
				"east": {"uv": [6, 12.5, 6.5, 13.5], "texture": "#1"},
				"south": {"uv": [6, 12.5, 6.5, 13.5], "texture": "#1"},
				"west": {"uv": [6, 12.5, 6.5, 13.5], "texture": "#1"},
				"up": {"uv": [6, 12.5, 6.5, 13], "rotation": 90, "texture": "#1"},
				"down": {"uv": [6, 13, 6.5, 13.5], "rotation": 270, "texture": "#1"}
			}
		},
		{
			"from": [5, 2.5, 7],
			"to": [5.5, 3.5, 7.5],
			"faces": {
				"north": {"uv": [10.5, 12.5, 11, 13.5], "texture": "#1"},
				"east": {"uv": [10.5, 12.5, 11, 13.5], "texture": "#1"},
				"south": {"uv": [10.5, 12.5, 11, 13.5], "texture": "#1"},
				"west": {"uv": [10.5, 12.5, 11, 13.5], "texture": "#1"},
				"up": {"uv": [10.5, 12.5, 11, 13], "rotation": 90, "texture": "#1"},
				"down": {"uv": [10.5, 13, 11, 13.5], "rotation": 270, "texture": "#1"}
			}
		},
		{
			"from": [10, 2, 7],
			"to": [10.5, 2.5, 7.5],
			"faces": {
				"north": {"uv": [5.5, 13.5, 6, 14], "texture": "#1"},
				"east": {"uv": [5.5, 13.5, 6, 14], "texture": "#1"},
				"south": {"uv": [5.5, 13.5, 6, 14], "texture": "#1"},
				"west": {"uv": [5.5, 13.5, 6, 14], "texture": "#1"},
				"up": {"uv": [5.5, 13.5, 6, 14], "rotation": 90, "texture": "#1"},
				"down": {"uv": [5.5, 13.5, 6, 14], "rotation": 270, "texture": "#1"}
			}
		},
		{
			"from": [5.5, 2, 7],
			"to": [6, 2.5, 7.5],
			"faces": {
				"north": {"uv": [10, 13.5, 10.5, 14], "texture": "#1"},
				"east": {"uv": [10, 13.5, 10.5, 14], "texture": "#1"},
				"south": {"uv": [10, 13.5, 10.5, 14], "texture": "#1"},
				"west": {"uv": [10, 13.5, 10.5, 14], "texture": "#1"},
				"up": {"uv": [10, 13.5, 10.5, 14], "rotation": 90, "texture": "#1"},
				"down": {"uv": [10, 13.5, 10.5, 14], "rotation": 270, "texture": "#1"}
			}
		},
		{
			"from": [8.5, 7, 8.5],
			"to": [9, 7.5, 9],
			"faces": {
				"north": {"uv": [6.5, 8.5, 7, 9], "texture": "#1"},
				"east": {"uv": [6.5, 8.5, 7, 9], "texture": "#1"},
				"west": {"uv": [6.5, 8.5, 7, 9], "texture": "#1"},
				"up": {"uv": [6.5, 8.5, 7, 9], "rotation": 180, "texture": "#1"}
			}
		},
		{
			"from": [8.5, 7, 7],
			"to": [9, 7.5, 7.5],
			"faces": {
				"east": {"uv": [8.5, 8.5, 9, 9], "texture": "#1"},
				"south": {"uv": [8.5, 8.5, 9, 9], "texture": "#1"},
				"west": {"uv": [8.5, 8.5, 9, 9], "texture": "#1"},
				"up": {"uv": [8.5, 8.5, 9, 9], "rotation": 180, "texture": "#1"}
			}
		},
		{
			"from": [8.5, 5.5, 6.5],
			"to": [9, 7.5, 7],
			"faces": {
				"north": {"uv": [9, 8.5, 9.5, 10.5], "texture": "#1"},
				"east": {"uv": [9, 8.5, 9.5, 10.5], "texture": "#1"},
				"south": {"uv": [9, 8.5, 9.5, 10.5], "texture": "#1"},
				"west": {"uv": [9, 8.5, 9.5, 10.5], "texture": "#1"},
				"up": {"uv": [9, 8.5, 9.5, 9], "rotation": 180, "texture": "#1"},
				"down": {"uv": [9, 10, 9.5, 10.5], "rotation": 180, "texture": "#1"}
			}
		},
		{
			"from": [8.5, 5.5, 9],
			"to": [9, 7.5, 9.5],
			"faces": {
				"north": {"uv": [6.5, 8.5, 7, 10.5], "texture": "#1"},
				"east": {"uv": [6.5, 8.5, 7, 10.5], "texture": "#1"},
				"south": {"uv": [6.5, 8.5, 7, 10.5], "texture": "#1"},
				"west": {"uv": [6.5, 8.5, 7, 10.5], "texture": "#1"},
				"up": {"uv": [6.5, 8.5, 7, 9], "rotation": 180, "texture": "#1"},
				"down": {"uv": [6.5, 10, 7, 10.5], "rotation": 180, "texture": "#1"}
			}
		},
		{
			"from": [8.5, 6, 9.5],
			"to": [9, 8, 10],
			"faces": {
				"north": {"uv": [6, 8, 6.5, 10], "texture": "#1"},
				"east": {"uv": [6, 8, 6.5, 10], "texture": "#1"},
				"south": {"uv": [6, 8, 6.5, 10], "texture": "#1"},
				"west": {"uv": [6, 8, 6.5, 10], "texture": "#1"},
				"up": {"uv": [6, 8, 6.5, 8.5], "rotation": 180, "texture": "#1"},
				"down": {"uv": [6, 9.5, 6.5, 10], "rotation": 180, "texture": "#1"}
			}
		},
		{
			"from": [8.5, 6, 6],
			"to": [9, 8, 6.5],
			"faces": {
				"north": {"uv": [9.5, 8, 10, 10], "texture": "#1"},
				"east": {"uv": [9.5, 8, 10, 10], "texture": "#1"},
				"south": {"uv": [9.5, 8, 10, 10], "texture": "#1"},
				"west": {"uv": [9.5, 8, 10, 10], "texture": "#1"},
				"up": {"uv": [9.5, 8, 10, 8.5], "rotation": 180, "texture": "#1"},
				"down": {"uv": [9.5, 9.5, 10, 10], "rotation": 180, "texture": "#1"}
			}
		},
		{
			"from": [8.5, 5.5, 5.5],
			"to": [9, 11, 6],
			"faces": {
				"north": {"uv": [10, 5, 10.5, 10.5], "texture": "#1"},
				"east": {"uv": [10, 5, 10.5, 10.5], "texture": "#1"},
				"south": {"uv": [10, 5, 10.5, 10.5], "texture": "#1"},
				"west": {"uv": [10, 5, 10.5, 10.5], "texture": "#1"},
				"up": {"uv": [10, 5, 10.5, 5.5], "rotation": 180, "texture": "#1"},
				"down": {"uv": [10, 10, 10.5, 10.5], "rotation": 180, "texture": "#1"}
			}
		},
		{
			"from": [8.5, 5.5, 10],
			"to": [9, 11, 10.5],
			"faces": {
				"north": {"uv": [5.5, 5, 6, 10.5], "texture": "#1"},
				"east": {"uv": [5.5, 5, 6, 10.5], "texture": "#1"},
				"south": {"uv": [5.5, 5, 6, 10.5], "texture": "#1"},
				"west": {"uv": [5.5, 5, 6, 10.5], "texture": "#1"},
				"up": {"uv": [5.5, 5, 6, 5.5], "rotation": 180, "texture": "#1"},
				"down": {"uv": [5.5, 10, 6, 10.5], "rotation": 180, "texture": "#1"}
			}
		},
		{
			"from": [8.5, 7, 10.5],
			"to": [9, 10.5, 11],
			"faces": {
				"east": {"uv": [5, 5.5, 5.5, 9], "texture": "#1"},
				"south": {"uv": [5, 5.5, 5.5, 9], "texture": "#1"},
				"west": {"uv": [5, 5.5, 5.5, 9], "texture": "#1"},
				"up": {"uv": [5, 5.5, 5.5, 6], "rotation": 180, "texture": "#1"},
				"down": {"uv": [5, 8.5, 5.5, 9], "rotation": 180, "texture": "#1"}
			}
		},
		{
			"from": [8.5, 7, 5],
			"to": [9, 10.5, 5.5],
			"faces": {
				"north": {"uv": [10.5, 5.5, 11, 9], "texture": "#1"},
				"east": {"uv": [10.5, 5.5, 11, 9], "texture": "#1"},
				"west": {"uv": [10.5, 5.5, 11, 9], "texture": "#1"},
				"up": {"uv": [10.5, 5.5, 11, 6], "rotation": 180, "texture": "#1"},
				"down": {"uv": [10.5, 8.5, 11, 9], "rotation": 180, "texture": "#1"}
			}
		},
		{
			"from": [8.5, 7.5, 4.5],
			"to": [9, 10, 5],
			"faces": {
				"north": {"uv": [11, 6, 11.5, 8.5], "texture": "#1"},
				"east": {"uv": [11, 6, 11.5, 8.5], "texture": "#1"},
				"west": {"uv": [11, 6, 11.5, 8.5], "texture": "#1"},
				"up": {"uv": [11, 6, 11.5, 6.5], "rotation": 180, "texture": "#1"},
				"down": {"uv": [11, 8, 11.5, 8.5], "rotation": 180, "texture": "#1"}
			}
		},
		{
			"from": [8.5, 7.5, 11],
			"to": [9, 10, 11.5],
			"faces": {
				"east": {"uv": [4.5, 6, 5, 8.5], "texture": "#1"},
				"south": {"uv": [4.5, 6, 5, 8.5], "texture": "#1"},
				"west": {"uv": [4.5, 6, 5, 8.5], "texture": "#1"},
				"up": {"uv": [4.5, 6, 5, 6.5], "rotation": 180, "texture": "#1"},
				"down": {"uv": [4.5, 8, 5, 8.5], "rotation": 180, "texture": "#1"}
			}
		},
		{
			"from": [8.5, 9.5, 9.5],
			"to": [9, 11.5, 10],
			"faces": {
				"north": {"uv": [6, 4.5, 6.5, 6.5], "texture": "#1"},
				"east": {"uv": [6, 4.5, 6.5, 6.5], "texture": "#1"},
				"south": {"uv": [6, 4.5, 6.5, 6.5], "texture": "#1"},
				"west": {"uv": [6, 4.5, 6.5, 6.5], "texture": "#1"},
				"up": {"uv": [6, 4.5, 6.5, 5], "rotation": 180, "texture": "#1"},
				"down": {"uv": [6, 6, 6.5, 6.5], "rotation": 180, "texture": "#1"}
			}
		},
		{
			"from": [8.5, 9.5, 6],
			"to": [9, 11.5, 6.5],
			"faces": {
				"north": {"uv": [9.5, 4.5, 10, 6.5], "texture": "#1"},
				"east": {"uv": [9.5, 4.5, 10, 6.5], "texture": "#1"},
				"south": {"uv": [9.5, 4.5, 10, 6.5], "texture": "#1"},
				"west": {"uv": [9.5, 4.5, 10, 6.5], "texture": "#1"},
				"up": {"uv": [9.5, 4.5, 10, 5], "rotation": 180, "texture": "#1"},
				"down": {"uv": [9.5, 6, 10, 6.5], "rotation": 180, "texture": "#1"}
			}
		},
		{
			"from": [8.5, 10, 9],
			"to": [9, 12, 9.5],
			"faces": {
				"north": {"uv": [6.5, 4, 7, 6], "texture": "#1"},
				"east": {"uv": [6.5, 4, 7, 6], "texture": "#1"},
				"south": {"uv": [6.5, 4, 7, 6], "texture": "#1"},
				"west": {"uv": [6.5, 4, 7, 6], "texture": "#1"},
				"up": {"uv": [6.5, 4, 7, 4.5], "rotation": 180, "texture": "#1"},
				"down": {"uv": [6.5, 5.5, 7, 6], "rotation": 180, "texture": "#1"}
			}
		},
		{
			"from": [8.5, 10, 6.5],
			"to": [9, 12, 7],
			"faces": {
				"north": {"uv": [9, 4, 9.5, 6], "texture": "#1"},
				"east": {"uv": [9, 4, 9.5, 6], "texture": "#1"},
				"south": {"uv": [9, 4, 9.5, 6], "texture": "#1"},
				"west": {"uv": [9, 4, 9.5, 6], "texture": "#1"},
				"up": {"uv": [9, 4, 9.5, 4.5], "rotation": 180, "texture": "#1"},
				"down": {"uv": [9, 5.5, 9.5, 6], "rotation": 180, "texture": "#1"}
			}
		},
		{
			"from": [8.5, 10.5, 7],
			"to": [9, 12, 7.5],
			"faces": {
				"north": {"uv": [8.5, 4, 9, 5.5], "texture": "#1"},
				"east": {"uv": [8.5, 4, 9, 5.5], "texture": "#1"},
				"south": {"uv": [8.5, 4, 9, 5.5], "texture": "#1"},
				"west": {"uv": [8.5, 4, 9, 5.5], "texture": "#1"},
				"up": {"uv": [8.5, 4, 9, 4.5], "rotation": 180, "texture": "#1"},
				"down": {"uv": [8.5, 5, 9, 5.5], "rotation": 180, "texture": "#1"}
			}
		},
		{
			"from": [8.5, 10.5, 8.5],
			"to": [9, 12, 9],
			"faces": {
				"north": {"uv": [7, 4, 7.5, 5.5], "texture": "#1"},
				"east": {"uv": [7, 4, 7.5, 5.5], "texture": "#1"},
				"south": {"uv": [7, 4, 7.5, 5.5], "texture": "#1"},
				"west": {"uv": [7, 4, 7.5, 5.5], "texture": "#1"},
				"up": {"uv": [7, 4, 7.5, 4.5], "rotation": 180, "texture": "#1"},
				"down": {"uv": [7, 5, 7.5, 5.5], "rotation": 180, "texture": "#1"}
			}
		},
		{
			"from": [8.5, 4.5, 10.5],
			"to": [9, 5.5, 11],
			"faces": {
				"north": {"uv": [5, 10.5, 5.5, 11.5], "texture": "#1"},
				"east": {"uv": [5, 10.5, 5.5, 11.5], "texture": "#1"},
				"south": {"uv": [5, 10.5, 5.5, 11.5], "texture": "#1"},
				"west": {"uv": [5, 10.5, 5.5, 11.5], "texture": "#1"},
				"up": {"uv": [5, 10.5, 5.5, 11], "rotation": 180, "texture": "#1"},
				"down": {"uv": [5, 11, 5.5, 11.5], "rotation": 180, "texture": "#1"}
			}
		},
		{
			"from": [8.5, 4.5, 6],
			"to": [9, 5.5, 6.5],
			"faces": {
				"north": {"uv": [9.5, 10.5, 10, 11.5], "texture": "#1"},
				"east": {"uv": [9.5, 10.5, 10, 11.5], "texture": "#1"},
				"south": {"uv": [9.5, 10.5, 10, 11.5], "texture": "#1"},
				"west": {"uv": [9.5, 10.5, 10, 11.5], "texture": "#1"},
				"up": {"uv": [9.5, 10.5, 10, 11], "rotation": 180, "texture": "#1"},
				"down": {"uv": [9.5, 11, 10, 11.5], "rotation": 180, "texture": "#1"}
			}
		},
		{
			"from": [8.5, 4.5, 9.5],
			"to": [9, 5.5, 10],
			"faces": {
				"north": {"uv": [6, 10.5, 6.5, 11.5], "texture": "#1"},
				"east": {"uv": [6, 10.5, 6.5, 11.5], "texture": "#1"},
				"south": {"uv": [6, 10.5, 6.5, 11.5], "texture": "#1"},
				"west": {"uv": [6, 10.5, 6.5, 11.5], "texture": "#1"},
				"up": {"uv": [6, 10.5, 6.5, 11], "rotation": 180, "texture": "#1"},
				"down": {"uv": [6, 11, 6.5, 11.5], "rotation": 180, "texture": "#1"}
			}
		},
		{
			"from": [8.5, 4.5, 5],
			"to": [9, 5.5, 5.5],
			"faces": {
				"north": {"uv": [10.5, 10.5, 11, 11.5], "texture": "#1"},
				"east": {"uv": [10.5, 10.5, 11, 11.5], "texture": "#1"},
				"south": {"uv": [10.5, 10.5, 11, 11.5], "texture": "#1"},
				"west": {"uv": [10.5, 10.5, 11, 11.5], "texture": "#1"},
				"up": {"uv": [10.5, 10.5, 11, 11], "rotation": 180, "texture": "#1"},
				"down": {"uv": [10.5, 11, 11, 11.5], "rotation": 180, "texture": "#1"}
			}
		},
		{
			"from": [8.5, 3.5, 10],
			"to": [9, 4.5, 10.5],
			"faces": {
				"north": {"uv": [5.5, 11.5, 6, 12.5], "texture": "#1"},
				"east": {"uv": [5.5, 11.5, 6, 12.5], "texture": "#1"},
				"south": {"uv": [5.5, 11.5, 6, 12.5], "texture": "#1"},
				"west": {"uv": [5.5, 11.5, 6, 12.5], "texture": "#1"},
				"up": {"uv": [5.5, 11.5, 6, 12], "rotation": 180, "texture": "#1"},
				"down": {"uv": [5.5, 12, 6, 12.5], "rotation": 180, "texture": "#1"}
			}
		},
		{
			"from": [8.5, 3.5, 5.5],
			"to": [9, 4.5, 6],
			"faces": {
				"north": {"uv": [10, 11.5, 10.5, 12.5], "texture": "#1"},
				"east": {"uv": [10, 11.5, 10.5, 12.5], "texture": "#1"},
				"south": {"uv": [10, 11.5, 10.5, 12.5], "texture": "#1"},
				"west": {"uv": [10, 11.5, 10.5, 12.5], "texture": "#1"},
				"up": {"uv": [10, 11.5, 10.5, 12], "rotation": 180, "texture": "#1"},
				"down": {"uv": [10, 12, 10.5, 12.5], "rotation": 180, "texture": "#1"}
			}
		},
		{
			"from": [8.5, 2.5, 10.5],
			"to": [9, 3.5, 11],
			"faces": {
				"north": {"uv": [5, 12.5, 5.5, 13.5], "texture": "#1"},
				"east": {"uv": [5, 12.5, 5.5, 13.5], "texture": "#1"},
				"south": {"uv": [5, 12.5, 5.5, 13.5], "texture": "#1"},
				"west": {"uv": [5, 12.5, 5.5, 13.5], "texture": "#1"},
				"up": {"uv": [5, 12.5, 5.5, 13], "rotation": 180, "texture": "#1"},
				"down": {"uv": [5, 13, 5.5, 13.5], "rotation": 180, "texture": "#1"}
			}
		},
		{
			"from": [8.5, 2.5, 6],
			"to": [9, 3.5, 6.5],
			"faces": {
				"north": {"uv": [9.5, 12.5, 10, 13.5], "texture": "#1"},
				"east": {"uv": [9.5, 12.5, 10, 13.5], "texture": "#1"},
				"south": {"uv": [9.5, 12.5, 10, 13.5], "texture": "#1"},
				"west": {"uv": [9.5, 12.5, 10, 13.5], "texture": "#1"},
				"up": {"uv": [9.5, 12.5, 10, 13], "rotation": 180, "texture": "#1"},
				"down": {"uv": [9.5, 13, 10, 13.5], "rotation": 180, "texture": "#1"}
			}
		},
		{
			"from": [8.5, 2.5, 9.5],
			"to": [9, 3.5, 10],
			"faces": {
				"north": {"uv": [6, 12.5, 6.5, 13.5], "texture": "#1"},
				"east": {"uv": [6, 12.5, 6.5, 13.5], "texture": "#1"},
				"south": {"uv": [6, 12.5, 6.5, 13.5], "texture": "#1"},
				"west": {"uv": [6, 12.5, 6.5, 13.5], "texture": "#1"},
				"up": {"uv": [6, 12.5, 6.5, 13], "rotation": 180, "texture": "#1"},
				"down": {"uv": [6, 13, 6.5, 13.5], "rotation": 180, "texture": "#1"}
			}
		},
		{
			"from": [8.5, 2.5, 5],
			"to": [9, 3.5, 5.5],
			"faces": {
				"north": {"uv": [10.5, 12.5, 11, 13.5], "texture": "#1"},
				"east": {"uv": [10.5, 12.5, 11, 13.5], "texture": "#1"},
				"south": {"uv": [10.5, 12.5, 11, 13.5], "texture": "#1"},
				"west": {"uv": [10.5, 12.5, 11, 13.5], "texture": "#1"},
				"up": {"uv": [10.5, 12.5, 11, 13], "rotation": 180, "texture": "#1"},
				"down": {"uv": [10.5, 13, 11, 13.5], "rotation": 180, "texture": "#1"}
			}
		},
		{
			"from": [8.5, 2, 10],
			"to": [9, 2.5, 10.5],
			"faces": {
				"north": {"uv": [5.5, 13.5, 6, 14], "texture": "#1"},
				"east": {"uv": [5.5, 13.5, 6, 14], "texture": "#1"},
				"south": {"uv": [5.5, 13.5, 6, 14], "texture": "#1"},
				"west": {"uv": [5.5, 13.5, 6, 14], "texture": "#1"},
				"up": {"uv": [5.5, 13.5, 6, 14], "rotation": 180, "texture": "#1"},
				"down": {"uv": [5.5, 13.5, 6, 14], "rotation": 180, "texture": "#1"}
			}
		},
		{
			"from": [8.5, 2, 5.5],
			"to": [9, 2.5, 6],
			"faces": {
				"north": {"uv": [10, 13.5, 10.5, 14], "texture": "#1"},
				"east": {"uv": [10, 13.5, 10.5, 14], "texture": "#1"},
				"south": {"uv": [10, 13.5, 10.5, 14], "texture": "#1"},
				"west": {"uv": [10, 13.5, 10.5, 14], "texture": "#1"},
				"up": {"uv": [10, 13.5, 10.5, 14], "rotation": 180, "texture": "#1"},
				"down": {"uv": [10, 13.5, 10.5, 14], "rotation": 180, "texture": "#1"}
			}
		},
		{
			"from": [7, 7, 8.5],
			"to": [7.5, 7.5, 9],
			"faces": {
				"north": {"uv": [6.5, 8.5, 7, 9], "texture": "#1"},
				"east": {"uv": [6.5, 8.5, 7, 9], "texture": "#1"},
				"south": {"uv": [6.5, 8.5, 7, 9], "texture": "#1"},
				"up": {"uv": [6.5, 8.5, 7, 9], "rotation": 270, "texture": "#1"}
			}
		},
		{
			"from": [8.5, 7, 8.5],
			"to": [9, 7.5, 9],
			"faces": {
				"north": {"uv": [8.5, 8.5, 9, 9], "texture": "#1"},
				"south": {"uv": [8.5, 8.5, 9, 9], "texture": "#1"},
				"west": {"uv": [8.5, 8.5, 9, 9], "texture": "#1"},
				"up": {"uv": [8.5, 8.5, 9, 9], "rotation": 270, "texture": "#1"}
			}
		},
		{
			"from": [9, 5.5, 8.5],
			"to": [9.5, 7.5, 9],
			"faces": {
				"north": {"uv": [9, 8.5, 9.5, 10.5], "texture": "#1"},
				"east": {"uv": [9, 8.5, 9.5, 10.5], "texture": "#1"},
				"south": {"uv": [9, 8.5, 9.5, 10.5], "texture": "#1"},
				"west": {"uv": [9, 8.5, 9.5, 10.5], "texture": "#1"},
				"up": {"uv": [9, 8.5, 9.5, 9], "rotation": 270, "texture": "#1"},
				"down": {"uv": [9, 10, 9.5, 10.5], "rotation": 90, "texture": "#1"}
			}
		},
		{
			"from": [6.5, 5.5, 8.5],
			"to": [7, 7.5, 9],
			"faces": {
				"north": {"uv": [6.5, 8.5, 7, 10.5], "texture": "#1"},
				"east": {"uv": [6.5, 8.5, 7, 10.5], "texture": "#1"},
				"south": {"uv": [6.5, 8.5, 7, 10.5], "texture": "#1"},
				"west": {"uv": [6.5, 8.5, 7, 10.5], "texture": "#1"},
				"up": {"uv": [6.5, 8.5, 7, 9], "rotation": 270, "texture": "#1"},
				"down": {"uv": [6.5, 10, 7, 10.5], "rotation": 90, "texture": "#1"}
			}
		},
		{
			"from": [6, 6, 8.5],
			"to": [6.5, 8, 9],
			"faces": {
				"north": {"uv": [6, 8, 6.5, 10], "texture": "#1"},
				"east": {"uv": [6, 8, 6.5, 10], "texture": "#1"},
				"south": {"uv": [6, 8, 6.5, 10], "texture": "#1"},
				"west": {"uv": [6, 8, 6.5, 10], "texture": "#1"},
				"up": {"uv": [6, 8, 6.5, 8.5], "rotation": 270, "texture": "#1"},
				"down": {"uv": [6, 9.5, 6.5, 10], "rotation": 90, "texture": "#1"}
			}
		},
		{
			"from": [9.5, 6, 8.5],
			"to": [10, 8, 9],
			"faces": {
				"north": {"uv": [9.5, 8, 10, 10], "texture": "#1"},
				"east": {"uv": [9.5, 8, 10, 10], "texture": "#1"},
				"south": {"uv": [9.5, 8, 10, 10], "texture": "#1"},
				"west": {"uv": [9.5, 8, 10, 10], "texture": "#1"},
				"up": {"uv": [9.5, 8, 10, 8.5], "rotation": 270, "texture": "#1"},
				"down": {"uv": [9.5, 9.5, 10, 10], "rotation": 90, "texture": "#1"}
			}
		},
		{
			"from": [10, 5.5, 8.5],
			"to": [10.5, 11, 9],
			"faces": {
				"north": {"uv": [10, 5, 10.5, 10.5], "texture": "#1"},
				"east": {"uv": [10, 5, 10.5, 10.5], "texture": "#1"},
				"south": {"uv": [10, 5, 10.5, 10.5], "texture": "#1"},
				"west": {"uv": [10, 5, 10.5, 10.5], "texture": "#1"},
				"up": {"uv": [10, 5, 10.5, 5.5], "rotation": 270, "texture": "#1"},
				"down": {"uv": [10, 10, 10.5, 10.5], "rotation": 90, "texture": "#1"}
			}
		},
		{
			"from": [5.5, 5.5, 8.5],
			"to": [6, 11, 9],
			"faces": {
				"north": {"uv": [5.5, 5, 6, 10.5], "texture": "#1"},
				"east": {"uv": [5.5, 5, 6, 10.5], "texture": "#1"},
				"south": {"uv": [5.5, 5, 6, 10.5], "texture": "#1"},
				"west": {"uv": [5.5, 5, 6, 10.5], "texture": "#1"},
				"up": {"uv": [5.5, 5, 6, 5.5], "rotation": 270, "texture": "#1"},
				"down": {"uv": [5.5, 10, 6, 10.5], "rotation": 90, "texture": "#1"}
			}
		},
		{
			"from": [5, 7, 8.5],
			"to": [5.5, 10.5, 9],
			"faces": {
				"north": {"uv": [5, 5.5, 5.5, 9], "texture": "#1"},
				"south": {"uv": [5, 5.5, 5.5, 9], "texture": "#1"},
				"west": {"uv": [5, 5.5, 5.5, 9], "texture": "#1"},
				"up": {"uv": [5, 5.5, 5.5, 6], "rotation": 270, "texture": "#1"},
				"down": {"uv": [5, 8.5, 5.5, 9], "rotation": 90, "texture": "#1"}
			}
		},
		{
			"from": [10.5, 7, 8.5],
			"to": [11, 10.5, 9],
			"faces": {
				"north": {"uv": [10.5, 5.5, 11, 9], "texture": "#1"},
				"east": {"uv": [10.5, 5.5, 11, 9], "texture": "#1"},
				"south": {"uv": [10.5, 5.5, 11, 9], "texture": "#1"},
				"up": {"uv": [10.5, 5.5, 11, 6], "rotation": 270, "texture": "#1"},
				"down": {"uv": [10.5, 8.5, 11, 9], "rotation": 90, "texture": "#1"}
			}
		},
		{
			"from": [11, 7.5, 8.5],
			"to": [11.5, 10, 9],
			"faces": {
				"north": {"uv": [11, 6, 11.5, 8.5], "texture": "#1"},
				"east": {"uv": [11, 6, 11.5, 8.5], "texture": "#1"},
				"south": {"uv": [11, 6, 11.5, 8.5], "texture": "#1"},
				"up": {"uv": [11, 6, 11.5, 6.5], "rotation": 270, "texture": "#1"},
				"down": {"uv": [11, 8, 11.5, 8.5], "rotation": 90, "texture": "#1"}
			}
		},
		{
			"from": [4.5, 7.5, 8.5],
			"to": [5, 10, 9],
			"faces": {
				"north": {"uv": [4.5, 6, 5, 8.5], "texture": "#1"},
				"south": {"uv": [4.5, 6, 5, 8.5], "texture": "#1"},
				"west": {"uv": [4.5, 6, 5, 8.5], "texture": "#1"},
				"up": {"uv": [4.5, 6, 5, 6.5], "rotation": 270, "texture": "#1"},
				"down": {"uv": [4.5, 8, 5, 8.5], "rotation": 90, "texture": "#1"}
			}
		},
		{
			"from": [6, 9.5, 8.5],
			"to": [6.5, 11.5, 9],
			"faces": {
				"north": {"uv": [6, 4.5, 6.5, 6.5], "texture": "#1"},
				"east": {"uv": [6, 4.5, 6.5, 6.5], "texture": "#1"},
				"south": {"uv": [6, 4.5, 6.5, 6.5], "texture": "#1"},
				"west": {"uv": [6, 4.5, 6.5, 6.5], "texture": "#1"},
				"up": {"uv": [6, 4.5, 6.5, 5], "rotation": 270, "texture": "#1"},
				"down": {"uv": [6, 6, 6.5, 6.5], "rotation": 90, "texture": "#1"}
			}
		},
		{
			"from": [9.5, 9.5, 8.5],
			"to": [10, 11.5, 9],
			"faces": {
				"north": {"uv": [9.5, 4.5, 10, 6.5], "texture": "#1"},
				"east": {"uv": [9.5, 4.5, 10, 6.5], "texture": "#1"},
				"south": {"uv": [9.5, 4.5, 10, 6.5], "texture": "#1"},
				"west": {"uv": [9.5, 4.5, 10, 6.5], "texture": "#1"},
				"up": {"uv": [9.5, 4.5, 10, 5], "rotation": 270, "texture": "#1"},
				"down": {"uv": [9.5, 6, 10, 6.5], "rotation": 90, "texture": "#1"}
			}
		},
		{
			"from": [6.5, 10, 8.5],
			"to": [7, 12, 9],
			"faces": {
				"north": {"uv": [6.5, 4, 7, 6], "texture": "#1"},
				"east": {"uv": [6.5, 4, 7, 6], "texture": "#1"},
				"south": {"uv": [6.5, 4, 7, 6], "texture": "#1"},
				"west": {"uv": [6.5, 4, 7, 6], "texture": "#1"},
				"up": {"uv": [6.5, 4, 7, 4.5], "rotation": 270, "texture": "#1"},
				"down": {"uv": [6.5, 5.5, 7, 6], "rotation": 90, "texture": "#1"}
			}
		},
		{
			"from": [9, 10, 8.5],
			"to": [9.5, 12, 9],
			"faces": {
				"north": {"uv": [9, 4, 9.5, 6], "texture": "#1"},
				"east": {"uv": [9, 4, 9.5, 6], "texture": "#1"},
				"south": {"uv": [9, 4, 9.5, 6], "texture": "#1"},
				"west": {"uv": [9, 4, 9.5, 6], "texture": "#1"},
				"up": {"uv": [9, 4, 9.5, 4.5], "rotation": 270, "texture": "#1"},
				"down": {"uv": [9, 5.5, 9.5, 6], "rotation": 90, "texture": "#1"}
			}
		},
		{
			"from": [8.5, 10.5, 8.5],
			"to": [9, 12, 9],
			"faces": {
				"north": {"uv": [8.5, 4, 9, 5.5], "texture": "#1"},
				"east": {"uv": [8.5, 4, 9, 5.5], "texture": "#1"},
				"south": {"uv": [8.5, 4, 9, 5.5], "texture": "#1"},
				"west": {"uv": [8.5, 4, 9, 5.5], "texture": "#1"},
				"up": {"uv": [8.5, 4, 9, 4.5], "rotation": 270, "texture": "#1"},
				"down": {"uv": [8.5, 5, 9, 5.5], "rotation": 90, "texture": "#1"}
			}
		},
		{
			"from": [7, 10.5, 8.5],
			"to": [7.5, 12, 9],
			"faces": {
				"north": {"uv": [7, 4, 7.5, 5.5], "texture": "#1"},
				"east": {"uv": [7, 4, 7.5, 5.5], "texture": "#1"},
				"south": {"uv": [7, 4, 7.5, 5.5], "texture": "#1"},
				"west": {"uv": [7, 4, 7.5, 5.5], "texture": "#1"},
				"up": {"uv": [7, 4, 7.5, 4.5], "rotation": 270, "texture": "#1"},
				"down": {"uv": [7, 5, 7.5, 5.5], "rotation": 90, "texture": "#1"}
			}
		},
		{
			"from": [5, 4.5, 8.5],
			"to": [5.5, 5.5, 9],
			"faces": {
				"north": {"uv": [5, 10.5, 5.5, 11.5], "texture": "#1"},
				"east": {"uv": [5, 10.5, 5.5, 11.5], "texture": "#1"},
				"south": {"uv": [5, 10.5, 5.5, 11.5], "texture": "#1"},
				"west": {"uv": [5, 10.5, 5.5, 11.5], "texture": "#1"},
				"up": {"uv": [5, 10.5, 5.5, 11], "rotation": 270, "texture": "#1"},
				"down": {"uv": [5, 11, 5.5, 11.5], "rotation": 90, "texture": "#1"}
			}
		},
		{
			"from": [9.5, 4.5, 8.5],
			"to": [10, 5.5, 9],
			"faces": {
				"north": {"uv": [9.5, 10.5, 10, 11.5], "texture": "#1"},
				"east": {"uv": [9.5, 10.5, 10, 11.5], "texture": "#1"},
				"south": {"uv": [9.5, 10.5, 10, 11.5], "texture": "#1"},
				"west": {"uv": [9.5, 10.5, 10, 11.5], "texture": "#1"},
				"up": {"uv": [9.5, 10.5, 10, 11], "rotation": 270, "texture": "#1"},
				"down": {"uv": [9.5, 11, 10, 11.5], "rotation": 90, "texture": "#1"}
			}
		},
		{
			"from": [6, 4.5, 8.5],
			"to": [6.5, 5.5, 9],
			"faces": {
				"north": {"uv": [6, 10.5, 6.5, 11.5], "texture": "#1"},
				"east": {"uv": [6, 10.5, 6.5, 11.5], "texture": "#1"},
				"south": {"uv": [6, 10.5, 6.5, 11.5], "texture": "#1"},
				"west": {"uv": [6, 10.5, 6.5, 11.5], "texture": "#1"},
				"up": {"uv": [6, 10.5, 6.5, 11], "rotation": 270, "texture": "#1"},
				"down": {"uv": [6, 11, 6.5, 11.5], "rotation": 90, "texture": "#1"}
			}
		},
		{
			"from": [10.5, 4.5, 8.5],
			"to": [11, 5.5, 9],
			"faces": {
				"north": {"uv": [10.5, 10.5, 11, 11.5], "texture": "#1"},
				"east": {"uv": [10.5, 10.5, 11, 11.5], "texture": "#1"},
				"south": {"uv": [10.5, 10.5, 11, 11.5], "texture": "#1"},
				"west": {"uv": [10.5, 10.5, 11, 11.5], "texture": "#1"},
				"up": {"uv": [10.5, 10.5, 11, 11], "rotation": 270, "texture": "#1"},
				"down": {"uv": [10.5, 11, 11, 11.5], "rotation": 90, "texture": "#1"}
			}
		},
		{
			"from": [5.5, 3.5, 8.5],
			"to": [6, 4.5, 9],
			"faces": {
				"north": {"uv": [5.5, 11.5, 6, 12.5], "texture": "#1"},
				"east": {"uv": [5.5, 11.5, 6, 12.5], "texture": "#1"},
				"south": {"uv": [5.5, 11.5, 6, 12.5], "texture": "#1"},
				"west": {"uv": [5.5, 11.5, 6, 12.5], "texture": "#1"},
				"up": {"uv": [5.5, 11.5, 6, 12], "rotation": 270, "texture": "#1"},
				"down": {"uv": [5.5, 12, 6, 12.5], "rotation": 90, "texture": "#1"}
			}
		},
		{
			"from": [10, 3.5, 8.5],
			"to": [10.5, 4.5, 9],
			"faces": {
				"north": {"uv": [10, 11.5, 10.5, 12.5], "texture": "#1"},
				"east": {"uv": [10, 11.5, 10.5, 12.5], "texture": "#1"},
				"south": {"uv": [10, 11.5, 10.5, 12.5], "texture": "#1"},
				"west": {"uv": [10, 11.5, 10.5, 12.5], "texture": "#1"},
				"up": {"uv": [10, 11.5, 10.5, 12], "rotation": 270, "texture": "#1"},
				"down": {"uv": [10, 12, 10.5, 12.5], "rotation": 90, "texture": "#1"}
			}
		},
		{
			"from": [5, 2.5, 8.5],
			"to": [5.5, 3.5, 9],
			"faces": {
				"north": {"uv": [5, 12.5, 5.5, 13.5], "texture": "#1"},
				"east": {"uv": [5, 12.5, 5.5, 13.5], "texture": "#1"},
				"south": {"uv": [5, 12.5, 5.5, 13.5], "texture": "#1"},
				"west": {"uv": [5, 12.5, 5.5, 13.5], "texture": "#1"},
				"up": {"uv": [5, 12.5, 5.5, 13], "rotation": 270, "texture": "#1"},
				"down": {"uv": [5, 13, 5.5, 13.5], "rotation": 90, "texture": "#1"}
			}
		},
		{
			"from": [9.5, 2.5, 8.5],
			"to": [10, 3.5, 9],
			"faces": {
				"north": {"uv": [9.5, 12.5, 10, 13.5], "texture": "#1"},
				"east": {"uv": [9.5, 12.5, 10, 13.5], "texture": "#1"},
				"south": {"uv": [9.5, 12.5, 10, 13.5], "texture": "#1"},
				"west": {"uv": [9.5, 12.5, 10, 13.5], "texture": "#1"},
				"up": {"uv": [9.5, 12.5, 10, 13], "rotation": 270, "texture": "#1"},
				"down": {"uv": [9.5, 13, 10, 13.5], "rotation": 90, "texture": "#1"}
			}
		},
		{
			"from": [6, 2.5, 8.5],
			"to": [6.5, 3.5, 9],
			"faces": {
				"north": {"uv": [6, 12.5, 6.5, 13.5], "texture": "#1"},
				"east": {"uv": [6, 12.5, 6.5, 13.5], "texture": "#1"},
				"south": {"uv": [6, 12.5, 6.5, 13.5], "texture": "#1"},
				"west": {"uv": [6, 12.5, 6.5, 13.5], "texture": "#1"},
				"up": {"uv": [6, 12.5, 6.5, 13], "rotation": 270, "texture": "#1"},
				"down": {"uv": [6, 13, 6.5, 13.5], "rotation": 90, "texture": "#1"}
			}
		},
		{
			"from": [10.5, 2.5, 8.5],
			"to": [11, 3.5, 9],
			"faces": {
				"north": {"uv": [10.5, 12.5, 11, 13.5], "texture": "#1"},
				"east": {"uv": [10.5, 12.5, 11, 13.5], "texture": "#1"},
				"south": {"uv": [10.5, 12.5, 11, 13.5], "texture": "#1"},
				"west": {"uv": [10.5, 12.5, 11, 13.5], "texture": "#1"},
				"up": {"uv": [10.5, 12.5, 11, 13], "rotation": 270, "texture": "#1"},
				"down": {"uv": [10.5, 13, 11, 13.5], "rotation": 90, "texture": "#1"}
			}
		},
		{
			"from": [5.5, 2, 8.5],
			"to": [6, 2.5, 9],
			"faces": {
				"north": {"uv": [5.5, 13.5, 6, 14], "texture": "#1"},
				"east": {"uv": [5.5, 13.5, 6, 14], "texture": "#1"},
				"south": {"uv": [5.5, 13.5, 6, 14], "texture": "#1"},
				"west": {"uv": [5.5, 13.5, 6, 14], "texture": "#1"},
				"up": {"uv": [5.5, 13.5, 6, 14], "rotation": 270, "texture": "#1"},
				"down": {"uv": [5.5, 13.5, 6, 14], "rotation": 90, "texture": "#1"}
			}
		},
		{
			"from": [10, 2, 8.5],
			"to": [10.5, 2.5, 9],
			"faces": {
				"north": {"uv": [10, 13.5, 10.5, 14], "texture": "#1"},
				"east": {"uv": [10, 13.5, 10.5, 14], "texture": "#1"},
				"south": {"uv": [10, 13.5, 10.5, 14], "texture": "#1"},
				"west": {"uv": [10, 13.5, 10.5, 14], "texture": "#1"},
				"up": {"uv": [10, 13.5, 10.5, 14], "rotation": 270, "texture": "#1"},
				"down": {"uv": [10, 13.5, 10.5, 14], "rotation": 90, "texture": "#1"}
			}
		}
	],
	"display": {
		"thirdperson_righthand": {
			"translation": [0, 3, 1],
			"scale": [0.55, 0.55, 0.55]
		},
		"thirdperson_lefthand": {
			"translation": [0, 3, 1],
			"scale": [0.55, 0.55, 0.55]
		},
		"firstperson_righthand": {
			"rotation": [0, -88, -2],
			"translation": [2, 2.5, 0],
			"scale": [0.68, 0.68, 0.68]
		},
		"firstperson_lefthand": {
			"rotation": [0, 0, 2],
			"translation": [2, 2.5, 0],
			"scale": [0.68, 0.68, 0.68]
		},
		"ground": {
			"translation": [0, 2, 0],
			"scale": [0.5, 0.5, 0.5]
		},
		"gui": {
			"rotation": [0, 90, 0]
		},
		"head": {
			"translation": [0, 14.5, 0]
		},
		"fixed": {
			"translation": [0, 0, -1.5]
		}
	},
	"groups": [0,
		{
			"name": "fire",
			"shade": false,
			"origin": [8, 8, 8],
			"children": [1, 2, 3]
		},
		{
			"name": "Side 1",
			"origin": [8, 8, 8],
			"children": [4, 5, 6, 7, 8, 9, 10, 11, 12, 13, 14, 15, 16, 17, 18, 19, 20, 21, 22, 23, 24, 25, 26, 27, 28, 29, 30, 31, 32, 33]
		},
		{
			"name": "Side 2",
			"origin": [8, 8, 8],
			"children": [34, 35, 36, 37, 38, 39, 40, 41, 42, 43, 44, 45, 46, 47, 48, 49, 50, 51, 52, 53, 54, 55, 56, 57, 58, 59, 60, 61, 62, 63]
		},
		{
			"name": "Side 3",
			"origin": [8, 8, 8],
			"children": [64, 65, 66, 67, 68, 69, 70, 71, 72, 73, 74, 75, 76, 77, 78, 79, 80, 81, 82, 83, 84, 85, 86, 87, 88, 89, 90, 91, 92, 93]
		},
		{
			"name": "Side 4",
			"origin": [8, 8, 8],
			"children": [94, 95, 96, 97, 98, 99, 100, 101, 102, 103, 104, 105, 106, 107, 108, 109, 110, 111, 112, 113, 114, 115, 116, 117, 118, 119, 120, 121, 122, 123]
		}
	]
}