{
	"credit": "Made with Blockbench",
	"ambientocclusion": false,
	"textures": {
		"edge": "blocks/iron_bars",
		"particle": "blocks/iron_bars"
	},
	"elements": [
		{
			"name": "cube",
			"from": [7, 0.001, 7],
			"to": [9, 0.001, 9],
			"faces": {
				"up": {
					"uv": [7.032, 7.032, 8.968, 8.968],
					"texture": "#edge",
					"rotation": 90
				},
				"down": {
					"uv": [7.032, 7.032, 8.968, 8.968],
					"texture": "#edge"
				}
			}
		},
		{
			"name": "cube",
			"from": [7, 15.999, 7],
			"to": [9, 15.999, 9],
			"faces": {
				"up": {
					"uv": [7.032, 7.032, 8.968, 8.968],
					"texture": "#edge",
					"rotation": 90
				},
				"down": {
					"uv": [7.032, 7.032, 8.968, 8.968],
					"texture": "#edge"
				}
			}
		}
	]
}