{
	"credit": "Made with Blockbench",
	"ambientocclusion": false,
	"textures": {
		"0": "blocks/iron_bar",
		"edge": "blocks/iron_bars",
		"particle": "blocks/iron_bars"
	},
	"elements": [
		{
			"name": "cube",
			"from": [7, 0, 7],
			"to": [9, 16, 7],
			"faces": {
				"north": {
					"uv": [7.032, 0.032, 8.968, 15.968],
					"texture": "#0"
				}
			}
		},
		{
			"name": "cube",
			"from": [7, 0, 2],
			"to": [9, 16, 4],
			"faces": {
				"north": {
					"uv": [7.032, 0.032, 8.968, 15.968],
					"texture": "#0"
				},
				"east": {
					"uv": [3.968, 0.032, 2.032, 15.968],
					"texture": "#edge"
				},
				"south": {
					"uv": [7.032, 0.032, 8.968, 15.968],
					"texture": "#0"
				},
				"west": {
					"uv": [2.032, 0.032, 3.968, 15.968],
					"texture": "#edge"
				},
				"up": {
					"uv": [2.032, 12.532, 3.968, 14.468],
					"texture": "#edge",
					"rotation": 90
				},
				"down": {
					"uv": [2.032, 14.032, 3.968, 15.968],
					"texture": "#edge"
				}
			}
		},
		{
			"name": "cube",
			"from": [7, 6.5009999999999994, 0],
			"to": [9, 9.001, 2],
			"faces": {
				"east": {
					"uv": [1.968, 7.032, 0.032, 9.468],
					"texture": "#edge"
				},
				"west": {
					"uv": [0.032, 7.032, 1.968, 9.468],
					"texture": "#edge"
				},
				"up": {
					"uv": [12.032, 0.032, 13.968, 1.968],
					"texture": "#0",
					"rotation": 180
				},
				"down": {
					"uv": [12.032, 0.032, 13.968, 1.968],
					"texture": "#0"
				}
			}
		},
		{
			"name": "cube",
			"from": [7, 10.999, 4],
			"to": [9, 13.499, 7],
			"faces": {
				"east": {
					"uv": [6.968, 2.532, 4.032, 4.968],
					"texture": "#edge"
				},
				"west": {
					"uv": [4.032, 2.532, 6.968, 4.968],
					"texture": "#edge"
				},
				"up": {
					"uv": [4.032, 2.532, 6.968, 4.968],
					"texture": "#0",
					"rotation": 90
				},
				"down": {
					"uv": [4.032, 2.532, 6.968, 4.968],
					"texture": "#0",
					"rotation": 90
				}
			}
		},
		{
			"name": "cube",
			"from": [7, 11.5, 1.5],
			"to": [9, 13, 2],
			"faces": {
				"north": {
					"uv": [2.032, 0.032, 3.968, 1.468],
					"texture": "#edge"
				},
				"east": {
					"uv": [1.532, 3.032, 1.968, 4.468],
					"texture": "#edge"
				},
				"south": {
					"uv": [0.032, 0.032, 1.968, 1.468],
					"texture": "#edge"
				},
				"west": {
					"uv": [1.532, 3.032, 1.968, 4.468],
					"texture": "#edge"
				},
				"up": {
					"uv": [2.032, 0.032, 3.968, 0.46799999999999997],
					"texture": "#edge",
					"rotation": 180
				},
				"down": {
					"uv": [2.032, 0.032, 3.968, 0.46799999999999997],
					"texture": "#edge",
					"rotation": 180
				}
			}
		},
		{
			"name": "cube",
			"from": [7, 2.5, 6.5],
			"to": [9, 4, 7],
			"faces": {
				"north": {
					"uv": [2.032, 0.032, 3.968, 1.468],
					"texture": "#edge"
				},
				"east": {
					"uv": [1.532, 3.032, 1.75, 3.75],
					"texture": "#edge"
				},
				"south": {
					"uv": [0.032, 0.032, 0.968, 0.75],
					"texture": "#edge"
				},
				"west": {
					"uv": [1.532, 3.032, 1.75, 3.75],
					"texture": "#edge"
				},
				"up": {
					"uv": [2.032, 0.032, 3.968, 0.46799999999999997],
					"texture": "#edge",
					"rotation": 180
				},
				"down": {
					"uv": [2.032, 0.032, 3.968, 0.46799999999999997],
					"texture": "#edge",
					"rotation": 180
				}
			}
		}
	]
}