{
	"credit": "Made with Blockbench",
	"ambientocclusion": false,
	"textures": {
		"0": "blocks/iron_bars",
		"particle": "blocks/iron_bars"
	},
	"elements": [
		{
			"name": "cube",
			"from": [7, 0, 7],
			"to": [9, 16, 9],
			"faces": {
				"north": {
					"uv": [7.032, 0.032, 8.968, 15.968],
					"texture": "#0"
				},
				"east": {
					"uv": [7.032, 0.032, 8.968, 15.968],
					"texture": "#0"
				},
				"south": {
					"uv": [7.032, 0.032, 8.968, 15.968],
					"texture": "#0"
				},
				"west": {
					"uv": [7.032, 0.032, 8.968, 15.968],
					"texture": "#0"
				}
			}
		}
	]
}