{
	"credit": "Made with Blockbench",
	"ambientocclusion": false,
	"textures": {
		"0": "blocks/iron_bar",
		"1_edge": "blocks/iron_bars",
		"particle": "blocks/iron_bars"
	},
	"elements": [
		{
			"name": "cube",
			"from": [7, 0, 9],
			"to": [9, 16, 9],
			"faces": {
				"south": {
					"uv": [7.032, 0.032, 8.968, 15.968],
					"texture": "#0"
				}
			}
		},
		{
			"name": "cube",
			"from": [7, 0, 12],
			"to": [9, 16, 14],
			"faces": {
				"north": {
					"uv": [7.032, 0.032, 8.968, 15.968],
					"texture": "#0"
				},
				"east": {
					"uv": [13.968, 0.032, 12.032, 15.968],
					"texture": "#1_edge"
				},
				"south": {
					"uv": [7.032, 0.032, 8.968, 15.968],
					"texture": "#0"
				},
				"west": {
					"uv": [12.032, 0.032, 13.968, 15.968],
					"texture": "#1_edge"
				},
				"up": {
					"uv": [2.032, 12.532, 3.968, 14.468],
					"texture": "#1_edge",
					"rotation": 90
				},
				"down": {
					"uv": [2.032, 14.032, 3.968, 15.968],
					"texture": "#1_edge",
					"rotation": 90
				}
			}
		},
		{
			"name": "cube",
			"from": [7, 6.5009999999999994, 14],
			"to": [9, 9.001, 16],
			"faces": {
				"east": {
					"uv": [0.032, 7.032, 1.968, 9.468],
					"texture": "#1_edge"
				},
				"west": {
					"uv": [1.968, 7.032, 0.032, 9.468],
					"texture": "#1_edge"
				},
				"up": {
					"uv": [12.032, 0.032, 13.968, 1.968],
					"texture": "#0"
				},
				"down": {
					"uv": [12.032, 0.032, 13.968, 1.968],
					"texture": "#0",
					"rotation": 180
				}
			}
		},
		{
			"name": "cube",
			"from": [7, 1.9990000000000006, 9],
			"to": [9, 4.4990000000000006, 12],
			"faces": {
				"east": {
					"uv": [4.032, 2.532, 6.968, 4.968],
					"texture": "#1_edge"
				},
				"west": {
					"uv": [6.968, 2.532, 4.032, 4.968],
					"texture": "#1_edge"
				},
				"up": {
					"uv": [4.032, 2.532, 6.968, 4.968],
					"texture": "#0",
					"rotation": 270
				},
				"down": {
					"uv": [4.032, 2.532, 6.968, 4.968],
					"texture": "#0",
					"rotation": 270
				}
			}
		},
		{
			"name": "cube",
			"from": [7, 2.5, 14],
			"to": [9, 4, 14.5],
			"faces": {
				"north": {
					"uv": [0.032, 0.032, 1.968, 1.468],
					"texture": "#1_edge"
				},
				"east": {
					"uv": [1.532, 3.032, 1.968, 4.468],
					"texture": "#1_edge"
				},
				"south": {
					"uv": [2.032, 0.032, 3.968, 1.468],
					"texture": "#1_edge"
				},
				"west": {
					"uv": [1.532, 3.032, 1.968, 4.468],
					"texture": "#1_edge"
				},
				"up": {
					"uv": [2.032, 0.032, 3.968, 0.46799999999999997],
					"texture": "#1_edge"
				},
				"down": {
					"uv": [2.032, 0.032, 3.968, 0.46799999999999997],
					"texture": "#1_edge"
				}
			}
		},
		{
			"name": "cube",
			"from": [7, 11.5, 9],
			"to": [9, 13, 9.5],
			"faces": {
				"north": {
					"uv": [0.032, 0.032, 0.968, 0.75],
					"texture": "#1_edge"
				},
				"east": {
					"uv": [1.532, 3.032, 1.75, 3.75],
					"texture": "#1_edge"
				},
				"south": {
					"uv": [2.032, 0.032, 3.968, 1.468],
					"texture": "#1_edge"
				},
				"west": {
					"uv": [1.532, 3.032, 1.75, 3.75],
					"texture": "#1_edge"
				},
				"up": {
					"uv": [2.032, 0.032, 3.968, 0.46799999999999997],
					"texture": "#1_edge"
				},
				"down": {
					"uv": [2.032, 0.032, 3.968, 0.46799999999999997],
					"texture": "#1_edge"
				}
			}
		}
	],
	"groups": [
		{
			"name": "iron_bars_side",
			"isOpen": true,
			"shade": true,
			"display": {"visibility": true, "autouv": true},
			"children": [0, 1, 2, 3, 4, 5]
		}
	]
}