{
	"credit": "Made with Blockbench",
	"ambientocclusion": false,
	"textures": {
		"0": "blocks/iron_bar",
		"edge": "blocks/iron_bars",
		"particle": "blocks/iron_bars"
	},
	"elements": [
		{
			"name": "cube",
			"from": [7, 0, 9],
			"to": [9, 16, 9],
			"faces": {
				"south": {
					"uv": [7.032, 0.032, 8.968, 15.968],
					"texture": "#0"
				}
			}
		},
		{
			"name": "cube",
			"from": [7, 2.5, 9],
			"to": [9, 4, 9.5],
			"faces": {
				"north": {
					"uv": [0.032, 0.032, 1.968, 1.468],
					"texture": "#edge"
				},
				"east": {
					"uv": [1.532, 3.032, 1.968, 4.468],
					"texture": "#edge"
				},
				"south": {
					"uv": [7.032, 8.032, 8.968, 9.468],
					"texture": "#edge"
				},
				"west": {
					"uv": [1.532, 3.032, 1.968, 4.468],
					"texture": "#edge"
				},
				"up": {
					"uv": [2.032, 0.032, 3.968, 0.46799999999999997],
					"texture": "#edge"
				},
				"down": {
					"uv": [2.032, 0.032, 3.968, 0.46799999999999997],
					"texture": "#edge"
				}
			}
		},
		{
			"name": "cube",
			"from": [7, 11.5, 9],
			"to": [9, 13, 9.5],
			"faces": {
				"north": {
					"uv": [0.032, 0.032, 0.968, 0.75],
					"texture": "#edge"
				},
				"east": {
					"uv": [1.532, 3.032, 1.75, 3.75],
					"texture": "#edge"
				},
				"south": {
					"uv": [7.032, 7.532, 8.968, 8.968],
					"texture": "#edge"
				},
				"west": {
					"uv": [1.532, 3.032, 1.75, 3.75],
					"texture": "#edge"
				},
				"up": {
					"uv": [2.032, 0.032, 3.968, 0.46799999999999997],
					"texture": "#edge"
				},
				"down": {
					"uv": [2.032, 0.032, 3.968, 0.46799999999999997],
					"texture": "#edge"
				}
			}
		}
	]
}