{
	"credit": "Made with Blockbench",
	"textures": {
		"0": "entity/horse/armor/horse_armor_gold",
		"particle": "entity/horse/armor/horse_armor_gold"
	},
	"elements": [
		{
			"name": "body",
			"from": [5.5, 0, 3.5],
			"to": [10.5, 5, 14.5],
			"faces": {
				"north": {"uv": [5.5, 13.5, 8, 16], "texture": "#0"},
				"east": {"uv": [0, 13.5, 5.5, 16], "texture": "#0"},
				"south": {"uv": [13.5, 13.5, 16, 16], "texture": "#0"},
				"west": {"uv": [8, 13.5, 13.5, 16], "texture": "#0"},
				"up": {"uv": [5.5, 8, 8, 13.5], "rotation": 180, "texture": "#0"},
				"down": {"uv": [8, 8, 10.5, 13.5], "texture": "#0"}
			}
		},
		{
			"name": "neck",
			"from": [7, 3, 1],
			"to": [9, 9, 4.5],
			"rotation": {"angle": -45, "axis": "x", "origin": [8, 6.5, 3.5]},
			"faces": {
				"north": {"uv": [1.75, 10.5, 2.75, 13.5], "rotation": 180, "texture": "#0"},
				"east": {"uv": [0, 10.5, 1.75, 13.5], "texture": "#0"},
				"south": {"uv": [4.5, 10.5, 5.5, 13.5], "texture": "#0"},
				"west": {"uv": [2.75, 10.5, 4.5, 13.5], "texture": "#0"},
				"up": {"uv": [1.75, 8.75, 2.75, 10.5], "texture": "#0"},
				"down": {"uv": [2.75, 8.75, 3.75, 10.5], "texture": "#0"}
			}
		},
		{
			"name": "head",
			"from": [6.5, 6.5, -0.5],
			"to": [9.5, 9, 3],
			"rotation": {"angle": -22.5, "axis": "x", "origin": [8, 8, 1.5]},
			"faces": {
				"north": {"uv": [1.75, 5, 3.25, 6.25], "texture": "#0"},
				"east": {"uv": [0, 5, 1.75, 6.25], "texture": "#0"},
				"south": {"uv": [5, 5, 6.5, 6.25], "texture": "#0"},
				"west": {"uv": [3.25, 5, 5, 6.25], "texture": "#0"},
				"up": {"uv": [1.75, 3.25, 3.25, 5], "texture": "#0"},
				"down": {"uv": [3.25, 3.25, 4.75, 5], "texture": "#0"}
			}
		},
		{
			"name": "head",
			"from": [7, 6.5, -2],
			"to": [9, 8.5, 0.5],
			"rotation": {"angle": -22.5, "axis": "x", "origin": [8, 8, 1.5]},
			"faces": {
				"north": {"uv": [1.25, 7.5, 2.25, 8.5], "texture": "#0"},
				"east": {"uv": [0, 7.5, 1.25, 8.5], "texture": "#0"},
				"south": {"uv": [3.5, 7.5, 4.5, 8.5], "texture": "#0"},
				"west": {"uv": [2.25, 7.5, 3.5, 8.5], "texture": "#0"},
				"up": {"uv": [1.75, 3.25, 3.25, 5], "texture": "#0"},
				"down": {"uv": [3.25, 3.25, 4.75, 5], "texture": "#0"}
			}
		}
	],
	"display": {
		"thirdperson_righthand": {
			"rotation": [67.5, 0, 0],
			"translation": [0, 0.5, 3.5]
		},
		"thirdperson_lefthand": {
			"rotation": [67.5, 0, 0],
			"translation": [0, 0.5, 3.5]
		},
		"firstperson_righthand": {
			"rotation": [0, 45, 0],
			"translation": [5.5, 2.5, 0]
		},
		"firstperson_lefthand": {
			"rotation": [0, 45, 0],
			"translation": [5.5, 2.5, 0]
		},
		"ground": {
			"scale": [0.5, 0.5, 0.5]
		},
		"gui": {
			"rotation": [0, 90, 0],
			"translation": [1, 4, 0]
		},
		"head": {
			"translation": [0, 12, -1]
		},
		"fixed": {
			"rotation": [0, -90, 0],
			"translation": [0, 4, 0]
		}
	}
}