{
	"credit": "Made with Blockbench",
	"parent": "block/block",
	"textures": {
		"particle": "block/stonecutter_bottom",
		"bottom": "block/stonecutter_bottom",
		"top": "block/stonecutter_top",
		"side": "block/stonecutter_side",
		"saw": "block/stonecutter_saw"
	},
	"elements": [
		{
			"from": [0.5, 0, 0.5],
			"to": [15.5, 9, 15.5],
			"faces": {
				"north": {"uv": [0, 7, 16, 16], "texture": "#side", "cullface": "north"},
				"east": {"uv": [0, 7, 16, 16], "texture": "#side", "cullface": "east"},
				"south": {"uv": [0, 7, 16, 16], "texture": "#side", "cullface": "south"},
				"west": {"uv": [0, 7, 16, 16], "texture": "#side", "cullface": "west"},
				"up": {"uv": [0, 0, 16, 16], "texture": "#top"}
			}
		},
		{
			"from": [2.5, 9, 8],
			"to": [13.5, 15, 8],
			"faces": {
				"north": {"uv": [1, 9, 15, 16], "texture": "#saw", "tintindex": 0},
				"south": {"uv": [1, 9, 15, 16], "texture": "#saw", "tintindex": 0}
			}
		},
		{
			"from": [12.5, 0, 12.5],
			"to": [16, 9.5, 16],
			"faces": {
				"north": {"uv": [13, 7, 16, 16], "texture": "#side"},
				"east": {"uv": [0, 7, 3, 16], "texture": "#side"},
				"south": {"uv": [0, 7, 3, 16], "texture": "#side"},
				"west": {"uv": [0, 7, 3, 16], "texture": "#side"},
				"up": {"uv": [13, 13, 16, 16], "texture": "#top"},
				"down": {"uv": [13, 0, 16, 3], "texture": "#bottom"}
			}
		},
		{
			"from": [0, 0, 0],
			"to": [3.5, 9.5, 3.5],
			"faces": {
				"north": {"uv": [13, 7, 16, 16], "texture": "#side"},
				"east": {"uv": [0, 7, 3, 16], "texture": "#side"},
				"south": {"uv": [13, 7, 16, 16], "texture": "#side"},
				"west": {"uv": [0, 7, 3, 16], "texture": "#side"},
				"up": {"uv": [0, 0, 3, 3], "texture": "#top"},
				"down": {"uv": [0, 13, 3, 16], "texture": "#bottom"}
			}
		},
		{
			"from": [12.5, 0, 0],
			"to": [16, 9.5, 3.5],
			"faces": {
				"north": {"uv": [0, 7, 3, 16], "texture": "#side"},
				"east": {"uv": [13, 7, 16, 16], "texture": "#side"},
				"south": {"uv": [0, 7, 3, 16], "texture": "#side"},
				"west": {"uv": [13, 7, 16, 16], "texture": "#side"},
				"up": {"uv": [13, 0, 16, 3], "texture": "#top"},
				"down": {"uv": [13, 13, 16, 16], "texture": "#bottom"}
			}
		},
		{
			"from": [0, 0, 12.5],
			"to": [3.5, 9.5, 16],
			"faces": {
				"north": {"uv": [0, 7, 3, 16], "texture": "#side"},
				"east": {"uv": [13, 7, 16, 16], "texture": "#side"},
				"south": {"uv": [0, 7, 3, 16], "texture": "#side"},
				"west": {"uv": [13, 7, 16, 16], "texture": "#side"},
				"up": {"uv": [0, 13, 3, 16], "texture": "#top"},
				"down": {"uv": [0, 0, 3, 3], "texture": "#bottom"}
			}
		},
		{
			"from": [15, 3.5, 3.5],
			"to": [15.75, 5.5, 12.5],
			"faces": {
				"north": {"uv": [0, 0, 1, 2.5], "texture": "#missing"},
				"east": {"uv": [3, 10.5, 13, 12.5], "texture": "#side"},
				"south": {"uv": [0, 0, 1, 2.5], "texture": "#missing"},
				"west": {"uv": [3, 10, 13, 12.5], "texture": "#side"},
				"up": {"uv": [14, 7, 15, 16], "texture": "#side"},
				"down": {"uv": [0, 7, 1, 16], "texture": "#side"}
			}
		},
		{
			"from": [0.25, 3.5, 3.5],
			"to": [1.25, 5.5, 12.5],
			"faces": {
				"north": {"uv": [0, 0, 1, 2.5], "texture": "#missing"},
				"east": {"uv": [3, 10, 13, 12.5], "texture": "#side"},
				"south": {"uv": [0, 0, 1, 2.5], "texture": "#missing"},
				"west": {"uv": [3, 10.5, 13, 12.5], "texture": "#side"},
				"up": {"uv": [14, 7, 15, 16], "texture": "#side"},
				"down": {"uv": [1, 7, 2, 16], "texture": "#side"}
			}
		},
		{
			"from": [3.5, 3.5, 0.25],
			"to": [12.5, 5.5, 1.25],
			"faces": {
				"north": {"uv": [3, 10.5, 13, 12.5], "texture": "#side"},
				"east": {"uv": [0, 0, 1, 2.5], "texture": "#missing"},
				"south": {"uv": [0, 0, 9.5, 2.5], "texture": "#missing"},
				"west": {"uv": [0, 0, 1, 2.5], "texture": "#missing"},
				"up": {"uv": [3, 11, 13, 11.5], "texture": "#side"},
				"down": {"uv": [3, 12, 13, 12.5], "texture": "#side"}
			}
		},
		{
			"from": [3.5, 3.5, 15],
			"to": [12.5, 5.5, 15.75],
			"faces": {
				"north": {"uv": [3, 10.5, 13, 12.5], "texture": "#side"},
				"east": {"uv": [0, 0, 1, 2.5], "texture": "#missing"},
				"south": {"uv": [3, 10.5, 12.5, 12.5], "texture": "#side"},
				"west": {"uv": [0, 0, 1, 2.5], "texture": "#missing"},
				"up": {"uv": [3, 11, 13, 11.5], "texture": "#side"},
				"down": {"uv": [3, 12, 13, 12.5], "texture": "#side"}
			}
		},
		{
			"from": [3.5, 0, 0],
			"to": [12.5, 0.5, 16],
			"faces": {
				"north": {"uv": [3.5, 15.5, 12.5, 16], "texture": "#bottom"},
				"east": {"uv": [0, 0, 16, 1], "texture": "#missing"},
				"south": {"uv": [3.5, 0, 12.5, 0.5], "texture": "#bottom"},
				"west": {"uv": [0, 0, 16, 1], "texture": "#missing"},
				"up": {"uv": [3.5, 15.5, 12.5, 16], "texture": "#bottom"},
				"down": {"uv": [3.5, 0, 12.5, 16], "texture": "#bottom"}
			}
		},
		{
			"from": [0, 0, 3.5],
			"to": [3.5, 0.5, 12.5],
			"faces": {
				"north": {"uv": [0, 0, 3.5, 1], "texture": "#missing"},
				"east": {"uv": [0, 0, 9, 1], "texture": "#missing"},
				"south": {"uv": [0, 0, 3.5, 1], "texture": "#missing"},
				"west": {"uv": [3.5, 15.5, 12.5, 16], "texture": "#bottom"},
				"up": {"uv": [0, 3.5, 0.5, 12.5], "texture": "#bottom"},
				"down": {"uv": [0, 3.5, 3.5, 12.5], "texture": "#bottom"}
			}
		},
		{
			"from": [12.5, 0, 3.5],
			"to": [16, 0.5, 12.5],
			"faces": {
				"north": {"uv": [0, 0, 3.5, 1], "texture": "#missing"},
				"east": {"uv": [3.5, 0, 12.5, 0.5], "texture": "#bottom"},
				"south": {"uv": [0, 0, 3.5, 1], "texture": "#missing"},
				"west": {"uv": [0, 0, 9, 1], "texture": "#missing"},
				"up": {"uv": [15.5, 3.5, 16, 12.5], "texture": "#bottom"},
				"down": {"uv": [12.5, 3.5, 16, 12.5], "texture": "#bottom"}
			}
		}
	]
}