{
	"credit": "Made with Blockbench",
	"parent": "block/block",
	"ambientocclusion": false,
	"textures": {
		"1": "block/chain",
		"particle": "block/chain",
		"all": "block/lantern"
	},
	"elements": [
		{
			"from": [5, 1, 5],
			"to": [11, 8, 11],
			"faces": {
				"north": {"uv": [0, 2, 6, 9], "texture": "#all"},
				"east": {"uv": [0, 2, 6, 9], "texture": "#all"},
				"south": {"uv": [0, 2, 6, 9], "texture": "#all"},
				"west": {"uv": [0, 2, 6, 9], "texture": "#all"},
				"up": {"uv": [0, 9, 6, 15], "texture": "#all"},
				"down": {"uv": [0, 9, 6, 15], "texture": "#all"}
			}
		},
		{
			"from": [6, 8, 6],
			"to": [10, 10, 10],
			"faces": {
				"north": {"uv": [1, 0, 5, 2], "texture": "#all"},
				"east": {"uv": [1, 0, 5, 2], "texture": "#all"},
				"south": {"uv": [1, 0, 5, 2], "texture": "#all"},
				"west": {"uv": [1, 0, 5, 2], "texture": "#all"},
				"up": {"uv": [1, 10, 5, 14], "texture": "#all"},
				"down": {"uv": [1, 10, 5, 14], "texture": "#all"}
			}
		},
		{
			"name": "Chain Link",
			"from": [8.5, 14.5, 7.75],
			"to": [9, 17, 8.25],
			"rotation": {"angle": 45, "axis": "y", "origin": [8, 11.25, 8]},
			"faces": {
				"north": {"uv": [9, 7, 6.5, 7.5], "rotation": 270, "texture": "#1"},
				"east": {"uv": [9, 7, 6.5, 7.5], "rotation": 270, "texture": "#1"},
				"south": {"uv": [6.5, 7, 9, 7.5], "rotation": 90, "texture": "#1"},
				"west": {"uv": [6.5, 7, 9, 7.5], "rotation": 90, "texture": "#1"},
				"up": {"uv": [6.5, 7, 7, 7.5], "texture": "#1"},
				"down": {"uv": [8.5, 7, 9, 7.5], "texture": "#1"}
			}
		},
		{
			"name": "Chain Link",
			"from": [7.75, 13, 8.5],
			"to": [8.25, 15.5, 9],
			"rotation": {"angle": 22.5, "axis": "y", "origin": [8, 9.75, 8]},
			"faces": {
				"north": {"uv": [6.5, 7, 9, 7.5], "rotation": 90, "texture": "#1"},
				"east": {"uv": [9, 7, 6.5, 7.5], "rotation": 270, "texture": "#1"},
				"south": {"uv": [9, 7, 6.5, 7.5], "rotation": 270, "texture": "#1"},
				"west": {"uv": [6.5, 7, 9, 7.5], "rotation": 90, "texture": "#1"},
				"up": {"uv": [6.5, 7, 7, 7.5], "rotation": 90, "texture": "#1"},
				"down": {"uv": [8.5, 7, 9, 7.5], "rotation": 270, "texture": "#1"}
			}
		},
		{
			"name": "Chain Link",
			"from": [7, 11.5, 7.75],
			"to": [7.5, 14, 8.25],
			"rotation": {"angle": 22.5, "axis": "y", "origin": [8, 8.25, 8]},
			"faces": {
				"north": {"uv": [6.5, 7, 9, 7.5], "rotation": 90, "texture": "#1"},
				"east": {"uv": [6.5, 7, 9, 7.5], "rotation": 90, "texture": "#1"},
				"south": {"uv": [9, 7, 6.5, 7.5], "rotation": 270, "texture": "#1"},
				"west": {"uv": [9, 7, 6.5, 7.5], "rotation": 270, "texture": "#1"},
				"up": {"uv": [6.5, 7, 7, 7.5], "rotation": 180, "texture": "#1"},
				"down": {"uv": [8.5, 7, 9, 7.5], "rotation": 180, "texture": "#1"}
			}
		},
		{
			"name": "Chain Link",
			"from": [7, 10, 7.75],
			"to": [7.5, 12.5, 8.25],
			"rotation": {"angle": -45, "axis": "y", "origin": [8, 6.75, 8]},
			"faces": {
				"north": {"uv": [6.5, 7, 9, 7.5], "rotation": 90, "texture": "#1"},
				"east": {"uv": [6.5, 7, 9, 7.5], "rotation": 90, "texture": "#1"},
				"south": {"uv": [9, 7, 6.5, 7.5], "rotation": 270, "texture": "#1"},
				"west": {"uv": [9, 7, 6.5, 7.5], "rotation": 270, "texture": "#1"},
				"up": {"uv": [6.5, 7, 7, 7.5], "rotation": 180, "texture": "#1"},
				"down": {"uv": [8.5, 7, 9, 7.5], "rotation": 180, "texture": "#1"}
			}
		},
		{
			"name": "Chain Link",
			"from": [7, 8.5, 7.75],
			"to": [7.5, 11, 8.25],
			"rotation": {"angle": 45, "axis": "y", "origin": [8, 5.25, 8]},
			"faces": {
				"north": {"uv": [6.5, 7, 9, 7.5], "rotation": 90, "texture": "#1"},
				"east": {"uv": [6.5, 7, 9, 7.5], "rotation": 90, "texture": "#1"},
				"south": {"uv": [9, 7, 6.5, 7.5], "rotation": 270, "texture": "#1"},
				"west": {"uv": [9, 7, 6.5, 7.5], "rotation": 270, "texture": "#1"},
				"up": {"uv": [6.5, 7, 7, 7.5], "rotation": 180, "texture": "#1"},
				"down": {"uv": [8.5, 7, 9, 7.5], "rotation": 180, "texture": "#1"}
			}
		},
		{
			"name": "Chain Link",
			"from": [7, 14.5, 7.75],
			"to": [7.5, 17, 8.25],
			"rotation": {"angle": 45, "axis": "y", "origin": [8, 11.25, 8]},
			"faces": {
				"north": {"uv": [9, 7, 6.5, 7.5], "rotation": 270, "texture": "#1"},
				"east": {"uv": [9, 7, 6.5, 7.5], "rotation": 270, "texture": "#1"},
				"south": {"uv": [6.5, 7, 9, 7.5], "rotation": 90, "texture": "#1"},
				"west": {"uv": [6.5, 7, 9, 7.5], "rotation": 90, "texture": "#1"},
				"up": {"uv": [6.5, 7, 7, 7.5], "texture": "#1"},
				"down": {"uv": [8.5, 7, 9, 7.5], "texture": "#1"}
			}
		},
		{
			"name": "Chain Link",
			"from": [7.75, 13, 7],
			"to": [8.25, 15.5, 7.5],
			"rotation": {"angle": 22.5, "axis": "y", "origin": [8, 9.75, 8]},
			"faces": {
				"north": {"uv": [6.5, 7, 9, 7.5], "rotation": 90, "texture": "#1"},
				"east": {"uv": [9, 7, 6.5, 7.5], "rotation": 270, "texture": "#1"},
				"south": {"uv": [9, 7, 6.5, 7.5], "rotation": 270, "texture": "#1"},
				"west": {"uv": [6.5, 7, 9, 7.5], "rotation": 90, "texture": "#1"},
				"up": {"uv": [6.5, 7, 7, 7.5], "rotation": 90, "texture": "#1"},
				"down": {"uv": [8.5, 7, 9, 7.5], "rotation": 270, "texture": "#1"}
			}
		},
		{
			"name": "Chain Link",
			"from": [8.5, 11.5, 7.75],
			"to": [9, 14, 8.25],
			"rotation": {"angle": 22.5, "axis": "y", "origin": [8, 8.25, 8]},
			"faces": {
				"north": {"uv": [6.5, 7, 9, 7.5], "rotation": 90, "texture": "#1"},
				"east": {"uv": [6.5, 7, 9, 7.5], "rotation": 90, "texture": "#1"},
				"south": {"uv": [9, 7, 6.5, 7.5], "rotation": 270, "texture": "#1"},
				"west": {"uv": [9, 7, 6.5, 7.5], "rotation": 270, "texture": "#1"},
				"up": {"uv": [6.5, 7, 7, 7.5], "rotation": 180, "texture": "#1"},
				"down": {"uv": [8.5, 7, 9, 7.5], "rotation": 180, "texture": "#1"}
			}
		},
		{
			"name": "Chain Link",
			"from": [8.5, 10, 7.75],
			"to": [9, 12.5, 8.25],
			"rotation": {"angle": -45, "axis": "y", "origin": [8, 6.75, 8]},
			"faces": {
				"north": {"uv": [6.5, 7, 9, 7.5], "rotation": 90, "texture": "#1"},
				"east": {"uv": [6.5, 7, 9, 7.5], "rotation": 90, "texture": "#1"},
				"south": {"uv": [9, 7, 6.5, 7.5], "rotation": 270, "texture": "#1"},
				"west": {"uv": [9, 7, 6.5, 7.5], "rotation": 270, "texture": "#1"},
				"up": {"uv": [6.5, 7, 7, 7.5], "rotation": 180, "texture": "#1"},
				"down": {"uv": [8.5, 7, 9, 7.5], "rotation": 180, "texture": "#1"}
			}
		},
		{
			"name": "Chain Link",
			"from": [8.5, 8.5, 7.75],
			"to": [9, 11, 8.25],
			"rotation": {"angle": 45, "axis": "y", "origin": [8, 5.25, 8]},
			"faces": {
				"north": {"uv": [6.5, 7, 9, 7.5], "rotation": 90, "texture": "#1"},
				"east": {"uv": [6.5, 7, 9, 7.5], "rotation": 90, "texture": "#1"},
				"south": {"uv": [9, 7, 6.5, 7.5], "rotation": 270, "texture": "#1"},
				"west": {"uv": [9, 7, 6.5, 7.5], "rotation": 270, "texture": "#1"},
				"up": {"uv": [6.5, 7, 7, 7.5], "rotation": 180, "texture": "#1"},
				"down": {"uv": [8.5, 7, 9, 7.5], "rotation": 180, "texture": "#1"}
			}
		},
		{
			"name": "Chain Link",
			"from": [7.5, 16.5, 7.75],
			"to": [8.5, 17, 8.25],
			"rotation": {"angle": 45, "axis": "y", "origin": [8, 11.25, 8]},
			"faces": {
				"north": {"uv": [7.5, 7, 6.5, 7.5], "rotation": 180, "texture": "#1"},
				"east": {"uv": [0, 0, 0, 0], "texture": "#1"},
				"south": {"uv": [6.5, 7, 7.5, 7.5], "rotation": 180, "texture": "#1"},
				"west": {"uv": [0, 0, 0, 0], "texture": "#1"},
				"up": {"uv": [6.5, 7, 7.5, 7.5], "rotation": 180, "texture": "#1"},
				"down": {"uv": [6.5, 7, 7.5, 7.5], "rotation": 180, "texture": "#1"}
			}
		},
		{
			"name": "Chain Link",
			"from": [7.75, 15, 7.5],
			"to": [8.25, 15.5, 8.5],
			"rotation": {"angle": 22.5, "axis": "y", "origin": [8, 9.75, 8]},
			"faces": {
				"north": {"uv": [0, 0, 0, 0], "texture": "#1"},
				"east": {"uv": [7.5, 7, 6.5, 7.5], "rotation": 180, "texture": "#1"},
				"south": {"uv": [0, 0, 0, 0], "texture": "#1"},
				"west": {"uv": [6.5, 7, 7.5, 7.5], "rotation": 180, "texture": "#1"},
				"up": {"uv": [6.5, 7, 7.5, 7.5], "rotation": 270, "texture": "#1"},
				"down": {"uv": [6.5, 7, 7.5, 7.5], "rotation": 90, "texture": "#1"}
			}
		},
		{
			"name": "Chain Link",
			"from": [7.5, 13.5, 7.75],
			"to": [8.5, 14, 8.25],
			"rotation": {"angle": 22.5, "axis": "y", "origin": [8, 8.25, 8]},
			"faces": {
				"north": {"uv": [6.5, 7, 7.5, 7.5], "rotation": 180, "texture": "#1"},
				"east": {"uv": [0, 0, 0, 0], "texture": "#1"},
				"south": {"uv": [7.5, 7, 6.5, 7.5], "rotation": 180, "texture": "#1"},
				"west": {"uv": [0, 0, 0, 0], "texture": "#1"},
				"up": {"uv": [6.5, 7, 7.5, 7.5], "texture": "#1"},
				"down": {"uv": [6.5, 7, 7.5, 7.5], "texture": "#1"}
			}
		},
		{
			"name": "Chain Link",
			"from": [7.5, 12, 7.75],
			"to": [8.5, 12.5, 8.25],
			"rotation": {"angle": -45, "axis": "y", "origin": [8, 6.75, 8]},
			"faces": {
				"north": {"uv": [6.5, 7, 7.5, 7.5], "rotation": 180, "texture": "#1"},
				"east": {"uv": [0, 0, 0, 0], "texture": "#1"},
				"south": {"uv": [7.5, 7, 6.5, 7.5], "rotation": 180, "texture": "#1"},
				"west": {"uv": [0, 0, 0, 0], "texture": "#1"},
				"up": {"uv": [6.5, 7, 7.5, 7.5], "texture": "#1"},
				"down": {"uv": [6.5, 7, 7.5, 7.5], "texture": "#1"}
			}
		},
		{
			"name": "Chain Link",
			"from": [7.5, 10.5, 7.75],
			"to": [8.5, 11, 8.25],
			"rotation": {"angle": 45, "axis": "y", "origin": [8, 5.25, 8]},
			"faces": {
				"north": {"uv": [6.5, 7, 7.5, 7.5], "rotation": 180, "texture": "#1"},
				"east": {"uv": [0, 0, 0, 0], "texture": "#1"},
				"south": {"uv": [7.5, 7, 6.5, 7.5], "rotation": 180, "texture": "#1"},
				"west": {"uv": [0, 0, 0, 0], "texture": "#1"},
				"up": {"uv": [6.5, 7, 7.5, 7.5], "texture": "#1"},
				"down": {"uv": [6.5, 7, 7.5, 7.5], "texture": "#1"}
			}
		},
		{
			"name": "Chain Link",
			"from": [7.5, 14.5, 7.75],
			"to": [8.5, 15, 8.25],
			"rotation": {"angle": 45, "axis": "y", "origin": [8, 11.25, 8]},
			"faces": {
				"north": {"uv": [9, 7, 8, 7.5], "rotation": 180, "texture": "#1"},
				"east": {"uv": [0, 0, 0, 0], "texture": "#1"},
				"south": {"uv": [8, 7, 9, 7.5], "rotation": 180, "texture": "#1"},
				"west": {"uv": [0, 0, 0, 0], "texture": "#1"},
				"up": {"uv": [8, 7, 9, 7.5], "rotation": 180, "texture": "#1"},
				"down": {"uv": [8, 7, 9, 7.5], "rotation": 180, "texture": "#1"}
			}
		},
		{
			"name": "Chain Link",
			"from": [7.75, 13, 7.5],
			"to": [8.25, 13.5, 8.5],
			"rotation": {"angle": 22.5, "axis": "y", "origin": [8, 9.75, 8]},
			"faces": {
				"north": {"uv": [0, 0, 0, 0], "texture": "#1"},
				"east": {"uv": [9, 7, 8, 7.5], "rotation": 180, "texture": "#1"},
				"south": {"uv": [0, 0, 0, 0], "texture": "#1"},
				"west": {"uv": [8, 7, 9, 7.5], "rotation": 180, "texture": "#1"},
				"up": {"uv": [8, 7, 9, 7.5], "rotation": 270, "texture": "#1"},
				"down": {"uv": [8, 7, 9, 7.5], "rotation": 90, "texture": "#1"}
			}
		},
		{
			"name": "Chain Link",
			"from": [7.5, 11.5, 7.75],
			"to": [8.5, 12, 8.25],
			"rotation": {"angle": 22.5, "axis": "y", "origin": [8, 8.25, 8]},
			"faces": {
				"north": {"uv": [8, 7, 9, 7.5], "rotation": 180, "texture": "#1"},
				"east": {"uv": [0, 0, 0, 0], "texture": "#1"},
				"south": {"uv": [9, 7, 8, 7.5], "rotation": 180, "texture": "#1"},
				"west": {"uv": [0, 0, 0, 0], "texture": "#1"},
				"up": {"uv": [8, 7, 9, 7.5], "texture": "#1"},
				"down": {"uv": [8, 7, 9, 7.5], "texture": "#1"}
			}
		},
		{
			"name": "Chain Link",
			"from": [7.5, 10, 7.75],
			"to": [8.5, 10.5, 8.25],
			"rotation": {"angle": -45, "axis": "y", "origin": [8, 6.75, 8]},
			"faces": {
				"north": {"uv": [8, 7, 9, 7.5], "rotation": 180, "texture": "#1"},
				"east": {"uv": [0, 0, 0, 0], "texture": "#1"},
				"south": {"uv": [9, 7, 8, 7.5], "rotation": 180, "texture": "#1"},
				"west": {"uv": [0, 0, 0, 0], "texture": "#1"},
				"up": {"uv": [8, 7, 9, 7.5], "texture": "#1"},
				"down": {"uv": [8, 7, 9, 7.5], "texture": "#1"}
			}
		}
	],
	"display": {
		"thirdperson_righthand": {
			"translation": [0, 3, 1],
			"scale": [0.55, 0.55, 0.55]
		},
		"thirdperson_lefthand": {
			"translation": [0, 3, 1],
			"scale": [0.55, 0.55, 0.55]
		},
		"firstperson_righthand": {
			"rotation": [0, -90, 25],
			"translation": [1.13, 3.2, 1.13],
			"scale": [0.68, 0.68, 0.68]
		},
		"firstperson_lefthand": {
			"rotation": [0, -90, 25],
			"translation": [1.13, 3.2, 1.13],
			"scale": [0.68, 0.68, 0.68]
		},
		"ground": {
			"rotation": [90, 0, 0],
			"translation": [0, -1, 0],
			"scale": [0.5, 0.5, 0.5]
		},
		"gui": {
			"rotation": [-34, 133, 60]
		},
		"head": {
			"rotation": [0, 180, 0],
			"translation": [0, 13, 0]
		},
		"fixed": {
			"rotation": [0, 180, 0],
			"translation": [0, 0, -1.5]
		}
	},
	"groups": [0, 1,
		{
			"name": "lantern_chain",
			"origin": [8, 11.25, 8],
			"children": [2, 3, 4, 5, 6, 7, 8, 9, 10, 11, 12, 13, 14, 15, 16, 17, 18, 19, 20]
		}
	]
}