{
	"credit": "Made by Starseeker with Blockbench",
	"ambientocclusion": false,
	"textures": {
		"1": "block/plants/tulip_models/pink",
		"particle": "block/plants/pink_tulip/0"
	},
	"elements": [
		{
			"name": "Stamen",
			"from": [7.5, 10, 7.5],
			"to": [8.5, 13, 8.5],
			"shade": false,
			"rotation": {"angle": 45, "axis": "y", "origin": [8, 9.92929, 8]},
			"faces": {
				"north": {"uv": [9, 0, 10, 3], "texture": "#1"},
				"east": {"uv": [9, 0, 10, 3], "texture": "#1"},
				"south": {"uv": [9, 0, 10, 3], "texture": "#1"},
				"west": {"uv": [9, 0, 10, 3], "texture": "#1"},
				"up": {"uv": [10, 0, 11, 1], "texture": "#1"},
				"down": {"uv": [14, 0, 16, 2], "texture": "#1"}
			}
		},
		{
			"name": "Inner petals outer",
			"from": [6.75, 10.01, 6.75],
			"to": [9.25, 14, 9.25],
			"shade": false,
			"rotation": {"angle": 0, "axis": "y", "origin": [8, 9.92929, 8]},
			"faces": {
				"north": {"uv": [6, 0, 8.5, 4], "texture": "#1"},
				"east": {"uv": [6, 0, 8.5, 4], "texture": "#1"},
				"south": {"uv": [6, 0, 8.5, 4], "texture": "#1"},
				"west": {"uv": [6, 0, 8.5, 4], "texture": "#1"},
				"up": {"uv": [13.5, 0, 16, 2.5], "rotation": 270, "texture": "#1"},
				"down": {"uv": [0, 0, 0, 0], "rotation": 90, "texture": "#1"}
			}
		},
		{
			"name": "Inner petals inner",
			"from": [6.75, 14, 6.75],
			"to": [9.25, 10, 9.25],
			"shade": false,
			"rotation": {"angle": 0, "axis": "y", "origin": [8, 9.92929, 8]},
			"faces": {
				"north": {"uv": [6, 4, 8.5, 0], "texture": "#1"},
				"east": {"uv": [6, 4, 8.5, 0], "texture": "#1"},
				"south": {"uv": [6, 4, 8.5, 0], "texture": "#1"},
				"west": {"uv": [6, 4, 8.5, 0], "texture": "#1"},
				"up": {"uv": [13.5, 0, 16, 2.5], "rotation": 270, "texture": "#1"},
				"down": {"uv": [13.5, 0, 16, 2.5], "rotation": 90, "texture": "#1"}
			}
		},
		{
			"name": "Outer petals inner",
			"from": [6.5, 14, 6.5],
			"to": [9.5, 10, 9.5],
			"shade": false,
			"rotation": {"angle": 45, "axis": "y", "origin": [8, 9.92929, 8]},
			"faces": {
				"north": {"uv": [0, 4, 3, 0], "texture": "#1"},
				"east": {"uv": [0, 4, 3, 0], "texture": "#1"},
				"south": {"uv": [0, 4, 3, 0], "texture": "#1"},
				"west": {"uv": [0, 4, 3, 0], "texture": "#1"},
				"up": {"uv": [3, 0, 6, 3], "texture": "#1"},
				"down": {"uv": [13, 0, 16, 3], "texture": "#1"}
			}
		},
		{
			"name": "Outer petals outer",
			"from": [6.5, 10, 6.5],
			"to": [9.5, 14, 9.5],
			"shade": false,
			"rotation": {"angle": 45, "axis": "y", "origin": [8, 9.92929, 8]},
			"faces": {
				"north": {"uv": [0, 0, 3, 4], "texture": "#1"},
				"east": {"uv": [0, 0, 3, 4], "texture": "#1"},
				"south": {"uv": [0, 0, 3, 4], "texture": "#1"},
				"west": {"uv": [0, 0, 3, 4], "texture": "#1"},
				"up": {"uv": [13, 0, 16, 3], "texture": "#1"},
				"down": {"uv": [3, 0, 6, 3], "texture": "#1"}
			}
		},
		{
			"name": "Stem plane 2",
			"from": [8, 0, 5],
			"to": [8, 10, 11],
			"shade": false,
			"rotation": {"angle": 0, "axis": "y", "origin": [8, 9.92929, 8]},
			"faces": {
				"north": {"uv": [0, 0, 0, 10], "texture": "#1"},
				"east": {"uv": [0, 6, 6, 16], "texture": "#1"},
				"south": {"uv": [0, 0, 0, 10], "texture": "#1"},
				"west": {"uv": [6, 6, 0, 16], "texture": "#1"},
				"up": {"uv": [0, 0, 0, 6], "texture": "#1"},
				"down": {"uv": [0, 0, 0, 6], "texture": "#1"}
			}
		},
		{
			"name": "Stem plane 1",
			"from": [5, 0, 8],
			"to": [11, 10, 8],
			"shade": false,
			"rotation": {"angle": 0, "axis": "y", "origin": [8, 9.92929, 8]},
			"faces": {
				"north": {"uv": [0, 6, 6, 16], "texture": "#1"},
				"east": {"uv": [0, 0, 0, 10], "texture": "#1"},
				"south": {"uv": [6, 6, 0, 16], "texture": "#1"},
				"west": {"uv": [0, 0, 0, 10], "texture": "#1"},
				"up": {"uv": [0, 0, 0, 6], "rotation": 270, "texture": "#1"},
				"down": {"uv": [0, 0, 0, 6], "rotation": 90, "texture": "#1"}
			}
		},
		{
			"name": "Stamen",
			"from": [3.5, 9, 11.5],
			"to": [4.5, 12, 12.5],
			"shade": false,
			"rotation": {"angle": 0, "axis": "y", "origin": [4, 8.92929, 12]},
			"faces": {
				"north": {"uv": [9, 0, 10, 3], "texture": "#1"},
				"east": {"uv": [9, 0, 10, 3], "texture": "#1"},
				"south": {"uv": [9, 0, 10, 3], "texture": "#1"},
				"west": {"uv": [9, 0, 10, 3], "texture": "#1"},
				"up": {"uv": [10, 0, 11, 1], "texture": "#1"},
				"down": {"uv": [14, 0, 16, 2], "texture": "#1"}
			}
		},
		{
			"name": "Inner petals outer",
			"from": [2.75, 9.01, 10.75],
			"to": [5.25, 13, 13.25],
			"shade": false,
			"rotation": {"angle": -45, "axis": "y", "origin": [4, 8.92929, 12]},
			"faces": {
				"north": {"uv": [6, 0, 8.5, 4], "texture": "#1"},
				"east": {"uv": [6, 0, 8.5, 4], "texture": "#1"},
				"south": {"uv": [6, 0, 8.5, 4], "texture": "#1"},
				"west": {"uv": [6, 0, 8.5, 4], "texture": "#1"},
				"up": {"uv": [13.5, 0, 16, 2.5], "rotation": 270, "texture": "#1"},
				"down": {"uv": [0, 0, 0, 0], "rotation": 90, "texture": "#1"}
			}
		},
		{
			"name": "Inner petals inner",
			"from": [2.75, 13, 10.75],
			"to": [5.25, 9, 13.25],
			"shade": false,
			"rotation": {"angle": -45, "axis": "y", "origin": [4, 8.92929, 12]},
			"faces": {
				"north": {"uv": [6, 4, 8.5, 0], "texture": "#1"},
				"east": {"uv": [6, 4, 8.5, 0], "texture": "#1"},
				"south": {"uv": [6, 4, 8.5, 0], "texture": "#1"},
				"west": {"uv": [6, 4, 8.5, 0], "texture": "#1"},
				"up": {"uv": [13.5, 0, 16, 2.5], "rotation": 270, "texture": "#1"},
				"down": {"uv": [13.5, 0, 16, 2.5], "rotation": 90, "texture": "#1"}
			}
		},
		{
			"name": "Outer petals inner",
			"from": [2.5, 13, 10.5],
			"to": [5.5, 9, 13.5],
			"shade": false,
			"rotation": {"angle": 0, "axis": "y", "origin": [4, 8.92929, 12]},
			"faces": {
				"north": {"uv": [0, 4, 3, 0], "texture": "#1"},
				"east": {"uv": [0, 4, 3, 0], "texture": "#1"},
				"south": {"uv": [0, 4, 3, 0], "texture": "#1"},
				"west": {"uv": [0, 4, 3, 0], "texture": "#1"},
				"up": {"uv": [3, 0, 6, 3], "texture": "#1"},
				"down": {"uv": [13, 0, 16, 3], "texture": "#1"}
			}
		},
		{
			"name": "Outer petals outer",
			"from": [2.5, 9, 10.5],
			"to": [5.5, 13, 13.5],
			"shade": false,
			"rotation": {"angle": 0, "axis": "y", "origin": [4, 8.92929, 12]},
			"faces": {
				"north": {"uv": [0, 0, 3, 4], "texture": "#1"},
				"east": {"uv": [0, 0, 3, 4], "texture": "#1"},
				"south": {"uv": [0, 0, 3, 4], "texture": "#1"},
				"west": {"uv": [0, 0, 3, 4], "texture": "#1"},
				"up": {"uv": [13, 0, 16, 3], "texture": "#1"},
				"down": {"uv": [3, 0, 6, 3], "texture": "#1"}
			}
		},
		{
			"name": "Stem plane 3",
			"from": [4, -1, 9],
			"to": [4, 9, 15],
			"shade": false,
			"rotation": {"angle": -45, "axis": "y", "origin": [4, 8.92929, 12]},
			"faces": {
				"north": {"uv": [0, 0, 0, 10], "texture": "#1"},
				"east": {"uv": [0, 6, 6, 16], "texture": "#1"},
				"south": {"uv": [0, 0, 0, 10], "texture": "#1"},
				"west": {"uv": [6, 6, 0, 16], "texture": "#1"},
				"up": {"uv": [0, 0, 0, 6], "texture": "#1"},
				"down": {"uv": [0, 0, 0, 6], "texture": "#1"}
			}
		},
		{
			"name": "Stem plane 2",
			"from": [1, -1, 12],
			"to": [7, 9, 12],
			"shade": false,
			"rotation": {"angle": -45, "axis": "y", "origin": [4, 8.92929, 12]},
			"faces": {
				"north": {"uv": [0, 6, 6, 16], "texture": "#1"},
				"east": {"uv": [0, 0, 0, 10], "texture": "#1"},
				"south": {"uv": [6, 6, 0, 16], "texture": "#1"},
				"west": {"uv": [0, 0, 0, 10], "texture": "#1"},
				"up": {"uv": [0, 0, 0, 6], "rotation": 270, "texture": "#1"},
				"down": {"uv": [0, 0, 0, 6], "rotation": 90, "texture": "#1"}
			}
		},
		{
			"name": "Stamen",
			"from": [11.25, 9.25, 11.75],
			"to": [12.25, 12.25, 12.75],
			"shade": false,
			"rotation": {"angle": -22.5, "axis": "y", "origin": [11.75, 9.17929, 12.25]},
			"faces": {
				"north": {"uv": [9, 0, 10, 3], "texture": "#1"},
				"east": {"uv": [9, 0, 10, 3], "texture": "#1"},
				"south": {"uv": [9, 0, 10, 3], "texture": "#1"},
				"west": {"uv": [9, 0, 10, 3], "texture": "#1"},
				"up": {"uv": [10, 0, 11, 1], "rotation": 270, "texture": "#1"},
				"down": {"uv": [14, 0, 16, 2], "rotation": 90, "texture": "#1"}
			}
		},
		{
			"name": "Inner petals outer",
			"from": [10.5, 9.26, 11],
			"to": [13, 13.25, 13.5],
			"shade": false,
			"rotation": {"angle": 22.5, "axis": "y", "origin": [11.75, 9.17929, 12.25]},
			"faces": {
				"north": {"uv": [6, 0, 8.5, 4], "texture": "#1"},
				"east": {"uv": [6, 0, 8.5, 4], "texture": "#1"},
				"south": {"uv": [6, 0, 8.5, 4], "texture": "#1"},
				"west": {"uv": [6, 0, 8.5, 4], "texture": "#1"},
				"up": {"uv": [13.5, 0, 16, 2.5], "rotation": 270, "texture": "#1"},
				"down": {"uv": [0, 0, 0, 0], "rotation": 90, "texture": "#1"}
			}
		},
		{
			"name": "Inner petals inner",
			"from": [10.5, 13.25, 11],
			"to": [13, 9.25, 13.5],
			"shade": false,
			"rotation": {"angle": 22.5, "axis": "y", "origin": [11.75, 9.17929, 12.25]},
			"faces": {
				"north": {"uv": [6, 4, 8.5, 0], "texture": "#1"},
				"east": {"uv": [6, 4, 8.5, 0], "texture": "#1"},
				"south": {"uv": [6, 4, 8.5, 0], "texture": "#1"},
				"west": {"uv": [6, 4, 8.5, 0], "texture": "#1"},
				"up": {"uv": [13.5, 0, 16, 2.5], "rotation": 270, "texture": "#1"},
				"down": {"uv": [13.5, 0, 16, 2.5], "rotation": 90, "texture": "#1"}
			}
		},
		{
			"name": "Outer petals inner",
			"from": [10.25, 13.25, 10.75],
			"to": [13.25, 9.25, 13.75],
			"shade": false,
			"rotation": {"angle": -22.5, "axis": "y", "origin": [11.75, 9.17929, 12.25]},
			"faces": {
				"north": {"uv": [0, 4, 3, 0], "texture": "#1"},
				"east": {"uv": [0, 4, 3, 0], "texture": "#1"},
				"south": {"uv": [0, 4, 3, 0], "texture": "#1"},
				"west": {"uv": [0, 4, 3, 0], "texture": "#1"},
				"up": {"uv": [3, 0, 6, 3], "rotation": 270, "texture": "#1"},
				"down": {"uv": [13, 0, 16, 3], "rotation": 90, "texture": "#1"}
			}
		},
		{
			"name": "Outer petals outer",
			"from": [10.25, 9.25, 10.75],
			"to": [13.25, 13.25, 13.75],
			"shade": false,
			"rotation": {"angle": -22.5, "axis": "y", "origin": [11.75, 9.17929, 12.25]},
			"faces": {
				"north": {"uv": [0, 0, 3, 4], "texture": "#1"},
				"east": {"uv": [0, 0, 3, 4], "texture": "#1"},
				"south": {"uv": [0, 0, 3, 4], "texture": "#1"},
				"west": {"uv": [0, 0, 3, 4], "texture": "#1"},
				"up": {"uv": [13, 0, 16, 3], "rotation": 270, "texture": "#1"},
				"down": {"uv": [3, 0, 6, 3], "rotation": 90, "texture": "#1"}
			}
		},
		{
			"name": "Stem plane 3",
			"from": [11.75, -0.75, 9.25],
			"to": [11.75, 9.25, 15.25],
			"shade": false,
			"rotation": {"angle": 22.5, "axis": "y", "origin": [11.75, 9.17929, 12.25]},
			"faces": {
				"north": {"uv": [0, 0, 0, 10], "texture": "#1"},
				"east": {"uv": [0, 6, 6, 16], "texture": "#1"},
				"south": {"uv": [0, 0, 0, 10], "texture": "#1"},
				"west": {"uv": [6, 6, 0, 16], "texture": "#1"},
				"up": {"uv": [0, 0, 0, 6], "texture": "#1"},
				"down": {"uv": [0, 0, 0, 6], "texture": "#1"}
			}
		},
		{
			"name": "Stem plane 2",
			"from": [8.75, -0.75, 12.25],
			"to": [14.75, 9.25, 12.25],
			"shade": false,
			"rotation": {"angle": 22.5, "axis": "y", "origin": [11.75, 9.17929, 12.25]},
			"faces": {
				"north": {"uv": [0, 6, 6, 16], "texture": "#1"},
				"east": {"uv": [0, 0, 0, 10], "texture": "#1"},
				"south": {"uv": [6, 6, 0, 16], "texture": "#1"},
				"west": {"uv": [0, 0, 0, 10], "texture": "#1"},
				"up": {"uv": [0, 0, 0, 6], "rotation": 270, "texture": "#1"},
				"down": {"uv": [0, 0, 0, 6], "rotation": 90, "texture": "#1"}
			}
		},
		{
			"name": "Stamen",
			"from": [11.25, 9.5, 4],
			"to": [12.25, 12.5, 5],
			"shade": false,
			"rotation": {"angle": -22.5, "axis": "y", "origin": [11.75, 9.42929, 4.5]},
			"faces": {
				"north": {"uv": [9, 0, 10, 3], "texture": "#1"},
				"east": {"uv": [9, 0, 10, 3], "texture": "#1"},
				"south": {"uv": [9, 0, 10, 3], "texture": "#1"},
				"west": {"uv": [9, 0, 10, 3], "texture": "#1"},
				"up": {"uv": [10, 0, 11, 1], "rotation": 270, "texture": "#1"},
				"down": {"uv": [14, 0, 16, 2], "rotation": 90, "texture": "#1"}
			}
		},
		{
			"name": "Inner petals outer",
			"from": [10.5, 9.51, 3.25],
			"to": [13, 13.5, 5.75],
			"shade": false,
			"rotation": {"angle": 22.5, "axis": "y", "origin": [11.75, 9.42929, 4.5]},
			"faces": {
				"north": {"uv": [6, 0, 8.5, 4], "texture": "#1"},
				"east": {"uv": [6, 0, 8.5, 4], "texture": "#1"},
				"south": {"uv": [6, 0, 8.5, 4], "texture": "#1"},
				"west": {"uv": [6, 0, 8.5, 4], "texture": "#1"},
				"up": {"uv": [13.5, 0, 16, 2.5], "rotation": 270, "texture": "#1"},
				"down": {"uv": [0, 0, 0, 0], "rotation": 90, "texture": "#1"}
			}
		},
		{
			"name": "Inner petals inner",
			"from": [10.5, 13.5, 3.25],
			"to": [13, 9.5, 5.75],
			"shade": false,
			"rotation": {"angle": 22.5, "axis": "y", "origin": [11.75, 9.42929, 4.5]},
			"faces": {
				"north": {"uv": [6, 4, 8.5, 0], "texture": "#1"},
				"east": {"uv": [6, 4, 8.5, 0], "texture": "#1"},
				"south": {"uv": [6, 4, 8.5, 0], "texture": "#1"},
				"west": {"uv": [6, 4, 8.5, 0], "texture": "#1"},
				"up": {"uv": [13.5, 0, 16, 2.5], "rotation": 270, "texture": "#1"},
				"down": {"uv": [13.5, 0, 16, 2.5], "rotation": 90, "texture": "#1"}
			}
		},
		{
			"name": "Outer petals inner",
			"from": [10.25, 13.5, 3],
			"to": [13.25, 9.5, 6],
			"shade": false,
			"rotation": {"angle": -22.5, "axis": "y", "origin": [11.75, 9.42929, 4.5]},
			"faces": {
				"north": {"uv": [0, 4, 3, 0], "texture": "#1"},
				"east": {"uv": [0, 4, 3, 0], "texture": "#1"},
				"south": {"uv": [0, 4, 3, 0], "texture": "#1"},
				"west": {"uv": [0, 4, 3, 0], "texture": "#1"},
				"up": {"uv": [3, 0, 6, 3], "rotation": 270, "texture": "#1"},
				"down": {"uv": [13, 0, 16, 3], "rotation": 90, "texture": "#1"}
			}
		},
		{
			"name": "Outer petals outer",
			"from": [10.25, 9.5, 3],
			"to": [13.25, 13.5, 6],
			"shade": false,
			"rotation": {"angle": -22.5, "axis": "y", "origin": [11.75, 9.42929, 4.5]},
			"faces": {
				"north": {"uv": [0, 0, 3, 4], "texture": "#1"},
				"east": {"uv": [0, 0, 3, 4], "texture": "#1"},
				"south": {"uv": [0, 0, 3, 4], "texture": "#1"},
				"west": {"uv": [0, 0, 3, 4], "texture": "#1"},
				"up": {"uv": [13, 0, 16, 3], "rotation": 270, "texture": "#1"},
				"down": {"uv": [3, 0, 6, 3], "rotation": 90, "texture": "#1"}
			}
		},
		{
			"name": "Stem plane 3",
			"from": [11.75, -0.5, 1.5],
			"to": [11.75, 9.5, 7.5],
			"shade": false,
			"rotation": {"angle": 22.5, "axis": "y", "origin": [11.75, 9.42929, 4.5]},
			"faces": {
				"north": {"uv": [0, 0, 0, 10], "texture": "#1"},
				"east": {"uv": [0, 6, 6, 16], "texture": "#1"},
				"south": {"uv": [0, 0, 0, 10], "texture": "#1"},
				"west": {"uv": [6, 6, 0, 16], "texture": "#1"},
				"up": {"uv": [0, 0, 0, 6], "texture": "#1"},
				"down": {"uv": [0, 0, 0, 6], "texture": "#1"}
			}
		},
		{
			"name": "Stem plane 2",
			"from": [8.75, -0.5, 4.5],
			"to": [14.75, 9.5, 4.5],
			"shade": false,
			"rotation": {"angle": 22.5, "axis": "y", "origin": [11.75, 9.42929, 4.5]},
			"faces": {
				"north": {"uv": [0, 6, 6, 16], "texture": "#1"},
				"east": {"uv": [0, 0, 0, 10], "texture": "#1"},
				"south": {"uv": [6, 6, 0, 16], "texture": "#1"},
				"west": {"uv": [0, 0, 0, 10], "texture": "#1"},
				"up": {"uv": [0, 0, 0, 6], "rotation": 270, "texture": "#1"},
				"down": {"uv": [0, 0, 0, 6], "rotation": 90, "texture": "#1"}
			}
		},
		{
			"name": "Stamen",
			"from": [3.25, 9.75, 4],
			"to": [4.25, 12.75, 5],
			"shade": false,
			"rotation": {"angle": 22.5, "axis": "y", "origin": [3.75, 9.67929, 4.5]},
			"faces": {
				"north": {"uv": [9, 0, 10, 3], "texture": "#1"},
				"east": {"uv": [9, 0, 10, 3], "texture": "#1"},
				"south": {"uv": [9, 0, 10, 3], "texture": "#1"},
				"west": {"uv": [9, 0, 10, 3], "texture": "#1"},
				"up": {"uv": [10, 0, 11, 1], "rotation": 270, "texture": "#1"},
				"down": {"uv": [14, 0, 16, 2], "rotation": 90, "texture": "#1"}
			}
		},
		{
			"name": "Inner petals outer",
			"from": [2.5, 9.76, 3.25],
			"to": [5, 13.75, 5.75],
			"shade": false,
			"rotation": {"angle": -22.5, "axis": "y", "origin": [3.75, 9.67929, 4.5]},
			"faces": {
				"north": {"uv": [6, 0, 8.5, 4], "texture": "#1"},
				"east": {"uv": [6, 0, 8.5, 4], "texture": "#1"},
				"south": {"uv": [6, 0, 8.5, 4], "texture": "#1"},
				"west": {"uv": [6, 0, 8.5, 4], "texture": "#1"},
				"up": {"uv": [13.5, 0, 16, 2.5], "rotation": 180, "texture": "#1"},
				"down": {"uv": [0, 0, 0, 0], "rotation": 180, "texture": "#1"}
			}
		},
		{
			"name": "Inner petals inner",
			"from": [2.5, 13.75, 3.25],
			"to": [5, 9.75, 5.75],
			"shade": false,
			"rotation": {"angle": -22.5, "axis": "y", "origin": [3.75, 9.67929, 4.5]},
			"faces": {
				"north": {"uv": [6, 4, 8.5, 0], "texture": "#1"},
				"east": {"uv": [6, 4, 8.5, 0], "texture": "#1"},
				"south": {"uv": [6, 4, 8.5, 0], "texture": "#1"},
				"west": {"uv": [6, 4, 8.5, 0], "texture": "#1"},
				"up": {"uv": [13.5, 0, 16, 2.5], "rotation": 180, "texture": "#1"},
				"down": {"uv": [13.5, 0, 16, 2.5], "rotation": 180, "texture": "#1"}
			}
		},
		{
			"name": "Outer petals inner",
			"from": [2.25, 13.75, 3],
			"to": [5.25, 9.75, 6],
			"shade": false,
			"rotation": {"angle": 22.5, "axis": "y", "origin": [3.75, 9.67929, 4.5]},
			"faces": {
				"north": {"uv": [0, 4, 3, 0], "texture": "#1"},
				"east": {"uv": [0, 4, 3, 0], "texture": "#1"},
				"south": {"uv": [0, 4, 3, 0], "texture": "#1"},
				"west": {"uv": [0, 4, 3, 0], "texture": "#1"},
				"up": {"uv": [3, 0, 6, 3], "rotation": 270, "texture": "#1"},
				"down": {"uv": [13, 0, 16, 3], "rotation": 90, "texture": "#1"}
			}
		},
		{
			"name": "Outer petals outer",
			"from": [2.25, 9.75, 3],
			"to": [5.25, 13.75, 6],
			"shade": false,
			"rotation": {"angle": 22.5, "axis": "y", "origin": [3.75, 9.67929, 4.5]},
			"faces": {
				"north": {"uv": [0, 0, 3, 4], "texture": "#1"},
				"east": {"uv": [0, 0, 3, 4], "texture": "#1"},
				"south": {"uv": [0, 0, 3, 4], "texture": "#1"},
				"west": {"uv": [0, 0, 3, 4], "texture": "#1"},
				"up": {"uv": [13, 0, 16, 3], "rotation": 270, "texture": "#1"},
				"down": {"uv": [3, 0, 6, 3], "rotation": 90, "texture": "#1"}
			}
		},
		{
			"name": "Stem plane 3",
			"from": [0.75, -0.25, 4.5],
			"to": [6.75, 9.75, 4.5],
			"shade": false,
			"rotation": {"angle": -22.5, "axis": "y", "origin": [3.75, 9.67929, 4.5]},
			"faces": {
				"north": {"uv": [0, 6, 6, 16], "texture": "#1"},
				"east": {"uv": [0, 0, 0, 10], "texture": "#1"},
				"south": {"uv": [6, 6, 0, 16], "texture": "#1"},
				"west": {"uv": [0, 0, 0, 10], "texture": "#1"},
				"up": {"uv": [0, 0, 0, 6], "rotation": 270, "texture": "#1"},
				"down": {"uv": [0, 0, 0, 6], "rotation": 90, "texture": "#1"}
			}
		},
		{
			"name": "Stem plane 2",
			"from": [3.75, -0.25, 1.5],
			"to": [3.75, 9.75, 7.5],
			"shade": false,
			"rotation": {"angle": -22.5, "axis": "y", "origin": [3.75, 9.67929, 4.5]},
			"faces": {
				"north": {"uv": [0, 0, 0, 10], "texture": "#1"},
				"east": {"uv": [6, 6, 0, 16], "texture": "#1"},
				"south": {"uv": [0, 0, 0, 10], "texture": "#1"},
				"west": {"uv": [0, 6, 6, 16], "texture": "#1"},
				"up": {"uv": [0, 0, 0, 6], "rotation": 180, "texture": "#1"},
				"down": {"uv": [0, 0, 0, 6], "rotation": 180, "texture": "#1"}
			}
		}
	],
	"groups": [
		{
			"name": "Flower",
			"origin": [8, 0, 8],
			"color": 0,
			"shade": false,
			"children": [0, 1, 2, 3, 4, 5, 6]
		},
		{
			"name": "Flower",
			"origin": [8, 0, 8],
			"color": 0,
			"shade": false,
			"children": [7, 8, 9, 10, 11, 12, 13]
		},
		{
			"name": "Flower",
			"origin": [8, 0, 8],
			"color": 0,
			"shade": false,
			"children": [14, 15, 16, 17, 18, 19, 20]
		},
		{
			"name": "Flower",
			"origin": [8, 0, 8],
			"color": 0,
			"shade": false,
			"children": [21, 22, 23, 24, 25, 26, 27]
		},
		{
			"name": "Flower",
			"origin": [8, 0, 8],
			"color": 0,
			"shade": false,
			"children": [28, 29, 30, 31, 32, 33, 34]
		}
	]
}