{ "variants": {
    "": [
      { "model": "block/plants/orange_tulip/0" },
      { "model": "block/plants/orange_tulip/1" },
      { "model": "block/plants/orange_tulip/2" },
      { "model": "block/plants/orange_tulip/3" },
      { "model": "block/plants/orange_tulip/4" },
      { "model": "block/plants/orange_tulip/5" },
      { "model": "block/plants/orange_tulip/6" },
      { "model": "block/plants/orange_tulip/7" },
      { "model": "block/plants/orange_tulip/8" },
      { "model": "block/plants/orange_tulip/9" },
      { "model": "block/plants/orange_tulip/10" },
      { "model": "block/plants/orange_tulip/11" }
    ]
  }
}
