{
	"credit": "Made with Blockbench",
	"parent": "block/template_trapdoor_bottom",
	"ambientocclusion": false,
	"textures": {
		"1": "block/trapdoors/oak_trapdoor",
		"4": "block/trapdoors/oak_trapdoor_rim",
		"particle": "block/trapdoors/oak_trapdoor"
	},
	"elements": [
		{
			"name": "out",
			"from": [0, 0, 0],
			"to": [16, 3, 16],
			"faces": {
				"north": {"uv": [0.032, 15.968, 2.968, 0.032], "rotation": 90, "texture": "#4"},
				"east": {"uv": [0.032, 15.968, 2.968, 0.032], "rotation": 90, "texture": "#4"},
				"south": {"uv": [0.032, 15.968, 2.968, 0.032], "rotation": 90, "texture": "#4"},
				"west": {"uv": [0.032, 15.968, 2.968, 0.032], "rotation": 90, "texture": "#4"},
				"up": {"uv": [0, 16, 16, 0], "rotation": 180, "texture": "#1"},
				"down": {"uv": [0, 0, 16, 16], "texture": "#1"}
			}
		},
		{
			"name": "in",
			"from": [5.968, 3, 5.968],
			"to": [10.032, 0, 10.532],
			"faces": {
				"north": {"uv": [0.032, 12.468, 2.968, 3.532], "rotation": 90, "texture": "#4"},
				"east": {"uv": [0.032, 12.468, 2.968, 3.532], "rotation": 90, "texture": "#4"},
				"south": {"uv": [0.032, 12.468, 2.968, 3.532], "rotation": 90, "texture": "#4"},
				"west": {"uv": [0.032, 12.468, 2.968, 3.532], "rotation": 90, "texture": "#4"}
			}
		}
	],
	"display": {
		"thirdperson_righthand": {
			"rotation": [75, 45, 0],
			"translation": [0, 2.5, 0],
			"scale": [0.375, 0.375, 0.375]
		},
		"thirdperson_lefthand": {
			"rotation": [75, 45, 0],
			"translation": [0, 2.5, 0],
			"scale": [0.375, 0.375, 0.375]
		},
		"firstperson_righthand": {
			"rotation": [0, 45, 0],
			"translation": [0, 2, -3],
			"scale": [0.4, 0.4, 0.4]
		},
		"firstperson_lefthand": {
			"rotation": [0, 225, 0],
			"translation": [0, 2, -3],
			"scale": [0.4, 0.4, 0.4]
		},
		"ground": {
			"translation": [0, 3, 0],
			"scale": [0.25, 0.25, 0.25]
		},
		"gui": {
			"rotation": [30, 225, 0],
			"scale": [0.625, 0.625, 0.625]
		},
		"fixed": {
			"rotation": [-90, 180, 0],
			"translation": [0, 0, -8]
		}
	}
}