{
	"credit": "Made with Blockbench",
	"parent": "block/template_trapdoor_open",
	"ambientocclusion": false,
	"textures": {
		"4": "block/trapdoors/oak_trapdoor_rim",
		"particle": "block/trapdoors/oak_trapdoor"
	},
	"elements": [
		{
			"name": "out",
			"from": [0, 0, 13],
			"to": [16, 16, 16],
			"faces": {
				"north": {"uv": [0, 16, 16, 0], "rotation": 180, "texture": "#particle"},
				"east": {"uv": [0.032, 15.968, 2.968, 0.032], "rotation": 180, "texture": "#4"},
				"south": {"uv": [0, 16, 16, 0], "rotation": 180, "texture": "#particle"},
				"west": {"uv": [0.032, 15.968, 2.968, 0.032], "texture": "#4"},
				"up": {"uv": [0.032, 15.968, 2.968, 0.032], "rotation": 90, "texture": "#4"},
				"down": {"uv": [0.032, 15.968, 2.968, 0.032], "rotation": 270, "texture": "#4"}
			}
		},
		{
			"name": "in",
			"from": [5.968, 5.468, 16],
			"to": [10.032, 10.032, 13],
			"faces": {
				"east": {"uv": [0.032, 12.468, 2.968, 3.532], "rotation": 180, "texture": "#4"},
				"west": {"uv": [0.032, 12.468, 2.968, 3.532], "texture": "#4"},
				"up": {"uv": [0.032, 12.468, 2.968, 3.532], "rotation": 90, "texture": "#4"},
				"down": {"uv": [0.032, 12.468, 2.968, 3.532], "rotation": 270, "texture": "#4"}
			}
		}
	],
	"display": {
		"thirdperson_righthand": {
			"rotation": [75, 45, 0],
			"translation": [0, 2.5, 0],
			"scale": [0.375, 0.375, 0.375]
		}
	}
}