{
	"credit": "Made by SyndiShanX",
	"ambientocclusion": false,
	"textures": {
		"particle": "block/wildflowers",
		"flowerbed": "block/wildflowers",
		"stem": "block/wildflowers_stem"
	},
	"elements": [
		{
			"name": "Flower 1",
			"from": [3.5, 1.25, 10],
			"to": [5.5, 1.25, 12],
			"rotation": {"angle": 0, "axis": "y", "origin": [3.5, 0, 2]},
			"faces": {
				"up": {"uv": [3.5, 10, 5.5, 12], "texture": "#flowerbed"},
				"down": {"uv": [3.5, 10, 5.5, 12], "texture": "#flowerbed"}
			}
		},
		{
			"name": "Stem 1",
			"from": [10.4, 0, 4.75],
			"to": [10.9, 1.25, 4.75],
			"rotation": {"angle": -45, "axis": "y", "origin": [0, 0, 0.5]},
			"faces": {
				"north": {"uv": [0, 6, 1, 7], "texture": "#stem", "tintindex": 1},
				"south": {"uv": [0, 6, 1, 7], "texture": "#stem", "tintindex": 1}
			}
		},
		{
			"name": "Stem 1",
			"from": [10.65, 0, 4.5],
			"to": [10.65, 1.25, 5],
			"rotation": {"angle": -45, "axis": "y", "origin": [0, 0, 0.5]},
			"faces": {
				"east": {"uv": [0, 6, 1, 7], "texture": "#stem", "tintindex": 1},
				"west": {"uv": [0, 6, 1, 7], "texture": "#stem", "tintindex": 1}
			}
		},
		{
			"name": "Flower 2",
			"from": [4, 1.5, 12],
			"to": [6, 1.5, 14],
			"rotation": {"angle": 0, "axis": "y", "origin": [4, 0.5, 4]},
			"faces": {
				"up": {"uv": [4, 12, 6, 14], "texture": "#flowerbed"},
				"down": {"uv": [4, 12, 6, 14], "texture": "#flowerbed"}
			}
		},
		{
			"name": "Stem 2",
			"from": [11.2, 0, 6.7],
			"to": [11.7, 1.5, 6.7],
			"rotation": {"angle": -45, "axis": "y", "origin": [0.5, 0, 2]},
			"faces": {
				"north": {"uv": [0, 6, 1, 7], "texture": "#stem", "tintindex": 1},
				"south": {"uv": [0, 6, 1, 7], "texture": "#stem", "tintindex": 1}
			}
		},
		{
			"name": "Stem 2",
			"from": [11.45, 0, 6.45],
			"to": [11.45, 1.5, 6.95],
			"rotation": {"angle": -45, "axis": "y", "origin": [0.5, 0, 2]},
			"faces": {
				"east": {"uv": [0, 6, 1, 7], "texture": "#stem", "tintindex": 1},
				"west": {"uv": [0, 6, 1, 7], "texture": "#stem", "tintindex": 1}
			}
		},
		{
			"name": "Flower 3",
			"from": [2, 1, 11.5],
			"to": [4, 1, 13.5],
			"rotation": {"angle": 0, "axis": "y", "origin": [2, 0, 3.5]},
			"faces": {
				"up": {"uv": [2, 11.5, 4, 13.5], "texture": "#flowerbed"},
				"down": {"uv": [2, 11.5, 4, 13.5], "texture": "#flowerbed"}
			}
		},
		{
			"name": "Stem 3",
			"from": [9.2, 0, 6.15],
			"to": [9.7, 1, 6.15],
			"rotation": {"angle": -45, "axis": "y", "origin": [-1.5, 0, 1.5]},
			"faces": {
				"north": {"uv": [0, 6, 1, 7], "texture": "#stem", "tintindex": 1},
				"south": {"uv": [0, 6, 1, 7], "texture": "#stem", "tintindex": 1}
			}
		},
		{
			"name": "Stem 3",
			"from": [9.45, 0, 5.9],
			"to": [9.45, 1, 6.4],
			"rotation": {"angle": -45, "axis": "y", "origin": [-1.5, 0, 1.5]},
			"faces": {
				"east": {"uv": [0, 6, 1, 7], "texture": "#stem", "tintindex": 1},
				"west": {"uv": [0, 6, 1, 7], "texture": "#stem", "tintindex": 1}
			}
		}
	]
}