{ "multipart": [
    { "apply": { "model": "block/framed_stone_wall/stone_wall_post" } },
    { "when": { "north": "none" },
      "apply": { "model": "block/framed_stone_wall/stone_wall_post_side_ns" }
    },
    { "when": { "east": "none" },
      "apply": { "model": "block/framed_stone_wall/stone_wall_post_side_ew" }
    },
    { "when": { "south": "none" },
      "apply": { "model": "block/framed_stone_wall/stone_wall_post_side_ns", "y": 180 }
    },
    { "when": { "west": "none" },
      "apply": { "model": "block/framed_stone_wall/stone_wall_post_side_ew", "y": 180 }
    },


    { "when": { "north": "low|tall" },
      "apply": { "model": "block/framed_stone_wall/stone_wall_ne" }
    },
    { "when": { "north": "low|tall", "west": "none" },
      "apply": { "model": "block/framed_stone_wall/stone_wall_wd" }
    },
    { "when": { "north": "low|tall", "east": "none" },
      "apply": { "model": "block/framed_stone_wall/stone_wall_ed" }
    },
    { "when": { "north": "low|tall" },
      "apply": { "model": "block/framed_stone_wall/stone_wall_side" }
    },


    { "when": { "east": "low|tall" },
      "apply": { "model": "block/framed_stone_wall/stone_wall_ne", "y": 90 }
    },
    { "when": { "east": "low|tall", "north": "none" },
      "apply": { "model": "block/framed_stone_wall/stone_wall_nd" }
    },
    { "when": { "east": "low|tall", "south": "none" },
      "apply": { "model": "block/framed_stone_wall/stone_wall_sd" }
    },
    { "when": { "east": "low|tall" },
      "apply": { "model": "block/framed_stone_wall/stone_wall_side", "y": 90 }
    },


    { "when": { "south": "low|tall" },
      "apply": { "model": "block/framed_stone_wall/stone_wall_sw" }
    },
    { "when": { "south": "low|tall", "east": "none" },
      "apply": { "model": "block/framed_stone_wall/stone_wall_wd", "y": 180 }
    },
    { "when": { "south": "low|tall", "west": "none" },
      "apply": { "model": "block/framed_stone_wall/stone_wall_ed", "y": 180 }
    },
    { "when": { "south": "low|tall" },
      "apply": { "model": "block/framed_stone_wall/stone_wall_side", "y": 180 }
    },


    { "when": { "west": "low|tall" },
      "apply": { "model": "block/framed_stone_wall/stone_wall_sw", "y": 90 }
    },
    { "when": { "west": "low|tall", "south": "none" },
      "apply": { "model": "block/framed_stone_wall/stone_wall_nd", "y": 180 }
    },
    { "when": { "west": "low|tall", "north": "none" },
      "apply": { "model": "block/framed_stone_wall/stone_wall_sd", "y": 180 }
    },
    { "when": { "west": "low|tall" },
      "apply": { "model": "block/framed_stone_wall/stone_wall_side", "y": 270 }
    },


    { "when": { "north": "low|tall", "east": "low|tall" },
      "apply": { "model": "block/framed_stone_wall/stone_wall_inner_corner" }
    },
    { "when": { "east": "low|tall", "south": "low|tall" },
      "apply": { "model": "block/framed_stone_wall/stone_wall_inner_corner", "y": 90 }
    },
    { "when": { "south": "low|tall", "west": "low|tall" },
      "apply": { "model": "block/framed_stone_wall/stone_wall_inner_corner", "y": 180 }
    },
    { "when": { "west": "low|tall", "north": "low|tall" },
      "apply": { "model": "block/framed_stone_wall/stone_wall_inner_corner", "y": 270 }
    }
  ]
}
