{
	"credit": "Made By WantedRobot",
	"textures": {
		"3": "block/birch_fence"
	},
	"elements": [
		{
			"from": [9.14645, 3.25, 9.5],
			"to": [9.85355, 3.75, 9.85355],
			"rotation": {"angle": 45, "axis": "y", "origin": [9.5, 3.75, 9.5]},
			"faces": {
				"south": {"uv": [0.5, 15.5, 0.984, 15.984], "texture": "#3"},
				"up": {"uv": [2.016, 15.5, 2.5, 15.984], "rotation": 270, "texture": "#3"},
				"down": {"uv": [1.016, 15.5, 1.5, 15.984], "rotation": 180, "texture": "#3"}
			}
		},
		{
			"from": [8.20711, 3.25, 6.70711],
			"to": [10.32843, 3.75, 7.20711],
			"rotation": {"angle": -45, "axis": "y", "origin": [9.20711, 3.75, 6.70711]},
			"faces": {
				"north": {"uv": [1.016, 15.5, 2.984, 15.984], "texture": "#3"},
				"up": {"uv": [1.5, 15.5, 3.5, 15.984], "rotation": 180, "texture": "#3"},
				"down": {"uv": [1.5, 15.5, 3.5, 15.984], "rotation": 180, "texture": "#3"}
			}
		},
		{
			"from": [6, 3.25, 6.5],
			"to": [6.70711, 3.75, 7],
			"rotation": {"angle": 45, "axis": "y", "origin": [6, 3.75, 6.5]},
			"faces": {
				"north": {"uv": [5.5, 15.5, 5.984, 15.984], "texture": "#3"},
				"up": {"uv": [5.5, 15.5, 5.984, 15.984], "rotation": 180, "texture": "#3"},
				"down": {"uv": [5.5, 15.5, 5.984, 15.984], "rotation": 180, "texture": "#3"}
			}
		},
		{
			"from": [5.46447, 3.25, 9.29289],
			"to": [9, 3.75, 9.79289],
			"rotation": {"angle": -45, "axis": "y", "origin": [8.5, 3.75, 9.29289]},
			"faces": {
				"south": {"uv": [1.5, 15.5, 4.984, 15.984], "texture": "#3"},
				"up": {"uv": [1.5, 15.5, 4.984, 15.984], "rotation": 180, "texture": "#3"},
				"down": {"uv": [1.5, 15.5, 4.984, 15.984], "rotation": 180, "texture": "#3"}
			}
		},
		{
			"from": [8.5, 3.25, 9.5],
			"to": [9.5, 3.75, 10],
			"faces": {
				"south": {"uv": [1.5, 15.5, 2.5, 15.984], "rotation": 180, "texture": "#3"},
				"up": {"uv": [1.5, 15.5, 2.5, 15.984], "texture": "#3"},
				"down": {"uv": [2.016, 15.5, 2.984, 15.984], "rotation": 180, "texture": "#3"}
			}
		},
		{
			"from": [6, 3.25, 6.5],
			"to": [6.5, 3.75, 7.5],
			"faces": {
				"west": {"uv": [1.016, 15.5, 1.984, 15.984], "texture": "#3"},
				"up": {"uv": [1.5, 15.5, 1.984, 15.984], "rotation": 270, "texture": "#3"},
				"down": {"uv": [5.5, 15.5, 5.984, 15.984], "rotation": 90, "texture": "#3"}
			}
		},
		{
			"from": [6.5, 3.25, 6],
			"to": [8.5, 3.75, 6.5],
			"faces": {
				"north": {"uv": [1.016, 15.5, 2.984, 15.984], "texture": "#3"},
				"up": {"uv": [1.5, 15.5, 3.5, 15.984], "texture": "#3"},
				"down": {"uv": [2.016, 15.5, 3.984, 15.984], "rotation": 180, "texture": "#3"}
			}
		},
		{
			"from": [9.5, 3.25, 7.5],
			"to": [10, 3.75, 9.5],
			"faces": {
				"east": {"uv": [1.5, 15.5, 3.5, 15.984], "texture": "#3"},
				"up": {"uv": [2.016, 15.5, 3.984, 15.984], "rotation": 270, "texture": "#3"},
				"down": {"uv": [2.5, 15.5, 4.5, 15.984], "rotation": 270, "texture": "#3"}
			}
		},
		{
			"from": [9.14645, 6.45, 9.5],
			"to": [9.85355, 6.95, 9.85355],
			"rotation": {"angle": 45, "axis": "y", "origin": [9.5, 6.95, 9.5]},
			"faces": {
				"south": {"uv": [0.5, 15.5, 0.984, 15.984], "texture": "#3"},
				"up": {"uv": [2.016, 15.5, 2.5, 15.984], "rotation": 270, "texture": "#3"},
				"down": {"uv": [1.016, 15.5, 1.5, 15.984], "rotation": 180, "texture": "#3"}
			}
		},
		{
			"from": [8.20711, 6.45, 6.70711],
			"to": [10.32843, 6.95, 7.20711],
			"rotation": {"angle": -45, "axis": "y", "origin": [9.20711, 6.95, 6.70711]},
			"faces": {
				"north": {"uv": [1.016, 15.5, 2.984, 15.984], "texture": "#3"},
				"up": {"uv": [1.5, 15.5, 3.5, 15.984], "rotation": 180, "texture": "#3"},
				"down": {"uv": [1.5, 15.5, 3.5, 15.984], "rotation": 180, "texture": "#3"}
			}
		},
		{
			"from": [6, 6.45, 6.5],
			"to": [6.70711, 6.95, 7],
			"rotation": {"angle": 45, "axis": "y", "origin": [6, 6.95, 6.5]},
			"faces": {
				"north": {"uv": [5.5, 15.5, 5.984, 15.984], "texture": "#3"},
				"up": {"uv": [5.5, 15.5, 5.984, 15.984], "rotation": 180, "texture": "#3"},
				"down": {"uv": [5.5, 15.5, 5.984, 15.984], "rotation": 180, "texture": "#3"}
			}
		},
		{
			"from": [5.46447, 6.45, 9.29289],
			"to": [9, 6.95, 9.79289],
			"rotation": {"angle": -45, "axis": "y", "origin": [8.5, 6.95, 9.29289]},
			"faces": {
				"south": {"uv": [1.5, 15.5, 4.984, 15.984], "texture": "#3"},
				"up": {"uv": [1.5, 15.5, 4.984, 15.984], "rotation": 180, "texture": "#3"},
				"down": {"uv": [1.5, 15.5, 4.984, 15.984], "rotation": 180, "texture": "#3"}
			}
		},
		{
			"from": [8.5, 6.45, 9.5],
			"to": [9.5, 6.95, 10],
			"faces": {
				"south": {"uv": [1.5, 15.5, 2.5, 15.984], "rotation": 180, "texture": "#3"},
				"up": {"uv": [1.5, 15.5, 2.5, 15.984], "texture": "#3"},
				"down": {"uv": [2.016, 15.5, 2.984, 15.984], "rotation": 180, "texture": "#3"}
			}
		},
		{
			"from": [6, 6.45, 6.5],
			"to": [6.5, 6.95, 7.5],
			"faces": {
				"west": {"uv": [1.016, 15.5, 1.984, 15.984], "texture": "#3"},
				"up": {"uv": [1.5, 15.5, 1.984, 15.984], "rotation": 270, "texture": "#3"},
				"down": {"uv": [5.5, 15.5, 5.984, 15.984], "rotation": 90, "texture": "#3"}
			}
		},
		{
			"from": [6.5, 6.45, 6],
			"to": [8.5, 6.95, 6.5],
			"faces": {
				"north": {"uv": [1.016, 15.5, 2.984, 15.984], "texture": "#3"},
				"up": {"uv": [1.5, 15.5, 3.5, 15.984], "texture": "#3"},
				"down": {"uv": [2.016, 15.5, 3.984, 15.984], "rotation": 180, "texture": "#3"}
			}
		},
		{
			"from": [9.5, 6.45, 7.5],
			"to": [10, 6.95, 9.5],
			"faces": {
				"east": {"uv": [1.5, 15.5, 3.5, 15.984], "texture": "#3"},
				"up": {"uv": [2.016, 15.5, 3.984, 15.984], "rotation": 270, "texture": "#3"},
				"down": {"uv": [2.5, 15.5, 4.5, 15.984], "rotation": 270, "texture": "#3"}
			}
		},
		{
			"from": [9.14645, 9.75, 9.5],
			"to": [9.85355, 10.25, 9.85355],
			"rotation": {"angle": 45, "axis": "y", "origin": [9.5, 10.25, 9.5]},
			"faces": {
				"south": {"uv": [0.5, 15.5, 0.984, 15.984], "texture": "#3"},
				"up": {"uv": [2.016, 15.5, 2.5, 15.984], "rotation": 270, "texture": "#3"},
				"down": {"uv": [1.016, 15.5, 1.5, 15.984], "rotation": 180, "texture": "#3"}
			}
		},
		{
			"from": [8.20711, 9.75, 6.70711],
			"to": [10.32843, 10.25, 7.20711],
			"rotation": {"angle": -45, "axis": "y", "origin": [9.20711, 10.25, 6.70711]},
			"faces": {
				"north": {"uv": [1.016, 15.5, 2.984, 15.984], "texture": "#3"},
				"up": {"uv": [1.5, 15.5, 3.5, 15.984], "rotation": 180, "texture": "#3"},
				"down": {"uv": [1.5, 15.5, 3.5, 15.984], "rotation": 180, "texture": "#3"}
			}
		},
		{
			"from": [6, 9.75, 6.5],
			"to": [6.70711, 10.25, 7],
			"rotation": {"angle": 45, "axis": "y", "origin": [6, 10.25, 6.5]},
			"faces": {
				"north": {"uv": [5.5, 15.5, 5.984, 15.984], "texture": "#3"},
				"up": {"uv": [5.5, 15.5, 5.984, 15.984], "rotation": 180, "texture": "#3"},
				"down": {"uv": [5.5, 15.5, 5.984, 15.984], "rotation": 180, "texture": "#3"}
			}
		},
		{
			"from": [5.46447, 9.75, 9.29289],
			"to": [9, 10.25, 9.79289],
			"rotation": {"angle": -45, "axis": "y", "origin": [8.5, 10.25, 9.29289]},
			"faces": {
				"south": {"uv": [1.5, 15.5, 4.984, 15.984], "texture": "#3"},
				"up": {"uv": [1.5, 15.5, 4.984, 15.984], "rotation": 180, "texture": "#3"},
				"down": {"uv": [1.5, 15.5, 4.984, 15.984], "rotation": 180, "texture": "#3"}
			}
		},
		{
			"from": [8.5, 9.75, 9.5],
			"to": [9.5, 10.25, 10],
			"faces": {
				"south": {"uv": [1.5, 15.5, 2.5, 15.984], "rotation": 180, "texture": "#3"},
				"up": {"uv": [1.5, 15.5, 2.5, 15.984], "texture": "#3"},
				"down": {"uv": [2.016, 15.5, 2.984, 15.984], "rotation": 180, "texture": "#3"}
			}
		},
		{
			"from": [6, 9.75, 6.5],
			"to": [6.5, 10.25, 7.5],
			"faces": {
				"west": {"uv": [1.016, 15.5, 1.984, 15.984], "texture": "#3"},
				"up": {"uv": [1.5, 15.5, 1.984, 15.984], "rotation": 270, "texture": "#3"},
				"down": {"uv": [5.5, 15.5, 5.984, 15.984], "rotation": 90, "texture": "#3"}
			}
		},
		{
			"from": [6.5, 9.75, 6],
			"to": [8.5, 10.25, 6.5],
			"faces": {
				"north": {"uv": [1.016, 15.5, 2.984, 15.984], "texture": "#3"},
				"up": {"uv": [1.5, 15.5, 3.5, 15.984], "texture": "#3"},
				"down": {"uv": [2.016, 15.5, 3.984, 15.984], "rotation": 180, "texture": "#3"}
			}
		},
		{
			"from": [9.5, 9.75, 7.5],
			"to": [10, 10.25, 9.5],
			"faces": {
				"east": {"uv": [1.5, 15.5, 3.5, 15.984], "texture": "#3"},
				"up": {"uv": [2.016, 15.5, 3.984, 15.984], "rotation": 270, "texture": "#3"},
				"down": {"uv": [2.5, 15.5, 4.5, 15.984], "rotation": 270, "texture": "#3"}
			}
		},
		{
			"from": [9.14645, 12.95, 9.5],
			"to": [9.85355, 13.45, 9.85355],
			"rotation": {"angle": 45, "axis": "y", "origin": [9.5, 13.45, 9.5]},
			"faces": {
				"south": {"uv": [0.5, 15.5, 0.984, 15.984], "texture": "#3"},
				"up": {"uv": [2.016, 15.5, 2.5, 15.984], "rotation": 270, "texture": "#3"},
				"down": {"uv": [1.016, 15.5, 1.5, 15.984], "rotation": 180, "texture": "#3"}
			}
		},
		{
			"from": [8.20711, 12.95, 6.70711],
			"to": [10.32843, 13.45, 7.20711],
			"rotation": {"angle": -45, "axis": "y", "origin": [9.20711, 13.45, 6.70711]},
			"faces": {
				"north": {"uv": [1.016, 15.5, 2.984, 15.984], "texture": "#3"},
				"up": {"uv": [1.5, 15.5, 3.5, 15.984], "rotation": 180, "texture": "#3"},
				"down": {"uv": [1.5, 15.5, 3.5, 15.984], "rotation": 180, "texture": "#3"}
			}
		},
		{
			"from": [6, 12.95, 6.5],
			"to": [6.70711, 13.45, 7],
			"rotation": {"angle": 45, "axis": "y", "origin": [6, 13.45, 6.5]},
			"faces": {
				"north": {"uv": [5.5, 15.5, 5.984, 15.984], "texture": "#3"},
				"up": {"uv": [5.5, 15.5, 5.984, 15.984], "rotation": 180, "texture": "#3"},
				"down": {"uv": [5.5, 15.5, 5.984, 15.984], "rotation": 180, "texture": "#3"}
			}
		},
		{
			"from": [5.46447, 12.95, 9.29289],
			"to": [9, 13.45, 9.79289],
			"rotation": {"angle": -45, "axis": "y", "origin": [8.5, 13.45, 9.29289]},
			"faces": {
				"south": {"uv": [1.5, 15.5, 4.984, 15.984], "texture": "#3"},
				"up": {"uv": [1.5, 15.5, 4.984, 15.984], "rotation": 180, "texture": "#3"},
				"down": {"uv": [1.5, 15.5, 4.984, 15.984], "rotation": 180, "texture": "#3"}
			}
		},
		{
			"from": [8.5, 12.95, 9.5],
			"to": [9.5, 13.45, 10],
			"faces": {
				"south": {"uv": [1.5, 15.5, 2.5, 15.984], "rotation": 180, "texture": "#3"},
				"up": {"uv": [1.5, 15.5, 2.5, 15.984], "texture": "#3"},
				"down": {"uv": [2.016, 15.5, 2.984, 15.984], "rotation": 180, "texture": "#3"}
			}
		},
		{
			"from": [6, 12.95, 6.5],
			"to": [6.5, 13.45, 7.5],
			"faces": {
				"west": {"uv": [1.016, 15.5, 1.984, 15.984], "texture": "#3"},
				"up": {"uv": [1.5, 15.5, 1.984, 15.984], "rotation": 270, "texture": "#3"},
				"down": {"uv": [5.5, 15.5, 5.984, 15.984], "rotation": 90, "texture": "#3"}
			}
		},
		{
			"from": [6.5, 12.95, 6],
			"to": [8.5, 13.45, 6.5],
			"faces": {
				"north": {"uv": [1.016, 15.5, 2.984, 15.984], "texture": "#3"},
				"up": {"uv": [1.5, 15.5, 3.5, 15.984], "texture": "#3"},
				"down": {"uv": [2.016, 15.5, 3.984, 15.984], "rotation": 180, "texture": "#3"}
			}
		},
		{
			"from": [9.5, 12.95, 7.5],
			"to": [10, 13.45, 9.5],
			"faces": {
				"east": {"uv": [1.5, 15.5, 3.5, 15.984], "texture": "#3"},
				"up": {"uv": [2.016, 15.5, 3.984, 15.984], "rotation": 270, "texture": "#3"},
				"down": {"uv": [2.5, 15.5, 4.5, 15.984], "rotation": 270, "texture": "#3"}
			}
		}
	]
}