{
	"credit": "Made with Blockbench",
	"textures": {
		"0": "block/crimson_trapdoor_top_1",
		"1": "block/crimson_trapdoor_side_1",
		"particle": "block/crimson_trapdoor_top_1"
	},
	"elements": [
		{
			"from": [0, 13, 0],
			"to": [16, 16, 1.5],
			"faces": {
				"north": {"uv": [0, 0, 3, 16], "rotation": 270, "texture": "#1"},
				"east": {"uv": [0, 0, 3, 1.5], "rotation": 90, "texture": "#1"},
				"south": {"uv": [0, 0, 3, 16], "rotation": 90, "texture": "#1"},
				"west": {"uv": [0, 0, 3, 1.5], "rotation": 270, "texture": "#1"},
				"up": {"uv": [0, 0, 16, 1.5], "texture": "#0"},
				"down": {"uv": [0, 1.5, 16, 0], "texture": "#0"}
			}
		},
		{
			"from": [0, 13, 14.5],
			"to": [16, 16, 16],
			"faces": {
				"north": {"uv": [0, 0, 3, 16], "rotation": 270, "texture": "#1"},
				"east": {"uv": [0, 16, 3, 14.5], "rotation": 270, "texture": "#1"},
				"south": {"uv": [0, 0, 3, 16], "rotation": 90, "texture": "#1"},
				"west": {"uv": [0, 14.5, 3, 16], "rotation": 270, "texture": "#1"},
				"up": {"uv": [0, 14.5, 16, 16], "texture": "#0"},
				"down": {"uv": [0, 16, 16, 14.5], "texture": "#0"}
			}
		},
		{
			"from": [0, 13, 1.5],
			"to": [1.5, 16, 14.5],
			"faces": {
				"east": {"uv": [0, 1.5, 3, 14.5], "rotation": 270, "texture": "#1"},
				"west": {"uv": [0, 1.5, 3, 14.5], "rotation": 270, "texture": "#1"},
				"up": {"uv": [0, 1.5, 1.5, 14.5], "texture": "#0"},
				"down": {"uv": [14.5, 1.5, 16, 14.5], "texture": "#0"}
			}
		},
		{
			"from": [14.5, 13, 1.5],
			"to": [16, 16, 14.5],
			"faces": {
				"east": {"uv": [0, 1.5, 3, 14.5], "rotation": 270, "texture": "#1"},
				"west": {"uv": [0, 1.5, 3, 14.5], "rotation": 270, "texture": "#1"},
				"up": {"uv": [14.5, 1.5, 16, 14.5], "texture": "#0"},
				"down": {"uv": [0, 1.5, 1.5, 14.5], "texture": "#0"}
			}
		},
		{
			"from": [1.5, 14, 1.5],
			"to": [2, 15, 14.5],
			"faces": {
				"east": {"uv": [3.5, 1.5, 4.5, 14.5], "rotation": 270, "texture": "#1"},
				"up": {"uv": [1.5, 1.5, 2, 14.5], "texture": "#0"},
				"down": {"uv": [14, 1.5, 14.5, 14.5], "texture": "#0"}
			}
		},
		{
			"from": [2, 14, 14],
			"to": [14, 15, 14.5],
			"faces": {
				"north": {"uv": [3.5, 1, 4.5, 13], "rotation": 90, "texture": "#1"},
				"up": {"uv": [2, 14, 14, 14.5], "rotation": 180, "texture": "#0"},
				"down": {"uv": [2, 14, 14, 14.5], "texture": "#0"}
			}
		},
		{
			"from": [2, 14, 1.5],
			"to": [14, 15, 2],
			"faces": {
				"south": {"uv": [3.5, 1.5, 4.5, 13.5], "rotation": 90, "texture": "#1"},
				"up": {"uv": [2, 1.5, 14, 2], "rotation": 180, "texture": "#0"},
				"down": {"uv": [2, 1.5, 14, 2], "texture": "#0"}
			}
		},
		{
			"from": [14, 14, 1.5],
			"to": [14.5, 15, 14.5],
			"faces": {
				"west": {"uv": [3.5, 1.5, 4.5, 14.5], "rotation": 270, "texture": "#1"},
				"up": {"uv": [14, 1.5, 14.5, 14.5], "texture": "#0"},
				"down": {"uv": [1.5, 1.5, 2, 14.5], "texture": "#0"}
			}
		},
		{
			"from": [2, 14.25, 9],
			"to": [6, 14.75, 9.5],
			"faces": {
				"north": {"uv": [2, 9, 6, 9.5], "rotation": 180, "texture": "#0"},
				"south": {"uv": [2, 9, 6, 9.5], "texture": "#0"},
				"up": {"uv": [2, 9, 6, 9.5], "texture": "#0"},
				"down": {"uv": [10, 9, 14, 9.5], "texture": "#0"}
			}
		},
		{
			"from": [2, 14.25, 6.5],
			"to": [6, 14.75, 7],
			"faces": {
				"north": {"uv": [2, 6.5, 6, 7], "rotation": 180, "texture": "#0"},
				"south": {"uv": [2, 6.5, 6, 7], "texture": "#0"},
				"up": {"uv": [2, 6.5, 6, 7], "texture": "#0"},
				"down": {"uv": [10, 6.5, 14, 7], "texture": "#0"}
			}
		},
		{
			"from": [10, 14.25, 9],
			"to": [14, 14.75, 9.5],
			"faces": {
				"north": {"uv": [10, 9, 14, 9.5], "rotation": 180, "texture": "#0"},
				"south": {"uv": [10, 9, 14, 9.5], "texture": "#0"},
				"up": {"uv": [10, 9, 14, 9.5], "texture": "#0"},
				"down": {"uv": [2, 9, 6, 9.5], "texture": "#0"}
			}
		},
		{
			"from": [6.5, 14.25, 9.5],
			"to": [9.5, 14.75, 10],
			"faces": {
				"north": {"uv": [6.5, 9.5, 9.5, 10], "rotation": 180, "texture": "#0"},
				"south": {"uv": [6.5, 9.5, 9.5, 10], "texture": "#0"},
				"up": {"uv": [6.5, 9.5, 9.5, 10], "texture": "#0"},
				"down": {"uv": [6.5, 9.5, 9.5, 10], "texture": "#0"}
			}
		},
		{
			"from": [6.5, 14.25, 6],
			"to": [9.5, 14.75, 6.5],
			"faces": {
				"north": {"uv": [6.5, 6, 9.5, 6.5], "rotation": 180, "texture": "#0"},
				"south": {"uv": [6.5, 6, 9.5, 6.5], "texture": "#0"},
				"up": {"uv": [6.5, 6, 9.5, 6.5], "texture": "#0"},
				"down": {"uv": [6.5, 6, 9.5, 6.5], "texture": "#0"}
			}
		},
		{
			"from": [10, 14.25, 6.5],
			"to": [14, 14.75, 7],
			"faces": {
				"north": {"uv": [10, 6.5, 14, 7], "rotation": 180, "texture": "#0"},
				"south": {"uv": [10, 6.5, 14, 7], "texture": "#0"},
				"up": {"uv": [10, 6.5, 14, 7], "texture": "#0"},
				"down": {"uv": [2, 6.5, 6, 7], "texture": "#0"}
			}
		},
		{
			"from": [6.5, 14.25, 10],
			"to": [7, 14.75, 14],
			"faces": {
				"east": {"uv": [14.5, 10, 15, 14], "rotation": 90, "texture": "#1"},
				"west": {"uv": [5, 10, 5.5, 14], "rotation": 270, "texture": "#1"},
				"up": {"uv": [6.5, 10, 7, 14], "texture": "#0"},
				"down": {"uv": [9, 10, 9.5, 14], "texture": "#0"}
			}
		},
		{
			"from": [6.5, 14.25, 2],
			"to": [7, 14.75, 6],
			"faces": {
				"east": {"uv": [14.5, 2, 15, 6], "rotation": 90, "texture": "#1"},
				"west": {"uv": [5, 2, 5.5, 6], "rotation": 270, "texture": "#1"},
				"up": {"uv": [6.5, 2, 7, 6], "texture": "#0"},
				"down": {"uv": [9, 2, 9.5, 6], "texture": "#0"}
			}
		},
		{
			"from": [9, 14.25, 10],
			"to": [9.5, 14.75, 14],
			"faces": {
				"east": {"uv": [14.5, 10, 15, 14], "rotation": 90, "texture": "#1"},
				"west": {"uv": [5, 10, 5.5, 14], "rotation": 270, "texture": "#1"},
				"up": {"uv": [9, 10, 9.5, 14], "texture": "#0"},
				"down": {"uv": [6.5, 10, 7, 14], "texture": "#0"}
			}
		},
		{
			"from": [9.5, 14.25, 6],
			"to": [10, 14.75, 10],
			"faces": {
				"north": {"uv": [9.5, 6, 10, 6.5], "rotation": 180, "texture": "#0"},
				"east": {"uv": [14.5, 6, 15, 10], "rotation": 90, "texture": "#1"},
				"south": {"uv": [9.5, 9.5, 10, 10], "texture": "#0"},
				"west": {"uv": [5, 6, 5.5, 10], "rotation": 270, "texture": "#1"},
				"up": {"uv": [9.5, 6, 10, 10], "texture": "#0"},
				"down": {"uv": [6, 6, 6.5, 10], "texture": "#0"}
			}
		},
		{
			"from": [6, 14.25, 6],
			"to": [6.5, 14.75, 10],
			"faces": {
				"north": {"uv": [6, 6, 6.5, 6.5], "rotation": 180, "texture": "#0"},
				"east": {"uv": [14.5, 6, 15, 10], "rotation": 90, "texture": "#1"},
				"south": {"uv": [6, 9.5, 6.5, 10], "texture": "#0"},
				"west": {"uv": [5, 6, 5.5, 10], "rotation": 270, "texture": "#1"},
				"up": {"uv": [6, 6, 6.5, 10], "texture": "#0"},
				"down": {"uv": [9.5, 6, 10, 10], "texture": "#0"}
			}
		},
		{
			"from": [9, 14.25, 2],
			"to": [9.5, 14.75, 6],
			"faces": {
				"east": {"uv": [14.5, 2, 15, 6], "rotation": 90, "texture": "#1"},
				"west": {"uv": [5, 2, 5.5, 6], "rotation": 270, "texture": "#1"},
				"up": {"uv": [9, 2, 9.5, 6], "texture": "#0"},
				"down": {"uv": [6.5, 2, 7, 6], "texture": "#0"}
			}
		},
		{
			"from": [3.5, 14.25, 9.5],
			"to": [4, 14.75, 12],
			"faces": {
				"east": {"uv": [14.5, 9.5, 15, 12], "rotation": 90, "texture": "#1"},
				"west": {"uv": [5, 9, 5.5, 9.5], "rotation": 270, "texture": "#1"},
				"up": {"uv": [3.5, 9.5, 4, 12], "texture": "#0"},
				"down": {"uv": [12, 9.5, 12.5, 12], "texture": "#0"}
			}
		},
		{
			"from": [3.5, 14.25, 4],
			"to": [4, 14.75, 6.5],
			"faces": {
				"east": {"uv": [14.5, 4, 15, 6.5], "rotation": 90, "texture": "#1"},
				"west": {"uv": [5, 4, 5.5, 6.5], "rotation": 270, "texture": "#1"},
				"up": {"uv": [3.5, 4, 4, 6.5], "texture": "#0"},
				"down": {"uv": [12, 4, 12.5, 6.5], "texture": "#0"}
			}
		},
		{
			"from": [12, 14.25, 9.5],
			"to": [12.5, 14.75, 12],
			"faces": {
				"east": {"uv": [14.5, 9.5, 15, 12], "rotation": 90, "texture": "#1"},
				"west": {"uv": [5, 9.5, 5.5, 12], "rotation": 270, "texture": "#1"},
				"up": {"uv": [12, 9.5, 12.5, 12], "texture": "#0"},
				"down": {"uv": [3.5, 9.5, 4, 12], "texture": "#0"}
			}
		},
		{
			"from": [12, 14.25, 4],
			"to": [12.5, 14.75, 6.5],
			"faces": {
				"east": {"uv": [14.5, 4, 15, 6.5], "rotation": 90, "texture": "#1"},
				"west": {"uv": [5, 4, 5.5, 6.5], "rotation": 270, "texture": "#1"},
				"up": {"uv": [12, 4, 12.5, 6.5], "texture": "#0"},
				"down": {"uv": [3.5, 4, 4, 6.5], "texture": "#0"}
			}
		},
		{
			"from": [3.5, 14.25, 12],
			"to": [6.5, 14.75, 12.5],
			"faces": {
				"north": {"uv": [3.5, 12, 6.5, 12.5], "rotation": 180, "texture": "#0"},
				"south": {"uv": [3.5, 12, 6.5, 12.5], "texture": "#0"},
				"up": {"uv": [3.5, 12, 6.5, 12.5], "texture": "#0"},
				"down": {"uv": [9.5, 12, 12.5, 12.5], "texture": "#0"}
			}
		},
		{
			"from": [3.5, 14.25, 3.5],
			"to": [6.5, 14.75, 4],
			"faces": {
				"north": {"uv": [3.5, 3.5, 6.5, 4], "rotation": 180, "texture": "#0"},
				"south": {"uv": [3.5, 3.5, 6.5, 4], "texture": "#0"},
				"up": {"uv": [3.5, 3.5, 6.5, 4], "texture": "#0"},
				"down": {"uv": [9.5, 3.5, 12.5, 4], "texture": "#0"}
			}
		},
		{
			"from": [9.5, 14.25, 12],
			"to": [12.5, 14.75, 12.5],
			"faces": {
				"north": {"uv": [9.5, 12, 12.5, 12.5], "rotation": 180, "texture": "#0"},
				"south": {"uv": [9.5, 12, 12.5, 12.5], "texture": "#0"},
				"up": {"uv": [9.5, 12, 12.5, 12.5], "texture": "#0"},
				"down": {"uv": [3.5, 12, 6.5, 12.5], "texture": "#0"}
			}
		},
		{
			"from": [7, 14.25, 13],
			"to": [9, 14.75, 13.5],
			"faces": {
				"north": {"uv": [7, 13, 9, 13.5], "rotation": 180, "texture": "#0"},
				"south": {"uv": [7, 13, 9, 13.5], "texture": "#0"},
				"up": {"uv": [7, 13, 9, 13.5], "texture": "#0"},
				"down": {"uv": [7, 13, 9, 13.5], "texture": "#0"}
			}
		},
		{
			"from": [12.5, 14.25, 2],
			"to": [13, 14.75, 4],
			"faces": {
				"east": {"uv": [14.5, 2, 15, 4], "rotation": 90, "texture": "#1"},
				"south": {"uv": [12.5, 3.5, 13, 4], "texture": "#0"},
				"west": {"uv": [5, 2, 5.5, 4], "rotation": 180, "texture": "#1"},
				"up": {"uv": [12.5, 2, 13, 4], "rotation": 180, "texture": "#0"},
				"down": {"uv": [3, 2, 3.5, 4], "texture": "#0"}
			}
		},
		{
			"from": [7, 14.25, 4.5],
			"to": [9, 14.75, 5],
			"faces": {
				"north": {"uv": [7, 4.5, 9, 5], "rotation": 180, "texture": "#0"},
				"south": {"uv": [7, 4.5, 9, 5], "texture": "#0"},
				"up": {"uv": [7, 4.5, 9, 5], "texture": "#0"},
				"down": {"uv": [7, 4.5, 9, 5], "texture": "#0"}
			}
		},
		{
			"from": [3, 14.25, 12],
			"to": [3.5, 14.75, 14],
			"faces": {
				"north": {"uv": [3, 12, 3.5, 12.5], "rotation": 180, "texture": "#0"},
				"east": {"uv": [14.5, 12, 15, 14], "rotation": 90, "texture": "#1"},
				"west": {"uv": [5, 12, 5.5, 14], "rotation": 90, "texture": "#1"},
				"up": {"uv": [3, 12, 3.5, 14], "rotation": 270, "texture": "#0"},
				"down": {"uv": [12.5, 12, 13, 14], "texture": "#0"}
			}
		},
		{
			"from": [7, 14.25, 11],
			"to": [9, 14.75, 11.5],
			"faces": {
				"north": {"uv": [7, 11, 9, 11.5], "rotation": 180, "texture": "#0"},
				"south": {"uv": [7, 14.25, 9, 14.75], "texture": "#0"},
				"up": {"uv": [7, 11, 9, 11.5], "texture": "#0"},
				"down": {"uv": [7, 11, 9, 11.5], "texture": "#0"}
			}
		},
		{
			"from": [12.5, 14.25, 12],
			"to": [13, 14.75, 14],
			"faces": {
				"north": {"uv": [12.5, 12, 13, 12.5], "rotation": 180, "texture": "#0"},
				"east": {"uv": [14.5, 12, 15, 14], "rotation": 90, "texture": "#1"},
				"west": {"uv": [5, 12, 5.5, 14], "rotation": 270, "texture": "#1"},
				"up": {"uv": [12.5, 12, 13, 14], "rotation": 180, "texture": "#0"},
				"down": {"uv": [3, 12, 3.5, 14], "texture": "#0"}
			}
		},
		{
			"from": [7, 14.25, 2.5],
			"to": [9, 14.75, 3],
			"faces": {
				"north": {"uv": [7, 2.5, 9, 3], "rotation": 180, "texture": "#0"},
				"south": {"uv": [7, 2.5, 9, 3], "texture": "#0"},
				"up": {"uv": [7, 2.5, 9, 3], "texture": "#0"},
				"down": {"uv": [7, 2.5, 9, 3], "texture": "#0"}
			}
		},
		{
			"from": [3, 14.25, 2],
			"to": [3.5, 14.75, 4],
			"faces": {
				"east": {"uv": [14.5, 2, 15, 4], "rotation": 90, "texture": "#1"},
				"south": {"uv": [3, 3.5, 3.5, 4], "texture": "#0"},
				"west": {"uv": [5, 2, 5.5, 4], "rotation": 90, "texture": "#1"},
				"up": {"uv": [3, 2, 3.5, 4], "rotation": 180, "texture": "#0"},
				"down": {"uv": [12.5, 2, 13, 4], "texture": "#0"}
			}
		},
		{
			"from": [9.5, 14.25, 3.5],
			"to": [12.5, 14.75, 4],
			"faces": {
				"north": {"uv": [9.5, 3.5, 12.5, 4], "rotation": 180, "texture": "#0"},
				"south": {"uv": [9.5, 3.5, 12.5, 4], "texture": "#0"},
				"up": {"uv": [9.5, 3.5, 12.5, 4], "texture": "#0"},
				"down": {"uv": [3.5, 3.5, 6.5, 4], "texture": "#0"}
			}
		}
	]
}