{
	"credit": "Made with Blockbench, model by LTK1",
	"ambientocclusion": false,
	"textures": {
		"1": "blocks/fence02",
		"particle": "blocks/fence02"
	},
	"elements": [
		{
			"name": "cube",
			"from": [5.5, 4, 5.5],
			"to": [10.5, 6.5, 10.5],
			"faces": {
				"north": {
					"uv": [6.032, 8.032, 10.968, 10.468],
					"texture": "#1"
				},
				"east": {
					"uv": [6.032, 8.032, 10.968, 10.468],
					"texture": "#1"
				},
				"south": {
					"uv": [6.032, 8.032, 10.968, 10.468],
					"texture": "#1"
				},
				"west": {
					"uv": [6.032, 8.032, 10.968, 10.468],
					"texture": "#1"
				},
				"up": {
					"uv": [10.032, 8.032, 14.968, 12.968],
					"texture": "#1"
				},
				"down": {
					"uv": [10.032, 8.032, 14.968, 12.968],
					"texture": "#1"
				}
			},
			"type": "cube"
		},
		{
			"name": "cube",
			"from": [5.5, 9, 5.5],
			"to": [10.5, 11.5, 10.5],
			"faces": {
				"north": {
					"uv": [6.032, 8.032, 10.968, 10.468],
					"texture": "#1"
				},
				"east": {
					"uv": [6.032, 8.032, 10.968, 10.468],
					"texture": "#1"
				},
				"south": {
					"uv": [6.032, 8.032, 10.968, 10.468],
					"texture": "#1"
				},
				"west": {
					"uv": [6.032, 8.032, 10.968, 10.468],
					"texture": "#1"
				},
				"up": {
					"uv": [10.032, 8.032, 14.968, 12.968],
					"texture": "#1"
				},
				"down": {
					"uv": [10.032, 8.032, 14.968, 12.968],
					"texture": "#1"
				}
			},
			"type": "cube"
		}
	]
}