{
	"credit": "Made with Blockbench, model by LTK1",
	"textures": {"1": "blocks/fence02"},
	"elements": [
		{
			"name": "cube",
			"from": [6.99, 6.5, 2.5],
			"to": [8.97, 8.5, 7.5],
			"faces": {
				"north": {
					"uv": [6.532, 8.032, 8.40625, 9.968],
					"texture": "#1",
					"cullface": "north"
				},
				"east": {
					"uv": [8.532, 8.532, 13.46875, 10.468],
					"texture": "#1"
				},
				"south": {
					"uv": [5.532, 8.032, 7.480000114440918, 9.968],
					"texture": "#1"
				},
				"west": {
					"uv": [8.532, 8.032, 13.468, 9.968],
					"texture": "#1"
				},
				"up": {
					"uv": [11.532, 2.532, 13.480000114440918, 7.468],
					"texture": "#1"
				},
				"down": {
					"uv": [12.032, 1.532, 13.980000114440918, 6.468],
					"texture": "#1"
				}
			},
			"rotation": {
				"origin": [8, 5.5, 11.5],
				"axis": "x",
				"angle": -22.5
			},
			"type": "cube"
		},
		{
			"name": "cube",
			"from": [7, 3, 0],
			"to": [9, 5, 3],
			"faces": {
				"east": {
					"uv": [8.032, 8.032, 10.84375, 9.968],
					"texture": "#1"
				},
				"south": {
					"uv": [10.032, 8.032, 11.968, 9.968],
					"texture": "#1"
				},
				"west": {
					"uv": [6.032, 8.532, 8.84375, 10.468],
					"texture": "#1"
				},
				"up": {
					"uv": [12.032, 3.032, 13.968, 5.968],
					"texture": "#1"
				},
				"down": {
					"uv": [12.032, 3.032, 13.968, 5.968],
					"texture": "#1"
				}
			},
			"rotation": {
				"origin": [8, 2, 7.75],
				"axis": "x",
				"angle": 0
			},
			"type": "cube"
		},
		{
			"name": "cube",
			"from": [7, 8, 0],
			"to": [9, 10, 3],
			"faces": {
				"east": {
					"uv": [8.032, 8.032, 10.84375, 9.968],
					"texture": "#1"
				},
				"south": {
					"uv": [12.032, 2.032, 13.968, 3.968],
					"texture": "#1"
				},
				"west": {
					"uv": [6.032, 8.532, 8.84375, 10.468],
					"texture": "#1"
				},
				"up": {
					"uv": [12.032, 3.032, 13.968, 5.968],
					"texture": "#1"
				},
				"down": {
					"uv": [12.032, 3.032, 13.968, 5.968],
					"texture": "#1"
				}
			},
			"rotation": {
				"origin": [8, 7, 7.75],
				"axis": "x",
				"angle": 0
			},
			"type": "cube"
		},
		{
			"name": "cube",
			"from": [6.99, 11.5, 2.5],
			"to": [8.97, 13.5, 7.5],
			"faces": {
				"north": {
					"uv": [6.532, 8.032, 8.40625, 9.968],
					"texture": "#1",
					"cullface": "north"
				},
				"east": {
					"uv": [8.532, 8.532, 13.46875, 10.468],
					"texture": "#1"
				},
				"south": {
					"uv": [5.532, 8.032, 7.480000114440918, 9.968],
					"texture": "#1"
				},
				"west": {
					"uv": [8.532, 8.032, 13.468, 9.968],
					"texture": "#1"
				},
				"up": {
					"uv": [11.532, 2.532, 13.480000114440918, 7.468],
					"texture": "#1"
				},
				"down": {
					"uv": [12.032, 1.532, 13.980000114440918, 6.468],
					"texture": "#1"
				}
			},
			"rotation": {
				"origin": [8, 10.5, 11.5],
				"axis": "x",
				"angle": -22.5
			},
			"type": "cube"
		}
	]
}