{
	"credit": "Made with Blockbench, model by LTK1",
	"textures": {
		"1": "blocks/fence02",
		"particle": "blocks/fence02"
	},
	"elements": [
		{
			"name": "cube",
			"from": [6, 0, 6],
			"to": [10, 16, 10],
			"faces": {
				"north": {
					"uv": [0.032, 0.032, 3.968, 15.968],
					"texture": "#1"
				},
				"east": {
					"uv": [0.032, 0.032, 3.968, 15.968],
					"texture": "#1"
				},
				"south": {
					"uv": [0.032, 0.032, 3.968, 15.968],
					"texture": "#1"
				},
				"west": {
					"uv": [0.032, 0.032, 3.968, 15.968],
					"texture": "#1"
				},
				"up": {
					"uv": [5.032, 3.532, 8.968, 7.468],
					"texture": "#1",
					"cullface": "up",
					"rotation": 90
				},
				"down": {
					"uv": [5.032, 3.532, 8.968, 7.468],
					"texture": "#1",
					"cullface": "up",
					"rotation": 90
				}
			},
			"type": "cube"
		}
	]
}