{
	"credit": "Made with Blockbench, model by LTK1",
	"parent": "block/block",
	"ambientocclusion": false,
	"textures": {
		"1": "blocks/fence02",
		"particle": "blocks/fence02"
	},
	"elements": [
		{
			"name": "cube",
			"from": [14, 0, 6.99],
			"to": [16, 16, 9.01],
			"faces": {
				"north": {
					"uv": [0.532, 0.032, 2.468, 15.968],
					"texture": "#1"
				},
				"east": {
					"uv": [0.532, 0.032, 2.468, 15.968],
					"texture": "#1"
				},
				"south": {
					"uv": [0.532, 0.032, 2.468, 15.968],
					"texture": "#1"
				},
				"west": {
					"uv": [0.532, 0.032, 2.468, 15.968],
					"texture": "#1"
				},
				"up": {
					"uv": [2.032, 0.032, 3.968, 1.968],
					"texture": "#1",
					"cullface": "up",
					"rotation": 90
				},
				"down": {
					"uv": [2.032, 0.032, 3.968, 1.968],
					"texture": "#1",
					"cullface": "up",
					"rotation": 90
				}
			},
			"type": "cube"
		},
		{
			"name": "cube",
			"from": [0, 0, 7],
			"to": [2, 16, 9],
			"faces": {
				"north": {
					"uv": [0.532, 0.032, 2.468, 15.968],
					"texture": "#1"
				},
				"east": {
					"uv": [0.532, 0.032, 2.468, 15.968],
					"texture": "#1"
				},
				"south": {
					"uv": [0.532, 0.032, 2.468, 15.968],
					"texture": "#1"
				},
				"west": {
					"uv": [0.532, 0.032, 2.468, 15.968],
					"texture": "#1"
				},
				"up": {
					"uv": [2.032, 0.032, 3.968, 1.968],
					"texture": "#1",
					"cullface": "up",
					"rotation": 90
				},
				"down": {
					"uv": [2.032, 0.032, 3.968, 1.968],
					"texture": "#1",
					"cullface": "up",
					"rotation": 90
				}
			},
			"type": "cube"
		},
		{
			"name": "cube",
			"from": [13, 12, 7],
			"to": [15, 14, 9],
			"faces": {
				"north": {
					"uv": [7.032, 8.532, 8.968, 10.468],
					"texture": "#1"
				},
				"east": {
					"uv": [5.032, 8.032, 6.968, 9.968],
					"texture": "#1"
				},
				"south": {
					"uv": [11.532, 8.032, 13.468, 9.968],
					"texture": "#1"
				},
				"west": {
					"uv": [5.532, 8.032, 7.468, 9.968],
					"texture": "#1"
				},
				"up": {
					"uv": [7.032, 8.532, 8.968, 10.468],
					"texture": "#1"
				},
				"down": {
					"uv": [13.032, 8.032, 14.968, 9.968],
					"texture": "#1"
				}
			},
			"rotation": {
				"origin": [19.5, 11.5, 8],
				"axis": "z",
				"angle": 22.5
			},
			"type": "cube"
		},
		{
			"name": "cube",
			"from": [11.65, 6.25, 7.01],
			"to": [13.65, 11.25, 8.99],
			"faces": {
				"north": {
					"uv": [7.532, 8.532, 11.968, 10.468],
					"texture": "#1",
					"rotation": 90
				},
				"east": {
					"uv": [10.532, 8.032, 14.968, 9.968],
					"texture": "#1",
					"rotation": 270
				},
				"south": {
					"uv": [5.032, 8.532, 9.468, 10.468],
					"texture": "#1",
					"rotation": 270
				},
				"west": {
					"uv": [7.532, 8.532, 11.968, 10.468],
					"texture": "#1",
					"rotation": 270
				},
				"up": {
					"uv": [6.032, 8.032, 7.968, 9.968],
					"texture": "#1",
					"rotation": 270
				},
				"down": {
					"uv": [5.532, 8.032, 7.468, 9.968],
					"texture": "#1",
					"rotation": 270
				}
			},
			"rotation": {
				"origin": [12.65955321524187, 8.725211312044744, 8],
				"axis": "z",
				"angle": -22.5
			},
			"type": "cube"
		},
		{
			"name": "cube",
			"from": [11, 0, 7],
			"to": [13, 7, 9],
			"faces": {
				"north": {
					"uv": [4.532, 8.532, 11.468, 10.468],
					"texture": "#1",
					"rotation": 90
				},
				"east": {
					"uv": [7.032, 8.032, 13.968, 9.968],
					"texture": "#1",
					"rotation": 270
				},
				"south": {
					"uv": [5.532, 8.532, 12.468, 10.468],
					"texture": "#1",
					"rotation": 270
				},
				"west": {
					"uv": [8.032, 8.532, 14.968, 10.468],
					"texture": "#1",
					"rotation": 270
				},
				"up": {
					"uv": [5.532, 8.032, 7.468, 9.968],
					"texture": "#1",
					"rotation": 270
				},
				"down": {
					"uv": [6.032, 8.532, 7.968, 10.468],
					"texture": "#1",
					"rotation": 270
				}
			},
			"rotation": {
				"origin": [11, 3, 8],
				"axis": "x",
				"angle": 0
			},
			"type": "cube"
		}
	]
}