{
    "multipart": [
        {
            "apply": { "model": "block/bookshelf" }
        },
        {
            "apply": [
                {
                    "model": "block/books/0",
                    "weight": 1000
                },
                {
                    "model": "block/books/1",
                    "weight": 1001
                },
                {
                    "model": "block/books/2",
                    "weight": 1011
                }
            ]
        },
        {
            "apply": [
                {
                    "model": "block/books/side/0",
                    "weight": 1003
                },
                {
                    "model": "block/books/side/1",
                    "weight": 1004
                },
                {
                    "model": "block/books/side/2",
                    "weight": 1005
                }
            ]
        },
        {
            "apply": [
                {
                    "model": "block/books/0",
                    "y": 180,
                    "weight": 1006
                },
                {
                    "model": "block/books/1",
                    "y": 180,
                    "weight": 1007
                },
                {
                    "model": "block/books/2",
                    "y": 180,
                    "weight": 1008
                }
            ]
        },
        {
            "apply": [
                {
                    "model": "block/books/side/east/0",
                    "weight": 1009
                },
                {
                    "model": "block/books/side/east/1",
                    "weight": 1010
                },
                {
                    "model": "block/books/side/east/2",
                    "weight": 1011
                }
            ]
        }
    ]
}