{
	"credit": "Made with Blockbench, model by LTK1",
	"textures": {
		"0": "blocks/door_wooden_rim",
		"particle": "blocks/door_wood_upper"
	},
	"elements": [
		{
			"name": "Leftblock",
			"from": [0, 0, 10],
			"to": [3, 16, 16],
			"faces": {
				"north": {
					"uv": [3, 0, 0, 16],
					"texture": "#0",
					"cullface": "down"
				},
				"east": {
					"uv": [0, 0, 6, 16],
					"texture": "#particle",
					"cullface": "east"
				},
				"south": {
					"uv": [11.5, 0, 8.5, 16],
					"texture": "#0",
					"cullface": "down"
				},
				"west": {
					"uv": [6, 0, 0, 16],
					"texture": "#particle",
					"cullface": "west"
				},
				"up": {
					"uv": [16, 0, 13, 6],
					"texture": "#0",
					"cullface": "up",
					"rotation": 180
				}
			},
			"rotation": {
				"origin": [8, 8, 8],
				"axis": "y",
				"angle": 0
			},
			"type": "cube"
		},
		{
			"name": "Rightblock",
			"from": [0, 0, 0],
			"to": [3, 16, 6],
			"faces": {
				"north": {
					"uv": [11.5, 0, 8.5, 16],
					"texture": "#0",
					"cullface": "down"
				},
				"east": {
					"uv": [10, 0, 16, 16],
					"texture": "#particle",
					"cullface": "east"
				},
				"south": {
					"uv": [3, 0, 0, 16],
					"texture": "#0",
					"cullface": "down",
					"rotation": 180
				},
				"west": {
					"uv": [16, 0, 10, 16],
					"texture": "#particle",
					"cullface": "west"
				},
				"up": {
					"uv": [16, 10, 13, 16],
					"texture": "#0",
					"cullface": "up",
					"rotation": 180
				}
			},
			"type": "cube"
		},
		{
			"name": "Bottomblock",
			"from": [0, 0, 6],
			"to": [3, 1.5, 10],
			"faces": {
				"east": {
					"uv": [6, 14.5, 10, 16],
					"texture": "#particle",
					"cullface": "east"
				},
				"west": {
					"uv": [10.5, 14.5, 5.5, 16],
					"texture": "#particle",
					"cullface": "west"
				},
				"up": {
					"uv": [3, 4.5, 0, 10.5],
					"texture": "#0",
					"cullface": "down",
					"rotation": 180
				}
			},
			"rotation": {
				"origin": [8, 8, 4],
				"axis": "y",
				"angle": 0
			},
			"type": "cube"
		},
		{
			"name": "Win1",
			"from": [0, 8, 9.5],
			"to": [3, 11, 10],
			"faces": {
				"north": {"uv": [3, 0, 0, 3], "texture": "#0"},
				"east": {
					"uv": [6.5, 5, 6, 8],
					"texture": "#particle",
					"cullface": "east"
				},
				"west": {
					"uv": [6.5, 5, 6, 8],
					"texture": "#particle",
					"cullface": "west"
				},
				"down": {
					"uv": [3, 4, 0, 4.5],
					"texture": "#0",
					"rotation": 180
				}
			},
			"type": "cube"
		},
		{
			"name": "Win8",
			"from": [0, 8, 6],
			"to": [3, 11, 6.5],
			"faces": {
				"east": {
					"uv": [10, 5, 9.5, 8],
					"texture": "#particle",
					"cullface": "east"
				},
				"south": {
					"uv": [3, 2.5, 0, 3],
					"texture": "#0",
					"rotation": 180
				},
				"west": {
					"uv": [10, 5, 9.5, 8],
					"texture": "#particle",
					"cullface": "west"
				},
				"down": {
					"uv": [3, 1, 0, 1.5],
					"texture": "#0",
					"rotation": 180
				}
			},
			"type": "cube"
		},
		{
			"name": "Win7",
			"from": [0, 8.5, 6.5],
			"to": [3, 11, 7],
			"faces": {
				"east": {
					"uv": [9.5, 5, 9, 7.5],
					"texture": "#particle",
					"cullface": "east"
				},
				"south": {
					"uv": [3, 2, 0, 2.5],
					"texture": "#0",
					"rotation": 180
				},
				"west": {
					"uv": [9.5, 5, 9, 7.5],
					"texture": "#particle",
					"cullface": "west"
				},
				"down": {
					"uv": [3, 2, 0, 2.5],
					"texture": "#0",
					"rotation": 180
				}
			},
			"type": "cube"
		},
		{
			"name": "Win6",
			"from": [0, 9, 7],
			"to": [3, 11, 7.5],
			"faces": {
				"east": {
					"uv": [9, 5, 8.5, 7],
					"texture": "#particle",
					"cullface": "east"
				},
				"south": {
					"uv": [3, 1.5, 0, 2],
					"texture": "#0",
					"rotation": 180
				},
				"west": {
					"uv": [9, 5, 8.5, 7],
					"texture": "#particle",
					"cullface": "west"
				},
				"down": {
					"uv": [3, 2.5, 0, 3],
					"texture": "#0",
					"rotation": 180
				}
			},
			"type": "cube"
		},
		{
			"name": "Win5",
			"from": [0, 9.5, 7.5],
			"to": [3, 11, 8],
			"faces": {
				"east": {
					"uv": [8.5, 5, 8, 6.5],
					"texture": "#particle",
					"cullface": "east"
				},
				"west": {
					"uv": [8.5, 5, 8, 6.5],
					"texture": "#particle",
					"cullface": "west"
				},
				"down": {
					"uv": [3, 3, 0, 3.5],
					"texture": "#0",
					"rotation": 180
				}
			},
			"type": "cube"
		},
		{
			"name": "Win4",
			"from": [0, 9.5, 8],
			"to": [3, 11, 8.5],
			"faces": {
				"east": {
					"uv": [8, 5, 7.5, 6.5],
					"texture": "#particle",
					"cullface": "east"
				},
				"west": {
					"uv": [8, 5, 7.5, 6.5],
					"texture": "#particle",
					"cullface": "west"
				},
				"down": {
					"uv": [3, 3, 0, 3.5],
					"texture": "#0",
					"rotation": 180
				}
			},
			"type": "cube"
		},
		{
			"name": "Win3",
			"from": [0, 9, 8.5],
			"to": [3, 11, 9],
			"faces": {
				"north": {"uv": [3, 1.5, 0, 2], "texture": "#0"},
				"east": {
					"uv": [7.5, 5, 7, 7],
					"texture": "#particle",
					"cullface": "east"
				},
				"west": {
					"uv": [7.5, 5, 7, 7],
					"texture": "#particle",
					"cullface": "west"
				},
				"down": {
					"uv": [3, 3, 0, 3.5],
					"texture": "#0",
					"rotation": 180
				}
			},
			"type": "cube"
		},
		{
			"name": "Win2",
			"from": [0, 8.5, 9],
			"to": [3, 11, 9.5],
			"faces": {
				"north": {"uv": [3, 0, 0, 2.5], "texture": "#0"},
				"east": {
					"uv": [7, 5, 6.5, 7.5],
					"texture": "#particle",
					"cullface": "east"
				},
				"west": {
					"uv": [7, 5, 6.5, 7.5],
					"texture": "#particle",
					"cullface": "west"
				},
				"down": {
					"uv": [3, 4, 0, 4.5],
					"texture": "#0",
					"rotation": 180
				}
			},
			"type": "cube"
		},
		{
			"name": "Topblock",
			"from": [0, 11, 6],
			"to": [3, 16, 10],
			"faces": {
				"east": {
					"uv": [6, 0, 10, 5],
					"texture": "#particle",
					"cullface": "east"
				},
				"west": {
					"uv": [10, 0, 6, 5],
					"texture": "#particle",
					"cullface": "west"
				},
				"up": {
					"uv": [16, 5.5, 13, 9.5],
					"texture": "#0",
					"cullface": "up",
					"rotation": 180
				}
			},
			"type": "cube"
		}
	]
}