{
	"parent": "block/block",
	"textures": {
		"bookshelf": "block/bookshelf/bookshelf",
		"paper": "block/bookshelf/books/paper",
		"books": "block/bookshelf/books/books",
		"books1": "block/bookshelf/books/books_1"
	},
	"elements": [
		{
			"name": "North",
			"from": [0.02497, 7.5, 0.02497],
			"to": [16.02497, 8.5, 0.02497],
			"faces": {
				"north": {"uv": [8, 11.75, 16, 12.25], "texture": "#bookshelf", "cullface": "north"},
				"east": {"uv": [0, 0, 0, 1], "texture": "#missing"},
				"west": {"uv": [0, 0, 0, 1], "texture": "#missing"}
			}
		},
		{
			"name": "South",
			"from": [0.02497, 7.5, 15.97503],
			"to": [16.02497, 8.5, 15.97503],
			"faces": {
				"east": {"uv": [0, 0, 0, 1], "texture": "#missing"},
				"south": {"uv": [8, 11.75, 16, 12.25], "texture": "#bookshelf", "cullface": "south"},
				"west": {"uv": [0, 0, 0, 1], "texture": "#missing"}
			}
		},
		{
			"name": "East",
			"from": [15.97503, 7.5, 0.02497],
			"to": [15.97503, 8.5, 16.02497],
			"faces": {
				"north": {"uv": [0, 0, 0, 1], "texture": "#missing"},
				"east": {"uv": [8, 11.75, 16, 12.25], "texture": "#bookshelf", "cullface": "east"},
				"south": {"uv": [0, 0, 0, 1], "texture": "#missing"}
			}
		},
		{
			"name": "West",
			"from": [0.02497, 7.5, 0.02497],
			"to": [0.02497, 8.5, 16.02497],
			"faces": {
				"north": {"uv": [0, 0, 0, 1], "texture": "#missing"},
				"south": {"uv": [0, 0, 0, 1], "texture": "#missing"},
				"west": {"uv": [8, 11.75, 16, 12.25], "texture": "#bookshelf", "cullface": "west"}
			}
		},
		{
			"name": "NorthLeft",
			"from": [14, 0.025, 0],
			"to": [16, 15.975, 2],
			"faces": {
				"north": {"uv": [0, 8, 1, 16], "texture": "#bookshelf", "cullface": "east"},
				"east": {"uv": [7, 8, 8, 16], "texture": "#bookshelf", "cullface": "north"},
				"south": {"uv": [15, 0, 16, 8], "texture": "#bookshelf", "cullface": "north"},
				"west": {"uv": [8, 0, 9, 8], "texture": "#bookshelf", "cullface": "east"}
			}
		},
		{
			"name": "EastLeftSmall",
			"from": [15.9999, 13, 2],
			"to": [15.9999, 13.5, 2.5],
			"faces": {
				"north": {"uv": [0, 0, 0, 0.5], "texture": "#missing", "cullface": "east"},
				"east": {"uv": [6.75, 9.25, 7, 9.5], "texture": "#bookshelf", "cullface": "north"},
				"south": {"uv": [0, 0, 0, 0.5], "texture": "#missing", "cullface": "north"},
				"west": {"uv": [2, 2.5, 2.5, 3], "texture": "#bookshelf", "cullface": "east"},
				"up": {"uv": [0, 0, 0, 0.5], "texture": "#missing", "cullface": "up"},
				"down": {"uv": [0, 0, 0, 0.5], "texture": "#missing"}
			}
		},
		{
			"name": "EastLeft",
			"from": [15.9999, 13.5, 2],
			"to": [15.9999, 14, 3],
			"faces": {
				"north": {"uv": [0, 0, 0, 0.5], "texture": "#missing", "cullface": "east"},
				"east": {"uv": [6.5, 9, 7, 9.25], "texture": "#bookshelf", "cullface": "north"},
				"south": {"uv": [0, 0, 0, 0.5], "texture": "#missing", "cullface": "north"},
				"west": {"uv": [2, 2, 3, 2.5], "texture": "#bookshelf", "cullface": "east"},
				"up": {"uv": [0, 0, 0, 1], "texture": "#missing", "cullface": "up"},
				"down": {"uv": [0, 0, 0, 1], "texture": "#missing"}
			}
		},
		{
			"name": "EastRightCorner",
			"from": [15, 14, 2],
			"to": [16, 16, 5],
			"faces": {
				"east": {"uv": [5.5, 8, 7, 9], "texture": "#bookshelf", "cullface": "north"}
			}
		},
		{
			"name": "NorthLeftSmall",
			"from": [13.5, 13, 0.0001],
			"to": [14, 13.5, 0.0001],
			"faces": {
				"north": {"uv": [1, 9.25, 1.25, 9.5], "texture": "#bookshelf", "cullface": "east"},
				"east": {"uv": [0, 0, 0, 0.5], "texture": "#missing", "cullface": "north"},
				"south": {"uv": [2.5, 2.5, 2, 3], "texture": "#bookshelf", "cullface": "north"},
				"west": {"uv": [0, 0, 0, 0.5], "texture": "#missing", "cullface": "east"},
				"up": {"uv": [0, 0, 1, 0], "texture": "#missing", "cullface": "up"},
				"down": {"uv": [0, 0, 1, 0], "texture": "#missing"}
			}
		},
		{
			"name": "NorthLeft",
			"from": [13, 13.5, 0.0001],
			"to": [14, 14, 0.0001],
			"faces": {
				"north": {"uv": [1, 9, 1.5, 9.25], "texture": "#bookshelf", "cullface": "east"},
				"east": {"uv": [0, 0, 0, 0.5], "texture": "#missing", "cullface": "north"},
				"south": {"uv": [3, 2, 2, 2.5], "texture": "#bookshelf", "cullface": "north"},
				"west": {"uv": [0, 0, 0, 0.5], "texture": "#missing", "cullface": "east"},
				"up": {"uv": [0, 0, 1, 0], "texture": "#missing", "cullface": "up"},
				"down": {"uv": [0, 0, 1, 0], "texture": "#missing"}
			}
		},
		{
			"name": "NorthLeftCorner",
			"from": [11, 13.95, 0.00005],
			"to": [14, 15.95, 1.00005],
			"faces": {
				"north": {"uv": [1, 8, 2.5, 9], "texture": "#bookshelf", "cullface": "east"}
			}
		},
		{
			"name": "NorthRight",
			"from": [0, 0.025, 0],
			"to": [2, 15.975, 2],
			"faces": {
				"north": {"uv": [7, 8, 8, 16], "texture": "#bookshelf", "cullface": "west"},
				"east": {"uv": [15, 0, 16, 8], "texture": "#bookshelf", "cullface": "west"},
				"south": {"uv": [8, 0, 9, 8], "texture": "#bookshelf", "cullface": "north"},
				"west": {"uv": [0, 8, 1, 16], "texture": "#bookshelf", "cullface": "north"}
			}
		},
		{
			"name": "WestLeftCorner",
			"from": [0.00005, 14, 2],
			"to": [1.00005, 16, 5],
			"faces": {
				"west": {"uv": [1, 8, 2.5, 9], "texture": "#bookshelf", "cullface": "north"}
			}
		},
		{
			"name": "WestLeftSmall",
			"from": [0.00005, 13, 2],
			"to": [0.00005, 13.5, 2.5],
			"faces": {
				"north": {"uv": [0, 0, 0, 0.5], "texture": "#missing", "cullface": "west"},
				"east": {"uv": [2, 2.5, 2.5, 3], "texture": "#bookshelf", "cullface": "west"},
				"south": {"uv": [0, 0, 0, 0.5], "texture": "#missing", "cullface": "north"},
				"west": {"uv": [1, 9.25, 1.25, 9.5], "texture": "#bookshelf", "cullface": "north"},
				"up": {"uv": [0, 0, 0, 0.5], "texture": "#missing"},
				"down": {"uv": [0, 0, 0, 0.5], "texture": "#missing"}
			}
		},
		{
			"name": "WestLeft",
			"from": [0.00005, 13.5, 2],
			"to": [0.00005, 14, 3],
			"faces": {
				"north": {"uv": [0, 0, 0, 0.5], "texture": "#missing", "cullface": "west"},
				"east": {"uv": [3, 2, 2, 2.5], "texture": "#bookshelf", "cullface": "west"},
				"south": {"uv": [0, 0, 0, 0.5], "texture": "#missing", "cullface": "north"},
				"west": {"uv": [1, 9, 1.5, 9.25], "texture": "#bookshelf", "cullface": "north"},
				"up": {"uv": [0, 0, 0, 1], "texture": "#missing"},
				"down": {"uv": [0, 0, 0, 1], "texture": "#missing"}
			}
		},
		{
			"name": "NorthRight",
			"from": [2, 13.5, 0.0001],
			"to": [3, 14, 0.0001],
			"faces": {
				"north": {"uv": [6.5, 9, 7, 9.25], "texture": "#bookshelf", "cullface": "west"},
				"east": {"uv": [0, 0, 0, 0.5], "texture": "#missing", "cullface": "west"},
				"south": {"uv": [14, 2, 13, 2.5], "texture": "#bookshelf", "cullface": "north"},
				"west": {"uv": [0, 0, 0, 0.5], "texture": "#missing", "cullface": "north"},
				"up": {"uv": [0, 0, 1, 0], "texture": "#missing"},
				"down": {"uv": [0, 0, 1, 0], "texture": "#missing"}
			}
		},
		{
			"name": "NorthRightSmall",
			"from": [2, 13, 0.0001],
			"to": [2.5, 13.5, 0.0001],
			"faces": {
				"north": {"uv": [6.75, 9.25, 7, 9.5], "texture": "#bookshelf", "cullface": "west"},
				"east": {"uv": [0, 0, 0, 0.5], "texture": "#missing", "cullface": "west"},
				"south": {"uv": [14, 2.5, 13.5, 3], "texture": "#bookshelf", "cullface": "north"},
				"west": {"uv": [0, 0, 0, 0.5], "texture": "#missing", "cullface": "north"},
				"up": {"uv": [0, 0, 1, 0], "texture": "#missing"},
				"down": {"uv": [0, 0, 1, 0], "texture": "#missing"}
			}
		},
		{
			"name": "NorthRightCorner",
			"from": [2, 14, 0.0001],
			"to": [5, 16, 1.0001],
			"faces": {
				"north": {"uv": [5.5, 8, 7, 9], "texture": "#bookshelf", "cullface": "west"}
			}
		},
		{
			"name": "SouthLeft",
			"from": [14, 0.025, 14],
			"to": [16, 15.975, 16],
			"faces": {
				"north": {"uv": [8, 0, 9, 8], "texture": "#bookshelf", "cullface": "south"},
				"east": {"uv": [0, 8, 1, 16], "texture": "#bookshelf", "cullface": "south"},
				"south": {"uv": [7, 8, 8, 16], "texture": "#bookshelf", "cullface": "east"},
				"west": {"uv": [15, 0, 16, 8], "texture": "#bookshelf", "cullface": "east"}
			}
		},
		{
			"name": "EastRight",
			"from": [15.9999, 13.5, 13],
			"to": [15.9999, 14, 14],
			"faces": {
				"north": {"uv": [0, 0, 0, 0.5], "texture": "#missing", "cullface": "south"},
				"east": {"uv": [1, 9, 1.5, 9.25], "texture": "#bookshelf", "cullface": "south"},
				"south": {"uv": [0, 0, 0, 0.5], "texture": "#missing", "cullface": "east"},
				"west": {"uv": [13, 2, 14, 2.5], "texture": "#bookshelf", "cullface": "east"},
				"up": {"uv": [0, 0, 0, 1], "texture": "#missing"},
				"down": {"uv": [0, 0, 0, 1], "texture": "#missing"}
			}
		},
		{
			"name": "EastRightSmall",
			"from": [15.9999, 13, 13.5],
			"to": [15.9999, 13.5, 14],
			"faces": {
				"north": {"uv": [0, 0, 0, 0.5], "texture": "#missing", "cullface": "south"},
				"east": {"uv": [1, 9.25, 1.25, 9.5], "texture": "#bookshelf", "cullface": "south"},
				"south": {"uv": [0, 0, 0, 0.5], "texture": "#missing", "cullface": "east"},
				"west": {"uv": [13.5, 2.5, 14, 3], "texture": "#bookshelf", "cullface": "east"},
				"up": {"uv": [0, 0, 0, 0.5], "texture": "#missing"},
				"down": {"uv": [0, 0, 0, 0.5], "texture": "#missing"}
			}
		},
		{
			"name": "SouthLeft",
			"from": [13, 13.5, 15.9999],
			"to": [14, 14, 15.9999],
			"faces": {
				"north": {"uv": [2, 2, 3, 2.5], "texture": "#bookshelf", "cullface": "south"},
				"east": {"uv": [0, 0, 0, 0.5], "texture": "#missing", "cullface": "south"},
				"south": {"uv": [6.5, 9, 7, 9.25], "texture": "#bookshelf", "cullface": "east"},
				"west": {"uv": [0, 0, 0, 0.5], "texture": "#missing", "cullface": "east"},
				"up": {"uv": [0, 0, 1, 0], "texture": "#missing"},
				"down": {"uv": [0, 0, 1, 0], "texture": "#missing"}
			}
		},
		{
			"name": "SouthLeftSmall",
			"from": [13.5, 13, 15.9999],
			"to": [14, 13.5, 15.9999],
			"faces": {
				"north": {"uv": [2, 2.5, 2.5, 3], "texture": "#bookshelf", "cullface": "south"},
				"east": {"uv": [0, 0, 0, 0.5], "texture": "#missing", "cullface": "south"},
				"south": {"uv": [6.75, 9.25, 7, 9.5], "texture": "#bookshelf", "cullface": "east"},
				"west": {"uv": [0, 0, 0, 0.5], "texture": "#missing", "cullface": "east"},
				"up": {"uv": [0, 0, 1, 0], "texture": "#missing"},
				"down": {"uv": [0, 0, 1, 0], "texture": "#missing"}
			}
		},
		{
			"name": "EastLeftCorner",
			"from": [15, 14, 11],
			"to": [16, 16, 14],
			"faces": {
				"east": {"uv": [1, 8, 2.5, 9], "texture": "#bookshelf", "cullface": "south"}
			}
		},
		{
			"name": "SouthRightCorner",
			"from": [11, 14, 15],
			"to": [14, 16, 16],
			"faces": {
				"south": {"uv": [5.5, 8, 7, 9], "texture": "#bookshelf", "cullface": "east"}
			}
		},
		{
			"name": "SouthRight",
			"from": [0, 0.025, 14],
			"to": [2, 15.975, 16],
			"faces": {
				"north": {"uv": [15, 0, 16, 8], "texture": "#bookshelf", "cullface": "south"},
				"east": {"uv": [8, 0, 9, 8], "texture": "#bookshelf", "cullface": "west"},
				"south": {"uv": [0, 8, 1, 16], "texture": "#bookshelf", "cullface": "west"},
				"west": {"uv": [7, 8, 8, 16], "texture": "#bookshelf", "cullface": "south"}
			}
		},
		{
			"name": "SouthLeftCorner",
			"from": [2, 14, 15],
			"to": [5, 16, 16],
			"faces": {
				"south": {"uv": [1, 8, 2.5, 9], "texture": "#bookshelf", "cullface": "west"}
			}
		},
		{
			"name": "SouthRight",
			"from": [2, 13.5, 15.9999],
			"to": [3, 14, 15.9999],
			"faces": {
				"north": {"uv": [13, 2, 14, 2.5], "texture": "#bookshelf", "cullface": "south"},
				"east": {"uv": [0, 0, 0, 0.5], "texture": "#missing", "cullface": "west"},
				"south": {"uv": [1, 9, 1.5, 9.25], "texture": "#bookshelf", "cullface": "west"},
				"west": {"uv": [0, 0, 0, 0.5], "texture": "#missing", "cullface": "south"},
				"up": {"uv": [0, 0, 1, 0], "texture": "#missing"},
				"down": {"uv": [0, 0, 1, 0], "texture": "#missing"}
			}
		},
		{
			"name": "SouthRightSmall",
			"from": [2, 13, 15.9999],
			"to": [2.5, 13.5, 15.9999],
			"faces": {
				"north": {"uv": [13.5, 2.5, 14, 3], "texture": "#bookshelf", "cullface": "south"},
				"east": {"uv": [0, 0, 0, 0.5], "texture": "#missing", "cullface": "west"},
				"south": {"uv": [1, 9.25, 1.25, 9.5], "texture": "#bookshelf", "cullface": "west"},
				"west": {"uv": [0, 0, 0, 0.5], "texture": "#missing", "cullface": "south"},
				"up": {"uv": [0, 0, 1, 0], "texture": "#missing"},
				"down": {"uv": [0, 0, 1, 0], "texture": "#missing"}
			}
		},
		{
			"name": "WestRightCorner",
			"from": [0.00005, 14, 11],
			"to": [1.00005, 16, 14],
			"faces": {
				"west": {"uv": [5.5, 8, 7, 9], "texture": "#bookshelf", "cullface": "south"}
			}
		},
		{
			"name": "WestRight",
			"from": [0.00005, 13.5, 13],
			"to": [0.00005, 14, 14],
			"faces": {
				"north": {"uv": [0, 0, 0, 0.5], "texture": "#missing", "cullface": "south"},
				"east": {"uv": [14, 2, 13, 2.5], "texture": "#bookshelf", "cullface": "west"},
				"south": {"uv": [0, 0, 0, 0.5], "texture": "#missing", "cullface": "west"},
				"west": {"uv": [6.5, 9, 7, 9.25], "texture": "#bookshelf", "cullface": "south"},
				"up": {"uv": [0, 0, 0, 1], "texture": "#missing"},
				"down": {"uv": [0, 0, 0, 1], "texture": "#missing"}
			}
		},
		{
			"name": "WestRightSmall",
			"from": [0.0001, 13, 13.5],
			"to": [0.0001, 13.5, 14],
			"faces": {
				"north": {"uv": [0, 0, 0, 0.5], "texture": "#missing", "cullface": "south"},
				"east": {"uv": [13.5, 2.5, 14, 3], "texture": "#bookshelf", "cullface": "west"},
				"south": {"uv": [0, 0, 0, 0.5], "texture": "#missing", "cullface": "west"},
				"west": {"uv": [6.75, 9.25, 7, 9.5], "texture": "#bookshelf", "cullface": "south"},
				"up": {"uv": [0, 0, 0, 0.5], "texture": "#missing"},
				"down": {"uv": [0, 0, 0, 0.5], "texture": "#missing"}
			}
		},
		{
			"name": "Top",
			"from": [0.025, 14, 0.025],
			"to": [15.975, 16, 15.975],
			"faces": {
				"north": {"uv": [8, 8, 16, 9], "texture": "#bookshelf", "cullface": "north"},
				"east": {"uv": [8, 8, 16, 9], "texture": "#bookshelf", "cullface": "east"},
				"south": {"uv": [8, 8, 16, 9], "texture": "#bookshelf", "cullface": "south"},
				"west": {"uv": [8, 8, 16, 9], "texture": "#bookshelf", "cullface": "west"},
				"up": {"uv": [0, 0, 8, 8], "texture": "#bookshelf", "cullface": "up"},
				"down": {"uv": [0, 0, 8, 8], "texture": "#bookshelf"}
			}
		},
		{
			"name": "Shelf",
			"from": [0.05, 7.5, 0.05],
			"to": [15.55, 8.5, 15.55],
			"faces": {
				"north": {"uv": [0.05, 11.75, 7.95, 12.25], "texture": "#bookshelf"},
				"east": {"uv": [0.05, 11.75, 7.95, 12.25], "texture": "#bookshelf"},
				"south": {"uv": [0.05, 11.75, 7.95, 12.25], "texture": "#bookshelf"},
				"west": {"uv": [0.05, 11.75, 7.95, 12.25], "texture": "#bookshelf"},
				"up": {"uv": [0.05, 0.05, 7.95, 7.95], "texture": "#bookshelf"},
				"down": {"uv": [0.05, 0.05, 7.95, 7.95], "texture": "#bookshelf"}
			}
		},
		{
			"name": "Bottom",
			"from": [0.025, 0, 0.025],
			"to": [15.975, 2, 15.975],
			"faces": {
				"north": {"uv": [8, 15, 16, 16], "texture": "#bookshelf", "cullface": "north"},
				"east": {"uv": [8, 15, 16, 16], "texture": "#bookshelf", "cullface": "east"},
				"south": {"uv": [8, 15, 16, 16], "texture": "#bookshelf", "cullface": "south"},
				"west": {"uv": [8, 15, 16, 16], "texture": "#bookshelf", "cullface": "west"},
				"up": {"uv": [0, 0, 8, 8], "texture": "#bookshelf"},
				"down": {"uv": [0, 0, 8, 8], "texture": "#bookshelf", "cullface": "down"}
			}
		},
		{
			"name": "Cross",
			"from": [-3.325, 0.1, 8],
			"to": [19.3, 15.9, 8],
			"shade": false,
			"rotation": {"angle": -45, "axis": "y", "origin": [8, 8, 8]},
			"faces": {
				"north": {"uv": [8, 0.05, 16, 7.95], "texture": "#bookshelf"},
				"east": {"uv": [0, 0, 0, 15.8], "texture": "#missing"},
				"south": {"uv": [8, 0.05, 16, 7.95], "texture": "#bookshelf"},
				"west": {"uv": [0, 0, 0, 15.8], "texture": "#missing"},
				"up": {"uv": [0, 0, 16, 0], "texture": "#missing"},
				"down": {"uv": [0, 0, 16, 0], "texture": "#missing"}
			}
		},
		{
			"name": "Cross",
			"from": [-3.325, 0.1, 8],
			"to": [19.3, 15.9, 8],
			"shade": false,
			"rotation": {"angle": 45, "axis": "y", "origin": [8, 8, 8]},
			"faces": {
				"north": {"uv": [8, 0.05, 16, 7.95], "texture": "#bookshelf"},
				"east": {"uv": [0, 0, 0, 15.8], "texture": "#missing"},
				"south": {"uv": [8, 0.05, 16, 7.95], "texture": "#bookshelf"},
				"west": {"uv": [0, 0, 0, 15.8], "texture": "#missing"},
				"up": {"uv": [0, 0, 16, 0], "texture": "#missing"},
				"down": {"uv": [0, 0, 16, 0], "texture": "#missing"}
			}
		},
		{
			"name": "RED BOOK VERTICAL TOP",
			"from": [11.5, 8.5, 0.5],
			"to": [13.5, 14, 3.5],
			"rotation": {"angle": 0, "axis": "y", "origin": [8, 9, 8]},
			"faces": {
				"north": {"uv": [2.5, 2, 4.5, 7.5], "texture": "#books"},
				"east": {"uv": [2.5, 2, 3, 7.5], "texture": "#books"},
				"south": {"uv": [0, 0, 2, 5], "texture": "#paper"},
				"west": {"uv": [4, 2, 4.5, 7.5], "texture": "#books"},
				"up": {"uv": [2, 0, 6, 1.5], "rotation": 90, "texture": "#paper"},
				"down": {"uv": [2.5, 0, 6.5, 1.5], "rotation": 270, "texture": "#paper"}
			}
		},
		{
			"name": "GREEN_REDBOOK TOP",
			"from": [9, 8.5, 0.5],
			"to": [10.5, 14, 3.5],
			"rotation": {"angle": 0, "axis": "y", "origin": [8, 9, 8]},
			"faces": {
				"north": {"uv": [5.5, 2, 7, 7.5], "texture": "#books"},
				"east": {"uv": [5.5, 2, 6, 7.5], "texture": "#books"},
				"south": {"uv": [0, 0, 1.5, 5], "texture": "#paper"},
				"west": {"uv": [6.5, 2, 7, 7.5], "texture": "#books"},
				"up": {"uv": [2, 0, 6, 1.5], "rotation": 90, "texture": "#paper"},
				"down": {"uv": [2, 0, 6, 1.5], "rotation": 270, "texture": "#paper"}
			}
		},
		{
			"name": "Horizontal LIGHT GREEN BOOK TOP",
			"from": [2.5, 8.5, 0.5],
			"to": [8, 10, 3.5],
			"rotation": {"angle": 0, "axis": "y", "origin": [8, 9, 8]},
			"faces": {
				"north": {"uv": [8, 6, 13.5, 7.5], "texture": "#books"},
				"east": {"uv": [2, 0, 6, 1.5], "texture": "#paper"},
				"south": {"uv": [2, 0, 7, 1.5], "texture": "#paper"},
				"west": {"uv": [2, 0, 6, 1.5], "texture": "#paper"},
				"down": {"uv": [11, 6, 13.5, 7.5], "rotation": 270, "texture": "#books"}
			}
		},
		{
			"name": "Horizontal dark GREEN BOOK TOP",
			"from": [2.5, 10, 0.5],
			"to": [8, 11.5, 3.5],
			"rotation": {"angle": 0, "axis": "y", "origin": [8, 9, 8]},
			"faces": {
				"north": {"uv": [8, 4.5, 13.5, 6], "texture": "#books"},
				"east": {"uv": [2, 0, 6, 1.5], "texture": "#paper"},
				"south": {"uv": [2, 0, 7, 1.5], "texture": "#paper"},
				"west": {"uv": [2, 0, 6, 1.5], "texture": "#paper"}
			}
		},
		{
			"name": "Horizontal Tan BOOK TOP",
			"from": [2.5, 11.5, 0.5],
			"to": [8.5, 13, 3.5],
			"rotation": {"angle": 0, "axis": "y", "origin": [8, 9, 8]},
			"faces": {
				"north": {"uv": [7.5, 3, 13.5, 4.5], "texture": "#books"},
				"east": {"uv": [2, 0, 6, 1.5], "texture": "#paper"},
				"south": {"uv": [2, 0, 7, 1.5], "texture": "#paper"},
				"west": {"uv": [2, 0, 6, 1.5], "texture": "#paper"},
				"up": {"uv": [11, 3, 13.5, 4.5], "rotation": 90, "texture": "#books"},
				"down": {"uv": [11, 3, 13.5, 4.5], "rotation": 270, "texture": "#books"}
			}
		},
		{
			"name": "Bottom Yellow",
			"from": [12, 2, 0.5],
			"to": [13.5, 6.5, 3.5],
			"rotation": {"angle": 0, "axis": "y", "origin": [8, 9, 8]},
			"faces": {
				"north": {"uv": [2.5, 9.5, 4, 14], "texture": "#books"},
				"east": {"uv": [2.5, 9.5, 3, 14], "texture": "#books"},
				"south": {"uv": [0, 0, 1.5, 4.5], "texture": "#paper"},
				"west": {"uv": [3.5, 9.5, 4, 14], "texture": "#books"},
				"up": {"uv": [2, 0, 5, 1.5], "rotation": 90, "texture": "#paper"},
				"down": {"uv": [2, 0, 5, 1.5], "rotation": 270, "texture": "#paper"}
			}
		},
		{
			"name": "Red_Bottom_4",
			"from": [10, 2, 0.5],
			"to": [11.5, 7, 3.5],
			"rotation": {"angle": 0, "axis": "y", "origin": [8, 9, 8]},
			"faces": {
				"north": {"uv": [4.5, 9, 6, 14], "texture": "#books"},
				"east": {"uv": [4.5, 9, 5, 14], "texture": "#books"},
				"south": {"uv": [0, 0, 1.5, 5], "texture": "#paper"},
				"west": {"uv": [5.5, 9, 6, 14], "texture": "#books"},
				"up": {"uv": [2, 0, 6, 1.5], "rotation": 90, "texture": "#paper"},
				"down": {"uv": [2, 0, 6, 1.5], "rotation": 270, "texture": "#paper"}
			}
		},
		{
			"name": "Red_Bottom_5",
			"from": [8, 2, 0.5],
			"to": [9.5, 7, 3.5],
			"rotation": {"angle": 0, "axis": "y", "origin": [8, 9, 8]},
			"faces": {
				"north": {"uv": [6.5, 9, 8, 14], "texture": "#books"},
				"east": {"uv": [6.5, 9, 7, 14], "texture": "#books"},
				"south": {"uv": [0, 0, 1.5, 5], "texture": "#paper"},
				"west": {"uv": [7.5, 9, 8, 14], "texture": "#books"},
				"up": {"uv": [2, 0, 6, 1.5], "rotation": 90, "texture": "#paper"},
				"down": {"uv": [2, 0, 6, 1.5], "rotation": 270, "texture": "#paper"}
			}
		},
		{
			"name": "Tan_bottom_4",
			"from": [5, 2, 0.5],
			"to": [6.5, 7, 3.5],
			"rotation": {"angle": 0, "axis": "y", "origin": [8, 9, 8]},
			"faces": {
				"north": {"uv": [9.5, 9, 11, 14], "texture": "#books"},
				"east": {"uv": [9.5, 9, 10, 14], "texture": "#books"},
				"south": {"uv": [0, 0, 1.5, 5], "texture": "#paper"},
				"west": {"uv": [10.5, 9, 11, 14], "texture": "#books"},
				"up": {"uv": [2, 0, 6, 1.5], "rotation": 90, "texture": "#paper"},
				"down": {"uv": [2, 0, 6, 1.5], "rotation": 270, "texture": "#paper"}
			}
		},
		{
			"name": "Tan_bottom_5",
			"from": [3, 2, 0.5],
			"to": [4.5, 7, 3.5],
			"rotation": {"angle": 0, "axis": "y", "origin": [8, 9, 8]},
			"faces": {
				"north": {"uv": [11.5, 9, 13, 14], "texture": "#books"},
				"east": {"uv": [11.5, 9, 12, 14], "texture": "#books"},
				"south": {"uv": [0, 0, 1.5, 5], "texture": "#paper"},
				"west": {"uv": [12.5, 9, 13, 14], "texture": "#books"},
				"up": {"uv": [2, 0, 6, 1.5], "rotation": 90, "texture": "#paper"},
				"down": {"uv": [2, 0, 6, 1.5], "rotation": 270, "texture": "#paper"}
			}
		},
		{
			"name": "RED BOOK VERTICAL TOP",
			"from": [12.5, 8.5, 11.5],
			"to": [15.5, 14, 13.5],
			"rotation": {"angle": 0, "axis": "y", "origin": [8, 9, 8]},
			"faces": {
				"north": {"uv": [4, 2, 4.5, 7.5], "texture": "#books"},
				"east": {"uv": [2.5, 2, 4.5, 7.5], "texture": "#books"},
				"south": {"uv": [2.5, 2, 3, 7.5], "texture": "#books"},
				"west": {"uv": [0, 0, 2, 5], "texture": "#paper"},
				"up": {"uv": [2, 0, 6, 1.5], "rotation": 180, "texture": "#paper"},
				"down": {"uv": [2.5, 0, 6.5, 1.5], "rotation": 180, "texture": "#paper"}
			}
		},
		{
			"name": "GREEN_REDBOOK TOP",
			"from": [12.5, 8.5, 9],
			"to": [15.5, 14, 10.5],
			"rotation": {"angle": 0, "axis": "y", "origin": [8, 9, 8]},
			"faces": {
				"north": {"uv": [6.5, 2, 7, 7.5], "texture": "#books"},
				"east": {"uv": [5.5, 2, 7, 7.5], "texture": "#books"},
				"south": {"uv": [5.5, 2, 6, 7.5], "texture": "#books"},
				"west": {"uv": [0, 0, 1.5, 5], "texture": "#paper"},
				"up": {"uv": [2, 0, 6, 1.5], "rotation": 180, "texture": "#paper"},
				"down": {"uv": [2, 0, 6, 1.5], "rotation": 180, "texture": "#paper"}
			}
		},
		{
			"name": "Horizontal LIGHT GREEN BOOK TOP",
			"from": [12.5, 8.5, 2.5],
			"to": [15.5, 10, 8],
			"rotation": {"angle": 0, "axis": "y", "origin": [8, 9, 8]},
			"faces": {
				"north": {"uv": [2, 0, 6, 1.5], "texture": "#paper"},
				"east": {"uv": [8, 6, 13.5, 7.5], "texture": "#books"},
				"south": {"uv": [2, 0, 6, 1.5], "texture": "#paper"},
				"west": {"uv": [2, 0, 7, 1.5], "texture": "#paper"},
				"down": {"uv": [11, 6, 13.5, 7.5], "rotation": 180, "texture": "#books"}
			}
		},
		{
			"name": "Horizontal dark GREEN BOOK TOP",
			"from": [12.5, 10, 2.5],
			"to": [15.5, 11.5, 8],
			"rotation": {"angle": 0, "axis": "y", "origin": [8, 9, 8]},
			"faces": {
				"north": {"uv": [2, 0, 6, 1.5], "texture": "#paper"},
				"east": {"uv": [8, 4.5, 13.5, 6], "texture": "#books"},
				"south": {"uv": [2, 0, 6, 1.5], "texture": "#paper"},
				"west": {"uv": [2, 0, 7, 1.5], "texture": "#paper"}
			}
		},
		{
			"name": "Horizontal Tan BOOK TOP",
			"from": [12.5, 11.5, 2.5],
			"to": [15.5, 13, 8.5],
			"rotation": {"angle": 0, "axis": "y", "origin": [8, 9, 8]},
			"faces": {
				"north": {"uv": [2, 0, 6, 1.5], "texture": "#paper"},
				"east": {"uv": [7.5, 3, 13.5, 4.5], "texture": "#books"},
				"south": {"uv": [2, 0, 6, 1.5], "texture": "#paper"},
				"west": {"uv": [2, 0, 7, 1.5], "texture": "#paper"},
				"up": {"uv": [11, 3, 13.5, 4.5], "rotation": 180, "texture": "#books"},
				"down": {"uv": [11, 3, 13.5, 4.5], "rotation": 180, "texture": "#books"}
			}
		},
		{
			"name": "Bottom Yellow",
			"from": [12.5, 2, 12],
			"to": [15.5, 6.5, 13.5],
			"rotation": {"angle": 0, "axis": "y", "origin": [8, 9, 8]},
			"faces": {
				"north": {"uv": [3.5, 9.5, 4, 14], "texture": "#books"},
				"east": {"uv": [2.5, 9.5, 4, 14], "texture": "#books"},
				"south": {"uv": [2.5, 9.5, 3, 14], "texture": "#books"},
				"west": {"uv": [0, 0, 1.5, 4.5], "texture": "#paper"},
				"up": {"uv": [2, 0, 5, 1.5], "rotation": 180, "texture": "#paper"},
				"down": {"uv": [2, 0, 5, 1.5], "rotation": 180, "texture": "#paper"}
			}
		},
		{
			"name": "Red_Bottom_5",
			"from": [12.5, 2, 10],
			"to": [15.5, 7, 11.5],
			"rotation": {"angle": 0, "axis": "y", "origin": [8, 9, 8]},
			"faces": {
				"north": {"uv": [5.5, 9, 6, 14], "texture": "#books"},
				"east": {"uv": [4.5, 9, 6, 14], "texture": "#books"},
				"south": {"uv": [4.5, 9, 5, 14], "texture": "#books"},
				"west": {"uv": [0, 0, 1.5, 5], "texture": "#paper"},
				"up": {"uv": [2, 0, 6, 1.5], "rotation": 180, "texture": "#paper"},
				"down": {"uv": [2, 0, 6, 1.5], "rotation": 180, "texture": "#paper"}
			}
		},
		{
			"name": "Red_Bottom_6",
			"from": [12.5, 2, 8],
			"to": [15.5, 7, 9.5],
			"rotation": {"angle": 0, "axis": "y", "origin": [8, 9, 8]},
			"faces": {
				"north": {"uv": [7.5, 9, 8, 14], "texture": "#books"},
				"east": {"uv": [6.5, 9, 8, 14], "texture": "#books"},
				"south": {"uv": [6.5, 9, 7, 14], "texture": "#books"},
				"west": {"uv": [0, 0, 1.5, 5], "texture": "#paper"},
				"up": {"uv": [2, 0, 6, 1.5], "rotation": 180, "texture": "#paper"},
				"down": {"uv": [2, 0, 6, 1.5], "rotation": 180, "texture": "#paper"}
			}
		},
		{
			"name": "Tan_bottom_5",
			"from": [12.5, 2, 5],
			"to": [15.5, 7, 6.5],
			"rotation": {"angle": 0, "axis": "y", "origin": [8, 9, 8]},
			"faces": {
				"north": {"uv": [10.5, 9, 11, 14], "texture": "#books"},
				"east": {"uv": [9.5, 9, 11, 14], "texture": "#books"},
				"south": {"uv": [9.5, 9, 10, 14], "texture": "#books"},
				"west": {"uv": [0, 0, 1.5, 5], "texture": "#paper"},
				"up": {"uv": [2, 0, 6, 1.5], "rotation": 180, "texture": "#paper"},
				"down": {"uv": [2, 0, 6, 1.5], "rotation": 180, "texture": "#paper"}
			}
		},
		{
			"name": "Tan_bottom_6",
			"from": [12.5, 2, 3],
			"to": [15.5, 7, 4.5],
			"rotation": {"angle": 0, "axis": "y", "origin": [8, 9, 8]},
			"faces": {
				"north": {"uv": [12.5, 9, 13, 14], "texture": "#books"},
				"east": {"uv": [11.5, 9, 13, 14], "texture": "#books"},
				"south": {"uv": [11.5, 9, 12, 14], "texture": "#books"},
				"west": {"uv": [0, 0, 1.5, 5], "texture": "#paper"},
				"up": {"uv": [2, 0, 6, 1.5], "rotation": 180, "texture": "#paper"},
				"down": {"uv": [2, 0, 6, 1.5], "rotation": 180, "texture": "#paper"}
			}
		},
		{
			"name": "Red_top_1",
			"from": [2, 8.5, 12.5],
			"to": [4, 14, 15.5],
			"rotation": {"angle": 0, "axis": "y", "origin": [9, 8, 8]},
			"faces": {
				"north": {"uv": [0, 0, 2, 5.5], "texture": "#paper"},
				"east": {"uv": [2, 2, 2.5, 7.5], "texture": "#books1"},
				"south": {"uv": [0.5, 2, 2.5, 7.5], "texture": "#books1"},
				"west": {"uv": [0.5, 2, 1, 7.5], "texture": "#books1"},
				"up": {"uv": [0, 0, 2, 3], "rotation": 180, "texture": "#paper"},
				"down": {"uv": [0, 0, 2, 3], "rotation": 180, "texture": "#paper"}
			}
		},
		{
			"name": "Yellow_top",
			"from": [4.5, 8.5, 12.5],
			"to": [9, 10, 15.5],
			"faces": {
				"north": {"uv": [1.5, 0, 7, 1.5], "texture": "#paper"},
				"east": {"uv": [2, 0, 5, 1.5], "texture": "#paper"},
				"south": {"uv": [4, 6, 8.5, 7.5], "texture": "#books1"},
				"west": {"uv": [2, 0, 5, 1.5], "texture": "#paper"},
				"up": {"uv": [4, 6, 8.5, 6.5], "rotation": 180, "texture": "#books1"},
				"down": {"uv": [4, 7, 8.5, 7.5], "rotation": 180, "texture": "#books1"}
			}
		},
		{
			"name": "Green_top_1",
			"from": [4, 10, 12.5],
			"to": [9, 11.5, 15.5],
			"rotation": {"angle": 0, "axis": "y", "origin": [8, 9, 8]},
			"faces": {
				"north": {"uv": [1.5, 0, 7, 1.5], "texture": "#paper"},
				"east": {"uv": [2, 0, 5, 1.5], "texture": "#paper"},
				"south": {"uv": [3, 4.5, 8, 6], "texture": "#books1"},
				"west": {"uv": [2, 0, 5, 1.5], "texture": "#paper"},
				"up": {"uv": [3, 4.5, 8, 5], "rotation": 180, "texture": "#books1"},
				"down": {"uv": [3, 5.5, 8, 6], "rotation": 180, "texture": "#books1"}
			}
		},
		{
			"name": "Red_top_2",
			"from": [4, 11.5, 12.5],
			"to": [9, 13, 15.5],
			"rotation": {"angle": 0, "axis": "y", "origin": [8, 11, 8]},
			"faces": {
				"north": {"uv": [1.5, 0, 7, 1.5], "texture": "#paper"},
				"east": {"uv": [2, 0, 5, 1.5], "texture": "#paper"},
				"south": {"uv": [3.5, 3, 8.5, 4.5], "texture": "#books1"},
				"west": {"uv": [2, 0, 5, 1.5], "texture": "#paper"},
				"up": {"uv": [3.5, 3, 8.5, 3.5], "rotation": 180, "texture": "#books1"},
				"down": {"uv": [3.5, 4, 8.5, 4.5], "rotation": 180, "texture": "#books1"}
			}
		},
		{
			"name": "Green_top_2",
			"from": [9, 8.5, 12.5],
			"to": [10.5, 14, 15.5],
			"rotation": {"angle": 0, "axis": "y", "origin": [16, 8, 8]},
			"faces": {
				"north": {"uv": [0, 0, 2, 5.5], "texture": "#paper"},
				"east": {"uv": [10, 2, 10.5, 7.5], "texture": "#books1"},
				"south": {"uv": [9, 2, 10.5, 7.5], "texture": "#books1"},
				"west": {"uv": [9, 2, 9.5, 7.5], "texture": "#books1"},
				"up": {"uv": [0, 0, 2, 3], "rotation": 180, "texture": "#paper"},
				"down": {"uv": [0, 0, 2, 3], "rotation": 180, "texture": "#paper"}
			}
		},
		{
			"name": "Tan_top",
			"from": [11, 8.5, 12.5],
			"to": [12.5, 14, 15.5],
			"rotation": {"angle": 0, "axis": "y", "origin": [18, 8, 8]},
			"faces": {
				"north": {"uv": [0, 0, 2, 5.5], "texture": "#paper"},
				"east": {"uv": [12, 2, 12.5, 7.5], "texture": "#books1"},
				"south": {"uv": [11, 2, 12.5, 7.5], "texture": "#books1"},
				"west": {"uv": [11, 2, 11.5, 7.5], "texture": "#books1"},
				"up": {"uv": [0, 0, 2, 3], "rotation": 180, "texture": "#paper"},
				"down": {"uv": [0, 0, 2, 3], "rotation": 180, "texture": "#paper"}
			}
		},
		{
			"name": "Tan_bottom_1",
			"from": [10.5, 2, 12.5],
			"to": [12, 7, 15.5],
			"rotation": {"angle": 0, "axis": "y", "origin": [18, 1, 8]},
			"faces": {
				"north": {"uv": [0, 0, 2, 5.5], "texture": "#paper"},
				"east": {"uv": [11.5, 9, 12, 14], "texture": "#books1"},
				"south": {"uv": [11, 2, 12.5, 7.5], "texture": "#books1"},
				"west": {"uv": [10.5, 9, 11, 14], "texture": "#books1"},
				"up": {"uv": [0, 0, 2, 3], "rotation": 180, "texture": "#paper"},
				"down": {"uv": [0, 0, 2, 3], "rotation": 180, "texture": "#paper"}
			}
		},
		{
			"name": "Tan_bottom_2",
			"from": [12.5, 2, 12.5],
			"to": [14, 7, 15.5],
			"rotation": {"angle": 0, "axis": "y", "origin": [20, 1, 8]},
			"faces": {
				"north": {"uv": [0, 0, 2, 5.5], "texture": "#paper"},
				"east": {"uv": [11.5, 9, 12, 14], "texture": "#books1"},
				"south": {"uv": [11, 2, 12.5, 7.5], "texture": "#books1"},
				"west": {"uv": [10.5, 9, 11, 14], "texture": "#books1"},
				"up": {"uv": [0, 0, 2, 3], "rotation": 180, "texture": "#paper"},
				"down": {"uv": [0, 0, 2, 3], "rotation": 180, "texture": "#paper"}
			}
		},
		{
			"name": "Green_top_3",
			"from": [13, 8.5, 12.5],
			"to": [14.5, 13, 15.5],
			"rotation": {"angle": 0, "axis": "y", "origin": [7, 16, 8]},
			"faces": {
				"north": {"uv": [0, 0, 1.5, 4.5], "texture": "#paper"},
				"east": {"uv": [14, 3, 14.5, 7.5], "texture": "#books1"},
				"south": {"uv": [13, 3, 14.5, 7.5], "texture": "#books1"},
				"west": {"uv": [13, 3, 13.5, 7.5], "texture": "#books1"},
				"up": {"uv": [0, 0, 1.5, 3], "rotation": 180, "texture": "#paper"},
				"down": {"uv": [0, 0, 1.5, 3], "rotation": 180, "texture": "#paper"}
			}
		},
		{
			"name": "Green_bottom_1",
			"from": [2, 2, 12.5],
			"to": [3.5, 7, 15.5],
			"rotation": {"angle": 0, "axis": "y", "origin": [-5, 10, 8]},
			"faces": {
				"north": {"uv": [0, 0, 1.5, 4.5], "texture": "#paper"},
				"east": {"uv": [1.5, 9, 2, 14], "texture": "#books1"},
				"south": {"uv": [0.5, 9, 2, 14], "texture": "#books1"},
				"west": {"uv": [0.5, 9, 1, 14], "texture": "#books1"},
				"up": {"uv": [0, 0, 1.5, 3], "rotation": 180, "texture": "#paper"},
				"down": {"uv": [0, 0, 1.5, 3], "rotation": 180, "texture": "#paper"}
			}
		},
		{
			"name": "Green_bottom_2",
			"from": [3.5, 5, 12.5],
			"to": [9, 6.5, 15.5],
			"rotation": {"angle": 0, "axis": "y", "origin": [9, 4, 8]},
			"faces": {
				"north": {"uv": [1.5, 0, 7, 1.5], "texture": "#paper"},
				"east": {"uv": [2, 0, 5, 1.5], "texture": "#paper"},
				"south": {"uv": [3.5, 9.5, 9, 11], "texture": "#books1"},
				"west": {"uv": [2, 0, 5, 1.5], "texture": "#paper"},
				"up": {"uv": [3.5, 9.5, 9, 10], "rotation": 180, "texture": "#books1"},
				"down": {"uv": [3.5, 9.5, 9, 10], "rotation": 180, "texture": "#books1"}
			}
		},
		{
			"name": "Green_bottom_3",
			"from": [3.5, 2, 12.5],
			"to": [9.5, 3.5, 15.5],
			"rotation": {"angle": 0, "axis": "y", "origin": [2, 10, 8]},
			"faces": {
				"north": {"uv": [1, 0, 7, 1.5], "texture": "#paper"},
				"east": {"uv": [4, 0, 7, 1.5], "texture": "#paper"},
				"south": {"uv": [3.5, 12.5, 9.5, 14], "texture": "#books1"},
				"west": {"uv": [4, 0, 7, 1.5], "texture": "#paper"},
				"up": {"uv": [3.5, 12.5, 9.5, 13], "rotation": 180, "texture": "#books1"},
				"down": {"uv": [3.5, 13.5, 9.5, 14], "rotation": 180, "texture": "#books1"}
			}
		},
		{
			"name": "Green_bottom_4",
			"from": [4, 3.5, 12.5],
			"to": [10, 5, 15.5],
			"rotation": {"angle": 0, "axis": "y", "origin": [2, 11, 8]},
			"faces": {
				"north": {"uv": [1, 0, 7, 1.5], "texture": "#paper"},
				"east": {"uv": [4, 0, 7, 1.5], "texture": "#paper"},
				"south": {"uv": [4, 11, 10, 12.5], "texture": "#books1"},
				"west": {"uv": [4, 0, 7, 1.5], "texture": "#paper"},
				"up": {"uv": [4, 11, 10, 11.5], "rotation": 180, "texture": "#books1"},
				"down": {"uv": [4, 12, 10, 12.5], "rotation": 180, "texture": "#books1"}
			}
		},
		{
			"name": "Red_top_1",
			"from": [0.5, 8.5, 2],
			"to": [3.5, 14, 4],
			"rotation": {"angle": 0, "axis": "y", "origin": [8, 8, 9]},
			"faces": {
				"north": {"uv": [0.5, 2, 1, 7.5], "texture": "#books1"},
				"east": {"uv": [0, 0, 2, 5.5], "texture": "#paper"},
				"south": {"uv": [2, 2, 2.5, 7.5], "texture": "#books1"},
				"west": {"uv": [0.5, 2, 2.5, 7.5], "texture": "#books1"},
				"up": {"uv": [0, 0, 2, 3], "rotation": 270, "texture": "#paper"},
				"down": {"uv": [0, 0, 2, 3], "rotation": 90, "texture": "#paper"}
			}
		},
		{
			"name": "Yellow_top",
			"from": [0.5, 8.5, 4.5],
			"to": [3.5, 10, 9],
			"faces": {
				"north": {"uv": [2, 0, 5, 1.5], "texture": "#paper"},
				"east": {"uv": [1.5, 0, 7, 1.5], "texture": "#paper"},
				"south": {"uv": [2, 0, 5, 1.5], "texture": "#paper"},
				"west": {"uv": [4, 6, 8.5, 7.5], "texture": "#books1"},
				"up": {"uv": [4, 6, 8.5, 6.5], "rotation": 270, "texture": "#books1"},
				"down": {"uv": [4, 7, 8.5, 7.5], "rotation": 90, "texture": "#books1"}
			}
		},
		{
			"name": "Green_top_1",
			"from": [0.5, 10, 4],
			"to": [3.5, 11.5, 9],
			"rotation": {"angle": 0, "axis": "y", "origin": [8, 9, 8]},
			"faces": {
				"north": {"uv": [2, 0, 5, 1.5], "texture": "#paper"},
				"east": {"uv": [1.5, 0, 7, 1.5], "texture": "#paper"},
				"south": {"uv": [2, 0, 5, 1.5], "texture": "#paper"},
				"west": {"uv": [3, 4.5, 8, 6], "texture": "#books1"},
				"up": {"uv": [3, 4.5, 8, 5], "rotation": 270, "texture": "#books1"},
				"down": {"uv": [3, 5.5, 8, 6], "rotation": 90, "texture": "#books1"}
			}
		},
		{
			"name": "Red_top_2",
			"from": [0.5, 11.5, 4],
			"to": [3.5, 13, 9],
			"rotation": {"angle": 0, "axis": "y", "origin": [8, 11, 8]},
			"faces": {
				"north": {"uv": [2, 0, 5, 1.5], "texture": "#paper"},
				"east": {"uv": [1.5, 0, 7, 1.5], "texture": "#paper"},
				"south": {"uv": [2, 0, 5, 1.5], "texture": "#paper"},
				"west": {"uv": [3.5, 3, 8.5, 4.5], "texture": "#books1"},
				"up": {"uv": [3.5, 3, 8.5, 3.5], "rotation": 270, "texture": "#books1"},
				"down": {"uv": [3.5, 4, 8.5, 4.5], "rotation": 90, "texture": "#books1"}
			}
		},
		{
			"name": "Green_top_2",
			"from": [0.5, 8.5, 9],
			"to": [3.5, 14, 10.5],
			"rotation": {"angle": 0, "axis": "y", "origin": [8, 8, 16]},
			"faces": {
				"north": {"uv": [9, 2, 9.5, 7.5], "texture": "#books1"},
				"east": {"uv": [0, 0, 2, 5.5], "texture": "#paper"},
				"south": {"uv": [10, 2, 10.5, 7.5], "texture": "#books1"},
				"west": {"uv": [9, 2, 10.5, 7.5], "texture": "#books1"},
				"up": {"uv": [0, 0, 2, 3], "rotation": 270, "texture": "#paper"},
				"down": {"uv": [0, 0, 2, 3], "rotation": 90, "texture": "#paper"}
			}
		},
		{
			"name": "Tan_top",
			"from": [0.5, 8.5, 11],
			"to": [3.5, 14, 12.5],
			"rotation": {"angle": 0, "axis": "y", "origin": [8, 8, 18]},
			"faces": {
				"north": {"uv": [11, 2, 11.5, 7.5], "texture": "#books1"},
				"east": {"uv": [0, 0, 2, 5.5], "texture": "#paper"},
				"south": {"uv": [12, 2, 12.5, 7.5], "texture": "#books1"},
				"west": {"uv": [11, 2, 12.5, 7.5], "texture": "#books1"},
				"up": {"uv": [0, 0, 2, 3], "rotation": 270, "texture": "#paper"},
				"down": {"uv": [0, 0, 2, 3], "rotation": 90, "texture": "#paper"}
			}
		},
		{
			"name": "Tan_bottom_1",
			"from": [0.5, 2, 10.5],
			"to": [3.5, 7, 12],
			"rotation": {"angle": 0, "axis": "y", "origin": [8, 1, 18]},
			"faces": {
				"north": {"uv": [10.5, 9, 11, 14], "texture": "#books1"},
				"east": {"uv": [0, 0, 2, 5.5], "texture": "#paper"},
				"south": {"uv": [11.5, 9, 12, 14], "texture": "#books1"},
				"west": {"uv": [11, 2, 12.5, 7.5], "texture": "#books1"},
				"up": {"uv": [0, 0, 2, 3], "rotation": 270, "texture": "#paper"},
				"down": {"uv": [0, 0, 2, 3], "rotation": 90, "texture": "#paper"}
			}
		},
		{
			"name": "Tan_bottom_2",
			"from": [0.5, 2, 12.5],
			"to": [3.5, 7, 14],
			"rotation": {"angle": 0, "axis": "y", "origin": [8, 1, 20]},
			"faces": {
				"north": {"uv": [10.5, 9, 11, 14], "texture": "#books1"},
				"east": {"uv": [0, 0, 2, 5.5], "texture": "#paper"},
				"south": {"uv": [11.5, 9, 12, 14], "texture": "#books1"},
				"west": {"uv": [11, 2, 12.5, 7.5], "texture": "#books1"},
				"up": {"uv": [0, 0, 2, 3], "rotation": 270, "texture": "#paper"},
				"down": {"uv": [0, 0, 2, 3], "rotation": 90, "texture": "#paper"}
			}
		},
		{
			"name": "Green_top_3",
			"from": [0.5, 8.5, 13],
			"to": [3.5, 13, 14.5],
			"rotation": {"angle": 0, "axis": "y", "origin": [8, 16, 7]},
			"faces": {
				"north": {"uv": [13, 3, 13.5, 7.5], "texture": "#books1"},
				"east": {"uv": [0, 0, 1.5, 4.5], "texture": "#paper"},
				"south": {"uv": [14, 3, 14.5, 7.5], "texture": "#books1"},
				"west": {"uv": [13, 3, 14.5, 7.5], "texture": "#books1"},
				"up": {"uv": [0, 0, 1.5, 3], "rotation": 270, "texture": "#paper"},
				"down": {"uv": [0, 0, 1.5, 3], "rotation": 90, "texture": "#paper"}
			}
		},
		{
			"name": "Green_bottom_1",
			"from": [0.5, 2, 2],
			"to": [3.5, 7, 3.5],
			"rotation": {"angle": 0, "axis": "y", "origin": [8, 10, -5]},
			"faces": {
				"north": {"uv": [0.5, 9, 1, 14], "texture": "#books1"},
				"east": {"uv": [0, 0, 1.5, 4.5], "texture": "#paper"},
				"south": {"uv": [1.5, 9, 2, 14], "texture": "#books1"},
				"west": {"uv": [0.5, 9, 2, 14], "texture": "#books1"},
				"up": {"uv": [0, 0, 1.5, 3], "rotation": 270, "texture": "#paper"},
				"down": {"uv": [0, 0, 1.5, 3], "rotation": 90, "texture": "#paper"}
			}
		},
		{
			"name": "Green_bottom_2",
			"from": [0.5, 5, 3.5],
			"to": [3.5, 6.5, 9],
			"rotation": {"angle": 0, "axis": "y", "origin": [8, 4, 9]},
			"faces": {
				"north": {"uv": [2, 0, 5, 1.5], "texture": "#paper"},
				"east": {"uv": [1.5, 0, 7, 1.5], "texture": "#paper"},
				"south": {"uv": [2, 0, 5, 1.5], "texture": "#paper"},
				"west": {"uv": [3.5, 9.5, 9, 11], "texture": "#books1"},
				"up": {"uv": [3.5, 9.5, 9, 10], "rotation": 270, "texture": "#books1"},
				"down": {"uv": [3.5, 9.5, 9, 10], "rotation": 90, "texture": "#books1"}
			}
		},
		{
			"name": "Green_bottom_3",
			"from": [0.5, 2, 3.5],
			"to": [3.5, 3.5, 9.5],
			"rotation": {"angle": 0, "axis": "y", "origin": [8, 10, 2]},
			"faces": {
				"north": {"uv": [4, 0, 7, 1.5], "texture": "#paper"},
				"east": {"uv": [1, 0, 7, 1.5], "texture": "#paper"},
				"south": {"uv": [4, 0, 7, 1.5], "texture": "#paper"},
				"west": {"uv": [3.5, 12.5, 9.5, 14], "texture": "#books1"},
				"up": {"uv": [3.5, 12.5, 9.5, 13], "rotation": 270, "texture": "#books1"},
				"down": {"uv": [3.5, 13.5, 9.5, 14], "rotation": 90, "texture": "#books1"}
			}
		},
		{
			"name": "Green_bottom_4",
			"from": [0.5, 3.5, 4],
			"to": [3.5, 5, 10],
			"rotation": {"angle": 0, "axis": "y", "origin": [8, 11, 2]},
			"faces": {
				"north": {"uv": [4, 0, 7, 1.5], "texture": "#paper"},
				"east": {"uv": [1, 0, 7, 1.5], "texture": "#paper"},
				"south": {"uv": [4, 0, 7, 1.5], "texture": "#paper"},
				"west": {"uv": [4, 11, 10, 12.5], "texture": "#books1"},
				"up": {"uv": [4, 11, 10, 11.5], "rotation": 270, "texture": "#books1"},
				"down": {"uv": [4, 12, 10, 12.5], "rotation": 90, "texture": "#books1"}
			}
		},
		{
			"name": "Column",
			"from": [3.25, 2, 3.25],
			"to": [12.25, 14, 12.25],
			"faces": {
				"north": {"uv": [9.75, 1, 14.25, 7], "texture": "#bookshelf"},
				"east": {"uv": [9.75, 1, 14.25, 7], "texture": "#bookshelf"},
				"south": {"uv": [9.75, 1, 14.25, 7], "texture": "#bookshelf"},
				"west": {"uv": [9.75, 1, 14.25, 7], "texture": "#bookshelf"}
			}
		}
	],
	"groups": [
		{
			"name": "Base",
			"origin": [-8, 0, -8],
			"children": [
				{
					"name": "Divider",
					"origin": [0, -16, 0],
					"children": [0, 1, 2, 3]
				},
				{
					"name": "Corner",
					"origin": [-8, 0, -8],
					"children": [
						{
							"name": "NorthLeft",
							"origin": [33, 8, 8],
							"children": [4, 5, 6, 7, 8, 9, 10]
						},
						{
							"name": "NorthRight",
							"origin": [-1, 8, 8],
							"children": [11, 12, 13, 14, 15, 16, 17]
						},
						{
							"name": "SouthLeft",
							"origin": [32, 8, 22],
							"children": [18, 19, 20, 21, 22, 23, 24]
						},
						{
							"name": "SouthRight",
							"origin": [-1, 8, 22],
							"children": [25, 26, 27, 28, 29, 30, 31]
						}
					]
				},
				{
					"name": "Shelf",
					"origin": [-8, 0, -8],
					"children": [32, 33, 34]
				},
				{
					"name": "Background",
					"origin": [0, 0, 0],
					"children": [35, 36]
				}
			]
		},
		{
			"name": "0",
			"origin": [8, 8, 8],
			"children": [
				{
					"name": "BooksNorth",
					"origin": [-8, 0, -8],
					"children": [37, 38, 39, 40, 41, 42, 43, 44, 45, 46]
				}
			]
		},
		{
			"name": "0",
			"origin": [8, 8, 8],
			"children": [
				{
					"name": "BooksNorth",
					"origin": [-8, 0, -8],
					"children": [47, 48, 49, 50, 51, 52, 53, 54, 55, 56]
				}
			]
		},
		{
			"name": "1",
			"origin": [8, 8, 8],
			"children": [
				{
					"name": "North_Books",
					"origin": [8, 8, 8],
					"children": [57, 58, 59, 60, 61, 62, 63, 64, 65, 66, 67, 68, 69]
				}
			]
		},
		{
			"name": "1",
			"origin": [8, 8, 8],
			"children": [
				{
					"name": "North_Books",
					"origin": [8, 8, 8],
					"children": [70, 71, 72, 73, 74, 75, 76, 77, 78, 79, 80, 81, 82]
				}
			]
		}, 83]
}