{ "variants": {
    "": [
      { "model": "block/netherrack/netherrack0", "weight": 3000 },
      { "model": "block/netherrack/netherrack1", "weight": 5    },
      { "model": "block/netherrack/netherrack2", "weight": 5    },
	  { "model": "block/netherrack/netherrack3", "weight": 1    },
	  { "model": "block/netherrack/netherrack4", "weight": 1    },
	  { "model": "block/netherrack/netherrack5", "weight": 1    },
	  { "model": "block/netherrack/netherrack6", "weight": 1    },
	  { "model": "block/netherrack/netherrack7", "weight": 1    }
    ]
  }
}