{
	"credit": "Made with Blockbench, model by LTK1",
	"ambientocclusion": false,
	"textures": {
		"1": "blocks/trapdoor",
		"4": "blocks/trapdoor_4",
		"particle": "blocks/trapdoor"
	},
	"elements": [
		{
			"name": "out",
			"from": [0, 0, 0],
			"to": [16, 3, 16],
			"faces": {
				"north": {
					"uv": [0.032, 15.968, 2.968, 0.032],
					"texture": "#4",
					"rotation": 90
				},
				"east": {
					"uv": [0.032, 15.968, 2.968, 0.032],
					"texture": "#4",
					"rotation": 90
				},
				"south": {
					"uv": [0.032, 15.968, 2.968, 0.032],
					"texture": "#4",
					"rotation": 90
				},
				"west": {
					"uv": [0.032, 15.968, 2.968, 0.032],
					"texture": "#4",
					"rotation": 90
				},
				"up": {
					"uv": [0.032, 15.968, 15.968, 0.032],
					"texture": "#1",
					"rotation": 180
				},
				"down": {
					"uv": [0.032, 15.968, 15.968, 0.032],
					"texture": "#1",
					"rotation": 180
				}
			},
			"type": "cube"
		},
		{
			"name": "in",
			"from": [6, 3, 5.5],
			"to": [10.5, 0, 10.5],
			"faces": {
				"north": {
					"uv": [0.032, 12.468, 2.968, 3.532],
					"texture": "#4",
					"rotation": 90
				},
				"east": {
					"uv": [0.032, 12.468, 2.968, 3.532],
					"texture": "#4",
					"rotation": 90
				},
				"south": {
					"uv": [0.032, 12.468, 2.968, 3.532],
					"texture": "#4",
					"rotation": 90
				},
				"west": {
					"uv": [0.032, 12.468, 2.968, 3.532],
					"texture": "#4",
					"rotation": 90
				}
			},
			"type": "cube"
		}
	],
	"display": {
		"thirdperson_righthand": {
			"scale": [0.375, 0.375, 0.375],
			"rotation": [75, 45, 0],
			"translation": [0, 2.5, 0]
		},
		"thirdperson_lefthand": {
			"scale": [0.375, 0.375, 0.375],
			"rotation": [75, 45, 0],
			"translation": [0, 2.5, 0]
		},
		"firstperson_righthand": {
			"scale": [0.4, 0.4, 0.4],
			"rotation": [0, 45, 0],
			"translation": [0, 2, -3]
		},
		"firstperson_lefthand": {
			"scale": [0.4, 0.4, 0.4],
			"rotation": [0, 225, 0],
			"translation": [0, 2, -3]
		},
		"ground": {
			"scale": [0.25, 0.25, 0.25],
			"rotation": [0, 0, 0],
			"translation": [0, 3, 0]
		},
		"fixed": {
			"scale": [1, 1, 1],
			"rotation": [-90, 180, 0],
			"translation": [0, 0, -8]
		},
		"gui": {
			"scale": [0.625, 0.625, 0.625],
			"rotation": [30, 225, 0],
			"translation": [0, 0, 0]
		}
	}
}