{
	"credit": "Made with Blockbench",
	"parent": "block/block",
	"textures": {
		"0": "block/smithing_table_bottom",
		"1": "block/smithing_table_front",
		"2": "block/smithing_table_side",
		"3": "block/smithing_table_top",
		"particle": "block/smithing_table_bottom"
	},
	"elements": [
		{
			"name": "ruler1",
			"from": [8.5, 4.5, 2],
			"to": [9.5, 11, 2.5],
			"faces": {
				"north": {"uv": [6.5, 5, 7.5, 11.5], "texture": "#1"},
				"east": {"uv": [6.5, 5, 7, 11.5], "texture": "#1"},
				"south": {"uv": [0, 0, 1, 1], "texture": "#missing"},
				"west": {"uv": [7, 5, 7.5, 11.5], "texture": "#1"},
				"up": {"uv": [6.5, 5, 7.5, 5.5], "texture": "#1"},
				"down": {"uv": [7.5, 11, 6.5, 11.5], "texture": "#1"}
			}
		},
		{
			"name": "ruler1",
			"from": [3, 10, 2],
			"to": [8.5, 11, 2.5],
			"faces": {
				"north": {"uv": [7.5, 5, 13, 6], "texture": "#1"},
				"east": {"uv": [0, 0, 1, 1], "texture": "#missing"},
				"south": {"uv": [0, 0, 1, 1], "texture": "#missing"},
				"west": {"uv": [12.5, 5, 13, 6], "texture": "#1"},
				"up": {"uv": [13, 5, 7.5, 5.5], "texture": "#1"},
				"down": {"uv": [13, 5.5, 7.5, 6], "texture": "#1"}
			}
		},
		{
			"name": "ruler1",
			"from": [3.5, 9.5, 2],
			"to": [4, 10, 2.5],
			"faces": {
				"north": {"uv": [12, 6, 12.5, 6.5], "texture": "#1"},
				"east": {"uv": [0, 0, 1, 1], "texture": "#missing"},
				"south": {"uv": [0, 0, 1, 1], "texture": "#missing"},
				"west": {"uv": [11.5, 6.5, 12, 7], "texture": "#1"},
				"up": {"uv": [0, 0, 1, 1], "texture": "#missing"},
				"down": {"uv": [12, 6, 12.5, 6.5], "texture": "#1"}
			}
		},
		{
			"name": "ruler1",
			"from": [4, 9, 2],
			"to": [4.5, 10, 2.5],
			"faces": {
				"north": {"uv": [11.5, 6, 12, 7], "texture": "#1"},
				"east": {"uv": [0, 0, 1, 1], "texture": "#missing"},
				"south": {"uv": [0, 0, 1, 1], "texture": "#missing"},
				"west": {"uv": [11.5, 6.5, 12, 7], "texture": "#1"},
				"up": {"uv": [0, 0, 1, 1], "texture": "#missing"},
				"down": {"uv": [12, 6, 12.5, 6.5], "texture": "#1"}
			}
		},
		{
			"name": "ruler1",
			"from": [4.5, 8.5, 2],
			"to": [5, 10, 2.5],
			"faces": {
				"north": {"uv": [11, 6, 11.5, 7.5], "texture": "#1"},
				"east": {"uv": [10.5, 6.5, 11, 7], "texture": "#1"},
				"south": {"uv": [0, 0, 1, 1], "texture": "#missing"},
				"west": {"uv": [11.5, 6.5, 12, 7], "texture": "#1"},
				"up": {"uv": [0, 0, 1, 1], "texture": "#missing"},
				"down": {"uv": [11, 7, 11.5, 7.5], "texture": "#1"}
			}
		},
		{
			"name": "ruler1",
			"from": [5, 8, 2],
			"to": [5.5, 9.5, 2.5],
			"faces": {
				"north": {"uv": [10.5, 6.5, 11, 8], "texture": "#1"},
				"east": {"uv": [10.5, 6.5, 11, 7], "texture": "#1"},
				"south": {"uv": [0, 0, 1, 1], "texture": "#missing"},
				"west": {"uv": [11.5, 6.5, 12, 7], "texture": "#1"},
				"up": {"uv": [9, 8, 9.5, 8.5], "texture": "#1"},
				"down": {"uv": [11, 7, 11.5, 7.5], "texture": "#1"}
			}
		},
		{
			"name": "ruler1",
			"from": [5.5, 7.5, 2],
			"to": [6, 9, 2.5],
			"faces": {
				"north": {"uv": [10, 7, 10.5, 8.5], "texture": "#1"},
				"east": {"uv": [10.5, 6.5, 11, 7], "texture": "#1"},
				"south": {"uv": [0, 0, 1, 1], "texture": "#missing"},
				"west": {"uv": [11.5, 6.5, 12, 7], "texture": "#1"},
				"up": {"uv": [9, 8, 9.5, 8.5], "texture": "#1"},
				"down": {"uv": [11, 7, 11.5, 7.5], "texture": "#1"}
			}
		},
		{
			"name": "ruler1",
			"from": [6, 7, 2],
			"to": [6.5, 8.5, 2.5],
			"faces": {
				"north": {"uv": [9.5, 7.5, 10, 9], "texture": "#1"},
				"east": {"uv": [10.5, 6.5, 11, 7], "texture": "#1"},
				"south": {"uv": [0, 0, 1, 1], "texture": "#missing"},
				"west": {"uv": [11.5, 6.5, 12, 7], "texture": "#1"},
				"up": {"uv": [9, 8, 9.5, 8.5], "texture": "#1"},
				"down": {"uv": [11, 7, 11.5, 7.5], "texture": "#1"}
			}
		},
		{
			"name": "ruler1",
			"from": [6.5, 6.5, 2],
			"to": [7, 8, 2.5],
			"faces": {
				"north": {"uv": [9, 8, 9.5, 9.5], "texture": "#1"},
				"east": {"uv": [10.5, 6.5, 11, 7], "texture": "#1"},
				"south": {"uv": [0, 0, 1, 1], "texture": "#missing"},
				"west": {"uv": [11.5, 6.5, 12, 7], "texture": "#1"},
				"up": {"uv": [9, 8, 9.5, 8.5], "texture": "#1"},
				"down": {"uv": [11, 7, 11.5, 7.5], "texture": "#1"}
			}
		},
		{
			"name": "ruler1",
			"from": [7, 6, 2],
			"to": [7.5, 7.5, 2.5],
			"faces": {
				"north": {"uv": [8.5, 8.5, 9, 10], "texture": "#1"},
				"east": {"uv": [10.5, 6.5, 11, 7], "texture": "#1"},
				"south": {"uv": [0, 0, 1, 1], "texture": "#missing"},
				"west": {"uv": [11.5, 6.5, 12, 7], "texture": "#1"},
				"up": {"uv": [9, 8, 9.5, 8.5], "texture": "#1"},
				"down": {"uv": [11, 7, 11.5, 7.5], "texture": "#1"}
			}
		},
		{
			"name": "ruler1",
			"from": [7.5, 5.5, 2],
			"to": [8, 7, 2.5],
			"faces": {
				"north": {"uv": [8, 9, 8.5, 10.5], "texture": "#1"},
				"east": {"uv": [10.5, 6.5, 11, 7], "texture": "#1"},
				"south": {"uv": [0, 0, 1, 1], "texture": "#missing"},
				"west": {"uv": [11.5, 6.5, 12, 7], "texture": "#1"},
				"up": {"uv": [9, 8, 9.5, 8.5], "texture": "#1"},
				"down": {"uv": [11, 7, 11.5, 7.5], "texture": "#1"}
			}
		},
		{
			"name": "ruler1",
			"from": [8, 5, 2],
			"to": [8.5, 6.5, 2.5],
			"faces": {
				"north": {"uv": [7.5, 9.5, 8, 11], "texture": "#1"},
				"east": {"uv": [0, 0, 1, 1], "texture": "#missing"},
				"south": {"uv": [0, 0, 1, 1], "texture": "#missing"},
				"west": {"uv": [11.5, 6.5, 12, 7], "texture": "#1"},
				"up": {"uv": [9, 8, 9.5, 8.5], "texture": "#1"},
				"down": {"uv": [10.5, 7.5, 11, 8], "texture": "#1"}
			}
		},
		{
			"name": "ruler2",
			"from": [6.5, 4.5, 13.5],
			"to": [7.5, 11, 14],
			"faces": {
				"north": {"uv": [0, 0, 1, 1], "texture": "#missing"},
				"east": {"uv": [7, 5, 7.5, 11.5], "texture": "#1"},
				"south": {"uv": [6.5, 5, 7.5, 11.5], "texture": "#1"},
				"west": {"uv": [6.5, 5, 7, 11.5], "texture": "#1"},
				"up": {"uv": [6.5, 5, 7.5, 5.5], "rotation": 180, "texture": "#1"},
				"down": {"uv": [7.5, 11, 6.5, 11.5], "rotation": 180, "texture": "#1"}
			}
		},
		{
			"name": "ruler2",
			"from": [7.5, 10, 13.5],
			"to": [13, 11, 14],
			"faces": {
				"north": {"uv": [0, 0, 1, 1], "texture": "#missing"},
				"east": {"uv": [12.5, 5, 13, 6], "texture": "#1"},
				"south": {"uv": [7.5, 5, 13, 6], "texture": "#1"},
				"west": {"uv": [0, 0, 1, 1], "texture": "#missing"},
				"up": {"uv": [13, 5, 7.5, 5.5], "rotation": 180, "texture": "#1"},
				"down": {"uv": [13, 5.5, 7.5, 6], "rotation": 180, "texture": "#1"}
			}
		},
		{
			"name": "ruler2",
			"from": [12, 9.5, 13.5],
			"to": [12.5, 10, 14],
			"faces": {
				"north": {"uv": [0, 0, 1, 1], "texture": "#missing"},
				"east": {"uv": [11.5, 6.5, 12, 7], "texture": "#1"},
				"south": {"uv": [12, 6, 12.5, 6.5], "texture": "#1"},
				"west": {"uv": [0, 0, 1, 1], "texture": "#missing"},
				"up": {"uv": [0, 0, 1, 1], "rotation": 180, "texture": "#missing"},
				"down": {"uv": [12, 6, 12.5, 6.5], "rotation": 180, "texture": "#1"}
			}
		},
		{
			"name": "ruler2",
			"from": [11.5, 9, 13.5],
			"to": [12, 10, 14],
			"faces": {
				"north": {"uv": [0, 0, 1, 1], "texture": "#missing"},
				"east": {"uv": [11.5, 6.5, 12, 7], "texture": "#1"},
				"south": {"uv": [11.5, 6, 12, 7], "texture": "#1"},
				"west": {"uv": [0, 0, 1, 1], "texture": "#missing"},
				"up": {"uv": [0, 0, 1, 1], "rotation": 180, "texture": "#missing"},
				"down": {"uv": [12, 6, 12.5, 6.5], "rotation": 180, "texture": "#1"}
			}
		},
		{
			"name": "ruler2",
			"from": [11, 8.5, 13.5],
			"to": [11.5, 10, 14],
			"faces": {
				"north": {"uv": [0, 0, 1, 1], "texture": "#missing"},
				"east": {"uv": [11.5, 6.5, 12, 7], "texture": "#1"},
				"south": {"uv": [11, 6, 11.5, 7.5], "texture": "#1"},
				"west": {"uv": [10.5, 6.5, 11, 7], "texture": "#1"},
				"up": {"uv": [0, 0, 1, 1], "rotation": 180, "texture": "#missing"},
				"down": {"uv": [11, 7, 11.5, 7.5], "rotation": 180, "texture": "#1"}
			}
		},
		{
			"name": "ruler2",
			"from": [10.5, 8, 13.5],
			"to": [11, 9.5, 14],
			"faces": {
				"north": {"uv": [0, 0, 1, 1], "texture": "#missing"},
				"east": {"uv": [11.5, 6.5, 12, 7], "texture": "#1"},
				"south": {"uv": [10.5, 6.5, 11, 8], "texture": "#1"},
				"west": {"uv": [10.5, 6.5, 11, 7], "texture": "#1"},
				"up": {"uv": [9, 8, 9.5, 8.5], "rotation": 180, "texture": "#1"},
				"down": {"uv": [11, 7, 11.5, 7.5], "rotation": 180, "texture": "#1"}
			}
		},
		{
			"name": "ruler2",
			"from": [10, 7.5, 13.5],
			"to": [10.5, 9, 14],
			"faces": {
				"north": {"uv": [0, 0, 1, 1], "texture": "#missing"},
				"east": {"uv": [11.5, 6.5, 12, 7], "texture": "#1"},
				"south": {"uv": [10, 7, 10.5, 8.5], "texture": "#1"},
				"west": {"uv": [10.5, 6.5, 11, 7], "texture": "#1"},
				"up": {"uv": [9, 8, 9.5, 8.5], "rotation": 180, "texture": "#1"},
				"down": {"uv": [11, 7, 11.5, 7.5], "rotation": 180, "texture": "#1"}
			}
		},
		{
			"name": "ruler2",
			"from": [9.5, 7, 13.5],
			"to": [10, 8.5, 14],
			"faces": {
				"north": {"uv": [0, 0, 1, 1], "texture": "#missing"},
				"east": {"uv": [11.5, 6.5, 12, 7], "texture": "#1"},
				"south": {"uv": [9.5, 7.5, 10, 9], "texture": "#1"},
				"west": {"uv": [10.5, 6.5, 11, 7], "texture": "#1"},
				"up": {"uv": [9, 8, 9.5, 8.5], "rotation": 180, "texture": "#1"},
				"down": {"uv": [11, 7, 11.5, 7.5], "rotation": 180, "texture": "#1"}
			}
		},
		{
			"name": "ruler2",
			"from": [9, 6.5, 13.5],
			"to": [9.5, 8, 14],
			"faces": {
				"north": {"uv": [0, 0, 1, 1], "texture": "#missing"},
				"east": {"uv": [11.5, 6.5, 12, 7], "texture": "#1"},
				"south": {"uv": [9, 8, 9.5, 9.5], "texture": "#1"},
				"west": {"uv": [10.5, 6.5, 11, 7], "texture": "#1"},
				"up": {"uv": [9, 8, 9.5, 8.5], "rotation": 180, "texture": "#1"},
				"down": {"uv": [11, 7, 11.5, 7.5], "rotation": 180, "texture": "#1"}
			}
		},
		{
			"name": "ruler2",
			"from": [8.5, 6, 13.5],
			"to": [9, 7.5, 14],
			"faces": {
				"north": {"uv": [0, 0, 1, 1], "texture": "#missing"},
				"east": {"uv": [11.5, 6.5, 12, 7], "texture": "#1"},
				"south": {"uv": [8.5, 8.5, 9, 10], "texture": "#1"},
				"west": {"uv": [10.5, 6.5, 11, 7], "texture": "#1"},
				"up": {"uv": [9, 8, 9.5, 8.5], "rotation": 180, "texture": "#1"},
				"down": {"uv": [11, 7, 11.5, 7.5], "rotation": 180, "texture": "#1"}
			}
		},
		{
			"name": "ruler2",
			"from": [8, 5.5, 13.5],
			"to": [8.5, 7, 14],
			"faces": {
				"north": {"uv": [0, 0, 1, 1], "texture": "#missing"},
				"east": {"uv": [11.5, 6.5, 12, 7], "texture": "#1"},
				"south": {"uv": [8, 9, 8.5, 10.5], "texture": "#1"},
				"west": {"uv": [10.5, 6.5, 11, 7], "texture": "#1"},
				"up": {"uv": [9, 8, 9.5, 8.5], "rotation": 180, "texture": "#1"},
				"down": {"uv": [11, 7, 11.5, 7.5], "rotation": 180, "texture": "#1"}
			}
		},
		{
			"name": "ruler2",
			"from": [7.5, 5, 13.5],
			"to": [8, 6.5, 14],
			"faces": {
				"north": {"uv": [0, 0, 1, 1], "texture": "#missing"},
				"east": {"uv": [11.5, 6.5, 12, 7], "texture": "#1"},
				"south": {"uv": [7.5, 9.5, 8, 11], "texture": "#1"},
				"west": {"uv": [0, 0, 1, 1], "texture": "#missing"},
				"up": {"uv": [9, 8, 9.5, 8.5], "rotation": 180, "texture": "#1"},
				"down": {"uv": [10.5, 7.5, 11, 8], "rotation": 180, "texture": "#1"}
			}
		},
		{
			"name": "sideflaps",
			"from": [0, 0, 2.5],
			"to": [2.5, 1, 13.5],
			"faces": {
				"north": {"uv": [0, 0, 1, 1], "texture": "#missing"},
				"east": {"uv": [0, 0, 1, 1], "texture": "#missing"},
				"south": {"uv": [0, 0, 1, 1], "texture": "#missing"},
				"west": {"uv": [2.5, 15, 13.5, 16], "texture": "#0"},
				"up": {"uv": [0, 2.5, 2, 13.5], "texture": "#0"},
				"down": {"uv": [0, 2.5, 2.5, 13.5], "texture": "#0"}
			}
		},
		{
			"name": "sideflaps",
			"from": [2.5, 0, 13.5],
			"to": [13.5, 1, 16],
			"faces": {
				"north": {"uv": [0, 0, 1, 1], "texture": "#missing"},
				"east": {"uv": [0, 0, 1, 1], "texture": "#missing"},
				"south": {"uv": [2.5, 15, 13.5, 16], "texture": "#0"},
				"west": {"uv": [0, 0, 1, 1], "texture": "#missing"},
				"up": {"uv": [2.5, 14, 13.5, 16], "texture": "#0"},
				"down": {"uv": [2.5, 0, 13.5, 2.5], "texture": "#0"}
			}
		},
		{
			"name": "sideflaps",
			"from": [13.5, 0, 2.5],
			"to": [16, 1, 13.5],
			"faces": {
				"north": {"uv": [0, 0, 1, 1], "texture": "#missing"},
				"east": {"uv": [2.5, 15, 13.5, 16], "texture": "#0"},
				"south": {"uv": [0, 0, 1, 1], "texture": "#missing"},
				"west": {"uv": [0, 0, 1, 1], "texture": "#missing"},
				"up": {"uv": [14, 2.5, 16, 13.5], "texture": "#0"},
				"down": {"uv": [13.5, 2.5, 16, 13.5], "texture": "#0"}
			}
		},
		{
			"name": "sideflaps",
			"from": [2.5, 0, 0],
			"to": [13.5, 1, 2.5],
			"faces": {
				"north": {"uv": [2.5, 15, 13.5, 16], "texture": "#0"},
				"east": {"uv": [0, 0, 1, 1], "texture": "#missing"},
				"south": {"uv": [0, 0, 1, 1], "texture": "#missing"},
				"west": {"uv": [0, 0, 1, 1], "texture": "#missing"},
				"up": {"uv": [2.5, 0, 13.5, 2], "texture": "#0"},
				"down": {"uv": [2.5, 13.5, 13.5, 16], "texture": "#0"}
			}
		},
		{
			"name": "shovel1",
			"from": [11, 2.5, 2],
			"to": [12, 3, 2.5],
			"faces": {
				"north": {"uv": [4, 13, 5, 13.5], "texture": "#1"},
				"east": {"uv": [4, 13, 4.5, 13.5], "texture": "#1"},
				"south": {"uv": [0, 0, 1, 1], "texture": "#missing"},
				"west": {"uv": [4.5, 13, 5, 13.5], "texture": "#1"},
				"up": {"uv": [0, 0, 1, 1], "texture": "#missing"},
				"down": {"uv": [5, 13, 4, 13.5], "texture": "#1"}
			}
		},
		{
			"name": "shovel1",
			"from": [10.5, 3, 2],
			"to": [12.5, 7.5, 2.5],
			"faces": {
				"north": {"uv": [3.5, 8.5, 5.5, 13], "texture": "#1"},
				"east": {"uv": [3.5, 8.5, 4, 13], "texture": "#1"},
				"south": {"uv": [0, 0, 1, 1], "texture": "#missing"},
				"west": {"uv": [5, 8.5, 5.5, 13], "texture": "#1"},
				"up": {"uv": [3.5, 8.5, 5.5, 9], "texture": "#1"},
				"down": {"uv": [5.5, 12.5, 3.5, 13], "texture": "#1"}
			}
		},
		{
			"name": "shovel1",
			"from": [11, 7.5, 2],
			"to": [12, 10.5, 2.5],
			"faces": {
				"north": {"uv": [4, 5.5, 5, 8.5], "texture": "#1"},
				"east": {"uv": [4, 5.5, 4.5, 8.5], "texture": "#1"},
				"south": {"uv": [0, 0, 1, 1], "texture": "#missing"},
				"west": {"uv": [4.5, 5.5, 5, 8.5], "texture": "#1"},
				"up": {"uv": [0, 0, 1, 1], "texture": "#missing"},
				"down": {"uv": [0, 0, 1, 1], "texture": "#missing"}
			}
		},
		{
			"name": "shovel1",
			"from": [10.5, 10.5, 2],
			"to": [12.5, 12, 2.5],
			"faces": {
				"north": {"uv": [3.5, 4, 5.5, 5.5], "texture": "#1"},
				"east": {"uv": [3.5, 4, 4, 5.5], "texture": "#1"},
				"south": {"uv": [0, 0, 1, 1], "texture": "#missing"},
				"west": {"uv": [5, 4, 5.5, 5.5], "texture": "#1"},
				"up": {"uv": [3.5, 4, 5.5, 4.5], "texture": "#1"},
				"down": {"uv": [3.5, 5, 5.5, 5.5], "texture": "#1"}
			}
		},
		{
			"name": "shovel2",
			"from": [4, 2.5, 13.5],
			"to": [5, 3, 14],
			"faces": {
				"north": {"uv": [0, 0, 1, 1], "texture": "#missing"},
				"east": {"uv": [4.5, 13, 5, 13.5], "texture": "#1"},
				"south": {"uv": [4, 13, 5, 13.5], "texture": "#1"},
				"west": {"uv": [4, 13, 4.5, 13.5], "texture": "#1"},
				"up": {"uv": [0, 0, 1, 1], "rotation": 180, "texture": "#missing"},
				"down": {"uv": [5, 13, 4, 13.5], "rotation": 180, "texture": "#1"}
			}
		},
		{
			"name": "shovel2",
			"from": [3.5, 3, 13.5],
			"to": [5.5, 7.5, 14],
			"faces": {
				"north": {"uv": [0, 0, 1, 1], "texture": "#missing"},
				"east": {"uv": [5, 8.5, 5.5, 13], "texture": "#1"},
				"south": {"uv": [3.5, 8.5, 5.5, 13], "texture": "#1"},
				"west": {"uv": [3.5, 8.5, 4, 13], "texture": "#1"},
				"up": {"uv": [3.5, 8.5, 5.5, 9], "rotation": 180, "texture": "#1"},
				"down": {"uv": [5.5, 12.5, 3.5, 13], "rotation": 180, "texture": "#1"}
			}
		},
		{
			"name": "shovel2",
			"from": [4, 7.5, 13.5],
			"to": [5, 10.5, 14],
			"faces": {
				"north": {"uv": [0, 0, 1, 1], "texture": "#missing"},
				"east": {"uv": [4.5, 5.5, 5, 8.5], "texture": "#1"},
				"south": {"uv": [4, 5.5, 5, 8.5], "texture": "#1"},
				"west": {"uv": [4, 5.5, 4.5, 8.5], "texture": "#1"},
				"up": {"uv": [0, 0, 1, 1], "rotation": 180, "texture": "#missing"},
				"down": {"uv": [0, 0, 1, 1], "rotation": 180, "texture": "#missing"}
			}
		},
		{
			"name": "shovel2",
			"from": [3.5, 10.5, 13.5],
			"to": [5.5, 12, 14],
			"faces": {
				"north": {"uv": [0, 0, 1, 1], "texture": "#missing"},
				"east": {"uv": [5, 4, 5.5, 5.5], "texture": "#1"},
				"south": {"uv": [3.5, 4, 5.5, 5.5], "texture": "#1"},
				"west": {"uv": [3.5, 4, 4, 5.5], "texture": "#1"},
				"up": {"uv": [3.5, 4, 5.5, 4.5], "rotation": 180, "texture": "#1"},
				"down": {"uv": [3.5, 5, 5.5, 5.5], "rotation": 180, "texture": "#1"}
			}
		},
		{
			"name": "top",
			"from": [2.5, 13, 0],
			"to": [13.5, 16, 2.5],
			"faces": {
				"north": {"uv": [2.5, 0, 13.5, 3], "texture": "#1"},
				"east": {"uv": [0, 0, 1, 1], "texture": "#missing"},
				"south": {"uv": [0, 0, 1, 1], "texture": "#missing"},
				"west": {"uv": [0, 0, 1, 1], "texture": "#missing"},
				"up": {"uv": [2.5, 0, 13.5, 2.5], "texture": "#3"},
				"down": {"uv": [2.5, 0, 13.5, 2.5], "texture": "#1"}
			}
		},
		{
			"name": "top",
			"from": [2.5, 0, 2.5],
			"to": [13.5, 16, 13.5],
			"faces": {
				"north": {"uv": [2.5, 0, 13.5, 16], "texture": "#1"},
				"east": {"uv": [2.5, 0, 13.5, 16], "texture": "#2"},
				"south": {"uv": [2.5, 0, 13.5, 16], "texture": "#1"},
				"west": {"uv": [2.5, 0, 13.5, 16], "texture": "#2"},
				"up": {"uv": [2.5, 2.5, 13.5, 13.5], "texture": "#3"},
				"down": {"uv": [2.5, 2.5, 13.5, 13.5], "texture": "#0"}
			}
		},
		{
			"name": "top",
			"from": [13.5, 13, 2.5],
			"to": [16, 16, 13.5],
			"faces": {
				"north": {"uv": [0, 0, 1, 1], "texture": "#missing"},
				"east": {"uv": [2.5, 0, 13.5, 3], "texture": "#1"},
				"south": {"uv": [0, 0, 1, 1], "texture": "#missing"},
				"west": {"uv": [0, 0, 1, 1], "texture": "#missing"},
				"up": {"uv": [2.5, 0, 13.5, 2.5], "rotation": 90, "texture": "#3"},
				"down": {"uv": [2.5, 0, 13.5, 2.5], "rotation": 270, "texture": "#1"}
			}
		},
		{
			"name": "top",
			"from": [0, 13, 2.5],
			"to": [2.5, 16, 13.5],
			"faces": {
				"north": {"uv": [0, 0, 1, 1], "texture": "#missing"},
				"east": {"uv": [0, 0, 1, 1], "texture": "#missing"},
				"south": {"uv": [0, 0, 1, 1], "texture": "#missing"},
				"west": {"uv": [2.5, 0, 13.5, 3], "texture": "#1"},
				"up": {"uv": [2.5, 0, 13.5, 2.5], "rotation": 270, "texture": "#3"},
				"down": {"uv": [2.5, 0, 13.5, 2.5], "rotation": 90, "texture": "#1"}
			}
		},
		{
			"name": "top",
			"from": [2.5, 13, 13.5],
			"to": [13.5, 16, 16],
			"faces": {
				"north": {"uv": [0, 0, 1, 1], "texture": "#missing"},
				"east": {"uv": [0, 0, 1, 1], "texture": "#missing"},
				"south": {"uv": [2.5, 0, 13.5, 3], "texture": "#1"},
				"west": {"uv": [0, 0, 1, 1], "texture": "#missing"},
				"up": {"uv": [2.5, 0, 13.5, 2.5], "rotation": 180, "texture": "#3"},
				"down": {"uv": [2.5, 0, 13.5, 2.5], "rotation": 180, "texture": "#1"}
			}
		},
		{
			"name": "pylons",
			"from": [13.5, 0, 13.5],
			"to": [16, 16, 16],
			"faces": {
				"north": {"uv": [2.5, 0, 0, 16], "texture": "#1"},
				"east": {"uv": [13.5, 0, 16, 16], "texture": "#1"},
				"south": {"uv": [16, 0, 13.5, 16], "texture": "#1"},
				"west": {"uv": [0, 0, 2.5, 16], "texture": "#1"},
				"up": {"uv": [13.5, 13.5, 16, 16], "texture": "#3"},
				"down": {"uv": [13.5, 0, 16, 2.5], "texture": "#0"}
			}
		},
		{
			"name": "pylons",
			"from": [0, 0, 13.5],
			"to": [2.5, 16, 16],
			"faces": {
				"north": {"uv": [13.5, 0, 16, 16], "texture": "#1"},
				"east": {"uv": [2.5, 0, 0, 16], "texture": "#1"},
				"south": {"uv": [0, 0, 2.5, 16], "texture": "#1"},
				"west": {"uv": [16, 0, 13.5, 16], "texture": "#1"},
				"up": {"uv": [0, 13.5, 2.5, 16], "texture": "#3"},
				"down": {"uv": [0, 0, 2.5, 2.5], "texture": "#0"}
			}
		},
		{
			"name": "pylons",
			"from": [0, 0, 0],
			"to": [2.5, 16, 2.5],
			"faces": {
				"north": {"uv": [16, 0, 13.5, 16], "texture": "#1"},
				"east": {"uv": [13.5, 0, 16, 16], "texture": "#1"},
				"south": {"uv": [2.5, 0, 0, 16], "texture": "#1"},
				"west": {"uv": [0, 0, 2.5, 16], "texture": "#1"},
				"up": {"uv": [0, 0, 2.5, 2.5], "texture": "#3"},
				"down": {"uv": [0, 13.5, 2.5, 16], "texture": "#0"}
			}
		},
		{
			"name": "pylons",
			"from": [13.5, 0, 0],
			"to": [16, 16, 2.5],
			"faces": {
				"north": {"uv": [0, 0, 2.5, 16], "texture": "#1"},
				"east": {"uv": [16, 0, 13.5, 16], "texture": "#1"},
				"south": {"uv": [13.5, 0, 16, 16], "texture": "#1"},
				"west": {"uv": [0, 0, 2.5, 16], "texture": "#1"},
				"up": {"uv": [13.5, 0, 16, 2.5], "texture": "#3"},
				"down": {"uv": [13.5, 13.5, 16, 16], "texture": "#0"}
			}
		},
		{
			"name": "tongs1",
			"from": [2, 9.5, 12.5],
			"to": [2.5, 12, 13],
			"faces": {
				"north": {"uv": [12.5, 4, 13, 6.5], "texture": "#2"},
				"east": {"uv": [0, 0, 1, 1], "texture": "#missing"},
				"south": {"uv": [12.5, 4, 13, 6.5], "texture": "#2"},
				"west": {"uv": [12.5, 4, 13, 6.5], "texture": "#2"},
				"up": {"uv": [12.5, 4, 13, 4.5], "texture": "#2"},
				"down": {"uv": [12.5, 6, 13, 6.5], "texture": "#2"}
			}
		},
		{
			"name": "tongs1",
			"from": [2, 9, 12],
			"to": [2.5, 11.5, 12.5],
			"faces": {
				"north": {"uv": [12, 4.5, 12.5, 7], "texture": "#2"},
				"east": {"uv": [0, 0, 1, 1], "texture": "#missing"},
				"south": {"uv": [12, 4.5, 12.5, 7], "texture": "#2"},
				"west": {"uv": [12, 4.5, 12.5, 7], "texture": "#2"},
				"up": {"uv": [12.5, 4, 13, 4.5], "texture": "#2"},
				"down": {"uv": [12, 6.5, 12.5, 7], "texture": "#2"}
			}
		},
		{
			"name": "tongs1",
			"from": [2, 8, 11.5],
			"to": [2.5, 10.5, 12],
			"faces": {
				"north": {"uv": [12, 4.5, 12.5, 7], "texture": "#2"},
				"east": {"uv": [0, 0, 1, 1], "texture": "#missing"},
				"south": {"uv": [11.5, 5.5, 12, 8], "texture": "#2"},
				"west": {"uv": [11.5, 5.5, 12, 8], "texture": "#2"},
				"up": {"uv": [12.5, 4, 13, 4.5], "texture": "#2"},
				"down": {"uv": [11.5, 7.5, 12, 8], "texture": "#2"}
			}
		},
		{
			"name": "tongs1",
			"from": [2, 7.5, 11],
			"to": [2.5, 10, 11.5],
			"faces": {
				"north": {"uv": [11, 6, 11.5, 8.5], "texture": "#2"},
				"east": {"uv": [0, 0, 1, 1], "texture": "#missing"},
				"south": {"uv": [11, 6, 11.5, 8.5], "texture": "#2"},
				"west": {"uv": [11, 6, 11.5, 8.5], "texture": "#2"},
				"up": {"uv": [12.5, 4, 13, 4.5], "texture": "#2"},
				"down": {"uv": [0, 0, 1, 1], "texture": "#missing"}
			}
		},
		{
			"name": "tongs1",
			"from": [2, 7.5, 10],
			"to": [2.5, 10, 10.5],
			"faces": {
				"north": {"uv": [10, 6, 10.5, 8.5], "texture": "#2"},
				"east": {"uv": [0, 0, 1, 1], "texture": "#missing"},
				"south": {"uv": [10, 6, 10.5, 8.5], "texture": "#2"},
				"west": {"uv": [10, 6, 10.5, 8.5], "texture": "#2"},
				"up": {"uv": [12.5, 4, 13, 4.5], "texture": "#2"},
				"down": {"uv": [0, 0, 1, 1], "texture": "#missing"}
			}
		},
		{
			"name": "tongs1",
			"from": [2, 8, 9.5],
			"to": [2.5, 10.5, 10],
			"faces": {
				"north": {"uv": [9.5, 5.5, 10, 8], "texture": "#2"},
				"east": {"uv": [0, 0, 1, 1], "texture": "#missing"},
				"south": {"uv": [9.5, 5.5, 10, 8], "texture": "#2"},
				"west": {"uv": [9.5, 5.5, 10, 8], "texture": "#2"},
				"up": {"uv": [12.5, 4, 13, 4.5], "texture": "#2"},
				"down": {"uv": [11.5, 7.5, 12, 8], "texture": "#2"}
			}
		},
		{
			"name": "tongs1",
			"from": [2, 9, 9],
			"to": [2.5, 11.5, 9.5],
			"faces": {
				"north": {"uv": [9, 4.5, 9.5, 7], "texture": "#2"},
				"east": {"uv": [0, 0, 1, 1], "texture": "#missing"},
				"south": {"uv": [9, 4.5, 9.5, 7], "texture": "#2"},
				"west": {"uv": [9, 4.5, 9.5, 7], "texture": "#2"},
				"up": {"uv": [12.5, 4, 13, 4.5], "texture": "#2"},
				"down": {"uv": [11.5, 7.5, 12, 8], "texture": "#2"}
			}
		},
		{
			"name": "tongs1",
			"from": [2, 9.5, 8.5],
			"to": [2.5, 12, 9],
			"faces": {
				"north": {"uv": [8.5, 4, 9, 6.5], "texture": "#2"},
				"east": {"uv": [0, 0, 1, 1], "texture": "#missing"},
				"south": {"uv": [8.5, 4, 9, 6.5], "texture": "#2"},
				"west": {"uv": [8.5, 4, 9, 6.5], "texture": "#2"},
				"up": {"uv": [12.5, 4, 13, 4.5], "texture": "#2"},
				"down": {"uv": [8.5, 6, 9, 6.5], "texture": "#2"}
			}
		},
		{
			"name": "tongs1",
			"from": [2, 5.5, 10],
			"to": [2.5, 7.5, 11.5],
			"faces": {
				"north": {"uv": [10, 8.5, 10.5, 10.5], "texture": "#2"},
				"east": {"uv": [0, 0, 1, 1], "texture": "#missing"},
				"south": {"uv": [11, 8.5, 11.5, 10.5], "texture": "#2"},
				"west": {"uv": [10, 8.5, 11.5, 10.5], "texture": "#2"},
				"up": {"uv": [10, 8.5, 11.5, 9], "rotation": 90, "texture": "#2"},
				"down": {"uv": [10, 10, 11.5, 10.5], "rotation": 90, "texture": "#2"}
			}
		},
		{
			"name": "tongs1",
			"from": [2, 4.5, 10],
			"to": [2.5, 5.5, 10.5],
			"faces": {
				"north": {"uv": [0, 0, 1, 1], "texture": "#missing"},
				"east": {"uv": [0, 0, 1, 1], "texture": "#missing"},
				"south": {"uv": [10, 10.5, 10.5, 11.5], "texture": "#2"},
				"west": {"uv": [10, 10.5, 10.5, 11.5], "texture": "#2"},
				"up": {"uv": [0, 0, 1, 1], "texture": "#missing"},
				"down": {"uv": [10, 11, 10.5, 11.5], "texture": "#2"}
			}
		},
		{
			"name": "tongs1",
			"from": [2, 2, 9.5],
			"to": [2.5, 5.5, 10],
			"faces": {
				"north": {"uv": [9.5, 10.5, 10, 14], "texture": "#2"},
				"east": {"uv": [0, 0, 1, 1], "texture": "#missing"},
				"south": {"uv": [9.5, 10.5, 10, 14], "texture": "#2"},
				"west": {"uv": [9.5, 10.5, 10, 14], "texture": "#2"},
				"up": {"uv": [11.5, 10.5, 12, 11], "texture": "#2"},
				"down": {"uv": [9.5, 13.5, 10, 14], "texture": "#2"}
			}
		},
		{
			"name": "tongs1",
			"from": [2, 2.5, 9],
			"to": [2.5, 4.5, 9.5],
			"faces": {
				"north": {"uv": [9, 11.5, 9.5, 13.5], "texture": "#2"},
				"east": {"uv": [0, 0, 1, 1], "texture": "#missing"},
				"south": {"uv": [0, 0, 1, 1], "texture": "#missing"},
				"west": {"uv": [9, 11.5, 9.5, 13.5], "texture": "#2"},
				"up": {"uv": [11.5, 10.5, 12, 11], "texture": "#2"},
				"down": {"uv": [9, 13, 9.5, 13.5], "texture": "#2"}
			}
		},
		{
			"name": "tongs1",
			"from": [2, 4.5, 11],
			"to": [2.5, 5.5, 11.5],
			"faces": {
				"north": {"uv": [11, 10.5, 11.5, 11.5], "texture": "#2"},
				"east": {"uv": [0, 0, 1, 1], "texture": "#missing"},
				"south": {"uv": [0, 0, 1, 1], "texture": "#missing"},
				"west": {"uv": [11, 10.5, 11.5, 11.5], "texture": "#2"},
				"up": {"uv": [0, 0, 1, 1], "texture": "#missing"},
				"down": {"uv": [11, 11, 11.5, 11.5], "texture": "#2"}
			}
		},
		{
			"name": "tongs1",
			"from": [2, 2, 11.5],
			"to": [2.5, 5.5, 12],
			"faces": {
				"north": {"uv": [11.5, 10.5, 12, 14], "texture": "#2"},
				"east": {"uv": [0, 0, 1, 1], "texture": "#missing"},
				"south": {"uv": [11.5, 10.5, 12, 14], "texture": "#2"},
				"west": {"uv": [11.5, 10.5, 12, 14], "texture": "#2"},
				"up": {"uv": [11.5, 10.5, 12, 11], "texture": "#2"},
				"down": {"uv": [11.5, 13.5, 12, 14], "texture": "#2"}
			}
		},
		{
			"name": "tongs1",
			"from": [2, 2.5, 12],
			"to": [2.5, 4.5, 12.5],
			"faces": {
				"north": {"uv": [0, 0, 1, 1], "texture": "#missing"},
				"east": {"uv": [0, 0, 1, 1], "texture": "#missing"},
				"south": {"uv": [12, 11.5, 12.5, 13.5], "texture": "#2"},
				"west": {"uv": [12, 11.5, 12.5, 13.5], "texture": "#2"},
				"up": {"uv": [11.5, 10.5, 12, 11], "texture": "#2"},
				"down": {"uv": [12, 13, 12.5, 13.5], "texture": "#2"}
			}
		},
		{
			"name": "tongs2",
			"from": [13.5, 9.5, 3],
			"to": [14, 12, 3.5],
			"faces": {
				"north": {"uv": [12.5, 4, 13, 6.5], "texture": "#2"},
				"east": {"uv": [12.5, 4, 13, 6.5], "texture": "#2"},
				"south": {"uv": [12.5, 4, 13, 6.5], "texture": "#2"},
				"west": {"uv": [0, 0, 1, 1], "texture": "#missing"},
				"up": {"uv": [12.5, 4, 13, 4.5], "rotation": 180, "texture": "#2"},
				"down": {"uv": [12.5, 6, 13, 6.5], "rotation": 180, "texture": "#2"}
			}
		},
		{
			"name": "tongs2",
			"from": [13.5, 9, 3.5],
			"to": [14, 11.5, 4],
			"faces": {
				"north": {"uv": [12, 4.5, 12.5, 7], "texture": "#2"},
				"east": {"uv": [12, 4.5, 12.5, 7], "texture": "#2"},
				"south": {"uv": [12, 4.5, 12.5, 7], "texture": "#2"},
				"west": {"uv": [0, 0, 1, 1], "texture": "#missing"},
				"up": {"uv": [12.5, 4, 13, 4.5], "rotation": 180, "texture": "#2"},
				"down": {"uv": [12, 6.5, 12.5, 7], "rotation": 180, "texture": "#2"}
			}
		},
		{
			"name": "tongs2",
			"from": [13.5, 8, 4],
			"to": [14, 10.5, 4.5],
			"faces": {
				"north": {"uv": [11.5, 5.5, 12, 8], "texture": "#2"},
				"east": {"uv": [11.5, 5.5, 12, 8], "texture": "#2"},
				"south": {"uv": [12, 4.5, 12.5, 7], "texture": "#2"},
				"west": {"uv": [0, 0, 1, 1], "texture": "#missing"},
				"up": {"uv": [12.5, 4, 13, 4.5], "rotation": 180, "texture": "#2"},
				"down": {"uv": [11.5, 7.5, 12, 8], "rotation": 180, "texture": "#2"}
			}
		},
		{
			"name": "tongs2",
			"from": [13.5, 7.5, 4.5],
			"to": [14, 10, 5],
			"faces": {
				"north": {"uv": [11, 6, 11.5, 8.5], "texture": "#2"},
				"east": {"uv": [11, 6, 11.5, 8.5], "texture": "#2"},
				"south": {"uv": [11, 6, 11.5, 8.5], "texture": "#2"},
				"west": {"uv": [0, 0, 1, 1], "texture": "#missing"},
				"up": {"uv": [12.5, 4, 13, 4.5], "rotation": 180, "texture": "#2"},
				"down": {"uv": [0, 0, 1, 1], "rotation": 180, "texture": "#missing"}
			}
		},
		{
			"name": "tongs2",
			"from": [13.5, 7.5, 5.5],
			"to": [14, 10, 6],
			"faces": {
				"north": {"uv": [10, 6, 10.5, 8.5], "texture": "#2"},
				"east": {"uv": [10, 6, 10.5, 8.5], "texture": "#2"},
				"south": {"uv": [10, 6, 10.5, 8.5], "texture": "#2"},
				"west": {"uv": [0, 0, 1, 1], "texture": "#missing"},
				"up": {"uv": [12.5, 4, 13, 4.5], "rotation": 180, "texture": "#2"},
				"down": {"uv": [0, 0, 1, 1], "rotation": 180, "texture": "#missing"}
			}
		},
		{
			"name": "tongs2",
			"from": [13.5, 8, 6],
			"to": [14, 10.5, 6.5],
			"faces": {
				"north": {"uv": [9.5, 5.5, 10, 8], "texture": "#2"},
				"east": {"uv": [9.5, 5.5, 10, 8], "texture": "#2"},
				"south": {"uv": [9.5, 5.5, 10, 8], "texture": "#2"},
				"west": {"uv": [0, 0, 1, 1], "texture": "#missing"},
				"up": {"uv": [12.5, 4, 13, 4.5], "rotation": 180, "texture": "#2"},
				"down": {"uv": [11.5, 7.5, 12, 8], "rotation": 180, "texture": "#2"}
			}
		},
		{
			"name": "tongs2",
			"from": [13.5, 9, 6.5],
			"to": [14, 11.5, 7],
			"faces": {
				"north": {"uv": [9, 4.5, 9.5, 7], "texture": "#2"},
				"east": {"uv": [9, 4.5, 9.5, 7], "texture": "#2"},
				"south": {"uv": [9, 4.5, 9.5, 7], "texture": "#2"},
				"west": {"uv": [0, 0, 1, 1], "texture": "#missing"},
				"up": {"uv": [12.5, 4, 13, 4.5], "rotation": 180, "texture": "#2"},
				"down": {"uv": [11.5, 7.5, 12, 8], "rotation": 180, "texture": "#2"}
			}
		},
		{
			"name": "tongs2",
			"from": [13.5, 9.5, 7],
			"to": [14, 12, 7.5],
			"faces": {
				"north": {"uv": [8.5, 4, 9, 6.5], "texture": "#2"},
				"east": {"uv": [8.5, 4, 9, 6.5], "texture": "#2"},
				"south": {"uv": [8.5, 4, 9, 6.5], "texture": "#2"},
				"west": {"uv": [0, 0, 1, 1], "texture": "#missing"},
				"up": {"uv": [12.5, 4, 13, 4.5], "rotation": 180, "texture": "#2"},
				"down": {"uv": [8.5, 6, 9, 6.5], "rotation": 180, "texture": "#2"}
			}
		},
		{
			"name": "tongs2",
			"from": [13.5, 5.5, 4.5],
			"to": [14, 7.5, 6],
			"faces": {
				"north": {"uv": [11, 8.5, 11.5, 10.5], "texture": "#2"},
				"east": {"uv": [10, 8.5, 11.5, 10.5], "texture": "#2"},
				"south": {"uv": [10, 8.5, 10.5, 10.5], "texture": "#2"},
				"west": {"uv": [0, 0, 1, 1], "texture": "#missing"},
				"up": {"uv": [10, 8.5, 11.5, 9], "rotation": 270, "texture": "#2"},
				"down": {"uv": [10, 10, 11.5, 10.5], "rotation": 270, "texture": "#2"}
			}
		},
		{
			"name": "tongs2",
			"from": [13.5, 4.5, 5.5],
			"to": [14, 5.5, 6],
			"faces": {
				"north": {"uv": [10, 10.5, 10.5, 11.5], "texture": "#2"},
				"east": {"uv": [10, 10.5, 10.5, 11.5], "texture": "#2"},
				"south": {"uv": [0, 0, 1, 1], "texture": "#missing"},
				"west": {"uv": [0, 0, 1, 1], "texture": "#missing"},
				"up": {"uv": [0, 0, 1, 1], "rotation": 180, "texture": "#missing"},
				"down": {"uv": [10, 11, 10.5, 11.5], "rotation": 180, "texture": "#2"}
			}
		},
		{
			"name": "tongs2",
			"from": [13.5, 2, 6],
			"to": [14, 5.5, 6.5],
			"faces": {
				"north": {"uv": [9.5, 10.5, 10, 14], "texture": "#2"},
				"east": {"uv": [9.5, 10.5, 10, 14], "texture": "#2"},
				"south": {"uv": [9.5, 10.5, 10, 14], "texture": "#2"},
				"west": {"uv": [0, 0, 1, 1], "texture": "#missing"},
				"up": {"uv": [11.5, 10.5, 12, 11], "rotation": 180, "texture": "#2"},
				"down": {"uv": [9.5, 13.5, 10, 14], "rotation": 180, "texture": "#2"}
			}
		},
		{
			"name": "tongs2",
			"from": [13.5, 2.5, 6.5],
			"to": [14, 4.5, 7],
			"faces": {
				"north": {"uv": [0, 0, 1, 1], "texture": "#missing"},
				"east": {"uv": [9, 11.5, 9.5, 13.5], "texture": "#2"},
				"south": {"uv": [9, 11.5, 9.5, 13.5], "texture": "#2"},
				"west": {"uv": [0, 0, 1, 1], "texture": "#missing"},
				"up": {"uv": [11.5, 10.5, 12, 11], "rotation": 180, "texture": "#2"},
				"down": {"uv": [9, 13, 9.5, 13.5], "rotation": 180, "texture": "#2"}
			}
		},
		{
			"name": "tongs2",
			"from": [13.5, 4.5, 4.5],
			"to": [14, 5.5, 5],
			"faces": {
				"north": {"uv": [0, 0, 1, 1], "texture": "#missing"},
				"east": {"uv": [11, 10.5, 11.5, 11.5], "texture": "#2"},
				"south": {"uv": [11, 10.5, 11.5, 11.5], "texture": "#2"},
				"west": {"uv": [0, 0, 1, 1], "texture": "#missing"},
				"up": {"uv": [0, 0, 1, 1], "rotation": 180, "texture": "#missing"},
				"down": {"uv": [11, 11, 11.5, 11.5], "rotation": 180, "texture": "#2"}
			}
		},
		{
			"name": "tongs2",
			"from": [13.5, 2, 4],
			"to": [14, 5.5, 4.5],
			"faces": {
				"north": {"uv": [11.5, 10.5, 12, 14], "texture": "#2"},
				"east": {"uv": [11.5, 10.5, 12, 14], "texture": "#2"},
				"south": {"uv": [11.5, 10.5, 12, 14], "texture": "#2"},
				"west": {"uv": [0, 0, 1, 1], "texture": "#missing"},
				"up": {"uv": [11.5, 10.5, 12, 11], "rotation": 180, "texture": "#2"},
				"down": {"uv": [11.5, 13.5, 12, 14], "rotation": 180, "texture": "#2"}
			}
		},
		{
			"name": "tongs2",
			"from": [13.5, 2.5, 3.5],
			"to": [14, 4.5, 4],
			"faces": {
				"north": {"uv": [12, 11.5, 12.5, 13.5], "texture": "#2"},
				"east": {"uv": [12, 11.5, 12.5, 13.5], "texture": "#2"},
				"south": {"uv": [0, 0, 1, 1], "texture": "#missing"},
				"west": {"uv": [0, 0, 1, 1], "texture": "#missing"},
				"up": {"uv": [11.5, 10.5, 12, 11], "rotation": 180, "texture": "#2"},
				"down": {"uv": [12, 13, 12.5, 13.5], "rotation": 180, "texture": "#2"}
			}
		},
		{
			"name": "hammer1",
			"from": [2, 11.5, 5.5],
			"to": [2.5, 12, 6],
			"faces": {
				"north": {"uv": [5.5, 4, 6, 4.5], "texture": "#2"},
				"east": {"uv": [0, 0, 1, 1], "texture": "#missing"},
				"south": {"uv": [5.5, 4, 6, 4.5], "texture": "#2"},
				"west": {"uv": [5.5, 4, 6, 4.5], "texture": "#2"},
				"up": {"uv": [5.5, 4, 6, 4.5], "texture": "#2"},
				"down": {"uv": [0, 0, 1, 1], "texture": "#missing"}
			}
		},
		{
			"name": "hammer1",
			"from": [2, 9, 3.5],
			"to": [2.5, 11.5, 8],
			"faces": {
				"north": {"uv": [3.5, 4.5, 4, 7], "texture": "#2"},
				"east": {"uv": [0, 0, 1, 1], "texture": "#missing"},
				"south": {"uv": [7.5, 4.5, 8, 7], "texture": "#2"},
				"west": {"uv": [3.5, 4.5, 8, 7], "texture": "#2"},
				"up": {"uv": [3.5, 4.5, 8, 5], "rotation": 90, "texture": "#2"},
				"down": {"uv": [3.5, 6.5, 8, 7], "rotation": 90, "texture": "#2"}
			}
		},
		{
			"name": "hammer1",
			"from": [2, 1.5, 5.5],
			"to": [2.5, 9, 6],
			"faces": {
				"north": {"uv": [5.5, 7, 6, 14.5], "texture": "#2"},
				"east": {"uv": [0, 0, 1, 1], "texture": "#missing"},
				"south": {"uv": [5.5, 7, 6, 14.5], "texture": "#2"},
				"west": {"uv": [5.5, 7, 6, 14.5], "texture": "#2"},
				"up": {"uv": [0, 0, 1, 1], "texture": "#missing"},
				"down": {"uv": [0, 0, 1, 1], "texture": "#missing"}
			}
		},
		{
			"name": "hammer1",
			"from": [2, 3, 5],
			"to": [2.5, 4, 5.5],
			"faces": {
				"north": {"uv": [5, 12, 5.5, 13], "texture": "#2"},
				"east": {"uv": [0, 0, 1, 1], "texture": "#missing"},
				"south": {"uv": [0, 0, 1, 1], "texture": "#missing"},
				"west": {"uv": [5, 12, 5.5, 13], "texture": "#2"},
				"up": {"uv": [6, 12, 6.5, 12.5], "texture": "#2"},
				"down": {"uv": [6, 12.5, 6.5, 13], "texture": "#2"}
			}
		},
		{
			"name": "hammer1",
			"from": [2, 3, 6],
			"to": [2.5, 4, 6.5],
			"faces": {
				"north": {"uv": [0, 0, 1, 1], "texture": "#missing"},
				"east": {"uv": [0, 0, 1, 1], "texture": "#missing"},
				"south": {"uv": [6, 12, 6.5, 13], "texture": "#2"},
				"west": {"uv": [6, 12, 6.5, 13], "texture": "#2"},
				"up": {"uv": [6, 12, 6.5, 12.5], "texture": "#2"},
				"down": {"uv": [6, 12.5, 6.5, 13], "texture": "#2"}
			}
		},
		{
			"name": "hammer2",
			"from": [13.5, 11.5, 10],
			"to": [14, 12, 10.5],
			"faces": {
				"north": {"uv": [5.5, 4, 6, 4.5], "texture": "#2"},
				"east": {"uv": [5.5, 4, 6, 4.5], "texture": "#2"},
				"south": {"uv": [5.5, 4, 6, 4.5], "texture": "#2"},
				"west": {"uv": [0, 0, 1, 1], "texture": "#missing"},
				"up": {"uv": [5.5, 4, 6, 4.5], "rotation": 180, "texture": "#2"},
				"down": {"uv": [0, 0, 1, 1], "rotation": 180, "texture": "#missing"}
			}
		},
		{
			"name": "hammer2",
			"from": [13.5, 9, 8],
			"to": [14, 11.5, 12.5],
			"faces": {
				"north": {"uv": [7.5, 4.5, 8, 7], "texture": "#2"},
				"east": {"uv": [3.5, 4.5, 8, 7], "texture": "#2"},
				"south": {"uv": [3.5, 4.5, 4, 7], "texture": "#2"},
				"west": {"uv": [0, 0, 1, 1], "texture": "#missing"},
				"up": {"uv": [3.5, 4.5, 8, 5], "rotation": 270, "texture": "#2"},
				"down": {"uv": [3.5, 6.5, 8, 7], "rotation": 270, "texture": "#2"}
			}
		},
		{
			"name": "hammer2",
			"from": [13.5, 1.5, 10],
			"to": [14, 9, 10.5],
			"faces": {
				"north": {"uv": [5.5, 7, 6, 14.5], "texture": "#2"},
				"east": {"uv": [5.5, 7, 6, 14.5], "texture": "#2"},
				"south": {"uv": [5.5, 7, 6, 14.5], "texture": "#2"},
				"west": {"uv": [0, 0, 1, 1], "texture": "#missing"},
				"up": {"uv": [0, 0, 1, 1], "rotation": 180, "texture": "#missing"},
				"down": {"uv": [0, 0, 1, 1], "rotation": 180, "texture": "#missing"}
			}
		},
		{
			"name": "hammer2",
			"from": [13.5, 3, 10.5],
			"to": [14, 4, 11],
			"faces": {
				"north": {"uv": [0, 0, 1, 1], "texture": "#missing"},
				"east": {"uv": [5, 12, 5.5, 13], "texture": "#2"},
				"south": {"uv": [5, 12, 5.5, 13], "texture": "#2"},
				"west": {"uv": [0, 0, 1, 1], "texture": "#missing"},
				"up": {"uv": [6, 12, 6.5, 12.5], "rotation": 180, "texture": "#2"},
				"down": {"uv": [6, 12.5, 6.5, 13], "rotation": 180, "texture": "#2"}
			}
		},
		{
			"name": "hammer2",
			"from": [13.5, 3, 9.5],
			"to": [14, 4, 10],
			"faces": {
				"north": {"uv": [6, 12, 6.5, 13], "texture": "#2"},
				"east": {"uv": [6, 12, 6.5, 13], "texture": "#2"},
				"south": {"uv": [0, 0, 1, 1], "texture": "#missing"},
				"west": {"uv": [0, 0, 1, 1], "texture": "#missing"},
				"up": {"uv": [6, 12, 6.5, 12.5], "rotation": 180, "texture": "#2"},
				"down": {"uv": [6, 12.5, 6.5, 13], "rotation": 180, "texture": "#2"}
			}
		}
	],
	"groups": [
		{
			"name": "ruler 1",
			"children": [0, 1, 2, 3, 4, 5, 6, 7, 8, 9, 10, 11,
				{
					"name": "ruler2",
					"children": [12, 13, 14, 15, 16, 17, 18, 19, 20, 21, 22, 23,
						{
							"name": "sideflaps",
							"children": [24, 25, 26, 27]
						}
					]
				}
			]
		},
		{
			"name": "shovel1",
			"children": [28, 29, 30, 31,
				{
					"name": "shovel2",
					"children": [32, 33, 34, 35]
				}
			]
		},
		{
			"name": "top",
			"children": [36, 37, 38, 39, 40]
		},
		{
			"name": "pylons",
			"children": [41, 42, 43, 44]
		},
		{
			"name": "tongs1",
			"children": [45, 46, 47, 48, 49, 50, 51, 52, 53, 54, 55, 56, 57, 58, 59,
				{
					"name": "tongs2",
					"children": [60, 61, 62, 63, 64, 65, 66, 67, 68, 69, 70, 71, 72, 73, 74]
				}
			]
		},
		{
			"name": "hammer1",
			"children": [75, 76, 77, 78, 79,
				{
					"name": "hammer2",
					"children": [80, 81, 82, 83, 84]
				}
			]
		}
	]
}