{
	"credit": "Made with Blockbench",
	"textures": {
		"0": "block/birch_fence",
		"particle": "block/birch_fence"
	},
	"elements": [
		{
			"name": "Post",
			"from": [7, 0, 15],
			"to": [9, 16, 16],
			"faces": {
				"north": {"uv": [14.5, 0, 12.5, 16], "texture": "#0"},
				"east": {"uv": [15.5, 0, 14.5, 16], "texture": "#0"},
				"south": {"uv": [9.5, 0, 7.5, 16], "texture": "#0"},
				"west": {"uv": [12.5, 0, 11.5, 16], "texture": "#0"},
				"up": {"uv": [2, 9.5, 0, 10.5], "texture": "#0"},
				"down": {"uv": [4.5, 9.5, 2.5, 10.5], "texture": "#0"}
			}
		},
		{
			"name": "Cross Wattle",
			"from": [7.75, 14.5, 7.5],
			"to": [8.25, 15, 16.5],
			"rotation": {"angle": -22.5, "axis": "y", "origin": [8, 14.25, 12]},
			"faces": {
				"north": {"uv": [0.5, 0, 0, 0.5], "texture": "#0"},
				"east": {"uv": [2, 9, 2.5, 0], "rotation": 90, "texture": "#0"},
				"south": {"uv": [0.5, 8.5, 0, 9], "texture": "#0"},
				"west": {"uv": [1, 9, 1.5, 0], "rotation": 90, "texture": "#0"},
				"up": {"uv": [0.5, 0, 0, 9], "rotation": 180, "texture": "#0"},
				"down": {"uv": [3.5, 0, 3, 9], "rotation": 180, "texture": "#0"}
			}
		},
		{
			"name": "Cross Wattle",
			"from": [7.75, 14.5, 7.5],
			"to": [8.25, 15, 16.5],
			"rotation": {"angle": 22.5, "axis": "y", "origin": [8, 14.75, 12]},
			"faces": {
				"north": {"uv": [0.5, 0, 0, 0.5], "texture": "#0"},
				"east": {"uv": [2, 9, 2.5, 0], "rotation": 90, "texture": "#0"},
				"south": {"uv": [0.5, 8.5, 0, 9], "texture": "#0"},
				"west": {"uv": [1, 9, 1.5, 0], "rotation": 270, "texture": "#0"},
				"up": {"uv": [0.5, 0, 0, 9], "rotation": 180, "texture": "#0"},
				"down": {"uv": [3.5, 0, 3, 9], "texture": "#0"}
			}
		},
		{
			"name": "Wattle",
			"from": [7.75, 13.5, 7.5],
			"to": [8.25, 14, 16.5],
			"rotation": {"angle": 22.5, "axis": "y", "origin": [8, 13.75, 12]},
			"faces": {
				"north": {"uv": [5.5, 0, 5, 0.5], "texture": "#0"},
				"east": {"uv": [5, 9, 5.5, 0], "rotation": 90, "texture": "#0"},
				"south": {"uv": [5.5, 8.5, 5, 9], "texture": "#0"},
				"west": {"uv": [5, 9, 5.5, 0], "rotation": 90, "texture": "#0"},
				"up": {"uv": [5.5, 0, 5, 9], "texture": "#0"},
				"down": {"uv": [4.5, 0, 4, 9], "rotation": 180, "texture": "#0"}
			}
		},
		{
			"name": "Wattle",
			"from": [7.75, 13, 7.5],
			"to": [8.25, 13.5, 16.5],
			"rotation": {"angle": -22.5, "axis": "y", "origin": [8, 13.25, 12]},
			"faces": {
				"north": {"uv": [5.5, 0, 5, 0.5], "texture": "#0"},
				"east": {"uv": [4, 9, 4.5, 0], "rotation": 90, "texture": "#0"},
				"south": {"uv": [5.5, 8.5, 5, 9], "texture": "#0"},
				"west": {"uv": [5, 9, 5.5, 0], "rotation": 90, "texture": "#0"},
				"up": {"uv": [5.5, 0, 5, 9], "rotation": 180, "texture": "#0"},
				"down": {"uv": [4.5, 0, 4, 9], "rotation": 180, "texture": "#0"}
			}
		},
		{
			"name": "Wattle",
			"from": [7.75, 11.5, 7.5],
			"to": [8.25, 12, 16.5],
			"rotation": {"angle": 22.5, "axis": "y", "origin": [8, 11.75, 12]},
			"faces": {
				"north": {"uv": [5.5, 0, 5, 0.5], "texture": "#0"},
				"east": {"uv": [2, 9, 2.5, 0], "rotation": 90, "texture": "#0"},
				"south": {"uv": [5.5, 8.5, 5, 9], "texture": "#0"},
				"west": {"uv": [1, 9, 1.5, 0], "rotation": 90, "texture": "#0"},
				"up": {"uv": [3.5, 0, 3, 9], "rotation": 180, "texture": "#0"},
				"down": {"uv": [4.5, 0, 4, 9], "rotation": 180, "texture": "#0"}
			}
		},
		{
			"name": "Wattle",
			"from": [7.75, 11, 7.5],
			"to": [8.25, 11.5, 16.5],
			"rotation": {"angle": -22.5, "axis": "y", "origin": [8, 11.25, 12]},
			"faces": {
				"north": {"uv": [5.5, 0, 5, 0.5], "texture": "#0"},
				"east": {"uv": [5, 9, 5.5, 0], "rotation": 270, "texture": "#0"},
				"south": {"uv": [5.5, 8.5, 5, 9], "texture": "#0"},
				"west": {"uv": [5, 9, 5.5, 0], "rotation": 270, "texture": "#0"},
				"up": {"uv": [5.5, 0, 5, 9], "rotation": 180, "texture": "#0"},
				"down": {"uv": [4.5, 0, 4, 9], "rotation": 180, "texture": "#0"}
			}
		},
		{
			"name": "Wattle",
			"from": [7.75, 12, 7.5],
			"to": [8.25, 12.5, 16.5],
			"rotation": {"angle": -22.5, "axis": "y", "origin": [8, 12.25, 12]},
			"faces": {
				"north": {"uv": [5.5, 0, 5, 0.5], "texture": "#0"},
				"east": {"uv": [7, 9, 7.5, 0], "rotation": 90, "texture": "#0"},
				"south": {"uv": [5.5, 8.5, 5, 9], "texture": "#0"},
				"west": {"uv": [7, 9, 7.5, 0], "rotation": 90, "texture": "#0"},
				"up": {"uv": [5.5, 0, 5, 9], "rotation": 180, "texture": "#0"},
				"down": {"uv": [4.5, 0, 4, 9], "rotation": 180, "texture": "#0"}
			}
		},
		{
			"name": "Wattle",
			"from": [7.75, 12.5, 7.5],
			"to": [8.25, 13, 16.5],
			"rotation": {"angle": 22.5, "axis": "y", "origin": [8, 12.75, 12]},
			"faces": {
				"north": {"uv": [5.5, 0, 5, 0.5], "texture": "#0"},
				"east": {"uv": [5, 9, 5.5, 0], "rotation": 90, "texture": "#0"},
				"south": {"uv": [5.5, 8.5, 5, 9], "texture": "#0"},
				"west": {"uv": [4, 9, 4.5, 0], "rotation": 270, "texture": "#0"},
				"up": {"uv": [5.5, 0, 5, 9], "rotation": 180, "texture": "#0"},
				"down": {"uv": [4.5, 0, 4, 9], "rotation": 180, "texture": "#0"}
			}
		},
		{
			"name": "Wattle",
			"from": [7.75, 8, 7.5],
			"to": [8.25, 8.5, 16.5],
			"rotation": {"angle": -22.5, "axis": "y", "origin": [8, 8.25, 12]},
			"faces": {
				"north": {"uv": [5.5, 0, 5, 0.5], "texture": "#0"},
				"east": {"uv": [2, 9, 2.5, 0], "rotation": 270, "texture": "#0"},
				"south": {"uv": [5.5, 8.5, 5, 9], "texture": "#0"},
				"west": {"uv": [2, 9, 2.5, 0], "rotation": 270, "texture": "#0"},
				"up": {"uv": [3.5, 0, 3, 9], "rotation": 180, "texture": "#0"},
				"down": {"uv": [4.5, 0, 4, 9], "rotation": 180, "texture": "#0"}
			}
		},
		{
			"name": "Wattle",
			"from": [7.75, 8.5, 7.5],
			"to": [8.25, 9, 16.5],
			"rotation": {"angle": 22.5, "axis": "y", "origin": [8, 8.75, 12]},
			"faces": {
				"north": {"uv": [5.5, 0, 5, 0.5], "texture": "#0"},
				"east": {"uv": [3, 9, 3.5, 0], "rotation": 90, "texture": "#0"},
				"south": {"uv": [5.5, 8.5, 5, 9], "texture": "#0"},
				"west": {"uv": [3, 9, 3.5, 0], "rotation": 90, "texture": "#0"},
				"up": {"uv": [5.5, 0, 5, 9], "rotation": 180, "texture": "#0"},
				"down": {"uv": [4.5, 0, 4, 9], "rotation": 180, "texture": "#0"}
			}
		},
		{
			"name": "Wattle",
			"from": [7.75, 9, 7.5],
			"to": [8.25, 9.5, 16.5],
			"rotation": {"angle": -22.5, "axis": "y", "origin": [8, 9.25, 12]},
			"faces": {
				"north": {"uv": [5.5, 0, 5, 0.5], "texture": "#0"},
				"east": {"uv": [5, 9, 5.5, 0], "rotation": 270, "texture": "#0"},
				"south": {"uv": [5.5, 8.5, 5, 9], "texture": "#0"},
				"west": {"uv": [5, 9, 5.5, 0], "rotation": 90, "texture": "#0"},
				"up": {"uv": [5.5, 0, 5, 9], "rotation": 180, "texture": "#0"},
				"down": {"uv": [4.5, 0, 4, 9], "rotation": 180, "texture": "#0"}
			}
		},
		{
			"name": "Wattle",
			"from": [7.75, 9.5, 7.5],
			"to": [8.25, 10, 16.5],
			"rotation": {"angle": 22.5, "axis": "y", "origin": [8, 9.75, 12]},
			"faces": {
				"north": {"uv": [5.5, 0, 5, 0.5], "texture": "#0"},
				"east": {"uv": [5, 9, 5.5, 0], "rotation": 90, "texture": "#0"},
				"south": {"uv": [5.5, 8.5, 5, 9], "texture": "#0"},
				"west": {"uv": [4, 9, 4.5, 0], "rotation": 90, "texture": "#0"},
				"up": {"uv": [5.5, 0, 5, 9], "rotation": 180, "texture": "#0"},
				"down": {"uv": [4.5, 0, 4, 9], "rotation": 180, "texture": "#0"}
			}
		},
		{
			"name": "Wattle",
			"from": [7.75, 10, 7.5],
			"to": [8.25, 10.5, 16.5],
			"rotation": {"angle": -22.5, "axis": "y", "origin": [8, 10.25, 12]},
			"faces": {
				"north": {"uv": [5.5, 0, 5, 0.5], "texture": "#0"},
				"east": {"uv": [7, 9, 7.5, 0], "rotation": 270, "texture": "#0"},
				"south": {"uv": [5.5, 8.5, 5, 9], "texture": "#0"},
				"west": {"uv": [5, 9, 5.5, 0], "rotation": 90, "texture": "#0"},
				"up": {"uv": [5.5, 0, 5, 9], "rotation": 180, "texture": "#0"},
				"down": {"uv": [4.5, 0, 4, 9], "rotation": 180, "texture": "#0"}
			}
		},
		{
			"name": "Wattle",
			"from": [7.75, 10.5, 7.5],
			"to": [8.25, 11, 16.5],
			"rotation": {"angle": 22.5, "axis": "y", "origin": [8, 10.75, 12]},
			"faces": {
				"north": {"uv": [5.5, 0, 5, 0.5], "texture": "#0"},
				"east": {"uv": [4, 9, 4.5, 0], "rotation": 270, "texture": "#0"},
				"south": {"uv": [5.5, 8.5, 5, 9], "texture": "#0"},
				"west": {"uv": [6, 9, 6.5, 0], "rotation": 270, "texture": "#0"},
				"up": {"uv": [5.5, 0, 5, 9], "rotation": 180, "texture": "#0"},
				"down": {"uv": [4.5, 0, 4, 9], "rotation": 180, "texture": "#0"}
			}
		},
		{
			"name": "Lower Wattle",
			"from": [7.75, 7.5, 7.5],
			"to": [8.25, 8, 16.5],
			"rotation": {"angle": 22.5, "axis": "y", "origin": [8, 7.75, 12]},
			"faces": {
				"north": {"uv": [5.5, 0, 5, 0.5], "texture": "#0"},
				"east": {"uv": [6, 9, 6.5, 0], "rotation": 90, "texture": "#0"},
				"south": {"uv": [5.5, 8.5, 5, 9], "texture": "#0"},
				"west": {"uv": [5, 9, 5.5, 0], "rotation": 90, "texture": "#0"},
				"up": {"uv": [5.5, 0, 5, 9], "rotation": 180, "texture": "#0"},
				"down": {"uv": [4.5, 0, 4, 9], "rotation": 180, "texture": "#0"}
			}
		},
		{
			"name": "Lower Wattle",
			"from": [7.75, 7, 7.5],
			"to": [8.25, 7.5, 16.5],
			"rotation": {"angle": -22.5, "axis": "y", "origin": [8, 7.25, 12]},
			"faces": {
				"north": {"uv": [5.5, 0, 5, 0.5], "texture": "#0"},
				"east": {"uv": [6, 9, 6.5, 0], "rotation": 270, "texture": "#0"},
				"south": {"uv": [5.5, 8.5, 5, 9], "texture": "#0"},
				"west": {"uv": [7, 9, 7.5, 0], "rotation": 90, "texture": "#0"},
				"up": {"uv": [5.5, 0, 5, 9], "rotation": 180, "texture": "#0"},
				"down": {"uv": [4.5, 0, 4, 9], "rotation": 180, "texture": "#0"}
			}
		},
		{
			"name": "Lower Wattle",
			"from": [7.75, 6.5, 7.5],
			"to": [8.25, 7, 16.5],
			"rotation": {"angle": 22.5, "axis": "y", "origin": [8, 6.75, 12]},
			"faces": {
				"north": {"uv": [5.5, 0, 5, 0.5], "texture": "#0"},
				"east": {"uv": [7, 9, 7.5, 0], "rotation": 90, "texture": "#0"},
				"south": {"uv": [5.5, 8.5, 5, 9], "texture": "#0"},
				"west": {"uv": [5, 9, 5.5, 0], "rotation": 270, "texture": "#0"},
				"up": {"uv": [5.5, 0, 5, 9], "rotation": 180, "texture": "#0"},
				"down": {"uv": [4.5, 0, 4, 9], "rotation": 180, "texture": "#0"}
			}
		},
		{
			"name": "Lower Wattle",
			"from": [7.75, 6, 7.5],
			"to": [8.25, 6.5, 16.5],
			"rotation": {"angle": -22.5, "axis": "y", "origin": [8, 6.25, 12]},
			"faces": {
				"north": {"uv": [5.5, 0, 5, 0.5], "texture": "#0"},
				"east": {"uv": [6, 9, 6.5, 0], "rotation": 90, "texture": "#0"},
				"south": {"uv": [5.5, 8.5, 5, 9], "texture": "#0"},
				"west": {"uv": [5, 9, 5.5, 0], "rotation": 90, "texture": "#0"},
				"up": {"uv": [4.5, 0, 4, 9], "rotation": 180, "texture": "#0"},
				"down": {"uv": [4.5, 0, 4, 9], "rotation": 180, "texture": "#0"}
			}
		},
		{
			"name": "Lower Wattle",
			"from": [7.75, 5.5, 7.5],
			"to": [8.25, 6, 16.5],
			"rotation": {"angle": 22.5, "axis": "y", "origin": [8, 5.75, 12]},
			"faces": {
				"north": {"uv": [5.5, 0, 5, 0.5], "texture": "#0"},
				"east": {"uv": [2, 9, 2.5, 0], "rotation": 90, "texture": "#0"},
				"south": {"uv": [5.5, 8.5, 5, 9], "texture": "#0"},
				"west": {"uv": [3, 9, 3.5, 0], "rotation": 90, "texture": "#0"},
				"up": {"uv": [5.5, 0, 5, 9], "rotation": 180, "texture": "#0"},
				"down": {"uv": [4.5, 0, 4, 9], "rotation": 180, "texture": "#0"}
			}
		},
		{
			"name": "Lower Wattle",
			"from": [7.75, 5, 7.5],
			"to": [8.25, 5.5, 16.5],
			"rotation": {"angle": -22.5, "axis": "y", "origin": [8, 5.25, 12]},
			"faces": {
				"north": {"uv": [5.5, 0, 5, 0.5], "texture": "#0"},
				"east": {"uv": [6, 9, 6.5, 0], "rotation": 90, "texture": "#0"},
				"south": {"uv": [5.5, 8.5, 5, 9], "texture": "#0"},
				"west": {"uv": [5, 9, 5.5, 0], "rotation": 270, "texture": "#0"},
				"up": {"uv": [5.5, 0, 5, 9], "rotation": 180, "texture": "#0"},
				"down": {"uv": [4.5, 0, 4, 9], "rotation": 180, "texture": "#0"}
			}
		},
		{
			"name": "Lower Wattle",
			"from": [7.75, 4.5, 7.5],
			"to": [8.25, 5, 16.5],
			"rotation": {"angle": 22.5, "axis": "y", "origin": [8, 4.75, 12]},
			"faces": {
				"north": {"uv": [5.5, 0, 5, 0.5], "texture": "#0"},
				"east": {"uv": [3, 9, 3.5, 0], "rotation": 90, "texture": "#0"},
				"south": {"uv": [5.5, 8.5, 5, 9], "texture": "#0"},
				"west": {"uv": [2, 9, 2.5, 0], "rotation": 90, "texture": "#0"},
				"up": {"uv": [4.5, 0, 4, 9], "rotation": 180, "texture": "#0"},
				"down": {"uv": [4.5, 0, 4, 9], "rotation": 180, "texture": "#0"}
			}
		},
		{
			"name": "Lower Wattle",
			"from": [7.75, 4, 7.5],
			"to": [8.25, 4.5, 16.5],
			"rotation": {"angle": -22.5, "axis": "y", "origin": [8, 4.25, 12]},
			"faces": {
				"north": {"uv": [5.5, 0, 5, 0.5], "texture": "#0"},
				"east": {"uv": [4, 9, 4.5, 0], "rotation": 90, "texture": "#0"},
				"south": {"uv": [5.5, 8.5, 5, 9], "texture": "#0"},
				"west": {"uv": [5, 9, 5.5, 0], "rotation": 90, "texture": "#0"},
				"up": {"uv": [5.5, 0, 5, 9], "rotation": 180, "texture": "#0"},
				"down": {"uv": [4.5, 0, 4, 9], "rotation": 180, "texture": "#0"}
			}
		},
		{
			"name": "Lower Wattle",
			"from": [7.75, 3.5, 7.5],
			"to": [8.25, 4, 16.5],
			"rotation": {"angle": 22.5, "axis": "y", "origin": [8, 3.75, 12]},
			"faces": {
				"north": {"uv": [5.5, 0, 5, 0.5], "texture": "#0"},
				"east": {"uv": [6, 9, 6.5, 0], "rotation": 90, "texture": "#0"},
				"south": {"uv": [5.5, 8.5, 5, 9], "texture": "#0"},
				"west": {"uv": [4, 9, 4.5, 0], "rotation": 90, "texture": "#0"},
				"up": {"uv": [5.5, 0, 5, 9], "rotation": 180, "texture": "#0"},
				"down": {"uv": [4.5, 0, 4, 9], "rotation": 180, "texture": "#0"}
			}
		},
		{
			"name": "Lower Wattle",
			"from": [7.75, 3, 7.5],
			"to": [8.25, 3.5, 16.5],
			"rotation": {"angle": -22.5, "axis": "y", "origin": [8, 3.25, 12]},
			"faces": {
				"north": {"uv": [5.5, 0, 5, 0.5], "texture": "#0"},
				"east": {"uv": [6, 9, 6.5, 0], "rotation": 90, "texture": "#0"},
				"south": {"uv": [5.5, 8.5, 5, 9], "texture": "#0"},
				"west": {"uv": [7, 9, 7.5, 0], "rotation": 270, "texture": "#0"},
				"up": {"uv": [5.5, 0, 5, 9], "rotation": 180, "texture": "#0"},
				"down": {"uv": [4.5, 0, 4, 9], "rotation": 180, "texture": "#0"}
			}
		},
		{
			"name": "Lower Wattle",
			"from": [7.75, 2.5, 7.5],
			"to": [8.25, 3, 16.5],
			"rotation": {"angle": 22.5, "axis": "y", "origin": [8, 2.75, 12]},
			"faces": {
				"north": {"uv": [5.5, 0, 5, 0.5], "texture": "#0"},
				"east": {"uv": [6, 9, 6.5, 0], "rotation": 90, "texture": "#0"},
				"south": {"uv": [5.5, 8.5, 5, 9], "texture": "#0"},
				"west": {"uv": [5, 9, 5.5, 0], "rotation": 90, "texture": "#0"},
				"up": {"uv": [5.5, 0, 5, 9], "rotation": 180, "texture": "#0"},
				"down": {"uv": [4.5, 0, 4, 9], "rotation": 180, "texture": "#0"}
			}
		},
		{
			"name": "Lower Wattle",
			"from": [7.75, 2, 7.5],
			"to": [8.25, 2.5, 16.5],
			"rotation": {"angle": -22.5, "axis": "y", "origin": [8, 2.25, 12]},
			"faces": {
				"north": {"uv": [5.5, 0, 5, 0.5], "texture": "#0"},
				"east": {"uv": [2, 9, 2.5, 0], "rotation": 90, "texture": "#0"},
				"south": {"uv": [5.5, 8.5, 5, 9], "texture": "#0"},
				"west": {"uv": [2, 9, 2.5, 0], "rotation": 90, "texture": "#0"},
				"up": {"uv": [3.5, 0, 3, 9], "rotation": 180, "texture": "#0"},
				"down": {"uv": [4.5, 0, 4, 9], "rotation": 180, "texture": "#0"}
			}
		},
		{
			"name": "Lower Wattle",
			"from": [7.75, 1.5, 7.5],
			"to": [8.25, 2, 16.5],
			"rotation": {"angle": 22.5, "axis": "y", "origin": [8, 1.75, 12]},
			"faces": {
				"north": {"uv": [5.5, 0, 5, 0.5], "texture": "#0"},
				"east": {"uv": [6, 9, 6.5, 0], "rotation": 90, "texture": "#0"},
				"south": {"uv": [5.5, 8.5, 5, 9], "texture": "#0"},
				"west": {"uv": [5, 9, 5.5, 0], "rotation": 90, "texture": "#0"},
				"up": {"uv": [5.5, 0, 5, 9], "rotation": 180, "texture": "#0"},
				"down": {"uv": [4.5, 0, 4, 9], "rotation": 180, "texture": "#0"}
			}
		},
		{
			"name": "Lower Wattle",
			"from": [7.75, 1, 7.5],
			"to": [8.25, 1.5, 16.5],
			"rotation": {"angle": -22.5, "axis": "y", "origin": [8, 1.25, 12]},
			"faces": {
				"north": {"uv": [5.5, 0, 5, 0.5], "texture": "#0"},
				"east": {"uv": [6, 9, 6.5, 0], "rotation": 90, "texture": "#0"},
				"south": {"uv": [5.5, 8.5, 5, 9], "texture": "#0"},
				"west": {"uv": [5, 9, 5.5, 0], "rotation": 90, "texture": "#0"},
				"up": {"uv": [5.5, 0, 5, 9], "rotation": 180, "texture": "#0"},
				"down": {"uv": [4.5, 0, 4, 9], "rotation": 180, "texture": "#0"}
			}
		},
		{
			"name": "Lower Wattle",
			"from": [7.75, 0.5, 7.5],
			"to": [8.25, 1, 16.5],
			"rotation": {"angle": 22.5, "axis": "y", "origin": [8, 0.75, 12]},
			"faces": {
				"north": {"uv": [5.5, 0, 5, 0.5], "texture": "#0"},
				"east": {"uv": [4, 9, 4.5, 0], "rotation": 90, "texture": "#0"},
				"south": {"uv": [5.5, 8.5, 5, 9], "texture": "#0"},
				"west": {"uv": [6, 9, 6.5, 0], "rotation": 90, "texture": "#0"},
				"up": {"uv": [5.5, 0, 5, 9], "rotation": 180, "texture": "#0"},
				"down": {"uv": [4.5, 0, 4, 9], "rotation": 180, "texture": "#0"}
			}
		},
		{
			"name": "Lower Wattle",
			"from": [7.75, 0, 7.5],
			"to": [8.25, 0.5, 16.5],
			"rotation": {"angle": -22.5, "axis": "y", "origin": [8, 0.25, 12]},
			"faces": {
				"north": {"uv": [5.5, 0, 5, 0.5], "texture": "#0"},
				"east": {"uv": [4, 9, 4.5, 0], "rotation": 270, "texture": "#0"},
				"south": {"uv": [5.5, 8.5, 5, 9], "texture": "#0"},
				"west": {"uv": [4, 9, 4.5, 0], "rotation": 90, "texture": "#0"},
				"up": {"uv": [5.5, 0, 5, 9], "rotation": 180, "texture": "#0"},
				"down": {"uv": [4.5, 0, 4, 9], "rotation": 180, "texture": "#0"}
			}
		}
	],
	"groups": [
		{
			"name": "Wattle Fence",
			"children": [0, 1, 2, 3, 4, 5, 6, 7, 8, 9, 10, 11, 12, 13, 14, 15, 16, 17, 18, 19, 20, 21, 22, 23, 24, 25, 26, 27, 28, 29, 30]
		}
	]
}