{
	"credit": "Made with Blockbench",
	"textures": {
		"0": "block/birch_fence",
		"particle": "block/birch_fence"
	},
	"elements": [
		{
			"from": [7, 0, 7],
			"to": [9, 16, 9],
			"faces": {
				"north": {"uv": [12.5, 0, 14.5, 16], "texture": "#0"},
				"east": {"uv": [14, 0, 16, 16], "texture": "#0"},
				"south": {"uv": [12.5, 0, 14.5, 16], "texture": "#0"},
				"west": {"uv": [10, 0, 12, 16], "texture": "#0"},
				"up": {"uv": [0, 9.5, 2, 11.5], "texture": "#0"},
				"down": {"uv": [2.5, 9.5, 4.5, 11.5], "texture": "#0"}
			}
		}
	],
	"groups": [
		{
			"name": "Post",
			"children": [0]
		}
	]
}