{
	"credit": "Made with Blockbench",
	"textures": {
		"1": "block/crimson_fence_gate"
	},
	"elements": [
		{
			"name": "pillar",
			"from": [14.5, 0.5, 7.5],
			"to": [15.5, 1, 8.5],
			"rotation": {"angle": 0, "axis": "y", "origin": [8, 7, 1]},
			"faces": {
				"north": {"uv": [14.5, 15, 15.5, 15.5], "rotation": 180, "texture": "#1"},
				"east": {"uv": [14.5, 15, 15.5, 15.5], "rotation": 180, "texture": "#1"},
				"south": {"uv": [14.5, 15, 15.5, 15.5], "rotation": 180, "texture": "#1"},
				"west": {"uv": [14.5, 15, 15.5, 15.5], "rotation": 180, "texture": "#1"}
			}
		},
		{
			"name": "pillar",
			"from": [14, 0, 7],
			"to": [16, 0.5, 9],
			"rotation": {"angle": 0, "axis": "y", "origin": [8, 7, 1]},
			"faces": {
				"north": {"uv": [9.5, 14, 11.5, 14.5], "rotation": 180, "texture": "#1"},
				"east": {"uv": [11.5, 15.5, 9.5, 16], "rotation": 180, "texture": "#1"},
				"south": {"uv": [9.5, 15.5, 11.5, 16], "rotation": 180, "texture": "#1"},
				"west": {"uv": [9.5, 14, 11.5, 14.5], "rotation": 180, "texture": "#1"},
				"up": {"uv": [9.5, 14, 11.5, 16], "rotation": 180, "texture": "#1"},
				"down": {"uv": [9.5, 14, 11.5, 16], "rotation": 180, "texture": "#1", "cullface": "down"}
			}
		},
		{
			"name": "pillar",
			"from": [14.5, 15, 7.5],
			"to": [15.5, 15.5, 8.5],
			"rotation": {"angle": 0, "axis": "y", "origin": [8, 7, 1]},
			"faces": {
				"north": {"uv": [14.5, 0.5, 15.5, 1], "texture": "#1"},
				"east": {"uv": [14.5, 0.5, 15.5, 1], "texture": "#1"},
				"south": {"uv": [14.5, 0.5, 15.5, 1], "texture": "#1"},
				"west": {"uv": [14.5, 0.5, 15.5, 1], "texture": "#1"}
			}
		},
		{
			"name": "pillar",
			"from": [14, 15.5, 7],
			"to": [16, 16, 9],
			"rotation": {"angle": 0, "axis": "y", "origin": [8, 7, 1]},
			"faces": {
				"north": {"uv": [9.5, 14, 11.5, 14.5], "texture": "#1"},
				"east": {"uv": [9.5, 14, 11.5, 14.5], "texture": "#1"},
				"south": {"uv": [9.5, 15.5, 11.5, 16], "texture": "#1"},
				"west": {"uv": [11.5, 15.5, 9.5, 16], "texture": "#1"},
				"up": {"uv": [9.5, 14, 11.5, 16], "texture": "#1", "cullface": "up"},
				"down": {"uv": [9.5, 14, 11.5, 16], "texture": "#1"}
			}
		},
		{
			"name": "pillar",
			"from": [14, 1, 7],
			"to": [16, 15, 9],
			"rotation": {"angle": 0, "axis": "y", "origin": [8, 7, 1]},
			"faces": {
				"north": {"uv": [14, 1, 16, 15], "texture": "#1"},
				"east": {"uv": [14, 1, 16, 15], "texture": "#1"},
				"south": {"uv": [14, 1, 16, 15], "texture": "#1"},
				"west": {"uv": [14, 1, 16, 15], "texture": "#1"},
				"up": {"uv": [11.5, 14, 13.5, 16], "texture": "#1"},
				"down": {"uv": [11.5, 14, 13.5, 16], "texture": "#1"}
			}
		},
		{
			"name": "pillar",
			"from": [0.5, 0.5, 7.5],
			"to": [1.5, 1, 8.5],
			"rotation": {"angle": 0, "axis": "y", "origin": [8, 7, 1]},
			"faces": {
				"north": {"uv": [0.5, 15, 1.5, 15.5], "rotation": 180, "texture": "#1"},
				"east": {"uv": [0.5, 15, 1.5, 15.5], "rotation": 180, "texture": "#1"},
				"south": {"uv": [0.5, 15, 1.5, 15.5], "rotation": 180, "texture": "#1"},
				"west": {"uv": [0.5, 15, 1.5, 15.5], "rotation": 180, "texture": "#1"}
			}
		},
		{
			"name": "pillar",
			"from": [0, 0, 7],
			"to": [2, 0.5, 9],
			"rotation": {"angle": 0, "axis": "y", "origin": [8, 7, 1]},
			"faces": {
				"north": {"uv": [4.5, 14, 2.5, 14.5], "rotation": 180, "texture": "#1"},
				"east": {"uv": [2.5, 14, 4.5, 14.5], "rotation": 180, "texture": "#1"},
				"south": {"uv": [2.5, 15.5, 4.5, 16], "rotation": 180, "texture": "#1"},
				"west": {"uv": [2.5, 15.5, 4.5, 16], "rotation": 180, "texture": "#1"},
				"up": {"uv": [2.5, 14, 4.5, 16], "rotation": 180, "texture": "#1"},
				"down": {"uv": [2.5, 14, 4.5, 16], "rotation": 180, "texture": "#1", "cullface": "down"}
			}
		},
		{
			"name": "pillar",
			"from": [0.5, 15, 7.5],
			"to": [1.5, 15.5, 8.5],
			"rotation": {"angle": 0, "axis": "y", "origin": [8, 7, 1]},
			"faces": {
				"north": {"uv": [0.5, 0.5, 1.5, 1], "texture": "#1"},
				"east": {"uv": [0.5, 0.5, 1.5, 1], "texture": "#1"},
				"south": {"uv": [0.5, 0.5, 1.5, 1], "texture": "#1"},
				"west": {"uv": [0.5, 0.5, 1.5, 1], "texture": "#1"}
			}
		},
		{
			"name": "pillar",
			"from": [0, 15.5, 7],
			"to": [2, 16, 9],
			"rotation": {"angle": 0, "axis": "y", "origin": [8, 7, 1]},
			"faces": {
				"north": {"uv": [4.5, 14, 2.5, 14.5], "texture": "#1"},
				"east": {"uv": [2.5, 14, 4.5, 14.5], "texture": "#1"},
				"south": {"uv": [2.5, 15.5, 4.5, 16], "texture": "#1"},
				"west": {"uv": [2.5, 14, 4.5, 14.5], "texture": "#1"},
				"up": {"uv": [2.5, 14, 4.5, 16], "texture": "#1", "cullface": "up"},
				"down": {"uv": [2.5, 14, 4.5, 16], "texture": "#1"}
			}
		},
		{
			"name": "pillar",
			"from": [0, 1, 7],
			"to": [2, 15, 9],
			"rotation": {"angle": 0, "axis": "y", "origin": [8, 7, 1]},
			"faces": {
				"north": {"uv": [0, 1, 2, 15], "texture": "#1"},
				"east": {"uv": [2, 1, 0, 15], "texture": "#1"},
				"south": {"uv": [0, 1, 2, 15], "texture": "#1"},
				"west": {"uv": [0, 1, 2, 15], "texture": "#1"},
				"up": {"uv": [4.5, 14, 6.5, 16], "texture": "#1"},
				"down": {"uv": [4.5, 14, 6.5, 16], "texture": "#1"}
			}
		},
		{
			"name": "left door",
			"from": [8, 7, 8.5],
			"to": [8.5, 7.5, 9],
			"faces": {
				"east": {"uv": [8, 15.5, 8.5, 16], "texture": "#1"},
				"south": {"uv": [8, 15.5, 8.5, 16], "texture": "#1"},
				"up": {"uv": [8, 15.5, 8.5, 16], "texture": "#1"},
				"down": {"uv": [8, 15.5, 8.5, 16], "texture": "#1"}
			}
		},
		{
			"name": "left door",
			"from": [8.5, 7.5, 8.5],
			"to": [9, 8.5, 9],
			"faces": {
				"east": {"uv": [8.5, 14.5, 9, 15.5], "texture": "#1"},
				"south": {"uv": [8.5, 14.5, 9, 15.5], "texture": "#1"},
				"west": {"uv": [8.5, 15.5, 9, 14.5], "rotation": 180, "texture": "#1"},
				"up": {"uv": [8.5, 14.5, 9, 15], "texture": "#1"},
				"down": {"uv": [8.5, 15, 9, 15.5], "texture": "#1"}
			}
		},
		{
			"name": "left door",
			"from": [8, 8.5, 8.5],
			"to": [8.5, 9, 9],
			"faces": {
				"east": {"uv": [8, 14, 8.5, 14.5], "texture": "#1"},
				"south": {"uv": [8, 14, 8.5, 14.5], "texture": "#1"},
				"up": {"uv": [8, 14, 8.5, 14.5], "texture": "#1"},
				"down": {"uv": [8, 14, 8.5, 14.5], "texture": "#1"}
			}
		},
		{
			"name": "left door",
			"from": [8, 1.5, 7.5],
			"to": [9, 14.5, 8.5],
			"faces": {
				"north": {"uv": [7, 1, 8, 14], "texture": "#1"},
				"east": {"uv": [7.5, 1, 8.5, 14], "texture": "#1"},
				"south": {"uv": [8, 1, 9, 14], "texture": "#1"},
				"up": {"uv": [9, 1, 8, 0], "rotation": 180, "texture": "#1"},
				"down": {"uv": [9, 0, 8, 1], "rotation": 270, "texture": "#1"}
			}
		},
		{
			"name": "left door",
			"from": [9, 9.5, 7.5],
			"to": [13.5, 10, 8.5],
			"faces": {
				"north": {"uv": [2.5, 5.5, 7, 6], "texture": "#1"},
				"south": {"uv": [9, 5.5, 13.5, 6], "texture": "#1"},
				"up": {"uv": [2.5, 1, 7, 0], "texture": "#1"},
				"down": {"uv": [9, 0, 13.5, 1], "texture": "#1"}
			}
		},
		{
			"name": "left door",
			"from": [9, 11.5, 7.5],
			"to": [13.5, 12, 8.5],
			"faces": {
				"north": {"uv": [2.5, 3.5, 7, 4], "texture": "#1"},
				"south": {"uv": [9, 3.5, 13.5, 4], "texture": "#1"},
				"up": {"uv": [2.5, 1, 7, 0], "texture": "#1"},
				"down": {"uv": [9, 0, 13.5, 1], "texture": "#1"}
			}
		},
		{
			"name": "left door",
			"from": [9, 13, 7.5],
			"to": [13.5, 14.5, 8.5],
			"faces": {
				"north": {"uv": [2.5, 1, 7, 2.5], "texture": "#1"},
				"south": {"uv": [9, 1, 13.5, 2.5], "texture": "#1"},
				"up": {"uv": [2.5, 1, 7, 0], "rotation": 180, "texture": "#1"},
				"down": {"uv": [9, 0, 13.5, 1], "rotation": 180, "texture": "#1"}
			}
		},
		{
			"name": "left door",
			"from": [11, 3, 7.75],
			"to": [11.5, 13, 8.25],
			"faces": {
				"north": {"uv": [11, 2.5, 11.5, 12.5], "texture": "#1"},
				"east": {"uv": [11, 2.5, 11.5, 12.5], "texture": "#1"},
				"south": {"uv": [11, 2.5, 11.5, 12.5], "texture": "#1"},
				"west": {"uv": [11, 2.5, 11.5, 12.5], "rotation": 180, "texture": "#1"}
			}
		},
		{
			"name": "left door",
			"from": [9, 6, 7.5],
			"to": [13.5, 6.5, 8.5],
			"faces": {
				"north": {"uv": [2.5, 9, 7, 9.5], "texture": "#1"},
				"south": {"uv": [9, 9, 13.5, 9.5], "texture": "#1"},
				"up": {"uv": [2.5, 1, 7, 0], "texture": "#1"},
				"down": {"uv": [9, 0, 13.5, 1], "texture": "#1"}
			}
		},
		{
			"name": "left door",
			"from": [9, 4, 7.5],
			"to": [13.5, 4.5, 8.5],
			"faces": {
				"north": {"uv": [2.5, 11, 7, 11.5], "texture": "#1"},
				"south": {"uv": [9, 11, 13.5, 11.5], "texture": "#1"},
				"up": {"uv": [2.5, 1, 7, 0], "texture": "#1"},
				"down": {"uv": [9, 0, 13.5, 1], "texture": "#1"}
			}
		},
		{
			"name": "left door",
			"from": [9, 1.5, 7.5],
			"to": [13.5, 3, 8.5],
			"faces": {
				"north": {"uv": [2.5, 12.5, 7, 14], "texture": "#1"},
				"south": {"uv": [9, 12.5, 13.5, 14], "texture": "#1"},
				"up": {"uv": [2.5, 1, 7, 0], "rotation": 180, "texture": "#1"},
				"down": {"uv": [9, 1, 13.5, 0], "rotation": 180, "texture": "#1"}
			}
		},
		{
			"name": "left door",
			"from": [13.5, 1.5, 7],
			"to": [14, 14.5, 9],
			"faces": {
				"north": {"uv": [14, 2, 14.5, 15], "texture": "#1"},
				"south": {"uv": [13.5, 3, 14, 16], "texture": "#1"},
				"west": {"uv": [14, 2, 16, 15], "texture": "#1"},
				"up": {"uv": [14, 1.5, 16, 2], "rotation": 90, "texture": "#1"},
				"down": {"uv": [14, 14.5, 16, 15], "rotation": 90, "texture": "#1"}
			}
		},
		{
			"name": "left door",
			"from": [8, 7, 7],
			"to": [8.5, 7.5, 7.5],
			"faces": {
				"north": {"uv": [7.5, 15.5, 8, 16], "texture": "#1"},
				"east": {"uv": [7.5, 15.5, 8, 16], "texture": "#1"},
				"up": {"uv": [7.5, 15.5, 8, 16], "texture": "#1"},
				"down": {"uv": [7.5, 15.5, 8, 16], "texture": "#1"}
			}
		},
		{
			"name": "left door",
			"from": [8.5, 7.5, 7],
			"to": [9, 8.5, 7.5],
			"faces": {
				"north": {"uv": [7, 14.5, 7.5, 15.5], "texture": "#1"},
				"east": {"uv": [7, 14.5, 7.5, 15.5], "texture": "#1"},
				"west": {"uv": [7, 15.5, 7.5, 14.5], "rotation": 180, "texture": "#1"},
				"up": {"uv": [7, 14.5, 7.5, 15], "texture": "#1"},
				"down": {"uv": [7, 15, 7.5, 15.5], "texture": "#1"}
			}
		},
		{
			"name": "left door",
			"from": [8, 8.5, 7],
			"to": [8.5, 9, 7.5],
			"faces": {
				"north": {"uv": [7.5, 14, 8, 14.5], "texture": "#1"},
				"east": {"uv": [7.5, 14, 8, 14.5], "texture": "#1"},
				"up": {"uv": [8, 14, 8.5, 14.5], "texture": "#1"},
				"down": {"uv": [7.5, 14, 8, 14.5], "texture": "#1"}
			}
		},
		{
			"name": "right door",
			"from": [2, 1.5, 7],
			"to": [2.5, 14.5, 9],
			"faces": {
				"north": {"uv": [2, 3, 2.5, 16], "texture": "#1"},
				"east": {"uv": [0, 2, 2, 15], "texture": "#1"},
				"south": {"uv": [2, 3, 2.5, 16], "texture": "#1"},
				"up": {"uv": [2, 1.5, 0, 2], "rotation": 270, "texture": "#1"},
				"down": {"uv": [2, 14, 0, 14.5], "rotation": 270, "texture": "#1"}
			}
		},
		{
			"name": "right door",
			"from": [2.5, 1.5, 7.5],
			"to": [7, 3, 8.5],
			"faces": {
				"north": {"uv": [9, 12.5, 13.5, 14], "texture": "#1"},
				"south": {"uv": [2.5, 12.5, 7, 14], "texture": "#1"},
				"up": {"uv": [13.5, 0, 9, 1], "texture": "#1"},
				"down": {"uv": [9, 0, 13.5, 1], "texture": "#1"}
			}
		},
		{
			"name": "right door",
			"from": [4.5, 3, 7.75],
			"to": [5, 13, 8.25],
			"faces": {
				"north": {"uv": [4.5, 2.5, 5, 12.5], "texture": "#1"},
				"east": {"uv": [4.5, 2.5, 5, 12.5], "rotation": 180, "texture": "#1"},
				"south": {"uv": [4.5, 2.5, 5, 12.5], "texture": "#1"},
				"west": {"uv": [4.5, 2.5, 5, 12.5], "texture": "#1"}
			}
		},
		{
			"name": "right door",
			"from": [2.5, 4, 7.5],
			"to": [7, 4.5, 8.5],
			"faces": {
				"north": {"uv": [9, 11, 13.5, 11.5], "texture": "#1"},
				"south": {"uv": [2.5, 11, 7, 11.5], "texture": "#1"},
				"up": {"uv": [9, 0, 13.5, 1], "rotation": 180, "texture": "#1"},
				"down": {"uv": [9, 0, 13.5, 1], "rotation": 180, "texture": "#1"}
			}
		},
		{
			"name": "right door",
			"from": [2.5, 6, 7.5],
			"to": [7, 6.5, 8.5],
			"faces": {
				"north": {"uv": [9, 9, 13.5, 9.5], "texture": "#1"},
				"south": {"uv": [2.5, 9, 7, 9.5], "texture": "#1"},
				"up": {"uv": [9, 0, 13.5, 1], "rotation": 180, "texture": "#1"},
				"down": {"uv": [9, 0, 13.5, 1], "rotation": 180, "texture": "#1"}
			}
		},
		{
			"name": "right door",
			"from": [2.5, 9.5, 7.5],
			"to": [7, 10, 8.5],
			"faces": {
				"north": {"uv": [9, 5.5, 13.5, 6], "texture": "#1"},
				"south": {"uv": [2.5, 5.5, 7, 6], "texture": "#1"},
				"up": {"uv": [9, 0, 13.5, 1], "rotation": 180, "texture": "#1"},
				"down": {"uv": [9, 0, 13.5, 1], "rotation": 180, "texture": "#1"}
			}
		},
		{
			"name": "right door",
			"from": [2.5, 11.5, 7.5],
			"to": [7, 12, 8.5],
			"faces": {
				"north": {"uv": [9, 3.5, 13.5, 4], "texture": "#1"},
				"south": {"uv": [2.5, 3.5, 7, 4], "texture": "#1"},
				"up": {"uv": [9, 0, 13.5, 1], "rotation": 180, "texture": "#1"},
				"down": {"uv": [9, 0, 13.5, 1], "rotation": 180, "texture": "#1"}
			}
		},
		{
			"name": "right door",
			"from": [2.5, 13, 7.5],
			"to": [7, 14.5, 8.5],
			"faces": {
				"north": {"uv": [9, 1, 13.5, 2.5], "texture": "#1"},
				"south": {"uv": [2.5, 1, 7, 2.5], "texture": "#1"},
				"up": {"uv": [9, 0, 13.5, 1], "texture": "#1"},
				"down": {"uv": [9, 0, 13.5, 1], "texture": "#1"}
			}
		},
		{
			"name": "right door",
			"from": [7, 1.5, 7.5],
			"to": [8, 14.5, 8.5],
			"faces": {
				"north": {"uv": [8, 1, 9, 14], "texture": "#1"},
				"south": {"uv": [7, 1, 8, 14], "texture": "#1"},
				"west": {"uv": [7.5, 1, 8.5, 14], "texture": "#1"},
				"up": {"uv": [8, 1, 7, 0], "rotation": 180, "texture": "#1"},
				"down": {"uv": [8, 0, 9, 1], "rotation": 90, "texture": "#1"}
			}
		},
		{
			"name": "right door",
			"from": [7.5, 7, 7],
			"to": [8, 7.5, 7.5],
			"faces": {
				"north": {"uv": [8, 15.5, 8.5, 16], "texture": "#1"},
				"west": {"uv": [8, 15.5, 8.5, 16], "texture": "#1"},
				"up": {"uv": [8, 15.5, 8.5, 16], "rotation": 180, "texture": "#1"},
				"down": {"uv": [8, 15.5, 8.5, 16], "rotation": 180, "texture": "#1"}
			}
		},
		{
			"name": "right door",
			"from": [7, 7.5, 7],
			"to": [7.5, 8.5, 7.5],
			"faces": {
				"north": {"uv": [8.5, 14.5, 9, 15.5], "texture": "#1"},
				"east": {"uv": [8.5, 15.5, 9, 14.5], "rotation": 180, "texture": "#1"},
				"west": {"uv": [8.5, 14.5, 9, 15.5], "texture": "#1"},
				"up": {"uv": [8.5, 14.5, 9, 15], "rotation": 180, "texture": "#1"},
				"down": {"uv": [8.5, 15, 9, 15.5], "rotation": 180, "texture": "#1"}
			}
		},
		{
			"name": "right door",
			"from": [7.5, 8.5, 7],
			"to": [8, 9, 7.5],
			"faces": {
				"north": {"uv": [7.5, 14, 8, 14.5], "texture": "#1"},
				"west": {"uv": [8, 14, 8.5, 14.5], "texture": "#1"},
				"up": {"uv": [8, 14, 8.5, 14.5], "rotation": 180, "texture": "#1"},
				"down": {"uv": [8, 14, 8.5, 14.5], "rotation": 180, "texture": "#1"}
			}
		},
		{
			"name": "right door",
			"from": [7.5, 7, 8.5],
			"to": [8, 7.5, 9],
			"faces": {
				"south": {"uv": [7.5, 15.5, 8, 16], "texture": "#1"},
				"west": {"uv": [7.5, 15.5, 8, 16], "texture": "#1"},
				"up": {"uv": [7.5, 15.5, 8, 16], "rotation": 180, "texture": "#1"},
				"down": {"uv": [7.5, 15.5, 8, 16], "rotation": 180, "texture": "#1"}
			}
		},
		{
			"name": "right door",
			"from": [7, 7.5, 8.5],
			"to": [7.5, 8.5, 9],
			"faces": {
				"east": {"uv": [7, 15.5, 7.5, 14.5], "rotation": 180, "texture": "#1"},
				"south": {"uv": [7, 14.5, 7.5, 15.5], "texture": "#1"},
				"west": {"uv": [7, 14.5, 7.5, 15.5], "texture": "#1"},
				"up": {"uv": [7, 14.5, 7.5, 15], "rotation": 180, "texture": "#1"},
				"down": {"uv": [7, 15, 7.5, 15.5], "rotation": 180, "texture": "#1"}
			}
		},
		{
			"name": "right door",
			"from": [7.5, 8.5, 8.5],
			"to": [8, 9, 9],
			"faces": {
				"south": {"uv": [7.5, 14, 8, 14.5], "texture": "#1"},
				"west": {"uv": [7.5, 14, 8, 14.5], "texture": "#1"},
				"up": {"uv": [7.5, 14, 8, 14.5], "rotation": 180, "texture": "#1"},
				"down": {"uv": [7.5, 14, 8, 14.5], "rotation": 180, "texture": "#1"}
			}
		}
	],
	"groups": [
		{
			"name": "crimson_fence_post",
			"origin": [8, 8, 8],
			"children": [0, 1, 2, 3, 4]
		},
		{
			"name": "crimson_fence_post",
			"origin": [8, 8, 8],
			"children": [5, 6, 7, 8, 9]
		},
		{
			"name": "left door",
			"origin": [8, 8, 8],
			"children": [10, 11, 12, 13, 14, 15, 16, 17, 18, 19, 20, 21, 22, 23, 24]
		},
		{
			"name": "right door",
			"origin": [8, 8, 8],
			"children": [25, 26, 27, 28, 29, 30, 31, 32, 33, 34, 35, 36, 37, 38, 39]
		}
	]
}