{
	"credit": "Made by NiceGuyNate aka swimfreak",
	"ambientocclusion": false,
	"textures": {
		"top": "block/doors/cherry_door_top",
		"sides": "block/doors/cherry_door_sides",
		"particle": "block/doors/cherry_door_top"
	},
	"elements": [
		{
			"name": "Door Top Paper",
			"from": [0.5, 0, 2.5],
			"to": [2.5, 14.5, 15.5],
			"rotation": {"angle": 0, "axis": "y", "origin": [2.5, 0, 8]},
			"faces": {
				"north": {"uv": [0, 0, 0.75, 7.25], "texture": "#sides"},
				"east": {"uv": [14.5, 1.5, 1.5, 16], "texture": "#top"},
				"south": {"uv": [0, 0, 0.75, 7.25], "texture": "#sides"},
				"west": {"uv": [1.5, 1.5, 14.5, 16], "texture": "#top"},
				"up": {"uv": [0, 0, 0.75, 6.5], "rotation": 180, "texture": "#sides"}
			}
		},
		{
			"name": "Door Top Plank",
			"from": [0, 0, 15.5],
			"to": [3, 16, 17],
			"rotation": {"angle": 0, "axis": "y", "origin": [2.5, 0, 8]},
			"faces": {
				"north": {"uv": [6, 0, 9, 16], "texture": "#sides"},
				"east": {"uv": [16, 0, 14.5, 16], "texture": "#top"},
				"south": {"uv": [6, 0, 9, 16], "texture": "#sides"},
				"west": {"uv": [14.5, 0, 16, 16], "texture": "#top"},
				"up": {"uv": [0, 0, 3, 1.5], "rotation": 180, "texture": "#sides"}
			}
		},
		{
			"name": "Door Top Plank",
			"from": [0, 0, 1],
			"to": [3, 16, 2.5],
			"rotation": {"angle": 0, "axis": "y", "origin": [2.5, 0, 8]},
			"faces": {
				"north": {"uv": [6, 0, 9, 16], "texture": "#sides"},
				"east": {"uv": [1.5, 0, 0, 16], "texture": "#top"},
				"south": {"uv": [0, 0, 3, 16], "texture": "#sides"},
				"west": {"uv": [0, 0, 1.5, 16], "texture": "#top"},
				"up": {"uv": [0, 14.5, 3, 16], "rotation": 180, "texture": "#sides"}
			}
		},
		{
			"name": "Door Top Plank",
			"from": [0, 14.5, 2.5],
			"to": [3, 16, 15.5],
			"rotation": {"angle": 0, "axis": "y", "origin": [2.5, 0, 8]},
			"faces": {
				"north": {"uv": [0, 0, 1, 0.75], "texture": "#sides"},
				"east": {"uv": [14.5, 0, 1.5, 1.5], "texture": "#top"},
				"south": {"uv": [0, 0, 1, 0.75], "texture": "#sides"},
				"west": {"uv": [1.5, 0, 14.5, 1.5], "texture": "#top"},
				"up": {"uv": [0, 1.5, 3, 14.5], "rotation": 180, "texture": "#sides"},
				"down": {"uv": [0, 1.5, 3, 14.5], "rotation": 180, "texture": "#sides"}
			}
		},
		{
			"name": "Door Top Plank",
			"from": [0, 10, 2.5],
			"to": [3, 11.5, 15.5],
			"rotation": {"angle": 0, "axis": "y", "origin": [2.5, 0, 8]},
			"faces": {
				"north": {"uv": [0, 0, 1, 0.75], "texture": "#sides"},
				"east": {"uv": [14.5, 4.5, 1.5, 6], "texture": "#top"},
				"south": {"uv": [0, 0, 1, 0.75], "texture": "#sides"},
				"west": {"uv": [1.5, 4.5, 14.5, 6], "texture": "#top"},
				"up": {"uv": [0, 1.5, 3, 14.5], "rotation": 180, "texture": "#sides"},
				"down": {"uv": [0, 1.5, 3, 14.5], "rotation": 180, "texture": "#sides"}
			}
		},
		{
			"name": "Door Top Plank",
			"from": [0, 4, 2.5],
			"to": [3, 5.5, 15.5],
			"rotation": {"angle": 0, "axis": "y", "origin": [2.5, 0, 8]},
			"faces": {
				"north": {"uv": [0, 0, 1, 0.75], "texture": "#sides"},
				"east": {"uv": [14.5, 10.5, 1.5, 12], "texture": "#top"},
				"south": {"uv": [0, 0, 1, 0.75], "texture": "#sides"},
				"west": {"uv": [1.5, 10.5, 14.5, 12], "texture": "#top"},
				"up": {"uv": [0, 1.5, 3, 14.5], "rotation": 180, "texture": "#sides"},
				"down": {"uv": [0, 1.5, 3, 14.5], "rotation": 180, "texture": "#sides"}
			}
		},
		{
			"name": "Door Top Plank",
			"from": [0, 0, 6],
			"to": [3, 14.5, 7.5],
			"rotation": {"angle": 0, "axis": "y", "origin": [2.5, 0, 8]},
			"faces": {
				"north": {"uv": [0, 1, 3, 15.5], "texture": "#sides"},
				"east": {"uv": [6.5, 1.5, 5, 16], "texture": "#top"},
				"south": {"uv": [0, 1, 3, 15.5], "texture": "#sides"},
				"west": {"uv": [5, 1.5, 6.5, 16], "texture": "#top"},
				"up": {"uv": [0, 0, 1, 0.75], "rotation": 180, "texture": "#sides"}
			}
		},
		{
			"name": "Door Top Plank",
			"from": [0, 0, 10.5],
			"to": [3, 14.5, 12],
			"rotation": {"angle": 0, "axis": "y", "origin": [2.5, 0, 8]},
			"faces": {
				"north": {"uv": [0, 1, 3, 15.5], "texture": "#sides"},
				"east": {"uv": [11, 1.5, 9.5, 16], "texture": "#top"},
				"south": {"uv": [0, 1, 3, 15.5], "texture": "#sides"},
				"west": {"uv": [9.5, 1.5, 11, 16], "texture": "#top"},
				"up": {"uv": [0, 0, 1, 0.75], "rotation": 180, "texture": "#sides"}
			}
		},
		{
			"name": "Door Top Hinge",
			"from": [-0.25, 9.4, 0.76],
			"to": [3.25, 12.1, 2.52],
			"rotation": {"angle": 0, "axis": "y", "origin": [2.5, 0, 8]},
			"faces": {
				"north": {"uv": [9, 0, 12, 2.5], "texture": "#sides"},
				"east": {"uv": [1.375, 4, 0, 6.5], "texture": "#top"},
				"south": {"uv": [9, 0, 12, 2.5], "texture": "#sides"},
				"west": {"uv": [0, 4, 1.375, 6.5], "texture": "#top"},
				"up": {"uv": [9, 0, 12, 2.5], "rotation": 180, "texture": "#sides"},
				"down": {"uv": [9, 0, 12, 2.5], "rotation": 180, "texture": "#sides"}
			}
		},
		{
			"name": "Door Top Hinge",
			"from": [-0.25, 9.9, 2.51],
			"to": [3.25, 11.6, 3.01],
			"rotation": {"angle": 0, "axis": "y", "origin": [2.5, 0, 8]},
			"faces": {
				"north": {"uv": [9, 0, 12, 2.5], "texture": "#sides"},
				"east": {"uv": [2, 4.5, 1.5, 6], "texture": "#top"},
				"south": {"uv": [9, 0, 12, 2.5], "texture": "#sides"},
				"west": {"uv": [1.5, 4.5, 2, 6], "texture": "#top"},
				"up": {"uv": [9, 0, 12, 0.5], "rotation": 180, "texture": "#sides"},
				"down": {"uv": [9, 0, 12, 0.5], "rotation": 180, "texture": "#sides"}
			}
		},
		{
			"name": "Door Top Handle",
			"from": [0, 0, 12],
			"to": [3, 0.5, 15.5],
			"rotation": {"angle": 0, "axis": "y", "origin": [2.5, 0, 8]},
			"faces": {
				"north": {"uv": [0, 0, 1, 0.25], "texture": "#sides"},
				"east": {"uv": [14.5, 15.5, 11, 16], "texture": "#top"},
				"south": {"uv": [0, 0, 1, 0.25], "texture": "#sides"},
				"west": {"uv": [11, 15.5, 14.5, 16], "texture": "#top"},
				"up": {"uv": [0, 1.5, 3, 5], "rotation": 180, "texture": "#sides"}
			}
		}
	],
	"groups": [
		{
			"name": "Top",
			"origin": [0, 0, 0],
			"color": 0,
			"children": [0, 1, 2, 3, 4, 5, 6, 7, 8, 9, 10]
		}
	]
}