{
	"credit": "Made with Blockbench",
	"textures": {
		"0": "block/dark_oak_log",
		"1": "block/dark_oak_fence"
	},
	"elements": [
		{
			"name": "octagon",
			"from": [5.5, 0, -1.03553],
			"to": [6.5, 16, 1.03553],
			"rotation": {"angle": 45, "axis": "y", "origin": [8, -0.5, 0]},
			"faces": {
				"west": {"uv": [6.016, 0.016, 7.983, 15.982], "texture": "#0"},
				"up": {"uv": [0.016, 0.016, 0.5, 0.5], "texture": "#1"},
				"down": {"uv": [0.016, 0.016, 0.016, 0.016], "rotation": 180, "texture": "#1"}
			}
		},
		{
			"name": "octagon",
			"from": [5.5, 0, 0.00004],
			"to": [10.5, 16, 1.03554],
			"faces": {
				"north": {"uv": [0, 11, 16, 16], "rotation": 270, "texture": "#1"},
				"east": {"uv": [12.016, 0.016, 13.983, 15.983], "texture": "#0"},
				"west": {"uv": [4.016, 0.016, 5.983, 15.982], "texture": "#0"},
				"up": {"uv": [0.016, 0.016, 0.5, 0.5], "texture": "#1"},
				"down": {"uv": [0.016, 0.016, 0.016, 0.016], "rotation": 180, "texture": "#1"}
			}
		},
		{
			"name": "octagon",
			"from": [6.96447, 0, 1.5],
			"to": [9.03553, 16, 2.5],
			"rotation": {"angle": 45, "axis": "y", "origin": [8, -0.5, 0]},
			"faces": {
				"north": {"uv": [2.016, 0.016, 3.983, 15.983], "texture": "#0"},
				"south": {"uv": [10.016, 0.016, 11.983, 15.983], "texture": "#0"},
				"up": {"uv": [0.016, 0.016, 0.5, 0.5], "texture": "#1"},
				"down": {"uv": [0.016, 0.016, 0.016, 0.016], "rotation": 180, "texture": "#1"}
			}
		},
		{
			"name": "octagon",
			"from": [6.96447, 0, 1],
			"to": [9.03553, 16, 2.5],
			"faces": {
				"south": {"uv": [8.016, 0.016, 9.983, 15.983], "texture": "#0"},
				"up": {"uv": [0.016, 0.016, 0.5, 0.5], "texture": "#1"},
				"down": {"uv": [0.016, 0.016, 0.016, 0.016], "rotation": 180, "texture": "#1"}
			}
		},
		{
			"name": "octagon",
			"from": [5.5, 0, 14.96447],
			"to": [6.5, 16, 17.03553],
			"rotation": {"angle": -45, "axis": "y", "origin": [8, -0.5, 16]},
			"faces": {
				"west": {"uv": [7.983, 0.016, 6.016, 15.982], "texture": "#0"},
				"up": {"uv": [0.016, 0.5, 0.5, 0.016], "texture": "#1"},
				"down": {"uv": [0.016, 0.016, 0.016, 0.016], "rotation": 180, "texture": "#1"}
			}
		},
		{
			"name": "octagon",
			"from": [5.5, 0, 14.96446],
			"to": [10.5, 16, 15.99996],
			"faces": {
				"east": {"uv": [13.983, 0.016, 12.016, 15.983], "texture": "#0"},
				"south": {"uv": [0, 16, 16, 11], "rotation": 270, "texture": "#1"},
				"west": {"uv": [5.983, 0.016, 4.016, 15.982], "texture": "#0"},
				"up": {"uv": [0.016, 0.5, 0.5, 0.016], "texture": "#1"},
				"down": {"uv": [0.016, 0.016, 0.016, 0.016], "rotation": 180, "texture": "#1"}
			}
		},
		{
			"name": "octagon",
			"from": [6.96447, 0, 13.5],
			"to": [9.03553, 16, 14.5],
			"rotation": {"angle": -45, "axis": "y", "origin": [8, -0.5, 16]},
			"faces": {
				"north": {"uv": [11.983, 0.016, 10.016, 15.983], "texture": "#0"},
				"south": {"uv": [3.983, 0.016, 2.016, 15.983], "texture": "#0"},
				"up": {"uv": [0.016, 0.5, 0.5, 0.016], "texture": "#1"},
				"down": {"uv": [0.016, 0.016, 0.016, 0.016], "rotation": 180, "texture": "#1"}
			}
		},
		{
			"name": "octagon",
			"from": [6.96447, 0, 13.5],
			"to": [9.03553, 16, 15],
			"faces": {
				"north": {"uv": [9.983, 0.016, 8.016, 15.983], "texture": "#0"},
				"up": {"uv": [0.016, 0.5, 0.5, 0.016], "texture": "#1"},
				"down": {"uv": [0.016, 0.016, 0.016, 0.016], "rotation": 180, "texture": "#1"}
			}
		},
		{
			"from": [5.5, 16.005, 0],
			"to": [10.5, 16.005, 1],
			"faces": {
				"up": {"uv": [0.5, 3.016, 5.5, 3.983], "texture": "#1"}
			}
		},
		{
			"from": [6, 16.005, 0],
			"to": [10, 16.005, 1.5],
			"faces": {
				"up": {"uv": [1.016, 3, 4.983, 4.5], "texture": "#1"}
			}
		},
		{
			"from": [6.5, 16.005, 0],
			"to": [9.5, 16.005, 2],
			"faces": {
				"up": {"uv": [1.5, 3.016, 4.5, 4.983], "texture": "#1"}
			}
		},
		{
			"from": [7, 16.005, 0],
			"to": [9, 16.005, 2.5],
			"faces": {
				"up": {"uv": [2.016, 3, 3.983, 5.5], "texture": "#1"}
			}
		},
		{
			"from": [5.5, 16.005, 15],
			"to": [10.5, 16.005, 16],
			"faces": {
				"up": {"uv": [0.5, 3.983, 5.5, 3.016], "texture": "#1"}
			}
		},
		{
			"from": [6, 16.005, 14.5],
			"to": [10, 16.005, 16],
			"faces": {
				"up": {"uv": [1.016, 4.5, 4.983, 3], "texture": "#1"}
			}
		},
		{
			"from": [6.5, 16.005, 14],
			"to": [9.5, 16.005, 16],
			"faces": {
				"up": {"uv": [1.5, 4.983, 4.5, 3.016], "texture": "#1"}
			}
		},
		{
			"from": [7, 16.005, 13.5],
			"to": [9, 16.005, 16],
			"faces": {
				"up": {"uv": [2.016, 5.5, 3.983, 3], "texture": "#1"}
			}
		},
		{
			"from": [5.5, -0.005, 0],
			"to": [10.5, -0.005, 1],
			"faces": {
				"down": {"uv": [0.5, 3.983, 5.5, 3.016], "texture": "#1"}
			}
		},
		{
			"from": [6, -0.005, 0],
			"to": [10, -0.005, 1.5],
			"faces": {
				"down": {"uv": [1.016, 4.5, 4.983, 3], "texture": "#1"}
			}
		},
		{
			"from": [6.5, -0.005, 0],
			"to": [9.5, -0.005, 2],
			"faces": {
				"down": {"uv": [1.5, 4.983, 4.5, 3.016], "texture": "#1"}
			}
		},
		{
			"from": [7, -0.005, 0],
			"to": [9, -0.005, 2.5],
			"faces": {
				"down": {"uv": [2.016, 5.5, 3.983, 3], "texture": "#1"}
			}
		},
		{
			"from": [5.5, -0.005, 15],
			"to": [10.5, -0.005, 16],
			"faces": {
				"down": {"uv": [0.5, 3.016, 5.5, 3.983], "texture": "#1"}
			}
		},
		{
			"from": [6, -0.005, 14.5],
			"to": [10, -0.005, 16],
			"faces": {
				"down": {"uv": [1.016, 3, 4.983, 4.5], "texture": "#1"}
			}
		},
		{
			"from": [6.5, -0.005, 14],
			"to": [9.5, -0.005, 16],
			"faces": {
				"down": {"uv": [1.5, 3.016, 4.5, 4.983], "texture": "#1"}
			}
		},
		{
			"from": [7, -0.005, 13.5],
			"to": [9, -0.005, 16],
			"faces": {
				"down": {"uv": [2.016, 3, 3.983, 5.5], "texture": "#1"}
			}
		},
		{
			"from": [12.17003, 3.24089, 1.5],
			"to": [13.17003, 6.24089, 14.5],
			"rotation": {"angle": 22.5, "axis": "z", "origin": [9.67003, 7.74089, 8]},
			"faces": {
				"north": {"uv": [15, 7, 16, 10], "texture": "#1"},
				"east": {"uv": [2, 13, 15, 16], "texture": "#1"},
				"south": {"uv": [15, 7, 16, 10], "texture": "#1"},
				"west": {"uv": [0, 11, 10, 14], "texture": "#1"},
				"up": {"uv": [15, 0, 16, 10], "texture": "#1"},
				"down": {"uv": [15, 0, 16, 10], "texture": "#1"}
			}
		},
		{
			"from": [12.55271, 7.31701, 1.5],
			"to": [13.55271, 10.31701, 14.5],
			"rotation": {"angle": 22.5, "axis": "z", "origin": [10.05271, 6.81701, 8]},
			"faces": {
				"north": {"uv": [15, 3.5, 16, 6.5], "texture": "#1"},
				"east": {"uv": [2, 11, 15, 14], "texture": "#1"},
				"south": {"uv": [15, 3.5, 16, 6.5], "texture": "#1"},
				"west": {"uv": [0, 11, 10, 14], "texture": "#1"},
				"up": {"uv": [15, 0, 16, 10], "texture": "#1"},
				"down": {"uv": [15, 0, 16, 10], "texture": "#1"}
			}
		},
		{
			"from": [12.9354, 11.39313, 1.5],
			"to": [13.9354, 14.39313, 14.5],
			"rotation": {"angle": 22.5, "axis": "z", "origin": [10.4354, 5.89313, 8]},
			"faces": {
				"north": {"uv": [15, 0, 16, 3], "texture": "#1"},
				"east": {"uv": [0, 11, 13, 14], "texture": "#1"},
				"south": {"uv": [15, 0, 16, 3], "texture": "#1"},
				"west": {"uv": [0, 11, 10, 14], "texture": "#1"},
				"up": {"uv": [15, 0, 16, 10], "texture": "#1"},
				"down": {"uv": [15, 0, 16, 10], "texture": "#1"}
			}
		},
		{
			"from": [10.596, -1.37329, 12],
			"to": [11.596, 15.12671, 13.5],
			"rotation": {"angle": 22.5, "axis": "z", "origin": [9.096, 9.12671, 8]},
			"faces": {
				"north": {"uv": [15, 0, 16, 16], "texture": "#1"},
				"east": {"uv": [0, 11, 16, 12.5], "rotation": 90, "texture": "#1"},
				"south": {"uv": [15, 0, 16, 16], "texture": "#1"},
				"west": {"uv": [0, 11, 16, 12.5], "rotation": 90, "texture": "#1"},
				"up": {"uv": [15, 12.5, 16, 14], "texture": "#1"},
				"down": {"uv": [15, 12.5, 16, 14], "texture": "#1"}
			}
		},
		{
			"from": [10.596, -1.37329, 2.5],
			"to": [11.596, 15.12671, 4],
			"rotation": {"angle": 22.5, "axis": "z", "origin": [9.096, 9.12671, 8]},
			"faces": {
				"north": {"uv": [15, 0, 16, 16], "texture": "#1"},
				"east": {"uv": [0, 11, 16, 12.5], "rotation": 90, "texture": "#1"},
				"south": {"uv": [15, 0, 16, 16], "texture": "#1"},
				"west": {"uv": [0, 11, 16, 12.5], "rotation": 90, "texture": "#1"},
				"up": {"uv": [15, 12.5, 16, 14], "texture": "#1"},
				"down": {"uv": [15, 12.5, 16, 14], "texture": "#1"}
			}
		},
		{
			"from": [11.78735, -0.83523, 1.5],
			"to": [12.78735, 2.16477, 14.5],
			"rotation": {"angle": 22.5, "axis": "z", "origin": [9.28735, 8.66477, 8]},
			"faces": {
				"north": {"uv": [15, 13, 16, 16], "texture": "#1"},
				"east": {"uv": [0, 13, 13, 16], "texture": "#1"},
				"south": {"uv": [15, 13, 16, 16], "texture": "#1"},
				"west": {"uv": [0, 11, 10, 14], "texture": "#1"},
				"up": {"uv": [15, 0, 16, 10], "texture": "#1"},
				"down": {"uv": [15, 0, 16, 10], "texture": "#1"}
			}
		},
		{
			"from": [6.0038, -0.22524, 2.5],
			"to": [7.0038, 16.27476, 4],
			"rotation": {"angle": -22.5, "axis": "z", "origin": [4.5038, 10.27476, 8]},
			"faces": {
				"north": {"uv": [15, 0, 16, 16], "texture": "#1"},
				"east": {"uv": [0, 11, 16, 12.5], "rotation": 90, "texture": "#1"},
				"south": {"uv": [15, 0, 16, 16], "texture": "#1"},
				"west": {"uv": [0, 11, 16, 12.5], "rotation": 90, "texture": "#1"},
				"up": {"uv": [15, 12.5, 16, 14], "texture": "#1"},
				"down": {"uv": [15, 12.5, 16, 14], "texture": "#1"}
			}
		},
		{
			"from": [6.0038, -0.22524, 12],
			"to": [7.0038, 16.27476, 13.5],
			"rotation": {"angle": -22.5, "axis": "z", "origin": [4.5038, 10.27476, 8]},
			"faces": {
				"north": {"uv": [15, 0, 16, 16], "texture": "#1"},
				"east": {"uv": [0, 11, 16, 12.5], "rotation": 90, "texture": "#1"},
				"south": {"uv": [15, 0, 16, 16], "texture": "#1"},
				"west": {"uv": [0, 11, 16, 12.5], "rotation": 90, "texture": "#1"},
				"up": {"uv": [15, 12.5, 16, 14], "texture": "#1"},
				"down": {"uv": [15, 12.5, 16, 14], "texture": "#1"}
			}
		}
	],
	"groups": [
		{
			"name": "big log 1",
			"children": [0, 1, 2, 3, 4, 5, 6, 7]
		},
		{
			"name": "caps",
			"children": [
				{
					"name": "big log 1",
					"children": [8, 9, 10, 11, 12, 13, 14, 15]
				}
			]
		},
		{
			"name": "caps2",
			"children": [
				{
					"name": "big log 1",
					"children": [16, 17, 18, 19, 20, 21, 22, 23]
				}
			]
		},
		{
			"name": "gate",
			"children": [24, 25, 26, 27, 28, 29, 30, 31]
		}
	]
}