{
	"credit": "Made with Blockbench",
	"textures": {
		"0": "block/dark_oak_log",
		"1": "block/dark_oak_fence",
		"particle": "block/dark_oak_fence"
	},
	"elements": [
		{
			"name": "octagon",
			"from": [12.52063, 0, 10.9213],
			"to": [14.59169, 16, 11.9213],
			"rotation": {"angle": 45, "axis": "y", "origin": [8.24844, 7.5539, 7.75781]},
			"faces": {
				"north": {"uv": [14.967, 0, 13, 15.966], "texture": "#0"},
				"up": {"uv": [0.016, 0.016, 0.5, 0.5], "rotation": 90, "texture": "#1", "cullface": "up"},
				"down": {"uv": [0.016, 0.016, -0.032, -0.032], "rotation": 90, "texture": "#1", "cullface": "down"}
			}
		},
		{
			"name": "octagon",
			"from": [14.97071, 0, 5.50938],
			"to": [16.00621, 16, 10.50938],
			"faces": {
				"north": {"uv": [15.967, 0, 15, 15.967], "texture": "#0"},
				"east": {"uv": [0.032, 11.032, 15.968, 15.968], "rotation": 270, "texture": "#1", "cullface": "east"},
				"south": {"uv": [0.935, 0, 0, 15.934], "texture": "#0"},
				"up": {"uv": [0.016, 0.016, 0.5, 0.5], "rotation": 90, "texture": "#1", "cullface": "up"},
				"down": {"uv": [0.016, 0.016, -0.032, -0.032], "rotation": 90, "texture": "#1", "cullface": "down"}
			}
		},
		{
			"name": "octagon",
			"from": [11.05616, 0, 12.38577],
			"to": [12.05616, 16, 14.45683],
			"rotation": {"angle": 45, "axis": "y", "origin": [8.24844, 7.5539, 7.75781]},
			"faces": {
				"east": {"uv": [2.016, 0.016, 3.983, 15.983], "texture": "#0"},
				"west": {"uv": [14.967, 0, 13, 15.966], "texture": "#0"},
				"up": {"uv": [0.016, 0.016, 0.5, 0.5], "rotation": 90, "texture": "#1", "cullface": "up"},
				"down": {"uv": [0.016, 0.016, -0.032, -0.032], "rotation": 90, "texture": "#1", "cullface": "down"}
			}
		},
		{
			"name": "octagon",
			"from": [13.50625, 0, 6.97385],
			"to": [15.00625, 16, 9.04491],
			"faces": {
				"west": {"uv": [8.016, 0.016, 9.983, 15.983], "texture": "#0"},
				"up": {"uv": [0.016, 0.016, 0.5, 0.5], "rotation": 90, "texture": "#1", "cullface": "up"},
				"down": {"uv": [0.016, 0.016, -0.032, -0.032], "rotation": 90, "texture": "#1", "cullface": "down"}
			}
		},
		{
			"name": "octagon",
			"from": [1.56268, 0, 11.2638],
			"to": [3.63374, 16, 12.2638],
			"rotation": {"angle": -45, "axis": "y", "origin": [8.24844, 7.5539, 7.75781]},
			"faces": {
				"north": {"uv": [2.935, 0, 1, 15.934], "texture": "#0"},
				"up": {"uv": [0.016, 0.5, 0.5, 0.016], "rotation": 90, "texture": "#1", "cullface": "up"},
				"down": {"uv": [0.016, 0.016, -0.032, -0.032], "rotation": 90, "texture": "#1", "cullface": "down"}
			}
		},
		{
			"name": "octagon",
			"from": [0.00629, 0, 5.50938],
			"to": [1.04179, 16, 10.50938],
			"faces": {
				"north": {"uv": [0.935, 0, 0, 15.934], "texture": "#0"},
				"south": {"uv": [15.967, 0, 15, 15.967], "texture": "#0"},
				"west": {"uv": [0.032, 15.968, 15.968, 11.032], "rotation": 270, "texture": "#1"},
				"up": {"uv": [0.016, 0.5, 0.5, 0.016], "rotation": 90, "texture": "#1", "cullface": "up"},
				"down": {"uv": [0.016, 0.016, -0.032, -0.032], "rotation": 90, "texture": "#1", "cullface": "down"}
			}
		},
		{
			"name": "octagon",
			"from": [4.09821, 0, 12.72827],
			"to": [5.09821, 16, 14.79933],
			"rotation": {"angle": -45, "axis": "y", "origin": [8.24844, 7.5539, 7.75781]},
			"faces": {
				"east": {"uv": [14.967, 0, 13, 15.966], "texture": "#0"},
				"west": {"uv": [3.983, 0.016, 2.016, 15.983], "texture": "#0"},
				"up": {"uv": [0.016, 0.5, 0.5, 0.016], "rotation": 90, "texture": "#1", "cullface": "up"},
				"down": {"uv": [0.016, 0.016, -0.032, -0.032], "rotation": 90, "texture": "#1", "cullface": "down"}
			}
		},
		{
			"name": "octagon",
			"from": [1.00625, 0, 6.97385],
			"to": [2.50625, 16, 9.04491],
			"faces": {
				"east": {"uv": [8.016, 0.016, 9.983, 15.983], "texture": "#0"},
				"up": {"uv": [0.016, 0.5, 0.5, 0.016], "rotation": 90, "texture": "#1", "cullface": "up"},
				"down": {"uv": [0.016, 0.016, -0.032, -0.032], "rotation": 90, "texture": "#1", "cullface": "down"}
			}
		},
		{
			"from": [15.00625, 16.005, 5.50938],
			"to": [16.00625, 16.005, 10.50938],
			"faces": {
				"up": {"uv": [0.5, 3.016, 5.5, 3.983], "rotation": 90, "texture": "#1", "cullface": "up"}
			}
		},
		{
			"from": [14.50625, 16.005, 6.00938],
			"to": [16.00625, 16.005, 10.00938],
			"faces": {
				"up": {"uv": [1.016, 3.032, 4.983, 4.5], "rotation": 90, "texture": "#1", "cullface": "up"}
			}
		},
		{
			"from": [14.00625, 16.005, 6.50938],
			"to": [16.00625, 16.005, 9.50938],
			"faces": {
				"up": {"uv": [1.5, 3.016, 4.5, 4.983], "rotation": 90, "texture": "#1", "cullface": "up"}
			}
		},
		{
			"from": [13.50625, 16.005, 7.00938],
			"to": [16.00625, 16.005, 9.00938],
			"faces": {
				"up": {"uv": [2.016, 3.032, 3.983, 5.5], "rotation": 90, "texture": "#1", "cullface": "up"}
			}
		},
		{
			"from": [0.00625, 16.005, 5.50938],
			"to": [1.00625, 16.005, 10.50938],
			"faces": {
				"up": {"uv": [0.5, 3.983, 5.5, 3.016], "rotation": 90, "texture": "#1", "cullface": "up"}
			}
		},
		{
			"from": [0.00625, 16.005, 6.00938],
			"to": [1.50625, 16.005, 10.00938],
			"faces": {
				"up": {"uv": [1.016, 4.5, 4.983, 3.032], "rotation": 90, "texture": "#1", "cullface": "up"}
			}
		},
		{
			"from": [0.00625, 16.005, 6.50938],
			"to": [2.00625, 16.005, 9.50938],
			"faces": {
				"up": {"uv": [1.5, 4.983, 4.5, 3.016], "rotation": 90, "texture": "#1", "cullface": "up"}
			}
		},
		{
			"from": [0.00625, 16.005, 7.00938],
			"to": [2.50625, 16.005, 9.00938],
			"faces": {
				"up": {"uv": [2.016, 5.5, 3.983, 3.032], "rotation": 90, "texture": "#1", "cullface": "up"}
			}
		},
		{
			"from": [15.00625, -0.005, 5.50938],
			"to": [16.00625, -0.005, 10.50938],
			"faces": {
				"down": {"uv": [0.5, 3.983, 5.5, 3.016], "rotation": 270, "texture": "#1", "cullface": "down"}
			}
		},
		{
			"from": [14.50625, -0.005, 6.00938],
			"to": [16.00625, -0.005, 10.00938],
			"faces": {
				"down": {"uv": [1.016, 4.5, 4.983, 3.032], "rotation": 270, "texture": "#1", "cullface": "down"}
			}
		},
		{
			"from": [14.00625, -0.005, 6.50938],
			"to": [16.00625, -0.005, 9.50938],
			"faces": {
				"down": {"uv": [1.5, 4.983, 4.5, 3.016], "rotation": 270, "texture": "#1", "cullface": "down"}
			}
		},
		{
			"from": [13.50625, -0.005, 7.00938],
			"to": [16.00625, -0.005, 9.00938],
			"faces": {
				"down": {"uv": [2.016, 5.5, 3.983, 3.032], "rotation": 270, "texture": "#1", "cullface": "down"}
			}
		},
		{
			"from": [0.00625, -0.005, 5.50938],
			"to": [1.00625, -0.005, 10.50938],
			"faces": {
				"down": {"uv": [0.5, 3.016, 5.5, 3.983], "rotation": 270, "texture": "#1", "cullface": "down"}
			}
		},
		{
			"from": [0.00625, -0.005, 6.00938],
			"to": [1.50625, -0.005, 10.00938],
			"faces": {
				"down": {"uv": [1.016, 3.032, 4.983, 4.5], "rotation": 270, "texture": "#1", "cullface": "down"}
			}
		},
		{
			"from": [0.00625, -0.005, 6.50938],
			"to": [2.00625, -0.005, 9.50938],
			"faces": {
				"down": {"uv": [1.5, 3.016, 4.5, 4.983], "rotation": 270, "texture": "#1", "cullface": "down"}
			}
		},
		{
			"from": [0.00625, -0.005, 7.00938],
			"to": [2.50625, -0.005, 9.00938],
			"faces": {
				"down": {"uv": [2.016, 3.032, 3.983, 5.5], "rotation": 270, "texture": "#1", "cullface": "down"}
			}
		},
		{
			"from": [-1.83662, 1.85355, 16.4871],
			"to": [-0.33662, 13.85355, 17.9871],
			"rotation": {"angle": 45, "axis": "y", "origin": [1.74844, 7.5539, 14.75781]},
			"faces": {
				"north": {"uv": [0.032, 11.032, 10.968, 12.5], "rotation": 90, "texture": "#1"},
				"east": {"uv": [4.032, 14.5, 14.968, 15.968], "rotation": 90, "texture": "#1"},
				"south": {"uv": [0.032, 11.032, 10.968, 12.5], "rotation": 90, "texture": "#1"},
				"west": {"uv": [4.032, 14.5, 14.968, 15.968], "rotation": 90, "texture": "#1"},
				"up": {"uv": [0.032, 0.032, 0.968, 0.968], "rotation": 180, "texture": "#1"},
				"down": {"uv": [0.032, 0.032, 0.968, 0.968], "rotation": 180, "texture": "#1"}
			}
		},
		{
			"from": [3.82024, 1.85355, 10.83025],
			"to": [5.32024, 13.85355, 12.33025],
			"rotation": {"angle": 45, "axis": "y", "origin": [1.74844, 7.5539, 14.75781]},
			"faces": {
				"north": {"uv": [0.032, 11.032, 10.968, 12.5], "rotation": 90, "texture": "#1"},
				"east": {"uv": [4.032, 14.5, 14.968, 15.968], "rotation": 90, "texture": "#1"},
				"south": {"uv": [0.032, 11.032, 10.968, 12.5], "rotation": 90, "texture": "#1"},
				"west": {"uv": [4.032, 14.5, 14.968, 15.968], "rotation": 90, "texture": "#1"},
				"up": {"uv": [0.032, 0.032, 0.968, 0.968], "rotation": 180, "texture": "#1"},
				"down": {"uv": [0.032, 0.032, 0.968, 0.968], "rotation": 180, "texture": "#1"}
			}
		},
		{
			"from": [-0.06885, 1.85355, 14.71934],
			"to": [1.43115, 8.85355, 16.21934],
			"rotation": {"angle": 45, "axis": "y", "origin": [1.74844, 7.5539, 14.75781]},
			"faces": {
				"north": {"uv": [7.032, 11.032, 14.968, 12.5], "rotation": 90, "texture": "#1"},
				"east": {"uv": [0.032, 11.032, 7.968, 12.5], "rotation": 90, "texture": "#1"},
				"south": {"uv": [7.032, 11.032, 14.968, 12.5], "rotation": 90, "texture": "#1"},
				"west": {"uv": [0.032, 11.032, 7.968, 12.5], "rotation": 90, "texture": "#1"},
				"up": {"uv": [0.032, 0.032, 0.968, 0.968], "rotation": 180, "texture": "#1"},
				"down": {"uv": [0.032, 0.032, 0.968, 0.968], "rotation": 180, "texture": "#1"}
			}
		},
		{
			"from": [2.05247, 1.85355, 12.59802],
			"to": [3.55247, 8.85355, 14.09802],
			"rotation": {"angle": 45, "axis": "y", "origin": [1.74844, 7.5539, 14.75781]},
			"faces": {
				"north": {"uv": [7.032, 11.032, 14.968, 12.5], "rotation": 90, "texture": "#1"},
				"east": {"uv": [0.032, 11.032, 7.968, 12.5], "rotation": 90, "texture": "#1"},
				"south": {"uv": [7.032, 11.032, 14.968, 12.5], "rotation": 90, "texture": "#1"},
				"west": {"uv": [0.032, 11.032, 7.968, 12.5], "rotation": 90, "texture": "#1"},
				"up": {"uv": [0.032, 0.032, 0.968, 0.968], "rotation": 180, "texture": "#1"},
				"down": {"uv": [0.032, 0.032, 0.968, 0.968], "rotation": 180, "texture": "#1"}
			}
		},
		{
			"from": [-0.09844, 7.54501, 10.51562],
			"to": [1.40156, 9.04501, 18.51562],
			"rotation": {"angle": -45, "axis": "z", "origin": [1.74844, 7.5539, 14.75781]},
			"faces": {
				"north": {"uv": [0.032, 0.032, 0.968, 0.968], "texture": "#1"},
				"east": {"uv": [7.032, 11.032, 14.968, 12.5], "texture": "#1"},
				"south": {"uv": [0.032, 0.032, 0.968, 0.968], "texture": "#1"},
				"west": {"uv": [7.032, 11.032, 14.968, 12.5], "texture": "#1"},
				"up": {"uv": [7.032, 11.032, 14.968, 12.5], "rotation": 90, "texture": "#1"},
				"down": {"uv": [7.032, 11.032, 14.968, 12.5], "rotation": 270, "texture": "#1"}
			}
		},
		{
			"from": [4.85131, 2.59526, 9.01562],
			"to": [6.35131, 4.09526, 20.01562],
			"rotation": {"angle": -45, "axis": "z", "origin": [1.74844, 7.5539, 14.75781]},
			"faces": {
				"north": {"uv": [13.5, 11.032, 14.968, 12.5], "texture": "#1"},
				"east": {"uv": [0.032, 11.032, 10.968, 12.5], "texture": "#1"},
				"south": {"uv": [13.5, 11.032, 14.968, 12.5], "texture": "#1"},
				"west": {"uv": [0.032, 11.032, 10.968, 12.5], "texture": "#1"},
				"up": {"uv": [0.032, 11.032, 10.968, 12.5], "rotation": 90, "texture": "#1"},
				"down": {"uv": [0.032, 11.032, 10.968, 12.5], "rotation": 270, "texture": "#1"}
			}
		},
		{
			"from": [-3.63397, 11.08055, 9.01562],
			"to": [-2.13397, 12.58055, 20.01562],
			"rotation": {"angle": -45, "axis": "z", "origin": [1.74844, 7.5539, 14.75781]},
			"faces": {
				"north": {"uv": [13.5, 11.032, 14.968, 12.5], "texture": "#1"},
				"east": {"uv": [0.032, 11.032, 10.968, 12.5], "texture": "#1"},
				"south": {"uv": [13.5, 11.032, 14.968, 12.5], "texture": "#1"},
				"west": {"uv": [0.032, 11.032, 10.968, 12.5], "texture": "#1"},
				"up": {"uv": [4.032, 14.5, 14.968, 15.968], "rotation": 90, "texture": "#1"},
				"down": {"uv": [4.032, 14.5, 14.968, 15.968], "rotation": 270, "texture": "#1"}
			}
		}
	],
	"groups": [
		{
			"name": "big log 1",
			"children": [0, 1, 2, 3, 4, 5, 6, 7]
		},
		{
			"name": "caps",
			"children": [
				{
					"name": "big log 1",
					"children": [8, 9, 10, 11, 12, 13, 14, 15]
				}
			]
		},
		{
			"name": "caps2",
			"children": [
				{
					"name": "big log 1",
					"children": [16, 17, 18, 19, 20, 21, 22, 23]
				}
			]
		},
		{
			"name": "gate",
			"children": [24, 25, 26, 27, 28, 29, 30]
		}
	]
}