{
	"credit": "Made with Blockbench",
	"textures": {
		"0": "block/dark_oak_log",
		"1": "block/dark_oak_fence"
	},
	"elements": [
		{
			"name": "octagon",
			"from": [14.96447, 0, 5.5],
			"to": [17.03553, 16, 6.5],
			"rotation": {"angle": 45, "axis": "y", "origin": [16, -0.5, 8]},
			"faces": {
				"north": {"uv": [6.016, 0.016, 7.983, 15.982], "texture": "#0"},
				"up": {"uv": [0.016, 0.016, 0.5, 0.5], "rotation": 90, "texture": "#1"},
				"down": {"uv": [0.016, 0.016, 0.016, 0.016], "rotation": 90, "texture": "#1"}
			}
		},
		{
			"name": "octagon",
			"from": [14.96446, 0, 5.5],
			"to": [15.99996, 16, 10.5],
			"faces": {
				"north": {"uv": [4.016, 0.016, 5.983, 15.982], "texture": "#0"},
				"east": {"uv": [0, 11, 16, 16], "rotation": 270, "texture": "#1"},
				"south": {"uv": [12.016, 0.016, 13.983, 15.983], "texture": "#0"},
				"up": {"uv": [0.016, 0.016, 0.5, 0.5], "rotation": 90, "texture": "#1"},
				"down": {"uv": [0.016, 0.016, 0.016, 0.016], "rotation": 90, "texture": "#1"}
			}
		},
		{
			"name": "octagon",
			"from": [13.5, 0, 6.96447],
			"to": [14.5, 16, 9.03553],
			"rotation": {"angle": 45, "axis": "y", "origin": [16, -0.5, 8]},
			"faces": {
				"east": {"uv": [2.016, 0.016, 3.983, 15.983], "texture": "#0"},
				"west": {"uv": [10.016, 0.016, 11.983, 15.983], "texture": "#0"},
				"up": {"uv": [0.016, 0.016, 0.5, 0.5], "rotation": 90, "texture": "#1"},
				"down": {"uv": [0.016, 0.016, 0.016, 0.016], "rotation": 90, "texture": "#1"}
			}
		},
		{
			"name": "octagon",
			"from": [13.5, 0, 6.96447],
			"to": [15, 16, 9.03553],
			"faces": {
				"west": {"uv": [8.016, 0.016, 9.983, 15.983], "texture": "#0"},
				"up": {"uv": [0.016, 0.016, 0.5, 0.5], "rotation": 90, "texture": "#1"},
				"down": {"uv": [0.016, 0.016, 0.016, 0.016], "rotation": 90, "texture": "#1"}
			}
		},
		{
			"name": "octagon",
			"from": [-1.03553, 0, 5.5],
			"to": [1.03553, 16, 6.5],
			"rotation": {"angle": -45, "axis": "y", "origin": [0, -0.5, 8]},
			"faces": {
				"north": {"uv": [7.983, 0.016, 6.016, 15.982], "texture": "#0"},
				"up": {"uv": [0.016, 0.5, 0.5, 0.016], "rotation": 90, "texture": "#1"},
				"down": {"uv": [0.016, 0.016, 0.016, 0.016], "rotation": 90, "texture": "#1"}
			}
		},
		{
			"name": "octagon",
			"from": [0.00004, 0, 5.5],
			"to": [1.03554, 16, 10.5],
			"faces": {
				"north": {"uv": [5.983, 0.016, 4.016, 15.982], "texture": "#0"},
				"south": {"uv": [13.983, 0.016, 12.016, 15.983], "texture": "#0"},
				"west": {"uv": [0, 16, 16, 11], "rotation": 270, "texture": "#1"},
				"up": {"uv": [0.016, 0.5, 0.5, 0.016], "rotation": 90, "texture": "#1"},
				"down": {"uv": [0.016, 0.016, 0.016, 0.016], "rotation": 90, "texture": "#1"}
			}
		},
		{
			"name": "octagon",
			"from": [1.5, 0, 6.96447],
			"to": [2.5, 16, 9.03553],
			"rotation": {"angle": -45, "axis": "y", "origin": [0, -0.5, 8]},
			"faces": {
				"east": {"uv": [11.983, 0.016, 10.016, 15.983], "texture": "#0"},
				"west": {"uv": [3.983, 0.016, 2.016, 15.983], "texture": "#0"},
				"up": {"uv": [0.016, 0.5, 0.5, 0.016], "rotation": 90, "texture": "#1"},
				"down": {"uv": [0.016, 0.016, 0.016, 0.016], "rotation": 90, "texture": "#1"}
			}
		},
		{
			"name": "octagon",
			"from": [1, 0, 6.96447],
			"to": [2.5, 16, 9.03553],
			"faces": {
				"east": {"uv": [9.983, 0.016, 8.016, 15.983], "texture": "#0"},
				"up": {"uv": [0.016, 0.5, 0.5, 0.016], "rotation": 90, "texture": "#1"},
				"down": {"uv": [0.016, 0.016, 0.016, 0.016], "rotation": 90, "texture": "#1"}
			}
		},
		{
			"from": [15, 16.005, 5.5],
			"to": [16, 16.005, 10.5],
			"faces": {
				"up": {"uv": [0.5, 3.016, 5.5, 3.983], "rotation": 90, "texture": "#1"}
			}
		},
		{
			"from": [14.5, 16.005, 6],
			"to": [16, 16.005, 10],
			"faces": {
				"up": {"uv": [1.016, 3, 4.983, 4.5], "rotation": 90, "texture": "#1"}
			}
		},
		{
			"from": [14, 16.005, 6.5],
			"to": [16, 16.005, 9.5],
			"faces": {
				"up": {"uv": [1.5, 3.016, 4.5, 4.983], "rotation": 90, "texture": "#1"}
			}
		},
		{
			"from": [13.5, 16.005, 7],
			"to": [16, 16.005, 9],
			"faces": {
				"up": {"uv": [2.016, 3, 3.983, 5.5], "rotation": 90, "texture": "#1"}
			}
		},
		{
			"from": [0, 16.005, 5.5],
			"to": [1, 16.005, 10.5],
			"faces": {
				"up": {"uv": [0.5, 3.983, 5.5, 3.016], "rotation": 90, "texture": "#1"}
			}
		},
		{
			"from": [0, 16.005, 6],
			"to": [1.5, 16.005, 10],
			"faces": {
				"up": {"uv": [1.016, 4.5, 4.983, 3], "rotation": 90, "texture": "#1"}
			}
		},
		{
			"from": [0, 16.005, 6.5],
			"to": [2, 16.005, 9.5],
			"faces": {
				"up": {"uv": [1.5, 4.983, 4.5, 3.016], "rotation": 90, "texture": "#1"}
			}
		},
		{
			"from": [0, 16.005, 7],
			"to": [2.5, 16.005, 9],
			"faces": {
				"up": {"uv": [2.016, 5.5, 3.983, 3], "rotation": 90, "texture": "#1"}
			}
		},
		{
			"from": [15, -0.005, 5.5],
			"to": [16, -0.005, 10.5],
			"faces": {
				"down": {"uv": [0.5, 3.983, 5.5, 3.016], "rotation": 270, "texture": "#1"}
			}
		},
		{
			"from": [14.5, -0.005, 6],
			"to": [16, -0.005, 10],
			"faces": {
				"down": {"uv": [1.016, 4.5, 4.983, 3], "rotation": 270, "texture": "#1"}
			}
		},
		{
			"from": [14, -0.005, 6.5],
			"to": [16, -0.005, 9.5],
			"faces": {
				"down": {"uv": [1.5, 4.983, 4.5, 3.016], "rotation": 270, "texture": "#1"}
			}
		},
		{
			"from": [13.5, -0.005, 7],
			"to": [16, -0.005, 9],
			"faces": {
				"down": {"uv": [2.016, 5.5, 3.983, 3], "rotation": 270, "texture": "#1"}
			}
		},
		{
			"from": [0, -0.005, 5.5],
			"to": [1, -0.005, 10.5],
			"faces": {
				"down": {"uv": [0.5, 3.016, 5.5, 3.983], "rotation": 270, "texture": "#1"}
			}
		},
		{
			"from": [0, -0.005, 6],
			"to": [1.5, -0.005, 10],
			"faces": {
				"down": {"uv": [1.016, 3, 4.983, 4.5], "rotation": 270, "texture": "#1"}
			}
		},
		{
			"from": [0, -0.005, 6.5],
			"to": [2, -0.005, 9.5],
			"faces": {
				"down": {"uv": [1.5, 3.016, 4.5, 4.983], "rotation": 270, "texture": "#1"}
			}
		},
		{
			"from": [0, -0.005, 7],
			"to": [2.5, -0.005, 9],
			"faces": {
				"down": {"uv": [2.016, 3, 3.983, 5.5], "rotation": 270, "texture": "#1"}
			}
		},
		{
			"from": [11.5, 2, 7.5],
			"to": [12.5, 14, 8.5],
			"rotation": {"angle": 45, "axis": "y", "origin": [12, 6, 8]},
			"faces": {
				"north": {"uv": [15, 5, 16, 16], "texture": "#1"},
				"east": {"uv": [15, 0, 16, 11], "texture": "#1"},
				"south": {"uv": [15, 5, 16, 16], "texture": "#1"},
				"west": {"uv": [15, 0, 16, 11], "texture": "#1"},
				"up": {"uv": [0, 0, 1, 1], "rotation": 90, "texture": "#1"},
				"down": {"uv": [0, 0, 1, 1], "rotation": 270, "texture": "#1"}
			}
		},
		{
			"from": [3.5, 2, 7.5],
			"to": [4.5, 14, 8.5],
			"rotation": {"angle": 45, "axis": "y", "origin": [4, 6, 8]},
			"faces": {
				"north": {"uv": [15, 5, 16, 16], "texture": "#1"},
				"east": {"uv": [15, 0, 16, 11], "texture": "#1"},
				"south": {"uv": [15, 5, 16, 16], "texture": "#1"},
				"west": {"uv": [15, 0, 16, 11], "texture": "#1"},
				"up": {"uv": [0, 0, 1, 1], "rotation": 90, "texture": "#1"},
				"down": {"uv": [0, 0, 1, 1], "rotation": 270, "texture": "#1"}
			}
		},
		{
			"from": [9.5, 2, 7.5],
			"to": [10.5, 9.5, 8.5],
			"rotation": {"angle": 45, "axis": "y", "origin": [10, 6, 8]},
			"faces": {
				"north": {"uv": [15, 0, 16, 7], "texture": "#1"},
				"east": {"uv": [15, 9, 16, 16], "texture": "#1"},
				"south": {"uv": [15, 0, 16, 7], "texture": "#1"},
				"west": {"uv": [15, 9, 16, 16], "texture": "#1"},
				"up": {"uv": [0, 0, 1, 1], "rotation": 90, "texture": "#1"},
				"down": {"uv": [0, 0, 1, 1], "rotation": 270, "texture": "#1"}
			}
		},
		{
			"from": [5.5, 2, 7.5],
			"to": [6.5, 9.5, 8.5],
			"rotation": {"angle": 45, "axis": "y", "origin": [6, 6, 8]},
			"faces": {
				"north": {"uv": [15, 0, 16, 7], "texture": "#1"},
				"east": {"uv": [15, 9, 16, 16], "texture": "#1"},
				"south": {"uv": [15, 0, 16, 7], "texture": "#1"},
				"west": {"uv": [15, 9, 16, 16], "texture": "#1"},
				"up": {"uv": [0, 0, 1, 1], "rotation": 90, "texture": "#1"},
				"down": {"uv": [0, 0, 1, 1], "rotation": 270, "texture": "#1"}
			}
		},
		{
			"from": [7.5, 2, 7.5],
			"to": [8.5, 9.5, 8.5],
			"rotation": {"angle": 45, "axis": "y", "origin": [8, 6, 8]},
			"faces": {
				"north": {"uv": [15, 0, 16, 7], "texture": "#1"},
				"east": {"uv": [15, 4.5, 16, 11.5], "texture": "#1"},
				"south": {"uv": [15, 0, 16, 7], "texture": "#1"},
				"west": {"uv": [15, 5, 16, 12], "texture": "#1"},
				"up": {"uv": [0, 0, 1, 1], "rotation": 90, "texture": "#1"},
				"down": {"uv": [0, 0, 1, 1], "rotation": 270, "texture": "#1"}
			}
		},
		{
			"from": [4, 9, 7.5],
			"to": [12, 10, 8.5],
			"rotation": {"angle": -45, "axis": "x", "origin": [8, 9.5, 8]},
			"faces": {
				"north": {"uv": [15, 0.5, 16, 8.5], "rotation": 90, "texture": "#1"},
				"east": {"uv": [0, 0, 1, 1], "texture": "#1"},
				"south": {"uv": [15, 0.5, 16, 8.5], "rotation": 90, "texture": "#1"},
				"west": {"uv": [0, 0, 1, 1], "texture": "#1"},
				"up": {"uv": [15, 0.5, 16, 8.5], "rotation": 90, "texture": "#1"},
				"down": {"uv": [15, 0.5, 16, 8.5], "rotation": 270, "texture": "#1"}
			}
		},
		{
			"from": [2.5, 1.5, 7.5],
			"to": [13.5, 2.5, 8.5],
			"rotation": {"angle": -45, "axis": "x", "origin": [8, 2, 8]},
			"faces": {
				"north": {"uv": [15, 0, 16, 11], "rotation": 90, "texture": "#1"},
				"east": {"uv": [15, 0, 16, 1], "texture": "#1"},
				"south": {"uv": [15, 0, 16, 11], "rotation": 90, "texture": "#1"},
				"west": {"uv": [15, 0, 16, 1], "texture": "#1"},
				"up": {"uv": [15, 0, 16, 11], "rotation": 90, "texture": "#1"},
				"down": {"uv": [15, 0, 16, 11], "rotation": 270, "texture": "#1"}
			}
		},
		{
			"from": [2.5, 13.5, 7.5],
			"to": [13.5, 14.5, 8.5],
			"rotation": {"angle": -45, "axis": "x", "origin": [8, 14, 8]},
			"faces": {
				"north": {"uv": [15, 0, 16, 11], "rotation": 90, "texture": "#1"},
				"east": {"uv": [15, 0, 16, 1], "texture": "#1"},
				"south": {"uv": [15, 0, 16, 11], "rotation": 90, "texture": "#1"},
				"west": {"uv": [15, 0, 16, 1], "texture": "#1"},
				"up": {"uv": [15, 0, 16, 11], "rotation": 90, "texture": "#1"},
				"down": {"uv": [15, 0, 16, 11], "rotation": 270, "texture": "#1"}
			}
		}
	],
	"groups": [
		{
			"name": "big log 1",
			"children": [0, 1, 2, 3, 4, 5, 6, 7]
		},
		{
			"name": "caps",
			"children": [
				{
					"name": "big log 1",
					"children": [8, 9, 10, 11, 12, 13, 14, 15]
				}
			]
		},
		{
			"name": "caps2",
			"children": [
				{
					"name": "big log 1",
					"children": [16, 17, 18, 19, 20, 21, 22, 23]
				}
			]
		},
		{
			"name": "gate",
			"children": [24, 25, 26, 27, 28, 29, 30, 31]
		}
	]
}