{
    "variants": {
        "hanging=false":[
			{ "model": "block/lantern" },
			{ "model": "block/lantern", "y": 90 },
			{ "model": "block/lantern", "y": 180 },
			{ "model": "block/lantern", "y": 270 },
			{ "model": "block/lantern_2" },
			{ "model": "block/lantern_2", "y": 90 },
			{ "model": "block/lantern_2", "y": 180 },
			{ "model": "block/lantern_2", "y": 270 },
			{ "model": "block/lantern_3" },
			{ "model": "block/lantern_3", "y": 90 },
			{ "model": "block/lantern_3", "y": 180 },
			{ "model": "block/lantern_3", "y": 270 }
		],
		"hanging=true": { "model": "block/lantern_hanging" }
    }
}