{
	"credit": "Made by SyndiShanX",
	"parent": "block/block",
	"textures": {
		"0": "block/gate/bamboo_fence_gate"
	},
	"elements": [
		{
			"from": [0, 5, 7],
			"to": [2, 15.5, 9],
			"faces": {
				"north": {"uv": [0, 0, 2, 10.5], "texture": "#0"},
				"east": {"uv": [0, 0, 2, 10.5], "texture": "#0"},
				"south": {"uv": [0, 0, 2, 10.5], "texture": "#0"},
				"west": {"uv": [0, 0, 2, 10.5], "texture": "#0", "cullface": "west"},
				"up": {"uv": [0, 10.5, 2, 12.5], "texture": "#0"},
				"down": {"uv": [0, 10.5, 2, 12.5], "texture": "#0"}
			}
		},
		{
			"from": [14, 5, 7],
			"to": [16, 15.5, 9],
			"faces": {
				"north": {"uv": [0, 0, 2, 10.5], "texture": "#0"},
				"east": {"uv": [0, 0, 2, 10.5], "texture": "#0", "cullface": "east"},
				"south": {"uv": [0, 0, 2, 10.5], "texture": "#0"},
				"west": {"uv": [0, 0, 2, 10.5], "texture": "#0"},
				"up": {"uv": [0, 10.5, 2, 12.5], "texture": "#0"},
				"down": {"uv": [0, 10.5, 2, 12.5], "texture": "#0"}
			}
		},
		{
			"from": [6, 6, 7],
			"to": [8, 14.5, 9],
			"faces": {
				"north": {"uv": [2, 0, 4, 8.5], "texture": "#0"},
				"east": {"uv": [2, 0, 4, 8.5], "texture": "#0"},
				"south": {"uv": [2, 0, 4, 8.5], "texture": "#0"},
				"west": {"uv": [2, 0, 4, 8.5], "texture": "#0"},
				"up": {"uv": [0, 10.5, 2, 12.5], "texture": "#0"},
				"down": {"uv": [0, 10.5, 2, 12.5], "texture": "#0"}
			}
		},
		{
			"from": [8, 6, 7],
			"to": [10, 14.5, 9],
			"faces": {
				"north": {"uv": [2, 0, 4, 8.5], "texture": "#0"},
				"east": {"uv": [2, 0, 4, 8.5], "texture": "#0"},
				"south": {"uv": [2, 0, 4, 8.5], "texture": "#0"},
				"west": {"uv": [2, 0, 4, 8.5], "texture": "#0"},
				"up": {"uv": [0, 10.5, 2, 12.5], "texture": "#0"},
				"down": {"uv": [0, 10.5, 2, 12.5], "texture": "#0"}
			}
		},
		{
			"from": [2, 6, 7],
			"to": [6, 8.5, 9],
			"faces": {
				"north": {"uv": [8, 0, 12, 2.5], "texture": "#0"},
				"south": {"uv": [4, 0, 8, 2.5], "texture": "#0"},
				"up": {"uv": [4, 2.5, 8, 4.5], "texture": "#0"},
				"down": {"uv": [4, 2.5, 8, 4.5], "texture": "#0"}
			}
		},
		{
			"from": [2, 12, 7],
			"to": [6, 14.5, 9],
			"faces": {
				"north": {"uv": [8, 0, 12, 2.5], "texture": "#0"},
				"south": {"uv": [4, 0, 8, 2.5], "texture": "#0"},
				"up": {"uv": [4, 2.5, 8, 4.5], "texture": "#0"},
				"down": {"uv": [4, 2.5, 8, 4.5], "texture": "#0"}
			}
		},
		{
			"from": [10, 6, 7],
			"to": [14, 8.5, 9],
			"faces": {
				"north": {"uv": [4, 0, 8, 2.5], "texture": "#0"},
				"south": {"uv": [8, 0, 12, 2.5], "texture": "#0"},
				"up": {"uv": [8, 2.5, 12, 4.5], "texture": "#0"},
				"down": {"uv": [8, 2.5, 12, 4.5], "texture": "#0"}
			}
		},
		{
			"from": [10, 12, 7],
			"to": [14, 14.5, 9],
			"faces": {
				"north": {"uv": [4, 0, 8, 2.5], "texture": "#0"},
				"south": {"uv": [8, 0, 12, 2.5], "texture": "#0"},
				"up": {"uv": [8, 2.5, 12, 4.5], "texture": "#0"},
				"down": {"uv": [8, 2.5, 12, 4.5], "texture": "#0"}
			}
		}
	],
	"display": {
		"firstperson_righthand": {
			"rotation": [0, 135, 0],
			"translation": [0, -1, 0],
			"scale": [0.5, 0.5, 0.5]
		},
		"gui": {
			"rotation": [30, 45, 0],
			"translation": [0, -1, 0],
			"scale": [0.8, 0.8, 0.8]
		},
		"head": {
			"translation": [0, -3, -6]
		}
	}
}