{
	"credit": "Made by SyndiShanX",
	"textures": {
		"0": "block/gate/bamboo_fence_gate"
	},
	"elements": [
		{
			"from": [0, 5, 7],
			"to": [2, 15.5, 9],
			"faces": {
				"north": {"uv": [0, 0, 2, 10.5], "texture": "#0"},
				"east": {"uv": [0, 0, 2, 10.5], "texture": "#0"},
				"south": {"uv": [0, 0, 2, 10.5], "texture": "#0"},
				"west": {"uv": [0, 0, 2, 10.5], "texture": "#0", "cullface": "west"},
				"up": {"uv": [0, 10.5, 2, 12.5], "texture": "#0"},
				"down": {"uv": [0, 10.5, 2, 12.5], "texture": "#0"}
			}
		},
		{
			"from": [14, 5, 7],
			"to": [16, 15.5, 9],
			"faces": {
				"north": {"uv": [0, 0, 2, 10.5], "texture": "#0"},
				"east": {"uv": [0, 0, 2, 10.5], "texture": "#0", "cullface": "east"},
				"south": {"uv": [0, 0, 2, 10.5], "texture": "#0"},
				"west": {"uv": [0, 0, 2, 10.5], "texture": "#0"},
				"up": {"uv": [0, 10.5, 2, 12.5], "texture": "#0"},
				"down": {"uv": [0, 10.5, 2, 12.5], "texture": "#0"}
			}
		},
		{
			"from": [0, 6, 13],
			"to": [2, 14.5, 15],
			"faces": {
				"north": {"uv": [2, 0, 4, 8.5], "texture": "#0"},
				"east": {"uv": [2, 0, 4, 8.5], "texture": "#0"},
				"south": {"uv": [2, 0, 4, 8.5], "texture": "#0"},
				"west": {"uv": [2, 0, 4, 8.5], "texture": "#0"},
				"up": {"uv": [0, 10.5, 2, 12.5], "texture": "#0"},
				"down": {"uv": [0, 10.5, 2, 12.5], "texture": "#0"}
			}
		},
		{
			"from": [14, 6, 13],
			"to": [16, 14.5, 15],
			"faces": {
				"north": {"uv": [2, 0, 4, 8.5], "texture": "#0"},
				"east": {"uv": [2, 0, 4, 8.5], "texture": "#0"},
				"south": {"uv": [2, 0, 4, 8.5], "texture": "#0"},
				"west": {"uv": [2, 0, 4, 8.5], "texture": "#0"},
				"up": {"uv": [0, 10.5, 2, 12.5], "texture": "#0"},
				"down": {"uv": [0, 10.5, 2, 12.5], "texture": "#0"}
			}
		},
		{
			"from": [0, 6, 9],
			"to": [2, 8.5, 13],
			"faces": {
				"east": {"uv": [8, 0, 12, 2.5], "texture": "#0"},
				"west": {"uv": [4, 0, 8, 2.5], "texture": "#0"},
				"up": {"uv": [4, 2.5, 8, 4.5], "rotation": 270, "texture": "#0"},
				"down": {"uv": [4, 2.5, 8, 4.5], "rotation": 270, "texture": "#0"}
			}
		},
		{
			"from": [0, 12, 9],
			"to": [2, 14.5, 13],
			"faces": {
				"east": {"uv": [8, 0, 12, 2.5], "texture": "#0"},
				"west": {"uv": [4, 0, 8, 2.5], "texture": "#0"},
				"up": {"uv": [4, 2.5, 8, 4.5], "rotation": 270, "texture": "#0"},
				"down": {"uv": [4, 2.5, 8, 4.5], "rotation": 270, "texture": "#0"}
			}
		},
		{
			"from": [14, 6, 9],
			"to": [16, 8.5, 13],
			"faces": {
				"east": {"uv": [8, 0, 12, 2.5], "texture": "#0"},
				"west": {"uv": [4, 0, 8, 2.5], "texture": "#0"},
				"up": {"uv": [8, 2.5, 12, 4.5], "rotation": 270, "texture": "#0"},
				"down": {"uv": [8, 2.5, 12, 4.5], "rotation": 270, "texture": "#0"}
			}
		},
		{
			"from": [14, 12, 9],
			"to": [16, 14.5, 13],
			"faces": {
				"east": {"uv": [8, 0, 12, 2.5], "texture": "#0"},
				"west": {"uv": [4, 0, 8, 2.5], "texture": "#0"},
				"up": {"uv": [8, 2.5, 12, 4.5], "rotation": 270, "texture": "#0"},
				"down": {"uv": [8, 2.5, 12, 4.5], "rotation": 270, "texture": "#0"}
			}
		}
	]
}