{
	"credit": "Made by SyndiShanX",
	"ambientocclusion": false,
	"textures": {
		"0": "block/gate/bamboo_fence_gate"
	},
	"elements": [
		{
			"name": "post_left",
			"from": [0, 2, 7],
			"to": [2, 12.5, 9],
			"faces": {
				"north": {"uv": [0, 0, 2, 10.5], "texture": "#0"},
				"east": {"uv": [0, 0, 2, 10.5], "texture": "#0"},
				"south": {"uv": [0, 0, 2, 10.5], "texture": "#0"},
				"west": {"uv": [0, 0, 2, 10.5], "texture": "#0", "cullface": "west"},
				"up": {"uv": [0, 10.5, 2, 12.5], "rotation": 180, "texture": "#0"},
				"down": {"uv": [0, 10.5, 2, 12.5], "rotation": 180, "texture": "#0"}
			}
		},
		{
			"name": "post_right",
			"from": [14, 2, 7],
			"to": [16, 12.5, 9],
			"faces": {
				"north": {"uv": [0, 0, 2, 10.5], "texture": "#0"},
				"east": {"uv": [0, 0, 2, 10.5], "texture": "#0", "cullface": "east"},
				"south": {"uv": [0, 0, 2, 10.5], "texture": "#0"},
				"west": {"uv": [0, 0, 2, 10.5], "texture": "#0"},
				"up": {"uv": [0, 10.5, 2, 12.5], "texture": "#0"},
				"down": {"uv": [0, 10.5, 2, 12.5], "texture": "#0"}
			}
		},
		{
			"name": "gate_left",
			"from": [0, 3, 13],
			"to": [2, 11.5, 15],
			"faces": {
				"north": {"uv": [2, 0, 4, 8.5], "texture": "#0"},
				"east": {"uv": [2, 0, 4, 8.5], "texture": "#0"},
				"south": {"uv": [2, 0, 4, 8.5], "texture": "#0"},
				"west": {"uv": [2, 0, 4, 8.5], "texture": "#0"},
				"up": {"uv": [0, 10.5, 2, 12.5], "rotation": 180, "texture": "#0"},
				"down": {"uv": [0, 10.5, 2, 12.5], "rotation": 180, "texture": "#0"}
			}
		},
		{
			"name": "gate_right",
			"from": [14, 3, 13],
			"to": [16, 11.5, 15],
			"faces": {
				"north": {"uv": [2, 0, 4, 8.5], "texture": "#0"},
				"east": {"uv": [2, 0, 4, 8.5], "texture": "#0"},
				"south": {"uv": [2, 0, 4, 8.5], "texture": "#0"},
				"west": {"uv": [2, 0, 4, 8.5], "texture": "#0"},
				"up": {"uv": [0, 10.5, 2, 12.5], "texture": "#0"},
				"down": {"uv": [0, 10.5, 2, 12.5], "texture": "#0"}
			}
		},
		{
			"name": "bar_left_btm",
			"from": [0, 3, 9],
			"to": [2, 5.5, 13],
			"faces": {
				"east": {"uv": [8, 0, 12, 2.5], "texture": "#0"},
				"west": {"uv": [4, 0, 8, 2.5], "texture": "#0"},
				"up": {"uv": [4, 2.5, 8, 4.5], "rotation": 90, "texture": "#0"},
				"down": {"uv": [4, 2.5, 8, 4.5], "rotation": 90, "texture": "#0"}
			}
		},
		{
			"name": "bar_left_top",
			"from": [0, 9, 9],
			"to": [2, 11.5, 13],
			"faces": {
				"east": {"uv": [8, 0, 12, 2.5], "texture": "#0"},
				"west": {"uv": [4, 0, 8, 2.5], "texture": "#0"},
				"up": {"uv": [4, 2.5, 8, 4.5], "rotation": 90, "texture": "#0"},
				"down": {"uv": [4, 2.5, 8, 4.5], "rotation": 90, "texture": "#0"}
			}
		},
		{
			"name": "bar_right_btm",
			"from": [14, 3, 9],
			"to": [16, 5.5, 13],
			"faces": {
				"east": {"uv": [8, 0, 12, 2.5], "texture": "#0"},
				"west": {"uv": [4, 0, 8, 2.5], "texture": "#0"},
				"up": {"uv": [8, 2.5, 12, 4.5], "rotation": 270, "texture": "#0"},
				"down": {"uv": [8, 2.5, 12, 4.5], "rotation": 270, "texture": "#0"}
			}
		},
		{
			"name": "bar_right_top",
			"from": [14, 9, 9],
			"to": [16, 11.5, 13],
			"faces": {
				"east": {"uv": [8, 0, 12, 2.5], "texture": "#0"},
				"west": {"uv": [4, 0, 8, 2.5], "texture": "#0"},
				"up": {"uv": [8, 2.5, 12, 4.5], "rotation": 270, "texture": "#0"},
				"down": {"uv": [8, 2.5, 12, 4.5], "rotation": 270, "texture": "#0"}
			}
		}
	]
}