{
	"credit": "Made with Blockbench",
	"textures": {
		"0": "block/comparator",
		"1": "block/repeater_side",
		"1_0": "block/redstone_torch_off",
		"particle": "block/redstone_torch_off"
	},
	"elements": [
		{
			"from": [0, 0, 0],
			"to": [16, 2, 16],
			"faces": {
				"north": {"uv": [0, 14, 16, 16], "texture": "#1"},
				"east": {"uv": [0, 14, 16, 16], "texture": "#1"},
				"south": {"uv": [0, 14, 16, 16], "texture": "#1"},
				"west": {"uv": [0, 14, 16, 16], "texture": "#1"},
				"up": {"uv": [0, 0, 16, 16], "texture": "#0"},
				"down": {"uv": [15.5, 15.5, 16, 16], "texture": "#0"}
			}
		},
		{
			"from": [0, 2, 0],
			"to": [16, 2.5, 11],
			"faces": {
				"north": {"uv": [0, 15.5, 16, 16], "texture": "#1"},
				"east": {"uv": [0, 15.5, 16, 16], "texture": "#1"},
				"south": {"uv": [0, 15.5, 16, 16], "texture": "#1"},
				"west": {"uv": [0, 15.5, 16, 16], "texture": "#1"},
				"up": {"uv": [0, 0, 16, 11], "texture": "#0"},
				"down": {"uv": [0, 15.5, 16, 16], "texture": "#1"}
			}
		},
		{
			"from": [11.5, 2, 11],
			"to": [12, 2.5, 11.5],
			"faces": {
				"north": {"uv": [7, 6, 7.5, 6.5], "texture": "#0"},
				"east": {"uv": [7, 6, 7.5, 6.5], "texture": "#0"},
				"south": {"uv": [7, 6, 7.5, 6.5], "texture": "#0"},
				"west": {"uv": [7, 6, 7.5, 6.5], "texture": "#0"},
				"up": {"uv": [7, 6, 7.5, 6.5], "texture": "#0"},
				"down": {"uv": [7, 6, 7.5, 6.5], "texture": "#0"}
			}
		},
		{
			"from": [7, -0.5, 1.5],
			"to": [9, 3.5, 3.5],
			"rotation": {"angle": 45, "axis": "y", "origin": [8, 7.5, 2.5]},
			"faces": {
				"north": {"uv": [7, 10, 9, 14], "texture": "#1_0"},
				"east": {"uv": [7, 10, 9, 14], "texture": "#1_0"},
				"south": {"uv": [7, 10, 9, 14], "texture": "#1_0"},
				"west": {"uv": [7, 10, 9, 14], "texture": "#1_0"},
				"up": {"uv": [7, 14, 9, 16], "texture": "#1_0"},
				"down": {"uv": [7, 14, 9, 16], "texture": "#1_0"}
			}
		},
		{
			"from": [5, 2, 2],
			"to": [7, 3, 3],
			"rotation": {"angle": 45, "axis": "y", "origin": [8, 7.5, 2.5]},
			"faces": {
				"north": {"uv": [9, 13.5, 11, 14.5], "texture": "#1_0"},
				"east": {"uv": [9, 13.5, 10, 14.5], "texture": "#1_0"},
				"south": {"uv": [9, 13.5, 11, 14.5], "texture": "#1_0"},
				"west": {"uv": [10, 13.5, 11, 14.5], "texture": "#1_0"},
				"up": {"uv": [9, 13.5, 11, 14.5], "texture": "#1_0"},
				"down": {"uv": [9, 13.5, 11, 14.5], "texture": "#1_0"}
			}
		},
		{
			"from": [9, 2, 2],
			"to": [11, 3, 3],
			"rotation": {"angle": 45, "axis": "y", "origin": [8, 7.5, 2.5]},
			"faces": {
				"north": {"uv": [9, 13.5, 11, 14.5], "texture": "#1_0"},
				"east": {"uv": [9, 13.5, 10, 14.5], "texture": "#1_0"},
				"south": {"uv": [9, 13.5, 11, 14.5], "texture": "#1_0"},
				"west": {"uv": [10, 13.5, 11, 14.5], "texture": "#1_0"},
				"up": {"uv": [9, 13.5, 11, 14.5], "texture": "#1_0"},
				"down": {"uv": [9, 13.5, 11, 14.5], "texture": "#1_0"}
			}
		},
		{
			"from": [7.5, 2, -0.5],
			"to": [8.5, 3, 1.5],
			"rotation": {"angle": 45, "axis": "y", "origin": [8, 7.5, 2.5]},
			"faces": {
				"north": {"uv": [10, 13.5, 11, 14.5], "texture": "#1_0"},
				"east": {"uv": [9, 13.5, 11, 14.5], "texture": "#1_0"},
				"south": {"uv": [9, 13.5, 10, 14.5], "texture": "#1_0"},
				"west": {"uv": [9, 13.5, 11, 14.5], "texture": "#1_0"},
				"up": {"uv": [9, 13.5, 11, 14.5], "rotation": 90, "texture": "#1_0"},
				"down": {"uv": [9, 13.5, 11, 14.5], "rotation": 90, "texture": "#1_0"}
			}
		},
		{
			"from": [7.5, 2, 3.5],
			"to": [8.5, 3, 5.5],
			"rotation": {"angle": 45, "axis": "y", "origin": [8, 7.5, 2.5]},
			"faces": {
				"north": {"uv": [10, 13.5, 11, 14.5], "texture": "#1_0"},
				"east": {"uv": [9, 13.5, 11, 14.5], "texture": "#1_0"},
				"south": {"uv": [9, 13.5, 10, 14.5], "texture": "#1_0"},
				"west": {"uv": [9, 13.5, 11, 14.5], "texture": "#1_0"},
				"up": {"uv": [9, 13.5, 11, 14.5], "rotation": 90, "texture": "#1_0"},
				"down": {"uv": [9, 13.5, 11, 14.5], "rotation": 90, "texture": "#1_0"}
			}
		},
		{
			"from": [7.5, 3.5, 1],
			"to": [8.5, 4.5, 2],
			"rotation": {"angle": 45, "axis": "y", "origin": [8, 7.5, 2.5]},
			"faces": {
				"north": {"uv": [7.5, 9.5, 8.5, 10.5], "texture": "#1_0"},
				"east": {"uv": [7.5, 9.5, 8.5, 10.5], "texture": "#1_0"},
				"south": {"uv": [7.5, 9.5, 8.5, 10.5], "texture": "#1_0"},
				"west": {"uv": [7.5, 9.5, 8.5, 10.5], "texture": "#1_0"},
				"up": {"uv": [7.5, 9.5, 8.5, 10], "texture": "#1_0"},
				"down": {"uv": [7.5, 9.5, 8.5, 10.5], "texture": "#1_0"}
			}
		},
		{
			"from": [6.5, 3.5, 2],
			"to": [9.5, 4.5, 3],
			"rotation": {"angle": 45, "axis": "y", "origin": [8, 7.5, 2.5]},
			"faces": {
				"north": {"uv": [7.5, 9.5, 8.5, 10.5], "texture": "#1_0"},
				"east": {"uv": [7.5, 9.5, 8.5, 10.5], "texture": "#1_0"},
				"south": {"uv": [7.5, 9.5, 8.5, 10.5], "texture": "#1_0"},
				"west": {"uv": [7.5, 9.5, 8.5, 10.5], "texture": "#1_0"},
				"up": {"uv": [7.5, 9.5, 8.5, 10], "texture": "#1_0"},
				"down": {"uv": [7.5, 9.5, 8.5, 10.5], "texture": "#1_0"}
			}
		},
		{
			"from": [7, 4, 1],
			"to": [9, 4.5, 2],
			"rotation": {"angle": 45, "axis": "y", "origin": [8, 7.5, 2.5]},
			"faces": {
				"north": {"uv": [7, 9.5, 9, 10], "texture": "#1_0"},
				"east": {"uv": [7.5, 9.5, 8.5, 10], "texture": "#1_0"},
				"south": {"uv": [7, 9.5, 9, 10], "texture": "#1_0"},
				"west": {"uv": [7.5, 9.5, 8.5, 10], "texture": "#1_0"},
				"up": {"uv": [7, 9.5, 9, 10], "texture": "#1_0"},
				"down": {"uv": [7.5, 9.5, 8.5, 10], "texture": "#1_0"}
			}
		},
		{
			"from": [7, 4, 3],
			"to": [9, 4.5, 4],
			"rotation": {"angle": 45, "axis": "y", "origin": [8, 7.5, 2.5]},
			"faces": {
				"north": {"uv": [7, 9.5, 9, 10], "texture": "#1_0"},
				"east": {"uv": [7.5, 9.5, 8.5, 10], "texture": "#1_0"},
				"south": {"uv": [7, 9.5, 9, 10], "texture": "#1_0"},
				"west": {"uv": [7.5, 9.5, 8.5, 10], "texture": "#1_0"},
				"up": {"uv": [7, 9.5, 9, 10], "texture": "#1_0"},
				"down": {"uv": [7.5, 9.5, 8.5, 10], "texture": "#1_0"}
			}
		},
		{
			"from": [7.5, 3.5, 3],
			"to": [8.5, 4.5, 4],
			"rotation": {"angle": 45, "axis": "y", "origin": [8, 7.5, 2.5]},
			"faces": {
				"north": {"uv": [7.5, 9.5, 8.5, 10.5], "texture": "#1_0"},
				"east": {"uv": [7.5, 9.5, 8.5, 10.5], "texture": "#1_0"},
				"south": {"uv": [7.5, 9.5, 8.5, 10.5], "texture": "#1_0"},
				"west": {"uv": [7.5, 9.5, 8.5, 10.5], "texture": "#1_0"},
				"up": {"uv": [7.5, 9.5, 8.5, 10], "texture": "#1_0"},
				"down": {"uv": [7.5, 9.5, 8.5, 10.5], "texture": "#1_0"}
			}
		},
		{
			"from": [6.5, 4, 1.5],
			"to": [7.5, 4.5, 3.5],
			"rotation": {"angle": 45, "axis": "y", "origin": [8, 7.5, 2.5]},
			"faces": {
				"north": {"uv": [7.5, 9.5, 8.5, 10], "texture": "#1_0"},
				"east": {"uv": [7.5, 9.5, 8.5, 10], "texture": "#1_0"},
				"south": {"uv": [7.5, 9.5, 8.5, 10], "texture": "#1_0"},
				"west": {"uv": [7, 9.5, 9, 10], "texture": "#1_0"},
				"up": {"uv": [7, 9.5, 9, 10], "rotation": 90, "texture": "#1_0"},
				"down": {"uv": [7.5, 9.5, 8.5, 10], "texture": "#1_0"}
			}
		},
		{
			"from": [8.5, 4, 1.5],
			"to": [9.5, 4.5, 3.5],
			"rotation": {"angle": 45, "axis": "y", "origin": [8, 7.5, 2.5]},
			"faces": {
				"north": {"uv": [7.5, 9.5, 8.5, 10], "texture": "#1_0"},
				"east": {"uv": [7, 9.5, 9, 10], "texture": "#1_0"},
				"south": {"uv": [7.5, 9.5, 8.5, 10], "texture": "#1_0"},
				"west": {"uv": [7, 9.5, 9, 10], "texture": "#1_0"},
				"up": {"uv": [7, 9.5, 9, 10], "rotation": 90, "texture": "#1_0"},
				"down": {"uv": [7.5, 9.5, 8.5, 10], "texture": "#1_0"}
			}
		},
		{
			"from": [7, 4.5, 1],
			"to": [7.5, 5, 1.5],
			"rotation": {"angle": 45, "axis": "y", "origin": [8, 7.5, 2.5]},
			"faces": {
				"north": {"uv": [8.5, 9, 9, 9.5], "texture": "#1_0"},
				"east": {"uv": [8.5, 9, 9, 9.5], "texture": "#1_0"},
				"south": {"uv": [8.5, 9, 9, 9.5], "texture": "#1_0"},
				"west": {"uv": [8.5, 9, 9, 9.5], "texture": "#1_0"},
				"up": {"uv": [8.5, 9, 9, 9.5], "texture": "#1_0"},
				"down": {"uv": [8.5, 9, 9, 9.5], "texture": "#1_0"}
			}
		},
		{
			"from": [8.5, 4.5, 1],
			"to": [9, 5, 1.5],
			"rotation": {"angle": 45, "axis": "y", "origin": [8, 7.5, 2.5]},
			"faces": {
				"north": {"uv": [8.5, 9, 9, 9.5], "texture": "#1_0"},
				"east": {"uv": [8.5, 9, 9, 9.5], "texture": "#1_0"},
				"south": {"uv": [8.5, 9, 9, 9.5], "texture": "#1_0"},
				"west": {"uv": [8.5, 9, 9, 9.5], "texture": "#1_0"},
				"up": {"uv": [8.5, 9, 9, 9.5], "texture": "#1_0"},
				"down": {"uv": [8.5, 9, 9, 9.5], "texture": "#1_0"}
			}
		},
		{
			"from": [9, 4.5, 1.5],
			"to": [9.5, 5, 2],
			"rotation": {"angle": 45, "axis": "y", "origin": [8, 7.5, 2.5]},
			"faces": {
				"north": {"uv": [8.5, 9, 9, 9.5], "texture": "#1_0"},
				"east": {"uv": [8.5, 9, 9, 9.5], "texture": "#1_0"},
				"south": {"uv": [8.5, 9, 9, 9.5], "texture": "#1_0"},
				"west": {"uv": [8.5, 9, 9, 9.5], "texture": "#1_0"},
				"up": {"uv": [8.5, 9, 9, 9.5], "texture": "#1_0"},
				"down": {"uv": [8.5, 9, 9, 9.5], "texture": "#1_0"}
			}
		},
		{
			"from": [9, 4.5, 3],
			"to": [9.5, 5, 3.5],
			"rotation": {"angle": 45, "axis": "y", "origin": [8, 7.5, 2.5]},
			"faces": {
				"north": {"uv": [8.5, 9, 9, 9.5], "texture": "#1_0"},
				"east": {"uv": [8.5, 9, 9, 9.5], "texture": "#1_0"},
				"south": {"uv": [8.5, 9, 9, 9.5], "texture": "#1_0"},
				"west": {"uv": [8.5, 9, 9, 9.5], "texture": "#1_0"},
				"up": {"uv": [8.5, 9, 9, 9.5], "texture": "#1_0"},
				"down": {"uv": [8.5, 9, 9, 9.5], "texture": "#1_0"}
			}
		},
		{
			"from": [8.5, 4.5, 3.5],
			"to": [9, 5, 4],
			"rotation": {"angle": 45, "axis": "y", "origin": [8, 7.5, 2.5]},
			"faces": {
				"north": {"uv": [8.5, 9, 9, 9.5], "texture": "#1_0"},
				"east": {"uv": [8.5, 9, 9, 9.5], "texture": "#1_0"},
				"south": {"uv": [8.5, 9, 9, 9.5], "texture": "#1_0"},
				"west": {"uv": [8.5, 9, 9, 9.5], "texture": "#1_0"},
				"up": {"uv": [8.5, 9, 9, 9.5], "texture": "#1_0"},
				"down": {"uv": [8.5, 9, 9, 9.5], "texture": "#1_0"}
			}
		},
		{
			"from": [7, 4.5, 3.5],
			"to": [7.5, 5, 4],
			"rotation": {"angle": 45, "axis": "y", "origin": [8, 7.5, 2.5]},
			"faces": {
				"north": {"uv": [8.5, 9, 9, 9.5], "texture": "#1_0"},
				"east": {"uv": [8.5, 9, 9, 9.5], "texture": "#1_0"},
				"south": {"uv": [8.5, 9, 9, 9.5], "texture": "#1_0"},
				"west": {"uv": [8.5, 9, 9, 9.5], "texture": "#1_0"},
				"up": {"uv": [8.5, 9, 9, 9.5], "texture": "#1_0"},
				"down": {"uv": [8.5, 9, 9, 9.5], "texture": "#1_0"}
			}
		},
		{
			"from": [6.5, 4.5, 3],
			"to": [7, 5, 3.5],
			"rotation": {"angle": 45, "axis": "y", "origin": [8, 7.5, 2.5]},
			"faces": {
				"north": {"uv": [8.5, 9, 9, 9.5], "texture": "#1_0"},
				"east": {"uv": [8.5, 9, 9, 9.5], "texture": "#1_0"},
				"south": {"uv": [8.5, 9, 9, 9.5], "texture": "#1_0"},
				"west": {"uv": [8.5, 9, 9, 9.5], "texture": "#1_0"},
				"up": {"uv": [8.5, 9, 9, 9.5], "texture": "#1_0"},
				"down": {"uv": [8.5, 9, 9, 9.5], "texture": "#1_0"}
			}
		},
		{
			"from": [6.5, 4.5, 1.5],
			"to": [7, 5, 2],
			"rotation": {"angle": 45, "axis": "y", "origin": [8, 7.5, 2.5]},
			"faces": {
				"north": {"uv": [8.5, 9, 9, 9.5], "texture": "#1_0"},
				"east": {"uv": [8.5, 9, 9, 9.5], "texture": "#1_0"},
				"south": {"uv": [8.5, 9, 9, 9.5], "texture": "#1_0"},
				"west": {"uv": [8.5, 9, 9, 9.5], "texture": "#1_0"},
				"up": {"uv": [8.5, 9, 9, 9.5], "texture": "#1_0"},
				"down": {"uv": [8.5, 9, 9, 9.5], "texture": "#1_0"}
			}
		},
		{
			"from": [6.5, 5.5, 1],
			"to": [9.5, 7.5, 4],
			"rotation": {"angle": 45, "axis": "y", "origin": [8, 7.5, 2.5]},
			"faces": {
				"north": {"uv": [6.5, 6.5, 9.5, 8.5], "texture": "#1_0"},
				"east": {"uv": [6.5, 6.5, 9.5, 8.5], "texture": "#1_0"},
				"south": {"uv": [6.5, 6.5, 9.5, 8.5], "texture": "#1_0"},
				"west": {"uv": [6.5, 6.5, 9.5, 8.5], "texture": "#1_0"},
				"up": {"uv": [7, 6.5, 9, 8.5], "texture": "#1_0"},
				"down": {"uv": [7, 6.5, 9, 8.5], "texture": "#1_0"}
			}
		},
		{
			"from": [7, 4.5, 1.5],
			"to": [9, 7.5, 3.5],
			"rotation": {"angle": 45, "axis": "y", "origin": [8, 7.5, 2.5]},
			"faces": {
				"north": {"uv": [7, 6.5, 9, 9.5], "texture": "#1_0"},
				"east": {"uv": [7, 6.5, 9, 9.5], "texture": "#1_0"},
				"south": {"uv": [7, 6.5, 9, 9.5], "texture": "#1_0"},
				"west": {"uv": [7, 6.5, 9, 9.5], "texture": "#1_0"},
				"up": {"uv": [7, 6.5, 9, 8.5], "texture": "#1_0"},
				"down": {"uv": [7, 6.5, 9, 8.5], "texture": "#1_0"}
			}
		},
		{
			"from": [7, 7.5, 1.5],
			"to": [9, 8, 3.5],
			"rotation": {"angle": 45, "axis": "y", "origin": [8, 7.5, 2.5]},
			"faces": {
				"north": {"uv": [7, 6, 9, 6.5], "texture": "#1_0"},
				"east": {"uv": [7, 6, 9, 6.5], "texture": "#1_0"},
				"south": {"uv": [7, 6, 9, 6.5], "texture": "#1_0"},
				"west": {"uv": [7, 6, 9, 6.5], "texture": "#1_0"},
				"up": {"uv": [7, 6, 9, 8], "texture": "#1_0"},
				"down": {"uv": [7, 6, 9, 6.5], "texture": "#1_0"}
			}
		},
		{
			"from": [7.5, 8, 2],
			"to": [8.5, 8.5, 3],
			"rotation": {"angle": 45, "axis": "y", "origin": [8, 7.5, 2.5]},
			"faces": {
				"north": {"uv": [7.5, 5.5, 8.5, 6], "texture": "#1_0"},
				"east": {"uv": [7.5, 5.5, 8.5, 6], "texture": "#1_0"},
				"south": {"uv": [7.5, 5.5, 8.5, 6], "texture": "#1_0"},
				"west": {"uv": [7.5, 5.5, 8.5, 6], "texture": "#1_0"},
				"up": {"uv": [7.5, 6.5, 8.5, 7.5], "texture": "#1_0"},
				"down": {"uv": [7.5, 5.5, 8.5, 6], "texture": "#1_0"}
			}
		},
		{
			"from": [9.5, 3.5, 2],
			"to": [10, 5.5, 3],
			"rotation": {"angle": 45, "axis": "y", "origin": [8, 7.5, 2.5]},
			"faces": {
				"north": {"uv": [6.5, 8.5, 7, 10.5], "texture": "#1_0"},
				"east": {"uv": [6.5, 8.5, 7, 10.5], "texture": "#1_0"},
				"south": {"uv": [6.5, 8.5, 7, 10.5], "texture": "#1_0"},
				"west": {"uv": [6.5, 8.5, 7, 10.5], "texture": "#1_0"},
				"up": {"uv": [6.5, 8.5, 7, 9], "texture": "#1_0"},
				"down": {"uv": [6.5, 8.5, 7, 10.5], "texture": "#1_0"}
			}
		},
		{
			"from": [10, 4, 2],
			"to": [10.5, 6, 3],
			"rotation": {"angle": 45, "axis": "y", "origin": [8, 7.5, 2.5]},
			"faces": {
				"north": {"uv": [6, 8, 6.5, 10], "texture": "#1_0"},
				"east": {"uv": [6, 8, 6.5, 10], "texture": "#1_0"},
				"south": {"uv": [6, 8, 6.5, 10], "texture": "#1_0"},
				"west": {"uv": [6, 8, 6.5, 10], "texture": "#1_0"},
				"up": {"uv": [6, 8, 6.5, 8.5], "texture": "#1_0"},
				"down": {"uv": [6, 9.5, 6.5, 10], "texture": "#1_0"}
			}
		},
		{
			"from": [10.5, 4.5, 2],
			"to": [11, 6.5, 3],
			"rotation": {"angle": 45, "axis": "y", "origin": [8, 7.5, 2.5]},
			"faces": {
				"north": {"uv": [5.5, 7.5, 6, 9.5], "texture": "#1_0"},
				"east": {"uv": [5.5, 7.5, 6, 9.5], "texture": "#1_0"},
				"south": {"uv": [5.5, 7.5, 6, 9.5], "texture": "#1_0"},
				"west": {"uv": [5.5, 7.5, 6, 9.5], "texture": "#1_0"},
				"up": {"uv": [5.5, 7.5, 6, 9.5], "texture": "#1_0"},
				"down": {"uv": [5.5, 9, 6, 9.5], "texture": "#1_0"}
			}
		},
		{
			"from": [10.5, 5, 2],
			"to": [11.5, 7.5, 3],
			"rotation": {"angle": 45, "axis": "y", "origin": [8, 7.5, 2.5]},
			"faces": {
				"north": {"uv": [5, 6.5, 6, 9], "texture": "#1_0"},
				"east": {"uv": [5, 8.5, 5.5, 9], "rotation": 90, "texture": "#1_0"},
				"south": {"uv": [6, 6.5, 5, 9], "texture": "#1_0"},
				"west": {"uv": [5, 8.5, 5.5, 9], "rotation": 90, "texture": "#1_0"},
				"up": {"uv": [5, 8.5, 5.5, 9], "rotation": 90, "texture": "#1_0"},
				"down": {"uv": [5, 8.5, 5.5, 9], "rotation": 90, "texture": "#1_0"}
			}
		},
		{
			"from": [10.5, 5.5, 2],
			"to": [12, 8, 3],
			"rotation": {"angle": 45, "axis": "y", "origin": [8, 7.5, 2.5]},
			"faces": {
				"north": {"uv": [4.5, 6, 6, 8.5], "texture": "#1_0"},
				"east": {"uv": [5, 8.5, 5.5, 9], "rotation": 90, "texture": "#1_0"},
				"south": {"uv": [6, 6, 4.5, 8.5], "texture": "#1_0"},
				"west": {"uv": [5, 8.5, 5.5, 9], "rotation": 90, "texture": "#1_0"},
				"up": {"uv": [5, 8.5, 5.5, 9], "rotation": 90, "texture": "#1_0"},
				"down": {"uv": [5, 8.5, 5.5, 9], "rotation": 90, "texture": "#1_0"}
			}
		},
		{
			"from": [10, 7.5, 2],
			"to": [11.5, 8.5, 3],
			"rotation": {"angle": 45, "axis": "y", "origin": [8, 7.5, 2.5]},
			"faces": {
				"north": {"uv": [5, 5.5, 6.5, 6.5], "texture": "#1_0"},
				"east": {"uv": [5, 8.5, 5.5, 9], "rotation": 90, "texture": "#1_0"},
				"south": {"uv": [6.5, 5.5, 5, 6.5], "texture": "#1_0"},
				"west": {"uv": [5, 8.5, 5.5, 9], "rotation": 90, "texture": "#1_0"},
				"up": {"uv": [5, 8.5, 5.5, 9], "rotation": 90, "texture": "#1_0"},
				"down": {"uv": [5, 8.5, 5.5, 9], "rotation": 90, "texture": "#1_0"}
			}
		},
		{
			"from": [9.5, 8, 2],
			"to": [11, 9, 3],
			"rotation": {"angle": 45, "axis": "y", "origin": [8, 7.5, 2.5]},
			"faces": {
				"north": {"uv": [5.5, 5, 7, 6], "texture": "#1_0"},
				"east": {"uv": [5, 8.5, 5.5, 9], "rotation": 90, "texture": "#1_0"},
				"south": {"uv": [7, 5, 5.5, 6], "texture": "#1_0"},
				"west": {"uv": [5, 8.5, 5.5, 9], "rotation": 90, "texture": "#1_0"},
				"up": {"uv": [5, 8.5, 5.5, 9], "rotation": 90, "texture": "#1_0"},
				"down": {"uv": [5, 8.5, 5.5, 9], "rotation": 90, "texture": "#1_0"}
			}
		},
		{
			"from": [9, 8.5, 2],
			"to": [10.5, 9.5, 3],
			"rotation": {"angle": 45, "axis": "y", "origin": [8, 7.5, 2.5]},
			"faces": {
				"north": {"uv": [6, 4.5, 7.5, 5.5], "texture": "#1_0"},
				"east": {"uv": [5, 8.5, 5.5, 9], "rotation": 90, "texture": "#1_0"},
				"south": {"uv": [7.5, 4.5, 6, 5.5], "texture": "#1_0"},
				"west": {"uv": [5, 8.5, 5.5, 9], "rotation": 90, "texture": "#1_0"},
				"up": {"uv": [5, 8.5, 5.5, 9], "rotation": 90, "texture": "#1_0"},
				"down": {"uv": [5, 8.5, 5.5, 9], "rotation": 90, "texture": "#1_0"}
			}
		},
		{
			"from": [9, 9.5, 2],
			"to": [10, 10, 3],
			"rotation": {"angle": 45, "axis": "y", "origin": [8, 7.5, 2.5]},
			"faces": {
				"north": {"uv": [6.5, 4, 7.5, 4.5], "texture": "#1_0"},
				"east": {"uv": [5, 8.5, 5.5, 9], "rotation": 90, "texture": "#1_0"},
				"south": {"uv": [7.5, 4, 6.5, 4.5], "texture": "#1_0"},
				"west": {"uv": [5, 8.5, 5.5, 9], "rotation": 90, "texture": "#1_0"},
				"up": {"uv": [5, 8.5, 5.5, 9], "rotation": 90, "texture": "#1_0"},
				"down": {"uv": [5, 8.5, 5.5, 9], "rotation": 90, "texture": "#1_0"}
			}
		},
		{
			"from": [6, 9.5, 2],
			"to": [7, 10, 3],
			"rotation": {"angle": 45, "axis": "y", "origin": [8, 7.5, 2.5]},
			"faces": {
				"north": {"uv": [7.5, 4, 6.5, 4.5], "texture": "#1_0"},
				"east": {"uv": [5, 8.5, 5.5, 9], "rotation": 90, "texture": "#1_0"},
				"south": {"uv": [6.5, 4, 7.5, 4.5], "texture": "#1_0"},
				"west": {"uv": [5, 8.5, 5.5, 9], "rotation": 90, "texture": "#1_0"},
				"up": {"uv": [5, 8.5, 5.5, 9], "rotation": 270, "texture": "#1_0"},
				"down": {"uv": [5, 8.5, 5.5, 9], "rotation": 270, "texture": "#1_0"}
			}
		},
		{
			"from": [5.5, 8.5, 2],
			"to": [7, 9.5, 3],
			"rotation": {"angle": 45, "axis": "y", "origin": [8, 7.5, 2.5]},
			"faces": {
				"north": {"uv": [7.5, 4.5, 6, 5.5], "texture": "#1_0"},
				"east": {"uv": [5, 8.5, 5.5, 9], "rotation": 90, "texture": "#1_0"},
				"south": {"uv": [6, 4.5, 7.5, 5.5], "texture": "#1_0"},
				"west": {"uv": [5, 8.5, 5.5, 9], "rotation": 90, "texture": "#1_0"},
				"up": {"uv": [5, 8.5, 5.5, 9], "rotation": 270, "texture": "#1_0"},
				"down": {"uv": [5, 8.5, 5.5, 9], "rotation": 270, "texture": "#1_0"}
			}
		},
		{
			"from": [5, 8, 2],
			"to": [6.5, 9, 3],
			"rotation": {"angle": 45, "axis": "y", "origin": [8, 7.5, 2.5]},
			"faces": {
				"north": {"uv": [7, 5, 5.5, 6], "texture": "#1_0"},
				"east": {"uv": [5, 8.5, 5.5, 9], "rotation": 90, "texture": "#1_0"},
				"south": {"uv": [5.5, 5, 7, 6], "texture": "#1_0"},
				"west": {"uv": [5, 8.5, 5.5, 9], "rotation": 90, "texture": "#1_0"},
				"up": {"uv": [5, 8.5, 5.5, 9], "rotation": 270, "texture": "#1_0"},
				"down": {"uv": [5, 8.5, 5.5, 9], "rotation": 270, "texture": "#1_0"}
			}
		},
		{
			"from": [4.5, 7.5, 2],
			"to": [6, 8.5, 3],
			"rotation": {"angle": 45, "axis": "y", "origin": [8, 7.5, 2.5]},
			"faces": {
				"north": {"uv": [6.5, 5.5, 5, 6.5], "texture": "#1_0"},
				"east": {"uv": [5, 8.5, 5.5, 9], "rotation": 90, "texture": "#1_0"},
				"south": {"uv": [5, 5.5, 6.5, 6.5], "texture": "#1_0"},
				"west": {"uv": [5, 8.5, 5.5, 9], "rotation": 90, "texture": "#1_0"},
				"up": {"uv": [5, 8.5, 5.5, 9], "rotation": 270, "texture": "#1_0"},
				"down": {"uv": [5, 8.5, 5.5, 9], "rotation": 270, "texture": "#1_0"}
			}
		},
		{
			"from": [4, 5.5, 2],
			"to": [5.5, 8, 3],
			"rotation": {"angle": 45, "axis": "y", "origin": [8, 7.5, 2.5]},
			"faces": {
				"north": {"uv": [6, 6, 4.5, 8.5], "texture": "#1_0"},
				"east": {"uv": [5, 8.5, 5.5, 9], "rotation": 90, "texture": "#1_0"},
				"south": {"uv": [4.5, 6, 6, 8.5], "texture": "#1_0"},
				"west": {"uv": [5, 8.5, 5.5, 9], "rotation": 90, "texture": "#1_0"},
				"up": {"uv": [5, 8.5, 5.5, 9], "rotation": 270, "texture": "#1_0"},
				"down": {"uv": [5, 8.5, 5.5, 9], "rotation": 270, "texture": "#1_0"}
			}
		},
		{
			"from": [5.5, 4, 2],
			"to": [6, 6, 3],
			"rotation": {"angle": 45, "axis": "y", "origin": [8, 7.5, 2.5]},
			"faces": {
				"north": {"uv": [6, 8, 6.5, 10], "texture": "#1_0"},
				"east": {"uv": [6, 8, 6.5, 10], "texture": "#1_0"},
				"south": {"uv": [6, 8, 6.5, 10], "texture": "#1_0"},
				"west": {"uv": [6, 8, 6.5, 10], "texture": "#1_0"},
				"up": {"uv": [6, 8, 6.5, 8.5], "rotation": 180, "texture": "#1_0"},
				"down": {"uv": [6, 9.5, 6.5, 10], "rotation": 180, "texture": "#1_0"}
			}
		},
		{
			"from": [6, 3.5, 2],
			"to": [6.5, 5.5, 3],
			"rotation": {"angle": 45, "axis": "y", "origin": [8, 7.5, 2.5]},
			"faces": {
				"north": {"uv": [6.5, 8.5, 7, 10.5], "texture": "#1_0"},
				"east": {"uv": [6.5, 8.5, 7, 10.5], "texture": "#1_0"},
				"south": {"uv": [6.5, 8.5, 7, 10.5], "texture": "#1_0"},
				"west": {"uv": [6.5, 8.5, 7, 10.5], "texture": "#1_0"},
				"up": {"uv": [6.5, 8.5, 7, 9], "rotation": 180, "texture": "#1_0"},
				"down": {"uv": [6.5, 8.5, 7, 10.5], "rotation": 180, "texture": "#1_0"}
			}
		},
		{
			"from": [5, 4.5, 2],
			"to": [5.5, 6.5, 3],
			"rotation": {"angle": 45, "axis": "y", "origin": [8, 7.5, 2.5]},
			"faces": {
				"north": {"uv": [5.5, 7.5, 6, 9.5], "texture": "#1_0"},
				"east": {"uv": [5.5, 7.5, 6, 9.5], "texture": "#1_0"},
				"south": {"uv": [5.5, 7.5, 6, 9.5], "texture": "#1_0"},
				"west": {"uv": [5.5, 7.5, 6, 9.5], "texture": "#1_0"},
				"up": {"uv": [5.5, 7.5, 6, 9.5], "rotation": 180, "texture": "#1_0"},
				"down": {"uv": [5.5, 9, 6, 9.5], "rotation": 180, "texture": "#1_0"}
			}
		},
		{
			"from": [4.5, 5, 2],
			"to": [5.5, 7.5, 3],
			"rotation": {"angle": 45, "axis": "y", "origin": [8, 7.5, 2.5]},
			"faces": {
				"north": {"uv": [6, 6.5, 5, 9], "texture": "#1_0"},
				"east": {"uv": [5, 8.5, 5.5, 9], "rotation": 90, "texture": "#1_0"},
				"south": {"uv": [5, 6.5, 6, 9], "texture": "#1_0"},
				"west": {"uv": [5, 8.5, 5.5, 9], "rotation": 90, "texture": "#1_0"},
				"up": {"uv": [5, 8.5, 5.5, 9], "rotation": 270, "texture": "#1_0"},
				"down": {"uv": [5, 8.5, 5.5, 9], "rotation": 270, "texture": "#1_0"}
			}
		},
		{
			"from": [7.5, 9.5, 0.5],
			"to": [8.5, 10, 1.5],
			"rotation": {"angle": 45, "axis": "y", "origin": [8, 7.5, 2.5]},
			"faces": {
				"north": {"uv": [5, 8.5, 5.5, 9], "rotation": 90, "texture": "#1_0"},
				"east": {"uv": [7.5, 4, 6.5, 4.5], "texture": "#1_0"},
				"south": {"uv": [5, 8.5, 5.5, 9], "rotation": 90, "texture": "#1_0"},
				"west": {"uv": [6.5, 4, 7.5, 4.5], "texture": "#1_0"},
				"up": {"uv": [5, 8.5, 5.5, 9], "texture": "#1_0"},
				"down": {"uv": [5, 8.5, 5.5, 9], "rotation": 180, "texture": "#1_0"}
			}
		},
		{
			"from": [7.5, 8.5, 0],
			"to": [8.5, 9.5, 1.5],
			"rotation": {"angle": 45, "axis": "y", "origin": [8, 7.5, 2.5]},
			"faces": {
				"north": {"uv": [5, 8.5, 5.5, 9], "rotation": 90, "texture": "#1_0"},
				"east": {"uv": [7.5, 4.5, 6, 5.5], "texture": "#1_0"},
				"south": {"uv": [5, 8.5, 5.5, 9], "rotation": 90, "texture": "#1_0"},
				"west": {"uv": [6, 4.5, 7.5, 5.5], "texture": "#1_0"},
				"up": {"uv": [5, 8.5, 5.5, 9], "texture": "#1_0"},
				"down": {"uv": [5, 8.5, 5.5, 9], "rotation": 180, "texture": "#1_0"}
			}
		},
		{
			"from": [7.5, 8, -0.5],
			"to": [8.5, 9, 1],
			"rotation": {"angle": 45, "axis": "y", "origin": [8, 7.5, 2.5]},
			"faces": {
				"north": {"uv": [5, 8.5, 5.5, 9], "rotation": 90, "texture": "#1_0"},
				"east": {"uv": [7, 5, 5.5, 6], "texture": "#1_0"},
				"south": {"uv": [5, 8.5, 5.5, 9], "rotation": 90, "texture": "#1_0"},
				"west": {"uv": [5.5, 5, 7, 6], "texture": "#1_0"},
				"up": {"uv": [5, 8.5, 5.5, 9], "texture": "#1_0"},
				"down": {"uv": [5, 8.5, 5.5, 9], "rotation": 180, "texture": "#1_0"}
			}
		},
		{
			"from": [7.5, 7.5, -1],
			"to": [8.5, 8.5, 0.5],
			"rotation": {"angle": 45, "axis": "y", "origin": [8, 7.5, 2.5]},
			"faces": {
				"north": {"uv": [5, 8.5, 5.5, 9], "rotation": 90, "texture": "#1_0"},
				"east": {"uv": [6.5, 5.5, 5, 6.5], "texture": "#1_0"},
				"south": {"uv": [5, 8.5, 5.5, 9], "rotation": 90, "texture": "#1_0"},
				"west": {"uv": [5, 5.5, 6.5, 6.5], "texture": "#1_0"},
				"up": {"uv": [5, 8.5, 5.5, 9], "texture": "#1_0"},
				"down": {"uv": [5, 8.5, 5.5, 9], "rotation": 180, "texture": "#1_0"}
			}
		},
		{
			"from": [7.5, 5.5, -1.5],
			"to": [8.5, 8, 0],
			"rotation": {"angle": 45, "axis": "y", "origin": [8, 7.5, 2.5]},
			"faces": {
				"north": {"uv": [5, 8.5, 5.5, 9], "rotation": 90, "texture": "#1_0"},
				"east": {"uv": [6, 6, 4.5, 8.5], "texture": "#1_0"},
				"south": {"uv": [5, 8.5, 5.5, 9], "rotation": 90, "texture": "#1_0"},
				"west": {"uv": [4.5, 6, 6, 8.5], "texture": "#1_0"},
				"up": {"uv": [5, 8.5, 5.5, 9], "texture": "#1_0"},
				"down": {"uv": [5, 8.5, 5.5, 9], "rotation": 180, "texture": "#1_0"}
			}
		},
		{
			"from": [7.5, 5, -1],
			"to": [8.5, 7.5, 0],
			"rotation": {"angle": 45, "axis": "y", "origin": [8, 7.5, 2.5]},
			"faces": {
				"north": {"uv": [5, 8.5, 5.5, 9], "rotation": 90, "texture": "#1_0"},
				"east": {"uv": [6, 6.5, 5, 9], "texture": "#1_0"},
				"south": {"uv": [5, 8.5, 5.5, 9], "rotation": 90, "texture": "#1_0"},
				"west": {"uv": [5, 6.5, 6, 9], "texture": "#1_0"},
				"up": {"uv": [5, 8.5, 5.5, 9], "texture": "#1_0"},
				"down": {"uv": [5, 8.5, 5.5, 9], "rotation": 180, "texture": "#1_0"}
			}
		},
		{
			"from": [7.5, 4.5, -0.5],
			"to": [8.5, 6.5, 0],
			"rotation": {"angle": 45, "axis": "y", "origin": [8, 7.5, 2.5]},
			"faces": {
				"north": {"uv": [5.5, 7.5, 6, 9.5], "texture": "#1_0"},
				"east": {"uv": [5.5, 7.5, 6, 9.5], "texture": "#1_0"},
				"south": {"uv": [5.5, 7.5, 6, 9.5], "texture": "#1_0"},
				"west": {"uv": [5.5, 7.5, 6, 9.5], "texture": "#1_0"},
				"up": {"uv": [5.5, 7.5, 6, 9.5], "rotation": 270, "texture": "#1_0"},
				"down": {"uv": [5.5, 9, 6, 9.5], "rotation": 90, "texture": "#1_0"}
			}
		},
		{
			"from": [7.5, 4, 0],
			"to": [8.5, 6, 0.5],
			"rotation": {"angle": 45, "axis": "y", "origin": [8, 7.5, 2.5]},
			"faces": {
				"north": {"uv": [6, 8, 6.5, 10], "texture": "#1_0"},
				"east": {"uv": [6, 8, 6.5, 10], "texture": "#1_0"},
				"south": {"uv": [6, 8, 6.5, 10], "texture": "#1_0"},
				"west": {"uv": [6, 8, 6.5, 10], "texture": "#1_0"},
				"up": {"uv": [6, 8, 6.5, 8.5], "rotation": 270, "texture": "#1_0"},
				"down": {"uv": [6, 9.5, 6.5, 10], "rotation": 90, "texture": "#1_0"}
			}
		},
		{
			"from": [7.5, 3.5, 0.5],
			"to": [8.5, 5.5, 1],
			"rotation": {"angle": 45, "axis": "y", "origin": [8, 7.5, 2.5]},
			"faces": {
				"north": {"uv": [6.5, 8.5, 7, 10.5], "texture": "#1_0"},
				"east": {"uv": [6.5, 8.5, 7, 10.5], "texture": "#1_0"},
				"south": {"uv": [6.5, 8.5, 7, 10.5], "texture": "#1_0"},
				"west": {"uv": [6.5, 8.5, 7, 10.5], "texture": "#1_0"},
				"up": {"uv": [6.5, 8.5, 7, 9], "rotation": 270, "texture": "#1_0"},
				"down": {"uv": [6.5, 8.5, 7, 10.5], "rotation": 90, "texture": "#1_0"}
			}
		},
		{
			"from": [7.5, 9.5, 3.5],
			"to": [8.5, 10, 4.5],
			"rotation": {"angle": 45, "axis": "y", "origin": [8, 7.5, 2.5]},
			"faces": {
				"north": {"uv": [5, 8.5, 5.5, 9], "rotation": 90, "texture": "#1_0"},
				"east": {"uv": [6.5, 4, 7.5, 4.5], "texture": "#1_0"},
				"south": {"uv": [5, 8.5, 5.5, 9], "rotation": 90, "texture": "#1_0"},
				"west": {"uv": [7.5, 4, 6.5, 4.5], "texture": "#1_0"},
				"up": {"uv": [5, 8.5, 5.5, 9], "rotation": 180, "texture": "#1_0"},
				"down": {"uv": [5, 8.5, 5.5, 9], "texture": "#1_0"}
			}
		},
		{
			"from": [7.5, 8.5, 3.5],
			"to": [8.5, 9.5, 5],
			"rotation": {"angle": 45, "axis": "y", "origin": [8, 7.5, 2.5]},
			"faces": {
				"north": {"uv": [5, 8.5, 5.5, 9], "rotation": 90, "texture": "#1_0"},
				"east": {"uv": [6, 4.5, 7.5, 5.5], "texture": "#1_0"},
				"south": {"uv": [5, 8.5, 5.5, 9], "rotation": 90, "texture": "#1_0"},
				"west": {"uv": [7.5, 4.5, 6, 5.5], "texture": "#1_0"},
				"up": {"uv": [5, 8.5, 5.5, 9], "rotation": 180, "texture": "#1_0"},
				"down": {"uv": [5, 8.5, 5.5, 9], "texture": "#1_0"}
			}
		},
		{
			"from": [7.5, 8, 4],
			"to": [8.5, 9, 5.5],
			"rotation": {"angle": 45, "axis": "y", "origin": [8, 7.5, 2.5]},
			"faces": {
				"north": {"uv": [5, 8.5, 5.5, 9], "rotation": 90, "texture": "#1_0"},
				"east": {"uv": [5.5, 5, 7, 6], "texture": "#1_0"},
				"south": {"uv": [5, 8.5, 5.5, 9], "rotation": 90, "texture": "#1_0"},
				"west": {"uv": [7, 5, 5.5, 6], "texture": "#1_0"},
				"up": {"uv": [5, 8.5, 5.5, 9], "rotation": 180, "texture": "#1_0"},
				"down": {"uv": [5, 8.5, 5.5, 9], "texture": "#1_0"}
			}
		},
		{
			"from": [7.5, 7.5, 4.5],
			"to": [8.5, 8.5, 6],
			"rotation": {"angle": 45, "axis": "y", "origin": [8, 7.5, 2.5]},
			"faces": {
				"north": {"uv": [5, 8.5, 5.5, 9], "rotation": 90, "texture": "#1_0"},
				"east": {"uv": [5, 5.5, 6.5, 6.5], "texture": "#1_0"},
				"south": {"uv": [5, 8.5, 5.5, 9], "rotation": 90, "texture": "#1_0"},
				"west": {"uv": [6.5, 5.5, 5, 6.5], "texture": "#1_0"},
				"up": {"uv": [5, 8.5, 5.5, 9], "rotation": 180, "texture": "#1_0"},
				"down": {"uv": [5, 8.5, 5.5, 9], "texture": "#1_0"}
			}
		},
		{
			"from": [7.5, 5.5, 5],
			"to": [8.5, 8, 6.5],
			"rotation": {"angle": 45, "axis": "y", "origin": [8, 7.5, 2.5]},
			"faces": {
				"north": {"uv": [5, 8.5, 5.5, 9], "rotation": 90, "texture": "#1_0"},
				"east": {"uv": [4.5, 6, 6, 8.5], "texture": "#1_0"},
				"south": {"uv": [5, 8.5, 5.5, 9], "rotation": 90, "texture": "#1_0"},
				"west": {"uv": [6, 6, 4.5, 8.5], "texture": "#1_0"},
				"up": {"uv": [5, 8.5, 5.5, 9], "rotation": 180, "texture": "#1_0"},
				"down": {"uv": [5, 8.5, 5.5, 9], "texture": "#1_0"}
			}
		},
		{
			"from": [7.5, 5, 5],
			"to": [8.5, 7.5, 6],
			"rotation": {"angle": 45, "axis": "y", "origin": [8, 7.5, 2.5]},
			"faces": {
				"north": {"uv": [5, 8.5, 5.5, 9], "rotation": 90, "texture": "#1_0"},
				"east": {"uv": [5, 6.5, 6, 9], "texture": "#1_0"},
				"south": {"uv": [5, 8.5, 5.5, 9], "rotation": 90, "texture": "#1_0"},
				"west": {"uv": [6, 6.5, 5, 9], "texture": "#1_0"},
				"up": {"uv": [5, 8.5, 5.5, 9], "rotation": 180, "texture": "#1_0"},
				"down": {"uv": [5, 8.5, 5.5, 9], "texture": "#1_0"}
			}
		},
		{
			"from": [7.5, 4.5, 5],
			"to": [8.5, 6.5, 5.5],
			"rotation": {"angle": 45, "axis": "y", "origin": [8, 7.5, 2.5]},
			"faces": {
				"north": {"uv": [5.5, 7.5, 6, 9.5], "texture": "#1_0"},
				"east": {"uv": [5.5, 7.5, 6, 9.5], "texture": "#1_0"},
				"south": {"uv": [5.5, 7.5, 6, 9.5], "texture": "#1_0"},
				"west": {"uv": [5.5, 7.5, 6, 9.5], "texture": "#1_0"},
				"up": {"uv": [5.5, 7.5, 6, 9.5], "rotation": 90, "texture": "#1_0"},
				"down": {"uv": [5.5, 9, 6, 9.5], "rotation": 270, "texture": "#1_0"}
			}
		},
		{
			"from": [7.5, 4, 4.5],
			"to": [8.5, 6, 5],
			"rotation": {"angle": 45, "axis": "y", "origin": [8, 7.5, 2.5]},
			"faces": {
				"north": {"uv": [6, 8, 6.5, 10], "texture": "#1_0"},
				"east": {"uv": [6, 8, 6.5, 10], "texture": "#1_0"},
				"south": {"uv": [6, 8, 6.5, 10], "texture": "#1_0"},
				"west": {"uv": [6, 8, 6.5, 10], "texture": "#1_0"},
				"up": {"uv": [6, 8, 6.5, 8.5], "rotation": 90, "texture": "#1_0"},
				"down": {"uv": [6, 9.5, 6.5, 10], "rotation": 270, "texture": "#1_0"}
			}
		},
		{
			"from": [7.5, 3.5, 4],
			"to": [8.5, 5.5, 4.5],
			"rotation": {"angle": 45, "axis": "y", "origin": [8, 7.5, 2.5]},
			"faces": {
				"north": {"uv": [6.5, 8.5, 7, 10.5], "texture": "#1_0"},
				"east": {"uv": [6.5, 8.5, 7, 10.5], "texture": "#1_0"},
				"south": {"uv": [6.5, 8.5, 7, 10.5], "texture": "#1_0"},
				"west": {"uv": [6.5, 8.5, 7, 10.5], "texture": "#1_0"},
				"up": {"uv": [6.5, 8.5, 7, 9], "rotation": 90, "texture": "#1_0"},
				"down": {"uv": [6.5, 8.5, 7, 10.5], "rotation": 270, "texture": "#1_0"}
			}
		},
		{
			"from": [10, 1, 11],
			"to": [12, 4.5, 13],
			"faces": {
				"north": {"uv": [7, 10, 9, 13.5], "texture": "#1_0"},
				"east": {"uv": [7, 10, 9, 13.5], "texture": "#1_0"},
				"south": {"uv": [7, 10, 9, 13.5], "texture": "#1_0"},
				"west": {"uv": [7, 10, 9, 13.5], "texture": "#1_0"},
				"up": {"uv": [7, 14, 9, 16], "texture": "#1_0"},
				"down": {"uv": [7, 10, 9, 13.5], "texture": "#1_0"}
			}
		},
		{
			"from": [8, 3, 11.5],
			"to": [10, 4, 12.5],
			"faces": {
				"north": {"uv": [9, 13.5, 11, 14.5], "texture": "#1_0"},
				"east": {"uv": [9, 13.5, 10, 14.5], "texture": "#1_0"},
				"south": {"uv": [9, 13.5, 11, 14.5], "texture": "#1_0"},
				"west": {"uv": [10, 13.5, 11, 14.5], "texture": "#1_0"},
				"up": {"uv": [9, 13.5, 11, 14.5], "texture": "#1_0"},
				"down": {"uv": [9, 13.5, 11, 14.5], "texture": "#1_0"}
			}
		},
		{
			"from": [12, 3, 11.5],
			"to": [14, 4, 12.5],
			"faces": {
				"north": {"uv": [9, 13.5, 11, 14.5], "texture": "#1_0"},
				"east": {"uv": [9, 13.5, 10, 14.5], "texture": "#1_0"},
				"south": {"uv": [9, 13.5, 11, 14.5], "texture": "#1_0"},
				"west": {"uv": [10, 13.5, 11, 14.5], "texture": "#1_0"},
				"up": {"uv": [9, 13.5, 11, 14.5], "texture": "#1_0"},
				"down": {"uv": [9, 13.5, 11, 14.5], "texture": "#1_0"}
			}
		},
		{
			"from": [10.5, 3, 9],
			"to": [11.5, 4, 11],
			"faces": {
				"north": {"uv": [10, 13.5, 11, 14.5], "texture": "#1_0"},
				"east": {"uv": [9, 13.5, 11, 14.5], "texture": "#1_0"},
				"south": {"uv": [9, 13.5, 10, 14.5], "texture": "#1_0"},
				"west": {"uv": [9, 13.5, 11, 14.5], "texture": "#1_0"},
				"up": {"uv": [9, 13.5, 11, 14.5], "rotation": 90, "texture": "#1_0"},
				"down": {"uv": [9, 13.5, 11, 14.5], "rotation": 90, "texture": "#1_0"}
			}
		},
		{
			"from": [10.5, 3, 13],
			"to": [11.5, 4, 15],
			"faces": {
				"north": {"uv": [10, 13.5, 11, 14.5], "texture": "#1_0"},
				"east": {"uv": [9, 13.5, 11, 14.5], "texture": "#1_0"},
				"south": {"uv": [9, 13.5, 10, 14.5], "texture": "#1_0"},
				"west": {"uv": [9, 13.5, 11, 14.5], "texture": "#1_0"},
				"up": {"uv": [9, 13.5, 11, 14.5], "rotation": 90, "texture": "#1_0"},
				"down": {"uv": [9, 13.5, 11, 14.5], "rotation": 90, "texture": "#1_0"}
			}
		},
		{
			"from": [10.5, 4.5, 10.5],
			"to": [11.5, 5.5, 11.5],
			"faces": {
				"north": {"uv": [7.5, 9.5, 8.5, 10.5], "texture": "#1_0"},
				"east": {"uv": [7.5, 9.5, 8.5, 10.5], "texture": "#1_0"},
				"south": {"uv": [7.5, 9.5, 8.5, 10.5], "texture": "#1_0"},
				"west": {"uv": [7.5, 9.5, 8.5, 10.5], "texture": "#1_0"},
				"up": {"uv": [7.5, 9.5, 8.5, 10], "texture": "#1_0"},
				"down": {"uv": [7.5, 9.5, 8.5, 10.5], "texture": "#1_0"}
			}
		},
		{
			"from": [9.5, 4.5, 11.5],
			"to": [12.5, 5.5, 12.5],
			"faces": {
				"north": {"uv": [7.5, 9.5, 8.5, 10.5], "texture": "#1_0"},
				"east": {"uv": [7.5, 9.5, 8.5, 10.5], "texture": "#1_0"},
				"south": {"uv": [7.5, 9.5, 8.5, 10.5], "texture": "#1_0"},
				"west": {"uv": [7.5, 9.5, 8.5, 10.5], "texture": "#1_0"},
				"up": {"uv": [7.5, 9.5, 8.5, 10], "texture": "#1_0"},
				"down": {"uv": [7.5, 9.5, 8.5, 10.5], "texture": "#1_0"}
			}
		},
		{
			"from": [10, 5, 10.5],
			"to": [12, 5.5, 11.5],
			"faces": {
				"north": {"uv": [7, 9.5, 9, 10], "texture": "#1_0"},
				"east": {"uv": [7.5, 9.5, 8.5, 10], "texture": "#1_0"},
				"south": {"uv": [7, 9.5, 9, 10], "texture": "#1_0"},
				"west": {"uv": [7.5, 9.5, 8.5, 10], "texture": "#1_0"},
				"up": {"uv": [7, 9.5, 9, 10], "texture": "#1_0"},
				"down": {"uv": [7.5, 9.5, 8.5, 10], "texture": "#1_0"}
			}
		},
		{
			"from": [10, 5, 12.5],
			"to": [12, 5.5, 13.5],
			"faces": {
				"north": {"uv": [7, 9.5, 9, 10], "texture": "#1_0"},
				"east": {"uv": [7.5, 9.5, 8.5, 10], "texture": "#1_0"},
				"south": {"uv": [7, 9.5, 9, 10], "texture": "#1_0"},
				"west": {"uv": [7.5, 9.5, 8.5, 10], "texture": "#1_0"},
				"up": {"uv": [7, 9.5, 9, 10], "texture": "#1_0"},
				"down": {"uv": [7.5, 9.5, 8.5, 10], "texture": "#1_0"}
			}
		},
		{
			"from": [10.5, 4.5, 12.5],
			"to": [11.5, 5.5, 13.5],
			"faces": {
				"north": {"uv": [7.5, 9.5, 8.5, 10.5], "texture": "#1_0"},
				"east": {"uv": [7.5, 9.5, 8.5, 10.5], "texture": "#1_0"},
				"south": {"uv": [7.5, 9.5, 8.5, 10.5], "texture": "#1_0"},
				"west": {"uv": [7.5, 9.5, 8.5, 10.5], "texture": "#1_0"},
				"up": {"uv": [7.5, 9.5, 8.5, 10], "texture": "#1_0"},
				"down": {"uv": [7.5, 9.5, 8.5, 10.5], "texture": "#1_0"}
			}
		},
		{
			"from": [9.5, 5, 11],
			"to": [10.5, 5.5, 13],
			"faces": {
				"north": {"uv": [7.5, 9.5, 8.5, 10], "texture": "#1_0"},
				"east": {"uv": [7.5, 9.5, 8.5, 10], "texture": "#1_0"},
				"south": {"uv": [7.5, 9.5, 8.5, 10], "texture": "#1_0"},
				"west": {"uv": [7, 9.5, 9, 10], "texture": "#1_0"},
				"up": {"uv": [7, 9.5, 9, 10], "rotation": 90, "texture": "#1_0"},
				"down": {"uv": [7.5, 9.5, 8.5, 10], "texture": "#1_0"}
			}
		},
		{
			"from": [11.5, 5, 11],
			"to": [12.5, 5.5, 13],
			"faces": {
				"north": {"uv": [7.5, 9.5, 8.5, 10], "texture": "#1_0"},
				"east": {"uv": [7, 9.5, 9, 10], "texture": "#1_0"},
				"south": {"uv": [7.5, 9.5, 8.5, 10], "texture": "#1_0"},
				"west": {"uv": [7, 9.5, 9, 10], "texture": "#1_0"},
				"up": {"uv": [7, 9.5, 9, 10], "rotation": 90, "texture": "#1_0"},
				"down": {"uv": [7.5, 9.5, 8.5, 10], "texture": "#1_0"}
			}
		},
		{
			"from": [10, 5.5, 10.5],
			"to": [10.5, 6, 11],
			"faces": {
				"north": {"uv": [8.5, 9, 9, 9.5], "texture": "#1_0"},
				"east": {"uv": [8.5, 9, 9, 9.5], "texture": "#1_0"},
				"south": {"uv": [8.5, 9, 9, 9.5], "texture": "#1_0"},
				"west": {"uv": [8.5, 9, 9, 9.5], "texture": "#1_0"},
				"up": {"uv": [8.5, 9, 9, 9.5], "texture": "#1_0"},
				"down": {"uv": [8.5, 9, 9, 9.5], "texture": "#1_0"}
			}
		},
		{
			"from": [11.5, 5.5, 10.5],
			"to": [12, 6, 11],
			"faces": {
				"north": {"uv": [8.5, 9, 9, 9.5], "texture": "#1_0"},
				"east": {"uv": [8.5, 9, 9, 9.5], "texture": "#1_0"},
				"south": {"uv": [8.5, 9, 9, 9.5], "texture": "#1_0"},
				"west": {"uv": [8.5, 9, 9, 9.5], "texture": "#1_0"},
				"up": {"uv": [8.5, 9, 9, 9.5], "texture": "#1_0"},
				"down": {"uv": [8.5, 9, 9, 9.5], "texture": "#1_0"}
			}
		},
		{
			"from": [12, 5.5, 11],
			"to": [12.5, 6, 11.5],
			"faces": {
				"north": {"uv": [8.5, 9, 9, 9.5], "texture": "#1_0"},
				"east": {"uv": [8.5, 9, 9, 9.5], "texture": "#1_0"},
				"south": {"uv": [8.5, 9, 9, 9.5], "texture": "#1_0"},
				"west": {"uv": [8.5, 9, 9, 9.5], "texture": "#1_0"},
				"up": {"uv": [8.5, 9, 9, 9.5], "texture": "#1_0"},
				"down": {"uv": [8.5, 9, 9, 9.5], "texture": "#1_0"}
			}
		},
		{
			"from": [12, 5.5, 12.5],
			"to": [12.5, 6, 13],
			"faces": {
				"north": {"uv": [8.5, 9, 9, 9.5], "texture": "#1_0"},
				"east": {"uv": [8.5, 9, 9, 9.5], "texture": "#1_0"},
				"south": {"uv": [8.5, 9, 9, 9.5], "texture": "#1_0"},
				"west": {"uv": [8.5, 9, 9, 9.5], "texture": "#1_0"},
				"up": {"uv": [8.5, 9, 9, 9.5], "texture": "#1_0"},
				"down": {"uv": [8.5, 9, 9, 9.5], "texture": "#1_0"}
			}
		},
		{
			"from": [11.5, 5.5, 13],
			"to": [12, 6, 13.5],
			"faces": {
				"north": {"uv": [8.5, 9, 9, 9.5], "texture": "#1_0"},
				"east": {"uv": [8.5, 9, 9, 9.5], "texture": "#1_0"},
				"south": {"uv": [8.5, 9, 9, 9.5], "texture": "#1_0"},
				"west": {"uv": [8.5, 9, 9, 9.5], "texture": "#1_0"},
				"up": {"uv": [8.5, 9, 9, 9.5], "texture": "#1_0"},
				"down": {"uv": [8.5, 9, 9, 9.5], "texture": "#1_0"}
			}
		},
		{
			"from": [10, 5.5, 13],
			"to": [10.5, 6, 13.5],
			"faces": {
				"north": {"uv": [8.5, 9, 9, 9.5], "texture": "#1_0"},
				"east": {"uv": [8.5, 9, 9, 9.5], "texture": "#1_0"},
				"south": {"uv": [8.5, 9, 9, 9.5], "texture": "#1_0"},
				"west": {"uv": [8.5, 9, 9, 9.5], "texture": "#1_0"},
				"up": {"uv": [8.5, 9, 9, 9.5], "texture": "#1_0"},
				"down": {"uv": [8.5, 9, 9, 9.5], "texture": "#1_0"}
			}
		},
		{
			"from": [9.5, 5.5, 12.5],
			"to": [10, 6, 13],
			"faces": {
				"north": {"uv": [8.5, 9, 9, 9.5], "texture": "#1_0"},
				"east": {"uv": [8.5, 9, 9, 9.5], "texture": "#1_0"},
				"south": {"uv": [8.5, 9, 9, 9.5], "texture": "#1_0"},
				"west": {"uv": [8.5, 9, 9, 9.5], "texture": "#1_0"},
				"up": {"uv": [8.5, 9, 9, 9.5], "texture": "#1_0"},
				"down": {"uv": [8.5, 9, 9, 9.5], "texture": "#1_0"}
			}
		},
		{
			"from": [9.5, 5.5, 11],
			"to": [10, 6, 11.5],
			"faces": {
				"north": {"uv": [8.5, 9, 9, 9.5], "texture": "#1_0"},
				"east": {"uv": [8.5, 9, 9, 9.5], "texture": "#1_0"},
				"south": {"uv": [8.5, 9, 9, 9.5], "texture": "#1_0"},
				"west": {"uv": [8.5, 9, 9, 9.5], "texture": "#1_0"},
				"up": {"uv": [8.5, 9, 9, 9.5], "texture": "#1_0"},
				"down": {"uv": [8.5, 9, 9, 9.5], "texture": "#1_0"}
			}
		},
		{
			"from": [9.5, 6.5, 10.5],
			"to": [12.5, 8.5, 13.5],
			"faces": {
				"north": {"uv": [6.5, 6.5, 9.5, 8.5], "texture": "#1_0"},
				"east": {"uv": [6.5, 6.5, 9.5, 8.5], "texture": "#1_0"},
				"south": {"uv": [6.5, 6.5, 9.5, 8.5], "texture": "#1_0"},
				"west": {"uv": [6.5, 6.5, 9.5, 8.5], "texture": "#1_0"},
				"up": {"uv": [7, 6.5, 9, 8.5], "texture": "#1_0"},
				"down": {"uv": [7, 6.5, 9, 8.5], "texture": "#1_0"}
			}
		},
		{
			"from": [10, 5.5, 11],
			"to": [12, 8.5, 13],
			"faces": {
				"north": {"uv": [7, 6.5, 9, 9.5], "texture": "#1_0"},
				"east": {"uv": [7, 6.5, 9, 9.5], "texture": "#1_0"},
				"south": {"uv": [7, 6.5, 9, 9.5], "texture": "#1_0"},
				"west": {"uv": [7, 6.5, 9, 9.5], "texture": "#1_0"},
				"up": {"uv": [7, 6.5, 9, 8.5], "texture": "#1_0"},
				"down": {"uv": [7, 6.5, 9, 8.5], "texture": "#1_0"}
			}
		},
		{
			"from": [10, 8.5, 11],
			"to": [12, 9, 13],
			"faces": {
				"north": {"uv": [7, 6, 9, 6.5], "texture": "#1_0"},
				"east": {"uv": [7, 6, 9, 6.5], "texture": "#1_0"},
				"south": {"uv": [7, 6, 9, 6.5], "texture": "#1_0"},
				"west": {"uv": [7, 6, 9, 6.5], "texture": "#1_0"},
				"up": {"uv": [7, 6, 9, 8], "texture": "#1_0"},
				"down": {"uv": [7, 6, 9, 6.5], "texture": "#1_0"}
			}
		},
		{
			"from": [10.5, 9, 11.5],
			"to": [11.5, 9.5, 12.5],
			"faces": {
				"north": {"uv": [7.5, 5.5, 8.5, 6], "texture": "#1_0"},
				"east": {"uv": [7.5, 5.5, 8.5, 6], "texture": "#1_0"},
				"south": {"uv": [7.5, 5.5, 8.5, 6], "texture": "#1_0"},
				"west": {"uv": [7.5, 5.5, 8.5, 6], "texture": "#1_0"},
				"up": {"uv": [7.5, 6.5, 8.5, 7.5], "texture": "#1_0"},
				"down": {"uv": [7.5, 5.5, 8.5, 6], "texture": "#1_0"}
			}
		},
		{
			"from": [11.5, 2, 12.5],
			"to": [12, 2.5, 13],
			"faces": {
				"north": {"uv": [7, 6, 7.5, 6.5], "texture": "#0"},
				"east": {"uv": [7, 6, 7.5, 6.5], "texture": "#0"},
				"south": {"uv": [7, 6, 7.5, 6.5], "texture": "#0"},
				"west": {"uv": [7, 6, 7.5, 6.5], "texture": "#0"},
				"up": {"uv": [7, 6, 7.5, 6.5], "texture": "#0"},
				"down": {"uv": [7, 6, 7.5, 6.5], "texture": "#0"}
			}
		},
		{
			"from": [3.5, 2, 12.5],
			"to": [4, 2.5, 13],
			"faces": {
				"north": {"uv": [7, 6, 7.5, 6.5], "texture": "#0"},
				"east": {"uv": [7, 6, 7.5, 6.5], "texture": "#0"},
				"south": {"uv": [7, 6, 7.5, 6.5], "texture": "#0"},
				"west": {"uv": [7, 6, 7.5, 6.5], "texture": "#0"},
				"up": {"uv": [7, 6, 7.5, 6.5], "texture": "#0"},
				"down": {"uv": [7, 6, 7.5, 6.5], "texture": "#0"}
			}
		},
		{
			"from": [3.5, 2, 11],
			"to": [4, 2.5, 11.5],
			"faces": {
				"north": {"uv": [7, 6, 7.5, 6.5], "texture": "#0"},
				"east": {"uv": [7, 6, 7.5, 6.5], "texture": "#0"},
				"south": {"uv": [7, 6, 7.5, 6.5], "texture": "#0"},
				"west": {"uv": [7, 6, 7.5, 6.5], "texture": "#0"},
				"up": {"uv": [7, 6, 7.5, 6.5], "texture": "#0"},
				"down": {"uv": [7, 6, 7.5, 6.5], "texture": "#0"}
			}
		},
		{
			"from": [0, 2, 0],
			"to": [3.5, 2.5, 16],
			"faces": {
				"north": {"uv": [0, 15.5, 16, 16], "texture": "#1"},
				"east": {"uv": [0, 15.5, 16, 16], "texture": "#1"},
				"south": {"uv": [0, 15.5, 16, 16], "texture": "#1"},
				"west": {"uv": [0, 15.5, 16, 16], "texture": "#1"},
				"up": {"uv": [0, 0, 3.5, 16], "texture": "#0"},
				"down": {"uv": [0, 15.5, 16, 16], "texture": "#1"}
			}
		},
		{
			"from": [12, 2, 0],
			"to": [16, 2.5, 16],
			"faces": {
				"north": {"uv": [0, 15.5, 16, 16], "texture": "#1"},
				"east": {"uv": [0, 15.5, 16, 16], "texture": "#1"},
				"south": {"uv": [0, 15.5, 16, 16], "texture": "#1"},
				"west": {"uv": [0, 15.5, 16, 16], "texture": "#1"},
				"up": {"uv": [12, 0, 16, 16], "texture": "#0"},
				"down": {"uv": [0, 15.5, 16, 16], "texture": "#1"}
			}
		},
		{
			"from": [0, 2, 13],
			"to": [16, 2.5, 16],
			"faces": {
				"north": {"uv": [0, 15.5, 16, 16], "texture": "#1"},
				"east": {"uv": [0, 15.5, 16, 16], "texture": "#1"},
				"south": {"uv": [0, 15.5, 16, 16], "texture": "#1"},
				"west": {"uv": [0, 15.5, 16, 16], "texture": "#1"},
				"up": {"uv": [0, 13, 16, 16], "texture": "#0"},
				"down": {"uv": [0, 15.5, 16, 16], "texture": "#1"}
			}
		},
		{
			"from": [3.5, 1, 11],
			"to": [5.5, 4.5, 13],
			"faces": {
				"north": {"uv": [7, 10, 9, 13.5], "texture": "#1_0"},
				"east": {"uv": [7, 10, 9, 13.5], "texture": "#1_0"},
				"south": {"uv": [7, 10, 9, 13.5], "texture": "#1_0"},
				"west": {"uv": [7, 10, 9, 13.5], "texture": "#1_0"},
				"up": {"uv": [7, 14, 9, 16], "texture": "#1_0"},
				"down": {"uv": [7, 10, 9, 13.5], "texture": "#1_0"}
			}
		},
		{
			"from": [1.5, 3, 11.5],
			"to": [3.5, 4, 12.5],
			"faces": {
				"north": {"uv": [9, 13.5, 11, 14.5], "texture": "#1_0"},
				"east": {"uv": [9, 13.5, 10, 14.5], "texture": "#1_0"},
				"south": {"uv": [9, 13.5, 11, 14.5], "texture": "#1_0"},
				"west": {"uv": [10, 13.5, 11, 14.5], "texture": "#1_0"},
				"up": {"uv": [9, 13.5, 11, 14.5], "texture": "#1_0"},
				"down": {"uv": [9, 13.5, 11, 14.5], "texture": "#1_0"}
			}
		},
		{
			"from": [5.5, 3, 11.5],
			"to": [7.5, 4, 12.5],
			"faces": {
				"north": {"uv": [9, 13.5, 11, 14.5], "texture": "#1_0"},
				"east": {"uv": [9, 13.5, 10, 14.5], "texture": "#1_0"},
				"south": {"uv": [9, 13.5, 11, 14.5], "texture": "#1_0"},
				"west": {"uv": [10, 13.5, 11, 14.5], "texture": "#1_0"},
				"up": {"uv": [9, 13.5, 11, 14.5], "texture": "#1_0"},
				"down": {"uv": [9, 13.5, 11, 14.5], "texture": "#1_0"}
			}
		},
		{
			"from": [4, 3, 9],
			"to": [5, 4, 11],
			"faces": {
				"north": {"uv": [10, 13.5, 11, 14.5], "texture": "#1_0"},
				"east": {"uv": [9, 13.5, 11, 14.5], "texture": "#1_0"},
				"south": {"uv": [9, 13.5, 10, 14.5], "texture": "#1_0"},
				"west": {"uv": [9, 13.5, 11, 14.5], "texture": "#1_0"},
				"up": {"uv": [9, 13.5, 11, 14.5], "rotation": 90, "texture": "#1_0"},
				"down": {"uv": [9, 13.5, 11, 14.5], "rotation": 90, "texture": "#1_0"}
			}
		},
		{
			"from": [4, 3, 13],
			"to": [5, 4, 15],
			"faces": {
				"north": {"uv": [10, 13.5, 11, 14.5], "texture": "#1_0"},
				"east": {"uv": [9, 13.5, 11, 14.5], "texture": "#1_0"},
				"south": {"uv": [9, 13.5, 10, 14.5], "texture": "#1_0"},
				"west": {"uv": [9, 13.5, 11, 14.5], "texture": "#1_0"},
				"up": {"uv": [9, 13.5, 11, 14.5], "rotation": 90, "texture": "#1_0"},
				"down": {"uv": [9, 13.5, 11, 14.5], "rotation": 90, "texture": "#1_0"}
			}
		},
		{
			"from": [4, 4.5, 10.5],
			"to": [5, 5.5, 11.5],
			"faces": {
				"north": {"uv": [7.5, 9.5, 8.5, 10.5], "texture": "#1_0"},
				"east": {"uv": [7.5, 9.5, 8.5, 10.5], "texture": "#1_0"},
				"south": {"uv": [7.5, 9.5, 8.5, 10.5], "texture": "#1_0"},
				"west": {"uv": [7.5, 9.5, 8.5, 10.5], "texture": "#1_0"},
				"up": {"uv": [7.5, 9.5, 8.5, 10], "texture": "#1_0"},
				"down": {"uv": [7.5, 9.5, 8.5, 10.5], "texture": "#1_0"}
			}
		},
		{
			"from": [3, 4.5, 11.5],
			"to": [6, 5.5, 12.5],
			"faces": {
				"north": {"uv": [7.5, 9.5, 8.5, 10.5], "texture": "#1_0"},
				"east": {"uv": [7.5, 9.5, 8.5, 10.5], "texture": "#1_0"},
				"south": {"uv": [7.5, 9.5, 8.5, 10.5], "texture": "#1_0"},
				"west": {"uv": [7.5, 9.5, 8.5, 10.5], "texture": "#1_0"},
				"up": {"uv": [7.5, 9.5, 8.5, 10], "texture": "#1_0"},
				"down": {"uv": [7.5, 9.5, 8.5, 10.5], "texture": "#1_0"}
			}
		},
		{
			"from": [3.5, 5, 10.5],
			"to": [5.5, 5.5, 11.5],
			"faces": {
				"north": {"uv": [7, 9.5, 9, 10], "texture": "#1_0"},
				"east": {"uv": [7.5, 9.5, 8.5, 10], "texture": "#1_0"},
				"south": {"uv": [7, 9.5, 9, 10], "texture": "#1_0"},
				"west": {"uv": [7.5, 9.5, 8.5, 10], "texture": "#1_0"},
				"up": {"uv": [7, 9.5, 9, 10], "texture": "#1_0"},
				"down": {"uv": [7.5, 9.5, 8.5, 10], "texture": "#1_0"}
			}
		},
		{
			"from": [3.5, 5, 12.5],
			"to": [5.5, 5.5, 13.5],
			"faces": {
				"north": {"uv": [7, 9.5, 9, 10], "texture": "#1_0"},
				"east": {"uv": [7.5, 9.5, 8.5, 10], "texture": "#1_0"},
				"south": {"uv": [7, 9.5, 9, 10], "texture": "#1_0"},
				"west": {"uv": [7.5, 9.5, 8.5, 10], "texture": "#1_0"},
				"up": {"uv": [7, 9.5, 9, 10], "texture": "#1_0"},
				"down": {"uv": [7.5, 9.5, 8.5, 10], "texture": "#1_0"}
			}
		},
		{
			"from": [4, 4.5, 12.5],
			"to": [5, 5.5, 13.5],
			"faces": {
				"north": {"uv": [7.5, 9.5, 8.5, 10.5], "texture": "#1_0"},
				"east": {"uv": [7.5, 9.5, 8.5, 10.5], "texture": "#1_0"},
				"south": {"uv": [7.5, 9.5, 8.5, 10.5], "texture": "#1_0"},
				"west": {"uv": [7.5, 9.5, 8.5, 10.5], "texture": "#1_0"},
				"up": {"uv": [7.5, 9.5, 8.5, 10], "texture": "#1_0"},
				"down": {"uv": [7.5, 9.5, 8.5, 10.5], "texture": "#1_0"}
			}
		},
		{
			"from": [3, 5, 11],
			"to": [4, 5.5, 13],
			"faces": {
				"north": {"uv": [7.5, 9.5, 8.5, 10], "texture": "#1_0"},
				"east": {"uv": [7.5, 9.5, 8.5, 10], "texture": "#1_0"},
				"south": {"uv": [7.5, 9.5, 8.5, 10], "texture": "#1_0"},
				"west": {"uv": [7, 9.5, 9, 10], "texture": "#1_0"},
				"up": {"uv": [7, 9.5, 9, 10], "rotation": 90, "texture": "#1_0"},
				"down": {"uv": [7.5, 9.5, 8.5, 10], "texture": "#1_0"}
			}
		},
		{
			"from": [5, 5, 11],
			"to": [6, 5.5, 13],
			"faces": {
				"north": {"uv": [7.5, 9.5, 8.5, 10], "texture": "#1_0"},
				"east": {"uv": [7, 9.5, 9, 10], "texture": "#1_0"},
				"south": {"uv": [7.5, 9.5, 8.5, 10], "texture": "#1_0"},
				"west": {"uv": [7, 9.5, 9, 10], "texture": "#1_0"},
				"up": {"uv": [7, 9.5, 9, 10], "rotation": 90, "texture": "#1_0"},
				"down": {"uv": [7.5, 9.5, 8.5, 10], "texture": "#1_0"}
			}
		},
		{
			"from": [3.5, 5.5, 10.5],
			"to": [4, 6, 11],
			"faces": {
				"north": {"uv": [8.5, 9, 9, 9.5], "texture": "#1_0"},
				"east": {"uv": [8.5, 9, 9, 9.5], "texture": "#1_0"},
				"south": {"uv": [8.5, 9, 9, 9.5], "texture": "#1_0"},
				"west": {"uv": [8.5, 9, 9, 9.5], "texture": "#1_0"},
				"up": {"uv": [8.5, 9, 9, 9.5], "texture": "#1_0"},
				"down": {"uv": [8.5, 9, 9, 9.5], "texture": "#1_0"}
			}
		},
		{
			"from": [5, 5.5, 10.5],
			"to": [5.5, 6, 11],
			"faces": {
				"north": {"uv": [8.5, 9, 9, 9.5], "texture": "#1_0"},
				"east": {"uv": [8.5, 9, 9, 9.5], "texture": "#1_0"},
				"south": {"uv": [8.5, 9, 9, 9.5], "texture": "#1_0"},
				"west": {"uv": [8.5, 9, 9, 9.5], "texture": "#1_0"},
				"up": {"uv": [8.5, 9, 9, 9.5], "texture": "#1_0"},
				"down": {"uv": [8.5, 9, 9, 9.5], "texture": "#1_0"}
			}
		},
		{
			"from": [5.5, 5.5, 11],
			"to": [6, 6, 11.5],
			"faces": {
				"north": {"uv": [8.5, 9, 9, 9.5], "texture": "#1_0"},
				"east": {"uv": [8.5, 9, 9, 9.5], "texture": "#1_0"},
				"south": {"uv": [8.5, 9, 9, 9.5], "texture": "#1_0"},
				"west": {"uv": [8.5, 9, 9, 9.5], "texture": "#1_0"},
				"up": {"uv": [8.5, 9, 9, 9.5], "texture": "#1_0"},
				"down": {"uv": [8.5, 9, 9, 9.5], "texture": "#1_0"}
			}
		},
		{
			"from": [5.5, 5.5, 12.5],
			"to": [6, 6, 13],
			"faces": {
				"north": {"uv": [8.5, 9, 9, 9.5], "texture": "#1_0"},
				"east": {"uv": [8.5, 9, 9, 9.5], "texture": "#1_0"},
				"south": {"uv": [8.5, 9, 9, 9.5], "texture": "#1_0"},
				"west": {"uv": [8.5, 9, 9, 9.5], "texture": "#1_0"},
				"up": {"uv": [8.5, 9, 9, 9.5], "texture": "#1_0"},
				"down": {"uv": [8.5, 9, 9, 9.5], "texture": "#1_0"}
			}
		},
		{
			"from": [5, 5.5, 13],
			"to": [5.5, 6, 13.5],
			"faces": {
				"north": {"uv": [8.5, 9, 9, 9.5], "texture": "#1_0"},
				"east": {"uv": [8.5, 9, 9, 9.5], "texture": "#1_0"},
				"south": {"uv": [8.5, 9, 9, 9.5], "texture": "#1_0"},
				"west": {"uv": [8.5, 9, 9, 9.5], "texture": "#1_0"},
				"up": {"uv": [8.5, 9, 9, 9.5], "texture": "#1_0"},
				"down": {"uv": [8.5, 9, 9, 9.5], "texture": "#1_0"}
			}
		},
		{
			"from": [3.5, 5.5, 13],
			"to": [4, 6, 13.5],
			"faces": {
				"north": {"uv": [8.5, 9, 9, 9.5], "texture": "#1_0"},
				"east": {"uv": [8.5, 9, 9, 9.5], "texture": "#1_0"},
				"south": {"uv": [8.5, 9, 9, 9.5], "texture": "#1_0"},
				"west": {"uv": [8.5, 9, 9, 9.5], "texture": "#1_0"},
				"up": {"uv": [8.5, 9, 9, 9.5], "texture": "#1_0"},
				"down": {"uv": [8.5, 9, 9, 9.5], "texture": "#1_0"}
			}
		},
		{
			"from": [3, 5.5, 12.5],
			"to": [3.5, 6, 13],
			"faces": {
				"north": {"uv": [8.5, 9, 9, 9.5], "texture": "#1_0"},
				"east": {"uv": [8.5, 9, 9, 9.5], "texture": "#1_0"},
				"south": {"uv": [8.5, 9, 9, 9.5], "texture": "#1_0"},
				"west": {"uv": [8.5, 9, 9, 9.5], "texture": "#1_0"},
				"up": {"uv": [8.5, 9, 9, 9.5], "texture": "#1_0"},
				"down": {"uv": [8.5, 9, 9, 9.5], "texture": "#1_0"}
			}
		},
		{
			"from": [3, 5.5, 11],
			"to": [3.5, 6, 11.5],
			"faces": {
				"north": {"uv": [8.5, 9, 9, 9.5], "texture": "#1_0"},
				"east": {"uv": [8.5, 9, 9, 9.5], "texture": "#1_0"},
				"south": {"uv": [8.5, 9, 9, 9.5], "texture": "#1_0"},
				"west": {"uv": [8.5, 9, 9, 9.5], "texture": "#1_0"},
				"up": {"uv": [8.5, 9, 9, 9.5], "texture": "#1_0"},
				"down": {"uv": [8.5, 9, 9, 9.5], "texture": "#1_0"}
			}
		},
		{
			"from": [3, 6.5, 10.5],
			"to": [6, 8.5, 13.5],
			"faces": {
				"north": {"uv": [6.5, 6.5, 9.5, 8.5], "texture": "#1_0"},
				"east": {"uv": [6.5, 6.5, 9.5, 8.5], "texture": "#1_0"},
				"south": {"uv": [6.5, 6.5, 9.5, 8.5], "texture": "#1_0"},
				"west": {"uv": [6.5, 6.5, 9.5, 8.5], "texture": "#1_0"},
				"up": {"uv": [7, 6.5, 9, 8.5], "texture": "#1_0"},
				"down": {"uv": [7, 6.5, 9, 8.5], "texture": "#1_0"}
			}
		},
		{
			"from": [3.5, 5.5, 11],
			"to": [5.5, 8.5, 13],
			"faces": {
				"north": {"uv": [7, 6.5, 9, 9.5], "texture": "#1_0"},
				"east": {"uv": [7, 6.5, 9, 9.5], "texture": "#1_0"},
				"south": {"uv": [7, 6.5, 9, 9.5], "texture": "#1_0"},
				"west": {"uv": [7, 6.5, 9, 9.5], "texture": "#1_0"},
				"up": {"uv": [7, 6.5, 9, 8.5], "texture": "#1_0"},
				"down": {"uv": [7, 6.5, 9, 8.5], "texture": "#1_0"}
			}
		},
		{
			"from": [3.5, 8.5, 11],
			"to": [5.5, 9, 13],
			"faces": {
				"north": {"uv": [7, 6, 9, 6.5], "texture": "#1_0"},
				"east": {"uv": [7, 6, 9, 6.5], "texture": "#1_0"},
				"south": {"uv": [7, 6, 9, 6.5], "texture": "#1_0"},
				"west": {"uv": [7, 6, 9, 6.5], "texture": "#1_0"},
				"up": {"uv": [7, 6, 9, 8], "texture": "#1_0"},
				"down": {"uv": [7, 6, 9, 6.5], "texture": "#1_0"}
			}
		},
		{
			"from": [4, 9, 11.5],
			"to": [5, 9.5, 12.5],
			"faces": {
				"north": {"uv": [7.5, 5.5, 8.5, 6], "texture": "#1_0"},
				"east": {"uv": [7.5, 5.5, 8.5, 6], "texture": "#1_0"},
				"south": {"uv": [7.5, 5.5, 8.5, 6], "texture": "#1_0"},
				"west": {"uv": [7.5, 5.5, 8.5, 6], "texture": "#1_0"},
				"up": {"uv": [7.5, 6.5, 8.5, 7.5], "texture": "#1_0"},
				"down": {"uv": [7.5, 5.5, 8.5, 6], "texture": "#1_0"}
			}
		}
	],
	"display": {
		"thirdperson_righthand": {
			"translation": [0, 2, 1.5]
		},
		"thirdperson_lefthand": {
			"translation": [0, 2, 1.5]
		},
		"firstperson_righthand": {
			"rotation": [0, 35, 0],
			"translation": [3, 4, 0]
		},
		"firstperson_lefthand": {
			"rotation": [0, 35, 0],
			"translation": [3, 4, 0]
		},
		"ground": {
			"translation": [0, 3.5, 0]
		},
		"gui": {
			"rotation": [20, 45, 0],
			"translation": [0, 2.5, 0],
			"scale": [1.3, 1.3, 1.3]
		},
		"head": {
			"rotation": [0, 45, 0],
			"translation": [0, 18, 0],
			"scale": [1.5, 1.5, 1.5]
		},
		"fixed": {
			"translation": [0, 2, -1],
			"scale": [1.2, 1.2, 1.2]
		}
	},
	"groups": [0, 1, 2,
		{
			"name": "redstone_torch_off",
			"children": [3, 4, 5, 6, 7, 8, 9, 10, 11, 12, 13, 14, 15, 16, 17, 18, 19, 20, 21, 22, 23, 24, 25, 26, 27, 28, 29, 30, 31, 32, 33, 34, 35, 36, 37, 38, 39, 40, 41, 42, 43, 44, 45, 46, 47, 48, 49, 50, 51, 52, 53, 54, 55, 56, 57, 58, 59, 60, 61, 62]
		},
		{
			"name": "redstone_torch_off2",
			"children": [63, 64, 65, 66, 67, 68, 69, 70, 71, 72, 73, 74, 75, 76, 77, 78, 79, 80, 81, 82, 83, 84, 85, 86]
		}, 87, 88, 89, 90, 91, 92,
		{
			"name": "redstone_torch_off3",
			"children": [93, 94, 95, 96, 97, 98, 99, 100, 101, 102, 103, 104, 105, 106, 107, 108, 109, 110, 111, 112, 113, 114, 115, 116]
		}
	]
}