{
	"credit": "Made with Blockbench",
	"parent": "crossbow",
	"textures": {
		"1": "item/arrow_lights",
		"3": "item/arrow",
		"4": "item/crossbow_arrow",
		"layer0": "item/crossbow_arrow",
		"particle": "item/crossbow_arrow"
	},
	"elements": [
		{
			"from": [6, 0.5, 1.5],
			"to": [6.5, 2.5, 14],
			"faces": {
				"north": {"uv": [4, 4, 6, 4.5], "rotation": 90, "texture": "#layer0"},
				"east": {"uv": [4, 4, 6, 13], "rotation": 90, "texture": "#layer0"},
				"south": {"uv": [4, 12.5, 6, 13], "rotation": 90, "texture": "#layer0"},
				"west": {"uv": [4, 4, 6, 13], "rotation": 90, "texture": "#layer0"},
				"up": {"uv": [4, 4, 6, 13], "texture": "#layer0"},
				"down": {"uv": [4, 4, 6, 13], "texture": "#layer0"}
			}
		},
		{
			"from": [9, 0.5, 1.5],
			"to": [9.5, 2.5, 14],
			"faces": {
				"north": {"uv": [4, 4, 6, 4.5], "rotation": 90, "texture": "#layer0"},
				"east": {"uv": [4, 4, 6, 13], "rotation": 90, "texture": "#layer0"},
				"south": {"uv": [4, 12.5, 6, 13], "rotation": 90, "texture": "#layer0"},
				"west": {"uv": [4, 4, 6, 13], "rotation": 90, "texture": "#layer0"},
				"up": {"uv": [4, 4, 6, 13], "texture": "#layer0"},
				"down": {"uv": [4, 4, 6, 13], "texture": "#layer0"}
			}
		},
		{
			"from": [6.5, 0.5, 2],
			"to": [9, 1, 13],
			"faces": {
				"north": {"uv": [0, 0, 4, 0.5], "texture": "#layer0"},
				"east": {"uv": [3.5, 0, 4, 13], "rotation": 90, "texture": "#layer0"},
				"south": {"uv": [0, 12.5, 4, 13], "texture": "#layer0"},
				"west": {"uv": [0, 0, 0.5, 13], "rotation": 90, "texture": "#layer0"},
				"up": {"uv": [0, 0, 4, 13], "texture": "#layer0"},
				"down": {"uv": [0, 0, 4, 13], "rotation": 180, "texture": "#layer0"}
			}
		},
		{
			"from": [6.5, 0.5, 13.5],
			"to": [9, 2.5, 16],
			"faces": {
				"north": {"uv": [6, 4, 8, 6], "texture": "#layer0"},
				"east": {"uv": [6, 4, 8, 6], "texture": "#layer0"},
				"south": {"uv": [6, 4, 8, 6], "texture": "#layer0"},
				"west": {"uv": [6, 4, 8, 6], "texture": "#layer0"},
				"up": {"uv": [6, 4, 8, 6], "texture": "#layer0"},
				"down": {"uv": [6, 4, 8, 6], "texture": "#layer0"}
			}
		},
		{
			"from": [6, 2.5, -0.5],
			"to": [9.5, 3, 2],
			"faces": {
				"north": {"uv": [10, 0, 12, 2], "texture": "#layer0"},
				"east": {"uv": [10, 0, 12, 2], "texture": "#layer0"},
				"south": {"uv": [10, 0, 12, 2], "texture": "#layer0"},
				"west": {"uv": [10, 0, 12, 2], "texture": "#layer0"},
				"up": {"uv": [10, 0, 12, 2], "texture": "#layer0"},
				"down": {"uv": [10, 0, 12, 2], "texture": "#layer0"}
			}
		},
		{
			"from": [6, 0, -0.5],
			"to": [9.5, 0.5, 2],
			"faces": {
				"north": {"uv": [10, 0, 12, 2], "texture": "#layer0"},
				"east": {"uv": [10, 0, 12, 2], "texture": "#layer0"},
				"south": {"uv": [10, 0, 12, 2], "texture": "#layer0"},
				"west": {"uv": [10, 0, 12, 2], "texture": "#layer0"},
				"up": {"uv": [10, 0, 12, 2], "texture": "#layer0"},
				"down": {"uv": [10, 0, 12, 2], "texture": "#layer0"}
			}
		},
		{
			"from": [5.5, 0.5, -0.5],
			"to": [6, 2.5, 2],
			"faces": {
				"north": {"uv": [10, 0, 12, 2], "texture": "#layer0"},
				"east": {"uv": [10, 0, 12, 2], "texture": "#layer0"},
				"south": {"uv": [10, 0, 12, 2], "texture": "#layer0"},
				"west": {"uv": [10, 0, 12, 2], "texture": "#layer0"},
				"up": {"uv": [10, 0, 12, 2], "texture": "#layer0"},
				"down": {"uv": [10, 0, 12, 2], "texture": "#layer0"}
			}
		},
		{
			"from": [9.5, 0.5, -0.5],
			"to": [10, 2.5, 2],
			"faces": {
				"north": {"uv": [10, 0, 12, 2], "texture": "#layer0"},
				"east": {"uv": [10, 0, 12, 2], "texture": "#layer0"},
				"south": {"uv": [10, 0, 12, 2], "texture": "#layer0"},
				"west": {"uv": [10, 0, 12, 2], "texture": "#layer0"},
				"up": {"uv": [10, 0, 12, 2], "texture": "#layer0"},
				"down": {"uv": [10, 0, 12, 2], "texture": "#layer0"}
			}
		},
		{
			"from": [7, 0.75, 15.75],
			"to": [8.5, 2.25, 16.25],
			"faces": {
				"north": {"uv": [14, 0.5, 15.5, 2], "texture": "#layer0"},
				"east": {"uv": [15, 0.5, 15.5, 2], "texture": "#layer0"},
				"south": {"uv": [14, 0.5, 15.5, 2], "texture": "#layer0"},
				"west": {"uv": [14, 0.5, 14.5, 2], "texture": "#layer0"},
				"up": {"uv": [14, 0.5, 15.5, 1], "texture": "#layer0"},
				"down": {"uv": [14, 1.5, 15.5, 2], "texture": "#layer0"}
			}
		},
		{
			"from": [7, 0.25, 14],
			"to": [8.5, 2.75, 15.5],
			"faces": {
				"north": {"uv": [14, 0.5, 15.5, 1], "rotation": 180, "texture": "#layer0"},
				"east": {"uv": [15, 0.5, 15.5, 2], "rotation": 90, "texture": "#layer0"},
				"south": {"uv": [14, 1.5, 15.5, 2], "texture": "#layer0"},
				"west": {"uv": [14, 0.5, 14.5, 2], "rotation": 270, "texture": "#layer0"},
				"up": {"uv": [14, 0.5, 15.5, 2], "texture": "#layer0"},
				"down": {"uv": [14, 0.5, 15.5, 2], "rotation": 180, "texture": "#layer0"}
			}
		},
		{
			"from": [6.25, 0.75, 14],
			"to": [9.25, 2.25, 15.5],
			"faces": {
				"north": {"uv": [14, 0.5, 15.5, 1], "rotation": 270, "texture": "#layer0"},
				"east": {"uv": [14, 0.5, 15.5, 2], "rotation": 90, "texture": "#layer0"},
				"south": {"uv": [14, 1.5, 15.5, 2], "rotation": 270, "texture": "#layer0"},
				"west": {"uv": [14, 0.5, 15.5, 2], "rotation": 90, "texture": "#layer0"},
				"up": {"uv": [15, 0.5, 15.5, 2], "texture": "#layer0"},
				"down": {"uv": [14, 0.5, 14.5, 2], "rotation": 180, "texture": "#layer0"}
			}
		},
		{
			"from": [6.5, 0.5, 1.5],
			"to": [9, 1, 2],
			"faces": {
				"north": {"uv": [4, 4, 6, 4.5], "texture": "#layer0"},
				"east": {"uv": [4, 4, 6, 4.5], "texture": "#layer0"},
				"south": {"uv": [4, 4, 6, 4.5], "texture": "#layer0"},
				"west": {"uv": [4, 4, 6, 4.5], "texture": "#layer0"},
				"up": {"uv": [4, 4, 6, 4.5], "texture": "#layer0"},
				"down": {"uv": [4, 4, 6, 4.5], "texture": "#layer0"}
			}
		},
		{
			"from": [6.5, 0.5, 13],
			"to": [9, 1, 13.5],
			"faces": {
				"north": {"uv": [4, 4, 6, 4.5], "texture": "#layer0"},
				"east": {"uv": [4, 4, 6, 4.5], "texture": "#layer0"},
				"south": {"uv": [4, 4, 6, 4.5], "texture": "#layer0"},
				"west": {"uv": [4, 4, 6, 4.5], "texture": "#layer0"},
				"up": {"uv": [4, 4, 6, 4.5], "texture": "#layer0"},
				"down": {"uv": [4, 4, 6, 4.5], "texture": "#layer0"}
			}
		},
		{
			"from": [6.5, 0, 2],
			"to": [9, 0.5, 13.5],
			"faces": {
				"north": {"uv": [4, 4, 6, 13], "texture": "#layer0"},
				"east": {"uv": [4, 4, 6, 13], "rotation": 90, "texture": "#layer0"},
				"south": {"uv": [4, 4, 6, 13], "rotation": 90, "texture": "#layer0"},
				"west": {"uv": [4, 4, 6, 13], "rotation": 90, "texture": "#layer0"},
				"up": {"uv": [4, 4, 6, 13], "texture": "#layer0"},
				"down": {"uv": [4, 4, 6, 13], "texture": "#layer0"}
			}
		},
		{
			"from": [4, 1, 0],
			"to": [4.5, 2, 2],
			"faces": {
				"north": {"uv": [10, 0, 12, 2], "texture": "#layer0"},
				"east": {"uv": [10, 0, 12, 2], "texture": "#layer0"},
				"south": {"uv": [10, 0, 12, 2], "texture": "#layer0"},
				"west": {"uv": [10, 0, 12, 2], "texture": "#layer0"},
				"up": {"uv": [10, 0, 12, 2], "texture": "#layer0"},
				"down": {"uv": [10, 0, 12, 2], "texture": "#layer0"}
			}
		},
		{
			"from": [4.5, 0.5, 0],
			"to": [5.5, 1, 2],
			"faces": {
				"north": {"uv": [10, 0, 12, 2], "texture": "#layer0"},
				"east": {"uv": [10, 0, 12, 2], "texture": "#layer0"},
				"south": {"uv": [10, 0, 12, 2], "texture": "#layer0"},
				"west": {"uv": [10, 0, 12, 2], "texture": "#layer0"},
				"up": {"uv": [10, 0, 12, 2], "texture": "#layer0"},
				"down": {"uv": [10, 0, 12, 2], "texture": "#layer0"}
			}
		},
		{
			"from": [4.5, 2, 0],
			"to": [5.5, 2.5, 2],
			"faces": {
				"north": {"uv": [10, 0, 12, 2], "texture": "#layer0"},
				"east": {"uv": [10, 0, 12, 2], "texture": "#layer0"},
				"south": {"uv": [10, 0, 12, 2], "texture": "#layer0"},
				"west": {"uv": [10, 0, 12, 2], "texture": "#layer0"},
				"up": {"uv": [10, 0, 12, 2], "texture": "#layer0"},
				"down": {"uv": [10, 0, 12, 2], "texture": "#layer0"}
			}
		},
		{
			"from": [4.5, 1, 2],
			"to": [5.5, 2, 2.5],
			"faces": {
				"north": {"uv": [10, 0, 12, 2], "texture": "#layer0"},
				"east": {"uv": [10, 0, 12, 2], "texture": "#layer0"},
				"south": {"uv": [10, 0, 12, 2], "texture": "#layer0"},
				"west": {"uv": [10, 0, 12, 2], "texture": "#layer0"},
				"up": {"uv": [10, 0, 12, 2], "texture": "#layer0"},
				"down": {"uv": [10, 0, 12, 2], "texture": "#layer0"}
			}
		},
		{
			"from": [10, 1, 2],
			"to": [11, 2, 2.5],
			"faces": {
				"north": {"uv": [10, 0, 12, 2], "texture": "#layer0"},
				"east": {"uv": [10, 0, 12, 2], "texture": "#layer0"},
				"south": {"uv": [10, 0, 12, 2], "texture": "#layer0"},
				"west": {"uv": [10, 0, 12, 2], "texture": "#layer0"},
				"up": {"uv": [10, 0, 12, 2], "texture": "#layer0"},
				"down": {"uv": [10, 0, 12, 2], "texture": "#layer0"}
			}
		},
		{
			"from": [10, 2, 0],
			"to": [11, 2.5, 2],
			"faces": {
				"north": {"uv": [10, 0, 12, 2], "texture": "#layer0"},
				"east": {"uv": [10, 0, 12, 2], "texture": "#layer0"},
				"south": {"uv": [10, 0, 12, 2], "texture": "#layer0"},
				"west": {"uv": [10, 0, 12, 2], "texture": "#layer0"},
				"up": {"uv": [10, 0, 12, 2], "texture": "#layer0"},
				"down": {"uv": [10, 0, 12, 2], "texture": "#layer0"}
			}
		},
		{
			"from": [10, 0.5, 0],
			"to": [11, 1, 2],
			"faces": {
				"north": {"uv": [10, 0, 12, 2], "texture": "#layer0"},
				"east": {"uv": [10, 0, 12, 2], "texture": "#layer0"},
				"south": {"uv": [10, 0, 12, 2], "texture": "#layer0"},
				"west": {"uv": [10, 0, 12, 2], "texture": "#layer0"},
				"up": {"uv": [10, 0, 12, 2], "texture": "#layer0"},
				"down": {"uv": [10, 0, 12, 2], "texture": "#layer0"}
			}
		},
		{
			"from": [11, 1, 0],
			"to": [11.5, 2, 2],
			"faces": {
				"north": {"uv": [10, 0, 12, 2], "texture": "#layer0"},
				"east": {"uv": [10, 0, 12, 2], "texture": "#layer0"},
				"south": {"uv": [10, 0, 12, 2], "texture": "#layer0"},
				"west": {"uv": [10, 0, 12, 2], "texture": "#layer0"},
				"up": {"uv": [10, 0, 12, 2], "texture": "#layer0"},
				"down": {"uv": [10, 0, 12, 2], "texture": "#layer0"}
			}
		},
		{
			"from": [1, 0.5001, 3.5],
			"to": [6, 2.5001, 4.5],
			"rotation": {"angle": 22.5, "axis": "y", "origin": [3.5035, 1.50088, 3.49562]},
			"faces": {
				"north": {"uv": [8, 0, 10, 16], "rotation": 90, "texture": "#layer0"},
				"east": {"uv": [8, 0, 10, 16], "texture": "#layer0"},
				"south": {"uv": [8, 0, 10, 16], "rotation": 90, "texture": "#layer0"},
				"west": {"uv": [8, 0, 10, 16], "texture": "#layer0"},
				"up": {"uv": [8, 0, 10, 16], "rotation": 90, "texture": "#layer0"},
				"down": {"uv": [8, 0, 10, 16], "rotation": 90, "texture": "#layer0"}
			}
		},
		{
			"from": [1.43283, 0.75, 3.51761],
			"to": [2.43283, 2.25, 8.51761],
			"rotation": {"angle": -22.5, "axis": "y", "origin": [-0.77478, 1.49202, 3.79239]},
			"faces": {
				"north": {"uv": [8, 0, 10, 16], "texture": "#layer0"},
				"east": {"uv": [8, 0, 10, 16], "rotation": 90, "texture": "#layer0"},
				"south": {"uv": [8, 0, 10, 16], "texture": "#layer0"},
				"west": {"uv": [8, 0, 10, 16], "rotation": 90, "texture": "#layer0"},
				"up": {"uv": [8, 0, 10, 16], "texture": "#layer0"},
				"down": {"uv": [8, 0, 10, 16], "rotation": 180, "texture": "#layer0"}
			}
		},
		{
			"from": [13.01761, 0.75, 3.56717],
			"to": [14.01761, 2.25, 8.56717],
			"rotation": {"angle": 22.5, "axis": "y", "origin": [16.22522, 1.49202, 3.79239]},
			"faces": {
				"north": {"uv": [8, 0, 10, 16], "texture": "#layer0"},
				"east": {"uv": [8, 0, 10, 16], "rotation": 90, "texture": "#layer0"},
				"south": {"uv": [8, 0, 10, 16], "texture": "#layer0"},
				"west": {"uv": [8, 0, 10, 16], "rotation": 90, "texture": "#layer0"},
				"up": {"uv": [8, 0, 10, 16], "texture": "#layer0"},
				"down": {"uv": [8, 0, 10, 16], "rotation": 180, "texture": "#layer0"}
			}
		},
		{
			"from": [9.5, 0.5001, 3.5],
			"to": [14.5, 2.5001, 4.5],
			"rotation": {"angle": -22.5, "axis": "y", "origin": [11.99862, 1.494, 3.50738]},
			"faces": {
				"north": {"uv": [8, 0, 10, 16], "rotation": 90, "texture": "#layer0"},
				"east": {"uv": [8, 0, 10, 16], "texture": "#layer0"},
				"south": {"uv": [8, 0, 10, 16], "rotation": 90, "texture": "#layer0"},
				"west": {"uv": [8, 0, 10, 16], "texture": "#layer0"},
				"up": {"uv": [8, 0, 10, 16], "rotation": 270, "texture": "#layer0"},
				"down": {"uv": [8, 0, 10, 16], "rotation": 270, "texture": "#layer0"}
			}
		},
		{
			"from": [5, 2.25, 13.5],
			"to": [13.5, 2.75, 14],
			"rotation": {"angle": 22.5, "axis": "y", "origin": [2.5, 2.5, 6]},
			"faces": {
				"north": {"uv": [6, 6, 6.5, 7], "texture": "#layer0"},
				"east": {"uv": [6, 6, 6.5, 7], "texture": "#layer0"},
				"south": {"uv": [6, 6, 6.5, 7], "texture": "#layer0"},
				"west": {"uv": [6, 6, 6.5, 7], "texture": "#layer0"},
				"up": {"uv": [6, 6, 6.5, 6.5], "texture": "#layer0"},
				"down": {"uv": [6, 6.5, 6.5, 7], "texture": "#layer0"}
			}
		},
		{
			"from": [-1, 2.25, 13],
			"to": [8, 2.75, 13.5],
			"rotation": {"angle": -22.5, "axis": "y", "origin": [10.5, 2.5, 12.5]},
			"faces": {
				"north": {"uv": [6, 6, 6.5, 7], "texture": "#layer0"},
				"east": {"uv": [6, 6, 6.5, 7], "texture": "#layer0"},
				"south": {"uv": [6, 6, 6.5, 7], "texture": "#layer0"},
				"west": {"uv": [6, 6, 6.5, 7], "texture": "#layer0"},
				"up": {"uv": [6, 6, 6.5, 6.5], "texture": "#layer0"},
				"down": {"uv": [6, 6.5, 6.5, 7], "texture": "#layer0"}
			}
		},
		{
			"from": [5.75, 1.25, 4.5],
			"to": [6.25, 1.75, 12.5],
			"faces": {
				"north": {"uv": [0, 4, 8, 4.5], "texture": "#1"},
				"east": {"uv": [0, 0, 16, 2.633], "rotation": 180, "texture": "#1"},
				"south": {"uv": [0, 4, 8, 4.5], "texture": "#1"},
				"west": {"uv": [0, 0, 16, 2.633], "texture": "#1"},
				"up": {"uv": [0, 4, 8, 4.5], "texture": "#1"},
				"down": {"uv": [0, 4, 8, 4.5], "texture": "#1"}
			}
		},
		{
			"from": [9.25, 1.25, 4.5],
			"to": [9.75, 1.75, 12.5],
			"faces": {
				"north": {"uv": [0, 4, 8, 4.5], "texture": "#1"},
				"east": {"uv": [0, 0, 16, 2.633], "rotation": 180, "texture": "#1"},
				"south": {"uv": [0, 4, 8, 4.5], "texture": "#1"},
				"west": {"uv": [0, 0, 16, 2.633], "texture": "#1"},
				"up": {"uv": [0, 4, 8, 4.5], "texture": "#1"},
				"down": {"uv": [0, 4, 8, 4.5], "texture": "#1"}
			}
		},
		{
			"name": "arrow_0",
			"from": [0, 1.5, -2.5],
			"to": [1.5, 2, -1],
			"rotation": {"angle": -45, "axis": "y", "origin": [8, 9.5, 5]},
			"faces": {
				"north": {"uv": [2, 0.5, 0.5, 1], "texture": "#3"},
				"east": {"uv": [1.5, 0.5, 2, 2], "rotation": 90, "texture": "#3"},
				"south": {"uv": [0.5, 1.5, 2, 2], "texture": "#3"},
				"west": {"uv": [0.5, 0.5, 1, 2], "rotation": 270, "texture": "#3"},
				"up": {"uv": [0.5, 0.5, 2, 2], "texture": "#3"},
				"down": {"uv": [0.5, 2, 2, 0.5], "texture": "#3"}
			}
		},
		{
			"name": "arrow_1",
			"from": [1.5, 1.5, -2],
			"to": [2.5, 2, 2],
			"rotation": {"angle": -45, "axis": "y", "origin": [8, 9.5, 5]},
			"faces": {
				"north": {"uv": [3, 1, 2, 1.5], "texture": "#3"},
				"east": {"uv": [2.5, 1, 3, 5], "rotation": 90, "texture": "#3"},
				"south": {"uv": [2, 4.5, 3, 5], "texture": "#3"},
				"west": {"uv": [2, 1, 2.5, 5], "rotation": 270, "texture": "#3"},
				"up": {"uv": [2, 1, 3, 5], "texture": "#3"},
				"down": {"uv": [2, 5, 3, 1], "texture": "#3"}
			}
		},
		{
			"name": "arrow_2",
			"from": [2.5, 1.5, -1.5],
			"to": [3.5, 2, 1.5],
			"rotation": {"angle": -45, "axis": "y", "origin": [8, 9.5, 5]},
			"faces": {
				"north": {"uv": [4, 1.5, 3, 2], "texture": "#3"},
				"east": {"uv": [3.5, 1.5, 4, 4.5], "rotation": 90, "texture": "#3"},
				"south": {"uv": [3, 4, 4, 4.5], "texture": "#3"},
				"west": {"uv": [3, 1.5, 3.5, 4.5], "rotation": 270, "texture": "#3"},
				"up": {"uv": [3, 1.5, 4, 4.5], "texture": "#3"},
				"down": {"uv": [3, 4.5, 4, 1.5], "texture": "#3"}
			}
		},
		{
			"name": "arrow_3",
			"from": [0.5, 1.5, -1],
			"to": [1.5, 2, 0],
			"rotation": {"angle": -45, "axis": "y", "origin": [8, 9.5, 5]},
			"faces": {
				"north": {"uv": [2, 2, 1, 2.5], "texture": "#3"},
				"east": {"uv": [1.5, 2, 2, 3], "rotation": 90, "texture": "#3"},
				"south": {"uv": [1, 2.5, 2, 3], "texture": "#3"},
				"west": {"uv": [1, 2, 1.5, 3], "rotation": 270, "texture": "#3"},
				"up": {"uv": [1, 2, 2, 3], "texture": "#3"},
				"down": {"uv": [1, 3, 2, 2], "texture": "#3"}
			}
		},
		{
			"name": "arrow_4",
			"from": [3.5, 1.5, -1],
			"to": [4.5, 2, 0.5],
			"rotation": {"angle": -45, "axis": "y", "origin": [8, 9.5, 5]},
			"faces": {
				"north": {"uv": [5, 2, 4, 2.5], "texture": "#3"},
				"east": {"uv": [4.5, 2, 5, 3.5], "rotation": 90, "texture": "#3"},
				"south": {"uv": [4, 3, 5, 3.5], "texture": "#3"},
				"west": {"uv": [4, 2, 4.5, 3.5], "rotation": 270, "texture": "#3"},
				"up": {"uv": [4, 2, 5, 3.5], "texture": "#3"},
				"down": {"uv": [4, 3.5, 5, 2], "texture": "#3"}
			}
		},
		{
			"name": "arrow_5",
			"from": [4.5, 1.5, -0.5],
			"to": [5, 2, 0],
			"rotation": {"angle": -45, "axis": "y", "origin": [8, 9.5, 5]},
			"faces": {
				"north": {"uv": [5.5, 2.5, 5, 3], "texture": "#3"},
				"east": {"uv": [5, 2.5, 5.5, 3], "rotation": 90, "texture": "#3"},
				"south": {"uv": [5, 2.5, 5.5, 3], "texture": "#3"},
				"west": {"uv": [5, 2.5, 5.5, 3], "rotation": 270, "texture": "#3"},
				"up": {"uv": [5, 2.5, 5.5, 3], "texture": "#3"},
				"down": {"uv": [5, 3, 5.5, 2.5], "texture": "#3"}
			}
		},
		{
			"name": "arrow_6",
			"from": [1, 1.5, 0],
			"to": [1.5, 2, 1],
			"rotation": {"angle": -45, "axis": "y", "origin": [8, 9.5, 5]},
			"faces": {
				"north": {"uv": [2, 3, 1.5, 3.5], "texture": "#3"},
				"east": {"uv": [1.5, 3, 2, 4], "rotation": 90, "texture": "#3"},
				"south": {"uv": [1.5, 3.5, 2, 4], "texture": "#3"},
				"west": {"uv": [1.5, 3, 2, 4], "rotation": 270, "texture": "#3"},
				"up": {"uv": [1.5, 3, 2, 4], "texture": "#3"},
				"down": {"uv": [1.5, 4, 2, 3], "texture": "#3"}
			}
		},
		{
			"name": "arrow_7",
			"from": [3.5, 1.5, 0.5],
			"to": [4, 2, 2],
			"rotation": {"angle": -45, "axis": "y", "origin": [8, 9.5, 5]},
			"faces": {
				"north": {"uv": [4.5, 3.5, 4, 4], "texture": "#3"},
				"east": {"uv": [4, 3.5, 4.5, 5], "rotation": 90, "texture": "#3"},
				"south": {"uv": [4, 4.5, 4.5, 5], "texture": "#3"},
				"west": {"uv": [4, 3.5, 4.5, 5], "rotation": 270, "texture": "#3"},
				"up": {"uv": [4, 3.5, 4.5, 5], "texture": "#3"},
				"down": {"uv": [4, 5, 4.5, 3.5], "texture": "#3"}
			}
		},
		{
			"name": "arrow_8",
			"from": [4, 1.5, 1],
			"to": [4.5, 2, 2.5],
			"rotation": {"angle": -45, "axis": "y", "origin": [8, 9.5, 5]},
			"faces": {
				"north": {"uv": [5, 4, 4.5, 4.5], "texture": "#3"},
				"east": {"uv": [4.5, 4, 5, 5.5], "rotation": 90, "texture": "#3"},
				"south": {"uv": [4.5, 5, 5, 5.5], "texture": "#3"},
				"west": {"uv": [4.5, 4, 5, 5.5], "rotation": 270, "texture": "#3"},
				"up": {"uv": [4.5, 4, 5, 5.5], "texture": "#3"},
				"down": {"uv": [4.5, 5.5, 5, 4], "texture": "#3"}
			}
		},
		{
			"name": "arrow_9",
			"from": [2.5, 1.5, 1.5],
			"to": [3, 2, 2],
			"rotation": {"angle": -45, "axis": "y", "origin": [8, 9.5, 5]},
			"faces": {
				"north": {"uv": [3.5, 4.5, 3, 5], "texture": "#3"},
				"east": {"uv": [3, 4.5, 3.5, 5], "rotation": 90, "texture": "#3"},
				"south": {"uv": [3, 4.5, 3.5, 5], "texture": "#3"},
				"west": {"uv": [3, 4.5, 3.5, 5], "rotation": 270, "texture": "#3"},
				"up": {"uv": [3, 4.5, 3.5, 5], "texture": "#3"},
				"down": {"uv": [3, 5, 3.5, 4.5], "texture": "#3"}
			}
		},
		{
			"name": "arrow_10",
			"from": [4.5, 1.5, 1.5],
			"to": [5, 2, 2.5],
			"rotation": {"angle": -45, "axis": "y", "origin": [8, 9.5, 5]},
			"faces": {
				"north": {"uv": [5.5, 4.5, 5, 5], "texture": "#3"},
				"east": {"uv": [5, 4.5, 5.5, 6], "rotation": 90, "texture": "#3"},
				"south": {"uv": [5, 5.5, 5.5, 6], "texture": "#3"},
				"west": {"uv": [5, 4.5, 5.5, 6], "rotation": 270, "texture": "#3"},
				"up": {"uv": [5, 4.5, 5.5, 5.5], "texture": "#3"},
				"down": {"uv": [5, 6, 5.5, 4.5], "texture": "#3"}
			}
		},
		{
			"name": "arrow_11",
			"from": [2, 1.5, 2],
			"to": [2.5, 2, 2.5],
			"rotation": {"angle": -45, "axis": "y", "origin": [8, 9.5, 5]},
			"faces": {
				"north": {"uv": [3, 5, 2.5, 5.5], "texture": "#3"},
				"east": {"uv": [2.5, 5, 3, 5.5], "rotation": 90, "texture": "#3"},
				"south": {"uv": [2.5, 5, 3, 5.5], "texture": "#3"},
				"west": {"uv": [2.5, 5, 3, 5.5], "rotation": 270, "texture": "#3"},
				"up": {"uv": [2.5, 5, 3, 5.5], "texture": "#3"},
				"down": {"uv": [2.5, 5.5, 3, 5], "texture": "#3"}
			}
		},
		{
			"name": "arrow_19",
			"from": [7, 1.5, 1],
			"to": [8.5, 2, 5],
			"faces": {
				"north": {"uv": [7.5, 7, 8, 8.5], "rotation": 90, "texture": "#3"},
				"east": {"uv": [7.5, 7, 8, 7.5], "texture": "#3"},
				"south": {"uv": [7.5, 7, 8, 8.5], "rotation": 90, "texture": "#3"},
				"west": {"uv": [7.5, 7, 8, 7.5], "texture": "#3"},
				"up": {"uv": [7.5, 7, 8, 8.5], "rotation": 90, "texture": "#3"},
				"down": {"uv": [7.5, 7, 8, 8.5], "texture": "#3"}
			}
		},
		{
			"name": "crossbow_arrow_6",
			"from": [2, 1.5, 6.9],
			"to": [3.5, 2, 9.4],
			"rotation": {"angle": -45, "axis": "y", "origin": [7.54167, 1.75, 13.22917]},
			"faces": {
				"north": {"uv": [12, 10, 10.5, 10.5], "texture": "#4"},
				"east": {"uv": [11.5, 10, 12, 12.5], "rotation": 90, "texture": "#4"},
				"south": {"uv": [10.5, 12, 12, 12.5], "texture": "#4"},
				"west": {"uv": [10.5, 10, 11, 12.5], "rotation": 270, "texture": "#4"},
				"up": {"uv": [10.5, 10, 12, 12.5], "texture": "#4"},
				"down": {"uv": [10.5, 12.5, 12, 10], "texture": "#4"}
			}
		},
		{
			"name": "crossbow_arrow_7",
			"from": [1.5, 1.5, 7.4],
			"to": [2, 2, 8.9],
			"rotation": {"angle": -45, "axis": "y", "origin": [7.54167, 1.75, 13.22917]},
			"faces": {
				"north": {"uv": [10.5, 10.5, 10, 11], "texture": "#4"},
				"east": {"uv": [10, 10.5, 10.5, 12], "rotation": 90, "texture": "#4"},
				"south": {"uv": [10, 11.5, 10.5, 12], "texture": "#4"},
				"west": {"uv": [10, 10.5, 10.5, 12], "rotation": 270, "texture": "#4"},
				"up": {"uv": [10, 10.5, 10.5, 12], "texture": "#4"},
				"down": {"uv": [10, 12, 10.5, 10.5], "texture": "#4"}
			}
		},
		{
			"name": "crossbow_arrow_8",
			"from": [3.5, 1.5, 7.4],
			"to": [4, 2, 11.4],
			"rotation": {"angle": -45, "axis": "y", "origin": [7.54167, 1.75, 13.22917]},
			"faces": {
				"north": {"uv": [12.5, 10.5, 12, 11], "texture": "#4"},
				"east": {"uv": [12, 10.5, 12.5, 14.5], "rotation": 90, "texture": "#4"},
				"south": {"uv": [12, 14, 12.5, 14.5], "texture": "#4"},
				"west": {"uv": [12, 10.5, 12.5, 14.5], "rotation": 270, "texture": "#4"},
				"up": {"uv": [12, 10.5, 12.5, 14.5], "texture": "#4"},
				"down": {"uv": [12, 14.5, 12.5, 10.5], "texture": "#4"}
			}
		},
		{
			"name": "crossbow_arrow_9",
			"from": [4, 1.5, 7.9],
			"to": [5, 2, 11.9],
			"rotation": {"angle": -45, "axis": "y", "origin": [7.54167, 1.75, 13.22917]},
			"faces": {
				"north": {"uv": [13.5, 11, 12.5, 11.5], "texture": "#4"},
				"east": {"uv": [13, 11, 13.5, 15], "rotation": 90, "texture": "#4"},
				"south": {"uv": [12.5, 14.5, 13.5, 15], "texture": "#4"},
				"west": {"uv": [12.5, 11, 13, 15], "rotation": 270, "texture": "#4"},
				"up": {"uv": [12.5, 11, 13.5, 15], "texture": "#4"},
				"down": {"uv": [12.5, 15, 13.5, 11], "texture": "#4"}
			}
		},
		{
			"name": "crossbow_arrow_10",
			"from": [5, 1.5, 8.4],
			"to": [5.5, 2, 11.9],
			"rotation": {"angle": -45, "axis": "y", "origin": [7.54167, 1.75, 13.22917]},
			"faces": {
				"north": {"uv": [14, 11.5, 13.5, 12], "texture": "#4"},
				"east": {"uv": [13.5, 11.5, 14, 15], "rotation": 90, "texture": "#4"},
				"south": {"uv": [13.5, 14.5, 14, 15], "texture": "#4"},
				"west": {"uv": [13.5, 11.5, 14, 15], "rotation": 270, "texture": "#4"},
				"up": {"uv": [13.5, 11.5, 14, 15], "texture": "#4"},
				"down": {"uv": [13.5, 15, 14, 11.5], "texture": "#4"}
			}
		},
		{
			"name": "crossbow_arrow_11",
			"from": [5.5, 1.5, 8.9],
			"to": [6, 2, 11.9],
			"rotation": {"angle": -45, "axis": "y", "origin": [7.54167, 1.75, 13.22917]},
			"faces": {
				"north": {"uv": [14.5, 12, 14, 12.5], "texture": "#4"},
				"east": {"uv": [14, 12, 14.5, 15], "rotation": 90, "texture": "#4"},
				"south": {"uv": [14, 14.5, 14.5, 15], "texture": "#4"},
				"west": {"uv": [14, 12, 14.5, 15], "rotation": 270, "texture": "#4"},
				"up": {"uv": [14, 12, 14.5, 15], "texture": "#4"},
				"down": {"uv": [14, 15, 14.5, 12], "texture": "#4"}
			}
		},
		{
			"name": "crossbow_arrow_12",
			"from": [2.5, 1.5, 9.4],
			"to": [3.5, 2, 10.4],
			"rotation": {"angle": -45, "axis": "y", "origin": [7.54167, 1.75, 13.22917]},
			"faces": {
				"north": {"uv": [12, 12.5, 11, 13], "texture": "#4"},
				"east": {"uv": [11.5, 12.5, 12, 13.5], "rotation": 90, "texture": "#4"},
				"south": {"uv": [11, 13, 12, 13.5], "texture": "#4"},
				"west": {"uv": [11, 12.5, 11.5, 13.5], "rotation": 270, "texture": "#4"},
				"up": {"uv": [11, 12.5, 12, 13.5], "texture": "#4"},
				"down": {"uv": [11, 13.5, 12, 12.5], "texture": "#4"}
			}
		},
		{
			"name": "crossbow_arrow_13",
			"from": [6, 1.5, 9.4],
			"to": [6.5, 2, 12.4],
			"rotation": {"angle": -45, "axis": "y", "origin": [7.54167, 1.75, 13.22917]},
			"faces": {
				"north": {"uv": [15, 12.5, 14.5, 13], "texture": "#4"},
				"east": {"uv": [14.5, 12.5, 15, 15.5], "rotation": 90, "texture": "#4"},
				"south": {"uv": [14.5, 15, 15, 15.5], "texture": "#4"},
				"west": {"uv": [14.5, 12.5, 15, 15.5], "rotation": 270, "texture": "#4"},
				"up": {"uv": [14.5, 12.5, 15, 15.5], "texture": "#4"},
				"down": {"uv": [14.5, 15.5, 15, 12.5], "texture": "#4"}
			}
		},
		{
			"name": "crossbow_arrow_14",
			"from": [6.5, 1.5, 9.9],
			"to": [7, 2, 10.4],
			"rotation": {"angle": -45, "axis": "y", "origin": [7.54167, 1.75, 13.22917]},
			"faces": {
				"north": {"uv": [15.5, 13, 15, 13.5], "texture": "#4"},
				"east": {"uv": [15, 13, 15.5, 13.5], "rotation": 90, "texture": "#4"},
				"south": {"uv": [15, 13, 15.5, 13.5], "texture": "#4"},
				"west": {"uv": [15, 13, 15.5, 13.5], "rotation": 270, "texture": "#4"},
				"up": {"uv": [15, 13, 15.5, 13.5], "texture": "#4"},
				"down": {"uv": [15, 13.5, 15.5, 13], "texture": "#4"}
			}
		},
		{
			"name": "crossbow_arrow_15",
			"from": [3, 1.5, 10.4],
			"to": [3.5, 2, 10.9],
			"rotation": {"angle": -45, "axis": "y", "origin": [7.54167, 1.75, 13.22917]},
			"faces": {
				"north": {"uv": [12, 13.5, 11.5, 14], "texture": "#4"},
				"east": {"uv": [11.5, 13.5, 12, 14], "rotation": 90, "texture": "#4"},
				"south": {"uv": [11.5, 13.5, 12, 14], "texture": "#4"},
				"west": {"uv": [11.5, 13.5, 12, 14], "rotation": 270, "texture": "#4"},
				"up": {"uv": [11.5, 13.5, 12, 14], "texture": "#4"},
				"down": {"uv": [11.5, 14, 12, 13.5], "texture": "#4"}
			}
		},
		{
			"name": "crossbow_arrow_16",
			"from": [6.5, 1.5, 11.4],
			"to": [7, 2, 11.9],
			"rotation": {"angle": -45, "axis": "y", "origin": [7.54167, 1.75, 13.22917]},
			"faces": {
				"north": {"uv": [15.5, 14.5, 15, 15], "texture": "#4"},
				"east": {"uv": [15, 14.5, 15.5, 15], "rotation": 90, "texture": "#4"},
				"south": {"uv": [15, 14.5, 15.5, 15], "texture": "#4"},
				"west": {"uv": [15, 14.5, 15.5, 15], "rotation": 270, "texture": "#4"},
				"up": {"uv": [15, 14.5, 15.5, 15], "texture": "#4"},
				"down": {"uv": [15, 15, 15.5, 14.5], "texture": "#4"}
			}
		},
		{
			"name": "crossbow_arrow_17",
			"from": [4.5, 1.5, 11.9],
			"to": [5, 2, 12.4],
			"rotation": {"angle": -45, "axis": "y", "origin": [7.54167, 1.75, 13.22917]},
			"faces": {
				"north": {"uv": [13.5, 15, 13, 15.5], "texture": "#4"},
				"east": {"uv": [13, 15, 13.5, 15.5], "rotation": 90, "texture": "#4"},
				"south": {"uv": [13, 15, 13.5, 15.5], "texture": "#4"},
				"west": {"uv": [13, 15, 13.5, 15.5], "rotation": 270, "texture": "#4"},
				"up": {"uv": [13, 15, 13.5, 15.5], "texture": "#4"},
				"down": {"uv": [13, 15.5, 13.5, 15], "texture": "#4"}
			}
		}
	],
	"display": {
		"thirdperson_righthand": {
			"translation": [0, 6.5, 2.5],
			"scale": [0.9, 0.9, 0.9]
		},
		"thirdperson_lefthand": {
			"translation": [0, 6.5, 2.5],
			"scale": [0.9, 0.9, 0.9]
		},
		"firstperson_righthand": {
			"rotation": [0, -10, 0],
			"translation": [0.8, 7, 3.5],
			"scale": [0.6, 0.6, 0.6]
		},
		"firstperson_lefthand": {
			"rotation": [0, -10, 0],
			"translation": [0.75, 7, 3.5],
			"scale": [0.6, 0.6, 0.6]
		},
		"ground": {
			"scale": [0.5, 0.5, 0.5]
		},
		"gui": {
			"rotation": [50, -45, 0],
			"translation": [-1, 3, 0]
		},
		"head": {
			"translation": [0, 15, 0]
		},
		"fixed": {
			"rotation": [-90, 135, 0],
			"translation": [1, -1, -8.75],
			"scale": [1.2, 1.2, 1.2]
		}
	},
	"groups": [0, 1, 2, 3, 4, 5, 6, 7, 8, 9, 10, 11, 12, 13, 14, 15, 16, 17, 18, 19, 20, 21, 22, 23, 24, 25, 26, 27, 28, 29,
		{
			"name": "arrow",
			"children": [30, 31, 32, 33, 34, 35, 36, 37, 38, 39, 40, 41, 42]
		},
		{
			"name": "crossbow_arrow",
			"origin": [7.5, 8, 13],
			"children": [43, 44, 45, 46, 47, 48, 49, 50, 51, 52, 53, 54]
		}
	]
}