{
	"credit": "Made with Blockbench",
	"textures": {
		"1": "item/arrow_lights",
		"layer0": "item/crossbow_standby",
		"particle": "item/crossbow_standby"
	},
	"elements": [
		{
			"from": [6, 0.5, 1.5],
			"to": [6.5, 2.5, 14],
			"faces": {
				"north": {"uv": [4, 4, 6, 4.5], "rotation": 90, "texture": "#layer0"},
				"east": {"uv": [4, 4, 6, 13], "rotation": 90, "texture": "#layer0"},
				"south": {"uv": [4, 12.5, 6, 13], "rotation": 90, "texture": "#layer0"},
				"west": {"uv": [4, 4, 6, 13], "rotation": 90, "texture": "#layer0"},
				"up": {"uv": [4, 4, 6, 13], "texture": "#layer0"},
				"down": {"uv": [4, 4, 6, 13], "texture": "#layer0"}
			}
		},
		{
			"from": [9, 0.5, 1.5],
			"to": [9.5, 2.5, 14],
			"faces": {
				"north": {"uv": [4, 4, 6, 4.5], "rotation": 90, "texture": "#layer0"},
				"east": {"uv": [4, 4, 6, 13], "rotation": 90, "texture": "#layer0"},
				"south": {"uv": [4, 12.5, 6, 13], "rotation": 90, "texture": "#layer0"},
				"west": {"uv": [4, 4, 6, 13], "rotation": 90, "texture": "#layer0"},
				"up": {"uv": [4, 4, 6, 13], "texture": "#layer0"},
				"down": {"uv": [4, 4, 6, 13], "texture": "#layer0"}
			}
		},
		{
			"from": [6.5, 0.5, 2],
			"to": [9, 1, 13],
			"faces": {
				"north": {"uv": [0, 0, 4, 0.5], "texture": "#layer0"},
				"east": {"uv": [3.5, 0, 4, 13], "rotation": 90, "texture": "#layer0"},
				"south": {"uv": [0, 12.5, 4, 13], "texture": "#layer0"},
				"west": {"uv": [0, 0, 0.5, 13], "rotation": 90, "texture": "#layer0"},
				"up": {"uv": [0, 0, 4, 13], "texture": "#layer0"},
				"down": {"uv": [0, 0, 4, 13], "rotation": 180, "texture": "#layer0"}
			}
		},
		{
			"from": [6.5, 0.5, 13.5],
			"to": [9, 2.5, 16],
			"faces": {
				"north": {"uv": [6, 4, 8, 6], "texture": "#layer0"},
				"east": {"uv": [6, 4, 8, 6], "texture": "#layer0"},
				"south": {"uv": [6, 4, 8, 6], "texture": "#layer0"},
				"west": {"uv": [6, 4, 8, 6], "texture": "#layer0"},
				"up": {"uv": [6, 4, 8, 6], "texture": "#layer0"},
				"down": {"uv": [6, 4, 8, 6], "texture": "#layer0"}
			}
		},
		{
			"from": [6, 2.5, -0.5],
			"to": [9.5, 3, 2],
			"faces": {
				"north": {"uv": [10, 0, 12, 2], "texture": "#layer0"},
				"east": {"uv": [10, 0, 12, 2], "texture": "#layer0"},
				"south": {"uv": [10, 0, 12, 2], "texture": "#layer0"},
				"west": {"uv": [10, 0, 12, 2], "texture": "#layer0"},
				"up": {"uv": [10, 0, 12, 2], "texture": "#layer0"},
				"down": {"uv": [10, 0, 12, 2], "texture": "#layer0"}
			}
		},
		{
			"from": [6, 0, -0.5],
			"to": [9.5, 0.5, 2],
			"faces": {
				"north": {"uv": [10, 0, 12, 2], "texture": "#layer0"},
				"east": {"uv": [10, 0, 12, 2], "texture": "#layer0"},
				"south": {"uv": [10, 0, 12, 2], "texture": "#layer0"},
				"west": {"uv": [10, 0, 12, 2], "texture": "#layer0"},
				"up": {"uv": [10, 0, 12, 2], "texture": "#layer0"},
				"down": {"uv": [10, 0, 12, 2], "texture": "#layer0"}
			}
		},
		{
			"from": [5.5, 0.5, -0.5],
			"to": [6, 2.5, 2],
			"faces": {
				"north": {"uv": [10, 0, 12, 2], "texture": "#layer0"},
				"east": {"uv": [10, 0, 12, 2], "texture": "#layer0"},
				"south": {"uv": [10, 0, 12, 2], "texture": "#layer0"},
				"west": {"uv": [10, 0, 12, 2], "texture": "#layer0"},
				"up": {"uv": [10, 0, 12, 2], "texture": "#layer0"},
				"down": {"uv": [10, 0, 12, 2], "texture": "#layer0"}
			}
		},
		{
			"from": [9.5, 0.5, -0.5],
			"to": [10, 2.5, 2],
			"faces": {
				"north": {"uv": [10, 0, 12, 2], "texture": "#layer0"},
				"east": {"uv": [10, 0, 12, 2], "texture": "#layer0"},
				"south": {"uv": [10, 0, 12, 2], "texture": "#layer0"},
				"west": {"uv": [10, 0, 12, 2], "texture": "#layer0"},
				"up": {"uv": [10, 0, 12, 2], "texture": "#layer0"},
				"down": {"uv": [10, 0, 12, 2], "texture": "#layer0"}
			}
		},
		{
			"from": [7, 0.75, 15.75],
			"to": [8.5, 2.25, 16.25],
			"faces": {
				"north": {"uv": [14, 0.5, 15.5, 2], "texture": "#layer0"},
				"east": {"uv": [15, 0.5, 15.5, 2], "texture": "#layer0"},
				"south": {"uv": [14, 0.5, 15.5, 2], "texture": "#layer0"},
				"west": {"uv": [14, 0.5, 14.5, 2], "texture": "#layer0"},
				"up": {"uv": [14, 0.5, 15.5, 1], "texture": "#layer0"},
				"down": {"uv": [14, 1.5, 15.5, 2], "texture": "#layer0"}
			}
		},
		{
			"from": [7, 0.25, 14],
			"to": [8.5, 2.75, 15.5],
			"faces": {
				"north": {"uv": [14, 0.5, 15.5, 1], "rotation": 180, "texture": "#layer0"},
				"east": {"uv": [15, 0.5, 15.5, 2], "rotation": 90, "texture": "#layer0"},
				"south": {"uv": [14, 1.5, 15.5, 2], "texture": "#layer0"},
				"west": {"uv": [14, 0.5, 14.5, 2], "rotation": 270, "texture": "#layer0"},
				"up": {"uv": [14, 0.5, 15.5, 2], "texture": "#layer0"},
				"down": {"uv": [14, 0.5, 15.5, 2], "rotation": 180, "texture": "#layer0"}
			}
		},
		{
			"from": [6.25, 0.75, 14],
			"to": [9.25, 2.25, 15.5],
			"faces": {
				"north": {"uv": [14, 0.5, 15.5, 1], "rotation": 270, "texture": "#layer0"},
				"east": {"uv": [14, 0.5, 15.5, 2], "rotation": 90, "texture": "#layer0"},
				"south": {"uv": [14, 1.5, 15.5, 2], "rotation": 270, "texture": "#layer0"},
				"west": {"uv": [14, 0.5, 15.5, 2], "rotation": 90, "texture": "#layer0"},
				"up": {"uv": [15, 0.5, 15.5, 2], "texture": "#layer0"},
				"down": {"uv": [14, 0.5, 14.5, 2], "rotation": 180, "texture": "#layer0"}
			}
		},
		{
			"from": [6.5, 0.5, 1.5],
			"to": [9, 1, 2],
			"faces": {
				"north": {"uv": [4, 4, 6, 4.5], "texture": "#layer0"},
				"east": {"uv": [4, 4, 6, 4.5], "texture": "#layer0"},
				"south": {"uv": [4, 4, 6, 4.5], "texture": "#layer0"},
				"west": {"uv": [4, 4, 6, 4.5], "texture": "#layer0"},
				"up": {"uv": [4, 4, 6, 4.5], "texture": "#layer0"},
				"down": {"uv": [4, 4, 6, 4.5], "texture": "#layer0"}
			}
		},
		{
			"from": [6.5, 0.5, 13],
			"to": [9, 1, 13.5],
			"faces": {
				"north": {"uv": [4, 4, 6, 4.5], "texture": "#layer0"},
				"east": {"uv": [4, 4, 6, 4.5], "texture": "#layer0"},
				"south": {"uv": [4, 4, 6, 4.5], "texture": "#layer0"},
				"west": {"uv": [4, 4, 6, 4.5], "texture": "#layer0"},
				"up": {"uv": [4, 4, 6, 4.5], "texture": "#layer0"},
				"down": {"uv": [4, 4, 6, 4.5], "texture": "#layer0"}
			}
		},
		{
			"from": [6.5, 0, 2],
			"to": [9, 0.5, 13.5],
			"faces": {
				"north": {"uv": [4, 4, 6, 13], "texture": "#layer0"},
				"east": {"uv": [4, 4, 6, 13], "rotation": 90, "texture": "#layer0"},
				"south": {"uv": [4, 4, 6, 13], "rotation": 90, "texture": "#layer0"},
				"west": {"uv": [4, 4, 6, 13], "rotation": 90, "texture": "#layer0"},
				"up": {"uv": [4, 4, 6, 13], "texture": "#layer0"},
				"down": {"uv": [4, 4, 6, 13], "texture": "#layer0"}
			}
		},
		{
			"from": [4, 1, 0],
			"to": [4.5, 2, 2],
			"faces": {
				"north": {"uv": [10, 0, 12, 2], "texture": "#layer0"},
				"east": {"uv": [10, 0, 12, 2], "texture": "#layer0"},
				"south": {"uv": [10, 0, 12, 2], "texture": "#layer0"},
				"west": {"uv": [10, 0, 12, 2], "texture": "#layer0"},
				"up": {"uv": [10, 0, 12, 2], "texture": "#layer0"},
				"down": {"uv": [10, 0, 12, 2], "texture": "#layer0"}
			}
		},
		{
			"from": [4.5, 0.5, 0],
			"to": [5.5, 1, 2],
			"faces": {
				"north": {"uv": [10, 0, 12, 2], "texture": "#layer0"},
				"east": {"uv": [10, 0, 12, 2], "texture": "#layer0"},
				"south": {"uv": [10, 0, 12, 2], "texture": "#layer0"},
				"west": {"uv": [10, 0, 12, 2], "texture": "#layer0"},
				"up": {"uv": [10, 0, 12, 2], "texture": "#layer0"},
				"down": {"uv": [10, 0, 12, 2], "texture": "#layer0"}
			}
		},
		{
			"from": [4.5, 2, 0],
			"to": [5.5, 2.5, 2],
			"faces": {
				"north": {"uv": [10, 0, 12, 2], "texture": "#layer0"},
				"east": {"uv": [10, 0, 12, 2], "texture": "#layer0"},
				"south": {"uv": [10, 0, 12, 2], "texture": "#layer0"},
				"west": {"uv": [10, 0, 12, 2], "texture": "#layer0"},
				"up": {"uv": [10, 0, 12, 2], "texture": "#layer0"},
				"down": {"uv": [10, 0, 12, 2], "texture": "#layer0"}
			}
		},
		{
			"from": [4.5, 1, 2],
			"to": [5.5, 2, 2.5],
			"faces": {
				"north": {"uv": [10, 0, 12, 2], "texture": "#layer0"},
				"east": {"uv": [10, 0, 12, 2], "texture": "#layer0"},
				"south": {"uv": [10, 0, 12, 2], "texture": "#layer0"},
				"west": {"uv": [10, 0, 12, 2], "texture": "#layer0"},
				"up": {"uv": [10, 0, 12, 2], "texture": "#layer0"},
				"down": {"uv": [10, 0, 12, 2], "texture": "#layer0"}
			}
		},
		{
			"from": [10, 1, 2],
			"to": [11, 2, 2.5],
			"faces": {
				"north": {"uv": [10, 0, 12, 2], "texture": "#layer0"},
				"east": {"uv": [10, 0, 12, 2], "texture": "#layer0"},
				"south": {"uv": [10, 0, 12, 2], "texture": "#layer0"},
				"west": {"uv": [10, 0, 12, 2], "texture": "#layer0"},
				"up": {"uv": [10, 0, 12, 2], "texture": "#layer0"},
				"down": {"uv": [10, 0, 12, 2], "texture": "#layer0"}
			}
		},
		{
			"from": [10, 2, 0],
			"to": [11, 2.5, 2],
			"faces": {
				"north": {"uv": [10, 0, 12, 2], "texture": "#layer0"},
				"east": {"uv": [10, 0, 12, 2], "texture": "#layer0"},
				"south": {"uv": [10, 0, 12, 2], "texture": "#layer0"},
				"west": {"uv": [10, 0, 12, 2], "texture": "#layer0"},
				"up": {"uv": [10, 0, 12, 2], "texture": "#layer0"},
				"down": {"uv": [10, 0, 12, 2], "texture": "#layer0"}
			}
		},
		{
			"from": [10, 0.5, 0],
			"to": [11, 1, 2],
			"faces": {
				"north": {"uv": [10, 0, 12, 2], "texture": "#layer0"},
				"east": {"uv": [10, 0, 12, 2], "texture": "#layer0"},
				"south": {"uv": [10, 0, 12, 2], "texture": "#layer0"},
				"west": {"uv": [10, 0, 12, 2], "texture": "#layer0"},
				"up": {"uv": [10, 0, 12, 2], "texture": "#layer0"},
				"down": {"uv": [10, 0, 12, 2], "texture": "#layer0"}
			}
		},
		{
			"from": [11, 1, 0],
			"to": [11.5, 2, 2],
			"faces": {
				"north": {"uv": [10, 0, 12, 2], "texture": "#layer0"},
				"east": {"uv": [10, 0, 12, 2], "texture": "#layer0"},
				"south": {"uv": [10, 0, 12, 2], "texture": "#layer0"},
				"west": {"uv": [10, 0, 12, 2], "texture": "#layer0"},
				"up": {"uv": [10, 0, 12, 2], "texture": "#layer0"},
				"down": {"uv": [10, 0, 12, 2], "texture": "#layer0"}
			}
		},
		{
			"from": [1, 0.5, 3],
			"to": [6, 2.5, 4],
			"faces": {
				"north": {"uv": [8, 0, 10, 16], "rotation": 90, "texture": "#layer0"},
				"east": {"uv": [8, 0, 10, 16], "texture": "#layer0"},
				"south": {"uv": [8, 0, 10, 16], "rotation": 90, "texture": "#layer0"},
				"west": {"uv": [8, 0, 10, 16], "texture": "#layer0"},
				"up": {"uv": [8, 0, 10, 16], "rotation": 90, "texture": "#layer0"},
				"down": {"uv": [8, 0, 10, 16], "rotation": 90, "texture": "#layer0"}
			}
		},
		{
			"from": [-3.5, 0.75, 4],
			"to": [1.5, 2.25, 5],
			"rotation": {"angle": 22.5, "axis": "y", "origin": [-0.77478, 1.49202, 3.79239]},
			"faces": {
				"north": {"uv": [8, 0, 10, 16], "rotation": 90, "texture": "#layer0"},
				"east": {"uv": [8, 0, 10, 16], "texture": "#layer0"},
				"south": {"uv": [8, 0, 10, 16], "rotation": 90, "texture": "#layer0"},
				"west": {"uv": [8, 0, 10, 16], "texture": "#layer0"},
				"up": {"uv": [8, 0, 10, 16], "rotation": 90, "texture": "#layer0"},
				"down": {"uv": [8, 0, 10, 16], "rotation": 90, "texture": "#layer0"}
			}
		},
		{
			"from": [14, 0.75, 4],
			"to": [19, 2.25, 5],
			"rotation": {"angle": -22.5, "axis": "y", "origin": [16.22522, 1.49202, 3.79239]},
			"faces": {
				"north": {"uv": [8, 0, 10, 16], "rotation": 90, "texture": "#layer0"},
				"east": {"uv": [8, 0, 10, 16], "texture": "#layer0"},
				"south": {"uv": [8, 0, 10, 16], "rotation": 90, "texture": "#layer0"},
				"west": {"uv": [8, 0, 10, 16], "texture": "#layer0"},
				"up": {"uv": [8, 0, 10, 16], "rotation": 270, "texture": "#layer0"},
				"down": {"uv": [8, 0, 10, 16], "rotation": 270, "texture": "#layer0"}
			}
		},
		{
			"from": [9.5, 0.5, 3],
			"to": [14.5, 2.5, 4],
			"faces": {
				"north": {"uv": [8, 0, 10, 16], "rotation": 90, "texture": "#layer0"},
				"east": {"uv": [8, 0, 10, 16], "texture": "#layer0"},
				"south": {"uv": [8, 0, 10, 16], "rotation": 90, "texture": "#layer0"},
				"west": {"uv": [8, 0, 10, 16], "texture": "#layer0"},
				"up": {"uv": [8, 0, 10, 16], "rotation": 270, "texture": "#layer0"},
				"down": {"uv": [8, 0, 10, 16], "rotation": 270, "texture": "#layer0"}
			}
		},
		{
			"from": [-3, 2.25, 5.5],
			"to": [18.5, 2.75, 6],
			"faces": {
				"north": {"uv": [6, 6, 6.5, 7], "texture": "#layer0"},
				"east": {"uv": [6, 6, 6.5, 7], "texture": "#layer0"},
				"south": {"uv": [6, 6, 6.5, 7], "texture": "#layer0"},
				"west": {"uv": [6, 6, 6.5, 7], "texture": "#layer0"},
				"up": {"uv": [6, 6, 6.5, 6.5], "texture": "#layer0"},
				"down": {"uv": [6, 6.5, 6.5, 7], "texture": "#layer0"}
			}
		},
		{
			"from": [5.75, 1.25, 4.5],
			"to": [6.25, 1.75, 12.5],
			"faces": {
				"north": {"uv": [3.2, 4.267, 3.7, 12.267], "texture": "#1"},
				"east": {"uv": [0, 0, 16, 2.667], "rotation": 180, "texture": "#1"},
				"south": {"uv": [3.2, 4.267, 3.7, 12.267], "texture": "#1"},
				"west": {"uv": [0, 0, 16, 2.667], "texture": "#1"},
				"up": {"uv": [3.2, 4.267, 3.7, 12.267], "texture": "#1"},
				"down": {"uv": [3.2, 4.267, 3.7, 12.267], "texture": "#1"}
			}
		},
		{
			"from": [9.25, 1.25, 4.5],
			"to": [9.75, 1.75, 12.5],
			"faces": {
				"north": {"uv": [3.2, 4.267, 3.7, 12.267], "texture": "#1"},
				"east": {"uv": [0, 0, 16, 2.667], "rotation": 180, "texture": "#1"},
				"south": {"uv": [3.2, 4.267, 3.7, 12.267], "texture": "#1"},
				"west": {"uv": [0, 0, 16, 2.667], "texture": "#1"},
				"up": {"uv": [3.2, 4.267, 3.7, 12.267], "texture": "#1"},
				"down": {"uv": [3.2, 4.267, 3.7, 12.267], "texture": "#1"}
			}
		}
	],
	"display": {
		"thirdperson_righthand": {
			"translation": [0.25, 6.5, -2.5]
		},
		"thirdperson_lefthand": {
			"translation": [-0.25, 6.5, -2]
		},
		"firstperson_righthand": {
			"translation": [0, 7, 1],
			"scale": [0.7, 0.7, 0.7]
		},
		"firstperson_lefthand": {
			"rotation": [0, 10, 0],
			"translation": [0, 7, 1],
			"scale": [0.7, 0.7, 0.7]
		},
		"ground": {
			"translation": [0, 4, 0]
		},
		"gui": {
			"rotation": [70, -46, 0],
			"translation": [-1, 0.5, 0]
		},
		"head": {
			"translation": [0, 16, 0]
		},
		"fixed": {
			"rotation": [-90, 135, 0],
			"translation": [1, -1, -8]
		}
	}
},
    "overrides": [
        {
            "predicate": {
                "pulling": 1
            },
            "model": "item/crossbow_pulling_0"
        },
        {
            "predicate": {
                "pulling": 1,
                "pull": 0.58
            },
            "model": "item/crossbow_pulling_1"
        },
        {
            "predicate": {
                "pulling": 1,
                "pull": 1.0
            },
            "model": "item/crossbow_pulling_2"
        },
        {
            "predicate": {
                "charged": 1
            },
            "model": "item/crossbow_arrow"
        },
        {
            "predicate": {
                "charged": 1,
                "firework": 1
            },
            "model": "item/crossbow_firework"
        }
    ]
}
