{
	"credit": "Made with Blockbench",
	"textures": {
		"0": "item/firework_rocket",
		"1": "item/arrow_lights",
		"layer0": "item/crossbow_standby",
		"particle": "item/crossbow_standby"
	},
	"elements": [
		{
			"from": [6, 0.5, 1.5],
			"to": [6.5, 2.5, 14],
			"faces": {
				"north": {"uv": [4, 4, 6, 4.5], "rotation": 90, "texture": "#layer0"},
				"east": {"uv": [4, 4, 6, 13], "rotation": 90, "texture": "#layer0"},
				"south": {"uv": [4, 12.5, 6, 13], "rotation": 90, "texture": "#layer0"},
				"west": {"uv": [4, 4, 6, 13], "rotation": 90, "texture": "#layer0"},
				"up": {"uv": [4, 4, 6, 13], "texture": "#layer0"},
				"down": {"uv": [4, 4, 6, 13], "texture": "#layer0"}
			}
		},
		{
			"from": [9, 0.5, 1.5],
			"to": [9.5, 2.5, 14],
			"faces": {
				"north": {"uv": [4, 4, 6, 4.5], "rotation": 90, "texture": "#layer0"},
				"east": {"uv": [4, 4, 6, 13], "rotation": 90, "texture": "#layer0"},
				"south": {"uv": [4, 12.5, 6, 13], "rotation": 90, "texture": "#layer0"},
				"west": {"uv": [4, 4, 6, 13], "rotation": 90, "texture": "#layer0"},
				"up": {"uv": [4, 4, 6, 13], "texture": "#layer0"},
				"down": {"uv": [4, 4, 6, 13], "texture": "#layer0"}
			}
		},
		{
			"from": [6.5, 0.5, 2],
			"to": [9, 1, 13],
			"faces": {
				"north": {"uv": [0, 0, 4, 0.5], "texture": "#layer0"},
				"east": {"uv": [3.5, 0, 4, 13], "rotation": 90, "texture": "#layer0"},
				"south": {"uv": [0, 12.5, 4, 13], "texture": "#layer0"},
				"west": {"uv": [0, 0, 0.5, 13], "rotation": 90, "texture": "#layer0"},
				"up": {"uv": [0, 0, 4, 13], "texture": "#layer0"},
				"down": {"uv": [0, 0, 4, 13], "rotation": 180, "texture": "#layer0"}
			}
		},
		{
			"from": [6.5, 0.5, 13.5],
			"to": [9, 2.5, 16],
			"faces": {
				"north": {"uv": [6, 4, 8, 6], "texture": "#layer0"},
				"east": {"uv": [6, 4, 8, 6], "texture": "#layer0"},
				"south": {"uv": [6, 4, 8, 6], "texture": "#layer0"},
				"west": {"uv": [6, 4, 8, 6], "texture": "#layer0"},
				"up": {"uv": [6, 4, 8, 6], "texture": "#layer0"},
				"down": {"uv": [6, 4, 8, 6], "texture": "#layer0"}
			}
		},
		{
			"from": [6, 2.5, -0.5],
			"to": [9.5, 3, 2],
			"faces": {
				"north": {"uv": [10, 0, 12, 2], "texture": "#layer0"},
				"east": {"uv": [10, 0, 12, 2], "texture": "#layer0"},
				"south": {"uv": [10, 0, 12, 2], "texture": "#layer0"},
				"west": {"uv": [10, 0, 12, 2], "texture": "#layer0"},
				"up": {"uv": [10, 0, 12, 2], "texture": "#layer0"},
				"down": {"uv": [10, 0, 12, 2], "texture": "#layer0"}
			}
		},
		{
			"from": [6, 0, -0.5],
			"to": [9.5, 0.5, 2],
			"faces": {
				"north": {"uv": [10, 0, 12, 2], "texture": "#layer0"},
				"east": {"uv": [10, 0, 12, 2], "texture": "#layer0"},
				"south": {"uv": [10, 0, 12, 2], "texture": "#layer0"},
				"west": {"uv": [10, 0, 12, 2], "texture": "#layer0"},
				"up": {"uv": [10, 0, 12, 2], "texture": "#layer0"},
				"down": {"uv": [10, 0, 12, 2], "texture": "#layer0"}
			}
		},
		{
			"from": [5.5, 0.5, -0.5],
			"to": [6, 2.5, 2],
			"faces": {
				"north": {"uv": [10, 0, 12, 2], "texture": "#layer0"},
				"east": {"uv": [10, 0, 12, 2], "texture": "#layer0"},
				"south": {"uv": [10, 0, 12, 2], "texture": "#layer0"},
				"west": {"uv": [10, 0, 12, 2], "texture": "#layer0"},
				"up": {"uv": [10, 0, 12, 2], "texture": "#layer0"},
				"down": {"uv": [10, 0, 12, 2], "texture": "#layer0"}
			}
		},
		{
			"from": [9.5, 0.5, -0.5],
			"to": [10, 2.5, 2],
			"faces": {
				"north": {"uv": [10, 0, 12, 2], "texture": "#layer0"},
				"east": {"uv": [10, 0, 12, 2], "texture": "#layer0"},
				"south": {"uv": [10, 0, 12, 2], "texture": "#layer0"},
				"west": {"uv": [10, 0, 12, 2], "texture": "#layer0"},
				"up": {"uv": [10, 0, 12, 2], "texture": "#layer0"},
				"down": {"uv": [10, 0, 12, 2], "texture": "#layer0"}
			}
		},
		{
			"from": [7, 0.75, 15.75],
			"to": [8.5, 2.25, 16.25],
			"faces": {
				"north": {"uv": [14, 0.5, 15.5, 2], "texture": "#layer0"},
				"east": {"uv": [15, 0.5, 15.5, 2], "texture": "#layer0"},
				"south": {"uv": [14, 0.5, 15.5, 2], "texture": "#layer0"},
				"west": {"uv": [14, 0.5, 14.5, 2], "texture": "#layer0"},
				"up": {"uv": [14, 0.5, 15.5, 1], "texture": "#layer0"},
				"down": {"uv": [14, 1.5, 15.5, 2], "texture": "#layer0"}
			}
		},
		{
			"from": [7, 0.25, 14],
			"to": [8.5, 2.75, 15.5],
			"faces": {
				"north": {"uv": [14, 0.5, 15.5, 1], "rotation": 180, "texture": "#layer0"},
				"east": {"uv": [15, 0.5, 15.5, 2], "rotation": 90, "texture": "#layer0"},
				"south": {"uv": [14, 1.5, 15.5, 2], "texture": "#layer0"},
				"west": {"uv": [14, 0.5, 14.5, 2], "rotation": 270, "texture": "#layer0"},
				"up": {"uv": [14, 0.5, 15.5, 2], "texture": "#layer0"},
				"down": {"uv": [14, 0.5, 15.5, 2], "rotation": 180, "texture": "#layer0"}
			}
		},
		{
			"from": [6.25, 0.75, 14],
			"to": [9.25, 2.25, 15.5],
			"faces": {
				"north": {"uv": [14, 0.5, 15.5, 1], "rotation": 270, "texture": "#layer0"},
				"east": {"uv": [14, 0.5, 15.5, 2], "rotation": 90, "texture": "#layer0"},
				"south": {"uv": [14, 1.5, 15.5, 2], "rotation": 270, "texture": "#layer0"},
				"west": {"uv": [14, 0.5, 15.5, 2], "rotation": 90, "texture": "#layer0"},
				"up": {"uv": [15, 0.5, 15.5, 2], "texture": "#layer0"},
				"down": {"uv": [14, 0.5, 14.5, 2], "rotation": 180, "texture": "#layer0"}
			}
		},
		{
			"from": [6.5, 0.5, 1.5],
			"to": [9, 1, 2],
			"faces": {
				"north": {"uv": [4, 4, 6, 4.5], "texture": "#layer0"},
				"east": {"uv": [4, 4, 6, 4.5], "texture": "#layer0"},
				"south": {"uv": [4, 4, 6, 4.5], "texture": "#layer0"},
				"west": {"uv": [4, 4, 6, 4.5], "texture": "#layer0"},
				"up": {"uv": [4, 4, 6, 4.5], "texture": "#layer0"},
				"down": {"uv": [4, 4, 6, 4.5], "texture": "#layer0"}
			}
		},
		{
			"from": [6.5, 0.5, 13],
			"to": [9, 1, 13.5],
			"faces": {
				"north": {"uv": [4, 4, 6, 4.5], "texture": "#layer0"},
				"east": {"uv": [4, 4, 6, 4.5], "texture": "#layer0"},
				"south": {"uv": [4, 4, 6, 4.5], "texture": "#layer0"},
				"west": {"uv": [4, 4, 6, 4.5], "texture": "#layer0"},
				"up": {"uv": [4, 4, 6, 4.5], "texture": "#layer0"},
				"down": {"uv": [4, 4, 6, 4.5], "texture": "#layer0"}
			}
		},
		{
			"from": [6.5, 0, 2],
			"to": [9, 0.5, 13.5],
			"faces": {
				"north": {"uv": [4, 4, 6, 13], "texture": "#layer0"},
				"east": {"uv": [4, 4, 6, 13], "rotation": 90, "texture": "#layer0"},
				"south": {"uv": [4, 4, 6, 13], "rotation": 90, "texture": "#layer0"},
				"west": {"uv": [4, 4, 6, 13], "rotation": 90, "texture": "#layer0"},
				"up": {"uv": [4, 4, 6, 13], "texture": "#layer0"},
				"down": {"uv": [4, 4, 6, 13], "texture": "#layer0"}
			}
		},
		{
			"from": [4, 1, 0],
			"to": [4.5, 2, 2],
			"faces": {
				"north": {"uv": [10, 0, 12, 2], "texture": "#layer0"},
				"east": {"uv": [10, 0, 12, 2], "texture": "#layer0"},
				"south": {"uv": [10, 0, 12, 2], "texture": "#layer0"},
				"west": {"uv": [10, 0, 12, 2], "texture": "#layer0"},
				"up": {"uv": [10, 0, 12, 2], "texture": "#layer0"},
				"down": {"uv": [10, 0, 12, 2], "texture": "#layer0"}
			}
		},
		{
			"from": [4.5, 0.5, 0],
			"to": [5.5, 1, 2],
			"faces": {
				"north": {"uv": [10, 0, 12, 2], "texture": "#layer0"},
				"east": {"uv": [10, 0, 12, 2], "texture": "#layer0"},
				"south": {"uv": [10, 0, 12, 2], "texture": "#layer0"},
				"west": {"uv": [10, 0, 12, 2], "texture": "#layer0"},
				"up": {"uv": [10, 0, 12, 2], "texture": "#layer0"},
				"down": {"uv": [10, 0, 12, 2], "texture": "#layer0"}
			}
		},
		{
			"from": [4.5, 2, 0],
			"to": [5.5, 2.5, 2],
			"faces": {
				"north": {"uv": [10, 0, 12, 2], "texture": "#layer0"},
				"east": {"uv": [10, 0, 12, 2], "texture": "#layer0"},
				"south": {"uv": [10, 0, 12, 2], "texture": "#layer0"},
				"west": {"uv": [10, 0, 12, 2], "texture": "#layer0"},
				"up": {"uv": [10, 0, 12, 2], "texture": "#layer0"},
				"down": {"uv": [10, 0, 12, 2], "texture": "#layer0"}
			}
		},
		{
			"from": [4.5, 1, 2],
			"to": [5.5, 2, 2.5],
			"faces": {
				"north": {"uv": [10, 0, 12, 2], "texture": "#layer0"},
				"east": {"uv": [10, 0, 12, 2], "texture": "#layer0"},
				"south": {"uv": [10, 0, 12, 2], "texture": "#layer0"},
				"west": {"uv": [10, 0, 12, 2], "texture": "#layer0"},
				"up": {"uv": [10, 0, 12, 2], "texture": "#layer0"},
				"down": {"uv": [10, 0, 12, 2], "texture": "#layer0"}
			}
		},
		{
			"from": [10, 1, 2],
			"to": [11, 2, 2.5],
			"faces": {
				"north": {"uv": [10, 0, 12, 2], "texture": "#layer0"},
				"east": {"uv": [10, 0, 12, 2], "texture": "#layer0"},
				"south": {"uv": [10, 0, 12, 2], "texture": "#layer0"},
				"west": {"uv": [10, 0, 12, 2], "texture": "#layer0"},
				"up": {"uv": [10, 0, 12, 2], "texture": "#layer0"},
				"down": {"uv": [10, 0, 12, 2], "texture": "#layer0"}
			}
		},
		{
			"from": [10, 2, 0],
			"to": [11, 2.5, 2],
			"faces": {
				"north": {"uv": [10, 0, 12, 2], "texture": "#layer0"},
				"east": {"uv": [10, 0, 12, 2], "texture": "#layer0"},
				"south": {"uv": [10, 0, 12, 2], "texture": "#layer0"},
				"west": {"uv": [10, 0, 12, 2], "texture": "#layer0"},
				"up": {"uv": [10, 0, 12, 2], "texture": "#layer0"},
				"down": {"uv": [10, 0, 12, 2], "texture": "#layer0"}
			}
		},
		{
			"from": [10, 0.5, 0],
			"to": [11, 1, 2],
			"faces": {
				"north": {"uv": [10, 0, 12, 2], "texture": "#layer0"},
				"east": {"uv": [10, 0, 12, 2], "texture": "#layer0"},
				"south": {"uv": [10, 0, 12, 2], "texture": "#layer0"},
				"west": {"uv": [10, 0, 12, 2], "texture": "#layer0"},
				"up": {"uv": [10, 0, 12, 2], "texture": "#layer0"},
				"down": {"uv": [10, 0, 12, 2], "texture": "#layer0"}
			}
		},
		{
			"from": [11, 1, 0],
			"to": [11.5, 2, 2],
			"faces": {
				"north": {"uv": [10, 0, 12, 2], "texture": "#layer0"},
				"east": {"uv": [10, 0, 12, 2], "texture": "#layer0"},
				"south": {"uv": [10, 0, 12, 2], "texture": "#layer0"},
				"west": {"uv": [10, 0, 12, 2], "texture": "#layer0"},
				"up": {"uv": [10, 0, 12, 2], "texture": "#layer0"},
				"down": {"uv": [10, 0, 12, 2], "texture": "#layer0"}
			}
		},
		{
			"from": [1, 0.5001, 3.5],
			"to": [6, 2.5001, 4.5],
			"rotation": {"angle": 22.5, "axis": "y", "origin": [3.5035, 1.50088, 3.49562]},
			"faces": {
				"north": {"uv": [8, 0, 10, 16], "rotation": 90, "texture": "#layer0"},
				"east": {"uv": [8, 0, 10, 16], "texture": "#layer0"},
				"south": {"uv": [8, 0, 10, 16], "rotation": 90, "texture": "#layer0"},
				"west": {"uv": [8, 0, 10, 16], "texture": "#layer0"},
				"up": {"uv": [8, 0, 10, 16], "rotation": 90, "texture": "#layer0"},
				"down": {"uv": [8, 0, 10, 16], "rotation": 90, "texture": "#layer0"}
			}
		},
		{
			"from": [1.43283, 0.75, 3.51761],
			"to": [2.43283, 2.25, 8.51761],
			"rotation": {"angle": -22.5, "axis": "y", "origin": [-0.77478, 1.49202, 3.79239]},
			"faces": {
				"north": {"uv": [8, 0, 10, 16], "texture": "#layer0"},
				"east": {"uv": [8, 0, 10, 16], "rotation": 90, "texture": "#layer0"},
				"south": {"uv": [8, 0, 10, 16], "texture": "#layer0"},
				"west": {"uv": [8, 0, 10, 16], "rotation": 90, "texture": "#layer0"},
				"up": {"uv": [8, 0, 10, 16], "texture": "#layer0"},
				"down": {"uv": [8, 0, 10, 16], "rotation": 180, "texture": "#layer0"}
			}
		},
		{
			"from": [13.01761, 0.75, 3.56717],
			"to": [14.01761, 2.25, 8.56717],
			"rotation": {"angle": 22.5, "axis": "y", "origin": [16.22522, 1.49202, 3.79239]},
			"faces": {
				"north": {"uv": [8, 0, 10, 16], "texture": "#layer0"},
				"east": {"uv": [8, 0, 10, 16], "rotation": 90, "texture": "#layer0"},
				"south": {"uv": [8, 0, 10, 16], "texture": "#layer0"},
				"west": {"uv": [8, 0, 10, 16], "rotation": 90, "texture": "#layer0"},
				"up": {"uv": [8, 0, 10, 16], "texture": "#layer0"},
				"down": {"uv": [8, 0, 10, 16], "rotation": 180, "texture": "#layer0"}
			}
		},
		{
			"from": [9.5, 0.5001, 3.5],
			"to": [14.5, 2.5001, 4.5],
			"rotation": {"angle": -22.5, "axis": "y", "origin": [11.99862, 1.494, 3.50738]},
			"faces": {
				"north": {"uv": [8, 0, 10, 16], "rotation": 90, "texture": "#layer0"},
				"east": {"uv": [8, 0, 10, 16], "texture": "#layer0"},
				"south": {"uv": [8, 0, 10, 16], "rotation": 90, "texture": "#layer0"},
				"west": {"uv": [8, 0, 10, 16], "texture": "#layer0"},
				"up": {"uv": [8, 0, 10, 16], "rotation": 270, "texture": "#layer0"},
				"down": {"uv": [8, 0, 10, 16], "rotation": 270, "texture": "#layer0"}
			}
		},
		{
			"from": [5, 2.25, 13.5],
			"to": [13.5, 2.75, 14],
			"rotation": {"angle": 22.5, "axis": "y", "origin": [2.5, 2.5, 6]},
			"faces": {
				"north": {"uv": [6, 6, 6.5, 7], "texture": "#layer0"},
				"east": {"uv": [6, 6, 6.5, 7], "texture": "#layer0"},
				"south": {"uv": [6, 6, 6.5, 7], "texture": "#layer0"},
				"west": {"uv": [6, 6, 6.5, 7], "texture": "#layer0"},
				"up": {"uv": [6, 6, 6.5, 6.5], "texture": "#layer0"},
				"down": {"uv": [6, 6.5, 6.5, 7], "texture": "#layer0"}
			}
		},
		{
			"from": [-1, 2.25, 13],
			"to": [8, 2.75, 13.5],
			"rotation": {"angle": -22.5, "axis": "y", "origin": [10.5, 2.5, 12.5]},
			"faces": {
				"north": {"uv": [6, 6, 6.5, 7], "texture": "#layer0"},
				"east": {"uv": [6, 6, 6.5, 7], "texture": "#layer0"},
				"south": {"uv": [6, 6, 6.5, 7], "texture": "#layer0"},
				"west": {"uv": [6, 6, 6.5, 7], "texture": "#layer0"},
				"up": {"uv": [6, 6, 6.5, 6.5], "texture": "#layer0"},
				"down": {"uv": [6, 6.5, 6.5, 7], "texture": "#layer0"}
			}
		},
		{
			"from": [5.75, 1.25, 4.5],
			"to": [6.25, 1.75, 12.5],
			"faces": {
				"north": {"uv": [0, 4, 8, 4.5], "texture": "#1"},
				"east": {"uv": [0, 0, 16, 2.633], "rotation": 180, "texture": "#1"},
				"south": {"uv": [0, 4, 8, 4.5], "texture": "#1"},
				"west": {"uv": [0, 0, 16, 2.633], "texture": "#1"},
				"up": {"uv": [0, 4, 8, 4.5], "texture": "#1"},
				"down": {"uv": [0, 4, 8, 4.5], "texture": "#1"}
			}
		},
		{
			"from": [9.25, 1.25, 4.5],
			"to": [9.75, 1.75, 12.5],
			"faces": {
				"north": {"uv": [0, 4, 8, 4.5], "texture": "#1"},
				"east": {"uv": [0, 0, 16, 2.633], "rotation": 180, "texture": "#1"},
				"south": {"uv": [0, 4, 8, 4.5], "texture": "#1"},
				"west": {"uv": [0, 0, 16, 2.633], "texture": "#1"},
				"up": {"uv": [0, 4, 8, 4.5], "texture": "#1"},
				"down": {"uv": [0, 4, 8, 4.5], "texture": "#1"}
			}
		},
		{
			"from": [6.5, 1, -0.5],
			"to": [9, 2.5, 8.5],
			"faces": {
				"north": {"uv": [3, 0, 6, 3], "rotation": 180, "texture": "#0"},
				"east": {"uv": [3, 0, 0, 6.5], "rotation": 90, "texture": "#0"},
				"south": {"uv": [3, 0, 6, 3], "texture": "#0"},
				"west": {"uv": [3, 0, 0, 6.5], "rotation": 270, "texture": "#0"},
				"up": {"uv": [0, 0, 3, 6.5], "texture": "#0"},
				"down": {"uv": [0, 0, 3, 6.5], "rotation": 180, "texture": "#0"}
			}
		},
		{
			"from": [7.25, 1, 8.5],
			"to": [8.25, 2, 12],
			"faces": {
				"north": {"uv": [3, 3, 4, 4], "rotation": 180, "texture": "#0"},
				"east": {"uv": [3, 3, 4, 6.5], "rotation": 90, "texture": "#0"},
				"south": {"uv": [3, 3, 4, 4], "texture": "#0"},
				"west": {"uv": [3, 3, 4, 6.5], "rotation": 270, "texture": "#0"},
				"up": {"uv": [3, 3, 4, 6.5], "texture": "#0"},
				"down": {"uv": [3, 3, 4, 6.5], "rotation": 180, "texture": "#0"}
			}
		},
		{
			"from": [5.25, -1, -1],
			"to": [10.25, 4, 0],
			"faces": {
				"north": {"uv": [3, 0, 6, 3], "rotation": 180, "texture": "#0"},
				"east": {"uv": [3, 0, 6, 1], "rotation": 90, "texture": "#0"},
				"south": {"uv": [3, 0, 6, 3], "texture": "#0"},
				"west": {"uv": [3, 0, 6, 1], "rotation": 270, "texture": "#0"},
				"up": {"uv": [3, 0, 6, 1], "texture": "#0"},
				"down": {"uv": [3, 0, 6, 1], "rotation": 180, "texture": "#0"}
			}
		},
		{
			"from": [5.75, -0.5, -2],
			"to": [9.75, 3.5, -1],
			"faces": {
				"north": {"uv": [3, 0, 6, 3], "rotation": 180, "texture": "#0"},
				"east": {"uv": [3, 0, 6, 1], "rotation": 90, "texture": "#0"},
				"south": {"uv": [3, 0, 6, 3], "texture": "#0"},
				"west": {"uv": [3, 0, 6, 1], "rotation": 270, "texture": "#0"},
				"up": {"uv": [3, 0, 6, 1], "texture": "#0"},
				"down": {"uv": [3, 0, 6, 1], "rotation": 180, "texture": "#0"}
			}
		},
		{
			"from": [6.25, 0, -3],
			"to": [9.25, 3, -2],
			"faces": {
				"north": {"uv": [3, 0, 6, 3], "rotation": 180, "texture": "#0"},
				"east": {"uv": [3, 0, 6, 1], "rotation": 90, "texture": "#0"},
				"south": {"uv": [3, 0, 6, 3], "texture": "#0"},
				"west": {"uv": [3, 0, 6, 1], "rotation": 270, "texture": "#0"},
				"up": {"uv": [3, 0, 6, 1], "texture": "#0"},
				"down": {"uv": [3, 0, 6, 1], "rotation": 180, "texture": "#0"}
			}
		},
		{
			"from": [6.75, 0.5, -4],
			"to": [8.75, 2.5, -3],
			"faces": {
				"north": {"uv": [3, 0, 6, 3], "rotation": 180, "texture": "#0"},
				"east": {"uv": [3, 0, 6, 1], "rotation": 90, "texture": "#0"},
				"south": {"uv": [3, 0, 6, 3], "texture": "#0"},
				"west": {"uv": [3, 0, 6, 1], "rotation": 270, "texture": "#0"},
				"up": {"uv": [3, 0, 6, 1], "texture": "#0"},
				"down": {"uv": [3, 0, 6, 1], "rotation": 180, "texture": "#0"}
			}
		},
		{
			"from": [7.25, 1, -4.5],
			"to": [8.25, 2, -3.5],
			"faces": {
				"north": {"uv": [3, 0, 6, 3], "rotation": 180, "texture": "#0"},
				"east": {"uv": [3, 0, 6, 1], "rotation": 90, "texture": "#0"},
				"south": {"uv": [3, 0, 6, 3], "texture": "#0"},
				"west": {"uv": [3, 0, 6, 1], "rotation": 270, "texture": "#0"},
				"up": {"uv": [3, 0, 6, 1], "texture": "#0"},
				"down": {"uv": [3, 0, 6, 1], "rotation": 180, "texture": "#0"}
			}
		}
	],
	"display": {
		"thirdperson_righthand": {
			"translation": [0, 6.5, 2.5],
			"scale": [0.9, 0.9, 0.9]
		},
		"thirdperson_lefthand": {
			"translation": [0, 6.5, 2.5],
			"scale": [0.9, 0.9, 0.9]
		},
		"firstperson_righthand": {
			"rotation": [0, -10, 0],
			"translation": [0.8, 7, 3.5],
			"scale": [0.6, 0.6, 0.6]
		},
		"firstperson_lefthand": {
			"rotation": [0, -10, 0],
			"translation": [0.75, 7, 3.5],
			"scale": [0.6, 0.6, 0.6]
		},
		"ground": {
			"scale": [0.5, 0.5, 0.5]
		},
		"gui": {
			"rotation": [50, -45, 0],
			"translation": [-1, 3, 0]
		},
		"head": {
			"translation": [0, 15, 0]
		},
		"fixed": {
			"rotation": [-90, 135, 0],
			"translation": [1, -1, -8.75],
			"scale": [1.2, 1.2, 1.2]
		}
	},
	"groups": [0, 1, 2, 3, 4, 5, 6, 7, 8, 9, 10, 11, 12, 13, 14, 15, 16, 17, 18, 19, 20, 21, 22, 23, 24, 25, 26, 27, 28, 29,
		{
			"name": "firework_rocket",
			"children": [30, 31, 32, 33, 34, 35, 36]
		}
	]
}