{
	"credit": "Made with Blockbench",
	"parent": "block/block",
	"textures": {
		"2": "block/furnace_in",
		"3": "block/furnace_front",
		"4": "block/furnace_side",
		"5": "block/furnace_top",
		"particle": "block/furnace_front"
	},
	"elements": [
		{
			"name": "frontfacedecor",
			"from": [3.5, 0, 0],
			"to": [5.5, 8.5, 0.5],
			"faces": {
				"north": {"uv": [10.5, 7.5, 12.5, 16], "texture": "#3"},
				"east": {"uv": [10.5, 7.5, 11, 16], "texture": "#3"},
				"west": {"uv": [12, 7.5, 12.5, 16], "texture": "#3"},
				"up": {"uv": [12.5, 7.5, 10.5, 8], "texture": "#3"},
				"down": {"uv": [3.5, 15.5, 5.5, 16], "texture": "#5"}
			}
		},
		{
			"name": "frontfacedecor",
			"from": [11, 0, 0],
			"to": [13, 8.5, 0.5],
			"faces": {
				"north": {"uv": [3, 7.5, 5, 16], "texture": "#3"},
				"east": {"uv": [3, 7.5, 3.5, 16], "texture": "#3"},
				"west": {"uv": [4.5, 7.5, 5, 16], "texture": "#3"},
				"up": {"uv": [5, 7.5, 3, 8], "texture": "#3"},
				"down": {"uv": [11, 15.5, 13, 16], "texture": "#5"}
			}
		},
		{
			"name": "frontfacedecor",
			"from": [11.5, 8.5, 0],
			"to": [12.5, 9, 0.5],
			"faces": {
				"north": {"uv": [3.5, 7, 4.5, 7.5], "texture": "#3"},
				"east": {"uv": [3.5, 7, 4, 7.5], "texture": "#3"},
				"west": {"uv": [5, 7, 4.5, 7.5], "texture": "#3"}
			}
		},
		{
			"name": "frontfacedecor",
			"from": [11, 9, 0],
			"to": [12.5, 9.5, 0.5],
			"faces": {
				"north": {"uv": [3.5, 6.5, 5, 7], "texture": "#3"},
				"east": {"uv": [4, 6.5, 3.5, 7], "texture": "#3"},
				"west": {"uv": [5, 6.5, 4.5, 7], "texture": "#3"},
				"up": {"uv": [4, 5.5, 5.5, 6], "texture": "#3"},
				"down": {"uv": [4, 6.5, 5.5, 7], "texture": "#3"}
			}
		},
		{
			"name": "frontfacedecor",
			"from": [10, 10, 0],
			"to": [11.5, 10.5, 0.5],
			"faces": {
				"north": {"uv": [4.5, 5.5, 6, 6], "texture": "#3"},
				"east": {"uv": [4.5, 5.5, 5, 6], "texture": "#3"},
				"south": {"uv": [10, 5.5, 11.5, 6], "texture": "#3"},
				"west": {"uv": [5.5, 5.5, 6, 6], "texture": "#3"},
				"up": {"uv": [6, 5.5, 4.5, 6], "texture": "#3"},
				"down": {"uv": [6, 5.5, 4.5, 6], "texture": "#3"}
			}
		},
		{
			"name": "frontfacedecor",
			"from": [10.5, 9.5, 0],
			"to": [12, 10, 0.5],
			"faces": {
				"north": {"uv": [4, 6, 5.5, 6.5], "texture": "#3"},
				"east": {"uv": [4, 6, 4.5, 6.5], "texture": "#3"},
				"south": {"uv": [10.5, 6, 12, 6.5], "texture": "#3"},
				"west": {"uv": [5, 6, 5.5, 6.5], "texture": "#3"},
				"up": {"uv": [5.5, 6, 4, 6.5], "texture": "#3"},
				"down": {"uv": [5.5, 6, 4, 6.5], "texture": "#3"}
			}
		},
		{
			"name": "frontfacedecor",
			"from": [5.5, 10.5, 0],
			"to": [11, 11, 0.5],
			"faces": {
				"north": {"uv": [5, 5, 10.5, 5.5], "texture": "#3"},
				"east": {"uv": [5, 5, 5.5, 5.5], "texture": "#3"},
				"west": {"uv": [10, 5, 10.5, 5.5], "texture": "#3"},
				"up": {"uv": [5, 5, 10.5, 5.5], "texture": "#3"},
				"down": {"uv": [5, 5, 10.5, 5.5], "texture": "#3"}
			}
		},
		{
			"name": "frontfacedecor",
			"from": [7.5, 9.5, 0],
			"to": [9, 10, 0.5],
			"faces": {
				"north": {"uv": [7, 6, 8.5, 6.5], "texture": "#3"},
				"east": {"uv": [7, 6, 7.5, 6.5], "texture": "#3"},
				"south": {"uv": [7, 6, 8.5, 6.5], "texture": "#3"},
				"west": {"uv": [8, 6, 8.5, 6.5], "texture": "#3"},
				"down": {"uv": [8.5, 6, 7, 6.5], "texture": "#3"}
			}
		},
		{
			"name": "frontfacedecor",
			"from": [7, 10, 0],
			"to": [9.5, 10.5, 0.5],
			"faces": {
				"north": {"uv": [6.5, 5.5, 9, 6], "texture": "#3"},
				"east": {"uv": [6.5, 5.5, 7, 6], "texture": "#3"},
				"south": {"uv": [6.5, 5.5, 9, 5.923], "texture": "#3"},
				"west": {"uv": [8.5, 5.5, 9, 6], "texture": "#3"},
				"down": {"uv": [6.5, 5.5, 9, 6], "texture": "#3"}
			}
		},
		{
			"name": "frontfacedecor",
			"from": [5, 10, 0],
			"to": [6.5, 10.5, 0.5],
			"faces": {
				"north": {"uv": [9.5, 5.5, 11, 6], "texture": "#3"},
				"east": {"uv": [9.5, 5.5, 10, 6], "texture": "#3"},
				"south": {"uv": [5, 5.5, 6.5, 6], "texture": "#3"},
				"west": {"uv": [10.5, 5.5, 11, 6], "texture": "#3"},
				"up": {"uv": [10.5, 5.5, 11, 6], "texture": "#3"},
				"down": {"uv": [9.5, 5.5, 10, 6], "texture": "#3"}
			}
		},
		{
			"name": "frontfacedecor",
			"from": [4, 9, 0],
			"to": [5.5, 9.5, 0.5],
			"faces": {
				"north": {"uv": [10.5, 6.5, 12, 7], "texture": "#3"},
				"east": {"uv": [11, 6.5, 11.5, 7], "texture": "#3"},
				"west": {"uv": [11.5, 6.5, 12, 7], "texture": "#3"},
				"up": {"uv": [11.5, 6.5, 12, 7], "texture": "#3"},
				"down": {"uv": [10.5, 7, 12, 7.5], "texture": "#3"}
			}
		},
		{
			"name": "frontfacedecor",
			"from": [4.5, 9.5, 0],
			"to": [6, 10, 0.5],
			"faces": {
				"north": {"uv": [10, 6, 11.5, 6.5], "texture": "#3"},
				"east": {"uv": [10, 6, 10.5, 6.5], "texture": "#3"},
				"south": {"uv": [4.5, 6, 6, 6.5], "texture": "#3"},
				"west": {"uv": [11, 6, 11.5, 6.5], "texture": "#3"},
				"up": {"uv": [11, 6, 11.5, 6.5], "texture": "#3"},
				"down": {"uv": [4.5, 15.5, 6, 16], "texture": "#3"}
			}
		},
		{
			"name": "frontfacedecor",
			"from": [4, 8.5, 0],
			"to": [5, 9, 0.5],
			"faces": {
				"north": {"uv": [11, 7, 12, 7.5], "texture": "#3"},
				"east": {"uv": [10.5, 7, 11, 7.5], "texture": "#3"},
				"west": {"uv": [11.5, 7, 12, 7.5], "texture": "#3"}
			}
		},
		{
			"name": "frontfacedecor",
			"from": [5.5, 11.5, 0],
			"to": [11, 12.5, 0.5],
			"faces": {
				"north": {"uv": [5, 3.5, 10.5, 4.5], "texture": "#3"},
				"east": {"uv": [5, 4, 5.5, 5], "texture": "#3"},
				"west": {"uv": [10, 4, 10.5, 5], "texture": "#3"},
				"up": {"uv": [5, 3.5, 10.5, 4], "texture": "#3"},
				"down": {"uv": [5, 3.5, 10.5, 4], "texture": "#3"}
			}
		},
		{
			"name": "frontfacedecor",
			"from": [6, 11, 0],
			"to": [10.5, 11.5, 0.5],
			"faces": {
				"north": {"uv": [5.5, 4.5, 10, 5], "texture": "#3"},
				"east": {"uv": [5.5, 4.5, 6, 5], "texture": "#3"},
				"west": {"uv": [9.5, 4.5, 10, 5], "texture": "#3"}
			}
		},
		{
			"name": "frontfacedecor",
			"from": [5, 13, 0],
			"to": [6, 15, 0.5],
			"faces": {
				"north": {"uv": [10, 1, 11, 3], "texture": "#3"},
				"east": {"uv": [10, 1, 10.5, 3], "texture": "#3"},
				"south": {"uv": [5, 1, 6, 3], "texture": "#3"},
				"west": {"uv": [10.5, 1, 11, 3], "texture": "#3"},
				"up": {"uv": [10, 1, 11, 1.5], "texture": "#3"}
			}
		},
		{
			"name": "frontfacedecor",
			"from": [5, 12.5, 0],
			"to": [6.5, 13, 0.5],
			"faces": {
				"north": {"uv": [9.5, 3, 11, 3.5], "texture": "#3"},
				"east": {"uv": [9.5, 3, 10, 3.5], "texture": "#3"},
				"west": {"uv": [10.5, 3, 11, 3.5], "texture": "#3"},
				"up": {"uv": [9.5, 3, 10, 3.5], "texture": "#3"},
				"down": {"uv": [10.5, 3, 11, 3.5], "texture": "#3"}
			}
		},
		{
			"name": "frontfacedecor",
			"from": [6, 14.5, 0],
			"to": [7, 15, 0.5],
			"faces": {
				"north": {"uv": [9, 1, 10, 1.5], "texture": "#3"},
				"up": {"uv": [8.5, 1, 9.5, 1.5], "texture": "#3"},
				"down": {"uv": [8.5, 1, 9.5, 1.5], "texture": "#3"}
			}
		},
		{
			"name": "frontfacedecor",
			"from": [5.5, 15, 0],
			"to": [6.5, 15.5, 0.5],
			"faces": {
				"north": {"uv": [9.5, 0.5, 10.5, 1], "texture": "#3"},
				"east": {"uv": [9.5, 0.5, 10, 1], "texture": "#3"},
				"west": {"uv": [10, 0.5, 10.5, 1], "texture": "#3"}
			}
		},
		{
			"name": "frontfacedecor",
			"from": [6, 14, 0],
			"to": [6.5, 14.5, 0.5],
			"faces": {
				"north": {"uv": [9.5, 1.5, 10, 2], "texture": "#3"},
				"east": {"uv": [9.5, 1, 10, 1.5], "texture": "#3"},
				"down": {"uv": [9.5, 1, 10, 1.5], "texture": "#3"}
			}
		},
		{
			"name": "frontfacedecor",
			"from": [7, 14, 0],
			"to": [8, 15, 0.5],
			"faces": {
				"north": {"uv": [8, 1, 9, 2], "texture": "#3"},
				"east": {"uv": [8, 1, 8.5, 2], "texture": "#3"},
				"west": {"uv": [8.5, 1.5, 9, 2], "texture": "#3"},
				"up": {"uv": [8.5, 1, 9.5, 1.5], "texture": "#3"},
				"down": {"uv": [9, 1.5, 8, 2], "texture": "#3"}
			}
		},
		{
			"name": "frontfacedecor",
			"from": [7.5, 15, 0],
			"to": [8, 15.5, 0.5],
			"faces": {
				"north": {"uv": [8, 0.5, 8.5, 1], "texture": "#3"},
				"east": {"uv": [8, 0.5, 8.5, 1], "texture": "#3"},
				"west": {"uv": [8, 0.5, 8.5, 1], "texture": "#3"}
			}
		},
		{
			"name": "frontfacedecor",
			"from": [8.5, 14, 0],
			"to": [9.5, 15, 0.5],
			"faces": {
				"north": {"uv": [6.5, 1, 7.5, 2], "texture": "#3"},
				"east": {"uv": [6.5, 1.5, 7, 2], "texture": "#3"},
				"west": {"uv": [7, 1, 7.5, 2], "texture": "#3"},
				"up": {"uv": [7.5, 1, 6.5, 1.5], "texture": "#3"},
				"down": {"uv": [7.5, 1.5, 6.5, 2], "texture": "#3"}
			}
		},
		{
			"name": "frontfacedecor",
			"from": [8.5, 15, 0],
			"to": [9, 15.5, 0.5],
			"faces": {
				"north": {"uv": [7, 0.5, 7.5, 1], "texture": "#3"},
				"east": {"uv": [7, 0.5, 7.5, 1], "texture": "#3"},
				"west": {"uv": [7, 0.5, 7.5, 1], "texture": "#3"}
			}
		},
		{
			"name": "frontfacedecor",
			"from": [9.5, 14.5, 0],
			"to": [10.5, 15, 0.5],
			"faces": {
				"north": {"uv": [5.5, 1, 6.5, 1.5], "texture": "#3"},
				"up": {"uv": [6.5, 1, 5.5, 1.5], "texture": "#3"},
				"down": {"uv": [6.5, 1, 5.5, 1.5], "texture": "#3"}
			}
		},
		{
			"name": "frontfacedecor",
			"from": [10, 15, 0],
			"to": [11, 15.5, 0.5],
			"faces": {
				"north": {"uv": [5, 0.5, 6, 1], "texture": "#3"},
				"east": {"uv": [5, 0.5, 5.5, 1], "texture": "#3"},
				"west": {"uv": [5.5, 0.5, 6, 1], "texture": "#3"}
			}
		},
		{
			"name": "frontfacedecor",
			"from": [10, 14, 0],
			"to": [10.5, 14.5, 0.5],
			"faces": {
				"north": {"uv": [5.5, 1.5, 6, 2], "texture": "#3"},
				"west": {"uv": [5.5, 1.5, 6, 2], "texture": "#3"},
				"down": {"uv": [5.5, 1.5, 6, 2], "texture": "#3"}
			}
		},
		{
			"name": "frontfacedecor",
			"from": [10.5, 13, 0],
			"to": [11.5, 15, 0.5],
			"faces": {
				"north": {"uv": [4.5, 1, 5.5, 3], "texture": "#3"},
				"east": {"uv": [4.5, 1, 5, 3], "texture": "#3"},
				"south": {"uv": [10.5, 1, 11.5, 3], "texture": "#3"},
				"west": {"uv": [5, 1, 5.5, 3], "texture": "#3"},
				"up": {"uv": [4.5, 1, 5.5, 1.5], "texture": "#3"}
			}
		},
		{
			"name": "frontfacedecor",
			"from": [10, 12.5, 0],
			"to": [11.5, 13, 0.5],
			"faces": {
				"north": {"uv": [4.5, 3, 6, 3.5], "texture": "#3"},
				"east": {"uv": [4.5, 3, 5, 3.5], "texture": "#3"},
				"west": {"uv": [5.5, 3, 6, 3.5], "texture": "#3"},
				"up": {"uv": [5.5, 3, 6, 3.5], "texture": "#3"},
				"down": {"uv": [4.5, 3, 6, 3.5], "texture": "#3"}
			}
		},
		{
			"name": "frontfacedecor",
			"from": [7.5, 12.5, 0],
			"to": [9, 13.5, 0.5],
			"faces": {
				"north": {"uv": [7, 2.5, 8.5, 3.5], "texture": "#3"},
				"east": {"uv": [7, 2.5, 7.5, 3.5], "texture": "#3"},
				"west": {"uv": [8, 2.5, 8.5, 3.5], "texture": "#3"},
				"up": {"uv": [7, 2.5, 8.5, 3], "texture": "#3"}
			}
		},
		{
			"name": "frontfacedecor",
			"from": [8, 13.5, 0],
			"to": [8.5, 14, 0.5],
			"faces": {
				"north": {"uv": [7.5, 2, 8, 2.5], "texture": "#3"},
				"east": {"uv": [7.5, 2, 8, 2.5], "texture": "#3"},
				"west": {"uv": [7.5, 2, 8, 2.5], "texture": "#3"},
				"up": {"uv": [7.5, 2, 8, 2.5], "texture": "#3"}
			}
		},
		{
			"name": "interior",
			"from": [5.5, 1, 7.5],
			"to": [11, 10.5, 8.5],
			"faces": {
				"north": {"uv": [5, 5.5, 10.5, 15], "texture": "#2"}
			}
		},
		{
			"name": "interior",
			"from": [11, 1, 2],
			"to": [12.25, 10.5, 8.5],
			"faces": {
				"west": {"uv": [2, 5.5, 8.5, 15], "texture": "#2"}
			}
		},
		{
			"name": "interior",
			"from": [4, 1, 2],
			"to": [5.5, 10.5, 8.5],
			"faces": {
				"east": {"uv": [7.5, 5.5, 14, 15], "texture": "#2"}
			}
		},
		{
			"name": "interior",
			"from": [4, 10.5, 2],
			"to": [12.25, 13, 8.5],
			"faces": {
				"down": {"uv": [4, 7.5, 12.25, 14], "texture": "#2"}
			}
		},
		{
			"name": "interior",
			"from": [4, 0, 2],
			"to": [12.25, 1, 8.5],
			"faces": {
				"up": {"uv": [4, 2, 12.25, 8.5], "texture": "#2"},
				"down": {"uv": [4, 7.5, 12.25, 14], "texture": "#5"}
			}
		},
		{
			"name": "interior",
			"from": [5.5, 10.5, 0.5],
			"to": [11, 15.5, 2],
			"faces": {
				"north": {"uv": [5, 0.5, 10.5, 5.5], "texture": "#3"},
				"east": {"uv": [0, 0, 1.5, 3], "texture": "#3"},
				"west": {"uv": [0, 0, 1.5, 3], "texture": "#3"},
				"down": {"uv": [5.5, 14, 11, 15.5], "texture": "#2"}
			}
		},
		{
			"name": "interior",
			"from": [5.5, 0, 1],
			"to": [11, 1, 2],
			"faces": {
				"up": {"uv": [5.5, 1, 11, 2], "texture": "#2"},
				"down": {"uv": [5.5, 14, 11, 15], "texture": "#5"}
			}
		},
		{
			"name": "interior",
			"from": [5.5, 0, 0],
			"to": [11, 1, 1],
			"faces": {
				"north": {"uv": [5, 15, 10.5, 16], "texture": "#3"},
				"up": {"uv": [5, 15, 10.5, 16], "texture": "#3"},
				"down": {"uv": [5.5, 15, 11, 16], "texture": "#5"}
			}
		},
		{
			"name": "frontledge",
			"from": [11.5, 15, 0],
			"to": [16, 15.5, 2],
			"faces": {
				"north": {"uv": [0, 0.5, 4.5, 1], "texture": "#3"},
				"east": {"uv": [14, 0.5, 16, 1], "texture": "#4"},
				"west": {"uv": [0, 0.5, 2, 1], "texture": "#3"},
				"down": {"uv": [0, 0.5, 4.5, 1], "texture": "#4"}
			}
		},
		{
			"name": "frontledge",
			"from": [12, 13, 0],
			"to": [16, 15, 2],
			"faces": {
				"north": {"uv": [0, 1, 4, 3], "texture": "#3"},
				"east": {"uv": [14, 1, 16, 3], "texture": "#4"},
				"west": {"uv": [0, 1, 2, 3], "texture": "#3"},
				"down": {"uv": [12, 14, 16, 16], "texture": "#5"}
			}
		},
		{
			"name": "frontledge",
			"from": [0, 13, 0],
			"to": [4.5, 15, 2],
			"faces": {
				"north": {"uv": [11.5, 1, 16, 3], "texture": "#3"},
				"east": {"uv": [14, 1, 16, 3], "texture": "#3"},
				"west": {"uv": [0, 1, 2, 3], "texture": "#4"},
				"down": {"uv": [0, 14, 4.5, 16], "texture": "#5"}
			}
		},
		{
			"name": "frontledge",
			"from": [0, 15, 0],
			"to": [5, 15.5, 2],
			"faces": {
				"north": {"uv": [11, 0.5, 16, 1], "texture": "#3"},
				"east": {"uv": [14, 0.5, 16, 1], "texture": "#3"},
				"west": {"uv": [0, 0.5, 2, 1], "texture": "#4"},
				"down": {"uv": [11, 0.5, 16, 1], "texture": "#4"}
			}
		},
		{
			"name": "frontledge",
			"from": [0, 15.5, 0],
			"to": [16, 16, 2],
			"faces": {
				"north": {"uv": [0.25, 0, 16, 0.5], "texture": "#3"},
				"east": {"uv": [14, 0, 16, 0.5], "texture": "#4"},
				"west": {"uv": [0, 0, 2, 0.5], "texture": "#4"},
				"up": {"uv": [0, 0, 16, 1.75], "texture": "#5"},
				"down": {"uv": [0, 14, 16, 16], "texture": "#5"}
			}
		},
		{
			"name": "top",
			"from": [0, 13, 2],
			"to": [16, 16, 16],
			"faces": {
				"north": {"uv": [0, 0, 16, 3], "texture": "#4"},
				"east": {"uv": [0, 0, 14, 3], "texture": "#4"},
				"south": {"uv": [0, 0, 16, 3], "texture": "#4"},
				"west": {"uv": [2, 0, 16, 3], "texture": "#4"},
				"up": {"uv": [0, 2, 16, 16], "texture": "#5"},
				"down": {"uv": [0, 0, 16, 14], "texture": "#5"}
			}
		},
		{
			"name": "pylons",
			"from": [14, 0, 14],
			"to": [16, 13, 16],
			"faces": {
				"north": {"uv": [14, 3, 16, 16], "texture": "#3"},
				"east": {"uv": [16, 3, 14, 16], "texture": "#3"},
				"south": {"uv": [14, 3, 16, 16], "texture": "#3"},
				"west": {"uv": [0, 3, 2, 16], "texture": "#3"},
				"down": {"uv": [14, 0, 16, 2], "texture": "#5"}
			}
		},
		{
			"name": "pylons",
			"from": [0, 0, 14],
			"to": [2, 13, 16],
			"faces": {
				"north": {"uv": [16, 3, 14, 16], "texture": "#3"},
				"east": {"uv": [16, 3, 14, 16], "texture": "#3"},
				"south": {"uv": [0, 3, 2, 16], "texture": "#3"},
				"west": {"uv": [2, 3, 0, 16], "texture": "#3"},
				"down": {"uv": [0, 0, 2, 2], "texture": "#5"}
			}
		},
		{
			"name": "pylons",
			"from": [0, 0, 0],
			"to": [2, 13, 2],
			"faces": {
				"north": {"uv": [14, 3, 16, 16], "texture": "#3"},
				"east": {"uv": [16, 3, 14, 16], "texture": "#3"},
				"south": {"uv": [2, 3, 0, 16], "texture": "#3"},
				"west": {"uv": [0, 3, 2, 16], "texture": "#3"},
				"down": {"uv": [0, 14, 2, 16], "texture": "#5"}
			}
		},
		{
			"name": "pylons",
			"from": [14, 0, 0],
			"to": [16, 13, 2],
			"faces": {
				"north": {"uv": [0, 3, 2, 16], "texture": "#3"},
				"east": {"uv": [2, 3, 0, 16], "texture": "#3"},
				"south": {"uv": [16, 3, 14, 16], "texture": "#3"},
				"west": {"uv": [2, 3, 0, 16], "texture": "#3"},
				"down": {"uv": [14, 14, 16, 16], "texture": "#5"}
			}
		},
		{
			"name": "outerfaces",
			"from": [12.25, 0, 2],
			"to": [15, 13, 15],
			"faces": {
				"east": {"uv": [2, 3, 14, 16], "texture": "#4"},
				"south": {"uv": [12.25, 3, 14, 16], "texture": "#4"},
				"down": {"uv": [12.25, 1, 15, 14], "texture": "#5"}
			}
		},
		{
			"name": "outerfaces",
			"from": [4, 0, 8.5],
			"to": [12.25, 13, 15],
			"faces": {
				"south": {"uv": [4, 3, 12.25, 16], "texture": "#4"},
				"down": {"uv": [4, 1, 12.25, 7.5], "texture": "#5"}
			}
		},
		{
			"name": "outerfaces",
			"from": [1, 0, 2],
			"to": [4, 13, 15],
			"faces": {
				"south": {"uv": [2, 3, 4, 16], "texture": "#4"},
				"west": {"uv": [2, 3, 14, 16], "texture": "#4"},
				"down": {"uv": [1, 1, 4, 14], "texture": "#5"}
			}
		},
		{
			"name": "outerfaces",
			"from": [11, 0, 0.5],
			"to": [14, 13, 2],
			"faces": {
				"north": {"uv": [2, 3, 5, 16], "texture": "#3"},
				"west": {"uv": [0.5, 3, 2, 16], "texture": "#2"},
				"up": {"uv": [2, 3.5, 5, 5], "texture": "#3"},
				"down": {"uv": [11, 14, 14, 15.5], "texture": "#5"}
			}
		},
		{
			"name": "outerfaces",
			"from": [2, 0, 0.5],
			"to": [5.5, 13, 2],
			"faces": {
				"north": {"uv": [10.5, 3, 14, 16], "texture": "#3"},
				"east": {"uv": [14, 3, 15.5, 16], "texture": "#2"},
				"up": {"uv": [10.5, 3.5, 14, 5], "texture": "#3"},
				"down": {"uv": [2, 14, 5.5, 15.5], "texture": "#5"}
			}
		},
		{
			"from": [2, 0, 0],
			"to": [3.5, 1, 0.5],
			"faces": {
				"north": {"uv": [12.5, 15, 14, 16], "texture": "#5"},
				"up": {"uv": [2, 0, 3.5, 0.5], "texture": "#5"},
				"down": {"uv": [2, 15.5, 3.5, 16], "texture": "#5"}
			}
		},
		{
			"from": [13, 0, 0],
			"to": [14, 1, 0.5],
			"faces": {
				"north": {"uv": [2, 15, 3, 16], "texture": "#5"},
				"up": {"uv": [13, 0, 14, 0.5], "texture": "#5"},
				"down": {"uv": [13, 15.5, 14, 16], "texture": "#5"}
			}
		},
		{
			"from": [15, 0, 2],
			"to": [16, 1, 14],
			"faces": {
				"east": {"uv": [2, 15, 14, 16], "texture": "#5"},
				"up": {"uv": [16, 14, 15, 2], "texture": "#5"},
				"down": {"uv": [15, 2, 16, 14], "texture": "#5"}
			}
		},
		{
			"from": [2, 0, 15],
			"to": [14, 1, 16],
			"faces": {
				"south": {"uv": [2, 15, 14, 16], "texture": "#5"},
				"up": {"uv": [2, 16, 14, 15], "texture": "#5"},
				"down": {"uv": [2, 0, 14, 1], "texture": "#5"}
			}
		},
		{
			"from": [0, 0, 2],
			"to": [1, 1, 14],
			"faces": {
				"west": {"uv": [2, 15, 14, 16], "texture": "#5"},
				"up": {"uv": [0, 2, 1, 14], "rotation": 180, "texture": "#5"},
				"down": {"uv": [0, 2, 1, 14], "texture": "#5"}
			}
		},
		{
			"from": [7, 10.5, -0.5],
			"to": [7.5, 12, 0],
			"faces": {
				"north": {"uv": [8.5, 4, 9, 5.5], "texture": "#3"},
				"west": {"uv": [6.5, 4, 7, 5.5], "texture": "#3"},
				"up": {"uv": [6.5, 4, 7, 4.5], "texture": "#3"},
				"down": {"uv": [6.5, 5, 7, 5.5], "texture": "#3"}
			}
		},
		{
			"from": [7.5, 10.5, -1],
			"to": [9, 12, 0],
			"faces": {
				"north": {"uv": [7, 4, 8.5, 5.5], "texture": "#3"},
				"east": {"uv": [7, 4, 7.5, 5.5], "texture": "#3"},
				"west": {"uv": [8, 4, 8.5, 5.5], "texture": "#3"},
				"up": {"uv": [8.5, 4, 7, 4.5], "texture": "#3"},
				"down": {"uv": [8.5, 5, 7, 5.5], "texture": "#3"}
			}
		},
		{
			"from": [7.5, 12, -0.5],
			"to": [9, 12.5, 0],
			"faces": {
				"north": {"uv": [7, 3.5, 8.5, 4], "texture": "#3"},
				"east": {"uv": [7, 3.5, 7.5, 4], "texture": "#3"},
				"west": {"uv": [8, 3.5, 8.5, 4], "texture": "#3"},
				"up": {"uv": [7, 3.5, 8.5, 4], "texture": "#3"}
			}
		},
		{
			"from": [7.5, 10, -0.5],
			"to": [9, 10.5, 0],
			"faces": {
				"north": {"uv": [7, 5.5, 8.5, 6], "texture": "#3"},
				"east": {"uv": [7, 5.5, 7.5, 6], "texture": "#3"},
				"west": {"uv": [8.5, 5, 9, 5.5], "texture": "#3"},
				"down": {"uv": [7, 5.5, 8.5, 6], "texture": "#3"}
			}
		},
		{
			"from": [9, 10.5, -0.5],
			"to": [9.5, 12, 0],
			"faces": {
				"north": {"uv": [6.5, 4, 7, 5.5], "texture": "#3"},
				"east": {"uv": [6.5, 4, 7, 5.5], "texture": "#3"},
				"up": {"uv": [6.5, 4, 7, 4.5], "texture": "#3"},
				"down": {"uv": [6.5, 5, 7, 5.5], "texture": "#3"}
			}
		}
	],
	"groups": [
		{
			"name": "frontfacedecor",
			"children": [0, 1, 2, 3, 4, 5, 6, 7, 8, 9, 10, 11, 12, 13, 14, 15, 16, 17, 18, 19, 20, 21, 22, 23, 24, 25, 26, 27, 28, 29, 30,
				{
					"name": "interior",
					"children": [31, 32, 33, 34, 35, 36, 37, 38]
				}
			]
		},
		{
			"name": "frontledge",
			"children": [39, 40, 41, 42, 43]
		}, 44,
		{
			"name": "pylons",
			"children": [45, 46, 47, 48]
		},
		{
			"name": "outerfaces",
			"children": [49, 50, 51, 52, 53]
		}, 54, 55, 56, 57, 58, 59, 60, 61, 62, 63]
}