{
	"credit": "Made with Blockbench, model by LTK1",
	"textures": {
		"top": "blocks/reeds_top",
		"texture": "blocks/reeds",
		"particle": "blocks/reeds"
	},
	"elements": [
		{
			"name": "cube",
			"from": [1, -3, 7.5],
			"to": [2.5, 13, 9],
			"faces": {
				"north": {
					"uv": [1.968, 0.032, 0.532, 15.968],
					"texture": "#texture"
				},
				"east": {
					"uv": [0.532, 0.032, 1.968, 15.968],
					"texture": "#texture"
				},
				"south": {
					"uv": [0.532, 0.032, 1.968, 15.968],
					"texture": "#texture"
				},
				"west": {
					"uv": [0.532, 0.032, 1.968, 15.968],
					"texture": "#texture"
				},
				"up": {
					"uv": [0.532, 0.032, 1.968, 1.468],
					"texture": "#top"
				},
				"down": {
					"uv": [0.532, 0.032, 1.968, 1.468],
					"texture": "#top"
				}
			},
			"type": "cube"
		},
		{
			"name": "cube",
			"from": [3, -1.5, 12],
			"to": [5, 14.5, 14],
			"faces": {
				"north": {
					"uv": [2.532, 0.032, 4.468, 15.968],
					"texture": "#texture"
				},
				"east": {
					"uv": [2.532, 0.032, 4.468, 15.968],
					"texture": "#texture"
				},
				"south": {
					"uv": [2.532, 0.032, 4.468, 15.968],
					"texture": "#texture"
				},
				"west": {
					"uv": [2.532, 0.032, 4.468, 15.968],
					"texture": "#texture"
				},
				"up": {
					"uv": [2.532, 0.032, 4.468, 1.968],
					"texture": "#top"
				},
				"down": {
					"uv": [2.532, 0.032, 4.468, 1.968],
					"texture": "#top"
				}
			},
			"type": "cube"
		},
		{
			"name": "cube",
			"from": [4, -2, 2],
			"to": [6, 14, 4],
			"faces": {
				"north": {
					"uv": [5.032, 0.032, 6.968, 15.968],
					"texture": "#texture"
				},
				"east": {
					"uv": [5.032, 0.032, 6.968, 15.968],
					"texture": "#texture"
				},
				"south": {
					"uv": [5.032, 0.032, 6.968, 15.968],
					"texture": "#texture"
				},
				"west": {
					"uv": [5.032, 0.032, 6.968, 15.968],
					"texture": "#texture"
				},
				"up": {
					"uv": [5.032, 0.032, 6.968, 1.968],
					"texture": "#top"
				},
				"down": {
					"uv": [5.032, 0.032, 6.968, 1.968],
					"texture": "#top"
				}
			},
			"type": "cube"
		},
		{
			"name": "cube",
			"from": [7, 0, 7],
			"to": [9, 16, 9],
			"faces": {
				"north": {
					"uv": [8.532, 0.032, 10.468, 15.968],
					"texture": "#texture"
				},
				"east": {
					"uv": [8.532, 0.032, 10.468, 15.968],
					"texture": "#texture"
				},
				"south": {
					"uv": [8.532, 0.032, 10.468, 15.968],
					"texture": "#texture"
				},
				"west": {
					"uv": [8.532, 0.032, 10.468, 15.968],
					"texture": "#texture"
				},
				"up": {
					"uv": [8.532, 0.032, 10.468, 1.968],
					"texture": "#top"
				},
				"down": {
					"uv": [8.532, 0.032, 10.468, 1.968],
					"texture": "#top"
				}
			},
			"type": "cube"
		},
		{
			"name": "cube",
			"from": [11, -1, 4],
			"to": [12.5, 15, 5.5],
			"faces": {
				"north": {
					"uv": [11.532, 0.032, 12.968, 15.968],
					"texture": "#texture"
				},
				"east": {
					"uv": [11.532, 0.032, 12.968, 15.968],
					"texture": "#texture"
				},
				"south": {
					"uv": [11.532, 0.032, 12.968, 15.968],
					"texture": "#texture"
				},
				"west": {
					"uv": [11.532, 0.032, 12.968, 15.968],
					"texture": "#texture"
				},
				"up": {
					"uv": [11.532, 0.032, 12.968, 1.468],
					"texture": "#top"
				},
				"down": {
					"uv": [11.532, 0.032, 12.968, 1.468],
					"texture": "#top"
				}
			},
			"type": "cube"
		},
		{
			"name": "cube",
			"from": [12, -2.5, 10],
			"to": [14, 13.5, 12],
			"faces": {
				"north": {
					"uv": [13.532, 0.032, 15.468, 15.968],
					"texture": "#texture"
				},
				"east": {
					"uv": [13.532, 0.032, 15.468, 15.968],
					"texture": "#texture"
				},
				"south": {
					"uv": [13.532, 0.032, 15.468, 15.968],
					"texture": "#texture"
				},
				"west": {
					"uv": [13.532, 0.032, 15.468, 15.968],
					"texture": "#texture"
				},
				"up": {
					"uv": [13.532, 0.032, 15.468, 1.968],
					"texture": "#top"
				},
				"down": {
					"uv": [13.532, 0.032, 15.468, 1.968],
					"texture": "#top"
				}
			},
			"type": "cube"
		}
	]
}