{
	"credit": "Made By WantedRobot",
	"parent": "block/tinted_cross",
	"ambientocclusion": false,
	"textures": {
		"texture": "block/lily_pad_two_pads",
		"particle": "block/lily_pad_two_pads",
		"cross": "block/lilypad_two_pad_roots"
	},
	"elements": [
		{
			"from": [6.5, -2, 1.75],
			"to": [9, -1.5, 13.75],
			"faces": {
				"north": {"uv": [8, 3.5, 5.5, 4], "rotation": 180, "texture": "#texture", "tintindex": 0},
				"east": {"uv": [5.5, 3.5, 6, 15.5], "rotation": 90, "texture": "#texture", "tintindex": 0},
				"south": {"uv": [8, 15, 5.5, 15.5], "texture": "#texture", "tintindex": 0},
				"west": {"uv": [8, 3.5, 7.5, 15.5], "rotation": 270, "texture": "#texture", "tintindex": 0},
				"up": {"uv": [8, 3.5, 5.5, 15.5], "texture": "#texture", "tintindex": 0},
				"down": {"uv": [8, 3.5, 5.5, 15.5], "texture": "#texture", "cullface": "down", "tintindex": 0}
			}
		},
		{
			"from": [5.5, -2, 2.25],
			"to": [6.5, -1.5, 13.25],
			"faces": {
				"north": {"uv": [9, 4, 8, 4.5], "rotation": 180, "texture": "#texture", "tintindex": 0},
				"south": {"uv": [9, 14.5, 8, 15], "texture": "#texture", "tintindex": 0},
				"west": {"uv": [9, 4, 8.5, 15], "rotation": 270, "texture": "#texture", "tintindex": 0},
				"up": {"uv": [9, 4, 8, 15], "texture": "#texture", "tintindex": 0},
				"down": {"uv": [9, 4, 8, 15], "texture": "#texture", "cullface": "down", "tintindex": 0}
			}
		},
		{
			"from": [5, -2, 2.75],
			"to": [5.5, -1.5, 12.75],
			"faces": {
				"north": {"uv": [9.5, 4.5, 9, 5], "texture": "#texture", "tintindex": 0},
				"south": {"uv": [9.5, 14, 9, 14.5], "texture": "#texture", "tintindex": 0},
				"west": {"uv": [9.5, 4.5, 9, 14.5], "rotation": 270, "texture": "#texture", "tintindex": 0},
				"up": {"uv": [9.5, 4.5, 9, 14.5], "texture": "#texture", "tintindex": 0},
				"down": {"uv": [9.5, 4.5, 9, 14.5], "texture": "#texture", "cullface": "down", "tintindex": 0}
			}
		},
		{
			"from": [4.5, -2, 3.25],
			"to": [5, -1.5, 12.25],
			"faces": {
				"north": {"uv": [10, 5, 9.5, 5.5], "texture": "#texture", "tintindex": 0},
				"south": {"uv": [10, 13.5, 9.5, 14], "texture": "#texture", "tintindex": 0},
				"west": {"uv": [10, 5, 9.5, 14], "rotation": 270, "texture": "#texture", "tintindex": 0},
				"up": {"uv": [10, 5, 9.5, 14], "texture": "#texture", "tintindex": 0},
				"down": {"uv": [10, 5, 9.5, 14], "texture": "#texture", "cullface": "down", "tintindex": 0}
			}
		},
		{
			"from": [4, -2, 3.75],
			"to": [4.5, -1.5, 11.75],
			"faces": {
				"north": {"uv": [10.5, 5.5, 10, 6], "texture": "#texture", "tintindex": 0},
				"south": {"uv": [10.5, 13, 10, 13.5], "texture": "#texture", "tintindex": 0},
				"west": {"uv": [10.5, 5.5, 10, 13.5], "rotation": 270, "texture": "#texture", "tintindex": 0},
				"up": {"uv": [10.5, 5.5, 10, 13.5], "texture": "#texture", "tintindex": 0},
				"down": {"uv": [10.5, 5.5, 10, 13.5], "texture": "#texture", "cullface": "down", "tintindex": 0}
			}
		},
		{
			"from": [3.5, -2, 4.25],
			"to": [4, -1.5, 11.25],
			"faces": {
				"north": {"uv": [11, 6, 10.5, 6.5], "texture": "#texture", "tintindex": 0},
				"south": {"uv": [11, 12.5, 10.5, 13], "texture": "#texture", "tintindex": 0},
				"west": {"uv": [11, 6, 10.5, 13], "rotation": 270, "texture": "#texture", "tintindex": 0},
				"up": {"uv": [11, 6, 10.5, 13], "texture": "#texture", "tintindex": 0},
				"down": {"uv": [11, 6, 10.5, 13], "texture": "#texture", "cullface": "down", "tintindex": 0}
			}
		},
		{
			"from": [3, -2, 5.25],
			"to": [3.5, -1.5, 10.25],
			"faces": {
				"north": {"uv": [11.5, 7, 11, 7.5], "texture": "#texture", "tintindex": 0},
				"south": {"uv": [11.5, 11.5, 11, 12], "texture": "#texture", "tintindex": 0},
				"west": {"uv": [11.5, 7, 11, 12], "rotation": 270, "texture": "#texture", "tintindex": 0},
				"up": {"uv": [11.5, 7, 11, 12], "texture": "#texture", "tintindex": 0},
				"down": {"uv": [11.5, 7, 11, 12], "texture": "#texture", "cullface": "down", "tintindex": 0}
			}
		},
		{
			"from": [2.5, -2, 5.75],
			"to": [3, -1.5, 9.25],
			"faces": {
				"north": {"uv": [12, 7.5, 11.5, 8], "texture": "#texture", "tintindex": 0},
				"south": {"uv": [12, 10.5, 11.5, 11], "texture": "#texture", "tintindex": 0},
				"west": {"uv": [12, 7.5, 11.5, 11], "rotation": 90, "texture": "#texture", "tintindex": 0},
				"up": {"uv": [12, 7.5, 11.5, 11], "texture": "#texture", "tintindex": 0},
				"down": {"uv": [12, 7.5, 11.5, 11], "texture": "#texture", "cullface": "down", "tintindex": 0}
			}
		},
		{
			"from": [9, -2, 1.75],
			"to": [9.5, -1.5, 7.25],
			"faces": {
				"north": {"uv": [5.5, 3.5, 5, 4], "texture": "#texture", "tintindex": 0},
				"east": {"uv": [5.5, 3.5, 5, 9], "rotation": 90, "texture": "#texture", "tintindex": 0},
				"south": {"uv": [5.5, 8.5, 5, 9], "texture": "#texture", "tintindex": 0},
				"up": {"uv": [5.5, 3.5, 5, 9], "texture": "#texture", "tintindex": 0},
				"down": {"uv": [5.5, 3.5, 5, 9], "texture": "#texture", "cullface": "down", "tintindex": 0}
			}
		},
		{
			"from": [9.5, -2, 1.75],
			"to": [10, -1.5, 6.75],
			"faces": {
				"north": {"uv": [5, 3.5, 4.5, 4], "texture": "#texture", "tintindex": 0},
				"east": {"uv": [5, 3.5, 4.5, 8.5], "rotation": 90, "texture": "#texture", "tintindex": 0},
				"south": {"uv": [5, 8, 4.5, 8.5], "texture": "#texture", "tintindex": 0},
				"up": {"uv": [5, 3.5, 4.5, 8.5], "texture": "#texture", "tintindex": 0},
				"down": {"uv": [5, 3.5, 4.5, 8.5], "texture": "#texture", "cullface": "down", "tintindex": 0}
			}
		},
		{
			"from": [10, -2, 2.25],
			"to": [10.5, -1.5, 6.25],
			"faces": {
				"north": {"uv": [4.5, 4, 4, 4.5], "texture": "#texture", "tintindex": 0},
				"east": {"uv": [4.5, 4, 4, 8], "rotation": 90, "texture": "#texture", "tintindex": 0},
				"south": {"uv": [4.5, 7.5, 4, 8], "texture": "#texture", "tintindex": 0},
				"up": {"uv": [4.5, 4, 4, 8], "texture": "#texture", "tintindex": 0},
				"down": {"uv": [4.5, 4, 4, 8], "texture": "#texture", "cullface": "down", "tintindex": 0}
			}
		},
		{
			"from": [10.5, -2, 2.25],
			"to": [11, -1.5, 5.75],
			"faces": {
				"north": {"uv": [4, 4, 3.5, 4.5], "texture": "#texture", "tintindex": 0},
				"east": {"uv": [4, 4, 3.5, 7.5], "rotation": 90, "texture": "#texture", "tintindex": 0},
				"south": {"uv": [4, 7, 3.5, 7.5], "texture": "#texture", "tintindex": 0},
				"up": {"uv": [4, 4, 3.5, 7.5], "texture": "#texture", "tintindex": 0},
				"down": {"uv": [4, 4, 3.5, 7.5], "texture": "#texture", "cullface": "down", "tintindex": 0}
			}
		},
		{
			"from": [11, -2, 2.75],
			"to": [11.5, -1.5, 5.25],
			"faces": {
				"north": {"uv": [3.5, 4.5, 3, 5], "texture": "#texture", "tintindex": 0},
				"east": {"uv": [3.5, 4.5, 3, 7], "rotation": 90, "texture": "#texture", "tintindex": 0},
				"south": {"uv": [3.5, 6.5, 3, 7], "texture": "#texture", "tintindex": 0},
				"up": {"uv": [3.5, 4.5, 3, 7], "texture": "#texture", "tintindex": 0},
				"down": {"uv": [3.5, 4.5, 3, 7], "texture": "#texture", "cullface": "down", "tintindex": 0}
			}
		},
		{
			"from": [11.5, -2, 2.75],
			"to": [12, -1.5, 4.75],
			"faces": {
				"north": {"uv": [3, 4.5, 2.5, 5], "texture": "#texture", "tintindex": 0},
				"east": {"uv": [3, 4.5, 2.5, 6.5], "rotation": 90, "texture": "#texture", "tintindex": 0},
				"south": {"uv": [3, 6, 2.5, 6.5], "texture": "#texture", "tintindex": 0},
				"up": {"uv": [3, 4.5, 2.5, 6.5], "texture": "#texture", "tintindex": 0},
				"down": {"uv": [3, 4.5, 2.5, 6.5], "texture": "#texture", "cullface": "down", "tintindex": 0}
			}
		},
		{
			"from": [12, -2, 3.25],
			"to": [12.5, -1.5, 4.25],
			"faces": {
				"north": {"uv": [2.5, 5, 2, 5.5], "texture": "#texture", "tintindex": 0},
				"east": {"uv": [2.5, 5, 2, 6], "rotation": 90, "texture": "#texture", "tintindex": 0},
				"south": {"uv": [2.5, 5.5, 2, 6], "texture": "#texture", "tintindex": 0},
				"up": {"uv": [2.5, 5, 2, 6], "texture": "#texture", "tintindex": 0},
				"down": {"uv": [2.5, 5, 2, 6], "texture": "#texture", "cullface": "down", "tintindex": 0}
			}
		},
		{
			"from": [9, -2, 7.75],
			"to": [10, -1.5, 13.75],
			"faces": {
				"north": {"uv": [5.5, 9.5, 4.5, 10], "rotation": 90, "texture": "#texture", "tintindex": 0},
				"east": {"uv": [5, 15, 4.5, 15.5], "texture": "#texture", "tintindex": 0},
				"south": {"uv": [5.5, 15, 4.5, 15.5], "texture": "#texture", "tintindex": 0},
				"up": {"uv": [5.5, 9.5, 4.5, 15.5], "texture": "#texture", "tintindex": 0},
				"down": {"uv": [5.5, 9.5, 4.5, 15.5], "texture": "#texture", "cullface": "down", "tintindex": 0}
			}
		},
		{
			"from": [10, -2, 7.75],
			"to": [11, -1.5, 13.25],
			"faces": {
				"north": {"uv": [4.5, 9.5, 3.5, 10], "rotation": 90, "texture": "#texture", "tintindex": 0},
				"east": {"uv": [4, 14.5, 3.5, 15], "texture": "#texture", "tintindex": 0},
				"south": {"uv": [4.5, 14.5, 3.5, 15], "texture": "#texture", "tintindex": 0},
				"up": {"uv": [4.5, 9.5, 3.5, 15], "texture": "#texture", "tintindex": 0},
				"down": {"uv": [4.5, 9.5, 3.5, 15], "texture": "#texture", "cullface": "down", "tintindex": 0}
			}
		},
		{
			"from": [11, -2, 7.75],
			"to": [12, -1.5, 12.75],
			"faces": {
				"north": {"uv": [3.5, 9.5, 2.5, 10], "rotation": 180, "texture": "#texture", "tintindex": 0},
				"east": {"uv": [3, 14, 2.5, 14.5], "texture": "#texture", "tintindex": 0},
				"south": {"uv": [3.5, 14, 2.5, 14.5], "texture": "#texture", "tintindex": 0},
				"up": {"uv": [3.5, 9.5, 2.5, 14.5], "texture": "#texture", "tintindex": 0},
				"down": {"uv": [3.5, 9.5, 2.5, 14.5], "texture": "#texture", "cullface": "down", "tintindex": 0}
			}
		},
		{
			"from": [12, -2, 7.75],
			"to": [12.5, -1.5, 12.25],
			"faces": {
				"north": {"uv": [2.5, 9.5, 2, 10], "texture": "#texture", "tintindex": 0},
				"east": {"uv": [2.5, 13.5, 2, 14], "texture": "#texture", "tintindex": 0},
				"south": {"uv": [2.5, 13.5, 2, 14], "texture": "#texture", "tintindex": 0},
				"up": {"uv": [2.5, 9.5, 2, 14], "texture": "#texture", "tintindex": 0},
				"down": {"uv": [2.5, 9.5, 2, 14], "texture": "#texture", "cullface": "down", "tintindex": 0}
			}
		},
		{
			"from": [12.5, -2, 7.75],
			"to": [13, -1.5, 11.75],
			"faces": {
				"north": {"uv": [2, 9.5, 1.5, 10], "texture": "#texture", "tintindex": 0},
				"east": {"uv": [2, 9.5, 1.5, 13.5], "rotation": 90, "texture": "#texture", "tintindex": 0},
				"south": {"uv": [2, 13, 1.5, 13.5], "texture": "#texture", "tintindex": 0},
				"up": {"uv": [2, 9.5, 1.5, 13.5], "texture": "#texture", "tintindex": 0},
				"down": {"uv": [2, 9.5, 1.5, 13.5], "texture": "#texture", "cullface": "down", "tintindex": 0}
			}
		},
		{
			"from": [13, -2, 7.75],
			"to": [13.5, -1.5, 10.75],
			"faces": {
				"north": {"uv": [1.5, 9.5, 1, 10], "texture": "#texture", "tintindex": 0},
				"east": {"uv": [1.5, 9.5, 1, 12.5], "rotation": 90, "texture": "#texture", "tintindex": 0},
				"south": {"uv": [1.5, 12, 1, 12.5], "texture": "#texture", "tintindex": 0},
				"up": {"uv": [1.5, 9.5, 1, 12.5], "texture": "#texture", "tintindex": 0},
				"down": {"uv": [1.5, 9.5, 1, 12.5], "texture": "#texture", "cullface": "down", "tintindex": 0}
			}
		},
		{
			"from": [13.5, -2, 8.25],
			"to": [14, -1.5, 9.75],
			"faces": {
				"north": {"uv": [1, 10, 0.5, 10.5], "texture": "#texture", "tintindex": 0},
				"east": {"uv": [1, 10, 0.5, 11.5], "rotation": 90, "texture": "#texture", "tintindex": 0},
				"south": {"uv": [1, 11, 0.5, 11.5], "texture": "#texture", "tintindex": 0},
				"up": {"uv": [1, 10, 0.5, 11.5], "texture": "#texture", "tintindex": 0},
				"down": {"uv": [1, 10, 0.5, 11.5], "texture": "#texture", "cullface": "down", "tintindex": 0}
			}
		},
		{
			"from": [0.8, -16, 8],
			"to": [15.2, -1.75, 8],
			"shade": false,
			"rotation": {"angle": 45, "axis": "y", "origin": [8, 8, 8], "rescale": true},
			"faces": {
				"north": {"uv": [0, 0, 16, 16], "texture": "#cross", "cullface": "down", "tintindex": 0},
				"south": {"uv": [0, 0, 16, 16], "texture": "#cross", "cullface": "down", "tintindex": 0}
			}
		},
		{
			"from": [8, -16, 0.8],
			"to": [8, -1.5, 15.2],
			"shade": false,
			"rotation": {"angle": 45, "axis": "y", "origin": [8, 8, 8], "rescale": true},
			"faces": {
				"east": {"uv": [0, 0, 16, 16], "texture": "#cross", "cullface": "down", "tintindex": 0},
				"west": {"uv": [0, 0, 16, 16], "texture": "#cross", "cullface": "down", "tintindex": 0}
			}
		}
	],
	"groups": [0, 1, 2, 3, 4, 5, 6, 7, 8, 9, 10, 11, 12, 13, 14, 15, 16, 17, 18, 19, 20, 21,
		{
			"name": "tinted_cross",
			"children": [22, 23]
		}
	]
}