{
	"credit": "Made by Joanarr with Blockbench",
	"parent": "block/block",
	"texture_size": [64, 64],
	"textures": {
		"0": "block/end_portal_frame",
		"particle": "block/end_portal_frame_bottom"
	},
	"elements": [
		{
			"name": "body",
			"from": [1, 1, 1],
			"to": [15, 11.5, 15],
			"rotation": {"angle": 0, "axis": "y", "origin": [8, 0.5, 8]},
			"faces": {
				"north": {"uv": [8.5, 2.25, 15.5, 7.5], "texture": "#0"},
				"east": {"uv": [8.5, 2.25, 15.5, 7.5], "texture": "#0"},
				"south": {"uv": [8.5, 2.25, 15.5, 7.5], "texture": "#0"},
				"west": {"uv": [8.5, 2.25, 15.5, 7.5], "texture": "#0"},
				"up": {"uv": [0.5, 0.5, 7.5, 7.5], "texture": "#0"},
				"down": {"uv": [8.5, 8.5, 15.5, 15.5], "texture": "#0"}
			}
		},
		{
			"from": [0, 11.5, 1.5],
			"to": [1.5, 13, 16],
			"rotation": {"angle": 0, "axis": "y", "origin": [8, 0.5, 8]},
			"faces": {
				"east": {"uv": [8, 1.5, 15.25, 2.25], "texture": "#0"},
				"south": {"uv": [8, 1.5, 8.75, 2.25], "texture": "#0"},
				"west": {"uv": [8.75, 1.5, 16, 2.25], "texture": "#0"},
				"up": {"uv": [0, 0.75, 0.75, 8], "texture": "#0"},
				"down": {"uv": [8.75, 1.5, 16, 2.25], "rotation": 270, "texture": "#0"}
			}
		},
		{
			"from": [14.5, 11.5, 0],
			"to": [16, 13, 14.5],
			"rotation": {"angle": 0, "axis": "y", "origin": [8, 0.5, 8]},
			"faces": {
				"north": {"uv": [8, 1.5, 8.75, 2.25], "texture": "#0"},
				"east": {"uv": [8.75, 1.5, 16, 2.25], "texture": "#0"},
				"west": {"uv": [8, 1.5, 15.25, 2.25], "texture": "#0"},
				"up": {"uv": [7.25, 0, 8, 7.25], "texture": "#0"},
				"down": {"uv": [8, 1.5, 15.25, 2.25], "rotation": 270, "texture": "#0"}
			}
		},
		{
			"from": [0, 11.5, 0],
			"to": [14.5, 13, 1.5],
			"rotation": {"angle": 0, "axis": "y", "origin": [8, 0.5, 8]},
			"faces": {
				"north": {"uv": [8.75, 1.5, 16, 2.25], "texture": "#0"},
				"south": {"uv": [8, 1.5, 15.25, 2.25], "texture": "#0"},
				"west": {"uv": [8, 1.5, 8.75, 2.25], "texture": "#0"},
				"up": {"uv": [0, 0, 7.25, 0.75], "texture": "#0"},
				"down": {"uv": [8, 1.5, 15.25, 2.25], "texture": "#0"}
			}
		},
		{
			"from": [1.5, 11.5, 14.5],
			"to": [16, 13, 16],
			"rotation": {"angle": 0, "axis": "y", "origin": [8, 0.5, 8]},
			"faces": {
				"north": {"uv": [8, 1.5, 15.25, 2.25], "texture": "#0"},
				"east": {"uv": [8, 1.5, 8.75, 2.25], "texture": "#0"},
				"south": {"uv": [8.75, 1.5, 16, 2.25], "texture": "#0"},
				"up": {"uv": [0.75, 7.25, 8, 8], "texture": "#0"},
				"down": {"uv": [8.75, 1.5, 16, 2.25], "texture": "#0"}
			}
		},
		{
			"from": [0, 0, 0],
			"to": [14.5, 1.5, 1.5],
			"rotation": {"angle": 0, "axis": "y", "origin": [8, 0, 8]},
			"faces": {
				"north": {"uv": [8.75, 7.25, 16, 8], "texture": "#0"},
				"south": {"uv": [8, 7.25, 15.25, 8], "texture": "#0"},
				"west": {"uv": [8, 7.25, 8.75, 8], "texture": "#0"},
				"up": {"uv": [8, 8, 15.25, 8.75], "texture": "#0"},
				"down": {"uv": [8, 15.25, 15.25, 16], "texture": "#0"}
			}
		},
		{
			"from": [0, 0, 1.5],
			"to": [1.5, 1.5, 16],
			"rotation": {"angle": 0, "axis": "y", "origin": [8, 0, 8]},
			"faces": {
				"east": {"uv": [8, 7.25, 15.25, 8], "texture": "#0"},
				"south": {"uv": [8, 7.25, 8.75, 8], "texture": "#0"},
				"west": {"uv": [8.75, 7.25, 16, 8], "texture": "#0"},
				"up": {"uv": [8, 8.75, 8.75, 16], "texture": "#0"},
				"down": {"uv": [8, 8, 8.75, 15.25], "texture": "#0"}
			}
		},
		{
			"from": [14.5, 0, 0],
			"to": [16, 1.5, 14.5],
			"rotation": {"angle": 0, "axis": "y", "origin": [8, 0, 8]},
			"faces": {
				"north": {"uv": [8, 7.25, 8.75, 8], "texture": "#0"},
				"east": {"uv": [8.75, 7.25, 16, 8], "texture": "#0"},
				"west": {"uv": [8, 7.25, 15.25, 8], "texture": "#0"},
				"up": {"uv": [15.25, 8, 16, 15.25], "texture": "#0"},
				"down": {"uv": [15.25, 8.75, 16, 16], "texture": "#0"}
			}
		},
		{
			"from": [1.5, 0, 14.5],
			"to": [16, 1.5, 16],
			"rotation": {"angle": 0, "axis": "y", "origin": [8, 0, 8]},
			"faces": {
				"north": {"uv": [8, 7.25, 15.25, 8], "texture": "#0"},
				"east": {"uv": [8, 7.25, 8.75, 8], "texture": "#0"},
				"south": {"uv": [8.75, 7.25, 16, 8], "texture": "#0"},
				"up": {"uv": [8.75, 15.25, 16, 16], "texture": "#0"},
				"down": {"uv": [8.75, 8, 16, 8.75], "texture": "#0"}
			}
		},
		{
			"name": "bodyrim",
			"from": [0, 3.5, 0],
			"to": [16, 5, 16],
			"rotation": {"angle": 0, "axis": "y", "origin": [8, 0.5, 8]},
			"faces": {
				"north": {"uv": [8, 5.5, 16, 6.25], "texture": "#0", "cullface": "north"},
				"east": {"uv": [8, 5.5, 16, 6.25], "texture": "#0"},
				"south": {"uv": [8, 5.5, 16, 6.25], "texture": "#0"},
				"west": {"uv": [8, 5.5, 16, 6.25], "texture": "#0"},
				"up": {"uv": [8, 8, 16, 16], "texture": "#0"},
				"down": {"uv": [8, 8, 16, 16], "texture": "#0"}
			}
		},
		{
			"from": [0, 5, 14.5],
			"to": [1.5, 11.5, 16],
			"rotation": {"angle": 0, "axis": "y", "origin": [8, 0.5, 8]},
			"faces": {
				"north": {"uv": [15.25, 2.25, 16, 5.5], "texture": "#0", "cullface": "south"},
				"east": {"uv": [8, 2.25, 8.75, 5.5], "texture": "#0", "cullface": "south"},
				"south": {"uv": [8, 2.25, 8.75, 5.5], "texture": "#0", "cullface": "south"},
				"west": {"uv": [15.25, 2.25, 16, 5.5], "texture": "#0", "cullface": "south"}
			}
		},
		{
			"from": [0, 5, 0],
			"to": [1.5, 11.5, 1.5],
			"rotation": {"angle": 0, "axis": "y", "origin": [8, 0.5, 8]},
			"faces": {
				"north": {"uv": [15.25, 2.25, 16, 5.5], "texture": "#0", "cullface": "south"},
				"east": {"uv": [15.25, 2.25, 16, 5.5], "texture": "#0", "cullface": "south"},
				"south": {"uv": [8, 2.25, 8.75, 5.5], "texture": "#0", "cullface": "south"},
				"west": {"uv": [8, 2.25, 8.75, 5.5], "texture": "#0", "cullface": "south"}
			}
		},
		{
			"from": [14.5, 5, 0],
			"to": [16, 11.5, 1.5],
			"rotation": {"angle": 0, "axis": "y", "origin": [8, 0.5, 8]},
			"faces": {
				"north": {"uv": [8, 2.25, 8.75, 5.5], "texture": "#0", "cullface": "south"},
				"east": {"uv": [15.25, 2.25, 16, 5.5], "texture": "#0", "cullface": "south"},
				"south": {"uv": [15.25, 2.25, 16, 5.5], "texture": "#0", "cullface": "south"},
				"west": {"uv": [8, 2.25, 8.75, 5.5], "texture": "#0", "cullface": "south"}
			}
		},
		{
			"from": [14.5, 5, 14.5],
			"to": [16, 11.5, 16],
			"rotation": {"angle": 0, "axis": "y", "origin": [8, 0.5, 8]},
			"faces": {
				"north": {"uv": [8, 2.25, 8.75, 5.5], "texture": "#0", "cullface": "south"},
				"east": {"uv": [8, 2.25, 8.75, 5.5], "texture": "#0", "cullface": "south"},
				"south": {"uv": [15.25, 2.25, 16, 5.5], "texture": "#0", "cullface": "south"},
				"west": {"uv": [15.25, 2.25, 16, 5.5], "texture": "#0", "cullface": "south"}
			}
		},
		{
			"name": "clasp",
			"from": [7, 12, 12],
			"to": [9, 13.5, 16],
			"rotation": {"angle": 45, "axis": "x", "origin": [8, 12.2, 15.5]},
			"faces": {
				"north": {"uv": [8, 0, 9, 0.75], "texture": "#0"},
				"east": {"uv": [3.5, 8, 4.25, 10], "rotation": 90, "texture": "#0"},
				"south": {"uv": [11.5, 1.25, 12.5, 2], "texture": "#0"},
				"west": {"uv": [3.75, 8, 4.5, 10], "rotation": 270, "texture": "#0"},
				"up": {"uv": [3.5, 14, 4.5, 16], "texture": "#0"},
				"down": {"uv": [3.5, 8, 4.5, 10], "rotation": 180, "texture": "#0"}
			}
		},
		{
			"name": "clasp",
			"from": [12, 12, 7],
			"to": [16, 13.5, 9],
			"rotation": {"angle": -45, "axis": "z", "origin": [15.5, 12.2, 8]},
			"faces": {
				"north": {"uv": [8, 11.5, 6, 12.25], "texture": "#0"},
				"east": {"uv": [11.5, 1.25, 12.5, 2], "texture": "#0"},
				"south": {"uv": [8, 11.75, 6, 12.5], "rotation": 180, "texture": "#0"},
				"west": {"uv": [8, 0, 9, 0.75], "texture": "#0"},
				"up": {"uv": [6, 11.5, 8, 12.5], "texture": "#0"},
				"down": {"uv": [6, 11.5, 8, 12.5], "texture": "#0"}
			}
		},
		{
			"name": "clasp",
			"from": [0, 12, 7],
			"to": [4, 13.5, 9],
			"rotation": {"angle": 45, "axis": "z", "origin": [0.5, 12.2, 8]},
			"faces": {
				"north": {"uv": [2, 11.5, 0, 12.25], "texture": "#0"},
				"east": {"uv": [8, 0, 9, 0.75], "texture": "#0"},
				"south": {"uv": [2, 11.75, 0, 12.5], "rotation": 180, "texture": "#0"},
				"west": {"uv": [11.5, 1.25, 12.5, 2], "texture": "#0"},
				"up": {"uv": [0, 11.5, 2, 12.5], "texture": "#0"},
				"down": {"uv": [0, 11.5, 2, 12.5], "texture": "#0"}
			}
		},
		{
			"name": "clasp",
			"from": [7, 12, 0],
			"to": [9, 13.5, 4],
			"rotation": {"angle": -45, "axis": "x", "origin": [8, 12.2, 0.5]},
			"faces": {
				"north": {"uv": [11.5, 1.25, 12.5, 2], "texture": "#0"},
				"east": {"uv": [3.5, 8, 4.25, 10], "rotation": 90, "texture": "#0"},
				"south": {"uv": [8, 0, 9, 0.75], "texture": "#0"},
				"west": {"uv": [3.75, 8, 4.5, 10], "rotation": 270, "texture": "#0"},
				"up": {"uv": [3.5, 8, 4.5, 10], "texture": "#0"},
				"down": {"uv": [3.5, 8, 4.5, 10], "rotation": 180, "texture": "#0"}
			}
		},
		{
			"name": "cuprim",
			"from": [3, 14, 6.5],
			"to": [5, 14.5, 9.5],
			"rotation": {"angle": 0, "axis": "x", "origin": [8, 12.5, 8]},
			"faces": {
				"north": {"uv": [1.5, 3.25, 2.5, 3.5], "rotation": 180, "texture": "#0"},
				"east": {"uv": [2.25, 3.25, 2.5, 4.75], "rotation": 90, "texture": "#0"},
				"south": {"uv": [1.5, 4.5, 2.5, 4.75], "texture": "#0"},
				"west": {"uv": [1.5, 3.25, 1.75, 4.75], "rotation": 270, "texture": "#0"},
				"up": {"uv": [1.5, 3.25, 2.5, 4.75], "texture": "#0"},
				"down": {"uv": [1.5, 4.75, 2.5, 3.25], "texture": "#0"}
			}
		},
		{
			"name": "cuprim",
			"from": [3.5, 14, 5.5],
			"to": [5.5, 14.5, 7],
			"rotation": {"angle": 0, "axis": "x", "origin": [8, 12.5, 8]},
			"faces": {
				"north": {"uv": [1.75, 2.75, 2.75, 3], "rotation": 180, "texture": "#0"},
				"east": {"uv": [2.5, 2.75, 2.75, 3.375], "rotation": 90, "texture": "#0"},
				"south": {"uv": [1.75, 3.25, 2.75, 3.5], "texture": "#0"},
				"west": {"uv": [1.75, 2.75, 2, 3.5], "rotation": 270, "texture": "#0"},
				"up": {"uv": [1.75, 2.75, 2.75, 3.5], "texture": "#0"},
				"down": {"uv": [1.75, 3.5, 2.75, 2.75], "texture": "#0"}
			}
		},
		{
			"name": "cuprim",
			"from": [3.5, 14, 9],
			"to": [5.5, 14.5, 10.5],
			"rotation": {"angle": 0, "axis": "x", "origin": [8, 12.5, 8]},
			"faces": {
				"north": {"uv": [1.75, 4.5, 2.75, 4.75], "rotation": 180, "texture": "#0"},
				"east": {"uv": [2.5, 4.5, 2.75, 5.125], "rotation": 90, "texture": "#0"},
				"south": {"uv": [1.75, 5, 2.75, 5.25], "texture": "#0"},
				"west": {"uv": [1.75, 4.5, 2, 5.25], "rotation": 270, "texture": "#0"},
				"up": {"uv": [1.75, 4.5, 2.75, 5.25], "texture": "#0"},
				"down": {"uv": [1.75, 5.25, 2.75, 4.5], "texture": "#0"}
			}
		},
		{
			"name": "cuprim",
			"from": [10.5, 14, 5.5],
			"to": [12.5, 14.5, 7],
			"rotation": {"angle": 0, "axis": "x", "origin": [8, 12.5, 8]},
			"faces": {
				"north": {"uv": [5.25, 2.75, 6.25, 3], "rotation": 180, "texture": "#0"},
				"east": {"uv": [6, 2.75, 6.25, 3.375], "rotation": 90, "texture": "#0"},
				"south": {"uv": [5.25, 3.25, 6.25, 3.5], "texture": "#0"},
				"west": {"uv": [5.25, 2.75, 5.5, 3.5], "rotation": 270, "texture": "#0"},
				"up": {"uv": [5.25, 2.75, 6.25, 3.5], "texture": "#0"},
				"down": {"uv": [5.25, 3.5, 6.25, 2.75], "texture": "#0"}
			}
		},
		{
			"name": "cuprim",
			"from": [10.5, 14, 9],
			"to": [12.5, 14.5, 10.5],
			"rotation": {"angle": 0, "axis": "x", "origin": [8, 12.5, 8]},
			"faces": {
				"north": {"uv": [5.25, 4.5, 6.25, 4.75], "rotation": 180, "texture": "#0"},
				"east": {"uv": [6, 4.5, 6.25, 5.125], "rotation": 90, "texture": "#0"},
				"south": {"uv": [5.25, 5, 6.25, 5.25], "texture": "#0"},
				"west": {"uv": [5.25, 4.5, 5.5, 5.25], "rotation": 270, "texture": "#0"},
				"up": {"uv": [5.25, 4.5, 6.25, 5.25], "texture": "#0"},
				"down": {"uv": [5.25, 5.25, 6.25, 4.5], "texture": "#0"}
			}
		},
		{
			"name": "cuprim",
			"from": [4, 14, 5],
			"to": [6, 14.5, 6],
			"rotation": {"angle": 0, "axis": "x", "origin": [8, 12.5, 8]},
			"faces": {
				"north": {"uv": [2, 2.5, 3, 2.75], "rotation": 180, "texture": "#0"},
				"east": {"uv": [2.75, 2.5, 3, 3], "rotation": 90, "texture": "#0"},
				"south": {"uv": [2, 2.75, 3, 3], "texture": "#0"},
				"west": {"uv": [2, 2.5, 2.25, 3], "rotation": 270, "texture": "#0"},
				"up": {"uv": [2, 2.5, 3, 3], "texture": "#0"},
				"down": {"uv": [2, 3, 3, 2.5], "texture": "#0"}
			}
		},
		{
			"name": "cuprim",
			"from": [4, 14, 10],
			"to": [6, 14.5, 11],
			"rotation": {"angle": 0, "axis": "x", "origin": [8, 12.5, 8]},
			"faces": {
				"north": {"uv": [2, 5, 3, 5.25], "rotation": 180, "texture": "#0"},
				"east": {"uv": [2.75, 5, 3, 5.5], "rotation": 90, "texture": "#0"},
				"south": {"uv": [2, 5.25, 3, 5.5], "texture": "#0"},
				"west": {"uv": [2, 5, 2.25, 5.5], "rotation": 270, "texture": "#0"},
				"up": {"uv": [2, 5, 3, 5.5], "texture": "#0"},
				"down": {"uv": [2, 5.5, 3, 5], "texture": "#0"}
			}
		},
		{
			"name": "cuprim",
			"from": [10, 14, 5],
			"to": [12, 14.5, 6],
			"rotation": {"angle": 0, "axis": "x", "origin": [8, 12.5, 8]},
			"faces": {
				"north": {"uv": [5, 2.5, 6, 2.75], "rotation": 180, "texture": "#0"},
				"east": {"uv": [5.75, 2.5, 6, 3], "rotation": 90, "texture": "#0"},
				"south": {"uv": [5, 2.75, 6, 3], "texture": "#0"},
				"west": {"uv": [5, 2.5, 5.25, 3], "rotation": 270, "texture": "#0"},
				"up": {"uv": [5, 2.5, 6, 3], "texture": "#0"},
				"down": {"uv": [5, 3, 6, 2.5], "texture": "#0"}
			}
		},
		{
			"name": "cuprim",
			"from": [10, 14, 10],
			"to": [12, 14.5, 11],
			"rotation": {"angle": 0, "axis": "x", "origin": [8, 12.5, 8]},
			"faces": {
				"north": {"uv": [5, 5, 6, 5.25], "rotation": 180, "texture": "#0"},
				"east": {"uv": [5.75, 5, 6, 5.5], "rotation": 90, "texture": "#0"},
				"south": {"uv": [5, 5.25, 6, 5.5], "texture": "#0"},
				"west": {"uv": [5, 5, 5.25, 5.5], "rotation": 270, "texture": "#0"},
				"up": {"uv": [5, 5, 6, 5.5], "texture": "#0"},
				"down": {"uv": [5, 5.5, 6, 5], "texture": "#0"}
			}
		},
		{
			"name": "cuprim",
			"from": [6.5, 14, 11],
			"to": [9.5, 14.5, 13],
			"rotation": {"angle": 0, "axis": "x", "origin": [8, 12.5, 8]},
			"faces": {
				"north": {"uv": [3.25, 5.5, 4.75, 5.75], "rotation": 180, "texture": "#0"},
				"east": {"uv": [4.5, 5.5, 4.75, 6.5], "rotation": 90, "texture": "#0"},
				"south": {"uv": [3.25, 6.25, 4.75, 6.5], "texture": "#0"},
				"west": {"uv": [3.25, 5.5, 3.5, 6.5], "rotation": 270, "texture": "#0"},
				"up": {"uv": [3.25, 5.5, 4.75, 6.5], "texture": "#0"},
				"down": {"uv": [3.25, 6.5, 4.75, 5.5], "texture": "#0"}
			}
		},
		{
			"name": "cuprim",
			"from": [6.5, 14, 3],
			"to": [9.5, 14.5, 5],
			"rotation": {"angle": 0, "axis": "x", "origin": [8, 12.5, 8]},
			"faces": {
				"north": {"uv": [3.25, 1.5, 4.75, 1.75], "rotation": 180, "texture": "#0"},
				"east": {"uv": [4.5, 1.5, 4.75, 2.5], "rotation": 90, "texture": "#0"},
				"south": {"uv": [3.25, 2.25, 4.75, 2.5], "texture": "#0"},
				"west": {"uv": [3.25, 1.5, 3.5, 2.5], "rotation": 270, "texture": "#0"},
				"up": {"uv": [3.25, 1.5, 4.75, 2.5], "texture": "#0"},
				"down": {"uv": [3.25, 2.5, 4.75, 1.5], "texture": "#0"}
			}
		},
		{
			"name": "cuprim",
			"from": [5.5, 14, 3.5],
			"to": [7, 14.5, 5.5],
			"rotation": {"angle": 0, "axis": "y", "origin": [8, 12.5, 8]},
			"faces": {
				"north": {"uv": [2.75, 1.75, 3.5, 2], "rotation": 180, "texture": "#0"},
				"east": {"uv": [3.25, 1.75, 3.5, 2.75], "rotation": 90, "texture": "#0"},
				"south": {"uv": [2.75, 2.5, 3.5, 2.75], "texture": "#0"},
				"west": {"uv": [2.75, 1.75, 3, 2.75], "rotation": 270, "texture": "#0"},
				"up": {"uv": [2.75, 1.75, 3.5, 2.75], "texture": "#0"},
				"down": {"uv": [2.75, 2.75, 3.5, 1.75], "texture": "#0"}
			}
		},
		{
			"name": "cuprim",
			"from": [9, 14, 3.5],
			"to": [10.5, 14.5, 5.5],
			"rotation": {"angle": 0, "axis": "y", "origin": [8, 12.5, 8]},
			"faces": {
				"north": {"uv": [4.5, 1.75, 5.25, 2], "rotation": 180, "texture": "#0"},
				"east": {"uv": [5, 1.75, 5.25, 2.75], "rotation": 90, "texture": "#0"},
				"south": {"uv": [4.5, 2.5, 5.25, 2.75], "texture": "#0"},
				"west": {"uv": [4.5, 1.75, 4.75, 2.75], "rotation": 270, "texture": "#0"},
				"up": {"uv": [4.5, 1.75, 5.25, 2.75], "texture": "#0"},
				"down": {"uv": [4.5, 2.75, 5.25, 1.75], "texture": "#0"}
			}
		},
		{
			"name": "cuprim",
			"from": [9, 14, 10.5],
			"to": [10.5, 14.5, 12.5],
			"rotation": {"angle": 0, "axis": "y", "origin": [8, 12.5, 8]},
			"faces": {
				"north": {"uv": [4.5, 5.25, 5.25, 5.5], "rotation": 180, "texture": "#0"},
				"east": {"uv": [5, 5.25, 5.25, 6.25], "rotation": 90, "texture": "#0"},
				"south": {"uv": [4.5, 6, 5.25, 6.25], "texture": "#0"},
				"west": {"uv": [4.5, 5.25, 4.75, 6.25], "rotation": 270, "texture": "#0"},
				"up": {"uv": [4.5, 5.25, 5.25, 6.25], "texture": "#0"},
				"down": {"uv": [4.5, 6.25, 5.25, 5.25], "texture": "#0"}
			}
		},
		{
			"name": "cuprim",
			"from": [5.5, 14, 10.5],
			"to": [7, 14.5, 12.5],
			"rotation": {"angle": 0, "axis": "y", "origin": [8, 12.5, 8]},
			"faces": {
				"north": {"uv": [2.75, 5.25, 3.5, 5.5], "rotation": 180, "texture": "#0"},
				"east": {"uv": [3.25, 5.25, 3.5, 6.25], "rotation": 90, "texture": "#0"},
				"south": {"uv": [2.75, 6, 3.5, 6.25], "texture": "#0"},
				"west": {"uv": [2.75, 5.25, 3, 6.25], "rotation": 270, "texture": "#0"},
				"up": {"uv": [2.75, 5.25, 3.5, 6.25], "texture": "#0"},
				"down": {"uv": [2.75, 6.25, 3.5, 5.25], "texture": "#0"}
			}
		},
		{
			"name": "cuprim",
			"from": [5, 14, 4],
			"to": [6, 14.5, 6],
			"rotation": {"angle": 0, "axis": "x", "origin": [8, 12.5, 8]},
			"faces": {
				"north": {"uv": [2.5, 2, 3, 2.25], "rotation": 180, "texture": "#0"},
				"east": {"uv": [2.75, 2, 3, 3], "rotation": 90, "texture": "#0"},
				"south": {"uv": [2.5, 2.75, 3, 3], "texture": "#0"},
				"west": {"uv": [2.5, 2, 2.75, 3], "rotation": 270, "texture": "#0"},
				"up": {"uv": [2.5, 2, 3, 3], "texture": "#0"},
				"down": {"uv": [2.5, 3, 3, 2], "texture": "#0"}
			}
		},
		{
			"name": "cuprim",
			"from": [10, 14, 4],
			"to": [11, 14.5, 6],
			"rotation": {"angle": 0, "axis": "x", "origin": [8, 12.5, 8]},
			"faces": {
				"north": {"uv": [5, 2, 5.5, 2.25], "rotation": 180, "texture": "#0"},
				"east": {"uv": [5.25, 2, 5.5, 3], "rotation": 90, "texture": "#0"},
				"south": {"uv": [5, 2.75, 5.5, 3], "texture": "#0"},
				"west": {"uv": [5, 2, 5.25, 3], "rotation": 270, "texture": "#0"},
				"up": {"uv": [5, 2, 5.5, 3], "texture": "#0"},
				"down": {"uv": [5, 3, 5.5, 2], "texture": "#0"}
			}
		},
		{
			"name": "cuprim",
			"from": [10, 14, 10],
			"to": [11, 14.5, 12],
			"rotation": {"angle": 0, "axis": "x", "origin": [8, 12.5, 8]},
			"faces": {
				"north": {"uv": [5, 5, 5.5, 5.25], "rotation": 180, "texture": "#0"},
				"east": {"uv": [5.25, 5, 5.5, 6], "rotation": 90, "texture": "#0"},
				"south": {"uv": [5, 5.75, 5.5, 6], "texture": "#0"},
				"west": {"uv": [5, 5, 5.25, 6], "rotation": 270, "texture": "#0"},
				"up": {"uv": [5, 5, 5.5, 6], "texture": "#0"},
				"down": {"uv": [5, 6, 5.5, 5], "texture": "#0"}
			}
		},
		{
			"name": "cuprim",
			"from": [5, 14, 10],
			"to": [6, 14.5, 12],
			"rotation": {"angle": 0, "axis": "x", "origin": [8, 12.5, 8]},
			"faces": {
				"north": {"uv": [2.5, 5, 3, 5.25], "rotation": 180, "texture": "#0"},
				"east": {"uv": [2.75, 5, 3, 6], "rotation": 90, "texture": "#0"},
				"south": {"uv": [2.5, 5.75, 3, 6], "texture": "#0"},
				"west": {"uv": [2.5, 5, 2.75, 6], "rotation": 270, "texture": "#0"},
				"up": {"uv": [2.5, 5, 3, 6], "texture": "#0"},
				"down": {"uv": [2.5, 6, 3, 5], "texture": "#0"}
			}
		},
		{
			"name": "cuprim",
			"from": [4.5, 14, 4.5],
			"to": [5, 14.5, 5],
			"rotation": {"angle": 0, "axis": "x", "origin": [8, 12.5, 8]},
			"faces": {
				"north": {"uv": [2.25, 2.25, 2.5, 2.5], "texture": "#0"},
				"east": {"uv": [2.25, 2.25, 2.5, 2.5], "texture": "#0"},
				"south": {"uv": [2.25, 2.25, 2.5, 2.5], "texture": "#0"},
				"west": {"uv": [2.25, 2.25, 2.5, 2.5], "texture": "#0"},
				"up": {"uv": [2.25, 2.25, 2.5, 2.5], "texture": "#0"},
				"down": {"uv": [2.25, 2.25, 2.5, 2.5], "texture": "#0"}
			}
		},
		{
			"name": "cuprim",
			"from": [11, 14, 4.5],
			"to": [11.5, 14.5, 5],
			"rotation": {"angle": 0, "axis": "x", "origin": [8, 12.5, 8]},
			"faces": {
				"north": {"uv": [5.5, 2.25, 5.75, 2.5], "texture": "#0"},
				"east": {"uv": [5.5, 2.25, 5.75, 2.5], "texture": "#0"},
				"south": {"uv": [5.5, 2.25, 5.75, 2.5], "texture": "#0"},
				"west": {"uv": [5.5, 2.25, 5.75, 2.5], "texture": "#0"},
				"up": {"uv": [5.5, 2.25, 5.75, 2.5], "texture": "#0"},
				"down": {"uv": [5.5, 2.25, 5.75, 2.5], "texture": "#0"}
			}
		},
		{
			"name": "cuprim",
			"from": [4.5, 14, 11],
			"to": [5, 14.5, 11.5],
			"rotation": {"angle": 0, "axis": "x", "origin": [8, 12.5, 8]},
			"faces": {
				"north": {"uv": [2.25, 5.5, 2.5, 5.75], "texture": "#0"},
				"east": {"uv": [2.25, 5.5, 2.5, 5.75], "texture": "#0"},
				"south": {"uv": [2.25, 5.5, 2.5, 5.75], "texture": "#0"},
				"west": {"uv": [2.25, 5.5, 2.5, 5.75], "texture": "#0"},
				"up": {"uv": [2.25, 5.5, 2.5, 5.75], "texture": "#0"},
				"down": {"uv": [2.25, 5.5, 2.5, 5.75], "texture": "#0"}
			}
		},
		{
			"name": "cuprim",
			"from": [11, 14, 11],
			"to": [11.5, 14.5, 11.5],
			"rotation": {"angle": 0, "axis": "x", "origin": [8, 12.5, 8]},
			"faces": {
				"north": {"uv": [5.5, 5.5, 5.75, 5.75], "texture": "#0"},
				"east": {"uv": [5.5, 5.5, 5.75, 5.75], "texture": "#0"},
				"south": {"uv": [5.5, 5.5, 5.75, 5.75], "texture": "#0"},
				"west": {"uv": [5.5, 5.5, 5.75, 5.75], "texture": "#0"},
				"up": {"uv": [5.5, 5.5, 5.75, 5.75], "texture": "#0"},
				"down": {"uv": [5.5, 5.5, 5.75, 5.75], "texture": "#0"}
			}
		},
		{
			"name": "cuprim",
			"from": [11, 14, 6.5],
			"to": [13, 14.5, 9.5],
			"rotation": {"angle": 0, "axis": "x", "origin": [8, 12.5, 8]},
			"faces": {
				"north": {"uv": [5.5, 3.25, 6.5, 3.5], "rotation": 180, "texture": "#0"},
				"east": {"uv": [6.25, 3.25, 6.5, 4.75], "rotation": 90, "texture": "#0"},
				"south": {"uv": [5.5, 4.5, 6.5, 4.75], "texture": "#0"},
				"west": {"uv": [5.5, 3.25, 5.75, 4.75], "rotation": 270, "texture": "#0"},
				"up": {"uv": [5.5, 3.25, 6.5, 4.75], "texture": "#0"},
				"down": {"uv": [5.5, 4.75, 6.5, 3.25], "texture": "#0"}
			}
		},
		{
			"from": [5, 11.5, 5],
			"to": [11, 14, 11],
			"rotation": {"angle": 0, "axis": "y", "origin": [7, 11.5, 9.5]},
			"faces": {
				"north": {"uv": [13, 0, 16, 1.25], "texture": "#0"},
				"east": {"uv": [13, 0, 16, 1.25], "texture": "#0"},
				"south": {"uv": [13, 0, 16, 1.25], "texture": "#0"},
				"west": {"uv": [13, 0, 16, 1.25], "texture": "#0"},
				"up": {"uv": [2.5, 2.5, 5.5, 5.5], "texture": "#0"}
			}
		}
	],
	"display": {},
	"groups": [
		0,
		1,
		2,
		3,
		4,
		5,
		6,
		7,
		8,
		9,
		10,
		11,
		12,
		13,
		{
			"name": "topbits",
			"origin": [8, 8, 8],
			"color": 0,
			"children": [14, 15, 16, 17, 18, 19, 20, 21, 22, 23, 24, 25, 26, 27, 28, 29, 30, 31, 32, 33, 34, 35, 36, 37, 38, 39, 40, 41, 42]
		}
	]
}