{
	"credit": "Made with Blockbench",
	"textures": {
		"0": "block/birch_fence_gate",
		"particle": "block/birch_fence_gate"
	},
	"elements": [
		{
			"name": "Left Gate Wattle",
			"from": [14.75, 7.5, 15.11207],
			"to": [15.25, 16, 15.61207],
			"rotation": {"angle": 22.5, "axis": "z", "origin": [15, 12, 15.36207]},
			"faces": {
				"north": {"uv": [4, 0, 4.5, 9], "rotation": 180, "texture": "#0"},
				"east": {"uv": [6, 0, 6.5, 9], "texture": "#0"},
				"south": {"uv": [4, 0, 4.5, 9], "texture": "#0"},
				"west": {"uv": [5, 0, 5.5, 9], "rotation": 180, "texture": "#0"},
				"up": {"uv": [5, 8.5, 5.5, 9], "rotation": 180, "texture": "#0"},
				"down": {"uv": [5, 0, 5.5, 0.5], "texture": "#0"}
			}
		},
		{
			"name": "Left Gate Wattle",
			"from": [14.75, 7.5, 14.61207],
			"to": [15.25, 16, 15.11207],
			"rotation": {"angle": -22.5, "axis": "z", "origin": [15, 12, 14.86207]},
			"faces": {
				"north": {"uv": [4, 0, 4.5, 9], "rotation": 180, "texture": "#0"},
				"east": {"uv": [2, 0, 2.5, 9], "texture": "#0"},
				"south": {"uv": [5, 0, 5.5, 9], "texture": "#0"},
				"west": {"uv": [3, 0, 3.5, 9], "rotation": 180, "texture": "#0"},
				"up": {"uv": [5, 8.5, 5.5, 9], "rotation": 180, "texture": "#0"},
				"down": {"uv": [5, 0, 5.5, 0.5], "texture": "#0"}
			}
		},
		{
			"name": "Left Gate Wattle",
			"from": [14.75, 7.5, 14.11207],
			"to": [15.25, 16, 14.61207],
			"rotation": {"angle": 22.5, "axis": "z", "origin": [15, 12, 14.36207]},
			"faces": {
				"north": {"uv": [4, 0, 4.5, 9], "rotation": 180, "texture": "#0"},
				"east": {"uv": [6, 0, 6.5, 9], "texture": "#0"},
				"south": {"uv": [5, 0, 5.5, 9], "texture": "#0"},
				"west": {"uv": [5, 0, 5.5, 9], "texture": "#0"},
				"up": {"uv": [5, 8.5, 5.5, 9], "rotation": 180, "texture": "#0"},
				"down": {"uv": [5, 0, 5.5, 0.5], "texture": "#0"}
			}
		},
		{
			"name": "Left Gate Wattle",
			"from": [14.75, 7.5, 13.61207],
			"to": [15.25, 16, 14.11207],
			"rotation": {"angle": -22.5, "axis": "z", "origin": [15, 12, 13.86207]},
			"faces": {
				"north": {"uv": [4, 0, 4.5, 9], "rotation": 180, "texture": "#0"},
				"east": {"uv": [3, 0, 3.5, 9], "texture": "#0"},
				"south": {"uv": [4, 0, 4.5, 9], "texture": "#0"},
				"west": {"uv": [2, 0, 2.5, 9], "rotation": 180, "texture": "#0"},
				"up": {"uv": [5, 8.5, 5.5, 9], "rotation": 180, "texture": "#0"},
				"down": {"uv": [5, 0, 5.5, 0.5], "texture": "#0"}
			}
		},
		{
			"name": "Left Gate Wattle",
			"from": [14.75, 7.5, 13.11207],
			"to": [15.25, 16, 13.61207],
			"rotation": {"angle": 22.5, "axis": "z", "origin": [15, 12, 13.36207]},
			"faces": {
				"north": {"uv": [4, 0, 4.5, 9], "rotation": 180, "texture": "#0"},
				"east": {"uv": [4, 0, 4.5, 9], "texture": "#0"},
				"south": {"uv": [5, 0, 5.5, 9], "texture": "#0"},
				"west": {"uv": [5, 0, 5.5, 9], "rotation": 180, "texture": "#0"},
				"up": {"uv": [5, 8.5, 5.5, 9], "rotation": 180, "texture": "#0"},
				"down": {"uv": [5, 0, 5.5, 0.5], "texture": "#0"}
			}
		},
		{
			"name": "Left Gate Wattle",
			"from": [14.75, 7.5, 12.61207],
			"to": [15.25, 16, 13.11207],
			"rotation": {"angle": -22.5, "axis": "z", "origin": [15, 12, 12.86207]},
			"faces": {
				"north": {"uv": [4, 0, 4.5, 9], "rotation": 180, "texture": "#0"},
				"east": {"uv": [6, 0, 6.5, 9], "texture": "#0"},
				"south": {"uv": [5, 0, 5.5, 9], "texture": "#0"},
				"west": {"uv": [4, 0, 4.5, 9], "rotation": 180, "texture": "#0"},
				"up": {"uv": [5, 8.5, 5.5, 9], "rotation": 180, "texture": "#0"},
				"down": {"uv": [5, 0, 5.5, 0.5], "texture": "#0"}
			}
		},
		{
			"name": "Left Gate Wattle",
			"from": [14.75, 7.5, 12.11207],
			"to": [15.25, 16, 12.61207],
			"rotation": {"angle": 22.5, "axis": "z", "origin": [15, 12, 12.36207]},
			"faces": {
				"north": {"uv": [4, 0, 4.5, 9], "rotation": 180, "texture": "#0"},
				"east": {"uv": [6, 0, 6.5, 9], "texture": "#0"},
				"south": {"uv": [5, 0, 5.5, 9], "texture": "#0"},
				"west": {"uv": [7, 0, 7.5, 9], "texture": "#0"},
				"up": {"uv": [5, 8.5, 5.5, 9], "rotation": 180, "texture": "#0"},
				"down": {"uv": [5, 0, 5.5, 0.5], "texture": "#0"}
			}
		},
		{
			"name": "Left Gate Wattle",
			"from": [14.75, 7.5, 11.61207],
			"to": [15.25, 16, 12.11207],
			"rotation": {"angle": -22.5, "axis": "z", "origin": [15, 12, 11.86207]},
			"faces": {
				"north": {"uv": [4, 0, 4.5, 9], "rotation": 180, "texture": "#0"},
				"east": {"uv": [6, 0, 6.5, 9], "texture": "#0"},
				"south": {"uv": [5, 0, 5.5, 9], "texture": "#0"},
				"west": {"uv": [5, 0, 5.5, 9], "rotation": 180, "texture": "#0"},
				"up": {"uv": [5, 8.5, 5.5, 9], "rotation": 180, "texture": "#0"},
				"down": {"uv": [5, 0, 5.5, 0.5], "texture": "#0"}
			}
		},
		{
			"name": "Left Gate Wattle",
			"from": [14.75, 7.5, 11.11207],
			"to": [15.25, 16, 11.61207],
			"rotation": {"angle": 22.5, "axis": "z", "origin": [15, 12, 11.36207]},
			"faces": {
				"north": {"uv": [4, 0, 4.5, 9], "rotation": 180, "texture": "#0"},
				"east": {"uv": [2, 0, 2.5, 9], "texture": "#0"},
				"south": {"uv": [3, 0, 3.5, 9], "texture": "#0"},
				"west": {"uv": [2, 0, 2.5, 9], "rotation": 180, "texture": "#0"},
				"up": {"uv": [5, 8.5, 5.5, 9], "rotation": 180, "texture": "#0"},
				"down": {"uv": [5, 0, 5.5, 0.5], "texture": "#0"}
			}
		},
		{
			"name": "Left Gate Wattle",
			"from": [14.75, 7.5, 10.61207],
			"to": [15.25, 16, 11.11207],
			"rotation": {"angle": -22.5, "axis": "z", "origin": [15, 12, 10.86207]},
			"faces": {
				"north": {"uv": [4, 0, 4.5, 9], "rotation": 180, "texture": "#0"},
				"east": {"uv": [6, 0, 6.5, 9], "texture": "#0"},
				"south": {"uv": [5, 0, 5.5, 9], "texture": "#0"},
				"west": {"uv": [5, 0, 5.5, 9], "rotation": 180, "texture": "#0"},
				"up": {"uv": [5, 8.5, 5.5, 9], "rotation": 180, "texture": "#0"},
				"down": {"uv": [5, 0, 5.5, 0.5], "texture": "#0"}
			}
		},
		{
			"name": "Left Gate Wattle",
			"from": [14.75, 7.5, 10.11207],
			"to": [15.25, 16, 10.61207],
			"rotation": {"angle": 22.5, "axis": "z", "origin": [15, 12, 10.36207]},
			"faces": {
				"north": {"uv": [4, 0, 4.5, 9], "rotation": 180, "texture": "#0"},
				"east": {"uv": [2, 0, 2.5, 9], "texture": "#0"},
				"south": {"uv": [3, 0, 3.5, 9], "texture": "#0"},
				"west": {"uv": [2, 0, 2.5, 9], "rotation": 180, "texture": "#0"},
				"up": {"uv": [5, 8.5, 5.5, 9], "rotation": 180, "texture": "#0"},
				"down": {"uv": [5, 0, 5.5, 0.5], "texture": "#0"}
			}
		},
		{
			"name": "Left Gate Wattle",
			"from": [14.75, 0, 15.11207],
			"to": [15.25, 8.5, 15.61207],
			"rotation": {"angle": -22.5, "axis": "z", "origin": [15, 4, 15.36207]},
			"faces": {
				"north": {"uv": [4.5, 0, 4, 9], "texture": "#0"},
				"east": {"uv": [6, 9, 6.5, 0], "texture": "#0"},
				"south": {"uv": [4.5, 0, 4, 9], "rotation": 180, "texture": "#0"},
				"west": {"uv": [5, 9, 5.5, 0], "rotation": 180, "texture": "#0"},
				"up": {"uv": [5.5, 0, 5, 0.5], "rotation": 180, "texture": "#0"},
				"down": {"uv": [5.5, 8.5, 5, 9], "texture": "#0"}
			}
		},
		{
			"name": "Left Gate Wattle",
			"from": [14.75, 0, 14.61207],
			"to": [15.25, 8.5, 15.11207],
			"rotation": {"angle": 22.5, "axis": "z", "origin": [15, 4, 14.86207]},
			"faces": {
				"north": {"uv": [4.5, 0, 4, 9], "texture": "#0"},
				"east": {"uv": [2, 9, 2.5, 0], "texture": "#0"},
				"south": {"uv": [5.5, 0, 5, 9], "rotation": 180, "texture": "#0"},
				"west": {"uv": [3, 9, 3.5, 0], "rotation": 180, "texture": "#0"},
				"up": {"uv": [5.5, 0, 5, 0.5], "rotation": 180, "texture": "#0"},
				"down": {"uv": [5.5, 8.5, 5, 9], "texture": "#0"}
			}
		},
		{
			"name": "Left Gate Wattle",
			"from": [14.75, 0, 14.11207],
			"to": [15.25, 8.5, 14.61207],
			"rotation": {"angle": -22.5, "axis": "z", "origin": [15, 4, 14.36207]},
			"faces": {
				"north": {"uv": [4.5, 0, 4, 9], "texture": "#0"},
				"east": {"uv": [6, 9, 6.5, 0], "texture": "#0"},
				"south": {"uv": [5.5, 0, 5, 9], "rotation": 180, "texture": "#0"},
				"west": {"uv": [5, 9, 5.5, 0], "texture": "#0"},
				"up": {"uv": [5.5, 0, 5, 0.5], "rotation": 180, "texture": "#0"},
				"down": {"uv": [5.5, 8.5, 5, 9], "texture": "#0"}
			}
		},
		{
			"name": "Left Gate Wattle",
			"from": [14.75, 0, 13.61207],
			"to": [15.25, 8.5, 14.11207],
			"rotation": {"angle": 22.5, "axis": "z", "origin": [15, 4, 13.86207]},
			"faces": {
				"north": {"uv": [4.5, 0, 4, 9], "texture": "#0"},
				"east": {"uv": [3, 9, 3.5, 0], "texture": "#0"},
				"south": {"uv": [4.5, 0, 4, 9], "rotation": 180, "texture": "#0"},
				"west": {"uv": [2, 9, 2.5, 0], "rotation": 180, "texture": "#0"},
				"up": {"uv": [5.5, 0, 5, 0.5], "rotation": 180, "texture": "#0"},
				"down": {"uv": [5.5, 8.5, 5, 9], "texture": "#0"}
			}
		},
		{
			"name": "Left Gate Wattle",
			"from": [14.75, 0, 13.11207],
			"to": [15.25, 8.5, 13.61207],
			"rotation": {"angle": -22.5, "axis": "z", "origin": [15, 4, 13.36207]},
			"faces": {
				"north": {"uv": [4.5, 0, 4, 9], "texture": "#0"},
				"east": {"uv": [4, 9, 4.5, 0], "texture": "#0"},
				"south": {"uv": [5.5, 0, 5, 9], "rotation": 180, "texture": "#0"},
				"west": {"uv": [5, 9, 5.5, 0], "rotation": 180, "texture": "#0"},
				"up": {"uv": [5.5, 0, 5, 0.5], "rotation": 180, "texture": "#0"},
				"down": {"uv": [5.5, 8.5, 5, 9], "texture": "#0"}
			}
		},
		{
			"name": "Left Gate Wattle",
			"from": [14.75, 0, 12.61207],
			"to": [15.25, 8.5, 13.11207],
			"rotation": {"angle": 22.5, "axis": "z", "origin": [15, 4, 12.86207]},
			"faces": {
				"north": {"uv": [4.5, 0, 4, 9], "texture": "#0"},
				"east": {"uv": [6, 9, 6.5, 0], "texture": "#0"},
				"south": {"uv": [5.5, 0, 5, 9], "rotation": 180, "texture": "#0"},
				"west": {"uv": [4, 9, 4.5, 0], "rotation": 180, "texture": "#0"},
				"up": {"uv": [5.5, 0, 5, 0.5], "rotation": 180, "texture": "#0"},
				"down": {"uv": [5.5, 8.5, 5, 9], "texture": "#0"}
			}
		},
		{
			"name": "Left Gate Wattle",
			"from": [14.75, 0, 12.11207],
			"to": [15.25, 8.5, 12.61207],
			"rotation": {"angle": -22.5, "axis": "z", "origin": [15, 4, 12.36207]},
			"faces": {
				"north": {"uv": [4.5, 0, 4, 9], "texture": "#0"},
				"east": {"uv": [6, 9, 6.5, 0], "texture": "#0"},
				"south": {"uv": [5.5, 0, 5, 9], "rotation": 180, "texture": "#0"},
				"west": {"uv": [7, 9, 7.5, 0], "texture": "#0"},
				"up": {"uv": [5.5, 0, 5, 0.5], "rotation": 180, "texture": "#0"},
				"down": {"uv": [5.5, 8.5, 5, 9], "texture": "#0"}
			}
		},
		{
			"name": "Left Gate Wattle",
			"from": [14.75, 0, 11.61207],
			"to": [15.25, 8.5, 12.11207],
			"rotation": {"angle": 22.5, "axis": "z", "origin": [15, 4, 11.86207]},
			"faces": {
				"north": {"uv": [4.5, 0, 4, 9], "texture": "#0"},
				"east": {"uv": [6, 9, 6.5, 0], "texture": "#0"},
				"south": {"uv": [5.5, 0, 5, 9], "rotation": 180, "texture": "#0"},
				"west": {"uv": [5, 9, 5.5, 0], "rotation": 180, "texture": "#0"},
				"up": {"uv": [5.5, 0, 5, 0.5], "rotation": 180, "texture": "#0"},
				"down": {"uv": [5.5, 8.5, 5, 9], "texture": "#0"}
			}
		},
		{
			"name": "Left Gate Wattle",
			"from": [14.75, 0, 11.11207],
			"to": [15.25, 8.5, 11.61207],
			"rotation": {"angle": -22.5, "axis": "z", "origin": [15, 4, 11.36207]},
			"faces": {
				"north": {"uv": [4.5, 0, 4, 9], "texture": "#0"},
				"east": {"uv": [2, 9, 2.5, 0], "texture": "#0"},
				"south": {"uv": [3.5, 0, 3, 9], "rotation": 180, "texture": "#0"},
				"west": {"uv": [2, 9, 2.5, 0], "rotation": 180, "texture": "#0"},
				"up": {"uv": [5.5, 0, 5, 0.5], "rotation": 180, "texture": "#0"},
				"down": {"uv": [5.5, 8.5, 5, 9], "texture": "#0"}
			}
		},
		{
			"name": "Left Gate Wattle",
			"from": [14.75, 0, 10.61207],
			"to": [15.25, 8.5, 11.11207],
			"rotation": {"angle": 22.5, "axis": "z", "origin": [15, 4, 10.86207]},
			"faces": {
				"north": {"uv": [4.5, 0, 4, 9], "texture": "#0"},
				"east": {"uv": [6, 9, 6.5, 0], "texture": "#0"},
				"south": {"uv": [5.5, 0, 5, 9], "rotation": 180, "texture": "#0"},
				"west": {"uv": [5, 9, 5.5, 0], "rotation": 180, "texture": "#0"},
				"up": {"uv": [5.5, 0, 5, 0.5], "rotation": 180, "texture": "#0"},
				"down": {"uv": [5.5, 8.5, 5, 9], "texture": "#0"}
			}
		},
		{
			"name": "Left Gate Wattle",
			"from": [14.75, 0, 10.11207],
			"to": [15.25, 8.5, 10.61207],
			"rotation": {"angle": -22.5, "axis": "z", "origin": [15, 4, 10.36207]},
			"faces": {
				"north": {"uv": [4.5, 0, 4, 9], "texture": "#0"},
				"east": {"uv": [2, 9, 2.5, 0], "texture": "#0"},
				"south": {"uv": [3.5, 0, 3, 9], "rotation": 180, "texture": "#0"},
				"west": {"uv": [2, 9, 2.5, 0], "rotation": 180, "texture": "#0"},
				"up": {"uv": [5.5, 0, 5, 0.5], "rotation": 180, "texture": "#0"},
				"down": {"uv": [5.5, 8.5, 5, 9], "texture": "#0"}
			}
		},
		{
			"name": "Left Gate Wattle",
			"from": [14.75, 0, 9.61207],
			"to": [15.25, 8.5, 10.11207],
			"rotation": {"angle": 22.5, "axis": "z", "origin": [15, 4, 9.86207]},
			"faces": {
				"north": {"uv": [4.5, 0, 4, 9], "texture": "#0"},
				"east": {"uv": [6, 9, 6.5, 0], "texture": "#0"},
				"south": {"uv": [5.5, 0, 5, 9], "rotation": 180, "texture": "#0"},
				"west": {"uv": [5, 9, 5.5, 0], "rotation": 180, "texture": "#0"},
				"up": {"uv": [5.5, 0, 5, 0.5], "rotation": 180, "texture": "#0"},
				"down": {"uv": [5.5, 8.5, 5, 9], "texture": "#0"}
			}
		},
		{
			"name": "Left Gate Wattle",
			"from": [14.75, 7.5, 9.61207],
			"to": [15.25, 16, 10.11207],
			"rotation": {"angle": -22.5, "axis": "z", "origin": [15, 12, 9.86207]},
			"faces": {
				"north": {"uv": [4, 0, 4.5, 9], "rotation": 180, "texture": "#0"},
				"east": {"uv": [6, 0, 6.5, 9], "texture": "#0"},
				"south": {"uv": [5, 0, 5.5, 9], "texture": "#0"},
				"west": {"uv": [5, 0, 5.5, 9], "rotation": 180, "texture": "#0"},
				"up": {"uv": [5, 8.5, 5.5, 9], "rotation": 180, "texture": "#0"},
				"down": {"uv": [5, 0, 5.5, 0.5], "texture": "#0"}
			}
		},
		{
			"name": "Bottom Left Post",
			"from": [14, 0.5, 9.36207],
			"to": [16, 1.5, 15.86207],
			"faces": {
				"north": {"uv": [2.5, 9.5, 4.5, 11.5], "rotation": 180, "texture": "#0"},
				"east": {"uv": [14, 0, 16, 16], "rotation": 270, "texture": "#0"},
				"south": {"uv": [0, 9.5, 2, 11.5], "texture": "#0"},
				"west": {"uv": [10, 0, 12, 16], "rotation": 90, "texture": "#0"},
				"up": {"uv": [12.5, 0, 14.5, 16], "rotation": 180, "texture": "#0"},
				"down": {"uv": [12.5, 0, 14.5, 16], "texture": "#0"}
			}
		},
		{
			"name": "South Left Post",
			"from": [14, 0.5, 15.86207],
			"to": [16, 15.5, 16.36207],
			"faces": {
				"north": {"uv": [14.5, 1, 12.5, 16], "texture": "#0"},
				"east": {"uv": [15.5, 0, 15, 16], "texture": "#0"},
				"south": {"uv": [9.5, 1, 7.5, 16], "texture": "#0"},
				"west": {"uv": [12.5, 0, 12, 16], "texture": "#0"},
				"up": {"uv": [2, 9.5, 0, 10], "texture": "#0"},
				"down": {"uv": [4.5, 9.5, 2.5, 10], "texture": "#0"}
			}
		},
		{
			"name": "North Left Post",
			"from": [14, 0, 8.36207],
			"to": [16, 16, 9.36207],
			"faces": {
				"north": {"uv": [9.5, 0, 7.5, 16], "texture": "#0"},
				"east": {"uv": [15.5, 0, 14.5, 16], "texture": "#0"},
				"south": {"uv": [14.5, 0, 12.5, 16], "texture": "#0"},
				"west": {"uv": [12.5, 0, 11.5, 16], "texture": "#0"},
				"up": {"uv": [2, 9.5, 0, 10.5], "rotation": 180, "texture": "#0"},
				"down": {"uv": [4.5, 9.5, 2.5, 10.5], "texture": "#0"}
			}
		},
		{
			"name": "Middle Left Post",
			"from": [13.5, 7.5, 9.36207],
			"to": [16.5, 8.5, 16.36207],
			"faces": {
				"north": {"uv": [1.5, 9.5, 4.5, 10.5], "rotation": 180, "texture": "#0"},
				"east": {"uv": [15, 9, 16, 16], "rotation": 270, "texture": "#0"},
				"south": {"uv": [0, 9.5, 3, 10.5], "texture": "#0"},
				"west": {"uv": [11, 9, 12, 16], "rotation": 90, "texture": "#0"},
				"up": {"uv": [11.5, 9, 14.5, 16], "rotation": 180, "texture": "#0"},
				"down": {"uv": [11.5, 9, 14.5, 16], "texture": "#0"}
			}
		},
		{
			"name": "Top Left Post",
			"from": [14, 14.5, 9.36207],
			"to": [16, 15.5, 15.86207],
			"faces": {
				"north": {"uv": [2.5, 9.5, 4.5, 10.5], "rotation": 180, "texture": "#0"},
				"east": {"uv": [15, 0, 16, 16], "rotation": 270, "texture": "#0"},
				"south": {"uv": [0, 9.5, 2, 10.5], "texture": "#0"},
				"west": {"uv": [11, 0, 12, 16], "rotation": 90, "texture": "#0"},
				"up": {"uv": [12.5, 9.5, 14.5, 16], "rotation": 180, "texture": "#0"},
				"down": {"uv": [12.5, 9.5, 14.5, 16], "texture": "#0"}
			}
		},
		{
			"name": "Right Gate Wattle",
			"from": [0.75, 7.5, 9.5],
			"to": [1.25, 16, 10],
			"rotation": {"angle": 22.5, "axis": "z", "origin": [1, 12, 9.75]},
			"faces": {
				"north": {"uv": [5, 0, 5.5, 9], "texture": "#0"},
				"east": {"uv": [4, 0, 4.5, 9], "texture": "#0"},
				"south": {"uv": [4, 0, 4.5, 9], "rotation": 180, "texture": "#0"},
				"west": {"uv": [5, 0, 5.5, 9], "texture": "#0"},
				"up": {"uv": [5, 8.5, 5.5, 9], "texture": "#0"},
				"down": {"uv": [5, 0, 5.5, 0.5], "rotation": 180, "texture": "#0"}
			}
		},
		{
			"name": "Right Gate Wattle",
			"from": [0.75, 7.5, 11.5],
			"to": [1.25, 16, 12],
			"rotation": {"angle": 22.5, "axis": "z", "origin": [1, 12, 11.75]},
			"faces": {
				"north": {"uv": [3, 0, 3.5, 9], "texture": "#0"},
				"east": {"uv": [1, 0, 1.5, 9], "rotation": 180, "texture": "#0"},
				"south": {"uv": [4, 0, 4.5, 9], "rotation": 180, "texture": "#0"},
				"west": {"uv": [2, 0, 2.5, 9], "texture": "#0"},
				"up": {"uv": [5, 8.5, 5.5, 9], "texture": "#0"},
				"down": {"uv": [5, 0, 5.5, 0.5], "rotation": 180, "texture": "#0"}
			}
		},
		{
			"name": "Right Gate Wattle",
			"from": [0.75, 7.5, 12],
			"to": [1.25, 16, 12.5],
			"rotation": {"angle": -22.5, "axis": "z", "origin": [1, 12, 12.25]},
			"faces": {
				"north": {"uv": [5, 0, 5.5, 9], "texture": "#0"},
				"east": {"uv": [5, 0, 5.5, 9], "texture": "#0"},
				"south": {"uv": [4, 0, 4.5, 9], "rotation": 180, "texture": "#0"},
				"west": {"uv": [5, 0, 5.5, 9], "rotation": 180, "texture": "#0"},
				"up": {"uv": [5, 8.5, 5.5, 9], "texture": "#0"},
				"down": {"uv": [5, 0, 5.5, 0.5], "rotation": 180, "texture": "#0"}
			}
		},
		{
			"name": "Right Gate Wattle",
			"from": [0.75, 7.5, 11],
			"to": [1.25, 16, 11.5],
			"rotation": {"angle": -22.5, "axis": "z", "origin": [1, 12, 11.25]},
			"faces": {
				"north": {"uv": [5, 0, 5.5, 9], "texture": "#0"},
				"east": {"uv": [7, 0, 7.5, 9], "rotation": 180, "texture": "#0"},
				"south": {"uv": [4, 0, 4.5, 9], "rotation": 180, "texture": "#0"},
				"west": {"uv": [7, 0, 7.5, 9], "texture": "#0"},
				"up": {"uv": [5, 8.5, 5.5, 9], "texture": "#0"},
				"down": {"uv": [5, 0, 5.5, 0.5], "rotation": 180, "texture": "#0"}
			}
		},
		{
			"name": "Right Gate Wattle",
			"from": [0.75, 7.5, 10.5],
			"to": [1.25, 16, 11],
			"rotation": {"angle": 22.5, "axis": "z", "origin": [1, 12, 10.75]},
			"faces": {
				"north": {"uv": [5, 0, 5.5, 9], "texture": "#0"},
				"east": {"uv": [4, 0, 4.5, 9], "texture": "#0"},
				"south": {"uv": [4, 0, 4.5, 9], "rotation": 180, "texture": "#0"},
				"west": {"uv": [5, 0, 5.5, 9], "texture": "#0"},
				"up": {"uv": [5, 8.5, 5.5, 9], "texture": "#0"},
				"down": {"uv": [5, 0, 5.5, 0.5], "rotation": 180, "texture": "#0"}
			}
		},
		{
			"name": "Right Gate Wattle",
			"from": [0.75, 7.5, 15],
			"to": [1.25, 16, 15.5],
			"rotation": {"angle": -22.5, "axis": "z", "origin": [1, 12, 15.25]},
			"faces": {
				"north": {"uv": [3, 0, 3.5, 9], "texture": "#0"},
				"east": {"uv": [2, 0, 2.5, 9], "texture": "#0"},
				"south": {"uv": [4, 0, 4.5, 9], "rotation": 180, "texture": "#0"},
				"west": {"uv": [2, 0, 2.5, 9], "rotation": 180, "texture": "#0"},
				"up": {"uv": [5, 8.5, 5.5, 9], "texture": "#0"},
				"down": {"uv": [5, 0, 5.5, 0.5], "rotation": 180, "texture": "#0"}
			}
		},
		{
			"name": "Right Gate Wattle",
			"from": [0.75, 7.5, 14.5],
			"to": [1.25, 16, 15],
			"rotation": {"angle": 22.5, "axis": "z", "origin": [1, 12, 14.75]},
			"faces": {
				"north": {"uv": [5, 0, 5.5, 9], "texture": "#0"},
				"east": {"uv": [3, 0, 3.5, 9], "rotation": 180, "texture": "#0"},
				"south": {"uv": [4, 0, 4.5, 9], "rotation": 180, "texture": "#0"},
				"west": {"uv": [3, 0, 3.5, 9], "texture": "#0"},
				"up": {"uv": [5, 8.5, 5.5, 9], "texture": "#0"},
				"down": {"uv": [5, 0, 5.5, 0.5], "rotation": 180, "texture": "#0"}
			}
		},
		{
			"name": "Right Gate Wattle",
			"from": [0.75, 7.5, 14],
			"to": [1.25, 16, 14.5],
			"rotation": {"angle": -22.5, "axis": "z", "origin": [1, 12, 14.25]},
			"faces": {
				"north": {"uv": [5, 0, 5.5, 9], "texture": "#0"},
				"east": {"uv": [5, 0, 5.5, 9], "rotation": 180, "texture": "#0"},
				"south": {"uv": [4, 0, 4.5, 9], "rotation": 180, "texture": "#0"},
				"west": {"uv": [5, 0, 5.5, 9], "rotation": 180, "texture": "#0"},
				"up": {"uv": [5, 8.5, 5.5, 9], "texture": "#0"},
				"down": {"uv": [5, 0, 5.5, 0.5], "rotation": 180, "texture": "#0"}
			}
		},
		{
			"name": "Right Gate Wattle",
			"from": [0.75, 7.5, 13.5],
			"to": [1.25, 16, 14],
			"rotation": {"angle": 22.5, "axis": "z", "origin": [1, 12, 13.75]},
			"faces": {
				"north": {"uv": [5, 0, 5.5, 9], "texture": "#0"},
				"east": {"uv": [4, 0, 4.5, 9], "rotation": 180, "texture": "#0"},
				"south": {"uv": [4, 0, 4.5, 9], "rotation": 180, "texture": "#0"},
				"west": {"uv": [5, 0, 5.5, 9], "texture": "#0"},
				"up": {"uv": [5, 8.5, 5.5, 9], "texture": "#0"},
				"down": {"uv": [5, 0, 5.5, 0.5], "rotation": 180, "texture": "#0"}
			}
		},
		{
			"name": "Right Gate Wattle",
			"from": [0.75, 7.5, 13],
			"to": [1.25, 16, 13.5],
			"rotation": {"angle": -22.5, "axis": "z", "origin": [1, 12, 13.25]},
			"faces": {
				"north": {"uv": [5, 0, 5.5, 9], "texture": "#0"},
				"east": {"uv": [5, 0, 5.5, 9], "rotation": 180, "texture": "#0"},
				"south": {"uv": [4, 0, 4.5, 9], "rotation": 180, "texture": "#0"},
				"west": {"uv": [7, 0, 7.5, 9], "rotation": 180, "texture": "#0"},
				"up": {"uv": [5, 8.5, 5.5, 9], "texture": "#0"},
				"down": {"uv": [5, 0, 5.5, 0.5], "rotation": 180, "texture": "#0"}
			}
		},
		{
			"name": "Right Gate Wattle",
			"from": [0.75, 7.5, 12.5],
			"to": [1.25, 16, 13],
			"rotation": {"angle": 22.5, "axis": "z", "origin": [1, 12, 12.75]},
			"faces": {
				"north": {"uv": [5, 0, 5.5, 9], "texture": "#0"},
				"east": {"uv": [6, 0, 6.5, 9], "texture": "#0"},
				"south": {"uv": [4, 0, 4.5, 9], "rotation": 180, "texture": "#0"},
				"west": {"uv": [4, 0, 4.5, 9], "rotation": 180, "texture": "#0"},
				"up": {"uv": [5, 8.5, 5.5, 9], "texture": "#0"},
				"down": {"uv": [5, 0, 5.5, 0.5], "rotation": 180, "texture": "#0"}
			}
		},
		{
			"name": "Right Gate Wattle",
			"from": [0.75, 0, 12.5],
			"to": [1.25, 8.5, 13],
			"rotation": {"angle": -22.5, "axis": "z", "origin": [1, 4, 12.75]},
			"faces": {
				"north": {"uv": [5.5, 0, 5, 9], "rotation": 180, "texture": "#0"},
				"east": {"uv": [6, 9, 6.5, 0], "texture": "#0"},
				"south": {"uv": [4.5, 0, 4, 9], "texture": "#0"},
				"west": {"uv": [4, 9, 4.5, 0], "rotation": 180, "texture": "#0"},
				"up": {"uv": [5.5, 0, 5, 0.5], "texture": "#0"},
				"down": {"uv": [5.5, 8.5, 5, 9], "rotation": 180, "texture": "#0"}
			}
		},
		{
			"name": "Right Gate Wattle",
			"from": [0.75, 0, 13],
			"to": [1.25, 8.5, 13.5],
			"rotation": {"angle": 22.5, "axis": "z", "origin": [1, 4, 13.25]},
			"faces": {
				"north": {"uv": [5.5, 0, 5, 9], "rotation": 180, "texture": "#0"},
				"east": {"uv": [5, 9, 5.5, 0], "rotation": 180, "texture": "#0"},
				"south": {"uv": [4.5, 0, 4, 9], "texture": "#0"},
				"west": {"uv": [7, 9, 7.5, 0], "rotation": 180, "texture": "#0"},
				"up": {"uv": [5.5, 0, 5, 0.5], "texture": "#0"},
				"down": {"uv": [5.5, 8.5, 5, 9], "rotation": 180, "texture": "#0"}
			}
		},
		{
			"name": "Right Gate Wattle",
			"from": [0.75, 0, 13.5],
			"to": [1.25, 8.5, 14],
			"rotation": {"angle": -22.5, "axis": "z", "origin": [1, 4, 13.75]},
			"faces": {
				"north": {"uv": [5.5, 0, 5, 9], "rotation": 180, "texture": "#0"},
				"east": {"uv": [4, 9, 4.5, 0], "rotation": 180, "texture": "#0"},
				"south": {"uv": [4.5, 0, 4, 9], "texture": "#0"},
				"west": {"uv": [5, 9, 5.5, 0], "texture": "#0"},
				"up": {"uv": [5.5, 0, 5, 0.5], "texture": "#0"},
				"down": {"uv": [5.5, 8.5, 5, 9], "rotation": 180, "texture": "#0"}
			}
		},
		{
			"name": "Right Gate Wattle",
			"from": [0.75, 0, 14],
			"to": [1.25, 8.5, 14.5],
			"rotation": {"angle": 22.5, "axis": "z", "origin": [1, 4, 14.25]},
			"faces": {
				"north": {"uv": [5.5, 0, 5, 9], "rotation": 180, "texture": "#0"},
				"east": {"uv": [5, 9, 5.5, 0], "rotation": 180, "texture": "#0"},
				"south": {"uv": [4.5, 0, 4, 9], "texture": "#0"},
				"west": {"uv": [5, 9, 5.5, 0], "rotation": 180, "texture": "#0"},
				"up": {"uv": [5.5, 0, 5, 0.5], "texture": "#0"},
				"down": {"uv": [5.5, 8.5, 5, 9], "rotation": 180, "texture": "#0"}
			}
		},
		{
			"name": "Right Gate Wattle",
			"from": [0.75, 0, 14.5],
			"to": [1.25, 8.5, 15],
			"rotation": {"angle": -22.5, "axis": "z", "origin": [1, 4, 14.75]},
			"faces": {
				"north": {"uv": [5.5, 0, 5, 9], "rotation": 180, "texture": "#0"},
				"east": {"uv": [3, 9, 3.5, 0], "rotation": 180, "texture": "#0"},
				"south": {"uv": [4.5, 0, 4, 9], "texture": "#0"},
				"west": {"uv": [3, 9, 3.5, 0], "texture": "#0"},
				"up": {"uv": [5.5, 0, 5, 0.5], "texture": "#0"},
				"down": {"uv": [5.5, 8.5, 5, 9], "rotation": 180, "texture": "#0"}
			}
		},
		{
			"name": "Right Gate Wattle",
			"from": [0.75, 0, 15],
			"to": [1.25, 8.5, 15.5],
			"rotation": {"angle": 22.5, "axis": "z", "origin": [1, 4, 15.25]},
			"faces": {
				"north": {"uv": [3.5, 0, 3, 9], "rotation": 180, "texture": "#0"},
				"east": {"uv": [2, 9, 2.5, 0], "texture": "#0"},
				"south": {"uv": [4.5, 0, 4, 9], "texture": "#0"},
				"west": {"uv": [2, 9, 2.5, 0], "rotation": 180, "texture": "#0"},
				"up": {"uv": [5.5, 0, 5, 0.5], "texture": "#0"},
				"down": {"uv": [5.5, 8.5, 5, 9], "rotation": 180, "texture": "#0"}
			}
		},
		{
			"name": "Right Gate Wattle",
			"from": [0.75, 0, 10.5],
			"to": [1.25, 8.5, 11],
			"rotation": {"angle": -22.5, "axis": "z", "origin": [1, 4, 10.75]},
			"faces": {
				"north": {"uv": [5.5, 0, 5, 9], "rotation": 180, "texture": "#0"},
				"east": {"uv": [4, 9, 4.5, 0], "texture": "#0"},
				"south": {"uv": [4.5, 0, 4, 9], "texture": "#0"},
				"west": {"uv": [5, 9, 5.5, 0], "texture": "#0"},
				"up": {"uv": [5.5, 0, 5, 0.5], "texture": "#0"},
				"down": {"uv": [5.5, 8.5, 5, 9], "rotation": 180, "texture": "#0"}
			}
		},
		{
			"name": "Right Gate Wattle",
			"from": [0.75, 0, 11],
			"to": [1.25, 8.5, 11.5],
			"rotation": {"angle": 22.5, "axis": "z", "origin": [1, 4, 11.25]},
			"faces": {
				"north": {"uv": [5.5, 0, 5, 9], "rotation": 180, "texture": "#0"},
				"east": {"uv": [7, 9, 7.5, 0], "rotation": 180, "texture": "#0"},
				"south": {"uv": [4.5, 0, 4, 9], "texture": "#0"},
				"west": {"uv": [7, 9, 7.5, 0], "texture": "#0"},
				"up": {"uv": [5.5, 0, 5, 0.5], "texture": "#0"},
				"down": {"uv": [5.5, 8.5, 5, 9], "rotation": 180, "texture": "#0"}
			}
		},
		{
			"name": "Right Gate Wattle",
			"from": [0.75, 0, 12],
			"to": [1.25, 8.5, 12.5],
			"rotation": {"angle": 22.5, "axis": "z", "origin": [1, 4, 12.25]},
			"faces": {
				"north": {"uv": [5.5, 0, 5, 9], "rotation": 180, "texture": "#0"},
				"east": {"uv": [5, 9, 5.5, 0], "texture": "#0"},
				"south": {"uv": [4.5, 0, 4, 9], "texture": "#0"},
				"west": {"uv": [5, 9, 5.5, 0], "rotation": 180, "texture": "#0"},
				"up": {"uv": [5.5, 0, 5, 0.5], "texture": "#0"},
				"down": {"uv": [5.5, 8.5, 5, 9], "rotation": 180, "texture": "#0"}
			}
		},
		{
			"name": "Right Gate Wattle",
			"from": [0.75, 0, 11.5],
			"to": [1.25, 8.5, 12],
			"rotation": {"angle": -22.5, "axis": "z", "origin": [1, 4, 11.75]},
			"faces": {
				"north": {"uv": [3.5, 0, 3, 9], "rotation": 180, "texture": "#0"},
				"east": {"uv": [1, 9, 1.5, 0], "rotation": 180, "texture": "#0"},
				"south": {"uv": [4.5, 0, 4, 9], "texture": "#0"},
				"west": {"uv": [2, 9, 2.5, 0], "texture": "#0"},
				"up": {"uv": [5.5, 0, 5, 0.5], "texture": "#0"},
				"down": {"uv": [5.5, 8.5, 5, 9], "rotation": 180, "texture": "#0"}
			}
		},
		{
			"name": "Right Gate Wattle",
			"from": [0.75, 7.5, 10],
			"to": [1.25, 16, 10.5],
			"rotation": {"angle": -22.5, "axis": "z", "origin": [1, 12, 10.25]},
			"faces": {
				"north": {"uv": [5, 0, 5.5, 9], "texture": "#0"},
				"east": {"uv": [7, 0, 7.5, 9], "rotation": 180, "texture": "#0"},
				"south": {"uv": [4, 0, 4.5, 9], "rotation": 180, "texture": "#0"},
				"west": {"uv": [7, 0, 7.5, 9], "texture": "#0"},
				"up": {"uv": [5, 8.5, 5.5, 9], "texture": "#0"},
				"down": {"uv": [5, 0, 5.5, 0.5], "rotation": 180, "texture": "#0"}
			}
		},
		{
			"name": "Right Gate Wattle",
			"from": [0.75, 0, 10],
			"to": [1.25, 8.5, 10.5],
			"rotation": {"angle": 22.5, "axis": "z", "origin": [1, 4, 10.25]},
			"faces": {
				"north": {"uv": [5.5, 0, 5, 9], "rotation": 180, "texture": "#0"},
				"east": {"uv": [7, 9, 7.5, 0], "rotation": 180, "texture": "#0"},
				"south": {"uv": [4.5, 0, 4, 9], "texture": "#0"},
				"west": {"uv": [7, 9, 7.5, 0], "texture": "#0"},
				"up": {"uv": [5.5, 0, 5, 0.5], "texture": "#0"},
				"down": {"uv": [5.5, 8.5, 5, 9], "rotation": 180, "texture": "#0"}
			}
		},
		{
			"name": "Right Gate Wattle",
			"from": [0.75, 0, 9.5],
			"to": [1.25, 8.5, 10],
			"rotation": {"angle": -22.5, "axis": "z", "origin": [1, 4, 9.75]},
			"faces": {
				"north": {"uv": [5.5, 0, 5, 9], "rotation": 180, "texture": "#0"},
				"east": {"uv": [4, 9, 4.5, 0], "texture": "#0"},
				"south": {"uv": [4.5, 0, 4, 9], "texture": "#0"},
				"west": {"uv": [5, 9, 5.5, 0], "texture": "#0"},
				"up": {"uv": [5.5, 0, 5, 0.5], "texture": "#0"},
				"down": {"uv": [5.5, 8.5, 5, 9], "rotation": 180, "texture": "#0"}
			}
		},
		{
			"name": "Bottom Right Post",
			"from": [0, 0.5, 9.3],
			"to": [2, 1.5, 15.8],
			"faces": {
				"north": {"uv": [2.5, 9.5, 4.5, 10.5], "rotation": 180, "texture": "#0"},
				"east": {"uv": [15, 0, 16, 6.5], "rotation": 270, "texture": "#0"},
				"south": {"uv": [0, 9.5, 2, 10.5], "texture": "#0"},
				"west": {"uv": [11, 0, 12, 6.5], "rotation": 90, "texture": "#0"},
				"up": {"uv": [12.5, 0, 14.5, 6.5], "rotation": 180, "texture": "#0"},
				"down": {"uv": [12.5, 0, 14.5, 6.5], "texture": "#0"}
			}
		},
		{
			"name": "South Right Post",
			"from": [0, 0.5, 15.8],
			"to": [2, 15.5, 16.3],
			"faces": {
				"north": {"uv": [14.5, 1, 12.5, 16], "texture": "#0"},
				"east": {"uv": [15.5, 1, 15, 16], "texture": "#0"},
				"south": {"uv": [9.5, 1, 7.5, 16], "texture": "#0"},
				"west": {"uv": [12.5, 1, 12, 16], "texture": "#0"},
				"up": {"uv": [2, 9.5, 0, 10], "texture": "#0"},
				"down": {"uv": [4.5, 9.5, 2.5, 10], "texture": "#0"}
			}
		},
		{
			"name": "North Right Post",
			"from": [0, 0, 8.3],
			"to": [2, 16, 9.3],
			"faces": {
				"north": {"uv": [9.5, 0, 7.5, 16], "texture": "#0"},
				"east": {"uv": [15.5, 0, 14.5, 16], "texture": "#0"},
				"south": {"uv": [14.5, 0, 12.5, 16], "texture": "#0"},
				"west": {"uv": [12.5, 0, 11.5, 16], "texture": "#0"},
				"up": {"uv": [2, 9.5, 0, 10.5], "rotation": 180, "texture": "#0"},
				"down": {"uv": [4.5, 9.5, 2.5, 10.5], "texture": "#0"}
			}
		},
		{
			"name": "Middle Right Post",
			"from": [-0.5, 7.5, 9.3],
			"to": [2.5, 8.5, 16.3],
			"faces": {
				"north": {"uv": [1.5, 9.5, 4.5, 10.5], "rotation": 180, "texture": "#0"},
				"east": {"uv": [15, 0, 16, 7], "rotation": 270, "texture": "#0"},
				"south": {"uv": [0, 9.5, 3, 10.5], "texture": "#0"},
				"west": {"uv": [11, 0, 12, 7], "rotation": 90, "texture": "#0"},
				"up": {"uv": [12, 0, 15, 7], "rotation": 180, "texture": "#0"},
				"down": {"uv": [12, 0, 15, 7], "texture": "#0"}
			}
		},
		{
			"name": "Top Right Post",
			"from": [0, 14.5, 9.3],
			"to": [2, 15.5, 15.8],
			"faces": {
				"north": {"uv": [2.5, 9.5, 4.5, 10.5], "rotation": 180, "texture": "#0"},
				"east": {"uv": [15, 0, 16, 6.5], "rotation": 270, "texture": "#0"},
				"south": {"uv": [0, 9.5, 2, 10.5], "texture": "#0"},
				"west": {"uv": [11, 0, 12, 6.5], "rotation": 90, "texture": "#0"},
				"up": {"uv": [12.5, 0, 14.5, 6.5], "rotation": 180, "texture": "#0"},
				"down": {"uv": [12.5, 0, 14.5, 6.5], "texture": "#0"}
			}
		}
	],
	"display": {
		"thirdperson_righthand": {
			"rotation": [75, 45, 0],
			"translation": [0, 2.5, 0],
			"scale": [0.375, 0.375, 0.375]
		},
		"thirdperson_lefthand": {
			"rotation": [75, 45, 0],
			"translation": [0, 2.5, 0],
			"scale": [0.375, 0.375, 0.375]
		},
		"firstperson_righthand": {
			"rotation": [0, 45, 0],
			"scale": [0.4, 0.4, 0.4]
		},
		"firstperson_lefthand": {
			"rotation": [0, 225, 0],
			"scale": [0.4, 0.4, 0.4]
		},
		"ground": {
			"translation": [0, 3, 0],
			"scale": [0.25, 0.25, 0.25]
		},
		"gui": {
			"rotation": [30, 125, 0],
			"scale": [0.625, 0.625, 0.625]
		},
		"fixed": {
			"rotation": [0, 90, 0],
			"scale": [0.5, 0.5, 0.5]
		}
	},
	"groups": [
		{
			"name": "Wattle Fence Gate",
			"children": [
				{
					"name": "Left Fence Gate",
					"children": [0, 1, 2, 3, 4, 5, 6, 7, 8, 9, 10, 11, 12, 13, 14, 15, 16, 17, 18, 19, 20, 21, 22, 23, 24, 25, 26, 27, 28]
				},
				{
					"name": "Right Fence Gate",
					"children": [29, 30, 31, 32, 33, 34, 35, 36, 37, 38, 39, 40, 41, 42, 43, 44, 45, 46, 47, 48, 49, 50, 51, 52, 53, 54, 55, 56, 57]
				}
			]
		}
	]
}