{
	"credit": "Made by Joanarr with Blockbench",
	"texture_size": [32, 32],
	"textures": {
		"0": "block/lantern_frame",
		"1": "block/lantern_light",
		"particle": "block/lantern_frame"
	},
	"elements": [
		{
			"from": [4, 0, 4],
			"to": [12, 0.5, 12],
			"faces": {
				"north": {"uv": [12, 12, 16, 12.25], "texture": "#0"},
				"east": {"uv": [15.75, 12, 16, 16], "rotation": 90, "texture": "#0"},
				"south": {"uv": [12, 15.75, 16, 16], "texture": "#0"},
				"west": {"uv": [12, 12, 12.25, 16], "rotation": 270, "texture": "#0"},
				"up": {"uv": [12, 12, 16, 16], "texture": "#0"},
				"down": {"uv": [12, 16, 16, 12], "texture": "#0"}
			}
		},
		{
			"from": [5.5, 3, 5.5],
			"to": [10.5, 3.5, 10.5],
			"faces": {
				"north": {"uv": [13.5, 3, 16, 3.25], "texture": "#0"},
				"east": {"uv": [15.75, 3, 16, 5.5], "rotation": 90, "texture": "#0"},
				"south": {"uv": [13.5, 5.25, 16, 5.5], "texture": "#0"},
				"west": {"uv": [13.5, 3, 13.75, 5.5], "rotation": 270, "texture": "#0"},
				"up": {"uv": [13.5, 3, 16, 5.5], "texture": "#0"},
				"down": {"uv": [0, 0, 2.5, 2.5], "texture": "#missing"}
			}
		},
		{
			"from": [5.5, 9, 5.5],
			"to": [10.5, 11, 10.5],
			"faces": {
				"north": {"uv": [13.5, 3, 16, 3.25], "texture": "#0"},
				"east": {"uv": [15.75, 3, 16, 5.5], "rotation": 90, "texture": "#0"},
				"south": {"uv": [13.5, 5.25, 16, 5.5], "texture": "#0"},
				"west": {"uv": [13.5, 3, 13.75, 5.5], "rotation": 270, "texture": "#0"},
				"up": {"uv": [13.5, 3, 16, 5.5], "texture": "#0"},
				"down": {"uv": [13.5, 5.5, 16, 3], "texture": "#0"}
			}
		},
		{
			"from": [6, 11, 6],
			"to": [10, 11.5, 10],
			"faces": {
				"north": {"uv": [1.75, 0, 2, 2], "rotation": 90, "texture": "#0"},
				"east": {"uv": [0, 1.75, 2, 2], "texture": "#0"},
				"south": {"uv": [0, 0, 0.25, 2], "rotation": 270, "texture": "#0"},
				"west": {"uv": [0, 0, 2, 0.25], "rotation": 180, "texture": "#0"},
				"up": {"uv": [0, 0, 2, 2], "rotation": 270, "texture": "#0"}
			}
		},
		{
			"from": [4.5, 0.5, 4.5],
			"to": [11.5, 1, 11.5],
			"faces": {
				"north": {"uv": [12.5, 8.5, 16, 8.75], "texture": "#0"},
				"east": {"uv": [15.75, 8.5, 16, 12], "rotation": 90, "texture": "#0"},
				"south": {"uv": [12.5, 11.75, 16, 12], "texture": "#0"},
				"west": {"uv": [12.5, 8.5, 12.75, 12], "rotation": 270, "texture": "#0"},
				"up": {"uv": [12.5, 8.5, 16, 12], "texture": "#0"}
			}
		},
		{
			"from": [4.5, 9.5, 4.5],
			"to": [11.5, 10, 11.5],
			"faces": {
				"north": {"uv": [12.5, 8.5, 16, 8.75], "texture": "#0"},
				"east": {"uv": [15.75, 8.5, 16, 12], "rotation": 90, "texture": "#0"},
				"south": {"uv": [12.5, 11.75, 16, 12], "texture": "#0"},
				"west": {"uv": [12.5, 8.5, 12.75, 12], "rotation": 270, "texture": "#0"},
				"up": {"uv": [12.5, 8.5, 16, 12], "texture": "#0"},
				"down": {"uv": [12.5, 12, 16, 8.5], "texture": "#0"}
			}
		},
		{
			"from": [5, 1, 5],
			"to": [11, 3, 11],
			"faces": {
				"north": {"uv": [13, 5.75, 16, 6.75], "texture": "#0"},
				"east": {"uv": [13, 5.75, 16, 6.75], "texture": "#0"},
				"south": {"uv": [13, 5.75, 16, 6.75], "texture": "#0"},
				"west": {"uv": [13, 5.75, 16, 6.75], "texture": "#0"},
				"up": {"uv": [13, 5.5, 16, 8.5], "texture": "#0"},
				"down": {"uv": [0, 0, 3, 3], "texture": "#missing"}
			}
		},
		{
			"from": [5, 10, 5],
			"to": [11, 10.5, 11],
			"faces": {
				"north": {"uv": [13, 5.5, 16, 5.75], "texture": "#0"},
				"east": {"uv": [15.75, 5.5, 16, 8.5], "rotation": 90, "texture": "#0"},
				"south": {"uv": [13, 8.25, 16, 8.5], "texture": "#0"},
				"west": {"uv": [13, 5.5, 13.25, 8.5], "rotation": 270, "texture": "#0"},
				"up": {"uv": [13, 5.5, 16, 8.5], "texture": "#0"}
			}
		},
		{
			"from": [6, 3.5, 6],
			"to": [10, 9, 10],
			"faces": {
				"north": {"uv": [0, 0, 8, 12], "texture": "#1"},
				"east": {"uv": [8, 0, 16, 12], "texture": "#1"},
				"south": {"uv": [0, 0, 8, 12], "texture": "#1"},
				"west": {"uv": [8, 0, 16, 12], "texture": "#1"},
				"up": {"uv": [0, 0, 8, 12], "texture": "#1"},
				"down": {"uv": [0, 0, 8, 12], "texture": "#1"}
			}
		},
		{
			"from": [6.25, 3.5, 5.75],
			"to": [6.75, 9, 10.25],
			"faces": {
				"north": {"uv": [5, 15.25, 7.75, 15.5], "rotation": 90, "texture": "#0"},
				"east": {"uv": [5, 15.25, 7.75, 15.5], "rotation": 90, "texture": "#0"},
				"south": {"uv": [5, 15.25, 7.75, 15.5], "rotation": 90, "texture": "#0"},
				"west": {"uv": [5, 15.25, 7.75, 15.5], "rotation": 90, "texture": "#0"}
			}
		},
		{
			"from": [5.75, 3.5, 9.25],
			"to": [10.25, 9, 9.75],
			"faces": {
				"north": {"uv": [5, 15.25, 7.75, 15.5], "rotation": 90, "texture": "#0"},
				"east": {"uv": [5, 15.25, 7.75, 15.5], "rotation": 90, "texture": "#0"},
				"south": {"uv": [5, 15.25, 7.75, 15.5], "rotation": 90, "texture": "#0"},
				"west": {"uv": [5, 15.25, 7.75, 15.5], "rotation": 90, "texture": "#0"}
			}
		},
		{
			"from": [7.25, 3.5, 5.75],
			"to": [7.75, 9, 10.25],
			"faces": {
				"north": {"uv": [5, 15.25, 7.75, 15.5], "rotation": 90, "texture": "#0"},
				"east": {"uv": [5, 15.25, 7.75, 15.5], "rotation": 90, "texture": "#0"},
				"south": {"uv": [5, 15.25, 7.75, 15.5], "rotation": 90, "texture": "#0"},
				"west": {"uv": [5, 15.25, 7.75, 15.5], "rotation": 90, "texture": "#0"}
			}
		},
		{
			"from": [5.75, 3.5, 8.25],
			"to": [10.25, 9, 8.75],
			"faces": {
				"north": {"uv": [5, 15.25, 7.75, 15.5], "rotation": 90, "texture": "#0"},
				"east": {"uv": [5, 15.25, 7.75, 15.5], "rotation": 90, "texture": "#0"},
				"south": {"uv": [5, 15.25, 7.75, 15.5], "rotation": 90, "texture": "#0"},
				"west": {"uv": [5, 15.25, 7.75, 15.5], "rotation": 90, "texture": "#0"}
			}
		},
		{
			"from": [9.25, 3.5, 5.75],
			"to": [9.75, 9, 10.25],
			"faces": {
				"north": {"uv": [5, 15.25, 7.75, 15.5], "rotation": 90, "texture": "#0"},
				"east": {"uv": [5, 15.25, 7.75, 15.5], "rotation": 90, "texture": "#0"},
				"south": {"uv": [5, 15.25, 7.75, 15.5], "rotation": 90, "texture": "#0"},
				"west": {"uv": [5, 15.25, 7.75, 15.5], "rotation": 90, "texture": "#0"}
			}
		},
		{
			"from": [5.75, 3.5, 6.25],
			"to": [10.25, 9, 6.75],
			"faces": {
				"north": {"uv": [5, 15.25, 7.75, 15.5], "rotation": 90, "texture": "#0"},
				"east": {"uv": [5, 15.25, 7.75, 15.5], "rotation": 90, "texture": "#0"},
				"south": {"uv": [5, 15.25, 7.75, 15.5], "rotation": 90, "texture": "#0"},
				"west": {"uv": [5, 15.25, 7.75, 15.5], "rotation": 90, "texture": "#0"}
			}
		},
		{
			"from": [8.25, 3.5, 5.75],
			"to": [8.75, 9, 10.25],
			"faces": {
				"north": {"uv": [5, 15.25, 7.75, 15.5], "rotation": 90, "texture": "#0"},
				"east": {"uv": [5, 15.25, 7.75, 15.5], "rotation": 90, "texture": "#0"},
				"south": {"uv": [5, 15.25, 7.75, 15.5], "rotation": 90, "texture": "#0"},
				"west": {"uv": [5, 15.25, 7.75, 15.5], "rotation": 90, "texture": "#0"}
			}
		},
		{
			"from": [5.75, 3.5, 7.25],
			"to": [10.25, 9, 7.75],
			"faces": {
				"north": {"uv": [5, 15.25, 7.75, 15.5], "rotation": 90, "texture": "#0"},
				"east": {"uv": [5, 15.25, 7.75, 15.5], "rotation": 90, "texture": "#0"},
				"south": {"uv": [5, 15.25, 7.75, 15.5], "rotation": 90, "texture": "#0"},
				"west": {"uv": [5, 15.25, 7.75, 15.5], "rotation": 90, "texture": "#0"}
			}
		},
		{
			"from": [7.5, 1.5, 4.5],
			"to": [8.5, 2.5, 11.5],
			"rotation": {"angle": 45, "axis": "z", "origin": [8, 2, 8]},
			"faces": {
				"north": {"uv": [0, 0, 2, 2], "texture": "#0"},
				"east": {"uv": [0, 0, 2, 2], "texture": "#0"},
				"south": {"uv": [0, 0, 2, 2], "texture": "#0"},
				"west": {"uv": [0, 0, 2, 2], "texture": "#0"},
				"up": {"uv": [0, 0, 2, 2], "texture": "#0"},
				"down": {"uv": [0, 0, 2, 2], "texture": "#0"}
			}
		},
		{
			"from": [4.5, 1.5, 7.5],
			"to": [11.5, 2.5, 8.5],
			"rotation": {"angle": 45, "axis": "x", "origin": [8, 2, 8]},
			"faces": {
				"north": {"uv": [0, 0, 2, 2], "texture": "#0"},
				"east": {"uv": [0, 0, 2, 2], "texture": "#0"},
				"south": {"uv": [0, 0, 2, 2], "texture": "#0"},
				"west": {"uv": [0, 0, 2, 2], "texture": "#0"},
				"up": {"uv": [0, 0, 2, 2], "rotation": 270, "texture": "#0"},
				"down": {"uv": [0, 0, 2, 2], "rotation": 90, "texture": "#0"}
			}
		},
		{
			"from": [10, 11, 7.75],
			"to": [10.5, 14, 8.25],
			"faces": {
				"north": {"uv": [5.75, 15.25, 7.25, 15.5], "rotation": 90, "texture": "#0"},
				"east": {"uv": [5.75, 15.25, 7.25, 15.5], "rotation": 90, "texture": "#0"},
				"south": {"uv": [5.75, 15.25, 7.25, 15.5], "rotation": 90, "texture": "#0"},
				"west": {"uv": [5.75, 15.25, 7.25, 15.5], "rotation": 90, "texture": "#0"},
				"up": {"uv": [5.75, 15.25, 6, 15.5], "rotation": 90, "texture": "#0"}
			}
		},
		{
			"from": [5.5, 11, 7.75],
			"to": [6, 14, 8.25],
			"faces": {
				"north": {"uv": [5.75, 15.25, 7.25, 15.5], "rotation": 90, "texture": "#0"},
				"east": {"uv": [5.75, 15.25, 7.25, 15.5], "rotation": 90, "texture": "#0"},
				"south": {"uv": [5.75, 15.25, 7.25, 15.5], "rotation": 90, "texture": "#0"},
				"west": {"uv": [5.75, 15.25, 7.25, 15.5], "rotation": 90, "texture": "#0"},
				"up": {"uv": [5.75, 15.25, 6, 15.5], "rotation": 90, "texture": "#0"}
			}
		},
		{
			"from": [5.75, 13.5, 7.5],
			"to": [10.25, 14.5, 8.5],
			"faces": {
				"north": {"uv": [2, 0, 4.25, 0.5], "texture": "#0"},
				"east": {"uv": [2, 0, 2.5, 0.5], "texture": "#0"},
				"south": {"uv": [2, 0, 4.25, 0.5], "rotation": 180, "texture": "#0"},
				"west": {"uv": [3.75, 0, 4.25, 0.5], "texture": "#0"},
				"up": {"uv": [2, 0, 4.25, 0.5], "texture": "#0"},
				"down": {"uv": [2, 0, 4.25, 0.5], "texture": "#0"}
			}
		}
	],
	"display": {
		"thirdperson_righthand": {
			"rotation": [80, 0, 0],
			"translation": [0, -3, -3],
			"scale": [0.75, 0.75, 0.75]
		},
		"thirdperson_lefthand": {
			"rotation": [80, 0, 0],
			"translation": [0, -3, -3],
			"scale": [0.75, 0.75, 0.75]
		},
		"firstperson_righthand": {
			"rotation": [0, -45, 0],
			"translation": [1, 2.5, 0],
			"scale": [0.5, 0.5, 0.5]
		},
		"firstperson_lefthand": {
			"rotation": [0, -45, 0],
			"translation": [1, 2.5, 0],
			"scale": [0.5, 0.5, 0.5]
		},
		"ground": {
			"translation": [0, 2, 0],
			"scale": [0.4, 0.4, 0.4]
		},
		"gui": {
			"rotation": [30, 45, 0],
			"translation": [0, 1.5, 0]
		},
		"head": {
			"translation": [0, 14.5, 0]
		},
		"fixed": {
			"translation": [0, 1, -0.5]
		}
	}
}