{
	"credit": "Made with Blockbench",
	"parent": "block/generated",
	"textures": {
		"0": "block/redstone_lamp",
		"1": "block/redstone_lamp_top",
		"particle": "block/redstone_lamp"
	},
	"elements": [
		{
			"from": [0.5, 0.5, 0.5],
			"to": [15.5, 15.5, 15.5],
			"faces": {
				"north": {"uv": [0.5, 0.5, 15.5, 15.5], "texture": "#0"},
				"east": {"uv": [0.5, 0.5, 15.5, 15.5], "texture": "#0"},
				"south": {"uv": [0.5, 0.5, 15.5, 15.5], "texture": "#0"},
				"west": {"uv": [0.5, 0.5, 15.5, 15.5], "texture": "#0"},
				"up": {"uv": [0.5, 0.5, 15.5, 15.5], "texture": "#1"},
				"down": {"uv": [0.5, 0.5, 15.5, 15.5], "texture": "#1"}
			}
		},
		{
			"from": [0, 0, 0],
			"to": [1, 16, 1],
			"faces": {
				"north": {"uv": [15, 0, 16, 16], "texture": "#0"},
				"east": {"uv": [16, 0, 15, 16], "texture": "#0"},
				"south": {"uv": [1, 0, 0, 16], "texture": "#0"},
				"west": {"uv": [0, 0, 1, 16], "texture": "#0"},
				"up": {"uv": [0, 0, 1, 1], "texture": "#1"},
				"down": {"uv": [0, 15, 1, 16], "texture": "#1"}
			}
		},
		{
			"from": [15, 0, 0],
			"to": [16, 16, 1],
			"faces": {
				"north": {"uv": [0, 0, 1, 16], "texture": "#0"},
				"east": {"uv": [15, 0, 16, 16], "texture": "#0"},
				"south": {"uv": [16, 0, 15, 16], "texture": "#0"},
				"west": {"uv": [1, 0, 0, 16], "texture": "#0"},
				"up": {"uv": [15, 0, 16, 1], "texture": "#1"},
				"down": {"uv": [15, 15, 16, 16], "texture": "#1"}
			}
		},
		{
			"from": [15, 0, 15],
			"to": [16, 16, 16],
			"faces": {
				"north": {"uv": [1, 0, 0, 16], "texture": "#0"},
				"east": {"uv": [0, 0, 1, 16], "texture": "#0"},
				"south": {"uv": [15, 0, 16, 16], "texture": "#0"},
				"west": {"uv": [16, 0, 15, 16], "texture": "#0"},
				"up": {"uv": [15, 15, 16, 16], "texture": "#1"},
				"down": {"uv": [15, 0, 16, 1], "texture": "#1"}
			}
		},
		{
			"from": [0, 0, 15],
			"to": [1, 16, 16],
			"faces": {
				"north": {"uv": [16, 0, 15, 16], "texture": "#0"},
				"east": {"uv": [1, 0, 0, 16], "texture": "#0"},
				"south": {"uv": [0, 0, 1, 16], "texture": "#0"},
				"west": {"uv": [15, 0, 16, 16], "texture": "#0"},
				"up": {"uv": [0, 15, 1, 16], "texture": "#1"},
				"down": {"uv": [0, 0, 1, 1], "texture": "#1"}
			}
		},
		{
			"from": [1, 0, 0],
			"to": [15, 2.5, 1.5],
			"faces": {
				"north": {"uv": [1, 13.5, 15, 16], "texture": "#0"},
				"south": {"uv": [1, 14.5, 15, 15], "texture": "#1"},
				"up": {"uv": [1, 13.5, 15, 14], "texture": "#0"},
				"down": {"uv": [1, 14.5, 15, 16], "texture": "#1"}
			}
		},
		{
			"from": [1, 13.5, 0],
			"to": [15, 16, 1.5],
			"faces": {
				"north": {"uv": [1, 0, 15, 2.5], "texture": "#0"},
				"south": {"uv": [1, 14.5, 15, 15], "texture": "#1"},
				"up": {"uv": [1, 0, 15, 1.5], "texture": "#1"},
				"down": {"uv": [1, 5.5, 15, 7], "texture": "#0"}
			}
		},
		{
			"from": [14.5, 13.5, 1],
			"to": [16, 16, 15],
			"faces": {
				"east": {"uv": [1, 0, 15, 2.5], "texture": "#0"},
				"west": {"uv": [1, 1, 15, 1.5], "texture": "#1"},
				"up": {"uv": [14.5, 1, 16, 15], "texture": "#1"},
				"down": {"uv": [1, 5.5, 15, 7], "rotation": 270, "texture": "#0"}
			}
		},
		{
			"from": [1, 13.5, 14.5],
			"to": [15, 16, 16],
			"faces": {
				"north": {"uv": [1, 1, 15, 1.5], "texture": "#1"},
				"south": {"uv": [1, 0, 15, 2.5], "texture": "#0"},
				"up": {"uv": [1, 14.5, 15, 16], "texture": "#1"},
				"down": {"uv": [1, 5.5, 15, 7], "rotation": 180, "texture": "#0"}
			}
		},
		{
			"from": [0, 13.5, 1],
			"to": [1.5, 16, 15],
			"faces": {
				"east": {"uv": [1, 14.5, 15, 15], "texture": "#1"},
				"west": {"uv": [1, 0, 15, 2.5], "texture": "#0"},
				"up": {"uv": [0, 1, 1.5, 15], "texture": "#1"},
				"down": {"uv": [1, 5.5, 15, 7], "rotation": 90, "texture": "#0"}
			}
		},
		{
			"from": [14.5, 0, 1],
			"to": [16, 2.5, 15],
			"faces": {
				"east": {"uv": [1, 13.5, 15, 16], "texture": "#0"},
				"west": {"uv": [14.5, 1, 15, 15], "rotation": 90, "texture": "#1"},
				"up": {"uv": [1, 13.5, 15, 14], "rotation": 90, "texture": "#0"},
				"down": {"uv": [14.5, 1, 16, 15], "texture": "#1"}
			}
		},
		{
			"from": [1, 0, 14.5],
			"to": [15, 2.5, 16],
			"faces": {
				"north": {"uv": [1, 1, 15, 1.5], "rotation": 180, "texture": "#1"},
				"south": {"uv": [1, 13.5, 15, 16], "texture": "#0"},
				"up": {"uv": [1, 13.5, 15, 14], "rotation": 180, "texture": "#0"},
				"down": {"uv": [1, 0, 15, 1.5], "texture": "#1"}
			}
		},
		{
			"from": [0, 0, 1],
			"to": [1.5, 2.5, 15],
			"faces": {
				"east": {"uv": [1, 1, 1.5, 15], "rotation": 270, "texture": "#1"},
				"west": {"uv": [1, 13.5, 15, 16], "texture": "#0"},
				"up": {"uv": [1, 13.5, 15, 14], "rotation": 270, "texture": "#0"},
				"down": {"uv": [0, 1, 1.5, 15], "texture": "#1"}
			}
		},
		{
			"from": [4, 2.5, 0],
			"to": [5, 13.5, 16],
			"faces": {
				"north": {"uv": [11, 2.5, 12, 13.5], "texture": "#0"},
				"east": {"uv": [4.5, 2.5, 11.5, 13.5], "texture": "#0"},
				"south": {"uv": [4, 2.5, 5, 13.5], "texture": "#0"},
				"west": {"uv": [4, 2.5, 12, 13.5], "texture": "#0"}
			}
		},
		{
			"from": [0, 2.5, 4],
			"to": [16, 13.5, 5],
			"faces": {
				"north": {"uv": [4, 2.5, 12, 13.5], "texture": "#0"},
				"east": {"uv": [11, 2.5, 12, 13.5], "texture": "#0"},
				"south": {"uv": [4.5, 2.5, 11.5, 13.5], "texture": "#0"},
				"west": {"uv": [4, 2.5, 5, 13.5], "texture": "#0"}
			}
		},
		{
			"from": [11, 2.5, 0],
			"to": [12, 13.5, 16],
			"faces": {
				"north": {"uv": [4, 2.5, 5, 13.5], "texture": "#0"},
				"east": {"uv": [4, 2.5, 12, 13.5], "texture": "#0"},
				"south": {"uv": [11, 2.5, 12, 13.5], "texture": "#0"},
				"west": {"uv": [4.5, 2.5, 11.5, 13.5], "texture": "#0"}
			}
		},
		{
			"from": [0, 2.5, 11],
			"to": [16, 13.5, 12],
			"faces": {
				"north": {"uv": [4.5, 2.5, 11.5, 13.5], "texture": "#0"},
				"east": {"uv": [4, 2.5, 5, 13.5], "texture": "#0"},
				"south": {"uv": [4, 2.5, 12, 13.5], "texture": "#0"},
				"west": {"uv": [11, 2.5, 12, 13.5], "texture": "#0"}
			}
		}
	],
	"display": {
		"thirdperson_righthand": {
			"rotation": [75, 45, 0],
			"translation": [0, 2.5, 0],
			"scale": [0.375, 0.375, 0.375]
		},
		"thirdperson_lefthand": {
			"rotation": [75, 45, 0],
			"translation": [0, 2.5, 0],
			"scale": [0.375, 0.375, 0.375]
		},
		"firstperson_righthand": {
			"rotation": [0, 45, 0],
			"scale": [0.4, 0.4, 0.4]
		},
		"firstperson_lefthand": {
			"rotation": [0, -135, 0],
			"scale": [0.4, 0.4, 0.4]
		},
		"ground": {
			"translation": [0, 3, 0],
			"scale": [0.25, 0.25, 0.25]
		},
		"gui": {
			"rotation": [30, -135, 0],
			"scale": [0.625, 0.625, 0.625]
		},
		"fixed": {
			"scale": [0.5, 0.5, 0.5]
		}
	}
}