{
	"credit": "Made with Blockbench, model by LTK1",
	"ambientocclusion": false,
	"textures": {
		"0": "blocks/door_jungle_rim",
		"particle": "blocks/door_jungle_upper"
	},
	"elements": [
		{
			"name": "Leftblock",
			"from": [0, 0, 0],
			"to": [3, 16, 6],
			"faces": {
				"north": {
					"uv": [8.532, 0.032, 11.468, 15.968],
					"texture": "#0",
					"cullface": "down"
				},
				"east": {
					"uv": [5.968, 0.032, 0.032, 15.968],
					"texture": "#particle"
				},
				"south": {
					"uv": [8.532, 0.032, 11.468, 15.968],
					"texture": "#0"
				},
				"west": {
					"uv": [0.032, 0.032, 5.968, 15.968],
					"texture": "#particle",
					"cullface": "west"
				},
				"up": {
					"uv": [13.032, 0.032, 15.968, 5.968],
					"texture": "#0",
					"cullface": "up"
				}
			},
			"rotation": {
				"origin": [8, 8, 8],
				"axis": "y",
				"angle": 0
			},
			"type": "cube"
		},
		{
			"name": "Rightblock",
			"from": [0, 0, 10],
			"to": [3, 16, 16],
			"faces": {
				"north": {
					"uv": [8.532, 0.032, 11.468, 15.968],
					"texture": "#0",
					"rotation": 180
				},
				"east": {
					"uv": [15.968, 0.032, 10.032, 15.968],
					"texture": "#particle"
				},
				"south": {
					"uv": [8.532, 0.032, 11.468, 15.968],
					"texture": "#0",
					"cullface": "down"
				},
				"west": {
					"uv": [10.032, 0.032, 15.968, 15.968],
					"texture": "#particle",
					"cullface": "west"
				},
				"up": {
					"uv": [13.032, 10.032, 15.968, 15.968],
					"texture": "#0",
					"cullface": "up"
				}
			},
			"type": "cube"
		},
		{
			"name": "Bottomblock",
			"from": [0, 0, 6],
			"to": [3, 5, 10],
			"faces": {
				"east": {
					"uv": [9.968, 10.532, 6.032, 15.968],
					"texture": "#particle"
				},
				"west": {
					"uv": [5.532, 10.532, 10.468, 15.968],
					"texture": "#particle",
					"cullface": "west"
				},
				"up": {
					"uv": [0.032, 4.532, 2.968, 10.468],
					"texture": "#0"
				}
			},
			"rotation": {
				"origin": [8, 8, 12],
				"axis": "y",
				"angle": 0
			},
			"type": "cube"
		},
		{
			"name": "Win1",
			"from": [0, 9.5, 6],
			"to": [3, 11, 6.5],
			"faces": {
				"east": {
					"uv": [6.032, 5.032, 6.468, 6.468],
					"texture": "#particle"
				},
				"south": {
					"uv": [0.032, 0.032, 2.968, 2.968],
					"texture": "#0"
				},
				"west": {
					"uv": [6.032, 5.032, 6.468, 6.468],
					"texture": "#particle"
				},
				"down": {
					"uv": [0.032, 2.032, 2.968, 2.468],
					"texture": "#0"
				}
			},
			"type": "cube"
		},
		{
			"name": "Win8",
			"from": [0, 9.5, 9.5],
			"to": [3, 11, 10],
			"faces": {
				"north": {
					"uv": [0.032, 2.532, 2.968, 2.968],
					"texture": "#0",
					"rotation": 180
				},
				"east": {
					"uv": [9.532, 5.032, 9.968, 6.468],
					"texture": "#particle"
				},
				"west": {
					"uv": [9.532, 5.032, 9.968, 6.468],
					"texture": "#particle"
				},
				"down": {
					"uv": [0.032, 1.032, 2.968, 1.468],
					"texture": "#0"
				}
			},
			"type": "cube"
		},
		{
			"name": "Win7",
			"from": [0, 10, 9],
			"to": [3, 11, 9.5],
			"faces": {
				"north": {
					"uv": [0.032, 2.032, 2.968, 2.468],
					"texture": "#0",
					"rotation": 180
				},
				"east": {
					"uv": [9.032, 5.032, 9.468, 5.968],
					"texture": "#particle"
				},
				"west": {
					"uv": [9.032, 5.032, 9.468, 5.968],
					"texture": "#particle"
				},
				"down": {
					"uv": [0.032, 2.032, 2.968, 2.468],
					"texture": "#0"
				}
			},
			"type": "cube"
		},
		{
			"name": "Win6",
			"from": [0, 10.5, 8.5],
			"to": [3, 11, 9],
			"faces": {
				"north": {
					"uv": [0.032, 1.532, 2.968, 1.968],
					"texture": "#0",
					"rotation": 180
				},
				"east": {
					"uv": [8.532, 5.032, 8.968, 5.468],
					"texture": "#particle"
				},
				"west": {
					"uv": [8.532, 5.032, 8.968, 5.468],
					"texture": "#particle"
				},
				"down": {
					"uv": [0.032, 2.532, 2.968, 2.968],
					"texture": "#0"
				}
			},
			"type": "cube"
		},
		{
			"name": "Win3",
			"from": [0, 10.5, 7],
			"to": [3, 11, 7.5],
			"faces": {
				"east": {
					"uv": [7.032, 5.032, 7.468, 5.468],
					"texture": "#particle"
				},
				"south": {
					"uv": [0.032, 1.532, 2.968, 1.968],
					"texture": "#0"
				},
				"west": {
					"uv": [7.032, 5.032, 7.468, 5.468],
					"texture": "#particle"
				},
				"down": {
					"uv": [0.032, 3.032, 2.968, 3.468],
					"texture": "#0"
				}
			},
			"type": "cube"
		},
		{
			"name": "Win2",
			"from": [0, 10, 6.5],
			"to": [3, 11, 7],
			"faces": {
				"east": {
					"uv": [6.532, 5.032, 6.968, 5.968],
					"texture": "#particle"
				},
				"south": {
					"uv": [0.032, 0.032, 2.968, 2.468],
					"texture": "#0"
				},
				"west": {
					"uv": [6.532, 5.032, 6.968, 5.968],
					"texture": "#particle"
				},
				"down": {
					"uv": [0.032, 2.032, 2.968, 2.468],
					"texture": "#0"
				}
			},
			"type": "cube"
		},
		{
			"name": "Topblock",
			"from": [0, 11, 6],
			"to": [3, 16, 10],
			"faces": {
				"east": {
					"uv": [9.968, 0.032, 6.032, 4.968],
					"texture": "#particle"
				},
				"west": {
					"uv": [6.032, 0.032, 9.968, 4.968],
					"texture": "#particle"
				},
				"up": {
					"uv": [13.032, 5.532, 15.968, 9.468],
					"texture": "#0"
				},
				"down": {
					"uv": [0.032, 2.532, 2.968, 6.468],
					"texture": "#0"
				}
			},
			"type": "cube"
		}
	]
}