{
	"credit": "Made with Blockbench, model by LTK1",
	"ambientocclusion": false,
	"textures": {
		"0": "blocks/door_jungle_rim",
		"particle": "blocks/door_jungle_lower"
	},
	"elements": [
		{
			"name": "cube",
			"from": [0, 0, 0],
			"to": [3, 16, 16],
			"faces": {
				"north": {
					"uv": [7.468, 0.032, 4.532, 15.968],
					"texture": "#0",
					"cullface": "north"
				},
				"east": {
					"uv": [15.968, 0.032, 0.032, 15.968],
					"texture": "#particle"
				},
				"south": {
					"uv": [4.532, 0.032, 7.468, 15.968],
					"texture": "#0",
					"cullface": "south"
				},
				"west": {
					"uv": [0.032, 0.032, 15.968, 15.968],
					"texture": "#particle",
					"cullface": "west"
				},
				"down": {
					"uv": [13.032, 0.032, 15.968, 15.968],
					"texture": "#0",
					"cullface": "down"
				}
			},
			"type": "cube"
		}
	]
}