{
	"credit": "Made By WantedRobot",
	"textures": {
		"3": "block/oak_fence"
	},
	"elements": [
		{
			"from": [6.14645, 10.75, 6.14645],
			"to": [6.85355, 11.25, 6.5],
			"rotation": {"angle": 45, "axis": "y", "origin": [6.5, 11.25, 6.5]},
			"faces": {
				"north": {"uv": [0.5, 15.5, 0.984, 15.984], "texture": "#3"},
				"up": {"uv": [2.016, 15.5, 2.5, 15.984], "rotation": 90, "texture": "#3"},
				"down": {"uv": [1.016, 15.5, 1.5, 15.984], "texture": "#3"}
			}
		},
		{
			"from": [5.67157, 10.75, 8.79289],
			"to": [7.79289, 11.25, 9.29289],
			"rotation": {"angle": -45, "axis": "y", "origin": [6.79289, 11.25, 9.29289]},
			"faces": {
				"south": {"uv": [1.016, 15.5, 2.984, 15.984], "texture": "#3"},
				"up": {"uv": [1.5, 15.5, 3.5, 15.984], "texture": "#3"},
				"down": {"uv": [1.5, 15.5, 3.5, 15.984], "texture": "#3"}
			}
		},
		{
			"from": [9.29289, 10.75, 9],
			"to": [10, 11.25, 9.5],
			"rotation": {"angle": 45, "axis": "y", "origin": [10, 11.25, 9.5]},
			"faces": {
				"south": {"uv": [5.5, 15.5, 5.984, 15.984], "texture": "#3"},
				"up": {"uv": [5.5, 15.5, 5.984, 15.984], "texture": "#3"},
				"down": {"uv": [5.5, 15.5, 5.984, 15.984], "texture": "#3"}
			}
		},
		{
			"from": [7, 10.75, 6.20711],
			"to": [10.53553, 11.25, 6.70711],
			"rotation": {"angle": -45, "axis": "y", "origin": [7.5, 11.25, 6.70711]},
			"faces": {
				"north": {"uv": [1.5, 15.5, 4.984, 15.984], "texture": "#3"},
				"up": {"uv": [1.5, 15.5, 4.984, 15.984], "texture": "#3"},
				"down": {"uv": [1.5, 15.5, 4.984, 15.984], "texture": "#3"}
			}
		},
		{
			"from": [6.5, 10.75, 6],
			"to": [7.5, 11.25, 6.5],
			"faces": {
				"north": {"uv": [1.5, 15.5, 2.5, 15.984], "rotation": 180, "texture": "#3"},
				"up": {"uv": [1.5, 15.5, 2.5, 15.984], "rotation": 180, "texture": "#3"},
				"down": {"uv": [2.016, 15.5, 2.984, 15.984], "texture": "#3"}
			}
		},
		{
			"from": [9.5, 10.75, 8.5],
			"to": [10, 11.25, 9.5],
			"faces": {
				"east": {"uv": [1.016, 15.5, 1.984, 15.984], "texture": "#3"},
				"up": {"uv": [1.5, 15.5, 1.984, 15.984], "rotation": 90, "texture": "#3"},
				"down": {"uv": [5.5, 15.5, 5.984, 15.984], "rotation": 270, "texture": "#3"}
			}
		},
		{
			"from": [7.5, 10.75, 9.5],
			"to": [9.5, 11.25, 10],
			"faces": {
				"south": {"uv": [1.016, 15.5, 2.984, 15.984], "texture": "#3"},
				"up": {"uv": [1.5, 15.5, 3.5, 15.984], "rotation": 180, "texture": "#3"},
				"down": {"uv": [2.016, 15.5, 3.984, 15.984], "texture": "#3"}
			}
		},
		{
			"from": [6, 10.75, 6.5],
			"to": [6.5, 11.25, 8.5],
			"faces": {
				"west": {"uv": [1.5, 15.5, 3.5, 15.984], "texture": "#3"},
				"up": {"uv": [2.016, 15.5, 3.984, 15.984], "rotation": 90, "texture": "#3"},
				"down": {"uv": [2.5, 15.5, 4.5, 15.984], "rotation": 90, "texture": "#3"}
			}
		},
		{
			"from": [6.14645, 7.35, 6.14645],
			"to": [6.85355, 7.85, 6.5],
			"rotation": {"angle": 45, "axis": "y", "origin": [6.5, 7.85, 6.5]},
			"faces": {
				"north": {"uv": [0.5, 15.5, 0.984, 15.984], "texture": "#3"},
				"up": {"uv": [2.016, 15.5, 2.5, 15.984], "rotation": 90, "texture": "#3"},
				"down": {"uv": [1.016, 15.5, 1.5, 15.984], "texture": "#3"}
			}
		},
		{
			"from": [5.67157, 7.35, 8.79289],
			"to": [7.79289, 7.85, 9.29289],
			"rotation": {"angle": -45, "axis": "y", "origin": [6.79289, 7.85, 9.29289]},
			"faces": {
				"south": {"uv": [1.016, 15.5, 2.984, 15.984], "texture": "#3"},
				"up": {"uv": [1.5, 15.5, 3.5, 15.984], "texture": "#3"},
				"down": {"uv": [1.5, 15.5, 3.5, 15.984], "texture": "#3"}
			}
		},
		{
			"from": [9.29289, 7.35, 9],
			"to": [10, 7.85, 9.5],
			"rotation": {"angle": 45, "axis": "y", "origin": [10, 7.85, 9.5]},
			"faces": {
				"south": {"uv": [5.5, 15.5, 5.984, 15.984], "texture": "#3"},
				"up": {"uv": [5.5, 15.5, 5.984, 15.984], "texture": "#3"},
				"down": {"uv": [5.5, 15.5, 5.984, 15.984], "texture": "#3"}
			}
		},
		{
			"from": [7, 7.35, 6.20711],
			"to": [10.53553, 7.85, 6.70711],
			"rotation": {"angle": -45, "axis": "y", "origin": [7.5, 7.85, 6.70711]},
			"faces": {
				"north": {"uv": [1.5, 15.5, 4.984, 15.984], "texture": "#3"},
				"up": {"uv": [1.5, 15.5, 4.984, 15.984], "texture": "#3"},
				"down": {"uv": [1.5, 15.5, 4.984, 15.984], "texture": "#3"}
			}
		},
		{
			"from": [6.5, 7.35, 6],
			"to": [7.5, 7.85, 6.5],
			"faces": {
				"north": {"uv": [1.5, 15.5, 2.5, 15.984], "rotation": 180, "texture": "#3"},
				"up": {"uv": [1.5, 15.5, 2.5, 15.984], "rotation": 180, "texture": "#3"},
				"down": {"uv": [2.016, 15.5, 2.984, 15.984], "texture": "#3"}
			}
		},
		{
			"from": [9.5, 7.35, 8.5],
			"to": [10, 7.85, 9.5],
			"faces": {
				"east": {"uv": [1.016, 15.5, 1.984, 15.984], "texture": "#3"},
				"up": {"uv": [1.5, 15.5, 1.984, 15.984], "rotation": 90, "texture": "#3"},
				"down": {"uv": [5.5, 15.5, 5.984, 15.984], "rotation": 270, "texture": "#3"}
			}
		},
		{
			"from": [7.5, 7.35, 9.5],
			"to": [9.5, 7.85, 10],
			"faces": {
				"south": {"uv": [1.016, 15.5, 2.984, 15.984], "texture": "#3"},
				"up": {"uv": [1.5, 15.5, 3.5, 15.984], "rotation": 180, "texture": "#3"},
				"down": {"uv": [2.016, 15.5, 3.984, 15.984], "texture": "#3"}
			}
		},
		{
			"from": [6, 7.35, 6.5],
			"to": [6.5, 7.85, 8.5],
			"faces": {
				"west": {"uv": [1.5, 15.5, 3.5, 15.984], "texture": "#3"},
				"up": {"uv": [2.016, 15.5, 3.984, 15.984], "rotation": 90, "texture": "#3"},
				"down": {"uv": [2.5, 15.5, 4.5, 15.984], "rotation": 90, "texture": "#3"}
			}
		},
		{
			"from": [6.14645, 4.1, 6.14645],
			"to": [6.85355, 4.6, 6.5],
			"rotation": {"angle": 45, "axis": "y", "origin": [6.5, 4.6, 6.5]},
			"faces": {
				"north": {"uv": [0.5, 15.5, 0.984, 15.984], "texture": "#3"},
				"up": {"uv": [2.016, 15.5, 2.5, 15.984], "rotation": 90, "texture": "#3"},
				"down": {"uv": [1.016, 15.5, 1.5, 15.984], "texture": "#3"}
			}
		},
		{
			"from": [5.67157, 4.1, 8.79289],
			"to": [7.79289, 4.6, 9.29289],
			"rotation": {"angle": -45, "axis": "y", "origin": [6.79289, 4.6, 9.29289]},
			"faces": {
				"south": {"uv": [1.016, 15.5, 2.984, 15.984], "texture": "#3"},
				"up": {"uv": [1.5, 15.5, 3.5, 15.984], "texture": "#3"},
				"down": {"uv": [1.5, 15.5, 3.5, 15.984], "texture": "#3"}
			}
		},
		{
			"from": [9.29289, 4.1, 9],
			"to": [10, 4.6, 9.5],
			"rotation": {"angle": 45, "axis": "y", "origin": [10, 4.6, 9.5]},
			"faces": {
				"south": {"uv": [5.5, 15.5, 5.984, 15.984], "texture": "#3"},
				"up": {"uv": [5.5, 15.5, 5.984, 15.984], "texture": "#3"},
				"down": {"uv": [5.5, 15.5, 5.984, 15.984], "texture": "#3"}
			}
		},
		{
			"from": [7, 4.1, 6.20711],
			"to": [10.53553, 4.6, 6.70711],
			"rotation": {"angle": -45, "axis": "y", "origin": [7.5, 4.6, 6.70711]},
			"faces": {
				"north": {"uv": [1.5, 15.5, 4.984, 15.984], "texture": "#3"},
				"up": {"uv": [1.5, 15.5, 4.984, 15.984], "texture": "#3"},
				"down": {"uv": [1.5, 15.5, 4.984, 15.984], "texture": "#3"}
			}
		},
		{
			"from": [6.5, 4.1, 6],
			"to": [7.5, 4.6, 6.5],
			"faces": {
				"north": {"uv": [1.5, 15.5, 2.5, 15.984], "rotation": 180, "texture": "#3"},
				"up": {"uv": [1.5, 15.5, 2.5, 15.984], "rotation": 180, "texture": "#3"},
				"down": {"uv": [2.016, 15.5, 2.984, 15.984], "texture": "#3"}
			}
		},
		{
			"from": [9.5, 4.1, 8.5],
			"to": [10, 4.6, 9.5],
			"faces": {
				"east": {"uv": [1.016, 15.5, 1.984, 15.984], "texture": "#3"},
				"up": {"uv": [1.5, 15.5, 1.984, 15.984], "rotation": 90, "texture": "#3"},
				"down": {"uv": [5.5, 15.5, 5.984, 15.984], "rotation": 270, "texture": "#3"}
			}
		},
		{
			"from": [7.5, 4.1, 9.5],
			"to": [9.5, 4.6, 10],
			"faces": {
				"south": {"uv": [1.016, 15.5, 2.984, 15.984], "texture": "#3"},
				"up": {"uv": [1.5, 15.5, 3.5, 15.984], "rotation": 180, "texture": "#3"},
				"down": {"uv": [2.016, 15.5, 3.984, 15.984], "texture": "#3"}
			}
		},
		{
			"from": [6, 4.1, 6.5],
			"to": [6.5, 4.6, 8.5],
			"faces": {
				"west": {"uv": [1.5, 15.5, 3.5, 15.984], "texture": "#3"},
				"up": {"uv": [2.016, 15.5, 3.984, 15.984], "rotation": 90, "texture": "#3"},
				"down": {"uv": [2.5, 15.5, 4.5, 15.984], "rotation": 90, "texture": "#3"}
			}
		}
	]
}