{
	"credit": "Made with Blockbench",
	"parent": "block/block",
	"ambientocclusion": false,
	"textures": {
		"1": "block/torch2a",
		"2": "block/fuego",
		"particle": "block/torch2a"
	},
	"elements": [
		{
			"from": [3.3, 2.6, 7.2],
			"to": [4.9, 10.6, 8.8],
			"shade": false,
			"rotation": {"angle": 0, "axis": "y", "origin": [3.8, 9, 8]},
			"faces": {
				"north": {"uv": [7, 6, 9, 16], "texture": "#1"},
				"east": {"uv": [7, 6, 9, 16], "texture": "#1"},
				"south": {"uv": [7, 6, 9, 16], "texture": "#1"},
				"west": {"uv": [7, 6, 9, 16], "texture": "#1"},
				"up": {"uv": [7, 6, 9, 8], "texture": "#1"},
				"down": {"uv": [7, 13, 9, 15], "texture": "#1"}
			}
		},
		{
			"from": [2.9, 4.2, 6.8],
			"to": [5.3, 6.2, 9.2],
			"shade": false,
			"rotation": {"angle": 0, "axis": "y", "origin": [9, 10.2, 13.2]},
			"faces": {
				"north": {"uv": [0.5, 13.5, 3.5, 16], "texture": "#1"},
				"east": {"uv": [0.5, 13.5, 3.5, 16], "texture": "#1"},
				"south": {"uv": [0.5, 13.5, 3.5, 16], "texture": "#1"},
				"west": {"uv": [0.5, 13.5, 3.5, 16], "texture": "#1"},
				"up": {"uv": [13, 13, 16, 16], "texture": "#1"},
				"down": {"uv": [10, 13, 13, 16], "texture": "#1"}
			}
		},
		{
			"from": [2.5, 4.6, 6.4],
			"to": [5.7, 5.8, 9.6],
			"shade": false,
			"rotation": {"angle": 0, "axis": "y", "origin": [8.6, 10.4, 12.8]},
			"faces": {
				"north": {"uv": [0, 14, 4, 15.5], "texture": "#1"},
				"east": {"uv": [0, 14, 4, 15.5], "texture": "#1"},
				"south": {"uv": [0, 14, 4, 15.5], "texture": "#1"},
				"west": {"uv": [0, 14, 4, 15.5], "texture": "#1"},
				"up": {"uv": [13, 13, 16, 16], "texture": "#1"},
				"down": {"uv": [10, 13, 13, 16], "texture": "#1"}
			}
		},
		{
			"from": [2.5, 7.4, 6.4],
			"to": [5.7, 8.6, 9.6],
			"shade": false,
			"rotation": {"angle": 0, "axis": "y", "origin": [8.6, 13.6, 12.8]},
			"faces": {
				"north": {"uv": [0, 14, 4, 15.5], "texture": "#1"},
				"east": {"uv": [0, 14, 4, 15.5], "texture": "#1"},
				"south": {"uv": [0, 14, 4, 15.5], "texture": "#1"},
				"west": {"uv": [0, 14, 4, 15.5], "texture": "#1"},
				"down": {"uv": [10, 13, 13, 16], "texture": "#1"}
			}
		},
		{
			"from": [2.1, 8.6, 6],
			"to": [6.1, 10.68, 10],
			"shade": false,
			"rotation": {"angle": 0, "axis": "y", "origin": [8.2, 15.2, 12.4]},
			"faces": {
				"north": {"uv": [5.5, 6.5, 10.5, 9], "texture": "#1"},
				"east": {"uv": [5.5, 6.5, 10.5, 9], "texture": "#1"},
				"south": {"uv": [5.5, 6.5, 10.5, 9], "texture": "#1"},
				"west": {"uv": [5.5, 6.5, 10.5, 9], "texture": "#1"},
				"up": {"uv": [13, 13, 16, 16], "texture": "#1"},
				"down": {"uv": [10, 13, 13, 16], "texture": "#1"}
			}
		},
		{
			"from": [2.5, 9.9877, 6.52179],
			"to": [5.7, 15.5877, 6.52179],
			"shade": false,
			"rotation": {"angle": 22.5, "axis": "x", "origin": [3.8, 10.6, 8]},
			"faces": {
				"north": {"uv": [9.5, 5, 5.5, 14.5], "texture": "#2"},
				"south": {"uv": [9.5, 5, 5.5, 14.5], "texture": "#2"}
			}
		},
		{
			"from": [2.62179, 9.9877, 6.4],
			"to": [2.62179, 15.5877, 9.6],
			"shade": false,
			"rotation": {"angle": -22.5, "axis": "z", "origin": [3.8, 10.6, 8]},
			"faces": {
				"east": {"uv": [9.5, 5, 5.5, 14.5], "texture": "#2"},
				"west": {"uv": [9.5, 5, 5.5, 14.5], "texture": "#2"}
			}
		},
		{
			"from": [2.5, 9.9877, 9.47821],
			"to": [5.7, 15.5877, 9.47821],
			"shade": false,
			"rotation": {"angle": -22.5, "axis": "x", "origin": [3.8, 10.6, 8]},
			"faces": {
				"north": {"uv": [9.5, 5, 5.5, 14.5], "texture": "#2"},
				"south": {"uv": [9.5, 5, 5.5, 14.5], "texture": "#2"}
			}
		},
		{
			"from": [5.57821, 9.9877, 6.4],
			"to": [5.57821, 15.5877, 9.6],
			"shade": false,
			"rotation": {"angle": 22.5, "axis": "z", "origin": [3.8, 10.6, 8]},
			"faces": {
				"east": {"uv": [9.5, 5, 5.5, 14.5], "texture": "#2"},
				"west": {"uv": [9.5, 5, 5.5, 14.5], "texture": "#2"}
			}
		},
		{
			"from": [-0.1, 4.6, 7.2],
			"to": [2.5, 5.8, 8.8],
			"shade": false,
			"rotation": {"angle": 0, "axis": "y", "origin": [7, 10.6, 13.6]},
			"faces": {
				"north": {"uv": [4, 14, 1, 15.5], "texture": "#1"},
				"south": {"uv": [1, 14, 4, 15.5], "texture": "#1"},
				"west": {"uv": [7, 12, 9, 13.5], "texture": "#1"},
				"up": {"uv": [13, 13.5, 16, 15.5], "texture": "#1"},
				"down": {"uv": [10, 13.5, 13, 15.5], "texture": "#1"}
			}
		}
	],
	"display": {
		"thirdperson_righthand": {
			"rotation": [67.5, 0, 0],
			"translation": [0.5, -2, -1.25],
			"scale": [0.8, 0.8, 0.8]
		},
		"thirdperson_lefthand": {
			"rotation": [67.5, 0, 0],
			"translation": [0.5, -2, -1.25],
			"scale": [0.8, 0.8, 0.8]
		},
		"firstperson_righthand": {
			"rotation": [0, -180, 0],
			"translation": [0, 3.5, 0],
			"scale": [0.8, 0.8, 0.8]
		},
		"firstperson_lefthand": {
			"rotation": [0, -180, 0],
			"translation": [0, 3.5, 0],
			"scale": [0.8, 0.8, 0.8]
		},
		"ground": {
			"translation": [0, 3, 0],
			"scale": [0.8, 0.8, 0.8]
		},
		"gui": {
			"rotation": [30, 45, 0],
			"translation": [0, 3, 0]
		},
		"head": {
			"rotation": [0, 180, 0]
		},
		"fixed": {
			"rotation": [0, 180, 0],
			"translation": [0, 3, 0],
			"scale": [1.2, 1.2, 1.5]
		}
	},
	"groups": [
		{
			"name": "group",
			"origin": [8, 8, 8],
			"children": [0, 1, 2, 3, 4, 5, 6, 7, 8, 9]
		}
	]
}