{
	"credit": "Made with Blockbench",
	"ambientocclusion": false,
	"textures": {
		"1": "block/torch2a",
		"2": "block/fuego",
		"particle": "block/torch2a"
	},
	"elements": [
		{
			"from": [7.2, 0, 7.2],
			"to": [8.8, 8, 8.8],
			"shade": false,
			"rotation": {"angle": 0, "axis": "y", "origin": [8, 6, 8]},
			"faces": {
				"north": {"uv": [7, 6, 9, 16], "texture": "#1"},
				"east": {"uv": [7, 6, 9, 16], "texture": "#1"},
				"south": {"uv": [7, 6, 9, 16], "texture": "#1"},
				"west": {"uv": [7, 6, 9, 16], "texture": "#1"},
				"up": {"uv": [7, 6, 9, 8], "texture": "#1"},
				"down": {"uv": [7, 13, 9, 15], "texture": "#1"}
			}
		},
		{
			"from": [6.8, -0.4, 6.8],
			"to": [9.2, 1.6, 9.2],
			"shade": false,
			"rotation": {"angle": 0, "axis": "y", "origin": [13.2, 5.2, 13.2]},
			"faces": {
				"north": {"uv": [0.5, 13.5, 3.5, 16], "texture": "#1"},
				"east": {"uv": [0.5, 13.5, 3.5, 16], "texture": "#1"},
				"south": {"uv": [0.5, 13.5, 3.5, 16], "texture": "#1"},
				"west": {"uv": [0.5, 13.5, 3.5, 16], "texture": "#1"},
				"up": {"uv": [13, 13, 16, 16], "texture": "#1"},
				"down": {"uv": [10, 13, 13, 16], "texture": "#1"}
			}
		},
		{
			"from": [6.4, 0, 6.4],
			"to": [9.6, 1.2, 9.6],
			"shade": false,
			"rotation": {"angle": 0, "axis": "y", "origin": [12.8, 5.4, 12.8]},
			"faces": {
				"north": {"uv": [0, 14, 4, 15.5], "texture": "#1"},
				"east": {"uv": [0, 14, 4, 15.5], "texture": "#1"},
				"south": {"uv": [0, 14, 4, 15.5], "texture": "#1"},
				"west": {"uv": [0, 14, 4, 15.5], "texture": "#1"},
				"up": {"uv": [13, 13, 16, 16], "texture": "#1"},
				"down": {"uv": [10, 13, 13, 16], "texture": "#1"}
			}
		},
		{
			"from": [6.4, 4.8, 6.4],
			"to": [9.6, 6, 9.6],
			"shade": false,
			"rotation": {"angle": 0, "axis": "y", "origin": [12.8, 10.6, 12.8]},
			"faces": {
				"north": {"uv": [0, 14, 4, 15.5], "texture": "#1"},
				"east": {"uv": [0, 14, 4, 15.5], "texture": "#1"},
				"south": {"uv": [0, 14, 4, 15.5], "texture": "#1"},
				"west": {"uv": [0, 14, 4, 15.5], "texture": "#1"},
				"up": {"uv": [13, 13, 16, 16], "texture": "#1"},
				"down": {"uv": [10, 13, 13, 16], "texture": "#1"}
			}
		},
		{
			"from": [6, 6, 6],
			"to": [10, 8.08, 10],
			"shade": false,
			"rotation": {"angle": 0, "axis": "y", "origin": [12.4, 12.2, 12.4]},
			"faces": {
				"north": {"uv": [5.5, 6.5, 10.5, 9], "texture": "#1"},
				"east": {"uv": [5.5, 6.5, 10.5, 9], "texture": "#1"},
				"south": {"uv": [5.5, 6.5, 10.5, 9], "texture": "#1"},
				"west": {"uv": [5.5, 6.5, 10.5, 9], "texture": "#1"},
				"up": {"uv": [13, 13, 16, 16], "texture": "#1"},
				"down": {"uv": [10, 13, 13, 16], "texture": "#1"}
			}
		},
		{
			"from": [6.4, 7.3877, 6.52179],
			"to": [9.6, 12.9877, 6.52179],
			"shade": false,
			"rotation": {"angle": 22.5, "axis": "x", "origin": [8, 7.6, 8]},
			"faces": {
				"north": {"uv": [9.5, 5, 5.5, 14.5], "texture": "#2"},
				"south": {"uv": [9.5, 5, 5.5, 14.5], "texture": "#2"}
			}
		},
		{
			"from": [6.52179, 7.3877, 6.4],
			"to": [6.52179, 12.9877, 9.6],
			"shade": false,
			"rotation": {"angle": -22.5, "axis": "z", "origin": [8, 7.6, 8]},
			"faces": {
				"east": {"uv": [9.5, 5, 5.5, 14.5], "texture": "#2"},
				"west": {"uv": [9.5, 5, 5.5, 14.5], "texture": "#2"}
			}
		},
		{
			"from": [6.4, 7.3877, 9.47821],
			"to": [9.6, 12.9877, 9.47821],
			"shade": false,
			"rotation": {"angle": -22.5, "axis": "x", "origin": [8, 7.6, 8]},
			"faces": {
				"north": {"uv": [9.5, 5, 5.5, 14.5], "texture": "#2"},
				"south": {"uv": [9.5, 5, 5.5, 14.5], "texture": "#2"}
			}
		},
		{
			"from": [9.47821, 7.3877, 6.4],
			"to": [9.47821, 12.9877, 9.6],
			"shade": false,
			"rotation": {"angle": 22.5, "axis": "z", "origin": [8, 7.6, 8]},
			"faces": {
				"east": {"uv": [9.5, 5, 5.5, 14.5], "texture": "#2"},
				"west": {"uv": [9.5, 5, 5.5, 14.5], "texture": "#2"}
			}
		}
	],
	"display": {
		"thirdperson_righthand": {
			"rotation": [45, 0, 0],
			"translation": [0, 4.75, 5.5]
		},
		"thirdperson_lefthand": {
			"rotation": [45, 0, 0],
			"translation": [0, 4.75, 5.5]
		},
		"firstperson_righthand": {
			"translation": [2.5, 3.75, 0],
			"scale": [0.7, 0.7, 0.7]
		},
		"firstperson_lefthand": {
			"translation": [2.5, 3.75, 0],
			"scale": [0.7, 0.7, 0.7]
		},
		"ground": {
			"translation": [0, 3, 0],
			"scale": [0.8, 0.8, 0.8]
		},
		"gui": {
			"rotation": [30, 45, 0],
			"translation": [0, 1.25, 0]
		},
		"head": {
			"translation": [0, 14.75, 0]
		},
		"fixed": {
			"translation": [0, 1.25, 0],
			"scale": [1.3, 1.3, 1.3]
		}
	},
	"groups": [
		{
			"name": "group",
			"origin": [8, 8, 8],
			"children": [0, 1, 2, 3, 4, 5, 6, 7, 8]
		}
	]
}