{
	"credit": "Made with Blockbench",
	"textures": {
		"0": "block/spruce_trapdoor",
		"2": "block/spruce_trapdoor_rim",
		"particle": "block/spruce_trapdoor"
	},
	"elements": [
		{
			"name": "cube",
			"from": [0, 0.5, 0],
			"to": [16, 2.5, 16],
			"faces": {
				"north": {"uv": [2, 0, 4, 16], "texture": "#2", "rotation": 270},
				"east": {"uv": [0, 0, 2, 16], "texture": "#2", "rotation": 270},
				"south": {"uv": [2, 0, 4, 16], "texture": "#2", "rotation": 90},
				"west": {"uv": [0, 0, 2, 16], "texture": "#2", "rotation": 90},
				"up": {"uv": [0, 0, 16, 16], "texture": "#0", "rotation": 180},
				"down": {"uv": [0, 0, 16, 16], "texture": "#0"}
			}
		},
		{
			"name": "cube",
			"from": [6, 2.5, 6],
			"to": [10, 3, 6.5],
			"faces": {
				"north": {"uv": [4.5, 4.5, 8.5, 5], "texture": "#0"},
				"east": {"uv": [6.5, 11.5, 7, 12], "texture": "#0"},
				"west": {"uv": [3, 3.5, 3.5, 4], "texture": "#0"},
				"up": {"uv": [6, 9.5, 10, 10], "texture": "#0", "rotation": 180}
			}
		},
		{
			"name": "cube",
			"from": [6, 2.5, 10.5],
			"to": [10, 3, 11],
			"faces": {
				"east": {"uv": [5, 8.5, 5.5, 9], "texture": "#0"},
				"west": {"uv": [4, 3.5, 4.5, 4], "texture": "#0"},
				"up": {"uv": [6, 5, 10, 5.5], "texture": "#0", "rotation": 180}
			}
		},
		{
			"name": "cube",
			"from": [5.5, 2.5, 6.5],
			"to": [10.5, 3, 7],
			"faces": {
				"north": {"uv": [5.5, 4.5, 10.5, 5], "texture": "#0"},
				"east": {"uv": [5.5, 6, 6, 6.5], "texture": "#0"},
				"south": {"uv": [5.5, 5.5, 10.5, 6], "texture": "#0"},
				"west": {"uv": [6.5, 5, 7, 5.5], "texture": "#0"},
				"up": {"uv": [5.5, 9, 10.5, 9.5], "texture": "#0", "rotation": 180}
			}
		},
		{
			"name": "cube",
			"from": [5.5, 2.5, 10],
			"to": [10.5, 3, 10.5],
			"faces": {
				"north": {"uv": [5.5, 9, 10.5, 9.5], "texture": "#0", "rotation": 180},
				"east": {"uv": [6.5, 9, 7, 9.5], "texture": "#0"},
				"south": {"uv": [1.5, 4, 6.5, 4.5], "texture": "#0"},
				"west": {"uv": [5, 8, 5.5, 8.5], "texture": "#0"},
				"up": {"uv": [5.5, 5.5, 10.5, 6], "texture": "#0", "rotation": 180}
			}
		},
		{
			"name": "cube",
			"from": [9.5, 2.5, 7],
			"to": [11, 3, 7.5],
			"faces": {
				"north": {"uv": [2, 4.5, 3.5, 5], "texture": "#0"},
				"east": {"uv": [5, 4.5, 5.5, 5], "texture": "#0"},
				"south": {"uv": [14.5, 11, 16, 11.5], "texture": "#0"},
				"west": {"uv": [10.5, 4, 11, 4.5], "texture": "#0"},
				"up": {"uv": [5, 8.5, 6.5, 9], "texture": "#0", "rotation": 180}
			}
		},
		{
			"name": "cube",
			"from": [5, 2.5, 7],
			"to": [6.5, 3, 7.5],
			"faces": {
				"north": {"uv": [5.5, 3.5, 7, 4], "texture": "#0"},
				"east": {"uv": [2, 4, 2.5, 4.5], "texture": "#0"},
				"south": {"uv": [1, 11, 2.5, 11.5], "texture": "#0"},
				"west": {"uv": [5, 6, 5.5, 6.5], "texture": "#0"},
				"up": {"uv": [9.5, 8.5, 11, 9], "texture": "#0", "rotation": 180}
			}
		},
		{
			"name": "cube",
			"from": [9.5, 2.5, 9.5],
			"to": [11, 3, 10],
			"faces": {
				"north": {"uv": [3, 4, 4.5, 4.5], "texture": "#0"},
				"east": {"uv": [5.5, 7.5, 6, 8], "texture": "#0"},
				"south": {"uv": [7.5, 9, 9, 9.5], "texture": "#0"},
				"west": {"uv": [10.5, 12, 11, 12.5], "texture": "#0"},
				"up": {"uv": [5, 6, 6.5, 6.5], "texture": "#0", "rotation": 180}
			}
		},
		{
			"name": "cube",
			"from": [5, 2.5, 9.5],
			"to": [6.5, 3, 10],
			"faces": {
				"north": {"uv": [3, 4, 4.5, 4.5], "texture": "#0"},
				"east": {"uv": [5.5, 6, 6, 6.5], "texture": "#0"},
				"south": {"uv": [10, 7.5, 11.5, 8], "texture": "#0"},
				"west": {"uv": [6, 9, 6.5, 9.5], "texture": "#0"},
				"up": {"uv": [9.5, 6, 11, 6.5], "texture": "#0", "rotation": 180}
			}
		},
		{
			"name": "cube",
			"from": [10, 2.5, 7.5],
			"to": [11, 3, 9.5],
			"faces": {
				"east": {"uv": [10, 6.5, 10.5, 8.5], "texture": "#0", "rotation": 90},
				"west": {"uv": [5.5, 6.5, 6, 8.5], "texture": "#0", "rotation": 270},
				"up": {"uv": [5, 6.5, 6, 8.5], "texture": "#0", "rotation": 180}
			}
		},
		{
			"name": "cube",
			"from": [5, 2.5, 7.5],
			"to": [6, 3, 9.5],
			"faces": {
				"east": {"uv": [10, 6.5, 10.5, 8.5], "texture": "#0", "rotation": 90},
				"west": {"uv": [5, 6.5, 5.5, 8.5], "texture": "#0", "rotation": 90},
				"up": {"uv": [10, 6.5, 11, 8.5], "texture": "#0", "rotation": 180}
			}
		},
		{
			"name": "cube",
			"from": [6.5, 2.5, 5.5],
			"to": [9.5, 3, 6],
			"faces": {
				"north": {"uv": [6, 5, 9, 5.5], "texture": "#0"},
				"east": {"uv": [0.5, 4, 1, 4.5], "texture": "#0"},
				"west": {"uv": [6, 11, 6.5, 11.5], "texture": "#0"},
				"up": {"uv": [6.5, 10, 9.5, 10.5], "texture": "#0", "rotation": 180}
			}
		},
		{
			"name": "cube",
			"from": [7.5, 2.5, 5],
			"to": [8.5, 3, 5.5],
			"faces": {
				"east": {"uv": [8.5, 10, 9, 10.5], "texture": "#0"},
				"west": {"uv": [7, 11.5, 7.5, 12], "texture": "#0"},
				"up": {"uv": [7.5, 10.5, 8.5, 11], "texture": "#0", "rotation": 180}
			}
		},
		{
			"name": "cube",
			"from": [0, 2.5, 3],
			"to": [16, 3, 5],
			"faces": {
				"north": {"uv": [0, 12.5, 16, 13], "texture": "#0", "rotation": 180},
				"east": {"uv": [0, 11, 0.5, 13], "texture": "#0", "rotation": 270},
				"south": {"uv": [0, 11, 16, 11.5], "texture": "#0"},
				"west": {"uv": [15.5, 11, 16, 13], "texture": "#0", "rotation": 90},
				"up": {"uv": [0, 11, 16, 13], "texture": "#0", "rotation": 180}
			}
		},
		{
			"name": "cube",
			"from": [0, 2.5, 11],
			"to": [16, 3, 13],
			"faces": {
				"north": {"uv": [0, 5, 16, 5.5], "texture": "#0", "rotation": 180},
				"east": {"uv": [4.5, 3, 5, 5], "texture": "#0", "rotation": 270},
				"south": {"uv": [0, 3, 16, 3.5], "texture": "#0"},
				"west": {"uv": [3, 3, 3.5, 5], "texture": "#0", "rotation": 90},
				"up": {"uv": [0, 3, 16, 5], "texture": "#0", "rotation": 180}
			}
		},
		{
			"name": "cube",
			"from": [6, 0, 6],
			"to": [10, 0.5, 6.5],
			"faces": {
				"north": {"uv": [4.5, 5, 8.5, 4.5], "texture": "#0"},
				"east": {"uv": [6.5, 12, 7, 11.5], "texture": "#0"},
				"west": {"uv": [3, 4, 3.5, 3.5], "texture": "#0"},
				"down": {"uv": [6, 10, 10, 9.5], "texture": "#0", "rotation": 180}
			}
		},
		{
			"name": "cube",
			"from": [6, 0, 10.5],
			"to": [10, 0.5, 11],
			"faces": {
				"east": {"uv": [5, 9, 5.5, 8.5], "texture": "#0"},
				"west": {"uv": [4, 4, 4.5, 3.5], "texture": "#0"},
				"down": {"uv": [6, 5.5, 10, 5], "texture": "#0", "rotation": 180}
			}
		},
		{
			"name": "cube",
			"from": [5.5, 0, 6.5],
			"to": [10.5, 0.5, 7],
			"faces": {
				"north": {"uv": [5.5, 5, 10.5, 4.5], "texture": "#0"},
				"east": {"uv": [5.5, 6.5, 6, 6], "texture": "#0"},
				"south": {"uv": [5.5, 6, 10.5, 5.5], "texture": "#0"},
				"west": {"uv": [6.5, 5.5, 7, 5], "texture": "#0"},
				"down": {"uv": [5.5, 9.5, 10.5, 9], "texture": "#0", "rotation": 180}
			}
		},
		{
			"name": "cube",
			"from": [5.5, 0, 10],
			"to": [10.5, 0.5, 10.5],
			"faces": {
				"north": {"uv": [5.5, 9.5, 10.5, 9], "texture": "#0", "rotation": 180},
				"east": {"uv": [6.5, 9.5, 7, 9], "texture": "#0"},
				"south": {"uv": [1.5, 4.5, 6.5, 4], "texture": "#0"},
				"west": {"uv": [5, 8.5, 5.5, 8], "texture": "#0"},
				"down": {"uv": [5.5, 6, 10.5, 5.5], "texture": "#0", "rotation": 180}
			}
		},
		{
			"name": "cube",
			"from": [9.5, 0, 7],
			"to": [11, 0.5, 7.5],
			"faces": {
				"north": {"uv": [2, 5, 3.5, 4.5], "texture": "#0"},
				"east": {"uv": [5, 5, 5.5, 4.5], "texture": "#0"},
				"south": {"uv": [14.5, 11.5, 16, 11], "texture": "#0"},
				"west": {"uv": [10.5, 4.5, 11, 4], "texture": "#0"},
				"down": {"uv": [5, 9, 6.5, 8.5], "texture": "#0", "rotation": 180}
			}
		},
		{
			"name": "cube",
			"from": [5, 0, 7],
			"to": [6.5, 0.5, 7.5],
			"faces": {
				"north": {"uv": [5.5, 4, 7, 3.5], "texture": "#0"},
				"east": {"uv": [2, 4.5, 2.5, 4], "texture": "#0"},
				"south": {"uv": [1, 11.5, 2.5, 11], "texture": "#0"},
				"west": {"uv": [5, 6.5, 5.5, 6], "texture": "#0"},
				"down": {"uv": [9.5, 9, 11, 8.5], "texture": "#0", "rotation": 180}
			}
		},
		{
			"name": "cube",
			"from": [9.5, 0, 9.5],
			"to": [11, 0.5, 10],
			"faces": {
				"north": {"uv": [3, 4.5, 4.5, 4], "texture": "#0"},
				"east": {"uv": [5.5, 8, 6, 7.5], "texture": "#0"},
				"south": {"uv": [7.5, 9.5, 9, 9], "texture": "#0"},
				"west": {"uv": [10.5, 12.5, 11, 12], "texture": "#0"},
				"down": {"uv": [5, 6.5, 6.5, 6], "texture": "#0", "rotation": 180}
			}
		},
		{
			"name": "cube",
			"from": [5, 0, 9.5],
			"to": [6.5, 0.5, 10],
			"faces": {
				"north": {"uv": [3, 4.5, 4.5, 4], "texture": "#0"},
				"east": {"uv": [5.5, 6.5, 6, 6], "texture": "#0"},
				"south": {"uv": [10, 8, 11.5, 7.5], "texture": "#0"},
				"west": {"uv": [6, 9.5, 6.5, 9], "texture": "#0"},
				"down": {"uv": [9.5, 6.5, 11, 6], "texture": "#0", "rotation": 180}
			}
		},
		{
			"name": "cube",
			"from": [10, 0, 7.5],
			"to": [11, 0.5, 9.5],
			"faces": {
				"east": {"uv": [10.5, 6.5, 10, 8.5], "texture": "#0", "rotation": 90},
				"west": {"uv": [6, 6.5, 5.5, 8.5], "texture": "#0", "rotation": 270},
				"down": {"uv": [5, 8.5, 6, 6.5], "texture": "#0", "rotation": 180}
			}
		},
		{
			"name": "cube",
			"from": [5, 0, 7.5],
			"to": [6, 0.5, 9.5],
			"faces": {
				"east": {"uv": [10.5, 6.5, 10, 8.5], "texture": "#0", "rotation": 90},
				"west": {"uv": [5.5, 6.5, 5, 8.5], "texture": "#0", "rotation": 90},
				"down": {"uv": [10, 8.5, 11, 6.5], "texture": "#0", "rotation": 180}
			}
		},
		{
			"name": "cube",
			"from": [6.5, 0, 5.5],
			"to": [9.5, 0.5, 6],
			"faces": {
				"north": {"uv": [6, 5.5, 9, 5], "texture": "#0"},
				"east": {"uv": [0.5, 4.5, 1, 4], "texture": "#0"},
				"west": {"uv": [6, 11.5, 6.5, 11], "texture": "#0"},
				"down": {"uv": [6.5, 10.5, 9.5, 10], "texture": "#0", "rotation": 180}
			}
		},
		{
			"name": "cube",
			"from": [7.5, 0, 5],
			"to": [8.5, 0.5, 5.5],
			"faces": {
				"east": {"uv": [8.5, 10.5, 9, 10], "texture": "#0"},
				"west": {"uv": [7, 12, 7.5, 11.5], "texture": "#0"},
				"down": {"uv": [7.5, 11, 8.5, 10.5], "texture": "#0", "rotation": 180}
			}
		},
		{
			"name": "cube",
			"from": [0, 0, 3],
			"to": [16, 0.5, 5],
			"faces": {
				"north": {"uv": [0, 13, 16, 12.5], "texture": "#0", "rotation": 180},
				"east": {"uv": [0.5, 11, 0, 13], "texture": "#0", "rotation": 270},
				"south": {"uv": [0, 11.5, 16, 11], "texture": "#0"},
				"west": {"uv": [16, 11, 15.5, 13], "texture": "#0", "rotation": 90},
				"down": {"uv": [0, 13, 16, 11], "texture": "#0", "rotation": 180}
			}
		},
		{
			"name": "cube",
			"from": [0, 0, 11],
			"to": [16, 0.5, 13],
			"faces": {
				"north": {"uv": [0, 5.5, 16, 5], "texture": "#0", "rotation": 180},
				"east": {"uv": [5, 3, 4.5, 5], "texture": "#0", "rotation": 270},
				"south": {"uv": [0, 3.5, 16, 3], "texture": "#0"},
				"west": {"uv": [3.5, 3, 3, 5], "texture": "#0", "rotation": 90},
				"down": {"uv": [0, 5, 16, 3], "texture": "#0", "rotation": 180}
			}
		}
	],
	"groups": [0,
		{
			"name": "group",
			"isOpen": false,
			"export": true,
			"visibility": true,
			"children": [1, 2, 3, 4, 5, 6, 7, 8, 9, 10, 11, 12, 13, 14]
		},
		{
			"name": "group",
			"isOpen": true,
			"export": true,
			"visibility": true,
			"children": [15, 16, 17, 18, 19, 20, 21, 22, 23, 24, 25, 26, 27, 28]
		}
	]
}