{
	"credit": "Made by SyndiShanX",
	"textures": {
		"0": "block/fence/bamboo_fence"
	},
	"elements": [
		{
			"name": "bar-top",
			"from": [7, 12, 0],
			"to": [9, 14.5, 6.5],
			"faces": {
				"north": {"uv": [9, 0, 11, 2.5], "texture": "#0"},
				"east": {"uv": [3, 3, 9.5, 5.5], "texture": "#0"},
				"west": {"uv": [9.5, 3, 16, 5.5], "texture": "#0"},
				"up": {"uv": [3, 5.5, 9.5, 7.5], "rotation": 270, "texture": "#0"},
				"down": {"uv": [3, 5.5, 9.5, 7.5], "rotation": 270, "texture": "#0"}
			}
		},
		{
			"name": "bar-btm",
			"from": [7, 6, 0],
			"to": [9, 8.5, 6.5],
			"faces": {
				"north": {"uv": [9, 0, 11, 2.5], "texture": "#0"},
				"east": {"uv": [3, 3, 9.5, 5.5], "texture": "#0"},
				"west": {"uv": [9.5, 3, 16, 5.5], "texture": "#0"},
				"up": {"uv": [3, 5.5, 9.5, 7.5], "rotation": 270, "texture": "#0"},
				"down": {"uv": [3, 5.5, 9.5, 7.5], "rotation": 270, "texture": "#0"}
			}
		}
	]
}