{
	"credit": "Made by SyndiShanX",
	"ambientocclusion": false,
	"textures": {
		"0": "block/fence/bamboo_fence"
	},
	"elements": [
		{
			"name": "post",
			"from": [6.5, 0, 6.5],
			"to": [9.5, 16, 9.5],
			"faces": {
				"north": {"uv": [0, 0, 3, 16], "texture": "#0"},
				"east": {"uv": [0, 0, 3, 16], "texture": "#0"},
				"south": {"uv": [0, 0, 3, 16], "texture": "#0"},
				"west": {"uv": [0, 0, 3, 16], "texture": "#0"},
				"up": {"uv": [3, 0, 6, 3], "texture": "#0"},
				"down": {"uv": [6, 0, 9, 3], "texture": "#0"}
			}
		}
	]
}