{
	"credit": "Made by SyndiShanX",
	"parent": "block/block",
	"ambientocclusion": false,
	"textures": {
		"particle": "#texture"
	},
	"elements": [
		{
			"name": "Left post",
			"from": [6, 0, 0],
			"to": [10, 16, 4],
			"faces": {
				"north": {"uv": [0, 0, 4, 16], "texture": "#texture"},
				"east": {"uv": [0, 0, 4, 16], "texture": "#texture"},
				"south": {"uv": [0, 0, 4, 16], "texture": "#texture"},
				"west": {"uv": [0, 0, 4, 16], "texture": "#texture"},
				"up": {"uv": [4, 0, 8, 4], "texture": "#texture"},
				"down": {"uv": [4, 0, 8, 4], "texture": "#texture", "cullface": "down"}
			}
		},
		{
			"name": "Right post",
			"from": [6, 0, 12],
			"to": [10, 16, 16],
			"faces": {
				"north": {"uv": [0, 0, 4, 16], "texture": "#texture"},
				"east": {"uv": [0, 0, 4, 16], "texture": "#texture"},
				"south": {"uv": [0, 0, 4, 16], "texture": "#texture"},
				"west": {"uv": [0, 0, 4, 16], "texture": "#texture"},
				"up": {"uv": [4, 0, 8, 4], "texture": "#texture"},
				"down": {"uv": [4, 0, 8, 4], "texture": "#texture", "cullface": "down"}
			}
		},
		{
			"name": "Top bar",
			"from": [7, 13, -2],
			"to": [9, 15, 18],
			"faces": {
				"north": {"uv": [12, 0, 14, 2], "texture": "#texture"},
				"east": {"uv": [4, 7, 16, 9], "texture": "#texture"},
				"south": {"uv": [12, 0, 14, 2], "texture": "#texture"},
				"west": {"uv": [4, 7, 16, 9], "texture": "#texture"},
				"up": {"uv": [4, 7, 16, 9], "rotation": 90, "texture": "#texture"},
				"down": {"uv": [4, 7, 16, 9], "rotation": 90, "texture": "#texture"}
			}
		},
		{
			"name": "Lower bar",
			"from": [7, 5, -2],
			"to": [9, 7, 18],
			"faces": {
				"north": {"uv": [12, 0, 14, 2], "texture": "#texture"},
				"east": {"uv": [4, 7, 16, 9], "texture": "#texture"},
				"south": {"uv": [12, 0, 14, 2], "texture": "#texture"},
				"west": {"uv": [4, 7, 16, 9], "texture": "#texture"},
				"up": {"uv": [4, 7, 16, 9], "rotation": 90, "texture": "#texture"},
				"down": {"uv": [4, 7, 16, 9], "rotation": 90, "texture": "#texture"}
			}
		}
	],
	"display": {
		"thirdperson_righthand": {
			"rotation": [0, 20, 0],
			"translation": [0, 1.5, -0.5],
			"scale": [0.25, 0.25, 0.25]
		},
		"thirdperson_lefthand": {
			"rotation": [0, 20, 0],
			"translation": [0, 1.5, -0.5],
			"scale": [0.25, 0.25, 0.25]
		},
		"firstperson_righthand": {
			"rotation": [0, 45, 0],
			"scale": [0.45, 0.45, 0.45]
		},
		"firstperson_lefthand": {
			"rotation": [0, 225, 0],
			"scale": [0.45, 0.45, 0.45]
		},
		"ground": {
			"translation": [0, 3, 0],
			"scale": [0.25, 0.25, 0.25]
		},
		"gui": {
			"rotation": [30, 225, 0],
			"scale": [0.625, 0.625, 0.625]
		},
		"fixed": {
			"scale": [0.5, 0.5, 0.5]
		}
	},
	"groups": [
		0,
		1,
		2,
		3,
		{
			"name": "block",
			"origin": [8, 8, 8],
			"color": 0,
			"children": []
		}
	]
}