{ "ambientocclusion": false,
  "textures": {
    "1": "block/sweet_berry_bush"
  },
  "elements": [
    { "from": [3.25, 9.5, 2.75],
      "to": [4.75, 11, 2.75],
      "shade": false,
      "rotation": {"angle": -45, "axis": "y", "origin": [4, 10.25, 2.75]},
      "faces": {
        "north": {"uv": [12.25, 14.25, 13.75, 15.75], "texture": "#1"},
        "south": {"uv": [12.25, 14.25, 13.75, 15.75], "texture": "#1"}
      }
    },
    { "from": [4, 9.5, 2],
      "to": [4, 11, 3.5],
      "shade": false,
      "rotation": {"angle": -45, "axis": "y", "origin": [4, 10.25, 2.75]},
      "faces": {
        "east": {"uv": [12.25, 14.25, 13.75, 15.75], "texture": "#1"},
        "west": {"uv": [12.25, 14.25, 13.75, 15.75], "texture": "#1"}
      }
    },
    { "from": [13.25, 6.75, 1.25],
      "to": [14.75, 8.25, 1.25],
      "shade": false,
      "rotation": {"angle": -45, "axis": "y", "origin": [14, 7.5, 1.25]},
      "faces": {
        "north": {"uv": [12.25, 14.25, 13.75, 15.75], "texture": "#1"},
        "south": {"uv": [12.25, 14.25, 13.75, 15.75], "texture": "#1"}
      }
    },
    { "from": [14, 6.75, 0.5],
      "to": [14, 8.25, 2],
      "shade": false,
      "rotation": {"angle": -45, "axis": "y", "origin": [14, 7.5, 1.25]},
      "faces": {
        "east": {"uv": [12.25, 14.25, 13.75, 15.75], "texture": "#1"},
        "west": {"uv": [12.25, 14.25, 13.75, 15.75], "texture": "#1"}
      }
    },
    { "from": [0.6, 4, 0.25],
      "to": [2.35, 5.75, 0.25],
      "shade": false,
      "rotation": {"angle": -45, "axis": "y", "origin": [1.4875, 4.875, 0.25]},
      "faces": {
        "north": {"uv": [14, 14, 15.75, 15.75], "texture": "#1"},
        "south": {"uv": [14, 14, 15.75, 15.75], "texture": "#1"}
      }
    },
    { "from": [1.5, 4, -0.625],
      "to": [1.5, 5.75, 1.125],
      "shade": false,
      "rotation": {"angle": -45, "axis": "y", "origin": [1.4875, 4.875, 0.25]},
      "faces": {
        "east": {"uv": [14, 14, 15.75, 15.75], "texture": "#1"},
        "west": {"uv": [14, 14, 15.75, 15.75], "texture": "#1"}
      }
    }
  ]
}