{
    "variants": {
    	"facing=north,in_wall=true,open=false": { "model": "block/fence/dark_oak/dark_oak_fence_gate" },
        "facing=north,in_wall=false,open=false": { "model": "block/fence/dark_oak/dark_oak_fence_gate" },
		"facing=north,in_wall=true,open=true": { "model": "block/fence/dark_oak/dark_oak_fence_gate_open" },
		"facing=north,in_wall=false,open=true": { "model": "block/fence/dark_oak/dark_oak_fence_gate_open" },

		"facing=south,in_wall=true,open=false": { "model": "block/fence/dark_oak/dark_oak_fence_gate" },
		"facing=south,in_wall=false,open=false": { "model": "block/fence/dark_oak/dark_oak_fence_gate" },
		"facing=south,in_wall=true,open=true": { "model": "block/fence/dark_oak/dark_oak_fence_gate_open" },
		"facing=south,in_wall=false,open=true": { "model": "block/fence/dark_oak/dark_oak_fence_gate_open" },

		"facing=west,in_wall=true,open=false":  { "model": "block/fence/dark_oak/dark_oak_fence_gate", "y": 270 },
		"facing=west,in_wall=false,open=false":  { "model": "block/fence/dark_oak/dark_oak_fence_gate", "y": 270 },
		"facing=west,in_wall=true,open=true":  { "model": "block/fence/dark_oak/dark_oak_fence_gate_open", "y": 270 },
		"facing=west,in_wall=false,open=true":  { "model": "block/fence/dark_oak/dark_oak_fence_gate_open", "y": 270 },
       
        "facing=east,in_wall=true,open=false":  { "model": "block/fence/dark_oak/dark_oak_fence_gate", "y": 270 },
        "facing=east,in_wall=false,open=false":  { "model": "block/fence/dark_oak/dark_oak_fence_gate", "y": 270 },
        "facing=east,in_wall=true,open=true":  { "model": "block/fence/dark_oak/dark_oak_fence_gate_open", "y": 270 },
        "facing=east,in_wall=false,open=true":  { "model": "block/fence/dark_oak/dark_oak_fence_gate_open", "y": 270 }
    }
}
