{
	"credit": "Made with Blockbench",
	"parent": "block/block",
	"texture_size": [32, 32],
	"textures": {
		"particle": "block/lantern",
		"lantern": "block/lantern",
		"lantern_holder": "walllanterns:block/lantern_holder"
	},
	"elements": [
		{
			"from": [6.9, 14, 6],
			"to": [9.1, 15, 16],
			"faces": {
				"north": {"uv": [4, 2, 6, 3], "texture": "#lantern_holder"},
				"east": {"uv": [4, 1, 14, 2], "texture": "#lantern_holder"},
				"south": {"uv": [4, 3, 6, 4], "texture": "#lantern_holder"},
				"west": {"uv": [4, 1, 14, 0], "rotation": 180, "texture": "#lantern_holder"},
				"up": {"uv": [8, 12, 6, 2], "texture": "#lantern_holder"},
				"down": {"uv": [4, 0, 2, 10], "texture": "#lantern_holder"}
			}
		},
		{
			"from": [6.9, 8, 15],
			"to": [9.1, 14, 16],
			"faces": {
				"north": {"uv": [0, 0, 2, 6], "texture": "#lantern_holder"},
				"east": {"uv": [4, 1, 10, 2], "rotation": 90, "texture": "#lantern_holder"},
				"south": {"uv": [2, 0, 4, 6], "texture": "#lantern_holder"},
				"west": {"uv": [4, 1, 10, 0], "rotation": 90, "texture": "#lantern_holder"},
				"down": {"uv": [4, 4, 6, 5], "texture": "#lantern_holder"}
			}
		},
		{
			"from": [7.5, 9.4, 7.85],
			"to": [8.5, 10.4, 14.85],
			"rotation": {"angle": 45, "axis": "x", "origin": [8, 9, 14.925]},
			"faces": {
				"east": {"uv": [7, 15, 14, 16], "rotation": 180, "texture": "#lantern_holder"},
				"west": {"uv": [7, 15, 14, 14], "texture": "#lantern_holder"},
				"up": {"uv": [15, 9, 16, 16], "texture": "#lantern_holder"},
				"down": {"uv": [14, 9, 15, 16], "rotation": 180, "texture": "#lantern_holder"}
			}
		},
		{
			"name": "Chain Link",
			"from": [8.5, 13, 7.75],
			"to": [9, 14, 8.25],
			"rotation": {"angle": 0, "axis": "y", "origin": [8, 12.75, 8]},
			"faces": {
				"north": {"uv": [9, 7, 7, 7.5], "rotation": 270, "texture": "#lantern"},
				"east": {"uv": [9, 7, 7, 7.5], "rotation": 270, "texture": "#lantern"},
				"south": {"uv": [7, 7, 9, 7.5], "rotation": 90, "texture": "#lantern"},
				"west": {"uv": [7, 7, 9, 7.5], "rotation": 90, "texture": "#lantern"},
				"up": {"uv": [6.5, 7, 7, 7.5], "texture": "#lantern"},
				"down": {"uv": [8.5, 7, 9, 7.5], "texture": "#lantern"}
			}
		},
		{
			"name": "Chain Link",
			"from": [7.75, 11.5, 7],
			"to": [8.25, 14, 7.5],
			"rotation": {"angle": -22.5, "axis": "y", "origin": [8, 12.75, 8]},
			"faces": {
				"north": {"uv": [6.5, 7, 9, 7.5], "rotation": 90, "texture": "#lantern"},
				"east": {"uv": [9, 7, 6.5, 7.5], "rotation": 270, "texture": "#lantern"},
				"south": {"uv": [9, 7, 6.5, 7.5], "rotation": 270, "texture": "#lantern"},
				"west": {"uv": [6.5, 7, 9, 7.5], "rotation": 90, "texture": "#lantern"},
				"up": {"uv": [6.5, 7, 7, 7.5], "rotation": 90, "texture": "#lantern"},
				"down": {"uv": [8.5, 7, 9, 7.5], "rotation": 270, "texture": "#lantern"}
			}
		},
		{
			"name": "Chain Link",
			"from": [7.75, 11, 7],
			"to": [8.25, 12.5, 7.5],
			"rotation": {"angle": 45, "axis": "y", "origin": [8, 12.75, 8]},
			"faces": {
				"north": {"uv": [7.5, 7, 9, 7.5], "rotation": 90, "texture": "#lantern"},
				"east": {"uv": [9, 7, 7.5, 7.5], "rotation": 270, "texture": "#lantern"},
				"south": {"uv": [9, 7, 7.5, 7.5], "rotation": 270, "texture": "#lantern"},
				"west": {"uv": [7.5, 7, 9, 7.5], "rotation": 90, "texture": "#lantern"},
				"up": {"uv": [6.5, 7, 7, 7.5], "rotation": 90, "texture": "#lantern"},
				"down": {"uv": [8.5, 7, 9, 7.5], "rotation": 270, "texture": "#lantern"}
			}
		},
		{
			"name": "Chain Link",
			"from": [7, 13, 7.75],
			"to": [7.5, 14, 8.25],
			"rotation": {"angle": 0, "axis": "y", "origin": [8, 12.75, 8]},
			"faces": {
				"north": {"uv": [9, 7, 7, 7.5], "rotation": 270, "texture": "#lantern"},
				"east": {"uv": [9, 7, 7, 7.5], "rotation": 270, "texture": "#lantern"},
				"south": {"uv": [7, 7, 9, 7.5], "rotation": 90, "texture": "#lantern"},
				"west": {"uv": [7, 7, 9, 7.5], "rotation": 90, "texture": "#lantern"},
				"up": {"uv": [6.5, 7, 7, 7.5], "texture": "#lantern"},
				"down": {"uv": [8.5, 7, 9, 7.5], "texture": "#lantern"}
			}
		},
		{
			"name": "Chain Link",
			"from": [7.75, 11.5, 8.5],
			"to": [8.25, 14, 9],
			"rotation": {"angle": -22.5, "axis": "y", "origin": [8, 12.75, 8]},
			"faces": {
				"north": {"uv": [6.5, 7, 9, 7.5], "rotation": 90, "texture": "#lantern"},
				"east": {"uv": [9, 7, 6.5, 7.5], "rotation": 270, "texture": "#lantern"},
				"south": {"uv": [9, 7, 6.5, 7.5], "rotation": 270, "texture": "#lantern"},
				"west": {"uv": [6.5, 7, 9, 7.5], "rotation": 90, "texture": "#lantern"},
				"up": {"uv": [6.5, 7, 7, 7.5], "rotation": 90, "texture": "#lantern"},
				"down": {"uv": [8.5, 7, 9, 7.5], "rotation": 270, "texture": "#lantern"}
			}
		},
		{
			"name": "Chain Link",
			"from": [7.75, 11, 8.5],
			"to": [8.25, 12.5, 9],
			"rotation": {"angle": 45, "axis": "y", "origin": [8, 12.75, 8]},
			"faces": {
				"north": {"uv": [7.5, 7, 9, 7.5], "rotation": 90, "texture": "#lantern"},
				"east": {"uv": [9, 7, 7.5, 7.5], "rotation": 270, "texture": "#lantern"},
				"south": {"uv": [9, 7, 7.5, 7.5], "rotation": 270, "texture": "#lantern"},
				"west": {"uv": [7.5, 7, 9, 7.5], "rotation": 90, "texture": "#lantern"},
				"up": {"uv": [6.5, 7, 7, 7.5], "rotation": 90, "texture": "#lantern"},
				"down": {"uv": [8.5, 7, 9, 7.5], "rotation": 270, "texture": "#lantern"}
			}
		},
		{
			"name": "Chain Link",
			"from": [7.75, 13.5, 7.5],
			"to": [8.25, 14, 8.5],
			"rotation": {"angle": -22.5, "axis": "y", "origin": [8, 12.75, 8]},
			"faces": {
				"east": {"uv": [7.5, 7, 6.5, 7.5], "rotation": 180, "texture": "#lantern"},
				"west": {"uv": [6.5, 7, 7.5, 7.5], "rotation": 180, "texture": "#lantern"},
				"up": {"uv": [6.5, 7, 7.5, 7.5], "rotation": 270, "texture": "#lantern"},
				"down": {"uv": [6.5, 7, 7.5, 7.5], "rotation": 90, "texture": "#lantern"}
			}
		},
		{
			"name": "Chain Link",
			"from": [7.75, 12, 7.5],
			"to": [8.25, 12.5, 8.5],
			"rotation": {"angle": 45, "axis": "y", "origin": [8, 12.75, 8]},
			"faces": {
				"east": {"uv": [7.5, 7, 6.5, 7.5], "rotation": 180, "texture": "#lantern"},
				"west": {"uv": [6.5, 7, 7.5, 7.5], "rotation": 180, "texture": "#lantern"},
				"up": {"uv": [6.5, 7, 7.5, 7.5], "rotation": 270, "texture": "#lantern"},
				"down": {"uv": [6.5, 7, 7.5, 7.5], "rotation": 90, "texture": "#lantern"}
			}
		},
		{
			"name": "Chain Link",
			"from": [7.75, 11.5, 7.5],
			"to": [8.25, 12, 8.5],
			"rotation": {"angle": -22.5, "axis": "y", "origin": [8, 12.75, 8]},
			"faces": {
				"east": {"uv": [9, 7, 8, 7.5], "rotation": 180, "texture": "#lantern"},
				"west": {"uv": [8, 7, 9, 7.5], "rotation": 180, "texture": "#lantern"},
				"up": {"uv": [8, 7, 9, 7.5], "rotation": 270, "texture": "#lantern"},
				"down": {"uv": [8, 7, 9, 7.5], "rotation": 90, "texture": "#lantern"}
			}
		},
		{
			"name": "Chain Link",
			"from": [7.5, 13, 7.75],
			"to": [8.5, 13.5, 8.25],
			"rotation": {"angle": 0, "axis": "y", "origin": [8, 12.75, 8]},
			"faces": {
				"north": {"uv": [9, 7, 8, 7.5], "rotation": 180, "texture": "#lantern"},
				"south": {"uv": [8, 7, 9, 7.5], "rotation": 180, "texture": "#lantern"},
				"up": {"uv": [8, 7, 9, 7.5], "rotation": 180, "texture": "#lantern"},
				"down": {"uv": [8, 7, 9, 7.5], "rotation": 180, "texture": "#lantern"}
			}
		},
		{
			"name": "Chain Plates",
			"from": [7, 10.5, 7],
			"to": [9, 11, 9],
			"rotation": {"angle": 0, "axis": "y", "origin": [8, 15.75, 8]},
			"faces": {
				"north": {"uv": [4, 11, 2, 11.5], "texture": "#lantern"},
				"east": {"uv": [4, 11, 3.5, 13], "rotation": 90, "texture": "#lantern"},
				"south": {"uv": [2, 12.5, 4, 13], "texture": "#lantern"},
				"west": {"uv": [2, 12.5, 4, 13], "texture": "#lantern"},
				"up": {"uv": [2, 11, 4, 13], "texture": "#lantern"}
			}
		},
		{
			"name": "Chain Plates",
			"from": [6.5, 10, 6.5],
			"to": [9.5, 10.5, 9.5],
			"rotation": {"angle": 0, "axis": "y", "origin": [8, 15.75, 8]},
			"faces": {
				"north": {"uv": [2, 10.5, 1.5, 13.5], "rotation": 270, "texture": "#lantern"},
				"east": {"uv": [4.5, 10.5, 1.5, 11], "texture": "#lantern"},
				"south": {"uv": [4, 10.5, 4.5, 13.5], "rotation": 90, "texture": "#lantern"},
				"west": {"uv": [1.5, 13, 4.5, 13.5], "texture": "#lantern"},
				"up": {"uv": [1.5, 10.5, 4.5, 13.5], "rotation": 90, "texture": "#lantern"}
			}
		},
		{
			"name": "Lantern Frame",
			"from": [5, 2, 5],
			"to": [6, 7, 6],
			"rotation": {"angle": 0, "axis": "y", "origin": [8, 9, 8]},
			"faces": {
				"north": {"uv": [5, 3, 6, 8], "texture": "#lantern"},
				"east": {"uv": [6, 3, 5, 8], "texture": "#lantern"},
				"south": {"uv": [1, 3, 0, 8], "texture": "#lantern"},
				"west": {"uv": [0, 3, 1, 8], "texture": "#lantern"}
			}
		},
		{
			"name": "Lantern Frame",
			"from": [5, 2, 10],
			"to": [6, 7, 11],
			"rotation": {"angle": 0, "axis": "y", "origin": [8, 9, 8]},
			"faces": {
				"north": {"uv": [6, 3, 5, 8], "texture": "#lantern"},
				"east": {"uv": [1, 3, 0, 8], "texture": "#lantern"},
				"south": {"uv": [0, 3, 1, 8], "texture": "#lantern"},
				"west": {"uv": [5, 3, 6, 8], "texture": "#lantern"}
			}
		},
		{
			"name": "Lantern Frame",
			"from": [10, 2, 10],
			"to": [11, 7, 11],
			"rotation": {"angle": 0, "axis": "y", "origin": [8, 9, 8]},
			"faces": {
				"north": {"uv": [1, 3, 0, 8], "texture": "#lantern"},
				"east": {"uv": [0, 3, 1, 8], "texture": "#lantern"},
				"south": {"uv": [5, 3, 6, 8], "texture": "#lantern"},
				"west": {"uv": [6, 3, 5, 8], "texture": "#lantern"}
			}
		},
		{
			"name": "Lantern Frame",
			"from": [10, 2, 5],
			"to": [11, 7, 6],
			"rotation": {"angle": 0, "axis": "y", "origin": [8, 9, 8]},
			"faces": {
				"north": {"uv": [0, 3, 1, 8], "texture": "#lantern"},
				"east": {"uv": [5, 3, 6, 8], "texture": "#lantern"},
				"south": {"uv": [5, 3, 6, 8], "texture": "#lantern"},
				"west": {"uv": [0, 3, 1, 8], "texture": "#lantern"}
			}
		},
		{
			"name": "Lantern Frame",
			"from": [5, 1, 5],
			"to": [11, 2, 11],
			"rotation": {"angle": 0, "axis": "y", "origin": [8, 9, 8]},
			"faces": {
				"north": {"uv": [0, 8, 6, 9], "texture": "#lantern"},
				"east": {"uv": [0, 8, 6, 9], "texture": "#lantern"},
				"south": {"uv": [0, 8, 6, 9], "texture": "#lantern"},
				"west": {"uv": [0, 8, 6, 9], "texture": "#lantern"},
				"up": {"uv": [0, 9, 6, 15], "texture": "#lantern"},
				"down": {"uv": [12, 15, 6, 9], "texture": "#lantern"}
			}
		},
		{
			"name": "Lantern Frame",
			"from": [5, 7, 5],
			"to": [11, 8, 11],
			"rotation": {"angle": 0, "axis": "y", "origin": [8, 9, 8]},
			"faces": {
				"north": {"uv": [0, 2, 6, 3], "texture": "#lantern"},
				"east": {"uv": [0, 2, 6, 3], "texture": "#lantern"},
				"south": {"uv": [0, 2, 6, 3], "texture": "#lantern"},
				"west": {"uv": [0, 2, 6, 3], "texture": "#lantern"},
				"up": {"uv": [0, 9, 6, 15], "texture": "#lantern"},
				"down": {"uv": [0, 9, 6, 15], "texture": "#lantern"}
			}
		},
		{
			"name": "Lantern",
			"from": [5.5, 8, 5.5],
			"to": [10.5, 8.5, 10.5],
			"rotation": {"angle": 0, "axis": "y", "origin": [8, 9, 8]},
			"faces": {
				"north": {"uv": [0.5, 9.5, 1, 14.5], "rotation": 270, "texture": "#lantern"},
				"east": {"uv": [0.5, 9.5, 1, 14.5], "rotation": 90, "texture": "#lantern"},
				"south": {"uv": [5, 9.5, 5.5, 14.5], "rotation": 90, "texture": "#lantern"},
				"west": {"uv": [0.5, 14, 5.5, 14.5], "texture": "#lantern"},
				"up": {"uv": [0.5, 9.5, 5.5, 14.5], "rotation": 90, "texture": "#lantern"}
			}
		},
		{
			"name": "Lantern",
			"from": [6, 2, 6],
			"to": [10, 10, 10],
			"rotation": {"angle": 0, "axis": "y", "origin": [8, 9, 8]},
			"faces": {
				"north": {"uv": [1, 0, 5, 8], "texture": "#lantern"},
				"east": {"uv": [1, 0, 5, 8], "texture": "#lantern"},
				"south": {"uv": [1, 0, 5, 8], "texture": "#lantern"},
				"west": {"uv": [1, 0, 5, 8], "texture": "#lantern"},
				"up": {"uv": [1, 10, 5, 14], "texture": "#lantern"}
			}
		},
		{
			"name": "Buttons",
			"from": [7, 9, 5.75],
			"to": [7.5, 9.5, 10.25],
			"rotation": {"angle": 0, "axis": "y", "origin": [8, 9, 8]},
			"faces": {
				"north": {"uv": [6.5, 6, 7, 6.5], "texture": "#lantern"},
				"east": {"uv": [6.5, 6, 7, 6.5], "texture": "#lantern"},
				"south": {"uv": [6.5, 6, 7, 6.5], "texture": "#lantern"},
				"west": {"uv": [6.5, 6, 7, 6.5], "texture": "#lantern"},
				"up": {"uv": [6.5, 6, 7, 6.5], "texture": "#lantern"},
				"down": {"uv": [6.5, 6, 7, 6.5], "texture": "#lantern"}
			}
		},
		{
			"name": "Buttons",
			"from": [5.75, 9, 7],
			"to": [10.25, 9.5, 7.5],
			"rotation": {"angle": 0, "axis": "y", "origin": [8, 9, 8]},
			"faces": {
				"north": {"uv": [6.5, 6, 7, 6.5], "texture": "#lantern"},
				"east": {"uv": [6.5, 6, 7, 6.5], "texture": "#lantern"},
				"south": {"uv": [6.5, 6, 7, 6.5], "texture": "#lantern"},
				"west": {"uv": [6.5, 6, 7, 6.5], "texture": "#lantern"},
				"up": {"uv": [6.5, 6, 7, 6.5], "rotation": 90, "texture": "#lantern"},
				"down": {"uv": [6.5, 6, 7, 6.5], "rotation": 270, "texture": "#lantern"}
			}
		},
		{
			"name": "Buttons",
			"from": [8.5, 9, 5.75],
			"to": [9, 9.5, 10.25],
			"rotation": {"angle": 0, "axis": "y", "origin": [8, 9, 8]},
			"faces": {
				"north": {"uv": [6.5, 6, 7, 6.5], "texture": "#lantern"},
				"east": {"uv": [6.5, 6, 7, 6.5], "texture": "#lantern"},
				"south": {"uv": [6.5, 6, 7, 6.5], "texture": "#lantern"},
				"west": {"uv": [6.5, 6, 7, 6.5], "texture": "#lantern"},
				"up": {"uv": [6.5, 6, 7, 6.5], "texture": "#lantern"},
				"down": {"uv": [6.5, 6, 7, 6.5], "texture": "#lantern"}
			}
		},
		{
			"name": "Buttons",
			"from": [5.75, 9, 8.5],
			"to": [10.25, 9.5, 9],
			"rotation": {"angle": 0, "axis": "y", "origin": [8, 9, 8]},
			"faces": {
				"north": {"uv": [6.5, 6, 7, 6.5], "texture": "#lantern"},
				"east": {"uv": [6.5, 6, 7, 6.5], "texture": "#lantern"},
				"south": {"uv": [6.5, 6, 7, 6.5], "texture": "#lantern"},
				"west": {"uv": [6.5, 6, 7, 6.5], "texture": "#lantern"},
				"up": {"uv": [6.5, 6, 7, 6.5], "rotation": 90, "texture": "#lantern"},
				"down": {"uv": [6.5, 6, 7, 6.5], "rotation": 270, "texture": "#lantern"}
			}
		},
		{
			"from": [5, 2, 7],
			"to": [5.5, 7, 7.5],
			"rotation": {"angle": 0, "axis": "y", "origin": [8, 9, 8]},
			"faces": {
				"north": {"uv": [6.5, 2, 7, 7], "texture": "#lantern"},
				"east": {"uv": [6.5, 2, 7, 7], "texture": "#lantern"},
				"south": {"uv": [6.5, 2, 7, 7], "texture": "#lantern"},
				"west": {"uv": [6.5, 2, 7, 7], "texture": "#lantern"}
			}
		},
		{
			"from": [7, 2, 10.5],
			"to": [7.5, 7, 11],
			"rotation": {"angle": 0, "axis": "y", "origin": [8, 9, 8]},
			"faces": {
				"north": {"uv": [6.5, 2, 7, 7], "texture": "#lantern"},
				"east": {"uv": [6.5, 2, 7, 7], "texture": "#lantern"},
				"south": {"uv": [6.5, 2, 7, 7], "texture": "#lantern"},
				"west": {"uv": [6.5, 2, 7, 7], "texture": "#lantern"}
			}
		},
		{
			"from": [10.5, 2, 8.5],
			"to": [11, 7, 9],
			"rotation": {"angle": 0, "axis": "y", "origin": [8, 9, 8]},
			"faces": {
				"north": {"uv": [6.5, 2, 7, 7], "texture": "#lantern"},
				"east": {"uv": [6.5, 2, 7, 7], "texture": "#lantern"},
				"south": {"uv": [6.5, 2, 7, 7], "texture": "#lantern"},
				"west": {"uv": [6.5, 2, 7, 7], "texture": "#lantern"}
			}
		},
		{
			"from": [8.5, 2, 5],
			"to": [9, 7, 5.5],
			"rotation": {"angle": 0, "axis": "y", "origin": [8, 9, 8]},
			"faces": {
				"north": {"uv": [6.5, 2, 7, 7], "texture": "#lantern"},
				"east": {"uv": [6.5, 2, 7, 7], "texture": "#lantern"},
				"south": {"uv": [6.5, 2, 7, 7], "texture": "#lantern"},
				"west": {"uv": [6.5, 2, 7, 7], "texture": "#lantern"}
			}
		},
		{
			"from": [5, 2, 8.5],
			"to": [5.5, 7, 9],
			"rotation": {"angle": 0, "axis": "y", "origin": [8, 9, 8]},
			"faces": {
				"north": {"uv": [6.5, 2, 7, 7], "texture": "#lantern"},
				"east": {"uv": [6.5, 2, 7, 7], "texture": "#lantern"},
				"south": {"uv": [6.5, 2, 7, 7], "texture": "#lantern"},
				"west": {"uv": [6.5, 2, 7, 7], "texture": "#lantern"}
			}
		},
		{
			"from": [8.5, 2, 10.5],
			"to": [9, 7, 11],
			"rotation": {"angle": 0, "axis": "y", "origin": [8, 9, 8]},
			"faces": {
				"north": {"uv": [6.5, 2, 7, 7], "texture": "#lantern"},
				"east": {"uv": [6.5, 2, 7, 7], "texture": "#lantern"},
				"south": {"uv": [6.5, 2, 7, 7], "texture": "#lantern"},
				"west": {"uv": [6.5, 2, 7, 7], "texture": "#lantern"}
			}
		},
		{
			"from": [10.5, 2, 7],
			"to": [11, 7, 7.5],
			"rotation": {"angle": 0, "axis": "y", "origin": [8, 9, 8]},
			"faces": {
				"north": {"uv": [6.5, 2, 7, 7], "texture": "#lantern"},
				"east": {"uv": [6.5, 2, 7, 7], "texture": "#lantern"},
				"south": {"uv": [6.5, 2, 7, 7], "texture": "#lantern"},
				"west": {"uv": [6.5, 2, 7, 7], "texture": "#lantern"}
			}
		},
		{
			"from": [7, 2, 5],
			"to": [7.5, 7, 5.5],
			"rotation": {"angle": 0, "axis": "y", "origin": [8, 9, 8]},
			"faces": {
				"north": {"uv": [6.5, 2, 7, 7], "texture": "#lantern"},
				"east": {"uv": [6.5, 2, 7, 7], "texture": "#lantern"},
				"south": {"uv": [6.5, 2, 7, 7], "texture": "#lantern"},
				"west": {"uv": [6.5, 2, 7, 7], "texture": "#lantern"}
			}
		}
	],
	"groups": [
		{
			"name": "group",
			"origin": [8, 9, 15.1],
			"color": 0,
			"children": [0, 1, 2]
		},
		3,
		4,
		5,
		6,
		7,
		8,
		9,
		10,
		11,
		12,
		13,
		14,
		15,
		16,
		17,
		18,
		19,
		20,
		21,
		22,
		23,
		24,
		25,
		26,
		27,
		28,
		29,
		30,
		31,
		32,
		33,
		34
	]
}