{
	"credit": "Made with Blockbench, model by LTK1",
	"textures": {
		"0": "blocks/enchanting_table_side",
		"1": "blocks/enchanting_table_top",
		"2": "blocks/enchanting_table_bottom",
		"particle": "blocks/enchanting_table_side"
	},
	"elements": [
		{
			"name": "cube",
			"from": [0, 0, 0],
			"to": [16, 7.5, 16],
			"faces": {
				"north": {
					"uv": [0.016, 8.516, 15.984, 15.984],
					"texture": "#0"
				},
				"east": {
					"uv": [0.016, 8.516, 15.984, 15.984],
					"texture": "#0"
				},
				"south": {
					"uv": [0.016, 8.516, 15.984, 15.984],
					"texture": "#0"
				},
				"west": {
					"uv": [0.016, 8.516, 15.984, 15.984],
					"texture": "#0"
				},
				"up": {
					"uv": [0.016, 0.016, 15.984, 15.984],
					"texture": "#2"
				},
				"down": {
					"uv": [0.016, 0.016, 15.984, 15.984],
					"texture": "#2"
				}
			},
			"type": "cube"
		},
		{
			"name": "cube",
			"from": [0.5, 7.5, 0.5],
			"to": [15.5, 8.5, 15.5],
			"faces": {
				"north": {
					"uv": [0.516, 7.516, 15.484, 8.484],
					"texture": "#0"
				},
				"east": {
					"uv": [0.516, 7.516, 15.484, 8.484],
					"texture": "#0"
				},
				"south": {
					"uv": [0.516, 7.516, 15.484, 8.484],
					"texture": "#0"
				},
				"west": {
					"uv": [0.516, 7.516, 15.484, 8.484],
					"texture": "#0"
				}
			},
			"type": "cube"
		},
		{
			"name": "cube",
			"from": [0, 8.5, 0],
			"to": [16, 11.5, 16],
			"faces": {
				"north": {
					"uv": [0.016, 4.016, 15.984, 6.984],
					"texture": "#0"
				},
				"east": {
					"uv": [0.016, 4.516, 15.984, 6.984],
					"texture": "#0"
				},
				"south": {
					"uv": [0.016, 4.016, 15.984, 6.984],
					"texture": "#0"
				},
				"west": {
					"uv": [0.016, 4.016, 15.984, 6.984],
					"texture": "#0"
				},
				"up": {
					"uv": [0.016, 0.016, 15.984, 15.984],
					"texture": "#1"
				},
				"down": {
					"uv": [0.016, 0.016, 15.984, 15.984],
					"texture": "#2"
				}
			},
			"type": "cube"
		},
		{
			"name": "cube",
			"from": [0, 11.5, 0],
			"to": [13, 12, 3],
			"faces": {
				"north": {
					"uv": [3.016, 4.016, 15.984, 4.484],
					"texture": "#0"
				},
				"east": {
					"uv": [0.016, 0.016, 2.984, 0.5],
					"texture": "#missing"
				},
				"south": {
					"uv": [0.016, 4.016, 12.984, 4.484],
					"texture": "#0"
				},
				"west": {
					"uv": [0.016, 4.016, 2.984, 4.484],
					"texture": "#0"
				},
				"up": {
					"uv": [0.016, 0.016, 12.984, 2.984],
					"texture": "#1"
				},
				"down": {
					"uv": [0.016, 0.016, 12.984, 2.984],
					"texture": "#missing"
				}
			},
			"type": "cube"
		},
		{
			"name": "cube",
			"from": [13, 11.5, 0],
			"to": [16, 12, 13],
			"faces": {
				"north": {
					"uv": [0.016, 4.016, 2.984, 4.484],
					"texture": "#0"
				},
				"east": {
					"uv": [3.016, 4.016, 15.984, 4.484],
					"texture": "#0"
				},
				"south": {
					"uv": [0.016, 0.016, 2.984, 0.5],
					"texture": "#missing"
				},
				"west": {
					"uv": [0.016, 4.016, 12.984, 4.484],
					"texture": "#0"
				},
				"up": {
					"uv": [13.016, 0.016, 15.984, 12.984],
					"texture": "#1"
				},
				"down": {
					"uv": [0.016, 0.016, 12.984, 2.984],
					"texture": "#missing",
					"rotation": 270
				}
			},
			"type": "cube"
		},
		{
			"name": "cube",
			"from": [3, 11.5, 13],
			"to": [16, 12, 16],
			"faces": {
				"north": {
					"uv": [0.016, 4.016, 12.984, 4.484],
					"texture": "#0"
				},
				"east": {
					"uv": [0.016, 4.016, 2.984, 4.484],
					"texture": "#0"
				},
				"south": {
					"uv": [3.016, 4.016, 15.984, 4.484],
					"texture": "#0"
				},
				"west": {
					"uv": [0.016, 0.016, 2.984, 0.5],
					"texture": "#missing"
				},
				"up": {
					"uv": [3.016, 13.016, 15.984, 15.984],
					"texture": "#1"
				},
				"down": {
					"uv": [0.016, 0.016, 12.984, 2.984],
					"texture": "#missing",
					"rotation": 180
				}
			},
			"type": "cube"
		},
		{
			"name": "cube",
			"from": [0, 11.5, 3],
			"to": [3, 12, 16],
			"faces": {
				"north": {
					"uv": [0.016, 0.016, 2.984, 0.5],
					"texture": "#missing"
				},
				"east": {
					"uv": [0.016, 4.016, 12.984, 4.484],
					"texture": "#0"
				},
				"south": {
					"uv": [0.016, 4.016, 2.984, 4.484],
					"texture": "#0"
				},
				"west": {
					"uv": [3.016, 4.016, 15.984, 4.484],
					"texture": "#0"
				},
				"up": {
					"uv": [0.016, 3.016, 2.984, 15.984],
					"texture": "#1"
				},
				"down": {
					"uv": [0.016, 0.016, 12.984, 2.984],
					"texture": "#missing",
					"rotation": 90
				}
			},
			"type": "cube"
		}
	],
	"display": {
		"thirdperson_righthand": {
			"scale": [0.375, 0.375, 0.375],
			"rotation": [75, 45, 0],
			"translation": [0, 2.5, 0]
		},
		"gui": {
			"scale": [0.625, 0.625, 0.625],
			"rotation": [30, 225, 0],
			"translation": [0, 0, 0]
		},
		"fixed": {
			"scale": [1, 1, 1],
			"rotation": [-90, 0, 0],
			"translation": [0, 0, 0]
		},
		"ground": {
			"scale": [0.25, 0.25, 0.25],
			"rotation": [0, 0, 0],
			"translation": [0, 3, 0]
		},
		"firstperson_lefthand": {
			"scale": [0.4, 0.4, 0.4],
			"rotation": [0, 225, 0],
			"translation": [0, 0, 0]
		},
		"firstperson_righthand": {
			"scale": [0.4, 0.4, 0.4],
			"rotation": [0, 45, 0],
			"translation": [0, 0, 0]
		},
		"thirdperson_lefthand": {
			"scale": [0.375, 0.375, 0.375],
			"rotation": [75, 45, 0],
			"translation": [0, 2.5, 0]
		}
	}
}