{
	"credit": "Made by Joanarr with Blockbench",
	"parent": "block/thin_block",
	"textures": {
		"2": "block/daylight_detector_bottom",
		"3": "block/daylight_detector_0",
		"particle": "block/daylight_detector_bottom",
		"top": "block/daylight_detector_inverted",
		"side": "block/daylight_detector_side"
	},
	"elements": [
		{
			"name": "main",
			"from": [0, 0, 0],
			"to": [16, 6, 16],
			"faces": {
				"north": {"uv": [0, 10, 16, 16], "texture": "#side", "cullface": "north"},
				"east": {"uv": [0, 4, 16, 10], "texture": "#side", "cullface": "east"},
				"south": {"uv": [0, 10, 16, 16], "texture": "#side", "cullface": "south"},
				"west": {"uv": [0, 4, 16, 10], "texture": "#side", "cullface": "west"},
				"up": {"uv": [0, 0, 16, 16], "texture": "#3"},
				"down": {"uv": [0, 0, 16, 16], "rotation": 90, "texture": "#2", "cullface": "down"}
			}
		},
		{
			"from": [1, 5.5, 1],
			"to": [15, 6.5, 1.5],
			"faces": {
				"north": {"uv": [1, 1, 15, 1.5], "rotation": 180, "texture": "#3"},
				"east": {"uv": [14.5, 1, 15, 1.5], "texture": "#3"},
				"south": {"uv": [1, 1, 15, 1.5], "texture": "#3"},
				"west": {"uv": [1, 1, 1.5, 1.5], "texture": "#3"},
				"up": {"uv": [1, 1, 15, 1.5], "texture": "#3"},
				"down": {"uv": [1, 1, 15, 1.5], "texture": "#3"}
			}
		},
		{
			"from": [1, 5.5, 4.5],
			"to": [15, 6.5, 5],
			"faces": {
				"north": {"uv": [1, 4.5, 15, 5], "rotation": 180, "texture": "#3"},
				"east": {"uv": [14.5, 4.5, 15, 5], "texture": "#3"},
				"south": {"uv": [1, 4.5, 15, 5], "texture": "#3"},
				"west": {"uv": [1, 4.5, 1.5, 5], "texture": "#3"},
				"up": {"uv": [1, 4.5, 15, 5], "texture": "#3"},
				"down": {"uv": [1, 4.5, 15, 5], "texture": "#3"}
			}
		},
		{
			"from": [1, 5.5, 6],
			"to": [15, 6.5, 6.5],
			"faces": {
				"north": {"uv": [1, 6, 15, 6.5], "rotation": 180, "texture": "#3"},
				"east": {"uv": [14.5, 6, 15, 6.5], "texture": "#3"},
				"south": {"uv": [1, 6, 15, 6.5], "texture": "#3"},
				"west": {"uv": [1, 6, 1.5, 6.5], "texture": "#3"},
				"up": {"uv": [1, 6, 15, 6.5], "texture": "#3"},
				"down": {"uv": [1, 6, 15, 6.5], "texture": "#3"}
			}
		},
		{
			"from": [1, 5.5, 9.5],
			"to": [15, 6.5, 10],
			"faces": {
				"north": {"uv": [1, 9.5, 15, 10], "rotation": 180, "texture": "#3"},
				"east": {"uv": [14.5, 9.5, 15, 10], "texture": "#3"},
				"south": {"uv": [1, 9.5, 15, 10], "texture": "#3"},
				"west": {"uv": [1, 9.5, 1.5, 10], "texture": "#3"},
				"up": {"uv": [1, 9.5, 15, 10], "texture": "#3"},
				"down": {"uv": [1, 9.5, 15, 10], "texture": "#3"}
			}
		},
		{
			"from": [1, 5.5, 11],
			"to": [15, 6.5, 11.5],
			"faces": {
				"north": {"uv": [1, 6, 15, 6.5], "rotation": 180, "texture": "#3"},
				"east": {"uv": [14.5, 6, 15, 6.5], "texture": "#3"},
				"south": {"uv": [1, 6, 15, 6.5], "texture": "#3"},
				"west": {"uv": [1, 6, 1.5, 6.5], "texture": "#3"},
				"up": {"uv": [1, 6, 15, 6.5], "texture": "#3"},
				"down": {"uv": [1, 6, 15, 6.5], "texture": "#3"}
			}
		},
		{
			"from": [1, 5.5, 14.5],
			"to": [15, 6.5, 15],
			"faces": {
				"north": {"uv": [1, 9.5, 15, 10], "rotation": 180, "texture": "#3"},
				"east": {"uv": [14.5, 9.5, 15, 10], "texture": "#3"},
				"south": {"uv": [1, 9.5, 15, 10], "texture": "#3"},
				"west": {"uv": [1, 9.5, 1.5, 10], "texture": "#3"},
				"up": {"uv": [1, 9.5, 15, 10], "texture": "#3"},
				"down": {"uv": [1, 9.5, 15, 10], "texture": "#3"}
			}
		},
		{
			"from": [14.5, 5.5, 1.5],
			"to": [15, 6.5, 4.5],
			"faces": {
				"north": {"uv": [1, 1.5, 1.5, 4.5], "texture": "#3"},
				"east": {"uv": [14.5, 1.5, 15, 4.5], "rotation": 90, "texture": "#3"},
				"south": {"uv": [1, 1.5, 1.5, 4.5], "texture": "#3"},
				"west": {"uv": [14.5, 1.5, 15, 4.5], "rotation": 270, "texture": "#3"},
				"up": {"uv": [14.5, 1.5, 15, 4.5], "texture": "#3"},
				"down": {"uv": [1, 1.5, 1.5, 4.5], "texture": "#3"}
			}
		},
		{
			"from": [1, 5.5, 6.5],
			"to": [1.5, 6.5, 9.5],
			"faces": {
				"north": {"uv": [1, 1.5, 1.5, 4.5], "texture": "#3"},
				"east": {"uv": [1, 6.5, 1.5, 9.5], "rotation": 90, "texture": "#3"},
				"south": {"uv": [1, 1.5, 1.5, 4.5], "texture": "#3"},
				"west": {"uv": [1, 6.5, 1.5, 9.5], "rotation": 270, "texture": "#3"},
				"up": {"uv": [1, 6.5, 1.5, 9.5], "texture": "#3"},
				"down": {"uv": [1, 1.5, 1.5, 4.5], "texture": "#3"}
			}
		},
		{
			"from": [1, 5.5, 11.5],
			"to": [1.5, 6.5, 14.5],
			"faces": {
				"north": {"uv": [1, 1.5, 1.5, 4.5], "texture": "#3"},
				"east": {"uv": [1, 11.5, 1.5, 14.5], "rotation": 90, "texture": "#3"},
				"south": {"uv": [1, 1.5, 1.5, 4.5], "texture": "#3"},
				"west": {"uv": [1, 11.5, 1.5, 14.5], "rotation": 270, "texture": "#3"},
				"up": {"uv": [1, 11.5, 1.5, 14.5], "texture": "#3"},
				"down": {"uv": [1, 1.5, 1.5, 4.5], "texture": "#3"}
			}
		},
		{
			"from": [1, 5.5, 1.5],
			"to": [1.5, 6.5, 4.5],
			"faces": {
				"north": {"uv": [1, 1.5, 1.5, 4.5], "texture": "#3"},
				"east": {"uv": [1, 1.5, 1.5, 4.5], "rotation": 90, "texture": "#3"},
				"south": {"uv": [1, 1.5, 1.5, 4.5], "texture": "#3"},
				"west": {"uv": [1, 1.5, 1.5, 4.5], "rotation": 270, "texture": "#3"},
				"up": {"uv": [1, 1.5, 1.5, 4.5], "texture": "#3"},
				"down": {"uv": [1, 1.5, 1.5, 4.5], "texture": "#3"}
			}
		},
		{
			"from": [14.5, 5.5, 6.5],
			"to": [15, 6.5, 9.5],
			"faces": {
				"north": {"uv": [1, 1.5, 1.5, 4.5], "texture": "#3"},
				"east": {"uv": [14.5, 6.5, 15, 9.5], "rotation": 90, "texture": "#3"},
				"south": {"uv": [1, 1.5, 1.5, 4.5], "texture": "#3"},
				"west": {"uv": [14.5, 6.5, 15, 9.5], "rotation": 270, "texture": "#3"},
				"up": {"uv": [14.5, 6.5, 15, 9.5], "texture": "#3"},
				"down": {"uv": [1, 1.5, 1.5, 4.5], "texture": "#3"}
			}
		},
		{
			"from": [14.5, 5.5, 11.5],
			"to": [15, 6.5, 14.5],
			"faces": {
				"north": {"uv": [1, 1.5, 1.5, 4.5], "texture": "#3"},
				"east": {"uv": [14.5, 11.5, 15, 14.5], "rotation": 90, "texture": "#3"},
				"south": {"uv": [1, 1.5, 1.5, 4.5], "texture": "#3"},
				"west": {"uv": [14.5, 11.5, 15, 14.5], "rotation": 270, "texture": "#3"},
				"up": {"uv": [14.5, 11.5, 15, 14.5], "texture": "#3"},
				"down": {"uv": [1, 1.5, 1.5, 4.5], "texture": "#3"}
			}
		},
		{
			"from": [2, 6, 2],
			"to": [4.4, 6.0625, 4],
			"faces": {
				"north": {"uv": [2, 2, 14, 4], "texture": "#top"},
				"east": {"uv": [2, 2, 14, 4], "texture": "#top"},
				"south": {"uv": [2, 2, 14, 4], "texture": "#top"},
				"west": {"uv": [2, 2, 14, 4], "texture": "#top"},
				"up": {"uv": [4, 14, 6.4, 16], "texture": "#top"},
				"down": {"uv": [2, 2, 14, 4], "texture": "#top"}
			}
		}
	]
}