{
	"credit": "Made by CCCode, updated by SyndiShanX",
	"parent": "block/block",
	"textures": {
		"0": "block/granite_wall",
		"particle": "block/polished_granite"
	},
	"elements": [
		{
			"name": "Top",
			"from": [3, 13, 3],
			"to": [13, 15.03, 13],
			"faces": {
				"north": {"uv": [0, 0.5, 5, 1.5], "texture": "#0"},
				"east": {"uv": [0, 0.5, 5, 1.5], "texture": "#0"},
				"south": {"uv": [0, 0.5, 5, 1.5], "texture": "#0"},
				"west": {"uv": [0, 0.5, 5, 1.5], "texture": "#0"},
				"up": {"uv": [5, 0, 10, 5], "texture": "#0"},
				"down": {"uv": [0, 8, 5, 13], "texture": "#0"}
			}
		},
		{
			"name": "Main Post",
			"from": [4, 2, 4],
			"to": [12, 16, 12],
			"faces": {
				"north": {"uv": [0.5, 0, 4.5, 7], "texture": "#0"},
				"east": {"uv": [0.5, 0, 4.5, 7], "texture": "#0"},
				"south": {"uv": [0.5, 0, 4.5, 7], "texture": "#0"},
				"west": {"uv": [0.5, 0, 4.5, 7], "texture": "#0"},
				"up": {"uv": [5.5, 0.5, 9.5, 4.5], "texture": "#0", "cullface": "up"}
			}
		},
		{
			"name": "Base",
			"from": [3, 0, 3],
			"to": [13, 2, 13],
			"faces": {
				"north": {"uv": [0, 7, 5, 8], "texture": "#0"},
				"east": {"uv": [0, 7, 5, 8], "texture": "#0"},
				"south": {"uv": [0, 7, 5, 8], "texture": "#0"},
				"west": {"uv": [0, 7, 5, 8], "texture": "#0"},
				"up": {"uv": [5, 0, 10, 5], "texture": "#0"},
				"down": {"uv": [0, 8, 5, 13], "texture": "#0"}
			}
		}
	]
}