{
	"credit": "Made by SyndiShanX",
	"textures": {
		"0": "block/lantern_model",
		"particle": "block/lantern_model"
	},
	"elements": [
		{
			"name": "Main",
			"from": [4, 0, 4],
			"to": [12, 9, 12],
			"faces": {
				"north": {"uv": [0, 0, 8, 9], "texture": "#0"},
				"east": {"uv": [0, 0, 8, 9], "texture": "#0"},
				"south": {"uv": [0, 0, 8, 9], "texture": "#0"},
				"west": {"uv": [0, 0, 8, 9], "texture": "#0"},
				"up": {"uv": [8, 0, 16, 8], "texture": "#0"},
				"down": {"uv": [8, 0, 16, 8], "texture": "#0"}
			}
		},
		{
			"name": "Handle Base 1",
			"from": [5.5, 9.05, 7],
			"to": [6.5, 10.55, 9],
			"faces": {
				"north": {"uv": [8, 0.5, 9, 2], "texture": "#0"},
				"east": {"uv": [8.5, 6, 10.5, 7.5], "texture": "#0"},
				"south": {"uv": [15, 6, 16, 7.5], "texture": "#0"},
				"west": {"uv": [8, 6, 10, 7.5], "texture": "#0"},
				"up": {"uv": [7, 0, 8, 2], "texture": "#0"},
				"down": {"uv": [0, 0, 1, 2], "texture": "#missing"}
			}
		},
		{
			"name": "Handle Base 2",
			"from": [9.5, 9, 7],
			"to": [10.5, 10.5, 9],
			"faces": {
				"north": {"uv": [8, 6, 9, 7.5], "texture": "#0"},
				"east": {"uv": [14, 6, 16, 7.5], "texture": "#0"},
				"south": {"uv": [7, 0, 8, 1.5], "texture": "#0"},
				"west": {"uv": [7, 6, 9, 7.5], "texture": "#0"},
				"up": {"uv": [0, 0, 1, 2], "texture": "#0"},
				"down": {"uv": [0, 0, 1, 2], "texture": "#missing"}
			}
		},
		{
			"name": "Handle Base 3",
			"from": [6.5, 10.5, 7],
			"to": [9.5, 11.5, 9],
			"faces": {
				"north": {"uv": [13, 0.5, 16, 1.5], "texture": "#0"},
				"east": {"uv": [8, 6.5, 10, 7.5], "texture": "#0"},
				"south": {"uv": [8.5, 6.5, 11.5, 7.5], "texture": "#0"},
				"west": {"uv": [14, 6.5, 16, 7.5], "texture": "#0"},
				"up": {"uv": [13, 0.5, 16, 2.5], "texture": "#0"},
				"down": {"uv": [10, 4.5, 13, 6.5], "texture": "#0"}
			}
		}
	],
	"groups": [
		{
			"name": "lantern",
			"children": [0, 1, 2, 3]
		}
	]
}