{	"textures": {
		"0": "block/stone_brick_wall_railing",
		"particle": "block/stone_bricks"
	},
	"elements": [
		{ "from": [5, 13, 0],
			"to": [11, 14, 16],
			"faces": {
				"north": {"uv": [0, 2, 6, 3], "texture": "#0", "cullface": "north"},
				"east": {"uv": [16, 2, 0, 3], "texture": "#0"},
				"south": {"uv": [0, 2, 6, 3], "texture": "#0", "cullface": "south"},
				"west": {"uv": [0, 2, 16, 3], "texture": "#0"},
				"up": {"uv": [0, 9, 16, 15], "rotation": 90, "texture": "#0"},
				"down": {"uv": [0, 9, 16, 15], "rotation": 270, "texture": "#0"}
			}
		},
		{ "from": [6, 14, 0],
			"to": [10, 15, 16],
			"faces": {
				"north": {"uv": [0, 1, 4, 2], "texture": "#0", "cullface": "north"},
				"east": {"uv": [16, 1, 0, 2], "texture": "#0"},
				"south": {"uv": [0, 1, 4, 2], "texture": "#0", "cullface": "south"},
				"west": {"uv": [0, 1, 16, 2], "texture": "#0"},
				"up": {"uv": [0, 4, 16, 8], "rotation": 90, "texture": "#0"}
			}
		}
	]
}