{
	"credit": "Made with Blockbench",
	"ambientocclusion": false,
	"textures": {
		"2": "#pot",
		"particle": "#pot"
	},
	"elements": [
		{
			"name": "dirt",
			"from": [7, 9, 7],
			"to": [9, 9.5, 9],
			"faces": {
				"north": {"uv": [0, 0, 2, 0.5], "texture": "#pot"},
				"east": {"uv": [0, 0, 2, 0.5], "texture": "#pot"},
				"south": {"uv": [0, 0, 2, 0.5], "texture": "#pot"},
				"west": {"uv": [0, 0, 2, 0.5], "texture": "#pot"},
				"up": {"uv": [13, 7, 15, 9], "texture": "#pot"},
				"down": {"uv": [0, 0, 2, 2], "texture": "#pot"}
			}
		},
		{
			"name": "north",
			"from": [5.5, 10, 5.5],
			"to": [10.5, 11, 6.5],
			"faces": {
				"north": {"uv": [14, 0.5, 15, 5.5], "rotation": 270, "texture": "#pot"},
				"east": {"uv": [14, 4.5, 15, 5.5], "rotation": 270, "texture": "#pot"},
				"south": {"uv": [15, 0.5, 16, 5.5], "rotation": 90, "texture": "#pot"},
				"west": {"uv": [14, 0.5, 15, 1.5], "rotation": 270, "texture": "#pot"},
				"up": {"uv": [14, 0.5, 15, 5.5], "rotation": 270, "texture": "#pot"},
				"down": {"uv": [0, 0, 6, 1], "texture": "#pot"}
			}
		},
		{
			"name": "east",
			"from": [9.5, 10, 6.5],
			"to": [10.5, 11, 9.5],
			"faces": {
				"north": {"uv": [0, 0, 1, 1], "texture": "#pot"},
				"east": {"uv": [14, 1.5, 15, 4.5], "rotation": 270, "texture": "#pot"},
				"south": {"uv": [0, 0, 1, 1], "texture": "#pot"},
				"west": {"uv": [15, 1.5, 16, 4.5], "rotation": 90, "texture": "#pot"},
				"up": {"uv": [14, 1.5, 15, 4.5], "texture": "#pot"},
				"down": {"uv": [0, 0, 1, 4], "texture": "#pot"}
			}
		},
		{
			"name": "south",
			"from": [5.5, 10, 9.5],
			"to": [10.5, 11, 10.5],
			"faces": {
				"north": {"uv": [15, 0.5, 16, 5.5], "rotation": 90, "texture": "#pot"},
				"east": {"uv": [14, 0.5, 15, 1.5], "rotation": 270, "texture": "#pot"},
				"south": {"uv": [14, 0.5, 15, 5.5], "rotation": 270, "texture": "#pot"},
				"west": {"uv": [14, 4.5, 15, 5.5], "rotation": 270, "texture": "#pot"},
				"up": {"uv": [14, 0.5, 15, 5.5], "rotation": 90, "texture": "#pot"},
				"down": {"uv": [0, 0, 6, 1], "texture": "#pot"}
			}
		},
		{
			"name": "west",
			"from": [5.5, 10, 6.5],
			"to": [6.5, 11, 9.5],
			"faces": {
				"north": {"uv": [0, 0, 1, 1], "texture": "#pot"},
				"east": {"uv": [15, 1.5, 16, 4.5], "rotation": 90, "texture": "#pot"},
				"south": {"uv": [0, 0, 1, 1], "texture": "#pot"},
				"west": {"uv": [14, 1.5, 15, 4.5], "rotation": 270, "texture": "#pot"},
				"up": {"uv": [15, 1.5, 14, 4.5], "texture": "#pot"},
				"down": {"uv": [0, 0, 1, 4], "texture": "#pot"}
			}
		},
		{
			"name": "north",
			"from": [6, 7, 6],
			"to": [10, 10, 7],
			"faces": {
				"north": {"uv": [8, 0, 12, 3], "texture": "#pot"},
				"east": {"uv": [11, 0, 12, 3], "texture": "#pot"},
				"south": {"uv": [11, 5.5, 15, 6.5], "texture": "#pot"},
				"west": {"uv": [8, 0, 9, 3], "texture": "#pot"},
				"up": {"uv": [12.5, 1, 13.5, 5], "rotation": 270, "texture": "#pot"},
				"down": {"uv": [0, 0, 4, 1], "texture": "#pot"}
			}
		},
		{
			"name": "east",
			"from": [9, 7, 7],
			"to": [10, 10, 9],
			"faces": {
				"north": {"uv": [0, 0, 1, 1], "texture": "#pot"},
				"east": {"uv": [9, 0, 11, 3], "texture": "#pot"},
				"south": {"uv": [0, 0, 1, 1], "texture": "#pot"},
				"west": {"uv": [12, 5.5, 14, 6.5], "texture": "#pot"},
				"up": {"uv": [12, 2, 13, 4], "rotation": 180, "texture": "#pot"},
				"down": {"uv": [0, 0, 1, 2], "texture": "#pot"}
			}
		},
		{
			"name": "south",
			"from": [6, 7, 9],
			"to": [10, 10, 10],
			"faces": {
				"north": {"uv": [11, 5.5, 15, 6.5], "texture": "#pot"},
				"east": {"uv": [8, 0, 9, 3], "texture": "#pot"},
				"south": {"uv": [8, 0, 12, 3], "texture": "#pot"},
				"west": {"uv": [11, 0, 12, 3], "texture": "#pot"},
				"up": {"uv": [12.5, 1, 13.5, 5], "rotation": 90, "texture": "#pot"},
				"down": {"uv": [0, 0, 4, 1], "texture": "#pot"}
			}
		},
		{
			"name": "west",
			"from": [6, 7, 7],
			"to": [7, 10, 9],
			"faces": {
				"north": {"uv": [0, 0, 1, 1], "texture": "#pot"},
				"east": {"uv": [12, 5.5, 14, 6.5], "texture": "#pot"},
				"south": {"uv": [0, 0, 1, 1], "texture": "#pot"},
				"west": {"uv": [9, 0, 11, 3], "texture": "#pot"},
				"up": {"uv": [13.5, 2, 12.5, 4], "texture": "#pot"},
				"down": {"uv": [0, 0, 1, 2], "texture": "#pot"}
			}
		},
		{
			"from": [3, 7, 7.5],
			"to": [5, 8, 8.5],
			"faces": {
				"north": {"uv": [12, 0.5, 13, 2.5], "rotation": 270, "texture": "#pot"},
				"east": {"uv": [6, 0, 7, 1], "texture": "#pot"},
				"south": {"uv": [12, 2.5, 13, 0.5], "rotation": 90, "texture": "#pot"},
				"west": {"uv": [13, 1, 12, 2], "texture": "#pot"},
				"up": {"uv": [6, 0, 8, 1], "texture": "#pot"},
				"down": {"uv": [6, 0, 8, 1], "texture": "#pot"}
			}
		},
		{
			"from": [11, 7, 7.5],
			"to": [13, 8, 8.5],
			"faces": {
				"north": {"uv": [12, 0.5, 13, 2.5], "rotation": 90, "texture": "#pot"},
				"east": {"uv": [12, 1, 13, 2], "texture": "#pot"},
				"south": {"uv": [12, 0.5, 13, 2.5], "rotation": 90, "texture": "#pot"},
				"west": {"uv": [6, 0, 7, 1], "texture": "#pot"},
				"up": {"uv": [12, 0.5, 13, 2.5], "rotation": 90, "texture": "#pot"},
				"down": {"uv": [12, 0.5, 13, 2.5], "rotation": 90, "texture": "#pot"}
			}
		},
		{
			"from": [2.5, 5, 7.5],
			"to": [3.5, 7, 8.5],
			"faces": {
				"north": {"uv": [13, 0.5, 12, 2.5], "texture": "#pot"},
				"east": {"uv": [12, 0.5, 13, 2.5], "texture": "#pot"},
				"south": {"uv": [12, 2.5, 13, 0.5], "texture": "#pot"},
				"west": {"uv": [12, 2.5, 13, 0.5], "texture": "#pot"},
				"up": {"uv": [6, 0, 8, 1], "texture": "#pot"},
				"down": {"uv": [6, 0, 8, 1], "texture": "#pot"}
			}
		},
		{
			"from": [12.5, 5, 7.5],
			"to": [13.5, 7, 8.5],
			"faces": {
				"north": {"uv": [12, 0.5, 13, 2.5], "texture": "#pot"},
				"east": {"uv": [12, 0.5, 13, 2.5], "texture": "#pot"},
				"south": {"uv": [12, 0.5, 13, 2.5], "texture": "#pot"},
				"west": {"uv": [12, 0.5, 13, 2.5], "texture": "#pot"},
				"up": {"uv": [6, 0, 8, 1], "texture": "#pot"},
				"down": {"uv": [6, 0, 8, 1], "texture": "#pot"}
			}
		},
		{
			"from": [3, 4, 7.5],
			"to": [4, 5, 8.5],
			"faces": {
				"north": {"uv": [13, 0.5, 12, 1.5], "texture": "#pot"},
				"east": {"uv": [12, 1, 13, 2], "texture": "#pot"},
				"south": {"uv": [13, 0.5, 12, 1.5], "texture": "#pot"},
				"west": {"uv": [12, 0.5, 13, 1.5], "texture": "#pot"},
				"up": {"uv": [12, 1.5, 13, 0.5], "texture": "#pot"},
				"down": {"uv": [6, 0, 8, 1], "texture": "#pot"}
			}
		},
		{
			"from": [12, 4, 7.5],
			"to": [13, 5, 8.5],
			"faces": {
				"north": {"uv": [12, 0.5, 13, 1.5], "texture": "#pot"},
				"east": {"uv": [12, 0.5, 13, 1.5], "texture": "#pot"},
				"south": {"uv": [12, 0.5, 13, 1.5], "texture": "#pot"},
				"west": {"uv": [12, 0.5, 13, 1.5], "texture": "#pot"},
				"up": {"uv": [12, 0.5, 13, 1.5], "texture": "#pot"},
				"down": {"uv": [6, 0, 8, 1], "texture": "#pot"}
			}
		},
		{
			"from": [10.5, 3, 7.5],
			"to": [12.5, 4, 8.5],
			"faces": {
				"north": {"uv": [12, 0.5, 13, 2.5], "rotation": 90, "texture": "#pot"},
				"east": {"uv": [13, 0.5, 12, 1.5], "texture": "#pot"},
				"south": {"uv": [12, 0.5, 13, 2.5], "rotation": 90, "texture": "#pot"},
				"west": {"uv": [6, 0, 7, 1], "texture": "#pot"},
				"up": {"uv": [12, 0.5, 13, 2.5], "rotation": 90, "texture": "#pot"},
				"down": {"uv": [12, 0.5, 13, 2.5], "rotation": 90, "texture": "#pot"}
			}
		},
		{
			"from": [3.5, 3, 7.5],
			"to": [5.5, 4, 8.5],
			"faces": {
				"north": {"uv": [12, 2.5, 13, 0.5], "rotation": 90, "texture": "#pot"},
				"east": {"uv": [6, 0, 7, 1], "texture": "#pot"},
				"south": {"uv": [12, 0.5, 13, 2.5], "rotation": 90, "texture": "#pot"},
				"west": {"uv": [12, 1, 13, 2], "rotation": 90, "texture": "#pot"},
				"up": {"uv": [12, 2.5, 13, 0.5], "rotation": 90, "texture": "#pot"},
				"down": {"uv": [12, 2.5, 13, 0.5], "rotation": 90, "texture": "#pot"}
			}
		},
		{
			"name": "body",
			"from": [5, 1, 5],
			"to": [11, 9, 11],
			"faces": {
				"north": {"uv": [1, 8, 7, 16], "texture": "#pot"},
				"east": {"uv": [1, 8, 7, 16], "texture": "#pot"},
				"south": {"uv": [1, 8, 7, 16], "texture": "#pot"},
				"west": {"uv": [1, 8, 7, 16], "texture": "#pot"},
				"up": {"uv": [1, 1, 7, 7], "texture": "#pot"},
				"down": {"uv": [8, 10, 14, 16], "texture": "#pot"}
			}
		},
		{
			"from": [5.5, 0, 5.5],
			"to": [10.5, 1, 10.5],
			"faces": {
				"north": {"uv": [1.5, 15, 6.5, 16], "texture": "#pot"},
				"east": {"uv": [1.5, 15, 6.5, 16], "texture": "#pot"},
				"south": {"uv": [1.5, 15, 6.5, 16], "texture": "#pot"},
				"west": {"uv": [1.5, 15, 6.5, 16], "texture": "#pot"},
				"up": {"uv": [0, 0, 5, 5], "texture": "#pot"},
				"down": {"uv": [8.5, 10.5, 13.5, 15.5], "texture": "#pot"}
			}
		}
	],
	"display": {
		"thirdperson_righthand": {
			"rotation": [75, 45, 0],
			"translation": [0, 2.5, 0],
			"scale": [0.375, 0.375, 0.375]
		},
		"thirdperson_lefthand": {
			"rotation": [75, 45, 0],
			"translation": [0, 2.5, 0],
			"scale": [0.375, 0.375, 0.375]
		},
		"firstperson_righthand": {
			"rotation": [0, 135, 0],
			"scale": [0.4, 0.4, 0.4]
		},
		"firstperson_lefthand": {
			"rotation": [0, 135, 0],
			"scale": [0.4, 0.4, 0.4]
		},
		"ground": {
			"translation": [0, 3, 0],
			"scale": [0.25, 0.25, 0.25]
		},
		"gui": {
			"rotation": [30, 135, 0],
			"scale": [0.625, 0.625, 0.625]
		},
		"fixed": {
			"translation": [0, 0, -1],
			"scale": [0.75, 0.75, 0.75]
		}
	},
	"groups": [
		{
			"name": "flower_pot",
			"origin": [8, 8, 8],
			"children": [0,
				{
					"name": "rim",
					"origin": [8, 8, 8],
					"children": [1, 2, 3, 4]
				},
				{
					"name": "neck",
					"origin": [17, 14, 15],
					"children": [5, 6, 7, 8]
				},
				{
					"name": "handle",
					"origin": [14, 8, 14],
					"children": [9, 10, 11, 12, 13, 14, 15, 16]
				}, 17, 18]
		}
	]
}