{
	"credit": "Made with Blockbench",
	"ambientocclusion": false,
	"textures": {
		"1": "#pot",
		"particle": "#pot"
	},
	"elements": [
		{
			"name": "dirt",
			"from": [6, 7, 6],
			"to": [10, 7.5, 10],
			"faces": {
				"north": {"uv": [0, 0, 2, 0.5], "texture": "#pot"},
				"east": {"uv": [0, 0, 2, 0.5], "texture": "#pot"},
				"south": {"uv": [0, 0, 2, 0.5], "texture": "#pot"},
				"west": {"uv": [0, 0, 2, 0.5], "texture": "#pot"},
				"up": {"uv": [12, 6, 16, 10], "texture": "#pot"},
				"down": {"uv": [0, 0, 2, 2], "texture": "#pot"}
			}
		},
		{
			"name": "north",
			"from": [5, 7, 5],
			"to": [11, 8, 6],
			"faces": {
				"north": {"uv": [14, 0, 15, 6], "rotation": 270, "texture": "#pot"},
				"east": {"uv": [14, 5, 15, 6], "rotation": 270, "texture": "#pot"},
				"south": {"uv": [13, 0, 14, 6], "rotation": 270, "texture": "#pot"},
				"west": {"uv": [14, 5, 15, 6], "rotation": 270, "texture": "#pot"},
				"up": {"uv": [15, 0, 16, 6], "rotation": 90, "texture": "#pot"},
				"down": {"uv": [0, 0, 6, 1], "texture": "#pot"}
			}
		},
		{
			"name": "east",
			"from": [10, 7, 6],
			"to": [11, 8, 10],
			"faces": {
				"north": {"uv": [0, 0, 1, 1], "texture": "#pot"},
				"east": {"uv": [14, 1, 15, 5], "rotation": 270, "texture": "#pot"},
				"south": {"uv": [0, 0, 1, 1], "texture": "#pot"},
				"west": {"uv": [13, 1, 14, 5], "rotation": 270, "texture": "#pot"},
				"up": {"uv": [15, 1, 16, 5], "rotation": 180, "texture": "#pot"},
				"down": {"uv": [0, 0, 1, 4], "texture": "#pot"}
			}
		},
		{
			"name": "south",
			"from": [5, 7, 10],
			"to": [11, 8, 11],
			"faces": {
				"north": {"uv": [13, 0, 14, 6], "rotation": 270, "texture": "#pot"},
				"east": {"uv": [14, 5, 15, 6], "rotation": 270, "texture": "#pot"},
				"south": {"uv": [14, 0, 15, 6], "rotation": 270, "texture": "#pot"},
				"west": {"uv": [14, 5, 15, 6], "rotation": 270, "texture": "#pot"},
				"up": {"uv": [15, 0, 16, 6], "rotation": 270, "texture": "#pot"},
				"down": {"uv": [0, 0, 6, 1], "texture": "#pot"}
			}
		},
		{
			"name": "west",
			"from": [5, 7, 6],
			"to": [6, 8, 10],
			"faces": {
				"north": {"uv": [0, 0, 1, 1], "texture": "#pot"},
				"east": {"uv": [13, 0.5, 14, 4.5], "rotation": 270, "texture": "#pot"},
				"south": {"uv": [0, 0, 1, 1], "texture": "#pot"},
				"west": {"uv": [14, 1, 15, 5], "rotation": 270, "texture": "#pot"},
				"up": {"uv": [15, 1, 16, 5], "texture": "#pot"},
				"down": {"uv": [0, 0, 1, 4], "texture": "#pot"}
			}
		},
		{
			"name": "north",
			"from": [5, 1, 4.5],
			"to": [11, 6, 5.5],
			"faces": {
				"north": {"uv": [1, 9.5, 7, 14.5], "texture": "#pot"},
				"east": {"uv": [0, 9.5, 1, 14.5], "texture": "#pot"},
				"south": {"uv": [0, 0, 6, 4], "texture": "#pot"},
				"west": {"uv": [7, 9.5, 8, 14.5], "texture": "#pot"},
				"up": {"uv": [7, 9.5, 1, 10.5], "rotation": 180, "texture": "#pot"},
				"down": {"uv": [7, 13.5, 1, 14.5], "rotation": 180, "texture": "#pot"}
			}
		},
		{
			"name": "east",
			"from": [10.5, 1, 5],
			"to": [11.5, 6, 11],
			"faces": {
				"north": {"uv": [7, 9.5, 8, 14.5], "texture": "#pot"},
				"east": {"uv": [1, 9.5, 7, 14.5], "texture": "#pot"},
				"south": {"uv": [0, 9.5, 1, 14.5], "texture": "#pot"},
				"west": {"uv": [0, 0, 6, 4], "texture": "#pot"},
				"up": {"uv": [7, 9.5, 1, 10.5], "rotation": 270, "texture": "#pot"},
				"down": {"uv": [7, 13.5, 1, 14.5], "rotation": 90, "texture": "#pot"}
			}
		},
		{
			"name": "south",
			"from": [5, 1, 10.5],
			"to": [11, 6, 11.5],
			"faces": {
				"north": {"uv": [0, 0, 6, 4], "texture": "#pot"},
				"east": {"uv": [7, 9.5, 8, 14.5], "texture": "#pot"},
				"south": {"uv": [1, 9.5, 7, 14.5], "texture": "#pot"},
				"west": {"uv": [0, 9.5, 1, 14.5], "texture": "#pot"},
				"up": {"uv": [7, 9.5, 1, 10.5], "texture": "#pot"},
				"down": {"uv": [7, 13.5, 1, 14.5], "texture": "#pot"}
			}
		},
		{
			"name": "west",
			"from": [4.5, 1, 5],
			"to": [5.5, 6, 11],
			"faces": {
				"north": {"uv": [0, 9.5, 1, 14.5], "texture": "#pot"},
				"east": {"uv": [0, 0, 6, 4], "texture": "#pot"},
				"south": {"uv": [7, 9.5, 8, 14.5], "texture": "#pot"},
				"west": {"uv": [1, 9.5, 7, 14.5], "texture": "#pot"},
				"up": {"uv": [7, 9.5, 1, 10.5], "rotation": 90, "texture": "#pot"},
				"down": {"uv": [7, 13.5, 1, 14.5], "rotation": 270, "texture": "#pot"}
			}
		},
		{
			"name": "body",
			"from": [5.5, 0, 5.5],
			"to": [10.5, 7, 10.5],
			"faces": {
				"north": {"uv": [8, 5, 13, 12], "texture": "#pot"},
				"east": {"uv": [8, 5, 13, 12], "texture": "#pot"},
				"south": {"uv": [8, 5, 13, 12], "texture": "#pot"},
				"west": {"uv": [8, 5, 13, 12], "texture": "#pot"},
				"up": {"uv": [0, 0, 6, 6], "texture": "#pot"},
				"down": {"uv": [8, 10, 14, 16], "texture": "#pot"}
			}
		}
	],
	"display": {
		"thirdperson_righthand": {
			"rotation": [75, 45, 0],
			"translation": [0, 2.5, 0],
			"scale": [0.375, 0.375, 0.375]
		},
		"thirdperson_lefthand": {
			"rotation": [75, 45, 0],
			"translation": [0, 2.5, 0],
			"scale": [0.375, 0.375, 0.375]
		},
		"firstperson_righthand": {
			"rotation": [0, 135, 0],
			"scale": [0.4, 0.4, 0.4]
		},
		"firstperson_lefthand": {
			"rotation": [0, 135, 0],
			"scale": [0.4, 0.4, 0.4]
		},
		"ground": {
			"translation": [0, 3, 0],
			"scale": [0.25, 0.25, 0.25]
		},
		"gui": {
			"rotation": [30, 135, 0],
			"scale": [0.625, 0.625, 0.625]
		},
		"fixed": {
			"translation": [0, 0, -1],
			"scale": [0.75, 0.75, 0.75]
		}
	},
	"groups": [
		{
			"name": "flower_pot",
			"origin": [8, 8, 8],
			"children": [0,
				{
					"name": "rim",
					"origin": [8, 8, 8],
					"children": [1, 2, 3, 4]
				},
				{
					"name": "sides",
					"origin": [19, 9, 13],
					"children": [5, 6, 7, 8]
				}, 9]
		}
	]
}