{
	"credit": "Made with Blockbench",
	"ambientocclusion": false,
	"textures": {
		"1": "block/lantern_1",
		"particle": "block/lantern_1"
	},
	"elements": [
		{
			"name": "Lantern Frame",
			"from": [5, 1, 5],
			"to": [6, 6, 6],
			"faces": {
				"north": {"uv": [5, 3, 6, 8], "texture": "#1"},
				"east": {"uv": [6, 3, 5, 8], "texture": "#1"},
				"south": {"uv": [1, 3, 0, 8], "texture": "#1"},
				"west": {"uv": [0, 3, 1, 8], "texture": "#1"}
			}
		},
		{
			"name": "Lantern Frame",
			"from": [5, 1, 10],
			"to": [6, 6, 11],
			"faces": {
				"north": {"uv": [6, 3, 5, 8], "texture": "#1"},
				"east": {"uv": [1, 3, 0, 8], "texture": "#1"},
				"south": {"uv": [0, 3, 1, 8], "texture": "#1"},
				"west": {"uv": [5, 3, 6, 8], "texture": "#1"}
			}
		},
		{
			"name": "Lantern Frame",
			"from": [10, 1, 10],
			"to": [11, 6, 11],
			"faces": {
				"north": {"uv": [1, 3, 0, 8], "texture": "#1"},
				"east": {"uv": [0, 3, 1, 8], "texture": "#1"},
				"south": {"uv": [5, 3, 6, 8], "texture": "#1"},
				"west": {"uv": [6, 3, 5, 8], "texture": "#1"}
			}
		},
		{
			"name": "Lantern Frame",
			"from": [10, 1, 5],
			"to": [11, 6, 6],
			"faces": {
				"north": {"uv": [0, 3, 1, 8], "texture": "#1"},
				"east": {"uv": [5, 3, 6, 8], "texture": "#1"},
				"south": {"uv": [5, 3, 6, 8], "texture": "#1"},
				"west": {"uv": [0, 3, 1, 8], "texture": "#1"}
			}
		},
		{
			"name": "Lantern Frame",
			"from": [5, 0, 5],
			"to": [11, 1, 11],
			"faces": {
				"north": {"uv": [0, 8, 6, 9], "texture": "#1"},
				"east": {"uv": [0, 8, 6, 9], "texture": "#1"},
				"south": {"uv": [0, 8, 6, 9], "texture": "#1"},
				"west": {"uv": [0, 8, 6, 9], "texture": "#1"},
				"up": {"uv": [0, 9, 6, 15], "texture": "#1"},
				"down": {"uv": [12, 15, 6, 9], "texture": "#1"}
			}
		},
		{
			"name": "Lantern Frame",
			"from": [5, 6, 5],
			"to": [11, 7, 11],
			"faces": {
				"north": {"uv": [0, 2, 6, 3], "texture": "#1"},
				"east": {"uv": [0, 2, 6, 3], "texture": "#1"},
				"south": {"uv": [0, 2, 6, 3], "texture": "#1"},
				"west": {"uv": [0, 2, 6, 3], "texture": "#1"},
				"up": {"uv": [0, 9, 6, 15], "texture": "#1"},
				"down": {"uv": [0, 9, 6, 15], "texture": "#1"}
			}
		},
		{
			"name": "Lantern",
			"from": [5.5, 7, 5.5],
			"to": [10.5, 7.5, 10.5],
			"faces": {
				"north": {"uv": [0.5, 9.5, 1, 14.5], "rotation": 270, "texture": "#1"},
				"east": {"uv": [0.5, 9.5, 1, 14.5], "rotation": 90, "texture": "#1"},
				"south": {"uv": [5, 9.5, 5.5, 14.5], "rotation": 90, "texture": "#1"},
				"west": {"uv": [0.5, 14, 5.5, 14.5], "texture": "#1"},
				"up": {"uv": [0.5, 9.5, 5.5, 14.5], "rotation": 90, "texture": "#1"}
			}
		},
		{
			"name": "Lantern",
			"from": [6, 1, 6],
			"to": [10, 9, 10],
			"faces": {
				"north": {"uv": [1, 0, 5, 8], "texture": "#1"},
				"east": {"uv": [1, 0, 5, 8], "texture": "#1"},
				"south": {"uv": [1, 0, 5, 8], "texture": "#1"},
				"west": {"uv": [1, 0, 5, 8], "texture": "#1"},
				"up": {"uv": [1, 10, 5, 14], "texture": "#1"}
			}
		},
		{
			"name": "Buttons",
			"from": [7, 8, 5.75],
			"to": [7.5, 8.5, 10.25],
			"faces": {
				"north": {"uv": [6.5, 6, 7, 6.5], "texture": "#1"},
				"east": {"uv": [6.5, 6, 7, 6.5], "texture": "#1"},
				"south": {"uv": [6.5, 6, 7, 6.5], "texture": "#1"},
				"west": {"uv": [6.5, 6, 7, 6.5], "texture": "#1"},
				"up": {"uv": [6.5, 6, 7, 6.5], "texture": "#1"},
				"down": {"uv": [6.5, 6, 7, 6.5], "texture": "#1"}
			}
		},
		{
			"name": "Buttons",
			"from": [5.75, 8, 7],
			"to": [10.25, 8.5, 7.5],
			"faces": {
				"north": {"uv": [6.5, 6, 7, 6.5], "texture": "#1"},
				"east": {"uv": [6.5, 6, 7, 6.5], "texture": "#1"},
				"south": {"uv": [6.5, 6, 7, 6.5], "texture": "#1"},
				"west": {"uv": [6.5, 6, 7, 6.5], "texture": "#1"},
				"up": {"uv": [6.5, 6, 7, 6.5], "rotation": 90, "texture": "#1"},
				"down": {"uv": [6.5, 6, 7, 6.5], "rotation": 270, "texture": "#1"}
			}
		},
		{
			"name": "Buttons",
			"from": [8.5, 8, 5.75],
			"to": [9, 8.5, 10.25],
			"faces": {
				"north": {"uv": [6.5, 6, 7, 6.5], "texture": "#1"},
				"east": {"uv": [6.5, 6, 7, 6.5], "texture": "#1"},
				"south": {"uv": [6.5, 6, 7, 6.5], "texture": "#1"},
				"west": {"uv": [6.5, 6, 7, 6.5], "texture": "#1"},
				"up": {"uv": [6.5, 6, 7, 6.5], "texture": "#1"},
				"down": {"uv": [6.5, 6, 7, 6.5], "texture": "#1"}
			}
		},
		{
			"name": "Buttons",
			"from": [5.75, 8, 8.5],
			"to": [10.25, 8.5, 9],
			"faces": {
				"north": {"uv": [6.5, 6, 7, 6.5], "texture": "#1"},
				"east": {"uv": [6.5, 6, 7, 6.5], "texture": "#1"},
				"south": {"uv": [6.5, 6, 7, 6.5], "texture": "#1"},
				"west": {"uv": [6.5, 6, 7, 6.5], "texture": "#1"},
				"up": {"uv": [6.5, 6, 7, 6.5], "rotation": 90, "texture": "#1"},
				"down": {"uv": [6.5, 6, 7, 6.5], "rotation": 270, "texture": "#1"}
			}
		},
		{
			"from": [5, 1, 7],
			"to": [5.5, 6, 7.5],
			"faces": {
				"north": {"uv": [6.5, 2, 7, 7], "texture": "#1"},
				"east": {"uv": [6.5, 2, 7, 7], "texture": "#1"},
				"south": {"uv": [6.5, 2, 7, 7], "texture": "#1"},
				"west": {"uv": [6.5, 2, 7, 7], "texture": "#1"}
			}
		},
		{
			"from": [7, 1, 10.5],
			"to": [7.5, 6, 11],
			"faces": {
				"north": {"uv": [6.5, 2, 7, 7], "texture": "#1"},
				"east": {"uv": [6.5, 2, 7, 7], "texture": "#1"},
				"south": {"uv": [6.5, 2, 7, 7], "texture": "#1"},
				"west": {"uv": [6.5, 2, 7, 7], "texture": "#1"}
			}
		},
		{
			"from": [10.5, 1, 8.5],
			"to": [11, 6, 9],
			"faces": {
				"north": {"uv": [6.5, 2, 7, 7], "texture": "#1"},
				"east": {"uv": [6.5, 2, 7, 7], "texture": "#1"},
				"south": {"uv": [6.5, 2, 7, 7], "texture": "#1"},
				"west": {"uv": [6.5, 2, 7, 7], "texture": "#1"}
			}
		},
		{
			"from": [8.5, 1, 5],
			"to": [9, 6, 5.5],
			"faces": {
				"north": {"uv": [6.5, 2, 7, 7], "texture": "#1"},
				"east": {"uv": [6.5, 2, 7, 7], "texture": "#1"},
				"south": {"uv": [6.5, 2, 7, 7], "texture": "#1"},
				"west": {"uv": [6.5, 2, 7, 7], "texture": "#1"}
			}
		},
		{
			"from": [5, 1, 8.5],
			"to": [5.5, 6, 9],
			"faces": {
				"north": {"uv": [6.5, 2, 7, 7], "texture": "#1"},
				"east": {"uv": [6.5, 2, 7, 7], "texture": "#1"},
				"south": {"uv": [6.5, 2, 7, 7], "texture": "#1"},
				"west": {"uv": [6.5, 2, 7, 7], "texture": "#1"}
			}
		},
		{
			"from": [8.5, 1, 10.5],
			"to": [9, 6, 11],
			"faces": {
				"north": {"uv": [6.5, 2, 7, 7], "texture": "#1"},
				"east": {"uv": [6.5, 2, 7, 7], "texture": "#1"},
				"south": {"uv": [6.5, 2, 7, 7], "texture": "#1"},
				"west": {"uv": [6.5, 2, 7, 7], "texture": "#1"}
			}
		},
		{
			"from": [10.5, 1, 7],
			"to": [11, 6, 7.5],
			"faces": {
				"north": {"uv": [6.5, 2, 7, 7], "texture": "#1"},
				"east": {"uv": [6.5, 2, 7, 7], "texture": "#1"},
				"south": {"uv": [6.5, 2, 7, 7], "texture": "#1"},
				"west": {"uv": [6.5, 2, 7, 7], "texture": "#1"}
			}
		},
		{
			"from": [7, 1, 5],
			"to": [7.5, 6, 5.5],
			"faces": {
				"north": {"uv": [6.5, 2, 7, 7], "texture": "#1"},
				"east": {"uv": [6.5, 2, 7, 7], "texture": "#1"},
				"south": {"uv": [6.5, 2, 7, 7], "texture": "#1"},
				"west": {"uv": [6.5, 2, 7, 7], "texture": "#1"}
			}
		}
	],
	"display": {
		"thirdperson_righthand": {
			"rotation": [90, -180, 0],
			"translation": [0, -2, 0],
			"scale": [0.6, 0.6, 0.6]
		},
		"thirdperson_lefthand": {
			"rotation": [90, -180, 0],
			"translation": [0, -2, 0],
			"scale": [0.6, 0.6, 0.6]
		},
		"firstperson_righthand": {
			"rotation": [-13.5, -5, 0],
			"translation": [1, 3, 0],
			"scale": [0.6, 0.6, 0.6]
		},
		"firstperson_lefthand": {
			"rotation": [-13.5, -5, 0],
			"translation": [1, 3, 0],
			"scale": [0.6, 0.6, 0.6]
		},
		"ground": {
			"translation": [0, 0.75, 0],
			"scale": [0.4, 0.4, 0.4]
		},
		"gui": {
			"translation": [0, 5, 0],
			"scale": [1.5, 1.5, 1.5]
		},
		"head": {
			"rotation": [-90, -90, -90],
			"translation": [-0.25, 19.25, 0],
			"scale": [1.6, 1.6, 1.6]
		},
		"fixed": {
			"rotation": [0, -180, 0],
			"translation": [0, 5, 0],
			"scale": [1.6, 1.6, 1.6]
		}
	},
	"groups": [
		{
			"name": "Lantern Frame",
			"origin": [8, 8, 8],
			"children": [0, 1, 2, 3, 4, 5]
		},
		{
			"name": "Lantern",
			"origin": [8, 8, 8],
			"children": [6, 7, 8, 9, 10, 11]
		},
		{
			"name": "Bars",
			"origin": [8, 8, 8],
			"children": [12, 13, 14, 15, 16, 17, 18, 19]
		}
	]
}