{
	"credit": "Made with Blockbench",
	"textures": {
		"0": "block/jukebox_side",
		"1": "block/jukebox_top",
		"2": "block/jukebox_top_clear",
		"particle": "block/jukebox_side"
	},
	"elements": [
		{
			"name": "middle",
			"from": [1, 1, 1],
			"to": [15, 15, 15],
			"faces": {
				"north": {"uv": [1, 1, 15, 15], "texture": "#0"},
				"east": {"uv": [1, 1, 15, 15], "texture": "#0"},
				"south": {"uv": [1, 1, 15, 15], "texture": "#0"},
				"west": {"uv": [1, 1, 15, 15], "texture": "#0"},
				"up": {"uv": [1, 1, 15, 15], "texture": "#1"},
				"down": {"uv": [1, 1, 15, 15], "texture": "#0"}
			}
		},
		{
			"from": [0, 0, 0],
			"to": [13.5, 2.5, 2.5],
			"faces": {
				"north": {"uv": [2.5, 13.5, 16, 16], "texture": "#0"},
				"east": {"uv": [15, 15, 16, 16], "texture": "#0"},
				"south": {"uv": [0, 13.5, 13.5, 16], "texture": "#0"},
				"west": {"uv": [0, 13.5, 2.5, 16], "texture": "#0"},
				"up": {"uv": [16, 13.5, 2.5, 16], "texture": "#0"},
				"down": {"uv": [0, 13.5, 13.5, 16], "texture": "#0"}
			}
		},
		{
			"from": [13.5, 0, 0],
			"to": [16, 2.5, 13.5],
			"faces": {
				"north": {"uv": [0, 13.5, 2.5, 16], "texture": "#0"},
				"east": {"uv": [2.5, 13.5, 16, 16], "texture": "#0"},
				"south": {"uv": [15, 15, 16, 16], "texture": "#0"},
				"west": {"uv": [0, 13.5, 13.5, 16], "texture": "#0"},
				"up": {"uv": [16, 13.5, 2.5, 16], "rotation": 90, "texture": "#0"},
				"down": {"uv": [13.5, 2.5, 16, 16], "texture": "#0"}
			}
		},
		{
			"from": [2.5, 0, 13.5],
			"to": [16, 2.5, 16],
			"faces": {
				"north": {"uv": [0, 13.5, 13.5, 16], "texture": "#0"},
				"east": {"uv": [0, 13.5, 2.5, 16], "texture": "#0"},
				"south": {"uv": [2.5, 13.5, 16, 16], "texture": "#0"},
				"west": {"uv": [15, 15, 16, 16], "texture": "#0"},
				"up": {"uv": [16, 13.5, 2.5, 16], "rotation": 180, "texture": "#0"},
				"down": {"uv": [2.5, 0, 16, 2.5], "texture": "#0"}
			}
		},
		{
			"from": [0, 0, 2.5],
			"to": [2.5, 2.5, 16],
			"faces": {
				"north": {"uv": [15, 15, 16, 16], "texture": "#0"},
				"east": {"uv": [0, 13.5, 13.5, 16], "texture": "#0"},
				"south": {"uv": [0, 13.5, 2.5, 16], "texture": "#0"},
				"west": {"uv": [2.5, 13.5, 16, 16], "texture": "#0"},
				"up": {"uv": [16, 13.5, 2.5, 16], "rotation": 270, "texture": "#0"},
				"down": {"uv": [0, 0, 2.5, 13.5], "texture": "#0"}
			}
		},
		{
			"from": [0, 2.5, 13.5],
			"to": [2.5, 13.5, 16],
			"faces": {
				"north": {"uv": [0, 2.5, 2.5, 13.5], "texture": "#0"},
				"east": {"uv": [13.5, 2.5, 16, 13.5], "texture": "#0"},
				"south": {"uv": [0, 2.5, 2.5, 13.5], "texture": "#0"},
				"west": {"uv": [13.5, 2.5, 16, 13.5], "texture": "#0"},
				"up": {"uv": [0, 0, 1, 1], "texture": "#0"},
				"down": {"uv": [0, 0, 1, 1], "texture": "#0"}
			}
		},
		{
			"from": [0, 2.5, 0],
			"to": [2.5, 13.5, 2.5],
			"faces": {
				"north": {"uv": [13.5, 2.5, 16, 13.5], "texture": "#0"},
				"east": {"uv": [0, 2.5, 2.5, 13.5], "texture": "#0"},
				"south": {"uv": [13.5, 2.5, 16, 13.5], "texture": "#0"},
				"west": {"uv": [0, 2.5, 2.5, 13.5], "texture": "#0"},
				"up": {"uv": [0, 0, 1, 1], "rotation": 90, "texture": "#0"},
				"down": {"uv": [0, 0, 1, 1], "rotation": 270, "texture": "#0"}
			}
		},
		{
			"from": [13.5, 2.5, 0],
			"to": [16, 13.5, 2.5],
			"faces": {
				"north": {"uv": [0, 2.5, 2.5, 13.5], "texture": "#0"},
				"east": {"uv": [13.5, 2.5, 16, 13.5], "texture": "#0"},
				"south": {"uv": [0, 2.5, 2.5, 13.5], "texture": "#0"},
				"west": {"uv": [13.5, 2.5, 16, 13.5], "texture": "#0"},
				"up": {"uv": [0, 0, 1, 1], "rotation": 180, "texture": "#0"},
				"down": {"uv": [0, 0, 1, 1], "rotation": 180, "texture": "#0"}
			}
		},
		{
			"from": [13.5, 2.5, 13.5],
			"to": [16, 13.5, 16],
			"faces": {
				"north": {"uv": [13.5, 2.5, 16, 13.5], "texture": "#0"},
				"east": {"uv": [0, 2.5, 2.5, 13.5], "texture": "#0"},
				"south": {"uv": [13.5, 2.5, 16, 13.5], "texture": "#0"},
				"west": {"uv": [0, 2.5, 2.5, 13.5], "texture": "#0"},
				"up": {"uv": [0, 0, 1, 1], "rotation": 270, "texture": "#0"},
				"down": {"uv": [0, 0, 1, 1], "rotation": 90, "texture": "#0"}
			}
		},
		{
			"from": [2.5, 13.5, 13.5],
			"to": [16, 16, 16],
			"faces": {
				"north": {"uv": [0, 0, 13.5, 2.5], "texture": "#0"},
				"east": {"uv": [0, 0, 2.5, 2.5], "texture": "#0"},
				"south": {"uv": [2.5, 0, 16, 2.5], "texture": "#0"},
				"west": {"uv": [15, 15, 16, 16], "texture": "#0"},
				"up": {"uv": [2.5, 13.5, 16, 16], "texture": "#0"},
				"down": {"uv": [2.5, 0, 16, 2.5], "texture": "#0"}
			}
		},
		{
			"from": [0, 13.5, 2.5],
			"to": [2.5, 16, 16],
			"faces": {
				"north": {"uv": [15, 15, 16, 16], "texture": "#0"},
				"east": {"uv": [0, 0, 13.5, 2.5], "texture": "#0"},
				"south": {"uv": [0, 0, 2.5, 2.5], "texture": "#0"},
				"west": {"uv": [2.5, 0, 16, 2.5], "texture": "#0"},
				"up": {"uv": [0, 2.5, 2.5, 16], "texture": "#0"},
				"down": {"uv": [2.5, 0, 16, 2.5], "rotation": 270, "texture": "#0"}
			}
		},
		{
			"from": [0, 13.5, 0],
			"to": [13.5, 16, 2.5],
			"faces": {
				"north": {"uv": [2.5, 0, 16, 2.5], "texture": "#0"},
				"east": {"uv": [15, 15, 16, 16], "texture": "#0"},
				"south": {"uv": [0, 0, 13.5, 2.5], "texture": "#0"},
				"west": {"uv": [0, 0, 2.5, 2.5], "texture": "#0"},
				"up": {"uv": [0, 0, 13.5, 2.5], "texture": "#0"},
				"down": {"uv": [2.5, 0, 16, 2.5], "rotation": 180, "texture": "#0"}
			}
		},
		{
			"from": [13.5, 13.5, 0],
			"to": [16, 16, 13.5],
			"faces": {
				"north": {"uv": [0, 0, 2.5, 2.5], "texture": "#0"},
				"east": {"uv": [2.5, 0, 16, 2.5], "texture": "#0"},
				"south": {"uv": [15, 15, 16, 16], "texture": "#0"},
				"west": {"uv": [0, 0, 13.5, 2.5], "texture": "#0"},
				"up": {"uv": [13.5, 0, 16, 13.5], "texture": "#0"},
				"down": {"uv": [2.5, 0, 16, 2.5], "rotation": 90, "texture": "#0"}
			}
		},
		{
			"from": [2.5, 2.5, 0],
			"to": [3, 3, 16],
			"faces": {
				"north": {"uv": [13, 13, 13.5, 13.5], "texture": "#0"},
				"east": {"uv": [13, 13, 13.5, 13.5], "texture": "#0"},
				"south": {"uv": [13, 13, 13.5, 13.5], "texture": "#0"},
				"west": {"uv": [13, 13, 13.5, 13.5], "texture": "#0"},
				"up": {"uv": [13, 13, 13.5, 13.5], "texture": "#0"},
				"down": {"uv": [13, 13, 13.5, 13.5], "texture": "#0"}
			}
		},
		{
			"from": [13, 2.5, 0],
			"to": [13.5, 3, 16],
			"faces": {
				"north": {"uv": [13, 13, 13.5, 13.5], "texture": "#0"},
				"east": {"uv": [13, 13, 13.5, 13.5], "texture": "#0"},
				"south": {"uv": [13, 13, 13.5, 13.5], "texture": "#0"},
				"west": {"uv": [13, 13, 13.5, 13.5], "texture": "#0"},
				"up": {"uv": [13, 13, 13.5, 13.5], "texture": "#0"},
				"down": {"uv": [13, 13, 13.5, 13.5], "texture": "#0"}
			}
		},
		{
			"from": [13, 13, 0],
			"to": [13.5, 13.5, 16],
			"faces": {
				"north": {"uv": [13, 13, 13.5, 13.5], "texture": "#0"},
				"east": {"uv": [13, 13, 13.5, 13.5], "texture": "#0"},
				"south": {"uv": [13, 13, 13.5, 13.5], "texture": "#0"},
				"west": {"uv": [13, 13, 13.5, 13.5], "texture": "#0"},
				"up": {"uv": [13, 13, 13.5, 13.5], "texture": "#0"},
				"down": {"uv": [13, 13, 13.5, 13.5], "texture": "#0"}
			}
		},
		{
			"from": [2.5, 13, 0],
			"to": [3, 13.5, 16],
			"faces": {
				"north": {"uv": [13, 13, 13.5, 13.5], "texture": "#0"},
				"east": {"uv": [13, 13, 13.5, 13.5], "texture": "#0"},
				"south": {"uv": [13, 13, 13.5, 13.5], "texture": "#0"},
				"west": {"uv": [13, 13, 13.5, 13.5], "texture": "#0"},
				"up": {"uv": [13, 13, 13.5, 13.5], "texture": "#0"},
				"down": {"uv": [13, 13, 13.5, 13.5], "texture": "#0"}
			}
		},
		{
			"from": [0, 2.5, 2.5],
			"to": [16, 3, 3],
			"faces": {
				"north": {"uv": [13, 13, 13.5, 13.5], "texture": "#0"},
				"east": {"uv": [13, 13, 13.5, 13.5], "texture": "#0"},
				"south": {"uv": [13, 13, 13.5, 13.5], "texture": "#0"},
				"west": {"uv": [13, 13, 13.5, 13.5], "texture": "#0"},
				"up": {"uv": [13, 13, 13.5, 13.5], "rotation": 270, "texture": "#0"},
				"down": {"uv": [13, 13, 13.5, 13.5], "rotation": 90, "texture": "#0"}
			}
		},
		{
			"from": [0, 13, 2.5],
			"to": [16, 13.5, 3],
			"faces": {
				"north": {"uv": [13, 13, 13.5, 13.5], "texture": "#0"},
				"east": {"uv": [13, 13, 13.5, 13.5], "texture": "#0"},
				"south": {"uv": [13, 13, 13.5, 13.5], "texture": "#0"},
				"west": {"uv": [13, 13, 13.5, 13.5], "texture": "#0"},
				"up": {"uv": [13, 13, 13.5, 13.5], "rotation": 270, "texture": "#0"},
				"down": {"uv": [13, 13, 13.5, 13.5], "rotation": 90, "texture": "#0"}
			}
		},
		{
			"from": [0, 13, 13],
			"to": [16, 13.5, 13.5],
			"faces": {
				"north": {"uv": [13, 13, 13.5, 13.5], "texture": "#0"},
				"east": {"uv": [13, 13, 13.5, 13.5], "texture": "#0"},
				"south": {"uv": [13, 13, 13.5, 13.5], "texture": "#0"},
				"west": {"uv": [13, 13, 13.5, 13.5], "texture": "#0"},
				"up": {"uv": [13, 13, 13.5, 13.5], "rotation": 270, "texture": "#0"},
				"down": {"uv": [13, 13, 13.5, 13.5], "rotation": 90, "texture": "#0"}
			}
		},
		{
			"from": [0, 2.5, 13],
			"to": [16, 3, 13.5],
			"faces": {
				"north": {"uv": [13, 13, 13.5, 13.5], "texture": "#0"},
				"east": {"uv": [13, 13, 13.5, 13.5], "texture": "#0"},
				"south": {"uv": [13, 13, 13.5, 13.5], "texture": "#0"},
				"west": {"uv": [13, 13, 13.5, 13.5], "texture": "#0"},
				"up": {"uv": [13, 13, 13.5, 13.5], "rotation": 270, "texture": "#0"},
				"down": {"uv": [13, 13, 13.5, 13.5], "rotation": 90, "texture": "#0"}
			}
		},
		{
			"from": [2.5, 0, 13],
			"to": [3, 18.5, 13.5],
			"faces": {
				"north": {"uv": [13, 13, 13.5, 13.5], "rotation": 180, "texture": "#0"},
				"east": {"uv": [13, 13, 13.5, 13.5], "rotation": 270, "texture": "#0"},
				"south": {"uv": [13, 13, 13.5, 13.5], "texture": "#0"},
				"west": {"uv": [13, 13, 13.5, 13.5], "rotation": 90, "texture": "#0"},
				"up": {"uv": [13, 13, 13.5, 13.5], "rotation": 180, "texture": "#0"},
				"down": {"uv": [13, 13, 13.5, 13.5], "texture": "#0"}
			}
		},
		{
			"from": [2.5, 0, 2.5],
			"to": [3, 18.5, 3],
			"faces": {
				"north": {"uv": [13, 13, 13.5, 13.5], "rotation": 180, "texture": "#0"},
				"east": {"uv": [13, 13, 13.5, 13.5], "rotation": 270, "texture": "#0"},
				"south": {"uv": [13, 13, 13.5, 13.5], "texture": "#0"},
				"west": {"uv": [13, 13, 13.5, 13.5], "rotation": 90, "texture": "#0"},
				"up": {"uv": [13, 13, 13.5, 13.5], "rotation": 180, "texture": "#0"},
				"down": {"uv": [13, 13, 13.5, 13.5], "texture": "#0"}
			}
		},
		{
			"from": [13, 0, 2.5],
			"to": [13.5, 18.5, 3],
			"faces": {
				"north": {"uv": [13, 13, 13.5, 13.5], "rotation": 180, "texture": "#0"},
				"east": {"uv": [13, 13, 13.5, 13.5], "rotation": 270, "texture": "#0"},
				"south": {"uv": [13, 13, 13.5, 13.5], "texture": "#0"},
				"west": {"uv": [13, 13, 13.5, 13.5], "rotation": 90, "texture": "#0"},
				"up": {"uv": [13, 13, 13.5, 13.5], "rotation": 180, "texture": "#0"},
				"down": {"uv": [13, 13, 13.5, 13.5], "texture": "#0"}
			}
		},
		{
			"from": [13, 0, 13],
			"to": [13.5, 18.5, 13.5],
			"faces": {
				"north": {"uv": [13, 13, 13.5, 13.5], "rotation": 180, "texture": "#0"},
				"east": {"uv": [13, 13, 13.5, 13.5], "rotation": 270, "texture": "#0"},
				"south": {"uv": [13, 13, 13.5, 13.5], "texture": "#0"},
				"west": {"uv": [13, 13, 13.5, 13.5], "rotation": 90, "texture": "#0"},
				"up": {"uv": [13, 13, 13.5, 13.5], "rotation": 180, "texture": "#0"},
				"down": {"uv": [13, 13, 13.5, 13.5], "texture": "#0"}
			}
		},
		{
			"from": [2.5, 18, 2],
			"to": [14, 18.5, 2.5],
			"faces": {
				"north": {"uv": [1, 14.5, 14.5, 15], "texture": "#2"},
				"east": {"uv": [1, 14.5, 1.5, 15], "texture": "#2"},
				"south": {"uv": [1, 14.5, 14.5, 15], "rotation": 180, "texture": "#2"},
				"west": {"uv": [1, 14.5, 14.5, 15], "texture": "#2"},
				"up": {"uv": [1, 14.5, 14.5, 15], "rotation": 180, "texture": "#2"},
				"down": {"uv": [1, 14.5, 14.5, 15], "rotation": 180, "texture": "#2"}
			}
		},
		{
			"from": [13.5, 18, 2.5],
			"to": [14, 18.5, 14],
			"faces": {
				"north": {"uv": [1, 1, 1.5, 15], "rotation": 180, "texture": "#2"},
				"east": {"uv": [1, 1, 1.5, 15], "rotation": 180, "texture": "#2"},
				"south": {"uv": [1, 1, 1.5, 15], "rotation": 180, "texture": "#2"},
				"west": {"uv": [1, 1, 1.5, 15], "rotation": 180, "texture": "#2"},
				"up": {"uv": [1, 1, 1.5, 14.5], "rotation": 180, "texture": "#2"},
				"down": {"uv": [1, 1, 1.5, 15], "rotation": 90, "texture": "#2"}
			}
		},
		{
			"from": [2, 18, 13.5],
			"to": [13.5, 18.5, 14],
			"faces": {
				"north": {"uv": [1, 1, 1.5, 15], "rotation": 180, "texture": "#2"},
				"east": {"uv": [1, 1, 1.5, 15], "rotation": 180, "texture": "#2"},
				"south": {"uv": [1, 1, 1.5, 15], "rotation": 180, "texture": "#2"},
				"west": {"uv": [1, 1, 1.5, 15], "rotation": 180, "texture": "#2"},
				"up": {"uv": [1, 1, 1.5, 14.5], "rotation": 270, "texture": "#2"},
				"down": {"uv": [1, 1, 1.5, 15], "texture": "#2"}
			}
		},
		{
			"from": [2, 18, 2],
			"to": [2.5, 18.5, 13.5],
			"faces": {
				"north": {"uv": [1, 1, 1.5, 15], "rotation": 180, "texture": "#2"},
				"east": {"uv": [1, 1, 1.5, 15], "rotation": 180, "texture": "#2"},
				"south": {"uv": [1, 1, 1.5, 15], "rotation": 180, "texture": "#2"},
				"west": {"uv": [1, 1, 1.5, 15], "rotation": 180, "texture": "#2"},
				"up": {"uv": [1, 1, 1.5, 14.5], "texture": "#2"},
				"down": {"uv": [1, 1, 1.5, 15], "rotation": 270, "texture": "#2"}
			}
		},
		{
			"from": [7.75, 17.75, 14],
			"to": [8.25, 18.25, 15.25],
			"rotation": {"angle": -45, "axis": "y", "origin": [8, 8, 8]},
			"faces": {
				"up": {"uv": [9, 12.5, 9.5, 13], "texture": "#2"}
			}
		},
		{
			"from": [7.75, 17.75, 0.75],
			"to": [8.25, 18.25, 2],
			"rotation": {"angle": -45, "axis": "y", "origin": [8, 8, 8]},
			"faces": {
				"up": {"uv": [9, 12.5, 9.5, 13], "texture": "#2"}
			}
		},
		{
			"from": [14, 17.75, 7.75],
			"to": [15.25, 18.25, 8.25],
			"rotation": {"angle": -45, "axis": "y", "origin": [8, 18, 8]},
			"faces": {
				"up": {"uv": [9, 12.5, 9.5, 13], "rotation": 90, "texture": "#2"}
			}
		},
		{
			"from": [0.75, 17.75, 7.75],
			"to": [2, 18.25, 8.25],
			"rotation": {"angle": -45, "axis": "y", "origin": [8, 18, 8]},
			"faces": {
				"up": {"uv": [9, 12.5, 9.5, 13], "rotation": 90, "texture": "#2"}
			}
		},
		{
			"from": [3.5, 17.7501, 3.5],
			"to": [12.5, 18.2501, 4],
			"faces": {
				"up": {"uv": [3.5, 12.5, 12.5, 13], "texture": "#2"}
			}
		},
		{
			"from": [3.5, 17.7501, 12],
			"to": [12.5, 18.2501, 12.5],
			"faces": {
				"up": {"uv": [3.5, 3, 12.5, 3.5], "texture": "#2"}
			}
		},
		{
			"from": [12, 17.76, 3.5],
			"to": [12.5, 18.26, 12.5],
			"faces": {
				"up": {"uv": [3, 3.5, 3.5, 12.5], "texture": "#2"}
			}
		},
		{
			"from": [3.5, 17.76, 3.5],
			"to": [4, 18.26, 12.5],
			"faces": {
				"up": {"uv": [3, 3.5, 3.5, 12.5], "texture": "#2"}
			}
		},
		{
			"from": [10.75, 17.74, 5.5],
			"to": [11.75, 18.24, 10.5],
			"rotation": {"angle": -45, "axis": "y", "origin": [8, 8, 8]},
			"faces": {
				"up": {"uv": [9, 12.5, 9.5, 13], "texture": "#2"}
			}
		},
		{
			"from": [10.75, 17.74, 5],
			"to": [11.25, 18.24, 11],
			"rotation": {"angle": -45, "axis": "y", "origin": [8, 8, 8]},
			"faces": {
				"up": {"uv": [9, 12.5, 9.5, 13], "texture": "#2"}
			}
		},
		{
			"from": [5.25, 17.74, 4.5],
			"to": [6.75, 18.24, 11.5],
			"rotation": {"angle": -45, "axis": "y", "origin": [8, 8, 8]},
			"faces": {
				"up": {"uv": [9, 12.5, 9.5, 13], "texture": "#2"}
			}
		},
		{
			"from": [5.75, 17.74, 4],
			"to": [6.25, 18.24, 12],
			"rotation": {"angle": -45, "axis": "y", "origin": [8, 8, 8]},
			"faces": {
				"up": {"uv": [9, 12.5, 9.5, 13], "texture": "#2"}
			}
		},
		{
			"from": [6.25, 17.74, 3.5],
			"to": [6.75, 18.24, 12.5],
			"rotation": {"angle": -45, "axis": "y", "origin": [8, 8, 8]},
			"faces": {
				"up": {"uv": [9, 12.5, 9.5, 13], "texture": "#2"}
			}
		},
		{
			"from": [3.75, 17.74, 6],
			"to": [4.25, 18.24, 10],
			"rotation": {"angle": -45, "axis": "y", "origin": [8, 8, 8]},
			"faces": {
				"up": {"uv": [9, 12.5, 9.5, 13], "texture": "#2"}
			}
		},
		{
			"from": [7.75, 14.5, 7.75],
			"to": [8.25, 17, 8.25],
			"rotation": {"angle": 45, "axis": "y", "origin": [8, 17, 8]},
			"faces": {
				"north": {"uv": [1, 14.5, 1.5, 15], "texture": "#1"},
				"east": {"uv": [1, 14.5, 1.5, 15], "texture": "#1"},
				"south": {"uv": [1, 14.5, 1.5, 15], "texture": "#1"},
				"west": {"uv": [1, 14.5, 1.5, 15], "texture": "#1"},
				"up": {"uv": [1, 14.5, 1.5, 15], "texture": "#1"},
				"down": {"uv": [1, 14.5, 1.5, 15], "texture": "#1"}
			}
		}
	],
	"display": {
		"thirdperson_righthand": {
			"scale": [0.4, 0.4, 0.4]
		},
		"thirdperson_lefthand": {
			"scale": [0.4, 0.4, 0.4]
		},
		"firstperson_righthand": {
			"rotation": [0, 45, 0],
			"scale": [0.4, 0.4, 0.4]
		},
		"firstperson_lefthand": {
			"rotation": [0, 45, 0],
			"scale": [0.4, 0.4, 0.4]
		},
		"ground": {
			"translation": [0, -1, 0],
			"scale": [0.3, 0.3, 0.3]
		},
		"gui": {
			"rotation": [30, 45, 0],
			"scale": [0.6, 0.6, 0.6]
		},
		"head": {
			"scale": [1.1, 1.1, 1.1]
		},
		"fixed": {
			"scale": [0.6, 0.6, 0.6]
		}
	}
}