{
	"credit": "Made with Blockbench",
	"textures": {
		"1": "block/cartography_top_bottom",
		"2": "block/cartography_sides",
		"particle": "block/cartography_sides"
	},
	"elements": [
		{
			"from": [4.5, 15.51, 4.5],
			"to": [11.5, 16.01, 11.5],
			"faces": {
				"up": {"uv": [0, 0, 7, 7], "texture": "#1"},
				"down": {"uv": [0, 0, 7, 7], "texture": "#1"}
			}
		},
		{
			"from": [4, 6, 12.5],
			"to": [7, 10, 15.5],
			"faces": {
				"east": {"uv": [10.25, 8, 16, 16], "texture": "#2"},
				"south": {"uv": [10.25, 8, 16, 16], "texture": "#2"},
				"west": {"uv": [10.25, 8, 16, 16], "texture": "#2"},
				"up": {"uv": [0.25, 8, 7.5, 15], "rotation": 180, "texture": "#2"}
			}
		},
		{
			"from": [9, 6, 0.5],
			"to": [12, 10, 3.5],
			"faces": {
				"north": {"uv": [10.25, 8, 16, 16], "texture": "#2"},
				"east": {"uv": [10.25, 8, 16, 16], "texture": "#2"},
				"west": {"uv": [10.25, 8, 16, 16], "texture": "#2"},
				"up": {"uv": [0.25, 8, 7.5, 15], "texture": "#2"}
			}
		},
		{
			"from": [12.5, 6, 9],
			"to": [15.5, 8.5, 12],
			"faces": {
				"north": {"uv": [10.25, 8, 16, 16], "texture": "#2"},
				"east": {"uv": [10.25, 8, 16, 13], "texture": "#2"},
				"south": {"uv": [10.25, 8, 16, 16], "texture": "#2"},
				"up": {"uv": [8.5, 0, 15.75, 7], "rotation": 270, "texture": "#2"}
			}
		},
		{
			"from": [0.5, 6, 4],
			"to": [3.5, 8.5, 7],
			"faces": {
				"north": {"uv": [10.25, 8, 16, 16], "texture": "#2"},
				"south": {"uv": [10.25, 8, 16, 16], "texture": "#2"},
				"west": {"uv": [10.25, 8, 16, 13], "texture": "#2"},
				"up": {"uv": [8.5, 0, 15.75, 7], "rotation": 90, "texture": "#2"}
			}
		},
		{
			"from": [5, -0.5625, 3.56],
			"to": [6, 2.1875, 4],
			"rotation": {"angle": 45, "axis": "x", "origin": [10, 7.5, 14.5]},
			"faces": {
				"north": {"uv": [11.75, 2, 13.75, 7.5], "texture": "#1"},
				"east": {"uv": [9.5, 5.25, 9.75, 5.5], "texture": "#1"},
				"west": {"uv": [9.5, 5.25, 9.75, 5.5], "texture": "#1"},
				"up": {"uv": [9.5, 5.25, 9.75, 5.5], "rotation": 180, "texture": "#1"},
				"down": {"uv": [9.5, 5.25, 9.75, 5.5], "rotation": 180, "texture": "#1"}
			}
		},
		{
			"from": [4.625, -0.375, 3.555],
			"to": [6.375, 1.875, 4],
			"rotation": {"angle": 45, "axis": "x", "origin": [10, 7.5, 14.5]},
			"faces": {
				"north": {"uv": [11, 2.75, 14.5, 7.25], "texture": "#1"},
				"east": {"uv": [9.5, 5.25, 9.75, 5.5], "texture": "#1"},
				"west": {"uv": [9.5, 5.25, 9.75, 5.5], "texture": "#1"},
				"up": {"uv": [9.5, 5.25, 9.75, 5.5], "rotation": 180, "texture": "#1"},
				"down": {"uv": [9.5, 5.25, 9.75, 5.5], "rotation": 180, "texture": "#1"}
			}
		},
		{
			"from": [4.375, -0.25, 3.55],
			"to": [6.625, 1.75, 4],
			"rotation": {"angle": 45, "axis": "x", "origin": [10, 7.5, 14.5]},
			"faces": {
				"north": {"uv": [10.5, 3, 15, 7], "texture": "#1"},
				"east": {"uv": [9.5, 5.25, 9.75, 5.5], "texture": "#1"},
				"west": {"uv": [9.5, 5.25, 9.75, 5.5], "texture": "#1"},
				"up": {"uv": [9.5, 5.25, 9.75, 5.5], "rotation": 180, "texture": "#1"},
				"down": {"uv": [9.5, 5.25, 9.75, 5.5], "rotation": 180, "texture": "#1"}
			}
		},
		{
			"from": [4.25, -0.125, 3.555],
			"to": [6.75, 1.625, 4],
			"rotation": {"angle": 45, "axis": "x", "origin": [10, 7.5, 14.5]},
			"faces": {
				"north": {"uv": [10.25, 3.25, 15.25, 6.75], "texture": "#1"},
				"east": {"uv": [9.5, 5.25, 9.75, 5.5], "texture": "#1"},
				"west": {"uv": [9.5, 5.25, 9.75, 5.5], "texture": "#1"},
				"up": {"uv": [9.5, 5.25, 9.75, 5.5], "rotation": 180, "texture": "#1"},
				"down": {"uv": [9.5, 5.25, 9.75, 5.5], "rotation": 180, "texture": "#1"}
			}
		},
		{
			"from": [4.125, 0, 3.56],
			"to": [6.875, 1.5, 4],
			"rotation": {"angle": 45, "axis": "x", "origin": [10, 7.5, 14.5]},
			"faces": {
				"north": {"uv": [10, 3.5, 15.5, 6.5], "texture": "#1"},
				"east": {"uv": [9.5, 5.25, 9.75, 5.5], "texture": "#1"},
				"west": {"uv": [9.5, 5.25, 9.75, 5.5], "texture": "#1"},
				"up": {"uv": [9.5, 5.25, 9.75, 5.5], "rotation": 180, "texture": "#1"},
				"down": {"uv": [9.5, 5.25, 9.75, 5.5], "rotation": 180, "texture": "#1"}
			}
		},
		{
			"from": [4, 0.125, 3.565],
			"to": [7, 1.375, 4],
			"rotation": {"angle": 45, "axis": "x", "origin": [10, 7.5, 14.5]},
			"faces": {
				"north": {"uv": [9.75, 3.75, 15.75, 6.25], "texture": "#1"},
				"east": {"uv": [9.5, 5.25, 9.75, 5.5], "texture": "#1"},
				"west": {"uv": [9.5, 5.25, 9.75, 5.5], "texture": "#1"},
				"up": {"uv": [9.5, 5.25, 9.75, 5.5], "rotation": 180, "texture": "#1"},
				"down": {"uv": [9.5, 5.25, 9.75, 5.5], "rotation": 180, "texture": "#1"}
			}
		},
		{
			"from": [3.875, 0.25, 3.57],
			"to": [7.125, 1.125, 4],
			"rotation": {"angle": 45, "axis": "x", "origin": [10, 7.5, 14.5]},
			"faces": {
				"north": {"uv": [9.5, 4.25, 16, 6], "texture": "#1"},
				"east": {"uv": [9.5, 4.25, 9.75, 6], "texture": "#1"},
				"west": {"uv": [9.5, 4.25, 9.75, 6], "texture": "#1"},
				"up": {"uv": [9.5, 5.25, 9.75, 5.5], "rotation": 180, "texture": "#1"},
				"down": {"uv": [9.5, 5.25, 9.75, 5.5], "rotation": 180, "texture": "#1"}
			}
		},
		{
			"from": [5.125, 2.19, 3.57],
			"to": [5.875, 2.315, 4],
			"rotation": {"angle": 45, "axis": "x", "origin": [10, 7.5, 14.5]},
			"faces": {
				"north": {"uv": [12, 1.75, 13.5, 2], "texture": "#1"},
				"east": {"uv": [9.5, 5.25, 9.75, 5.5], "texture": "#1"},
				"west": {"uv": [9.5, 5.25, 9.75, 5.5], "texture": "#1"},
				"up": {"uv": [9.5, 5.25, 9.75, 5.5], "rotation": 180, "texture": "#1"}
			}
		},
		{
			"from": [5.25, 2.3, 3.57],
			"to": [5.75, 2.425, 4],
			"rotation": {"angle": 45, "axis": "x", "origin": [10, 7.5, 14.5]},
			"faces": {
				"north": {"uv": [12.25, 1.5, 13.25, 1.75], "texture": "#1"},
				"east": {"uv": [9.5, 5.25, 9.75, 5.5], "texture": "#1"},
				"west": {"uv": [9.5, 5.25, 9.75, 5.5], "texture": "#1"},
				"up": {"uv": [9.5, 5.25, 9.75, 5.5], "rotation": 180, "texture": "#1"}
			}
		},
		{
			"from": [10, 5.9375, 13.5],
			"to": [11, 8.6875, 13.94],
			"rotation": {"angle": -45, "axis": "x", "origin": [10, 7.5, 14.5]},
			"faces": {
				"east": {"uv": [9.5, 5.25, 9.75, 5.5], "texture": "#1"},
				"south": {"uv": [11.75, 2, 13.75, 7.5], "texture": "#1"},
				"west": {"uv": [9.5, 5.25, 9.75, 5.5], "texture": "#1"},
				"up": {"uv": [9.5, 5.25, 9.75, 5.5], "texture": "#1"},
				"down": {"uv": [9.5, 5.25, 9.75, 5.5], "texture": "#1"}
			}
		},
		{
			"from": [9.625, 6.125, 13.5],
			"to": [11.375, 8.375, 13.946],
			"rotation": {"angle": -45, "axis": "x", "origin": [10, 7.5, 14.5]},
			"faces": {
				"east": {"uv": [9.5, 5.25, 9.75, 5.5], "texture": "#1"},
				"south": {"uv": [11, 2.75, 14.5, 7.25], "texture": "#1"},
				"west": {"uv": [9.5, 5.25, 9.75, 5.5], "texture": "#1"},
				"up": {"uv": [9.5, 5.25, 9.75, 5.5], "texture": "#1"},
				"down": {"uv": [9.5, 5.25, 9.75, 5.5], "texture": "#1"}
			}
		},
		{
			"from": [9.375, 6.25, 13.5],
			"to": [11.625, 8.25, 13.95],
			"rotation": {"angle": -45, "axis": "x", "origin": [10, 7.5, 14.5]},
			"faces": {
				"east": {"uv": [9.5, 5.25, 9.75, 5.5], "texture": "#1"},
				"south": {"uv": [10.5, 3, 15, 7], "texture": "#1"},
				"west": {"uv": [9.5, 5.25, 9.75, 5.5], "texture": "#1"},
				"up": {"uv": [9.5, 5.25, 9.75, 5.5], "texture": "#1"},
				"down": {"uv": [9.5, 5.25, 9.75, 5.5], "texture": "#1"}
			}
		},
		{
			"from": [9.25, 6.375, 13.5],
			"to": [11.75, 8.125, 13.946],
			"rotation": {"angle": -45, "axis": "x", "origin": [10, 7.5, 14.5]},
			"faces": {
				"east": {"uv": [9.5, 5.25, 9.75, 5.5], "texture": "#1"},
				"south": {"uv": [10.25, 3.25, 15.25, 6.75], "texture": "#1"},
				"west": {"uv": [9.5, 5.25, 9.75, 5.5], "texture": "#1"},
				"up": {"uv": [9.5, 5.25, 9.75, 5.5], "texture": "#1"},
				"down": {"uv": [9.5, 5.25, 9.75, 5.5], "texture": "#1"}
			}
		},
		{
			"from": [9.125, 6.5, 13.5],
			"to": [11.875, 8, 13.94],
			"rotation": {"angle": -45, "axis": "x", "origin": [10, 7.5, 14.5]},
			"faces": {
				"east": {"uv": [9.5, 5.25, 9.75, 5.5], "texture": "#1"},
				"south": {"uv": [10, 3.5, 15.5, 6.5], "texture": "#1"},
				"west": {"uv": [9.5, 5.25, 9.75, 5.5], "texture": "#1"},
				"up": {"uv": [9.5, 5.25, 9.75, 5.5], "texture": "#1"},
				"down": {"uv": [9.5, 5.25, 9.75, 5.5], "texture": "#1"}
			}
		},
		{
			"from": [9, 6.625, 13.5],
			"to": [12, 7.875, 13.935],
			"rotation": {"angle": -45, "axis": "x", "origin": [10, 7.5, 14.5]},
			"faces": {
				"east": {"uv": [9.5, 5.25, 9.75, 5.5], "texture": "#1"},
				"south": {"uv": [9.75, 3.75, 15.75, 6.25], "texture": "#1"},
				"west": {"uv": [9.5, 5.25, 9.75, 5.5], "texture": "#1"},
				"up": {"uv": [9.5, 5.25, 9.75, 5.5], "texture": "#1"},
				"down": {"uv": [9.5, 5.25, 9.75, 5.5], "texture": "#1"}
			}
		},
		{
			"from": [8.875, 6.75, 13.5],
			"to": [12.125, 7.625, 13.93],
			"rotation": {"angle": -45, "axis": "x", "origin": [10, 7.5, 14.5]},
			"faces": {
				"east": {"uv": [9.5, 4.25, 9.75, 6], "texture": "#1"},
				"south": {"uv": [9.5, 4.25, 16, 6], "texture": "#1"},
				"west": {"uv": [9.5, 4.25, 9.75, 6], "texture": "#1"},
				"up": {"uv": [9.5, 5.25, 9.75, 5.5], "texture": "#1"},
				"down": {"uv": [9.5, 5.25, 9.75, 5.5], "texture": "#1"}
			}
		},
		{
			"from": [10.125, 8.69, 13.5],
			"to": [10.875, 8.815, 13.93],
			"rotation": {"angle": -45, "axis": "x", "origin": [10, 7.5, 14.5]},
			"faces": {
				"east": {"uv": [9.5, 5.25, 9.75, 5.5], "texture": "#1"},
				"south": {"uv": [12, 1.75, 13.5, 2], "texture": "#1"},
				"west": {"uv": [9.5, 5.25, 9.75, 5.5], "texture": "#1"},
				"up": {"uv": [9.5, 5.25, 9.75, 5.5], "texture": "#1"}
			}
		},
		{
			"from": [10.25, 8.8, 13.5],
			"to": [10.75, 8.925, 13.93],
			"rotation": {"angle": -45, "axis": "x", "origin": [10, 7.5, 14.5]},
			"faces": {
				"east": {"uv": [9.5, 5.25, 9.75, 5.5], "texture": "#1"},
				"south": {"uv": [12.25, 1.5, 13.25, 1.75], "texture": "#1"},
				"west": {"uv": [9.5, 5.25, 9.75, 5.5], "texture": "#1"},
				"up": {"uv": [9.5, 5.25, 9.75, 5.5], "texture": "#1"}
			}
		},
		{
			"from": [12.5, 6, 12.5],
			"to": [13, 13, 13],
			"faces": {
				"north": {"uv": [1.5, 1.5, 1.75, 5], "texture": "#2"},
				"east": {"uv": [1.5, 1.5, 1.75, 5], "texture": "#2"},
				"south": {"uv": [6.25, 1.5, 6.5, 5], "texture": "#2"},
				"west": {"uv": [6.25, 1.5, 6.5, 5], "texture": "#2"}
			}
		},
		{
			"from": [3, 6, 12.5],
			"to": [3.5, 13, 13],
			"faces": {
				"north": {"uv": [6.25, 1.5, 6.5, 5], "texture": "#2"},
				"east": {"uv": [1.5, 1.5, 1.75, 5], "texture": "#2"},
				"south": {"uv": [1.5, 1.5, 1.75, 5], "texture": "#2"},
				"west": {"uv": [6.25, 1.5, 6.5, 5], "texture": "#2"}
			}
		},
		{
			"from": [12.5, 6, 3],
			"to": [13, 13, 3.5],
			"faces": {
				"north": {"uv": [1.5, 1.5, 1.75, 5], "texture": "#2"},
				"east": {"uv": [6.25, 1.5, 6.5, 5], "texture": "#2"},
				"south": {"uv": [6.25, 1.5, 6.5, 5], "texture": "#2"},
				"west": {"uv": [1.5, 1.5, 1.75, 5], "texture": "#2"}
			}
		},
		{
			"from": [3, 6, 3],
			"to": [3.5, 13, 3.5],
			"faces": {
				"north": {"uv": [6.25, 1.5, 6.5, 5], "texture": "#2"},
				"east": {"uv": [6.25, 1.5, 6.5, 5], "texture": "#2"},
				"south": {"uv": [1.5, 1.5, 1.75, 5], "texture": "#2"},
				"west": {"uv": [1.5, 1.5, 1.75, 5], "texture": "#2"}
			}
		},
		{
			"from": [3.5, 6, 3.5],
			"to": [12.5, 13, 12.5],
			"faces": {
				"north": {"uv": [1.75, 1.5, 6.25, 5], "texture": "#2"},
				"east": {"uv": [1.75, 1.5, 6.25, 5], "texture": "#2"},
				"south": {"uv": [1.75, 1.5, 6.25, 5], "texture": "#2"},
				"west": {"uv": [1.75, 1.5, 6.25, 5], "texture": "#2"}
			}
		},
		{
			"from": [0, 0, 0],
			"to": [16, 6, 16],
			"faces": {
				"north": {"uv": [0, 5, 8, 8], "texture": "#2"},
				"east": {"uv": [0, 5, 8, 8], "texture": "#2"},
				"south": {"uv": [0, 5, 8, 8], "texture": "#2"},
				"west": {"uv": [0, 5, 8, 8], "texture": "#2"},
				"up": {"uv": [8, 8, 16, 16], "texture": "#1"},
				"down": {"uv": [8, 8, 16, 16], "texture": "#1"}
			}
		},
		{
			"from": [0, 13, 0],
			"to": [16, 16, 16],
			"faces": {
				"north": {"uv": [0, 0, 8, 1.5], "texture": "#2"},
				"east": {"uv": [0, 0, 8, 1.5], "texture": "#2"},
				"south": {"uv": [0, 0, 8, 1.5], "texture": "#2"},
				"west": {"uv": [0, 0, 8, 1.5], "texture": "#2"},
				"up": {"uv": [0, 8, 8, 16], "texture": "#1"},
				"down": {"uv": [8, 8, 16, 16], "texture": "#1"}
			}
		},
		{
			"from": [13, 0, 13],
			"to": [16, 13, 16],
			"faces": {
				"north": {"uv": [0, 1.5, 1.5, 8], "texture": "#2"},
				"east": {"uv": [0, 1.5, 1.5, 8], "texture": "#2"},
				"south": {"uv": [6.5, 1.5, 8, 8], "texture": "#2"},
				"west": {"uv": [6.5, 1.5, 8, 8], "texture": "#2"},
				"down": {"uv": [8, 14.5, 9.5, 16], "texture": "#1"}
			}
		},
		{
			"from": [13, 0, 0],
			"to": [16, 13, 3],
			"faces": {
				"north": {"uv": [0, 1.5, 1.5, 8], "texture": "#2"},
				"east": {"uv": [6.5, 1.5, 8, 8], "texture": "#2"},
				"south": {"uv": [6.5, 1.5, 8, 8], "texture": "#2"},
				"west": {"uv": [0, 1.5, 1.5, 8], "texture": "#2"},
				"down": {"uv": [8, 8, 9.5, 9.5], "texture": "#1"}
			}
		},
		{
			"from": [0, 0, 13],
			"to": [3, 13, 16],
			"faces": {
				"north": {"uv": [6.5, 1.5, 8, 8], "texture": "#2"},
				"east": {"uv": [0, 1.5, 1.5, 8], "texture": "#2"},
				"south": {"uv": [0, 1.5, 1.5, 8], "texture": "#2"},
				"west": {"uv": [6.5, 1.5, 8, 8], "texture": "#2"},
				"down": {"uv": [14.5, 14.5, 16, 16], "texture": "#1"}
			}
		},
		{
			"from": [0, 0, 0],
			"to": [3, 13, 3],
			"faces": {
				"north": {"uv": [6.5, 1.5, 8, 8], "texture": "#2"},
				"east": {"uv": [6.5, 1.5, 8, 8], "texture": "#2"},
				"south": {"uv": [0, 1.5, 1.5, 8], "texture": "#2"},
				"west": {"uv": [0, 1.5, 1.5, 8], "texture": "#2"},
				"down": {"uv": [14.5, 8, 16, 9.5], "texture": "#1"}
			}
		},
		{
			"from": [3, 9, 0],
			"to": [7.5, 9.5, 3.5],
			"faces": {
				"north": {"uv": [4.25, 3.25, 6.5, 3.5], "texture": "#2"},
				"up": {"uv": [8, 14.25, 10.25, 16], "texture": "#2"},
				"down": {"uv": [8, 14.25, 10.25, 16], "rotation": 180, "texture": "#2"}
			}
		},
		{
			"from": [7.5, 6, 0],
			"to": [8, 13, 3.5],
			"faces": {
				"north": {"uv": [4, 1.5, 4.25, 5], "texture": "#2"},
				"east": {"uv": [8, 7.25, 9.75, 10.75], "texture": "#2"},
				"west": {"uv": [8, 10.75, 9.75, 14.25], "texture": "#2"}
			}
		},
		{
			"from": [12.5, 9, 3],
			"to": [16, 9.5, 7.5],
			"faces": {
				"east": {"uv": [4.25, 3.25, 6.5, 3.5], "texture": "#2"},
				"up": {"uv": [8, 14.25, 10.25, 16], "rotation": 270, "texture": "#2"},
				"down": {"uv": [8, 14.25, 10.25, 16], "rotation": 270, "texture": "#2"}
			}
		},
		{
			"from": [12.5, 6, 7.5],
			"to": [16, 13, 8],
			"faces": {
				"north": {"uv": [8, 10.75, 9.75, 14.25], "texture": "#2"},
				"east": {"uv": [4, 1.5, 4.25, 5], "texture": "#2"},
				"south": {"uv": [8, 7.25, 9.75, 10.75], "texture": "#2"}
			}
		},
		{
			"from": [8.5, 9, 12.5],
			"to": [13, 9.5, 16],
			"faces": {
				"south": {"uv": [4.25, 3.25, 6.5, 3.5], "texture": "#2"},
				"up": {"uv": [8, 14.25, 10.25, 16], "texture": "#2"},
				"down": {"uv": [8, 14.25, 10.25, 16], "rotation": 180, "texture": "#2"}
			}
		},
		{
			"from": [8, 6, 12.5],
			"to": [8.5, 13, 16],
			"faces": {
				"east": {"uv": [8, 10.75, 9.75, 14.25], "texture": "#2"},
				"south": {"uv": [4, 1.5, 4.25, 5], "texture": "#2"},
				"west": {"uv": [8, 7.25, 9.75, 10.75], "texture": "#2"}
			}
		},
		{
			"from": [0, 6, 8],
			"to": [3.5, 13, 8.5],
			"faces": {
				"north": {"uv": [8, 7.25, 9.75, 10.75], "texture": "#2"},
				"south": {"uv": [8, 10.75, 9.75, 14.25], "texture": "#2"},
				"west": {"uv": [4, 1.5, 4.25, 5], "texture": "#2"}
			}
		},
		{
			"from": [0, 9, 8.5],
			"to": [3.5, 9.5, 13],
			"faces": {
				"west": {"uv": [4.25, 3.25, 6.5, 3.5], "texture": "#2"},
				"up": {"uv": [8, 14.25, 10.25, 16], "rotation": 270, "texture": "#2"},
				"down": {"uv": [8, 14.25, 10.25, 16], "rotation": 270, "texture": "#2"}
			}
		},
		{
			"from": [0.5, 9.5, 8.5],
			"to": [3, 10.25, 12.75],
			"faces": {
				"north": {"uv": [7.5, 0, 8.5, 1.5], "rotation": 270, "texture": "#1"},
				"east": {"uv": [7.5, 1.75, 8.5, 2.75], "rotation": 270, "texture": "#1"},
				"south": {"uv": [7.5, 0, 8.5, 1.5], "rotation": 270, "texture": "#1"},
				"west": {"uv": [7.5, 1.75, 8.5, 6.75], "rotation": 270, "texture": "#1"},
				"up": {"uv": [7.5, 0, 12.5, 1.5], "rotation": 270, "texture": "#1"},
				"down": {"uv": [7.5, 0, 8.5, 1.5], "rotation": 270, "texture": "#1"}
			}
		},
		{
			"from": [0.5, 10.25, 11],
			"to": [3, 11, 12.5],
			"faces": {
				"north": {"uv": [7.5, 0, 8.5, 1.5], "rotation": 270, "texture": "#1"},
				"east": {"uv": [7.5, 1.75, 8.5, 2.75], "rotation": 270, "texture": "#1"},
				"south": {"uv": [7.5, 0, 8.5, 1.5], "rotation": 270, "texture": "#1"},
				"west": {"uv": [7.5, 1.75, 8.5, 3.75], "rotation": 270, "texture": "#1"},
				"up": {"uv": [7.5, 0, 9.5, 1.5], "rotation": 270, "texture": "#1"},
				"down": {"uv": [7.5, 0, 8.5, 1.5], "rotation": 270, "texture": "#1"}
			}
		},
		{
			"from": [1.5, 10.75, 9],
			"to": [2.25, 11.5, 11.5],
			"rotation": {"angle": -22.5, "axis": "x", "origin": [2, 10.5, 10.5]},
			"faces": {
				"north": {"uv": [7.5, 1.75, 8.5, 2.75], "rotation": 270, "texture": "#1"},
				"east": {"uv": [7.5, 0, 8.5, 1.5], "rotation": 270, "texture": "#1"},
				"south": {"uv": [7.5, 1.75, 8.5, 2.75], "rotation": 270, "texture": "#1"},
				"west": {"uv": [7.5, 0, 8.5, 1.5], "rotation": 270, "texture": "#1"},
				"up": {"uv": [7.5, 0, 8.5, 1.5], "rotation": 180, "texture": "#1"},
				"down": {"uv": [7.5, 0, 8.5, 1.5], "texture": "#1"}
			}
		},
		{
			"from": [0.5, 6, 9],
			"to": [3, 6.75, 12.5],
			"faces": {
				"north": {"uv": [7.5, 0, 8.5, 1.5], "rotation": 270, "texture": "#1"},
				"east": {"uv": [7.5, 1.75, 8.5, 2.75], "rotation": 270, "texture": "#1"},
				"south": {"uv": [7.5, 0, 8.5, 1.5], "rotation": 270, "texture": "#1"},
				"west": {"uv": [7.5, 1.75, 8.5, 5.75], "rotation": 270, "texture": "#1"},
				"up": {"uv": [7.5, 0, 11.5, 1.5], "rotation": 270, "texture": "#1"},
				"down": {"uv": [7.5, 0, 8.5, 1.5], "rotation": 270, "texture": "#1"}
			}
		},
		{
			"from": [0.5, 6.75, 8.75],
			"to": [3, 7.5, 13],
			"faces": {
				"north": {"uv": [7.5, 0, 8.5, 1.5], "rotation": 270, "texture": "#1"},
				"east": {"uv": [7.5, 1.75, 8.5, 2.75], "rotation": 270, "texture": "#1"},
				"south": {"uv": [7.5, 0, 8.5, 1.5], "rotation": 270, "texture": "#1"},
				"west": {"uv": [7.5, 1.75, 8.5, 6.75], "rotation": 270, "texture": "#1"},
				"up": {"uv": [7.5, 0, 12.5, 1.5], "rotation": 270, "texture": "#1"},
				"down": {"uv": [7.5, 0, 8.5, 1.5], "rotation": 270, "texture": "#1"}
			}
		},
		{
			"from": [0.5, 7.5, 9],
			"to": [3, 8.25, 9.75],
			"faces": {
				"north": {"uv": [7.5, 0, 8.5, 1.5], "rotation": 270, "texture": "#1"},
				"east": {"uv": [7.5, 1.75, 8.5, 2.75], "rotation": 270, "texture": "#1"},
				"south": {"uv": [7.5, 0, 8.5, 1.5], "rotation": 270, "texture": "#1"},
				"west": {"uv": [7.5, 1.75, 8.5, 2.75], "rotation": 270, "texture": "#1"},
				"up": {"uv": [7.5, 0, 8.5, 1.5], "rotation": 270, "texture": "#1"},
				"down": {"uv": [7.5, 0, 8.5, 1.5], "rotation": 270, "texture": "#1"}
			}
		},
		{
			"from": [1, 7.5, 10.5],
			"to": [1.75, 8.25, 13],
			"rotation": {"angle": -22.5, "axis": "y", "origin": [2, 8, 12]},
			"faces": {
				"north": {"uv": [7.5, 1.75, 8.5, 2.75], "rotation": 270, "texture": "#1"},
				"east": {"uv": [7.5, 0, 8.5, 1.5], "rotation": 270, "texture": "#1"},
				"south": {"uv": [7.5, 1.75, 8.5, 2.75], "rotation": 270, "texture": "#1"},
				"west": {"uv": [7.5, 0, 8.5, 1.5], "rotation": 270, "texture": "#1"},
				"up": {"uv": [7.5, 0, 8.5, 1.5], "rotation": 180, "texture": "#1"},
				"down": {"uv": [7.5, 0, 8.5, 1.5], "texture": "#1"}
			}
		},
		{
			"from": [14.5, 10.60675, 3.27985],
			"to": [15.25, 11.35675, 5.77985],
			"rotation": {"angle": -22.5, "axis": "x", "origin": [14.875, 10.98175, 4.52985]},
			"faces": {
				"north": {"uv": [7.5, 1.75, 8.5, 2.75], "rotation": 270, "texture": "#1"},
				"east": {"uv": [7.5, 0, 8.5, 1.5], "rotation": 270, "texture": "#1"},
				"south": {"uv": [7.5, 1.75, 8.5, 2.75], "rotation": 270, "texture": "#1"},
				"west": {"uv": [7.5, 0, 8.5, 1.5], "rotation": 270, "texture": "#1"},
				"up": {"uv": [7.5, 0, 8.5, 1.5], "rotation": 180, "texture": "#1"},
				"down": {"uv": [7.5, 0, 8.5, 1.5], "texture": "#1"}
			}
		},
		{
			"from": [13.5, 10.25, 5.5],
			"to": [16, 11, 7],
			"faces": {
				"north": {"uv": [7.5, 0, 8.5, 1.5], "rotation": 270, "texture": "#1"},
				"east": {"uv": [7.5, 1.75, 8.5, 3.75], "rotation": 270, "texture": "#1"},
				"south": {"uv": [7.5, 0, 8.5, 1.5], "rotation": 270, "texture": "#1"},
				"west": {"uv": [7.5, 1.75, 8.5, 2.75], "rotation": 270, "texture": "#1"},
				"up": {"uv": [7.5, 0, 9.5, 1.5], "rotation": 90, "texture": "#1"},
				"down": {"uv": [7.5, 0, 8.5, 1.5], "rotation": 90, "texture": "#1"}
			}
		},
		{
			"from": [13.5, 9.5, 3],
			"to": [16, 10.25, 7.25],
			"faces": {
				"north": {"uv": [7.5, 0, 8.5, 1.5], "rotation": 270, "texture": "#1"},
				"east": {"uv": [7.5, 1.75, 8.5, 6.75], "rotation": 270, "texture": "#1"},
				"south": {"uv": [7.5, 0, 8.5, 1.5], "rotation": 270, "texture": "#1"},
				"west": {"uv": [7.5, 1.75, 8.5, 2.75], "rotation": 270, "texture": "#1"},
				"up": {"uv": [7.5, 0, 12.5, 1.5], "rotation": 90, "texture": "#1"},
				"down": {"uv": [7.5, 0, 8.5, 1.5], "rotation": 90, "texture": "#1"}
			}
		},
		{
			"from": [13.5, 7.5, 3.5],
			"to": [16, 8.25, 4.25],
			"faces": {
				"north": {"uv": [7.5, 0, 8.5, 1.5], "rotation": 270, "texture": "#1"},
				"east": {"uv": [7.5, 1.75, 8.5, 2.75], "rotation": 270, "texture": "#1"},
				"south": {"uv": [7.5, 0, 8.5, 1.5], "rotation": 270, "texture": "#1"},
				"west": {"uv": [7.5, 1.75, 8.5, 2.75], "rotation": 270, "texture": "#1"},
				"up": {"uv": [7.5, 0, 8.5, 1.5], "rotation": 270, "texture": "#1"},
				"down": {"uv": [7.5, 0, 8.5, 1.5], "rotation": 270, "texture": "#1"}
			}
		},
		{
			"from": [14.14325, 7.5, 4.77985],
			"to": [14.89325, 8.25, 7.27985],
			"rotation": {"angle": -22.5, "axis": "y", "origin": [14.51825, 7.875, 6.02985]},
			"faces": {
				"north": {"uv": [7.5, 1.75, 8.5, 2.75], "rotation": 270, "texture": "#1"},
				"east": {"uv": [7.5, 0, 8.5, 1.5], "rotation": 270, "texture": "#1"},
				"south": {"uv": [7.5, 1.75, 8.5, 2.75], "rotation": 270, "texture": "#1"},
				"west": {"uv": [7.5, 0, 8.5, 1.5], "rotation": 270, "texture": "#1"},
				"up": {"uv": [7.5, 0, 8.5, 1.5], "rotation": 180, "texture": "#1"},
				"down": {"uv": [7.5, 0, 8.5, 1.5], "texture": "#1"}
			}
		},
		{
			"from": [13.5, 6.75, 3.25],
			"to": [16, 7.5, 7.5],
			"faces": {
				"north": {"uv": [7.5, 0, 8.5, 1.5], "rotation": 270, "texture": "#1"},
				"east": {"uv": [7.5, 1.75, 8.5, 6.75], "rotation": 270, "texture": "#1"},
				"south": {"uv": [7.5, 0, 8.5, 1.5], "rotation": 270, "texture": "#1"},
				"west": {"uv": [7.5, 1.75, 8.5, 2.75], "rotation": 270, "texture": "#1"},
				"up": {"uv": [7.5, 0, 12.5, 1.5], "rotation": 90, "texture": "#1"},
				"down": {"uv": [7.5, 0, 8.5, 1.5], "rotation": 90, "texture": "#1"}
			}
		},
		{
			"from": [13.5, 6, 3.75],
			"to": [16, 6.75, 7.25],
			"faces": {
				"north": {"uv": [7.5, 0, 8.5, 1.5], "rotation": 270, "texture": "#1"},
				"east": {"uv": [7.5, 1.75, 8.5, 5.75], "rotation": 270, "texture": "#1"},
				"south": {"uv": [7.5, 0, 8.5, 1.5], "rotation": 270, "texture": "#1"},
				"west": {"uv": [7.5, 1.75, 8.5, 2.75], "rotation": 270, "texture": "#1"},
				"up": {"uv": [7.5, 0, 11.5, 1.5], "rotation": 90, "texture": "#1"},
				"down": {"uv": [7.5, 0, 8.5, 1.5], "rotation": 90, "texture": "#1"}
			}
		}
	],
	"display": {
		"thirdperson_righthand": {
			"rotation": [75, 45, 0],
			"translation": [0, 2.5, 0],
			"scale": [0.375, 0.375, 0.375]
		},
		"thirdperson_lefthand": {
			"rotation": [75, 45, 0],
			"translation": [0, 2.5, 0],
			"scale": [0.375, 0.375, 0.375]
		},
		"firstperson_righthand": {
			"rotation": [0, 45, 0],
			"scale": [0.4, 0.4, 0.4]
		},
		"firstperson_lefthand": {
			"rotation": [0, 225, 0],
			"scale": [0.4, 0.4, 0.4]
		},
		"ground": {
			"translation": [0, 2, 0],
			"scale": [0.25, 0.25, 0.25]
		},
		"gui": {
			"rotation": [30, 225, 0],
			"scale": [0.625, 0.625, 0.625]
		},
		"fixed": {
			"translation": [0, 0, -0.25],
			"scale": [0.5, 0.5, 0.5]
		}
	},
	"groups": [
		{
			"name": "globe",
			"children": [0]
		},
		{
			"name": "decor",
			"children": [
				{
					"name": "south_maps",
					"children": [1, 2]
				},
				{
					"name": "north_maps",
					"children": []
				},
				{
					"name": "west_maps",
					"children": []
				},
				{
					"name": "east_maps",
					"children": [3, 4]
				},
				{
					"name": "south_compass_top",
					"children": []
				},
				{
					"name": "north_compass_top",
					"children": [5, 6, 7, 8, 9, 10, 11, 12, 13]
				},
				{
					"name": "north_compass_bottom",
					"children": []
				},
				{
					"name": "south_compass_bottom",
					"children": [14, 15, 16, 17, 18, 19, 20, 21, 22]
				}
			]
		},
		{
			"name": "table",
			"children": [23, 24, 25, 26, 27, 28, 29, 30, 31, 32, 33, 34, 35, 36, 37, 38, 39, 40, 41, 42, 43, 44, 45, 46, 47, 48, 49, 50, 51, 52, 53, 54, 55]
		}
	]
}