{"credit":"By KeepMeow","textures":{"0":"block/sculk/sculk6","1":"block/sculk","particle":"block/sculk/sculk6"},"elements":[{"from":[0,0,0],"to":[16,16,16],"faces":{"north":{"uv":[0,0,16,16],"texture":"#1"},"east":{"uv":[0,0,16,16],"texture":"#1"},"south":{"uv":[0,0,16,16],"texture":"#1"},"west":{"uv":[0,0,16,16],"texture":"#1"},"up":{"uv":[0,0,16,16],"texture":"#0"},"down":{"uv":[0,0,16,16],"texture":"#0"}}}],"display":{"thirdperson_righthand":{"rotation":[-110,45,-180],"translation":[0,2.75,-1.25],"scale":[0.4,0.4,0.4]},"thirdperson_lefthand":{"rotation":[-110,45,-180],"translation":[0,2.75,-1.25],"scale":[0.4,0.4,0.4]},"firstperson_righthand":{"rotation":[0,45,0],"translation":[4.25,0,-2.25],"scale":[0.4,0.4,0.4]},"firstperson_lefthand":{"rotation":[0,45,0],"translation":[4.25,0,-2.25],"scale":[0.4,0.4,0.4]},"ground":{"translation":[0,2,0],"scale":[0.3,0.3,0.3]},"gui":{"rotation":[45,45,0],"scale":[0.6,0.6,0.6]},"head":{"rotation":[-90,0,0]},"fixed":{"scale":[0.5,0.5,0.5]}}}