{
	"credit": "Made with Blockbench",
	"parent": "block/block",
	"texture_size": [32, 32],
	"textures": {
		"0": "block/deepslate_lapis_ore/deepslate_lapis_ore_side0",
		"1": "block/deepslate_lapis_ore/deepslate_lapis_ore_side3",
		"2": "block/deepslate_lapis_ore/deepslate_lapis_ore2",
		"particle": "block/deepslate_lapis_ore/deepslate_lapis_ore_side0"
	},
	"elements": [
		{
			"from": [0, 0, 0],
			"to": [16, 16, 16],
			"faces": {
				"north": {"uv": [0, 0, 16, 16], "texture": "#1", "cullface": "north"},
				"east": {"uv": [0, 0, 16, 16], "texture": "#0", "cullface": "east"},
				"south": {"uv": [0, 0, 16, 16], "texture": "#1", "cullface": "south"},
				"west": {"uv": [0, 0, 16, 16], "texture": "#0", "cullface": "west"},
				"up": {"uv": [0, 0, 16, 16], "texture": "#2", "cullface": "up"},
				"down": {"uv": [0, 0, 16, 16], "texture": "#2", "cullface": "down"}
			}
		}
	],
	"groups": [
		{
			"name": "cube",
			"origin": [8, 8, 8],
			"children": [0]
		}
	]
}