{
    "parent": "builtin/generated",
	"textures": {
        "layer0": "item/trident"
    },
    "display": {
        "thirdperson_righthand": {
            "rotation": [ 0, 90, 45 ],
            "translation": [ 0, -3, 1 ],
            "scale": [ 1.75, 1.75, 1 ]
        },
        "thirdperson_lefthand": {
            "rotation": [ 90, 270, 45 ],
            "translation": [ 0, -3, 1 ],
            "scale": [ 1.75, 1.75, 1 ]
        },
        "firstperson_righthand": {
            "rotation": [ 90, 90, -75 ],
            "translation": [ 0, 0, 6 ],
            "scale": [ 1, 1, 0.5 ]
        },
        "firstperson_lefthand": {
            "rotation": [ 30, 270, 15 ],
            "translation": [ 0, 0, 6],
            "scale": [ 1, 1, 0.5 ]
        },
        "gui": {
            "rotation": [ 15, -25, -5 ],
            "translation": [ 2, 3, 0 ],
            "scale": [ 0.65, 0.65, 0.65 ]
        },
        "fixed": {
            "rotation": [ 0, 180, 0 ],
            "translation": [ -2, 4, -5],
            "scale":[ 0.5, 0.5, 0.5]
        },
        "ground": {
            "rotation": [ 0, 0, 0 ],
            "translation": [ 4, 4, 2],
            "scale":[ 0.25, 0.25, 0.25]
        }
    },
    "overrides": [
        {
            "predicate": {
                "throwing": 1
            },
            "model": "item/trident_throwing"
        }
    ]
}
