{
	"credit": "Made with Blockbench",
	"textures": {
		"1": "block/acacia_door_sides",
		"2": "block/acacia_door_top",
		"particle": "block/acacia_door_top"
	},
	"elements": [
		{
			"name": "top_bracket",
			"from": [-0.5, 9, 0.75],
			"to": [3.5, 10, 16],
			"faces": {
				"north": {"uv": [4, 6, 0, 7], "texture": "#2", "cullface": "north"},
				"east": {"uv": [14.75, 6, 0, 7], "texture": "#2"},
				"south": {"uv": [9.5, 6, 5.5, 7], "texture": "#2"},
				"west": {"uv": [14.75, 6, 0, 7], "texture": "#2"},
				"up": {"uv": [15, 6, 0, 6.75], "rotation": 270, "texture": "#2"},
				"down": {"uv": [15, 6, 0, 6.75], "rotation": 270, "texture": "#2"}
			}
		},
		{
			"name": "door_top",
			"from": [0, 0, 1],
			"to": [3, 16, 17],
			"faces": {
				"north": {"uv": [9, 0, 6, 16], "texture": "#1"},
				"east": {"uv": [16, 0, 0, 16], "texture": "#2"},
				"south": {"uv": [9, 0, 6, 16], "texture": "#1"},
				"west": {"uv": [0, 0, 16, 16], "texture": "#2"},
				"up": {"uv": [0, 16, 3, 0], "rotation": 180, "texture": "#1"},
				"down": {"uv": [9, 16, 12, 0], "texture": "#1"}
			}
		}
	]
}