{
	"credit": "Made with Blockbench",
	"textures": {
		"1": "block/acacia_door_sides",
		"2": "block/acacia_door_top",
		"particle": "block/acacia_door_top"
	},
	"elements": [
		{
			"name": "top_bracket",
			"from": [0.5, 9, 1],
			"to": [4.5, 10, 16.25],
			"faces": {
				"north": {"uv": [5.5, 6, 9.5, 7], "texture": "#2"},
				"east": {"uv": [0, 6, 14.75, 7], "texture": "#2"},
				"south": {"uv": [0, 6, 4, 7], "texture": "#2", "cullface": "north"},
				"west": {"uv": [0, 6, 14.75, 7], "texture": "#2"},
				"up": {"uv": [0, 6, 15, 6.75], "rotation": 270, "texture": "#2"},
				"down": {"uv": [0, 6, 15, 6.75], "rotation": 270, "texture": "#2"}
			}
		},
		{
			"name": "door_top",
			"from": [1, 0, 0],
			"to": [4, 16, 16],
			"faces": {
				"north": {"uv": [6, 0, 9, 16], "texture": "#1"},
				"east": {"uv": [0, 0, 16, 16], "texture": "#2"},
				"south": {"uv": [6, 0, 9, 16], "texture": "#1"},
				"west": {"uv": [16, 0, 0, 16], "texture": "#2"},
				"up": {"uv": [0, 0, 3, 16], "rotation": 180, "texture": "#1"},
				"down": {"uv": [9, 0, 12, 16], "texture": "#1"}
			}
		}
	]
}