{
	"credit": "Made with Blockbench",
	"ambientocclusion": false,
	"textures": {
		"0": "block/doors/oak_door_rim",
		"particle": "block/doors/oak_door_top"
	},
	"elements": [
		{
			"name": "Leftblock",
			"from": [0, 0, 13.5],
			"to": [3, 16, 16],
			"faces": {
				"north": {"uv": [2.992, 0.008, 2.508, 15.9356], "texture": "#particle", "cullface": "down"},
				"east": {"uv": [0.008, 0.008, 2.492, 15.992], "texture": "#particle"},
				"south": {"uv": [11.468, 0.032, 8.532, 15.968], "texture": "#0", "cullface": "down"},
				"west": {"uv": [2.492, 0.008, 0.008, 15.992], "texture": "#particle", "cullface": "west"},
				"up": {"uv": [13.008, 2.492, 15.992, 0.008], "texture": "#0", "cullface": "up"}
			}
		},
		{
			"name": "Rightblock",
			"from": [0, 0, 0],
			"to": [3, 16, 2.5],
			"faces": {
				"north": {"uv": [11.468, 0.032, 8.532, 15.968], "texture": "#0", "cullface": "down"},
				"east": {"uv": [13.508, 0.008, 15.992, 15.992], "texture": "#particle"},
				"south": {"uv": [13.992, 0.008, 13.508, 15.935], "texture": "#particle", "cullface": "down"},
				"west": {"uv": [15.992, 0.008, 13.508, 15.992], "texture": "#particle", "cullface": "west"},
				"up": {"uv": [13.008, 15.992, 15.992, 13.5], "texture": "#0", "cullface": "up"}
			}
		},
		{
			"name": "Bottomblock",
			"from": [0.5, 0, 6],
			"to": [2.5, 1.5, 10],
			"faces": {
				"east": {"uv": [6.008, 14.5, 9.992, 15.992], "texture": "#particle"},
				"west": {"uv": [9.992, 14.5, 6.008, 15.992], "texture": "#particle", "cullface": "west"},
				"up": {"uv": [0.508, 9.492, 2.492, 5.5], "texture": "#0", "cullface": "down"}
			}
		},
		{
			"name": "Win1",
			"from": [0.5, 8, 9.5],
			"to": [2.5, 13.5, 10],
			"faces": {
				"north": {"uv": [2.968, 0.032, 0.032, 2.968], "texture": "#0"},
				"east": {"uv": [6.008, 2.5, 6.492, 7.992], "texture": "#particle"},
				"west": {"uv": [6.492, 2.5, 6.008, 7.992], "texture": "#particle", "cullface": "west"},
				"down": {"uv": [0.032, 4.468, 2.968, 4.032], "texture": "#0"}
			}
		},
		{
			"name": "Win8",
			"from": [0.5, 8, 6],
			"to": [2.5, 13.5, 6.5],
			"faces": {
				"east": {"uv": [9.508, 2.5, 9.992, 7.992], "texture": "#particle"},
				"south": {"uv": [2.968, 2.532, 0.032, 2.968], "rotation": 180, "texture": "#0"},
				"west": {"uv": [9.992, 2.5, 9.508, 7.992], "texture": "#particle", "cullface": "west"},
				"down": {"uv": [0.032, 1.468, 2.968, 1.032], "texture": "#0"}
			}
		},
		{
			"name": "Win7",
			"from": [0.5, 8.5, 6.5],
			"to": [2.5, 13.5, 7],
			"faces": {
				"east": {"uv": [9.008, 2.5, 9.492, 7.492], "texture": "#particle"},
				"south": {"uv": [2.968, 2.032, 0.032, 2.468], "rotation": 180, "texture": "#0"},
				"west": {"uv": [9.492, 2.5, 9.008, 7.492], "texture": "#particle", "cullface": "west"},
				"down": {"uv": [0.032, 2.468, 2.968, 2.032], "texture": "#0"}
			}
		},
		{
			"name": "Win6",
			"from": [0.5, 9, 7],
			"to": [2.5, 13.5, 7.5],
			"faces": {
				"east": {"uv": [8.508, 2.5, 8.992, 6.992], "texture": "#particle"},
				"south": {"uv": [2.968, 1.532, 0.032, 1.968], "rotation": 180, "texture": "#0"},
				"west": {"uv": [8.992, 2.5, 8.508, 6.992], "texture": "#particle", "cullface": "west"},
				"down": {"uv": [0.032, 2.968, 2.968, 2.532], "texture": "#0"}
			}
		},
		{
			"name": "Win4",
			"from": [0.5, 9.5, 7.5],
			"to": [2.5, 13.5, 8.5],
			"faces": {
				"east": {"uv": [7.508, 2.5, 8.492, 6.492], "texture": "#particle"},
				"west": {"uv": [8.492, 2.5, 7.508, 6.492], "texture": "#particle", "cullface": "west"},
				"down": {"uv": [0.032, 3.468, 2.968, 3.032], "texture": "#0"}
			}
		},
		{
			"name": "Win3",
			"from": [0.5, 9, 8.5],
			"to": [2.5, 13.5, 9],
			"faces": {
				"north": {"uv": [2.968, 1.532, 0.032, 1.968], "texture": "#0"},
				"east": {"uv": [6.508, 3, 6.992, 7.492], "texture": "#particle"},
				"west": {"uv": [6.992, 3, 6.508, 7.492], "texture": "#particle", "cullface": "west"},
				"down": {"uv": [0.032, 3.468, 2.968, 3.032], "texture": "#0"}
			}
		},
		{
			"name": "Win2",
			"from": [0.5, 8.5, 9],
			"to": [2.5, 13.5, 9.5],
			"faces": {
				"north": {"uv": [2.968, 0.032, 0.032, 2.468], "texture": "#0"},
				"east": {"uv": [6.508, 2.5, 6.992, 7.492], "texture": "#particle"},
				"west": {"uv": [6.992, 2.5, 6.508, 7.492], "texture": "#particle", "cullface": "west"},
				"down": {"uv": [0.032, 4.468, 2.968, 4.032], "texture": "#0"}
			}
		},
		{
			"name": "Topblock",
			"from": [0, 13.5, 2.5],
			"to": [3, 16, 13.5],
			"faces": {
				"east": {"uv": [2.508, 0.008, 13.492, 2.492], "texture": "#particle"},
				"west": {"uv": [13.492, 0.008, 2.508, 2.492], "texture": "#particle", "cullface": "west"},
				"up": {"uv": [13.008, 13.492, 15.992, 2.5], "texture": "#0", "cullface": "up"},
				"down": {"uv": [0.008, 13.492, 2.992, 2.5], "texture": "#0"}
			}
		},
		{
			"name": "centerleft",
			"from": [0.5, 0, 10],
			"to": [2.5, 13.5, 13.5],
			"faces": {
				"north": {"uv": [2.492, 1.5, 0.508, 14.992], "texture": "#0"},
				"east": {"uv": [2.508, 2.5, 5.992, 15.992], "texture": "#particle"},
				"west": {"uv": [5.992, 2.5, 2.508, 15.992], "texture": "#particle"}
			}
		},
		{
			"name": "centerright",
			"from": [0.5, 0, 2.5],
			"to": [2.5, 13.5, 6],
			"faces": {
				"east": {"uv": [10.008, 2.5, 13.492, 15.992], "texture": "#particle"},
				"south": {"uv": [2.492, 1.5, 0.508, 14.992], "texture": "#0"},
				"west": {"uv": [13.492, 2.5, 10.008, 15.992], "texture": "#particle"}
			}
		},
		{
			"from": [0, 9.5, 11],
			"to": [3, 11, 13.5],
			"faces": {
				"north": {"uv": [4.992, 5, 4.508, 6.492], "texture": "#particle"},
				"east": {"uv": [2.508, 5, 4.992, 6.492], "texture": "#particle"},
				"west": {"uv": [4.992, 5, 2.508, 6.492], "texture": "#particle"},
				"up": {"uv": [4.992, 5, 2.508, 5.492], "rotation": 90, "texture": "#particle"},
				"down": {"uv": [4.992, 6, 2.508, 6.492], "rotation": 270, "texture": "#particle"}
			}
		},
		{
			"from": [0, 10, 10.5],
			"to": [3, 10.5, 11],
			"faces": {
				"north": {"uv": [5.492, 5.5, 5.008, 5.992], "texture": "#particle"},
				"east": {"uv": [5.492, 5.5, 5.008, 5.992], "texture": "#particle"},
				"west": {"uv": [5.492, 5.5, 5.008, 5.992], "texture": "#particle"},
				"up": {"uv": [5.008, 5.992, 5.492, 5.5], "texture": "#particle"},
				"down": {"uv": [5.008, 5.992, 5.492, 5.5], "texture": "#particle"}
			}
		},
		{
			"from": [0, 12.5, 12.5],
			"to": [3, 13.5, 13.5],
			"faces": {
				"north": {"uv": [3.492, 2.5, 3.008, 3.492], "texture": "#particle"},
				"east": {"uv": [2.508, 2.5, 3.492, 3.492], "texture": "#particle"},
				"west": {"uv": [3.492, 2.5, 2.508, 3.492], "texture": "#particle"},
				"down": {"uv": [3.492, 3, 2.508, 3.492], "rotation": 90, "texture": "#particle"}
			}
		},
		{
			"from": [0, 12.5, 2.5],
			"to": [3, 13.5, 3.5],
			"faces": {
				"east": {"uv": [12.508, 2.5, 13.492, 3.492], "texture": "#particle"},
				"south": {"uv": [12.992, 2.5, 12.508, 3.492], "texture": "#particle"},
				"west": {"uv": [13.492, 2.5, 12.508, 3.492], "texture": "#particle"},
				"down": {"uv": [13.492, 3, 12.508, 3.492], "rotation": 270, "texture": "#particle"}
			}
		}
	]
}