{
	"credit": "Made with Blockbench",
	"ambientocclusion": false,
	"textures": {
		"0": "block/doors/oak_door_bottom",
		"1": "block/doors/oak_door_rim",
		"particle": "block/doors/oak_door_bottom"
	},
	"elements": [
		{
			"from": [0.5, 2, 2.5],
			"to": [2.5, 16, 13.5],
			"faces": {
				"east": {"uv": [13.492, 0.008, 2.508, 13.992], "texture": "#0"},
				"west": {"uv": [2.508, 0.008, 13.492, 13.992], "texture": "#0"}
			}
		},
		{
			"from": [0, 0, 0],
			"to": [3, 16, 2.5],
			"faces": {
				"north": {"uv": [4.508, 0.008, 7.492, 15.992], "texture": "#1"},
				"east": {"uv": [2.492, 0.008, 0.008, 15.992], "texture": "#0"},
				"south": {"uv": [2.008, 0.008, 2.48375, 15.98375], "texture": "#0"},
				"west": {"uv": [0.0075, 0.0075, 2.49125, 15.99125], "texture": "#0"},
				"down": {"uv": [0.008, 14.008, 2.992, 15.992], "texture": "#1"}
			}
		},
		{
			"from": [0, 0, 2.5],
			"to": [3, 2, 13.5],
			"faces": {
				"east": {"uv": [13.492, 14, 2.508, 15.992], "texture": "#0"},
				"west": {"uv": [2.508, 14, 13.492, 15.992], "texture": "#0"},
				"up": {"uv": [2.5, 14, 13.5, 14.5], "rotation": 90, "texture": "#0"},
				"down": {"uv": [0.008, 2.008, 2.992, 13.992], "texture": "#1"}
			}
		},
		{
			"from": [0, 0, 13.5],
			"to": [3, 16, 16],
			"faces": {
				"north": {"uv": [13.508, 0.008, 13.98375, 15.98375], "texture": "#0"},
				"east": {"uv": [15.992, 0.008, 13.508, 15.992], "texture": "#0"},
				"south": {"uv": [4.508, 0.008, 7.492, 15.992], "texture": "#1"},
				"west": {"uv": [13.508, 0.008, 15.992, 15.992], "texture": "#0"},
				"down": {"uv": [0.008, 0.008, 2.992, 1.992], "texture": "#1"}
			}
		},
		{
			"from": [0, 5.5, 2.5],
			"to": [3, 7, 5],
			"faces": {
				"east": {"uv": [4.992, 9, 2.508, 10.492], "texture": "#0"},
				"south": {"uv": [4.508, 9, 4.992, 10.492], "texture": "#0"},
				"west": {"uv": [2.508, 9, 4.992, 10.492], "texture": "#0"},
				"up": {"uv": [2.508, 9, 4.992, 9.492], "rotation": 90, "texture": "#0"},
				"down": {"uv": [2.508, 10, 4.992, 10.492], "rotation": 270, "texture": "#0"}
			}
		},
		{
			"from": [0, 12.5, 2.5],
			"to": [3, 15, 13.5],
			"faces": {
				"east": {"uv": [13.492, 1, 2.508, 3.492], "texture": "#0"},
				"west": {"uv": [2.508, 1, 13.492, 3.492], "texture": "#0"},
				"up": {"uv": [2.508, 1, 13.492, 1.492], "rotation": 90, "texture": "#0"},
				"down": {"uv": [2.508, 3, 13.492, 3.492], "rotation": 90, "texture": "#0"}
			}
		},
		{
			"from": [0, 12, 3.5],
			"to": [3, 15, 5],
			"faces": {
				"north": {"uv": [0.008, 0.008, 0.492, 1.492], "texture": "#0"},
				"east": {"uv": [4.98375, 1, 3.508, 3.99188], "texture": "#0"},
				"south": {"uv": [0.008, 0.008, 0.492, 1.492], "texture": "#0"},
				"west": {"uv": [3.508, 1, 4.992, 3.992], "texture": "#0"},
				"down": {"uv": [3.508, 3.5, 4.98375, 3.99188], "rotation": 90, "texture": "#0"}
			}
		},
		{
			"from": [0, 12, 11],
			"to": [3, 15, 12.5],
			"faces": {
				"north": {"uv": [0.008, 0.008, 0.492, 1.492], "texture": "#0"},
				"east": {"uv": [12.48375, 1, 11.008, 3.99188], "texture": "#0"},
				"south": {"uv": [0.008, 0.008, 0.492, 1.492], "texture": "#0"},
				"west": {"uv": [11.008, 1, 12.492, 3.992], "texture": "#0"},
				"down": {"uv": [11.008, 3.5, 12.48375, 3.99188], "rotation": 90, "texture": "#0"}
			}
		},
		{
			"from": [0, 2, 2.5],
			"to": [3, 3, 3.5],
			"faces": {
				"east": {"uv": [3.492, 13, 2.508, 13.992], "texture": "#0"},
				"south": {"uv": [2.508, 13, 3.492, 13.492], "texture": "#0"},
				"west": {"uv": [2.508, 13, 3.492, 13.992], "texture": "#0"},
				"up": {"uv": [2.508, 13, 3.492, 13.492], "texture": "#0"}
			}
		},
		{
			"from": [0, 2, 12.5],
			"to": [3, 3, 13.5],
			"faces": {
				"north": {"uv": [0.008, 0.008, 2.992, 0.492], "texture": "#0"},
				"east": {"uv": [2.5, 13, 3.5, 14], "texture": "#0"},
				"west": {"uv": [3.5, 13, 2.5, 14], "texture": "#0"},
				"up": {"uv": [0.008, 0.008, 2.992, 0.492], "texture": "#0"}
			}
		},
		{
			"from": [0, 6, 5],
			"to": [3, 6.5, 5.5],
			"faces": {
				"east": {"uv": [5.008, 9.5, 5.492, 9.992], "texture": "#0"},
				"south": {"uv": [5.008, 9.5, 5.492, 9.992], "texture": "#0"},
				"west": {"uv": [5.008, 9.5, 5.492, 9.992], "texture": "#0"},
				"up": {"uv": [5.008, 9.5, 5.492, 9.992], "texture": "#0"},
				"down": {"uv": [5.008, 9.5, 5.492, 9.992], "texture": "#0"}
			}
		}
	]
}