{
	"credit": "Made with Blockbench",
	"parent": "block/block",
	"textures": {
		"side": "block/end_portal_frame_side",
		"1_bottom": "block/end_portal_frame_bottom",
		"particle": "block/end_portal_frame_bottom",
		"1_top": "block/end_portal_frame_top",
		"1_side": "block/end_portal_frame_side"
	},
	"elements": [
		{
			"from": [0, 12, 15.5],
			"to": [16, 13.5, 17.5],
			"faces": {
				"north": {"uv": [0.016, 3.016, 15.984, 4.5], "texture": "#side"},
				"east": {"uv": [0.016, 3.016, 1.984, 4.5], "texture": "#side", "cullface": "east"},
				"south": {"uv": [0.016, 3.016, 15.984, 4.5], "texture": "#side", "cullface": "south"},
				"west": {"uv": [14.016, 3.016, 15.984, 4.5], "texture": "#side", "cullface": "west"},
				"up": {"uv": [0.016, 0.016, 15.984, 1.984], "texture": "#side"},
				"down": {"uv": [0.016, 0.016, 15.984, 1.984], "rotation": 180, "texture": "#side", "cullface": "south"}
			}
		},
		{
			"from": [0, 12.5, 15],
			"to": [16, 13, 15.5],
			"faces": {
				"north": {"uv": [0.016, 3.5, 15.984, 3.984], "texture": "#side"},
				"east": {"uv": [0.5, 3.984, 0.016, 3.5], "rotation": 180, "texture": "#side", "cullface": "east"},
				"west": {"uv": [15.984, 3.984, 15.5, 3.5], "rotation": 180, "texture": "#side", "cullface": "west"},
				"up": {"uv": [0.016, 3.5, 15.984, 3.984], "texture": "#side"}
			}
		},
		{
			"from": [0, 11.5, 16],
			"to": [16, 12, 16.5],
			"faces": {
				"east": {"uv": [0.5, 3.984, 0.016, 3.5], "rotation": 180, "texture": "#side", "cullface": "east"},
				"south": {"uv": [0.016, 3.5, 15.984, 3.984], "rotation": 180, "texture": "#side", "cullface": "south"},
				"west": {"uv": [15.984, 3.984, 15.5, 3.5], "rotation": 180, "texture": "#side", "cullface": "west"}
			}
		},
		{
			"from": [0, 10, 15.5],
			"to": [16, 11.5, 17.5],
			"faces": {
				"north": {"uv": [0.016, 3.016, 15.984, 4.5], "texture": "#side"},
				"east": {"uv": [14.016, 4.016, 15.984, 5.5], "texture": "#side", "cullface": "east"},
				"south": {"uv": [0.016, 4.5, 15.984, 3.016], "texture": "#side", "cullface": "south"},
				"west": {"uv": [15.984, 4.016, 14.016, 5.5], "texture": "#side", "cullface": "west"},
				"up": {"uv": [0.016, 3.016, 15.984, 4.5], "texture": "#side", "cullface": "south"},
				"down": {"uv": [0.016, 3.016, 15.984, 4.984], "texture": "#side"}
			}
		},
		{
			"from": [1, 4.5, 1],
			"to": [15, 11, 15],
			"faces": {
				"north": {"uv": [1, 4.5, 15, 11], "texture": "#1_side"},
				"east": {"uv": [1, 4.5, 15, 11], "texture": "#1_side"},
				"south": {"uv": [1, 4.5, 15, 11], "texture": "#1_side"},
				"west": {"uv": [1, 4.5, 15, 11], "texture": "#1_side"},
				"up": {"uv": [1, 1, 15, 15], "texture": "#1_top"},
				"down": {"uv": [1.5, 1.5, 14.5, 14.5], "texture": "#1_bottom"}
			}
		},
		{
			"from": [0, 0, 0],
			"to": [14.5, 1.5, 1.5],
			"faces": {
				"north": {"uv": [1.5, 14.5, 16, 16], "texture": "#1_side", "cullface": "north"},
				"south": {"uv": [1.5, 14.5, 16, 16], "texture": "#1_side"},
				"west": {"uv": [0, 14.5, 1.5, 16], "texture": "#1_side", "cullface": "west"},
				"up": {"uv": [1.5, 14.5, 16, 16], "texture": "#1_side"},
				"down": {"uv": [1.5, 14.5, 16, 16], "texture": "#1_side", "cullface": "down"}
			}
		},
		{
			"from": [14.5, 0, 0],
			"to": [16, 1.5, 14.5],
			"faces": {
				"north": {"uv": [0, 14.5, 1.5, 16], "texture": "#1_side", "cullface": "north"},
				"east": {"uv": [1.5, 14.5, 16, 16], "texture": "#1_side", "cullface": "east"},
				"west": {"uv": [1.5, 14.5, 16, 16], "texture": "#1_side"},
				"up": {"uv": [1.5, 14.5, 16, 16], "rotation": 90, "texture": "#1_side"},
				"down": {"uv": [1.5, 14.5, 16, 16], "rotation": 90, "texture": "#1_side", "cullface": "down"}
			}
		},
		{
			"from": [1.5, 0, 14.5],
			"to": [16, 1.5, 16],
			"faces": {
				"north": {"uv": [1.5, 14.5, 16, 16], "texture": "#1_side"},
				"east": {"uv": [0, 14.5, 1.5, 16], "texture": "#1_side", "cullface": "east"},
				"south": {"uv": [1.5, 14.5, 16, 16], "texture": "#1_side", "cullface": "south"},
				"up": {"uv": [1.5, 14.5, 16, 16], "rotation": 180, "texture": "#1_side"},
				"down": {"uv": [1.5, 14.5, 16, 16], "rotation": 180, "texture": "#1_side", "cullface": "down"}
			}
		},
		{
			"from": [0, 0, 1.5],
			"to": [1.5, 1.5, 16],
			"faces": {
				"east": {"uv": [1.5, 14.5, 16, 16], "texture": "#1_side"},
				"south": {"uv": [0, 14.5, 1.5, 16], "texture": "#1_side", "cullface": "south"},
				"west": {"uv": [1.5, 14.5, 16, 16], "texture": "#1_side", "cullface": "west"},
				"up": {"uv": [1.5, 14.5, 16, 16], "rotation": 270, "texture": "#1_side"},
				"down": {"uv": [1.5, 14.5, 16, 16], "rotation": 270, "texture": "#1_side", "cullface": "down"}
			}
		},
		{
			"from": [0, 3, 0],
			"to": [16, 4.5, 16],
			"faces": {
				"north": {"uv": [0, 11, 16, 12.5], "texture": "#1_side", "cullface": "north"},
				"east": {"uv": [0, 11, 16, 12.5], "texture": "#1_side"},
				"south": {"uv": [0, 11, 16, 12.5], "texture": "#1_side"},
				"west": {"uv": [0, 11, 16, 12.5], "texture": "#1_side"},
				"up": {"uv": [0, 0, 16, 16], "texture": "#1_bottom"},
				"down": {"uv": [0, 0, 16, 16], "texture": "#1_bottom"}
			}
		},
		{
			"from": [0.5, 1, 0.5],
			"to": [15.5, 3.5, 15.5],
			"faces": {
				"north": {"uv": [0, 12.5, 16, 14], "texture": "#1_side"},
				"east": {"uv": [0, 12.5, 16, 14], "texture": "#1_side"},
				"south": {"uv": [0, 12, 16, 14.5], "texture": "#1_side"},
				"west": {"uv": [0, 12.5, 16, 14], "texture": "#1_side"},
				"down": {"uv": [0.5, 0.5, 15.5, 15.5], "texture": "#1_bottom"}
			}
		},
		{
			"from": [0, 4.5, 0],
			"to": [1.5, 11, 1.5],
			"faces": {
				"north": {"uv": [14.5, 4.5, 16, 11], "texture": "#1_side", "cullface": "north"},
				"east": {"uv": [14.5, 4.5, 16, 11], "texture": "#1_side"},
				"south": {"uv": [16, 4.5, 14.5, 11], "texture": "#1_side"},
				"west": {"uv": [16, 4.5, 14.5, 11], "texture": "#1_side", "cullface": "west"}
			}
		},
		{
			"from": [0, 4.5, 14.5],
			"to": [1.5, 11, 16],
			"faces": {
				"north": {"uv": [14.5, 4.5, 16, 11], "texture": "#1_side"},
				"east": {"uv": [16, 4.5, 14.5, 11], "texture": "#1_side"},
				"south": {"uv": [16, 4.5, 14.5, 11], "texture": "#1_side", "cullface": "south"},
				"west": {"uv": [14.5, 4.5, 16, 11], "texture": "#1_side", "cullface": "west"}
			}
		},
		{
			"from": [14.5, 4.5, 0],
			"to": [16, 11, 1.5],
			"faces": {
				"north": {"uv": [16, 4.5, 14.5, 11], "texture": "#1_side", "cullface": "north"},
				"east": {"uv": [14.5, 4.5, 16, 11], "texture": "#1_side", "cullface": "east"},
				"south": {"uv": [14.5, 4.5, 16, 11], "texture": "#1_side"},
				"west": {"uv": [16, 4.5, 14.5, 11], "texture": "#1_side"}
			}
		},
		{
			"from": [14.5, 4.5, 14.5],
			"to": [16, 11, 16],
			"faces": {
				"north": {"uv": [16, 4.5, 14.5, 11], "texture": "#1_side"},
				"east": {"uv": [16, 4.5, 14.5, 11], "texture": "#1_side", "cullface": "east"},
				"south": {"uv": [14.5, 4.5, 16, 11], "texture": "#1_side", "cullface": "south"},
				"west": {"uv": [14.5, 4.5, 16, 11], "texture": "#1_side"}
			}
		},
		{
			"from": [0, 11, 0],
			"to": [14.5, 12.5, 1.5],
			"faces": {
				"north": {"uv": [1.5, 3.016, 15.984, 4.5], "texture": "#1_side", "cullface": "north"},
				"south": {"uv": [0.016, 3.016, 14.5, 4.5], "texture": "#1_side"},
				"west": {"uv": [0.016, 3.016, 1.5, 4.5], "texture": "#1_side", "cullface": "west"},
				"up": {"uv": [0.016, 3.016, 14.5, 4.5], "texture": "#1_side"},
				"down": {"uv": [0.016, 3.016, 14.5, 4.5], "texture": "#1_side"}
			}
		},
		{
			"from": [14.5, 11, 0],
			"to": [16, 12.5, 14.5],
			"faces": {
				"north": {"uv": [0.016, 3.016, 1.5, 4.5], "texture": "#1_side", "cullface": "north"},
				"east": {"uv": [1.5, 3.016, 15.984, 4.5], "texture": "#1_side", "cullface": "east"},
				"west": {"uv": [0.016, 3.016, 14.5, 4.5], "texture": "#1_side"},
				"up": {"uv": [0.016, 3.016, 14.5, 4.5], "rotation": 90, "texture": "#1_side"},
				"down": {"uv": [1.5, 3.016, 15.984, 4.5], "rotation": 90, "texture": "#1_side"}
			}
		},
		{
			"from": [1.5, 11, 14.5],
			"to": [16, 12.5, 16],
			"faces": {
				"north": {"uv": [0.016, 3.016, 14.5, 4.5], "texture": "#1_side"},
				"east": {"uv": [0.016, 3.016, 1.5, 4.5], "texture": "#1_side", "cullface": "east"},
				"up": {"uv": [0.016, 3.016, 14.5, 4.5], "rotation": 180, "texture": "#1_side"},
				"down": {"uv": [0.016, 3.016, 14.5, 4.5], "rotation": 180, "texture": "#1_side"}
			}
		},
		{
			"from": [0, 11, 1.5],
			"to": [1.5, 12.5, 16],
			"faces": {
				"east": {"uv": [0.016, 3.016, 14.5, 4.5], "texture": "#1_side"},
				"west": {"uv": [1.5, 3.016, 15.984, 4.5], "texture": "#1_side", "cullface": "west"},
				"up": {"uv": [0.016, 3.016, 14.5, 4.5], "rotation": 270, "texture": "#1_side"},
				"down": {"uv": [1.5, 3.016, 15.984, 4.5], "rotation": 270, "texture": "#1_side"}
			}
		},
		{
			"from": [0.5, 6.5, 2],
			"to": [15.5, 7.5, 2.5],
			"faces": {
				"north": {"uv": [2, 8, 2.5, 9], "texture": "#1_side"},
				"east": {"uv": [2, 8, 2.5, 9], "texture": "#1_side"},
				"south": {"uv": [2, 8, 2.5, 9], "texture": "#1_side"},
				"west": {"uv": [2, 8, 2.5, 9], "texture": "#1_side"},
				"up": {"uv": [2, 8, 2.5, 8.5], "texture": "#1_side"},
				"down": {"uv": [2, 8.5, 2.5, 9], "texture": "#1_side"}
			}
		},
		{
			"from": [0.5, 7, 1.5],
			"to": [15.5, 8, 2],
			"faces": {
				"east": {"uv": [1.5, 7.5, 2, 8.5], "texture": "#1_side"},
				"south": {"uv": [1.5, 7.5, 2, 8.5], "texture": "#1_side"},
				"west": {"uv": [1.5, 7.5, 2, 8.5], "texture": "#1_side"},
				"up": {"uv": [1.5, 7.5, 2, 8], "texture": "#1_side"},
				"down": {"uv": [1.5, 8, 2, 8.5], "texture": "#1_side"}
			}
		},
		{
			"from": [0.5, 9, 5],
			"to": [15.5, 9.5, 5.5],
			"faces": {
				"north": {"uv": [5, 6, 5.5, 6.5], "texture": "#1_side"},
				"east": {"uv": [5, 6, 5.5, 6.5], "texture": "#1_side"},
				"south": {"uv": [5, 6, 5.5, 6.5], "texture": "#1_side"},
				"west": {"uv": [5, 6, 5.5, 6.5], "texture": "#1_side"},
				"up": {"uv": [5, 6, 5.5, 6.5], "texture": "#1_side"},
				"down": {"uv": [5, 6, 5.5, 6.5], "texture": "#1_side"}
			}
		},
		{
			"from": [0.5, 6, 2.5],
			"to": [15.5, 6.5, 3.5],
			"faces": {
				"north": {"uv": [2.5, 9, 3, 9.5], "texture": "#1_side"},
				"east": {"uv": [2.5, 9, 3.5, 9.5], "texture": "#1_side"},
				"south": {"uv": [3, 9, 3.5, 9.5], "texture": "#1_side"},
				"west": {"uv": [2.5, 9, 3.5, 9.5], "texture": "#1_side"},
				"up": {"uv": [2.5, 9, 3.5, 9.5], "rotation": 90, "texture": "#1_side"},
				"down": {"uv": [2.5, 9, 3.5, 9.5], "texture": "#1_side"}
			}
		},
		{
			"from": [0.5, 6.5, 3.5],
			"to": [15.5, 7.5, 4],
			"faces": {
				"north": {"uv": [3.5, 8, 4, 9], "texture": "#1_side"},
				"east": {"uv": [3.5, 8, 4, 9], "texture": "#1_side"},
				"south": {"uv": [3.5, 8, 4, 9], "texture": "#1_side"},
				"west": {"uv": [3.5, 8, 4, 9], "texture": "#1_side"},
				"up": {"uv": [3.5, 8, 4, 8.5], "texture": "#1_side"},
				"down": {"uv": [3.5, 8.5, 4, 9], "texture": "#1_side"}
			}
		},
		{
			"from": [0.5, 6, 4],
			"to": [15.5, 6.5, 5],
			"faces": {
				"north": {"uv": [4, 9, 4.5, 9.5], "texture": "#1_side"},
				"east": {"uv": [4, 9, 5, 9.5], "texture": "#1_side"},
				"south": {"uv": [4.5, 9, 5, 9.5], "texture": "#1_side"},
				"west": {"uv": [4, 9, 5, 9.5], "texture": "#1_side"},
				"up": {"uv": [4, 9, 5, 9.5], "rotation": 90, "texture": "#1_side"},
				"down": {"uv": [4, 9, 5, 9.5], "texture": "#1_side"}
			}
		},
		{
			"from": [0.5, 9.5, 4],
			"to": [15.5, 10, 5],
			"faces": {
				"north": {"uv": [4, 5.5, 4.5, 6], "texture": "#1_side"},
				"east": {"uv": [4, 5.5, 5, 6], "texture": "#1_side"},
				"south": {"uv": [4.5, 5.5, 5, 6], "texture": "#1_side"},
				"west": {"uv": [4, 5.5, 5, 6], "texture": "#1_side"},
				"up": {"uv": [4, 5.5, 5, 6], "rotation": 90, "texture": "#1_side"},
				"down": {"uv": [4, 5.5, 5, 6], "rotation": 270, "texture": "#1_side"}
			}
		},
		{
			"from": [0.5, 7.5, 2.5],
			"to": [15.5, 8, 3],
			"faces": {
				"north": {"uv": [2.5, 7.5, 3, 8], "texture": "#1_side"},
				"east": {"uv": [2.5, 7.5, 3, 8], "texture": "#1_side"},
				"south": {"uv": [2.5, 7.5, 3, 8], "texture": "#1_side"},
				"west": {"uv": [2.5, 7.5, 3, 8], "texture": "#1_side"},
				"up": {"uv": [2.5, 7.5, 3, 8], "texture": "#1_side"},
				"down": {"uv": [2.5, 7.5, 3, 8], "texture": "#1_side"}
			}
		},
		{
			"from": [0.5, 7.5, 11.5],
			"to": [15.5, 8.5, 12],
			"faces": {
				"north": {"uv": [4, 7, 4.5, 8], "texture": "#1_side"},
				"east": {"uv": [11.5, 7, 12, 8], "texture": "#1_side"},
				"south": {"uv": [4, 7, 4.5, 8], "texture": "#1_side"},
				"west": {"uv": [11.5, 7, 12, 8], "texture": "#1_side"},
				"up": {"uv": [11.5, 7, 12, 7.5], "texture": "#1_side"},
				"down": {"uv": [11.5, 7.5, 12, 8], "texture": "#1_side"}
			}
		},
		{
			"from": [0.5, 8.5, 12],
			"to": [15.5, 9.5, 12.5],
			"faces": {
				"north": {"uv": [12, 6, 12.5, 7], "texture": "#1_side"},
				"east": {"uv": [12, 6, 12.5, 7], "texture": "#1_side"},
				"south": {"uv": [12, 6, 12.5, 7], "texture": "#1_side"},
				"west": {"uv": [12, 6, 12.5, 7], "texture": "#1_side"},
				"up": {"uv": [12, 6, 12.5, 6.5], "texture": "#1_side"},
				"down": {"uv": [12, 6.5, 12.5, 7], "texture": "#1_side"}
			}
		},
		{
			"from": [0.5, 6.5, 5],
			"to": [15.5, 7, 6],
			"faces": {
				"north": {"uv": [5, 8.5, 5.5, 9], "texture": "#1_side"},
				"east": {"uv": [5, 8.5, 6, 9], "texture": "#1_side"},
				"south": {"uv": [5.5, 8.5, 6, 9], "texture": "#1_side"},
				"west": {"uv": [5, 8.5, 6, 9], "texture": "#1_side"},
				"up": {"uv": [5, 8.5, 6, 9], "rotation": 90, "texture": "#1_side"},
				"down": {"uv": [5, 8.5, 6, 9], "rotation": 270, "texture": "#1_side"}
			}
		},
		{
			"from": [0.5, 7, 5.5],
			"to": [15.5, 7.5, 6],
			"faces": {
				"north": {"uv": [5.5, 8, 6, 8.5], "texture": "#1_side"},
				"east": {"uv": [5.5, 8, 6, 8.5], "texture": "#1_side"},
				"west": {"uv": [5.5, 8, 6, 8.5], "texture": "#1_side"},
				"up": {"uv": [5.5, 8, 6, 8.5], "texture": "#1_side"}
			}
		},
		{
			"from": [0.5, 7, 10],
			"to": [15.5, 7.5, 10.5],
			"faces": {
				"east": {"uv": [10, 8, 10.5, 8.5], "texture": "#1_side"},
				"south": {"uv": [10, 8, 10.5, 8.5], "texture": "#1_side"},
				"west": {"uv": [10, 8, 10.5, 8.5], "texture": "#1_side"},
				"up": {"uv": [10, 8, 10.5, 8.5], "texture": "#1_side"}
			}
		},
		{
			"from": [0.5, 9, 10.5],
			"to": [15.5, 9.5, 11],
			"faces": {
				"north": {"uv": [10.5, 6, 11, 6.5], "texture": "#1_side"},
				"east": {"uv": [10.5, 6, 11, 6.5], "texture": "#1_side"},
				"south": {"uv": [10.5, 6, 11, 6.5], "texture": "#1_side"},
				"west": {"uv": [10.5, 6, 11, 6.5], "texture": "#1_side"},
				"up": {"uv": [10.5, 6, 11, 6.5], "texture": "#1_side"},
				"down": {"uv": [10.5, 6, 11, 6.5], "texture": "#1_side"}
			}
		},
		{
			"from": [0.5, 6.5, 10],
			"to": [15.5, 7, 11],
			"faces": {
				"north": {"uv": [10, 8.5, 10.5, 9], "texture": "#1_side"},
				"east": {"uv": [10, 8.5, 11, 9], "texture": "#1_side"},
				"south": {"uv": [10.5, 8.5, 11, 9], "texture": "#1_side"},
				"west": {"uv": [10, 8.5, 11, 9], "texture": "#1_side"},
				"up": {"uv": [10, 8.5, 11, 9], "rotation": 90, "texture": "#1_side"},
				"down": {"uv": [10, 8.5, 11, 9], "rotation": 270, "texture": "#1_side"}
			}
		},
		{
			"from": [0.5, 9.5, 11],
			"to": [15.5, 10, 12],
			"faces": {
				"north": {"uv": [11, 5.5, 11.5, 6], "texture": "#1_side"},
				"east": {"uv": [11, 5.5, 12, 6], "texture": "#1_side"},
				"south": {"uv": [11.5, 5.5, 12, 6], "texture": "#1_side"},
				"west": {"uv": [11, 5.5, 12, 6], "texture": "#1_side"},
				"up": {"uv": [11, 5.5, 12, 6], "rotation": 90, "texture": "#1_side"},
				"down": {"uv": [11, 5.5, 12, 6], "rotation": 270, "texture": "#1_side"}
			}
		},
		{
			"from": [0.5, 7.5, 4],
			"to": [15.5, 8.5, 4.5],
			"faces": {
				"north": {"uv": [4, 7, 4.5, 8], "texture": "#1_side"},
				"east": {"uv": [4, 7, 4.5, 8], "texture": "#1_side"},
				"south": {"uv": [4, 7, 4.5, 8], "texture": "#1_side"},
				"west": {"uv": [4, 7, 4.5, 8], "texture": "#1_side"},
				"up": {"uv": [4, 7, 4.5, 7.5], "texture": "#1_side"},
				"down": {"uv": [4, 7.5, 4.5, 8], "texture": "#1_side"}
			}
		},
		{
			"from": [0.5, 6, 11],
			"to": [15.5, 6.5, 12],
			"faces": {
				"north": {"uv": [11, 9, 11.5, 9.5], "texture": "#1_side"},
				"east": {"uv": [11, 9, 12, 9.5], "texture": "#1_side"},
				"south": {"uv": [11.5, 9, 12, 9.5], "texture": "#1_side"},
				"west": {"uv": [11, 9, 12, 9.5], "texture": "#1_side"},
				"up": {"uv": [11, 9, 12, 9.5], "rotation": 90, "texture": "#1_side"},
				"down": {"uv": [11, 9, 12, 9.5], "texture": "#1_side"}
			}
		},
		{
			"from": [0.5, 8.5, 3.5],
			"to": [15.5, 9.5, 4],
			"faces": {
				"north": {"uv": [3.5, 6, 4, 7], "texture": "#1_side"},
				"east": {"uv": [3.5, 6, 4, 7], "texture": "#1_side"},
				"south": {"uv": [3.5, 6, 4, 7], "texture": "#1_side"},
				"west": {"uv": [3.5, 6, 4, 7], "texture": "#1_side"},
				"up": {"uv": [3.5, 6, 4, 6.5], "texture": "#1_side"},
				"down": {"uv": [3.5, 6.5, 4, 7], "texture": "#1_side"}
			}
		},
		{
			"from": [0.5, 6.5, 12],
			"to": [15.5, 7.5, 12.5],
			"faces": {
				"north": {"uv": [12, 8, 12.5, 9], "texture": "#1_side"},
				"east": {"uv": [12, 8, 12.5, 9], "texture": "#1_side"},
				"south": {"uv": [12, 8, 12.5, 9], "texture": "#1_side"},
				"west": {"uv": [12, 8, 12.5, 9], "texture": "#1_side"},
				"up": {"uv": [12, 8, 12.5, 8.5], "texture": "#1_side"},
				"down": {"uv": [12, 8.5, 12.5, 9], "texture": "#1_side"}
			}
		},
		{
			"from": [0.5, 7.5, 13],
			"to": [15.5, 8, 13.5],
			"faces": {
				"north": {"uv": [13, 7.5, 13.5, 8], "texture": "#1_side"},
				"east": {"uv": [13, 7.5, 13.5, 8], "texture": "#1_side"},
				"south": {"uv": [13, 7.5, 13.5, 8], "texture": "#1_side"},
				"west": {"uv": [13, 7.5, 13.5, 8], "texture": "#1_side"},
				"up": {"uv": [13, 7.5, 13.5, 8], "texture": "#1_side"},
				"down": {"uv": [13, 7.5, 13.5, 8], "texture": "#1_side"}
			}
		},
		{
			"from": [0.5, 6, 12.5],
			"to": [15.5, 6.5, 13.5],
			"faces": {
				"north": {"uv": [12.5, 9, 13, 9.5], "texture": "#1_side"},
				"east": {"uv": [12.5, 9, 13.5, 9.5], "texture": "#1_side"},
				"south": {"uv": [13, 9, 13.5, 9.5], "texture": "#1_side"},
				"west": {"uv": [12.5, 9, 13.5, 9.5], "texture": "#1_side"},
				"up": {"uv": [12.5, 9, 13.5, 9.5], "rotation": 90, "texture": "#1_side"},
				"down": {"uv": [12.5, 9, 13.5, 9.5], "texture": "#1_side"}
			}
		},
		{
			"from": [0.5, 6.5, 13.5],
			"to": [15.5, 7.5, 14],
			"faces": {
				"north": {"uv": [13.5, 8, 14, 9], "texture": "#1_side"},
				"east": {"uv": [13.5, 8, 14, 9], "texture": "#1_side"},
				"south": {"uv": [13.5, 8, 14, 9], "texture": "#1_side"},
				"west": {"uv": [13.5, 8, 14, 9], "texture": "#1_side"},
				"up": {"uv": [13.5, 8, 14, 8.5], "texture": "#1_side"},
				"down": {"uv": [13.5, 8.5, 14, 9], "texture": "#1_side"}
			}
		},
		{
			"from": [0.5, 7, 14],
			"to": [15.5, 8, 14.5],
			"faces": {
				"north": {"uv": [14, 7.5, 14.5, 8.5], "texture": "#1_side"},
				"east": {"uv": [14, 7.5, 14.5, 8.5], "texture": "#1_side"},
				"west": {"uv": [14, 7.5, 14.5, 8.5], "texture": "#1_side"},
				"up": {"uv": [14, 7.5, 14.5, 8], "texture": "#1_side"},
				"down": {"uv": [14, 8, 14.5, 8.5], "texture": "#1_side"}
			}
		},
		{
			"from": [0.5, 10, 7.5],
			"to": [15.5, 11, 8.5],
			"faces": {
				"north": {"uv": [7.5, 4.5, 8, 5.5], "texture": "#1_side"},
				"east": {"uv": [7.5, 4.5, 8.5, 5.5], "texture": "#1_side"},
				"south": {"uv": [8, 4.5, 8.5, 5.5], "texture": "#1_side"},
				"west": {"uv": [7.5, 4.5, 8.5, 5.5], "texture": "#1_side"}
			}
		},
		{
			"from": [0, 10.5, 7.5],
			"to": [16, 11, 8.5],
			"faces": {
				"north": {"uv": [7.5, 4.5, 8, 5], "texture": "#1_side"},
				"east": {"uv": [7.5, 4.5, 8.5, 5], "texture": "#1_side"},
				"south": {"uv": [8, 4.5, 8.5, 5], "texture": "#1_side"},
				"west": {"uv": [7.5, 4.5, 8.5, 5], "texture": "#1_side"},
				"down": {"uv": [7.5, 5, 8.5, 5.5], "rotation": 90, "texture": "#1_side"}
			}
		},
		{
			"from": [0.5, 7, 7],
			"to": [15.5, 9, 9],
			"faces": {
				"north": {"uv": [7, 6.5, 7.5, 8.5], "texture": "#1_side"},
				"east": {"uv": [7, 6.5, 9, 8.5], "texture": "#1_side"},
				"south": {"uv": [8.5, 6.5, 9, 8.5], "texture": "#1_side"},
				"west": {"uv": [7, 6.5, 9, 8.5], "texture": "#1_side"},
				"up": {"uv": [7, 6.5, 9, 7], "rotation": 90, "texture": "#1_side"},
				"down": {"uv": [7, 8, 9, 8.5], "rotation": 270, "texture": "#1_side"}
			}
		},
		{
			"from": [0.5, 7, 6],
			"to": [15.5, 9, 6.5],
			"faces": {
				"north": {"uv": [6, 6.5, 6.5, 8.5], "texture": "#1_side"},
				"east": {"uv": [6, 6.5, 6.5, 8.5], "texture": "#1_side"},
				"south": {"uv": [6, 6.5, 6.5, 8.5], "texture": "#1_side"},
				"west": {"uv": [6, 6.5, 6.5, 8.5], "texture": "#1_side"},
				"up": {"uv": [6, 6.5, 6.5, 7], "texture": "#1_side"},
				"down": {"uv": [6, 8, 6.5, 8.5], "texture": "#1_side"}
			}
		},
		{
			"from": [0.5, 7, 9.5],
			"to": [15.5, 9, 10],
			"faces": {
				"north": {"uv": [9.5, 6.5, 10, 8.5], "texture": "#1_side"},
				"east": {"uv": [9.5, 6.5, 10, 8.5], "texture": "#1_side"},
				"south": {"uv": [9.5, 6.5, 10, 8.5], "texture": "#1_side"},
				"west": {"uv": [9.5, 6.5, 10, 8.5], "texture": "#1_side"},
				"up": {"uv": [9.5, 6.5, 10, 7], "texture": "#1_side"},
				"down": {"uv": [9.5, 8, 10, 8.5], "texture": "#1_side"}
			}
		},
		{
			"from": [0.5, 9, 6.5],
			"to": [15.5, 9.5, 7],
			"faces": {
				"north": {"uv": [6.5, 6, 7, 6.5], "texture": "#1_side"},
				"east": {"uv": [6.5, 6, 7, 6.5], "texture": "#1_side"},
				"south": {"uv": [6.5, 6, 7, 6.5], "texture": "#1_side"},
				"west": {"uv": [6.5, 6, 7, 6.5], "texture": "#1_side"},
				"up": {"uv": [6.5, 6, 7, 6.5], "texture": "#1_side"},
				"down": {"uv": [6.5, 6, 7, 6.5], "texture": "#1_side"}
			}
		},
		{
			"from": [0.5, 9, 9],
			"to": [15.5, 9.5, 9.5],
			"faces": {
				"north": {"uv": [9, 6, 9.5, 6.5], "texture": "#1_side"},
				"east": {"uv": [9, 6, 9.5, 6.5], "texture": "#1_side"},
				"south": {"uv": [9, 6, 9.5, 6.5], "texture": "#1_side"},
				"west": {"uv": [9, 6, 9.5, 6.5], "texture": "#1_side"},
				"up": {"uv": [9, 6, 9.5, 6.5], "texture": "#1_side"},
				"down": {"uv": [9, 6, 9.5, 6.5], "texture": "#1_side"}
			}
		},
		{
			"from": [0.5, 6.5, 6.5],
			"to": [15.5, 7, 7],
			"faces": {
				"north": {"uv": [6.5, 8.5, 7, 9], "texture": "#1_side"},
				"east": {"uv": [6.5, 8.5, 7, 9], "texture": "#1_side"},
				"south": {"uv": [6.5, 8.5, 7, 9], "texture": "#1_side"},
				"west": {"uv": [6.5, 8.5, 7, 9], "texture": "#1_side"},
				"up": {"uv": [6.5, 8.5, 7, 9], "texture": "#1_side"},
				"down": {"uv": [6.5, 8.5, 7, 9], "texture": "#1_side"}
			}
		},
		{
			"from": [0.5, 6.5, 9],
			"to": [15.5, 7, 9.5],
			"faces": {
				"north": {"uv": [9, 8.5, 9.5, 9], "texture": "#1_side"},
				"east": {"uv": [9, 8.5, 9.5, 9], "texture": "#1_side"},
				"south": {"uv": [9, 8.5, 9.5, 9], "texture": "#1_side"},
				"west": {"uv": [9, 8.5, 9.5, 9], "texture": "#1_side"},
				"up": {"uv": [9, 8.5, 9.5, 9], "texture": "#1_side"},
				"down": {"uv": [9, 8.5, 9.5, 9], "texture": "#1_side"}
			}
		},
		{
			"from": [0.5, 9.5, 7],
			"to": [15.5, 10, 9],
			"faces": {
				"north": {"uv": [7, 5.5, 7.5, 6], "texture": "#1_side"},
				"east": {"uv": [7, 5.5, 9, 6], "texture": "#1_side"},
				"south": {"uv": [8.5, 5.5, 9, 6], "texture": "#1_side"},
				"west": {"uv": [7, 5.5, 9, 6], "texture": "#1_side"},
				"up": {"uv": [7, 5.5, 9, 6], "rotation": 90, "texture": "#1_side"},
				"down": {"uv": [7, 5.5, 9, 6], "rotation": 270, "texture": "#1_side"}
			}
		},
		{
			"from": [0.5, 6, 7],
			"to": [15.5, 6.5, 9],
			"faces": {
				"north": {"uv": [7, 9, 7.5, 9.5], "texture": "#1_side"},
				"east": {"uv": [7, 9, 9, 9.5], "texture": "#1_side"},
				"south": {"uv": [8.5, 9, 9, 9.5], "texture": "#1_side"},
				"west": {"uv": [7, 9, 9, 9.5], "texture": "#1_side"},
				"up": {"uv": [7, 9, 9, 9.5], "rotation": 90, "texture": "#1_side"},
				"down": {"uv": [7, 9, 9, 9.5], "rotation": 270, "texture": "#1_side"}
			}
		},
		{
			"from": [2, 6.5, 0.5],
			"to": [2.5, 7.5, 15.5],
			"faces": {
				"north": {"uv": [2, 8, 2.5, 9], "texture": "#1_side"},
				"east": {"uv": [2, 8, 2.5, 9], "texture": "#1_side"},
				"south": {"uv": [2, 8, 2.5, 9], "texture": "#1_side"},
				"west": {"uv": [2, 8, 2.5, 9], "texture": "#1_side"},
				"up": {"uv": [2, 8, 2.5, 8.5], "rotation": 270, "texture": "#1_side"},
				"down": {"uv": [2, 8.5, 2.5, 9], "rotation": 90, "texture": "#1_side"}
			}
		},
		{
			"from": [1.5, 7, 0.5],
			"to": [2, 8, 15.5],
			"faces": {
				"north": {"uv": [1.5, 7.5, 2, 8.5], "texture": "#1_side"},
				"east": {"uv": [1.5, 7.5, 2, 8.5], "texture": "#1_side"},
				"south": {"uv": [1.5, 7.5, 2, 8.5], "texture": "#1_side"},
				"up": {"uv": [1.5, 7.5, 2, 8], "rotation": 270, "texture": "#1_side"},
				"down": {"uv": [1.5, 8, 2, 8.5], "rotation": 90, "texture": "#1_side"}
			}
		},
		{
			"from": [5, 9, 0.5],
			"to": [5.5, 9.5, 15.5],
			"faces": {
				"north": {"uv": [5, 6, 5.5, 6.5], "texture": "#1_side"},
				"east": {"uv": [5, 6, 5.5, 6.5], "texture": "#1_side"},
				"south": {"uv": [5, 6, 5.5, 6.5], "texture": "#1_side"},
				"west": {"uv": [5, 6, 5.5, 6.5], "texture": "#1_side"},
				"up": {"uv": [5, 6, 5.5, 6.5], "rotation": 270, "texture": "#1_side"},
				"down": {"uv": [5, 6, 5.5, 6.5], "rotation": 90, "texture": "#1_side"}
			}
		},
		{
			"from": [2.5, 6, 0.5],
			"to": [3.5, 6.5, 15.5],
			"faces": {
				"north": {"uv": [2.5, 9, 3.5, 9.5], "texture": "#1_side"},
				"east": {"uv": [3, 9, 3.5, 9.5], "texture": "#1_side"},
				"south": {"uv": [2.5, 9, 3.5, 9.5], "texture": "#1_side"},
				"west": {"uv": [2.5, 9, 3, 9.5], "texture": "#1_side"},
				"up": {"uv": [2.5, 9, 3.5, 9.5], "texture": "#1_side"},
				"down": {"uv": [2.5, 9, 3.5, 9.5], "rotation": 90, "texture": "#1_side"}
			}
		},
		{
			"from": [3.5, 6.5, 0.5],
			"to": [4, 7.5, 15.5],
			"faces": {
				"north": {"uv": [3.5, 8, 4, 9], "texture": "#1_side"},
				"east": {"uv": [3.5, 8, 4, 9], "texture": "#1_side"},
				"south": {"uv": [3.5, 8, 4, 9], "texture": "#1_side"},
				"west": {"uv": [3.5, 8, 4, 9], "texture": "#1_side"},
				"up": {"uv": [3.5, 8, 4, 8.5], "rotation": 270, "texture": "#1_side"},
				"down": {"uv": [3.5, 8.5, 4, 9], "rotation": 90, "texture": "#1_side"}
			}
		},
		{
			"from": [4, 6, 0.5],
			"to": [5, 6.5, 15.5],
			"faces": {
				"north": {"uv": [4, 9, 5, 9.5], "texture": "#1_side"},
				"east": {"uv": [4.5, 9, 5, 9.5], "texture": "#1_side"},
				"south": {"uv": [4, 9, 5, 9.5], "texture": "#1_side"},
				"west": {"uv": [4, 9, 4.5, 9.5], "texture": "#1_side"},
				"up": {"uv": [4, 9, 5, 9.5], "texture": "#1_side"},
				"down": {"uv": [4, 9, 5, 9.5], "rotation": 90, "texture": "#1_side"}
			}
		},
		{
			"from": [4, 9.5, 0.5],
			"to": [5, 10, 15.5],
			"faces": {
				"north": {"uv": [4, 5.5, 5, 6], "texture": "#1_side"},
				"east": {"uv": [4.5, 5.5, 5, 6], "texture": "#1_side"},
				"south": {"uv": [4, 5.5, 5, 6], "texture": "#1_side"},
				"west": {"uv": [4, 5.5, 4.5, 6], "texture": "#1_side"},
				"up": {"uv": [4, 5.5, 5, 6], "texture": "#1_side"},
				"down": {"uv": [4, 5.5, 5, 6], "texture": "#1_side"}
			}
		},
		{
			"from": [2.5, 7.5, 0.5],
			"to": [3, 8, 15.5],
			"faces": {
				"north": {"uv": [2.5, 7.5, 3, 8], "texture": "#1_side"},
				"east": {"uv": [2.5, 7.5, 3, 8], "texture": "#1_side"},
				"south": {"uv": [2.5, 7.5, 3, 8], "texture": "#1_side"},
				"west": {"uv": [2.5, 7.5, 3, 8], "texture": "#1_side"},
				"up": {"uv": [2.5, 7.5, 3, 8], "rotation": 270, "texture": "#1_side"},
				"down": {"uv": [2.5, 7.5, 3, 8], "rotation": 90, "texture": "#1_side"}
			}
		},
		{
			"from": [11.5, 7.5, 0.5],
			"to": [12, 8.5, 15.5],
			"faces": {
				"north": {"uv": [11.5, 7, 12, 8], "texture": "#1_side"},
				"east": {"uv": [4, 7, 4.5, 8], "texture": "#1_side"},
				"south": {"uv": [11.5, 7, 12, 8], "texture": "#1_side"},
				"west": {"uv": [4, 7, 4.5, 8], "texture": "#1_side"},
				"up": {"uv": [11.5, 7, 12, 7.5], "rotation": 270, "texture": "#1_side"},
				"down": {"uv": [11.5, 7.5, 12, 8], "rotation": 90, "texture": "#1_side"}
			}
		},
		{
			"from": [12, 8.5, 0.5],
			"to": [12.5, 9.5, 15.5],
			"faces": {
				"north": {"uv": [12, 6, 12.5, 7], "texture": "#1_side"},
				"east": {"uv": [12, 6, 12.5, 7], "texture": "#1_side"},
				"south": {"uv": [12, 6, 12.5, 7], "texture": "#1_side"},
				"west": {"uv": [12, 6, 12.5, 7], "texture": "#1_side"},
				"up": {"uv": [12, 6, 12.5, 6.5], "rotation": 270, "texture": "#1_side"},
				"down": {"uv": [12, 6.5, 12.5, 7], "rotation": 90, "texture": "#1_side"}
			}
		},
		{
			"from": [5, 6.5, 0.5],
			"to": [6, 7, 15.5],
			"faces": {
				"north": {"uv": [5, 8.5, 6, 9], "texture": "#1_side"},
				"east": {"uv": [5.5, 8.5, 6, 9], "texture": "#1_side"},
				"south": {"uv": [5, 8.5, 6, 9], "texture": "#1_side"},
				"west": {"uv": [5, 8.5, 5.5, 9], "texture": "#1_side"},
				"up": {"uv": [5, 8.5, 6, 9], "texture": "#1_side"},
				"down": {"uv": [5, 8.5, 6, 9], "texture": "#1_side"}
			}
		},
		{
			"from": [5.5, 7, 0.5],
			"to": [6, 7.5, 15.5],
			"faces": {
				"north": {"uv": [5.5, 8, 6, 8.5], "texture": "#1_side"},
				"south": {"uv": [5.5, 8, 6, 8.5], "texture": "#1_side"},
				"west": {"uv": [5.5, 8, 6, 8.5], "texture": "#1_side"},
				"up": {"uv": [5.5, 8, 6, 8.5], "rotation": 270, "texture": "#1_side"}
			}
		},
		{
			"from": [10, 7, 0.5],
			"to": [10.5, 7.5, 15.5],
			"faces": {
				"north": {"uv": [10, 8, 10.5, 8.5], "texture": "#1_side"},
				"east": {"uv": [10, 8, 10.5, 8.5], "texture": "#1_side"},
				"south": {"uv": [10, 8, 10.5, 8.5], "texture": "#1_side"},
				"up": {"uv": [10, 8, 10.5, 8.5], "rotation": 270, "texture": "#1_side"}
			}
		},
		{
			"from": [10.5, 9, 0.5],
			"to": [11, 9.5, 15.5],
			"faces": {
				"north": {"uv": [10.5, 6, 11, 6.5], "texture": "#1_side"},
				"east": {"uv": [10.5, 6, 11, 6.5], "texture": "#1_side"},
				"south": {"uv": [10.5, 6, 11, 6.5], "texture": "#1_side"},
				"west": {"uv": [10.5, 6, 11, 6.5], "texture": "#1_side"},
				"up": {"uv": [10.5, 6, 11, 6.5], "rotation": 270, "texture": "#1_side"},
				"down": {"uv": [10.5, 6, 11, 6.5], "rotation": 90, "texture": "#1_side"}
			}
		},
		{
			"from": [10, 6.5, 0.5],
			"to": [11, 7, 15.5],
			"faces": {
				"north": {"uv": [10, 8.5, 11, 9], "texture": "#1_side"},
				"east": {"uv": [10.5, 8.5, 11, 9], "texture": "#1_side"},
				"south": {"uv": [10, 8.5, 11, 9], "texture": "#1_side"},
				"west": {"uv": [10, 8.5, 10.5, 9], "texture": "#1_side"},
				"up": {"uv": [10, 8.5, 11, 9], "texture": "#1_side"},
				"down": {"uv": [10, 8.5, 11, 9], "texture": "#1_side"}
			}
		},
		{
			"from": [11, 9.5, 0.5],
			"to": [12, 10, 15.5],
			"faces": {
				"north": {"uv": [11, 5.5, 12, 6], "texture": "#1_side"},
				"east": {"uv": [11.5, 5.5, 12, 6], "texture": "#1_side"},
				"south": {"uv": [11, 5.5, 12, 6], "texture": "#1_side"},
				"west": {"uv": [11, 5.5, 11.5, 6], "texture": "#1_side"},
				"up": {"uv": [11, 5.5, 12, 6], "texture": "#1_side"},
				"down": {"uv": [11, 5.5, 12, 6], "texture": "#1_side"}
			}
		},
		{
			"from": [4, 7.5, 0.5],
			"to": [4.5, 8.5, 15.5],
			"faces": {
				"north": {"uv": [4, 7, 4.5, 8], "texture": "#1_side"},
				"east": {"uv": [4, 7, 4.5, 8], "texture": "#1_side"},
				"south": {"uv": [4, 7, 4.5, 8], "texture": "#1_side"},
				"west": {"uv": [4, 7, 4.5, 8], "texture": "#1_side"},
				"up": {"uv": [4, 7, 4.5, 7.5], "rotation": 270, "texture": "#1_side"},
				"down": {"uv": [4, 7.5, 4.5, 8], "rotation": 90, "texture": "#1_side"}
			}
		},
		{
			"from": [11, 6, 0.5],
			"to": [12, 6.5, 15.5],
			"faces": {
				"north": {"uv": [11, 9, 12, 9.5], "texture": "#1_side"},
				"east": {"uv": [11.5, 9, 12, 9.5], "texture": "#1_side"},
				"south": {"uv": [11, 9, 12, 9.5], "texture": "#1_side"},
				"west": {"uv": [11, 9, 11.5, 9.5], "texture": "#1_side"},
				"up": {"uv": [11, 9, 12, 9.5], "texture": "#1_side"},
				"down": {"uv": [11, 9, 12, 9.5], "rotation": 90, "texture": "#1_side"}
			}
		},
		{
			"from": [3.5, 8.5, 0.5],
			"to": [4, 9.5, 15.5],
			"faces": {
				"north": {"uv": [3.5, 6, 4, 7], "texture": "#1_side"},
				"east": {"uv": [3.5, 6, 4, 7], "texture": "#1_side"},
				"south": {"uv": [3.5, 6, 4, 7], "texture": "#1_side"},
				"west": {"uv": [3.5, 6, 4, 7], "texture": "#1_side"},
				"up": {"uv": [3.5, 6, 4, 6.5], "rotation": 270, "texture": "#1_side"},
				"down": {"uv": [3.5, 6.5, 4, 7], "rotation": 90, "texture": "#1_side"}
			}
		},
		{
			"from": [12, 6.5, 0.5],
			"to": [12.5, 7.5, 15.5],
			"faces": {
				"north": {"uv": [12, 8, 12.5, 9], "texture": "#1_side"},
				"east": {"uv": [12, 8, 12.5, 9], "texture": "#1_side"},
				"south": {"uv": [12, 8, 12.5, 9], "texture": "#1_side"},
				"west": {"uv": [12, 8, 12.5, 9], "texture": "#1_side"},
				"up": {"uv": [12, 8, 12.5, 8.5], "rotation": 270, "texture": "#1_side"},
				"down": {"uv": [12, 8.5, 12.5, 9], "rotation": 90, "texture": "#1_side"}
			}
		},
		{
			"from": [13, 7.5, 0.5],
			"to": [13.5, 8, 15.5],
			"faces": {
				"north": {"uv": [13, 7.5, 13.5, 8], "texture": "#1_side"},
				"east": {"uv": [13, 7.5, 13.5, 8], "texture": "#1_side"},
				"south": {"uv": [13, 7.5, 13.5, 8], "texture": "#1_side"},
				"west": {"uv": [13, 7.5, 13.5, 8], "texture": "#1_side"},
				"up": {"uv": [13, 7.5, 13.5, 8], "rotation": 270, "texture": "#1_side"},
				"down": {"uv": [13, 7.5, 13.5, 8], "rotation": 90, "texture": "#1_side"}
			}
		},
		{
			"from": [12.5, 6, 0.5],
			"to": [13.5, 6.5, 15.5],
			"faces": {
				"north": {"uv": [12.5, 9, 13.5, 9.5], "texture": "#1_side"},
				"east": {"uv": [13, 9, 13.5, 9.5], "texture": "#1_side"},
				"south": {"uv": [12.5, 9, 13.5, 9.5], "texture": "#1_side"},
				"west": {"uv": [12.5, 9, 13, 9.5], "texture": "#1_side"},
				"up": {"uv": [12.5, 9, 13.5, 9.5], "texture": "#1_side"},
				"down": {"uv": [12.5, 9, 13.5, 9.5], "rotation": 90, "texture": "#1_side"}
			}
		},
		{
			"from": [13.5, 6.5, 0.5],
			"to": [14, 7.5, 15.5],
			"faces": {
				"north": {"uv": [13.5, 8, 14, 9], "texture": "#1_side"},
				"east": {"uv": [13.5, 8, 14, 9], "texture": "#1_side"},
				"south": {"uv": [13.5, 8, 14, 9], "texture": "#1_side"},
				"west": {"uv": [13.5, 8, 14, 9], "texture": "#1_side"},
				"up": {"uv": [13.5, 8, 14, 8.5], "rotation": 270, "texture": "#1_side"},
				"down": {"uv": [13.5, 8.5, 14, 9], "rotation": 90, "texture": "#1_side"}
			}
		},
		{
			"from": [14, 7, 0.5],
			"to": [14.5, 8, 15.5],
			"faces": {
				"north": {"uv": [14, 7.5, 14.5, 8.5], "texture": "#1_side"},
				"south": {"uv": [14, 7.5, 14.5, 8.5], "texture": "#1_side"},
				"west": {"uv": [14, 7.5, 14.5, 8.5], "texture": "#1_side"},
				"up": {"uv": [14, 7.5, 14.5, 8], "rotation": 270, "texture": "#1_side"},
				"down": {"uv": [14, 8, 14.5, 8.5], "rotation": 90, "texture": "#1_side"}
			}
		},
		{
			"from": [7.5, 10, 0.5],
			"to": [8.5, 11, 15.5],
			"faces": {
				"north": {"uv": [7.5, 4.5, 8.5, 5.5], "texture": "#1_side"},
				"east": {"uv": [8, 4.5, 8.5, 5.5], "texture": "#1_side"},
				"south": {"uv": [7.5, 4.5, 8.5, 5.5], "texture": "#1_side"},
				"west": {"uv": [7.5, 4.5, 8, 5.5], "texture": "#1_side"}
			}
		},
		{
			"from": [7.5, 10.5, 1],
			"to": [8.5, 11, 16],
			"faces": {
				"east": {"uv": [8, 4.5, 8.5, 5], "texture": "#1_side"},
				"west": {"uv": [7.5, 4.5, 8, 5], "texture": "#1_side"},
				"down": {"uv": [7.5, 5, 8.5, 5.5], "rotation": 180, "texture": "#1_side"}
			}
		},
		{
			"from": [7, 7, 0.5],
			"to": [9, 9, 15.5],
			"faces": {
				"north": {"uv": [7, 6.5, 9, 8.5], "texture": "#1_side"},
				"east": {"uv": [8.5, 6.5, 9, 8.5], "texture": "#1_side"},
				"south": {"uv": [7, 6.5, 9, 8.5], "texture": "#1_side"},
				"west": {"uv": [7, 6.5, 7.5, 8.5], "texture": "#1_side"},
				"up": {"uv": [7, 6.5, 9, 7], "texture": "#1_side"},
				"down": {"uv": [7, 8, 9, 8.5], "texture": "#1_side"}
			}
		},
		{
			"from": [6, 7, 0.5],
			"to": [6.5, 9, 15.5],
			"faces": {
				"north": {"uv": [6, 6.5, 6.5, 8.5], "texture": "#1_side"},
				"east": {"uv": [6, 6.5, 6.5, 8.5], "texture": "#1_side"},
				"south": {"uv": [6, 6.5, 6.5, 8.5], "texture": "#1_side"},
				"west": {"uv": [6, 6.5, 6.5, 8.5], "texture": "#1_side"},
				"up": {"uv": [6, 6.5, 6.5, 7], "rotation": 270, "texture": "#1_side"},
				"down": {"uv": [6, 8, 6.5, 8.5], "rotation": 90, "texture": "#1_side"}
			}
		},
		{
			"from": [9.5, 7, 0.5],
			"to": [10, 9, 15.5],
			"faces": {
				"north": {"uv": [9.5, 6.5, 10, 8.5], "texture": "#1_side"},
				"east": {"uv": [9.5, 6.5, 10, 8.5], "texture": "#1_side"},
				"south": {"uv": [9.5, 6.5, 10, 8.5], "texture": "#1_side"},
				"west": {"uv": [9.5, 6.5, 10, 8.5], "texture": "#1_side"},
				"up": {"uv": [9.5, 6.5, 10, 7], "rotation": 270, "texture": "#1_side"},
				"down": {"uv": [9.5, 8, 10, 8.5], "rotation": 90, "texture": "#1_side"}
			}
		},
		{
			"from": [6.5, 9, 0.5],
			"to": [7, 9.5, 15.5],
			"faces": {
				"north": {"uv": [6.5, 6, 7, 6.5], "texture": "#1_side"},
				"east": {"uv": [6.5, 6, 7, 6.5], "texture": "#1_side"},
				"south": {"uv": [6.5, 6, 7, 6.5], "texture": "#1_side"},
				"west": {"uv": [6.5, 6, 7, 6.5], "texture": "#1_side"},
				"up": {"uv": [6.5, 6, 7, 6.5], "rotation": 270, "texture": "#1_side"},
				"down": {"uv": [6.5, 6, 7, 6.5], "rotation": 90, "texture": "#1_side"}
			}
		},
		{
			"from": [9, 9, 0.5],
			"to": [9.5, 9.5, 15.5],
			"faces": {
				"north": {"uv": [9, 6, 9.5, 6.5], "texture": "#1_side"},
				"east": {"uv": [9, 6, 9.5, 6.5], "texture": "#1_side"},
				"south": {"uv": [9, 6, 9.5, 6.5], "texture": "#1_side"},
				"west": {"uv": [9, 6, 9.5, 6.5], "texture": "#1_side"},
				"up": {"uv": [9, 6, 9.5, 6.5], "rotation": 270, "texture": "#1_side"},
				"down": {"uv": [9, 6, 9.5, 6.5], "rotation": 90, "texture": "#1_side"}
			}
		},
		{
			"from": [6.5, 6.5, 0.5],
			"to": [7, 7, 15.5],
			"faces": {
				"north": {"uv": [6.5, 8.5, 7, 9], "texture": "#1_side"},
				"east": {"uv": [6.5, 8.5, 7, 9], "texture": "#1_side"},
				"south": {"uv": [6.5, 8.5, 7, 9], "texture": "#1_side"},
				"west": {"uv": [6.5, 8.5, 7, 9], "texture": "#1_side"},
				"up": {"uv": [6.5, 8.5, 7, 9], "rotation": 270, "texture": "#1_side"},
				"down": {"uv": [6.5, 8.5, 7, 9], "rotation": 90, "texture": "#1_side"}
			}
		},
		{
			"from": [9, 6.5, 0.5],
			"to": [9.5, 7, 16],
			"faces": {
				"north": {"uv": [9, 8.5, 9.5, 9], "texture": "#1_side"},
				"east": {"uv": [9, 8.5, 9.5, 9], "texture": "#1_side"},
				"south": {"uv": [9, 8.5, 9.5, 9], "texture": "#1_side"},
				"west": {"uv": [9, 8.5, 9.5, 9], "texture": "#1_side"},
				"up": {"uv": [9, 8.5, 9.5, 9], "rotation": 270, "texture": "#1_side"},
				"down": {"uv": [9, 8.5, 9.5, 9], "rotation": 90, "texture": "#1_side"}
			}
		},
		{
			"from": [7, 9.5, 0.5],
			"to": [9, 10, 15.5],
			"faces": {
				"north": {"uv": [7, 5.5, 9, 6], "texture": "#1_side"},
				"east": {"uv": [8.5, 5.5, 9, 6], "texture": "#1_side"},
				"south": {"uv": [7, 5.5, 9, 6], "texture": "#1_side"},
				"west": {"uv": [7, 5.5, 7.5, 6], "texture": "#1_side"},
				"up": {"uv": [7, 5.5, 9, 6], "texture": "#1_side"},
				"down": {"uv": [7, 5.5, 9, 6], "texture": "#1_side"}
			}
		},
		{
			"from": [7, 6, 0.5],
			"to": [9, 6.5, 15.5],
			"faces": {
				"north": {"uv": [7, 9, 9, 9.5], "texture": "#1_side"},
				"east": {"uv": [8.5, 9, 9, 9.5], "texture": "#1_side"},
				"south": {"uv": [7, 9, 9, 9.5], "texture": "#1_side"},
				"west": {"uv": [7, 9, 7.5, 9.5], "texture": "#1_side"},
				"up": {"uv": [7, 9, 9, 9.5], "texture": "#1_side"},
				"down": {"uv": [7, 9, 9, 9.5], "texture": "#1_side"}
			}
		},
		{
			"from": [4, 11, 6.5],
			"to": [5, 12, 9.5],
			"faces": {
				"north": {"uv": [4, 6.5, 5, 7.5], "rotation": 180, "texture": "#1_top"},
				"east": {"uv": [4, 6.5, 5, 9.5], "rotation": 270, "texture": "#1_top"},
				"south": {"uv": [4, 6.5, 5, 7.5], "texture": "#1_top"},
				"west": {"uv": [4, 6.5, 4.5, 9.5], "rotation": 90, "texture": "#1_top"},
				"up": {"uv": [4, 6.5, 5, 9.5], "texture": "#1_top"}
			}
		},
		{
			"from": [4.5, 11, 6],
			"to": [5.5, 12, 7],
			"faces": {
				"north": {"uv": [4.5, 6, 5, 6.5], "texture": "#1_top"},
				"east": {"uv": [4.5, 6, 5.5, 7], "rotation": 270, "texture": "#1_top"},
				"south": {"uv": [4.5, 6, 5.5, 7], "rotation": 180, "texture": "#1_top"},
				"west": {"uv": [4.5, 6, 5, 6.5], "rotation": 90, "texture": "#1_top"},
				"up": {"uv": [4.5, 6, 5.5, 7], "texture": "#1_top"}
			}
		},
		{
			"from": [5, 11, 5.5],
			"to": [6, 12, 6.5],
			"faces": {
				"north": {"uv": [5, 5.5, 5.5, 6], "texture": "#1_top"},
				"east": {"uv": [5, 5.5, 6, 6.5], "rotation": 270, "texture": "#1_top"},
				"south": {"uv": [5, 5.5, 6, 6.5], "rotation": 180, "texture": "#1_top"},
				"west": {"uv": [5, 5.5, 5.5, 6], "rotation": 270, "texture": "#1_top"},
				"up": {"uv": [5, 5.5, 6, 6.5], "texture": "#1_top"}
			}
		},
		{
			"from": [5.5, 11, 5],
			"to": [6.5, 12, 6],
			"faces": {
				"north": {"uv": [5.5, 5, 6, 5.5], "texture": "#1_top"},
				"east": {"uv": [5.5, 5, 6.5, 6], "rotation": 270, "texture": "#1_top"},
				"south": {"uv": [5.5, 5, 6.5, 6], "rotation": 180, "texture": "#1_top"},
				"west": {"uv": [5.5, 5, 6, 5.5], "texture": "#1_top"},
				"up": {"uv": [5.5, 5, 6.5, 6], "texture": "#1_top"}
			}
		},
		{
			"from": [6, 11, 4.5],
			"to": [7, 12, 5.5],
			"faces": {
				"north": {"uv": [6, 4.5, 6.5, 5], "texture": "#1_top"},
				"east": {"uv": [6, 4.5, 7, 5.5], "rotation": 270, "texture": "#1_top"},
				"south": {"uv": [6, 4.5, 7, 5.5], "rotation": 180, "texture": "#1_top"},
				"west": {"uv": [6, 4.5, 6.5, 5], "texture": "#1_top"},
				"up": {"uv": [6, 4.5, 7, 5.5], "texture": "#1_top"}
			}
		},
		{
			"from": [6.5, 11, 4],
			"to": [7.5, 12, 5],
			"faces": {
				"north": {"uv": [6.5, 4, 7, 4.5], "texture": "#1_top"},
				"west": {"uv": [6.5, 4, 7, 4.5], "texture": "#1_top"},
				"up": {"uv": [6.5, 4, 7.5, 5], "texture": "#1_top"}
			}
		},
		{
			"from": [7, 11, 3.5],
			"to": [9, 12, 5],
			"faces": {
				"north": {"uv": [7, 3.5, 9, 4], "texture": "#1_top"},
				"east": {"uv": [7, 3.5, 9, 4], "texture": "#1_top"},
				"south": {"uv": [6.5, 4, 7, 5], "rotation": 180, "texture": "#1_top"},
				"west": {"uv": [7, 3.5, 9, 4], "texture": "#1_top"},
				"up": {"uv": [7, 3.5, 9, 5], "texture": "#1_top"}
			}
		},
		{
			"from": [11, 11, 6.5],
			"to": [12, 12, 9.5],
			"faces": {
				"north": {"uv": [4, 6.5, 5, 7.5], "texture": "#1_top"},
				"east": {"uv": [4, 6.5, 4.5, 9.5], "rotation": 90, "texture": "#1_top"},
				"south": {"uv": [4, 6.5, 5, 7.5], "rotation": 180, "texture": "#1_top"},
				"west": {"uv": [4, 6.5, 5, 9.5], "rotation": 270, "texture": "#1_top"},
				"up": {"uv": [4, 6.5, 5, 9.5], "rotation": 180, "texture": "#1_top"}
			}
		},
		{
			"from": [10.5, 11, 9],
			"to": [11.5, 12, 10],
			"faces": {
				"north": {"uv": [4.5, 6, 5.5, 7], "rotation": 180, "texture": "#1_top"},
				"east": {"uv": [4.5, 6, 5, 6.5], "rotation": 90, "texture": "#1_top"},
				"south": {"uv": [4.5, 6, 5, 6.5], "texture": "#1_top"},
				"west": {"uv": [4.5, 6, 5.5, 7], "rotation": 270, "texture": "#1_top"},
				"up": {"uv": [4.5, 6, 5.5, 7], "rotation": 180, "texture": "#1_top"}
			}
		},
		{
			"from": [10, 11, 9.5],
			"to": [11, 12, 10.5],
			"faces": {
				"north": {"uv": [5, 5.5, 6, 6.5], "rotation": 180, "texture": "#1_top"},
				"east": {"uv": [5, 5.5, 5.5, 6], "rotation": 270, "texture": "#1_top"},
				"south": {"uv": [5, 5.5, 5.5, 6], "texture": "#1_top"},
				"west": {"uv": [5, 5.5, 6, 6.5], "rotation": 270, "texture": "#1_top"},
				"up": {"uv": [5, 5.5, 6, 6.5], "rotation": 180, "texture": "#1_top"}
			}
		},
		{
			"from": [9.5, 11, 10],
			"to": [10.5, 12, 11],
			"faces": {
				"north": {"uv": [5.5, 5, 6.5, 6], "rotation": 180, "texture": "#1_top"},
				"east": {"uv": [5.5, 5, 6, 5.5], "texture": "#1_top"},
				"south": {"uv": [5.5, 5, 6, 5.5], "texture": "#1_top"},
				"west": {"uv": [5.5, 5, 6.5, 6], "rotation": 270, "texture": "#1_top"},
				"up": {"uv": [5.5, 5, 6.5, 6], "rotation": 180, "texture": "#1_top"}
			}
		},
		{
			"from": [9, 11, 10.5],
			"to": [10, 12, 11.5],
			"faces": {
				"north": {"uv": [6, 4.5, 7, 5.5], "rotation": 180, "texture": "#1_top"},
				"east": {"uv": [6, 4.5, 6.5, 5], "texture": "#1_top"},
				"south": {"uv": [6, 4.5, 6.5, 5], "texture": "#1_top"},
				"west": {"uv": [6, 4.5, 7, 5.5], "rotation": 270, "texture": "#1_top"},
				"up": {"uv": [6, 4.5, 7, 5.5], "rotation": 180, "texture": "#1_top"}
			}
		},
		{
			"from": [8.5, 11, 11],
			"to": [9.5, 12, 12],
			"faces": {
				"east": {"uv": [6.5, 4, 7, 4.5], "texture": "#1_top"},
				"south": {"uv": [6.5, 4, 7, 4.5], "texture": "#1_top"},
				"up": {"uv": [6.5, 4, 7.5, 5], "rotation": 180, "texture": "#1_top"}
			}
		},
		{
			"from": [7, 11, 11],
			"to": [9, 12, 12.5],
			"faces": {
				"north": {"uv": [6.5, 4, 7, 5], "rotation": 180, "texture": "#1_top"},
				"east": {"uv": [7, 3.5, 9, 4], "texture": "#1_top"},
				"south": {"uv": [7, 3.5, 9, 4], "texture": "#1_top"},
				"west": {"uv": [7, 3.5, 9, 4], "texture": "#1_top"},
				"up": {"uv": [7, 3.5, 9, 5], "rotation": 180, "texture": "#1_top"}
			}
		},
		{
			"from": [9, 11, 4.5],
			"to": [10, 12, 5.5],
			"faces": {
				"north": {"uv": [4.5, 6, 5, 6.5], "rotation": 90, "texture": "#1_top"},
				"east": {"uv": [4.5, 6, 5, 6.5], "texture": "#1_top"},
				"south": {"uv": [4.5, 6, 5.5, 7], "rotation": 270, "texture": "#1_top"},
				"west": {"uv": [4.5, 6, 5.5, 7], "rotation": 180, "texture": "#1_top"},
				"up": {"uv": [4.5, 6, 5.5, 7], "rotation": 90, "texture": "#1_top"}
			}
		},
		{
			"from": [9.5, 11, 5],
			"to": [10.5, 12, 6],
			"faces": {
				"north": {"uv": [5, 5.5, 5.5, 6], "rotation": 270, "texture": "#1_top"},
				"east": {"uv": [5, 5.5, 5.5, 6], "texture": "#1_top"},
				"south": {"uv": [5, 5.5, 6, 6.5], "rotation": 270, "texture": "#1_top"},
				"west": {"uv": [5, 5.5, 6, 6.5], "rotation": 180, "texture": "#1_top"},
				"up": {"uv": [5, 5.5, 6, 6.5], "rotation": 90, "texture": "#1_top"}
			}
		},
		{
			"from": [10, 11, 5.5],
			"to": [11, 12, 6.5],
			"faces": {
				"north": {"uv": [5.5, 5, 6, 5.5], "texture": "#1_top"},
				"east": {"uv": [5.5, 5, 6, 5.5], "texture": "#1_top"},
				"south": {"uv": [5.5, 5, 6.5, 6], "rotation": 270, "texture": "#1_top"},
				"west": {"uv": [5.5, 5, 6.5, 6], "rotation": 180, "texture": "#1_top"},
				"up": {"uv": [10, 5.5, 11, 6.5], "texture": "#1_top"}
			}
		},
		{
			"from": [10.5, 11, 6],
			"to": [11.5, 12, 7],
			"faces": {
				"north": {"uv": [6, 4.5, 6.5, 5], "texture": "#1_top"},
				"east": {"uv": [6, 4.5, 6.5, 5], "texture": "#1_top"},
				"south": {"uv": [6, 4.5, 7, 5.5], "rotation": 270, "texture": "#1_top"},
				"west": {"uv": [6, 4.5, 7, 5.5], "rotation": 180, "texture": "#1_top"},
				"up": {"uv": [10.5, 6, 11.5, 7], "texture": "#1_top"}
			}
		},
		{
			"from": [6, 11, 10.5],
			"to": [7, 12, 11.5],
			"faces": {
				"north": {"uv": [4.5, 6, 5.5, 7], "rotation": 270, "texture": "#1_top"},
				"east": {"uv": [4.5, 6, 5.5, 7], "rotation": 180, "texture": "#1_top"},
				"south": {"uv": [4.5, 6, 5, 6.5], "rotation": 90, "texture": "#1_top"},
				"west": {"uv": [4.5, 6, 5, 6.5], "texture": "#1_top"},
				"up": {"uv": [4.5, 6, 5.5, 7], "rotation": 270, "texture": "#1_top"}
			}
		},
		{
			"from": [5.5, 11, 10],
			"to": [6.5, 12, 11],
			"faces": {
				"north": {"uv": [5, 5.5, 6, 6.5], "rotation": 270, "texture": "#1_top"},
				"east": {"uv": [5, 5.5, 6, 6.5], "rotation": 180, "texture": "#1_top"},
				"south": {"uv": [5, 5.5, 5.5, 6], "rotation": 270, "texture": "#1_top"},
				"west": {"uv": [5, 5.5, 5.5, 6], "texture": "#1_top"},
				"up": {"uv": [5, 5.5, 6, 6.5], "rotation": 270, "texture": "#1_top"}
			}
		},
		{
			"from": [5, 11, 9.5],
			"to": [6, 12, 10.5],
			"faces": {
				"north": {"uv": [5.5, 5, 6.5, 6], "rotation": 270, "texture": "#1_top"},
				"east": {"uv": [5.5, 5, 6.5, 6], "rotation": 180, "texture": "#1_top"},
				"south": {"uv": [5.5, 5, 6, 5.5], "texture": "#1_top"},
				"west": {"uv": [5.5, 5, 6, 5.5], "texture": "#1_top"},
				"up": {"uv": [10, 5.5, 11, 6.5], "rotation": 180, "texture": "#1_top"}
			}
		},
		{
			"from": [4.5, 11, 9],
			"to": [5.5, 12, 10],
			"faces": {
				"north": {"uv": [6, 4.5, 7, 5.5], "rotation": 270, "texture": "#1_top"},
				"east": {"uv": [6, 4.5, 7, 5.5], "rotation": 180, "texture": "#1_top"},
				"south": {"uv": [6, 4.5, 6.5, 5], "texture": "#1_top"},
				"west": {"uv": [6, 4.5, 6.5, 5], "texture": "#1_top"},
				"up": {"uv": [10.5, 6, 11.5, 7], "rotation": 180, "texture": "#1_top"}
			}
		},
		{
			"from": [9, 11, 4],
			"to": [9.5, 12, 4.5],
			"faces": {
				"north": {"uv": [6.5, 4, 7, 4.5], "texture": "#1_top"},
				"east": {"uv": [6.5, 4, 7, 4.5], "texture": "#1_top"},
				"up": {"uv": [6.5, 4, 7, 4.5], "texture": "#1_top"}
			}
		},
		{
			"from": [6.5, 11, 11.5],
			"to": [7, 12, 12],
			"faces": {
				"south": {"uv": [6.5, 4, 7, 4.5], "texture": "#1_top"},
				"west": {"uv": [6.5, 4, 7, 4.5], "texture": "#1_top"},
				"up": {"uv": [6.5, 4, 7, 4.5], "texture": "#1_top"}
			}
		},
		{
			"from": [7.5, 11, 12.5],
			"to": [8.5, 12, 14.5],
			"faces": {
				"east": {"uv": [7, 3.5, 9, 4], "texture": "#1_top"},
				"west": {"uv": [7, 3.5, 9, 4], "texture": "#1_top"},
				"up": {"uv": [7.5, 12.5, 8.5, 14.5], "texture": "#1_top"}
			}
		},
		{
			"from": [12, 11, 7.5],
			"to": [14.5, 12, 8.5],
			"faces": {
				"north": {"uv": [7, 3.5, 9, 4], "texture": "#1_top"},
				"south": {"uv": [7, 3.5, 9, 4], "texture": "#1_top"},
				"up": {"uv": [12, 7.5, 14.5, 8.5], "texture": "#1_top"}
			}
		},
		{
			"from": [1.5, 11, 7.5],
			"to": [4, 12, 8.5],
			"faces": {
				"north": {"uv": [7, 3.5, 9, 4], "texture": "#1_top"},
				"south": {"uv": [7, 3.5, 9, 4], "texture": "#1_top"},
				"up": {"uv": [1.5, 7.5, 4, 8.5], "texture": "#1_top"}
			}
		},
		{
			"from": [7.5, 11, 1.5],
			"to": [8.5, 12, 3.5],
			"faces": {
				"east": {"uv": [7, 3.5, 9, 4], "texture": "#1_top"},
				"west": {"uv": [7, 3.5, 9, 4], "texture": "#1_top"},
				"up": {"uv": [7.5, 1.5, 8.5, 3.5], "texture": "#1_top"}
			}
		},
		{
			"from": [7.5, 11.5, 14],
			"to": [8.5, 12.5, 14.5],
			"faces": {
				"north": {"uv": [6.5, 4, 7, 5], "rotation": 180, "texture": "#1_top"},
				"east": {"uv": [7, 3.5, 9, 4], "texture": "#1_top"},
				"west": {"uv": [7, 3.5, 9, 4], "texture": "#1_top"},
				"up": {"uv": [7.5, 1.5, 8.5, 2], "rotation": 180, "texture": "#1_top"}
			}
		},
		{
			"from": [14, 11.5, 7.5],
			"to": [14.5, 12.5, 8.5],
			"faces": {
				"north": {"uv": [7, 3.5, 9, 4], "texture": "#1_top"},
				"south": {"uv": [7, 3.5, 9, 4], "texture": "#1_top"},
				"west": {"uv": [6.5, 4, 7, 5], "rotation": 180, "texture": "#1_top"},
				"up": {"uv": [7.5, 1.5, 8.5, 2], "rotation": 90, "texture": "#1_top"}
			}
		},
		{
			"from": [7.5, 11.5, 1.5],
			"to": [8.5, 12.5, 2],
			"faces": {
				"east": {"uv": [7, 3.5, 9, 4], "texture": "#1_top"},
				"south": {"uv": [6.5, 4, 7, 5], "rotation": 180, "texture": "#1_top"},
				"west": {"uv": [7, 3.5, 9, 4], "texture": "#1_top"},
				"up": {"uv": [7.5, 1.5, 8.5, 2], "texture": "#1_top"}
			}
		},
		{
			"from": [1.5, 11.5, 7.5],
			"to": [2, 12.5, 8.5],
			"faces": {
				"north": {"uv": [7, 3.5, 9, 4], "texture": "#1_top"},
				"east": {"uv": [6.5, 4, 7, 5], "rotation": 180, "texture": "#1_top"},
				"south": {"uv": [7, 3.5, 9, 4], "texture": "#1_top"},
				"up": {"uv": [7.5, 1.5, 8.5, 2], "rotation": 270, "texture": "#1_top"}
			}
		}
	],
	"display": {
		"thirdperson_righthand": {
			"rotation": [67.5, 0, 0],
			"scale": [0.4, 0.4, 0.4]
		},
		"thirdperson_lefthand": {
			"rotation": [67.5, 0, 0],
			"scale": [0.4, 0.4, 0.4]
		},
		"firstperson_righthand": {
			"rotation": [0, 45, 0],
			"scale": [0.5, 0.5, 0.5]
		},
		"firstperson_lefthand": {
			"rotation": [0, 45, 0],
			"scale": [0.5, 0.5, 0.5]
		},
		"ground": {
			"translation": [0, -0.5, 0],
			"scale": [0.3, 0.3, 0.3]
		},
		"gui": {
			"rotation": [35, 45, 0],
			"scale": [0.6, 0.6, 0.6]
		},
		"head": {
			"translation": [0, 13, 0],
			"scale": [1.2, 1.2, 1.2]
		},
		"fixed": {
			"rotation": [-90, 0, 0],
			"translation": [0, 0, -0.25]
		}
	},
	"groups": [0, 1, 2, 3,
		{
			"name": "end_portal_frame",
			"children": [4, 5, 6, 7, 8, 9, 10, 11, 12, 13, 14, 15, 16, 17, 18,
				{
					"name": "decor west-east",
					"children": [19, 20, 21, 22, 23, 24, 25, 26, 27, 28, 29, 30, 31, 32, 33, 34, 35, 36, 37, 38, 39, 40, 41, 42, 43, 44, 45, 46, 47, 48, 49, 50, 51, 52, 53]
				},
				{
					"name": "decor north-south",
					"children": [54, 55, 56, 57, 58, 59, 60, 61, 62, 63, 64, 65, 66, 67, 68, 69, 70, 71, 72, 73, 74, 75, 76, 77, 78, 79, 80, 81, 82, 83, 84, 85, 86, 87, 88]
				},
				{
					"name": "decor top",
					"children": [89, 90, 91, 92, 93, 94, 95, 96, 97, 98, 99, 100, 101, 102, 103, 104, 105, 106, 107, 108, 109, 110, 111, 112, 113, 114, 115, 116, 117, 118, 119, 120]
				}
			]
		}
	]
}