{
	"textures": {
		"1": "block/item_frame_sides_3",
		"2": "block/item_frame_sides_2",
		"3": "block/item_frame_back_2",
		"4": "block/itemframe_background",
		"particle": "block/itemframe_background"
	},
	"elements": [
		{
			"from": [1, 1, 15.001],
			"to": [15, 15, 16],
			"faces": {
				"north": {"uv": [1, 1, 15, 15], "texture": "#4"},
				"south": {"uv": [1, 1, 15, 15], "texture": "#3"}
			}
		},
		{
			"from": [0, 0, 15.001],
			"to": [16, 1, 16],
			"faces": {
				"north": {"uv": [0, 15, 16, 16], "texture": "#2"},
				"east": {"uv": [0, 15, 1, 16], "texture": "#1"},
				"south": {"uv": [0, 15, 16, 16], "texture": "#3"},
				"west": {"uv": [15.001, 15, 16, 16], "texture": "#1"},
				"up": {"uv": [0, 15, 16, 16], "texture": "#missing"},
				"down": {"uv": [0, 0, 16, 1], "texture": "#2"}
			}
		},
		{
			"from": [0, 15, 15.001],
			"to": [16, 16, 16],
			"faces": {
				"north": {"uv": [0, 0, 16, 1], "texture": "#2"},
				"east": {"uv": [0, 0, 1, 1], "texture": "#1"},
				"south": {"uv": [0, 0, 16, 1], "texture": "#3"},
				"west": {"uv": [15, 0, 16, 1], "texture": "#1"},
				"up": {"uv": [0, 15.001, 16, 16], "texture": "#2"},
				"down": {"uv": [0, 0, 16, 1], "texture": "#missing"}
			}
		},
		{
			"from": [0, 1, 15.001],
			"to": [1, 15, 16],
			"faces": {
				"north": {"uv": [15, 1, 16, 15], "texture": "#1"},
				"east": {"uv": [0, 1, 1, 15], "texture": "#missing"},
				"south": {"uv": [0, 1, 1, 15], "texture": "#1"},
				"west": {"uv": [15, 1, 16, 15], "texture": "#1"}
			}
		},
		{
			"from": [15, 1, 15.001],
			"to": [16, 15, 16],
			"faces": {
				"north": {"uv": [0, 1, 1, 15], "texture": "#1"},
				"east": {"uv": [0, 1, 1, 15], "texture": "#1"},
				"south": {"uv": [15, 1, 16, 15], "texture": "#3"},
				"west": {"uv": [15, 1, 16, 15], "texture": "#missing"}
			}
		}
	]
}