{
	"textures": {
		"1": "block/item_frame/item_frame_back",
		"2": "block/item_frame/item_frame_front",
		"3": "block/item_frame/item_frame_sides",
		"particle": "block/item_frame/itemframe_background"
	},
	"elements": [
		{
			"from": [3, 3, 15.5],
			"to": [13, 13, 16],
			"faces": {
				"north": {"uv": [3, 3, 13, 13], "texture": "#2"},
				"south": {"uv": [3, 3, 13, 13], "texture": "#1"}
			}
		},
		{
			"from": [2, 2, 15],
			"to": [14, 3, 16],
			"faces": {
				"north": {"uv": [2, 13, 14, 14], "texture": "#2"},
				"east": {"uv": [0, 11, 1, 12], "texture": "#3"},
				"south": {"uv": [2, 13, 14, 14], "texture": "#1"},
				"west": {"uv": [3, 11, 4, 12], "texture": "#3"},
				"up": {"uv": [4, 13, 16, 14], "texture": "#3"},
				"down": {"uv": [4, 12, 16, 13], "texture": "#3"}
			}
		},
		{
			"from": [2, 13, 15],
			"to": [14, 14, 16],
			"faces": {
				"north": {"uv": [2, 2, 14, 3], "texture": "#2"},
				"east": {"uv": [0, 0, 1, 1], "texture": "#3"},
				"south": {"uv": [2, 2, 14, 3], "texture": "#1"},
				"west": {"uv": [3, 0, 4, 1], "texture": "#3"},
				"up": {"uv": [4, 15, 16, 16], "texture": "#3"},
				"down": {"uv": [4, 14, 16, 15], "texture": "#3"}
			}
		},
		{
			"from": [2, 3, 15],
			"to": [3, 13, 16],
			"faces": {
				"north": {"uv": [13, 3, 14, 13], "texture": "#2"},
				"east": {"uv": [2, 1, 3, 11], "texture": "#3"},
				"south": {"uv": [2, 3, 3, 13], "texture": "#1"},
				"west": {"uv": [3, 1, 4, 11], "texture": "#3"}
			}
		},
		{
			"from": [13, 3, 15],
			"to": [14, 13, 16],
			"faces": {
				"north": {"uv": [2, 3, 3, 13], "texture": "#2"},
				"east": {"uv": [0, 1, 1, 11], "texture": "#3"},
				"south": {"uv": [13, 3, 14, 13], "texture": "#1"},
				"west": {"uv": [1, 1, 2, 11], "texture": "#3"}
			}
		}
	]
}