{
	"format_version": "1.21.6",
	"ambientocclusion": false,
	"textures": {
		"particle": "#lantern"
	},
	"elements": [
		{
			"name": "Chain Link",
			"from": [7.75, 11.5, 7],
			"to": [8.25, 14, 7.5],
			"rotation": {"angle": -22.5, "axis": "y", "origin": [8, 15.75, 8]},
			"faces": {
				"north": {"uv": [9, 7, 6.5, 7.5], "rotation": 270, "texture": "#lantern"},
				"east": {"uv": [6.5, 7, 9, 7.5], "rotation": 90, "texture": "#lantern"},
				"south": {"uv": [6.5, 7, 9, 7.5], "rotation": 90, "texture": "#lantern"},
				"west": {"uv": [9, 7, 6.5, 7.5], "rotation": 270, "texture": "#lantern"},
				"up": {"uv": [6.5, 7, 7, 7.5], "rotation": 270, "texture": "#lantern"},
				"down": {"uv": [8.5, 7, 9, 7.5], "rotation": 90, "texture": "#lantern"}
			}
		},
		{
			"name": "Chain Link",
			"from": [7.75, 11.5, 8.5],
			"to": [8.25, 14, 9],
			"rotation": {"angle": -22.5, "axis": "y", "origin": [8, 15.75, 8]},
			"faces": {
				"north": {"uv": [9, 7, 6.5, 7.5], "rotation": 270, "texture": "#lantern"},
				"east": {"uv": [6.5, 7, 9, 7.5], "rotation": 90, "texture": "#lantern"},
				"south": {"uv": [6.5, 7, 9, 7.5], "rotation": 90, "texture": "#lantern"},
				"west": {"uv": [9, 7, 6.5, 7.5], "rotation": 270, "texture": "#lantern"},
				"up": {"uv": [6.5, 7, 7, 7.5], "rotation": 270, "texture": "#lantern"},
				"down": {"uv": [8.5, 7, 9, 7.5], "rotation": 90, "texture": "#lantern"}
			}
		},
		{
			"name": "Chain Link",
			"from": [7.75, 11.5, 7.5],
			"to": [8.25, 12, 8.5],
			"rotation": {"angle": -22.5, "axis": "y", "origin": [8, 15.75, 8]},
			"faces": {
				"east": {"uv": [8, 7, 9, 7.5], "rotation": 180, "texture": "#lantern"},
				"west": {"uv": [9, 7, 8, 7.5], "rotation": 180, "texture": "#lantern"},
				"up": {"uv": [8, 7, 9, 7.5], "rotation": 90, "texture": "#lantern"},
				"down": {"uv": [8, 7, 9, 7.5], "rotation": 270, "texture": "#lantern"}
			}
		},
		{
			"name": "Chain Link",
			"from": [7.75, 13.5, 7.5],
			"to": [8.25, 14, 8.5],
			"rotation": {"angle": -22.5, "axis": "y", "origin": [8, 15.75, 8]},
			"faces": {
				"east": {"uv": [6.5, 7, 7.5, 7.5], "rotation": 180, "texture": "#lantern"},
				"west": {"uv": [7.5, 7, 6.5, 7.5], "rotation": 180, "texture": "#lantern"},
				"up": {"uv": [6.5, 7, 7.5, 7.5], "rotation": 90, "texture": "#lantern"},
				"down": {"uv": [6.5, 7, 7.5, 7.5], "rotation": 270, "texture": "#lantern"}
			}
		},
		{
			"name": "Chain Link",
			"from": [7.75, 11, 7],
			"to": [8.25, 12.5, 7.5],
			"rotation": {"angle": 45, "axis": "y", "origin": [8, 15.75, 8]},
			"faces": {
				"north": {"uv": [9, 7, 7.5, 7.5], "rotation": 270, "texture": "#lantern"},
				"east": {"uv": [7.5, 7, 9, 7.5], "rotation": 90, "texture": "#lantern"},
				"south": {"uv": [7.5, 7, 9, 7.5], "rotation": 90, "texture": "#lantern"},
				"west": {"uv": [9, 7, 7.5, 7.5], "rotation": 270, "texture": "#lantern"},
				"up": {"uv": [6.5, 7, 7, 7.5], "rotation": 270, "texture": "#lantern"},
				"down": {"uv": [8.5, 7, 9, 7.5], "rotation": 90, "texture": "#lantern"}
			}
		},
		{
			"name": "Chain Link",
			"from": [7, 13, 7.75],
			"to": [7.5, 15, 8.25],
			"rotation": {"angle": 0, "axis": "y", "origin": [8, 15.75, 8]},
			"faces": {
				"north": {"uv": [7, 7, 9, 7.5], "rotation": 90, "texture": "#lantern"},
				"east": {"uv": [7, 7, 9, 7.5], "rotation": 90, "texture": "#lantern"},
				"south": {"uv": [9, 7, 7, 7.5], "rotation": 270, "texture": "#lantern"},
				"west": {"uv": [9, 7, 7, 7.5], "rotation": 270, "texture": "#lantern"},
				"up": {"uv": [6.5, 7, 7, 7.5], "rotation": 180, "texture": "#lantern"},
				"down": {"uv": [8.5, 7, 9, 7.5], "rotation": 180, "texture": "#lantern"}
			}
		},
		{
			"name": "Chain Link",
			"from": [7.5, 13, 7.75],
			"to": [8.5, 13.5, 8.25],
			"rotation": {"angle": 0, "axis": "y", "origin": [8, 15.75, 8]},
			"faces": {
				"north": {"uv": [8, 7, 9, 7.5], "rotation": 180, "texture": "#lantern"},
				"south": {"uv": [9, 7, 8, 7.5], "rotation": 180, "texture": "#lantern"},
				"up": {"uv": [8, 7, 9, 7.5], "texture": "#lantern"},
				"down": {"uv": [8, 7, 9, 7.5], "texture": "#lantern"}
			}
		},
		{
			"name": "Chain Link",
			"from": [7, 15, 7.75],
			"to": [9, 15.5, 8.25],
			"rotation": {"angle": 0, "axis": "y", "origin": [8, 15.75, 8]},
			"faces": {
				"north": {"uv": [6, 7, 8, 7.5], "rotation": 180, "texture": "#lantern"},
				"east": {"uv": [7.5, 7, 8, 7.5], "texture": "#lantern"},
				"south": {"uv": [8, 7, 6, 7.5], "rotation": 180, "texture": "#lantern"},
				"west": {"uv": [6, 7, 6.5, 7.5], "texture": "#lantern"},
				"up": {"uv": [6, 7, 8, 7.5], "texture": "#lantern"},
				"down": {"uv": [6, 7, 8, 7.5], "texture": "#lantern"}
			}
		},
		{
			"name": "Chain Link",
			"from": [7.75, 11, 8.5],
			"to": [8.25, 12.5, 9],
			"rotation": {"angle": 45, "axis": "y", "origin": [8, 15.75, 8]},
			"faces": {
				"north": {"uv": [9, 7, 7.5, 7.5], "rotation": 270, "texture": "#lantern"},
				"east": {"uv": [7.5, 7, 9, 7.5], "rotation": 90, "texture": "#lantern"},
				"south": {"uv": [7.5, 7, 9, 7.5], "rotation": 90, "texture": "#lantern"},
				"west": {"uv": [9, 7, 7.5, 7.5], "rotation": 270, "texture": "#lantern"},
				"up": {"uv": [6.5, 7, 7, 7.5], "rotation": 270, "texture": "#lantern"},
				"down": {"uv": [8.5, 7, 9, 7.5], "rotation": 90, "texture": "#lantern"}
			}
		},
		{
			"name": "Chain Link",
			"from": [8.5, 13, 7.75],
			"to": [9, 15, 8.25],
			"rotation": {"angle": 0, "axis": "y", "origin": [8, 15.75, 8]},
			"faces": {
				"north": {"uv": [7, 7, 9, 7.5], "rotation": 90, "texture": "#lantern"},
				"east": {"uv": [7, 7, 9, 7.5], "rotation": 90, "texture": "#lantern"},
				"south": {"uv": [9, 7, 7, 7.5], "rotation": 270, "texture": "#lantern"},
				"west": {"uv": [9, 7, 7, 7.5], "rotation": 270, "texture": "#lantern"},
				"up": {"uv": [6.5, 7, 7, 7.5], "rotation": 180, "texture": "#lantern"},
				"down": {"uv": [8.5, 7, 9, 7.5], "rotation": 180, "texture": "#lantern"}
			}
		},
		{
			"name": "Chain Link",
			"from": [7.75, 12, 7.5],
			"to": [8.25, 12.5, 8.5],
			"rotation": {"angle": 45, "axis": "y", "origin": [8, 15.75, 8]},
			"faces": {
				"east": {"uv": [6.5, 7, 7.5, 7.5], "rotation": 180, "texture": "#lantern"},
				"west": {"uv": [7.5, 7, 6.5, 7.5], "rotation": 180, "texture": "#lantern"},
				"up": {"uv": [6.5, 7, 7.5, 7.5], "rotation": 90, "texture": "#lantern"},
				"down": {"uv": [6.5, 7, 7.5, 7.5], "rotation": 270, "texture": "#lantern"}
			}
		},
		{
			"name": "Chain Plates",
			"from": [7, 10.5, 7],
			"to": [9, 11, 9],
			"rotation": {"angle": 0, "axis": "y", "origin": [8, 9, 8]},
			"faces": {
				"north": {"uv": [4, 11, 2, 11.5], "texture": "#lantern"},
				"east": {"uv": [4, 11, 3.5, 13], "rotation": 90, "texture": "#lantern"},
				"south": {"uv": [2, 12.5, 4, 13], "texture": "#lantern"},
				"west": {"uv": [2, 12.5, 4, 13], "texture": "#lantern"},
				"up": {"uv": [2, 11, 4, 13], "texture": "#lantern"}
			}
		},
		{
			"name": "Chain Plates",
			"from": [6.5, 10, 6.5],
			"to": [9.5, 10.5, 9.5],
			"rotation": {"angle": 0, "axis": "y", "origin": [8, 9, 8]},
			"faces": {
				"north": {"uv": [2, 10.5, 1.5, 13.5], "rotation": 270, "texture": "#lantern"},
				"east": {"uv": [4.5, 10.5, 1.5, 11], "texture": "#lantern"},
				"south": {"uv": [4, 10.5, 4.5, 13.5], "rotation": 90, "texture": "#lantern"},
				"west": {"uv": [1.5, 13, 4.5, 13.5], "texture": "#lantern"},
				"up": {"uv": [1.5, 10.5, 4.5, 13.5], "rotation": 90, "texture": "#lantern"}
			}
		},
		{
			"name": "Lantern Frame",
			"from": [5, 2, 5],
			"to": [6, 7, 6],
			"rotation": {"angle": 0, "axis": "y", "origin": [8, 9, 8]},
			"faces": {
				"north": {"uv": [5, 3, 6, 8], "texture": "#lantern"},
				"east": {"uv": [6, 3, 5, 8], "texture": "#lantern"},
				"south": {"uv": [1, 3, 0, 8], "texture": "#lantern"},
				"west": {"uv": [0, 3, 1, 8], "texture": "#lantern"}
			}
		},
		{
			"name": "Lantern Frame",
			"from": [5, 2, 10],
			"to": [6, 7, 11],
			"rotation": {"angle": 0, "axis": "y", "origin": [8, 9, 8]},
			"faces": {
				"north": {"uv": [6, 3, 5, 8], "texture": "#lantern"},
				"east": {"uv": [1, 3, 0, 8], "texture": "#lantern"},
				"south": {"uv": [0, 3, 1, 8], "texture": "#lantern"},
				"west": {"uv": [5, 3, 6, 8], "texture": "#lantern"}
			}
		},
		{
			"name": "Lantern Frame",
			"from": [10, 2, 10],
			"to": [11, 7, 11],
			"rotation": {"angle": 0, "axis": "y", "origin": [8, 9, 8]},
			"faces": {
				"north": {"uv": [1, 3, 0, 8], "texture": "#lantern"},
				"east": {"uv": [0, 3, 1, 8], "texture": "#lantern"},
				"south": {"uv": [5, 3, 6, 8], "texture": "#lantern"},
				"west": {"uv": [6, 3, 5, 8], "texture": "#lantern"}
			}
		},
		{
			"name": "Lantern Frame",
			"from": [10, 2, 5],
			"to": [11, 7, 6],
			"rotation": {"angle": 0, "axis": "y", "origin": [8, 9, 8]},
			"faces": {
				"north": {"uv": [0, 3, 1, 8], "texture": "#lantern"},
				"east": {"uv": [5, 3, 6, 8], "texture": "#lantern"},
				"south": {"uv": [5, 3, 6, 8], "texture": "#lantern"},
				"west": {"uv": [0, 3, 1, 8], "texture": "#lantern"}
			}
		},
		{
			"name": "Lantern Frame",
			"from": [5, 1, 5],
			"to": [11, 2, 11],
			"rotation": {"angle": 0, "axis": "y", "origin": [8, 9, 8]},
			"faces": {
				"north": {"uv": [0, 8, 6, 9], "texture": "#lantern"},
				"east": {"uv": [0, 8, 6, 9], "texture": "#lantern"},
				"south": {"uv": [0, 8, 6, 9], "texture": "#lantern"},
				"west": {"uv": [0, 8, 6, 9], "texture": "#lantern"},
				"up": {"uv": [0, 9, 6, 15], "texture": "#lantern"},
				"down": {"uv": [12, 15, 6, 9], "texture": "#lantern"}
			}
		},
		{
			"name": "Lantern Frame",
			"from": [5, 7, 5],
			"to": [11, 8, 11],
			"rotation": {"angle": 0, "axis": "y", "origin": [8, 9, 8]},
			"faces": {
				"north": {"uv": [0, 2, 6, 3], "texture": "#lantern"},
				"east": {"uv": [0, 2, 6, 3], "texture": "#lantern"},
				"south": {"uv": [0, 2, 6, 3], "texture": "#lantern"},
				"west": {"uv": [0, 2, 6, 3], "texture": "#lantern"},
				"up": {"uv": [0, 9, 6, 15], "texture": "#lantern"},
				"down": {"uv": [0, 9, 6, 15], "texture": "#lantern"}
			}
		},
		{
			"name": "Lantern",
			"from": [5.5, 8, 5.5],
			"to": [10.5, 8.5, 10.5],
			"rotation": {"angle": 0, "axis": "y", "origin": [8, 9, 8]},
			"faces": {
				"north": {"uv": [0.5, 9.5, 1, 14.5], "rotation": 270, "texture": "#lantern"},
				"east": {"uv": [0.5, 9.5, 1, 14.5], "rotation": 90, "texture": "#lantern"},
				"south": {"uv": [5, 9.5, 5.5, 14.5], "rotation": 90, "texture": "#lantern"},
				"west": {"uv": [0.5, 14, 5.5, 14.5], "texture": "#lantern"},
				"up": {"uv": [0.5, 9.5, 5.5, 14.5], "rotation": 90, "texture": "#lantern"}
			}
		},
		{
			"name": "Lantern",
			"from": [6, 2, 6],
			"to": [10, 10, 10],
			"rotation": {"angle": 0, "axis": "y", "origin": [8, 9, 8]},
			"faces": {
				"north": {"uv": [1, 0, 5, 8], "texture": "#lantern"},
				"east": {"uv": [1, 0, 5, 8], "texture": "#lantern"},
				"south": {"uv": [1, 0, 5, 8], "texture": "#lantern"},
				"west": {"uv": [1, 0, 5, 8], "texture": "#lantern"},
				"up": {"uv": [1, 10, 5, 14], "texture": "#lantern"}
			}
		},
		{
			"name": "Buttons",
			"from": [7, 9, 5.75],
			"to": [7.5, 9.5, 10.25],
			"rotation": {"angle": 0, "axis": "y", "origin": [8, 9, 8]},
			"faces": {
				"north": {"uv": [6.5, 6, 7, 6.5], "texture": "#lantern"},
				"east": {"uv": [6.5, 6, 7, 6.5], "texture": "#lantern"},
				"south": {"uv": [6.5, 6, 7, 6.5], "texture": "#lantern"},
				"west": {"uv": [6.5, 6, 7, 6.5], "texture": "#lantern"},
				"up": {"uv": [6.5, 6, 7, 6.5], "texture": "#lantern"},
				"down": {"uv": [6.5, 6, 7, 6.5], "texture": "#lantern"}
			}
		},
		{
			"name": "Buttons",
			"from": [5.75, 9, 7],
			"to": [10.25, 9.5, 7.5],
			"rotation": {"angle": 0, "axis": "y", "origin": [8, 9, 8]},
			"faces": {
				"north": {"uv": [6.5, 6, 7, 6.5], "texture": "#lantern"},
				"east": {"uv": [6.5, 6, 7, 6.5], "texture": "#lantern"},
				"south": {"uv": [6.5, 6, 7, 6.5], "texture": "#lantern"},
				"west": {"uv": [6.5, 6, 7, 6.5], "texture": "#lantern"},
				"up": {"uv": [6.5, 6, 7, 6.5], "rotation": 90, "texture": "#lantern"},
				"down": {"uv": [6.5, 6, 7, 6.5], "rotation": 270, "texture": "#lantern"}
			}
		},
		{
			"name": "Buttons",
			"from": [8.5, 9, 5.75],
			"to": [9, 9.5, 10.25],
			"rotation": {"angle": 0, "axis": "y", "origin": [8, 9, 8]},
			"faces": {
				"north": {"uv": [6.5, 6, 7, 6.5], "texture": "#lantern"},
				"east": {"uv": [6.5, 6, 7, 6.5], "texture": "#lantern"},
				"south": {"uv": [6.5, 6, 7, 6.5], "texture": "#lantern"},
				"west": {"uv": [6.5, 6, 7, 6.5], "texture": "#lantern"},
				"up": {"uv": [6.5, 6, 7, 6.5], "texture": "#lantern"},
				"down": {"uv": [6.5, 6, 7, 6.5], "texture": "#lantern"}
			}
		},
		{
			"name": "Buttons",
			"from": [5.75, 9, 8.5],
			"to": [10.25, 9.5, 9],
			"rotation": {"angle": 0, "axis": "y", "origin": [8, 9, 8]},
			"faces": {
				"north": {"uv": [6.5, 6, 7, 6.5], "texture": "#lantern"},
				"east": {"uv": [6.5, 6, 7, 6.5], "texture": "#lantern"},
				"south": {"uv": [6.5, 6, 7, 6.5], "texture": "#lantern"},
				"west": {"uv": [6.5, 6, 7, 6.5], "texture": "#lantern"},
				"up": {"uv": [6.5, 6, 7, 6.5], "rotation": 90, "texture": "#lantern"},
				"down": {"uv": [6.5, 6, 7, 6.5], "rotation": 270, "texture": "#lantern"}
			}
		},
		{
			"from": [5, 2, 7],
			"to": [5.5, 7, 7.5],
			"rotation": {"angle": 0, "axis": "y", "origin": [8, 9, 8]},
			"faces": {
				"north": {"uv": [6.5, 2, 7, 7], "texture": "#lantern"},
				"east": {"uv": [6.5, 2, 7, 7], "texture": "#lantern"},
				"south": {"uv": [6.5, 2, 7, 7], "texture": "#lantern"},
				"west": {"uv": [6.5, 2, 7, 7], "texture": "#lantern"}
			}
		},
		{
			"from": [7, 2, 10.5],
			"to": [7.5, 7, 11],
			"rotation": {"angle": 0, "axis": "y", "origin": [8, 9, 8]},
			"faces": {
				"north": {"uv": [6.5, 2, 7, 7], "texture": "#lantern"},
				"east": {"uv": [6.5, 2, 7, 7], "texture": "#lantern"},
				"south": {"uv": [6.5, 2, 7, 7], "texture": "#lantern"},
				"west": {"uv": [6.5, 2, 7, 7], "texture": "#lantern"}
			}
		},
		{
			"from": [10.5, 2, 8.5],
			"to": [11, 7, 9],
			"rotation": {"angle": 0, "axis": "y", "origin": [8, 9, 8]},
			"faces": {
				"north": {"uv": [6.5, 2, 7, 7], "texture": "#lantern"},
				"east": {"uv": [6.5, 2, 7, 7], "texture": "#lantern"},
				"south": {"uv": [6.5, 2, 7, 7], "texture": "#lantern"},
				"west": {"uv": [6.5, 2, 7, 7], "texture": "#lantern"}
			}
		},
		{
			"from": [8.5, 2, 5],
			"to": [9, 7, 5.5],
			"rotation": {"angle": 0, "axis": "y", "origin": [8, 9, 8]},
			"faces": {
				"north": {"uv": [6.5, 2, 7, 7], "texture": "#lantern"},
				"east": {"uv": [6.5, 2, 7, 7], "texture": "#lantern"},
				"south": {"uv": [6.5, 2, 7, 7], "texture": "#lantern"},
				"west": {"uv": [6.5, 2, 7, 7], "texture": "#lantern"}
			}
		},
		{
			"from": [5, 2, 8.5],
			"to": [5.5, 7, 9],
			"rotation": {"angle": 0, "axis": "y", "origin": [8, 9, 8]},
			"faces": {
				"north": {"uv": [6.5, 2, 7, 7], "texture": "#lantern"},
				"east": {"uv": [6.5, 2, 7, 7], "texture": "#lantern"},
				"south": {"uv": [6.5, 2, 7, 7], "texture": "#lantern"},
				"west": {"uv": [6.5, 2, 7, 7], "texture": "#lantern"}
			}
		},
		{
			"from": [8.5, 2, 10.5],
			"to": [9, 7, 11],
			"rotation": {"angle": 0, "axis": "y", "origin": [8, 9, 8]},
			"faces": {
				"north": {"uv": [6.5, 2, 7, 7], "texture": "#lantern"},
				"east": {"uv": [6.5, 2, 7, 7], "texture": "#lantern"},
				"south": {"uv": [6.5, 2, 7, 7], "texture": "#lantern"},
				"west": {"uv": [6.5, 2, 7, 7], "texture": "#lantern"}
			}
		},
		{
			"from": [10.5, 2, 7],
			"to": [11, 7, 7.5],
			"rotation": {"angle": 0, "axis": "y", "origin": [8, 9, 8]},
			"faces": {
				"north": {"uv": [6.5, 2, 7, 7], "texture": "#lantern"},
				"east": {"uv": [6.5, 2, 7, 7], "texture": "#lantern"},
				"south": {"uv": [6.5, 2, 7, 7], "texture": "#lantern"},
				"west": {"uv": [6.5, 2, 7, 7], "texture": "#lantern"}
			}
		},
		{
			"from": [7, 2, 5],
			"to": [7.5, 7, 5.5],
			"rotation": {"angle": 0, "axis": "y", "origin": [8, 9, 8]},
			"faces": {
				"north": {"uv": [6.5, 2, 7, 7], "texture": "#lantern"},
				"east": {"uv": [6.5, 2, 7, 7], "texture": "#lantern"},
				"south": {"uv": [6.5, 2, 7, 7], "texture": "#lantern"},
				"west": {"uv": [6.5, 2, 7, 7], "texture": "#lantern"}
			}
		}
	],
	"display": {
		"thirdperson_righthand": {
			"rotation": [90, -180, 0],
			"translation": [0, -2, 0],
			"scale": [0.6, 0.6, 0.6]
		},
		"thirdperson_lefthand": {
			"rotation": [90, -180, 0],
			"translation": [0, -2, 0],
			"scale": [0.6, 0.6, 0.6]
		},
		"firstperson_righthand": {
			"rotation": [-13.5, -5, 0],
			"translation": [1, 3, 0],
			"scale": [0.6, 0.6, 0.6]
		},
		"firstperson_lefthand": {
			"rotation": [-13.5, -5, 0],
			"translation": [1, 3, 0],
			"scale": [0.6, 0.6, 0.6]
		},
		"ground": {
			"translation": [0, 0.75, 0],
			"scale": [0.4, 0.4, 0.4]
		},
		"gui": {
			"translation": [0, 5, 0],
			"scale": [1.5, 1.5, 1.5]
		},
		"head": {
			"rotation": [-90, -90, -90],
			"translation": [-0.25, 19.25, 0],
			"scale": [1.6, 1.6, 1.6]
		},
		"fixed": {
			"rotation": [0, -180, 0],
			"translation": [0, 5, 0],
			"scale": [1.6, 1.6, 1.6]
		}
	}
}