{
	"credit": "Made by SyndiShanX",
	"ambientocclusion": false,
	"textures": {
		"particle": "block/cactus_flower_1",
		"cross": "block/cactus_flower_1"
	},
	"elements": [
		{
			"from": [1.3, 0, 7.5],
			"to": [14.7, 16, 7.5],
			"shade": false,
			"rotation": {"angle": 45, "axis": "y", "origin": [8.5, 8, 7.5], "rescale": true},
			"faces": {
				"north": {"uv": [0, 0, 16, 16], "texture": "#cross"},
				"south": {"uv": [0, 0, 16, 16], "texture": "#cross"}
			}
		},
		{
			"from": [8.5, 0, 1.3],
			"to": [8.5, 16, 14.7],
			"shade": false,
			"rotation": {"angle": 45, "axis": "y", "origin": [8.5, 8, 8.5], "rescale": true},
			"faces": {
				"east": {"uv": [0, 0, 16, 16], "texture": "#cross"},
				"west": {"uv": [0, 0, 16, 16], "texture": "#cross"}
			}
		}
	]
}