{ "variants": {
    "": [
      { "model": "block/deepslate_ores/lapis/0/0" },
      { "model": "block/deepslate_ores/lapis/0/1" },
      { "model": "block/deepslate_ores/lapis/0/2" },
      { "model": "block/deepslate_ores/lapis/0/3" },
      { "model": "block/deepslate_ores/lapis/0/4" },
			{ "model": "block/deepslate_ores/lapis/1/0" },
      { "model": "block/deepslate_ores/lapis/1/1" },
      { "model": "block/deepslate_ores/lapis/1/2" },
      { "model": "block/deepslate_ores/lapis/1/3" },
      { "model": "block/deepslate_ores/lapis/1/4" },
			{ "model": "block/deepslate_ores/lapis/2/0" },
      { "model": "block/deepslate_ores/lapis/2/1" },
      { "model": "block/deepslate_ores/lapis/2/2" },
      { "model": "block/deepslate_ores/lapis/2/3" },
      { "model": "block/deepslate_ores/lapis/2/4" },
			{ "model": "block/deepslate_ores/lapis/3/0" },
      { "model": "block/deepslate_ores/lapis/3/1" },
      { "model": "block/deepslate_ores/lapis/3/2" },
      { "model": "block/deepslate_ores/lapis/3/3" },
      { "model": "block/deepslate_ores/lapis/3/4" }
    ]
  }
}