{ "variants": {
    "": [
      { "model": "block/flower/dandelion/0" },
      { "model": "block/flower/dandelion/1" },
      { "model": "block/flower/dandelion/2" },
      { "model": "block/flower/dandelion/3" },
      { "model": "block/flower/dandelion/4" },
      { "model": "block/flower/dandelion/5" },
      { "model": "block/flower/dandelion/6" },
      { "model": "block/flower/dandelion/7" },
      { "model": "block/flower/dandelion/8" },
      { "model": "block/flower/dandelion/9" },
      { "model": "block/flower/dandelion/10" },
      { "model": "block/flower/dandelion/11" }
    ]
  }
}