{ "variants": {
    "age=0": [
      { "model": "block/wheat_stage0" },
      { "model": "block/wheat_stage0_mirrored" }
    ],
    "age=1": [
      { "model": "block/wheat_stage1" },
      { "model": "block/wheat_stage1_mirrored" }
    ],
    "age=2": [
      { "model": "block/wheat_stage2" },
      { "model": "block/wheat_stage2_mirrored" }
    ],
    "age=3": [
      { "model": "block/wheat_stage3" },
      { "model": "block/wheat_stage3_mirrored" }
    ],
    "age=4": [
      { "model": "block/wheat_stage4" },
      { "model": "block/wheat_stage4_mirrored" }
    ],
    "age=5": [
      { "model": "block/wheat_stage5" },
      { "model": "block/wheat_stage5_mirrored" }
    ],
    "age=6": [
      { "model": "block/wheat_stage6" },
      { "model": "block/wheat_stage6_mirrored" }
    ],
    "age=7": [
      { "model": "block/wheat_stage7" },
      { "model": "block/wheat_stage7_mirrored" }
    ]
  }
}