{
	"credit": "Made by SyndiShanX",
	"parent": "block/block",
	"textures": {
		"bottom": "block/end_stone",
		"top": "block/end_portal_frame_top",
		"particle": "block/end_portal_frame_side",
		"side": "block/end_portal_frame_side"
	},
	"elements": [
		{
			"from": [0, 0, 0],
			"to": [16, 13, 16],
			"faces": {
				"north": {"uv": [0, 3, 16, 16], "texture": "#side", "cullface": "north"},
				"east": {"uv": [0, 3, 16, 16], "texture": "#side", "cullface": "east"},
				"south": {"uv": [0, 3, 16, 16], "texture": "#side", "cullface": "south"},
				"west": {"uv": [0, 3, 16, 16], "texture": "#side", "cullface": "west"},
				"up": {"uv": [0, 0, 16, 16], "rotation": 180, "texture": "#top"},
				"down": {"uv": [0, 0, 16, 16], "texture": "#bottom", "cullface": "down"}
			}
		}
	]
}