{
	"credit": "Made by SyndiShanX",
	"textures": {
		"bottom": "block/end_stone",
		"top": "block/end_portal_frame_top",
		"particle": "block/end_portal_frame_side",
		"side": "block/end_portal_frame_side",
		"eye": "block/end_portal_frame_eye"
	},
	"elements": [
		{
			"from": [0, 0, 0],
			"to": [16, 13, 16],
			"faces": {
				"north": {"uv": [0, 3, 16, 16], "texture": "#side", "cullface": "north"},
				"east": {"uv": [0, 3, 16, 16], "texture": "#side", "cullface": "east"},
				"south": {"uv": [0, 3, 16, 16], "texture": "#side", "cullface": "south"},
				"west": {"uv": [0, 3, 16, 16], "texture": "#side", "cullface": "west"},
				"up": {"uv": [0, 0, 16, 16], "rotation": 180, "texture": "#top"},
				"down": {"uv": [0, 0, 16, 16], "texture": "#bottom", "cullface": "down"}
			}
		},
		{
			"from": [7, 13, 5],
			"to": [9, 14, 11],
			"rotation": {"angle": 0, "axis": "y", "origin": [8, 5, 8]},
			"faces": {
				"north": {"uv": [7, 5, 9, 5.5], "rotation": 180, "texture": "#eye"},
				"east": {"uv": [8.5, 5, 9, 11], "rotation": 90, "texture": "#eye"},
				"south": {"uv": [7, 10.5, 9, 11], "texture": "#eye"},
				"west": {"uv": [7, 5, 7.5, 11], "rotation": 270, "texture": "#eye"},
				"up": {"uv": [7, 5, 9, 11], "texture": "#eye"},
				"down": {"uv": [7, 5, 9, 11], "texture": "#eye"}
			}
		},
		{
			"from": [6, 13, 5.5],
			"to": [10, 14, 10.5],
			"rotation": {"angle": 0, "axis": "y", "origin": [8, 5, 8]},
			"faces": {
				"north": {"uv": [6, 5.5, 10, 6], "rotation": 180, "texture": "#eye"},
				"east": {"uv": [9.5, 5.5, 10, 10.5], "rotation": 90, "texture": "#eye"},
				"south": {"uv": [6, 10, 10, 10.5], "texture": "#eye"},
				"west": {"uv": [6, 5.5, 6.5, 10.5], "rotation": 270, "texture": "#eye"},
				"up": {"uv": [6, 5.5, 10, 10.5], "texture": "#eye"},
				"down": {"uv": [6, 5.5, 10, 10.5], "texture": "#eye"}
			}
		},
		{
			"from": [5.5, 13, 6],
			"to": [10.5, 14, 10],
			"rotation": {"angle": 0, "axis": "y", "origin": [8, 5, 8]},
			"faces": {
				"north": {"uv": [5.5, 6, 10.5, 6.5], "rotation": 180, "texture": "#eye"},
				"east": {"uv": [10, 6, 10.5, 10], "rotation": 90, "texture": "#eye"},
				"south": {"uv": [5.5, 9.5, 10.5, 10], "texture": "#eye"},
				"west": {"uv": [5.5, 6, 6, 10], "rotation": 270, "texture": "#eye"},
				"up": {"uv": [5.5, 6, 10.5, 10], "texture": "#eye"},
				"down": {"uv": [5.5, 6, 10.5, 10], "texture": "#eye"}
			}
		},
		{
			"from": [5, 13, 7],
			"to": [11, 14, 9],
			"rotation": {"angle": 0, "axis": "y", "origin": [8, 5, 8]},
			"faces": {
				"north": {"uv": [5, 7, 11, 7.5], "rotation": 180, "texture": "#eye"},
				"east": {"uv": [10.5, 7, 11, 9], "rotation": 90, "texture": "#eye"},
				"south": {"uv": [5, 8.5, 11, 9], "texture": "#eye"},
				"west": {"uv": [5, 7, 5.5, 9], "rotation": 270, "texture": "#eye"},
				"up": {"uv": [5, 7, 11, 9], "texture": "#eye"},
				"down": {"uv": [5, 7, 11, 9], "texture": "#eye"}
			}
		}
	],
	"groups": [0,
		{
			"name": "group",
			"origin": [8, 8, 8],
			"children": [1, 2, 3, 4]
		}
	]
}