{
	"credit": "Made with Blockbench, model by LTK1",
	"ambientocclusion": false,
	"textures": {
		"1": "blocks/iron_trapdoor",
		"4": "blocks/trapdoor_5",
		"particle": "blocks/iron_trapdoor"
	},
	"elements": [
		{
			"name": "out",
			"from": [0, 13, 0],
			"to": [16, 16, 16],
			"faces": {
				"north": {
					"uv": [0.032, 0.032, 2.968, 15.968],
					"texture": "#4",
					"rotation": 90
				},
				"east": {
					"uv": [0.032, 0.032, 2.968, 15.968],
					"texture": "#4",
					"rotation": 90
				},
				"south": {
					"uv": [0.032, 0.032, 2.968, 15.968],
					"texture": "#4",
					"rotation": 90
				},
				"west": {
					"uv": [0.032, 0.032, 2.968, 15.968],
					"texture": "#4",
					"rotation": 90
				},
				"up": {
					"uv": [0.032, 0.032, 15.968, 15.968],
					"texture": "#1",
					"rotation": 180
				},
				"down": {
					"uv": [0.032, 0.032, 15.968, 15.968],
					"texture": "#1",
					"rotation": 180
				}
			},
			"type": "cube"
		},
		{
			"name": "in",
			"from": [6, 16, 5.5],
			"to": [10.5, 13, 10.5],
			"faces": {
				"north": {
					"uv": [0.032, 3.532, 2.968, 12.468],
					"texture": "#4",
					"rotation": 90
				},
				"east": {
					"uv": [0.032, 3.532, 2.968, 12.468],
					"texture": "#4",
					"rotation": 90
				},
				"south": {
					"uv": [0.032, 3.532, 2.968, 12.468],
					"texture": "#4",
					"rotation": 90
				},
				"west": {
					"uv": [0.032, 3.532, 2.968, 12.468],
					"texture": "#4",
					"rotation": 90
				}
			},
			"type": "cube"
		}
	],
	"display": {
		"thirdperson_righthand": {
			"scale": [0.375, 0.375, 0.375],
			"rotation": [75, 45, 0],
			"translation": [0, 2.5, 0]
		}
	}
}