{
	"credit": "Made by SyndiShanX",
	"textures": {
		"1": "item/mace",
		"particle": "item/mace"
	},
	"elements": [
		{
			"name": "Head",
			"from": [4, 12, 4],
			"to": [12, 20, 12],
			"rotation": {"angle": 0, "axis": "y", "origin": [0, 12, 0]},
			"faces": {
				"north": {"uv": [0, 8, 8, 16], "texture": "#1"},
				"east": {"uv": [0, 8, 8, 16], "texture": "#1"},
				"south": {"uv": [0, 8, 8, 16], "texture": "#1"},
				"west": {"uv": [0, 8, 8, 16], "texture": "#1"},
				"up": {"uv": [0, 0, 8, 8], "texture": "#1"},
				"down": {"uv": [8, 0, 16, 8], "texture": "#1"}
			}
		},
		{
			"name": "Handle",
			"from": [7, 20, 7],
			"to": [9, 21, 9],
			"rotation": {"angle": 0, "axis": "y", "origin": [7, 20.5, 7]},
			"faces": {
				"north": {"uv": [10.5, 14.5, 12.5, 15.5], "texture": "#1"},
				"east": {"uv": [10.5, 14.5, 12.5, 15.5], "texture": "#1"},
				"south": {"uv": [10.5, 14.5, 12.5, 15.5], "texture": "#1"},
				"west": {"uv": [10.5, 14.5, 12.5, 15.5], "texture": "#1"},
				"up": {"uv": [8, 13.5, 10, 15.5], "texture": "#1"}
			}
		},
		{
			"name": "Handle",
			"from": [7, 2.5, 7],
			"to": [9, 7, 9],
			"rotation": {"angle": 0, "axis": "y", "origin": [7, 2.5, 7]},
			"faces": {
				"north": {"uv": [8, 8, 10, 12.5], "texture": "#1"},
				"east": {"uv": [8, 8, 10, 12.5], "texture": "#1"},
				"south": {"uv": [8, 8, 10, 12.5], "texture": "#1"},
				"west": {"uv": [8, 8, 10, 12.5], "texture": "#1"}
			}
		},
		{
			"name": "Handle",
			"from": [7, 7, 7],
			"to": [9, 12, 9],
			"rotation": {"angle": 0, "axis": "y", "origin": [7, 7, 7]},
			"faces": {
				"north": {"uv": [8, 8, 10, 13], "texture": "#1"},
				"east": {"uv": [8, 8, 10, 13], "texture": "#1"},
				"south": {"uv": [8, 8, 10, 13], "texture": "#1"},
				"west": {"uv": [8, 8, 10, 13], "texture": "#1"}
			}
		},
		{
			"name": "Pommel",
			"from": [6.5, 0, 6.5],
			"to": [9.5, 2.5, 9.5],
			"rotation": {"angle": 0, "axis": "y", "origin": [6.5, 0, 6.5]},
			"faces": {
				"north": {"uv": [10, 8, 13, 10.5], "texture": "#1"},
				"east": {"uv": [10, 8, 13, 10.5], "texture": "#1"},
				"south": {"uv": [10, 8, 13, 10.5], "texture": "#1"},
				"west": {"uv": [10, 8, 13, 10.5], "texture": "#1"},
				"up": {"uv": [10, 11, 13, 14], "texture": "#1"},
				"down": {"uv": [10, 11, 13, 14], "texture": "#1"}
			}
		}
	],
	"display": {
		"thirdperson_righthand": {
			"rotation": [15, 110, -15],
			"translation": [-0.25, 0.75, 2],
			"scale": [1.2, 1.2, 1.2]
		},
		"thirdperson_lefthand": {
			"rotation": [15, 110, -15],
			"translation": [-0.25, 0.75, 2],
			"scale": [1.2, 1.2, 1.2]
		},
		"firstperson_righthand": {
			"rotation": [7.5, 5, 0],
			"translation": [0, 0.75, 0],
			"scale": [0.75, 0.75, 0.75]
		},
		"firstperson_lefthand": {
			"rotation": [7.5, -175, 0],
			"translation": [0, 0.75, 0],
			"scale": [0.75, 0.75, 0.75]
		},
		"ground": {
			"translation": [0, 2, 0],
			"scale": [0.5, 0.5, 0.5]
		},
		"gui": {
			"rotation": [30, 35, -40],
			"translation": [-0.5, -1.75, 0],
			"scale": [0.75, 0.75, 0.75]
		},
		"head": {
			"rotation": [-100, 0, 0],
			"translation": [0, 10, 7]
		},
		"fixed": {
			"rotation": [0, 180, -25],
			"translation": [0.5, -1.25, 0],
			"scale": [0.75, 0.75, 0.75]
		}
	}
}