{
	"credit": "Made with Blockbench, model by LTK1",
	"parent": "block/orientable",
	"textures": {
		"0": "blocks/furnace_front_on",
		"1": "blocks/furnace_in_on",
		"2": "blocks/furnace_front_off",
		"front": "blocks/furnace_front_off",
		"particle": "blocks/furnace_front_off",
		"side": "blocks/furnace_side",
		"cap": "blocks/furnace_top"
	},
	"elements": [
		{
			"name": "cube",
			"from": [5, 10, 1],
			"to": [11.5, 13, 2],
			"faces": {
				"north": {
					"uv": [4.5, 3, 11, 6],
					"texture": "#front"
				},
				"east": {"uv": [0, 0, 1, 2], "texture": "#missing"},
				"south": {"uv": [0, 0, 6.5, 3.5], "texture": "#1"},
				"west": {"uv": [0, 0, 1, 2], "texture": "#missing"},
				"up": {"uv": [0, 0, 12, 1], "texture": "#cap"},
				"down": {"uv": [0, 0, 6.5, 1], "texture": "#side"}
			},
			"type": "cube"
		},
		{
			"name": "cube",
			"from": [2, 1, 1],
			"to": [5, 13, 2],
			"faces": {
				"north": {"uv": [11, 3, 14, 15], "texture": "#2"},
				"east": {"uv": [3, 5, 2, 16], "texture": "#front"},
				"south": {"uv": [2, 0, 0, 11], "texture": "#1"},
				"west": {
					"uv": [1, 0, 0, 11],
					"texture": "#missing"
				},
				"up": {"uv": [2, 0, 0, 1], "texture": "#cap"},
				"down": {"uv": [4.5, 1, 2.5, 2], "texture": "#cap"}
			},
			"type": "cube"
		},
		{
			"name": "cube",
			"from": [11.5, 1, 1],
			"to": [14, 13, 2],
			"faces": {
				"north": {"uv": [2, 3, 4.5, 15], "texture": "#2"},
				"east": {
					"uv": [0, 0, 1, 11],
					"texture": "#missing"
				},
				"south": {"uv": [0, 0, 2, 11], "texture": "#1"},
				"west": {"uv": [2, 5, 3, 16], "texture": "#front"},
				"up": {"uv": [0, 0, 2, 1], "texture": "#cap"},
				"down": {"uv": [2.5, 1, 4.5, 2], "texture": "#cap"}
			},
			"type": "cube"
		},
		{
			"name": "cube",
			"from": [14, 1, 2],
			"to": [15, 13, 14],
			"faces": {
				"north": {
					"uv": [0, 0, 1, 12],
					"texture": "#missing"
				},
				"east": {"uv": [2, 3, 14, 15], "texture": "#side"},
				"south": {"uv": [0, 0, 1, 12], "texture": "#1"},
				"west": {"uv": [0, 0, 6, 12], "texture": "#1"},
				"up": {"uv": [0, 0, 1, 6], "texture": "#cap"},
				"down": {"uv": [0, 0, 1, 6], "texture": "#missing"}
			},
			"type": "cube"
		},
		{
			"name": "cube",
			"from": [1, 1, 2],
			"to": [2, 13, 14],
			"faces": {
				"north": {
					"uv": [0, 0, 1, 12],
					"texture": "#missing"
				},
				"east": {"uv": [0, 0, 6, 12], "texture": "#1"},
				"south": {"uv": [0, 0, 1, 12], "texture": "#1"},
				"west": {"uv": [2, 3, 14, 15], "texture": "#side"},
				"up": {"uv": [0, 0, 1, 6], "texture": "#cap"},
				"down": {"uv": [0, 0, 1, 6], "texture": "#missing"}
			},
			"type": "cube"
		},
		{
			"name": "04",
			"from": [14, 1, 14],
			"to": [16, 13, 16],
			"faces": {
				"north": {"uv": [2, 3, 0, 15], "texture": "#side"},
				"east": {"uv": [2, 3, 0, 15], "texture": "#side"},
				"south": {"uv": [2, 3, 0, 15], "texture": "#side"},
				"west": {"uv": [2, 3, 0, 15], "texture": "#side"},
				"up": {
					"uv": [2, 0, 0, 2],
					"texture": "#cap",
					"rotation": 180
				},
				"down": {
					"uv": [2.5, 1, 0.5, 3],
					"texture": "#cap",
					"rotation": 180
				}
			},
			"type": "cube"
		},
		{
			"name": "03",
			"from": [0, 1, 14],
			"to": [2, 13, 16],
			"faces": {
				"north": {"uv": [2, 3, 0, 15], "texture": "#side"},
				"east": {"uv": [2, 3, 0, 15], "texture": "#side"},
				"south": {"uv": [2, 3, 0, 15], "texture": "#side"},
				"west": {"uv": [2, 3, 0, 15], "texture": "#side"},
				"up": {
					"uv": [2, 0, 0, 2],
					"texture": "#cap",
					"rotation": 270
				},
				"down": {
					"uv": [2.5, 1, 0.5, 3],
					"texture": "#cap",
					"rotation": 90
				}
			},
			"type": "cube"
		},
		{
			"name": "02",
			"from": [0, 1, 0],
			"to": [2, 13, 2],
			"faces": {
				"north": {"uv": [2, 3, 0, 15], "texture": "#side"},
				"east": {"uv": [2, 3, 0, 15], "texture": "#side"},
				"south": {"uv": [2, 3, 0, 15], "texture": "#side"},
				"west": {"uv": [2, 3, 0, 15], "texture": "#side"},
				"up": {"uv": [2, 0, 0, 2], "texture": "#cap"},
				"down": {"uv": [2.5, 1, 0.5, 3], "texture": "#cap"}
			},
			"type": "cube"
		},
		{
			"name": "01",
			"from": [14, 1, 0],
			"to": [16, 13, 2],
			"faces": {
				"north": {"uv": [0, 3, 2, 15], "texture": "#side"},
				"east": {"uv": [14, 3, 16, 15], "texture": "#side"},
				"south": {"uv": [0, 3, 2, 15], "texture": "#side"},
				"west": {"uv": [0, 3, 2, 15], "texture": "#side"},
				"up": {"uv": [0, 0, 2, 2], "texture": "#cap"},
				"down": {"uv": [0.5, 1, 2.5, 3], "texture": "#cap"}
			},
			"type": "cube"
		},
		{
			"name": "01",
			"from": [1, 0, 1],
			"to": [15, 1, 15],
			"faces": {
				"north": {"uv": [0, 0, 12, 0.9], "texture": "#1"},
				"east": {
					"uv": [0, 0, 6, 0.9000000000000004],
					"texture": "#missing"
				},
				"south": {
					"uv": [0, 0, 12, 0.9000000000000004],
					"texture": "#1"
				},
				"west": {
					"uv": [0, 0, 6, 0.9000000000000004],
					"texture": "#missing"
				},
				"up": {"uv": [0, 0, 14, 14], "texture": "#1"},
				"down": {"uv": [1, 1, 15, 15], "texture": "#cap"}
			},
			"type": "cube"
		},
		{
			"name": "02",
			"from": [4.5, 9.5, 2],
			"to": [12, 10.5, 14],
			"faces": {
				"north": {"uv": [0, 0, 12, 1], "texture": "#1"},
				"east": {"uv": [0, 0, 6, 1], "texture": "#1"},
				"south": {"uv": [0, 0, 12, 1], "texture": "#1"},
				"west": {"uv": [0, 0, 6, 1], "texture": "#1"},
				"up": {"uv": [0, 0, 12, 6], "texture": "#1"},
				"down": {"uv": [0, 0, 7.5, 12], "texture": "#1"}
			},
			"type": "cube"
		},
		{
			"name": "cube",
			"from": [2, 1, 12.5],
			"to": [14, 13, 15],
			"faces": {
				"north": {"uv": [0, 0, 12, 12], "texture": "#1"},
				"east": {"uv": [0, 0, 1, 12], "texture": "#1"},
				"south": {"uv": [2, 3, 14, 15], "texture": "#side"},
				"west": {
					"uv": [0, 0, 1, 12],
					"texture": "#missing"
				},
				"up": {"uv": [0, 0, 12, 2.5], "texture": "#cap"},
				"down": {
					"uv": [0, 0, 1, 6],
					"texture": "#missing",
					"rotation": 90
				}
			},
			"type": "cube"
		},
		{
			"name": "cube",
			"from": [0, 0, 0],
			"to": [15, 1, 1],
			"faces": {
				"north": {
					"uv": [1, 15, 16, 16],
					"texture": "#front"
				},
				"east": {"uv": [0, 0, 1, 1], "texture": "#missing"},
				"south": {
					"uv": [0, 0, 15, 1],
					"texture": "#missing"
				},
				"west": {"uv": [0, 15, 1, 16], "texture": "#side"},
				"up": {
					"uv": [1, 15, 16, 16],
					"texture": "#2",
					"rotation": 180
				},
				"down": {"uv": [1, 15, 16, 16], "texture": "#cap"}
			},
			"type": "cube"
		},
		{
			"name": "cube",
			"from": [15, 0, 0],
			"to": [16, 1, 15],
			"faces": {
				"north": {"uv": [0, 15, 1, 16], "texture": "#2"},
				"east": {"uv": [1, 15, 16, 16], "texture": "#side"},
				"south": {
					"uv": [0, 0, 1, 1],
					"texture": "#missing"
				},
				"west": {
					"uv": [0, 0, 15, 1],
					"texture": "#missing"
				},
				"up": {
					"uv": [1, 15, 16, 16],
					"texture": "#side",
					"rotation": 90
				},
				"down": {"uv": [15, 1, 16, 16], "texture": "#cap"}
			},
			"type": "cube"
		},
		{
			"name": "cube",
			"from": [1, 0, 15],
			"to": [16, 1, 16],
			"faces": {
				"north": {
					"uv": [0, 0, 15, 1],
					"texture": "#missing"
				},
				"east": {"uv": [0, 15, 1, 16], "texture": "#side"},
				"south": {
					"uv": [1, 15, 16, 16],
					"texture": "#side"
				},
				"west": {"uv": [0, 0, 1, 1], "texture": "#missing"},
				"up": {
					"uv": [1, 15, 16, 16],
					"texture": "#side",
					"rotation": 180
				},
				"down": {"uv": [0, 0, 15, 1], "texture": "#cap"}
			},
			"type": "cube"
		},
		{
			"name": "cube",
			"from": [0, 0, 1],
			"to": [1, 1, 16],
			"faces": {
				"north": {
					"uv": [0, 0, 1, 1],
					"texture": "#missing"
				},
				"east": {
					"uv": [0, 0, 15, 1],
					"texture": "#missing"
				},
				"south": {"uv": [0, 15, 1, 16], "texture": "#side"},
				"west": {"uv": [1, 15, 16, 16], "texture": "#side"},
				"up": {
					"uv": [1, 15, 16, 16],
					"texture": "#side",
					"rotation": 270
				},
				"down": {"uv": [0, 0.5, 1, 16], "texture": "#cap"}
			},
			"type": "cube"
		},
		{
			"name": "cube",
			"from": [4, 1, 2],
			"to": [5, 9.5, 14],
			"faces": {
				"north": {
					"uv": [0, 0, 1, 12],
					"texture": "#missing"
				},
				"east": {"uv": [0, 0, 12, 8.5], "texture": "#1"},
				"south": {"uv": [0, 0, 1, 12], "texture": "#1"},
				"west": {"uv": [0, 0, 6, 12], "texture": "#1"},
				"up": {"uv": [0, 0, 1, 6], "texture": "#cap"},
				"down": {"uv": [0, 0, 1, 6], "texture": "#missing"}
			},
			"type": "cube"
		},
		{
			"name": "cube",
			"from": [11.5, 1, 2],
			"to": [12.5, 9.5, 14],
			"faces": {
				"north": {
					"uv": [0, 0, 1, 12],
					"texture": "#missing"
				},
				"east": {"uv": [0, 0, 6, 12], "texture": "#1"},
				"south": {"uv": [0, 0, 1, 12], "texture": "#1"},
				"west": {"uv": [0, 0, 12, 8.5], "texture": "#1"},
				"up": {"uv": [0, 0, 1, 6], "texture": "#cap"},
				"down": {"uv": [0, 0, 1, 6], "texture": "#missing"}
			},
			"type": "cube"
		},
		{
			"name": "cube",
			"from": [4, 1, 0.5],
			"to": [5, 9.5, 1],
			"faces": {
				"north": {
					"uv": [11, 6.5, 12, 15],
					"texture": "#front"
				},
				"east": {
					"uv": [11, 7.5, 11.5, 16],
					"texture": "#front"
				},
				"south": {
					"uv": [0, 0, 1, 8.5],
					"texture": "#missing"
				},
				"west": {
					"uv": [11.5, 7.5, 12, 16],
					"texture": "#front"
				},
				"up": {"uv": [0, 0, 1, 0.5], "texture": "#2"},
				"down": {
					"uv": [0, 0, 1, 0.5],
					"texture": "#missing"
				}
			},
			"type": "cube"
		},
		{
			"name": "cube",
			"from": [10, 9.5, 0.5],
			"to": [12, 10.5, 1],
			"faces": {
				"north": {
					"uv": [4, 5.5, 6, 6.5],
					"texture": "#front"
				},
				"east": {"uv": [0, 0, 0.5, 1], "texture": "#2"},
				"south": {"uv": [0, 0, 2, 1], "texture": "#2"},
				"west": {"uv": [0, 0, 0.5, 1], "texture": "#front"},
				"up": {"uv": [0, 0, 2, 0.5], "texture": "#2"},
				"down": {"uv": [0, 0, 2, 0.5], "texture": "#side"}
			},
			"type": "cube"
		},
		{
			"name": "cube",
			"from": [11.5, 1, 0.5],
			"to": [12.5, 9.5, 1],
			"faces": {
				"north": {
					"uv": [3.5, 6.5, 4.5, 15],
					"texture": "#front"
				},
				"east": {
					"uv": [3.5, 7.5, 4, 16],
					"texture": "#front"
				},
				"south": {
					"uv": [0, 0, 1, 8.5],
					"texture": "#missing"
				},
				"west": {
					"uv": [4, 7.5, 4.5, 16],
					"texture": "#front"
				},
				"up": {"uv": [0, 0, 1, 0.5], "texture": "#2"},
				"down": {
					"uv": [0, 0, 1, 0.5],
					"texture": "#missing"
				}
			},
			"type": "cube"
		},
		{
			"name": "cube",
			"from": [4.5, 9.5, 0.5],
			"to": [6.5, 10.5, 1],
			"faces": {
				"north": {
					"uv": [9.5, 5.5, 11.5, 6.5],
					"texture": "#front"
				},
				"east": {"uv": [0, 0, 0.5, 1], "texture": "#front"},
				"south": {"uv": [0, 0, 2, 1], "texture": "#2"},
				"west": {"uv": [0, 0, 0.5, 1], "texture": "#2"},
				"up": {"uv": [0, 0, 2, 0.5], "texture": "#2"},
				"down": {"uv": [0, 0, 2, 0.5], "texture": "#front"}
			},
			"type": "cube"
		},
		{
			"name": "cube",
			"from": [6.5, 10, 0.5],
			"to": [10, 11, 1],
			"faces": {
				"north": {"uv": [6, 5, 9.5, 6], "texture": "#2"},
				"east": {"uv": [0, 0, 0.5, 1], "texture": "#2"},
				"south": {
					"uv": [0, 0, 3.5, 1],
					"texture": "#missing"
				},
				"west": {"uv": [0, 0, 0.5, 1], "texture": "#2"},
				"up": {"uv": [0, 0, 3.5, 0.5], "texture": "#2"},
				"down": {
					"uv": [0, 0, 3.5, 0.5],
					"texture": "#front"
				}
			},
			"type": "cube"
		},
		{
			"name": "cube",
			"from": [7, 11, 0.5],
			"to": [9.5, 11.5, 1],
			"faces": {
				"north": {
					"uv": [6.5, 4.5, 9, 5],
					"texture": "#front"
				},
				"east": {"uv": [0, 0, 0.5, 0.5], "texture": "#2"},
				"south": {
					"uv": [0, 0, 2.5, 0.5],
					"texture": "#missing"
				},
				"west": {"uv": [0, 0, 0.5, 0.5], "texture": "#2"},
				"up": {"uv": [0, 0, 2.5, 0.5], "texture": "#2"},
				"down": {
					"uv": [0, 0, 2.5, 0.5],
					"texture": "#missing"
				}
			},
			"type": "cube"
		},
		{
			"name": "cube",
			"from": [5, 1, 5],
			"to": [11.5, 9.5, 5.5],
			"faces": {
				"north": {
					"uv": [4.5, 7.5, 11, 16],
					"texture": "#0"
				},
				"east": {"uv": [7.5, 7, 8, 15.5], "texture": "#0"},
				"south": {
					"uv": [4.5, 7.5, 11, 16],
					"texture": "#0"
				},
				"west": {"uv": [7.5, 7, 8, 15.5], "texture": "#0"},
				"up": {"uv": [4.5, 12.5, 11, 13], "texture": "#0"},
				"down": {"uv": [4.5, 12, 11, 12.5], "texture": "#0"}
			},
			"type": "cube"
		},
		{
			"name": "cube",
			"from": [0, 13, 13],
			"to": [13, 16, 16],
			"faces": {
				"north": {"uv": [3, 13, 16, 16], "texture": "#cap"},
				"east": {
					"uv": [0, 0, 1, 1],
					"texture": "#missing",
					"rotation": 180
				},
				"south": {
					"uv": [0, 0, 13, 3],
					"texture": "#side",
					"rotation": 180
				},
				"west": {
					"uv": [13, 0, 16, 3],
					"texture": "#side",
					"rotation": 180
				},
				"up": {"uv": [0, 13, 13, 16], "texture": "#cap"},
				"down": {
					"uv": [1, 15, 16, 16],
					"texture": "#2",
					"rotation": 180
				}
			},
			"type": "cube"
		},
		{
			"name": "cube",
			"from": [13, 13, 3],
			"to": [16, 16, 16],
			"faces": {
				"north": {
					"uv": [0, 0, 1, 1],
					"texture": "#missing",
					"rotation": 180
				},
				"east": {
					"uv": [0, 0, 13, 3],
					"texture": "#side",
					"rotation": 180
				},
				"south": {
					"uv": [13, 0, 16, 3],
					"texture": "#side",
					"rotation": 180
				},
				"west": {
					"uv": [13, 0, 16, 13],
					"texture": "#cap",
					"rotation": 90
				},
				"up": {"uv": [13, 3, 16, 16], "texture": "#cap"},
				"down": {
					"uv": [1, 15, 16, 16],
					"texture": "#side",
					"rotation": 90
				}
			},
			"type": "cube"
		},
		{
			"name": "cube",
			"from": [3, 13, 0],
			"to": [16, 16, 3],
			"faces": {
				"north": {
					"uv": [0, 0, 13, 3],
					"texture": "#2",
					"rotation": 180
				},
				"east": {
					"uv": [13, 0, 16, 3],
					"texture": "#side",
					"rotation": 180
				},
				"south": {
					"uv": [0, 0, 13, 3],
					"texture": "#cap",
					"rotation": 180
				},
				"west": {
					"uv": [0, 0, 1, 1],
					"texture": "#missing",
					"rotation": 180
				},
				"up": {"uv": [3, 0, 16, 3], "texture": "#cap"},
				"down": {
					"uv": [1, 15, 16, 16],
					"texture": "#side",
					"rotation": 180
				}
			},
			"type": "cube"
		},
		{
			"name": "cube",
			"from": [0, 13, 0],
			"to": [3, 16, 13],
			"faces": {
				"north": {
					"uv": [13, 0, 16, 3],
					"texture": "#front",
					"rotation": 180
				},
				"east": {
					"uv": [0, 3, 3, 16],
					"texture": "#cap",
					"rotation": 270
				},
				"south": {
					"uv": [0, 0, 1, 1],
					"texture": "#missing",
					"rotation": 180
				},
				"west": {
					"uv": [0, 0, 13, 3],
					"texture": "#side",
					"rotation": 180
				},
				"up": {"uv": [0, 0, 3, 13], "texture": "#cap"},
				"down": {
					"uv": [1, 15, 16, 16],
					"texture": "#side",
					"rotation": 270
				}
			},
			"type": "cube"
		},
		{
			"name": "02",
			"from": [3, 15, 3],
			"to": [13, 15.5, 13],
			"faces": {
				"north": {
					"uv": [0, 0, 12, 0.9000000000000004],
					"texture": "#1",
					"rotation": 180
				},
				"east": {
					"uv": [0, 0, 6, 0.9000000000000004],
					"texture": "#missing",
					"rotation": 180
				},
				"south": {
					"uv": [0, 0, 12, 0.9],
					"texture": "#1",
					"rotation": 180
				},
				"west": {
					"uv": [0, 0, 6, 0.9000000000000004],
					"texture": "#missing",
					"rotation": 180
				},
				"up": {"uv": [3, 3, 13, 13], "texture": "#cap"},
				"down": {"uv": [0, 0, 14, 14], "texture": "#1"}
			},
			"type": "cube"
		}
	],
	"display": {
		"thirdperson_righthand": {
			"scale": [0.375, 0.375, 0.375],
			"rotation": [75, 45, 0],
			"translation": [0, 2.5, 0]
		},
		"thirdperson_lefthand": {
			"scale": [0.375, 0.375, 0.375],
			"rotation": [75, 45, 0],
			"translation": [0, 2.5, 0]
		},
		"firstperson_righthand": {
			"scale": [0.4, 0.4, 0.4],
			"rotation": [0, 135, 0],
			"translation": [0, 2, 0]
		},
		"firstperson_lefthand": {
			"scale": [0.4, 0.4, 0.4],
			"rotation": [0, 135, 0],
			"translation": [0, 2, 0]
		},
		"ground": {
			"scale": [0.25, 0.25, 0.25],
			"rotation": [0, 0, 0],
			"translation": [0, 3, 0]
		},
		"fixed": {
			"scale": [0.75, 0.75, 0.75],
			"rotation": [0, 0, 0],
			"translation": [0, 0, -1]
		},
		"gui": {
			"scale": [0.625, 0.625, 0.625],
			"rotation": [30, 135, 0],
			"translation": [0, 0, 0]
		}
	}
}