{
	"credit": "Made with Blockbench",
	"textures": {
		"1": "block/lantern_light",
		"2": "block/lantern_frame",
		"particle": "block/lantern_frame"
	},
	"elements": [
		{
			"name": "Base EW",
			"from": [4, 0, 5],
			"to": [12, 1, 11],
			"faces": {
				"north": {"uv": [4.032, 15.032, 11.968, 15.968], "rotation": 180, "texture": "#2"},
				"east": {"uv": [5.032, 15.032, 10.968, 15.968], "rotation": 180, "texture": "#2"},
				"south": {"uv": [4.032, 15.032, 11.968, 15.968], "rotation": 180, "texture": "#2"},
				"west": {"uv": [5.032, 15.032, 10.968, 15.968], "rotation": 180, "texture": "#2"},
				"up": {"uv": [0.032, 1.032, 7.968, 6.968], "texture": "#2"},
				"down": {"uv": [0.032, 1.032, 7.968, 6.968], "rotation": 180, "texture": "#2"}
			}
		},
		{
			"name": "Base NS",
			"from": [5, 0, 4],
			"to": [11, 1, 12],
			"faces": {
				"north": {"uv": [5.032, 15.032, 10.968, 15.968], "rotation": 180, "texture": "#2"},
				"east": {"uv": [4.032, 15.032, 11.968, 15.968], "rotation": 180, "texture": "#2"},
				"south": {"uv": [5.032, 15.032, 10.968, 15.968], "rotation": 180, "texture": "#2"},
				"west": {"uv": [4.032, 15.032, 11.968, 15.968], "rotation": 180, "texture": "#2"},
				"up": {"uv": [1.032, 0.032, 6.968, 7.968], "texture": "#2"},
				"down": {"uv": [1.032, 0.032, 6.968, 7.968], "rotation": 180, "texture": "#2"}
			}
		},
		{
			"name": "Top 1EW",
			"from": [4, 8, 5],
			"to": [12, 9, 11],
			"faces": {
				"north": {"uv": [4.032, 15.032, 11.968, 15.968], "texture": "#2"},
				"east": {"uv": [5.032, 15.032, 10.968, 15.968], "texture": "#2"},
				"south": {"uv": [4.032, 15.032, 11.968, 15.968], "texture": "#2"},
				"west": {"uv": [5.032, 15.032, 10.968, 15.968], "texture": "#2"},
				"up": {"uv": [0.032, 1.032, 7.968, 6.968], "texture": "#2"},
				"down": {"uv": [0.032, 1.032, 7.968, 6.968], "rotation": 180, "texture": "#2"}
			}
		},
		{
			"name": "Top 1NS",
			"from": [5, 8, 4],
			"to": [11, 9, 12],
			"faces": {
				"north": {"uv": [5.032, 15.032, 10.968, 15.968], "texture": "#2"},
				"east": {"uv": [4.032, 15.032, 11.968, 15.968], "texture": "#2"},
				"south": {"uv": [5.032, 15.032, 10.968, 15.968], "texture": "#2"},
				"west": {"uv": [4.032, 15.032, 11.968, 15.968], "texture": "#2"},
				"up": {"uv": [1.032, 0.032, 6.968, 7.968], "texture": "#2"},
				"down": {"uv": [1.032, 0.032, 6.968, 7.968], "rotation": 180, "texture": "#2"}
			}
		},
		{
			"name": "Top 2EW",
			"from": [5, 9, 6],
			"to": [11, 10, 10],
			"faces": {
				"north": {"uv": [5.032, 14.5, 10.968, 15.5], "texture": "#2"},
				"east": {"uv": [6.032, 14.5, 9.968, 15.5], "texture": "#2"},
				"south": {"uv": [5.032, 14.5, 10.968, 15.5], "texture": "#2"},
				"west": {"uv": [6.032, 14.5, 9.968, 15.5], "texture": "#2"},
				"up": {"uv": [8.032, 1.032, 13.968, 4.968], "texture": "#2"}
			}
		},
		{
			"name": "Top 2NS",
			"from": [6, 9, 5],
			"to": [10, 10, 11],
			"faces": {
				"north": {"uv": [6.032, 14.5, 9.968, 15.5], "texture": "#2"},
				"east": {"uv": [5.032, 14.5, 10.968, 15.5], "texture": "#2"},
				"south": {"uv": [6.032, 14.5, 9.968, 15.5], "texture": "#2"},
				"west": {"uv": [5.032, 14.5, 10.968, 15.5], "texture": "#2"},
				"up": {"uv": [9.032, 0.032, 12.968, 5.968], "texture": "#2"}
			}
		},
		{
			"name": "Top 3NS",
			"from": [7, 10, 6],
			"to": [9, 11, 10],
			"faces": {
				"north": {"uv": [12.032, 15.032, 13.968, 15.968], "texture": "#2"},
				"east": {"uv": [6.032, 15.032, 9.968, 15.968], "texture": "#2"},
				"south": {"uv": [12.032, 15.032, 13.968, 15.968], "texture": "#2"},
				"west": {"uv": [6.032, 15.032, 9.968, 15.968], "texture": "#2"},
				"up": {"uv": [8.032, 6.032, 9.968, 9.968], "texture": "#2"}
			}
		},
		{
			"name": "Hook 1",
			"from": [6.5, 11, 7.5],
			"to": [7.5, 12, 8.5],
			"faces": {
				"north": {"uv": [2.5, 15.032, 3.5, 15.968], "texture": "#2"},
				"east": {"uv": [2.5, 15.032, 3.5, 15.968], "texture": "#2"},
				"south": {"uv": [2.5, 15.032, 3.5, 15.968], "texture": "#2"},
				"west": {"uv": [2.5, 15.032, 3.5, 15.968], "texture": "#2"},
				"up": {"uv": [1.5, 15.032, 2.5, 15.968], "rotation": 270, "texture": "#2"}
			}
		},
		{
			"name": "Hook 2",
			"from": [8.5, 11, 7.5],
			"to": [9.5, 12, 8.5],
			"faces": {
				"north": {"uv": [2.5, 15.032, 3.5, 15.968], "texture": "#2"},
				"east": {"uv": [2.5, 15.032, 3.5, 15.968], "texture": "#2"},
				"south": {"uv": [2.5, 15.032, 3.5, 15.968], "texture": "#2"},
				"west": {"uv": [2.032, 15.032, 2.968, 15.968], "texture": "#2"},
				"up": {"uv": [1.5, 15.032, 2.5, 15.968], "rotation": 90, "texture": "#2"}
			}
		},
		{
			"name": "Hook 3",
			"from": [7, 12, 7.5],
			"to": [9, 12.5, 8.5],
			"faces": {
				"north": {"uv": [2.032, 15.032, 3.968, 15.5], "texture": "#2"},
				"east": {"uv": [3.032, 0.032, 3.968, 0.5], "texture": "#2"},
				"south": {"uv": [2.032, 15.032, 3.968, 15.5], "texture": "#2"},
				"west": {"uv": [3.032, 0.032, 3.968, 0.5], "texture": "#2"},
				"up": {"uv": [3.5, 5.5, 5.5, 6.5], "texture": "#2"},
				"down": {"uv": [1.5, 15.032, 3.5, 15.968], "texture": "#2"}
			}
		},
		{
			"name": "Hook 4",
			"from": [7.5, 12.5, 7.5],
			"to": [8.5, 13, 8.5],
			"faces": {
				"north": {"uv": [1.5, 15.032, 2.5, 15.5], "texture": "#2"},
				"east": {"uv": [3.032, 0.032, 3.968, 0.5], "texture": "#2"},
				"south": {"uv": [1.5, 15.032, 2.5, 15.5], "texture": "#2"},
				"west": {"uv": [3.032, 0.032, 3.968, 0.5], "texture": "#2"},
				"up": {"uv": [3.5, 3.032, 4.5, 3.968], "texture": "#2"}
			}
		},
		{
			"name": "octagon",
			"from": [6.96447, 1, 5.5],
			"to": [9.03553, 8, 10.5],
			"rotation": {"angle": 45, "axis": "y", "origin": [8, 4.5, 8]},
			"faces": {
				"north": {"uv": [0.032, 0.032, 3.968, 13.968], "texture": "#1"},
				"east": {"uv": [0.032, 0.032, 0.5, 0.5], "texture": "#1"},
				"south": {"uv": [0.032, 0.032, 3.968, 13.968], "texture": "#1"},
				"west": {"uv": [0.032, 0.032, 0.5, 0.5], "texture": "#1"},
				"up": {"uv": [0.032, 0.032, 0.5, 0.5], "texture": "#1"},
				"down": {"uv": [0.032, 0.032, 0.5, 0.5], "texture": "#1"}
			}
		},
		{
			"name": "octagon",
			"from": [6.96447, 1, 5.5],
			"to": [9.03553, 8, 10.5],
			"faces": {
				"north": {"uv": [4.032, 0.032, 7.968, 13.968], "texture": "#1"},
				"east": {"uv": [0.032, 0.032, 0.5, 0.5], "texture": "#1"},
				"south": {"uv": [4.032, 0.032, 7.968, 13.968], "texture": "#1"},
				"west": {"uv": [0.032, 0.032, 0.5, 0.5], "texture": "#1"}
			}
		},
		{
			"name": "octagon",
			"from": [5.5, 1, 6.96447],
			"to": [10.5, 8, 9.03553],
			"rotation": {"angle": 45, "axis": "y", "origin": [8, 4.5, 8]},
			"faces": {
				"north": {"uv": [0.032, 0.032, 0.5, 0.5], "texture": "#1"},
				"east": {"uv": [0.032, 0.032, 3.968, 13.968], "texture": "#1"},
				"south": {"uv": [0.032, 0.032, 0.5, 0.5], "texture": "#1"},
				"west": {"uv": [0.032, 0.032, 3.968, 13.968], "texture": "#1"},
				"up": {"uv": [0.032, 0.032, 0.5, 0.5], "texture": "#1"},
				"down": {"uv": [0.032, 0.032, 0.5, 0.5], "texture": "#1"}
			}
		},
		{
			"name": "octagon",
			"from": [5.5, 1, 6.96447],
			"to": [10.5, 8, 9.03553],
			"faces": {
				"north": {"uv": [0.032, 0.032, 0.5, 0.5], "texture": "#1"},
				"east": {"uv": [4.032, 0.032, 7.968, 13.968], "texture": "#1"},
				"south": {"uv": [0.032, 0.032, 0.5, 0.5], "texture": "#1"},
				"west": {"uv": [4.032, 0.032, 7.968, 13.968], "texture": "#1"}
			}
		},
		{
			"from": [6, 1, 4],
			"to": [6.5, 8, 4.5],
			"faces": {
				"north": {"uv": [0.032, 0.032, 0.5, 6.968], "texture": "#2"},
				"east": {"uv": [4.5, 0.5, 4.968, 7.5], "texture": "#2"},
				"south": {"uv": [4.5, 0.5, 4.968, 7.5], "texture": "#2"},
				"west": {"uv": [4.5, 0.5, 4.968, 7.5], "texture": "#2"}
			}
		},
		{
			"from": [9.5, 1, 4],
			"to": [10, 8, 4.5],
			"faces": {
				"north": {"uv": [0.032, 0.032, 0.5, 6.968], "texture": "#2"},
				"east": {"uv": [4.5, 0.5, 4.968, 7.5], "texture": "#2"},
				"south": {"uv": [4.5, 0.5, 4.968, 7.5], "texture": "#2"},
				"west": {"uv": [4.5, 0.5, 4.968, 7.5], "texture": "#2"}
			}
		},
		{
			"from": [4, 1, 6],
			"to": [4.5, 8, 6.5],
			"faces": {
				"north": {"uv": [4.032, 0.5, 4.5, 7.5], "texture": "#2"},
				"east": {"uv": [4.5, 0.5, 4.968, 7.5], "texture": "#2"},
				"south": {"uv": [4.5, 0.5, 4.968, 7.5], "texture": "#2"},
				"west": {"uv": [0.032, 0.032, 0.5, 6.968], "texture": "#2"}
			}
		},
		{
			"from": [4, 1, 9.5],
			"to": [4.5, 8, 10],
			"faces": {
				"north": {"uv": [4.032, 0.5, 4.5, 7.5], "texture": "#2"},
				"east": {"uv": [4.5, 0.5, 4.968, 7.5], "texture": "#2"},
				"south": {"uv": [4.5, 0.5, 4.968, 7.5], "texture": "#2"},
				"west": {"uv": [0.032, 0.032, 0.5, 6.968], "texture": "#2"}
			}
		},
		{
			"from": [6, 1, 11.5],
			"to": [6.5, 8, 12],
			"faces": {
				"north": {"uv": [4.032, 0.5, 4.5, 7.5], "texture": "#2"},
				"east": {"uv": [4.5, 0.5, 4.968, 7.5], "texture": "#2"},
				"south": {"uv": [0.032, 0.032, 0.5, 6.968], "texture": "#2"},
				"west": {"uv": [4.5, 0.5, 4.968, 7.5], "texture": "#2"}
			}
		},
		{
			"from": [9.5, 1, 11.5],
			"to": [10, 8, 12],
			"faces": {
				"north": {"uv": [4.032, 0.5, 4.5, 7.5], "texture": "#2"},
				"east": {"uv": [4.5, 0.5, 4.968, 7.5], "texture": "#2"},
				"south": {"uv": [0.032, 0.032, 0.5, 6.968], "texture": "#2"},
				"west": {"uv": [4.5, 0.5, 4.968, 7.5], "texture": "#2"}
			}
		},
		{
			"from": [11.5, 1, 6],
			"to": [12, 8, 6.5],
			"faces": {
				"north": {"uv": [4.032, 0.5, 4.5, 7.5], "texture": "#2"},
				"east": {"uv": [0.032, 0.032, 0.5, 6.968], "texture": "#2"},
				"south": {"uv": [4.032, 0.5, 4.5, 7.5], "texture": "#2"},
				"west": {"uv": [4.5, 0.5, 4.968, 7.5], "texture": "#2"}
			}
		},
		{
			"from": [11.5, 1, 9.5],
			"to": [12, 8, 10],
			"faces": {
				"north": {"uv": [4.032, 0.5, 4.5, 7.5], "texture": "#2"},
				"east": {"uv": [0.032, 0.032, 0.5, 6.968], "texture": "#2"},
				"south": {"uv": [4.5, 0.5, 4.968, 7.5], "texture": "#2"},
				"west": {"uv": [4.5, 0.5, 4.968, 7.5], "texture": "#2"}
			}
		},
		{
			"name": "Top 3EW",
			"from": [6, 10, 7],
			"to": [10, 11, 9],
			"faces": {
				"north": {"uv": [6.5, 15.032, 8.5, 15.968], "texture": "#2"},
				"east": {"uv": [6.5, 15.032, 8.5, 15.968], "texture": "#2"},
				"south": {"uv": [6.5, 15.032, 8.5, 15.968], "texture": "#2"},
				"west": {"uv": [6.5, 15.032, 8.5, 15.968], "texture": "#2"},
				"up": {"uv": [7.032, 7.032, 10.968, 8.968], "texture": "#2"}
			}
		}
	],
	"groups": [0, 1, 2, 3, 4, 5, 6, 7, 8, 9, 10,
		{
			"name": "Light",
			"children": [11, 12, 13, 14]
		},
		{
			"name": "Bars",
			"children": [15, 16, 17, 18, 19, 20, 21, 22]
		}, 23]
}