{
	"credit": "Made with Blockbench",
	"parent": "block/thin_block",
	"textures": {
		"0": "block/stone_pressureplate",
		"particle": "block/stone_pressureplate"
	},
	"elements": [
		{
			"from": [0.96, 0, 0.96],
			"to": [15.04, 0.5, 15.04],
			"faces": {
				"north": {"uv": [0, 0, 16, 0.5], "texture": "#0"},
				"east": {"uv": [15.5, 0, 16, 16], "rotation": 90, "texture": "#0"},
				"south": {"uv": [0, 15.5, 16, 16], "texture": "#0"},
				"west": {"uv": [0, 0, 0.5, 16], "rotation": 90, "texture": "#0"},
				"up": {"uv": [0, 0, 16, 16], "texture": "#0"},
				"down": {"uv": [0, 0, 16, 16], "texture": "#0"}
			}
		},
		{
			"from": [1.4, 0.5, 1.4],
			"to": [2.72, 1, 2.72],
			"faces": {
				"north": {"uv": [0.5, 0.5, 2, 1], "texture": "#0"},
				"east": {"uv": [0.5, 0.5, 2, 1], "texture": "#0"},
				"south": {"uv": [1.5, 0.5, 2, 2], "rotation": 90, "texture": "#0"},
				"west": {"uv": [0.5, 0.5, 2, 1], "texture": "#0"},
				"up": {"uv": [0.5, 0.5, 1.938, 1.938], "texture": "#0"}
			}
		},
		{
			"from": [1.4, 0.5, 13.28],
			"to": [2.72, 1, 14.6],
			"faces": {
				"north": {"uv": [0.594, 14.938, 1.969, 15.438], "texture": "#0"},
				"east": {"uv": [0.5, 14.938, 1.969, 15.405], "texture": "#0"},
				"south": {"uv": [0.5, 14.969, 1.938, 15.469], "texture": "#0"},
				"west": {"uv": [0.5, 15, 1.969, 15.5], "texture": "#0"},
				"up": {"uv": [0.5, 14, 1.969, 15.469], "texture": "#0"}
			}
		},
		{
			"from": [3.16, 0.5, 1.4],
			"to": [6.24, 1, 3.16],
			"faces": {
				"north": {"uv": [6, 0.5, 2.5, 1], "texture": "#0"},
				"east": {"uv": [5.5, 0.5, 6, 2.5], "rotation": 90, "texture": "#0"},
				"south": {"uv": [2.5, 2, 6, 2.5], "texture": "#0"},
				"west": {"uv": [2.5, 0.5, 3, 2.5], "rotation": 90, "texture": "#0"},
				"up": {"uv": [2.5, 0.5, 6, 2.5], "texture": "#0"}
			}
		},
		{
			"from": [9.32, 0.5, 1.4],
			"to": [12.84, 1, 3.16],
			"faces": {
				"north": {"uv": [13.5, 0.5, 9.5, 1], "texture": "#0"},
				"east": {"uv": [9.5, 0.5, 10, 2.5], "rotation": 90, "texture": "#0"},
				"south": {"uv": [9.5, 2, 13.5, 2.5], "texture": "#0"},
				"west": {"uv": [13, 2.5, 13.5, 0.5], "rotation": 90, "texture": "#0"},
				"up": {"uv": [9.5, 0.5, 13.5, 2.5], "texture": "#0"}
			}
		},
		{
			"from": [6.68, 0.5, 1.4],
			"to": [8.88, 1, 3.16],
			"faces": {
				"north": {"uv": [9, 0.5, 6.5, 1], "texture": "#0"},
				"east": {"uv": [8.5, 0.5, 9, 2.5], "rotation": 90, "texture": "#0"},
				"south": {"uv": [6.5, 2, 9, 2.5], "texture": "#0"},
				"west": {"uv": [6.5, 0.5, 7, 2.5], "rotation": 90, "texture": "#0"},
				"up": {"uv": [6.5, 0.5, 9, 2.5], "texture": "#0"}
			}
		},
		{
			"from": [13.28, 0.5, 1.4],
			"to": [14.6, 1, 2.72],
			"faces": {
				"north": {"uv": [15.5, 0.5, 14, 1], "texture": "#0"},
				"east": {"uv": [15, 0.5, 15.5, 2], "rotation": 90, "texture": "#0"},
				"south": {"uv": [14, 1.5, 15.5, 2], "texture": "#0"},
				"west": {"uv": [14, 0.5, 14.5, 2], "rotation": 90, "texture": "#0"},
				"up": {"uv": [14, 0.5, 15.5, 2], "texture": "#0"}
			}
		},
		{
			"from": [12.84, 0.5, 3.16],
			"to": [14.6, 1, 6.24],
			"faces": {
				"north": {"uv": [13.5, 2.5, 15.5, 3], "texture": "#0"},
				"east": {"uv": [15, 2.5, 15.5, 6], "rotation": 90, "texture": "#0"},
				"south": {"uv": [13.5, 5.5, 15.5, 6], "texture": "#0"},
				"west": {"uv": [13.5, 6, 14, 2.5], "rotation": 90, "texture": "#0"},
				"up": {"uv": [13.5, 2.5, 15.5, 6], "texture": "#0"}
			}
		},
		{
			"from": [12.84, 0.5, 6.68],
			"to": [14.6, 1, 8.88],
			"faces": {
				"north": {"uv": [13.5, 6.5, 15.5, 7], "texture": "#0"},
				"east": {"uv": [15, 6.5, 15.5, 9], "rotation": 90, "texture": "#0"},
				"south": {"uv": [13.5, 8.5, 15.5, 9], "texture": "#0"},
				"west": {"uv": [13.5, 9, 14, 6.5], "rotation": 90, "texture": "#0"},
				"up": {"uv": [13.5, 6.5, 15.5, 9], "texture": "#0"}
			}
		},
		{
			"from": [12.84, 0.5, 9.32],
			"to": [14.6, 1, 12.84],
			"faces": {
				"north": {"uv": [15.5, 9.5, 13.5, 10], "texture": "#0"},
				"east": {"uv": [15, 9.5, 15.5, 13.5], "rotation": 90, "texture": "#0"},
				"south": {"uv": [13.5, 13, 15.5, 13.5], "texture": "#0"},
				"west": {"uv": [13.5, 9.5, 14, 13.5], "rotation": 90, "texture": "#0"},
				"up": {"uv": [13.5, 9.5, 15.5, 13.5], "texture": "#0"}
			}
		},
		{
			"from": [13.28, 0.5, 13.28],
			"to": [14.6, 1, 14.6],
			"faces": {
				"north": {"uv": [14, 15, 15.5, 15.5], "texture": "#0"},
				"east": {"uv": [14, 15, 15.5, 15.5], "texture": "#0"},
				"south": {"uv": [14, 15, 15.5, 15.5], "texture": "#0"},
				"west": {"uv": [14, 14, 15.5, 14.5], "texture": "#0"},
				"up": {"uv": [14, 14, 15.5, 15.5], "texture": "#0"}
			}
		},
		{
			"from": [9.32, 0.5, 12.84],
			"to": [12.84, 1, 14.6],
			"faces": {
				"north": {"uv": [13.5, 13.5, 9.5, 14], "texture": "#0"},
				"east": {"uv": [13, 13.5, 13.5, 15.5], "rotation": 90, "texture": "#0"},
				"south": {"uv": [9.5, 15, 13.5, 15.5], "texture": "#0"},
				"west": {"uv": [9.5, 15.5, 10, 13.5], "rotation": 90, "texture": "#0"},
				"up": {"uv": [9.5, 13.5, 13.5, 15.5], "texture": "#0"}
			}
		},
		{
			"from": [6.68, 0.5, 12.84],
			"to": [8.88, 1, 14.6],
			"faces": {
				"north": {"uv": [9, 13.5, 6.5, 14], "texture": "#0"},
				"east": {"uv": [8.5, 13.5, 9, 15.5], "rotation": 90, "texture": "#0"},
				"south": {"uv": [6.5, 15, 9, 15.5], "texture": "#0"},
				"west": {"uv": [6.5, 13.5, 7, 15.5], "rotation": 90, "texture": "#0"},
				"up": {"uv": [6.5, 13.5, 9, 15.5], "texture": "#0"}
			}
		},
		{
			"from": [3.16, 0.5, 12.84],
			"to": [6.24, 1, 14.6],
			"faces": {
				"north": {"uv": [6, 14, 2.5, 13.5], "texture": "#0"},
				"east": {"uv": [5.5, 13.5, 6, 15.5], "rotation": 90, "texture": "#0"},
				"south": {"uv": [2.5, 15.5, 6, 15], "texture": "#0"},
				"west": {"uv": [2.5, 13.5, 3, 15.5], "rotation": 90, "texture": "#0"},
				"up": {"uv": [2.5, 13.5, 6, 15.5], "texture": "#0"}
			}
		},
		{
			"from": [1.4, 0.5, 9.32],
			"to": [3.16, 1, 12.84],
			"faces": {
				"north": {"uv": [2.5, 9.5, 0.5, 10], "texture": "#0"},
				"east": {"uv": [2, 9.5, 2.5, 13.5], "rotation": 90, "texture": "#0"},
				"south": {"uv": [0.5, 13, 2.5, 13.5], "texture": "#0"},
				"west": {"uv": [0.5, 13.5, 1, 9.5], "rotation": 90, "texture": "#0"},
				"up": {"uv": [0.5, 9.5, 2.5, 13.5], "texture": "#0"}
			}
		},
		{
			"from": [1.4, 0.5, 6.68],
			"to": [3.16, 1, 8.88],
			"faces": {
				"north": {"uv": [0.5, 7, 2.5, 6.5], "texture": "#0"},
				"east": {"uv": [2, 6.5, 2.5, 9], "rotation": 90, "texture": "#0"},
				"south": {"uv": [0.5, 9, 2.5, 8.5], "texture": "#0"},
				"west": {"uv": [0.5, 9, 1, 6.5], "rotation": 90, "texture": "#0"},
				"up": {"uv": [0.5, 6.5, 2.5, 9], "texture": "#0"}
			}
		},
		{
			"from": [1.4, 0.5, 3.16],
			"to": [3.16, 1, 6.24],
			"faces": {
				"north": {"uv": [0.5, 3, 2.5, 2.5], "texture": "#0"},
				"east": {"uv": [2, 6, 2.5, 2.5], "rotation": 90, "texture": "#0"},
				"south": {"uv": [0.5, 6, 2.5, 5.5], "texture": "#0"},
				"west": {"uv": [0.5, 6, 1, 2.5], "rotation": 90, "texture": "#0"},
				"up": {"uv": [0.5, 2.5, 2.5, 6], "texture": "#0"}
			}
		},
		{
			"from": [11.08, 0.5, 8],
			"to": [11.96, 1, 11.96],
			"faces": {
				"north": {"uv": [11.5, 8, 12.5, 8.5], "texture": "#0"},
				"east": {"uv": [12, 8, 12.5, 12.5], "rotation": 90, "texture": "#0"},
				"south": {"uv": [11.5, 12, 12.5, 12.5], "texture": "#0"},
				"west": {"uv": [11.5, 12.5, 12, 8], "rotation": 90, "texture": "#0"},
				"up": {"uv": [11.5, 8, 12.5, 12.5], "texture": "#0"}
			}
		},
		{
			"from": [8, 0.5, 8],
			"to": [10.64, 1, 11.96],
			"faces": {
				"north": {"uv": [11, 8, 8, 8.5], "texture": "#0"},
				"east": {"uv": [11, 8, 10.5, 12.5], "rotation": 90, "texture": "#0"},
				"south": {"uv": [8, 12, 11, 12.5], "texture": "#0"},
				"west": {"uv": [8.5, 8, 8, 12.5], "rotation": 90, "texture": "#0"},
				"up": {"uv": [8, 8, 11, 12.5], "texture": "#0"}
			}
		},
		{
			"from": [4.04, 0.5, 4.04],
			"to": [5.36, 1, 9.32],
			"faces": {
				"north": {"uv": [5, 3.5, 3.5, 4], "texture": "#0"},
				"east": {"uv": [4.5, 3.5, 5, 9.5], "rotation": 90, "texture": "#0"},
				"south": {"uv": [3.5, 9, 5, 9.5], "texture": "#0"},
				"west": {"uv": [3.5, 9.5, 4, 3.5], "rotation": 90, "texture": "#0"},
				"up": {"uv": [3.5, 3.5, 5, 9.5], "texture": "#0"}
			}
		},
		{
			"from": [5.8, 0.5, 4.04],
			"to": [7.56, 1, 9.32],
			"faces": {
				"north": {"uv": [5.5, 9, 7.5, 9.5], "texture": "#0"},
				"east": {"uv": [7, 3.5, 7.5, 9.5], "rotation": 90, "texture": "#0"},
				"south": {"uv": [7.5, 3.5, 5.5, 4], "texture": "#0"},
				"west": {"uv": [5.5, 9.5, 6, 3.5], "rotation": 90, "texture": "#0"},
				"up": {"uv": [5.5, 3.5, 7.5, 9.5], "texture": "#0"}
			}
		},
		{
			"from": [4.04, 0.5, 9.76],
			"to": [7.56, 1, 11.96],
			"faces": {
				"north": {"uv": [7.5, 10, 3.5, 10.5], "texture": "#0"},
				"east": {"uv": [7, 10, 7.5, 12.5], "rotation": 90, "texture": "#0"},
				"south": {"uv": [3.5, 12, 7.5, 12.5], "texture": "#0"},
				"west": {"uv": [3.5, 12.5, 4, 10], "rotation": 90, "texture": "#0"},
				"up": {"uv": [3.5, 10, 7.5, 12.5], "texture": "#0"}
			}
		},
		{
			"from": [8, 0.5, 4.04],
			"to": [11.96, 1, 7.56],
			"faces": {
				"north": {"uv": [8, 3.5, 12.5, 4], "texture": "#0"},
				"east": {"uv": [12, 3.5, 12.5, 7.5], "rotation": 90, "texture": "#0"},
				"south": {"uv": [8, 7, 12.5, 7.5], "texture": "#0"},
				"west": {"uv": [8, 3.5, 8.5, 7.5], "rotation": 90, "texture": "#0"},
				"up": {"uv": [8, 3.5, 12.5, 7.5], "texture": "#0"}
			}
		}
	]
}