{
	"credit": "Made with Blockbench",
	"textures": {
		"0": "block/birch_fence_gate",
		"particle": "block/birch_fence_gate"
	},
	"elements": [
		{
			"name": "Wattle",
			"from": [3.25, 7.5, 7.75],
			"to": [3.75, 16, 8.25],
			"rotation": {"angle": 22.5, "axis": "x", "origin": [3.5, 12, 8]},
			"faces": {
				"north": {"uv": [1, 0, 1.5, 9], "rotation": 180, "texture": "#0"},
				"east": {"uv": [4, 0, 4.5, 9], "rotation": 180, "texture": "#0"},
				"south": {"uv": [2, 0, 2.5, 9], "texture": "#0"},
				"west": {"uv": [3, 0, 3.5, 9], "texture": "#0"},
				"up": {"uv": [5, 8.5, 5.5, 9], "rotation": 270, "texture": "#0"},
				"down": {"uv": [5, 0, 5.5, 0.5], "rotation": 270, "texture": "#0"}
			}
		},
		{
			"name": "Wattle",
			"from": [3.75, 7.5, 7.75],
			"to": [4.25, 16, 8.25],
			"rotation": {"angle": -22.5, "axis": "x", "origin": [4, 12, 8]},
			"faces": {
				"north": {"uv": [5, 0, 5.5, 9], "texture": "#0"},
				"east": {"uv": [4, 0, 4.5, 9], "rotation": 180, "texture": "#0"},
				"south": {"uv": [5, 0, 5.5, 9], "rotation": 180, "texture": "#0"},
				"west": {"uv": [5, 0, 5.5, 9], "texture": "#0"},
				"up": {"uv": [5, 8.5, 5.5, 9], "rotation": 270, "texture": "#0"},
				"down": {"uv": [5, 0, 5.5, 0.5], "rotation": 270, "texture": "#0"}
			}
		},
		{
			"name": "Wattle",
			"from": [2.75, 7.5, 7.75],
			"to": [3.25, 16, 8.25],
			"rotation": {"angle": -22.5, "axis": "x", "origin": [3, 12, 8]},
			"faces": {
				"north": {"uv": [7, 0, 7.5, 9], "rotation": 180, "texture": "#0"},
				"east": {"uv": [4, 0, 4.5, 9], "rotation": 180, "texture": "#0"},
				"south": {"uv": [7, 0, 7.5, 9], "texture": "#0"},
				"west": {"uv": [5, 0, 5.5, 9], "texture": "#0"},
				"up": {"uv": [5, 8.5, 5.5, 9], "rotation": 270, "texture": "#0"},
				"down": {"uv": [5, 0, 5.5, 0.5], "rotation": 270, "texture": "#0"}
			}
		},
		{
			"name": "Wattle",
			"from": [2.25, 7.5, 7.75],
			"to": [2.75, 16, 8.25],
			"rotation": {"angle": 22.5, "axis": "x", "origin": [2.5, 12, 8]},
			"faces": {
				"north": {"uv": [4, 0, 4.5, 9], "texture": "#0"},
				"east": {"uv": [4, 0, 4.5, 9], "rotation": 180, "texture": "#0"},
				"south": {"uv": [5, 0, 5.5, 9], "texture": "#0"},
				"west": {"uv": [5, 0, 5.5, 9], "texture": "#0"},
				"up": {"uv": [5, 8.5, 5.5, 9], "rotation": 270, "texture": "#0"},
				"down": {"uv": [5, 0, 5.5, 0.5], "rotation": 270, "texture": "#0"}
			}
		},
		{
			"name": "Wattle",
			"from": [6.75, 7.5, 7.75],
			"to": [7.25, 16, 8.25],
			"rotation": {"angle": -22.5, "axis": "x", "origin": [7, 12, 8]},
			"faces": {
				"north": {"uv": [2, 0, 2.5, 9], "texture": "#0"},
				"east": {"uv": [4, 0, 4.5, 9], "rotation": 180, "texture": "#0"},
				"south": {"uv": [2, 0, 2.5, 9], "rotation": 180, "texture": "#0"},
				"west": {"uv": [3, 0, 3.5, 9], "texture": "#0"},
				"up": {"uv": [5, 8.5, 5.5, 9], "rotation": 270, "texture": "#0"},
				"down": {"uv": [5, 0, 5.5, 0.5], "rotation": 270, "texture": "#0"}
			}
		},
		{
			"name": "Wattle",
			"from": [6.25, 7.5, 7.75],
			"to": [6.75, 16, 8.25],
			"rotation": {"angle": 22.5, "axis": "x", "origin": [6.5, 12, 8]},
			"faces": {
				"north": {"uv": [3, 0, 3.5, 9], "rotation": 180, "texture": "#0"},
				"east": {"uv": [4, 0, 4.5, 9], "rotation": 180, "texture": "#0"},
				"south": {"uv": [3, 0, 3.5, 9], "texture": "#0"},
				"west": {"uv": [5, 0, 5.5, 9], "texture": "#0"},
				"up": {"uv": [5, 8.5, 5.5, 9], "rotation": 270, "texture": "#0"},
				"down": {"uv": [5, 0, 5.5, 0.5], "rotation": 270, "texture": "#0"}
			}
		},
		{
			"name": "Wattle",
			"from": [5.75, 7.5, 7.75],
			"to": [6.25, 16, 8.25],
			"rotation": {"angle": -22.5, "axis": "x", "origin": [6, 12, 8]},
			"faces": {
				"north": {"uv": [5, 0, 5.5, 9], "rotation": 180, "texture": "#0"},
				"east": {"uv": [4, 0, 4.5, 9], "rotation": 180, "texture": "#0"},
				"south": {"uv": [5, 0, 5.5, 9], "rotation": 180, "texture": "#0"},
				"west": {"uv": [5, 0, 5.5, 9], "texture": "#0"},
				"up": {"uv": [5, 8.5, 5.5, 9], "rotation": 270, "texture": "#0"},
				"down": {"uv": [5, 0, 5.5, 0.5], "rotation": 270, "texture": "#0"}
			}
		},
		{
			"name": "Wattle",
			"from": [5.25, 7.5, 7.75],
			"to": [5.75, 16, 8.25],
			"rotation": {"angle": 22.5, "axis": "x", "origin": [5.5, 12, 8]},
			"faces": {
				"north": {"uv": [4, 0, 4.5, 9], "rotation": 180, "texture": "#0"},
				"east": {"uv": [4, 0, 4.5, 9], "rotation": 180, "texture": "#0"},
				"south": {"uv": [5, 0, 5.5, 9], "texture": "#0"},
				"west": {"uv": [5, 0, 5.5, 9], "texture": "#0"},
				"up": {"uv": [5, 8.5, 5.5, 9], "rotation": 270, "texture": "#0"},
				"down": {"uv": [5, 0, 5.5, 0.5], "rotation": 270, "texture": "#0"}
			}
		},
		{
			"name": "Wattle",
			"from": [4.75, 7.5, 7.75],
			"to": [5.25, 16, 8.25],
			"rotation": {"angle": -22.5, "axis": "x", "origin": [5, 12, 8]},
			"faces": {
				"north": {"uv": [5, 0, 5.5, 9], "rotation": 180, "texture": "#0"},
				"east": {"uv": [4, 0, 4.5, 9], "rotation": 180, "texture": "#0"},
				"south": {"uv": [7, 0, 7.5, 9], "rotation": 180, "texture": "#0"},
				"west": {"uv": [5, 0, 5.5, 9], "texture": "#0"},
				"up": {"uv": [5, 8.5, 5.5, 9], "rotation": 270, "texture": "#0"},
				"down": {"uv": [5, 0, 5.5, 0.5], "rotation": 270, "texture": "#0"}
			}
		},
		{
			"name": "Wattle",
			"from": [4.25, 7.5, 7.75],
			"to": [4.75, 16, 8.25],
			"rotation": {"angle": 22.5, "axis": "x", "origin": [4.5, 12, 8]},
			"faces": {
				"north": {"uv": [6, 0, 6.5, 9], "texture": "#0"},
				"east": {"uv": [4, 0, 4.5, 9], "rotation": 180, "texture": "#0"},
				"south": {"uv": [4, 0, 4.5, 9], "rotation": 180, "texture": "#0"},
				"west": {"uv": [5, 0, 5.5, 9], "texture": "#0"},
				"up": {"uv": [5, 8.5, 5.5, 9], "rotation": 270, "texture": "#0"},
				"down": {"uv": [5, 0, 5.5, 0.5], "rotation": 270, "texture": "#0"}
			}
		},
		{
			"name": "Wattle",
			"from": [8.75, 7.5, 7.75],
			"to": [9.25, 16, 8.25],
			"rotation": {"angle": -22.5, "axis": "x", "origin": [9, 12, 8]},
			"faces": {
				"north": {"uv": [5, 0, 5.5, 9], "rotation": 180, "texture": "#0"},
				"east": {"uv": [4, 0, 4.5, 9], "rotation": 180, "texture": "#0"},
				"south": {"uv": [6, 0, 6.5, 9], "texture": "#0"},
				"west": {"uv": [4, 0, 4.5, 9], "texture": "#0"},
				"up": {"uv": [5, 8.5, 5.5, 9], "rotation": 270, "texture": "#0"},
				"down": {"uv": [5, 0, 5.5, 0.5], "rotation": 270, "texture": "#0"}
			}
		},
		{
			"name": "Wattle",
			"from": [9.25, 7.5, 7.75],
			"to": [9.75, 16, 8.25],
			"rotation": {"angle": 22.5, "axis": "x", "origin": [9.5, 12, 8]},
			"faces": {
				"north": {"uv": [3, 0, 3.5, 9], "rotation": 180, "texture": "#0"},
				"east": {"uv": [4, 0, 4.5, 9], "rotation": 180, "texture": "#0"},
				"south": {"uv": [2, 0, 2.5, 9], "texture": "#0"},
				"west": {"uv": [5, 0, 5.5, 9], "texture": "#0"},
				"up": {"uv": [5, 8.5, 5.5, 9], "rotation": 270, "texture": "#0"},
				"down": {"uv": [5, 0, 5.5, 0.5], "rotation": 270, "texture": "#0"}
			}
		},
		{
			"name": "Wattle",
			"from": [9.75, 7.5, 7.75],
			"to": [10.25, 16, 8.25],
			"rotation": {"angle": -22.5, "axis": "x", "origin": [10, 12, 8]},
			"faces": {
				"north": {"uv": [5, 0, 5.5, 9], "texture": "#0"},
				"east": {"uv": [4, 0, 4.5, 9], "rotation": 180, "texture": "#0"},
				"south": {"uv": [6, 0, 6.5, 9], "texture": "#0"},
				"west": {"uv": [5, 0, 5.5, 9], "texture": "#0"},
				"up": {"uv": [5, 8.5, 5.5, 9], "rotation": 270, "texture": "#0"},
				"down": {"uv": [5, 0, 5.5, 0.5], "rotation": 270, "texture": "#0"}
			}
		},
		{
			"name": "Wattle",
			"from": [10.25, 7.5, 7.75],
			"to": [10.75, 16, 8.25],
			"rotation": {"angle": 22.5, "axis": "x", "origin": [10.5, 12, 8]},
			"faces": {
				"north": {"uv": [2, 0, 2.5, 9], "rotation": 180, "texture": "#0"},
				"east": {"uv": [4, 0, 4.5, 9], "rotation": 180, "texture": "#0"},
				"south": {"uv": [3, 0, 3.5, 9], "texture": "#0"},
				"west": {"uv": [4, 0, 4.5, 9], "texture": "#0"},
				"up": {"uv": [5, 8.5, 5.5, 9], "rotation": 270, "texture": "#0"},
				"down": {"uv": [5, 0, 5.5, 0.5], "rotation": 270, "texture": "#0"}
			}
		},
		{
			"name": "Wattle",
			"from": [10.75, 7.5, 7.75],
			"to": [11.25, 16, 8.25],
			"rotation": {"angle": -22.5, "axis": "x", "origin": [11, 12, 8]},
			"faces": {
				"north": {"uv": [5, 0, 5.5, 9], "rotation": 180, "texture": "#0"},
				"east": {"uv": [4, 0, 4.5, 9], "rotation": 180, "texture": "#0"},
				"south": {"uv": [4, 0, 4.5, 9], "texture": "#0"},
				"west": {"uv": [5, 0, 5.5, 9], "texture": "#0"},
				"up": {"uv": [5, 8.5, 5.5, 9], "rotation": 270, "texture": "#0"},
				"down": {"uv": [5, 0, 5.5, 0.5], "rotation": 270, "texture": "#0"}
			}
		},
		{
			"name": "Wattle",
			"from": [11.25, 7.5, 7.75],
			"to": [11.75, 16, 8.25],
			"rotation": {"angle": 22.5, "axis": "x", "origin": [11.5, 12, 8]},
			"faces": {
				"north": {"uv": [4, 0, 4.5, 9], "rotation": 180, "texture": "#0"},
				"east": {"uv": [4, 0, 4.5, 9], "rotation": 180, "texture": "#0"},
				"south": {"uv": [6, 0, 6.5, 9], "texture": "#0"},
				"west": {"uv": [5, 0, 5.5, 9], "texture": "#0"},
				"up": {"uv": [5, 8.5, 5.5, 9], "rotation": 270, "texture": "#0"},
				"down": {"uv": [5, 0, 5.5, 0.5], "rotation": 270, "texture": "#0"}
			}
		},
		{
			"name": "Wattle",
			"from": [11.75, 7.5, 7.75],
			"to": [12.25, 16, 8.25],
			"rotation": {"angle": -22.5, "axis": "x", "origin": [12, 12, 8]},
			"faces": {
				"north": {"uv": [7, 0, 7.5, 9], "texture": "#0"},
				"east": {"uv": [4, 0, 4.5, 9], "rotation": 180, "texture": "#0"},
				"south": {"uv": [6, 0, 6.5, 9], "texture": "#0"},
				"west": {"uv": [5, 0, 5.5, 9], "texture": "#0"},
				"up": {"uv": [5, 8.5, 5.5, 9], "rotation": 270, "texture": "#0"},
				"down": {"uv": [5, 0, 5.5, 0.5], "rotation": 270, "texture": "#0"}
			}
		},
		{
			"name": "Wattle",
			"from": [12.25, 7.5, 7.75],
			"to": [12.75, 16, 8.25],
			"rotation": {"angle": 22.5, "axis": "x", "origin": [12.5, 12, 8]},
			"faces": {
				"north": {"uv": [5, 0, 5.5, 9], "rotation": 180, "texture": "#0"},
				"east": {"uv": [4, 0, 4.5, 9], "rotation": 180, "texture": "#0"},
				"south": {"uv": [6, 0, 6.5, 9], "texture": "#0"},
				"west": {"uv": [5, 0, 5.5, 9], "texture": "#0"},
				"up": {"uv": [5, 8.5, 5.5, 9], "rotation": 270, "texture": "#0"},
				"down": {"uv": [5, 0, 5.5, 0.5], "rotation": 270, "texture": "#0"}
			}
		},
		{
			"name": "Wattle",
			"from": [12.75, 7.5, 7.75],
			"to": [13.25, 16, 8.25],
			"rotation": {"angle": -22.5, "axis": "x", "origin": [13, 12, 8]},
			"faces": {
				"north": {"uv": [2, 0, 2.5, 9], "rotation": 180, "texture": "#0"},
				"east": {"uv": [4, 0, 4.5, 9], "rotation": 180, "texture": "#0"},
				"south": {"uv": [2, 0, 2.5, 9], "texture": "#0"},
				"west": {"uv": [3, 0, 3.5, 9], "texture": "#0"},
				"up": {"uv": [5, 8.5, 5.5, 9], "rotation": 270, "texture": "#0"},
				"down": {"uv": [5, 0, 5.5, 0.5], "rotation": 270, "texture": "#0"}
			}
		},
		{
			"name": "Wattle",
			"from": [13.25, 7.5, 7.75],
			"to": [13.75, 16, 8.25],
			"rotation": {"angle": 22.5, "axis": "x", "origin": [13.5, 12, 8]},
			"faces": {
				"north": {"uv": [5, 0, 5.5, 9], "rotation": 180, "texture": "#0"},
				"east": {"uv": [4, 0, 4.5, 9], "rotation": 180, "texture": "#0"},
				"south": {"uv": [6, 0, 6.5, 9], "texture": "#0"},
				"west": {"uv": [5, 0, 5.5, 9], "texture": "#0"},
				"up": {"uv": [5, 8.5, 5.5, 9], "rotation": 270, "texture": "#0"},
				"down": {"uv": [5, 0, 5.5, 0.5], "rotation": 270, "texture": "#0"}
			}
		},
		{
			"name": "Wattle",
			"from": [13.25, 0, 7.75],
			"to": [13.75, 8.5, 8.25],
			"rotation": {"angle": -22.5, "axis": "x", "origin": [13.5, 4, 8]},
			"faces": {
				"north": {"uv": [5, 9, 5.5, 0], "rotation": 180, "texture": "#0"},
				"east": {"uv": [4.5, 0, 4, 9], "texture": "#0"},
				"south": {"uv": [6, 9, 6.5, 0], "texture": "#0"},
				"west": {"uv": [5.5, 0, 5, 9], "rotation": 180, "texture": "#0"},
				"up": {"uv": [5.5, 0, 5, 0.5], "rotation": 270, "texture": "#0"},
				"down": {"uv": [5.5, 8.5, 5, 9], "rotation": 270, "texture": "#0"}
			}
		},
		{
			"name": "Wattle",
			"from": [12.75, 0, 7.75],
			"to": [13.25, 8.5, 8.25],
			"rotation": {"angle": 22.5, "axis": "x", "origin": [13, 4, 8]},
			"faces": {
				"north": {"uv": [2, 9, 2.5, 0], "rotation": 180, "texture": "#0"},
				"east": {"uv": [4.5, 0, 4, 9], "texture": "#0"},
				"south": {"uv": [2, 9, 2.5, 0], "texture": "#0"},
				"west": {"uv": [3.5, 0, 3, 9], "rotation": 180, "texture": "#0"},
				"up": {"uv": [5.5, 0, 5, 0.5], "rotation": 270, "texture": "#0"},
				"down": {"uv": [5.5, 8.5, 5, 9], "rotation": 270, "texture": "#0"}
			}
		},
		{
			"name": "Wattle",
			"from": [12.25, 0, 7.75],
			"to": [12.75, 8.5, 8.25],
			"rotation": {"angle": -22.5, "axis": "x", "origin": [12.5, 4, 8]},
			"faces": {
				"north": {"uv": [5, 9, 5.5, 0], "rotation": 180, "texture": "#0"},
				"east": {"uv": [4.5, 0, 4, 9], "texture": "#0"},
				"south": {"uv": [6, 9, 6.5, 0], "texture": "#0"},
				"west": {"uv": [5.5, 0, 5, 9], "rotation": 180, "texture": "#0"},
				"up": {"uv": [5.5, 0, 5, 0.5], "rotation": 270, "texture": "#0"},
				"down": {"uv": [5.5, 8.5, 5, 9], "rotation": 270, "texture": "#0"}
			}
		},
		{
			"name": "Wattle",
			"from": [11.75, 0, 7.75],
			"to": [12.25, 8.5, 8.25],
			"rotation": {"angle": 22.5, "axis": "x", "origin": [12, 4, 8]},
			"faces": {
				"north": {"uv": [7, 9, 7.5, 0], "texture": "#0"},
				"east": {"uv": [4.5, 0, 4, 9], "texture": "#0"},
				"south": {"uv": [6, 9, 6.5, 0], "texture": "#0"},
				"west": {"uv": [5.5, 0, 5, 9], "rotation": 180, "texture": "#0"},
				"up": {"uv": [5.5, 0, 5, 0.5], "rotation": 270, "texture": "#0"},
				"down": {"uv": [5.5, 8.5, 5, 9], "rotation": 270, "texture": "#0"}
			}
		},
		{
			"name": "Wattle",
			"from": [11.25, 0, 7.75],
			"to": [11.75, 8.5, 8.25],
			"rotation": {"angle": -22.5, "axis": "x", "origin": [11.5, 4, 8]},
			"faces": {
				"north": {"uv": [4, 9, 4.5, 0], "rotation": 180, "texture": "#0"},
				"east": {"uv": [4.5, 0, 4, 9], "texture": "#0"},
				"south": {"uv": [6, 9, 6.5, 0], "texture": "#0"},
				"west": {"uv": [5.5, 0, 5, 9], "rotation": 180, "texture": "#0"},
				"up": {"uv": [5.5, 0, 5, 0.5], "rotation": 270, "texture": "#0"},
				"down": {"uv": [5.5, 8.5, 5, 9], "rotation": 270, "texture": "#0"}
			}
		},
		{
			"name": "Wattle",
			"from": [10.75, 0, 7.75],
			"to": [11.25, 8.5, 8.25],
			"rotation": {"angle": 22.5, "axis": "x", "origin": [11, 4, 8]},
			"faces": {
				"north": {"uv": [5, 9, 5.5, 0], "rotation": 180, "texture": "#0"},
				"east": {"uv": [4.5, 0, 4, 9], "texture": "#0"},
				"south": {"uv": [4, 9, 4.5, 0], "texture": "#0"},
				"west": {"uv": [5.5, 0, 5, 9], "rotation": 180, "texture": "#0"},
				"up": {"uv": [5.5, 0, 5, 0.5], "rotation": 270, "texture": "#0"},
				"down": {"uv": [5.5, 8.5, 5, 9], "rotation": 270, "texture": "#0"}
			}
		},
		{
			"name": "Wattle",
			"from": [10.25, 0, 7.75],
			"to": [10.75, 8.5, 8.25],
			"rotation": {"angle": -22.5, "axis": "x", "origin": [10.5, 4, 8]},
			"faces": {
				"north": {"uv": [2, 9, 2.5, 0], "rotation": 180, "texture": "#0"},
				"east": {"uv": [4.5, 0, 4, 9], "texture": "#0"},
				"south": {"uv": [3, 9, 3.5, 0], "texture": "#0"},
				"west": {"uv": [4.5, 0, 4, 9], "rotation": 180, "texture": "#0"},
				"up": {"uv": [5.5, 0, 5, 0.5], "rotation": 270, "texture": "#0"},
				"down": {"uv": [5.5, 8.5, 5, 9], "rotation": 270, "texture": "#0"}
			}
		},
		{
			"name": "Wattle",
			"from": [9.75, 0, 7.75],
			"to": [10.25, 8.5, 8.25],
			"rotation": {"angle": 22.5, "axis": "x", "origin": [10, 4, 8]},
			"faces": {
				"north": {"uv": [5, 9, 5.5, 0], "texture": "#0"},
				"east": {"uv": [4.5, 0, 4, 9], "texture": "#0"},
				"south": {"uv": [6, 9, 6.5, 0], "texture": "#0"},
				"west": {"uv": [5.5, 0, 5, 9], "rotation": 180, "texture": "#0"},
				"up": {"uv": [5.5, 0, 5, 0.5], "rotation": 270, "texture": "#0"},
				"down": {"uv": [5.5, 8.5, 5, 9], "rotation": 270, "texture": "#0"}
			}
		},
		{
			"name": "Wattle",
			"from": [9.25, 0, 7.75],
			"to": [9.75, 8.5, 8.25],
			"rotation": {"angle": -22.5, "axis": "x", "origin": [9.5, 4, 8]},
			"faces": {
				"north": {"uv": [3, 9, 3.5, 0], "rotation": 180, "texture": "#0"},
				"east": {"uv": [4.5, 0, 4, 9], "texture": "#0"},
				"south": {"uv": [2, 9, 2.5, 0], "texture": "#0"},
				"west": {"uv": [5.5, 0, 5, 9], "rotation": 180, "texture": "#0"},
				"up": {"uv": [5.5, 0, 5, 0.5], "rotation": 270, "texture": "#0"},
				"down": {"uv": [5.5, 8.5, 5, 9], "rotation": 270, "texture": "#0"}
			}
		},
		{
			"name": "Wattle",
			"from": [8.75, 0, 7.75],
			"to": [9.25, 8.5, 8.25],
			"rotation": {"angle": 22.5, "axis": "x", "origin": [9, 4, 8]},
			"faces": {
				"north": {"uv": [5, 9, 5.5, 0], "rotation": 180, "texture": "#0"},
				"east": {"uv": [4.5, 0, 4, 9], "texture": "#0"},
				"south": {"uv": [6, 9, 6.5, 0], "texture": "#0"},
				"west": {"uv": [4.5, 0, 4, 9], "rotation": 180, "texture": "#0"},
				"up": {"uv": [5.5, 0, 5, 0.5], "rotation": 270, "texture": "#0"},
				"down": {"uv": [5.5, 8.5, 5, 9], "rotation": 270, "texture": "#0"}
			}
		},
		{
			"name": "Wattle",
			"from": [4.25, 0, 7.75],
			"to": [4.75, 8.5, 8.25],
			"rotation": {"angle": -22.5, "axis": "x", "origin": [4.5, 4, 8]},
			"faces": {
				"north": {"uv": [6, 9, 6.5, 0], "texture": "#0"},
				"east": {"uv": [4.5, 0, 4, 9], "texture": "#0"},
				"south": {"uv": [4, 9, 4.5, 0], "rotation": 180, "texture": "#0"},
				"west": {"uv": [5.5, 0, 5, 9], "rotation": 180, "texture": "#0"},
				"up": {"uv": [5.5, 0, 5, 0.5], "rotation": 270, "texture": "#0"},
				"down": {"uv": [5.5, 8.5, 5, 9], "rotation": 270, "texture": "#0"}
			}
		},
		{
			"name": "Wattle",
			"from": [4.75, 0, 7.75],
			"to": [5.25, 8.5, 8.25],
			"rotation": {"angle": 22.5, "axis": "x", "origin": [5, 4, 8]},
			"faces": {
				"north": {"uv": [5, 9, 5.5, 0], "rotation": 180, "texture": "#0"},
				"east": {"uv": [4.5, 0, 4, 9], "texture": "#0"},
				"south": {"uv": [7, 9, 7.5, 0], "rotation": 180, "texture": "#0"},
				"west": {"uv": [5.5, 0, 5, 9], "rotation": 180, "texture": "#0"},
				"up": {"uv": [5.5, 0, 5, 0.5], "rotation": 270, "texture": "#0"},
				"down": {"uv": [5.5, 8.5, 5, 9], "rotation": 270, "texture": "#0"}
			}
		},
		{
			"name": "Wattle",
			"from": [5.25, 0, 7.75],
			"to": [5.75, 8.5, 8.25],
			"rotation": {"angle": -22.5, "axis": "x", "origin": [5.5, 4, 8]},
			"faces": {
				"north": {"uv": [4, 9, 4.5, 0], "rotation": 180, "texture": "#0"},
				"east": {"uv": [4.5, 0, 4, 9], "texture": "#0"},
				"south": {"uv": [5, 9, 5.5, 0], "texture": "#0"},
				"west": {"uv": [5.5, 0, 5, 9], "rotation": 180, "texture": "#0"},
				"up": {"uv": [5.5, 0, 5, 0.5], "rotation": 270, "texture": "#0"},
				"down": {"uv": [5.5, 8.5, 5, 9], "rotation": 270, "texture": "#0"}
			}
		},
		{
			"name": "Wattle",
			"from": [5.75, 0, 7.75],
			"to": [6.25, 8.5, 8.25],
			"rotation": {"angle": 22.5, "axis": "x", "origin": [6, 4, 8]},
			"faces": {
				"north": {"uv": [5, 9, 5.5, 0], "rotation": 180, "texture": "#0"},
				"east": {"uv": [4.5, 0, 4, 9], "texture": "#0"},
				"south": {"uv": [5, 9, 5.5, 0], "rotation": 180, "texture": "#0"},
				"west": {"uv": [5.5, 0, 5, 9], "rotation": 180, "texture": "#0"},
				"up": {"uv": [5.5, 0, 5, 0.5], "rotation": 270, "texture": "#0"},
				"down": {"uv": [5.5, 8.5, 5, 9], "rotation": 270, "texture": "#0"}
			}
		},
		{
			"name": "Wattle",
			"from": [6.25, 0, 7.75],
			"to": [6.75, 8.5, 8.25],
			"rotation": {"angle": -22.5, "axis": "x", "origin": [6.5, 4, 8]},
			"faces": {
				"north": {"uv": [3, 9, 3.5, 0], "rotation": 180, "texture": "#0"},
				"east": {"uv": [4.5, 0, 4, 9], "texture": "#0"},
				"south": {"uv": [3, 9, 3.5, 0], "texture": "#0"},
				"west": {"uv": [5.5, 0, 5, 9], "rotation": 180, "texture": "#0"},
				"up": {"uv": [5.5, 0, 5, 0.5], "rotation": 270, "texture": "#0"},
				"down": {"uv": [5.5, 8.5, 5, 9], "rotation": 270, "texture": "#0"}
			}
		},
		{
			"name": "Wattle",
			"from": [6.75, 0, 7.75],
			"to": [7.25, 8.5, 8.25],
			"rotation": {"angle": 22.5, "axis": "x", "origin": [7, 4, 8]},
			"faces": {
				"north": {"uv": [2, 9, 2.5, 0], "texture": "#0"},
				"east": {"uv": [4.5, 0, 4, 9], "texture": "#0"},
				"south": {"uv": [2, 9, 2.5, 0], "rotation": 180, "texture": "#0"},
				"west": {"uv": [3.5, 0, 3, 9], "rotation": 180, "texture": "#0"},
				"up": {"uv": [5.5, 0, 5, 0.5], "rotation": 270, "texture": "#0"},
				"down": {"uv": [5.5, 8.5, 5, 9], "rotation": 270, "texture": "#0"}
			}
		},
		{
			"name": "Wattle",
			"from": [2.25, 0, 7.75],
			"to": [2.75, 8.5, 8.25],
			"rotation": {"angle": -22.5, "axis": "x", "origin": [2.5, 4, 8]},
			"faces": {
				"north": {"uv": [4, 9, 4.5, 0], "texture": "#0"},
				"east": {"uv": [4.5, 0, 4, 9], "texture": "#0"},
				"south": {"uv": [5, 9, 5.5, 0], "texture": "#0"},
				"west": {"uv": [5.5, 0, 5, 9], "rotation": 180, "texture": "#0"},
				"up": {"uv": [5.5, 0, 5, 0.5], "rotation": 270, "texture": "#0"},
				"down": {"uv": [5.5, 8.5, 5, 9], "rotation": 270, "texture": "#0"}
			}
		},
		{
			"name": "Wattle",
			"from": [2.75, 0, 7.75],
			"to": [3.25, 8.5, 8.25],
			"rotation": {"angle": 22.5, "axis": "x", "origin": [3, 4, 8]},
			"faces": {
				"north": {"uv": [7, 9, 7.5, 0], "rotation": 180, "texture": "#0"},
				"east": {"uv": [4.5, 0, 4, 9], "texture": "#0"},
				"south": {"uv": [7, 9, 7.5, 0], "texture": "#0"},
				"west": {"uv": [5.5, 0, 5, 9], "rotation": 180, "texture": "#0"},
				"up": {"uv": [5.5, 0, 5, 0.5], "rotation": 270, "texture": "#0"},
				"down": {"uv": [5.5, 8.5, 5, 9], "rotation": 270, "texture": "#0"}
			}
		},
		{
			"name": "Wattle",
			"from": [3.75, 0, 7.75],
			"to": [4.25, 8.5, 8.25],
			"rotation": {"angle": 22.5, "axis": "x", "origin": [4, 4, 8]},
			"faces": {
				"north": {"uv": [5, 9, 5.5, 0], "texture": "#0"},
				"east": {"uv": [4.5, 0, 4, 9], "texture": "#0"},
				"south": {"uv": [5, 9, 5.5, 0], "rotation": 180, "texture": "#0"},
				"west": {"uv": [5.5, 0, 5, 9], "rotation": 180, "texture": "#0"},
				"up": {"uv": [5.5, 0, 5, 0.5], "rotation": 270, "texture": "#0"},
				"down": {"uv": [5.5, 8.5, 5, 9], "rotation": 270, "texture": "#0"}
			}
		},
		{
			"name": "Wattle",
			"from": [3.25, 0, 7.75],
			"to": [3.75, 8.5, 8.25],
			"rotation": {"angle": -22.5, "axis": "x", "origin": [3.5, 4, 8]},
			"faces": {
				"north": {"uv": [1, 9, 1.5, 0], "rotation": 180, "texture": "#0"},
				"east": {"uv": [4.5, 0, 4, 9], "texture": "#0"},
				"south": {"uv": [2, 9, 2.5, 0], "texture": "#0"},
				"west": {"uv": [3.5, 0, 3, 9], "rotation": 180, "texture": "#0"},
				"up": {"uv": [5.5, 0, 5, 0.5], "rotation": 270, "texture": "#0"},
				"down": {"uv": [5.5, 8.5, 5, 9], "rotation": 270, "texture": "#0"}
			}
		},
		{
			"name": "Wattle",
			"from": [13.75, 0, 7.75],
			"to": [14.25, 8.5, 8.25],
			"rotation": {"angle": 22.5, "axis": "x", "origin": [14, 4, 8]},
			"faces": {
				"north": {"uv": [2, 9, 2.5, 0], "rotation": 180, "texture": "#0"},
				"east": {"uv": [4.5, 0, 4, 9], "texture": "#0"},
				"south": {"uv": [2, 9, 2.5, 0], "texture": "#0"},
				"west": {"uv": [3.5, 0, 3, 9], "rotation": 180, "texture": "#0"},
				"up": {"uv": [5.5, 0, 5, 0.5], "rotation": 270, "texture": "#0"},
				"down": {"uv": [5.5, 8.5, 5, 9], "rotation": 270, "texture": "#0"}
			}
		},
		{
			"name": "Wattle",
			"from": [13.75, 7.5, 7.75],
			"to": [14.25, 16, 8.25],
			"rotation": {"angle": -22.5, "axis": "x", "origin": [14, 12, 8]},
			"faces": {
				"north": {"uv": [2, 0, 2.5, 9], "rotation": 180, "texture": "#0"},
				"east": {"uv": [4, 0, 4.5, 9], "rotation": 180, "texture": "#0"},
				"south": {"uv": [2, 0, 2.5, 9], "texture": "#0"},
				"west": {"uv": [3, 0, 3.5, 9], "texture": "#0"},
				"up": {"uv": [5, 8.5, 5.5, 9], "rotation": 270, "texture": "#0"},
				"down": {"uv": [5, 0, 5.5, 0.5], "rotation": 270, "texture": "#0"}
			}
		},
		{
			"name": "Wattle",
			"from": [14.25, 0, 7.75],
			"to": [14.75, 8.5, 8.25],
			"rotation": {"angle": -22.5, "axis": "x", "origin": [14.5, 4, 8]},
			"faces": {
				"north": {"uv": [5, 9, 5.5, 0], "rotation": 180, "texture": "#0"},
				"east": {"uv": [4.5, 0, 4, 9], "texture": "#0"},
				"south": {"uv": [6, 9, 6.5, 0], "texture": "#0"},
				"west": {"uv": [5.5, 0, 5, 9], "rotation": 180, "texture": "#0"},
				"up": {"uv": [5.5, 0, 5, 0.5], "rotation": 270, "texture": "#0"},
				"down": {"uv": [5.5, 8.5, 5, 9], "rotation": 270, "texture": "#0"}
			}
		},
		{
			"name": "Wattle",
			"from": [14.25, 7.5, 7.75],
			"to": [14.75, 16, 8.25],
			"rotation": {"angle": 22.5, "axis": "x", "origin": [14.5, 12, 8]},
			"faces": {
				"north": {"uv": [5, 0, 5.5, 9], "rotation": 180, "texture": "#0"},
				"east": {"uv": [4, 0, 4.5, 9], "rotation": 180, "texture": "#0"},
				"south": {"uv": [6, 0, 6.5, 9], "texture": "#0"},
				"west": {"uv": [5, 0, 5.5, 9], "texture": "#0"},
				"up": {"uv": [5, 8.5, 5.5, 9], "rotation": 270, "texture": "#0"},
				"down": {"uv": [5, 0, 5.5, 0.5], "rotation": 270, "texture": "#0"}
			}
		},
		{
			"name": "Wattle",
			"from": [1.75, 7.5, 7.75],
			"to": [2.25, 16, 8.25],
			"rotation": {"angle": -22.5, "axis": "x", "origin": [2, 12, 8]},
			"faces": {
				"north": {"uv": [7, 0, 7.5, 9], "rotation": 180, "texture": "#0"},
				"east": {"uv": [4, 0, 4.5, 9], "rotation": 180, "texture": "#0"},
				"south": {"uv": [7, 0, 7.5, 9], "texture": "#0"},
				"west": {"uv": [5, 0, 5.5, 9], "texture": "#0"},
				"up": {"uv": [5, 8.5, 5.5, 9], "rotation": 270, "texture": "#0"},
				"down": {"uv": [5, 0, 5.5, 0.5], "rotation": 270, "texture": "#0"}
			}
		},
		{
			"name": "Wattle",
			"from": [1.75, 0, 7.75],
			"to": [2.25, 8.5, 8.25],
			"rotation": {"angle": 22.5, "axis": "x", "origin": [2, 4, 8]},
			"faces": {
				"north": {"uv": [7, 9, 7.5, 0], "rotation": 180, "texture": "#0"},
				"east": {"uv": [4.5, 0, 4, 9], "texture": "#0"},
				"south": {"uv": [7, 9, 7.5, 0], "texture": "#0"},
				"west": {"uv": [5.5, 0, 5, 9], "rotation": 180, "texture": "#0"},
				"up": {"uv": [5.5, 0, 5, 0.5], "rotation": 270, "texture": "#0"},
				"down": {"uv": [5.5, 8.5, 5, 9], "rotation": 270, "texture": "#0"}
			}
		},
		{
			"name": "Wattle",
			"from": [1.25, 0, 7.75],
			"to": [1.75, 8.5, 8.25],
			"rotation": {"angle": -22.5, "axis": "x", "origin": [1.5, 4, 8]},
			"faces": {
				"north": {"uv": [4, 9, 4.5, 0], "texture": "#0"},
				"east": {"uv": [4.5, 0, 4, 9], "texture": "#0"},
				"south": {"uv": [5, 9, 5.5, 0], "texture": "#0"},
				"west": {"uv": [5.5, 0, 5, 9], "rotation": 180, "texture": "#0"},
				"up": {"uv": [5.5, 0, 5, 0.5], "rotation": 270, "texture": "#0"},
				"down": {"uv": [5.5, 8.5, 5, 9], "rotation": 270, "texture": "#0"}
			}
		},
		{
			"name": "Wattle",
			"from": [1.25, 7.5, 7.75],
			"to": [1.75, 16, 8.25],
			"rotation": {"angle": 22.5, "axis": "x", "origin": [1.5, 12, 8]},
			"faces": {
				"north": {"uv": [4, 0, 4.5, 9], "texture": "#0"},
				"east": {"uv": [4, 0, 4.5, 9], "rotation": 180, "texture": "#0"},
				"south": {"uv": [5, 0, 5.5, 9], "texture": "#0"},
				"west": {"uv": [5, 0, 5.5, 9], "texture": "#0"},
				"up": {"uv": [5, 8.5, 5.5, 9], "rotation": 270, "texture": "#0"},
				"down": {"uv": [5, 0, 5.5, 0.5], "rotation": 270, "texture": "#0"}
			}
		},
		{
			"name": "North Post",
			"from": [15, 0, 7],
			"to": [16, 16, 9],
			"faces": {
				"north": {"uv": [12.5, 0, 11.5, 16], "texture": "#0"},
				"east": {"uv": [9.5, 0, 7.5, 16], "texture": "#0"},
				"south": {"uv": [15.5, 0, 14.5, 16], "texture": "#0"},
				"west": {"uv": [14.5, 0, 12.5, 16], "texture": "#0"},
				"up": {"uv": [2, 9.5, 0, 10.5], "rotation": 270, "texture": "#0"},
				"down": {"uv": [4.5, 9.5, 2.5, 10.5], "rotation": 90, "texture": "#0"}
			}
		},
		{
			"name": "Centre Post",
			"from": [7.5, 0.5, 7],
			"to": [8.5, 15.5, 9],
			"faces": {
				"north": {"uv": [12.5, 0, 11.5, 16], "texture": "#0"},
				"east": {"uv": [14.5, 0, 12.5, 16], "texture": "#0"},
				"south": {"uv": [15.5, 0, 14.5, 16], "texture": "#0"},
				"west": {"uv": [14.5, 0, 12.5, 16], "texture": "#0"},
				"up": {"uv": [2, 9.5, 0, 10], "rotation": 90, "texture": "#0"},
				"down": {"uv": [4.5, 9.5, 2.5, 10.5], "rotation": 270, "texture": "#0"}
			}
		},
		{
			"name": "South Post",
			"from": [0, 0, 7],
			"to": [1, 16, 9],
			"faces": {
				"north": {"uv": [12.5, 0, 11.5, 16], "texture": "#0"},
				"east": {"uv": [14.5, 0, 12.5, 16], "texture": "#0"},
				"south": {"uv": [15.5, 0, 14.5, 16], "texture": "#0"},
				"west": {"uv": [9.5, 0, 7.5, 16], "texture": "#0"},
				"up": {"uv": [2, 9.5, 0, 10.5], "rotation": 90, "texture": "#0"},
				"down": {"uv": [4.5, 9.5, 2.5, 10.5], "rotation": 270, "texture": "#0"}
			}
		},
		{
			"name": "Top Post",
			"from": [1, 14.5, 7],
			"to": [7.5, 15.5, 9],
			"faces": {
				"north": {"uv": [10, 0, 12, 16], "rotation": 90, "texture": "#0"},
				"east": {"uv": [2.5, 9.5, 4.5, 11.5], "rotation": 180, "texture": "#0"},
				"south": {"uv": [15, 0, 16, 6.5], "rotation": 270, "texture": "#0"},
				"west": {"uv": [0, 9.5, 2, 11.5], "texture": "#0"},
				"up": {"uv": [12.5, 0, 14.5, 6.5], "rotation": 270, "texture": "#0"},
				"down": {"uv": [12.5, 0, 14.5, 6.5], "rotation": 270, "texture": "#0"}
			}
		},
		{
			"name": "Middle Post",
			"from": [1, 7.5, 6.5],
			"to": [15, 8.5, 9.5],
			"faces": {
				"north": {"uv": [10.5, 0, 11.5, 16], "rotation": 90, "texture": "#0"},
				"east": {"uv": [2.5, 9.5, 4.5, 10.5], "rotation": 180, "texture": "#0"},
				"south": {"uv": [14.5, 0, 15.5, 16], "rotation": 270, "texture": "#0"},
				"west": {"uv": [0, 9.5, 2, 10.5], "texture": "#0"},
				"up": {"uv": [12, 0, 15, 16], "rotation": 270, "texture": "#0"},
				"down": {"uv": [12, 0, 15, 16], "rotation": 270, "texture": "#0"}
			}
		},
		{
			"name": "Bottom Post",
			"from": [1, 0.5, 7],
			"to": [7.5, 1.5, 9],
			"faces": {
				"north": {"uv": [11, 0, 12, 6.5], "rotation": 90, "texture": "#0"},
				"east": {"uv": [2.5, 9.5, 4.5, 11.5], "rotation": 180, "texture": "#0"},
				"south": {"uv": [15, 0, 16, 6.5], "rotation": 270, "texture": "#0"},
				"west": {"uv": [0, 9.5, 2, 11.5], "texture": "#0"},
				"up": {"uv": [12.5, 0, 14.5, 6.5], "rotation": 270, "texture": "#0"},
				"down": {"uv": [12.5, 0, 14.5, 6.5], "rotation": 270, "texture": "#0"}
			}
		},
		{
			"name": "Top Post",
			"from": [8.5, 14.5, 7],
			"to": [15, 15.5, 9],
			"faces": {
				"north": {"uv": [10, 0, 12, 16], "rotation": 90, "texture": "#0"},
				"east": {"uv": [2.5, 9.5, 4.5, 11.5], "rotation": 180, "texture": "#0"},
				"south": {"uv": [14, 0, 16, 16], "rotation": 270, "texture": "#0"},
				"west": {"uv": [0, 9.5, 2, 11.5], "texture": "#0"},
				"up": {"uv": [12.5, 9.5, 14.5, 16], "rotation": 270, "texture": "#0"},
				"down": {"uv": [12.5, 9.5, 14.5, 16], "rotation": 270, "texture": "#0"}
			}
		},
		{
			"name": "Bottom Post",
			"from": [8.5, 0.5, 7],
			"to": [15, 1.5, 9],
			"faces": {
				"north": {"uv": [11, 9.5, 12, 16], "rotation": 90, "texture": "#0"},
				"east": {"uv": [2.5, 9.5, 4.5, 11.5], "rotation": 180, "texture": "#0"},
				"south": {"uv": [15, 9.5, 16, 16], "rotation": 270, "texture": "#0"},
				"west": {"uv": [0, 9.5, 2, 11.5], "texture": "#0"},
				"up": {"uv": [12.5, 9.5, 14.5, 16], "rotation": 270, "texture": "#0"},
				"down": {"uv": [12.5, 9.5, 14.5, 16], "rotation": 270, "texture": "#0"}
			}
		}
	],
	"display": {
		"thirdperson_righthand": {
			"rotation": [75, 45, 0],
			"translation": [0, 2.5, 0],
			"scale": [0.375, 0.375, 0.375]
		},
		"thirdperson_lefthand": {
			"rotation": [75, 45, 0],
			"translation": [0, 2.5, 0],
			"scale": [0.375, 0.375, 0.375]
		},
		"firstperson_righthand": {
			"rotation": [0, 45, 0],
			"scale": [0.4, 0.4, 0.4]
		},
		"firstperson_lefthand": {
			"rotation": [0, 225, 0],
			"scale": [0.4, 0.4, 0.4]
		},
		"ground": {
			"translation": [0, 3, 0],
			"scale": [0.25, 0.25, 0.25]
		},
		"gui": {
			"rotation": [30, 125, 0],
			"scale": [0.625, 0.625, 0.625]
		},
		"fixed": {
			"rotation": [0, 90, 0],
			"scale": [0.5, 0.5, 0.5]
		}
	},
	"groups": [
		{
			"name": "Wattle Fence Gate",
			"children": [0, 1, 2, 3, 4, 5, 6, 7, 8, 9, 10, 11, 12, 13, 14, 15, 16, 17, 18, 19, 20, 21, 22, 23, 24, 25, 26, 27, 28, 29, 30, 31, 32, 33, 34, 35, 36, 37, 38, 39, 40, 41, 42, 43, 44, 45, 46, 47, 48, 49, 50, 51, 52, 53, 54, 55]
		}
	]
}