{
	"parent": "block/firefly_bush",
	"gui_light": "front",
	"display": {
		"thirdperson_righthand": {
			"rotation": [20, 0, 0],
			"translation": [0, 2.25, 1.75],
			"scale": [0.3, 0.3, 0.3]
		},
		"thirdperson_lefthand": {
			"rotation": [20, 0, 0],
			"translation": [0, 2.25, 1.75],
			"scale": [0.3, 0.3, 0.3]
		},
		"firstperson_righthand": {
			"rotation": [-20, 15, 0],
			"translation": [0, 2, 0],
			"scale": [0.3, 0.3, 0.3]
		},
		"firstperson_lefthand": {
			"rotation": [-20, -15, 0],
			"translation": [0, 2, 0],
			"scale": [0.3, 0.3, 0.3]
		},
		"ground": {
			"translation": [0, 1.25, 0],
			"scale": [0.3, 0.3, 0.3]
		},
		"gui": {
			"rotation": [15, 35, 0],
			"scale": [0.65, 0.65, 0.65]
		},
		"head": {
			"translation": [0, 14.25, 0]
		},
		"fixed": {
			"scale": [0.75, 0.75, 0.75]
		}
	}
}