{
	"credit": "Made by SyndiShanX",
	"textures": {
		"0": "block/lantern_model",
		"particle": "block/lantern_model"
	},
	"display": {
		"thirdperson_righthand": {
			"rotation": [75, 90, 0],
			"translation": [0, -2, -0.75],
			"scale": [0.75, 0.75, 0.75]
		},
		"thirdperson_lefthand": {
			"rotation": [75, 90, 0],
			"translation": [0, -2, -0.75],
			"scale": [0.75, 0.75, 0.75]
		},
		"firstperson_righthand": {
			"rotation": [25, 90, 0],
			"scale": [0.75, 0.75, 0.75]
		},
		"firstperson_lefthand": {
			"rotation": [25, 90, 0],
			"scale": [0.75, 0.75, 0.75]
		},
		"ground": {
			"translation": [0, 2, 0],
			"scale": [0.75, 0.75, 0.75]
		},
		"head": {
			"translation": [0, 14.5, 0]
		},
		"fixed": {
			"translation": [0, 2, 0]
		}
	},
	"elements": [
		{
			"name": "Main",
			"from": [4, 0, 4],
			"to": [12, 9, 12],
			"faces": {
				"north": {"uv": [0, 0, 8, 9], "texture": "#0"},
				"east": {"uv": [0, 0, 8, 9], "texture": "#0"},
				"south": {"uv": [0, 0, 8, 9], "texture": "#0"},
				"west": {"uv": [0, 0, 8, 9], "texture": "#0"},
				"up": {"uv": [8, 0, 16, 8], "texture": "#0"},
				"down": {"uv": [8, 0, 16, 8], "texture": "#0"}
			}
		},
		{
			"name": "Handle Base 1",
			"from": [5.5, 9.05, 7],
			"to": [6.5, 10.55, 9],
			"faces": {
				"north": {"uv": [11, 2.5, 12, 4], "texture": "#0"},
				"east": {"uv": [8.5, 6, 10.5, 7.5], "texture": "#0"},
				"south": {"uv": [14, 4.5, 15, 6], "texture": "#0"},
				"west": {"uv": [9, 5, 11, 6.5], "texture": "#0"},
				"up": {"uv": [10, 1.5, 11, 3.5], "texture": "#0"},
				"down": {"uv": [0, 0, 1, 2], "texture": "#missing"}
			}
		},
		{
			"name": "Handle Base 2",
			"from": [9.5, 9, 7],
			"to": [10.5, 10.5, 9],
			"faces": {
				"north": {"uv": [10.5, 5, 11.5, 6.5], "texture": "#0"},
				"east": {"uv": [13.5, 5.5, 15.5, 7], "texture": "#0"},
				"south": {"uv": [10, 1, 11, 2.5], "texture": "#0"},
				"west": {"uv": [9.5, 5, 11.5, 6.5], "texture": "#0"},
				"up": {"uv": [10, 3, 11, 5], "texture": "#0"},
				"down": {"uv": [0, 0, 1, 2], "texture": "#missing"}
			}
		},
		{
			"name": "Handle Base 3",
			"from": [6.5, 10.5, 7],
			"to": [9.5, 11.5, 9],
			"faces": {
				"north": {"uv": [11.5, 1, 14.5, 2], "texture": "#0"},
				"east": {"uv": [9, 6, 11, 7], "texture": "#0"},
				"south": {"uv": [8.5, 6.5, 11.5, 7.5], "texture": "#0"},
				"west": {"uv": [13, 5, 15, 6], "texture": "#0"},
				"up": {"uv": [12, 1.5, 15, 3.5], "texture": "#0"},
				"down": {"uv": [10, 4.5, 13, 6.5], "texture": "#0"}
			}
		},
		{
			"name": "Handle Chain 1",
			"from": [7.5, 10.35, 6.85],
			"to": [8.5, 10.5, 9.15],
			"faces": {
				"north": {"uv": [10.5, 2, 11.5, 2.14941], "texture": "#0"},
				"east": {"uv": [9, 2, 11.29981, 2.14941], "texture": "#0"},
				"south": {"uv": [9, 1.5, 10, 1.64941], "texture": "#0"},
				"west": {"uv": [10.5, 1, 12.79981, 1.14941], "texture": "#0"},
				"down": {"uv": [8.5, 0.5, 9.5, 2.79981], "texture": "#0"}
			}
		},
		{
			"name": "Handle Chain 2",
			"from": [7.5, 10.5, 6.85],
			"to": [8.5, 11.85, 7],
			"faces": {
				"north": {"uv": [10.5, 0.5, 11.5, 1.84961], "texture": "#0"},
				"east": {"uv": [9, 2, 9.14941, 3.34961], "texture": "#0"},
				"south": {"uv": [12.5, 4.5, 13.5, 5.84961], "texture": "#0"},
				"west": {"uv": [11, 2.5, 11.14941, 3.84961], "texture": "#0"},
				"up": {"uv": [9.5, 1.5, 10.5, 1.64941], "texture": "#0"},
				"down": {"uv": [10, 1, 11, 1.14941], "texture": "#0"}
			}
		},
		{
			"name": "Handle Chain 3",
			"from": [7.5, 10.5, 9],
			"to": [8.5, 11.85, 9.15],
			"faces": {
				"north": {"uv": [9, 1.5, 10, 2.84961], "texture": "#0"},
				"east": {"uv": [10.5, 3, 10.64941, 4.34961], "texture": "#0"},
				"south": {"uv": [10.5, 2.5, 11.5, 3.84961], "texture": "#0"},
				"west": {"uv": [12.5, 3, 12.64941, 4.34961], "texture": "#0"},
				"up": {"uv": [0, 0, 1, 0.15], "texture": "#0"},
				"down": {"uv": [0, 0, 1, 0.15], "texture": "#0"}
			}
		},
		{
			"name": "Handle Chain 4",
			"from": [7.5, 11.85, 6.85],
			"to": [8.5, 12, 9.15],
			"faces": {
				"north": {"uv": [9.5, 1.5, 10.5, 1.64941], "texture": "#0"},
				"east": {"uv": [12.5, 3, 14.79981, 3.14941], "texture": "#0"},
				"south": {"uv": [10.5, 3.5, 11.5, 3.64941], "texture": "#0"},
				"west": {"uv": [11, 2, 13.29981, 2.14941], "texture": "#0"},
				"up": {"uv": [8.5, 0.5, 9.5, 3.5], "texture": "#0"},
				"down": {"uv": [9.5, 2, 10.5, 4.29981], "texture": "#0"}
			}
		},
		{
			"name": "Handle Chain 5",
			"from": [6.85, 11.675, 7.5],
			"to": [9.15, 11.825, 8.5],
			"faces": {
				"north": {"uv": [9.5, 1.5, 10.5, 1.64941], "texture": "#0"},
				"east": {"uv": [10, 2, 12.29981, 2.14941], "texture": "#0"},
				"south": {"uv": [14, 3, 15, 3.14941], "texture": "#0"},
				"west": {"uv": [9.5, 1, 11.79981, 1.14941], "texture": "#0"},
				"up": {"uv": [10.5, 1.5, 11.5, 4.5], "texture": "#0"},
				"down": {"uv": [9.5, 1.5, 10.5, 3.79981], "texture": "#0"}
			}
		},
		{
			"name": "Handle Chain 6",
			"from": [6.85, 11.825, 7.5],
			"to": [7, 13.175, 8.5],
			"faces": {
				"north": {"uv": [10, 0.5, 11, 1.84961], "texture": "#0"},
				"east": {"uv": [9, 2, 9.14941, 3.34961], "texture": "#0"},
				"south": {"uv": [10.5, 2.5, 11.5, 3.84961], "texture": "#0"},
				"west": {"uv": [10, 2, 11, 3.34961], "texture": "#0"},
				"up": {"uv": [9.5, 1.5, 10.5, 1.64941], "texture": "#0"},
				"down": {"uv": [10, 1, 11, 1.14941], "texture": "#0"}
			}
		},
		{
			"name": "Handle Chain 7",
			"from": [9, 11.825, 7.5],
			"to": [9.15, 13.175, 8.5],
			"faces": {
				"north": {"uv": [10.5, 0.5, 11.5, 1.84961], "texture": "#0"},
				"east": {"uv": [9.5, 2, 9.64941, 3.34961], "texture": "#0"},
				"south": {"uv": [12, 3, 13, 4.34961], "texture": "#0"},
				"west": {"uv": [11, 2.5, 12, 3.84961], "texture": "#0"},
				"up": {"uv": [9.5, 1.5, 10.5, 1.64941], "texture": "#0"},
				"down": {"uv": [10, 1, 11, 1.14941], "texture": "#0"}
			}
		},
		{
			"name": "Handle Chain 8",
			"from": [6.85, 13.175, 7.5],
			"to": [9.15, 13.325, 8.5],
			"faces": {
				"north": {"uv": [11, 2.5, 12, 2.64941], "texture": "#0"},
				"east": {"uv": [11, 2, 13.29981, 2.14941], "texture": "#0"},
				"south": {"uv": [11.5, 1.5, 12.5, 1.64941], "texture": "#0"},
				"west": {"uv": [9, 1, 11.29981, 1.14941], "texture": "#0"},
				"up": {"uv": [8.5, 0.5, 9.5, 3.5], "texture": "#0"},
				"down": {"uv": [10, 2, 11, 4.29981], "texture": "#0"}
			}
		},
		{
			"name": "Handle Chain 9",
			"from": [7.5, 13.025, 6.85],
			"to": [8.5, 13.175, 9.15],
			"faces": {
				"north": {"uv": [9.5, 2, 10.5, 2.14941], "texture": "#0"},
				"east": {"uv": [9.5, 1, 11.79981, 1.14941], "texture": "#0"},
				"south": {"uv": [11, 2.5, 12, 2.64941], "texture": "#0"},
				"west": {"uv": [9.5, 1.5, 11.79981, 1.64941], "texture": "#0"},
				"up": {"uv": [8.5, 0.5, 9.5, 3.5], "texture": "#0"},
				"down": {"uv": [12.5, 3, 13.5, 5.29981], "texture": "#0"}
			}
		},
		{
			"name": "Handle Chain 10",
			"from": [7.5, 13.175, 9],
			"to": [8.5, 14.525, 9.15],
			"faces": {
				"north": {"uv": [10, 2, 11, 3.34961], "texture": "#0"},
				"east": {"uv": [11, 2.5, 11.14941, 3.84961], "texture": "#0"},
				"south": {"uv": [10.5, 3, 11.5, 4.34961], "texture": "#0"},
				"west": {"uv": [11, 2.5, 11.14941, 3.84961], "texture": "#0"},
				"up": {"uv": [0, 0, 1, 0.15], "texture": "#0"},
				"down": {"uv": [0, 0, 1, 0.15], "texture": "#0"}
			}
		},
		{
			"name": "Handle Chain 11",
			"from": [7.5, 13.175, 6.85],
			"to": [8.5, 14.525, 7],
			"faces": {
				"north": {"uv": [10.5, 0.5, 11.5, 1.84961], "texture": "#0"},
				"east": {"uv": [9, 2, 9.14941, 3.34961], "texture": "#0"},
				"south": {"uv": [11, 3.5, 12, 4.84961], "texture": "#0"},
				"west": {"uv": [10, 2, 10.14941, 3.34961], "texture": "#0"},
				"up": {"uv": [9.5, 1.5, 10.5, 1.64941], "texture": "#0"},
				"down": {"uv": [10, 1, 11, 1.14941], "texture": "#0"}
			}
		},
		{
			"name": "Handle Chain 12",
			"from": [7.5, 14.525, 6.85],
			"to": [8.5, 14.675, 9.15],
			"faces": {
				"north": {"uv": [10.5, 2.5, 11.5, 2.64941], "texture": "#0"},
				"east": {"uv": [8.5, 2.5, 10.79981, 2.64941], "texture": "#0"},
				"south": {"uv": [9.5, 3, 10.5, 3.14941], "texture": "#0"},
				"west": {"uv": [9.5, 3, 11.79981, 3.14941], "texture": "#0"},
				"up": {"uv": [8.5, 0.5, 9.5, 3.5], "texture": "#0"},
				"down": {"uv": [10.5, 1.5, 11.5, 3.79981], "texture": "#0"}
			}
		},
		{
			"name": "Chain Hook",
			"from": [7.75, 14.475, 7.75],
			"to": [8.25, 16, 8.25],
			"faces": {
				"north": {"uv": [10.5, 5.5, 11, 7.02344], "texture": "#0"},
				"east": {"uv": [10.5, 5.5, 11, 7.02344], "texture": "#0"},
				"south": {"uv": [10.5, 5, 11, 6.52344], "texture": "#0"},
				"west": {"uv": [10.5, 3.5, 11, 5.02344], "texture": "#0"},
				"up": {"uv": [11, 1.5, 11.5, 2], "texture": "#0"},
				"down": {"uv": [12, 3.5, 12.5, 4], "texture": "#0"}
			}
		}
	],
	"display": {
		"thirdperson_righthand": {
			"rotation": [75, 90, 0],
			"translation": [0, -2, -0.75],
			"scale": [0.75, 0.75, 0.75]
		},
		"thirdperson_lefthand": {
			"rotation": [75, 90, 0],
			"translation": [0, -2, -0.75],
			"scale": [0.75, 0.75, 0.75]
		},
		"firstperson_righthand": {
			"rotation": [25, 90, 0],
			"scale": [0.75, 0.75, 0.75]
		},
		"firstperson_lefthand": {
			"rotation": [25, 90, 0],
			"scale": [0.75, 0.75, 0.75]
		},
		"ground": {
			"translation": [0, 2, 0],
			"scale": [0.75, 0.75, 0.75]
		},
		"head": {
			"translation": [0, 14.5, 0]
		},
		"fixed": {
			"translation": [0, 2, 0]
		}
	},
	"groups": [
		{
			"name": "lantern",
			"children": [0, 1, 2, 3, 4, 5, 6, 7, 8, 9, 10, 11, 12, 13, 14, 15, 16]
		}
	]
}