{
	"credit": "Made with Blockbench",
	"textures": {
		"0": "block/grass",
		"particle": "block/grass"
	},
	"elements": [
		{
			"from": [4, 1.6, 0],
			"to": [4, 10.6, 16],
			"shade": false,
			"rotation": {"angle": 22.5, "axis": "z", "origin": [8, 1.1, 8]},
			"faces": {
				"east": {"uv": [0, 7, 16, 16], "texture": "#0", "tintindex": 0},
				"west": {"uv": [0, 7, 16, 16], "texture": "#0", "tintindex": 0}
			}
		},
		{
			"from": [0, 1.6, 12],
			"to": [16, 10.6, 12],
			"shade": false,
			"rotation": {"angle": 22.5, "axis": "x", "origin": [8, 1.1, 8]},
			"faces": {
				"north": {"uv": [0, 7, 16, 16], "texture": "#0", "tintindex": 0},
				"south": {"uv": [0, 7, 16, 16], "texture": "#0", "tintindex": 0}
			}
		},
		{
			"from": [12, 1.6, 0],
			"to": [12, 10.6, 16],
			"shade": false,
			"rotation": {"angle": -22.5, "axis": "z", "origin": [8, 1.1, 8]},
			"faces": {
				"east": {"uv": [0, 7, 16, 16], "texture": "#0", "tintindex": 0},
				"west": {"uv": [0, 7, 16, 16], "texture": "#0", "tintindex": 0}
			}
		},
		{
			"from": [0, 1.6, 4],
			"to": [16, 10.6, 4],
			"shade": false,
			"rotation": {"angle": -22.5, "axis": "x", "origin": [8, 1.1, 8]},
			"faces": {
				"north": {"uv": [0, 7, 16, 16], "texture": "#0", "tintindex": 0},
				"south": {"uv": [0, 4, 16, 16], "texture": "#0", "tintindex": 0}
			}
		},
		{
			"from": [2, 3.1, 7],
			"to": [14, 12.1, 7],
			"shade": false,
			"rotation": {"angle": -22.5, "axis": "x", "origin": [8, -0.4, 8]},
			"faces": {
				"north": {"uv": [2, 5.5, 14, 14.5], "texture": "#0", "tintindex": 0},
				"south": {"uv": [2, 5.5, 14, 14.5], "texture": "#0", "tintindex": 0}
			}
		},
		{
			"from": [7, 3.1, 2],
			"to": [7, 12.1, 14],
			"shade": false,
			"rotation": {"angle": 22.5, "axis": "z", "origin": [8, -0.4, 8]},
			"faces": {
				"east": {"uv": [2, 5.5, 14, 14.5], "texture": "#0", "tintindex": 0},
				"west": {"uv": [2, 5.5, 14, 14.5], "texture": "#0", "tintindex": 0}
			}
		},
		{
			"from": [2, 3.1, 9],
			"to": [14, 12.1, 9],
			"shade": false,
			"rotation": {"angle": 22.5, "axis": "x", "origin": [8, -0.4, 8]},
			"faces": {
				"north": {"uv": [2, 5.5, 14, 14.5], "texture": "#0", "tintindex": 0},
				"south": {"uv": [2, 5.5, 14, 14.5], "texture": "#0", "tintindex": 0}
			}
		},
		{
			"from": [9, 3.1, 2],
			"to": [9, 12.1, 14],
			"shade": false,
			"rotation": {"angle": -22.5, "axis": "z", "origin": [8, -0.4, 8]},
			"faces": {
				"east": {"uv": [2, 5.5, 14, 14.5], "texture": "#0", "tintindex": 0},
				"west": {"uv": [2, 5.5, 14, 14.5], "texture": "#0", "tintindex": 0}
			}
		},
		{
			"from": [10, 4.6, 4],
			"to": [10, 13.6, 12],
			"shade": false,
			"rotation": {"angle": 22.5, "axis": "z", "origin": [8, -2.9, 8]},
			"faces": {
				"east": {"uv": [4, 4, 12, 13], "texture": "#0", "tintindex": 0},
				"west": {"uv": [4, 4, 12, 13], "texture": "#0", "tintindex": 0}
			}
		},
		{
			"from": [4, 4.6, 6],
			"to": [12, 13.6, 6],
			"shade": false,
			"rotation": {"angle": 22.5, "axis": "x", "origin": [8, -2.9, 8]},
			"faces": {
				"north": {"uv": [4, 4, 12, 13], "texture": "#0", "tintindex": 0},
				"south": {"uv": [4, 4, 12, 13], "texture": "#0", "tintindex": 0}
			}
		},
		{
			"from": [6, 4.6, 4],
			"to": [6, 13.6, 12],
			"shade": false,
			"rotation": {"angle": -22.5, "axis": "z", "origin": [8, -2.9, 8]},
			"faces": {
				"east": {"uv": [4, 4, 12, 13], "texture": "#0", "tintindex": 0},
				"west": {"uv": [4, 4, 12, 13], "texture": "#0", "tintindex": 0}
			}
		},
		{
			"from": [4, 4.6, 10],
			"to": [12, 13.6, 10],
			"shade": false,
			"rotation": {"angle": -22.5, "axis": "x", "origin": [8, -2.9, 8]},
			"faces": {
				"north": {"uv": [4, 4, 12, 13], "texture": "#0", "tintindex": 0},
				"south": {"uv": [4, 4, 12, 13], "texture": "#0", "tintindex": 0}
			}
		}
	],
	"groups": [
		{
			"name": "bottom",
			"shade": false,
			"children": [0, 1, 2, 3]
		},
		{
			"name": "middle",
			"shade": false,
			"children": [4, 5, 6, 7]
		},
		{
			"name": "top",
			"shade": false,
			"children": [8, 9, 10, 11]
		}
	]
}