{
	"credit": "Made with Blockbench",
	"textures": {
		"0": "block/grass",
		"particle": "block/grass"
	},
	"elements": [
		{
			"from": [9, 0.7, 2],
			"to": [9, 9.7, 14],
			"shade": false,
			"rotation": {"angle": -22.5, "axis": "z", "origin": [8, -2.8, 8]},
			"faces": {
				"east": {"uv": [2, 7, 14, 16], "texture": "#0", "tintindex": 0},
				"west": {"uv": [2, 7, 14, 16], "texture": "#0", "tintindex": 0}
			}
		},
		{
			"from": [2, 0.7, 7],
			"to": [14, 9.7, 7],
			"shade": false,
			"rotation": {"angle": -22.5, "axis": "x", "origin": [8, -2.8, 8]},
			"faces": {
				"north": {"uv": [2, 7, 14, 16], "texture": "#0", "tintindex": 0},
				"south": {"uv": [2, 7, 14, 16], "texture": "#0", "tintindex": 0}
			}
		},
		{
			"from": [7, 0.7, 2],
			"to": [7, 9.7, 14],
			"shade": false,
			"rotation": {"angle": 22.5, "axis": "z", "origin": [8, -2.8, 8]},
			"faces": {
				"east": {"uv": [2, 7, 14, 16], "texture": "#0", "tintindex": 0},
				"west": {"uv": [2, 7, 14, 16], "texture": "#0", "tintindex": 0}
			}
		},
		{
			"from": [2, 0.7, 9],
			"to": [14, 9.7, 9],
			"shade": false,
			"rotation": {"angle": 22.5, "axis": "x", "origin": [8, -2.8, 8]},
			"faces": {
				"north": {"uv": [2, 7, 14, 16], "texture": "#0", "tintindex": 0},
				"south": {"uv": [2, 7, 14, 16], "texture": "#0", "tintindex": 0}
			}
		},
		{
			"from": [10, 2.7, 4],
			"to": [10, 11.7, 12],
			"shade": false,
			"rotation": {"angle": 22.5, "axis": "z", "origin": [8, -4.8, 8]},
			"faces": {
				"east": {"uv": [4, 4, 12, 13], "texture": "#0", "tintindex": 0},
				"west": {"uv": [4, 4, 12, 13], "texture": "#0", "tintindex": 0}
			}
		},
		{
			"from": [4, 2.7, 6],
			"to": [12, 11.7, 6],
			"shade": false,
			"rotation": {"angle": 22.5, "axis": "x", "origin": [8, -4.8, 8]},
			"faces": {
				"north": {"uv": [4, 4, 12, 13], "texture": "#0", "tintindex": 0},
				"south": {"uv": [4, 4, 12, 13], "texture": "#0", "tintindex": 0}
			}
		},
		{
			"from": [6, 2.7, 4],
			"to": [6, 11.7, 12],
			"shade": false,
			"rotation": {"angle": -22.5, "axis": "z", "origin": [8, -4.8, 8]},
			"faces": {
				"east": {"uv": [4, 4, 12, 13], "texture": "#0", "tintindex": 0},
				"west": {"uv": [4, 4, 12, 13], "texture": "#0", "tintindex": 0}
			}
		},
		{
			"from": [4, 2.7, 10],
			"to": [12, 11.7, 10],
			"shade": false,
			"rotation": {"angle": -22.5, "axis": "x", "origin": [8, -4.8, 8]},
			"faces": {
				"north": {"uv": [4, 4, 12, 13], "texture": "#0", "tintindex": 0},
				"south": {"uv": [4, 4, 12, 13], "texture": "#0", "tintindex": 0}
			}
		}
	],
	"groups": [
		{
			"name": "bottom",
			"shade": false,
			"children": [0, 1, 2, 3]
		},
		{
			"name": "top",
			"shade": false,
			"children": [4, 5, 6, 7]
		}
	]
}