{
	"credit": "Made with Blockbench",
	"textures": {
		"0": "block/grass",
		"particle": "block/grass"
	},
	"elements": [
		{
			"from": [2, 0.8, 7],
			"to": [14, 12.8, 7],
			"shade": false,
			"rotation": {"angle": -22.5, "axis": "x", "origin": [8, -3.7, 8]},
			"faces": {
				"north": {"uv": [2, 4, 14, 16], "texture": "#0", "tintindex": 0},
				"south": {"uv": [2, 4, 14, 16], "texture": "#0", "tintindex": 0}
			}
		},
		{
			"from": [7, 0.8, 2],
			"to": [7, 12.8, 14],
			"shade": false,
			"rotation": {"angle": 22.5, "axis": "z", "origin": [8, -3.7, 8]},
			"faces": {
				"east": {"uv": [2, 4, 14, 16], "texture": "#0", "tintindex": 0},
				"west": {"uv": [2, 4, 14, 16], "texture": "#0", "tintindex": 0}
			}
		},
		{
			"from": [2, 0.8, 9],
			"to": [14, 12.8, 9],
			"shade": false,
			"rotation": {"angle": 22.5, "axis": "x", "origin": [8, -3.7, 8]},
			"faces": {
				"north": {"uv": [2, 4, 14, 16], "texture": "#0", "tintindex": 0},
				"south": {"uv": [2, 4, 14, 16], "texture": "#0", "tintindex": 0}
			}
		},
		{
			"from": [9, 0.8, 2],
			"to": [9, 12.8, 14],
			"shade": false,
			"rotation": {"angle": -22.5, "axis": "z", "origin": [8, -3.7, 8]},
			"faces": {
				"east": {"uv": [2, 4, 14, 16], "texture": "#0", "tintindex": 0},
				"west": {"uv": [2, 4, 14, 16], "texture": "#0", "tintindex": 0}
			}
		},
		{
			"from": [4, 3.8, 6],
			"to": [12, 15.8, 6],
			"shade": false,
			"rotation": {"angle": 22.5, "axis": "x", "origin": [8, -4.7, 8]},
			"faces": {
				"north": {"uv": [4, 2, 12, 14], "texture": "#0", "tintindex": 0},
				"south": {"uv": [4, 2, 12, 14], "texture": "#0", "tintindex": 0}
			}
		},
		{
			"from": [6, 3.8, 4],
			"to": [6, 15.8, 12],
			"shade": false,
			"rotation": {"angle": -22.5, "axis": "z", "origin": [8, -4.7, 8]},
			"faces": {
				"east": {"uv": [4, 2, 12, 14], "texture": "#0", "tintindex": 0},
				"west": {"uv": [4, 2, 12, 14], "texture": "#0", "tintindex": 0}
			}
		},
		{
			"from": [4, 3.8, 10],
			"to": [12, 15.8, 10],
			"shade": false,
			"rotation": {"angle": -22.5, "axis": "x", "origin": [8, -4.7, 8]},
			"faces": {
				"north": {"uv": [4, 2, 12, 14], "texture": "#0", "tintindex": 0},
				"south": {"uv": [4, 2, 12, 14], "texture": "#0", "tintindex": 0}
			}
		},
		{
			"from": [10, 3.8, 4],
			"to": [10, 15.8, 12],
			"shade": false,
			"rotation": {"angle": 22.5, "axis": "z", "origin": [8, -4.7, 8]},
			"faces": {
				"east": {"uv": [4, 2, 12, 14], "texture": "#0", "tintindex": 0},
				"west": {"uv": [4, 2, 12, 14], "texture": "#0", "tintindex": 0}
			}
		}
	],
	"groups": [
		{
			"name": "bottom",
			"shade": false,
			"children": [0, 1, 2, 3]
		},
		{
			"name": "top",
			"shade": false,
			"children": [4, 5, 6, 7]
		}
	]
}