{
	"credit": "Made with Blockbench",
	"textures": {
		"0": "block/grass",
		"1": "block/tall_grass_top",
		"particle": "block/grass"
	},
	"elements": [
		{
			"from": [4, 1.7, 0],
			"to": [4, 8.7, 16],
			"shade": false,
			"rotation": {"angle": 22.5, "axis": "z", "origin": [8, 1.2, 8]},
			"faces": {
				"east": {"uv": [0, 9, 16, 16], "texture": "#0", "tintindex": 0},
				"west": {"uv": [0, 9, 16, 16], "texture": "#0", "tintindex": 0}
			}
		},
		{
			"from": [0, 1.7, 12],
			"to": [16, 8.7, 12],
			"shade": false,
			"rotation": {"angle": 22.5, "axis": "x", "origin": [8, 1.2, 8]},
			"faces": {
				"north": {"uv": [0, 9, 16, 16], "texture": "#0", "tintindex": 0},
				"south": {"uv": [0, 9, 16, 16], "texture": "#0", "tintindex": 0}
			}
		},
		{
			"from": [12, 1.7, 0],
			"to": [12, 8.7, 16],
			"shade": false,
			"rotation": {"angle": -22.5, "axis": "z", "origin": [8, 1.2, 8]},
			"faces": {
				"east": {"uv": [0, 9, 16, 16], "texture": "#0", "tintindex": 0},
				"west": {"uv": [0, 9, 16, 16], "texture": "#0", "tintindex": 0}
			}
		},
		{
			"from": [0, 1.7, 4],
			"to": [16, 8.7, 4],
			"shade": false,
			"rotation": {"angle": -22.5, "axis": "x", "origin": [8, 1.2, 8]},
			"faces": {
				"north": {"uv": [0, 9, 16, 16], "texture": "#0", "tintindex": 0},
				"south": {"uv": [0, 9, 16, 16], "texture": "#0", "tintindex": 0}
			}
		},
		{
			"from": [2, 4.2, 7],
			"to": [14, 14.7, 7],
			"shade": false,
			"rotation": {"angle": -22.5, "axis": "x", "origin": [8, 1.2, 8]},
			"faces": {
				"north": {"uv": [2, 3.5, 14, 14], "texture": "#1", "tintindex": 0},
				"south": {"uv": [2, 3.5, 14, 14], "texture": "#1", "tintindex": 0}
			}
		},
		{
			"from": [7, 4.2, 2],
			"to": [7, 14.7, 14],
			"shade": false,
			"rotation": {"angle": 22.5, "axis": "z", "origin": [8, 1.2, 8]},
			"faces": {
				"east": {"uv": [2, 3.5, 14, 14], "texture": "#1", "tintindex": 0},
				"west": {"uv": [2, 3.5, 14, 14], "texture": "#1", "tintindex": 0}
			}
		},
		{
			"from": [2, 4.2, 9],
			"to": [14, 14.7, 9],
			"shade": false,
			"rotation": {"angle": 22.5, "axis": "x", "origin": [8, 1.2, 8]},
			"faces": {
				"north": {"uv": [2, 3.5, 14, 14], "texture": "#1", "tintindex": 0},
				"south": {"uv": [2, 3.5, 14, 14], "texture": "#1", "tintindex": 0}
			}
		},
		{
			"from": [9, 4.2, 2],
			"to": [9, 14.7, 14],
			"shade": false,
			"rotation": {"angle": -22.5, "axis": "z", "origin": [8, 1.2, 8]},
			"faces": {
				"east": {"uv": [2, 3.5, 14, 14], "texture": "#1", "tintindex": 0},
				"west": {"uv": [2, 3.5, 14, 14], "texture": "#1", "tintindex": 0}
			}
		},
		{
			"from": [10, 7.7, 4],
			"to": [10, 16.2, 12],
			"shade": false,
			"rotation": {"angle": 22.5, "axis": "z", "origin": [8, 0.7, 8]},
			"faces": {
				"east": {"uv": [4, 3.5, 12, 12], "texture": "#1", "tintindex": 0},
				"west": {"uv": [4, 3.5, 12, 12], "texture": "#1", "tintindex": 0}
			}
		},
		{
			"from": [4, 7.7, 6],
			"to": [12, 16.2, 6],
			"shade": false,
			"rotation": {"angle": 22.5, "axis": "x", "origin": [8, 0.7, 8]},
			"faces": {
				"north": {"uv": [4, 3.5, 12, 12], "texture": "#1", "tintindex": 0},
				"south": {"uv": [4, 3.5, 12, 12], "texture": "#1", "tintindex": 0}
			}
		},
		{
			"from": [6, 7.7, 4],
			"to": [6, 16.2, 12],
			"shade": false,
			"rotation": {"angle": -22.5, "axis": "z", "origin": [8, 0.7, 8]},
			"faces": {
				"east": {"uv": [4, 3.5, 12, 12], "texture": "#1", "tintindex": 0},
				"west": {"uv": [4, 3.5, 12, 12], "texture": "#1", "tintindex": 0}
			}
		},
		{
			"from": [4, 7.7, 10],
			"to": [12, 16.2, 10],
			"shade": false,
			"rotation": {"angle": -22.5, "axis": "x", "origin": [8, 0.7, 8]},
			"faces": {
				"north": {"uv": [4, 3.5, 12, 12], "texture": "#1", "tintindex": 0},
				"south": {"uv": [4, 3.5, 12, 12], "texture": "#1", "tintindex": 0}
			}
		}
	],
	"groups": [
		{
			"name": "bottom",
			"shade": false,
			"children": [0, 1, 2, 3]
		},
		{
			"name": "middle",
			"shade": false,
			"children": [4, 5, 6, 7]
		},
		{
			"name": "top",
			"shade": false,
			"children": [8, 9, 10, 11]
		}
	]
}