{
	"credit": "Made with Blockbench",
	"textures": {
		"0": "block/grass",
		"1": "block/tall_grass_bottom",
		"particle": "block/grass"
	},
	"elements": [
		{
			"from": [3, 2, 0],
			"to": [3, 18, 16],
			"shade": false,
			"rotation": {"angle": 22.5, "axis": "z", "origin": [8, 0.5, 8]},
			"faces": {
				"east": {"uv": [0, 0, 16, 16], "texture": "#0", "tintindex": 0},
				"west": {"uv": [0, 0, 16, 16], "texture": "#0", "tintindex": 0}
			}
		},
		{
			"from": [0, 2, 13],
			"to": [16, 18, 13],
			"shade": false,
			"rotation": {"angle": 22.5, "axis": "x", "origin": [8, 0.5, 8]},
			"faces": {
				"north": {"uv": [0, 0, 16, 16], "texture": "#0", "tintindex": 0},
				"south": {"uv": [0, 0, 16, 16], "texture": "#0", "tintindex": 0}
			}
		},
		{
			"from": [13, 2, 0],
			"to": [13, 18, 16],
			"shade": false,
			"rotation": {"angle": -22.5, "axis": "z", "origin": [8, 0.5, 8]},
			"faces": {
				"east": {"uv": [0, 0, 16, 16], "texture": "#0", "tintindex": 0},
				"west": {"uv": [0, 0, 16, 16], "texture": "#0", "tintindex": 0}
			}
		},
		{
			"from": [0, 2, 3],
			"to": [16, 18, 3],
			"shade": false,
			"rotation": {"angle": -22.5, "axis": "x", "origin": [8, 0.5, 8]},
			"faces": {
				"north": {"uv": [0, 0, 16, 16], "texture": "#0", "tintindex": 0},
				"south": {"uv": [0, 0, 16, 16], "texture": "#0", "tintindex": 0}
			}
		},
		{
			"from": [8, 0, 0],
			"to": [8, 16, 16],
			"shade": false,
			"rotation": {"angle": 45, "axis": "y", "origin": [8, 8, 8]},
			"faces": {
				"east": {"uv": [0, 0, 16, 16], "texture": "#1", "tintindex": 0},
				"west": {"uv": [0, 0, 16, 16], "texture": "#1", "tintindex": 0}
			}
		},
		{
			"from": [8, 0, 0],
			"to": [8, 16, 16],
			"shade": false,
			"rotation": {"angle": -45, "axis": "y", "origin": [8, 8, 8]},
			"faces": {
				"east": {"uv": [0, 0, 16, 16], "texture": "#1", "tintindex": 0},
				"west": {"uv": [0, 0, 16, 16], "texture": "#1", "tintindex": 0}
			}
		}
	],
	"groups": [
		{
			"name": "bottom",
			"shade": false,
			"children": [0, 1, 2, 3]
		}, 4, 5]
}