{
	"credit": "Made with Blockbench",
	"textures": {
		"1_0": "block/tall_grass_top",
		"particle": "block/tall_grass_top"
	},
	"elements": [
		{
			"from": [5.5, 2, 4.5],
			"to": [5.5, 18, 11.5],
			"shade": false,
			"rotation": {"angle": 22.5, "axis": "z", "origin": [10.5, 0.5, 8]},
			"faces": {
				"east": {"uv": [0, 0, 16, 16], "texture": "#1_0", "tintindex": 0},
				"west": {"uv": [0, 0, 16, 16], "texture": "#1_0", "tintindex": 0}
			}
		},
		{
			"from": [4.5, 2, 10.5],
			"to": [11.5, 18, 10.5],
			"shade": false,
			"rotation": {"angle": 22.5, "axis": "x", "origin": [8, 0.5, 5.5]},
			"faces": {
				"north": {"uv": [0, 0, 16, 16], "texture": "#1_0", "tintindex": 0},
				"south": {"uv": [0, 0, 16, 16], "texture": "#1_0", "tintindex": 0}
			}
		},
		{
			"from": [10.5, 2, 4.5],
			"to": [10.5, 18, 11.5],
			"shade": false,
			"rotation": {"angle": -22.5, "axis": "z", "origin": [5.5, 0.5, 8]},
			"faces": {
				"east": {"uv": [0, 0, 16, 16], "texture": "#1_0", "tintindex": 0},
				"west": {"uv": [0, 0, 16, 16], "texture": "#1_0", "tintindex": 0}
			}
		},
		{
			"from": [4.5, 2, 5.5],
			"to": [11.5, 18, 5.5],
			"shade": false,
			"rotation": {"angle": -22.5, "axis": "x", "origin": [8, 0.5, 10.5]},
			"faces": {
				"north": {"uv": [0, 0, 16, 16], "texture": "#1_0", "tintindex": 0},
				"south": {"uv": [0, 0, 16, 16], "texture": "#1_0", "tintindex": 0}
			}
		},
		{
			"from": [8, 0, 0],
			"to": [8, 16, 16],
			"shade": false,
			"rotation": {"angle": -45, "axis": "y", "origin": [8, 8, 8]},
			"faces": {
				"east": {"uv": [0, 0, 16, 16], "texture": "#1_0", "tintindex": 0},
				"west": {"uv": [0, 0, 16, 16], "texture": "#1_0", "tintindex": 0}
			}
		},
		{
			"from": [8, 0, 0],
			"to": [8, 16, 16],
			"shade": false,
			"rotation": {"angle": 45, "axis": "y", "origin": [8, 8, 8]},
			"faces": {
				"east": {"uv": [0, 0, 16, 16], "texture": "#1_0", "tintindex": 0},
				"west": {"uv": [0, 0, 16, 16], "texture": "#1_0", "tintindex": 0}
			}
		}
	],
	"groups": [
		{
			"name": "bottom",
			"shade": false,
			"children": [0, 1, 2, 3]
		}, 4, 5]
}