{
	"credit": "Made By WantedRobot",
	"ambientocclusion": false,
	"textures": {
		"texture": "block/tripwire",
		"particle": "block/white_wool"
	},
	"elements": [
		{
			"from": [7.75, 0, 0],
			"to": [8.25, 0.25, 4],
			"shade": false,
			"faces": {
				"north": {"uv": [0, 0.5, 0.5, 1.5], "rotation": 270, "texture": "#texture"},
				"east": {"uv": [0, 0.5, 7.5, 1], "rotation": 180, "texture": "#texture"},
				"west": {"uv": [0, 1, 7.5, 1.5], "texture": "#texture", "cullface": "west"},
				"up": {"uv": [0, 0.5, 7.5, 1.5], "rotation": 90, "texture": "#texture"},
				"down": {"uv": [0, 0.5, 7.5, 1.5], "rotation": 90, "texture": "#texture", "cullface": "down"}
			}
		},
		{
			"from": [7.75, 0, 4],
			"to": [8.25, 0.25, 8],
			"shade": false,
			"faces": {
				"east": {"uv": [8.5, 1, 16, 1.5], "rotation": 180, "texture": "#texture"},
				"west": {"uv": [8.5, 0.5, 16, 1], "texture": "#texture", "cullface": "west"},
				"up": {"uv": [8.5, 1.5, 16, 0.5], "rotation": 90, "texture": "#texture"},
				"down": {"uv": [8.5, 0.5, 16, 1.5], "rotation": 270, "texture": "#texture", "cullface": "down"}
			}
		},
		{
			"from": [7.75, 0, 8],
			"to": [8.25, 0.25, 12],
			"shade": false,
			"faces": {
				"east": {"uv": [0, 0.5, 7.5, 1], "rotation": 180, "texture": "#texture"},
				"south": {"uv": [0, 0.5, 0.5, 1.5], "rotation": 90, "texture": "#texture"},
				"west": {"uv": [0, 1, 7.5, 1.5], "texture": "#texture", "cullface": "west"},
				"up": {"uv": [0, 0.5, 7.5, 1.5], "rotation": 90, "texture": "#texture"},
				"down": {"uv": [0, 0.5, 7.5, 1.5], "rotation": 90, "texture": "#texture", "cullface": "down"}
			}
		}
	]
}