{
	"parent": "block/block",
	"textures": {
		"ends": "block/bookshelf_ends",
		"sides": "block/chiseled_bookshelf/side",
		"particle": "#sides"
	},
	"elements": [
		{
			"name": "Bookshelf",
			"from": [0, 0, 0],
			"to": [16, 16, 16],
			"faces": {
				"east": {"uv": [0, 0, 16, 16], "texture": "#sides", "cullface": "east"},
				"south": {"uv": [0, 0, 16, 16], "texture": "#sides", "cullface": "south"},
				"west": {"uv": [0, 0, 16, 16], "texture": "#sides", "cullface": "west"},
				"up": {"uv": [0, 0, 16, 16], "texture": "#ends", "cullface": "up"},
				"down": {"uv": [0, 0, 16, 16], "texture": "#ends", "cullface": "down"}
			}
		}
	]
}
