{
    "multipart": [
        {   "apply": { "model": "jungle_fence_post" }},
        {   "when": { "OR": [
                { "north": true },
                { "east": true },
                { "south": true },
                { "west": true }
            ]
        },
            "apply": { "model": "jungle_fence_knots" }
        },
        {   "when": { "north": "true" },
            "apply": { "model": "jungle_fence_side" }
        },
        {   "when": { "east": "true" },
            "apply": { "model": "jungle_fence_side", "y": 90 }
        },
        {   "when": { "south": "true" },
            "apply": { "model": "jungle_fence_side", "y": 180 }
        },
        {   "when": { "west": "true" },
            "apply": { "model": "jungle_fence_side", "y": 270 }
        }
    ]
}
