{
	"credit": "Made by Starseeker with Blockbench",
	"ambientocclusion": false,
	"textures": {
		"1": "block/plants/oxeye_daisy_models/oxeye_daisy",
		"particle": "block/plants/oxeye_daisy"
	},
	"elements": [
		{
			"name": "Hub",
			"from": [10.5, 10, 4.5],
			"to": [11.5, 11, 5.5],
			"shade": false,
			"rotation": {"angle": -45, "axis": "z", "origin": [11, 10, 5]},
			"faces": {
				"north": {"uv": [0, 1, 1, 2], "texture": "#1"},
				"east": {"uv": [0, 1, 1, 2], "texture": "#1"},
				"south": {"uv": [0, 1, 1, 2], "texture": "#1"},
				"west": {"uv": [0, 1, 1, 2], "texture": "#1"},
				"up": {"uv": [0, 0, 1, 1], "texture": "#1"},
				"down": {"uv": [0, 2, 1, 3], "texture": "#1"}
			}
		},
		{
			"name": "Petals",
			"from": [7, 10.5, 1],
			"to": [15, 10.5, 9],
			"shade": false,
			"rotation": {"angle": -45, "axis": "z", "origin": [11, 10, 5]},
			"faces": {
				"north": {"uv": [0, 0, 4, 0], "texture": "#1"},
				"east": {"uv": [0, 0, 4, 0], "texture": "#1"},
				"south": {"uv": [0, 0, 4, 0], "texture": "#1"},
				"west": {"uv": [0, 0, 4, 0], "texture": "#1"},
				"up": {"uv": [8, 0, 16, 8], "texture": "#1"},
				"down": {"uv": [8, 16, 16, 8], "texture": "#1"}
			}
		},
		{
			"name": "Stem 1",
			"from": [7.75, 0, 5],
			"to": [14.25, 10, 5],
			"shade": false,
			"rotation": {"angle": 45, "axis": "y", "origin": [11, 4, 5]},
			"faces": {
				"north": {"uv": [6.5, 6, 0, 16], "texture": "#1"},
				"east": {"uv": [0, 0, 0, 8], "texture": "#1"},
				"south": {"uv": [0, 6, 6.5, 16], "texture": "#1"},
				"west": {"uv": [0, 0, 0, 8], "texture": "#1"},
				"up": {"uv": [0, 0, 6, 0], "rotation": 180, "texture": "#1"},
				"down": {"uv": [0, 0, 6, 0], "rotation": 180, "texture": "#1"}
			}
		},
		{
			"name": "Stem 2",
			"from": [7.75, 0, 5],
			"to": [14.25, 10, 5],
			"shade": false,
			"rotation": {"angle": -45, "axis": "y", "origin": [11, 4, 5]},
			"faces": {
				"north": {"uv": [0, 6, 6.5, 16], "texture": "#1"},
				"east": {"uv": [0, 0, 0, 8], "texture": "#1"},
				"south": {"uv": [6.5, 6, 0, 16], "texture": "#1"},
				"west": {"uv": [0, 0, 0, 8], "texture": "#1"},
				"up": {"uv": [0, 0, 6, 0], "texture": "#1"},
				"down": {"uv": [0, 0, 6, 0], "texture": "#1"}
			}
		},
		{
			"name": "Hub",
			"from": [4.5, 9, 10.5],
			"to": [5.5, 10, 11.5],
			"shade": false,
			"rotation": {"angle": 22.5, "axis": "z", "origin": [5, 9, 11]},
			"faces": {
				"north": {"uv": [0, 1, 1, 2], "texture": "#1"},
				"east": {"uv": [0, 1, 1, 2], "texture": "#1"},
				"south": {"uv": [0, 1, 1, 2], "texture": "#1"},
				"west": {"uv": [0, 1, 1, 2], "texture": "#1"},
				"up": {"uv": [0, 0, 1, 1], "texture": "#1"},
				"down": {"uv": [0, 2, 1, 3], "texture": "#1"}
			}
		},
		{
			"name": "Petals",
			"from": [1, 9.5, 7],
			"to": [9, 9.5, 15],
			"shade": false,
			"rotation": {"angle": 22.5, "axis": "z", "origin": [5, 9, 11]},
			"faces": {
				"north": {"uv": [0, 0, 4, 0], "texture": "#1"},
				"east": {"uv": [0, 0, 4, 0], "texture": "#1"},
				"south": {"uv": [0, 0, 4, 0], "texture": "#1"},
				"west": {"uv": [0, 0, 4, 0], "texture": "#1"},
				"up": {"uv": [8, 0, 16, 8], "texture": "#1"},
				"down": {"uv": [8, 16, 16, 8], "texture": "#1"}
			}
		},
		{
			"name": "Stem 2",
			"from": [1.75, -1, 11],
			"to": [8.25, 9, 11],
			"shade": false,
			"rotation": {"angle": -45, "axis": "y", "origin": [5, 3, 11]},
			"faces": {
				"north": {"uv": [6.5, 6, 0, 16], "texture": "#1"},
				"east": {"uv": [0, 0, 0, 8], "texture": "#1"},
				"south": {"uv": [0, 6, 6.5, 16], "texture": "#1"},
				"west": {"uv": [0, 0, 0, 8], "texture": "#1"},
				"up": {"uv": [0, 0, 6, 0], "rotation": 180, "texture": "#1"},
				"down": {"uv": [0, 0, 6, 0], "rotation": 180, "texture": "#1"}
			}
		},
		{
			"name": "Stem 3",
			"from": [5, -1, 7.75],
			"to": [5, 9, 14.25],
			"shade": false,
			"rotation": {"angle": -45, "axis": "y", "origin": [5, 3, 11]},
			"faces": {
				"north": {"uv": [0, 0, 0, 8], "texture": "#1"},
				"east": {"uv": [0, 6, 6.5, 16], "texture": "#1"},
				"south": {"uv": [0, 0, 0, 8], "texture": "#1"},
				"west": {"uv": [6.5, 6, 0, 16], "texture": "#1"},
				"up": {"uv": [0, 0, 6, 0], "rotation": 90, "texture": "#1"},
				"down": {"uv": [0, 0, 6, 0], "rotation": 270, "texture": "#1"}
			}
		}
	],
	"groups": [
		{
			"name": "Flower",
			"origin": [8, 4, 8],
			"color": 0,
			"shade": false,
			"children": [0, 1, 2, 3]
		},
		{
			"name": "Flower",
			"origin": [8, 4, 8],
			"color": 0,
			"shade": false,
			"children": [4, 5, 6, 7]
		}
	]
}