{
	"credit": "Made by Starseeker with Blockbench",
	"ambientocclusion": false,
	"textures": {
		"1": "block/plants/oxeye_daisy_models/oxeye_daisy",
		"particle": "block/plants/oxeye_daisy"
	},
	"elements": [
		{
			"name": "Hub",
			"from": [7.5, 10, 7.5],
			"to": [8.5, 11, 8.5],
			"shade": false,
			"rotation": {"angle": 22.5, "axis": "z", "origin": [8, 10, 8]},
			"faces": {
				"north": {"uv": [0, 1, 1, 2], "texture": "#1"},
				"east": {"uv": [0, 1, 1, 2], "texture": "#1"},
				"south": {"uv": [0, 1, 1, 2], "texture": "#1"},
				"west": {"uv": [0, 1, 1, 2], "texture": "#1"},
				"up": {"uv": [0, 0, 1, 1], "texture": "#1"},
				"down": {"uv": [0, 2, 1, 3], "texture": "#1"}
			}
		},
		{
			"name": "Petals",
			"from": [4, 10.5, 4],
			"to": [12, 10.5, 12],
			"shade": false,
			"rotation": {"angle": 22.5, "axis": "z", "origin": [8, 10, 8]},
			"faces": {
				"north": {"uv": [0, 0, 4, 0], "texture": "#1"},
				"east": {"uv": [0, 0, 4, 0], "texture": "#1"},
				"south": {"uv": [0, 0, 4, 0], "texture": "#1"},
				"west": {"uv": [0, 0, 4, 0], "texture": "#1"},
				"up": {"uv": [8, 0, 16, 8], "texture": "#1"},
				"down": {"uv": [8, 16, 16, 8], "texture": "#1"}
			}
		},
		{
			"name": "Stem 1",
			"from": [4.75, 0, 8],
			"to": [11.25, 10, 8],
			"shade": false,
			"rotation": {"angle": 45, "axis": "y", "origin": [8, 4, 8]},
			"faces": {
				"north": {"uv": [6.5, 6, 0, 16], "texture": "#1"},
				"east": {"uv": [0, 0, 0, 8], "texture": "#1"},
				"south": {"uv": [0, 6, 6.5, 16], "texture": "#1"},
				"west": {"uv": [0, 0, 0, 8], "texture": "#1"},
				"up": {"uv": [0, 0, 6, 0], "rotation": 180, "texture": "#1"},
				"down": {"uv": [0, 0, 6, 0], "rotation": 180, "texture": "#1"}
			}
		},
		{
			"name": "Stem 2",
			"from": [4.75, 0, 8],
			"to": [11.25, 10, 8],
			"shade": false,
			"rotation": {"angle": -45, "axis": "y", "origin": [8, 4, 8]},
			"faces": {
				"north": {"uv": [0, 6, 6.5, 16], "texture": "#1"},
				"east": {"uv": [0, 0, 0, 8], "texture": "#1"},
				"south": {"uv": [6.5, 6, 0, 16], "texture": "#1"},
				"west": {"uv": [0, 0, 0, 8], "texture": "#1"},
				"up": {"uv": [0, 0, 6, 0], "texture": "#1"},
				"down": {"uv": [0, 0, 6, 0], "texture": "#1"}
			}
		}
	],
	"groups": [
		{
			"name": "Flower",
			"origin": [8, 4, 8],
			"color": 0,
			"shade": false,
			"children": [0, 1, 2, 3]
		}
	]
}