{
	"credit": "Made by Joanarr, updated by SyndiShanX",
	"parent": "block/block",
	"textures": {
		"0": "block/diorite_wall",
		"particle": "block/diorite"
	},
	"elements": [
		{
			"name": "Top",
			"from": [5, 14, 5],
			"to": [11, 16, 11],
			"faces": {
				"north": {"uv": [0, 3, 3, 4], "texture": "#0"},
				"east": {"uv": [0, 3, 3, 4], "texture": "#0"},
				"south": {"uv": [0, 3, 3, 4], "texture": "#0"},
				"west": {"uv": [0, 3, 3, 4], "texture": "#0"},
				"up": {"uv": [0, 0, 3, 3], "texture": "#0"},
				"down": {"uv": [0, 0, 3, 3], "texture": "#0"}
			}
		},
		{
			"name": "Outer Post",
			"from": [4, 5.5, 7],
			"to": [12, 14.5, 9],
			"faces": {
				"north": {"uv": [3, 0, 7.5, 4], "rotation": 90, "texture": "#0"},
				"east": {"uv": [8.5, 0, 9.5, 4.5], "texture": "#0"},
				"south": {"uv": [3, 0, 7.5, 4], "rotation": 90, "texture": "#0"},
				"west": {"uv": [8.5, 0, 9.5, 4.5], "texture": "#0"},
				"up": {"uv": [7.5, 0, 8.5, 4], "rotation": 270, "texture": "#0"},
				"down": {"uv": [7.5, 0, 8.5, 4], "rotation": 90, "texture": "#0"}
			}
		},
		{
			"name": "Outer Post 2",
			"from": [7, 5.5, 4],
			"to": [9, 14.5, 12],
			"faces": {
				"north": {"uv": [8.5, 0, 9.5, 4.5], "texture": "#0"},
				"east": {"uv": [3, 0, 7.5, 4], "rotation": 90, "texture": "#0"},
				"south": {"uv": [8.5, 0, 9.5, 4.5], "texture": "#0"},
				"west": {"uv": [3, 0, 7.5, 4], "rotation": 90, "texture": "#0"},
				"up": {"uv": [7.5, 0, 8.5, 4], "texture": "#0"},
				"down": {"uv": [7.5, 0, 8.5, 4], "texture": "#0"}
			}
		},
		{
			"name": "Main Post",
			"from": [6, 6, 6],
			"to": [10, 14, 10],
			"rotation": {"angle": 45, "axis": "y", "origin": [8, 8, 8]},
			"faces": {
				"north": {"uv": [0, 4, 2, 8], "texture": "#0"},
				"east": {"uv": [0, 4, 2, 8], "texture": "#0"},
				"south": {"uv": [0, 4, 2, 8], "texture": "#0"},
				"west": {"uv": [0, 4, 2, 8], "texture": "#0"}
			}
		},
		{
			"name": "Base Connector",
			"from": [4, 1, 4],
			"to": [12, 5, 12],
			"faces": {
				"north": {"uv": [9.5, 0, 13.5, 2], "texture": "#0"},
				"east": {"uv": [9.5, 0, 13.5, 2], "texture": "#0"},
				"south": {"uv": [9.5, 0, 13.5, 2], "texture": "#0"},
				"west": {"uv": [9.5, 0, 13.5, 2], "texture": "#0"},
				"up": {"uv": [2, 4, 6, 8], "texture": "#0"},
				"down": {"uv": [2, 4, 6, 8], "texture": "#0"}
			}
		},
		{
			"name": "Base",
			"from": [5, 0, 5],
			"to": [11, 6, 11],
			"faces": {
				"north": {"uv": [0, 0, 3, 3], "texture": "#0"},
				"east": {"uv": [0, 0, 3, 3], "texture": "#0"},
				"south": {"uv": [0, 0, 3, 3], "texture": "#0"},
				"west": {"uv": [0, 0, 3, 3], "texture": "#0"},
				"up": {"uv": [0, 0, 3, 3], "texture": "#0"},
				"down": {"uv": [0, 0, 3, 3], "texture": "#0"}
			}
		}
	]
}