{
	"credit": "Made by Joanarr, updated by SyndiShanX",
	"parent": "block/block",
	"textures": {
		"0": "block/diorite_wall",
		"particle": "block/diorite"
	},
	"elements": [
		{
			"name": "Top",
			"from": [6, 15, 1],
			"to": [10, 15.5, 15],
			"faces": {
				"north": {"uv": [3.75, 15.25, 5.75, 15.5], "texture": "#0"},
				"east": {"uv": [3.5, 8.25, 3.75, 15.25], "rotation": 90, "texture": "#0"},
				"south": {"uv": [3.75, 8, 5.75, 8.25], "texture": "#0"},
				"west": {"uv": [5.75, 8.25, 6, 15.25], "rotation": 90, "texture": "#0"},
				"up": {"uv": [3.75, 8.25, 5.75, 15.25], "texture": "#0"}
			}
		},
		{
			"name": "Top Mid",
			"from": [5.5, 15, 5.5],
			"to": [10.5, 16, 10.5],
			"faces": {
				"north": {"uv": [13.5, 2.5, 16, 3], "texture": "#0"},
				"east": {"uv": [13.5, 2.5, 16, 3], "texture": "#0"},
				"south": {"uv": [13.5, 2.5, 16, 3], "texture": "#0"},
				"west": {"uv": [13.5, 2.5, 16, 3], "texture": "#0"},
				"up": {"uv": [13.5, 0, 16, 2.5], "texture": "#0"}
			}
		},
		{
			"name": "Top Connector",
			"from": [5, 13.5, 0],
			"to": [11, 15, 16],
			"faces": {
				"north": {"uv": [8, 11.5, 11, 12.25], "texture": "#0"},
				"east": {"uv": [8, 12.25, 16, 13], "texture": "#0"},
				"south": {"uv": [8, 11.5, 11, 12.25], "texture": "#0"},
				"west": {"uv": [8, 12.25, 16, 13], "texture": "#0"},
				"up": {"uv": [8, 13, 16, 16], "rotation": 90, "texture": "#0"},
				"down": {"uv": [8, 13, 16, 16], "rotation": 90, "texture": "#0"}
			}
		},
		{
			"name": "Top Connector 2",
			"from": [5.5, 13, 0],
			"to": [10.5, 13.5, 16],
			"faces": {
				"north": {"uv": [8.25, 12, 10.75, 12.25], "texture": "#0"},
				"east": {"uv": [8, 12.75, 16, 13], "texture": "#0"},
				"south": {"uv": [8.25, 12, 10.75, 12.25], "texture": "#0"},
				"west": {"uv": [8, 12.75, 16, 13], "texture": "#0"},
				"down": {"uv": [8, 13, 16, 13.25], "rotation": 90, "texture": "#0"}
			}
		},
		{
			"name": "Main Post 1",
			"from": [6, 8.5, 0],
			"to": [10, 13, 8],
			"rotation": {"angle": 0, "axis": "y", "origin": [8, 7.5, 8]},
			"faces": {
				"north": {"uv": [10, 4.5, 12, 6.75], "texture": "#0"},
				"east": {"uv": [6, 4.5, 10, 6.75], "texture": "#0"},
				"west": {"uv": [6, 4.5, 10, 6.75], "texture": "#0"},
				"down": {"uv": [6, 6.75, 10, 7.75], "rotation": 90, "texture": "#0"}
			}
		},
		{
			"name": "Main Post 2",
			"from": [6, 8.5, 8],
			"to": [10, 13, 16],
			"rotation": {"angle": 0, "axis": "y", "origin": [8, 7.5, 8]},
			"faces": {
				"east": {"uv": [6, 4.5, 10, 6.75], "texture": "#0"},
				"south": {"uv": [10, 4.5, 12, 6.75], "texture": "#0"},
				"west": {"uv": [6, 4.5, 10, 6.75], "texture": "#0"},
				"down": {"uv": [6, 6.75, 10, 7.75], "rotation": 270, "texture": "#0"}
			}
		},
		{
			"name": "Mid Connector 1",
			"from": [6, 7.5, 0.5],
			"to": [10, 8.5, 7.5],
			"rotation": {"angle": 0, "axis": "y", "origin": [8, 7.5, 8]},
			"faces": {
				"north": {"uv": [9.5, 8, 11.5, 8.5], "texture": "#0"},
				"east": {"uv": [6, 8, 9.5, 8.5], "texture": "#0"},
				"south": {"uv": [9.5, 8, 11.5, 8.5], "texture": "#0"},
				"west": {"uv": [6, 8, 9.5, 8.5], "texture": "#0"},
				"down": {"uv": [6, 9, 9.5, 11], "rotation": 90, "texture": "#0"}
			}
		},
		{
			"name": "Mid Connector 2",
			"from": [6, 7.5, 8.5],
			"to": [10, 8.5, 15.5],
			"rotation": {"angle": 0, "axis": "y", "origin": [8, 7.5, 16]},
			"faces": {
				"north": {"uv": [9.5, 8, 11.5, 8.5], "texture": "#0"},
				"east": {"uv": [6, 8, 9.5, 8.5], "texture": "#0"},
				"south": {"uv": [9.5, 8, 11.5, 8.5], "texture": "#0"},
				"west": {"uv": [6, 8, 9.5, 8.5], "texture": "#0"},
				"down": {"uv": [6, 9, 9.5, 11], "rotation": 90, "texture": "#0"}
			}
		},
		{
			"name": "Mid Connector 1_2",
			"from": [6, 6.5, 1.5],
			"to": [10, 7.5, 6.5],
			"rotation": {"angle": 0, "axis": "y", "origin": [8, 7.5, 8]},
			"faces": {
				"north": {"uv": [9, 8.5, 11, 9], "texture": "#0"},
				"east": {"uv": [6.5, 8.5, 9, 9], "texture": "#0"},
				"south": {"uv": [9, 8.5, 11, 9], "texture": "#0"},
				"west": {"uv": [6.5, 8.5, 9, 9], "texture": "#0"},
				"down": {"uv": [10, 9, 12.5, 11], "rotation": 90, "texture": "#0"}
			}
		},
		{
			"name": "Mid Connector 2_2",
			"from": [6, 6.5, 9.5],
			"to": [10, 7.5, 14.5],
			"rotation": {"angle": 0, "axis": "y", "origin": [8, 7.5, 16]},
			"faces": {
				"north": {"uv": [9, 8.5, 11, 9], "texture": "#0"},
				"east": {"uv": [6.5, 8.5, 9, 9], "texture": "#0"},
				"south": {"uv": [9, 8.5, 11, 9], "texture": "#0"},
				"west": {"uv": [6.5, 8.5, 9, 9], "texture": "#0"},
				"down": {"uv": [10, 9, 12.5, 11], "rotation": 90, "texture": "#0"}
			}
		},
		{
			"name": "Base Connector 1",
			"from": [6, 1.5, 2],
			"to": [10, 5, 6],
			"rotation": {"angle": 0, "axis": "y", "origin": [8, 7.5, 8]},
			"faces": {
				"north": {"uv": [1.5, 11.5, 3.5, 13.25], "texture": "#0"},
				"east": {"uv": [1.5, 11.5, 3.5, 13.25], "texture": "#0"},
				"south": {"uv": [1.5, 11.5, 3.5, 13.25], "texture": "#0"},
				"west": {"uv": [1.5, 11.5, 3.5, 13.25], "texture": "#0"},
				"up": {"uv": [1.5, 9.5, 3.5, 11.5], "texture": "#0"},
				"down": {"uv": [1.5, 9.5, 3.5, 11.5], "texture": "#0"}
			}
		},
		{
			"name": "Base Connector 2",
			"from": [6, 1.5, 10],
			"to": [10, 5, 14],
			"rotation": {"angle": 0, "axis": "y", "origin": [8, 7.5, 8]},
			"faces": {
				"north": {"uv": [1.5, 11.5, 3.5, 13.25], "texture": "#0"},
				"east": {"uv": [1.5, 11.5, 3.5, 13.25], "texture": "#0"},
				"south": {"uv": [1.5, 11.5, 3.5, 13.25], "texture": "#0"},
				"west": {"uv": [1.5, 11.5, 3.5, 13.25], "texture": "#0"},
				"up": {"uv": [1.5, 9.5, 3.5, 11.5], "texture": "#0"},
				"down": {"uv": [1.5, 9.5, 3.5, 11.5], "texture": "#0"}
			}
		},
		{
			"name": "Base 1",
			"from": [6.5, -0.5, 2.5],
			"to": [9.5, 13.5, 5.5],
			"rotation": {"angle": 0, "axis": "y", "origin": [8, 7.5, 8]},
			"faces": {
				"north": {"uv": [0, 8, 1.5, 15], "texture": "#0"},
				"east": {"uv": [0, 8, 1.5, 15], "texture": "#0"},
				"south": {"uv": [0, 8, 1.5, 15], "texture": "#0"},
				"west": {"uv": [0, 8, 1.5, 15], "texture": "#0"},
				"up": {"uv": [1.5, 8, 3, 9.5], "texture": "#0"},
				"down": {"uv": [1.5, 8, 3, 9.5], "texture": "#0"}
			}
		},
		{
			"name": "Base 2",
			"from": [6.5, -0.5, 10.5],
			"to": [9.5, 13.5, 13.5],
			"rotation": {"angle": 0, "axis": "y", "origin": [8, 7.5, 8]},
			"faces": {
				"north": {"uv": [0, 8, 1.5, 15], "texture": "#0"},
				"east": {"uv": [0, 8, 1.5, 15], "texture": "#0"},
				"south": {"uv": [0, 8, 1.5, 15], "texture": "#0"},
				"west": {"uv": [0, 8, 1.5, 15], "texture": "#0"},
				"up": {"uv": [1.5, 8, 3, 9.5], "texture": "#0"},
				"down": {"uv": [1.5, 8, 3, 9.5], "texture": "#0"}
			}
		}
	]
}