{
	"credit": "Made with Blockbench",
	"ambientocclusion": false,
	"textures": {
		"1": "block/lever",
		"base": "block/lever_base_on",
		"particle": "block/lever_base_on"
	},
	"elements": [
		{
			"from": [4.5, 0, 4],
			"to": [11.5, 2.5, 12],
			"faces": {
				"north": {"uv": [4.5, 0.5, 11.5, 3], "texture": "#base"},
				"east": {"uv": [4, 13.5, 12, 16], "texture": "#base"},
				"south": {"uv": [4.5, 0.5, 11.5, 3], "texture": "#base"},
				"west": {"uv": [4, 13.5, 12, 16], "texture": "#base"},
				"up": {"uv": [4.5, 4, 11.5, 12], "texture": "#base"},
				"down": {"uv": [4.5, 0, 11.5, 3], "texture": "#base"}
			}
		},
		{
			"from": [7, 0, 4],
			"to": [9, 3, 12],
			"faces": {
				"north": {"uv": [7, 0, 9, 3], "texture": "#base"},
				"east": {"uv": [8.5, 4, 9, 12], "rotation": 90, "texture": "#base"},
				"south": {"uv": [7, 0, 9, 3], "texture": "#base"},
				"west": {"uv": [7, 4, 7.5, 12], "rotation": 270, "texture": "#base"},
				"up": {"uv": [7, 4, 9, 12], "texture": "#base"},
				"down": {"uv": [7, 0, 9, 3], "texture": "#base"}
			}
		},
		{
			"from": [11, 0, 4],
			"to": [11.5, 3, 12],
			"faces": {
				"north": {"uv": [4, 13, 4.5, 16], "texture": "#base"},
				"east": {"uv": [4, 13, 12, 16], "texture": "#base"},
				"south": {"uv": [11.5, 13, 12, 16], "texture": "#base"},
				"west": {"uv": [11, 4, 11.5, 12], "rotation": 270, "texture": "#base"},
				"up": {"uv": [11, 4, 11.5, 12], "texture": "#base"},
				"down": {"uv": [4.5, 4, 5, 12], "texture": "#base"}
			}
		},
		{
			"from": [4.5, 0, 4],
			"to": [5, 3, 12],
			"faces": {
				"north": {"uv": [11, 0, 11.5, 3], "texture": "#base"},
				"east": {"uv": [4.5, 4, 5, 12], "rotation": 90, "texture": "#base"},
				"south": {"uv": [4.5, 0, 5, 3], "texture": "#base"},
				"west": {"uv": [4, 13, 12, 16], "texture": "#base"},
				"up": {"uv": [4.5, 4, 5, 12], "texture": "#base"},
				"down": {"uv": [4.5, 4, 5, 12], "texture": "#base"}
			}
		},
		{
			"from": [4.5, 0, 4],
			"to": [11.5, 3, 4.5],
			"faces": {
				"north": {"uv": [4.5, 0, 11.5, 3], "texture": "#base"},
				"east": {"uv": [11.5, 13, 12, 16], "texture": "#base"},
				"south": {"uv": [4.5, 4, 11.5, 4.5], "texture": "#base"},
				"west": {"uv": [4, 13, 4.5, 16], "texture": "#base"},
				"up": {"uv": [4.5, 4, 11.5, 4.5], "texture": "#base"},
				"down": {"uv": [4.5, 4, 5, 12], "texture": "#base"}
			}
		},
		{
			"from": [4.5, 0, 11.5],
			"to": [11.5, 3, 12],
			"faces": {
				"north": {"uv": [4.5, 4, 11.5, 4.5], "texture": "#base"},
				"east": {"uv": [4, 13, 4.5, 16], "texture": "#base"},
				"south": {"uv": [4.5, 0, 11.5, 3], "texture": "#base"},
				"west": {"uv": [11.5, 13, 12, 16], "texture": "#base"},
				"up": {"uv": [4.5, 11.5, 11.5, 12], "texture": "#base"},
				"down": {"uv": [4.5, 4, 5, 12], "texture": "#base"}
			}
		},
		{
			"from": [9.5, 2.5, 7.5],
			"to": [10.5, 10.5, 8.5],
			"rotation": {"angle": -45, "axis": "x", "origin": [10, 1.5, 8]},
			"faces": {
				"north": {"uv": [5.5, 8, 6.5, 16], "texture": "#1"},
				"east": {"uv": [5.5, 8, 6.5, 16], "texture": "#1"},
				"south": {"uv": [5.5, 8, 6.5, 16], "texture": "#1"},
				"west": {"uv": [5.5, 8, 6.5, 16], "texture": "#1"},
				"up": {"uv": [5.5, 8.5, 6.5, 9.5], "texture": "#1"},
				"down": {"uv": [5.5, 14.5, 6.5, 15.5], "texture": "#1"}
			}
		},
		{
			"from": [9, 5, 7.5],
			"to": [11, 7, 8.5],
			"rotation": {"angle": -45, "axis": "x", "origin": [10, 1.5, 8]},
			"faces": {
				"north": {"uv": [5, 11.5, 7, 13.5], "texture": "#1"},
				"east": {"uv": [5.5, 11.5, 6.5, 13.5], "texture": "#1"},
				"south": {"uv": [5, 11.5, 7, 13.5], "texture": "#1"},
				"west": {"uv": [5.5, 11.5, 6.5, 13.5], "texture": "#1"},
				"up": {"uv": [5, 12, 7, 13], "texture": "#1"},
				"down": {"uv": [5, 12, 7, 13], "texture": "#1"}
			}
		},
		{
			"from": [9.5, 5, 7],
			"to": [10.5, 7, 9],
			"rotation": {"angle": -45, "axis": "x", "origin": [10, 1.5, 8]},
			"faces": {
				"north": {"uv": [5.5, 11.5, 6.5, 13.5], "texture": "#1"},
				"east": {"uv": [5, 11.5, 7, 13.5], "texture": "#1"},
				"south": {"uv": [5.5, 11.5, 6.5, 13.5], "texture": "#1"},
				"west": {"uv": [5, 11.5, 7, 13.5], "texture": "#1"},
				"up": {"uv": [5, 12, 7, 13], "rotation": 270, "texture": "#1"},
				"down": {"uv": [5, 12, 7, 13], "rotation": 90, "texture": "#1"}
			}
		},
		{
			"from": [9, 8.5, 7],
			"to": [11, 10, 9],
			"rotation": {"angle": -45, "axis": "x", "origin": [10, 1.5, 8]},
			"faces": {
				"north": {"uv": [5, 8.5, 7, 10], "texture": "#1"},
				"east": {"uv": [5, 8.5, 7, 10], "texture": "#1"},
				"south": {"uv": [5, 8.5, 7, 10], "texture": "#1"},
				"west": {"uv": [5, 8.5, 7, 10], "texture": "#1"},
				"up": {"uv": [5, 8, 7, 10], "texture": "#1"},
				"down": {"uv": [5, 8, 7, 10], "texture": "#1"}
			}
		},
		{
			"from": [5, 8.5, 7],
			"to": [7, 10, 9],
			"rotation": {"angle": -45, "axis": "x", "origin": [10, 1.5, 8]},
			"faces": {
				"north": {"uv": [5, 8.5, 7, 10], "texture": "#1"},
				"east": {"uv": [5, 8.5, 7, 10], "texture": "#1"},
				"south": {"uv": [5, 8.5, 7, 10], "texture": "#1"},
				"west": {"uv": [5, 8.5, 7, 10], "texture": "#1"},
				"up": {"uv": [5, 8, 7, 10], "texture": "#1"},
				"down": {"uv": [5, 8, 7, 10], "texture": "#1"}
			}
		},
		{
			"from": [5.5, 5, 7],
			"to": [6.5, 7, 9],
			"rotation": {"angle": -45, "axis": "x", "origin": [10, 1.5, 8]},
			"faces": {
				"north": {"uv": [5.5, 11.5, 6.5, 13.5], "texture": "#1"},
				"east": {"uv": [5, 11.5, 7, 13.5], "texture": "#1"},
				"south": {"uv": [5.5, 11.5, 6.5, 13.5], "texture": "#1"},
				"west": {"uv": [5, 11.5, 7, 13.5], "texture": "#1"},
				"up": {"uv": [5, 12, 7, 13], "rotation": 270, "texture": "#1"},
				"down": {"uv": [5, 12, 7, 13], "rotation": 90, "texture": "#1"}
			}
		},
		{
			"from": [5, 5, 7.5],
			"to": [7, 7, 8.5],
			"rotation": {"angle": -45, "axis": "x", "origin": [10, 1.5, 8]},
			"faces": {
				"north": {"uv": [5, 11.5, 7, 13.5], "texture": "#1"},
				"east": {"uv": [5.5, 11.5, 6.5, 13.5], "texture": "#1"},
				"south": {"uv": [5, 11.5, 7, 13.5], "texture": "#1"},
				"west": {"uv": [5.5, 11.5, 6.5, 13.5], "texture": "#1"},
				"up": {"uv": [5, 12, 7, 13], "texture": "#1"},
				"down": {"uv": [5, 12, 7, 13], "texture": "#1"}
			}
		},
		{
			"from": [5.5, 2.5, 7.5],
			"to": [6.5, 10.5, 8.5],
			"rotation": {"angle": -45, "axis": "x", "origin": [10, 1.5, 8]},
			"faces": {
				"north": {"uv": [5.5, 8, 6.5, 16], "texture": "#1"},
				"east": {"uv": [5.5, 8, 6.5, 16], "texture": "#1"},
				"south": {"uv": [5.5, 8, 6.5, 16], "texture": "#1"},
				"west": {"uv": [5.5, 8, 6.5, 16], "texture": "#1"},
				"up": {"uv": [5.5, 8.5, 6.5, 9.5], "texture": "#1"},
				"down": {"uv": [5.5, 14.5, 6.5, 15.5], "texture": "#1"}
			}
		},
		{
			"from": [6.25, 9.25, 7.25],
			"to": [9.75, 10.75, 8.75],
			"rotation": {"angle": -45, "axis": "x", "origin": [10, 1.5, 8]},
			"faces": {
				"north": {"uv": [0, 0, 1.5, 3.5], "rotation": 90, "texture": "#1"},
				"east": {"uv": [0, 2, 1.5, 3.5], "rotation": 90, "texture": "#1"},
				"south": {"uv": [0, 0, 1.5, 3.5], "rotation": 90, "texture": "#1"},
				"west": {"uv": [0, 0, 1.5, 1.5], "rotation": 90, "texture": "#1"},
				"up": {"uv": [0, 0, 1.5, 3.5], "rotation": 90, "texture": "#1"},
				"down": {"uv": [0, 0, 1.5, 3.5], "rotation": 90, "texture": "#1"}
			}
		}
	],
	"display": {
		"thirdperson_righthand": {
			"rotation": [45, 0, 0],
			"translation": [0, 1, -1],
			"scale": [0.6, 0.6, 0.6]
		},
		"thirdperson_lefthand": {
			"rotation": [45, 0, 0],
			"translation": [0, 1, -1],
			"scale": [0.6, 0.6, 0.6]
		},
		"firstperson_righthand": {
			"rotation": [0, 115, 0],
			"translation": [3, 3, 0],
			"scale": [0.4, 0.4, 0.4]
		},
		"firstperson_lefthand": {
			"rotation": [0, 115, 0],
			"translation": [3, 3, 0],
			"scale": [0.4, 0.4, 0.4]
		},
		"ground": {
			"translation": [0, -0.5, 0],
			"scale": [0.5, 0.5, 0.5]
		},
		"gui": {
			"rotation": [40, 135, 0],
			"translation": [0, 2, 0]
		},
		"head": {
			"rotation": [-90, 0, -90],
			"translation": [14, 0, 0]
		},
		"fixed": {
			"rotation": [-90, -90, 0],
			"translation": [0, 0, -7]
		}
	}
}