{
  "multipart": [
    {
      "apply": {
        "model": "minecraft:block/plants/wildflowers/1"
      },
      "when": {
        "facing": "north"
      }
    },
    {
      "apply": {
        "model": "minecraft:block/plants/wildflowers/1",
        "y": 90
      },
      "when": {
        "facing": "east"
      }
    },
    {
      "apply": {
        "model": "minecraft:block/plants/wildflowers/1",
        "y": 180
      },
      "when": {
        "facing": "south"
      }
    },
    {
      "apply": {
        "model": "minecraft:block/plants/wildflowers/1",
        "y": 270
      },
      "when": {
        "facing": "west"
      }
    },
    {
      "apply": {
        "model": "minecraft:block/plants/wildflowers/2"
      },
      "when": {
        "facing": "north",
        "flower_amount": "2|3|4"
      }
    },
    {
      "apply": {
        "model": "minecraft:block/plants/wildflowers/2",
        "y": 90
      },
      "when": {
        "facing": "east",
        "flower_amount": "2|3|4"
      }
    },
    {
      "apply": {
        "model": "minecraft:block/plants/wildflowers/2",
        "y": 180
      },
      "when": {
        "facing": "south",
        "flower_amount": "2|3|4"
      }
    },
    {
      "apply": {
        "model": "minecraft:block/plants/wildflowers/2",
        "y": 270
      },
      "when": {
        "facing": "west",
        "flower_amount": "2|3|4"
      }
    },
    {
      "apply": {
        "model": "minecraft:block/plants/wildflowers/3"
      },
      "when": {
        "facing": "north",
        "flower_amount": "3|4"
      }
    },
    {
      "apply": {
        "model": "minecraft:block/plants/wildflowers/3",
        "y": 90
      },
      "when": {
        "facing": "east",
        "flower_amount": "3|4"
      }
    },
    {
      "apply": {
        "model": "minecraft:block/plants/wildflowers/3",
        "y": 180
      },
      "when": {
        "facing": "south",
        "flower_amount": "3|4"
      }
    },
    {
      "apply": {
        "model": "minecraft:block/plants/wildflowers/3",
        "y": 270
      },
      "when": {
        "facing": "west",
        "flower_amount": "3|4"
      }
    },
    {
      "apply": {
        "model": "minecraft:block/plants/wildflowers/4"
      },
      "when": {
        "facing": "north",
        "flower_amount": "4"
      }
    },
    {
      "apply": {
        "model": "minecraft:block/plants/wildflowers/4",
        "y": 90
      },
      "when": {
        "facing": "east",
        "flower_amount": "4"
      }
    },
    {
      "apply": {
        "model": "minecraft:block/plants/wildflowers/4",
        "y": 180
      },
      "when": {
        "facing": "south",
        "flower_amount": "4"
      }
    },
    {
      "apply": {
        "model": "minecraft:block/plants/wildflowers/4",
        "y": 270
      },
      "when": {
        "facing": "west",
        "flower_amount": "4"
      }
    }
  ]
}