{
	"credit": "Made with Blockbench",
	"textures": {
		"0": "block/dark_oak_trapdoor",
		"2": "block/dark_oak_trapdoor_rim",
		"particle": "block/dark_oak_trapdoor"
	},
	"elements": [
		{
			"name": "cube",
			"from": [0, 0.5, 0],
			"to": [16, 2.5, 16],
			"faces": {
				"north": {"uv": [2.5, 0, 4.5, 16], "texture": "#2", "rotation": 270},
				"east": {"uv": [0, 0, 2, 16], "texture": "#2", "rotation": 270},
				"south": {"uv": [2.5, 0, 4.5, 16], "texture": "#2", "rotation": 90},
				"west": {"uv": [0, 0, 2, 16], "texture": "#2", "rotation": 270},
				"up": {"uv": [0, 0, 16, 16], "texture": "#0"},
				"down": {"uv": [0, 0, 16, 16], "texture": "#0"}
			}
		},
		{
			"name": "cube",
			"from": [6.5, 2.5, 5],
			"to": [7, 3, 5.5],
			"faces": {
				"north": {"uv": [4.5, 8.5, 5, 9], "texture": "#0"},
				"south": {"uv": [8.5, 8, 9, 8.5], "texture": "#0"},
				"west": {"uv": [7.5, 13.5, 8, 14], "texture": "#0"},
				"up": {"uv": [6.5, 5, 7, 5.5], "texture": "#0"}
			}
		},
		{
			"name": "cube",
			"from": [5.5, 2.5, 6.5],
			"to": [6, 3, 7],
			"faces": {
				"north": {"uv": [4, 7, 4.5, 7.5], "texture": "#0"},
				"east": {"uv": [2, 8, 2.5, 8.5], "texture": "#0"},
				"west": {"uv": [7, 7, 7.5, 7.5], "texture": "#0"},
				"up": {"uv": [5.5, 6.5, 6, 7], "texture": "#0"}
			}
		},
		{
			"name": "cube",
			"from": [5.5, 2.5, 9],
			"to": [6, 3, 9.5],
			"faces": {
				"east": {"uv": [6, 9, 6.5, 9.5], "texture": "#0"},
				"south": {"uv": [5.5, 9.5, 6, 10], "texture": "#0"},
				"west": {"uv": [5, 8.5, 5.5, 9], "texture": "#0"},
				"up": {"uv": [5.5, 9, 6, 9.5], "texture": "#0"}
			}
		},
		{
			"name": "cube",
			"from": [6.5, 2.5, 10.5],
			"to": [7, 3, 11],
			"faces": {
				"north": {"uv": [15.5, 7, 16, 7.5], "texture": "#0"},
				"south": {"uv": [11.5, 7.5, 12, 8], "texture": "#0"},
				"west": {"uv": [6.5, 7, 7, 7.5], "texture": "#0"},
				"up": {"uv": [6.5, 10.5, 7, 11], "texture": "#0"}
			}
		},
		{
			"name": "cube",
			"from": [9, 2.5, 10.5],
			"to": [9.5, 3, 11],
			"faces": {
				"north": {"uv": [9, 10, 9.5, 10.5], "texture": "#0"},
				"east": {"uv": [9, 10, 9.5, 10.5], "texture": "#0"},
				"south": {"uv": [10, 9.5, 10.5, 10], "texture": "#0"},
				"up": {"uv": [9, 10.5, 9.5, 11], "texture": "#0"}
			}
		},
		{
			"name": "cube",
			"from": [9, 2.5, 5],
			"to": [9.5, 3, 5.5],
			"faces": {
				"north": {"uv": [7.5, 7, 8, 7.5], "texture": "#0"},
				"east": {"uv": [6, 8, 6.5, 8.5], "texture": "#0"},
				"south": {"uv": [9, 8.5, 9.5, 9], "texture": "#0"},
				"up": {"uv": [9, 5, 9.5, 5.5], "texture": "#0"}
			}
		},
		{
			"name": "cube",
			"from": [10, 2.5, 6.5],
			"to": [10.5, 3, 7],
			"faces": {
				"north": {"uv": [8.5, 9.5, 9, 10], "texture": "#0"},
				"east": {"uv": [7.5, 15.5, 8, 16], "texture": "#0"},
				"west": {"uv": [8, 14, 8.5, 14.5], "texture": "#0"},
				"up": {"uv": [10, 6.5, 10.5, 7], "texture": "#0"}
			}
		},
		{
			"name": "cube",
			"from": [10, 2.5, 9],
			"to": [10.5, 3, 9.5],
			"faces": {
				"east": {"uv": [3, 7.5, 3.5, 8], "texture": "#0"},
				"south": {"uv": [3.5, 8, 4, 8.5], "texture": "#0"},
				"west": {"uv": [9, 7, 9.5, 7.5], "texture": "#0"},
				"up": {"uv": [10, 9, 10.5, 9.5], "texture": "#0"}
			}
		},
		{
			"name": "cube",
			"from": [9, 2.5, 7],
			"to": [16, 3, 9],
			"faces": {
				"north": {"uv": [8.5, 0, 9, 7], "texture": "#0", "rotation": 270},
				"east": {"uv": [0, 7, 0.5, 9], "texture": "#0", "rotation": 90},
				"south": {"uv": [7, 9, 7.5, 16], "texture": "#0", "rotation": 270},
				"up": {"uv": [9, 7, 16, 9], "texture": "#0"}
			}
		},
		{
			"name": "cube",
			"from": [7, 2.5, 7],
			"to": [9, 3, 9],
			"faces": {
				"up": {"uv": [7, 7, 9, 9], "texture": "#0"}
			}
		},
		{
			"name": "cube",
			"from": [0, 2.5, 7],
			"to": [7, 3, 9],
			"faces": {
				"north": {"uv": [9, 7, 16, 7.5], "texture": "#0"},
				"south": {"uv": [0, 8.5, 7, 9], "texture": "#0"},
				"west": {"uv": [7, 15.5, 9, 16], "texture": "#0", "rotation": 180},
				"up": {"uv": [0, 7, 7, 9], "texture": "#0"}
			}
		},
		{
			"name": "cube",
			"from": [7, 2.5, 9],
			"to": [9, 3, 16],
			"faces": {
				"east": {"uv": [0, 7, 7, 7.5], "texture": "#0"},
				"south": {"uv": [7, 2, 9, 2.5], "texture": "#0"},
				"west": {"uv": [0, 8.5, 7, 9], "texture": "#0", "rotation": 180},
				"up": {"uv": [7, 9, 9, 16], "texture": "#0"}
			}
		},
		{
			"name": "cube",
			"from": [7, 2.5, 0],
			"to": [9, 3, 7],
			"faces": {
				"north": {"uv": [15.5, 7, 16, 9], "texture": "#0", "rotation": 270},
				"east": {"uv": [8.5, 0, 9, 7], "texture": "#0", "rotation": 90},
				"west": {"uv": [7, 0, 7.5, 7], "texture": "#0", "rotation": 270},
				"up": {"uv": [7, 0, 9, 7], "texture": "#0"}
			}
		},
		{
			"name": "cube",
			"from": [9, 0, 7],
			"to": [16, 0.5, 9],
			"faces": {
				"north": {"uv": [9, 0, 8.5, 7], "texture": "#0", "rotation": 270},
				"east": {"uv": [0.5, 7, 0, 9], "texture": "#0", "rotation": 90},
				"south": {"uv": [7.5, 9, 7, 16], "texture": "#0", "rotation": 270},
				"down": {"uv": [16, 7, 9, 9], "texture": "#0", "rotation": 180}
			}
		},
		{
			"name": "cube",
			"from": [7, 0, 7],
			"to": [9, 0.5, 9],
			"faces": {
				"down": {"uv": [9, 7, 7, 9], "texture": "#0", "rotation": 180}
			}
		},
		{
			"name": "cube",
			"from": [0, 0, 7],
			"to": [7, 0.5, 9],
			"faces": {
				"north": {"uv": [9, 7.5, 16, 7], "texture": "#0"},
				"south": {"uv": [0, 9, 7, 8.5], "texture": "#0"},
				"west": {"uv": [7, 16, 9, 15.5], "texture": "#0", "rotation": 180},
				"down": {"uv": [7, 7, 0, 9], "texture": "#0", "rotation": 180}
			}
		},
		{
			"name": "cube",
			"from": [7, 0, 9],
			"to": [9, 0.5, 16],
			"faces": {
				"east": {"uv": [0, 7.5, 7, 7], "texture": "#0"},
				"south": {"uv": [7, 2.5, 9, 2], "texture": "#0"},
				"west": {"uv": [0, 9, 7, 8.5], "texture": "#0", "rotation": 180},
				"down": {"uv": [9, 9, 7, 16], "texture": "#0", "rotation": 180}
			}
		},
		{
			"name": "cube",
			"from": [7, 0, 0],
			"to": [9, 0.5, 7],
			"faces": {
				"north": {"uv": [16, 7, 15.5, 9], "texture": "#0", "rotation": 270},
				"east": {"uv": [9, 0, 8.5, 7], "texture": "#0", "rotation": 90},
				"west": {"uv": [7.5, 0, 7, 7], "texture": "#0", "rotation": 270},
				"down": {"uv": [9, 0, 7, 7], "texture": "#0", "rotation": 180}
			}
		},
		{
			"name": "cube",
			"from": [6.5, 0, 5],
			"to": [7, 0.5, 5.5],
			"faces": {
				"north": {"uv": [4.5, 9, 5, 8.5], "texture": "#0"},
				"south": {"uv": [8.5, 8.5, 9, 8], "texture": "#0"},
				"west": {"uv": [7.5, 14, 8, 13.5], "texture": "#0"},
				"down": {"uv": [7, 5, 6.5, 5.5], "texture": "#0", "rotation": 180}
			}
		},
		{
			"name": "cube",
			"from": [5.5, 0, 6.5],
			"to": [6, 0.5, 7],
			"faces": {
				"north": {"uv": [4, 7.5, 4.5, 7], "texture": "#0"},
				"east": {"uv": [2, 8.5, 2.5, 8], "texture": "#0"},
				"west": {"uv": [7, 7.5, 7.5, 7], "texture": "#0"},
				"down": {"uv": [6, 6.5, 5.5, 7], "texture": "#0", "rotation": 180}
			}
		},
		{
			"name": "cube",
			"from": [5.5, 0, 9],
			"to": [6, 0.5, 9.5],
			"faces": {
				"east": {"uv": [6, 9.5, 6.5, 9], "texture": "#0"},
				"south": {"uv": [5.5, 10, 6, 9.5], "texture": "#0"},
				"west": {"uv": [5, 9, 5.5, 8.5], "texture": "#0"},
				"down": {"uv": [6, 9, 5.5, 9.5], "texture": "#0", "rotation": 180}
			}
		},
		{
			"name": "cube",
			"from": [6.5, 0, 10.5],
			"to": [7, 0.5, 11],
			"faces": {
				"north": {"uv": [15.5, 7.5, 16, 7], "texture": "#0"},
				"south": {"uv": [11.5, 8, 12, 7.5], "texture": "#0"},
				"west": {"uv": [6.5, 7.5, 7, 7], "texture": "#0"},
				"down": {"uv": [7, 10.5, 6.5, 11], "texture": "#0", "rotation": 180}
			}
		},
		{
			"name": "cube",
			"from": [9, 0, 10.5],
			"to": [9.5, 0.5, 11],
			"faces": {
				"north": {"uv": [9, 10.5, 9.5, 10], "texture": "#0"},
				"east": {"uv": [9, 10.5, 9.5, 10], "texture": "#0"},
				"south": {"uv": [10, 10, 10.5, 9.5], "texture": "#0"},
				"down": {"uv": [9.5, 10.5, 9, 11], "texture": "#0", "rotation": 180}
			}
		},
		{
			"name": "cube",
			"from": [9, 0, 5],
			"to": [9.5, 0.5, 5.5],
			"faces": {
				"north": {"uv": [7.5, 7.5, 8, 7], "texture": "#0"},
				"east": {"uv": [6, 8.5, 6.5, 8], "texture": "#0"},
				"south": {"uv": [9, 9, 9.5, 8.5], "texture": "#0"},
				"down": {"uv": [9.5, 5, 9, 5.5], "texture": "#0", "rotation": 180}
			}
		},
		{
			"name": "cube",
			"from": [10, 0, 6.5],
			"to": [10.5, 0.5, 7],
			"faces": {
				"north": {"uv": [8.5, 10, 9, 9.5], "texture": "#0"},
				"east": {"uv": [7.5, 16, 8, 15.5], "texture": "#0"},
				"west": {"uv": [8, 14.5, 8.5, 14], "texture": "#0"},
				"down": {"uv": [10.5, 6.5, 10, 7], "texture": "#0", "rotation": 180}
			}
		},
		{
			"name": "cube",
			"from": [10, 0, 9],
			"to": [10.5, 0.5, 9.5],
			"faces": {
				"east": {"uv": [3, 8, 3.5, 7.5], "texture": "#0"},
				"south": {"uv": [3.5, 8.5, 4, 8], "texture": "#0"},
				"west": {"uv": [9, 7.5, 9.5, 7], "texture": "#0"},
				"down": {"uv": [10.5, 9, 10, 9.5], "texture": "#0", "rotation": 180}
			}
		}
	],
	"groups": [0,
		{
			"name": "group",
			"isOpen": false,
			"export": true,
			"visibility": true,
			"children": [1, 2, 3, 4, 5, 6, 7, 8]
		},
		{
			"name": "group",
			"isOpen": false,
			"export": true,
			"visibility": true,
			"children": [9, 10, 11, 12, 13]
		},
		{
			"name": "group",
			"isOpen": false,
			"export": true,
			"visibility": true,
			"children": [14, 15, 16, 17, 18]
		},
		{
			"name": "group",
			"isOpen": false,
			"export": true,
			"visibility": true,
			"children": [19, 20, 21, 22, 23, 24, 25, 26]
		}
	]
}