{
	"credit": "Made by Starseeker with Blockbench",
	"ambientocclusion": false,
	"textures": {
		"1": "block/plants/allium_models/allium"
	},
	"elements": [
		{
			"name": "Hub",
			"from": [6.5, 21.25, 6.5],
			"to": [9.5, 24.25, 9.5],
			"shade": false,
			"rotation": {"angle": 0, "axis": "y", "origin": [0, 9.25, 0]},
			"faces": {
				"north": {"uv": [11.5, 1.5, 14.5, 4.5], "texture": "#1"},
				"east": {"uv": [11.5, 1.5, 14.5, 4.5], "texture": "#1"},
				"south": {"uv": [11.5, 1.5, 14.5, 4.5], "texture": "#1"},
				"west": {"uv": [11.5, 1.5, 14.5, 4.5], "texture": "#1"},
				"up": {"uv": [11.5, 7.5, 14.5, 10.5], "texture": "#1"},
				"down": {"uv": [11.5, 7.5, 14.5, 10.5], "texture": "#1"}
			}
		},
		{
			"name": "Stem 1",
			"from": [4, 9.25, 8],
			"to": [12, 21.25, 8],
			"shade": false,
			"rotation": {"angle": 45, "axis": "y", "origin": [8, 14.75, 8]},
			"faces": {
				"north": {"uv": [0, 4, 8, 16], "texture": "#1"},
				"east": {"uv": [0, 0, 0, 12], "texture": "#1"},
				"south": {"uv": [8, 4, 0, 16], "texture": "#1"},
				"west": {"uv": [0, 0, 0, 12], "texture": "#1"},
				"up": {"uv": [0, 0, 8, 0], "texture": "#1"},
				"down": {"uv": [0, 0, 8, 0], "texture": "#1"}
			}
		},
		{
			"name": "Stem 2",
			"from": [4, 9.25, 8],
			"to": [12, 21.25, 8],
			"shade": false,
			"rotation": {"angle": -45, "axis": "y", "origin": [8, 14.75, 8]},
			"faces": {
				"north": {"uv": [0, 4, 8, 16], "texture": "#1"},
				"east": {"uv": [0, 0, 0, 10.5], "texture": "#1"},
				"south": {"uv": [8, 4, 0, 16], "texture": "#1"},
				"west": {"uv": [10, 0, 10, 10.5], "texture": "#1"},
				"up": {"uv": [0, 0, 8, 0], "texture": "#1"},
				"down": {"uv": [0, 0, 8, 0], "texture": "#1"}
			}
		},
		{
			"name": "Flower 1",
			"from": [8, 19.75, 5],
			"to": [8, 25.75, 11],
			"shade": false,
			"rotation": {"angle": 0, "axis": "y", "origin": [8, 23.25, 8]},
			"faces": {
				"north": {"uv": [0.5, 0.5, 0.5, 6.5], "texture": "#1"},
				"east": {"uv": [10, 0, 16, 6], "texture": "#1"},
				"south": {"uv": [0, 0, 0, 6], "texture": "#1"},
				"west": {"uv": [16, 0, 10, 6], "texture": "#1"},
				"up": {"uv": [0.5, 0.5, 0.5, 6.5], "texture": "#1"},
				"down": {"uv": [0.5, 0.5, 0.5, 6.5], "texture": "#1"}
			}
		},
		{
			"name": "Flower 2",
			"from": [5, 19.75, 8],
			"to": [11, 25.75, 8],
			"shade": false,
			"rotation": {"angle": 0, "axis": "y", "origin": [8, 23.25, 8]},
			"faces": {
				"north": {"uv": [10, 0, 16, 6], "texture": "#1"},
				"east": {"uv": [0, 0, 0, 6], "texture": "#1"},
				"south": {"uv": [16, 0, 10, 6], "texture": "#1"},
				"west": {"uv": [0, 0, 0, 6], "texture": "#1"},
				"up": {"uv": [0, 0, 0, 6], "rotation": 270, "texture": "#1"},
				"down": {"uv": [0, 0, 0, 6], "rotation": 90, "texture": "#1"}
			}
		},
		{
			"name": "Flower 3",
			"from": [5, 22.75, 5],
			"to": [11, 22.75, 11],
			"shade": false,
			"rotation": {"angle": 0, "axis": "y", "origin": [8, 23.25, 8]},
			"faces": {
				"north": {"uv": [0, 0, 0, 6], "rotation": 90, "texture": "#1"},
				"east": {"uv": [0, 0, 0, 6], "rotation": 270, "texture": "#1"},
				"south": {"uv": [0, 0, 0, 6], "rotation": 270, "texture": "#1"},
				"west": {"uv": [0, 0, 0, 6], "rotation": 270, "texture": "#1"},
				"up": {"uv": [10, 6, 16, 12], "rotation": 270, "texture": "#1"},
				"down": {"uv": [16, 6, 10, 12], "rotation": 270, "texture": "#1"}
			}
		}
	],
	"display": {
		"thirdperson_righthand": {
			"rotation": [75, 45, 0],
			"translation": [0, 2.5, 0],
			"scale": [0.375, 0.375, 0.375]
		},
		"thirdperson_lefthand": {
			"rotation": [75, 45, 0],
			"translation": [0, 2.5, 0],
			"scale": [0.375, 0.375, 0.375]
		},
		"firstperson_righthand": {
			"rotation": [0, 135, 0],
			"scale": [0.4, 0.4, 0.4]
		},
		"firstperson_lefthand": {
			"rotation": [0, 135, 0],
			"scale": [0.4, 0.4, 0.4]
		},
		"ground": {
			"translation": [0, 3, 0],
			"scale": [0.25, 0.25, 0.25]
		},
		"gui": {
			"rotation": [30, 135, 0],
			"scale": [0.625, 0.625, 0.625]
		},
		"fixed": {
			"translation": [0, 0, -1],
			"scale": [0.75, 0.75, 0.75]
		}
	},
	"groups": [
		{
			"name": "Flower",
			"origin": [8, 14, 8],
			"color": 0,
			"shade": false,
			"children": [0, 1, 2, 3, 4, 5]
		}
	]
}