{
	"parent": "block/block",
	"textures": {
    "particle": "#sides"
  },
	"elements": [
		{
			"from": [0, 0, 0],
			"to": [16, 16, 16],
			"faces": {
				"north": {"uv": [16, 0, 0, 16], "texture": "#sides"},
				"east": {"uv": [0, 0, 16, 16], "texture": "#sides"},
				"south": {"uv": [16, 0, 0, 16], "texture": "#sides"},
				"west": {"uv": [0, 0, 16, 16], "texture": "#sides"},
				"up": {"uv": [0, 0, 16, 16], "texture": "#ends"},
				"down": {"uv": [0, 0, 16, 16], "texture": "#ends"}
			}
		}
	]
}