{
	"credit": "Made by SyndiShanX",
  "parent": "block/plants/tall_grass/0_rot1",
  "gui_light": "front",
    "display": {
			"thirdperson_righthand": {
				"translation": [0, 12, 0],
				"scale": [0.5, 0.5, 0.5]
			},
			"thirdperson_lefthand": {
				"translation": [0, 12, 0],
				"scale": [0.5, 0.5, 0.5]
			},
			"firstperson_righthand": {
				"rotation": [0, 15, 0],
				"translation": [0, 8.5, 0],
				"scale": [0.5, 0.5, 0.5]
			},
			"firstperson_lefthand": {
				"rotation": [0, -15, 0],
				"translation": [0, 8.5, 0],
				"scale": [0.5, 0.5, 0.5]
			},
			"ground": {
				"translation": [0, 5, 0],
				"scale": [0.5, 0.5, 0.5]
			},
			"gui": {
				"rotation": [0, 110, 0],
				"translation": [0, 5, 0],
				"scale": [0.5, 0.5, 0.5]
			},
			"head": {
				"translation": [0, 18.5, 0],
				"scale": [0.5, 0.5, 0.5]
			},
			"fixed": {
				"translation": [0, 5, 0],
				"scale": [0.5, 0.5, 0.5]
			}
    }
}