{
	"credit": "Made with Blockbench",
	"textures": {
		"1_0": "blocks/fence_birch",
		"1_1_0": "blocks/fence_birch",
		"particle": "blocks/fence_birch"
	},
	"elements": [
		{
			"name": "cube",
			"from": [6.498999999999999, 14, -2],
			"to": [9.498999999999999, 15.5, -0.5],
			"rotation": {
				"angle": 45,
				"axis": "x",
				"origin": [7.51, 5.5, -1.5],
				"rescale": true
			},
			"faces": {
				"east": {
					"uv": [13.5, 13.5, 16, 16],
					"texture": "#1_0"
				},
				"up": {
					"uv": [10.5, 14, 13.5, 16],
					"texture": "#1_0"
				}
			}
		},
		{
			"name": "cube",
			"from": [6.501000000000001, 13.5, 16.5],
			"to": [9.501000000000001, 15, 18],
			"rotation": {
				"angle": -45,
				"axis": "x",
				"origin": [7.49, 5, 17],
				"rescale": true
			},
			"faces": {
				"west": {
					"uv": [13.5, 13.5, 16, 16],
					"texture": "#1_0"
				},
				"up": {
					"uv": [10.5, 14, 13.5, 16],
					"texture": "#1_0",
					"rotation": 180
				}
			}
		},
		{
			"name": "cube",
			"from": [-1.5, -1, 6.49],
			"to": [-0.5, 0, 9.51],
			"rotation": {
				"angle": -45,
				"axis": "z",
				"origin": [-1.5, -9.5, 12.009999999999998],
				"rescale": true
			},
			"faces": {
				"east": {"uv": [0, 0, 3, 1], "texture": "#1_1_0"},
				"south": {
					"uv": [14, 14, 15.5, 15.5],
					"texture": "#1_1_0"
				}
			}
		},
		{
			"name": "cube",
			"from": [16.5, -2, 6.49],
			"to": [17.5, -1, 9.51],
			"rotation": {
				"angle": 45,
				"axis": "z",
				"origin": [16.5, -10.5, 12],
				"rescale": true
			},
			"faces": {
				"north": {
					"uv": [14, 14, 14.5, 14.5],
					"texture": "#1_1_0",
					"rotation": 90
				},
				"west": {"uv": [0, 0, 3, 1], "texture": "#1_1_0"}
			}
		}
	],
	"groups": [
		0,
		1,
		{
			"name": "birch_fence_post",
			"isOpen": true,
			"shade": true,
			"display": {"visibility": true, "autouv": true},
			"children": []
		},
		{
			"name": "birch_fence_post",
			"isOpen": true,
			"shade": true,
			"display": {"visibility": true, "autouv": true},
			"children": [
				{
					"name": "birch_fence_side",
					"isOpen": true,
					"shade": true,
					"display": {"visibility": true, "autouv": true},
					"children": [
						{
							"name": "birch_fence_post",
							"isOpen": true,
							"shade": true,
							"display": {"visibility": true, "autouv": true},
							"children": []
						},
						{
							"name": "birch_fence_top",
							"isOpen": true,
							"shade": true,
							"display": {"visibility": true, "autouv": true},
							"children": []
						},
						2,
						3
					]
				}
			]
		}
	]
}