{
	"credit": "Made with Blockbench",
	"textures": {
		"0": "blocks/fence_birch",
		"1_0": "blocks/fence_birch",
		"2_1_0": "blocks/fence_birch"
	},
	"elements": [
		{
			"name": "cube",
			"from": [7, 0, 8],
			"to": [9, 13, 14.5],
			"faces": {
				"north": {
					"uv": [
						0.031875014305114746,
						0.031875228881835936,
						1.96750009059906,
						13.467499923706054
					],
					"texture": "#0"
				},
				"east": {
					"uv": [
						4.031875228881836,
						0.031875228881835936,
						10.467500686645508,
						13.467499923706054
					],
					"texture": "#0"
				},
				"west": {
					"uv": [
						4.031875228881836,
						0.031875228881835936,
						10.467500686645508,
						13.467499923706054
					],
					"texture": "#0"
				},
				"down": {
					"uv": [0.032, 0.032, 1.968, 2.468],
					"texture": "#0"
				}
			}
		},
		{
			"name": "cube",
			"from": [6.5, 0, 9],
			"to": [9.5, 14.5, 12],
			"faces": {
				"north": {
					"uv": [
						13.031875610351562,
						0.031875228881835936,
						15.979375648498536,
						14.467499923706054
					],
					"texture": "#0"
				},
				"east": {
					"uv": [
						10.031874847412109,
						0.031875228881835936,
						12.967499923706054,
						14.467499923706054
					],
					"texture": "#0"
				},
				"south": {
					"uv": [
						13.031875610351562,
						0.031875228881835936,
						15.979375648498536,
						14.467499923706054
					],
					"texture": "#0"
				},
				"west": {
					"uv": [
						7.5318748474121096,
						0.031875228881835936,
						10.467499923706054,
						14.467499923706054
					],
					"texture": "#0"
				},
				"up": {
					"uv": [0.032, 0.032, 1.968, 1.968],
					"texture": "#0",
					"rotation": 270
				},
				"down": {
					"uv": [0.032, 0.032, 2.9800000000000004, 2.968],
					"texture": "#0"
				}
			}
		},
		{
			"name": "cube",
			"from": [-1.5, 13, 8],
			"to": [-0.5, 14, 14.5],
			"rotation": {
				"angle": -45,
				"axis": "z",
				"origin": [-1.5, 4.5, 13.5],
				"rescale": true
			},
			"faces": {
				"north": {
					"uv": [14, 14, 15.5, 15.5],
					"texture": "#0"
				},
				"west": {
					"uv": [6, 0, 12.5, 1],
					"texture": "#0",
					"rotation": 180
				}
			}
		},
		{
			"name": "cube",
			"from": [16.5, 12, 8],
			"to": [17.5, 13, 14.5],
			"rotation": {
				"angle": 45,
				"axis": "z",
				"origin": [16.5, 3.5, 13.5],
				"rescale": true
			},
			"faces": {
				"east": {"uv": [6.5, 0, 13, 1.5], "texture": "#0"}
			}
		},
		{
			"name": "cube",
			"from": [6.498999999999999, 14, 0.5],
			"to": [9.498999999999999, 15.5, 2],
			"rotation": {
				"angle": 45,
				"axis": "x",
				"origin": [7.51, 5.5, 1],
				"rescale": true
			},
			"faces": {
				"east": {
					"uv": [13.5, 13.5, 16, 16],
					"texture": "#0"
				},
				"up": {
					"uv": [10.5, 14, 13.5, 16],
					"texture": "#0",
					"rotation": 180
				}
			}
		},
		{
			"name": "cube",
			"from": [6.501000000000001, 13.5, 19],
			"to": [9.501000000000001, 15, 20.5],
			"rotation": {
				"angle": -45,
				"axis": "x",
				"origin": [7.491000000000001, 5, 19.5],
				"rescale": true
			},
			"faces": {
				"west": {
					"uv": [13.5, 13.5, 16, 16],
					"texture": "#0"
				},
				"up": {"uv": [10.5, 14, 13.5, 16], "texture": "#0"}
			}
		},
		{
			"name": "cube",
			"from": [6.501000000000001, 14, 14],
			"to": [9.501000000000001, 15.5, 15.5],
			"rotation": {
				"angle": -45,
				"axis": "x",
				"origin": [8.49, 5.5, 15],
				"rescale": true
			},
			"faces": {
				"west": {
					"uv": [13.5, 13.5, 16, 16],
					"texture": "#0"
				},
				"up": {"uv": [10.5, 14, 13.5, 16], "texture": "#0"}
			}
		},
		{
			"name": "cube",
			"from": [6.498999999999999, 13.5, -4.5],
			"to": [9.498999999999999, 15, -3],
			"rotation": {
				"angle": 45,
				"axis": "x",
				"origin": [8.508999999999999, 5, -3.5],
				"rescale": true
			},
			"faces": {
				"east": {
					"uv": [13.5, 13.5, 16, 16],
					"texture": "#0"
				},
				"up": {"uv": [10.5, 14, 13.5, 16], "texture": "#0"}
			}
		},
		{
			"name": "cube",
			"from": [6.5, 0, 14.5],
			"to": [9.5, 14.5, 17.5],
			"faces": {
				"north": {
					"uv": [
						4.031875228881836,
						0.031875228881835936,
						6.967500305175781,
						14.467499923706054
					],
					"texture": "#1_0"
				},
				"east": {
					"uv": [
						7.0318748474121096,
						0.031875228881835936,
						9.967499923706054,
						14.467499923706054
					],
					"texture": "#1_0"
				},
				"south": {
					"uv": [
						4.031875228881836,
						0.031875228881835936,
						6.967500305175781,
						14.467499923706054
					],
					"texture": "#1_0"
				},
				"west": {
					"uv": [
						7.0318748474121096,
						0.031875228881835936,
						9.967499923706054,
						14.467499923706054
					],
					"texture": "#1_0"
				},
				"up": {
					"uv": [0.032, 0.032, 2.968, 2.968],
					"texture": "#1_0",
					"rotation": 90
				},
				"down": {
					"uv": [0.032, 0.032, 2.968, 2.968],
					"texture": "#1_0",
					"rotation": 270
				}
			}
		},
		{
			"name": "cube",
			"from": [6.5, 0, -1.5],
			"to": [9.5, 14.5, 1.5],
			"faces": {
				"north": {
					"uv": [
						4.031875228881836,
						0.031875228881835936,
						6.967500305175781,
						14.467499923706054
					],
					"texture": "#1_0"
				},
				"east": {
					"uv": [
						7.0318748474121096,
						0.031875228881835936,
						9.967499923706054,
						14.467499923706054
					],
					"texture": "#1_0"
				},
				"south": {
					"uv": [
						4.031875228881836,
						0.031875228881835936,
						6.967500305175781,
						14.467499923706054
					],
					"texture": "#1_0"
				},
				"west": {
					"uv": [
						7.0318748474121096,
						0.031875228881835936,
						9.967499923706054,
						14.467499923706054
					],
					"texture": "#1_0"
				},
				"up": {
					"uv": [0.032, 0.032, 2.968, 2.968],
					"texture": "#1_0",
					"rotation": 270
				},
				"down": {
					"uv": [0.032, 0.032, 2.968, 2.968],
					"texture": "#1_0",
					"rotation": 90
				}
			}
		},
		{
			"name": "cube",
			"from": [6.498999999999999, 14, 6],
			"to": [9.498999999999999, 15.5, 7.5],
			"rotation": {
				"angle": 45,
				"axis": "x",
				"origin": [7.51, 5.5, 6.5],
				"rescale": true
			},
			"faces": {
				"east": {
					"uv": [13.5, 13.5, 16, 16],
					"texture": "#0"
				},
				"up": {"uv": [10.5, 14, 13.5, 16], "texture": "#0"}
			}
		},
		{
			"name": "cube",
			"from": [6.501000000000001, 13.5, 24.5],
			"to": [9.501000000000001, 15, 26],
			"rotation": {
				"angle": -45,
				"axis": "x",
				"origin": [7.49, 5, 25],
				"rescale": true
			},
			"faces": {
				"west": {
					"uv": [13.5, 13.5, 16, 16],
					"texture": "#0"
				},
				"up": {"uv": [10.5, 14, 13.5, 16], "texture": "#0"}
			}
		},
		{
			"name": "cube",
			"from": [6.501000000000001, 14, 8.5],
			"to": [9.501000000000001, 15.5, 10],
			"rotation": {
				"angle": -45,
				"axis": "x",
				"origin": [8.49, 5.5, 9.5],
				"rescale": true
			},
			"faces": {
				"west": {
					"uv": [13.5, 13.5, 16, 16],
					"texture": "#0"
				},
				"up": {"uv": [10.5, 14, 13.5, 16], "texture": "#0"}
			}
		},
		{
			"name": "cube",
			"from": [6.498999999999999, 13.5, -10],
			"to": [9.498999999999999, 15, -8.5],
			"rotation": {
				"angle": 45,
				"axis": "x",
				"origin": [8.51, 5, -9],
				"rescale": true
			},
			"faces": {
				"east": {
					"uv": [13.5, 13.5, 16, 16],
					"texture": "#0"
				},
				"up": {
					"uv": [10.5, 14, 12, 14.75],
					"texture": "#2_1_0"
				}
			}
		},
		{
			"name": "cube",
			"from": [7, 0, 1.5],
			"to": [9, 13, 8],
			"faces": {
				"east": {
					"uv": [
						4.031875228881836,
						0.031875228881835936,
						10.467500686645508,
						13.467499923706054
					],
					"texture": "#0"
				},
				"south": {
					"uv": [
						0.031875014305114746,
						0.031875228881835936,
						1.96750009059906,
						13.467499923706054
					],
					"texture": "#0"
				},
				"west": {
					"uv": [
						4.031875228881836,
						0.031875228881835936,
						10.467500686645508,
						13.467499923706054
					],
					"texture": "#0"
				},
				"down": {
					"uv": [0.032, 0.032, 1.968, 2.468],
					"texture": "#0",
					"rotation": 180
				}
			}
		},
		{
			"name": "cube",
			"from": [6.5, 0, 4],
			"to": [9.5, 14.5, 7],
			"faces": {
				"north": {
					"uv": [
						13.031875610351562,
						0.031875228881835936,
						15.979375648498536,
						14.467499923706054
					],
					"texture": "#0"
				},
				"east": {
					"uv": [
						7.5318748474121096,
						0.031875228881835936,
						10.467499923706054,
						14.467499923706054
					],
					"texture": "#0"
				},
				"south": {
					"uv": [
						13.031875610351562,
						0.031875228881835936,
						15.979375648498536,
						14.467499923706054
					],
					"texture": "#0"
				},
				"west": {
					"uv": [
						10.031874847412109,
						0.031875228881835936,
						12.967499923706054,
						14.467499923706054
					],
					"texture": "#0"
				},
				"up": {
					"uv": [0.032, 0.032, 1.968, 1.968],
					"texture": "#0",
					"rotation": 90
				},
				"down": {
					"uv": [0.032, 0.032, 2.9800000000000004, 2.968],
					"texture": "#0",
					"rotation": 180
				}
			}
		},
		{
			"name": "cube",
			"from": [16.5, 13, 1.5],
			"to": [17.5, 14, 8],
			"rotation": {
				"angle": 45,
				"axis": "z",
				"origin": [17.5, 4.5, 2.5],
				"rescale": true
			},
			"faces": {
				"east": {
					"uv": [6, 0, 12.5, 1],
					"texture": "#0",
					"rotation": 180
				},
				"south": {
					"uv": [14, 14, 14.5, 14.5],
					"texture": "#0"
				}
			}
		},
		{
			"name": "cube",
			"from": [-1.5, 12, 1.5],
			"to": [-0.5, 13, 8],
			"rotation": {
				"angle": -45,
				"axis": "z",
				"origin": [-0.5, 3.5, 2.5],
				"rescale": true
			},
			"faces": {
				"west": {
					"uv": [6, 0, 12.5, 1],
					"texture": "#0",
					"rotation": 180
				}
			}
		}
	],
	"display": {
		"thirdperson_righthand": {
			"scale": [0.375, 0.375, 0.375],
			"rotation": [75, 45, 0],
			"translation": [0, 2.5, 0]
		},
		"thirdperson_lefthand": {
			"scale": [0.375, 0.375, 0.375],
			"rotation": [75, 45, 0],
			"translation": [0, 2.5, 0]
		},
		"firstperson_righthand": {
			"scale": [0.4, 0.4, 0.4],
			"rotation": [0, 45, 0],
			"translation": [0, 0, 0]
		},
		"firstperson_lefthand": {
			"scale": [0.4, 0.4, 0.4],
			"rotation": [0, 225, 0],
			"translation": [0, 0, 0]
		},
		"ground": {
			"scale": [0.25, 0.25, 0.25],
			"rotation": [0, 0, 0],
			"translation": [0, 3, 0]
		},
		"fixed": {
			"translation": [0, 0, 0],
			"rotation": [0, 90, 0],
			"scale": [0.8, 0.8, 0.8]
		},
		"gui": {
			"scale": [0.625, 0.625, 0.625],
			"rotation": [30, 225, 0],
			"translation": [0, 0, 0]
		}
	},
	"groups": [
		0,
		1,
		2,
		{
			"name": "birch_fence_post",
			"isOpen": true,
			"shade": true,
			"display": {"visibility": true, "autouv": true},
			"children": []
		},
		3,
		{
			"name": "birch_fence_top",
			"isOpen": true,
			"shade": true,
			"display": {"visibility": true, "autouv": true},
			"children": [4, 5, 6, 7]
		},
		{
			"name": "birch_fence_post",
			"isOpen": true,
			"shade": true,
			"display": {"visibility": true, "autouv": true},
			"children": [8, 9]
		},
		{
			"name": "birch_fence_top",
			"isOpen": true,
			"shade": true,
			"display": {"visibility": true, "autouv": true},
			"children": [
				10,
				11,
				{
					"name": "birch_fence_post",
					"isOpen": true,
					"shade": true,
					"display": {"visibility": true, "autouv": true},
					"children": []
				},
				{
					"name": "birch_fence_post",
					"isOpen": true,
					"shade": true,
					"display": {"visibility": true, "autouv": true},
					"children": [
						{
							"name": "birch_fence_side",
							"isOpen": true,
							"shade": true,
							"display": {"visibility": true, "autouv": true},
							"children": [
								{
									"name": "birch_fence_post",
									"isOpen": true,
									"shade": true,
									"display": {
										"visibility": true,
										"autouv": true
									},
									"children": []
								},
								{
									"name": "birch_fence_top",
									"isOpen": true,
									"shade": true,
									"display": {
										"visibility": true,
										"autouv": true
									},
									"children": []
								}
							]
						}
					]
				},
				12,
				13
			]
		},
		14,
		15,
		16,
		17
	]
}