{
	"credit": "Made with Blockbench",
	"textures": {
		"0": "blocks/fence_birch",
		"1": "blocks/planks_birch",
		"particle": "blocks/fence_birch"
	},
	"elements": [
		{
			"name": "cube",
			"from": [13.5, 1.5, 9.5],
			"to": [15.5, 14, 11.5],
			"faces": {
				"north": {
					"uv": [0.032, 0.032, 1.968, 11.468],
					"texture": "#0"
				},
				"east": {
					"uv": [
						0,
						4.5,
						1.9356250762939453,
						15.935625457763672
					],
					"texture": "#0"
				},
				"south": {
					"uv": [0.032, 0.032, 1.968, 11.468],
					"texture": "#0"
				},
				"west": {
					"uv": [
						0,
						4.5,
						1.9356250762939453,
						15.935625457763672
					],
					"texture": "#0"
				},
				"down": {
					"uv": [0.032, 0.032, 1.968, 1.968],
					"texture": "#0"
				}
			}
		},
		{
			"name": "cube",
			"from": [0.5, 1.5, 9.5],
			"to": [2.5, 14, 11.5],
			"faces": {
				"north": {
					"uv": [0.032, 0.032, 1.968, 11.468],
					"texture": "#0"
				},
				"east": {
					"uv": [
						14,
						1,
						15.935625076293945,
						12.435625457763672
					],
					"texture": "#0"
				},
				"south": {
					"uv": [0.032, 0.032, 1.968, 11.468],
					"texture": "#0"
				},
				"west": {
					"uv": [
						14,
						1,
						15.935625076293945,
						12.435625457763672
					],
					"texture": "#0"
				},
				"down": {
					"uv": [0.032, 0.032, 1.968, 1.968],
					"texture": "#0",
					"rotation": 180
				}
			}
		},
		{
			"name": "cube",
			"from": [13.501, 13.5, 1],
			"to": [15.5, 14.5, 2],
			"rotation": {
				"angle": 45,
				"axis": "x",
				"origin": [14.49, 5, 1.5],
				"rescale": true
			},
			"faces": {
				"west": {
					"uv": [13.5, 14, 15.5, 16],
					"texture": "#0",
					"rotation": 270
				},
				"up": {
					"uv": [11, 14, 13, 15.5],
					"texture": "#0",
					"rotation": 180
				}
			}
		},
		{
			"name": "cube",
			"from": [13.5, 13, 19],
			"to": [15.499, 14, 20],
			"rotation": {
				"angle": -45,
				"axis": "x",
				"origin": [14.489999999999998, 4.5, 19],
				"rescale": true
			},
			"faces": {
				"east": {
					"uv": [13.5, 14, 15.5, 16],
					"texture": "#0",
					"rotation": 270
				},
				"up": {
					"uv": [11, 14, 13, 15.5],
					"texture": "#0",
					"rotation": 180
				}
			}
		},
		{
			"name": "cube",
			"from": [0.5, 13.5, 19],
			"to": [2.499, 14.5, 20],
			"rotation": {
				"angle": -45,
				"axis": "x",
				"origin": [2.01, 5, 19.5],
				"rescale": true
			},
			"faces": {
				"east": {
					"uv": [13.5, 14, 15.5, 16],
					"texture": "#0",
					"rotation": 270
				},
				"up": {
					"uv": [11, 14, 13, 15.5],
					"texture": "#0",
					"rotation": 180
				}
			}
		},
		{
			"name": "cube",
			"from": [0.5009999999999999, 13, 1],
			"to": [2.5, 14, 2],
			"rotation": {
				"angle": 45,
				"axis": "x",
				"origin": [1.0099999999999998, 4.5, 2],
				"rescale": true
			},
			"faces": {
				"west": {
					"uv": [13.5, 14, 15.5, 16],
					"texture": "#0",
					"rotation": 270
				},
				"up": {
					"uv": [11, 14, 13, 15.5],
					"texture": "#0",
					"rotation": 180
				}
			}
		},
		{
			"name": "cube",
			"from": [13.501, 14.5, -1.5],
			"to": [15.5, 15.5, -0.5],
			"rotation": {
				"angle": 45,
				"axis": "x",
				"origin": [13.99, 6, -1],
				"rescale": true
			},
			"faces": {
				"west": {
					"uv": [13.5, 14, 15.5, 16],
					"texture": "#0",
					"rotation": 270
				},
				"up": {
					"uv": [11, 14, 13, 15.5],
					"texture": "#0",
					"rotation": 180
				}
			}
		},
		{
			"name": "cube",
			"from": [13.5, 14, 16.5],
			"to": [15.499, 15, 17.5],
			"rotation": {
				"angle": -45,
				"axis": "x",
				"origin": [14.5, 5.5, 16.5],
				"rescale": true
			},
			"faces": {
				"east": {
					"uv": [13.5, 14, 15.5, 16],
					"texture": "#0",
					"rotation": 270
				},
				"up": {
					"uv": [11, 14, 13, 15.5],
					"texture": "#0",
					"rotation": 180
				}
			}
		},
		{
			"name": "cube",
			"from": [
				0.5009999999999999,
				13.999999999999998,
				-1.5
			],
			"to": [2.5, 14.999999999999998, -0.5],
			"rotation": {
				"angle": 45,
				"axis": "x",
				"origin": [1.5099999999999998, 5.5, -0.5],
				"rescale": true
			},
			"faces": {
				"west": {
					"uv": [13.5, 14, 15.5, 16],
					"texture": "#0",
					"rotation": 270
				},
				"up": {
					"uv": [11, 14, 13, 15.5],
					"texture": "#0",
					"rotation": 180
				}
			}
		},
		{
			"name": "cube",
			"from": [0.5, 14.499999999999998, 16.5],
			"to": [2.499, 15.499999999999998, 17.5],
			"rotation": {
				"angle": -45,
				"axis": "x",
				"origin": [2.01, 6, 17],
				"rescale": true
			},
			"faces": {
				"east": {
					"uv": [13.5, 14, 15.5, 16],
					"texture": "#0",
					"rotation": 270
				},
				"up": {
					"uv": [11, 14, 13, 15.5],
					"texture": "#0",
					"rotation": 180
				}
			}
		},
		{
			"name": "cube",
			"from": [0.5, 13, 21.5],
			"to": [2.499, 14, 22.5],
			"rotation": {
				"angle": -45,
				"axis": "x",
				"origin": [2.01, 4.5, 22],
				"rescale": true
			},
			"faces": {
				"east": {
					"uv": [13.5, 14, 15.5, 16],
					"texture": "#0",
					"rotation": 270
				},
				"up": {
					"uv": [11, 14, 13, 15.5],
					"texture": "#0",
					"rotation": 180
				}
			}
		},
		{
			"name": "cube",
			"from": [0.5009999999999999, 12.5, 3.5],
			"to": [2.5, 13.5, 4.5],
			"rotation": {
				"angle": 45,
				"axis": "x",
				"origin": [1.0099999999999998, 4, 4.5],
				"rescale": true
			},
			"faces": {
				"west": {
					"uv": [13.5, 14, 15.5, 16],
					"texture": "#0",
					"rotation": 270
				},
				"up": {
					"uv": [11, 14, 13, 15.5],
					"texture": "#0",
					"rotation": 180
				}
			}
		},
		{
			"name": "cube",
			"from": [13.5, 12.5, 21.5],
			"to": [15.499, 13.5, 22.5],
			"rotation": {
				"angle": -45,
				"axis": "x",
				"origin": [14.989999999999998, 4, 21.5],
				"rescale": true
			},
			"faces": {
				"east": {
					"uv": [13.5, 14, 15.5, 16],
					"texture": "#0",
					"rotation": 270
				},
				"up": {
					"uv": [11, 14, 13, 15.5],
					"texture": "#0",
					"rotation": 180
				}
			}
		},
		{
			"name": "cube",
			"from": [13.501, 13, 3.5],
			"to": [15.5, 14, 4.5],
			"rotation": {
				"angle": 45,
				"axis": "x",
				"origin": [13.99, 4.5, 4],
				"rescale": true
			},
			"faces": {
				"west": {
					"uv": [13.5, 14, 15.5, 16],
					"texture": "#0",
					"rotation": 270
				},
				"up": {
					"uv": [11, 14, 13, 15.5],
					"texture": "#0",
					"rotation": 180
				}
			}
		},
		{
			"name": "cube",
			"from": [0.5, 1, 7],
			"to": [2.5, 15, 9],
			"faces": {
				"north": {
					"uv": [0.032, 0.032, 1.968, 14.968],
					"texture": "#0"
				},
				"east": {
					"uv": [
						5,
						0,
						6.935625076293945,
						14.935624694824218
					],
					"texture": "#0"
				},
				"south": {
					"uv": [0.032, 0.032, 1.968, 14.968],
					"texture": "#0"
				},
				"west": {
					"uv": [
						7.5,
						0,
						9.435625076293945,
						14.935624694824218
					],
					"texture": "#0"
				},
				"up": {
					"uv": [4.532, 0.032, 5.468, 0.968],
					"texture": "#0",
					"rotation": 90
				},
				"down": {
					"uv": [0.032, 0.032, 1.968, 1.968],
					"texture": "#0",
					"rotation": 180
				}
			}
		},
		{
			"name": "cube",
			"from": [13.5, 1, 7],
			"to": [15.5, 15, 9],
			"faces": {
				"north": {
					"uv": [
						10.5,
						0,
						12.435625076293945,
						14.935624694824218
					],
					"texture": "#0"
				},
				"east": {
					"uv": [0.032, 0.032, 1.968, 14.968],
					"texture": "#0"
				},
				"south": {
					"uv": [0.032, 0.032, 1.968, 14.968],
					"texture": "#0"
				},
				"west": {
					"uv": [0.032, 0.032, 1.968, 14.968],
					"texture": "#0"
				},
				"up": {
					"uv": [4.532, 0.032, 5.468, 0.968],
					"texture": "#0",
					"rotation": 270
				},
				"down": {
					"uv": [0.032, 0.032, 1.968, 1.968],
					"texture": "#0"
				}
			}
		},
		{
			"name": "cube",
			"from": [1, 11, 9],
			"to": [2, 12, 14.5],
			"faces": {
				"east": {"uv": [0.5, 2, 6, 3], "texture": "#1"},
				"south": {
					"uv": [
						0.032,
						0.032,
						0.46799999999999997,
						0.46799999999999997
					],
					"texture": "#1"
				},
				"west": {
					"uv": [10, 1.5, 15.5, 2.5],
					"texture": "#1"
				},
				"up": {
					"uv": [10, 1.5, 15.5, 2.5],
					"texture": "#1",
					"rotation": 90
				},
				"down": {
					"uv": [10, 1.5, 15.5, 2.5],
					"texture": "#1",
					"rotation": 270
				}
			}
		},
		{
			"name": "cube",
			"from": [1, 3.5, 9],
			"to": [2, 4.5, 14.5],
			"faces": {
				"east": {"uv": [0.5, 1.5, 6, 2.5], "texture": "#1"},
				"south": {
					"uv": [
						0.032,
						0.032,
						0.46799999999999997,
						0.46799999999999997
					],
					"texture": "#1"
				},
				"west": {
					"uv": [10, 1.5, 15.5, 2.5],
					"texture": "#1"
				},
				"up": {
					"uv": [10, 1.5, 15.5, 2.5],
					"texture": "#1",
					"rotation": 90
				},
				"down": {
					"uv": [10, 1.5, 15.5, 2.5],
					"texture": "#1",
					"rotation": 270
				}
			}
		},
		{
			"name": "cube",
			"from": [0.5, 2, 12],
			"to": [2.5, 13.5, 14],
			"faces": {
				"north": {
					"uv": [7.032, 2.532, 8.968, 13.968],
					"texture": "#0"
				},
				"east": {
					"uv": [8.532, 2.532, 10.468, 13.968],
					"texture": "#0"
				},
				"south": {
					"uv": [7.032, 2.532, 8.968, 13.968],
					"texture": "#0"
				},
				"west": {
					"uv": [7.032, 2.032, 8.968, 13.468],
					"texture": "#0"
				},
				"down": {
					"uv": [5.532, 7.032, 7.468, 8.968],
					"texture": "#0",
					"rotation": 180
				}
			}
		},
		{
			"name": "cube",
			"from": [13.5, 2, 12],
			"to": [15.5, 13.5, 14],
			"faces": {
				"north": {
					"uv": [7.032, 2.532, 8.968, 13.968],
					"texture": "#0"
				},
				"east": {
					"uv": [8.532, 2.532, 10.468, 13.968],
					"texture": "#0"
				},
				"south": {
					"uv": [7.032, 2.532, 8.968, 13.968],
					"texture": "#0"
				},
				"west": {
					"uv": [7.032, 2.532, 8.968, 13.968],
					"texture": "#0"
				},
				"down": {
					"uv": [8.532, 7.032, 10.468, 8.968],
					"texture": "#0"
				}
			}
		},
		{
			"name": "cube",
			"from": [14, 11, 9],
			"to": [15, 12, 14.5],
			"faces": {
				"east": {"uv": [0.5, 2, 6, 3], "texture": "#1"},
				"south": {
					"uv": [
						0.032,
						0.032,
						0.46799999999999997,
						0.46799999999999997
					],
					"texture": "#1"
				},
				"west": {
					"uv": [10, 1.5, 15.5, 2.5],
					"texture": "#1"
				},
				"up": {
					"uv": [10, 1.5, 15.5, 2.5],
					"texture": "#1",
					"rotation": 90
				},
				"down": {
					"uv": [10, 1.5, 15.5, 2.5],
					"texture": "#1",
					"rotation": 270
				}
			}
		},
		{
			"name": "cube",
			"from": [14, 3.5, 9],
			"to": [15, 4.5, 14.5],
			"faces": {
				"east": {"uv": [0.5, 2, 6, 3], "texture": "#1"},
				"south": {"uv": [0, 0, 0.5, 0.5], "texture": "#1"},
				"west": {
					"uv": [0.5, 2, 6, 3],
					"texture": "#1",
					"rotation": 180
				},
				"up": {
					"uv": [0.5, 2, 6, 3],
					"texture": "#1",
					"rotation": 270
				},
				"down": {
					"uv": [0.5, 2, 6, 3],
					"texture": "#1",
					"rotation": 90
				}
			}
		},
		{
			"name": "cube",
			"from": [0, 11, 7.5],
			"to": [0.5, 12, 8.5],
			"faces": {
				"north": {"uv": [0, 0, 0.5, 1], "texture": "#1"},
				"south": {"uv": [0, 0, 0.5, 1], "texture": "#1"},
				"west": {"uv": [1, 4, 2, 5], "texture": "#1"},
				"up": {"uv": [0, 0, 0.5, 1], "texture": "#1"},
				"down": {"uv": [0, 0, 0.5, 1], "texture": "#1"}
			}
		},
		{
			"name": "cube",
			"from": [0, 3.5, 7.5],
			"to": [0.5, 4.5, 8.5],
			"faces": {
				"north": {"uv": [0, 0, 0.5, 1], "texture": "#1"},
				"south": {"uv": [0, 0, 0.5, 1], "texture": "#1"},
				"west": {"uv": [1, 4, 2, 5], "texture": "#1"},
				"up": {"uv": [0, 0, 0.5, 1], "texture": "#1"},
				"down": {"uv": [0, 0, 0.5, 1], "texture": "#1"}
			}
		},
		{
			"name": "cube",
			"from": [15.5, 3.5, 7.5],
			"to": [16, 4.5, 8.5],
			"faces": {
				"north": {"uv": [0, 0, 0.5, 1], "texture": "#1"},
				"east": {"uv": [1, 4, 2, 5], "texture": "#1"},
				"south": {"uv": [0, 0, 0.5, 1], "texture": "#1"},
				"up": {"uv": [0, 0, 0.5, 1], "texture": "#1"},
				"down": {"uv": [0, 0, 0.5, 1], "texture": "#1"}
			}
		},
		{
			"name": "cube",
			"from": [15.5, 11, 7.5],
			"to": [16, 12, 8.5],
			"faces": {
				"north": {"uv": [0, 0, 0.5, 1], "texture": "#1"},
				"east": {"uv": [1, 4, 2, 5], "texture": "#1"},
				"south": {"uv": [0, 0, 0.5, 1], "texture": "#1"},
				"up": {"uv": [0, 0, 0.5, 1], "texture": "#1"},
				"down": {"uv": [0, 0, 0.5, 1], "texture": "#1"}
			}
		}
	],
	"groups": [
		0,
		1,
		{
			"name": "birch_fence_top",
			"isOpen": true,
			"shade": true,
			"display": {"visibility": true, "autouv": true},
			"children": [2, 3, 4, 5, 6, 7, 8, 9, 10, 11, 12, 13]
		},
		14,
		15,
		16,
		17,
		18,
		19,
		20,
		21,
		22,
		23,
		24,
		25
	]
}