{
	"credit": "Made with Blockbench",
	"textures": {
		"0": "blocks/fence_birch",
		"particle": "blocks/fence_birch"
	},
	"elements": [
		{
			"name": "cube",
			"from": [7, -1, 0],
			"to": [9, 13, 6.5],
			"faces": {
				"north": {
					"uv": [0.032, 0.032, 1.968, 14.468],
					"texture": "#0"
				},
				"east": {
					"uv": [4.032, 0.032, 10.468, 14.468],
					"texture": "#0"
				},
				"west": {
					"uv": [4.032, 0.032, 10.468, 14.468],
					"texture": "#0"
				},
				"down": {
					"uv": [0.032, 0.032, 1.968, 2.468],
					"texture": "#0"
				}
			}
		},
		{
			"name": "cube",
			"from": [6.5, -1.5, 1],
			"to": [9.5, 14.5, 4],
			"faces": {
				"north": {
					"uv": [13.032, 0.032, 15.980000114440918, 15.968],
					"texture": "#0"
				},
				"east": {
					"uv": [10.032, 0.032, 12.968, 15.968],
					"texture": "#0"
				},
				"south": {
					"uv": [13.032, 0.032, 15.980000114440918, 15.968],
					"texture": "#0"
				},
				"west": {
					"uv": [7.532, 0.032, 10.468, 15.968],
					"texture": "#0"
				},
				"up": {
					"uv": [0.032, 0.032, 1.968, 1.968],
					"texture": "#0",
					"rotation": 270
				},
				"down": {
					"uv": [0.032, 0.032, 2.9800000000000004, 2.968],
					"texture": "#0"
				}
			}
		},
		{
			"name": "cube",
			"from": [-1.5, 13, 0],
			"to": [-0.5, 14, 6.5],
			"rotation": {
				"angle": -45,
				"axis": "z",
				"origin": [-1.5, 4.5, 5.5],
				"rescale": true
			},
			"faces": {
				"north": {
					"uv": [14, 14, 15.5, 15.5],
					"texture": "#0"
				},
				"west": {
					"uv": [6, 0, 9.25, 0.5],
					"texture": "#0",
					"rotation": 180
				}
			}
		},
		{
			"name": "cube",
			"from": [16.5, 12, 0],
			"to": [17.5, 13, 6.5],
			"rotation": {
				"angle": 45,
				"axis": "z",
				"origin": [16.5, 3.5, 5.5],
				"rescale": true
			},
			"faces": {
				"east": {"uv": [6.5, 0, 13, 1.5], "texture": "#0"}
			}
		},
		{
			"name": "cube",
			"from": [6.498999999999999, 14, -7.5],
			"to": [9.498999999999999, 15.5, -6],
			"rotation": {
				"angle": 45,
				"axis": "x",
				"origin": [7.51, 5.5, -7],
				"rescale": true
			},
			"faces": {
				"east": {
					"uv": [13.5, 13.5, 16, 16],
					"texture": "#0"
				},
				"up": {
					"uv": [10.5, 14, 13.5, 16],
					"texture": "#0",
					"rotation": 180
				}
			}
		},
		{
			"name": "cube",
			"from": [6.501000000000001, 13.5, 11],
			"to": [9.501000000000001, 15, 12.5],
			"rotation": {
				"angle": -45,
				"axis": "x",
				"origin": [7.491000000000001, 5, 11.5],
				"rescale": true
			},
			"faces": {
				"west": {
					"uv": [13.5, 13.5, 16, 16],
					"texture": "#0"
				},
				"up": {"uv": [10.5, 14, 13.5, 16], "texture": "#0"}
			}
		},
		{
			"name": "cube",
			"from": [-1.5, -1, 0.009999999999999787],
			"to": [-0.5, 0, 6.51],
			"rotation": {
				"angle": -45,
				"axis": "z",
				"origin": [-1.5, -9.5, 5.51],
				"rescale": true
			},
			"faces": {
				"east": {"uv": [5.5, 0, 12, 1], "texture": "#0"}
			}
		},
		{
			"name": "cube",
			"from": [16.5, -2, 0],
			"to": [17.5, -1, 6.5],
			"rotation": {
				"angle": 45,
				"axis": "z",
				"origin": [16.5, -10.5, 5.5],
				"rescale": true
			},
			"faces": {
				"north": {
					"uv": [14, 14, 15.5, 15.5],
					"texture": "#0",
					"rotation": 90
				},
				"west": {"uv": [6.5, 0, 13, 1], "texture": "#0"}
			}
		}
	],
	"groups": [
		0,
		1,
		2,
		{
			"name": "birch_fence_post",
			"isOpen": true,
			"shade": true,
			"display": {"visibility": true, "autouv": true},
			"children": []
		},
		3,
		{
			"name": "birch_fence_top",
			"isOpen": true,
			"shade": true,
			"display": {"visibility": true, "autouv": true},
			"children": [4, 5]
		},
		6,
		7
	]
}