{
	"credit": "Made with Blockbench",
	"textures": {
		"0": "blocks/fence_birch",
		"1": "blocks/planks_birch",
		"particle": "blocks/fence_birch"
	},
	"elements": [
		{
			"name": "cube",
			"from": [11, 1.5, 7],
			"to": [13, 14, 9],
			"faces": {
				"north": {
					"uv": [
						0,
						4.5,
						1.9356250762939453,
						15.935625457763672
					],
					"texture": "#0"
				},
				"east": {
					"uv": [0.032, 0.032, 1.968, 11.468],
					"texture": "#0"
				},
				"south": {
					"uv": [
						0,
						4.5,
						1.9356250762939453,
						15.935625457763672
					],
					"texture": "#0"
				},
				"west": {
					"uv": [0.032, 0.032, 1.968, 11.468],
					"texture": "#0"
				},
				"down": {
					"uv": [0.032, 0.032, 1.968, 1.968],
					"texture": "#0",
					"rotation": 270
				}
			}
		},
		{
			"name": "cube",
			"from": [3, 1.5, 7],
			"to": [5, 14, 9],
			"faces": {
				"north": {
					"uv": [
						14,
						1,
						15.935625076293945,
						12.435625457763672
					],
					"texture": "#0"
				},
				"east": {
					"uv": [0.032, 0.032, 1.968, 11.468],
					"texture": "#0"
				},
				"south": {
					"uv": [
						14,
						1,
						15.935625076293945,
						12.435625457763672
					],
					"texture": "#0"
				},
				"west": {
					"uv": [0.032, 0.032, 1.968, 11.468],
					"texture": "#0"
				},
				"down": {
					"uv": [0.032, 0.032, 1.968, 1.968],
					"texture": "#0",
					"rotation": 270
				}
			}
		},
		{
			"name": "cube",
			"from": [20.5, 13.5, 7.0009999999999994],
			"to": [21.5, 14.5, 9],
			"rotation": {
				"angle": 45,
				"axis": "z",
				"origin": [21, 5, 8.001],
				"rescale": true
			},
			"faces": {
				"north": {
					"uv": [13.5, 14, 15.5, 16],
					"texture": "#0",
					"rotation": 270
				},
				"up": {
					"uv": [11, 14, 13, 15.5],
					"texture": "#0",
					"rotation": 90
				}
			}
		},
		{
			"name": "cube",
			"from": [2.5, 13, 7],
			"to": [3.5, 14, 8.999],
			"rotation": {
				"angle": -45,
				"axis": "z",
				"origin": [3.5, 4.5, 8],
				"rescale": true
			},
			"faces": {
				"south": {
					"uv": [13.5, 14, 15.5, 16],
					"texture": "#0",
					"rotation": 270
				},
				"up": {
					"uv": [11, 14, 13, 15.5],
					"texture": "#0",
					"rotation": 90
				}
			}
		},
		{
			"name": "cube",
			"from": [12.5, 13.5, 7.0009999999999994],
			"to": [13.5, 14.5, 9],
			"rotation": {
				"angle": 45,
				"axis": "z",
				"origin": [13, 5, 7.5009999999999994],
				"rescale": true
			},
			"faces": {
				"north": {
					"uv": [13.5, 14, 15.5, 16],
					"texture": "#0",
					"rotation": 270
				},
				"up": {
					"uv": [11, 14, 13, 15.5],
					"texture": "#0",
					"rotation": 90
				}
			}
		},
		{
			"name": "cube",
			"from": [-5.5, 13, 7],
			"to": [-4.5, 14, 8.999],
			"rotation": {
				"angle": -45,
				"axis": "z",
				"origin": [-4.5, 4.5, 8.5],
				"rescale": true
			},
			"faces": {
				"south": {
					"uv": [13.5, 14, 15.5, 16],
					"texture": "#0",
					"rotation": 270
				},
				"up": {
					"uv": [11, 14, 13, 15.5],
					"texture": "#0",
					"rotation": 90
				}
			}
		},
		{
			"name": "cube",
			"from": [23, 14.5, 7.0009999999999994],
			"to": [24, 15.5, 9],
			"rotation": {
				"angle": 45,
				"axis": "z",
				"origin": [23.5, 6, 7.5009999999999994],
				"rescale": true
			},
			"faces": {
				"north": {
					"uv": [13.5, 14, 15.5, 16],
					"texture": "#0",
					"rotation": 270
				},
				"up": {
					"uv": [11, 14, 13, 15.5],
					"texture": "#0",
					"rotation": 90
				}
			}
		},
		{
			"name": "cube",
			"from": [5, 14, 7],
			"to": [6, 15, 8.999],
			"rotation": {
				"angle": -45,
				"axis": "z",
				"origin": [6, 5.5, 8],
				"rescale": true
			},
			"faces": {
				"south": {
					"uv": [13.5, 14, 15.5, 16],
					"texture": "#0",
					"rotation": 270
				},
				"up": {
					"uv": [11, 14, 13, 15.5],
					"texture": "#0",
					"rotation": 90
				}
			}
		},
		{
			"name": "cube",
			"from": [-8, 13.999999999999998, 7],
			"to": [-7, 14.999999999999998, 8.999],
			"rotation": {
				"angle": -45,
				"axis": "z",
				"origin": [-7, 5.5, 8],
				"rescale": true
			},
			"faces": {
				"south": {
					"uv": [13.5, 14, 15.5, 16],
					"texture": "#0",
					"rotation": 270
				},
				"up": {
					"uv": [11, 14, 13, 15.5],
					"texture": "#0",
					"rotation": 90
				}
			}
		},
		{
			"name": "cube",
			"from": [10, 14.499999999999998, 7.0009999999999994],
			"to": [11, 15.499999999999998, 9],
			"rotation": {
				"angle": 45,
				"axis": "z",
				"origin": [10.5, 6, 7.5009999999999994],
				"rescale": true
			},
			"faces": {
				"north": {
					"uv": [13.5, 14, 15.5, 16],
					"texture": "#0",
					"rotation": 270
				},
				"up": {
					"uv": [11, 14, 13, 15.5],
					"texture": "#0",
					"rotation": 90
				}
			}
		},
		{
			"name": "cube",
			"from": [15, 13, 7.0009999999999994],
			"to": [16, 14, 9],
			"rotation": {
				"angle": 45,
				"axis": "z",
				"origin": [15.5, 4.5, 7.5009999999999994],
				"rescale": true
			},
			"faces": {
				"north": {
					"uv": [13.5, 14, 15.5, 16],
					"texture": "#0",
					"rotation": 270
				},
				"up": {
					"uv": [11, 14, 13, 15.5],
					"texture": "#0",
					"rotation": 90
				}
			}
		},
		{
			"name": "cube",
			"from": [-3, 12.5, 7],
			"to": [-2, 13.5, 8.999],
			"rotation": {
				"angle": -45,
				"axis": "z",
				"origin": [-2, 4, 8.5],
				"rescale": true
			},
			"faces": {
				"south": {
					"uv": [13.5, 14, 15.5, 16],
					"texture": "#0",
					"rotation": 270
				},
				"up": {
					"uv": [11, 14, 13, 15.5],
					"texture": "#0",
					"rotation": 90
				}
			}
		},
		{
			"name": "cube",
			"from": [0, 12.5, 7],
			"to": [1, 13.5, 8.999],
			"rotation": {
				"angle": -45,
				"axis": "z",
				"origin": [1, 4, 8.5],
				"rescale": true
			},
			"faces": {
				"south": {
					"uv": [13.5, 14, 15.5, 16],
					"texture": "#0",
					"rotation": 270
				},
				"up": {
					"uv": [11, 14, 13, 15.5],
					"texture": "#0",
					"rotation": 90
				}
			}
		},
		{
			"name": "cube",
			"from": [18, 13, 7.0009999999999994],
			"to": [19, 14, 9],
			"rotation": {
				"angle": 45,
				"axis": "z",
				"origin": [18.5, 4.5, 7.5009999999999994],
				"rescale": true
			},
			"faces": {
				"north": {
					"uv": [13.5, 14, 15.5, 16],
					"texture": "#0",
					"rotation": 270
				},
				"up": {
					"uv": [11, 14, 13, 15.5],
					"texture": "#0",
					"rotation": 90
				}
			}
		},
		{
			"name": "cube",
			"from": [0.5, 1, 7],
			"to": [2.5, 15, 9],
			"faces": {
				"north": {
					"uv": [
						5,
						0,
						6.935625076293945,
						14.935624694824218
					],
					"texture": "#0"
				},
				"east": {
					"uv": [0.032, 0.032, 1.968, 14.968],
					"texture": "#0"
				},
				"south": {
					"uv": [
						7.5,
						0,
						9.435625076293945,
						14.935624694824218
					],
					"texture": "#0"
				},
				"west": {
					"uv": [0.032, 0.032, 1.968, 14.968],
					"texture": "#0"
				},
				"up": {
					"uv": [4.532, 0.032, 5.468, 0.968],
					"texture": "#0"
				},
				"down": {
					"uv": [0.032, 0.032, 1.968, 1.968],
					"texture": "#0",
					"rotation": 270
				}
			}
		},
		{
			"name": "cube",
			"from": [13.5, 1, 7],
			"to": [15.5, 15, 9],
			"faces": {
				"north": {
					"uv": [0.032, 0.032, 1.968, 14.968],
					"texture": "#0"
				},
				"east": {
					"uv": [0.032, 0.032, 1.968, 14.968],
					"texture": "#0"
				},
				"south": {
					"uv": [0.032, 0.032, 1.968, 14.968],
					"texture": "#0"
				},
				"west": {
					"uv": [0.032, 0.032, 1.968, 14.968],
					"texture": "#0"
				},
				"up": {
					"uv": [4.532, 0.032, 5.468, 0.968],
					"texture": "#0"
				},
				"down": {
					"uv": [0.032, 0.032, 1.968, 1.968],
					"texture": "#0",
					"rotation": 270
				}
			}
		},
		{
			"name": "cube",
			"from": [0, 11, 7.5],
			"to": [8, 12, 8.5],
			"faces": {
				"north": {
					"uv": [0.532, 1.032, 8.468, 1.968],
					"texture": "#1"
				},
				"east": {
					"uv": [
						0.032,
						0.032,
						0.46799999999999997,
						0.46799999999999997
					],
					"texture": "#1"
				},
				"south": {
					"uv": [7.532, 1.032, 15.468, 1.968],
					"texture": "#1"
				},
				"west": {
					"uv": [
						0.032,
						0.032,
						0.46799999999999997,
						0.46799999999999997
					],
					"texture": "#1"
				},
				"up": {
					"uv": [7.532, 1.032, 15.468, 1.968],
					"texture": "#1"
				},
				"down": {
					"uv": [7.532, 1.032, 15.468, 1.968],
					"texture": "#1"
				}
			}
		},
		{
			"name": "cube",
			"from": [0, 3.5, 7.5],
			"to": [8, 4.5, 8.5],
			"faces": {
				"north": {
					"uv": [0.532, 1.032, 8.468, 1.968],
					"texture": "#1"
				},
				"east": {
					"uv": [
						0.032,
						0.032,
						0.46799999999999997,
						0.46799999999999997
					],
					"texture": "#1"
				},
				"south": {
					"uv": [7.532, 1.032, 15.468, 1.968],
					"texture": "#1"
				},
				"west": {
					"uv": [
						0.032,
						0.032,
						0.46799999999999997,
						0.46799999999999997
					],
					"texture": "#1"
				},
				"up": {
					"uv": [7.532, 1.032, 15.468, 1.968],
					"texture": "#1"
				},
				"down": {
					"uv": [7.532, 1.032, 15.468, 1.968],
					"texture": "#1"
				}
			}
		},
		{
			"name": "cube",
			"from": [5.5, 2, 7],
			"to": [7.5, 13.5, 9],
			"faces": {
				"north": {
					"uv": [8.532, 2.532, 10.468, 13.968],
					"texture": "#0"
				},
				"east": {
					"uv": [7.032, 2.532, 8.968, 13.968],
					"texture": "#0"
				},
				"south": {
					"uv": [7.032, 2.032, 8.968, 13.468],
					"texture": "#0"
				},
				"west": {
					"uv": [7.032, 2.532, 8.968, 13.968],
					"texture": "#0"
				},
				"down": {
					"uv": [5.532, 7.032, 7.468, 8.968],
					"texture": "#0",
					"rotation": 270
				}
			}
		},
		{
			"name": "cube",
			"from": [8.5, 2, 7],
			"to": [10.5, 13.5, 9],
			"faces": {
				"north": {
					"uv": [7.032, 2.532, 8.968, 13.968],
					"texture": "#0"
				},
				"east": {
					"uv": [7.032, 2.532, 8.968, 13.968],
					"texture": "#0"
				},
				"south": {
					"uv": [8.532, 2.532, 10.468, 13.968],
					"texture": "#0"
				},
				"west": {
					"uv": [7.032, 2.532, 8.968, 13.968],
					"texture": "#0"
				},
				"down": {
					"uv": [8.532, 7.032, 10.468, 8.968],
					"texture": "#0",
					"rotation": 270
				}
			}
		},
		{
			"name": "cube",
			"from": [8, 11, 7.5],
			"to": [16, 12, 8.5],
			"faces": {
				"north": {
					"uv": [7.532, 10.032, 15.468, 10.968],
					"texture": "#1"
				},
				"east": {
					"uv": [
						0.032,
						0.032,
						0.46799999999999997,
						0.46799999999999997
					],
					"texture": "#1"
				},
				"south": {
					"uv": [0.532, 10.032, 8.468, 10.968],
					"texture": "#1"
				},
				"west": {
					"uv": [
						0.032,
						0.032,
						0.46799999999999997,
						0.46799999999999997
					],
					"texture": "#1"
				},
				"up": {
					"uv": [0.532, 10.032, 8.468, 10.968],
					"texture": "#1"
				},
				"down": {
					"uv": [0.532, 10.032, 8.468, 10.968],
					"texture": "#1"
				}
			}
		},
		{
			"name": "cube",
			"from": [8, 3.5, 7.5],
			"to": [16, 4.5, 8.5],
			"faces": {
				"north": {
					"uv": [7.532, 10.032, 15.468, 10.968],
					"texture": "#1"
				},
				"east": {
					"uv": [
						0.032,
						0.032,
						0.46799999999999997,
						0.46799999999999997
					],
					"texture": "#1"
				},
				"south": {
					"uv": [0.532, 10.032, 8.468, 10.968],
					"texture": "#1"
				},
				"west": {
					"uv": [
						0.032,
						0.032,
						0.46799999999999997,
						0.46799999999999997
					],
					"texture": "#1"
				},
				"up": {
					"uv": [0.532, 10.032, 8.468, 10.968],
					"texture": "#1"
				},
				"down": {
					"uv": [0.532, 10.032, 8.468, 10.968],
					"texture": "#1"
				}
			}
		}
	],
	"display": {
		"thirdperson_righthand": {
			"scale": [0.375, 0.375, 0.375],
			"rotation": [75, 45, 0],
			"translation": [0, 2.5, 0]
		},
		"thirdperson_lefthand": {
			"scale": [0.375, 0.375, 0.375],
			"rotation": [75, 45, 0],
			"translation": [0, 2.5, 0]
		},
		"firstperson_righthand": {
			"scale": [0.4, 0.4, 0.4],
			"translation": [0, 0, 0]
		},
		"firstperson_lefthand": {
			"scale": [0.4, 0.4, 0.4],
			"translation": [0, 0, 0]
		},
		"ground": {
			"scale": [0.25, 0.25, 0.25],
			"rotation": [0, 0, 0],
			"translation": [0, 3, 0]
		},
		"fixed": {
			"rotation": [0, 0, 0],
			"translation": [0, 0, 0]
		},
		"gui": {
			"scale": [0.625, 0.625, 0.625],
			"rotation": [30, 225, 0],
			"translation": [0, 0, 0]
		}
	},
	"groups": [
		0,
		1,
		{
			"name": "birch_fence_top",
			"isOpen": true,
			"shade": true,
			"display": {"visibility": true, "autouv": true},
			"children": [2, 3, 4, 5, 6, 7, 8, 9, 10, 11, 12, 13]
		},
		14,
		15,
		16,
		17,
		18,
		19,
		20,
		21
	]
}