{
	"credit": "Made with Blockbench",
	"textures": {
		"1_0": "blocks/fence_birch",
		"particle": "blocks/fence_birch"
	},
	"elements": [
		{
			"name": "cube",
			"from": [6.5, -1.5, 6.5],
			"to": [9.5, 14.5, 9.5],
			"faces": {
				"north": {
					"uv": [4.032, 0.032, 6.968, 15.968],
					"texture": "#1_0"
				},
				"east": {
					"uv": [7.032, 0.032, 9.968, 15.968],
					"texture": "#1_0"
				},
				"south": {
					"uv": [4.032, 0.032, 6.968, 15.968],
					"texture": "#1_0"
				},
				"west": {
					"uv": [7.032, 0.032, 9.968, 15.968],
					"texture": "#1_0"
				},
				"up": {
					"uv": [0.032, 0.032, 2.968, 2.968],
					"texture": "#1_0",
					"rotation": 90
				},
				"down": {
					"uv": [0.032, 0.032, 2.968, 2.968],
					"texture": "#1_0",
					"rotation": 270
				}
			}
		}
	]
}