{ "variants": {
    "": [
      { "model": "minecraft:block/deepslate_ores/iron_ore/0/0" },
      { "model": "minecraft:block/deepslate_ores/iron_ore/0/1" },
      { "model": "minecraft:block/deepslate_ores/iron_ore/0/2" },
      { "model": "minecraft:block/deepslate_ores/iron_ore/0/3" },
      { "model": "minecraft:block/deepslate_ores/iron_ore/0/4" },
			{ "model": "minecraft:block/deepslate_ores/iron_ore/1/0" },
      { "model": "minecraft:block/deepslate_ores/iron_ore/1/1" },
      { "model": "minecraft:block/deepslate_ores/iron_ore/1/2" },
      { "model": "minecraft:block/deepslate_ores/iron_ore/1/3" },
      { "model": "minecraft:block/deepslate_ores/iron_ore/1/4" },
			{ "model": "minecraft:block/deepslate_ores/iron_ore/2/0" },
      { "model": "minecraft:block/deepslate_ores/iron_ore/2/1" },
      { "model": "minecraft:block/deepslate_ores/iron_ore/2/2" },
      { "model": "minecraft:block/deepslate_ores/iron_ore/2/3" },
      { "model": "minecraft:block/deepslate_ores/iron_ore/2/4" },
			{ "model": "minecraft:block/deepslate_ores/iron_ore/3/0" },
      { "model": "minecraft:block/deepslate_ores/iron_ore/3/1" },
      { "model": "minecraft:block/deepslate_ores/iron_ore/3/2" },
      { "model": "minecraft:block/deepslate_ores/iron_ore/3/3" },
      { "model": "minecraft:block/deepslate_ores/iron_ore/3/4" }
    ]
  }
}