{
	"parent": "block/block",
	"elements": [
		{
			"from": [7, 0, 2],
			"to": [9, 16, 6],
			"rotation": {"angle": -45, "axis": "z", "origin": [8, 8, 8]},
			"faces": {
				"north": {"uv": [0, 11.5, 16, 13.5], "rotation": 90, "texture": "#beam"},
				"east": {"uv": [0, 11.5, 16, 15.5], "rotation": 270, "texture": "#beam"},
				"south": {"uv": [0, 11.5, 16, 13.5], "rotation": 270, "texture": "#beam"},
				"west": {"uv": [0, 11.5, 16, 15.5], "rotation": 270, "texture": "#beam"},
				"up": {"uv": [11.5, 7.5, 15.5, 9.5], "rotation": 270, "texture": "#beam"},
				"down": {"uv": [11.5, 7.5, 15.5, 9.5], "rotation": 270, "texture": "#beam"}
			}
		},
		{
			"from": [0, 13, 0],
			"to": [16, 16, 16],
			"faces": {
				"north": {"uv": [0, 0, 16, 3], "texture": "#plank"},
				"east": {"uv": [0, 0, 16, 3], "texture": "#plank"},
				"south": {"uv": [0, 0, 16, 3], "texture": "#plank"},
				"west": {"uv": [0, 0, 16, 3], "texture": "#plank"},
				"up": {"uv": [0, 0, 16, 16], "texture": "#plank"},
				"down": {"uv": [0, 0, 16, 16], "texture": "#plank"}
			}
		},
		{
			"from": [0, 0, 0],
			"to": [3, 13, 13],
			"faces": {
				"north": {"uv": [13, 3, 16, 16], "texture": "#plank"},
				"east": {"uv": [3, 3, 16, 16], "texture": "#plank"},
				"south": {"uv": [13, 3, 16, 16], "texture": "#plank"},
				"west": {"uv": [0, 3, 13, 16], "texture": "#plank"},
				"up": {"uv": [0, 0, 3, 16], "texture": "#plank"},
				"down": {"uv": [0, 3, 3, 16], "texture": "#plank"}
			}
		},
		{
			"from": [0, 0, 13],
			"to": [16, 13, 16],
			"faces": {
				"north": {"uv": [3, 3, 16, 16], "texture": "#plank"},
				"east": {"uv": [0, 3, 3, 16], "texture": "#plank"},
				"south": {"uv": [0, 3, 16, 16], "texture": "#plank"},
				"west": {"uv": [13, 3, 16, 16], "texture": "#plank"},
				"up": {"uv": [0, 13, 16, 16], "texture": "#plank"},
				"down": {"uv": [0, 0, 16, 3], "texture": "#plank"}
			}
		},
		{
			"from": [10, 0, 7],
			"to": [14, 16, 9],
			"rotation": {"angle": -45, "axis": "x", "origin": [8, 8, 8]},
			"faces": {
				"north": {"uv": [0, 11.5, 16, 15.5], "rotation": 90, "texture": "#beam"},
				"east": {"uv": [0, 11.5, 16, 13.5], "rotation": 270, "texture": "#beam"},
				"south": {"uv": [0, 11.5, 16, 15.5], "rotation": 90, "texture": "#beam"},
				"west": {"uv": [0, 11.5, 16, 13.5], "rotation": 90, "texture": "#beam"},
				"up": {"uv": [11.5, 7.5, 15.5, 9.5], "rotation": 180, "texture": "#beam"},
				"down": {"uv": [11.5, 7.5, 15.5, 9.5], "texture": "#beam"}
			}
		},
		{
			"from": [9, 11, 1],
			"to": [15, 13, 7],
			"faces": {
				"north": {"uv": [0, 7.5, 6, 9.5], "texture": "#beam"},
				"east": {"uv": [10, 7.5, 16, 9.5], "texture": "#beam"},
				"south": {"uv": [9.5, 7.5, 15.5, 9.5], "texture": "#beam"},
				"west": {"uv": [3.5, 7.5, 9.5, 9.5], "texture": "#beam"},
				"up": {"uv": [9.5, 7.5, 15.5, 13.5], "texture": "#beam"},
				"down": {"uv": [9.5, 7.5, 15.5, 13.5], "texture": "#beam"}
			}
		}
	],
	"display": {
		"thirdperson_lefthand": {
			"rotation": [75, -135, 0],
			"translation": [0, 2.5, 0],
			"scale": [0.375, 0.375, 0.375]
		},
		"gui": {
			"rotation": [30, 135, 0],
			"scale": [0.625, 0.625, 0.625]
		},
		"head": {
			"rotation": [0, -90, 0]
		}
	}
}