{
	"credit": "Made by SyndiShanX",
	"textures": {
		"wall": "block/walls/polished_blackstone/side",
		"wall_2": "block/walls/polished_blackstone/side_2",
		"snow": "block/snowy_blocks/snow",
		"snow_wall": "block/snowy_blocks/snow_wall",
		"particle": "block/polished_blackstone"
	},
	"elements": [
		{
			"name": "Wall Side",
			"from": [5, 0, 0],
			"to": [11, 14, 8],
			"faces": {
				"north": {"uv": [6, 2, 12, 16], "texture": "#wall_2", "cullface": "north"},
				"east": {"uv": [8, 2, 16, 16], "texture": "#wall"},
				"west": {"uv": [0, 2, 8, 16], "texture": "#wall"},
				"up": {"uv": [0, 0, 6, 8], "texture": "#wall_2"}
			}
		},
		{
			"name": "Wall Side Snow",
			"from": [4.99, 0, -0.01],
			"to": [11.01, 14.01, 8],
			"faces": {
				"north": {"uv": [6, 0, 12, 14], "texture": "#snow_wall", "cullface": "north"},
				"east": {"uv": [8, 0, 16, 14], "texture": "#snow_wall"},
				"west": {"uv": [0, 0, 8, 14], "texture": "#snow_wall"},
				"up": {"uv": [0, 0, 6, 8], "texture": "#snow"}
			}
		}
	]
}