{ "ambientocclusion": false,
  "elements": [
    { "from": [4, 8.86754, -6.28784],
      "to": [12, 8.86754, 9.71216],
      "shade": false,
      "rotation": {"angle": 22.5, "axis": "x", "origin": [8, 9.03841, 1.57541]},
      "faces": {
        "up": {"uv": [8, 0, 0, 16], "texture": "#upper", "cullface": "north", "tintindex": 0},
        "down": {"uv": [8, 16, 0, 0], "texture": "#upper", "cullface": "north", "tintindex": 0}
      }
    },
    { "from": [4, 3.5, -6.5],
      "to": [12, 3.5, 9.5],
      "shade": false,
      "rotation": {"angle": 45, "axis": "x", "origin": [8, 6, 8]},
      "faces": {
        "up": {"uv": [0, 16, 8, 0], "rotation": 180, "texture": "#lower", "cullface": "north", "tintindex": 0},
        "down": {"uv": [0, 0, 8, 16], "rotation": 180, "texture": "#lower", "cullface": "north", "tintindex": 0}
      }
    }
  ]
}