{ "ambientocclusion": false,
  "elements": [
    { "from": [4, 6.05854, -8.43386],
      "to": [12, 6.05854, 7.56614],
      "shade": false,
      "rotation": {"angle": -22.5, "axis": "x", "origin": [8, 5.98497, -0.61099]},
      "faces": {
        "up": {"uv": [8, 0, 0, 16], "texture": "#upper", "cullface": "north", "tintindex": 0},
        "down": {"uv": [8, 16, 0, 0], "texture": "#upper", "cullface": "north", "tintindex": 0}
      }
    },
    { "from": [4, 6.07828, -8.41361],
      "to": [12, 6.07828, 7.58639],
      "shade": false,
      "rotation": {"angle": 22.5, "axis": "x", "origin": [8, 6.25556, -0.34038]},
      "faces": {
        "up": {"uv": [0, 16, 8, 0], "rotation": 180, "texture": "#lower", "cullface": "north", "tintindex": 0},
        "down": {"uv": [0, 0, 8, 16], "rotation": 180, "texture": "#lower", "cullface": "north", "tintindex": 0}
      }
    }
  ]
}