{
	"credit": "Made with Blockbench",
	"textures": {
		"0": "block/redstone_torch_off",
		"particle": "block/redstone_torch_off"
	},
	"elements": [
		{
			"from": [-0.5, 6, 7],
			"to": [5.5, 8, 9],
			"faces": {
				"north": {"uv": [7, 10, 9, 16], "rotation": 270, "texture": "#0"},
				"east": {"uv": [7, 14, 9, 16], "rotation": 270, "texture": "#0"},
				"south": {"uv": [7, 10, 9, 16], "rotation": 90, "texture": "#0"},
				"west": {"uv": [7, 14, 9, 16], "rotation": 270, "texture": "#0"},
				"up": {"uv": [7, 10, 9, 16], "rotation": 90, "texture": "#0"},
				"down": {"uv": [7, 10, 9, 16], "rotation": 270, "texture": "#0"}
			}
		},
		{
			"from": [1, 8, 7.5],
			"to": [2, 10, 8.5],
			"faces": {
				"north": {"uv": [9, 13.5, 11, 14.5], "rotation": 270, "texture": "#0"},
				"east": {"uv": [9, 13.5, 11, 14.5], "rotation": 270, "texture": "#0"},
				"south": {"uv": [9, 13.5, 11, 14.5], "rotation": 90, "texture": "#0"},
				"west": {"uv": [9, 13.5, 11, 14.5], "rotation": 270, "texture": "#0"},
				"up": {"uv": [10, 13.5, 11, 14.5], "rotation": 90, "texture": "#0"},
				"down": {"uv": [9, 13.5, 10, 14.5], "rotation": 270, "texture": "#0"}
			}
		},
		{
			"from": [2.5, 8, 7.5],
			"to": [3.5, 10, 8.5],
			"faces": {
				"north": {"uv": [9, 13.5, 11, 14.5], "rotation": 270, "texture": "#0"},
				"east": {"uv": [9, 13.5, 11, 14.5], "rotation": 270, "texture": "#0"},
				"south": {"uv": [9, 13.5, 11, 14.5], "rotation": 90, "texture": "#0"},
				"west": {"uv": [9, 13.5, 11, 14.5], "rotation": 270, "texture": "#0"},
				"up": {"uv": [10, 13.5, 11, 14.5], "rotation": 90, "texture": "#0"},
				"down": {"uv": [9, 13.5, 10, 14.5], "rotation": 270, "texture": "#0"}
			}
		},
		{
			"from": [4, 8, 7.5],
			"to": [5, 10, 8.5],
			"faces": {
				"north": {"uv": [9, 13.5, 11, 14.5], "rotation": 270, "texture": "#0"},
				"east": {"uv": [9, 13.5, 11, 14.5], "rotation": 270, "texture": "#0"},
				"south": {"uv": [9, 13.5, 11, 14.5], "rotation": 90, "texture": "#0"},
				"west": {"uv": [9, 13.5, 11, 14.5], "rotation": 270, "texture": "#0"},
				"up": {"uv": [10, 13.5, 11, 14.5], "rotation": 90, "texture": "#0"},
				"down": {"uv": [9, 13.5, 10, 14.5], "rotation": 270, "texture": "#0"}
			}
		},
		{
			"from": [4, 4, 7.5],
			"to": [5, 6, 8.5],
			"faces": {
				"north": {"uv": [9, 13.5, 11, 14.5], "rotation": 270, "texture": "#0"},
				"east": {"uv": [9, 13.5, 11, 14.5], "rotation": 270, "texture": "#0"},
				"south": {"uv": [9, 13.5, 11, 14.5], "rotation": 90, "texture": "#0"},
				"west": {"uv": [9, 13.5, 11, 14.5], "rotation": 270, "texture": "#0"},
				"up": {"uv": [10, 13.5, 11, 14.5], "rotation": 90, "texture": "#0"},
				"down": {"uv": [9, 13.5, 10, 14.5], "rotation": 270, "texture": "#0"}
			}
		},
		{
			"from": [2.5, 4, 7.5],
			"to": [3.5, 6, 8.5],
			"faces": {
				"north": {"uv": [9, 13.5, 11, 14.5], "rotation": 270, "texture": "#0"},
				"east": {"uv": [9, 13.5, 11, 14.5], "rotation": 270, "texture": "#0"},
				"south": {"uv": [9, 13.5, 11, 14.5], "rotation": 90, "texture": "#0"},
				"west": {"uv": [9, 13.5, 11, 14.5], "rotation": 270, "texture": "#0"},
				"up": {"uv": [10, 13.5, 11, 14.5], "rotation": 90, "texture": "#0"},
				"down": {"uv": [9, 13.5, 10, 14.5], "rotation": 270, "texture": "#0"}
			}
		},
		{
			"from": [1, 4, 7.5],
			"to": [2, 6, 8.5],
			"faces": {
				"north": {"uv": [9, 13.5, 11, 14.5], "rotation": 270, "texture": "#0"},
				"east": {"uv": [9, 13.5, 11, 14.5], "rotation": 270, "texture": "#0"},
				"south": {"uv": [9, 13.5, 11, 14.5], "rotation": 90, "texture": "#0"},
				"west": {"uv": [9, 13.5, 11, 14.5], "rotation": 270, "texture": "#0"},
				"up": {"uv": [10, 13.5, 11, 14.5], "rotation": 90, "texture": "#0"},
				"down": {"uv": [9, 13.5, 10, 14.5], "rotation": 270, "texture": "#0"}
			}
		},
		{
			"from": [1, 6.5, 5],
			"to": [2, 7.5, 7],
			"faces": {
				"north": {"uv": [10, 13.5, 11, 14.5], "rotation": 270, "texture": "#0"},
				"east": {"uv": [9, 13.5, 11, 14.5], "texture": "#0"},
				"south": {"uv": [9, 13.5, 10, 14.5], "rotation": 90, "texture": "#0"},
				"west": {"uv": [9, 13.5, 11, 14.5], "texture": "#0"},
				"up": {"uv": [9, 13.5, 11, 14.5], "rotation": 90, "texture": "#0"},
				"down": {"uv": [9, 13.5, 11, 14.5], "rotation": 270, "texture": "#0"}
			}
		},
		{
			"from": [2.5, 6.5, 5],
			"to": [3.5, 7.5, 7],
			"faces": {
				"north": {"uv": [10, 13.5, 11, 14.5], "rotation": 270, "texture": "#0"},
				"east": {"uv": [9, 13.5, 11, 14.5], "texture": "#0"},
				"south": {"uv": [9, 13.5, 10, 14.5], "rotation": 90, "texture": "#0"},
				"west": {"uv": [9, 13.5, 11, 14.5], "texture": "#0"},
				"up": {"uv": [9, 13.5, 11, 14.5], "rotation": 90, "texture": "#0"},
				"down": {"uv": [9, 13.5, 11, 14.5], "rotation": 270, "texture": "#0"}
			}
		},
		{
			"from": [4, 6.5, 5],
			"to": [5, 7.5, 7],
			"faces": {
				"north": {"uv": [10, 13.5, 11, 14.5], "rotation": 270, "texture": "#0"},
				"east": {"uv": [9, 13.5, 11, 14.5], "texture": "#0"},
				"south": {"uv": [9, 13.5, 10, 14.5], "rotation": 90, "texture": "#0"},
				"west": {"uv": [9, 13.5, 11, 14.5], "texture": "#0"},
				"up": {"uv": [9, 13.5, 11, 14.5], "rotation": 90, "texture": "#0"},
				"down": {"uv": [9, 13.5, 11, 14.5], "rotation": 270, "texture": "#0"}
			}
		},
		{
			"from": [4, 6.5, 9],
			"to": [5, 7.5, 11],
			"faces": {
				"north": {"uv": [10, 13.5, 11, 14.5], "rotation": 270, "texture": "#0"},
				"east": {"uv": [9, 13.5, 11, 14.5], "texture": "#0"},
				"south": {"uv": [9, 13.5, 10, 14.5], "rotation": 90, "texture": "#0"},
				"west": {"uv": [9, 13.5, 11, 14.5], "texture": "#0"},
				"up": {"uv": [9, 13.5, 11, 14.5], "rotation": 90, "texture": "#0"},
				"down": {"uv": [9, 13.5, 11, 14.5], "rotation": 270, "texture": "#0"}
			}
		},
		{
			"from": [2.5, 6.5, 9],
			"to": [3.5, 7.5, 11],
			"faces": {
				"north": {"uv": [10, 13.5, 11, 14.5], "rotation": 270, "texture": "#0"},
				"east": {"uv": [9, 13.5, 11, 14.5], "texture": "#0"},
				"south": {"uv": [9, 13.5, 10, 14.5], "rotation": 90, "texture": "#0"},
				"west": {"uv": [9, 13.5, 11, 14.5], "texture": "#0"},
				"up": {"uv": [9, 13.5, 11, 14.5], "rotation": 90, "texture": "#0"},
				"down": {"uv": [9, 13.5, 11, 14.5], "rotation": 270, "texture": "#0"}
			}
		},
		{
			"from": [1, 6.5, 9],
			"to": [2, 7.5, 11],
			"faces": {
				"north": {"uv": [10, 13.5, 11, 14.5], "rotation": 270, "texture": "#0"},
				"east": {"uv": [9, 13.5, 11, 14.5], "texture": "#0"},
				"south": {"uv": [9, 13.5, 10, 14.5], "rotation": 90, "texture": "#0"},
				"west": {"uv": [9, 13.5, 11, 14.5], "texture": "#0"},
				"up": {"uv": [9, 13.5, 11, 14.5], "rotation": 90, "texture": "#0"},
				"down": {"uv": [9, 13.5, 11, 14.5], "rotation": 270, "texture": "#0"}
			}
		},
		{
			"from": [5.5, 6.5, 6.5],
			"to": [6.5, 7.5, 7.5],
			"faces": {
				"north": {"uv": [7.5, 9.5, 8.5, 10.5], "rotation": 270, "texture": "#0"},
				"east": {"uv": [7.5, 9.5, 8.5, 10], "rotation": 270, "texture": "#0"},
				"south": {"uv": [7.5, 9.5, 8.5, 10.5], "rotation": 90, "texture": "#0"},
				"west": {"uv": [7.5, 9.5, 8.5, 10.5], "rotation": 270, "texture": "#0"},
				"up": {"uv": [7.5, 9.5, 8.5, 10.5], "rotation": 90, "texture": "#0"},
				"down": {"uv": [7.5, 9.5, 8.5, 10.5], "rotation": 270, "texture": "#0"}
			}
		},
		{
			"from": [5.5, 5.5, 7.5],
			"to": [6.5, 8.5, 8.5],
			"faces": {
				"north": {"uv": [7.5, 9.5, 8.5, 10.5], "rotation": 270, "texture": "#0"},
				"east": {"uv": [7.5, 9.5, 8.5, 10], "rotation": 270, "texture": "#0"},
				"south": {"uv": [7.5, 9.5, 8.5, 10.5], "rotation": 90, "texture": "#0"},
				"west": {"uv": [7.5, 9.5, 8.5, 10.5], "rotation": 270, "texture": "#0"},
				"up": {"uv": [7.5, 9.5, 8.5, 10.5], "rotation": 90, "texture": "#0"},
				"down": {"uv": [7.5, 9.5, 8.5, 10.5], "rotation": 270, "texture": "#0"}
			}
		},
		{
			"from": [6, 6, 6.5],
			"to": [6.5, 8, 7.5],
			"faces": {
				"north": {"uv": [7, 9.5, 9, 10], "rotation": 270, "texture": "#0"},
				"east": {"uv": [7, 9.5, 9, 10], "rotation": 270, "texture": "#0"},
				"south": {"uv": [7, 9.5, 9, 10], "rotation": 90, "texture": "#0"},
				"west": {"uv": [7.5, 9.5, 8.5, 10], "rotation": 270, "texture": "#0"},
				"up": {"uv": [7.5, 9.5, 8.5, 10], "rotation": 90, "texture": "#0"},
				"down": {"uv": [7.5, 9.5, 8.5, 10], "rotation": 270, "texture": "#0"}
			}
		},
		{
			"from": [6, 6, 8.5],
			"to": [6.5, 8, 9.5],
			"faces": {
				"north": {"uv": [7, 9.5, 9, 10], "rotation": 270, "texture": "#0"},
				"east": {"uv": [7, 9.5, 9, 10], "rotation": 270, "texture": "#0"},
				"south": {"uv": [7, 9.5, 9, 10], "rotation": 90, "texture": "#0"},
				"west": {"uv": [7.5, 9.5, 8.5, 10], "rotation": 270, "texture": "#0"},
				"up": {"uv": [7.5, 9.5, 8.5, 10], "rotation": 90, "texture": "#0"},
				"down": {"uv": [7.5, 9.5, 8.5, 10], "rotation": 270, "texture": "#0"}
			}
		},
		{
			"from": [5.5, 6.5, 8.5],
			"to": [6.5, 7.5, 9.5],
			"faces": {
				"north": {"uv": [7.5, 9.5, 8.5, 10.5], "rotation": 270, "texture": "#0"},
				"east": {"uv": [7.5, 9.5, 8.5, 10], "rotation": 270, "texture": "#0"},
				"south": {"uv": [7.5, 9.5, 8.5, 10.5], "rotation": 90, "texture": "#0"},
				"west": {"uv": [7.5, 9.5, 8.5, 10.5], "rotation": 270, "texture": "#0"},
				"up": {"uv": [7.5, 9.5, 8.5, 10.5], "rotation": 90, "texture": "#0"},
				"down": {"uv": [7.5, 9.5, 8.5, 10.5], "rotation": 270, "texture": "#0"}
			}
		},
		{
			"from": [6, 7.5, 7],
			"to": [6.5, 8.5, 9],
			"faces": {
				"north": {"uv": [7.5, 9.5, 8.5, 10], "rotation": 270, "texture": "#0"},
				"east": {"uv": [7, 9.5, 9, 10], "texture": "#0"},
				"south": {"uv": [7.5, 9.5, 8.5, 10], "rotation": 90, "texture": "#0"},
				"west": {"uv": [7.5, 9.5, 8.5, 10], "rotation": 270, "texture": "#0"},
				"up": {"uv": [7, 9.5, 9, 10], "rotation": 90, "texture": "#0"},
				"down": {"uv": [7.5, 9.5, 8.5, 10], "rotation": 270, "texture": "#0"}
			}
		},
		{
			"from": [6, 5.5, 7],
			"to": [6.5, 6.5, 9],
			"faces": {
				"north": {"uv": [7.5, 9.5, 8.5, 10], "rotation": 270, "texture": "#0"},
				"east": {"uv": [7, 9.5, 9, 10], "texture": "#0"},
				"south": {"uv": [7.5, 9.5, 8.5, 10], "rotation": 90, "texture": "#0"},
				"west": {"uv": [7.5, 9.5, 8.5, 10], "rotation": 270, "texture": "#0"},
				"up": {"uv": [7, 9.5, 9, 10], "rotation": 90, "texture": "#0"},
				"down": {"uv": [7, 9.5, 9, 10], "rotation": 270, "texture": "#0"}
			}
		},
		{
			"from": [6.5, 7.5, 6.5],
			"to": [7, 8, 7],
			"faces": {
				"north": {"uv": [8.5, 9, 9, 9.5], "rotation": 270, "texture": "#0"},
				"east": {"uv": [8.5, 9, 9, 9.5], "rotation": 270, "texture": "#0"},
				"south": {"uv": [8.5, 9, 9, 9.5], "rotation": 90, "texture": "#0"},
				"west": {"uv": [8.5, 9, 9, 9.5], "rotation": 270, "texture": "#0"},
				"up": {"uv": [8.5, 9, 9, 9.5], "rotation": 90, "texture": "#0"},
				"down": {"uv": [8.5, 9, 9, 9.5], "rotation": 270, "texture": "#0"}
			}
		},
		{
			"from": [6.5, 6, 6.5],
			"to": [7, 6.5, 7],
			"faces": {
				"north": {"uv": [8.5, 9, 9, 9.5], "rotation": 270, "texture": "#0"},
				"east": {"uv": [8.5, 9, 9, 9.5], "rotation": 270, "texture": "#0"},
				"south": {"uv": [8.5, 9, 9, 9.5], "rotation": 90, "texture": "#0"},
				"west": {"uv": [8.5, 9, 9, 9.5], "rotation": 270, "texture": "#0"},
				"up": {"uv": [8.5, 9, 9, 9.5], "rotation": 90, "texture": "#0"},
				"down": {"uv": [8.5, 9, 9, 9.5], "rotation": 270, "texture": "#0"}
			}
		},
		{
			"from": [6.5, 5.5, 7],
			"to": [7, 6, 7.5],
			"faces": {
				"north": {"uv": [8.5, 9, 9, 9.5], "rotation": 270, "texture": "#0"},
				"east": {"uv": [8.5, 9, 9, 9.5], "rotation": 270, "texture": "#0"},
				"south": {"uv": [8.5, 9, 9, 9.5], "rotation": 90, "texture": "#0"},
				"west": {"uv": [8.5, 9, 9, 9.5], "rotation": 270, "texture": "#0"},
				"up": {"uv": [8.5, 9, 9, 9.5], "rotation": 90, "texture": "#0"},
				"down": {"uv": [8.5, 9, 9, 9.5], "rotation": 270, "texture": "#0"}
			}
		},
		{
			"from": [6.5, 5.5, 8.5],
			"to": [7, 6, 9],
			"faces": {
				"north": {"uv": [8.5, 9, 9, 9.5], "rotation": 270, "texture": "#0"},
				"east": {"uv": [8.5, 9, 9, 9.5], "rotation": 270, "texture": "#0"},
				"south": {"uv": [8.5, 9, 9, 9.5], "rotation": 90, "texture": "#0"},
				"west": {"uv": [8.5, 9, 9, 9.5], "rotation": 270, "texture": "#0"},
				"up": {"uv": [8.5, 9, 9, 9.5], "rotation": 90, "texture": "#0"},
				"down": {"uv": [8.5, 9, 9, 9.5], "rotation": 270, "texture": "#0"}
			}
		},
		{
			"from": [6.5, 6, 9],
			"to": [7, 6.5, 9.5],
			"faces": {
				"north": {"uv": [8.5, 9, 9, 9.5], "rotation": 270, "texture": "#0"},
				"east": {"uv": [8.5, 9, 9, 9.5], "rotation": 270, "texture": "#0"},
				"south": {"uv": [8.5, 9, 9, 9.5], "rotation": 90, "texture": "#0"},
				"west": {"uv": [8.5, 9, 9, 9.5], "rotation": 270, "texture": "#0"},
				"up": {"uv": [8.5, 9, 9, 9.5], "rotation": 90, "texture": "#0"},
				"down": {"uv": [8.5, 9, 9, 9.5], "rotation": 270, "texture": "#0"}
			}
		},
		{
			"from": [6.5, 7.5, 9],
			"to": [7, 8, 9.5],
			"faces": {
				"north": {"uv": [8.5, 9, 9, 9.5], "rotation": 270, "texture": "#0"},
				"east": {"uv": [8.5, 9, 9, 9.5], "rotation": 270, "texture": "#0"},
				"south": {"uv": [8.5, 9, 9, 9.5], "rotation": 90, "texture": "#0"},
				"west": {"uv": [8.5, 9, 9, 9.5], "rotation": 270, "texture": "#0"},
				"up": {"uv": [8.5, 9, 9, 9.5], "rotation": 90, "texture": "#0"},
				"down": {"uv": [8.5, 9, 9, 9.5], "rotation": 270, "texture": "#0"}
			}
		},
		{
			"from": [6.5, 8, 8.5],
			"to": [7, 8.5, 9],
			"faces": {
				"north": {"uv": [8.5, 9, 9, 9.5], "rotation": 270, "texture": "#0"},
				"east": {"uv": [8.5, 9, 9, 9.5], "rotation": 270, "texture": "#0"},
				"south": {"uv": [8.5, 9, 9, 9.5], "rotation": 90, "texture": "#0"},
				"west": {"uv": [8.5, 9, 9, 9.5], "rotation": 270, "texture": "#0"},
				"up": {"uv": [8.5, 9, 9, 9.5], "rotation": 90, "texture": "#0"},
				"down": {"uv": [8.5, 9, 9, 9.5], "rotation": 270, "texture": "#0"}
			}
		},
		{
			"from": [6.5, 8, 7],
			"to": [7, 8.5, 7.5],
			"faces": {
				"north": {"uv": [8.5, 9, 9, 9.5], "rotation": 270, "texture": "#0"},
				"east": {"uv": [8.5, 9, 9, 9.5], "rotation": 270, "texture": "#0"},
				"south": {"uv": [8.5, 9, 9, 9.5], "rotation": 90, "texture": "#0"},
				"west": {"uv": [8.5, 9, 9, 9.5], "rotation": 270, "texture": "#0"},
				"up": {"uv": [8.5, 9, 9, 9.5], "rotation": 90, "texture": "#0"},
				"down": {"uv": [8.5, 9, 9, 9.5], "rotation": 270, "texture": "#0"}
			}
		},
		{
			"from": [7.5, 5.5, 6.5],
			"to": [9.5, 8.5, 9.5],
			"faces": {
				"north": {"uv": [6.5, 6.5, 9.5, 8.5], "rotation": 270, "texture": "#0"},
				"east": {"uv": [7, 6.5, 9, 8.5], "rotation": 270, "texture": "#0"},
				"south": {"uv": [6.5, 6.5, 9.5, 8.5], "rotation": 90, "texture": "#0"},
				"west": {"uv": [7, 6.5, 9, 8.5], "rotation": 270, "texture": "#0"},
				"up": {"uv": [6.5, 6.5, 9.5, 8.5], "rotation": 90, "texture": "#0"},
				"down": {"uv": [6.5, 6.5, 9.5, 8.5], "rotation": 270, "texture": "#0"}
			}
		},
		{
			"from": [6.5, 6, 7],
			"to": [9.5, 8, 9],
			"faces": {
				"north": {"uv": [7, 6.5, 9, 9.5], "rotation": 270, "texture": "#0"},
				"east": {"uv": [7, 6.5, 9, 8.5], "rotation": 270, "texture": "#0"},
				"south": {"uv": [7, 6.5, 9, 9.5], "rotation": 90, "texture": "#0"},
				"west": {"uv": [7, 6.5, 9, 8.5], "rotation": 270, "texture": "#0"},
				"up": {"uv": [7, 6.5, 9, 9.5], "rotation": 90, "texture": "#0"},
				"down": {"uv": [7, 6.5, 9, 9.5], "rotation": 270, "texture": "#0"}
			}
		},
		{
			"from": [9.5, 6, 7],
			"to": [10, 8, 9],
			"faces": {
				"north": {"uv": [7, 6, 9, 6.5], "rotation": 270, "texture": "#0"},
				"east": {"uv": [7, 6, 9, 8], "rotation": 270, "texture": "#0"},
				"south": {"uv": [7, 6, 9, 6.5], "rotation": 90, "texture": "#0"},
				"west": {"uv": [7, 6, 9, 6.5], "rotation": 270, "texture": "#0"},
				"up": {"uv": [7, 6, 9, 6.5], "rotation": 90, "texture": "#0"},
				"down": {"uv": [7, 6, 9, 6.5], "rotation": 270, "texture": "#0"}
			}
		},
		{
			"from": [10, 6.5, 7.5],
			"to": [10.5, 7.5, 8.5],
			"faces": {
				"north": {"uv": [7.5, 5.5, 8.5, 6], "rotation": 270, "texture": "#0"},
				"east": {"uv": [7.5, 6.5, 8.5, 7.5], "rotation": 270, "texture": "#0"},
				"south": {"uv": [7.5, 5.5, 8.5, 6], "rotation": 90, "texture": "#0"},
				"west": {"uv": [7.5, 5.5, 8.5, 6], "rotation": 270, "texture": "#0"},
				"up": {"uv": [7.5, 5.5, 8.5, 6], "rotation": 90, "texture": "#0"},
				"down": {"uv": [7.5, 5.5, 8.5, 6], "rotation": 270, "texture": "#0"}
			}
		},
		{
			"from": [5.5, 5, 7.5],
			"to": [7.5, 5.5, 8.5],
			"faces": {
				"north": {"uv": [6.5, 8.5, 7, 10.5], "rotation": 270, "texture": "#0"},
				"east": {"uv": [6.5, 8.5, 7, 9], "rotation": 270, "texture": "#0"},
				"south": {"uv": [6.5, 8.5, 7, 10.5], "rotation": 90, "texture": "#0"},
				"west": {"uv": [6.5, 8.5, 7, 10.5], "rotation": 270, "texture": "#0"},
				"up": {"uv": [6.5, 8.5, 7, 10.5], "rotation": 90, "texture": "#0"},
				"down": {"uv": [6.5, 8.5, 7, 10.5], "rotation": 270, "texture": "#0"}
			}
		},
		{
			"from": [6, 4.5, 7.5],
			"to": [8, 5, 8.5],
			"faces": {
				"north": {"uv": [6, 8, 6.5, 10], "rotation": 270, "texture": "#0"},
				"east": {"uv": [6, 8, 6.5, 8.5], "rotation": 270, "texture": "#0"},
				"south": {"uv": [6, 8, 6.5, 10], "rotation": 90, "texture": "#0"},
				"west": {"uv": [6, 9.5, 6.5, 10], "rotation": 270, "texture": "#0"},
				"up": {"uv": [6, 8, 6.5, 10], "rotation": 90, "texture": "#0"},
				"down": {"uv": [6, 8, 6.5, 10], "rotation": 270, "texture": "#0"}
			}
		},
		{
			"from": [6.5, 4, 7.5],
			"to": [8.5, 4.5, 8.5],
			"faces": {
				"north": {"uv": [5.5, 7.5, 6, 9.5], "rotation": 270, "texture": "#0"},
				"east": {"uv": [5.5, 7.5, 6, 9.5], "rotation": 270, "texture": "#0"},
				"south": {"uv": [5.5, 7.5, 6, 9.5], "rotation": 90, "texture": "#0"},
				"west": {"uv": [5.5, 9, 6, 9.5], "rotation": 270, "texture": "#0"},
				"up": {"uv": [5.5, 7.5, 6, 9.5], "rotation": 90, "texture": "#0"},
				"down": {"uv": [5.5, 7.5, 6, 9.5], "rotation": 270, "texture": "#0"}
			}
		},
		{
			"from": [7, 3.5, 7.5],
			"to": [9.5, 4.5, 8.5],
			"faces": {
				"north": {"uv": [5, 6.5, 6, 9], "rotation": 270, "texture": "#0"},
				"east": {"uv": [5, 8.5, 5.5, 9], "texture": "#0"},
				"south": {"uv": [6, 6.5, 5, 9], "rotation": 90, "texture": "#0"},
				"west": {"uv": [5, 8.5, 5.5, 9], "texture": "#0"},
				"up": {"uv": [5, 8.5, 5.5, 9], "rotation": 180, "texture": "#0"},
				"down": {"uv": [5, 8.5, 5.5, 9], "texture": "#0"}
			}
		},
		{
			"from": [7.5, 3, 7.5],
			"to": [10, 4.5, 8.5],
			"faces": {
				"north": {"uv": [4.5, 6, 6, 8.5], "rotation": 270, "texture": "#0"},
				"east": {"uv": [5, 8.5, 5.5, 9], "texture": "#0"},
				"south": {"uv": [6, 6, 4.5, 8.5], "rotation": 90, "texture": "#0"},
				"west": {"uv": [5, 8.5, 5.5, 9], "texture": "#0"},
				"up": {"uv": [5, 8.5, 5.5, 9], "rotation": 180, "texture": "#0"},
				"down": {"uv": [5, 8.5, 5.5, 9], "texture": "#0"}
			}
		},
		{
			"from": [9.5, 3.5, 7.5],
			"to": [10.5, 5, 8.5],
			"faces": {
				"north": {"uv": [5, 5.5, 6.5, 6.5], "rotation": 270, "texture": "#0"},
				"east": {"uv": [5, 8.5, 5.5, 9], "texture": "#0"},
				"south": {"uv": [6.5, 5.5, 5, 6.5], "rotation": 90, "texture": "#0"},
				"west": {"uv": [5, 8.5, 5.5, 9], "texture": "#0"},
				"up": {"uv": [5, 8.5, 5.5, 9], "rotation": 180, "texture": "#0"},
				"down": {"uv": [5, 8.5, 5.5, 9], "texture": "#0"}
			}
		},
		{
			"from": [10, 4, 7.5],
			"to": [11, 5.5, 8.5],
			"faces": {
				"north": {"uv": [5.5, 5, 7, 6], "rotation": 270, "texture": "#0"},
				"east": {"uv": [5, 8.5, 5.5, 9], "texture": "#0"},
				"south": {"uv": [7, 5, 5.5, 6], "rotation": 90, "texture": "#0"},
				"west": {"uv": [5, 8.5, 5.5, 9], "texture": "#0"},
				"up": {"uv": [5, 8.5, 5.5, 9], "rotation": 180, "texture": "#0"},
				"down": {"uv": [5, 8.5, 5.5, 9], "texture": "#0"}
			}
		},
		{
			"from": [10.5, 4.5, 7.5],
			"to": [11.5, 6, 8.5],
			"faces": {
				"north": {"uv": [6, 4.5, 7.5, 5.5], "rotation": 270, "texture": "#0"},
				"east": {"uv": [5, 8.5, 5.5, 9], "texture": "#0"},
				"south": {"uv": [7.5, 4.5, 6, 5.5], "rotation": 90, "texture": "#0"},
				"west": {"uv": [5, 8.5, 5.5, 9], "texture": "#0"},
				"up": {"uv": [5, 8.5, 5.5, 9], "rotation": 180, "texture": "#0"},
				"down": {"uv": [5, 8.5, 5.5, 9], "texture": "#0"}
			}
		},
		{
			"from": [11.5, 5, 7.5],
			"to": [12, 6, 8.5],
			"faces": {
				"north": {"uv": [6.5, 4, 7.5, 4.5], "rotation": 270, "texture": "#0"},
				"east": {"uv": [5, 8.5, 5.5, 9], "texture": "#0"},
				"south": {"uv": [7.5, 4, 6.5, 4.5], "rotation": 90, "texture": "#0"},
				"west": {"uv": [5, 8.5, 5.5, 9], "texture": "#0"},
				"up": {"uv": [5, 8.5, 5.5, 9], "rotation": 180, "texture": "#0"},
				"down": {"uv": [5, 8.5, 5.5, 9], "texture": "#0"}
			}
		},
		{
			"from": [11.5, 8, 7.5],
			"to": [12, 9, 8.5],
			"faces": {
				"north": {"uv": [7.5, 4, 6.5, 4.5], "rotation": 270, "texture": "#0"},
				"east": {"uv": [5, 8.5, 5.5, 9], "rotation": 180, "texture": "#0"},
				"south": {"uv": [6.5, 4, 7.5, 4.5], "rotation": 90, "texture": "#0"},
				"west": {"uv": [5, 8.5, 5.5, 9], "rotation": 180, "texture": "#0"},
				"up": {"uv": [5, 8.5, 5.5, 9], "rotation": 180, "texture": "#0"},
				"down": {"uv": [5, 8.5, 5.5, 9], "texture": "#0"}
			}
		},
		{
			"from": [10.5, 8, 7.5],
			"to": [11.5, 9.5, 8.5],
			"faces": {
				"north": {"uv": [7.5, 4.5, 6, 5.5], "rotation": 270, "texture": "#0"},
				"east": {"uv": [5, 8.5, 5.5, 9], "rotation": 180, "texture": "#0"},
				"south": {"uv": [6, 4.5, 7.5, 5.5], "rotation": 90, "texture": "#0"},
				"west": {"uv": [5, 8.5, 5.5, 9], "rotation": 180, "texture": "#0"},
				"up": {"uv": [5, 8.5, 5.5, 9], "rotation": 180, "texture": "#0"},
				"down": {"uv": [5, 8.5, 5.5, 9], "texture": "#0"}
			}
		},
		{
			"from": [10, 8.5, 7.5],
			"to": [11, 10, 8.5],
			"faces": {
				"north": {"uv": [7, 5, 5.5, 6], "rotation": 270, "texture": "#0"},
				"east": {"uv": [5, 8.5, 5.5, 9], "rotation": 180, "texture": "#0"},
				"south": {"uv": [5.5, 5, 7, 6], "rotation": 90, "texture": "#0"},
				"west": {"uv": [5, 8.5, 5.5, 9], "rotation": 180, "texture": "#0"},
				"up": {"uv": [5, 8.5, 5.5, 9], "rotation": 180, "texture": "#0"},
				"down": {"uv": [5, 8.5, 5.5, 9], "texture": "#0"}
			}
		},
		{
			"from": [9.5, 9, 7.5],
			"to": [10.5, 10.5, 8.5],
			"faces": {
				"north": {"uv": [6.5, 5.5, 5, 6.5], "rotation": 270, "texture": "#0"},
				"east": {"uv": [5, 8.5, 5.5, 9], "rotation": 180, "texture": "#0"},
				"south": {"uv": [5, 5.5, 6.5, 6.5], "rotation": 90, "texture": "#0"},
				"west": {"uv": [5, 8.5, 5.5, 9], "rotation": 180, "texture": "#0"},
				"up": {"uv": [5, 8.5, 5.5, 9], "rotation": 180, "texture": "#0"},
				"down": {"uv": [5, 8.5, 5.5, 9], "texture": "#0"}
			}
		},
		{
			"from": [7.5, 9.5, 7.5],
			"to": [10, 11, 8.5],
			"faces": {
				"north": {"uv": [6, 6, 4.5, 8.5], "rotation": 270, "texture": "#0"},
				"east": {"uv": [5, 8.5, 5.5, 9], "rotation": 180, "texture": "#0"},
				"south": {"uv": [4.5, 6, 6, 8.5], "rotation": 90, "texture": "#0"},
				"west": {"uv": [5, 8.5, 5.5, 9], "rotation": 180, "texture": "#0"},
				"up": {"uv": [5, 8.5, 5.5, 9], "rotation": 180, "texture": "#0"},
				"down": {"uv": [5, 8.5, 5.5, 9], "texture": "#0"}
			}
		},
		{
			"from": [6, 9, 7.5],
			"to": [8, 9.5, 8.5],
			"faces": {
				"north": {"uv": [6, 8, 6.5, 10], "rotation": 270, "texture": "#0"},
				"east": {"uv": [6, 8, 6.5, 8.5], "rotation": 90, "texture": "#0"},
				"south": {"uv": [6, 8, 6.5, 10], "rotation": 90, "texture": "#0"},
				"west": {"uv": [6, 9.5, 6.5, 10], "rotation": 90, "texture": "#0"},
				"up": {"uv": [6, 8, 6.5, 10], "rotation": 90, "texture": "#0"},
				"down": {"uv": [6, 8, 6.5, 10], "rotation": 270, "texture": "#0"}
			}
		},
		{
			"from": [5.5, 8.5, 7.5],
			"to": [7.5, 9, 8.5],
			"faces": {
				"north": {"uv": [6.5, 8.5, 7, 10.5], "rotation": 270, "texture": "#0"},
				"east": {"uv": [6.5, 8.5, 7, 9], "rotation": 90, "texture": "#0"},
				"south": {"uv": [6.5, 8.5, 7, 10.5], "rotation": 90, "texture": "#0"},
				"west": {"uv": [6.5, 8.5, 7, 10.5], "rotation": 90, "texture": "#0"},
				"up": {"uv": [6.5, 8.5, 7, 10.5], "rotation": 90, "texture": "#0"},
				"down": {"uv": [6.5, 8.5, 7, 10.5], "rotation": 270, "texture": "#0"}
			}
		},
		{
			"from": [6.5, 9.5, 7.5],
			"to": [8.5, 10, 8.5],
			"faces": {
				"north": {"uv": [5.5, 7.5, 6, 9.5], "rotation": 270, "texture": "#0"},
				"east": {"uv": [5.5, 7.5, 6, 9.5], "rotation": 90, "texture": "#0"},
				"south": {"uv": [5.5, 7.5, 6, 9.5], "rotation": 90, "texture": "#0"},
				"west": {"uv": [5.5, 9, 6, 9.5], "rotation": 90, "texture": "#0"},
				"up": {"uv": [5.5, 7.5, 6, 9.5], "rotation": 90, "texture": "#0"},
				"down": {"uv": [5.5, 7.5, 6, 9.5], "rotation": 270, "texture": "#0"}
			}
		},
		{
			"from": [7, 9.5, 7.5],
			"to": [9.5, 10.5, 8.5],
			"faces": {
				"north": {"uv": [6, 6.5, 5, 9], "rotation": 270, "texture": "#0"},
				"east": {"uv": [5, 8.5, 5.5, 9], "rotation": 180, "texture": "#0"},
				"south": {"uv": [5, 6.5, 6, 9], "rotation": 90, "texture": "#0"},
				"west": {"uv": [5, 8.5, 5.5, 9], "rotation": 180, "texture": "#0"},
				"up": {"uv": [5, 8.5, 5.5, 9], "rotation": 180, "texture": "#0"},
				"down": {"uv": [5, 8.5, 5.5, 9], "texture": "#0"}
			}
		},
		{
			"from": [11.5, 6.5, 6],
			"to": [12, 7.5, 7],
			"faces": {
				"north": {"uv": [5, 8.5, 5.5, 9], "texture": "#0"},
				"east": {"uv": [5, 8.5, 5.5, 9], "rotation": 270, "texture": "#0"},
				"south": {"uv": [5, 8.5, 5.5, 9], "rotation": 180, "texture": "#0"},
				"west": {"uv": [5, 8.5, 5.5, 9], "rotation": 90, "texture": "#0"},
				"up": {"uv": [6.5, 4, 7.5, 4.5], "rotation": 90, "texture": "#0"},
				"down": {"uv": [7.5, 4, 6.5, 4.5], "rotation": 270, "texture": "#0"}
			}
		},
		{
			"from": [10.5, 6.5, 5.5],
			"to": [11.5, 7.5, 7],
			"faces": {
				"north": {"uv": [5, 8.5, 5.5, 9], "texture": "#0"},
				"east": {"uv": [5, 8.5, 5.5, 9], "rotation": 270, "texture": "#0"},
				"south": {"uv": [5, 8.5, 5.5, 9], "rotation": 180, "texture": "#0"},
				"west": {"uv": [5, 8.5, 5.5, 9], "rotation": 90, "texture": "#0"},
				"up": {"uv": [6, 4.5, 7.5, 5.5], "rotation": 90, "texture": "#0"},
				"down": {"uv": [7.5, 4.5, 6, 5.5], "rotation": 270, "texture": "#0"}
			}
		},
		{
			"from": [10, 6.5, 5],
			"to": [11, 7.5, 6.5],
			"faces": {
				"north": {"uv": [5, 8.5, 5.5, 9], "texture": "#0"},
				"east": {"uv": [5, 8.5, 5.5, 9], "rotation": 270, "texture": "#0"},
				"south": {"uv": [5, 8.5, 5.5, 9], "rotation": 180, "texture": "#0"},
				"west": {"uv": [5, 8.5, 5.5, 9], "rotation": 90, "texture": "#0"},
				"up": {"uv": [5.5, 5, 7, 6], "rotation": 90, "texture": "#0"},
				"down": {"uv": [7, 5, 5.5, 6], "rotation": 270, "texture": "#0"}
			}
		},
		{
			"from": [9.5, 6.5, 4.5],
			"to": [10.5, 7.5, 6],
			"faces": {
				"north": {"uv": [5, 8.5, 5.5, 9], "texture": "#0"},
				"east": {"uv": [5, 8.5, 5.5, 9], "rotation": 270, "texture": "#0"},
				"south": {"uv": [5, 8.5, 5.5, 9], "rotation": 180, "texture": "#0"},
				"west": {"uv": [5, 8.5, 5.5, 9], "rotation": 90, "texture": "#0"},
				"up": {"uv": [5, 5.5, 6.5, 6.5], "rotation": 90, "texture": "#0"},
				"down": {"uv": [6.5, 5.5, 5, 6.5], "rotation": 270, "texture": "#0"}
			}
		},
		{
			"from": [7.5, 6.5, 4],
			"to": [10, 7.5, 5.5],
			"faces": {
				"north": {"uv": [5, 8.5, 5.5, 9], "texture": "#0"},
				"east": {"uv": [5, 8.5, 5.5, 9], "rotation": 270, "texture": "#0"},
				"south": {"uv": [5, 8.5, 5.5, 9], "rotation": 180, "texture": "#0"},
				"west": {"uv": [5, 8.5, 5.5, 9], "rotation": 90, "texture": "#0"},
				"up": {"uv": [4.5, 6, 6, 8.5], "rotation": 90, "texture": "#0"},
				"down": {"uv": [6, 6, 4.5, 8.5], "rotation": 270, "texture": "#0"}
			}
		},
		{
			"from": [7, 6.5, 4.5],
			"to": [9.5, 7.5, 5.5],
			"faces": {
				"north": {"uv": [5, 8.5, 5.5, 9], "texture": "#0"},
				"east": {"uv": [5, 8.5, 5.5, 9], "rotation": 270, "texture": "#0"},
				"south": {"uv": [5, 8.5, 5.5, 9], "rotation": 180, "texture": "#0"},
				"west": {"uv": [5, 8.5, 5.5, 9], "rotation": 90, "texture": "#0"},
				"up": {"uv": [5, 6.5, 6, 9], "rotation": 90, "texture": "#0"},
				"down": {"uv": [6, 6.5, 5, 9], "rotation": 270, "texture": "#0"}
			}
		},
		{
			"from": [6.5, 6.5, 5],
			"to": [8.5, 7.5, 5.5],
			"faces": {
				"north": {"uv": [5.5, 7.5, 6, 9.5], "rotation": 270, "texture": "#0"},
				"east": {"uv": [5.5, 7.5, 6, 9.5], "rotation": 180, "texture": "#0"},
				"south": {"uv": [5.5, 7.5, 6, 9.5], "rotation": 90, "texture": "#0"},
				"west": {"uv": [5.5, 9, 6, 9.5], "texture": "#0"},
				"up": {"uv": [5.5, 7.5, 6, 9.5], "rotation": 90, "texture": "#0"},
				"down": {"uv": [5.5, 7.5, 6, 9.5], "rotation": 270, "texture": "#0"}
			}
		},
		{
			"from": [6, 6.5, 5.5],
			"to": [8, 7.5, 6],
			"faces": {
				"north": {"uv": [6, 8, 6.5, 10], "rotation": 270, "texture": "#0"},
				"east": {"uv": [6, 8, 6.5, 8.5], "rotation": 180, "texture": "#0"},
				"south": {"uv": [6, 8, 6.5, 10], "rotation": 90, "texture": "#0"},
				"west": {"uv": [6, 9.5, 6.5, 10], "texture": "#0"},
				"up": {"uv": [6, 8, 6.5, 10], "rotation": 90, "texture": "#0"},
				"down": {"uv": [6, 8, 6.5, 10], "rotation": 270, "texture": "#0"}
			}
		},
		{
			"from": [5.5, 6.5, 6],
			"to": [7.5, 7.5, 6.5],
			"faces": {
				"north": {"uv": [6.5, 8.5, 7, 10.5], "rotation": 270, "texture": "#0"},
				"east": {"uv": [6.5, 8.5, 7, 9], "rotation": 180, "texture": "#0"},
				"south": {"uv": [6.5, 8.5, 7, 10.5], "rotation": 90, "texture": "#0"},
				"west": {"uv": [6.5, 8.5, 7, 10.5], "texture": "#0"},
				"up": {"uv": [6.5, 8.5, 7, 10.5], "rotation": 90, "texture": "#0"},
				"down": {"uv": [6.5, 8.5, 7, 10.5], "rotation": 270, "texture": "#0"}
			}
		},
		{
			"from": [11.5, 6.5, 9],
			"to": [12, 7.5, 10],
			"faces": {
				"north": {"uv": [5, 8.5, 5.5, 9], "texture": "#0"},
				"east": {"uv": [5, 8.5, 5.5, 9], "rotation": 90, "texture": "#0"},
				"south": {"uv": [5, 8.5, 5.5, 9], "rotation": 180, "texture": "#0"},
				"west": {"uv": [5, 8.5, 5.5, 9], "rotation": 270, "texture": "#0"},
				"up": {"uv": [7.5, 4, 6.5, 4.5], "rotation": 90, "texture": "#0"},
				"down": {"uv": [6.5, 4, 7.5, 4.5], "rotation": 270, "texture": "#0"}
			}
		},
		{
			"from": [10.5, 6.5, 9],
			"to": [11.5, 7.5, 10.5],
			"faces": {
				"north": {"uv": [5, 8.5, 5.5, 9], "texture": "#0"},
				"east": {"uv": [5, 8.5, 5.5, 9], "rotation": 90, "texture": "#0"},
				"south": {"uv": [5, 8.5, 5.5, 9], "rotation": 180, "texture": "#0"},
				"west": {"uv": [5, 8.5, 5.5, 9], "rotation": 270, "texture": "#0"},
				"up": {"uv": [7.5, 4.5, 6, 5.5], "rotation": 90, "texture": "#0"},
				"down": {"uv": [6, 4.5, 7.5, 5.5], "rotation": 270, "texture": "#0"}
			}
		},
		{
			"from": [10, 6.5, 9.5],
			"to": [11, 7.5, 11],
			"faces": {
				"north": {"uv": [5, 8.5, 5.5, 9], "texture": "#0"},
				"east": {"uv": [5, 8.5, 5.5, 9], "rotation": 90, "texture": "#0"},
				"south": {"uv": [5, 8.5, 5.5, 9], "rotation": 180, "texture": "#0"},
				"west": {"uv": [5, 8.5, 5.5, 9], "rotation": 270, "texture": "#0"},
				"up": {"uv": [7, 5, 5.5, 6], "rotation": 90, "texture": "#0"},
				"down": {"uv": [5.5, 5, 7, 6], "rotation": 270, "texture": "#0"}
			}
		},
		{
			"from": [9.5, 6.5, 10],
			"to": [10.5, 7.5, 11.5],
			"faces": {
				"north": {"uv": [5, 8.5, 5.5, 9], "texture": "#0"},
				"east": {"uv": [5, 8.5, 5.5, 9], "rotation": 90, "texture": "#0"},
				"south": {"uv": [5, 8.5, 5.5, 9], "rotation": 180, "texture": "#0"},
				"west": {"uv": [5, 8.5, 5.5, 9], "rotation": 270, "texture": "#0"},
				"up": {"uv": [6.5, 5.5, 5, 6.5], "rotation": 90, "texture": "#0"},
				"down": {"uv": [5, 5.5, 6.5, 6.5], "rotation": 270, "texture": "#0"}
			}
		},
		{
			"from": [7.5, 6.5, 10.5],
			"to": [10, 7.5, 12],
			"faces": {
				"north": {"uv": [5, 8.5, 5.5, 9], "texture": "#0"},
				"east": {"uv": [5, 8.5, 5.5, 9], "rotation": 90, "texture": "#0"},
				"south": {"uv": [5, 8.5, 5.5, 9], "rotation": 180, "texture": "#0"},
				"west": {"uv": [5, 8.5, 5.5, 9], "rotation": 270, "texture": "#0"},
				"up": {"uv": [6, 6, 4.5, 8.5], "rotation": 90, "texture": "#0"},
				"down": {"uv": [4.5, 6, 6, 8.5], "rotation": 270, "texture": "#0"}
			}
		},
		{
			"from": [7, 6.5, 10.5],
			"to": [9.5, 7.5, 11.5],
			"faces": {
				"north": {"uv": [5, 8.5, 5.5, 9], "texture": "#0"},
				"east": {"uv": [5, 8.5, 5.5, 9], "rotation": 90, "texture": "#0"},
				"south": {"uv": [5, 8.5, 5.5, 9], "rotation": 180, "texture": "#0"},
				"west": {"uv": [5, 8.5, 5.5, 9], "rotation": 270, "texture": "#0"},
				"up": {"uv": [6, 6.5, 5, 9], "rotation": 90, "texture": "#0"},
				"down": {"uv": [5, 6.5, 6, 9], "rotation": 270, "texture": "#0"}
			}
		},
		{
			"from": [6.5, 6.5, 10.5],
			"to": [8.5, 7.5, 11],
			"faces": {
				"north": {"uv": [5.5, 7.5, 6, 9.5], "rotation": 270, "texture": "#0"},
				"east": {"uv": [5.5, 7.5, 6, 9.5], "texture": "#0"},
				"south": {"uv": [5.5, 7.5, 6, 9.5], "rotation": 90, "texture": "#0"},
				"west": {"uv": [5.5, 9, 6, 9.5], "rotation": 180, "texture": "#0"},
				"up": {"uv": [5.5, 7.5, 6, 9.5], "rotation": 90, "texture": "#0"},
				"down": {"uv": [5.5, 7.5, 6, 9.5], "rotation": 270, "texture": "#0"}
			}
		},
		{
			"from": [6, 6.5, 10],
			"to": [8, 7.5, 10.5],
			"faces": {
				"north": {"uv": [6, 8, 6.5, 10], "rotation": 270, "texture": "#0"},
				"east": {"uv": [6, 8, 6.5, 8.5], "texture": "#0"},
				"south": {"uv": [6, 8, 6.5, 10], "rotation": 90, "texture": "#0"},
				"west": {"uv": [6, 9.5, 6.5, 10], "rotation": 180, "texture": "#0"},
				"up": {"uv": [6, 8, 6.5, 10], "rotation": 90, "texture": "#0"},
				"down": {"uv": [6, 8, 6.5, 10], "rotation": 270, "texture": "#0"}
			}
		},
		{
			"from": [5.5, 6.5, 9.5],
			"to": [7.5, 7.5, 10],
			"faces": {
				"north": {"uv": [6.5, 8.5, 7, 10.5], "rotation": 270, "texture": "#0"},
				"east": {"uv": [6.5, 8.5, 7, 9], "texture": "#0"},
				"south": {"uv": [6.5, 8.5, 7, 10.5], "rotation": 90, "texture": "#0"},
				"west": {"uv": [6.5, 8.5, 7, 10.5], "rotation": 180, "texture": "#0"},
				"up": {"uv": [6.5, 8.5, 7, 10.5], "rotation": 90, "texture": "#0"},
				"down": {"uv": [6.5, 8.5, 7, 10.5], "rotation": 270, "texture": "#0"}
			}
		}
	],
	"display": {
		"thirdperson_righthand": {
			"translation": [0, 2, 1.5]
		},
		"thirdperson_lefthand": {
			"translation": [0, 2, 1.5]
		},
		"firstperson_righthand": {
			"rotation": [0, 35, 0],
			"translation": [3, 4, 0]
		},
		"firstperson_lefthand": {
			"rotation": [0, 35, 0],
			"translation": [3, 4, 0]
		},
		"ground": {
			"translation": [0, 3.5, 0]
		},
		"gui": {
			"rotation": [20, 45, 0],
			"translation": [0, 2.5, 0],
			"scale": [1.3, 1.3, 1.3]
		},
		"head": {
			"rotation": [0, 45, 0],
			"translation": [0, 18, 0],
			"scale": [1.5, 1.5, 1.5]
		},
		"fixed": {
			"translation": [0, 2, -1],
			"scale": [1.2, 1.2, 1.2]
		}
	}
}