{
	"credit": "Made with Blockbench",
	"textures": {
		"0": "block/jungle_trapdoor",
		"1": "block/jungle_trapdoor_rim",
		"particle": "block/jungle_trapdoor"
	},
	"elements": [
		{
			"from": [10, 0, 13],
			"to": [16, 16, 16],
			"faces": {
				"north": {"uv": [0.032, 0.032, 5.968, 15.968], "texture": "#0"},
				"east": {"uv": [0.032, 13.032, 15.968, 15.968], "rotation": 90, "texture": "#1"},
				"south": {"uv": [10.032, 0.032, 15.968, 15.968], "texture": "#0"},
				"west": {"uv": [0.032, 9.5, 15.968, 12.468], "rotation": 270, "texture": "#1"},
				"up": {"uv": [10.032, 0.032, 15.968, 2.968], "rotation": 180, "texture": "#1"},
				"down": {"uv": [0.032, 0.032, 5.968, 2.968], "rotation": 180, "texture": "#1"}
			}
		},
		{
			"from": [0, 0, 13],
			"to": [6, 16, 16],
			"faces": {
				"north": {"uv": [10.032, 0.032, 15.968, 15.968], "texture": "#0"},
				"east": {"uv": [0.032, 9.5, 15.968, 12.468], "rotation": 90, "texture": "#1"},
				"south": {"uv": [0.032, 0.032, 5.968, 15.968], "texture": "#0"},
				"west": {"uv": [0.032, 13.032, 15.968, 15.968], "rotation": 90, "texture": "#1"},
				"up": {"uv": [0.032, 0.032, 5.968, 2.968], "rotation": 180, "texture": "#1"},
				"down": {"uv": [10.032, 0.032, 15.968, 2.968], "rotation": 180, "texture": "#1"}
			}
		},
		{
			"from": [6, 0, 13],
			"to": [10, 4.5, 16],
			"faces": {
				"north": {"uv": [6.032, 11.5, 9.968, 15.968], "texture": "#0"},
				"south": {"uv": [6.032, 11.5, 9.968, 15.968], "texture": "#0"},
				"up": {"uv": [5.532, 9.5, 9.468, 12.468], "texture": "#1"},
				"down": {"uv": [6.032, 0.032, 9.968, 2.968], "rotation": 180, "texture": "#1"}
			}
		},
		{
			"from": [6, 11.5, 13],
			"to": [10, 16, 16],
			"faces": {
				"north": {"uv": [6.032, 0.032, 9.968, 4.468], "texture": "#0"},
				"south": {"uv": [6.032, 0.032, 9.968, 4.468], "texture": "#0"},
				"up": {"uv": [6.032, 0.032, 9.968, 2.968], "rotation": 180, "texture": "#1"},
				"down": {"uv": [5.532, 9.5, 9.468, 12.468], "rotation": 180, "texture": "#1"}
			}
		},
		{
			"from": [9.5, 10, 13],
			"to": [10, 11.5, 16],
			"faces": {
				"north": {"uv": [6.032, 4.5, 6.468, 5.968], "texture": "#0"},
				"south": {"uv": [6.032, 4.5, 6.468, 5.968], "texture": "#0"},
				"west": {"uv": [3.032, 9.5, 4.468, 12.468], "rotation": 270, "texture": "#1"},
				"up": {"uv": [4.532, 6.532, 4.968, 6.968], "texture": "#0"},
				"down": {"uv": [3.032, 9.5, 3.468, 12.468], "rotation": 180, "texture": "#1"}
			}
		},
		{
			"from": [9.5, 4.5, 13],
			"to": [10, 6, 16],
			"faces": {
				"north": {"uv": [5.532, 9.5, 5.968, 10.968], "texture": "#0"},
				"east": {"uv": [7.032, 4.032, 7.468, 4.468], "rotation": 90, "texture": "#0"},
				"south": {"uv": [6.032, 10, 6.468, 11.468], "texture": "#0"},
				"west": {"uv": [1.532, 9.5, 2.968, 12.468], "rotation": 270, "texture": "#1"},
				"up": {"uv": [1.532, 9.5, 1.968, 12.468], "texture": "#1"}
			}
		},
		{
			"from": [9, 10.5, 13],
			"to": [9.5, 11.5, 16],
			"faces": {
				"north": {"uv": [6.532, 4.5, 6.968, 5.468], "texture": "#0"},
				"south": {"uv": [6.532, 4.5, 6.968, 5.468], "texture": "#0"},
				"west": {"uv": [7.532, 9.5, 8.468, 12.468], "rotation": 270, "texture": "#1"},
				"up": {"uv": [4.532, 6.532, 4.968, 6.968], "texture": "#0"},
				"down": {"uv": [11.032, 9.5, 11.468, 12.468], "rotation": 180, "texture": "#1"}
			}
		},
		{
			"from": [8.5, 4.5, 13],
			"to": [9, 5, 16],
			"faces": {
				"north": {"uv": [7.032, 11, 7.468, 11.468], "rotation": 180, "texture": "#0"},
				"east": {"uv": [7.032, 4.032, 7.468, 4.468], "rotation": 90, "texture": "#0"},
				"south": {"uv": [7.032, 11, 7.468, 11.468], "texture": "#0"},
				"west": {"uv": [3.532, 9.5, 3.968, 12.468], "rotation": 270, "texture": "#1"},
				"up": {"uv": [11.532, 9.5, 11.968, 12.468], "texture": "#1"}
			}
		},
		{
			"from": [8.5, 11, 13],
			"to": [9, 11.5, 16],
			"faces": {
				"north": {"uv": [7.032, 4.5, 7.468, 4.968], "rotation": 180, "texture": "#0"},
				"south": {"uv": [7.032, 4.5, 7.468, 4.968], "texture": "#0"},
				"west": {"uv": [2.032, 9.5, 2.468, 12.468], "rotation": 270, "texture": "#1"},
				"up": {"uv": [4.532, 6.532, 4.968, 6.968], "texture": "#0"},
				"down": {"uv": [11.532, 9.5, 11.968, 12.468], "rotation": 180, "texture": "#1"}
			}
		},
		{
			"from": [9, 4.5, 13],
			"to": [9.5, 5.5, 16],
			"faces": {
				"north": {"uv": [6.532, 10.5, 6.968, 11.468], "texture": "#0"},
				"east": {"uv": [7.032, 4.032, 7.468, 4.468], "rotation": 90, "texture": "#0"},
				"south": {"uv": [6.532, 10.5, 6.968, 11.468], "texture": "#0"},
				"west": {"uv": [1.532, 9.5, 2.468, 12.468], "rotation": 270, "texture": "#1"},
				"up": {"uv": [12.032, 9.5, 12.468, 12.468], "texture": "#1"}
			}
		},
		{
			"from": [6, 10, 13],
			"to": [6.5, 11.5, 16],
			"faces": {
				"north": {"uv": [9.968, 4.5, 9.532, 5.968], "texture": "#0"},
				"east": {"uv": [2.032, 9.5, 3.468, 12.468], "rotation": 90, "texture": "#1"},
				"south": {"uv": [9.968, 4.5, 9.532, 5.968], "texture": "#0"},
				"down": {"uv": [11.032, 9.5, 11.468, 12.468], "rotation": 180, "texture": "#1"}
			}
		},
		{
			"from": [6, 4.5, 13],
			"to": [6.5, 6, 16],
			"faces": {
				"north": {"uv": [9.968, 10, 9.532, 11.468], "texture": "#0"},
				"east": {"uv": [2.032, 9.5, 3.468, 12.468], "rotation": 90, "texture": "#1"},
				"south": {"uv": [6.468, 10, 6.032, 11.468], "texture": "#0"},
				"up": {"uv": [7.532, 9.5, 7.968, 12.468], "texture": "#1"}
			}
		},
		{
			"from": [6.5, 10.5, 13],
			"to": [7, 11.5, 16],
			"faces": {
				"north": {"uv": [9.468, 4.5, 9.032, 5.468], "texture": "#0"},
				"east": {"uv": [10.032, 9.5, 10.968, 12.468], "rotation": 90, "texture": "#1"},
				"south": {"uv": [9.468, 4.5, 9.032, 5.468], "texture": "#0"},
				"down": {"uv": [11.532, 9.5, 11.968, 12.468], "rotation": 180, "texture": "#1"}
			}
		},
		{
			"from": [7, 4.5, 13],
			"to": [7.5, 5, 16],
			"faces": {
				"north": {"uv": [8.968, 11, 8.532, 11.468], "rotation": 180, "texture": "#0"},
				"east": {"uv": [3.032, 9.5, 3.468, 12.468], "rotation": 90, "texture": "#1"},
				"south": {"uv": [7.468, 11, 7.032, 11.468], "texture": "#0"},
				"up": {"uv": [10.532, 9.5, 10.968, 12.468], "texture": "#1"}
			}
		},
		{
			"from": [7, 11, 13],
			"to": [7.5, 11.5, 16],
			"faces": {
				"north": {"uv": [8.968, 4.5, 8.532, 4.968], "rotation": 180, "texture": "#0"},
				"east": {"uv": [11.532, 9.5, 11.968, 12.468], "rotation": 90, "texture": "#1"},
				"south": {"uv": [8.968, 4.5, 8.532, 4.968], "texture": "#0"},
				"down": {"uv": [11.532, 9.5, 11.968, 12.468], "rotation": 180, "texture": "#1"}
			}
		},
		{
			"from": [6.5, 4.5, 13],
			"to": [7, 5.5, 16],
			"faces": {
				"north": {"uv": [9.468, 10.5, 9.032, 11.468], "texture": "#0"},
				"east": {"uv": [2.532, 9.5, 3.468, 12.468], "rotation": 90, "texture": "#1"},
				"south": {"uv": [6.968, 10.5, 6.532, 11.468], "texture": "#0"},
				"up": {"uv": [3.532, 9.5, 3.968, 12.468], "texture": "#1"}
			}
		}
	],
	"groups": [
		{
			"name": "group",
			"isOpen": true,
			"export": true,
			"visibility": true,
			"children": [0, 1, 2, 3]
		},
		{
			"name": "group",
			"isOpen": true,
			"export": true,
			"visibility": true,
			"children": [4, 5, 6, 7, 8, 9]
		},
		{
			"name": "group",
			"isOpen": true,
			"export": true,
			"visibility": true,
			"children": [10, 11, 12, 13, 14, 15]
		}
	]
}