{
    "variants": {
        "": [
	{ "model": "block/plants/red_tulip/0" },
	{ "model": "block/plants/red_tulip/0", "y": 90 },
	{ "model": "block/plants/red_tulip/0", "y": 180 },
	{ "model": "block/plants/red_tulip/0", "y": 270 },
	{ "model": "block/plants/red_tulip/1" },
	{ "model": "block/plants/red_tulip/1", "y": 90 },
	{ "model": "block/plants/red_tulip/1", "y": 180 },
	{ "model": "block/plants/red_tulip/1", "y": 270 },
	{ "model": "block/plants/red_tulip/2" },
	{ "model": "block/plants/red_tulip/2", "y": 90 },
	{ "model": "block/plants/red_tulip/2", "y": 180 },
	{ "model": "block/plants/red_tulip/2", "y": 270 }
	]
    }
}

