{
	"credit": "Made with Blockbench",
	"ambientocclusion": false,
	"textures": {
		"0": "block/doors/jungle_door_rim",
		"particle": "block/doors/jungle_door_bottom"
	},
	"elements": [
		{
			"from": [0.5, 0, 0],
			"to": [2.5, 16, 16],
			"faces": {
				"north": {"uv": [5.008, 0.008, 6.992, 15.992], "texture": "#0", "cullface": "north"},
				"east": {"uv": [15.968, 0.032, 0.032, 15.968], "texture": "#particle"},
				"south": {"uv": [5.008, 0.008, 6.992, 15.992], "texture": "#0", "cullface": "south"},
				"west": {"uv": [0.032, 0.032, 15.968, 15.968], "texture": "#particle", "cullface": "west"},
				"down": {"uv": [13.53188, 0.03188, 15.4675, 15.96748], "texture": "#0", "cullface": "down"}
			}
		},
		{
			"from": [0, 11.5, 5.5],
			"to": [3, 14.5, 6],
			"faces": {
				"north": {"uv": [5.508, 1.5, 5.992, 4.492], "texture": "#particle"},
				"east": {"uv": [5.93563, 4.4675, 5.508, 1.5], "rotation": 180, "texture": "#particle"},
				"south": {"uv": [5.508, 1.5, 5.992, 4.492], "texture": "#particle"},
				"west": {"uv": [5.508, 1.5, 5.992, 4.492], "texture": "#particle"},
				"up": {"uv": [5.508, 1.5, 5.992, 1.992], "rotation": 270, "texture": "#particle"},
				"down": {"uv": [6.508, 3, 9.492, 3.492], "texture": "#particle"}
			}
		},
		{
			"from": [0, 10, 6.5],
			"to": [3, 10.5, 9.5],
			"faces": {
				"north": {"uv": [6.508, 5.5, 9.492, 5.992], "texture": "#particle"},
				"east": {"uv": [9.43563, 5.9675, 6.508, 5.5], "rotation": 180, "texture": "#particle"},
				"south": {"uv": [6.508, 5.5, 9.492, 5.992], "texture": "#particle"},
				"west": {"uv": [6.508, 5.5, 9.492, 5.992], "texture": "#particle"},
				"up": {"uv": [6.508, 5.5, 9.492, 5.992], "rotation": 270, "texture": "#particle"},
				"down": {"uv": [6.508, 5.5, 9.492, 5.992], "rotation": 270, "texture": "#particle"}
			}
		},
		{
			"from": [0, 15.5, 6.5],
			"to": [3, 16, 9.5],
			"faces": {
				"north": {"uv": [6.508, 0.008, 9.492, 0.492], "texture": "#particle"},
				"east": {"uv": [9.43563, 0.4675, 6.508, 0.008], "rotation": 180, "texture": "#particle"},
				"south": {"uv": [6.508, 0.008, 9.492, 0.492], "texture": "#particle"},
				"west": {"uv": [6.508, 0.008, 9.492, 0.492], "texture": "#particle"},
				"up": {"uv": [6.508, 0.008, 9.492, 0.492], "rotation": 270, "texture": "#particle"},
				"down": {"uv": [6.508, 0.008, 9.492, 0.492], "rotation": 270, "texture": "#particle"}
			}
		},
		{
			"from": [0, 11.5, 10],
			"to": [3, 14.5, 10.5],
			"faces": {
				"north": {"uv": [10.008, 1.5, 10.492, 4.492], "texture": "#particle"},
				"east": {"uv": [10.492, 1.5, 10.008, 4.492], "rotation": 180, "texture": "#particle"},
				"south": {"uv": [10.008, 1.5, 10.492, 4.492], "texture": "#particle"},
				"west": {"uv": [10.008, 1.5, 10.492, 4.492], "texture": "#particle"},
				"up": {"uv": [5.508, 1.5, 5.992, 1.992], "rotation": 270, "texture": "#particle"},
				"down": {"uv": [6.508, 3, 9.492, 3.492], "texture": "#particle"}
			}
		},
		{
			"from": [0, 12, 6],
			"to": [3, 14, 10],
			"faces": {
				"east": {"uv": [9.992, 2, 6.008, 3.992], "texture": "#particle"},
				"west": {"uv": [6.008, 2, 9.992, 3.992], "texture": "#particle"},
				"up": {"uv": [6.008, 2, 9.992, 2.492], "rotation": 90, "texture": "#particle"},
				"down": {"uv": [6.008, 3.5, 9.992, 3.992], "rotation": 90, "texture": "#particle"}
			}
		},
		{
			"from": [0, 10.5, 7],
			"to": [3, 15.5, 9],
			"faces": {
				"north": {"uv": [7.008, 0.5, 7.492, 5.492], "texture": "#particle"},
				"east": {"uv": [8.992, 0.5, 7.008, 5.492], "texture": "#particle"},
				"south": {"uv": [8.508, 0.5, 8.992, 5.492], "texture": "#particle"},
				"west": {"uv": [7.008, 0.5, 8.992, 5.492], "texture": "#particle"}
			}
		},
		{
			"from": [0, 13.5, 13.5],
			"to": [3, 14.5, 14.5],
			"faces": {
				"north": {"uv": [6.508, 3, 9.492, 3.992], "texture": "#particle"},
				"east": {"uv": [14.492, 1.5, 13.508, 2.492], "texture": "#particle"},
				"south": {"uv": [6.508, 3, 9.492, 3.992], "texture": "#particle"},
				"west": {"uv": [13.508, 1.5, 14.492, 2.492], "texture": "#particle"},
				"up": {"uv": [6.508, 2.5, 9.492, 3.492], "texture": "#particle"},
				"down": {"uv": [6.508, 3.5, 9.492, 4.492], "texture": "#particle"}
			}
		}
	],
	"groups": [0,
		{
			"name": "dark_oak_trapdoor_open",
			"children": [
				{
					"name": "group",
					"children": [1, 2, 3, 4]
				},
				{
					"name": "group",
					"children": [5, 6]
				}
			]
		}, 7]
}