{
	"credit": "Made with Blockbench",
	"ambientocclusion": false,
	"textures": {
		"0": "block/doors/jungle_door_rim",
		"particle": "block/doors/jungle_door_top"
	},
	"elements": [
		{
			"name": "Leftblock",
			"from": [0.5, 0, 10],
			"to": [2.5, 16, 16],
			"faces": {
				"north": {"uv": [10.9675, 0.03188, 9.03187, 15.96748], "texture": "#0"},
				"east": {"uv": [0.032, 0.032, 5.968, 15.968], "texture": "#particle"},
				"south": {"uv": [10.9675, 0.03188, 9.03187, 15.96748], "texture": "#0", "cullface": "down"},
				"west": {"uv": [5.968, 0.032, 0.032, 15.968], "texture": "#particle"},
				"up": {"uv": [13.53188, 5.96753, 15.4675, 0.03188], "texture": "#0", "cullface": "up"}
			}
		},
		{
			"name": "Rightblock",
			"from": [0.5, 0, 0],
			"to": [2.5, 16, 6],
			"faces": {
				"north": {"uv": [10.9675, 0.03188, 9.03187, 15.96748], "texture": "#0", "cullface": "down"},
				"east": {"uv": [10.032, 0.032, 15.968, 15.968], "texture": "#particle"},
				"south": {"uv": [10.9675, 0.03188, 9.03187, 15.96748], "rotation": 180, "texture": "#0"},
				"west": {"uv": [15.968, 0.032, 10.032, 15.968], "texture": "#particle"},
				"up": {"uv": [13.53188, 15.96753, 15.4675, 10.03188], "texture": "#0", "cullface": "up"}
			}
		},
		{
			"name": "Bottomblock",
			"from": [0.5, 0, 6],
			"to": [2.5, 5, 10],
			"faces": {
				"east": {"uv": [6.032, 10.532, 9.968, 15.968], "texture": "#particle"},
				"west": {"uv": [10.468, 10.532, 5.532, 15.968], "texture": "#particle"},
				"up": {"uv": [0.53187, 10.46753, 2.4675, 4.53188], "texture": "#0"}
			}
		},
		{
			"name": "Win1",
			"from": [0.5, 9.5, 9.5],
			"to": [2.5, 11, 10],
			"faces": {
				"north": {"uv": [2.43563, 10, 0.5, 10.5], "texture": "#0"},
				"east": {"uv": [6.468, 5.032, 6.032, 6.468], "texture": "#particle"},
				"west": {"uv": [6.468, 5.032, 6.032, 6.468], "texture": "#particle"},
				"down": {"uv": [0.5, 10.5, 2.43563, 10], "texture": "#0"}
			}
		},
		{
			"name": "Win8",
			"from": [0.5, 9.5, 6],
			"to": [2.5, 11, 6.5],
			"faces": {
				"east": {"uv": [9.968, 5.032, 9.532, 6.468], "texture": "#particle"},
				"south": {"uv": [2.43563, 10, 0.5, 10.5], "texture": "#0"},
				"west": {"uv": [9.968, 5.032, 9.532, 6.468], "texture": "#particle"},
				"down": {"uv": [0.5, 10.5, 2.43563, 10], "texture": "#0"}
			}
		},
		{
			"name": "Win7",
			"from": [0.5, 10, 6.5],
			"to": [2.5, 11, 7],
			"faces": {
				"east": {"uv": [9.468, 5.032, 9.032, 5.968], "texture": "#particle"},
				"south": {"uv": [2.43563, 10, 0.5, 10.5], "texture": "#0"},
				"west": {"uv": [9.468, 5.032, 9.032, 5.968], "texture": "#particle"},
				"down": {"uv": [0.5, 10.5, 2.43563, 10], "texture": "#0"}
			}
		},
		{
			"name": "Win6",
			"from": [0.5, 10.5, 7],
			"to": [2.5, 11, 7.5],
			"faces": {
				"east": {"uv": [8.968, 5.032, 8.532, 5.468], "texture": "#particle"},
				"south": {"uv": [2.43563, 10, 0.5, 10.5], "texture": "#0"},
				"west": {"uv": [8.968, 5.032, 8.532, 5.468], "texture": "#particle"},
				"down": {"uv": [0.5, 10.5, 2.43563, 10], "texture": "#0"}
			}
		},
		{
			"name": "Win3",
			"from": [0.5, 10.5, 8.5],
			"to": [2.5, 11, 9],
			"faces": {
				"north": {"uv": [2.43563, 10, 0.5, 10.5], "texture": "#0"},
				"east": {"uv": [7.468, 5.032, 7.032, 5.468], "texture": "#particle"},
				"west": {"uv": [7.468, 5.032, 7.032, 5.468], "texture": "#particle"},
				"down": {"uv": [0.5, 10.5, 2.43563, 10], "texture": "#0"}
			}
		},
		{
			"name": "Win2",
			"from": [0.5, 10, 9],
			"to": [2.5, 11, 9.5],
			"faces": {
				"north": {"uv": [2.43563, 10, 0.5, 10.5], "texture": "#0"},
				"east": {"uv": [6.968, 5.032, 6.532, 5.968], "texture": "#particle"},
				"west": {"uv": [6.968, 5.032, 6.532, 5.968], "texture": "#particle"},
				"down": {"uv": [0.5, 10.5, 2.43563, 10], "texture": "#0"}
			}
		},
		{
			"name": "Topblock",
			"from": [0.5, 11, 6],
			"to": [2.5, 16, 10],
			"faces": {
				"east": {"uv": [6.032, 0.032, 9.968, 4.968], "texture": "#particle"},
				"west": {"uv": [9.968, 0.032, 6.032, 4.968], "texture": "#particle"},
				"up": {"uv": [13.53188, 9.4675, 15.4675, 5.53188], "texture": "#0"},
				"down": {"uv": [0.53187, 6.4675, 2.4675, 2.53188], "texture": "#0"}
			}
		}
	]
}