{
	"credit": "By CR00T_R0M",
	"ambientocclusion": false,
	"textures": {
		"particle": "block/bookshelf/books/books",
		"books": "block/bookshelf/books/books",
		"paper": "block/bookshelf/books/paper"
	},
	"elements": [
		{
			"name": "RED BOOK VERTICAL TOP",
			"from": [12.55, 8.5, 11.5],
			"to": [15.55, 14, 13.5],
			"shade": false,
			"rotation": {"angle": 0, "axis": "y", "origin": [8.05, 8, 8]},
			"faces": {
				"north": {"uv": [4, 2, 4.5, 7.5], "texture": "#books"},
				"east": {"uv": [2.5, 2, 4.5, 7.5], "texture": "#books"},
				"south": {"uv": [2.5, 2, 3, 7.5], "texture": "#books"},
				"west": {"uv": [0, 0, 2, 5], "texture": "#paper"},
				"up": {"uv": [2, 0, 6, 1.5], "rotation": 180, "texture": "#paper"},
				"down": {"uv": [2.5, 0, 6.5, 1.5], "rotation": 180, "texture": "#paper"}
			}
		},
		{
			"name": "GREEN_REDBOOK TOP",
			"from": [12.55, 8.5, 9],
			"to": [15.55, 14, 10.5],
			"shade": false,
			"rotation": {"angle": 0, "axis": "y", "origin": [8.05, 8, 8]},
			"faces": {
				"north": {"uv": [6.5, 2, 7, 7.5], "texture": "#books"},
				"east": {"uv": [5.5, 2, 7, 7.5], "texture": "#books"},
				"south": {"uv": [5.5, 2, 6, 7.5], "texture": "#books"},
				"west": {"uv": [0, 0, 1.5, 5], "texture": "#paper"},
				"up": {"uv": [2, 0, 6, 1.5], "rotation": 180, "texture": "#paper"},
				"down": {"uv": [2, 0, 6, 1.5], "rotation": 180, "texture": "#paper"}
			}
		},
		{
			"name": "Horizontal LIGHT GREEN BOOK TOP",
			"from": [12.55, 8.5, 2.5],
			"to": [15.55, 10, 8],
			"shade": false,
			"rotation": {"angle": 0, "axis": "y", "origin": [8.05, 8, 8]},
			"faces": {
				"north": {"uv": [2, 0, 6, 1.5], "texture": "#paper"},
				"east": {"uv": [8, 6, 13.5, 7.5], "texture": "#books"},
				"south": {"uv": [2, 0, 6, 1.5], "texture": "#paper"},
				"west": {"uv": [2, 0, 7, 1.5], "texture": "#paper"},
				"down": {"uv": [11, 6, 13.5, 7.5], "rotation": 180, "texture": "#books"}
			}
		},
		{
			"name": "Horizontal dark GREEN BOOK TOP",
			"from": [12.55, 10, 2.5],
			"to": [15.55, 11.5, 8],
			"shade": false,
			"rotation": {"angle": 0, "axis": "y", "origin": [8.05, 8, 8]},
			"faces": {
				"north": {"uv": [2, 0, 6, 1.5], "texture": "#paper"},
				"east": {"uv": [8, 4.5, 13.5, 6], "texture": "#books"},
				"south": {"uv": [2, 0, 6, 1.5], "texture": "#paper"},
				"west": {"uv": [2, 0, 7, 1.5], "texture": "#paper"}
			}
		},
		{
			"name": "Horizontal Tan BOOK TOP",
			"from": [12.55, 11.5, 2.5],
			"to": [15.55, 13, 8.5],
			"shade": false,
			"rotation": {"angle": 0, "axis": "y", "origin": [8.05, 8, 8]},
			"faces": {
				"north": {"uv": [2, 0, 6, 1.5], "texture": "#paper"},
				"east": {"uv": [7.5, 3, 13.5, 4.5], "texture": "#books"},
				"south": {"uv": [2, 0, 6, 1.5], "texture": "#paper"},
				"west": {"uv": [2, 0, 7, 1.5], "texture": "#paper"},
				"up": {"uv": [11, 3, 13.5, 4.5], "rotation": 180, "texture": "#books"},
				"down": {"uv": [11, 3, 13.5, 4.5], "rotation": 180, "texture": "#books"}
			}
		},
		{
			"name": "Bottom Yellow",
			"from": [12.55, 2, 12],
			"to": [15.55, 6.5, 13.5],
			"shade": false,
			"rotation": {"angle": 0, "axis": "y", "origin": [8.05, 8, 8]},
			"faces": {
				"north": {"uv": [3.5, 9.5, 4, 14], "texture": "#books"},
				"east": {"uv": [2.5, 9.5, 4, 14], "texture": "#books"},
				"south": {"uv": [2.5, 9.5, 3, 14], "texture": "#books"},
				"west": {"uv": [0, 0, 1.5, 4.5], "texture": "#paper"},
				"up": {"uv": [2, 0, 5, 1.5], "rotation": 180, "texture": "#paper"},
				"down": {"uv": [2, 0, 5, 1.5], "rotation": 180, "texture": "#paper"}
			}
		},
		{
			"name": "Red_Bottom_4",
			"from": [12.55, 2, 10],
			"to": [15.55, 7, 11.5],
			"shade": false,
			"rotation": {"angle": 0, "axis": "y", "origin": [8.05, 8, 8]},
			"faces": {
				"north": {"uv": [5.5, 9, 6, 14], "texture": "#books"},
				"east": {"uv": [4.5, 9, 6, 14], "texture": "#books"},
				"south": {"uv": [4.5, 9, 5, 14], "texture": "#books"},
				"west": {"uv": [0, 0, 1.5, 5], "texture": "#paper"},
				"up": {"uv": [2, 0, 6, 1.5], "rotation": 180, "texture": "#paper"},
				"down": {"uv": [2, 0, 6, 1.5], "rotation": 180, "texture": "#paper"}
			}
		},
		{
			"name": "Red_Bottom_5",
			"from": [12.55, 2, 8],
			"to": [15.55, 7, 9.5],
			"shade": false,
			"rotation": {"angle": 0, "axis": "y", "origin": [8.05, 8, 8]},
			"faces": {
				"north": {"uv": [7.5, 9, 8, 14], "texture": "#books"},
				"east": {"uv": [6.5, 9, 8, 14], "texture": "#books"},
				"south": {"uv": [6.5, 9, 7, 14], "texture": "#books"},
				"west": {"uv": [0, 0, 1.5, 5], "texture": "#paper"},
				"up": {"uv": [2, 0, 6, 1.5], "rotation": 180, "texture": "#paper"},
				"down": {"uv": [2, 0, 6, 1.5], "rotation": 180, "texture": "#paper"}
			}
		},
		{
			"name": "Tan_bottom_4",
			"from": [12.55, 2, 5],
			"to": [15.55, 7, 6.5],
			"shade": false,
			"rotation": {"angle": 0, "axis": "y", "origin": [8.05, 8, 8]},
			"faces": {
				"north": {"uv": [10.5, 9, 11, 14], "texture": "#books"},
				"east": {"uv": [9.5, 9, 11, 14], "texture": "#books"},
				"south": {"uv": [9.5, 9, 10, 14], "texture": "#books"},
				"west": {"uv": [0, 0, 1.5, 5], "texture": "#paper"},
				"up": {"uv": [2, 0, 6, 1.5], "rotation": 180, "texture": "#paper"},
				"down": {"uv": [2, 0, 6, 1.5], "rotation": 180, "texture": "#paper"}
			}
		},
		{
			"name": "Tan_bottom_5",
			"from": [12.55, 2, 3],
			"to": [15.55, 7, 4.5],
			"shade": false,
			"rotation": {"angle": 0, "axis": "y", "origin": [8.05, 8, 8]},
			"faces": {
				"north": {"uv": [12.5, 9, 13, 14], "texture": "#books"},
				"east": {"uv": [11.5, 9, 13, 14], "texture": "#books"},
				"south": {"uv": [11.5, 9, 12, 14], "texture": "#books"},
				"west": {"uv": [0, 0, 1.5, 5], "texture": "#paper"},
				"up": {"uv": [2, 0, 6, 1.5], "rotation": 180, "texture": "#paper"},
				"down": {"uv": [2, 0, 6, 1.5], "rotation": 180, "texture": "#paper"}
			}
		}
	],
	"display": {
		"thirdperson_righthand": {
			"rotation": [75, 45, 0],
			"translation": [0, 2.5, 0],
			"scale": [0.375, 0.375, 0.375]
		},
		"firstperson_righthand": {
			"rotation": [0, 45, 0],
			"scale": [0.4, 0.4, 0.4]
		},
		"firstperson_lefthand": {
			"rotation": [0, 225, 0],
			"scale": [0.4, 0.4, 0.4]
		},
		"ground": {
			"translation": [0, 3, 0],
			"scale": [0.25, 0.25, 0.25]
		},
		"gui": {
			"rotation": [30, 225, 0],
			"scale": [0.625, 0.625, 0.625]
		},
		"fixed": {
			"scale": [0.5, 0.5, 0.5]
		}
	},
	"groups": [
		{
			"name": "BooksNorth",
			"origin": [-8, 0, -8],
			"shade": false,
			"children": [0, 1, 2, 3, 4, 5, 6, 7, 8, 9]
		}
	]
}