{
	"credit": "By CR00T_R0M",
	"textures": {
		"particle": "block/bookshelf/books/books_1",
		"books": "block/bookshelf/books/books_1",
		"paper": "block/bookshelf/books/paper"
	},
	"elements": [
		{
			"name": "Red_top_1",
			"from": [12.5, 8.5, 12],
			"to": [15.5, 14, 14],
			"shade": false,
			"faces": {
				"north": {"uv": [2, 2, 2.5, 7.5], "texture": "#books"},
				"east": {"uv": [0.5, 2, 2.5, 7.5], "texture": "#books"},
				"south": {"uv": [0.5, 2, 1, 7.5], "texture": "#books"},
				"west": {"uv": [0, 0, 2, 5.5], "texture": "#paper"},
				"up": {"uv": [0, 0, 2, 3], "rotation": 90, "texture": "#paper"},
				"down": {"uv": [0, 0, 2, 3], "rotation": 270, "texture": "#paper"}
			}
		},
		{
			"name": "Yellow_top",
			"from": [12.5, 8.5, 7],
			"to": [15.5, 10, 11.5],
			"shade": false,
			"faces": {
				"north": {"uv": [2, 0, 5, 1.5], "texture": "#paper"},
				"east": {"uv": [4, 6, 8.5, 7.5], "texture": "#books"},
				"south": {"uv": [2, 0, 5, 1.5], "texture": "#paper"},
				"west": {"uv": [1.5, 0, 7, 1.5], "texture": "#paper"},
				"up": {"uv": [4, 6, 8.5, 6.5], "rotation": 90, "texture": "#books"},
				"down": {"uv": [4, 7, 8.5, 7.5], "rotation": 270, "texture": "#books"}
			}
		},
		{
			"name": "Green_top_1",
			"from": [12.5, 10, 7],
			"to": [15.5, 11.5, 12],
			"shade": false,
			"faces": {
				"north": {"uv": [2, 0, 5, 1.5], "texture": "#paper"},
				"east": {"uv": [3, 4.5, 8, 6], "texture": "#books"},
				"south": {"uv": [2, 0, 5, 1.5], "texture": "#paper"},
				"west": {"uv": [1.5, 0, 7, 1.5], "texture": "#paper"},
				"up": {"uv": [3, 4.5, 8, 5], "rotation": 90, "texture": "#books"},
				"down": {"uv": [3, 5.5, 8, 6], "rotation": 270, "texture": "#books"}
			}
		},
		{
			"name": "Red_top_2",
			"from": [12.5, 11.5, 7],
			"to": [15.5, 13, 12],
			"shade": false,
			"faces": {
				"north": {"uv": [2, 0, 5, 1.5], "texture": "#paper"},
				"east": {"uv": [3.5, 3, 8.5, 4.5], "texture": "#books"},
				"south": {"uv": [2, 0, 5, 1.5], "texture": "#paper"},
				"west": {"uv": [1.5, 0, 7, 1.5], "texture": "#paper"},
				"up": {"uv": [3.5, 3, 8.5, 3.5], "rotation": 90, "texture": "#books"},
				"down": {"uv": [3.5, 4, 8.5, 4.5], "rotation": 270, "texture": "#books"}
			}
		},
		{
			"name": "Green_top_2",
			"from": [12.5, 8.5, 5.5],
			"to": [15.5, 14, 7],
			"shade": false,
			"faces": {
				"north": {"uv": [10, 2, 10.5, 7.5], "texture": "#books"},
				"east": {"uv": [9, 2, 10.5, 7.5], "texture": "#books"},
				"south": {"uv": [9, 2, 9.5, 7.5], "texture": "#books"},
				"west": {"uv": [0, 0, 2, 5.5], "texture": "#paper"},
				"up": {"uv": [0, 0, 2, 3], "rotation": 90, "texture": "#paper"},
				"down": {"uv": [0, 0, 2, 3], "rotation": 270, "texture": "#paper"}
			}
		},
		{
			"name": "Tan_top",
			"from": [12.5, 8.5, 3.5],
			"to": [15.5, 14, 5],
			"shade": false,
			"faces": {
				"north": {"uv": [12, 2, 12.5, 7.5], "texture": "#books"},
				"east": {"uv": [11, 2, 12.5, 7.5], "texture": "#books"},
				"south": {"uv": [11, 2, 11.5, 7.5], "texture": "#books"},
				"west": {"uv": [0, 0, 2, 5.5], "texture": "#paper"},
				"up": {"uv": [0, 0, 2, 3], "rotation": 90, "texture": "#paper"},
				"down": {"uv": [0, 0, 2, 3], "rotation": 270, "texture": "#paper"}
			}
		},
		{
			"name": "Tan_bottom_1",
			"from": [12.5, 2, 4],
			"to": [15.5, 7, 5.5],
			"shade": false,
			"faces": {
				"north": {"uv": [11.5, 9, 12, 14], "texture": "#books"},
				"east": {"uv": [11, 2, 12.5, 7.5], "texture": "#books"},
				"south": {"uv": [10.5, 9, 11, 14], "texture": "#books"},
				"west": {"uv": [0, 0, 2, 5.5], "texture": "#paper"},
				"up": {"uv": [0, 0, 2, 3], "rotation": 90, "texture": "#paper"},
				"down": {"uv": [0, 0, 2, 3], "rotation": 270, "texture": "#paper"}
			}
		},
		{
			"name": "Tan_bottom_2",
			"from": [12.5, 2, 2],
			"to": [15.5, 7, 3.5],
			"shade": false,
			"faces": {
				"north": {"uv": [11.5, 9, 12, 14], "texture": "#books"},
				"east": {"uv": [11, 2, 12.5, 7.5], "texture": "#books"},
				"south": {"uv": [10.5, 9, 11, 14], "texture": "#books"},
				"west": {"uv": [0, 0, 2, 5.5], "texture": "#paper"},
				"up": {"uv": [0, 0, 2, 3], "rotation": 90, "texture": "#paper"},
				"down": {"uv": [0, 0, 2, 3], "rotation": 270, "texture": "#paper"}
			}
		},
		{
			"name": "Green_top_3",
			"from": [12.5, 8.5, 1.5],
			"to": [15.5, 13, 3],
			"shade": false,
			"faces": {
				"north": {"uv": [14, 3, 14.5, 7.5], "texture": "#books"},
				"east": {"uv": [13, 3, 14.5, 7.5], "texture": "#books"},
				"south": {"uv": [13, 3, 13.5, 7.5], "texture": "#books"},
				"west": {"uv": [0, 0, 1.5, 4.5], "texture": "#paper"},
				"up": {"uv": [0, 0, 1.5, 3], "rotation": 90, "texture": "#paper"},
				"down": {"uv": [0, 0, 1.5, 3], "rotation": 270, "texture": "#paper"}
			}
		},
		{
			"name": "Green_bottom_1",
			"from": [12.5, 2, 12.5],
			"to": [15.5, 7, 14],
			"shade": false,
			"faces": {
				"north": {"uv": [1.5, 9, 2, 14], "texture": "#books"},
				"east": {"uv": [0.5, 9, 2, 14], "texture": "#books"},
				"south": {"uv": [0.5, 9, 1, 14], "texture": "#books"},
				"west": {"uv": [0, 0, 1.5, 4.5], "texture": "#paper"},
				"up": {"uv": [0, 0, 1.5, 3], "rotation": 90, "texture": "#paper"},
				"down": {"uv": [0, 0, 1.5, 3], "rotation": 270, "texture": "#paper"}
			}
		},
		{
			"name": "Green_bottom_2",
			"from": [12.5, 5, 7],
			"to": [15.5, 6.5, 12.5],
			"shade": false,
			"faces": {
				"north": {"uv": [2, 0, 5, 1.5], "texture": "#paper"},
				"east": {"uv": [3.5, 9.5, 9, 11], "texture": "#books"},
				"south": {"uv": [2, 0, 5, 1.5], "texture": "#paper"},
				"west": {"uv": [1.5, 0, 7, 1.5], "texture": "#paper"},
				"up": {"uv": [3.5, 9.5, 9, 10], "rotation": 90, "texture": "#books"},
				"down": {"uv": [3.5, 9.5, 9, 10], "rotation": 270, "texture": "#books"}
			}
		},
		{
			"name": "Green_bottom_3",
			"from": [12.5, 2, 6.5],
			"to": [15.5, 3.5, 12.5],
			"shade": false,
			"faces": {
				"north": {"uv": [4, 0, 7, 1.5], "texture": "#paper"},
				"east": {"uv": [3.5, 12.5, 9.5, 14], "texture": "#books"},
				"south": {"uv": [4, 0, 7, 1.5], "texture": "#paper"},
				"west": {"uv": [1, 0, 7, 1.5], "texture": "#paper"},
				"up": {"uv": [3.5, 12.5, 9.5, 13], "rotation": 90, "texture": "#books"},
				"down": {"uv": [3.5, 13.5, 9.5, 14], "rotation": 270, "texture": "#books"}
			}
		},
		{
			"name": "Green_bottom_4",
			"from": [12.5, 3.5, 6],
			"to": [15.5, 5, 12],
			"shade": false,
			"faces": {
				"north": {"uv": [4, 0, 7, 1.5], "texture": "#paper"},
				"east": {"uv": [4, 11, 10, 12.5], "texture": "#books"},
				"south": {"uv": [4, 0, 7, 1.5], "texture": "#paper"},
				"west": {"uv": [1, 0, 7, 1.5], "texture": "#paper"},
				"up": {"uv": [4, 11, 10, 11.5], "rotation": 90, "texture": "#books"},
				"down": {"uv": [4, 12, 10, 12.5], "rotation": 270, "texture": "#books"}
			}
		}
	],
	"groups": [
		{
			"name": "North_Books",
			"origin": [8, 8, 8],
			"shade": false,
			"children": [0, 1, 2, 3, 4, 5, 6, 7, 8, 9, 10, 11, 12]
		}
	]
}