{
	"credit": "Made with Blockbench",
	"textures": {
		"bottom": "blocks/cake_bottom",
		"top": "blocks/cake_top",
		"side": "blocks/cake_side",
		"1_top": "blocks/cake_top",
		"1_side": "blocks/cake_side",
		"particle": "blocks/cake_side"
	},
	"elements": [
		{
			"name": "Cake",
			"from": [5, 0, 1],
			"to": [15, 8, 15],
			"faces": {
				"north": {
					"uv": [1.032, 0.032, 10.968, 7.968],
					"texture": "#side"
				},
				"east": {
					"uv": [1.032, 0.032, 14.968, 7.968],
					"texture": "#side"
				},
				"south": {
					"uv": [5.032, 0.032, 14.968, 7.968],
					"texture": "#side"
				},
				"west": {
					"uv": [1.032, 8.032, 14.968, 15.968],
					"texture": "#side"
				},
				"up": {
					"uv": [5.032, 1.032, 14.968, 14.968],
					"texture": "#top"
				},
				"down": {
					"uv": [5.032, 1.032, 14.968, 14.968],
					"texture": "#bottom",
					"cullface": "down"
				}
			}
		},
		{
			"name": "Big cherry",
			"from": [7, 8, 7],
			"to": [9, 9, 9],
			"faces": {
				"north": {
					"uv": [7.532, 7.032, 8.468, 8.968],
					"texture": "#top",
					"rotation": 90
				},
				"east": {
					"uv": [8.032, 7.032, 8.968, 8.968],
					"texture": "#top",
					"rotation": 90
				},
				"south": {
					"uv": [7.032, 8.032, 8.968, 8.968],
					"texture": "#top"
				},
				"west": {
					"uv": [7.032, 7.532, 8.968, 8.468],
					"texture": "#top"
				},
				"up": {
					"uv": [7.032, 7.032, 8.968, 8.968],
					"texture": "#top"
				},
				"down": {
					"uv": [7.032, 7.032, 8.968, 8.968],
					"texture": "#top"
				}
			}
		},
		{
			"name": "Big cherry",
			"from": [8, 8, 11],
			"to": [10, 9, 13],
			"faces": {
				"north": {
					"uv": [7.532, 7.032, 8.468, 8.968],
					"texture": "#top",
					"rotation": 90
				},
				"east": {
					"uv": [8.032, 7.032, 8.968, 8.968],
					"texture": "#top",
					"rotation": 90
				},
				"south": {
					"uv": [7.032, 8.032, 8.968, 8.968],
					"texture": "#top"
				},
				"west": {
					"uv": [7.032, 7.532, 8.968, 8.468],
					"texture": "#top"
				},
				"up": {
					"uv": [8.032, 11.032, 9.968, 12.968],
					"texture": "#top"
				},
				"down": {
					"uv": [8.032, 3.032, 9.968, 4.968],
					"texture": "#top"
				}
			}
		},
		{
			"name": "Big cherry",
			"from": [11, 8, 8],
			"to": [13, 9, 10],
			"faces": {
				"north": {
					"uv": [7.532, 7.032, 8.468, 8.968],
					"texture": "#top",
					"rotation": 90
				},
				"east": {
					"uv": [8.032, 7.032, 8.968, 8.968],
					"texture": "#top",
					"rotation": 90
				},
				"south": {
					"uv": [7.032, 8.032, 8.968, 8.968],
					"texture": "#top"
				},
				"west": {
					"uv": [7.032, 7.532, 8.968, 8.468],
					"texture": "#top"
				},
				"up": {
					"uv": [11.032, 8.032, 12.968, 9.968],
					"texture": "#top"
				},
				"down": {
					"uv": [11.032, 6.032, 12.968, 7.968],
					"texture": "#top"
				}
			}
		},
		{
			"name": "Small cherry",
			"from": [9, 8, 4],
			"to": [10, 8.5, 5],
			"faces": {
				"north": {
					"uv": [2.032, 7.532, 2.968, 7.968],
					"texture": "#top"
				},
				"east": {
					"uv": [2.032, 7.532, 2.968, 7.968],
					"texture": "#top"
				},
				"south": {
					"uv": [2.032, 7.532, 2.968, 7.968],
					"texture": "#top"
				},
				"west": {
					"uv": [2.032, 7.532, 2.968, 7.968],
					"texture": "#top"
				},
				"up": {
					"uv": [2.032, 7.032, 2.968, 7.968],
					"texture": "#top"
				},
				"down": {
					"uv": [0.032, 0.032, 0.968, 0.968],
					"texture": "#top"
				}
			}
		},
		{
			"name": "Small cherry",
			"from": [12, 8, 2],
			"to": [13, 8.5, 3],
			"faces": {
				"north": {
					"uv": [2.032, 7.532, 2.968, 7.968],
					"texture": "#top"
				},
				"east": {
					"uv": [2.032, 7.532, 2.968, 7.968],
					"texture": "#top"
				},
				"south": {
					"uv": [2.032, 7.532, 2.968, 7.968],
					"texture": "#top"
				},
				"west": {
					"uv": [2.032, 7.532, 2.968, 7.968],
					"texture": "#top"
				},
				"up": {
					"uv": [12.032, 2.032, 12.968, 2.968],
					"texture": "#top"
				},
				"down": {
					"uv": [12.032, 13.032, 12.468, 13.468],
					"texture": "#top"
				}
			}
		},
		{
			"name": "Small cherry",
			"from": [10, 8, 6],
			"to": [11, 8.5, 7],
			"faces": {
				"north": {
					"uv": [2.032, 7.532, 2.968, 7.968],
					"texture": "#top"
				},
				"east": {
					"uv": [2.032, 7.532, 2.968, 7.968],
					"texture": "#top"
				},
				"south": {
					"uv": [2.032, 7.532, 2.968, 7.968],
					"texture": "#top"
				},
				"west": {
					"uv": [2.032, 7.532, 2.968, 7.968],
					"texture": "#top"
				},
				"up": {
					"uv": [2.032, 7.032, 2.968, 7.968],
					"texture": "#top"
				},
				"down": {
					"uv": [0.032, 0.032, 0.968, 0.968],
					"texture": "#top"
				}
			}
		},
		{
			"name": "crumb",
			"from": [2, 0, 4],
			"to": [2.5, 0.5, 4.5],
			"faces": {
				"north": {
					"uv": [3.032, 2.032, 3.468, 2.468],
					"texture": "#1_top"
				},
				"east": {
					"uv": [2.032, 3.032, 2.468, 3.468],
					"texture": "#1_top"
				},
				"south": {
					"uv": [2.032, 3.032, 2.468, 3.468],
					"texture": "#1_top"
				},
				"west": {
					"uv": [3.032, 2.032, 3.468, 2.468],
					"texture": "#1_top"
				},
				"up": {
					"uv": [3.032, 2.032, 3.468, 2.468],
					"texture": "#1_top"
				},
				"down": {
					"uv": [1.032, 3.032, 1.468, 3.468],
					"texture": "#1_top"
				}
			}
		},
		{
			"name": "crumb",
			"from": [4, 0, 7],
			"to": [4.5, 0.5, 7.5],
			"faces": {
				"north": {
					"uv": [4.032, 12.032, 4.468, 12.468],
					"texture": "#1_side"
				},
				"east": {
					"uv": [4.032, 12.032, 4.468, 12.468],
					"texture": "#1_side"
				},
				"south": {
					"uv": [4.032, 5.032, 4.468, 5.468],
					"texture": "#1_side"
				},
				"west": {
					"uv": [3.032, 10.032, 3.468, 10.468],
					"texture": "#1_side"
				},
				"up": {
					"uv": [4.032, 11.032, 4.468, 11.468],
					"texture": "#1_side"
				},
				"down": {
					"uv": [3.032, 10.032, 3.468, 10.468],
					"texture": "#1_side"
				}
			}
		},
		{
			"name": "crumb",
			"from": [3.5, 0, 2.5],
			"to": [4, 0.5, 3],
			"faces": {
				"north": {
					"uv": [3.032, 2.032, 3.25, 2.25],
					"texture": "#1_top"
				},
				"east": {
					"uv": [2.032, 3.032, 2.25, 3.25],
					"texture": "#1_top"
				},
				"south": {
					"uv": [2.032, 3.032, 2.25, 3.25],
					"texture": "#1_top"
				},
				"west": {
					"uv": [3.032, 2.032, 3.25, 2.25],
					"texture": "#1_top"
				},
				"up": {
					"uv": [3.032, 2.032, 3.25, 2.25],
					"texture": "#1_top"
				},
				"down": {
					"uv": [1.032, 3.032, 1.25, 3.25],
					"texture": "#1_top"
				}
			}
		},
		{
			"name": "crumb",
			"from": [1.5, 0, 9],
			"to": [2, 0.5, 9.5],
			"faces": {
				"north": {
					"uv": [4.032, 4.032, 4.468, 4.468],
					"texture": "#1_side"
				},
				"east": {
					"uv": [4.032, 5.032, 4.468, 5.468],
					"texture": "#1_side"
				},
				"south": {
					"uv": [4.032, 5.032, 4.468, 5.468],
					"texture": "#1_side"
				},
				"west": {
					"uv": [3.032, 6.032, 3.468, 6.468],
					"texture": "#1_side"
				},
				"up": {
					"uv": [4.032, 6.032, 4.468, 6.468],
					"texture": "#1_side"
				},
				"down": {
					"uv": [3.032, 5.032, 3.468, 5.468],
					"texture": "#1_side"
				}
			}
		},
		{
			"name": "crumb",
			"from": [3, 0, 13],
			"to": [3.5, 0.5, 13.5],
			"faces": {
				"north": {
					"uv": [3.032, 2.032, 3.25, 2.25],
					"texture": "#1_top"
				},
				"east": {
					"uv": [2.032, 3.032, 2.25, 3.25],
					"texture": "#1_top"
				},
				"south": {
					"uv": [2.032, 3.032, 2.25, 3.25],
					"texture": "#1_top"
				},
				"west": {
					"uv": [3.032, 2.032, 3.25, 2.25],
					"texture": "#1_top"
				},
				"up": {
					"uv": [3.032, 2.032, 3.25, 2.25],
					"texture": "#1_top"
				},
				"down": {
					"uv": [1.032, 3.032, 1.25, 3.25],
					"texture": "#1_top"
				}
			}
		}
	],
	"groups": [
		0,
		1,
		2,
		3,
		4,
		5,
		6,
		{
			"name": "cake_slice1",
			"isOpen": true,
			"shade": true,
			"display": {"visibility": true, "autouv": true},
			"children": [7, 8, 9, 10, 11]
		}
	]
}