{
	"credit": "Made with Blockbench",
	"textures": {
		"bottom": "blocks/cake_bottom",
		"top": "blocks/cake_top",
		"side": "blocks/cake_side",
		"1_1_top": "blocks/cake_top",
		"1_1_side": "blocks/cake_side",
		"particle": "blocks/cake_side"
	},
	"elements": [
		{
			"name": "Cake",
			"from": [13, 0, 1],
			"to": [15, 8, 15],
			"faces": {
				"north": {
					"uv": [1.032, 0.032, 2.968, 7.968],
					"texture": "#side"
				},
				"east": {
					"uv": [1.032, 0.032, 14.968, 7.968],
					"texture": "#side"
				},
				"south": {
					"uv": [13.032, 0.032, 14.968, 7.968],
					"texture": "#side"
				},
				"west": {
					"uv": [1.032, 8.032, 14.968, 15.968],
					"texture": "#side"
				},
				"up": {
					"uv": [13.032, 1.032, 14.968, 14.968],
					"texture": "#top"
				},
				"down": {
					"uv": [13.032, 1.032, 14.968, 14.968],
					"texture": "#bottom",
					"cullface": "down"
				}
			}
		},
		{
			"name": "Small cherry",
			"from": [11.5, 0, 3],
			"to": [12.5, 0.5, 4],
			"faces": {
				"north": {
					"uv": [2.032, 7.532, 2.968, 7.968],
					"texture": "#top"
				},
				"east": {
					"uv": [2.032, 7.532, 2.968, 7.968],
					"texture": "#top"
				},
				"south": {
					"uv": [2.032, 7.532, 2.968, 7.968],
					"texture": "#top"
				},
				"west": {
					"uv": [2.032, 7.532, 2.968, 7.968],
					"texture": "#top"
				},
				"up": {
					"uv": [12.032, 2.032, 12.968, 2.968],
					"texture": "#top"
				},
				"down": {
					"uv": [2.032, 7.032, 2.968, 7.968],
					"texture": "#top"
				}
			}
		},
		{
			"name": "crumb",
			"from": [2, 0, 4],
			"to": [2.5, 0.5, 4.5],
			"faces": {
				"north": {
					"uv": [3.032, 2.032, 3.468, 2.468],
					"texture": "#1_1_top"
				},
				"east": {
					"uv": [2.032, 3.032, 2.468, 3.468],
					"texture": "#1_1_top"
				},
				"south": {
					"uv": [2.032, 3.032, 2.468, 3.468],
					"texture": "#1_1_top"
				},
				"west": {
					"uv": [3.032, 2.032, 3.468, 2.468],
					"texture": "#1_1_top"
				},
				"up": {
					"uv": [3.032, 2.032, 3.468, 2.468],
					"texture": "#1_1_top"
				},
				"down": {
					"uv": [1.032, 3.032, 1.468, 3.468],
					"texture": "#1_1_top"
				}
			}
		},
		{
			"name": "crumb",
			"from": [4, 0, 7],
			"to": [4.5, 0.5, 7.5],
			"faces": {
				"north": {
					"uv": [4.032, 12.032, 4.468, 12.468],
					"texture": "#1_1_side"
				},
				"east": {
					"uv": [4.032, 12.032, 4.468, 12.468],
					"texture": "#1_1_side"
				},
				"south": {
					"uv": [4.032, 5.032, 4.468, 5.468],
					"texture": "#1_1_side"
				},
				"west": {
					"uv": [3.032, 10.032, 3.468, 10.468],
					"texture": "#1_1_side"
				},
				"up": {
					"uv": [4.032, 11.032, 4.468, 11.468],
					"texture": "#1_1_side"
				},
				"down": {
					"uv": [3.032, 10.032, 3.468, 10.468],
					"texture": "#1_1_side"
				}
			}
		},
		{
			"name": "crumb",
			"from": [3.5, 0, 2.5],
			"to": [4, 0.5, 3],
			"faces": {
				"north": {
					"uv": [3.032, 2.032, 3.25, 2.25],
					"texture": "#1_1_top"
				},
				"east": {
					"uv": [2.032, 3.032, 2.25, 3.25],
					"texture": "#1_1_top"
				},
				"south": {
					"uv": [2.032, 3.032, 2.25, 3.25],
					"texture": "#1_1_top"
				},
				"west": {
					"uv": [3.032, 2.032, 3.25, 2.25],
					"texture": "#1_1_top"
				},
				"up": {
					"uv": [3.032, 2.032, 3.25, 2.25],
					"texture": "#1_1_top"
				},
				"down": {
					"uv": [1.032, 3.032, 1.25, 3.25],
					"texture": "#1_1_top"
				}
			}
		},
		{
			"name": "crumb",
			"from": [1.5, 0, 9],
			"to": [2, 0.5, 9.5],
			"faces": {
				"north": {
					"uv": [4.032, 4.032, 4.468, 4.468],
					"texture": "#1_1_side"
				},
				"east": {
					"uv": [4.032, 5.032, 4.468, 5.468],
					"texture": "#1_1_side"
				},
				"south": {
					"uv": [4.032, 5.032, 4.468, 5.468],
					"texture": "#1_1_side"
				},
				"west": {
					"uv": [3.032, 6.032, 3.468, 6.468],
					"texture": "#1_1_side"
				},
				"up": {
					"uv": [4.032, 6.032, 4.468, 6.468],
					"texture": "#1_1_side"
				},
				"down": {
					"uv": [3.032, 5.032, 3.468, 5.468],
					"texture": "#1_1_side"
				}
			}
		},
		{
			"name": "crumb",
			"from": [3, 0, 13],
			"to": [3.5, 0.5, 13.5],
			"faces": {
				"north": {
					"uv": [3.032, 2.032, 3.25, 2.25],
					"texture": "#1_1_top"
				},
				"east": {
					"uv": [2.032, 3.032, 2.25, 3.25],
					"texture": "#1_1_top"
				},
				"south": {
					"uv": [2.032, 3.032, 2.25, 3.25],
					"texture": "#1_1_top"
				},
				"west": {
					"uv": [3.032, 2.032, 3.25, 2.25],
					"texture": "#1_1_top"
				},
				"up": {
					"uv": [3.032, 2.032, 3.25, 2.25],
					"texture": "#1_1_top"
				},
				"down": {
					"uv": [1.032, 3.032, 1.25, 3.25],
					"texture": "#1_1_top"
				}
			}
		},
		{
			"name": "crumb",
			"from": [5, 0, 5.5],
			"to": [6, 0.5, 6],
			"faces": {
				"north": {
					"uv": [4.032, 12.032, 4.468, 12.25],
					"texture": "#1_1_side"
				},
				"east": {
					"uv": [4.032, 12.032, 4.25, 12.25],
					"texture": "#1_1_side"
				},
				"south": {
					"uv": [4.032, 5.032, 4.468, 5.25],
					"texture": "#1_1_side"
				},
				"west": {
					"uv": [3.032, 10.032, 3.25, 10.25],
					"texture": "#1_1_side"
				},
				"up": {
					"uv": [4.032, 11.032, 4.468, 11.25],
					"texture": "#1_1_side"
				},
				"down": {
					"uv": [3.032, 10.032, 3.468, 10.25],
					"texture": "#1_1_side"
				}
			}
		},
		{
			"name": "crumb",
			"from": [5.5, 0, 11],
			"to": [6, 0.5, 12],
			"faces": {
				"north": {
					"uv": [4.032, 4.032, 4.25, 4.25],
					"texture": "#1_1_side"
				},
				"east": {
					"uv": [4.032, 5.032, 4.468, 5.25],
					"texture": "#1_1_side"
				},
				"south": {
					"uv": [4.032, 5.032, 4.25, 5.25],
					"texture": "#1_1_side"
				},
				"west": {
					"uv": [3.032, 6.032, 3.468, 6.25],
					"texture": "#1_1_side"
				},
				"up": {
					"uv": [4.032, 6.032, 4.25, 6.468],
					"texture": "#1_1_side"
				},
				"down": {
					"uv": [3.032, 5.032, 3.25, 5.468],
					"texture": "#1_1_side"
				}
			}
		},
		{
			"name": "crumb",
			"from": [6.5, 0, 3.5],
			"to": [7, 0.5, 4],
			"faces": {
				"north": {
					"uv": [3.032, 2.032, 3.25, 2.25],
					"texture": "#1_1_top"
				},
				"east": {
					"uv": [2.032, 3.032, 2.25, 3.25],
					"texture": "#1_1_top"
				},
				"south": {
					"uv": [2.032, 3.032, 2.25, 3.25],
					"texture": "#1_1_top"
				},
				"west": {
					"uv": [3.032, 2.032, 3.25, 2.25],
					"texture": "#1_1_top"
				},
				"up": {
					"uv": [3.032, 2.032, 3.25, 2.25],
					"texture": "#1_1_top"
				},
				"down": {
					"uv": [1.032, 3.032, 1.25, 3.25],
					"texture": "#1_1_top"
				}
			}
		},
		{
			"name": "crumb",
			"from": [8, 0, 12.5],
			"to": [8.5, 0.5, 13],
			"faces": {
				"north": {
					"uv": [3.032, 2.032, 3.25, 2.25],
					"texture": "#1_1_top"
				},
				"east": {
					"uv": [2.032, 3.032, 2.25, 3.25],
					"texture": "#1_1_top"
				},
				"south": {
					"uv": [2.032, 3.032, 2.25, 3.25],
					"texture": "#1_1_top"
				},
				"west": {
					"uv": [3.032, 2.032, 3.25, 2.25],
					"texture": "#1_1_top"
				},
				"up": {
					"uv": [3.032, 2.032, 3.25, 2.25],
					"texture": "#1_1_top"
				},
				"down": {
					"uv": [1.032, 3.032, 1.25, 3.25],
					"texture": "#1_1_top"
				}
			}
		},
		{
			"name": "crumb",
			"from": [7, 0, 8.5],
			"to": [7.5, 0.5, 9.5],
			"faces": {
				"north": {
					"uv": [4.032, 12.032, 4.25, 12.25],
					"texture": "#1_1_side"
				},
				"east": {
					"uv": [4.032, 12.032, 4.468, 12.25],
					"texture": "#1_1_side"
				},
				"south": {
					"uv": [4.032, 5.032, 4.25, 5.25],
					"texture": "#1_1_side"
				},
				"west": {
					"uv": [3.032, 10.032, 3.468, 10.25],
					"texture": "#1_1_side"
				},
				"up": {
					"uv": [4.032, 11.032, 4.25, 11.468],
					"texture": "#1_1_side"
				},
				"down": {
					"uv": [3.032, 10.032, 3.25, 10.468],
					"texture": "#1_1_side"
				}
			}
		},
		{
			"name": "crumb",
			"from": [8.5, 0, 6],
			"to": [9.5, 0.5, 7],
			"faces": {
				"north": {
					"uv": [4.032, 4.032, 4.468, 4.25],
					"texture": "#1_1_side"
				},
				"east": {
					"uv": [4.032, 5.032, 4.468, 5.25],
					"texture": "#1_1_side"
				},
				"south": {
					"uv": [4.032, 5.032, 4.468, 5.25],
					"texture": "#1_1_side"
				},
				"west": {
					"uv": [3.032, 6.032, 3.468, 6.25],
					"texture": "#1_1_side"
				},
				"up": {
					"uv": [4.032, 6.032, 4.468, 6.468],
					"texture": "#1_1_side"
				},
				"down": {
					"uv": [3.032, 5.032, 3.468, 5.468],
					"texture": "#1_1_side"
				}
			}
		},
		{
			"name": "crumb",
			"from": [9.5, 0, 11],
			"to": [10, 0.5, 11.5],
			"faces": {
				"north": {
					"uv": [4.032, 12.032, 4.25, 12.25],
					"texture": "#1_1_side"
				},
				"east": {
					"uv": [4.032, 12.032, 4.25, 12.25],
					"texture": "#1_1_side"
				},
				"south": {
					"uv": [4.032, 5.032, 4.25, 5.25],
					"texture": "#1_1_side"
				},
				"west": {
					"uv": [3.032, 10.032, 3.25, 10.25],
					"texture": "#1_1_side"
				},
				"up": {
					"uv": [4.032, 11.032, 4.25, 11.25],
					"texture": "#1_1_side"
				},
				"down": {
					"uv": [3.032, 10.032, 3.25, 10.25],
					"texture": "#1_1_side"
				}
			}
		},
		{
			"name": "crumb",
			"from": [11, 0, 8.5],
			"to": [12, 0.5, 9.5],
			"faces": {
				"north": {
					"uv": [4.032, 12.032, 4.468, 12.25],
					"texture": "#1_1_side"
				},
				"east": {
					"uv": [4.032, 12.032, 4.468, 12.25],
					"texture": "#1_1_side"
				},
				"south": {
					"uv": [4.032, 5.032, 4.468, 5.25],
					"texture": "#1_1_side"
				},
				"west": {
					"uv": [3.032, 10.032, 3.468, 10.25],
					"texture": "#1_1_side"
				},
				"up": {
					"uv": [4.032, 11.032, 4.468, 11.468],
					"texture": "#1_1_side"
				},
				"down": {
					"uv": [3.032, 10.032, 3.468, 10.468],
					"texture": "#1_1_side"
				}
			}
		},
		{
			"name": "crumb",
			"from": [12, 0, 13.5],
			"to": [12.5, 0.5, 14],
			"faces": {
				"north": {
					"uv": [3.032, 2.032, 3.25, 2.25],
					"texture": "#1_1_top"
				},
				"east": {
					"uv": [2.032, 3.032, 2.25, 3.25],
					"texture": "#1_1_top"
				},
				"south": {
					"uv": [2.032, 3.032, 2.25, 3.25],
					"texture": "#1_1_top"
				},
				"west": {
					"uv": [3.032, 2.032, 3.25, 2.25],
					"texture": "#1_1_top"
				},
				"up": {
					"uv": [3.032, 2.032, 3.25, 2.25],
					"texture": "#1_1_top"
				},
				"down": {
					"uv": [1.032, 3.032, 1.25, 3.25],
					"texture": "#1_1_top"
				}
			}
		},
		{
			"name": "crumb",
			"from": [10.5, 0, 5],
			"to": [11, 0.5, 5.5],
			"faces": {
				"north": {
					"uv": [4.032, 12.032, 4.25, 12.25],
					"texture": "#1_1_side"
				},
				"east": {
					"uv": [4.032, 12.032, 4.25, 12.25],
					"texture": "#1_1_side"
				},
				"south": {
					"uv": [4.032, 5.032, 4.25, 5.25],
					"texture": "#1_1_side"
				},
				"west": {
					"uv": [3.032, 10.032, 3.25, 10.25],
					"texture": "#1_1_side"
				},
				"up": {
					"uv": [4.032, 11.032, 4.25, 11.25],
					"texture": "#1_1_side"
				},
				"down": {
					"uv": [3.032, 10.032, 3.25, 10.25],
					"texture": "#1_1_side"
				}
			}
		}
	],
	"groups": [
		0,
		1,
		{
			"name": "cake_slice5",
			"isOpen": true,
			"shade": true,
			"display": {"visibility": true, "autouv": true},
			"children": [
				{
					"name": "cake_slice4",
					"isOpen": true,
					"shade": true,
					"display": {"visibility": true, "autouv": true},
					"children": [
						{
							"name": "cake_slice3",
							"isOpen": true,
							"shade": true,
							"display": {"visibility": true, "autouv": true},
							"children": [
								{
									"name": "cake_slice2",
									"isOpen": true,
									"shade": true,
									"display": {
										"visibility": true,
										"autouv": true
									},
									"children": [
										{
											"name": "cake_slice1",
											"isOpen": true,
											"shade": true,
											"display": {
												"visibility": true,
												"autouv": true
											},
											"children": [
												2,
												3,
												4,
												5,
												6,
												7,
												8,
												9,
												10,
												11,
												12,
												13,
												14,
												15,
												16
											]
										}
									]
								}
							]
						}
					]
				}
			]
		}
	]
}