{
	"credit": "Made with Blockbench",
	"textures": {
		"0": "block/crimson_fence",
		"particle": "block/crimson_fence"
	},
	"elements": [
		{
			"name": "post",
			"from": [7, 13, 7],
			"to": [9, 15.5, 9],
			"rotation": {"angle": 0, "axis": "y", "origin": [15, 8, 15]},
			"faces": {
				"north": {"uv": [7, 0.5, 9, 3], "texture": "#0"},
				"east": {"uv": [7, 0.5, 9, 3], "texture": "#0"},
				"south": {"uv": [7, 0.5, 9, 3], "texture": "#0"},
				"west": {"uv": [7, 0.5, 9, 3], "texture": "#0"},
				"up": {"uv": [5, 2, 7, 4], "rotation": 90, "texture": "#0"},
				"down": {"uv": [5, 0, 7, 2], "rotation": 90, "texture": "#0"}
			}
		},
		{
			"name": "post",
			"from": [7, 0, 7],
			"to": [9, 12.5, 9],
			"rotation": {"angle": 0, "axis": "y", "origin": [15, 8, 15]},
			"faces": {
				"north": {"uv": [7, 3.5, 9, 16], "texture": "#0"},
				"east": {"uv": [7, 3.5, 9, 16], "texture": "#0"},
				"south": {"uv": [7, 3.5, 9, 16], "texture": "#0"},
				"west": {"uv": [7, 3.5, 9, 16], "texture": "#0"},
				"up": {"uv": [5, 0, 7, 2], "rotation": 90, "texture": "#0"},
				"down": {"uv": [5, 2, 7, 4], "rotation": 90, "texture": "#0"}
			}
		},
		{
			"name": "post",
			"from": [7.5, 12.5, 7.5],
			"to": [8.5, 13, 8.5],
			"faces": {
				"north": {"uv": [7.5, 3, 8.5, 3.5], "texture": "#0"},
				"east": {"uv": [7.5, 3, 8.5, 3.5], "texture": "#0"},
				"south": {"uv": [7.5, 3, 8.5, 3.5], "texture": "#0"},
				"west": {"uv": [7.5, 3, 8.5, 3.5], "texture": "#0"}
			}
		},
		{
			"name": "post",
			"from": [7.5, 15.5, 7.5],
			"to": [8.5, 16, 8.5],
			"faces": {
				"north": {"uv": [7.5, 3, 8.5, 3.5], "texture": "#0"},
				"east": {"uv": [7.5, 3, 8.5, 3.5], "texture": "#0"},
				"south": {"uv": [7.5, 3, 8.5, 3.5], "texture": "#0"},
				"west": {"uv": [7.5, 3, 8.5, 3.5], "texture": "#0"},
				"up": {"uv": [4, 0, 5, 1], "texture": "#0"}
			}
		}
	],
	"groups": [
		{
			"name": "post",
			"origin": [8, 8, 8],
			"children": [0, 1, 2, 3]
		}
	]
}