{
	"credit": "Made By WantedRobot",
	"textures": {
		"rail": "block/rail",
		"particle": "block/rail"
	},
	"elements": [
		{
			"from": [5.12348, 1.01, 0.15165],
			"to": [5.62348, 1.51, 7.93165],
			"rotation": {"angle": -45, "axis": "y", "origin": [3.37348, 0.91667, 5.65165]},
			"faces": {
				"north": {"uv": [3, 0, 3.5, 0.5], "texture": "#rail"},
				"east": {"uv": [3, 4, 3.5, 11], "rotation": 270, "texture": "#rail"},
				"south": {"uv": [3, 15.5, 3.5, 16], "texture": "#rail"},
				"west": {"uv": [3, 4, 3.5, 11], "rotation": 90, "texture": "#rail"},
				"up": {"uv": [3, 4, 3.5, 11.5], "texture": "#rail"}
			}
		},
		{
			"from": [1.5, 0.5, 12.5],
			"to": [5, 0.75, 13.5],
			"faces": {
				"north": {"uv": [1.5, 2, 5, 2.5], "rotation": 180, "texture": "#rail"},
				"east": {"uv": [4.5, 2, 5, 3], "rotation": 90, "texture": "#rail"},
				"south": {"uv": [1.5, 2.5, 5, 3], "texture": "#rail"},
				"west": {"uv": [1.5, 2, 2, 3], "rotation": 90, "texture": "#rail"},
				"up": {"uv": [1.5, 13, 5, 14], "texture": "#rail"}
			}
		},
		{
			"from": [2, 0.75, 12.5],
			"to": [4.5, 1, 13.5],
			"faces": {
				"north": {"uv": [2, 2, 4.5, 2.5], "rotation": 180, "texture": "#rail"},
				"east": {"uv": [4, 2, 4.5, 3], "rotation": 90, "texture": "#rail"},
				"south": {"uv": [2, 2.5, 4.5, 3], "texture": "#rail"},
				"west": {"uv": [2, 2, 2.5, 3], "rotation": 270, "texture": "#rail"},
				"up": {"uv": [2, 13, 4.5, 14], "texture": "#rail"}
			}
		},
		{
			"from": [12.5, 0.5, 1.5],
			"to": [13.5, 0.75, 5],
			"faces": {
				"north": {"uv": [1.5, 13, 2, 14], "rotation": 90, "texture": "#rail"},
				"east": {"uv": [1.5, 13, 5, 13.5], "rotation": 180, "texture": "#rail"},
				"south": {"uv": [4.5, 13, 5, 14], "rotation": 90, "texture": "#rail"},
				"west": {"uv": [1.5, 13.5, 5, 14], "texture": "#rail"},
				"up": {"uv": [1.5, 13, 5, 14], "rotation": 90, "texture": "#rail"}
			}
		},
		{
			"from": [12.5, 0.75, 2],
			"to": [13.5, 1, 4.5],
			"faces": {
				"north": {"uv": [2, 13, 2.5, 14], "rotation": 270, "texture": "#rail"},
				"east": {"uv": [2, 13, 4.5, 13.5], "rotation": 180, "texture": "#rail"},
				"south": {"uv": [4, 13, 4.5, 14], "rotation": 90, "texture": "#rail"},
				"west": {"uv": [2, 13.5, 4.5, 14], "texture": "#rail"},
				"up": {"uv": [2, 2, 4.5, 3], "rotation": 90, "texture": "#rail"}
			}
		},
		{
			"from": [-0.25, 0.5, 9],
			"to": [3.25, 0.75, 10],
			"rotation": {"angle": -45, "axis": "y", "origin": [8, 0.58317, 13]},
			"faces": {
				"north": {"uv": [1.5, 2, 5, 2.5], "rotation": 180, "texture": "#rail"},
				"east": {"uv": [4.5, 2, 5, 3], "rotation": 90, "texture": "#rail"},
				"south": {"uv": [1.5, 2.5, 5, 3], "texture": "#rail"},
				"west": {"uv": [1.5, 2, 2, 3], "rotation": 90, "texture": "#rail"},
				"up": {"uv": [1.5, 7.5, 5, 8.5], "texture": "#rail"}
			}
		},
		{
			"from": [0.25, 0.75, 9],
			"to": [2.75, 1, 10],
			"rotation": {"angle": -45, "axis": "y", "origin": [8, 0.58317, 13]},
			"faces": {
				"north": {"uv": [2, 2, 4.5, 2.5], "rotation": 180, "texture": "#rail"},
				"east": {"uv": [4, 2, 4.5, 3], "rotation": 90, "texture": "#rail"},
				"south": {"uv": [2, 2.5, 4.5, 3], "texture": "#rail"},
				"west": {"uv": [2, 2, 2.5, 3], "rotation": 270, "texture": "#rail"},
				"up": {"uv": [2, 7.5, 4.5, 8.5], "texture": "#rail"}
			}
		},
		{
			"from": [2, 0.5, 8],
			"to": [4.5, 0.75, 16],
			"faces": {
				"north": {"uv": [2, 0, 4.5, 0.5], "rotation": 180, "texture": "#rail"},
				"east": {"uv": [4, 3, 4.5, 11], "rotation": 90, "texture": "#rail"},
				"south": {"uv": [2, 15.5, 4.5, 16], "texture": "#rail", "cullface": "south"},
				"west": {"uv": [2, 3, 2.5, 7], "rotation": 270, "texture": "#rail"},
				"up": {"uv": [2, 3, 4.5, 11], "texture": "#rail"},
				"down": {"uv": [2, 3.5, 4.5, 11.5], "texture": "#rail"}
			}
		},
		{
			"from": [2.5, 0.75, 8.25],
			"to": [4, 1, 16],
			"faces": {
				"north": {"uv": [2.5, 0, 4, 0.5], "rotation": 180, "texture": "#rail"},
				"east": {"uv": [3.5, 4.5, 4, 11], "rotation": 90, "texture": "#rail"},
				"south": {"uv": [2.5, 15.5, 4, 16], "texture": "#rail", "cullface": "south"},
				"west": {"uv": [2.5, 3.25, 3, 11], "rotation": 270, "texture": "#rail"},
				"up": {"uv": [2.5, 3.25, 4, 11], "texture": "#rail"}
			}
		},
		{
			"from": [3, 1, 8.5],
			"to": [3.5, 1.5, 16],
			"faces": {
				"north": {"uv": [3, 0, 3.5, 0.5], "texture": "#rail"},
				"east": {"uv": [3, 4, 3.5, 11], "rotation": 270, "texture": "#rail"},
				"south": {"uv": [3, 15.5, 3.5, 16], "texture": "#rail", "cullface": "south"},
				"west": {"uv": [3, 4, 3.5, 11], "rotation": 90, "texture": "#rail"},
				"up": {"uv": [3, 4, 3.5, 11.5], "texture": "#rail"}
			}
		},
		{
			"from": [8, 0.5, 2],
			"to": [16, 0.75, 4.5],
			"faces": {
				"north": {"uv": [2, 3, 2.5, 11], "rotation": 90, "texture": "#rail"},
				"east": {"uv": [2, 0, 4.5, 0.5], "rotation": 180, "texture": "#rail", "cullface": "east"},
				"south": {"uv": [4, 3, 4.5, 11], "rotation": 270, "texture": "#rail"},
				"west": {"uv": [2, 15.5, 4.5, 16], "texture": "#rail"},
				"up": {"uv": [2, 3, 4.5, 11], "rotation": 270, "texture": "#rail"},
				"down": {"uv": [2, 3, 4.5, 11], "rotation": 270, "texture": "#rail"}
			}
		},
		{
			"from": [8.25, 0.75, 2.5],
			"to": [16, 1, 4],
			"faces": {
				"north": {"uv": [2.5, 5, 3, 12.75], "rotation": 270, "texture": "#rail"},
				"east": {"uv": [2.5, 0, 4, 0.5], "rotation": 180, "texture": "#rail", "cullface": "east"},
				"south": {"uv": [3.5, 3, 4, 11.25], "rotation": 270, "texture": "#rail"},
				"west": {"uv": [2.5, 15.5, 4, 16], "texture": "#rail"},
				"up": {"uv": [2.5, 5, 4, 12.75], "rotation": 90, "texture": "#rail"}
			}
		},
		{
			"from": [8.5, 1, 3],
			"to": [16, 1.5, 3.5],
			"faces": {
				"north": {"uv": [3, 4, 3.5, 11], "rotation": 90, "texture": "#rail"},
				"east": {"uv": [3, 0, 3.5, 0.5], "texture": "#rail", "cullface": "east"},
				"south": {"uv": [3, 4, 3.5, 11], "rotation": 270, "texture": "#rail"},
				"west": {"uv": [3, 15.5, 3.5, 16], "texture": "#rail"},
				"up": {"uv": [3, 5, 3.5, 12.75], "rotation": 90, "texture": "#rail"}
			}
		},
		{
			"from": [4.62868, 0.49, 1.63909],
			"to": [7.12868, 0.742, 10.11909],
			"rotation": {"angle": -45, "axis": "y", "origin": [5.87868, 0.625, 5.88909]},
			"faces": {
				"north": {"uv": [2, 0, 4.5, 0.5], "rotation": 180, "texture": "#rail"},
				"east": {"uv": [4, 3.5, 4.5, 12.5], "rotation": 90, "texture": "#rail"},
				"south": {"uv": [2, 15.5, 4.5, 16], "texture": "#rail"},
				"west": {"uv": [2, 3, 2.5, 7], "rotation": 270, "texture": "#rail"},
				"up": {"uv": [2, 3.5, 4.5, 12.48], "texture": "#rail"},
				"down": {"uv": [2, 3.5, 4.5, 11.5], "texture": "#rail"}
			}
		},
		{
			"from": [10.45537, 0.49, 12.30994],
			"to": [13.45537, 0.74, 15.12994],
			"rotation": {"angle": -45, "axis": "y", "origin": [13.20537, 0.91667, 14.97661]},
			"faces": {
				"east": {"uv": [4, 3, 4.5, 7], "rotation": 270, "texture": "#rail"},
				"west": {"uv": [2, 3, 2.5, 7], "rotation": 90, "texture": "#rail"},
				"up": {"uv": [11.5, 9.5, 14, 12.07], "rotation": 180, "texture": "#rail"},
				"down": {"uv": [2, 3.5, 4.5, 11.5], "texture": "#rail"}
			}
		},
		{
			"from": [11.10182, 0.749, 12.45639],
			"to": [12.35182, 0.999, 14.57639],
			"rotation": {"angle": -45, "axis": "y", "origin": [12.85182, 0.91667, 15.12305]},
			"faces": {
				"east": {"uv": [3.5, 3, 4, 6.5], "rotation": 270, "texture": "#rail"},
				"south": {"uv": [2.5, 15.5, 4, 16], "texture": "#rail"},
				"west": {"uv": [12, 3.5, 12.5, 6], "rotation": 270, "texture": "#rail"},
				"up": {"uv": [13, 9, 13.5, 11.12], "texture": "#rail"},
				"down": {"uv": [0, 0, 0, 0], "rotation": 90, "texture": "#rail"}
			}
		},
		{
			"from": [11.09601, 1, 12.53977],
			"to": [11.59601, 1.5, 13.94977],
			"rotation": {"angle": -45, "axis": "y", "origin": [12.34601, 0.91667, 15.42176]},
			"faces": {
				"east": {"uv": [12.5, 8, 13, 9.5], "rotation": 90, "texture": "#rail"},
				"south": {"uv": [3, 15.5, 3.5, 16], "texture": "#rail"},
				"west": {"uv": [12.5, 8.5, 13, 10], "rotation": 90, "texture": "#rail"},
				"up": {"uv": [12.5, 8, 13, 9.5], "texture": "#rail"},
				"down": {"uv": [0, 0, 0, 0], "rotation": 90, "texture": "#rail"}
			}
		},
		{
			"from": [12.5, 1, 13.5],
			"to": [13, 1.5, 16],
			"faces": {
				"east": {"uv": [12.5, 9.5, 13, 12], "rotation": 90, "texture": "#rail"},
				"south": {"uv": [12.5, 15.5, 13, 16], "texture": "#rail", "cullface": "south"},
				"west": {"uv": [12.5, 9.5, 13, 12], "rotation": 90, "texture": "#rail"},
				"up": {"uv": [12.5, 9.5, 13, 12], "texture": "#rail"}
			}
		},
		{
			"from": [12, 0.75, 13.5],
			"to": [13.5, 1, 16],
			"faces": {
				"east": {"uv": [13, 9.5, 13.5, 12], "rotation": 90, "texture": "#rail"},
				"south": {"uv": [12, 15.5, 13.5, 16], "texture": "#rail", "cullface": "south"},
				"west": {"uv": [12, 9.5, 12.5, 12], "rotation": 270, "texture": "#rail"},
				"up": {"uv": [12, 9.5, 13.5, 12], "texture": "#rail"}
			}
		},
		{
			"from": [11.5, 0.5, 13.5],
			"to": [14, 0.75, 16],
			"faces": {
				"east": {"uv": [13.5, 9.5, 14, 12], "rotation": 270, "texture": "#rail"},
				"south": {"uv": [11.5, 15.5, 14, 16], "texture": "#rail", "cullface": "south"},
				"west": {"uv": [11.5, 9.5, 12, 12], "rotation": 90, "texture": "#rail"},
				"up": {"uv": [11.5, 9.5, 14, 12], "rotation": 180, "texture": "#rail"}
			}
		},
		{
			"from": [13.5, 1, 12.5],
			"to": [16, 1.5, 13],
			"faces": {
				"north": {"uv": [12.5, 8.5, 13, 10], "rotation": 90, "texture": "#rail"},
				"east": {"uv": [3, 0, 3.5, 0.5], "texture": "#rail", "cullface": "east"},
				"south": {"uv": [12.5, 8.5, 13, 12], "rotation": 270, "texture": "#rail"},
				"up": {"uv": [12.5, 5.5, 13, 8], "rotation": 90, "texture": "#rail"}
			}
		},
		{
			"from": [13.5, 0.75, 12],
			"to": [16, 1, 13.5],
			"faces": {
				"north": {"uv": [12, 3.75, 12.5, 6.75], "rotation": 270, "texture": "#rail"},
				"east": {"uv": [2.5, 0, 4, 0.5], "rotation": 180, "texture": "#rail", "cullface": "east"},
				"south": {"uv": [3.5, 3, 4, 7], "rotation": 270, "texture": "#rail"},
				"up": {"uv": [12, 9.5, 13.5, 12], "rotation": 90, "texture": "#rail"}
			}
		},
		{
			"from": [13.5, 0.5, 11.5],
			"to": [16, 0.75, 14],
			"faces": {
				"north": {"uv": [2, 3, 2.5, 7], "rotation": 90, "texture": "#rail"},
				"east": {"uv": [2, 0, 4.5, 0.5], "rotation": 180, "texture": "#rail", "cullface": "east"},
				"south": {"uv": [4, 3, 4.5, 7], "rotation": 270, "texture": "#rail"},
				"up": {"uv": [11.5, 9.5, 14, 12], "rotation": 270, "texture": "#rail"}
			}
		},
		{
			"from": [4.55025, 0.751, -0.06802],
			"to": [6.05025, 1.001, 8.06198],
			"rotation": {"angle": -45, "axis": "y", "origin": [3.30025, 0.91667, 5.68198]},
			"faces": {
				"north": {"uv": [2.5, 0, 4, 0.5], "rotation": 180, "texture": "#rail"},
				"east": {"uv": [3.5, 3.938, 4, 11.938], "rotation": 90, "texture": "#rail"},
				"south": {"uv": [2.5, 15.5, 4, 16], "texture": "#rail"},
				"west": {"uv": [2.5, 3.25, 3, 12.75], "rotation": 270, "texture": "#rail"},
				"up": {"uv": [2.5, 3.875, 4, 12.005], "texture": "#rail"}
			}
		},
		{
			"from": [12.5, 0.747, 11.5],
			"to": [13.5, 0.997, 13],
			"faces": {
				"north": {"uv": [2, 13, 2.5, 14], "rotation": 270, "texture": "#rail"},
				"east": {"uv": [2, 13, 3.5, 13.5], "rotation": 180, "texture": "#rail"},
				"west": {"uv": [2, 13.5, 3.5, 14], "texture": "#rail"},
				"up": {"uv": [2, 2, 3.5, 3], "rotation": 90, "texture": "#rail"}
			}
		},
		{
			"from": [12.5, 0.5, 11],
			"to": [13.5, 0.75, 12],
			"faces": {
				"north": {"uv": [1.5, 13, 2, 14], "rotation": 90, "texture": "#rail"},
				"east": {"uv": [1.5, 13, 2, 13.5], "rotation": 180, "texture": "#rail"},
				"west": {"uv": [1.5, 13.5, 2, 14], "texture": "#rail"},
				"up": {"uv": [1.5, 13, 2, 14], "rotation": 90, "texture": "#rail"}
			}
		},
		{
			"from": [11.5, 0.7471, 12.5],
			"to": [13, 0.9971, 13.5],
			"faces": {
				"north": {"uv": [2, 2, 3.5, 2.5], "rotation": 180, "texture": "#rail"},
				"south": {"uv": [2, 2.5, 3.5, 3], "texture": "#rail"},
				"west": {"uv": [2, 2, 2.5, 3], "rotation": 270, "texture": "#rail"},
				"up": {"uv": [2, 13, 3.5, 14], "texture": "#rail"}
			}
		},
		{
			"from": [11, 0.5, 12.5],
			"to": [12, 0.75, 13.5],
			"faces": {
				"north": {"uv": [1.5, 2, 2, 2.5], "rotation": 180, "texture": "#rail"},
				"south": {"uv": [1.5, 2.5, 2, 3], "texture": "#rail"},
				"west": {"uv": [1.5, 2, 2, 3], "rotation": 90, "texture": "#rail"},
				"up": {"uv": [1.5, 13, 2, 14], "texture": "#rail"}
			}
		},
		{
			"from": [0.5, 0.021, 11],
			"to": [15.5, 0.521, 15],
			"faces": {
				"north": {"uv": [4.5, 15, 11.5, 15.5], "texture": "#rail"},
				"east": {"uv": [15.5, 12, 16, 15], "rotation": 90, "texture": "#rail"},
				"south": {"uv": [4.5, 15, 11.5, 15.5], "texture": "#rail"},
				"west": {"uv": [15.5, 12, 16, 15], "rotation": 270, "texture": "#rail"},
				"up": {"uv": [0.5, 15, 15.5, 15.5], "texture": "#rail"},
				"down": {"uv": [5.5, 11.5, 10.5, 15.5], "rotation": 180, "texture": "#rail"}
			}
		},
		{
			"from": [0, 0.03, 11.5],
			"to": [16, 0.53, 14.5],
			"faces": {
				"north": {"uv": [0, 12, 16, 12.5], "rotation": 180, "texture": "#rail"},
				"east": {"uv": [15.5, 12, 16, 15], "rotation": 90, "texture": "#rail", "cullface": "east"},
				"south": {"uv": [0, 1, 16, 1.5], "texture": "#rail"},
				"west": {"uv": [0, 12, 0.5, 15], "rotation": 270, "texture": "#rail", "cullface": "west"},
				"up": {"uv": [0, 12, 16, 15], "texture": "#rail"},
				"down": {"uv": [0, 12, 16, 15], "texture": "#rail"}
			}
		},
		{
			"from": [1.81066, 0, 7.11091],
			"to": [14.06066, 0.5, 11.11091],
			"rotation": {"angle": -45, "axis": "y", "origin": [9.06066, 0.25, 9.11091]},
			"faces": {
				"north": {"uv": [4.5, 11.5, 11.5, 12], "texture": "#rail"},
				"east": {"uv": [15, 11.5, 15.5, 15.5], "rotation": 90, "texture": "#rail"},
				"south": {"uv": [4.5, 15, 11.5, 15.5], "texture": "#rail"},
				"west": {"uv": [0.5, 11.5, 1, 15.5], "rotation": 270, "texture": "#rail"},
				"up": {"uv": [0.5, 6, 12.75, 10], "texture": "#rail"},
				"down": {"uv": [5.5, 11.5, 10.5, 15.5], "rotation": 180, "texture": "#rail", "cullface": "down"}
			}
		},
		{
			"from": [1.31066, 0, 7.61091],
			"to": [1.81066, 0.5, 10.61091],
			"rotation": {"angle": -45, "axis": "y", "origin": [9.06066, 0.25, 9.11091]},
			"faces": {
				"north": {"uv": [0, 12, 0.5, 12.5], "rotation": 180, "texture": "#rail"},
				"south": {"uv": [0, 1, 0.5, 1.5], "texture": "#rail"},
				"west": {"uv": [0, 12, 0.5, 15], "rotation": 270, "texture": "#rail"},
				"up": {"uv": [0, 6.5, 0.5, 9.5], "texture": "#rail"},
				"down": {"uv": [0, 6.5, 0.5, 9.5], "texture": "#rail", "cullface": "down"}
			}
		},
		{
			"from": [11, 0.02, 0.5],
			"to": [15, 0.52, 15.5],
			"faces": {
				"north": {"uv": [15.5, 1, 16, 4], "rotation": 270, "texture": "#rail"},
				"east": {"uv": [4.5, 4, 11.5, 4.5], "texture": "#rail"},
				"south": {"uv": [15.5, 1, 16, 4], "rotation": 90, "texture": "#rail"},
				"west": {"uv": [4.5, 4, 11.5, 4.5], "texture": "#rail"},
				"up": {"uv": [0.5, 4, 15.5, 4.5], "rotation": 90, "texture": "#rail"},
				"down": {"uv": [5.5, 0.5, 10.5, 4.5], "rotation": 90, "texture": "#rail"}
			}
		},
		{
			"from": [11.5, 0.031, 0],
			"to": [14.5, 0.531, 16],
			"faces": {
				"north": {"uv": [0, 1, 0.5, 4], "rotation": 270, "texture": "#rail", "cullface": "north"},
				"east": {"uv": [0, 1, 16, 1.5], "rotation": 180, "texture": "#rail"},
				"south": {"uv": [15.5, 1, 16, 4], "rotation": 90, "texture": "#rail", "cullface": "south"},
				"west": {"uv": [0, 3.5, 16, 4], "texture": "#rail"},
				"up": {"uv": [0, 1, 16, 4], "rotation": 90, "texture": "#rail"},
				"down": {"uv": [0, 1, 16, 4], "rotation": 270, "texture": "#rail"}
			}
		}
	],
	"groups": [
		{
			"name": "group",
			"children": [0, 1, 2, 3, 4, 5, 6, 7, 8, 9, 10, 11, 12, 13, 14, 15, 16, 17, 18, 19, 20, 21, 22, 23, 24, 25, 26, 27]
		},
		{
			"name": "wood",
			"children": [28, 29, 30, 31, 32, 33]
		}
	]
}