{
	"credit": "Made by Joanarr with Blockbench",
	"parent": "item/crossbow",
	"textures": {
		"0": "item/crossbow",
		"1": "item/crossbow_other",
		"2": "item/crossbow_cloth",
		"3": "item/crossbow_wheel",
		"particle": "item/crossbow"
	},
	"elements": [
		{
			"from": [7.5, -0.5, 20],
			"to": [8.5, 2.5, 21],
			"rotation": {"angle": -22.5, "axis": "x", "origin": [8, 0.5, 21.5]},
			"faces": {
				"north": {"uv": [0, 0, 16, 7], "rotation": 90, "texture": "#2"},
				"east": {"uv": [0, 0, 16, 7], "rotation": 90, "texture": "#2"},
				"south": {"uv": [0, 0, 16, 7], "rotation": 90, "texture": "#2"},
				"west": {"uv": [0, 0, 16, 7], "rotation": 90, "texture": "#2"},
				"up": {"uv": [0, 11, 5, 16], "rotation": 90, "texture": "#2"},
				"down": {"uv": [0, 11, 5, 16], "rotation": 90, "texture": "#2"}
			}
		},
		{
			"from": [7.5, -1.5, 17.5],
			"to": [8.5, -1, 21],
			"faces": {
				"north": {"uv": [0.5, 0, 1.5, 0.5], "texture": "#0"},
				"east": {"uv": [0, 0, 3.5, 0.5], "texture": "#0"},
				"south": {"uv": [1.5, 0, 2.5, 0.5], "texture": "#0"},
				"west": {"uv": [0, 0, 3.5, 0.5], "texture": "#0"},
				"up": {"uv": [8, 0, 10, 7], "rotation": 180, "texture": "#0"},
				"down": {"uv": [8, 0, 10, 7], "texture": "#0"}
			}
		},
		{
			"from": [7, 1.5, 4],
			"to": [9, 2.5, 20],
			"faces": {
				"north": {"uv": [12, 0, 14, 4], "rotation": 90, "texture": "#0"},
				"east": {"uv": [14, 0, 16, 16], "rotation": 270, "texture": "#0"},
				"south": {"uv": [12, 0, 14, 4], "rotation": 90, "texture": "#0"},
				"west": {"uv": [14, 0, 16, 16], "rotation": 90, "texture": "#0"},
				"up": {"uv": [14, 0, 16, 16], "rotation": 180, "texture": "#0"},
				"down": {"uv": [14, 0, 16, 16], "texture": "#0"}
			}
		},
		{
			"from": [7.5, 0.5, 18.25],
			"to": [8.5, 4.5, 18.75],
			"rotation": {"angle": -45, "axis": "x", "origin": [8, -1, 20]},
			"faces": {
				"north": {"uv": [8, 0, 10, 7.5], "texture": "#0"},
				"east": {"uv": [0, 0, 3.5, 0.5], "rotation": 90, "texture": "#0"},
				"south": {"uv": [8, 0, 10, 7.5], "texture": "#0"},
				"west": {"uv": [0, 0, 4, 0.5], "rotation": 270, "texture": "#0"},
				"up": {"uv": [1.5, 0, 2.5, 0.5], "texture": "#0"},
				"down": {"uv": [0.5, 0, 1.5, 0.5], "rotation": 180, "texture": "#0"}
			}
		},
		{
			"from": [7, 2.5, 16],
			"to": [9, 4.5, 20],
			"faces": {
				"north": {"uv": [14, 0, 16, 2], "texture": "#0"},
				"east": {"uv": [12, 0, 14, 4], "rotation": 90, "texture": "#0"},
				"south": {"uv": [14, 0, 16, 2], "texture": "#0"},
				"west": {"uv": [12, 0, 14, 4], "rotation": 270, "texture": "#0"},
				"up": {"uv": [12, 0, 14, 4], "texture": "#0"},
				"down": {"uv": [12, 0, 14, 4], "rotation": 90, "texture": "#0"}
			}
		},
		{
			"from": [7.5, 0, 10],
			"to": [8.5, 1.5, 10.5],
			"faces": {
				"north": {"uv": [0, 0, 2, 3], "texture": "#0"},
				"east": {"uv": [0, 0, 0.5, 3], "texture": "#0"},
				"south": {"uv": [0, 0, 2, 3], "texture": "#0"},
				"west": {"uv": [0, 0, 0.5, 3], "texture": "#0"},
				"up": {"uv": [0, 0, 2, 3], "texture": "#0"},
				"down": {"uv": [0, 0.5, 2, 1], "texture": "#0"}
			}
		},
		{
			"from": [7.5, -1.5, 9.5],
			"to": [8.5, 0, 10],
			"rotation": {"angle": 45, "axis": "x", "origin": [8, -0.5, 10.5]},
			"faces": {
				"north": {"uv": [0, 0.5, 2, 3.5], "texture": "#0"},
				"east": {"uv": [0, 0, 0.5, 3], "rotation": 180, "texture": "#0"},
				"south": {"uv": [0, 0, 2, 3], "texture": "#0"},
				"west": {"uv": [0, 0, 0.5, 3], "rotation": 180, "texture": "#0"},
				"up": {"uv": [0, 0, 2, 0.5], "texture": "#0"},
				"down": {"uv": [0, 0.5, 2, 1], "texture": "#0"}
			}
		},
		{
			"from": [7.5, -1.5, 7.75],
			"to": [8.5, 3, 8.75],
			"rotation": {"angle": -45, "axis": "x", "origin": [8, 0, 8.5]},
			"faces": {
				"north": {"uv": [0, 7, 2, 16], "texture": "#0"},
				"east": {"uv": [0, 7, 2, 16], "texture": "#0"},
				"south": {"uv": [0, 7, 2, 16], "texture": "#0"},
				"west": {"uv": [0, 7, 2, 16], "texture": "#0"},
				"up": {"uv": [0, 7, 2, 16], "texture": "#0"},
				"down": {"uv": [14, 0, 16, 2], "texture": "#0"}
			}
		},
		{
			"from": [7.25, -1, 7.25],
			"to": [8.75, 3.5, 8.25],
			"rotation": {"angle": -45, "axis": "x", "origin": [8, 0, 8.5]},
			"faces": {
				"north": {"uv": [0, 0, 16, 7], "rotation": 90, "texture": "#2"},
				"east": {"uv": [0, 0, 16, 7], "rotation": 90, "texture": "#2"},
				"south": {"uv": [0, 0, 16, 7], "rotation": 90, "texture": "#2"},
				"west": {"uv": [0, 0, 16, 7], "rotation": 90, "texture": "#2"},
				"up": {"uv": [0, 11, 5, 16], "rotation": 90, "texture": "#2"},
				"down": {"uv": [0, 11, 5, 16], "rotation": 90, "texture": "#2"}
			}
		},
		{
			"from": [6.75, 3.5, 15.75],
			"to": [9.25, 4.75, 20.25],
			"faces": {
				"north": {"uv": [0, 0, 5, 7], "rotation": 90, "texture": "#2"},
				"east": {"uv": [0, 0, 9, 7], "texture": "#2"},
				"south": {"uv": [0, 0, 4, 7], "rotation": 90, "texture": "#2"},
				"west": {"uv": [0, 0, 9, 7], "texture": "#2"},
				"up": {"uv": [0, 0, 9, 7], "rotation": 90, "texture": "#2"},
				"down": {"uv": [0, 0, 9, 7], "rotation": 90, "texture": "#2"}
			}
		},
		{
			"from": [5.5, 1.75, 4],
			"to": [7, 2.25, 10.5],
			"faces": {
				"north": {"uv": [0, 0, 1, 7], "rotation": 90, "texture": "#2"},
				"east": {"uv": [0, 0, 15.5, 1], "texture": "#2"},
				"south": {"uv": [15, 0, 16, 7], "rotation": 90, "texture": "#2"},
				"west": {"uv": [0, 0, 15.5, 1], "texture": "#2"},
				"up": {"uv": [0, 3, 15.5, 7], "rotation": 90, "texture": "#2"},
				"down": {"uv": [0, 0, 15.5, 7], "rotation": 90, "texture": "#2"}
			}
		},
		{
			"from": [9, 1.75, 4],
			"to": [10.5, 2.25, 10.5],
			"faces": {
				"north": {"uv": [15, 0, 16, 7], "rotation": 90, "texture": "#2"},
				"east": {"uv": [0, 0, 15.5, 1], "texture": "#2"},
				"south": {"uv": [0, 0, 1, 7], "rotation": 90, "texture": "#2"},
				"west": {"uv": [0, 0, 15.5, 1], "texture": "#2"},
				"up": {"uv": [0, 3, 15.5, 7], "rotation": 270, "texture": "#2"},
				"down": {"uv": [0, 0, 15.5, 7], "rotation": 270, "texture": "#2"}
			}
		},
		{
			"from": [7, 1.5, 2],
			"to": [9, 2.5, 4],
			"faces": {
				"north": {"uv": [2, 13.5, 4, 14], "texture": "#0"},
				"east": {"uv": [2, 14, 4, 14.5], "texture": "#0"},
				"south": {"uv": [2, 14, 4, 16], "texture": "#0"},
				"west": {"uv": [2, 14, 4, 14.5], "texture": "#0"},
				"up": {"uv": [2, 14, 4, 16], "texture": "#0"},
				"down": {"uv": [2, 14, 4, 16], "texture": "#0"}
			}
		},
		{
			"from": [8.75, 2.5, 2],
			"to": [9, 4, 2.5],
			"faces": {
				"north": {"uv": [0, 0, 0.5, 1.5], "texture": "#0"},
				"east": {"uv": [0, 0, 0.5, 1.5], "texture": "#0"},
				"south": {"uv": [0, 0, 0.5, 1.5], "texture": "#0"},
				"west": {"uv": [0, 0, 0.5, 1.5], "texture": "#0"},
				"up": {"uv": [0, 0, 0.5, 1.5], "texture": "#0"},
				"down": {"uv": [0, 0, 0.5, 1.5], "texture": "#0"}
			}
		},
		{
			"from": [7.25, 4, 2],
			"to": [8.75, 4.25, 2.5],
			"faces": {
				"north": {"uv": [0, 0, 0.5, 1.5], "texture": "#0"},
				"east": {"uv": [0, 0, 0.5, 1.5], "texture": "#0"},
				"south": {"uv": [0, 0, 0.5, 1.5], "texture": "#0"},
				"west": {"uv": [0, 0, 0.5, 1.5], "texture": "#0"},
				"up": {"uv": [0, 0, 0.5, 1.5], "texture": "#0"},
				"down": {"uv": [0, 0, 0.5, 1.5], "texture": "#0"}
			}
		},
		{
			"from": [7, 2.5, 2],
			"to": [7.25, 4, 2.5],
			"faces": {
				"north": {"uv": [0, 0, 0.5, 1.5], "texture": "#0"},
				"east": {"uv": [0, 0, 0.5, 1.5], "texture": "#0"},
				"south": {"uv": [0, 0, 0.5, 1.5], "texture": "#0"},
				"west": {"uv": [0, 0, 0.5, 1.5], "texture": "#0"},
				"up": {"uv": [0, 0, 0.5, 1.5], "texture": "#0"},
				"down": {"uv": [0, 0, 0.5, 1.5], "texture": "#0"}
			}
		},
		{
			"from": [6.5, 1.25, -4],
			"to": [8, 1.75, 2],
			"rotation": {"angle": -45, "axis": "z", "origin": [8, 1.75, 0]},
			"faces": {
				"north": {"uv": [6, 10, 8, 10.5], "texture": "#0"},
				"east": {"uv": [5.5, 12, 6, 16], "rotation": 270, "texture": "#0"},
				"south": {"uv": [6, 15.5, 8, 16], "texture": "#0"},
				"west": {"uv": [4, 12, 4.5, 16], "rotation": 90, "texture": "#0"},
				"up": {"uv": [6, 10, 8, 16], "texture": "#0"},
				"down": {"uv": [6, 10, 8, 16], "rotation": 180, "texture": "#0"}
			}
		},
		{
			"from": [8, 1.25, -4],
			"to": [9.5, 1.75, 2],
			"rotation": {"angle": 45, "axis": "z", "origin": [8, 1.75, 0]},
			"faces": {
				"north": {"uv": [6, 10, 8, 10.5], "texture": "#0"},
				"east": {"uv": [4, 12, 4.5, 16], "rotation": 270, "texture": "#0"},
				"south": {"uv": [6, 10, 8, 10.5], "texture": "#0"},
				"west": {"uv": [4, 12, 4.5, 16], "rotation": 90, "texture": "#0"},
				"up": {"uv": [6, 10, 8, 16], "texture": "#0"},
				"down": {"uv": [6, 10, 8, 16], "rotation": 180, "texture": "#0"}
			}
		},
		{
			"from": [6.5, 2.5, -6],
			"to": [7, 3, -4],
			"faces": {
				"north": {"uv": [0, 0, 0.5, 0.5], "texture": "#0"},
				"east": {"uv": [0, 0, 0.5, 0.5], "texture": "#0"},
				"south": {"uv": [0, 0, 0.5, 0.5], "texture": "#0"},
				"west": {"uv": [0, 0, 0.5, 0.5], "texture": "#0"},
				"up": {"uv": [0, 0, 0.5, 0.5], "texture": "#0"},
				"down": {"uv": [0, 0, 0.5, 0.5], "texture": "#0"}
			}
		},
		{
			"from": [5, 2.5, -4.5],
			"to": [7, 3, -4],
			"faces": {
				"north": {"uv": [0, 0, 0.5, 0.5], "texture": "#0"},
				"east": {"uv": [0, 0, 0.5, 0.5], "texture": "#0"},
				"south": {"uv": [0, 0, 0.5, 0.5], "texture": "#0"},
				"west": {"uv": [0, 0, 0.5, 0.5], "texture": "#0"},
				"up": {"uv": [0, 0, 0.5, 0.5], "texture": "#0"},
				"down": {"uv": [0, 0, 0.5, 0.5], "texture": "#0"}
			}
		},
		{
			"from": [5.5, 2.5, -6],
			"to": [6, 3, -4],
			"rotation": {"angle": -45, "axis": "y", "origin": [6, 2.5, -5]},
			"faces": {
				"north": {"uv": [0, 0, 0.5, 0.5], "texture": "#0"},
				"east": {"uv": [0, 0, 0.5, 0.5], "texture": "#0"},
				"south": {"uv": [0, 0, 0.5, 0.5], "texture": "#0"},
				"west": {"uv": [0, 0, 0.5, 0.5], "texture": "#0"},
				"up": {"uv": [0, 0, 0.5, 0.5], "texture": "#0"},
				"down": {"uv": [0, 0, 0.5, 0.5], "texture": "#0"}
			}
		},
		{
			"from": [9, 2.5, -4.5],
			"to": [11, 3, -4],
			"faces": {
				"north": {"uv": [0, 0, 0.5, 0.5], "texture": "#0"},
				"east": {"uv": [0, 0, 0.5, 0.5], "texture": "#0"},
				"south": {"uv": [0, 0, 0.5, 0.5], "texture": "#0"},
				"west": {"uv": [0, 0, 0.5, 0.5], "texture": "#0"},
				"up": {"uv": [0, 0, 0.5, 0.5], "texture": "#0"},
				"down": {"uv": [0, 0, 0.5, 0.5], "texture": "#0"}
			}
		},
		{
			"from": [10, 2.5, -6],
			"to": [10.5, 3, -4],
			"rotation": {"angle": 45, "axis": "y", "origin": [10, 2.5, -5]},
			"faces": {
				"north": {"uv": [0, 0, 0.5, 0.5], "texture": "#0"},
				"east": {"uv": [0, 0, 0.5, 0.5], "texture": "#0"},
				"south": {"uv": [0, 0, 0.5, 0.5], "texture": "#0"},
				"west": {"uv": [0, 0, 0.5, 0.5], "texture": "#0"},
				"up": {"uv": [0, 0, 0.5, 0.5], "texture": "#0"},
				"down": {"uv": [0, 0, 0.5, 0.5], "texture": "#0"}
			}
		},
		{
			"from": [9, 2.5, -6],
			"to": [9.5, 3, -4],
			"faces": {
				"north": {"uv": [0, 0, 0.5, 0.5], "texture": "#0"},
				"east": {"uv": [0, 0, 0.5, 0.5], "texture": "#0"},
				"south": {"uv": [0, 0, 0.5, 0.5], "texture": "#0"},
				"west": {"uv": [0, 0, 0.5, 0.5], "texture": "#0"},
				"up": {"uv": [0, 0, 0.5, 0.5], "texture": "#0"},
				"down": {"uv": [0, 0, 0.5, 0.5], "texture": "#0"}
			}
		},
		{
			"from": [4.75, 1.75, -4.5],
			"to": [5.25, 3.75, -4],
			"faces": {
				"north": {"uv": [0, 0, 0.5, 0.5], "rotation": 90, "texture": "#0"},
				"east": {"uv": [0, 0, 0.5, 0.5], "rotation": 270, "texture": "#0"},
				"south": {"uv": [0, 0, 0.5, 0.5], "rotation": 270, "texture": "#0"},
				"west": {"uv": [0, 0, 0.5, 0.5], "rotation": 270, "texture": "#0"},
				"up": {"uv": [0, 0, 0.5, 0.5], "rotation": 270, "texture": "#0"},
				"down": {"uv": [0, 0, 0.5, 0.5], "rotation": 270, "texture": "#0"}
			}
		},
		{
			"from": [10.75, 1.75, -4.5],
			"to": [11.25, 3.75, -4],
			"faces": {
				"north": {"uv": [0, 0, 0.5, 0.5], "rotation": 90, "texture": "#0"},
				"east": {"uv": [0, 0, 0.5, 0.5], "rotation": 270, "texture": "#0"},
				"south": {"uv": [0, 0, 0.5, 0.5], "rotation": 270, "texture": "#0"},
				"west": {"uv": [0, 0, 0.5, 0.5], "rotation": 270, "texture": "#0"},
				"up": {"uv": [0, 0, 0.5, 0.5], "rotation": 270, "texture": "#0"},
				"down": {"uv": [0, 0, 0.5, 0.5], "rotation": 270, "texture": "#0"}
			}
		},
		{
			"from": [5.25, 2.25, -7.25],
			"to": [5.75, 3.25, -6.25],
			"rotation": {"angle": -45, "axis": "y", "origin": [6, 2.5, -5]},
			"faces": {
				"north": {"uv": [0, 0, 0.5, 0.5], "texture": "#0"},
				"east": {"uv": [0, 0, 0.5, 0.5], "texture": "#0"},
				"south": {"uv": [0, 0, 0.5, 0.5], "texture": "#0"},
				"west": {"uv": [0, 0, 0.5, 0.5], "texture": "#0"},
				"up": {"uv": [0, 0, 0.5, 0.5], "texture": "#0"},
				"down": {"uv": [0, 0, 0.5, 0.5], "texture": "#0"}
			}
		},
		{
			"from": [10.25, 2.25, -7.25],
			"to": [10.75, 3.25, -6.25],
			"rotation": {"angle": 45, "axis": "y", "origin": [10, 2.5, -5]},
			"faces": {
				"north": {"uv": [0, 0, 0.5, 0.5], "texture": "#0"},
				"east": {"uv": [0, 0, 0.5, 0.5], "texture": "#0"},
				"south": {"uv": [0, 0, 0.5, 0.5], "texture": "#0"},
				"west": {"uv": [0, 0, 0.5, 0.5], "texture": "#0"},
				"up": {"uv": [0, 0, 0.5, 0.5], "texture": "#0"},
				"down": {"uv": [0, 0, 0.5, 0.5], "texture": "#0"}
			}
		},
		{
			"from": [10.25, 3.25, -7.25],
			"to": [10.75, 4.375, -3.25],
			"rotation": {"angle": 45, "axis": "y", "origin": [10, 2.5, -5]},
			"faces": {
				"north": {"uv": [14, 0, 16, 2], "texture": "#0"},
				"east": {"uv": [0, 0, 2, 16], "rotation": 90, "texture": "#0"},
				"south": {"uv": [14, 0, 16, 2], "texture": "#0"},
				"west": {"uv": [0, 0, 2, 16], "rotation": 270, "texture": "#0"},
				"up": {"uv": [0, 0, 2, 16], "texture": "#0"},
				"down": {"uv": [0, 0, 2, 16], "texture": "#0"}
			}
		},
		{
			"from": [5.25, 3.25, -7.25],
			"to": [5.75, 4.375, -3.25],
			"rotation": {"angle": -45, "axis": "y", "origin": [6, 2.5, -5]},
			"faces": {
				"north": {"uv": [14, 0, 16, 2], "texture": "#0"},
				"east": {"uv": [0, 0, 2, 16], "rotation": 90, "texture": "#0"},
				"south": {"uv": [14, 0, 16, 2], "texture": "#0"},
				"west": {"uv": [0, 0, 2, 16], "rotation": 270, "texture": "#0"},
				"up": {"uv": [0, 0, 2, 16], "texture": "#0"},
				"down": {"uv": [0, 0, 2, 16], "texture": "#0"}
			}
		},
		{
			"from": [4.25, 3.25, -4],
			"to": [4.75, 4.3125, 0],
			"faces": {
				"north": {"uv": [14, 0, 16, 2], "texture": "#0"},
				"east": {"uv": [0, 0, 2, 16], "rotation": 90, "texture": "#0"},
				"south": {"uv": [14, 0, 16, 2], "texture": "#0"},
				"west": {"uv": [0, 0, 2, 16], "rotation": 270, "texture": "#0"},
				"up": {"uv": [0, 0, 2, 16], "texture": "#0"},
				"down": {"uv": [0, 0, 2, 16], "texture": "#0"}
			}
		},
		{
			"from": [11.25, 3.25, -4],
			"to": [11.75, 4.3125, 0],
			"faces": {
				"north": {"uv": [14, 0, 16, 2], "texture": "#0"},
				"east": {"uv": [0, 0, 2, 16], "rotation": 90, "texture": "#0"},
				"south": {"uv": [14, 0, 16, 2], "texture": "#0"},
				"west": {"uv": [0, 0, 2, 16], "rotation": 270, "texture": "#0"},
				"up": {"uv": [0, 0, 2, 16], "texture": "#0"},
				"down": {"uv": [0, 0, 2, 16], "texture": "#0"}
			}
		},
		{
			"from": [5.625, 3.3125, 0.375],
			"to": [6.125, 4.25, 3.875],
			"rotation": {"angle": 45, "axis": "y", "origin": [4.5, 3.5, 1.75]},
			"faces": {
				"north": {"uv": [14, 0, 16, 2], "texture": "#0"},
				"east": {"uv": [0, 0, 2, 16], "rotation": 90, "texture": "#0"},
				"south": {"uv": [14, 0, 16, 2], "texture": "#0"},
				"west": {"uv": [0, 0, 2, 16], "rotation": 270, "texture": "#0"},
				"up": {"uv": [0, 0, 2, 16], "texture": "#0"},
				"down": {"uv": [0, 0, 2, 16], "texture": "#0"}
			}
		},
		{
			"from": [9.75, 3.3125, 0.5],
			"to": [10.25, 4.25, 4],
			"rotation": {"angle": -45, "axis": "y", "origin": [11.5, 3.5, 2]},
			"faces": {
				"north": {"uv": [14, 0, 16, 2], "texture": "#0"},
				"east": {"uv": [0, 0, 2, 16], "rotation": 90, "texture": "#0"},
				"south": {"uv": [14, 0, 16, 2], "texture": "#0"},
				"west": {"uv": [0, 0, 2, 16], "rotation": 270, "texture": "#0"},
				"up": {"uv": [0, 0, 2, 16], "texture": "#0"},
				"down": {"uv": [0, 0, 2, 16], "texture": "#0"}
			}
		},
		{
			"from": [11.25, 1.125, -4],
			"to": [11.75, 2.1875, 0],
			"faces": {
				"north": {"uv": [14, 0, 16, 2], "texture": "#0"},
				"east": {"uv": [0, 0, 2, 16], "rotation": 90, "texture": "#0"},
				"south": {"uv": [14, 0, 16, 2], "texture": "#0"},
				"west": {"uv": [0, 0, 2, 16], "rotation": 270, "texture": "#0"},
				"up": {"uv": [0, 0, 2, 16], "texture": "#0"},
				"down": {"uv": [0, 0, 2, 16], "texture": "#0"}
			}
		},
		{
			"from": [9.75, 1.1875, 0.5],
			"to": [10.25, 2.125, 4],
			"rotation": {"angle": -45, "axis": "y", "origin": [11.5, 1.375, 2]},
			"faces": {
				"north": {"uv": [14, 0, 16, 2], "texture": "#0"},
				"east": {"uv": [0, 0, 2, 16], "rotation": 90, "texture": "#0"},
				"south": {"uv": [14, 0, 16, 2], "texture": "#0"},
				"west": {"uv": [0, 0, 2, 16], "rotation": 270, "texture": "#0"},
				"up": {"uv": [0, 0, 2, 16], "texture": "#0"},
				"down": {"uv": [0, 0, 2, 16], "texture": "#0"}
			}
		},
		{
			"from": [5.625, 1.1875, 0.375],
			"to": [6.125, 2.125, 3.875],
			"rotation": {"angle": 45, "axis": "y", "origin": [4.5, 1.375, 1.75]},
			"faces": {
				"north": {"uv": [14, 0, 16, 2], "texture": "#0"},
				"east": {"uv": [0, 0, 2, 16], "rotation": 90, "texture": "#0"},
				"south": {"uv": [14, 0, 16, 2], "texture": "#0"},
				"west": {"uv": [0, 0, 2, 16], "rotation": 270, "texture": "#0"},
				"up": {"uv": [0, 0, 2, 16], "texture": "#0"},
				"down": {"uv": [0, 0, 2, 16], "texture": "#0"}
			}
		},
		{
			"from": [4.25, 1.125, -4],
			"to": [4.75, 2.1875, 0],
			"faces": {
				"north": {"uv": [14, 0, 16, 2], "texture": "#0"},
				"east": {"uv": [0, 0, 2, 16], "rotation": 90, "texture": "#0"},
				"south": {"uv": [14, 0, 16, 2], "texture": "#0"},
				"west": {"uv": [0, 0, 2, 16], "rotation": 270, "texture": "#0"},
				"up": {"uv": [0, 0, 2, 16], "texture": "#0"},
				"down": {"uv": [0, 0, 2, 16], "texture": "#0"}
			}
		},
		{
			"from": [5.25, 1.125, -7.25],
			"to": [5.75, 2.25, -3.25],
			"rotation": {"angle": -45, "axis": "y", "origin": [6, 0.375, -5]},
			"faces": {
				"north": {"uv": [14, 0, 16, 2], "texture": "#0"},
				"east": {"uv": [0, 0, 2, 16], "rotation": 90, "texture": "#0"},
				"south": {"uv": [14, 0, 16, 2], "texture": "#0"},
				"west": {"uv": [0, 0, 2, 16], "rotation": 270, "texture": "#0"},
				"up": {"uv": [0, 0, 2, 16], "texture": "#0"},
				"down": {"uv": [0, 0, 2, 16], "texture": "#0"}
			}
		},
		{
			"from": [10.25, 1.125, -7.25],
			"to": [10.75, 2.25, -3.25],
			"rotation": {"angle": 45, "axis": "y", "origin": [10, 0.375, -5]},
			"faces": {
				"north": {"uv": [14, 0, 16, 2], "texture": "#0"},
				"east": {"uv": [0, 0, 2, 16], "rotation": 90, "texture": "#0"},
				"south": {"uv": [14, 0, 16, 2], "texture": "#0"},
				"west": {"uv": [0, 0, 2, 16], "rotation": 270, "texture": "#0"},
				"up": {"uv": [0, 0, 2, 16], "texture": "#0"},
				"down": {"uv": [0, 0, 2, 16], "texture": "#0"}
			}
		},
		{
			"from": [4, 0.5, 1],
			"to": [4.5, 4.75, 1.5],
			"faces": {
				"north": {"uv": [0, 0, 0.5, 0.5], "texture": "#0"},
				"east": {"uv": [0, 0, 0.5, 0.5], "texture": "#0"},
				"south": {"uv": [0, 0, 0.5, 0.5], "texture": "#0"},
				"west": {"uv": [0, 0, 0.5, 0.5], "texture": "#0"},
				"up": {"uv": [14, 0, 16, 2], "texture": "#0"},
				"down": {"uv": [14, 0, 16, 2], "texture": "#0"}
			}
		},
		{
			"from": [11.5, 0.5, 1],
			"to": [12, 4.75, 1.5],
			"faces": {
				"north": {"uv": [0, 0, 0.5, 0.5], "texture": "#0"},
				"east": {"uv": [0, 0, 0.5, 0.5], "texture": "#0"},
				"south": {"uv": [0, 0, 0.5, 0.5], "texture": "#0"},
				"west": {"uv": [0, 0, 0.5, 0.5], "texture": "#0"},
				"up": {"uv": [14, 0, 16, 2], "texture": "#0"},
				"down": {"uv": [14, 0, 16, 2], "texture": "#0"}
			}
		},
		{
			"name": "crossbow_wheel_0",
			"from": [1.5, 2.625, 0.75],
			"to": [2.25, 2.875, 2],
			"rotation": {"angle": -22.5, "axis": "y", "origin": [4.25, 2.75, 1.375]},
			"faces": {
				"north": {"uv": [3, 0, 3.25, 0.75], "rotation": 90, "texture": "#3"},
				"east": {"uv": [2, 0.5, 3.25, 0.75], "texture": "#3"},
				"south": {"uv": [2, 0, 2.25, 0.75], "rotation": 270, "texture": "#3"},
				"west": {"uv": [3.25, 0, 2, 0.25], "texture": "#3"},
				"up": {"uv": [2, 0, 3.25, 0.75], "rotation": 270, "texture": "#3"},
				"down": {"uv": [2, 0.75, 3.25, 0], "rotation": 90, "texture": "#3"}
			}
		},
		{
			"name": "crossbow_wheel_2",
			"from": [1.75, 2.625, 2],
			"to": [2.5, 2.875, 2.75],
			"rotation": {"angle": -22.5, "axis": "y", "origin": [4.25, 2.75, 1.375]},
			"faces": {
				"north": {"uv": [1.75, 0.25, 2, 1], "rotation": 90, "texture": "#3"},
				"east": {"uv": [1.25, 0.75, 2, 1], "texture": "#3"},
				"south": {"uv": [1.25, 0.25, 1.5, 1], "rotation": 270, "texture": "#3"},
				"west": {"uv": [2, 0.25, 1.25, 0.5], "texture": "#3"},
				"up": {"uv": [1.25, 0.25, 2, 1], "rotation": 270, "texture": "#3"},
				"down": {"uv": [1.25, 1, 2, 0.25], "rotation": 90, "texture": "#3"}
			}
		},
		{
			"name": "crossbow_wheel_3",
			"from": [1.75, 2.625, 0],
			"to": [2.75, 2.875, 0.75],
			"rotation": {"angle": -22.5, "axis": "y", "origin": [4.25, 2.75, 1.375]},
			"faces": {
				"north": {"uv": [3.75, 0.25, 4, 1.25], "rotation": 90, "texture": "#3"},
				"east": {"uv": [3.25, 1, 4, 1.25], "texture": "#3"},
				"south": {"uv": [3.25, 0.25, 3.5, 1.25], "rotation": 270, "texture": "#3"},
				"west": {"uv": [4, 0.25, 3.25, 0.5], "texture": "#3"},
				"up": {"uv": [3.25, 0.25, 4, 1.25], "rotation": 270, "texture": "#3"},
				"down": {"uv": [3.25, 1.25, 4, 0.25], "rotation": 90, "texture": "#3"}
			}
		},
		{
			"name": "crossbow_wheel_6",
			"from": [2, 2.625, 2.75],
			"to": [4, 2.875, 3],
			"rotation": {"angle": -22.5, "axis": "y", "origin": [4.25, 2.75, 1.375]},
			"faces": {
				"north": {"uv": [1, 0.5, 1.25, 2.5], "rotation": 90, "texture": "#3"},
				"east": {"uv": [1, 2.25, 1.25, 2.5], "texture": "#3"},
				"south": {"uv": [1, 0.5, 1.25, 2.5], "rotation": 270, "texture": "#3"},
				"west": {"uv": [1.25, 0.5, 1, 0.75], "texture": "#3"},
				"up": {"uv": [1, 0.5, 1.25, 2.5], "rotation": 270, "texture": "#3"},
				"down": {"uv": [1, 2.5, 1.25, 0.5], "rotation": 90, "texture": "#3"}
			}
		},
		{
			"name": "crossbow_wheel_7",
			"from": [2, 2.625, -0.25],
			"to": [3.25, 2.875, 0],
			"rotation": {"angle": -22.5, "axis": "y", "origin": [4.25, 2.75, 1.375]},
			"faces": {
				"north": {"uv": [4, 0.5, 4.25, 1.75], "rotation": 90, "texture": "#3"},
				"east": {"uv": [4, 1.5, 4.25, 1.75], "texture": "#3"},
				"south": {"uv": [4, 0.5, 4.25, 1.75], "rotation": 270, "texture": "#3"},
				"west": {"uv": [4.25, 0.5, 4, 0.75], "texture": "#3"},
				"up": {"uv": [4, 0.5, 4.25, 1.75], "rotation": 270, "texture": "#3"},
				"down": {"uv": [4, 1.75, 4.25, 0.5], "rotation": 90, "texture": "#3"}
			}
		},
		{
			"name": "crossbow_wheel_10",
			"from": [2.25, 2.625, 3],
			"to": [4, 2.875, 3.25],
			"rotation": {"angle": -22.5, "axis": "y", "origin": [4.25, 2.75, 1.375]},
			"faces": {
				"north": {"uv": [0.75, 0.75, 1, 2.5], "rotation": 90, "texture": "#3"},
				"east": {"uv": [0.75, 2.25, 1, 2.5], "texture": "#3"},
				"south": {"uv": [0.75, 0.75, 1, 2.5], "rotation": 270, "texture": "#3"},
				"west": {"uv": [1, 0.75, 0.75, 1], "texture": "#3"},
				"up": {"uv": [0.75, 0.75, 1, 2.5], "rotation": 270, "texture": "#3"},
				"down": {"uv": [0.75, 2.5, 1, 0.75], "rotation": 90, "texture": "#3"}
			}
		},
		{
			"name": "crossbow_wheel_11",
			"from": [2.25, 2.625, 1.75],
			"to": [2.5, 2.875, 2],
			"rotation": {"angle": -22.5, "axis": "y", "origin": [4.25, 2.75, 1.375]},
			"faces": {
				"north": {"uv": [2, 0.75, 2.25, 1], "rotation": 90, "texture": "#3"},
				"east": {"uv": [2, 0.75, 2.25, 1], "texture": "#3"},
				"south": {"uv": [2, 0.75, 2.25, 1], "rotation": 270, "texture": "#3"},
				"west": {"uv": [2.25, 0.75, 2, 1], "texture": "#3"},
				"up": {"uv": [2, 0.75, 2.25, 1], "rotation": 270, "texture": "#3"},
				"down": {"uv": [2, 1, 2.25, 0.75], "rotation": 90, "texture": "#3"}
			}
		},
		{
			"name": "crossbow_wheel_12",
			"from": [2.25, 2.625, 0.75],
			"to": [3.25, 2.875, 1.25],
			"rotation": {"angle": -22.5, "axis": "y", "origin": [4.25, 2.75, 1.375]},
			"faces": {
				"north": {"uv": [3, 0.75, 3.25, 1.75], "rotation": 90, "texture": "#3"},
				"east": {"uv": [2.75, 1.5, 3.25, 1.75], "texture": "#3"},
				"south": {"uv": [2.75, 0.75, 3, 1.75], "rotation": 270, "texture": "#3"},
				"west": {"uv": [3.25, 0.75, 2.75, 1], "texture": "#3"},
				"up": {"uv": [2.75, 0.75, 3.25, 1.75], "rotation": 270, "texture": "#3"},
				"down": {"uv": [2.75, 1.75, 3.25, 0.75], "rotation": 90, "texture": "#3"}
			}
		},
		{
			"name": "crossbow_wheel_13",
			"from": [2.25, 2.625, -0.5],
			"to": [3.75, 2.875, -0.25],
			"rotation": {"angle": -22.5, "axis": "y", "origin": [4.25, 2.75, 1.375]},
			"faces": {
				"north": {"uv": [4.25, 0.75, 4.5, 2.25], "rotation": 90, "texture": "#3"},
				"east": {"uv": [4.25, 2, 4.5, 2.25], "texture": "#3"},
				"south": {"uv": [4.25, 0.75, 4.5, 2.25], "rotation": 270, "texture": "#3"},
				"west": {"uv": [4.5, 0.75, 4.25, 1], "texture": "#3"},
				"up": {"uv": [4.25, 0.75, 4.5, 2.25], "rotation": 270, "texture": "#3"},
				"down": {"uv": [4.25, 2.25, 4.5, 0.75], "rotation": 90, "texture": "#3"}
			}
		},
		{
			"name": "crossbow_wheel_18",
			"from": [2.5, 2.625, 3.25],
			"to": [5.75, 2.875, 3.5],
			"rotation": {"angle": -22.5, "axis": "y", "origin": [4.25, 2.75, 1.375]},
			"faces": {
				"north": {"uv": [0.5, 1, 0.75, 4.25], "rotation": 90, "texture": "#3"},
				"east": {"uv": [0.5, 4, 0.75, 4.25], "texture": "#3"},
				"south": {"uv": [0.5, 1, 0.75, 4.25], "rotation": 270, "texture": "#3"},
				"west": {"uv": [0.75, 1, 0.5, 1.25], "texture": "#3"},
				"up": {"uv": [0.5, 1, 0.75, 4.25], "rotation": 270, "texture": "#3"},
				"down": {"uv": [0.5, 4.25, 0.75, 1], "rotation": 90, "texture": "#3"}
			}
		},
		{
			"name": "crossbow_wheel_19",
			"from": [2.5, 2.625, 2.25],
			"to": [2.75, 2.875, 2.75],
			"rotation": {"angle": -22.5, "axis": "y", "origin": [4.25, 2.75, 1.375]},
			"faces": {
				"north": {"uv": [1.5, 1, 1.75, 1.25], "rotation": 90, "texture": "#3"},
				"east": {"uv": [1.25, 1, 1.75, 1.25], "texture": "#3"},
				"south": {"uv": [1.25, 1, 1.5, 1.25], "rotation": 270, "texture": "#3"},
				"west": {"uv": [1.75, 1, 1.25, 1.25], "texture": "#3"},
				"up": {"uv": [1.25, 1, 1.75, 1.25], "rotation": 270, "texture": "#3"},
				"down": {"uv": [1.25, 1.25, 1.75, 1], "rotation": 90, "texture": "#3"}
			}
		},
		{
			"name": "crossbow_wheel_20",
			"from": [2.5, 2.625, -0.75],
			"to": [5.75, 2.875, -0.5],
			"rotation": {"angle": -22.5, "axis": "y", "origin": [4.25, 2.75, 1.375]},
			"faces": {
				"north": {"uv": [4.5, 1, 4.75, 4.25], "rotation": 90, "texture": "#3"},
				"east": {"uv": [4.5, 4, 4.75, 4.25], "texture": "#3"},
				"south": {"uv": [4.5, 1, 4.75, 4.25], "rotation": 270, "texture": "#3"},
				"west": {"uv": [4.75, 1, 4.5, 1.25], "texture": "#3"},
				"up": {"uv": [4.5, 1, 4.75, 4.25], "rotation": 270, "texture": "#3"},
				"down": {"uv": [4.5, 4.25, 4.75, 1], "rotation": 90, "texture": "#3"}
			}
		},
		{
			"name": "crossbow_wheel_24",
			"from": [2.75, 2.625, 3.5],
			"to": [5.5, 2.875, 3.75],
			"rotation": {"angle": -22.5, "axis": "y", "origin": [4.25, 2.75, 1.375]},
			"faces": {
				"north": {"uv": [0.25, 1.25, 0.5, 4], "rotation": 90, "texture": "#3"},
				"east": {"uv": [0.25, 3.75, 0.5, 4], "texture": "#3"},
				"south": {"uv": [0.25, 1.25, 0.5, 4], "rotation": 270, "texture": "#3"},
				"west": {"uv": [0.5, 1.25, 0.25, 1.5], "texture": "#3"},
				"up": {"uv": [0.25, 1.25, 0.5, 4], "rotation": 270, "texture": "#3"},
				"down": {"uv": [0.25, 4, 0.5, 1.25], "rotation": 90, "texture": "#3"}
			}
		},
		{
			"name": "crossbow_wheel_25",
			"from": [2.75, 2.625, 2.5],
			"to": [3, 2.875, 2.75],
			"rotation": {"angle": -22.5, "axis": "y", "origin": [4.25, 2.75, 1.375]},
			"faces": {
				"north": {"uv": [1.25, 1.25, 1.5, 1.5], "rotation": 90, "texture": "#3"},
				"east": {"uv": [1.25, 1.25, 1.5, 1.5], "texture": "#3"},
				"south": {"uv": [1.25, 1.25, 1.5, 1.5], "rotation": 270, "texture": "#3"},
				"west": {"uv": [1.5, 1.25, 1.25, 1.5], "texture": "#3"},
				"up": {"uv": [1.25, 1.25, 1.5, 1.5], "rotation": 270, "texture": "#3"},
				"down": {"uv": [1.25, 1.5, 1.5, 1.25], "rotation": 90, "texture": "#3"}
			}
		},
		{
			"name": "crossbow_wheel_26",
			"from": [2.75, 2.625, 0.5],
			"to": [3, 2.875, 0.75],
			"rotation": {"angle": -22.5, "axis": "y", "origin": [4.25, 2.75, 1.375]},
			"faces": {
				"north": {"uv": [3.25, 1.25, 3.5, 1.5], "rotation": 90, "texture": "#3"},
				"east": {"uv": [3.25, 1.25, 3.5, 1.5], "texture": "#3"},
				"south": {"uv": [3.25, 1.25, 3.5, 1.5], "rotation": 270, "texture": "#3"},
				"west": {"uv": [3.5, 1.25, 3.25, 1.5], "texture": "#3"},
				"up": {"uv": [3.25, 1.25, 3.5, 1.5], "rotation": 270, "texture": "#3"},
				"down": {"uv": [3.25, 1.5, 3.5, 1.25], "rotation": 90, "texture": "#3"}
			}
		},
		{
			"name": "crossbow_wheel_27",
			"from": [2.75, 2.625, 0],
			"to": [3, 2.875, 0.25],
			"rotation": {"angle": -22.5, "axis": "y", "origin": [4.25, 2.75, 1.375]},
			"faces": {
				"north": {"uv": [3.75, 1.25, 4, 1.5], "rotation": 90, "texture": "#3"},
				"east": {"uv": [3.75, 1.25, 4, 1.5], "texture": "#3"},
				"south": {"uv": [3.75, 1.25, 4, 1.5], "rotation": 270, "texture": "#3"},
				"west": {"uv": [4, 1.25, 3.75, 1.5], "texture": "#3"},
				"up": {"uv": [3.75, 1.25, 4, 1.5], "rotation": 270, "texture": "#3"},
				"down": {"uv": [3.75, 1.5, 4, 1.25], "rotation": 90, "texture": "#3"}
			}
		},
		{
			"name": "crossbow_wheel_28",
			"from": [2.75, 2.625, -1],
			"to": [5.5, 2.875, -0.75],
			"rotation": {"angle": -22.5, "axis": "y", "origin": [4.25, 2.75, 1.375]},
			"faces": {
				"north": {"uv": [4.75, 1.25, 5, 4], "rotation": 90, "texture": "#3"},
				"east": {"uv": [4.75, 3.75, 5, 4], "texture": "#3"},
				"south": {"uv": [4.75, 1.25, 5, 4], "rotation": 270, "texture": "#3"},
				"west": {"uv": [5, 1.25, 4.75, 1.5], "texture": "#3"},
				"up": {"uv": [4.75, 1.25, 5, 4], "rotation": 270, "texture": "#3"},
				"down": {"uv": [4.75, 4, 5, 1.25], "rotation": 90, "texture": "#3"}
			}
		},
		{
			"name": "crossbow_wheel_34",
			"from": [3, 2.625, 1.25],
			"to": [5.25, 2.875, 1.5],
			"rotation": {"angle": -22.5, "axis": "y", "origin": [4.25, 2.75, 1.375]},
			"faces": {
				"north": {"uv": [2.5, 1.5, 2.75, 3.75], "rotation": 90, "texture": "#3"},
				"east": {"uv": [2.5, 3.5, 2.75, 3.75], "texture": "#3"},
				"south": {"uv": [2.5, 1.5, 2.75, 3.75], "rotation": 270, "texture": "#3"},
				"west": {"uv": [2.75, 1.5, 2.5, 1.75], "texture": "#3"},
				"up": {"uv": [2.5, 1.5, 2.75, 3.75], "rotation": 270, "texture": "#3"},
				"down": {"uv": [2.5, 3.75, 2.75, 1.5], "rotation": 90, "texture": "#3"}
			}
		},
		{
			"name": "crossbow_wheel_36",
			"from": [3.25, 2.625, 2.5],
			"to": [4, 2.875, 2.75],
			"rotation": {"angle": -22.5, "axis": "y", "origin": [4.25, 2.75, 1.375]},
			"faces": {
				"north": {"uv": [1.25, 1.75, 1.5, 2.5], "rotation": 90, "texture": "#3"},
				"east": {"uv": [1.25, 2.25, 1.5, 2.5], "texture": "#3"},
				"south": {"uv": [1.25, 1.75, 1.5, 2.5], "rotation": 270, "texture": "#3"},
				"west": {"uv": [1.5, 1.75, 1.25, 2], "texture": "#3"},
				"up": {"uv": [1.25, 1.75, 1.5, 2.5], "rotation": 270, "texture": "#3"},
				"down": {"uv": [1.25, 2.5, 1.5, 1.75], "rotation": 90, "texture": "#3"}
			}
		},
		{
			"name": "crossbow_wheel_37",
			"from": [3.25, 2.625, 1.5],
			"to": [6.75, 2.875, 1.75],
			"rotation": {"angle": -22.5, "axis": "y", "origin": [4.25, 2.75, 1.375]},
			"faces": {
				"north": {"uv": [2.25, 1.75, 2.5, 5.25], "rotation": 90, "texture": "#3"},
				"east": {"uv": [2.25, 5, 2.5, 5.25], "texture": "#3"},
				"south": {"uv": [2.25, 1.75, 2.5, 5.25], "rotation": 270, "texture": "#3"},
				"west": {"uv": [2.5, 1.75, 2.25, 2], "texture": "#3"},
				"up": {"uv": [2.25, 1.75, 2.5, 5.25], "rotation": 270, "texture": "#3"},
				"down": {"uv": [2.25, 5.25, 2.5, 1.75], "rotation": 90, "texture": "#3"}
			}
		},
		{
			"name": "crossbow_wheel_38",
			"from": [3.25, 2.625, 1],
			"to": [5, 2.875, 1.25],
			"rotation": {"angle": -22.5, "axis": "y", "origin": [4.25, 2.75, 1.375]},
			"faces": {
				"north": {"uv": [2.75, 1.75, 3, 3.5], "rotation": 90, "texture": "#3"},
				"east": {"uv": [2.75, 3.25, 3, 3.5], "texture": "#3"},
				"south": {"uv": [2.75, 1.75, 3, 3.5], "rotation": 270, "texture": "#3"},
				"west": {"uv": [3, 1.75, 2.75, 2], "texture": "#3"},
				"up": {"uv": [2.75, 1.75, 3, 3.5], "rotation": 270, "texture": "#3"},
				"down": {"uv": [2.75, 3.5, 3, 1.75], "rotation": 90, "texture": "#3"}
			}
		},
		{
			"name": "crossbow_wheel_42",
			"from": [3.5, 2.625, 3.75],
			"to": [4.75, 2.875, 4],
			"rotation": {"angle": -22.5, "axis": "y", "origin": [4.25, 2.75, 1.375]},
			"faces": {
				"north": {"uv": [0, 2, 0.25, 3.25], "rotation": 90, "texture": "#3"},
				"east": {"uv": [0, 3, 0.25, 3.25], "texture": "#3"},
				"south": {"uv": [0, 2, 0.25, 3.25], "rotation": 270, "texture": "#3"},
				"west": {"uv": [0.25, 2, 0, 2.25], "texture": "#3"},
				"up": {"uv": [0, 2, 0.25, 3.25], "rotation": 270, "texture": "#3"},
				"down": {"uv": [0, 3.25, 0.25, 2], "rotation": 90, "texture": "#3"}
			}
		},
		{
			"name": "crossbow_wheel_43",
			"from": [3.5, 2.625, 2.25],
			"to": [4.25, 2.875, 2.5],
			"rotation": {"angle": -22.5, "axis": "y", "origin": [4.25, 2.75, 1.375]},
			"faces": {
				"north": {"uv": [1.5, 2, 1.75, 2.75], "rotation": 90, "texture": "#3"},
				"east": {"uv": [1.5, 2.5, 1.75, 2.75], "texture": "#3"},
				"south": {"uv": [1.5, 2, 1.75, 2.75], "rotation": 270, "texture": "#3"},
				"west": {"uv": [1.75, 2, 1.5, 2.25], "texture": "#3"},
				"up": {"uv": [1.5, 2, 1.75, 2.75], "rotation": 270, "texture": "#3"},
				"down": {"uv": [1.5, 2.75, 1.75, 2], "rotation": 90, "texture": "#3"}
			}
		},
		{
			"name": "crossbow_wheel_44",
			"from": [3.5, 2.625, -1.25],
			"to": [4.75, 2.875, -1],
			"rotation": {"angle": -22.5, "axis": "y", "origin": [4.25, 2.75, 1.375]},
			"faces": {
				"north": {"uv": [5, 2, 5.25, 3.25], "rotation": 90, "texture": "#3"},
				"east": {"uv": [5, 3, 5.25, 3.25], "texture": "#3"},
				"south": {"uv": [5, 2, 5.25, 3.25], "rotation": 270, "texture": "#3"},
				"west": {"uv": [5.25, 2, 5, 2.25], "texture": "#3"},
				"up": {"uv": [5, 2, 5.25, 3.25], "rotation": 270, "texture": "#3"},
				"down": {"uv": [5, 3.25, 5.25, 2], "rotation": 90, "texture": "#3"}
			}
		},
		{
			"name": "crossbow_wheel_48",
			"from": [3.75, 2.625, 1.75],
			"to": [4.5, 2.875, 2.25],
			"rotation": {"angle": -22.5, "axis": "y", "origin": [4.25, 2.75, 1.375]},
			"faces": {
				"north": {"uv": [2, 2.25, 2.25, 3], "rotation": 90, "texture": "#3"},
				"east": {"uv": [1.75, 2.75, 2.25, 3], "texture": "#3"},
				"south": {"uv": [1.75, 2.25, 2, 3], "rotation": 270, "texture": "#3"},
				"west": {"uv": [2.25, 2.25, 1.75, 2.5], "texture": "#3"},
				"up": {"uv": [1.75, 2.25, 2.25, 3], "rotation": 270, "texture": "#3"},
				"down": {"uv": [1.75, 3, 2.25, 2.25], "rotation": 90, "texture": "#3"}
			}
		},
		{
			"name": "crossbow_wheel_49",
			"from": [3.75, 2.625, 0.5],
			"to": [4.5, 2.875, 1],
			"rotation": {"angle": -22.5, "axis": "y", "origin": [4.25, 2.75, 1.375]},
			"faces": {
				"north": {"uv": [3.25, 2.25, 3.5, 3], "rotation": 90, "texture": "#3"},
				"east": {"uv": [3, 2.75, 3.5, 3], "texture": "#3"},
				"south": {"uv": [3, 2.25, 3.25, 3], "rotation": 270, "texture": "#3"},
				"west": {"uv": [3.5, 2.25, 3, 2.5], "texture": "#3"},
				"up": {"uv": [3, 2.25, 3.5, 3], "rotation": 270, "texture": "#3"},
				"down": {"uv": [3, 3, 3.5, 2.25], "rotation": 90, "texture": "#3"}
			}
		},
		{
			"name": "crossbow_wheel_52",
			"from": [4, 2.625, 0.25],
			"to": [4.75, 2.875, 0.5],
			"rotation": {"angle": -22.5, "axis": "y", "origin": [4.25, 2.75, 1.375]},
			"faces": {
				"north": {"uv": [3.5, 2.5, 3.75, 3.25], "rotation": 90, "texture": "#3"},
				"east": {"uv": [3.5, 3, 3.75, 3.25], "texture": "#3"},
				"south": {"uv": [3.5, 2.5, 3.75, 3.25], "rotation": 270, "texture": "#3"},
				"west": {"uv": [3.75, 2.5, 3.5, 2.75], "texture": "#3"},
				"up": {"uv": [3.5, 2.5, 3.75, 3.25], "rotation": 270, "texture": "#3"},
				"down": {"uv": [3.5, 3.25, 3.75, 2.5], "rotation": 90, "texture": "#3"}
			}
		},
		{
			"name": "crossbow_wheel_54",
			"from": [4.25, 2.625, -0.5],
			"to": [5, 2.875, 0.25],
			"rotation": {"angle": -22.5, "axis": "y", "origin": [4.25, 2.75, 1.375]},
			"faces": {
				"north": {"uv": [4.25, 2.75, 4.5, 3.5], "rotation": 90, "texture": "#3"},
				"east": {"uv": [3.75, 3.25, 4.5, 3.5], "texture": "#3"},
				"south": {"uv": [3.75, 2.75, 4, 3.5], "rotation": 270, "texture": "#3"},
				"west": {"uv": [4.5, 2.75, 3.75, 3], "texture": "#3"},
				"up": {"uv": [3.75, 2.75, 4.5, 3.5], "rotation": 270, "texture": "#3"},
				"down": {"uv": [3.75, 3.5, 4.5, 2.75], "rotation": 90, "texture": "#3"}
			}
		},
		{
			"name": "crossbow_wheel_56",
			"from": [4.5, 2.625, 3],
			"to": [6, 2.875, 3.25],
			"rotation": {"angle": -22.5, "axis": "y", "origin": [4.25, 2.75, 1.375]},
			"faces": {
				"north": {"uv": [0.75, 3, 1, 4.5], "rotation": 90, "texture": "#3"},
				"east": {"uv": [0.75, 4.25, 1, 4.5], "texture": "#3"},
				"south": {"uv": [0.75, 3, 1, 4.5], "rotation": 270, "texture": "#3"},
				"west": {"uv": [1, 3, 0.75, 3.25], "texture": "#3"},
				"up": {"uv": [0.75, 3, 1, 4.5], "rotation": 270, "texture": "#3"},
				"down": {"uv": [0.75, 4.5, 1, 3], "rotation": 90, "texture": "#3"}
			}
		},
		{
			"name": "crossbow_wheel_58",
			"from": [5, 2.625, 2.75],
			"to": [6.25, 2.875, 3],
			"rotation": {"angle": -22.5, "axis": "y", "origin": [4.25, 2.75, 1.375]},
			"faces": {
				"north": {"uv": [1, 3.5, 1.25, 4.75], "rotation": 90, "texture": "#3"},
				"east": {"uv": [1, 4.5, 1.25, 4.75], "texture": "#3"},
				"south": {"uv": [1, 3.5, 1.25, 4.75], "rotation": 270, "texture": "#3"},
				"west": {"uv": [1.25, 3.5, 1, 3.75], "texture": "#3"},
				"up": {"uv": [1, 3.5, 1.25, 4.75], "rotation": 270, "texture": "#3"},
				"down": {"uv": [1, 4.75, 1.25, 3.5], "rotation": 90, "texture": "#3"}
			}
		},
		{
			"name": "crossbow_wheel_59",
			"from": [5, 2.625, 1.75],
			"to": [6.75, 2.875, 2],
			"rotation": {"angle": -22.5, "axis": "y", "origin": [4.25, 2.75, 1.375]},
			"faces": {
				"north": {"uv": [2, 3.5, 2.25, 5.25], "rotation": 90, "texture": "#3"},
				"east": {"uv": [2, 5, 2.25, 5.25], "texture": "#3"},
				"south": {"uv": [2, 3.5, 2.25, 5.25], "rotation": 270, "texture": "#3"},
				"west": {"uv": [2.25, 3.5, 2, 3.75], "texture": "#3"},
				"up": {"uv": [2, 3.5, 2.25, 5.25], "rotation": 270, "texture": "#3"},
				"down": {"uv": [2, 5.25, 2.25, 3.5], "rotation": 90, "texture": "#3"}
			}
		},
		{
			"name": "crossbow_wheel_60",
			"from": [5, 2.625, -0.5],
			"to": [6, 2.875, 0],
			"rotation": {"angle": -22.5, "axis": "y", "origin": [4.25, 2.75, 1.375]},
			"faces": {
				"north": {"uv": [4.25, 3.5, 4.5, 4.5], "rotation": 90, "texture": "#3"},
				"east": {"uv": [4, 4.25, 4.5, 4.5], "texture": "#3"},
				"south": {"uv": [4, 3.5, 4.25, 4.5], "rotation": 270, "texture": "#3"},
				"west": {"uv": [4.5, 3.5, 4, 3.75], "texture": "#3"},
				"up": {"uv": [4, 3.5, 4.5, 4.5], "rotation": 270, "texture": "#3"},
				"down": {"uv": [4, 4.5, 4.5, 3.5], "rotation": 90, "texture": "#3"}
			}
		},
		{
			"name": "crossbow_wheel_64",
			"from": [5.25, 2.625, 2.5],
			"to": [6.5, 2.875, 2.75],
			"rotation": {"angle": -22.5, "axis": "y", "origin": [4.25, 2.75, 1.375]},
			"faces": {
				"north": {"uv": [1.25, 3.75, 1.5, 5], "rotation": 90, "texture": "#3"},
				"east": {"uv": [1.25, 4.75, 1.5, 5], "texture": "#3"},
				"south": {"uv": [1.25, 3.75, 1.5, 5], "rotation": 270, "texture": "#3"},
				"west": {"uv": [1.5, 3.75, 1.25, 4], "texture": "#3"},
				"up": {"uv": [1.25, 3.75, 1.5, 5], "rotation": 270, "texture": "#3"},
				"down": {"uv": [1.25, 5, 1.5, 3.75], "rotation": 90, "texture": "#3"}
			}
		},
		{
			"name": "crossbow_wheel_65",
			"from": [5.25, 2.625, 2],
			"to": [6.5, 2.875, 2.25],
			"rotation": {"angle": -22.5, "axis": "y", "origin": [4.25, 2.75, 1.375]},
			"faces": {
				"north": {"uv": [1.75, 3.75, 2, 5], "rotation": 90, "texture": "#3"},
				"east": {"uv": [1.75, 4.75, 2, 5], "texture": "#3"},
				"south": {"uv": [1.75, 3.75, 2, 5], "rotation": 270, "texture": "#3"},
				"west": {"uv": [2, 3.75, 1.75, 4], "texture": "#3"},
				"up": {"uv": [1.75, 3.75, 2, 5], "rotation": 270, "texture": "#3"},
				"down": {"uv": [1.75, 5, 2, 3.75], "rotation": 90, "texture": "#3"}
			}
		},
		{
			"name": "crossbow_wheel_66",
			"from": [5.25, 2.625, 0],
			"to": [6.5, 2.875, 0.25],
			"rotation": {"angle": -22.5, "axis": "y", "origin": [4.25, 2.75, 1.375]},
			"faces": {
				"north": {"uv": [3.75, 3.75, 4, 5], "rotation": 90, "texture": "#3"},
				"east": {"uv": [3.75, 4.75, 4, 5], "texture": "#3"},
				"south": {"uv": [3.75, 3.75, 4, 5], "rotation": 270, "texture": "#3"},
				"west": {"uv": [4, 3.75, 3.75, 4], "texture": "#3"},
				"up": {"uv": [3.75, 3.75, 4, 5], "rotation": 270, "texture": "#3"},
				"down": {"uv": [3.75, 5, 4, 3.75], "rotation": 90, "texture": "#3"}
			}
		},
		{
			"name": "crossbow_wheel_70",
			"from": [5.5, 2.625, 2.25],
			"to": [6.5, 2.875, 2.5],
			"rotation": {"angle": -22.5, "axis": "y", "origin": [4.25, 2.75, 1.375]},
			"faces": {
				"north": {"uv": [1.5, 4, 1.75, 5], "rotation": 90, "texture": "#3"},
				"east": {"uv": [1.5, 4.75, 1.75, 5], "texture": "#3"},
				"south": {"uv": [1.5, 4, 1.75, 5], "rotation": 270, "texture": "#3"},
				"west": {"uv": [1.75, 4, 1.5, 4.25], "texture": "#3"},
				"up": {"uv": [1.5, 4, 1.75, 5], "rotation": 270, "texture": "#3"},
				"down": {"uv": [1.5, 5, 1.75, 4], "rotation": 90, "texture": "#3"}
			}
		},
		{
			"name": "crossbow_wheel_71",
			"from": [5.5, 2.625, 0.25],
			"to": [6.5, 2.875, 0.5],
			"rotation": {"angle": -22.5, "axis": "y", "origin": [4.25, 2.75, 1.375]},
			"faces": {
				"north": {"uv": [3.5, 4, 3.75, 5], "rotation": 90, "texture": "#3"},
				"east": {"uv": [3.5, 4.75, 3.75, 5], "texture": "#3"},
				"south": {"uv": [3.5, 4, 3.75, 5], "rotation": 270, "texture": "#3"},
				"west": {"uv": [3.75, 4, 3.5, 4.25], "texture": "#3"},
				"up": {"uv": [3.5, 4, 3.75, 5], "rotation": 270, "texture": "#3"},
				"down": {"uv": [3.5, 5, 3.75, 4], "rotation": 90, "texture": "#3"}
			}
		},
		{
			"name": "crossbow_wheel_74",
			"from": [5.75, 2.625, 0.5],
			"to": [6.5, 2.875, 1],
			"rotation": {"angle": -22.5, "axis": "y", "origin": [4.25, 2.75, 1.375]},
			"faces": {
				"north": {"uv": [3.25, 4.25, 3.5, 5], "rotation": 90, "texture": "#3"},
				"east": {"uv": [3, 4.75, 3.5, 5], "texture": "#3"},
				"south": {"uv": [3, 4.25, 3.25, 5], "rotation": 270, "texture": "#3"},
				"west": {"uv": [3.5, 4.25, 3, 4.5], "texture": "#3"},
				"up": {"uv": [3, 4.25, 3.5, 5], "rotation": 270, "texture": "#3"},
				"down": {"uv": [3, 5, 3.5, 4.25], "rotation": 90, "texture": "#3"}
			}
		},
		{
			"name": "crossbow_wheel_76",
			"from": [6, 2.625, 1],
			"to": [6.75, 2.875, 1.5],
			"rotation": {"angle": -22.5, "axis": "y", "origin": [4.25, 2.75, 1.375]},
			"faces": {
				"north": {"uv": [2.75, 4.5, 3, 5.25], "rotation": 90, "texture": "#3"},
				"east": {"uv": [2.5, 5, 3, 5.25], "texture": "#3"},
				"south": {"uv": [2.5, 4.5, 2.75, 5.25], "rotation": 270, "texture": "#3"},
				"west": {"uv": [3, 4.5, 2.5, 4.75], "texture": "#3"},
				"up": {"uv": [2.5, 4.5, 3, 5.25], "rotation": 270, "texture": "#3"},
				"down": {"uv": [2.5, 5.25, 3, 4.5], "rotation": 90, "texture": "#3"}
			}
		},
		{
			"name": "crossbow_wheel_77",
			"from": [6, 2.625, -0.25],
			"to": [6.25, 2.875, 0],
			"rotation": {"angle": -22.5, "axis": "y", "origin": [4.25, 2.75, 1.375]},
			"faces": {
				"north": {"uv": [4, 4.5, 4.25, 4.75], "rotation": 90, "texture": "#3"},
				"east": {"uv": [4, 4.5, 4.25, 4.75], "texture": "#3"},
				"south": {"uv": [4, 4.5, 4.25, 4.75], "rotation": 270, "texture": "#3"},
				"west": {"uv": [4.25, 4.5, 4, 4.75], "texture": "#3"},
				"up": {"uv": [4, 4.5, 4.25, 4.75], "rotation": 270, "texture": "#3"},
				"down": {"uv": [4, 4.75, 4.25, 4.5], "rotation": 90, "texture": "#3"}
			}
		},
		{
			"name": "crossbow_wheel_80",
			"from": [6.5, 2.625, 0.75],
			"to": [6.75, 2.875, 1],
			"rotation": {"angle": -22.5, "axis": "y", "origin": [4.25, 2.75, 1.375]},
			"faces": {
				"north": {"uv": [3, 5, 3.25, 5.25], "rotation": 90, "texture": "#3"},
				"east": {"uv": [3, 5, 3.25, 5.25], "texture": "#3"},
				"south": {"uv": [3, 5, 3.25, 5.25], "rotation": 270, "texture": "#3"},
				"west": {"uv": [3.25, 5, 3, 5.25], "texture": "#3"},
				"up": {"uv": [3, 5, 3.25, 5.25], "rotation": 270, "texture": "#3"},
				"down": {"uv": [3, 5.25, 3.25, 5], "rotation": 90, "texture": "#3"}
			}
		},
		{
			"name": "crossbow_wheel_1",
			"from": [13.75, 2.625, 0.75],
			"to": [14.5, 2.875, 2],
			"rotation": {"angle": 22.5, "axis": "y", "origin": [11.75, 2.75, 1.375]},
			"faces": {
				"north": {"uv": [2, 0, 2.25, 0.75], "rotation": 270, "texture": "#3"},
				"east": {"uv": [3.25, 0, 2, 0.25], "texture": "#3"},
				"south": {"uv": [3, 0, 3.25, 0.75], "rotation": 90, "texture": "#3"},
				"west": {"uv": [2, 0.5, 3.25, 0.75], "texture": "#3"},
				"up": {"uv": [2, 0, 3.25, 0.75], "rotation": 90, "texture": "#3"},
				"down": {"uv": [2, 0.75, 3.25, 0], "rotation": 270, "texture": "#3"}
			}
		},
		{
			"name": "crossbow_wheel_3",
			"from": [13.5, 2.625, 0],
			"to": [14.25, 2.875, 0.75],
			"rotation": {"angle": 22.5, "axis": "y", "origin": [11.75, 2.75, 1.375]},
			"faces": {
				"north": {"uv": [1.25, 0.25, 1.5, 1], "rotation": 270, "texture": "#3"},
				"east": {"uv": [2, 0.25, 1.25, 0.5], "texture": "#3"},
				"south": {"uv": [1.75, 0.25, 2, 1], "rotation": 90, "texture": "#3"},
				"west": {"uv": [1.25, 0.75, 2, 1], "texture": "#3"},
				"up": {"uv": [1.25, 0.25, 2, 1], "rotation": 90, "texture": "#3"},
				"down": {"uv": [1.25, 1, 2, 0.25], "rotation": 270, "texture": "#3"}
			}
		},
		{
			"name": "crossbow_wheel_4",
			"from": [13.25, 2.625, 2],
			"to": [14.25, 2.875, 2.75],
			"rotation": {"angle": 22.5, "axis": "y", "origin": [11.75, 2.75, 1.375]},
			"faces": {
				"north": {"uv": [3.25, 0.25, 3.5, 1.25], "rotation": 270, "texture": "#3"},
				"east": {"uv": [4, 0.25, 3.25, 0.5], "texture": "#3"},
				"south": {"uv": [3.75, 0.25, 4, 1.25], "rotation": 90, "texture": "#3"},
				"west": {"uv": [3.25, 1, 4, 1.25], "texture": "#3"},
				"up": {"uv": [3.25, 0.25, 4, 1.25], "rotation": 90, "texture": "#3"},
				"down": {"uv": [3.25, 1.25, 4, 0.25], "rotation": 270, "texture": "#3"}
			}
		},
		{
			"name": "crossbow_wheel_7",
			"from": [12, 2.625, -0.25],
			"to": [14, 2.875, 0],
			"rotation": {"angle": 22.5, "axis": "y", "origin": [11.75, 2.75, 1.375]},
			"faces": {
				"north": {"uv": [1, 0.5, 1.25, 2.5], "rotation": 270, "texture": "#3"},
				"east": {"uv": [1.25, 0.5, 1, 0.75], "texture": "#3"},
				"south": {"uv": [1, 0.5, 1.25, 2.5], "rotation": 90, "texture": "#3"},
				"west": {"uv": [1, 2.25, 1.25, 2.5], "texture": "#3"},
				"up": {"uv": [1, 0.5, 1.25, 2.5], "rotation": 90, "texture": "#3"},
				"down": {"uv": [1, 2.5, 1.25, 0.5], "rotation": 270, "texture": "#3"}
			}
		},
		{
			"name": "crossbow_wheel_8",
			"from": [12.75, 2.625, 2.75],
			"to": [14, 2.875, 3],
			"rotation": {"angle": 22.5, "axis": "y", "origin": [11.75, 2.75, 1.375]},
			"faces": {
				"north": {"uv": [4, 0.5, 4.25, 1.75], "rotation": 270, "texture": "#3"},
				"east": {"uv": [4.25, 0.5, 4, 0.75], "texture": "#3"},
				"south": {"uv": [4, 0.5, 4.25, 1.75], "rotation": 90, "texture": "#3"},
				"west": {"uv": [4, 1.5, 4.25, 1.75], "texture": "#3"},
				"up": {"uv": [4, 0.5, 4.25, 1.75], "rotation": 90, "texture": "#3"},
				"down": {"uv": [4, 1.75, 4.25, 0.5], "rotation": 270, "texture": "#3"}
			}
		},
		{
			"name": "crossbow_wheel_11",
			"from": [12, 2.625, -0.5],
			"to": [13.75, 2.875, -0.25],
			"rotation": {"angle": 22.5, "axis": "y", "origin": [11.75, 2.75, 1.375]},
			"faces": {
				"north": {"uv": [0.75, 0.75, 1, 2.5], "rotation": 270, "texture": "#3"},
				"east": {"uv": [1, 0.75, 0.75, 1], "texture": "#3"},
				"south": {"uv": [0.75, 0.75, 1, 2.5], "rotation": 90, "texture": "#3"},
				"west": {"uv": [0.75, 2.25, 1, 2.5], "texture": "#3"},
				"up": {"uv": [0.75, 0.75, 1, 2.5], "rotation": 90, "texture": "#3"},
				"down": {"uv": [0.75, 2.5, 1, 0.75], "rotation": 270, "texture": "#3"}
			}
		},
		{
			"name": "crossbow_wheel_12",
			"from": [13.5, 2.625, 0.75],
			"to": [13.75, 2.875, 1],
			"rotation": {"angle": 22.5, "axis": "y", "origin": [11.75, 2.75, 1.375]},
			"faces": {
				"north": {"uv": [2, 0.75, 2.25, 1], "rotation": 270, "texture": "#3"},
				"east": {"uv": [2.25, 0.75, 2, 1], "texture": "#3"},
				"south": {"uv": [2, 0.75, 2.25, 1], "rotation": 90, "texture": "#3"},
				"west": {"uv": [2, 0.75, 2.25, 1], "texture": "#3"},
				"up": {"uv": [2, 0.75, 2.25, 1], "rotation": 90, "texture": "#3"},
				"down": {"uv": [2, 1, 2.25, 0.75], "rotation": 270, "texture": "#3"}
			}
		},
		{
			"name": "crossbow_wheel_13",
			"from": [12.75, 2.625, 1.5],
			"to": [13.75, 2.875, 2],
			"rotation": {"angle": 22.5, "axis": "y", "origin": [11.75, 2.75, 1.375]},
			"faces": {
				"north": {"uv": [2.75, 0.75, 3, 1.75], "rotation": 270, "texture": "#3"},
				"east": {"uv": [3.25, 0.75, 2.75, 1], "texture": "#3"},
				"south": {"uv": [3, 0.75, 3.25, 1.75], "rotation": 90, "texture": "#3"},
				"west": {"uv": [2.75, 1.5, 3.25, 1.75], "texture": "#3"},
				"up": {"uv": [2.75, 0.75, 3.25, 1.75], "rotation": 90, "texture": "#3"},
				"down": {"uv": [2.75, 1.75, 3.25, 0.75], "rotation": 270, "texture": "#3"}
			}
		},
		{
			"name": "crossbow_wheel_14",
			"from": [12.25, 2.625, 3],
			"to": [13.75, 2.875, 3.25],
			"rotation": {"angle": 22.5, "axis": "y", "origin": [11.75, 2.75, 1.375]},
			"faces": {
				"north": {"uv": [4.25, 0.75, 4.5, 2.25], "rotation": 270, "texture": "#3"},
				"east": {"uv": [4.5, 0.75, 4.25, 1], "texture": "#3"},
				"south": {"uv": [4.25, 0.75, 4.5, 2.25], "rotation": 90, "texture": "#3"},
				"west": {"uv": [4.25, 2, 4.5, 2.25], "texture": "#3"},
				"up": {"uv": [4.25, 0.75, 4.5, 2.25], "rotation": 90, "texture": "#3"},
				"down": {"uv": [4.25, 2.25, 4.5, 0.75], "rotation": 270, "texture": "#3"}
			}
		},
		{
			"name": "crossbow_wheel_19",
			"from": [10.25, 2.625, -0.75],
			"to": [13.5, 2.875, -0.5],
			"rotation": {"angle": 22.5, "axis": "y", "origin": [11.75, 2.75, 1.375]},
			"faces": {
				"north": {"uv": [0.5, 1, 0.75, 4.25], "rotation": 270, "texture": "#3"},
				"east": {"uv": [0.75, 1, 0.5, 1.25], "texture": "#3"},
				"south": {"uv": [0.5, 1, 0.75, 4.25], "rotation": 90, "texture": "#3"},
				"west": {"uv": [0.5, 4, 0.75, 4.25], "texture": "#3"},
				"up": {"uv": [0.5, 1, 0.75, 4.25], "rotation": 90, "texture": "#3"},
				"down": {"uv": [0.5, 4.25, 0.75, 1], "rotation": 270, "texture": "#3"}
			}
		},
		{
			"name": "crossbow_wheel_20",
			"from": [13.25, 2.625, 0],
			"to": [13.5, 2.875, 0.5],
			"rotation": {"angle": 22.5, "axis": "y", "origin": [11.75, 2.75, 1.375]},
			"faces": {
				"north": {"uv": [1.25, 1, 1.5, 1.25], "rotation": 270, "texture": "#3"},
				"east": {"uv": [1.75, 1, 1.25, 1.25], "texture": "#3"},
				"south": {"uv": [1.5, 1, 1.75, 1.25], "rotation": 90, "texture": "#3"},
				"west": {"uv": [1.25, 1, 1.75, 1.25], "texture": "#3"},
				"up": {"uv": [1.25, 1, 1.75, 1.25], "rotation": 90, "texture": "#3"},
				"down": {"uv": [1.25, 1.25, 1.75, 1], "rotation": 270, "texture": "#3"}
			}
		},
		{
			"name": "crossbow_wheel_21",
			"from": [10.25, 2.625, 3.25],
			"to": [13.5, 2.875, 3.5],
			"rotation": {"angle": 22.5, "axis": "y", "origin": [11.75, 2.75, 1.375]},
			"faces": {
				"north": {"uv": [4.5, 1, 4.75, 4.25], "rotation": 270, "texture": "#3"},
				"east": {"uv": [4.75, 1, 4.5, 1.25], "texture": "#3"},
				"south": {"uv": [4.5, 1, 4.75, 4.25], "rotation": 90, "texture": "#3"},
				"west": {"uv": [4.5, 4, 4.75, 4.25], "texture": "#3"},
				"up": {"uv": [4.5, 1, 4.75, 4.25], "rotation": 90, "texture": "#3"},
				"down": {"uv": [4.5, 4.25, 4.75, 1], "rotation": 270, "texture": "#3"}
			}
		},
		{
			"name": "crossbow_wheel_25",
			"from": [10.5, 2.625, -1],
			"to": [13.25, 2.875, -0.75],
			"rotation": {"angle": 22.5, "axis": "y", "origin": [11.75, 2.75, 1.375]},
			"faces": {
				"north": {"uv": [0.25, 1.25, 0.5, 4], "rotation": 270, "texture": "#3"},
				"east": {"uv": [0.5, 1.25, 0.25, 1.5], "texture": "#3"},
				"south": {"uv": [0.25, 1.25, 0.5, 4], "rotation": 90, "texture": "#3"},
				"west": {"uv": [0.25, 3.75, 0.5, 4], "texture": "#3"},
				"up": {"uv": [0.25, 1.25, 0.5, 4], "rotation": 90, "texture": "#3"},
				"down": {"uv": [0.25, 4, 0.5, 1.25], "rotation": 270, "texture": "#3"}
			}
		},
		{
			"name": "crossbow_wheel_26",
			"from": [13, 2.625, 0],
			"to": [13.25, 2.875, 0.25],
			"rotation": {"angle": 22.5, "axis": "y", "origin": [11.75, 2.75, 1.375]},
			"faces": {
				"north": {"uv": [1.25, 1.25, 1.5, 1.5], "rotation": 270, "texture": "#3"},
				"east": {"uv": [1.5, 1.25, 1.25, 1.5], "texture": "#3"},
				"south": {"uv": [1.25, 1.25, 1.5, 1.5], "rotation": 90, "texture": "#3"},
				"west": {"uv": [1.25, 1.25, 1.5, 1.5], "texture": "#3"},
				"up": {"uv": [1.25, 1.25, 1.5, 1.5], "rotation": 90, "texture": "#3"},
				"down": {"uv": [1.25, 1.5, 1.5, 1.25], "rotation": 270, "texture": "#3"}
			}
		},
		{
			"name": "crossbow_wheel_27",
			"from": [13, 2.625, 2],
			"to": [13.25, 2.875, 2.25],
			"rotation": {"angle": 22.5, "axis": "y", "origin": [11.75, 2.75, 1.375]},
			"faces": {
				"north": {"uv": [3.25, 1.25, 3.5, 1.5], "rotation": 270, "texture": "#3"},
				"east": {"uv": [3.5, 1.25, 3.25, 1.5], "texture": "#3"},
				"south": {"uv": [3.25, 1.25, 3.5, 1.5], "rotation": 90, "texture": "#3"},
				"west": {"uv": [3.25, 1.25, 3.5, 1.5], "texture": "#3"},
				"up": {"uv": [3.25, 1.25, 3.5, 1.5], "rotation": 90, "texture": "#3"},
				"down": {"uv": [3.25, 1.5, 3.5, 1.25], "rotation": 270, "texture": "#3"}
			}
		},
		{
			"name": "crossbow_wheel_28",
			"from": [13, 2.625, 2.5],
			"to": [13.25, 2.875, 2.75],
			"rotation": {"angle": 22.5, "axis": "y", "origin": [11.75, 2.75, 1.375]},
			"faces": {
				"north": {"uv": [3.75, 1.25, 4, 1.5], "rotation": 270, "texture": "#3"},
				"east": {"uv": [4, 1.25, 3.75, 1.5], "texture": "#3"},
				"south": {"uv": [3.75, 1.25, 4, 1.5], "rotation": 90, "texture": "#3"},
				"west": {"uv": [3.75, 1.25, 4, 1.5], "texture": "#3"},
				"up": {"uv": [3.75, 1.25, 4, 1.5], "rotation": 90, "texture": "#3"},
				"down": {"uv": [3.75, 1.5, 4, 1.25], "rotation": 270, "texture": "#3"}
			}
		},
		{
			"name": "crossbow_wheel_29",
			"from": [10.5, 2.625, 3.5],
			"to": [13.25, 2.875, 3.75],
			"rotation": {"angle": 22.5, "axis": "y", "origin": [11.75, 2.75, 1.375]},
			"faces": {
				"north": {"uv": [4.75, 1.25, 5, 4], "rotation": 270, "texture": "#3"},
				"east": {"uv": [5, 1.25, 4.75, 1.5], "texture": "#3"},
				"south": {"uv": [4.75, 1.25, 5, 4], "rotation": 90, "texture": "#3"},
				"west": {"uv": [4.75, 3.75, 5, 4], "texture": "#3"},
				"up": {"uv": [4.75, 1.25, 5, 4], "rotation": 90, "texture": "#3"},
				"down": {"uv": [4.75, 4, 5, 1.25], "rotation": 270, "texture": "#3"}
			}
		},
		{
			"name": "crossbow_wheel_35",
			"from": [10.75, 2.625, 1.25],
			"to": [13, 2.875, 1.5],
			"rotation": {"angle": 22.5, "axis": "y", "origin": [11.75, 2.75, 1.375]},
			"faces": {
				"north": {"uv": [2.5, 1.5, 2.75, 3.75], "rotation": 270, "texture": "#3"},
				"east": {"uv": [2.75, 1.5, 2.5, 1.75], "texture": "#3"},
				"south": {"uv": [2.5, 1.5, 2.75, 3.75], "rotation": 90, "texture": "#3"},
				"west": {"uv": [2.5, 3.5, 2.75, 3.75], "texture": "#3"},
				"up": {"uv": [2.5, 1.5, 2.75, 3.75], "rotation": 90, "texture": "#3"},
				"down": {"uv": [2.5, 3.75, 2.75, 1.5], "rotation": 270, "texture": "#3"}
			}
		},
		{
			"name": "crossbow_wheel_37",
			"from": [12, 2.625, 0],
			"to": [12.75, 2.875, 0.25],
			"rotation": {"angle": 22.5, "axis": "y", "origin": [11.75, 2.75, 1.375]},
			"faces": {
				"north": {"uv": [1.25, 1.75, 1.5, 2.5], "rotation": 270, "texture": "#3"},
				"east": {"uv": [1.5, 1.75, 1.25, 2], "texture": "#3"},
				"south": {"uv": [1.25, 1.75, 1.5, 2.5], "rotation": 90, "texture": "#3"},
				"west": {"uv": [1.25, 2.25, 1.5, 2.5], "texture": "#3"},
				"up": {"uv": [1.25, 1.75, 1.5, 2.5], "rotation": 90, "texture": "#3"},
				"down": {"uv": [1.25, 2.5, 1.5, 1.75], "rotation": 270, "texture": "#3"}
			}
		},
		{
			"name": "crossbow_wheel_38",
			"from": [9.25, 2.625, 1],
			"to": [12.75, 2.875, 1.25],
			"rotation": {"angle": 22.5, "axis": "y", "origin": [11.75, 2.75, 1.375]},
			"faces": {
				"north": {"uv": [2.25, 1.75, 2.5, 5.25], "rotation": 270, "texture": "#3"},
				"east": {"uv": [2.5, 1.75, 2.25, 2], "texture": "#3"},
				"south": {"uv": [2.25, 1.75, 2.5, 5.25], "rotation": 90, "texture": "#3"},
				"west": {"uv": [2.25, 5, 2.5, 5.25], "texture": "#3"},
				"up": {"uv": [2.25, 1.75, 2.5, 5.25], "rotation": 90, "texture": "#3"},
				"down": {"uv": [2.25, 5.25, 2.5, 1.75], "rotation": 270, "texture": "#3"}
			}
		},
		{
			"name": "crossbow_wheel_39",
			"from": [11, 2.625, 1.5],
			"to": [12.75, 2.875, 1.75],
			"rotation": {"angle": 22.5, "axis": "y", "origin": [11.75, 2.75, 1.375]},
			"faces": {
				"north": {"uv": [2.75, 1.75, 3, 3.5], "rotation": 270, "texture": "#3"},
				"east": {"uv": [3, 1.75, 2.75, 2], "texture": "#3"},
				"south": {"uv": [2.75, 1.75, 3, 3.5], "rotation": 90, "texture": "#3"},
				"west": {"uv": [2.75, 3.25, 3, 3.5], "texture": "#3"},
				"up": {"uv": [2.75, 1.75, 3, 3.5], "rotation": 90, "texture": "#3"},
				"down": {"uv": [2.75, 3.5, 3, 1.75], "rotation": 270, "texture": "#3"}
			}
		},
		{
			"name": "crossbow_wheel_43",
			"from": [11.25, 2.625, -1.25],
			"to": [12.5, 2.875, -1],
			"rotation": {"angle": 22.5, "axis": "y", "origin": [11.75, 2.75, 1.375]},
			"faces": {
				"north": {"uv": [0, 2, 0.25, 3.25], "rotation": 270, "texture": "#3"},
				"east": {"uv": [0.25, 2, 0, 2.25], "texture": "#3"},
				"south": {"uv": [0, 2, 0.25, 3.25], "rotation": 90, "texture": "#3"},
				"west": {"uv": [0, 3, 0.25, 3.25], "texture": "#3"},
				"up": {"uv": [0, 2, 0.25, 3.25], "rotation": 90, "texture": "#3"},
				"down": {"uv": [0, 3.25, 0.25, 2], "rotation": 270, "texture": "#3"}
			}
		},
		{
			"name": "crossbow_wheel_44",
			"from": [11.75, 2.625, 0.25],
			"to": [12.5, 2.875, 0.5],
			"rotation": {"angle": 22.5, "axis": "y", "origin": [11.75, 2.75, 1.375]},
			"faces": {
				"north": {"uv": [1.5, 2, 1.75, 2.75], "rotation": 270, "texture": "#3"},
				"east": {"uv": [1.75, 2, 1.5, 2.25], "texture": "#3"},
				"south": {"uv": [1.5, 2, 1.75, 2.75], "rotation": 90, "texture": "#3"},
				"west": {"uv": [1.5, 2.5, 1.75, 2.75], "texture": "#3"},
				"up": {"uv": [1.5, 2, 1.75, 2.75], "rotation": 90, "texture": "#3"},
				"down": {"uv": [1.5, 2.75, 1.75, 2], "rotation": 270, "texture": "#3"}
			}
		},
		{
			"name": "crossbow_wheel_45",
			"from": [11.25, 2.625, 3.75],
			"to": [12.5, 2.875, 4],
			"rotation": {"angle": 22.5, "axis": "y", "origin": [11.75, 2.75, 1.375]},
			"faces": {
				"north": {"uv": [5, 2, 5.25, 3.25], "rotation": 270, "texture": "#3"},
				"east": {"uv": [5.25, 2, 5, 2.25], "texture": "#3"},
				"south": {"uv": [5, 2, 5.25, 3.25], "rotation": 90, "texture": "#3"},
				"west": {"uv": [5, 3, 5.25, 3.25], "texture": "#3"},
				"up": {"uv": [5, 2, 5.25, 3.25], "rotation": 90, "texture": "#3"},
				"down": {"uv": [5, 3.25, 5.25, 2], "rotation": 270, "texture": "#3"}
			}
		},
		{
			"name": "crossbow_wheel_49",
			"from": [11.5, 2.625, 0.5],
			"to": [12.25, 2.875, 1],
			"rotation": {"angle": 22.5, "axis": "y", "origin": [11.75, 2.75, 1.375]},
			"faces": {
				"north": {"uv": [1.75, 2.25, 2, 3], "rotation": 270, "texture": "#3"},
				"east": {"uv": [2.25, 2.25, 1.75, 2.5], "texture": "#3"},
				"south": {"uv": [2, 2.25, 2.25, 3], "rotation": 90, "texture": "#3"},
				"west": {"uv": [1.75, 2.75, 2.25, 3], "texture": "#3"},
				"up": {"uv": [1.75, 2.25, 2.25, 3], "rotation": 90, "texture": "#3"},
				"down": {"uv": [1.75, 3, 2.25, 2.25], "rotation": 270, "texture": "#3"}
			}
		},
		{
			"name": "crossbow_wheel_50",
			"from": [11.5, 2.625, 1.75],
			"to": [12.25, 2.875, 2.25],
			"rotation": {"angle": 22.5, "axis": "y", "origin": [11.75, 2.75, 1.375]},
			"faces": {
				"north": {"uv": [3, 2.25, 3.25, 3], "rotation": 270, "texture": "#3"},
				"east": {"uv": [3.5, 2.25, 3, 2.5], "texture": "#3"},
				"south": {"uv": [3.25, 2.25, 3.5, 3], "rotation": 90, "texture": "#3"},
				"west": {"uv": [3, 2.75, 3.5, 3], "texture": "#3"},
				"up": {"uv": [3, 2.25, 3.5, 3], "rotation": 90, "texture": "#3"},
				"down": {"uv": [3, 3, 3.5, 2.25], "rotation": 270, "texture": "#3"}
			}
		},
		{
			"name": "crossbow_wheel_53",
			"from": [11.25, 2.625, 2.25],
			"to": [12, 2.875, 2.5],
			"rotation": {"angle": 22.5, "axis": "y", "origin": [11.75, 2.75, 1.375]},
			"faces": {
				"north": {"uv": [3.5, 2.5, 3.75, 3.25], "rotation": 270, "texture": "#3"},
				"east": {"uv": [3.75, 2.5, 3.5, 2.75], "texture": "#3"},
				"south": {"uv": [3.5, 2.5, 3.75, 3.25], "rotation": 90, "texture": "#3"},
				"west": {"uv": [3.5, 3, 3.75, 3.25], "texture": "#3"},
				"up": {"uv": [3.5, 2.5, 3.75, 3.25], "rotation": 90, "texture": "#3"},
				"down": {"uv": [3.5, 3.25, 3.75, 2.5], "rotation": 270, "texture": "#3"}
			}
		},
		{
			"name": "crossbow_wheel_55",
			"from": [11, 2.625, 2.5],
			"to": [11.75, 2.875, 3.25],
			"rotation": {"angle": 22.5, "axis": "y", "origin": [11.75, 2.75, 1.375]},
			"faces": {
				"north": {"uv": [3.75, 2.75, 4, 3.5], "rotation": 270, "texture": "#3"},
				"east": {"uv": [4.5, 2.75, 3.75, 3], "texture": "#3"},
				"south": {"uv": [4.25, 2.75, 4.5, 3.5], "rotation": 90, "texture": "#3"},
				"west": {"uv": [3.75, 3.25, 4.5, 3.5], "texture": "#3"},
				"up": {"uv": [3.75, 2.75, 4.5, 3.5], "rotation": 90, "texture": "#3"},
				"down": {"uv": [3.75, 3.5, 4.5, 2.75], "rotation": 270, "texture": "#3"}
			}
		},
		{
			"name": "crossbow_wheel_57",
			"from": [10, 2.625, -0.5],
			"to": [11.5, 2.875, -0.25],
			"rotation": {"angle": 22.5, "axis": "y", "origin": [11.75, 2.75, 1.375]},
			"faces": {
				"north": {"uv": [0.75, 3, 1, 4.5], "rotation": 270, "texture": "#3"},
				"east": {"uv": [1, 3, 0.75, 3.25], "texture": "#3"},
				"south": {"uv": [0.75, 3, 1, 4.5], "rotation": 90, "texture": "#3"},
				"west": {"uv": [0.75, 4.25, 1, 4.5], "texture": "#3"},
				"up": {"uv": [0.75, 3, 1, 4.5], "rotation": 90, "texture": "#3"},
				"down": {"uv": [0.75, 4.5, 1, 3], "rotation": 270, "texture": "#3"}
			}
		},
		{
			"name": "crossbow_wheel_59",
			"from": [9.75, 2.625, -0.25],
			"to": [11, 2.875, 0],
			"rotation": {"angle": 22.5, "axis": "y", "origin": [11.75, 2.75, 1.375]},
			"faces": {
				"north": {"uv": [1, 3.5, 1.25, 4.75], "rotation": 270, "texture": "#3"},
				"east": {"uv": [1.25, 3.5, 1, 3.75], "texture": "#3"},
				"south": {"uv": [1, 3.5, 1.25, 4.75], "rotation": 90, "texture": "#3"},
				"west": {"uv": [1, 4.5, 1.25, 4.75], "texture": "#3"},
				"up": {"uv": [1, 3.5, 1.25, 4.75], "rotation": 90, "texture": "#3"},
				"down": {"uv": [1, 4.75, 1.25, 3.5], "rotation": 270, "texture": "#3"}
			}
		},
		{
			"name": "crossbow_wheel_60",
			"from": [9.25, 2.625, 0.75],
			"to": [11, 2.875, 1],
			"rotation": {"angle": 22.5, "axis": "y", "origin": [11.75, 2.75, 1.375]},
			"faces": {
				"north": {"uv": [2, 3.5, 2.25, 5.25], "rotation": 270, "texture": "#3"},
				"east": {"uv": [2.25, 3.5, 2, 3.75], "texture": "#3"},
				"south": {"uv": [2, 3.5, 2.25, 5.25], "rotation": 90, "texture": "#3"},
				"west": {"uv": [2, 5, 2.25, 5.25], "texture": "#3"},
				"up": {"uv": [2, 3.5, 2.25, 5.25], "rotation": 90, "texture": "#3"},
				"down": {"uv": [2, 5.25, 2.25, 3.5], "rotation": 270, "texture": "#3"}
			}
		},
		{
			"name": "crossbow_wheel_61",
			"from": [10, 2.625, 2.75],
			"to": [11, 2.875, 3.25],
			"rotation": {"angle": 22.5, "axis": "y", "origin": [11.75, 2.75, 1.375]},
			"faces": {
				"north": {"uv": [4, 3.5, 4.25, 4.5], "rotation": 270, "texture": "#3"},
				"east": {"uv": [4.5, 3.5, 4, 3.75], "texture": "#3"},
				"south": {"uv": [4.25, 3.5, 4.5, 4.5], "rotation": 90, "texture": "#3"},
				"west": {"uv": [4, 4.25, 4.5, 4.5], "texture": "#3"},
				"up": {"uv": [4, 3.5, 4.5, 4.5], "rotation": 90, "texture": "#3"},
				"down": {"uv": [4, 4.5, 4.5, 3.5], "rotation": 270, "texture": "#3"}
			}
		},
		{
			"name": "crossbow_wheel_65",
			"from": [9.5, 2.625, 0],
			"to": [10.75, 2.875, 0.25],
			"rotation": {"angle": 22.5, "axis": "y", "origin": [11.75, 2.75, 1.375]},
			"faces": {
				"north": {"uv": [1.25, 3.75, 1.5, 5], "rotation": 270, "texture": "#3"},
				"east": {"uv": [1.5, 3.75, 1.25, 4], "texture": "#3"},
				"south": {"uv": [1.25, 3.75, 1.5, 5], "rotation": 90, "texture": "#3"},
				"west": {"uv": [1.25, 4.75, 1.5, 5], "texture": "#3"},
				"up": {"uv": [1.25, 3.75, 1.5, 5], "rotation": 90, "texture": "#3"},
				"down": {"uv": [1.25, 5, 1.5, 3.75], "rotation": 270, "texture": "#3"}
			}
		},
		{
			"name": "crossbow_wheel_66",
			"from": [9.5, 2.625, 0.5],
			"to": [10.75, 2.875, 0.75],
			"rotation": {"angle": 22.5, "axis": "y", "origin": [11.75, 2.75, 1.375]},
			"faces": {
				"north": {"uv": [1.75, 3.75, 2, 5], "rotation": 270, "texture": "#3"},
				"east": {"uv": [2, 3.75, 1.75, 4], "texture": "#3"},
				"south": {"uv": [1.75, 3.75, 2, 5], "rotation": 90, "texture": "#3"},
				"west": {"uv": [1.75, 4.75, 2, 5], "texture": "#3"},
				"up": {"uv": [1.75, 3.75, 2, 5], "rotation": 90, "texture": "#3"},
				"down": {"uv": [1.75, 5, 2, 3.75], "rotation": 270, "texture": "#3"}
			}
		},
		{
			"name": "crossbow_wheel_67",
			"from": [9.5, 2.625, 2.5],
			"to": [10.75, 2.875, 2.75],
			"rotation": {"angle": 22.5, "axis": "y", "origin": [11.75, 2.75, 1.375]},
			"faces": {
				"north": {"uv": [3.75, 3.75, 4, 5], "rotation": 270, "texture": "#3"},
				"east": {"uv": [4, 3.75, 3.75, 4], "texture": "#3"},
				"south": {"uv": [3.75, 3.75, 4, 5], "rotation": 90, "texture": "#3"},
				"west": {"uv": [3.75, 4.75, 4, 5], "texture": "#3"},
				"up": {"uv": [3.75, 3.75, 4, 5], "rotation": 90, "texture": "#3"},
				"down": {"uv": [3.75, 5, 4, 3.75], "rotation": 270, "texture": "#3"}
			}
		},
		{
			"name": "crossbow_wheel_71",
			"from": [9.5, 2.625, 0.25],
			"to": [10.5, 2.875, 0.5],
			"rotation": {"angle": 22.5, "axis": "y", "origin": [11.75, 2.75, 1.375]},
			"faces": {
				"north": {"uv": [1.5, 4, 1.75, 5], "rotation": 270, "texture": "#3"},
				"east": {"uv": [1.75, 4, 1.5, 4.25], "texture": "#3"},
				"south": {"uv": [1.5, 4, 1.75, 5], "rotation": 90, "texture": "#3"},
				"west": {"uv": [1.5, 4.75, 1.75, 5], "texture": "#3"},
				"up": {"uv": [1.5, 4, 1.75, 5], "rotation": 90, "texture": "#3"},
				"down": {"uv": [1.5, 5, 1.75, 4], "rotation": 270, "texture": "#3"}
			}
		},
		{
			"name": "crossbow_wheel_72",
			"from": [9.5, 2.625, 2.25],
			"to": [10.5, 2.875, 2.5],
			"rotation": {"angle": 22.5, "axis": "y", "origin": [11.75, 2.75, 1.375]},
			"faces": {
				"north": {"uv": [3.5, 4, 3.75, 5], "rotation": 270, "texture": "#3"},
				"east": {"uv": [3.75, 4, 3.5, 4.25], "texture": "#3"},
				"south": {"uv": [3.5, 4, 3.75, 5], "rotation": 90, "texture": "#3"},
				"west": {"uv": [3.5, 4.75, 3.75, 5], "texture": "#3"},
				"up": {"uv": [3.5, 4, 3.75, 5], "rotation": 90, "texture": "#3"},
				"down": {"uv": [3.5, 5, 3.75, 4], "rotation": 270, "texture": "#3"}
			}
		},
		{
			"name": "crossbow_wheel_75",
			"from": [9.5, 2.625, 1.75],
			"to": [10.25, 2.875, 2.25],
			"rotation": {"angle": 22.5, "axis": "y", "origin": [11.75, 2.75, 1.375]},
			"faces": {
				"north": {"uv": [3, 4.25, 3.25, 5], "rotation": 270, "texture": "#3"},
				"east": {"uv": [3.5, 4.25, 3, 4.5], "texture": "#3"},
				"south": {"uv": [3.25, 4.25, 3.5, 5], "rotation": 90, "texture": "#3"},
				"west": {"uv": [3, 4.75, 3.5, 5], "texture": "#3"},
				"up": {"uv": [3, 4.25, 3.5, 5], "rotation": 90, "texture": "#3"},
				"down": {"uv": [3, 5, 3.5, 4.25], "rotation": 270, "texture": "#3"}
			}
		},
		{
			"name": "crossbow_wheel_77",
			"from": [9.25, 2.625, 1.25],
			"to": [10, 2.875, 1.75],
			"rotation": {"angle": 22.5, "axis": "y", "origin": [11.75, 2.75, 1.375]},
			"faces": {
				"north": {"uv": [2.5, 4.5, 2.75, 5.25], "rotation": 270, "texture": "#3"},
				"east": {"uv": [3, 4.5, 2.5, 4.75], "texture": "#3"},
				"south": {"uv": [2.75, 4.5, 3, 5.25], "rotation": 90, "texture": "#3"},
				"west": {"uv": [2.5, 5, 3, 5.25], "texture": "#3"},
				"up": {"uv": [2.5, 4.5, 3, 5.25], "rotation": 90, "texture": "#3"},
				"down": {"uv": [2.5, 5.25, 3, 4.5], "rotation": 270, "texture": "#3"}
			}
		},
		{
			"name": "crossbow_wheel_78",
			"from": [9.75, 2.625, 2.75],
			"to": [10, 2.875, 3],
			"rotation": {"angle": 22.5, "axis": "y", "origin": [11.75, 2.75, 1.375]},
			"faces": {
				"north": {"uv": [4, 4.5, 4.25, 4.75], "rotation": 270, "texture": "#3"},
				"east": {"uv": [4.25, 4.5, 4, 4.75], "texture": "#3"},
				"south": {"uv": [4, 4.5, 4.25, 4.75], "rotation": 90, "texture": "#3"},
				"west": {"uv": [4, 4.5, 4.25, 4.75], "texture": "#3"},
				"up": {"uv": [4, 4.5, 4.25, 4.75], "rotation": 90, "texture": "#3"},
				"down": {"uv": [4, 4.75, 4.25, 4.5], "rotation": 270, "texture": "#3"}
			}
		},
		{
			"name": "crossbow_wheel_81",
			"from": [9.25, 2.625, 1.75],
			"to": [9.5, 2.875, 2],
			"rotation": {"angle": 22.5, "axis": "y", "origin": [11.75, 2.75, 1.375]},
			"faces": {
				"north": {"uv": [3, 5, 3.25, 5.25], "rotation": 270, "texture": "#3"},
				"east": {"uv": [3.25, 5, 3, 5.25], "texture": "#3"},
				"south": {"uv": [3, 5, 3.25, 5.25], "rotation": 90, "texture": "#3"},
				"west": {"uv": [3, 5, 3.25, 5.25], "texture": "#3"},
				"up": {"uv": [3, 5, 3.25, 5.25], "rotation": 90, "texture": "#3"},
				"down": {"uv": [3, 5.25, 3.25, 5], "rotation": 270, "texture": "#3"}
			}
		},
		{
			"from": [6.75, 2.5, 2.5],
			"to": [7, 3.25, 16],
			"faces": {
				"north": {"uv": [0, 0, 0.5, 1.5], "texture": "#0"},
				"east": {"uv": [0, 0, 0.5, 1.5], "texture": "#0"},
				"south": {"uv": [0, 0, 0.5, 1.5], "texture": "#0"},
				"west": {"uv": [0, 0, 0.5, 1.5], "texture": "#0"},
				"up": {"uv": [0, 0, 0.5, 1.5], "texture": "#0"},
				"down": {"uv": [0, 0, 0.5, 1.5], "texture": "#0"}
			}
		},
		{
			"from": [9, 2.5, 2.5],
			"to": [9.25, 3.25, 16],
			"faces": {
				"north": {"uv": [0, 0, 0.5, 1.5], "texture": "#0"},
				"east": {"uv": [0, 0, 0.5, 1.5], "texture": "#0"},
				"south": {"uv": [0, 0, 0.5, 1.5], "texture": "#0"},
				"west": {"uv": [0, 0, 0.5, 1.5], "texture": "#0"},
				"up": {"uv": [0, 0, 0.5, 1.5], "texture": "#0"},
				"down": {"uv": [0, 0, 0.5, 1.5], "texture": "#0"}
			}
		},
		{
			"name": "label",
			"from": [9.01, 1.5, 14.5],
			"to": [9.01, 2.5, 17.5],
			"faces": {
				"north": {"uv": [3.5, 0, 16, 3.5], "texture": "#1"},
				"east": {"uv": [3.5, 0, 16, 3.5], "texture": "#1"},
				"south": {"uv": [3.5, 0, 16, 3.5], "texture": "#1"},
				"west": {"uv": [3.5, 0, 16, 3.5], "texture": "#1"},
				"up": {"uv": [3.5, 0, 16, 3.5], "texture": "#1"},
				"down": {"uv": [3.5, 0, 16, 3.5], "texture": "#1"}
			}
		},
		{
			"name": "label",
			"from": [6.99, 1.5, 14.5],
			"to": [6.99, 2.5, 17.5],
			"faces": {
				"north": {"uv": [3.5, 0, 16, 3.5], "texture": "#1"},
				"east": {"uv": [3.5, 0, 16, 3.5], "texture": "#1"},
				"south": {"uv": [3.5, 0, 16, 3.5], "texture": "#1"},
				"west": {"uv": [3.5, 0, 16, 3.5], "texture": "#1"},
				"up": {"uv": [3.5, 0, 16, 3.5], "texture": "#1"},
				"down": {"uv": [3.5, 0, 16, 3.5], "texture": "#1"}
			}
		},
		{
			"from": [4.25, 3.75, 1],
			"to": [5.75, 4, 1.5],
			"faces": {
				"north": {"uv": [0, 0, 0.5, 1.5], "texture": "#0"},
				"east": {"uv": [0, 0, 0.5, 1.5], "texture": "#0"},
				"south": {"uv": [0, 0, 0.5, 1.5], "texture": "#0"},
				"west": {"uv": [0, 0, 0.5, 1.5], "texture": "#0"},
				"up": {"uv": [0, 0, 0.5, 1.5], "texture": "#0"},
				"down": {"uv": [0, 0, 0.5, 1.5], "texture": "#0"}
			}
		},
		{
			"from": [10.25, 3.75, 1],
			"to": [11.75, 4, 1.5],
			"faces": {
				"north": {"uv": [0, 0, 0.5, 1.5], "texture": "#0"},
				"east": {"uv": [0, 0, 0.5, 1.5], "texture": "#0"},
				"south": {"uv": [0, 0, 0.5, 1.5], "texture": "#0"},
				"west": {"uv": [0, 0, 0.5, 1.5], "texture": "#0"},
				"up": {"uv": [0, 0, 0.5, 1.5], "texture": "#0"},
				"down": {"uv": [0, 0, 0.5, 1.5], "texture": "#0"}
			}
		},
		{
			"from": [10.25, 1.5, 1],
			"to": [11.75, 1.75, 1.5],
			"faces": {
				"north": {"uv": [0, 0, 0.5, 1.5], "texture": "#0"},
				"east": {"uv": [0, 0, 0.5, 1.5], "texture": "#0"},
				"south": {"uv": [0, 0, 0.5, 1.5], "texture": "#0"},
				"west": {"uv": [0, 0, 0.5, 1.5], "texture": "#0"},
				"up": {"uv": [0, 0, 0.5, 1.5], "texture": "#0"},
				"down": {"uv": [0, 0, 0.5, 1.5], "texture": "#0"}
			}
		},
		{
			"from": [4.25, 1.5, 1],
			"to": [5.75, 1.75, 1.5],
			"faces": {
				"north": {"uv": [0, 0, 0.5, 1.5], "texture": "#0"},
				"east": {"uv": [0, 0, 0.5, 1.5], "texture": "#0"},
				"south": {"uv": [0, 0, 0.5, 1.5], "texture": "#0"},
				"west": {"uv": [0, 0, 0.5, 1.5], "texture": "#0"},
				"up": {"uv": [0, 0, 0.5, 1.5], "texture": "#0"},
				"down": {"uv": [0, 0, 0.5, 1.5], "texture": "#0"}
			}
		},
		{
			"name": "thelaunch",
			"from": [7, 2.5, 7.5],
			"to": [9, 4.5, 10.5],
			"faces": {
				"north": {"uv": [14, 0, 16, 2], "texture": "#0"},
				"east": {"uv": [14, 0, 16, 2], "texture": "#0"},
				"south": {"uv": [14, 0, 16, 2], "texture": "#0"},
				"west": {"uv": [14, 0, 16, 2], "texture": "#0"},
				"up": {"uv": [14, 0, 16, 2], "texture": "#0"},
				"down": {"uv": [14, 0, 16, 2], "texture": "#0"}
			}
		},
		{
			"name": "string",
			"from": [5.125, 2.75, 3],
			"to": [5.625, 3, 7.5],
			"rotation": {"angle": 22.5, "axis": "y", "origin": [6.5, 3, 4]},
			"faces": {
				"north": {"uv": [0, 2.5, 0.5, 3.5], "rotation": 270, "texture": "#1"},
				"east": {"uv": [0, 2.5, 0.5, 3], "texture": "#1"},
				"south": {"uv": [0, 2.5, 0.5, 3.5], "rotation": 90, "texture": "#1"},
				"west": {"uv": [0, 3, 0.5, 3.5], "texture": "#1"},
				"up": {"uv": [0, 2.5, 0.5, 3.5], "rotation": 90, "texture": "#1"},
				"down": {"uv": [0, 2.5, 0.5, 3.5], "rotation": 90, "texture": "#1"}
			}
		},
		{
			"name": "string",
			"from": [10.375, 2.75, 3.25],
			"to": [10.875, 3, 7.75],
			"rotation": {"angle": -22.5, "axis": "y", "origin": [10, 3, 4]},
			"faces": {
				"north": {"uv": [0, 2.5, 0.5, 3.5], "rotation": 90, "texture": "#1"},
				"east": {"uv": [0, 3, 0.5, 3.5], "texture": "#1"},
				"south": {"uv": [0, 2.5, 0.5, 3.5], "rotation": 270, "texture": "#1"},
				"west": {"uv": [0, 2.5, 0.5, 3], "texture": "#1"},
				"up": {"uv": [0, 2.5, 0.5, 3.5], "rotation": 270, "texture": "#1"},
				"down": {"uv": [0, 2.5, 0.5, 3.5], "rotation": 270, "texture": "#1"}
			}
		},
		{
			"from": [6.5, 2.75, -4.5],
			"to": [7, 3.25, -4],
			"rotation": {"angle": 45, "axis": "y", "origin": [6.75, 3.25, -4.25]},
			"faces": {
				"north": {"uv": [0.5, 0.5, 2, 2], "texture": "#1"},
				"east": {"uv": [0.5, 0.5, 2, 2], "texture": "#1"},
				"south": {"uv": [0.5, 0.5, 2, 2], "texture": "#1"},
				"west": {"uv": [0.5, 0.5, 2, 2], "texture": "#1"},
				"up": {"uv": [0.5, 0.5, 2, 2], "texture": "#1"},
				"down": {"uv": [0.5, 0.5, 2, 2], "texture": "#1"}
			}
		},
		{
			"from": [9, 2.75, -4.5],
			"to": [9.5, 3.25, -4],
			"rotation": {"angle": 45, "axis": "y", "origin": [9.25, 3.25, -4.25]},
			"faces": {
				"north": {"uv": [0.5, 0.5, 2, 2], "texture": "#1"},
				"east": {"uv": [0.5, 0.5, 2, 2], "texture": "#1"},
				"south": {"uv": [0.5, 0.5, 2, 2], "texture": "#1"},
				"west": {"uv": [0.5, 0.5, 2, 2], "texture": "#1"},
				"up": {"uv": [0.5, 0.5, 2, 2], "texture": "#1"},
				"down": {"uv": [0.5, 0.5, 2, 2], "texture": "#1"}
			}
		},
		{
			"from": [7.25, 2.75, 19.75],
			"to": [7.75, 3.25, 20.25],
			"faces": {
				"north": {"uv": [1, 0, 1.5, 0.5], "texture": "#1"},
				"east": {"uv": [1, 0, 1.5, 0.5], "texture": "#1"},
				"south": {"uv": [0.5, 0.5, 2, 2], "texture": "#1"},
				"west": {"uv": [1, 0, 1.5, 0.5], "texture": "#1"},
				"up": {"uv": [1, 0, 1.5, 0.5], "texture": "#1"},
				"down": {"uv": [1, 0, 1.5, 0.5], "texture": "#1"}
			}
		},
		{
			"from": [6.75, 2.75, 18.75],
			"to": [9.25, 3.25, 19.25],
			"faces": {
				"north": {"uv": [1, 0, 1.5, 0.5], "texture": "#1"},
				"east": {"uv": [0.5, 0.5, 2, 2], "texture": "#1"},
				"south": {"uv": [1, 0, 1.5, 0.5], "texture": "#1"},
				"west": {"uv": [0.5, 0.5, 2, 2], "texture": "#1"},
				"up": {"uv": [1, 0, 1.5, 0.5], "rotation": 270, "texture": "#1"},
				"down": {"uv": [1, 0, 1.5, 0.5], "rotation": 90, "texture": "#1"}
			}
		},
		{
			"from": [6.75, 2.75, 16.75],
			"to": [9.25, 3.25, 17.25],
			"faces": {
				"north": {"uv": [1, 0, 1.5, 0.5], "texture": "#1"},
				"east": {"uv": [0.5, 0.5, 2, 2], "texture": "#1"},
				"south": {"uv": [1, 0, 1.5, 0.5], "texture": "#1"},
				"west": {"uv": [0.5, 0.5, 2, 2], "texture": "#1"},
				"up": {"uv": [1, 0, 1.5, 0.5], "rotation": 270, "texture": "#1"},
				"down": {"uv": [1, 0, 1.5, 0.5], "rotation": 90, "texture": "#1"}
			}
		},
		{
			"from": [8.25, 2.75, 19.75],
			"to": [8.75, 3.25, 20.25],
			"faces": {
				"north": {"uv": [1, 0, 1.5, 0.5], "texture": "#1"},
				"east": {"uv": [1, 0, 1.5, 0.5], "texture": "#1"},
				"south": {"uv": [0.5, 0.5, 2, 2], "texture": "#1"},
				"west": {"uv": [1, 0, 1.5, 0.5], "texture": "#1"},
				"up": {"uv": [1, 0, 1.5, 0.5], "texture": "#1"},
				"down": {"uv": [1, 0, 1.5, 0.5], "texture": "#1"}
			}
		}
	],
	"display": {
		"thirdperson_righthand": {
			"rotation": [-16, 0, 0],
			"translation": [0, 6.5, -2]
		},
		"thirdperson_lefthand": {
			"rotation": [-16, 0, 0],
			"translation": [0, 6.5, -2]
		},
		"firstperson_righthand": {
			"rotation": [30, 0, 20],
			"translation": [2, 6, 3]
		},
		"firstperson_lefthand": {
			"rotation": [30, 0, 20],
			"translation": [2, 6, 3]
		},
		"ground": {
			"translation": [0, 2, 0],
			"scale": [0.7, 0.7, 0.7]
		},
		"gui": {
			"rotation": [90, 45, 0],
			"scale": [0.8, 0.8, 0.8]
		},
		"head": {
			"translation": [0, 13, -1]
		},
		"fixed": {
			"rotation": [-90, -135, 0],
			"translation": [0, 0, -8]
		}
	},
	"groups": [0, 1, 2, 3, 4, 5, 6, 7, 8, 9, 10, 11, 12, 13, 14, 15, 16, 17, 18, 19, 20, 21, 22, 23, 24, 25, 26, 27, 28, 29, 30, 31, 32, 33, 34, 35, 36, 37, 38, 39, 40, 41,
		{
			"name": "crossbow_wheel",
			"children": [42, 43, 44, 45, 46, 47, 48, 49, 50, 51, 52, 53, 54, 55, 56, 57, 58, 59, 60, 61, 62, 63, 64, 65, 66, 67, 68, 69, 70, 71, 72, 73, 74, 75, 76, 77, 78, 79, 80, 81, 82, 83, 84, 85, 86, 87, 88, 89, 90, 91, 92, 93, 94, 95, 96, 97, 98, 99, 100, 101, 102, 103, 104, 105, 106, 107, 108, 109, 110, 111, 112, 113, 114, 115, 116, 117, 118, 119, 120, 121, 122, 123]
		}, 124, 125, 126, 127, 128, 129, 130, 131, 132, 133, 134,
		{
			"name": "gems",
			"children": [135, 136, 137, 138, 139, 140]
		}
	]
}