{
	"credit": "Made with Blockbench by Boyman",
	"texture_size": [32, 32],
	"textures": {
		"0": "block/gate/spruce_fence_gate",
		"particle": "block/gate/spruce_fence_gate"
	},
	"elements": [
		{
			"name": "tábla",
			"from": [-6.33333, 0, 6.91667],
			"to": [14.66667, 16, 9.91667],
			"rotation": {"angle": 0, "axis": "y", "origin": [3.75, 18.16667, 8.41667]},
			"faces": {
				"north": {"uv": [12, 7.5, 1.5, 15.5], "texture": "#0"},
				"east": {"uv": [12, 7.5, 13.5, 15.5], "texture": "#0"},
				"south": {"uv": [1.5, 7.5, 12, 15.5], "texture": "#0"},
				"west": {"uv": [0, 7.5, 1.5, 15.5], "texture": "#0"},
				"up": {"uv": [1.5, 6, 12, 7.5], "rotation": 180, "texture": "#0"},
				"down": {"uv": [1.5, 6, 12, 7.5], "texture": "#0"}
			}
		},
		{
			"name": "log",
			"from": [-7, 22.5, 7],
			"to": [25, 25.5, 10],
			"rotation": {"angle": 0, "axis": "y", "origin": [9, 24, 8.5]},
			"faces": {
				"north": {"uv": [0, 3, 15.5, 4.5], "texture": "#0"},
				"east": {"uv": [14, 6.5, 15.5, 8], "texture": "#0"},
				"south": {"uv": [0, 0, 15.5, 1.5], "texture": "#0"},
				"west": {"uv": [14, 6.5, 15.5, 8], "texture": "#0"},
				"up": {"uv": [0, 1.5, 15.5, 3], "rotation": 180, "texture": "#0"},
				"down": {"uv": [0, 4.5, 15.5, 6], "texture": "#0"}
			}
		},
		{
			"name": "lánc1",
			"from": [-3.15, 18.75, 8.5],
			"to": [-2.35, 19.55, 8.5],
			"rotation": {"angle": 0, "axis": "y", "origin": [-1.95, 17.95, 8.5]},
			"faces": {
				"north": {"uv": [15.25, 13.75, 15.75, 14.25], "texture": "#0"},
				"east": {"uv": [0, 0, 0, 0.4], "texture": "#missing"},
				"south": {"uv": [14.25, 10.75, 14.75, 11.25], "texture": "#0"},
				"west": {"uv": [0, 0, 0, 0.4], "texture": "#missing"},
				"up": {"uv": [0, 0, 0.4, 0], "texture": "#missing"},
				"down": {"uv": [0, 0, 0.4, 0], "texture": "#missing"}
			}
		},
		{
			"name": "lánc1",
			"from": [-3.15, 16.35, 8.5],
			"to": [-2.35, 17.15, 8.5],
			"rotation": {"angle": 0, "axis": "y", "origin": [-1.95, 17.95, 8.5]},
			"faces": {
				"north": {"uv": [15.25, 15.25, 15.75, 15.75], "texture": "#0"},
				"east": {"uv": [0, 0, 0, 0.4], "texture": "#missing"},
				"south": {"uv": [14.25, 12.25, 14.75, 12.75], "texture": "#0"},
				"west": {"uv": [0, 0, 0, 0.4], "texture": "#missing"},
				"up": {"uv": [0, 0, 0.4, 0], "texture": "#missing"},
				"down": {"uv": [0, 0, 0.4, 0], "texture": "#missing"}
			}
		},
		{
			"name": "lánc1",
			"from": [-2.75, 15.95, 8.5],
			"to": [-1.15, 16.75, 8.5],
			"rotation": {"angle": 0, "axis": "y", "origin": [-1.95, 17.95, 8.5]},
			"faces": {
				"north": {"uv": [14.5, 15.5, 15.5, 16], "texture": "#0"},
				"east": {"uv": [0, 0, 0.4, 0], "rotation": 270, "texture": "#missing"},
				"south": {"uv": [14.5, 12.5, 15.5, 13], "texture": "#0"},
				"west": {"uv": [0, 0, 0.4, 0], "rotation": 270, "texture": "#missing"},
				"up": {"uv": [0, 0, 0, 0.8], "rotation": 270, "texture": "#missing"},
				"down": {"uv": [0, 0, 0, 0.8], "rotation": 270, "texture": "#missing"}
			}
		},
		{
			"name": "lánc1",
			"from": [-2.75, 19.15, 8.5],
			"to": [-1.15, 19.95, 8.5],
			"rotation": {"angle": 0, "axis": "y", "origin": [-1.95, 17.95, 8.5]},
			"faces": {
				"north": {"uv": [14.5, 13.5, 15.5, 14], "texture": "#0"},
				"east": {"uv": [0, 0, 0.4, 0], "rotation": 270, "texture": "#missing"},
				"south": {"uv": [14.5, 10.5, 15.5, 11], "texture": "#0"},
				"west": {"uv": [0, 0, 0.4, 0], "rotation": 270, "texture": "#missing"},
				"up": {"uv": [0, 0, 0, 0.8], "rotation": 270, "texture": "#missing"},
				"down": {"uv": [0, 0, 0, 0.8], "rotation": 270, "texture": "#missing"}
			}
		},
		{
			"name": "lánc1",
			"from": [-1.15, 16.75, 8.5],
			"to": [-0.35, 19.15, 8.5],
			"rotation": {"angle": 0, "axis": "y", "origin": [-1.95, 17.95, 8.5]},
			"faces": {
				"north": {"uv": [14, 14, 14.5, 15.5], "texture": "#0"},
				"east": {"uv": [0, 0, 0, 1.2], "texture": "#missing"},
				"south": {"uv": [15.5, 11, 16, 12.5], "texture": "#0"},
				"west": {"uv": [0, 0, 0, 1.2], "texture": "#missing"},
				"up": {"uv": [0, 0, 0.4, 0], "texture": "#missing"},
				"down": {"uv": [0, 0, 0.4, 0], "texture": "#missing"}
			}
		},
		{
			"name": "lánc1",
			"from": [-3.55, 16.75, 8.5],
			"to": [-2.75, 19.15, 8.5],
			"rotation": {"angle": 0, "axis": "y", "origin": [-1.95, 17.95, 8.5]},
			"faces": {
				"north": {"uv": [15.5, 14, 16, 15.5], "texture": "#0"},
				"east": {"uv": [0, 0, 0, 1.2], "texture": "#missing"},
				"south": {"uv": [14, 11, 14.5, 12.5], "texture": "#0"},
				"west": {"uv": [0, 0, 0, 1.2], "texture": "#missing"},
				"up": {"uv": [0, 0, 0.4, 0], "texture": "#missing"},
				"down": {"uv": [0, 0, 0.4, 0], "texture": "#missing"}
			}
		},
		{
			"name": "lánc1",
			"from": [-1.55, 16.35, 8.5],
			"to": [-0.75, 17.15, 8.5],
			"rotation": {"angle": 0, "axis": "y", "origin": [-1.95, 17.95, 8.5]},
			"faces": {
				"north": {"uv": [14.25, 15.25, 14.75, 15.75], "texture": "#0"},
				"east": {"uv": [0, 0, 0, 0.4], "texture": "#missing"},
				"south": {"uv": [15.25, 12.25, 15.75, 12.75], "texture": "#0"},
				"west": {"uv": [0, 0, 0, 0.4], "texture": "#missing"},
				"up": {"uv": [0, 0, 0.4, 0], "texture": "#missing"},
				"down": {"uv": [0, 0, 0.4, 0], "texture": "#missing"}
			}
		},
		{
			"name": "lánc1",
			"from": [-1.55, 18.75, 8.5],
			"to": [-0.75, 19.55, 8.5],
			"rotation": {"angle": 0, "axis": "y", "origin": [-1.95, 17.95, 8.5]},
			"faces": {
				"north": {"uv": [14.25, 13.75, 14.75, 14.25], "texture": "#0"},
				"east": {"uv": [0, 0, 0, 0.4], "texture": "#missing"},
				"south": {"uv": [15.25, 10.75, 15.75, 11.25], "texture": "#0"},
				"west": {"uv": [0, 0, 0, 0.4], "texture": "#missing"},
				"up": {"uv": [0, 0, 0.4, 0], "texture": "#missing"},
				"down": {"uv": [0, 0, 0.4, 0], "texture": "#missing"}
			}
		},
		{
			"name": "lánc2",
			"from": [8.85, 18.75, 8.5],
			"to": [9.65, 19.55, 8.5],
			"rotation": {"angle": 0, "axis": "y", "origin": [10.05, 17.95, 8.5]},
			"faces": {
				"north": {"uv": [15.25, 13.75, 15.75, 14.25], "texture": "#0"},
				"east": {"uv": [0, 0, 0, 0.4], "texture": "#missing"},
				"south": {"uv": [14.25, 10.75, 14.75, 11.25], "texture": "#0"},
				"west": {"uv": [0, 0, 0, 0.4], "texture": "#missing"},
				"up": {"uv": [0, 0, 0.4, 0], "texture": "#missing"},
				"down": {"uv": [0, 0, 0.4, 0], "texture": "#missing"}
			}
		},
		{
			"name": "lánc2",
			"from": [8.85, 16.35, 8.5],
			"to": [9.65, 17.15, 8.5],
			"rotation": {"angle": 0, "axis": "y", "origin": [10.05, 17.95, 8.5]},
			"faces": {
				"north": {"uv": [15.25, 15.25, 15.75, 15.75], "texture": "#0"},
				"east": {"uv": [0, 0, 0, 0.4], "texture": "#missing"},
				"south": {"uv": [14.25, 12.25, 14.75, 12.75], "texture": "#0"},
				"west": {"uv": [0, 0, 0, 0.4], "texture": "#missing"},
				"up": {"uv": [0, 0, 0.4, 0], "texture": "#missing"},
				"down": {"uv": [0, 0, 0.4, 0], "texture": "#missing"}
			}
		},
		{
			"name": "lánc2",
			"from": [9.25, 15.95, 8.5],
			"to": [10.85, 16.75, 8.5],
			"rotation": {"angle": 0, "axis": "y", "origin": [10.05, 17.95, 8.5]},
			"faces": {
				"north": {"uv": [14.5, 15.5, 15.5, 16], "texture": "#0"},
				"east": {"uv": [0, 0, 0.4, 0], "rotation": 270, "texture": "#missing"},
				"south": {"uv": [14.5, 12.5, 15.5, 13], "texture": "#0"},
				"west": {"uv": [0, 0, 0.4, 0], "rotation": 270, "texture": "#missing"},
				"up": {"uv": [0, 0, 0, 0.8], "rotation": 270, "texture": "#missing"},
				"down": {"uv": [0, 0, 0, 0.8], "rotation": 270, "texture": "#missing"}
			}
		},
		{
			"name": "lánc2",
			"from": [9.25, 19.15, 8.5],
			"to": [10.85, 19.95, 8.5],
			"rotation": {"angle": 0, "axis": "y", "origin": [10.05, 17.95, 8.5]},
			"faces": {
				"north": {"uv": [14.5, 13.5, 15.5, 14], "texture": "#0"},
				"east": {"uv": [0, 0, 0.4, 0], "rotation": 270, "texture": "#missing"},
				"south": {"uv": [14.5, 10.5, 15.5, 11], "texture": "#0"},
				"west": {"uv": [0, 0, 0.4, 0], "rotation": 270, "texture": "#missing"},
				"up": {"uv": [0, 0, 0, 0.8], "rotation": 270, "texture": "#missing"},
				"down": {"uv": [0, 0, 0, 0.8], "rotation": 270, "texture": "#missing"}
			}
		},
		{
			"name": "lánc2",
			"from": [10.85, 16.75, 8.5],
			"to": [11.65, 19.15, 8.5],
			"rotation": {"angle": 0, "axis": "y", "origin": [10.05, 17.95, 8.5]},
			"faces": {
				"north": {"uv": [14, 14, 14.5, 15.5], "texture": "#0"},
				"east": {"uv": [0, 0, 0, 1.2], "texture": "#missing"},
				"south": {"uv": [15.5, 11, 16, 12.5], "texture": "#0"},
				"west": {"uv": [0, 0, 0, 1.2], "texture": "#missing"},
				"up": {"uv": [0, 0, 0.4, 0], "texture": "#missing"},
				"down": {"uv": [0, 0, 0.4, 0], "texture": "#missing"}
			}
		},
		{
			"name": "lánc2",
			"from": [8.45, 16.75, 8.5],
			"to": [9.25, 19.15, 8.5],
			"rotation": {"angle": 0, "axis": "y", "origin": [10.05, 17.95, 8.5]},
			"faces": {
				"north": {"uv": [15.5, 14, 16, 15.5], "texture": "#0"},
				"east": {"uv": [0, 0, 0, 1.2], "texture": "#missing"},
				"south": {"uv": [14, 11, 14.5, 12.5], "texture": "#0"},
				"west": {"uv": [0, 0, 0, 1.2], "texture": "#missing"},
				"up": {"uv": [0, 0, 0.4, 0], "texture": "#missing"},
				"down": {"uv": [0, 0, 0.4, 0], "texture": "#missing"}
			}
		},
		{
			"name": "lánc2",
			"from": [10.45, 16.35, 8.5],
			"to": [11.25, 17.15, 8.5],
			"rotation": {"angle": 0, "axis": "y", "origin": [10.05, 17.95, 8.5]},
			"faces": {
				"north": {"uv": [14.25, 15.25, 14.75, 15.75], "texture": "#0"},
				"east": {"uv": [0, 0, 0, 0.4], "texture": "#missing"},
				"south": {"uv": [15.25, 12.25, 15.75, 12.75], "texture": "#0"},
				"west": {"uv": [0, 0, 0, 0.4], "texture": "#missing"},
				"up": {"uv": [0, 0, 0.4, 0], "texture": "#missing"},
				"down": {"uv": [0, 0, 0.4, 0], "texture": "#missing"}
			}
		},
		{
			"name": "lánc2",
			"from": [10.45, 18.75, 8.5],
			"to": [11.25, 19.55, 8.5],
			"rotation": {"angle": 0, "axis": "y", "origin": [10.05, 17.95, 8.5]},
			"faces": {
				"north": {"uv": [14.25, 13.75, 14.75, 14.25], "texture": "#0"},
				"east": {"uv": [0, 0, 0, 0.4], "texture": "#missing"},
				"south": {"uv": [15.25, 10.75, 15.75, 11.25], "texture": "#0"},
				"west": {"uv": [0, 0, 0, 0.4], "texture": "#missing"},
				"up": {"uv": [0, 0, 0.4, 0], "texture": "#missing"},
				"down": {"uv": [0, 0, 0.4, 0], "texture": "#missing"}
			}
		},
		{
			"name": "lánc3",
			"from": [-1.95, 21.25, 7.3],
			"to": [-1.95, 22.05, 8.1],
			"rotation": {"angle": 0, "axis": "y", "origin": [-1.95, 20.45, 8.5]},
			"faces": {
				"north": {"uv": [0, 0, 0, 0.4], "texture": "#missing"},
				"east": {"uv": [15.25, 13.75, 15.75, 14.25], "texture": "#0"},
				"south": {"uv": [0, 0, 0, 0.4], "texture": "#missing"},
				"west": {"uv": [14.25, 10.75, 14.75, 11.25], "texture": "#0"},
				"up": {"uv": [0, 0, 0.4, 0], "rotation": 90, "texture": "#missing"},
				"down": {"uv": [0, 0, 0.4, 0], "rotation": 270, "texture": "#missing"}
			}
		},
		{
			"name": "lánc3",
			"from": [-1.95, 18.85, 7.3],
			"to": [-1.95, 19.65, 8.1],
			"rotation": {"angle": 0, "axis": "y", "origin": [-1.95, 20.45, 8.5]},
			"faces": {
				"north": {"uv": [0, 0, 0, 0.4], "texture": "#missing"},
				"east": {"uv": [15.25, 15.25, 15.75, 15.75], "texture": "#0"},
				"south": {"uv": [0, 0, 0, 0.4], "texture": "#missing"},
				"west": {"uv": [14.25, 12.25, 14.75, 12.75], "texture": "#0"},
				"up": {"uv": [0, 0, 0.4, 0], "rotation": 90, "texture": "#missing"},
				"down": {"uv": [0, 0, 0.4, 0], "rotation": 270, "texture": "#missing"}
			}
		},
		{
			"name": "lánc3",
			"from": [-1.95, 18.45, 7.7],
			"to": [-1.95, 19.25, 9.3],
			"rotation": {"angle": 0, "axis": "y", "origin": [-1.95, 20.45, 8.5]},
			"faces": {
				"north": {"uv": [0, 0, 0.4, 0], "rotation": 270, "texture": "#missing"},
				"east": {"uv": [14.5, 15.5, 15.5, 16], "texture": "#0"},
				"south": {"uv": [0, 0, 0.4, 0], "rotation": 270, "texture": "#missing"},
				"west": {"uv": [14.5, 12.5, 15.5, 13], "texture": "#0"},
				"up": {"uv": [0, 0, 0, 0.8], "texture": "#missing"},
				"down": {"uv": [0, 0, 0, 0.8], "rotation": 180, "texture": "#missing"}
			}
		},
		{
			"name": "lánc3",
			"from": [-1.95, 21.65, 7.7],
			"to": [-1.95, 22.45, 9.3],
			"rotation": {"angle": 0, "axis": "y", "origin": [-1.95, 20.45, 8.5]},
			"faces": {
				"north": {"uv": [0, 0, 0.4, 0], "rotation": 270, "texture": "#missing"},
				"east": {"uv": [14.5, 13.5, 15.5, 14], "texture": "#0"},
				"south": {"uv": [0, 0, 0.4, 0], "rotation": 270, "texture": "#missing"},
				"west": {"uv": [14.5, 10.5, 15.5, 11], "texture": "#0"},
				"up": {"uv": [0, 0, 0, 0.8], "texture": "#missing"},
				"down": {"uv": [0, 0, 0, 0.8], "rotation": 180, "texture": "#missing"}
			}
		},
		{
			"name": "lánc3",
			"from": [-1.95, 19.25, 9.3],
			"to": [-1.95, 21.65, 10.1],
			"rotation": {"angle": 0, "axis": "y", "origin": [-1.95, 20.45, 8.5]},
			"faces": {
				"north": {"uv": [0, 0, 0, 1.2], "texture": "#missing"},
				"east": {"uv": [14, 14, 14.5, 15.5], "texture": "#0"},
				"south": {"uv": [0, 0, 0, 1.2], "texture": "#missing"},
				"west": {"uv": [15.5, 11, 16, 12.5], "texture": "#0"},
				"up": {"uv": [0, 0, 0.4, 0], "rotation": 90, "texture": "#missing"},
				"down": {"uv": [0, 0, 0.4, 0], "rotation": 270, "texture": "#missing"}
			}
		},
		{
			"name": "lánc3",
			"from": [-1.95, 19.25, 6.9],
			"to": [-1.95, 21.65, 7.7],
			"rotation": {"angle": 0, "axis": "y", "origin": [-1.95, 20.45, 8.5]},
			"faces": {
				"north": {"uv": [0, 0, 0, 1.2], "texture": "#missing"},
				"east": {"uv": [15.5, 14, 16, 15.5], "texture": "#0"},
				"south": {"uv": [0, 0, 0, 1.2], "texture": "#missing"},
				"west": {"uv": [14, 11, 14.5, 12.5], "texture": "#0"},
				"up": {"uv": [0, 0, 0.4, 0], "rotation": 90, "texture": "#missing"},
				"down": {"uv": [0, 0, 0.4, 0], "rotation": 270, "texture": "#missing"}
			}
		},
		{
			"name": "lánc3",
			"from": [-1.95, 18.85, 8.9],
			"to": [-1.95, 19.65, 9.7],
			"rotation": {"angle": 0, "axis": "y", "origin": [-1.95, 20.45, 8.5]},
			"faces": {
				"north": {"uv": [0, 0, 0, 0.4], "texture": "#missing"},
				"east": {"uv": [14.25, 15.25, 14.75, 15.75], "texture": "#0"},
				"south": {"uv": [0, 0, 0, 0.4], "texture": "#missing"},
				"west": {"uv": [15.25, 12.25, 15.75, 12.75], "texture": "#0"},
				"up": {"uv": [0, 0, 0.4, 0], "rotation": 90, "texture": "#missing"},
				"down": {"uv": [0, 0, 0.4, 0], "rotation": 270, "texture": "#missing"}
			}
		},
		{
			"name": "lánc3",
			"from": [-1.95, 21.25, 8.9],
			"to": [-1.95, 22.05, 9.7],
			"rotation": {"angle": 0, "axis": "y", "origin": [-1.95, 20.45, 8.5]},
			"faces": {
				"north": {"uv": [0, 0, 0, 0.4], "texture": "#missing"},
				"east": {"uv": [14.25, 13.75, 14.75, 14.25], "texture": "#0"},
				"south": {"uv": [0, 0, 0, 0.4], "texture": "#missing"},
				"west": {"uv": [15.25, 10.75, 15.75, 11.25], "texture": "#0"},
				"up": {"uv": [0, 0, 0.4, 0], "rotation": 90, "texture": "#missing"},
				"down": {"uv": [0, 0, 0.4, 0], "rotation": 270, "texture": "#missing"}
			}
		},
		{
			"name": "lánc4",
			"from": [10.05, 21.25, 7.3],
			"to": [10.05, 22.05, 8.1],
			"rotation": {"angle": 0, "axis": "y", "origin": [10.05, 20.45, 8.5]},
			"faces": {
				"north": {"uv": [0, 0, 0, 0.4], "texture": "#missing"},
				"east": {"uv": [15.25, 13.75, 15.75, 14.25], "texture": "#0"},
				"south": {"uv": [0, 0, 0, 0.4], "texture": "#missing"},
				"west": {"uv": [14.25, 10.75, 14.75, 11.25], "texture": "#0"},
				"up": {"uv": [0, 0, 0.4, 0], "rotation": 90, "texture": "#missing"},
				"down": {"uv": [0, 0, 0.4, 0], "rotation": 270, "texture": "#missing"}
			}
		},
		{
			"name": "lánc4",
			"from": [10.05, 18.85, 7.3],
			"to": [10.05, 19.65, 8.1],
			"rotation": {"angle": 0, "axis": "y", "origin": [10.05, 20.45, 8.5]},
			"faces": {
				"north": {"uv": [0, 0, 0, 0.4], "texture": "#missing"},
				"east": {"uv": [15.25, 15.25, 15.75, 15.75], "texture": "#0"},
				"south": {"uv": [0, 0, 0, 0.4], "texture": "#missing"},
				"west": {"uv": [14.25, 12.25, 14.75, 12.75], "texture": "#0"},
				"up": {"uv": [0, 0, 0.4, 0], "rotation": 90, "texture": "#missing"},
				"down": {"uv": [0, 0, 0.4, 0], "rotation": 270, "texture": "#missing"}
			}
		},
		{
			"name": "lánc4",
			"from": [10.05, 18.45, 7.7],
			"to": [10.05, 19.25, 9.3],
			"rotation": {"angle": 0, "axis": "y", "origin": [10.05, 20.45, 8.5]},
			"faces": {
				"north": {"uv": [0, 0, 0.4, 0], "rotation": 270, "texture": "#missing"},
				"east": {"uv": [14.5, 15.5, 15.5, 16], "texture": "#0"},
				"south": {"uv": [0, 0, 0.4, 0], "rotation": 270, "texture": "#missing"},
				"west": {"uv": [14.5, 12.5, 15.5, 13], "texture": "#0"},
				"up": {"uv": [0, 0, 0, 0.8], "texture": "#missing"},
				"down": {"uv": [0, 0, 0, 0.8], "rotation": 180, "texture": "#missing"}
			}
		},
		{
			"name": "lánc4",
			"from": [10.05, 21.65, 7.7],
			"to": [10.05, 22.45, 9.3],
			"rotation": {"angle": 0, "axis": "y", "origin": [10.05, 20.45, 8.5]},
			"faces": {
				"north": {"uv": [0, 0, 0.4, 0], "rotation": 270, "texture": "#missing"},
				"east": {"uv": [14.5, 13.5, 15.5, 14], "texture": "#0"},
				"south": {"uv": [0, 0, 0.4, 0], "rotation": 270, "texture": "#missing"},
				"west": {"uv": [14.5, 10.5, 15.5, 11], "texture": "#0"},
				"up": {"uv": [0, 0, 0, 0.8], "texture": "#missing"},
				"down": {"uv": [0, 0, 0, 0.8], "rotation": 180, "texture": "#missing"}
			}
		},
		{
			"name": "lánc4",
			"from": [10.05, 19.25, 9.3],
			"to": [10.05, 21.65, 10.1],
			"rotation": {"angle": 0, "axis": "y", "origin": [10.05, 20.45, 8.5]},
			"faces": {
				"north": {"uv": [0, 0, 0, 1.2], "texture": "#missing"},
				"east": {"uv": [14, 14, 14.5, 15.5], "texture": "#0"},
				"south": {"uv": [0, 0, 0, 1.2], "texture": "#missing"},
				"west": {"uv": [15.5, 11, 16, 12.5], "texture": "#0"},
				"up": {"uv": [0, 0, 0.4, 0], "rotation": 90, "texture": "#missing"},
				"down": {"uv": [0, 0, 0.4, 0], "rotation": 270, "texture": "#missing"}
			}
		},
		{
			"name": "lánc4",
			"from": [10.05, 19.25, 6.9],
			"to": [10.05, 21.65, 7.7],
			"rotation": {"angle": 0, "axis": "y", "origin": [10.05, 20.45, 8.5]},
			"faces": {
				"north": {"uv": [0, 0, 0, 1.2], "texture": "#missing"},
				"east": {"uv": [15.5, 14, 16, 15.5], "texture": "#0"},
				"south": {"uv": [0, 0, 0, 1.2], "texture": "#missing"},
				"west": {"uv": [14, 11, 14.5, 12.5], "texture": "#0"},
				"up": {"uv": [0, 0, 0.4, 0], "rotation": 90, "texture": "#missing"},
				"down": {"uv": [0, 0, 0.4, 0], "rotation": 270, "texture": "#missing"}
			}
		},
		{
			"name": "lánc4",
			"from": [10.05, 18.85, 8.9],
			"to": [10.05, 19.65, 9.7],
			"rotation": {"angle": 0, "axis": "y", "origin": [10.05, 20.45, 8.5]},
			"faces": {
				"north": {"uv": [0, 0, 0, 0.4], "texture": "#missing"},
				"east": {"uv": [14.25, 15.25, 14.75, 15.75], "texture": "#0"},
				"south": {"uv": [0, 0, 0, 0.4], "texture": "#missing"},
				"west": {"uv": [15.25, 12.25, 15.75, 12.75], "texture": "#0"},
				"up": {"uv": [0, 0, 0.4, 0], "rotation": 90, "texture": "#missing"},
				"down": {"uv": [0, 0, 0.4, 0], "rotation": 270, "texture": "#missing"}
			}
		},
		{
			"name": "lánc4",
			"from": [10.05, 21.25, 8.9],
			"to": [10.05, 22.05, 9.7],
			"rotation": {"angle": 0, "axis": "y", "origin": [10.05, 20.45, 8.5]},
			"faces": {
				"north": {"uv": [0, 0, 0, 0.4], "texture": "#missing"},
				"east": {"uv": [14.25, 13.75, 14.75, 14.25], "texture": "#0"},
				"south": {"uv": [0, 0, 0, 0.4], "texture": "#missing"},
				"west": {"uv": [15.25, 10.75, 15.75, 11.25], "texture": "#0"},
				"up": {"uv": [0, 0, 0.4, 0], "rotation": 90, "texture": "#missing"},
				"down": {"uv": [0, 0, 0.4, 0], "rotation": 270, "texture": "#missing"}
			}
		}
	],
	"groups": [0, 1,
		{
			"name": "lánc1",
			"origin": [8, 8, 8],
			"children": [2, 3, 4, 5, 6, 7, 8, 9]
		},
		{
			"name": "lánc2",
			"origin": [8, 8, 8],
			"children": [10, 11, 12, 13, 14, 15, 16, 17]
		},
		{
			"name": "lánc3",
			"origin": [8, 8, 8],
			"children": [18, 19, 20, 21, 22, 23, 24, 25]
		},
		{
			"name": "lánc4",
			"origin": [8, 8, 8],
			"children": [26, 27, 28, 29, 30, 31, 32, 33]
		}
	]
}