{
	"credit": "Made with Blockbench, model by LTK1",
	"textures": {
		"1": "blocks/door_spruce_upper",
		"particle": "blocks/door_spruce_upper"
	},
	"elements": [
		{
			"name": "cube",
			"from": [0, 0, 0],
			"to": [3, 16, 16],
			"faces": {
				"north": {"uv": [1.5, 0, 4.5, 16], "texture": "#1"},
				"east": {"uv": [0, 0, 16, 16], "texture": "#1"},
				"south": {"uv": [1.5, 0, 4.5, 16], "texture": "#1"},
				"west": {"uv": [16, 0, 0, 16], "texture": "#1"},
				"up": {
					"uv": [0, 7.5, 16, 10.5],
					"texture": "#1",
					"rotation": 90
				}
			},
			"type": "cube"
		}
	]
}