{
	"credit": "Made with Blockbench, model by LTK1",
	"textures": {
		"0": "blocks/door_spruce_lower",
		"particle": "blocks/door_spruce_lower"
	},
	"elements": [
		{
			"name": "cube",
			"from": [0, 0, 0],
			"to": [3, 16, 16],
			"faces": {
				"north": {"uv": [1.5, 0, 4.5, 16], "texture": "#0"},
				"east": {"uv": [0, 0, 16, 16], "texture": "#0"},
				"south": {"uv": [1.5, 0, 4.5, 16], "texture": "#0"},
				"west": {"uv": [16, 0, 0, 16], "texture": "#0"},
				"down": {
					"uv": [0, 6, 16, 9],
					"texture": "#0",
					"rotation": 270
				}
			},
			"type": "cube"
		}
	]
}