{
	"credit": "Made with Blockbench",
	"ambientocclusion": false,
	"textures": {
		"3": "block/hopper_inside",
		"4": "block/hopper_outside",
		"5": "block/hopper_top"
	},
	"elements": [
		{
			"from": [0, 11, 0],
			"to": [2, 16, 16],
			"faces": {
				"north": {"uv": [14, 0, 16, 5], "texture": "#4", "cullface": "north"},
				"east": {"uv": [0, 0, 16, 5], "texture": "#4", "cullface": "up"},
				"south": {"uv": [0, 0, 2, 5], "texture": "#4", "cullface": "south"},
				"west": {"uv": [0, 0, 16, 5], "texture": "#4", "cullface": "west"},
				"up": {"uv": [0, 0, 2, 16], "texture": "#5", "cullface": "up"}
			}
		},
		{
			"from": [14, 11, 0],
			"to": [16, 16, 16],
			"faces": {
				"north": {"uv": [0, 0, 2, 5], "texture": "#4", "cullface": "north"},
				"east": {"uv": [0, 0, 16, 5.375], "texture": "#4", "cullface": "east"},
				"south": {"uv": [14, 0, 16, 5], "texture": "#4", "cullface": "south"},
				"west": {"uv": [0, 0, 16, 5], "texture": "#4", "cullface": "up"},
				"up": {"uv": [14, 0, 16, 16], "texture": "#5", "cullface": "up"}
			}
		},
		{
			"from": [2, 11, 0],
			"to": [14, 16, 2],
			"faces": {
				"north": {"uv": [2, 0, 14, 5], "texture": "#4", "cullface": "north"},
				"south": {"uv": [2, 0, 14, 5], "texture": "#4", "cullface": "up"},
				"up": {"uv": [2, 0, 14, 2], "texture": "#5", "cullface": "up"}
			}
		},
		{
			"from": [2, 11, 14],
			"to": [14, 16, 16],
			"faces": {
				"north": {"uv": [2, 0, 14, 5], "texture": "#4", "cullface": "up"},
				"south": {"uv": [2, 0, 14, 5], "texture": "#4", "cullface": "south"},
				"up": {"uv": [2, 14, 14, 16], "texture": "#5", "cullface": "up"}
			}
		},
		{
			"from": [0, 11.2, 5.5],
			"to": [1, 16.9, 10.4],
			"rotation": {"angle": 45, "axis": "z", "origin": [3.5, 16.5, 8]},
			"faces": {
				"north": {"uv": [0.5, 4.5, 6.2, 9.4], "rotation": 90, "texture": "#4"},
				"east": {"uv": [0.5, 4.5, 6.2, 9.4], "rotation": 90, "texture": "#4"},
				"south": {"uv": [0.5, 4.5, 6.2, 9.4], "rotation": 90, "texture": "#4"},
				"west": {"uv": [0.5, 4.5, 6.2, 9.4], "rotation": 90, "texture": "#4"},
				"up": {"uv": [0.5, 4.5, 6.2, 9.4], "rotation": 90, "texture": "#4"},
				"down": {"uv": [0.5, 4.5, 6.2, 9.4], "rotation": 90, "texture": "#4"}
			}
		},
		{
			"from": [4.5, 6.7, 5.6],
			"to": [10, 7.7, 10.4],
			"rotation": {"angle": 45, "axis": "z", "origin": [3.5, 16.5, 8]},
			"faces": {
				"north": {"uv": [0, 3, 5.5, 7.8], "rotation": 180, "texture": "#4"},
				"east": {"uv": [0, 3, 5.5, 7.8], "rotation": 180, "texture": "#4"},
				"south": {"uv": [0, 3, 5.5, 7.8], "rotation": 180, "texture": "#4"},
				"west": {"uv": [0, 3, 5.5, 7.8], "rotation": 180, "texture": "#4"},
				"up": {"uv": [0, 3, 5.5, 7.8], "rotation": 180, "texture": "#4"},
				"down": {"uv": [0, 3, 5.5, 7.8], "rotation": 180, "texture": "#4"}
			}
		},
		{
			"from": [5.5, 9.8, 5.8],
			"to": [10.5, 10.9, 11.3],
			"rotation": {"angle": -45, "axis": "x", "origin": [3.5, 16.5, 8]},
			"faces": {
				"north": {"uv": [0, 0, 5, 1.2], "texture": "#4"},
				"east": {"uv": [0, 0, 5.5, 1.2], "rotation": 180, "texture": "#4"},
				"south": {"uv": [0, 0, 5, 1.2], "texture": "#4"},
				"west": {"uv": [0, 0, 5.5, 1.2], "rotation": 180, "texture": "#4"},
				"up": {"uv": [0, 3, 5, 8.5], "rotation": 180, "texture": "#4"},
				"down": {"uv": [0, 0, 5, 5.5], "rotation": 180, "texture": "#4"}
			}
		},
		{
			"from": [5.5, 14.4, 1.3],
			"to": [10.5, 19.4, 2.4],
			"rotation": {"angle": -45, "axis": "x", "origin": [3.5, 16.5, 8]},
			"faces": {
				"north": {"uv": [0, 0, 5, 5.1], "texture": "#4"},
				"east": {"uv": [0, 0, 5.1, 1.1], "rotation": 90, "texture": "#4"},
				"south": {"uv": [0, 5, 5, 10.1], "rotation": 180, "texture": "#4"},
				"west": {"uv": [0, 0, 5.1, 1.1], "rotation": 270, "texture": "#4"},
				"up": {"uv": [0, 0, 5, 1.1], "rotation": 180, "texture": "#4"},
				"down": {"uv": [0, 0, 5, 1.1], "texture": "#4"}
			}
		},
		{
			"from": [0, 10, 0],
			"to": [5.5, 11, 16],
			"faces": {
				"north": {"uv": [10.5, 5, 16, 6], "texture": "#4"},
				"east": {"uv": [0, 4, 16, 5], "texture": "#4"},
				"south": {"uv": [0, 5, 5.5, 6], "texture": "#4"},
				"west": {"uv": [0, 5, 16, 6], "texture": "#4"},
				"up": {"uv": [0, 0, 5.5, 16], "texture": "#3"},
				"down": {"uv": [0, 2.5, 5.5, 16], "texture": "#4"}
			}
		},
		{
			"from": [5.5, 10, 10.5],
			"to": [16, 11, 16],
			"faces": {
				"north": {"uv": [0, 5, 16, 6], "texture": "#4"},
				"east": {"uv": [0, 5, 5.5, 6], "texture": "#4"},
				"south": {"uv": [5.5, 6.125, 16, 7.125], "texture": "#4"},
				"west": {"uv": [10.5, 5, 16, 6], "texture": "#4"},
				"up": {"uv": [0, 0, 5.5, 16], "rotation": 270, "texture": "#3"},
				"down": {"uv": [5.5, 2.5, 16, 8], "texture": "#4"}
			}
		},
		{
			"from": [10.4, 10, 0],
			"to": [16, 11, 10.5],
			"faces": {
				"north": {"uv": [0, 5, 5.5, 6], "texture": "#4"},
				"east": {"uv": [5.5, 6.125, 16, 7.125], "texture": "#4"},
				"south": {"uv": [10.5, 5, 16, 6], "texture": "#4"},
				"west": {"uv": [0, 6, 16, 7], "texture": "#4"},
				"up": {"uv": [0, 0, 5.5, 16], "rotation": 180, "texture": "#3"},
				"down": {"uv": [10.5, 6, 16, 16], "rotation": 90, "texture": "#4"}
			}
		},
		{
			"from": [5.4, 10, 0],
			"to": [10.4, 11, 5.6],
			"faces": {
				"north": {"uv": [5.5, 5, 11, 6], "texture": "#4"},
				"east": {"uv": [5.5, 6.125, 16, 7.125], "texture": "#4"},
				"south": {"uv": [10.5, 5, 16, 6], "texture": "#4"},
				"west": {"uv": [0, 0, 16, 1], "texture": "#4"},
				"up": {"uv": [0, 0, 5.5, 16], "rotation": 180, "texture": "#3"},
				"down": {"uv": [10.5, 5, 16, 15.75], "rotation": 90, "texture": "#4"}
			}
		},
		{
			"from": [11, 4, 5],
			"to": [12, 10, 11],
			"faces": {
				"north": {"uv": [4, 6, 12, 12], "texture": "#4"},
				"east": {"uv": [4, 6, 12, 12], "texture": "#4"},
				"south": {"uv": [4, 6, 12, 12], "texture": "#4"},
				"west": {"uv": [4, 6, 12, 12], "texture": "#4"},
				"down": {"uv": [11, 6, 12, 12], "texture": "#4"}
			}
		},
		{
			"from": [4, 4, 11],
			"to": [12, 10, 12],
			"faces": {
				"north": {"uv": [4, 6, 12, 12], "texture": "#4"},
				"east": {"uv": [4, 6, 5, 12], "texture": "#4"},
				"south": {"uv": [4, 6, 12, 12], "texture": "#4"},
				"west": {"uv": [12, 6, 13, 12], "texture": "#4"},
				"down": {"uv": [4, 6, 12, 7], "texture": "#4"}
			}
		},
		{
			"from": [4, 4, 5],
			"to": [5, 10, 11],
			"faces": {
				"north": {"uv": [4, 6, 12, 12], "texture": "#4"},
				"east": {"uv": [4, 6, 12, 12], "texture": "#4"},
				"south": {"uv": [4, 6, 12, 12], "texture": "#4"},
				"west": {"uv": [4, 6, 12, 12], "texture": "#4"},
				"down": {"uv": [4, 6, 5, 12], "texture": "#4"}
			}
		},
		{
			"from": [5, 4, 4],
			"to": [11, 5, 11],
			"faces": {
				"north": {"uv": [0, 3, 8, 11], "texture": "#4"},
				"east": {"uv": [0, 3, 8, 11], "texture": "#4"},
				"south": {"uv": [0, 3, 8, 11], "texture": "#4"},
				"west": {"uv": [0, 3, 8, 11], "texture": "#4"},
				"up": {"uv": [0, 3, 8, 11], "texture": "#4"},
				"down": {"uv": [3, 5, 11, 13], "texture": "#4"}
			}
		},
		{
			"from": [6, 7, 0],
			"to": [10, 8, 4],
			"faces": {
				"north": {"uv": [6, 8, 10, 9], "texture": "#4", "cullface": "north"},
				"east": {"uv": [12, 8, 16, 9], "texture": "#4"},
				"west": {"uv": [0, 8, 4, 9], "texture": "#4"},
				"up": {"uv": [6.5, 2.5, 10.5, 6.5], "texture": "#4"},
				"down": {"uv": [6, 12, 10, 16], "texture": "#4"}
			}
		},
		{
			"from": [6, 4, 0],
			"to": [7, 7, 4],
			"faces": {
				"north": {"uv": [9, 8, 10, 12], "texture": "#4", "cullface": "north"},
				"east": {"uv": [12, 8, 16, 12], "texture": "#4"},
				"south": {"uv": [6, 8, 7, 12], "texture": "#4"},
				"west": {"uv": [0, 5.5, 4, 9.5], "texture": "#4"},
				"up": {"uv": [6, 0, 7, 4], "texture": "#4"},
				"down": {"uv": [6, 12, 7, 16], "texture": "#4"}
			}
		},
		{
			"from": [9, 4, 0],
			"to": [10, 7, 4],
			"faces": {
				"north": {"uv": [6, 8, 7, 12], "texture": "#4", "cullface": "north"},
				"east": {"uv": [12, 8, 16, 12], "texture": "#4"},
				"south": {"uv": [9, 8, 10, 12], "texture": "#4"},
				"west": {"uv": [0, 8, 4, 12], "texture": "#4"},
				"up": {"uv": [9, 0, 10, 4], "texture": "#4"},
				"down": {"uv": [9, 12, 10, 16], "texture": "#4"}
			}
		},
		{
			"from": [6, 4, 0],
			"to": [10, 5, 4],
			"faces": {
				"north": {"uv": [6, 11, 10, 12], "texture": "#4", "cullface": "north"},
				"east": {"uv": [12, 11, 16, 12], "texture": "#4"},
				"west": {"uv": [0, 11, 4, 12], "texture": "#4"},
				"up": {"uv": [6, 4.5, 10, 8.5], "texture": "#4"},
				"down": {"uv": [6, 12, 10, 16], "texture": "#4"}
			}
		},
		{
			"from": [4, 8, 4],
			"to": [12, 10, 5],
			"faces": {
				"north": {"uv": [4, 6, 12, 9], "texture": "#4"},
				"east": {"uv": [11, 6, 12, 12], "texture": "#4"},
				"south": {"uv": [4, 6, 12, 12], "texture": "#4"},
				"west": {"uv": [2.875, 6, 3.875, 12], "texture": "#4"},
				"up": {"uv": [0, 0, 0, 0], "texture": "#4"},
				"down": {"uv": [4, 6, 12, 12], "texture": "#4"}
			}
		},
		{
			"from": [4, 4, 4],
			"to": [6, 8, 5],
			"faces": {
				"north": {"uv": [9, 7, 12, 12], "texture": "#4"},
				"east": {"uv": [11, 6, 12, 12], "texture": "#4"},
				"south": {"uv": [4, 6, 12, 12], "texture": "#4"},
				"west": {"uv": [2.875, 6, 3.875, 12], "texture": "#4"},
				"down": {"uv": [4, 6, 12, 12], "texture": "#4"}
			}
		},
		{
			"from": [10, 4, 4],
			"to": [12, 8, 5],
			"faces": {
				"north": {"uv": [4, 6, 7, 12], "texture": "#4"},
				"east": {"uv": [11, 6, 12, 12], "texture": "#4"},
				"south": {"uv": [4, 6, 12, 12], "texture": "#4"},
				"west": {"uv": [2.875, 6, 3.875, 12], "texture": "#4"},
				"down": {"uv": [4, 6, 12, 12], "texture": "#4"}
			}
		},
		{
			"from": [6, 4, 4],
			"to": [10, 4, 5],
			"faces": {
				"north": {"uv": [4, 6, 12, 12], "texture": "#4"},
				"east": {"uv": [11, 6, 12, 12], "texture": "#4"},
				"south": {"uv": [4, 6, 12, 12], "texture": "#4"},
				"west": {"uv": [2.875, 6, 3.875, 12], "texture": "#4"},
				"up": {"uv": [0, 0, 0, 0], "texture": "#4"},
				"down": {"uv": [4, 11, 12, 12], "texture": "#4"}
			}
		},
		{
			"from": [2, 11, 1.9],
			"to": [5.5, 14.7, 5.5],
			"faces": {
				"north": {"uv": [0, 2.5, 3.5, 5.9], "texture": "#4"},
				"east": {"uv": [0, 2.5, 3.5, 5.9], "texture": "#4"},
				"south": {"uv": [0, 2.5, 3.5, 5.9], "texture": "#4"},
				"west": {"uv": [0, 2.5, 3.5, 5.9], "texture": "#4"},
				"up": {"uv": [0, 2.5, 3.5, 5.9], "texture": "#4"},
				"down": {"uv": [0, 2.5, 3.5, 5.9], "texture": "#4"}
			}
		},
		{
			"from": [10.5, 11, 2],
			"to": [14, 14.7, 5.5],
			"faces": {
				"north": {"uv": [12.5, 4.5, 16, 7.9], "texture": "#4"},
				"east": {"uv": [12.5, 4.5, 16, 7.9], "texture": "#4"},
				"south": {"uv": [12.5, 4.5, 16, 7.9], "texture": "#4"},
				"west": {"uv": [12.5, 4.5, 16, 7.9], "texture": "#4"},
				"up": {"uv": [12.5, 4.5, 16, 7.9], "texture": "#4"},
				"down": {"uv": [12.5, 4.5, 16, 7.9], "texture": "#4"}
			}
		},
		{
			"from": [10.5, 11, 10.4],
			"to": [14, 14.7, 14.1],
			"faces": {
				"north": {"uv": [0, 4.5, 3.5, 8.2], "texture": "#4"},
				"east": {"uv": [0, 4.5, 3.5, 8.2], "texture": "#4"},
				"south": {"uv": [0, 4.5, 3.5, 8.2], "texture": "#4"},
				"west": {"uv": [0, 4.5, 3.5, 8.2], "texture": "#4"},
				"up": {"uv": [0, 4.5, 3.5, 8.2], "texture": "#4"},
				"down": {"uv": [0, 4.5, 3.5, 8.2], "texture": "#4"}
			}
		},
		{
			"from": [2, 11, 10.4],
			"to": [5.5, 14.7, 14],
			"faces": {
				"north": {"uv": [0, 3.5, 3.5, 7.2], "texture": "#4"},
				"east": {"uv": [0, 4, 3.4, 7.7], "texture": "#4"},
				"south": {"uv": [0, 0, 3.5, 3.7], "texture": "#missing"},
				"west": {"uv": [0, 0, 3.4, 3.7], "texture": "#missing"},
				"up": {"uv": [0, 12.625, 3.5, 16], "texture": "#4"},
				"down": {"uv": [0, 0, 3.5, 3.4], "texture": "#missing"}
			}
		}
	]
}