{
	"credit": "Made with Blockbench",
	"ambientocclusion": false,
	"textures": {
		"3": "block/hopper_inside",
		"4": "block/hopper_outside",
		"5": "block/hopper_top"
	},
	"elements": [
		{
			"from": [0, 11, 0],
			"to": [2, 16, 16],
			"faces": {
				"north": {"uv": [14, 0, 16, 5], "texture": "#4", "cullface": "north"},
				"east": {"uv": [0, 0, 16, 5], "texture": "#4", "cullface": "up"},
				"south": {"uv": [0, 0, 2, 5], "texture": "#4", "cullface": "south"},
				"west": {"uv": [0, 0, 16, 5], "texture": "#4", "cullface": "west"},
				"up": {"uv": [0, 0, 2, 16], "texture": "#5", "cullface": "up"}
			}
		},
		{
			"from": [14, 11, 0],
			"to": [16, 16, 16],
			"faces": {
				"north": {"uv": [0, 0, 2, 5], "texture": "#4", "cullface": "north"},
				"east": {"uv": [0, 0, 16, 5.375], "texture": "#4", "cullface": "east"},
				"south": {"uv": [14, 0, 16, 5], "texture": "#4", "cullface": "south"},
				"west": {"uv": [0, 0, 16, 5], "texture": "#4", "cullface": "up"},
				"up": {"uv": [14, 0, 16, 16], "texture": "#5", "cullface": "up"}
			}
		},
		{
			"from": [2, 11, 0],
			"to": [14, 16, 2],
			"faces": {
				"north": {"uv": [2, 0, 14, 5], "texture": "#4", "cullface": "north"},
				"south": {"uv": [2, 0, 14, 5], "texture": "#4", "cullface": "up"},
				"up": {"uv": [2, 0, 14, 2], "texture": "#5", "cullface": "up"}
			}
		},
		{
			"from": [2, 11, 14],
			"to": [14, 16, 16],
			"faces": {
				"north": {"uv": [2, 0, 14, 5], "texture": "#4", "cullface": "up"},
				"south": {"uv": [2, 0, 14, 5], "texture": "#4", "cullface": "south"},
				"up": {"uv": [2, 14, 14, 16], "texture": "#5", "cullface": "up"}
			}
		},
		{
			"from": [0.1, 11.2, 5.5],
			"to": [1.1, 16.9, 10.4],
			"rotation": {"angle": 45, "axis": "z", "origin": [3.5, 16.5, 8]},
			"faces": {
				"north": {"uv": [0, 3.5, 5.7, 8.4], "rotation": 90, "texture": "#4"},
				"east": {"uv": [0, 3.5, 5.7, 8.4], "rotation": 90, "texture": "#4"},
				"south": {"uv": [0, 3.5, 5.7, 8.4], "rotation": 90, "texture": "#4"},
				"west": {"uv": [0, 3.5, 5.7, 8.4], "rotation": 90, "texture": "#4"},
				"up": {"uv": [0, 3.5, 5.7, 8.4], "rotation": 90, "texture": "#4"},
				"down": {"uv": [0, 3.5, 5.7, 8.4], "rotation": 90, "texture": "#4"}
			}
		},
		{
			"from": [4.5, 6.7, 5.6],
			"to": [10, 7.7, 10.4],
			"rotation": {"angle": 45, "axis": "z", "origin": [3.5, 16.5, 8]},
			"faces": {
				"north": {"uv": [0, 0, 5.5, 1], "rotation": 180, "texture": "#4"},
				"east": {"uv": [0, 0, 4.8, 1], "rotation": 180, "texture": "#4"},
				"south": {"uv": [0, 0, 5.5, 1], "rotation": 180, "texture": "#4"},
				"west": {"uv": [0, 0, 4.8, 1], "texture": "#missing"},
				"up": {"uv": [0, 5.5, 5.5, 10.3], "rotation": 180, "texture": "#4"},
				"down": {"uv": [0, 0, 5.5, 4.8], "texture": "#4"}
			}
		},
		{
			"from": [5.5, 9.8, 5.8],
			"to": [10.5, 11, 11.3],
			"rotation": {"angle": -45, "axis": "x", "origin": [3.5, 16.5, 8]},
			"faces": {
				"north": {"uv": [0, 0, 5, 1.2], "texture": "#4"},
				"east": {"uv": [0, 0, 5.5, 1.2], "rotation": 180, "texture": "#4"},
				"south": {"uv": [0, 0, 5, 1.2], "texture": "#4"},
				"west": {"uv": [0, 0, 5.5, 1.2], "rotation": 180, "texture": "#4"},
				"up": {"uv": [0, 3, 5, 8.5], "rotation": 180, "texture": "#4"},
				"down": {"uv": [0, 0, 5, 5.5], "rotation": 180, "texture": "#4"}
			}
		},
		{
			"from": [5.5, 14.3, 1.3],
			"to": [10.5, 19.4, 2.4],
			"rotation": {"angle": -45, "axis": "x", "origin": [3.5, 16.5, 8]},
			"faces": {
				"north": {"uv": [0, 0, 5, 5.1], "texture": "#4"},
				"east": {"uv": [0, 0, 5.1, 1.1], "rotation": 90, "texture": "#4"},
				"south": {"uv": [0, 4.5, 5, 9.6], "rotation": 180, "texture": "#4"},
				"west": {"uv": [0, 0, 5.1, 1.1], "rotation": 270, "texture": "#4"},
				"up": {"uv": [0, 0, 5, 1.1], "rotation": 180, "texture": "#4"},
				"down": {"uv": [0, 0, 5, 1.1], "texture": "#4"}
			}
		},
		{
			"from": [0, 10, 0],
			"to": [5.5, 11, 16],
			"faces": {
				"north": {"uv": [10.5, 5, 16, 6], "texture": "#4"},
				"east": {"uv": [0, 3.5, 16, 4.5], "texture": "#4"},
				"south": {"uv": [0, 5, 5.5, 6], "texture": "#4"},
				"west": {"uv": [0, 5, 16, 6], "texture": "#4"},
				"up": {"uv": [0, 0, 5.5, 16], "texture": "#3"},
				"down": {"uv": [0, 2.5, 5.5, 16], "texture": "#4"}
			}
		},
		{
			"from": [10.4, 10, 0],
			"to": [16, 11, 10.5],
			"faces": {
				"north": {"uv": [0, 5, 5.5, 6], "texture": "#4"},
				"east": {"uv": [5.5, 6.125, 16, 7.125], "texture": "#4"},
				"south": {"uv": [10.5, 5, 16, 6], "texture": "#4"},
				"west": {"uv": [0, 6.5, 16, 7.5], "texture": "#4"},
				"up": {"uv": [0, 0, 5.5, 16], "rotation": 180, "texture": "#3"},
				"down": {"uv": [10.5, 5.5, 16, 16], "rotation": 90, "texture": "#4"}
			}
		},
		{
			"from": [5.4, 10, 0],
			"to": [10.4, 11, 3.9],
			"faces": {
				"north": {"uv": [5.5, 5, 11, 6], "texture": "#4"},
				"east": {"uv": [5.5, 6.125, 16, 7.125], "texture": "#4"},
				"south": {"uv": [10.5, 5, 16, 6], "texture": "#4"},
				"west": {"uv": [0, 0, 16, 1], "texture": "#4"},
				"up": {"uv": [0, 0, 5.5, 16], "rotation": 180, "texture": "#3"},
				"down": {"uv": [10.5, 5, 16, 15.75], "rotation": 90, "texture": "#4"}
			}
		},
		{
			"from": [11, 5, 5.5],
			"to": [12, 10, 11],
			"faces": {
				"north": {"uv": [4, 6, 12, 12], "texture": "#4"},
				"east": {"uv": [4, 6, 12, 12], "texture": "#4"},
				"south": {"uv": [4, 6, 12, 12], "texture": "#4"},
				"west": {"uv": [4, 6, 12, 12], "texture": "#4"},
				"up": {"uv": [0, 0, 0, 0], "texture": "#4"},
				"down": {"uv": [11, 6, 12, 12], "texture": "#4"}
			}
		},
		{
			"from": [4, 4, 11],
			"to": [12, 10, 12],
			"faces": {
				"north": {"uv": [4, 6, 12, 12], "texture": "#4"},
				"east": {"uv": [4, 6, 5, 12], "texture": "#4"},
				"south": {"uv": [4, 6, 12, 12], "texture": "#4"},
				"west": {"uv": [12, 6, 13, 12], "texture": "#4"},
				"down": {"uv": [4, 6, 12, 7], "texture": "#4"}
			}
		},
		{
			"from": [4, 5, 5.5],
			"to": [5, 10, 11],
			"faces": {
				"north": {"uv": [4, 6, 12, 12], "texture": "#4"},
				"east": {"uv": [4, 6, 12, 12], "texture": "#4"},
				"south": {"uv": [4, 6, 12, 12], "texture": "#4"},
				"west": {"uv": [4, 6, 12, 12], "texture": "#4"},
				"down": {"uv": [4, 6, 5, 12], "texture": "#4"}
			}
		},
		{
			"from": [6, 0, 5],
			"to": [10, 4, 6],
			"faces": {
				"north": {"uv": [6, 12, 10, 16], "rotation": 180, "texture": "#4"},
				"east": {"uv": [10, 12, 11, 16], "rotation": 90, "texture": "#4"},
				"south": {"uv": [6, 12, 10, 16], "texture": "#4"},
				"west": {"uv": [5, 12, 6, 16], "rotation": 270, "texture": "#4"},
				"down": {"uv": [6, 10, 10, 11], "rotation": 180, "texture": "#4", "cullface": "north"}
			}
		},
		{
			"from": [5, 0, 6],
			"to": [6, 4, 10],
			"faces": {
				"north": {"uv": [10, 12, 11, 16], "rotation": 180, "texture": "#4"},
				"east": {"uv": [6, 12, 10, 16], "rotation": 90, "texture": "#4"},
				"south": {"uv": [5, 12, 6, 16], "texture": "#4"},
				"west": {"uv": [6, 12, 10, 16], "rotation": 270, "texture": "#4"},
				"up": {"uv": [5, 6, 6, 10], "texture": "#4"},
				"down": {"uv": [5, 6, 6, 10], "rotation": 180, "texture": "#4", "cullface": "north"}
			}
		},
		{
			"from": [10, 0, 6],
			"to": [11, 4, 10],
			"faces": {
				"north": {"uv": [5, 12, 6, 16], "rotation": 180, "texture": "#4"},
				"east": {"uv": [6, 12, 10, 16], "rotation": 90, "texture": "#4"},
				"south": {"uv": [10, 12, 11, 16], "texture": "#4"},
				"west": {"uv": [6, 12, 10, 16], "rotation": 270, "texture": "#4"},
				"up": {"uv": [10, 6, 11, 10], "texture": "#4"},
				"down": {"uv": [10, 6, 11, 10], "rotation": 180, "texture": "#4", "cullface": "north"}
			}
		},
		{
			"from": [6, 0, 10],
			"to": [10, 4, 11],
			"faces": {
				"north": {"uv": [6, 12, 10, 16], "rotation": 180, "texture": "#4"},
				"east": {"uv": [5, 12, 6, 16], "rotation": 90, "texture": "#4"},
				"south": {"uv": [6, 12, 10, 16], "texture": "#4"},
				"west": {"uv": [10, 12, 11, 16], "rotation": 270, "texture": "#4"},
				"down": {"uv": [6, 5, 10, 6], "rotation": 180, "texture": "#4", "cullface": "north"}
			}
		},
		{
			"from": [4, 4, 10],
			"to": [12, 5, 11],
			"faces": {
				"north": {"uv": [4, 6, 12, 12], "rotation": 180, "texture": "#4"},
				"east": {"uv": [11, 6, 12, 12], "rotation": 270, "texture": "#4"},
				"south": {"uv": [0, 0, 0, 0], "texture": "#4"},
				"west": {"uv": [2.875, 6, 3.875, 12], "rotation": 90, "texture": "#4"},
				"up": {"uv": [4, 6, 12, 9], "rotation": 180, "texture": "#4"},
				"down": {"uv": [4, 6, 12, 12], "texture": "#4"}
			}
		},
		{
			"from": [4, 4, 6.5],
			"to": [6, 5, 10],
			"faces": {
				"north": {"uv": [4, 6, 12, 12], "rotation": 180, "texture": "#4"},
				"east": {"uv": [11, 6, 12, 12], "rotation": 270, "texture": "#4"},
				"west": {"uv": [2.875, 6, 3.875, 12], "rotation": 90, "texture": "#4"},
				"up": {"uv": [9, 7, 12, 12], "rotation": 180, "texture": "#4"},
				"down": {"uv": [4, 6, 12, 12], "texture": "#4"}
			}
		},
		{
			"from": [10, 4, 6.5],
			"to": [12, 5, 10],
			"faces": {
				"north": {"uv": [4, 6, 12, 12], "rotation": 180, "texture": "#4"},
				"east": {"uv": [11, 6, 12, 12], "rotation": 270, "texture": "#4"},
				"west": {"uv": [2.875, 6, 3.875, 12], "rotation": 90, "texture": "#4"},
				"up": {"uv": [4, 6, 7, 12], "rotation": 180, "texture": "#4"},
				"down": {"uv": [4, 6, 12, 12], "texture": "#4"}
			}
		},
		{
			"from": [0, 11.2, 5.5],
			"to": [1, 16.9, 10.4],
			"rotation": {"angle": 45, "axis": "z", "origin": [3.5, 16.5, 8]},
			"faces": {
				"north": {"uv": [0, 0, 5.7, 1], "rotation": 270, "texture": "#4"},
				"east": {"uv": [0, 0, 5.7, 4.9], "rotation": 90, "texture": "#4"},
				"south": {"uv": [0, 0, 5.7, 1], "rotation": 90, "texture": "#4"},
				"west": {"uv": [0, 0, 5.7, 4.9], "rotation": 90, "texture": "#4"},
				"up": {"uv": [0, 0, 4.9, 1], "rotation": 270, "texture": "#4"},
				"down": {"uv": [0, 0, 4.9, 1], "rotation": 90, "texture": "#4"}
			}
		},
		{
			"from": [2, 11, 1.9],
			"to": [5.5, 14.7, 5.5],
			"faces": {
				"north": {"uv": [0.5, 5.5, 4, 8.9], "texture": "#4"},
				"east": {"uv": [0.5, 5.5, 4, 8.9], "texture": "#4"},
				"south": {"uv": [0.5, 5.5, 4, 8.9], "texture": "#4"},
				"west": {"uv": [0.5, 5.5, 4, 8.9], "texture": "#4"},
				"up": {"uv": [0.5, 5.5, 4, 8.9], "texture": "#4"},
				"down": {"uv": [0.5, 5.5, 4, 8.9], "texture": "#4"}
			}
		},
		{
			"from": [10.5, 11, 2],
			"to": [14, 14.7, 5.5],
			"faces": {
				"north": {"uv": [12.5, 6, 16, 9.4], "texture": "#4"},
				"east": {"uv": [12.5, 6, 16, 9.4], "texture": "#4"},
				"south": {"uv": [12.5, 6, 16, 9.4], "texture": "#4"},
				"west": {"uv": [12.5, 6, 16, 9.4], "texture": "#4"},
				"up": {"uv": [9.5, 6, 13, 9.4], "texture": "#4"},
				"down": {"uv": [12.5, 6, 16, 9.4], "texture": "#4"}
			}
		},
		{
			"from": [10.5, 11, 10.4],
			"to": [14, 14.7, 14.1],
			"faces": {
				"north": {"uv": [0, 6.5, 3.5, 10.2], "texture": "#4"},
				"east": {"uv": [0, 0, 3.4, 3.7], "texture": "#missing"},
				"south": {"uv": [0, 0, 3.5, 3.7], "texture": "#missing"},
				"west": {"uv": [0, 4.5, 3.4, 8.2], "texture": "#4"},
				"up": {"uv": [12.5, 12.625, 16, 16], "texture": "#4"},
				"down": {"uv": [0, 0, 3.5, 3.4], "texture": "#missing"}
			}
		},
		{
			"from": [2, 11, 10.4],
			"to": [5.5, 14.7, 14],
			"faces": {
				"north": {"uv": [0, 6, 3.4, 9.7], "texture": "#4"},
				"east": {"uv": [0, 6, 3.4, 9.7], "texture": "#4"},
				"south": {"uv": [0, 6, 3.4, 9.7], "texture": "#4"},
				"west": {"uv": [0, 6, 3.4, 9.7], "texture": "#4"},
				"up": {"uv": [0, 6, 3.4, 9.7], "texture": "#4"},
				"down": {"uv": [0, 6, 3.4, 9.7], "texture": "#4"}
			}
		},
		{
			"from": [4, 4, 4],
			"to": [12, 11, 5.5],
			"faces": {
				"north": {"uv": [4, 6, 12, 12], "texture": "#4"},
				"east": {"uv": [4, 6, 5, 12], "texture": "#4"},
				"south": {"uv": [4, 6, 12, 12], "texture": "#4"},
				"west": {"uv": [12, 6, 13, 12], "texture": "#4"},
				"up": {"uv": [2, 4, 4.5, 4.5], "texture": "#4"},
				"down": {"uv": [4, 6, 12, 7], "texture": "#4"}
			}
		},
		{
			"from": [5.5, 10, 10.5],
			"to": [16, 11, 16],
			"faces": {
				"north": {"uv": [0, 7.5, 16, 8.5], "texture": "#4"},
				"east": {"uv": [0, 5, 5.5, 6], "texture": "#4"},
				"south": {"uv": [5.5, 6.125, 16, 7.125], "texture": "#4"},
				"west": {"uv": [10.5, 5, 16, 6], "texture": "#4"},
				"up": {"uv": [0, 0, 5.5, 16], "rotation": 270, "texture": "#3"},
				"down": {"uv": [5.5, 2.5, 16, 8.5], "texture": "#4"}
			}
		},
		{
			"from": [4, 4, 5.5],
			"to": [12, 5, 6.5],
			"faces": {
				"north": {"uv": [4, 6, 12, 12], "rotation": 180, "texture": "#4"},
				"east": {"uv": [11, 6, 12, 12], "rotation": 270, "texture": "#4"},
				"south": {"uv": [0, 0, 0, 0], "texture": "#4"},
				"west": {"uv": [2.875, 6, 3.875, 12], "rotation": 90, "texture": "#4"},
				"up": {"uv": [2, 7.5, 11.5, 11.5], "rotation": 180, "texture": "#4"},
				"down": {"uv": [4, 6, 12, 12], "texture": "#4"}
			}
		}
	]
}