{
	"credit": "Made with Blockbench",
	"textures": {
		"2_2_2_0": "block/birch_fence",
		"particle": "block/birch_fence"
	},
	"elements": [
		{
			"name": "East_Post",
			"from": [15, 0, 7],
			"to": [16, 16, 9],
			"faces": {
				"north": {"uv": [12.5, 0, 11.5, 16], "texture": "#2_2_2_0"},
				"east": {"uv": [9.5, 0, 7.5, 16], "texture": "#2_2_2_0"},
				"south": {"uv": [15.5, 0, 14.5, 16], "texture": "#2_2_2_0"},
				"west": {"uv": [14.5, 0, 12.5, 16], "texture": "#2_2_2_0"},
				"up": {"uv": [2, 9.5, 0, 10.5], "rotation": 270, "texture": "#2_2_2_0"},
				"down": {"uv": [4.5, 9.5, 2.5, 10.5], "rotation": 90, "texture": "#2_2_2_0"}
			}
		},
		{
			"name": "West_Post",
			"from": [0, 0, 7],
			"to": [1, 16, 9],
			"faces": {
				"north": {"uv": [12.5, 0, 11.5, 16], "texture": "#2_2_2_0"},
				"east": {"uv": [14.5, 0, 12.5, 16], "texture": "#2_2_2_0"},
				"south": {"uv": [15.5, 0, 14.5, 16], "texture": "#2_2_2_0"},
				"west": {"uv": [9.5, 0, 7.5, 16], "texture": "#2_2_2_0"},
				"up": {"uv": [2, 9.5, 0, 10.5], "rotation": 90, "texture": "#2_2_2_0"},
				"down": {"uv": [4.5, 9.5, 2.5, 10.5], "rotation": 270, "texture": "#2_2_2_0"}
			}
		},
		{
			"name": "Centre_Post",
			"from": [7.5, 0.5, 7],
			"to": [8.5, 15.5, 9],
			"faces": {
				"north": {"uv": [12.5, 0, 11.5, 16], "texture": "#2_2_2_0"},
				"east": {"uv": [14.5, 0, 12.5, 16], "texture": "#2_2_2_0"},
				"south": {"uv": [15.5, 0, 14.5, 16], "texture": "#2_2_2_0"},
				"west": {"uv": [14.5, 0, 12.5, 16], "texture": "#2_2_2_0"},
				"up": {"uv": [4.5, 9.5, 2.5, 10], "rotation": 90, "texture": "#2_2_2_0"},
				"down": {"uv": [4.5, 9.5, 2.5, 10.5], "rotation": 270, "texture": "#2_2_2_0"}
			}
		},
		{
			"name": "East_Top_Post",
			"from": [8.5, 14.5, 7],
			"to": [15, 15.5, 9],
			"faces": {
				"north": {"uv": [10, 0, 12, 16], "rotation": 90, "texture": "#2_2_2_0"},
				"east": {"uv": [2.5, 9.5, 4.5, 11.5], "rotation": 180, "texture": "#2_2_2_0"},
				"south": {"uv": [14, 0, 16, 16], "rotation": 270, "texture": "#2_2_2_0"},
				"west": {"uv": [0, 9.5, 2, 11.5], "texture": "#2_2_2_0"},
				"up": {"uv": [12.5, 9.5, 14.5, 16], "rotation": 270, "texture": "#2_2_2_0"},
				"down": {"uv": [12.5, 9.5, 14.5, 16], "rotation": 270, "texture": "#2_2_2_0"}
			}
		},
		{
			"name": "West_Top_Post",
			"from": [1, 14.5, 7],
			"to": [7.5, 15.5, 9],
			"faces": {
				"north": {"uv": [10, 0, 12, 16], "rotation": 90, "texture": "#2_2_2_0"},
				"east": {"uv": [2.5, 9.5, 4.5, 11.5], "rotation": 180, "texture": "#2_2_2_0"},
				"south": {"uv": [15, 0, 16, 6.5], "rotation": 270, "texture": "#2_2_2_0"},
				"west": {"uv": [0, 9.5, 2, 11.5], "texture": "#2_2_2_0"},
				"up": {"uv": [12.5, 0, 14.5, 6.5], "rotation": 270, "texture": "#2_2_2_0"},
				"down": {"uv": [12.5, 0, 14.5, 6.5], "rotation": 270, "texture": "#2_2_2_0"}
			}
		},
		{
			"name": "Middle_Post",
			"from": [1, 7.5, 6.5],
			"to": [15, 8.5, 9.5],
			"faces": {
				"north": {"uv": [10.5, 0, 11.5, 16], "rotation": 90, "texture": "#2_2_2_0"},
				"east": {"uv": [2.5, 9.5, 4.5, 10.5], "rotation": 180, "texture": "#2_2_2_0"},
				"south": {"uv": [14.5, 0, 15.5, 16], "rotation": 270, "texture": "#2_2_2_0"},
				"west": {"uv": [0, 9.5, 2, 10.5], "texture": "#2_2_2_0"},
				"up": {"uv": [12, 0, 15, 16], "rotation": 270, "texture": "#2_2_2_0"},
				"down": {"uv": [12, 0, 15, 16], "rotation": 270, "texture": "#2_2_2_0"}
			}
		},
		{
			"name": "East_Bottom_Post",
			"from": [8.5, 0.5, 7],
			"to": [15, 1.5, 9],
			"faces": {
				"north": {"uv": [11, 9.5, 12, 16], "rotation": 90, "texture": "#2_2_2_0"},
				"east": {"uv": [2.5, 9.5, 4.5, 11.5], "rotation": 180, "texture": "#2_2_2_0"},
				"south": {"uv": [15, 9.5, 16, 16], "rotation": 270, "texture": "#2_2_2_0"},
				"west": {"uv": [0, 9.5, 2, 11.5], "texture": "#2_2_2_0"},
				"up": {"uv": [12.5, 9.5, 14.5, 16], "rotation": 270, "texture": "#2_2_2_0"},
				"down": {"uv": [12.5, 9.5, 14.5, 16], "rotation": 270, "texture": "#2_2_2_0"}
			}
		},
		{
			"name": "West_Bottom_Post",
			"from": [1, 0.5, 7],
			"to": [7.5, 1.5, 9],
			"faces": {
				"north": {"uv": [11, 0, 12, 6.5], "rotation": 90, "texture": "#2_2_2_0"},
				"east": {"uv": [2.5, 9.5, 4.5, 11.5], "rotation": 180, "texture": "#2_2_2_0"},
				"south": {"uv": [15, 0, 16, 6.5], "rotation": 270, "texture": "#2_2_2_0"},
				"west": {"uv": [0, 9.5, 2, 11.5], "texture": "#2_2_2_0"},
				"up": {"uv": [12.5, 0, 14.5, 6.5], "rotation": 270, "texture": "#2_2_2_0"},
				"down": {"uv": [12.5, 0, 14.5, 6.5], "rotation": 270, "texture": "#2_2_2_0"}
			}
		},
		{
			"name": "East_Top_Wattle",
			"from": [12.75, 7.50761, 7.71173],
			"to": [13.25, 15.86412, 8.22146],
			"rotation": {"angle": 22.5, "axis": "x", "origin": [13.5, 11.90761, 7.96173]},
			"faces": {
				"north": {"uv": [5, 8.5, 5.5, 0], "rotation": 180, "texture": "#2_2_2_0"},
				"east": {"uv": [5.5, 0.5, 5, 9], "texture": "#2_2_2_0"},
				"south": {"uv": [0.5, 8.5, 1, 0], "texture": "#2_2_2_0"},
				"west": {"uv": [5.5, 0.5, 5, 9], "rotation": 180, "texture": "#2_2_2_0"},
				"up": {"uv": [0.5, 8.5, 0, 9], "rotation": 90, "texture": "#2_2_2_0"},
				"down": {"uv": [0.5, 0, 0, 0.5], "rotation": 90, "texture": "#2_2_2_0"}
			}
		},
		{
			"name": "East_Top_Wattle",
			"from": [11.75, 7.50761, 7.71173],
			"to": [12.25, 15.86412, 8.22146],
			"rotation": {"angle": 22.5, "axis": "x", "origin": [13.5, 11.90761, 7.96173]},
			"faces": {
				"north": {"uv": [4, 8.5, 4.5, 0], "rotation": 180, "texture": "#2_2_2_0"},
				"east": {"uv": [5, 0.5, 5.5, 9], "rotation": 180, "texture": "#2_2_2_0"},
				"south": {"uv": [4, 8.5, 4.5, 0], "texture": "#2_2_2_0"},
				"west": {"uv": [5, 0.5, 5.5, 9], "texture": "#2_2_2_0"},
				"up": {"uv": [0.5, 8.5, 0, 9], "rotation": 90, "texture": "#2_2_2_0"},
				"down": {"uv": [0.5, 0, 0, 0.5], "rotation": 90, "texture": "#2_2_2_0"}
			}
		},
		{
			"name": "East_Top_Wattle",
			"from": [10.75, 7.50761, 7.71173],
			"to": [11.25, 15.86412, 8.22146],
			"rotation": {"angle": 22.5, "axis": "x", "origin": [13.5, 11.90761, 7.96173]},
			"faces": {
				"north": {"uv": [6, 8.5, 6.5, 0], "texture": "#2_2_2_0"},
				"east": {"uv": [6.5, 0.5, 6, 9], "rotation": 180, "texture": "#2_2_2_0"},
				"south": {"uv": [5.5, 8.5, 6, 0], "texture": "#2_2_2_0"},
				"west": {"uv": [6.5, 0.5, 6, 9], "texture": "#2_2_2_0"},
				"up": {"uv": [0.5, 8.5, 0, 9], "rotation": 90, "texture": "#2_2_2_0"},
				"down": {"uv": [0.5, 0, 0, 0.5], "rotation": 90, "texture": "#2_2_2_0"}
			}
		},
		{
			"name": "East_Top_Wattle",
			"from": [11.25, 7.50761, 7.77854],
			"to": [11.75, 15.86412, 8.28827],
			"rotation": {"angle": -22.5, "axis": "x", "origin": [13.5, 11.90761, 8.03827]},
			"faces": {
				"north": {"uv": [6, 8.5, 5.5, 0], "texture": "#2_2_2_0"},
				"east": {"uv": [6, 0.5, 6.5, 9], "rotation": 180, "texture": "#2_2_2_0"},
				"south": {"uv": [6.5, 8.5, 6, 0], "texture": "#2_2_2_0"},
				"west": {"uv": [6, 0.5, 6.5, 9], "texture": "#2_2_2_0"},
				"up": {"uv": [0, 8.5, 0.5, 9], "rotation": 90, "texture": "#2_2_2_0"},
				"down": {"uv": [0, 0, 0.5, 0.5], "rotation": 90, "texture": "#2_2_2_0"}
			}
		},
		{
			"name": "East_Top_Wattle",
			"from": [9.75, 7.50761, 7.71173],
			"to": [10.25, 15.86412, 8.22146],
			"rotation": {"angle": 22.5, "axis": "x", "origin": [13.5, 11.90761, 7.96173]},
			"faces": {
				"north": {"uv": [5, 8.5, 5.5, 0], "rotation": 180, "texture": "#2_2_2_0"},
				"east": {"uv": [5.5, 0.5, 5, 9], "texture": "#2_2_2_0"},
				"south": {"uv": [5, 8.5, 5.5, 0], "texture": "#2_2_2_0"},
				"west": {"uv": [5.5, 0.5, 5, 9], "rotation": 180, "texture": "#2_2_2_0"},
				"up": {"uv": [0.5, 8.5, 0, 9], "rotation": 90, "texture": "#2_2_2_0"},
				"down": {"uv": [0.5, 0, 0, 0.5], "rotation": 90, "texture": "#2_2_2_0"}
			}
		},
		{
			"name": "East_Top_Wattle",
			"from": [13.75, 7.50761, 7.71173],
			"to": [14.25, 15.86412, 8.22146],
			"rotation": {"angle": 22.5, "axis": "x", "origin": [13.5, 11.90761, 7.96173]},
			"faces": {
				"north": {"uv": [1, 8.5, 1.5, 0], "rotation": 180, "texture": "#2_2_2_0"},
				"east": {"uv": [1.5, 0.5, 1, 9], "texture": "#2_2_2_0"},
				"south": {"uv": [1, 8.5, 1.5, 0], "texture": "#2_2_2_0"},
				"west": {"uv": [1.5, 0.5, 1, 9], "rotation": 180, "texture": "#2_2_2_0"},
				"up": {"uv": [0.5, 8.5, 0, 9], "rotation": 90, "texture": "#2_2_2_0"},
				"down": {"uv": [0.5, 0, 0, 0.5], "rotation": 90, "texture": "#2_2_2_0"}
			}
		},
		{
			"name": "East_Top_Wattle",
			"from": [8.75, 7.50761, 7.71173],
			"to": [9.25, 15.86412, 8.22146],
			"rotation": {"angle": 22.5, "axis": "x", "origin": [13.5, 11.90761, 7.96173]},
			"faces": {
				"north": {"uv": [5.5, 8.5, 5, 0], "texture": "#2_2_2_0"},
				"east": {"uv": [5, 0.5, 5.5, 9], "texture": "#2_2_2_0"},
				"south": {"uv": [7, 8.5, 7.5, 0], "texture": "#2_2_2_0"},
				"west": {"uv": [5, 0.5, 5.5, 9], "rotation": 180, "texture": "#2_2_2_0"},
				"up": {"uv": [0.5, 8.5, 0, 9], "rotation": 90, "texture": "#2_2_2_0"},
				"down": {"uv": [0.5, 0, 0, 0.5], "rotation": 90, "texture": "#2_2_2_0"}
			}
		},
		{
			"name": "East_Top_Wattle",
			"from": [10.25, 7.50761, 7.77854],
			"to": [10.75, 15.86412, 8.28827],
			"rotation": {"angle": -22.5, "axis": "x", "origin": [13.5, 11.90761, 8.03827]},
			"faces": {
				"north": {"uv": [5.5, 8.5, 5, 0], "texture": "#2_2_2_0"},
				"east": {"uv": [5, 0.5, 5.5, 9], "texture": "#2_2_2_0"},
				"south": {"uv": [5.5, 8.5, 5, 0], "rotation": 180, "texture": "#2_2_2_0"},
				"west": {"uv": [5, 0.5, 5.5, 9], "rotation": 180, "texture": "#2_2_2_0"},
				"up": {"uv": [0, 8.5, 0.5, 9], "rotation": 90, "texture": "#2_2_2_0"},
				"down": {"uv": [0, 0, 0.5, 0.5], "rotation": 90, "texture": "#2_2_2_0"}
			}
		},
		{
			"name": "East_Top_Wattle",
			"from": [12.25, 7.50761, 7.77854],
			"to": [12.75, 15.86412, 8.28827],
			"rotation": {"angle": -22.5, "axis": "x", "origin": [13.5, 11.90761, 8.03827]},
			"faces": {
				"north": {"uv": [4.5, 8.5, 4, 0], "texture": "#2_2_2_0"},
				"east": {"uv": [5.5, 0.5, 5, 9], "rotation": 180, "texture": "#2_2_2_0"},
				"south": {"uv": [4.5, 8.5, 4, 0], "rotation": 180, "texture": "#2_2_2_0"},
				"west": {"uv": [5.5, 0.5, 5, 9], "texture": "#2_2_2_0"},
				"up": {"uv": [0, 8.5, 0.5, 9], "rotation": 90, "texture": "#2_2_2_0"},
				"down": {"uv": [0, 0, 0.5, 0.5], "rotation": 90, "texture": "#2_2_2_0"}
			}
		},
		{
			"name": "East_Top_Wattle",
			"from": [13.25, 7.50761, 7.77854],
			"to": [13.75, 15.86412, 8.28827],
			"rotation": {"angle": -22.5, "axis": "x", "origin": [13.5, 11.90761, 8.03827]},
			"faces": {
				"north": {"uv": [1, 8.5, 0.5, 0], "texture": "#2_2_2_0"},
				"east": {"uv": [5, 0.5, 5.5, 9], "texture": "#2_2_2_0"},
				"south": {"uv": [5.5, 8.5, 5, 0], "rotation": 180, "texture": "#2_2_2_0"},
				"west": {"uv": [5, 0.5, 5.5, 9], "rotation": 180, "texture": "#2_2_2_0"},
				"up": {"uv": [0, 8.5, 0.5, 9], "rotation": 90, "texture": "#2_2_2_0"},
				"down": {"uv": [0, 0, 0.5, 0.5], "rotation": 90, "texture": "#2_2_2_0"}
			}
		},
		{
			"name": "East_Top_Wattle",
			"from": [14.25, 7.50761, 7.77854],
			"to": [14.75, 15.86412, 8.28827],
			"rotation": {"angle": -22.5, "axis": "x", "origin": [13.5, 11.90761, 8.03827]},
			"faces": {
				"north": {"uv": [1.5, 8.5, 1, 0], "texture": "#2_2_2_0"},
				"east": {"uv": [1, 0.5, 1.5, 9], "texture": "#2_2_2_0"},
				"south": {"uv": [1.5, 8.5, 1, 0], "rotation": 180, "texture": "#2_2_2_0"},
				"west": {"uv": [1, 0.5, 1.5, 9], "rotation": 180, "texture": "#2_2_2_0"},
				"up": {"uv": [0, 8.5, 0.5, 9], "rotation": 90, "texture": "#2_2_2_0"},
				"down": {"uv": [0, 0, 0.5, 0.5], "rotation": 90, "texture": "#2_2_2_0"}
			}
		},
		{
			"name": "East_Top_Wattle",
			"from": [9.25, 7.50761, 7.77854],
			"to": [9.75, 15.86412, 8.28827],
			"rotation": {"angle": -22.5, "axis": "x", "origin": [13.5, 11.90761, 8.03827]},
			"faces": {
				"north": {"uv": [7.5, 8.5, 7, 0], "texture": "#2_2_2_0"},
				"east": {"uv": [5.5, 0.5, 5, 9], "texture": "#2_2_2_0"},
				"south": {"uv": [5, 8.5, 5.5, 0], "texture": "#2_2_2_0"},
				"west": {"uv": [5.5, 0.5, 5, 9], "rotation": 180, "texture": "#2_2_2_0"},
				"up": {"uv": [0, 8.5, 0.5, 9], "rotation": 90, "texture": "#2_2_2_0"},
				"down": {"uv": [0, 0, 0.5, 0.5], "rotation": 90, "texture": "#2_2_2_0"}
			}
		},
		{
			"name": "East_Bottom_Wattle",
			"from": [13.75, 0.0123, 7.71173],
			"to": [14.25, 8.36881, 8.22146],
			"rotation": {"angle": -22.5, "axis": "x", "origin": [13.5, 3.96881, 7.96173]},
			"faces": {
				"north": {"uv": [1, 0, 1.5, 8.5], "rotation": 180, "texture": "#2_2_2_0"},
				"east": {"uv": [1.5, 9, 1, 0.5], "texture": "#2_2_2_0"},
				"south": {"uv": [1, 0, 1.5, 8.5], "texture": "#2_2_2_0"},
				"west": {"uv": [1.5, 9, 1, 0.5], "rotation": 180, "texture": "#2_2_2_0"},
				"up": {"uv": [0, 0, 0.5, 0.5], "rotation": 90, "texture": "#2_2_2_0"},
				"down": {"uv": [0, 8.5, 0.5, 9], "rotation": 90, "texture": "#2_2_2_0"}
			}
		},
		{
			"name": "East_Bottom_Wattle",
			"from": [12.75, 0.0123, 7.71173],
			"to": [13.25, 8.36881, 8.22146],
			"rotation": {"angle": -22.5, "axis": "x", "origin": [13.5, 3.96881, 7.96173]},
			"faces": {
				"north": {"uv": [5, 0, 5.5, 8.5], "rotation": 180, "texture": "#2_2_2_0"},
				"east": {"uv": [5.5, 9, 5, 0.5], "texture": "#2_2_2_0"},
				"south": {"uv": [0.5, 0, 1, 8.5], "texture": "#2_2_2_0"},
				"west": {"uv": [5.5, 9, 5, 0.5], "rotation": 180, "texture": "#2_2_2_0"},
				"up": {"uv": [0, 0, 0.5, 0.5], "rotation": 90, "texture": "#2_2_2_0"},
				"down": {"uv": [0, 8.5, 0.5, 9], "rotation": 90, "texture": "#2_2_2_0"}
			}
		},
		{
			"name": "East_Bottom_Wattle",
			"from": [11.75, 0.0123, 7.71173],
			"to": [12.25, 8.36881, 8.22146],
			"rotation": {"angle": -22.5, "axis": "x", "origin": [13.5, 3.96881, 7.96173]},
			"faces": {
				"north": {"uv": [4, 0, 4.5, 8.5], "rotation": 180, "texture": "#2_2_2_0"},
				"east": {"uv": [5, 9, 5.5, 0.5], "rotation": 180, "texture": "#2_2_2_0"},
				"south": {"uv": [4, 0, 4.5, 8.5], "texture": "#2_2_2_0"},
				"west": {"uv": [5, 9, 5.5, 0.5], "texture": "#2_2_2_0"},
				"up": {"uv": [0, 0, 0.5, 0.5], "rotation": 90, "texture": "#2_2_2_0"},
				"down": {"uv": [0, 8.5, 0.5, 9], "rotation": 90, "texture": "#2_2_2_0"}
			}
		},
		{
			"name": "East_Bottom_Wattle",
			"from": [10.75, 0.0123, 7.71173],
			"to": [11.25, 8.36881, 8.22146],
			"rotation": {"angle": -22.5, "axis": "x", "origin": [13.5, 3.96881, 7.96173]},
			"faces": {
				"north": {"uv": [6, 0, 6.5, 8.5], "texture": "#2_2_2_0"},
				"east": {"uv": [6.5, 9, 6, 0.5], "rotation": 180, "texture": "#2_2_2_0"},
				"south": {"uv": [5.5, 0, 6, 8.5], "texture": "#2_2_2_0"},
				"west": {"uv": [6.5, 9, 6, 0.5], "texture": "#2_2_2_0"},
				"up": {"uv": [0, 0, 0.5, 0.5], "rotation": 90, "texture": "#2_2_2_0"},
				"down": {"uv": [0, 8.5, 0.5, 9], "rotation": 90, "texture": "#2_2_2_0"}
			}
		},
		{
			"name": "East_Bottom_Wattle",
			"from": [9.75, 0.0123, 7.71173],
			"to": [10.25, 8.36881, 8.22146],
			"rotation": {"angle": -22.5, "axis": "x", "origin": [13.5, 3.96881, 7.96173]},
			"faces": {
				"north": {"uv": [5, 0, 5.5, 8.5], "rotation": 180, "texture": "#2_2_2_0"},
				"east": {"uv": [5.5, 9, 5, 0.5], "texture": "#2_2_2_0"},
				"south": {"uv": [5, 0, 5.5, 8.5], "texture": "#2_2_2_0"},
				"west": {"uv": [5.5, 9, 5, 0.5], "rotation": 180, "texture": "#2_2_2_0"},
				"up": {"uv": [0, 0, 0.5, 0.5], "rotation": 90, "texture": "#2_2_2_0"},
				"down": {"uv": [0, 8.5, 0.5, 9], "rotation": 90, "texture": "#2_2_2_0"}
			}
		},
		{
			"name": "East_Bottom_Wattle",
			"from": [8.75, 0.0123, 7.71173],
			"to": [9.25, 8.36881, 8.22146],
			"rotation": {"angle": -22.5, "axis": "x", "origin": [13.5, 3.96881, 7.96173]},
			"faces": {
				"north": {"uv": [5.5, 0, 5, 8.5], "texture": "#2_2_2_0"},
				"east": {"uv": [5, 9, 5.5, 0.5], "texture": "#2_2_2_0"},
				"south": {"uv": [7, 0, 7.5, 8.5], "texture": "#2_2_2_0"},
				"west": {"uv": [5, 9, 5.5, 0.5], "rotation": 180, "texture": "#2_2_2_0"},
				"up": {"uv": [0, 0, 0.5, 0.5], "rotation": 90, "texture": "#2_2_2_0"},
				"down": {"uv": [0, 8.5, 0.5, 9], "rotation": 90, "texture": "#2_2_2_0"}
			}
		},
		{
			"name": "East_Bottom_Wattle",
			"from": [9.25, 0.0123, 7.77854],
			"to": [9.75, 8.36881, 8.28827],
			"rotation": {"angle": 22.5, "axis": "x", "origin": [13.5, 3.96881, 8.03827]},
			"faces": {
				"north": {"uv": [7.5, 0, 7, 8.5], "texture": "#2_2_2_0"},
				"east": {"uv": [5.5, 9, 5, 0.5], "texture": "#2_2_2_0"},
				"south": {"uv": [5, 0, 5.5, 8.5], "texture": "#2_2_2_0"},
				"west": {"uv": [5.5, 9, 5, 0.5], "rotation": 180, "texture": "#2_2_2_0"},
				"up": {"uv": [0.5, 0, 0, 0.5], "rotation": 90, "texture": "#2_2_2_0"},
				"down": {"uv": [0.5, 8.5, 0, 9], "rotation": 90, "texture": "#2_2_2_0"}
			}
		},
		{
			"name": "East_Bottom_Wattle",
			"from": [10.25, 0.0123, 7.77854],
			"to": [10.75, 8.36881, 8.28827],
			"rotation": {"angle": 22.5, "axis": "x", "origin": [13.5, 3.96881, 8.03827]},
			"faces": {
				"north": {"uv": [5.5, 0, 5, 8.5], "texture": "#2_2_2_0"},
				"east": {"uv": [5, 9, 5.5, 0.5], "texture": "#2_2_2_0"},
				"south": {"uv": [5.5, 0, 5, 8.5], "rotation": 180, "texture": "#2_2_2_0"},
				"west": {"uv": [5, 9, 5.5, 0.5], "rotation": 180, "texture": "#2_2_2_0"},
				"up": {"uv": [0.5, 0, 0, 0.5], "rotation": 90, "texture": "#2_2_2_0"},
				"down": {"uv": [0.5, 8.5, 0, 9], "rotation": 90, "texture": "#2_2_2_0"}
			}
		},
		{
			"name": "East_Bottom_Wattle",
			"from": [11.25, 0.0123, 7.77854],
			"to": [11.75, 8.36881, 8.28827],
			"rotation": {"angle": 22.5, "axis": "x", "origin": [13.5, 3.96881, 8.03827]},
			"faces": {
				"north": {"uv": [6, 0, 5.5, 8.5], "texture": "#2_2_2_0"},
				"east": {"uv": [6, 9, 6.5, 0.5], "rotation": 180, "texture": "#2_2_2_0"},
				"south": {"uv": [6.5, 0, 6, 8.5], "texture": "#2_2_2_0"},
				"west": {"uv": [6, 9, 6.5, 0.5], "texture": "#2_2_2_0"},
				"up": {"uv": [0.5, 0, 0, 0.5], "rotation": 90, "texture": "#2_2_2_0"},
				"down": {"uv": [0.5, 8.5, 0, 9], "rotation": 90, "texture": "#2_2_2_0"}
			}
		},
		{
			"name": "East_Bottom_Wattle",
			"from": [12.25, 0.0123, 7.77854],
			"to": [12.75, 8.36881, 8.28827],
			"rotation": {"angle": 22.5, "axis": "x", "origin": [13.5, 3.96881, 8.03827]},
			"faces": {
				"north": {"uv": [4.5, 0, 4, 8.5], "texture": "#2_2_2_0"},
				"east": {"uv": [5.5, 9, 5, 0.5], "rotation": 180, "texture": "#2_2_2_0"},
				"south": {"uv": [4.5, 0, 4, 8.5], "rotation": 180, "texture": "#2_2_2_0"},
				"west": {"uv": [5.5, 9, 5, 0.5], "texture": "#2_2_2_0"},
				"up": {"uv": [0.5, 0, 0, 0.5], "rotation": 90, "texture": "#2_2_2_0"},
				"down": {"uv": [0.5, 8.5, 0, 9], "rotation": 90, "texture": "#2_2_2_0"}
			}
		},
		{
			"name": "East_Bottom_Wattle",
			"from": [13.25, 0.0123, 7.77854],
			"to": [13.75, 8.36881, 8.28827],
			"rotation": {"angle": 22.5, "axis": "x", "origin": [13.5, 3.96881, 8.03827]},
			"faces": {
				"north": {"uv": [1, 0, 0.5, 8.5], "texture": "#2_2_2_0"},
				"east": {"uv": [5, 9, 5.5, 0.5], "texture": "#2_2_2_0"},
				"south": {"uv": [5.5, 0, 5, 8.5], "rotation": 180, "texture": "#2_2_2_0"},
				"west": {"uv": [5, 9, 5.5, 0.5], "rotation": 180, "texture": "#2_2_2_0"},
				"up": {"uv": [0.5, 0, 0, 0.5], "rotation": 90, "texture": "#2_2_2_0"},
				"down": {"uv": [0.5, 8.5, 0, 9], "rotation": 90, "texture": "#2_2_2_0"}
			}
		},
		{
			"name": "East_Bottom_Wattle",
			"from": [14.25, 0.0123, 7.77854],
			"to": [14.75, 8.36881, 8.28827],
			"rotation": {"angle": 22.5, "axis": "x", "origin": [13.5, 3.96881, 8.03827]},
			"faces": {
				"north": {"uv": [1.5, 0, 1, 8.5], "texture": "#2_2_2_0"},
				"east": {"uv": [1, 9, 1.5, 0.5], "texture": "#2_2_2_0"},
				"south": {"uv": [1.5, 0, 1, 8.5], "rotation": 180, "texture": "#2_2_2_0"},
				"west": {"uv": [1, 9, 1.5, 0.5], "rotation": 180, "texture": "#2_2_2_0"},
				"up": {"uv": [0.5, 0, 0, 0.5], "rotation": 90, "texture": "#2_2_2_0"},
				"down": {"uv": [0.5, 8.5, 0, 9], "rotation": 90, "texture": "#2_2_2_0"}
			}
		},
		{
			"name": "West_Top_Wattle",
			"from": [6.75, 7.50761, 7.77854],
			"to": [7.25, 15.86412, 8.28827],
			"rotation": {"angle": -22.5, "axis": "x", "origin": [16, 11.90761, 8.03827]},
			"faces": {
				"north": {"uv": [6.5, 8.5, 6, 0], "texture": "#2_2_2_0"},
				"east": {"uv": [6, 0.5, 6.5, 9], "texture": "#2_2_2_0"},
				"south": {"uv": [6.5, 8.5, 6, 0], "rotation": 180, "texture": "#2_2_2_0"},
				"west": {"uv": [3.5, 8.5, 3, 0], "rotation": 180, "texture": "#2_2_2_0"},
				"up": {"uv": [0, 8.5, 0.5, 9], "rotation": 90, "texture": "#2_2_2_0"},
				"down": {"uv": [0, 0, 0.5, 0.5], "rotation": 90, "texture": "#2_2_2_0"}
			}
		},
		{
			"name": "West_Top_Wattle",
			"from": [5.75, 7.50761, 7.77854],
			"to": [6.25, 15.86412, 8.28827],
			"rotation": {"angle": -22.5, "axis": "x", "origin": [16, 11.90761, 8.03827]},
			"faces": {
				"north": {"uv": [4.5, 8.5, 4, 0], "texture": "#2_2_2_0"},
				"east": {"uv": [6.5, 0.5, 6, 9], "rotation": 180, "texture": "#2_2_2_0"},
				"south": {"uv": [4.5, 8.5, 4, 0], "rotation": 180, "texture": "#2_2_2_0"},
				"west": {"uv": [6.5, 0.5, 6, 9], "texture": "#2_2_2_0"},
				"up": {"uv": [0, 8.5, 0.5, 9], "rotation": 90, "texture": "#2_2_2_0"},
				"down": {"uv": [0, 0, 0.5, 0.5], "rotation": 90, "texture": "#2_2_2_0"}
			}
		},
		{
			"name": "West_Top_Wattle",
			"from": [4.75, 7.50761, 7.77854],
			"to": [5.25, 15.86412, 8.28827],
			"rotation": {"angle": -22.5, "axis": "x", "origin": [16, 11.90761, 8.03827]},
			"faces": {
				"north": {"uv": [6.5, 8.5, 6, 0], "texture": "#2_2_2_0"},
				"east": {"uv": [6, 0.5, 6.5, 9], "texture": "#2_2_2_0"},
				"south": {"uv": [6.5, 8.5, 6, 0], "rotation": 180, "texture": "#2_2_2_0"},
				"west": {"uv": [3.5, 8.5, 3, 0], "rotation": 180, "texture": "#2_2_2_0"},
				"up": {"uv": [0, 8.5, 0.5, 9], "rotation": 90, "texture": "#2_2_2_0"},
				"down": {"uv": [0, 0, 0.5, 0.5], "rotation": 90, "texture": "#2_2_2_0"}
			}
		},
		{
			"name": "West_Top_Wattle",
			"from": [3.75, 7.50761, 7.77854],
			"to": [4.25, 15.86412, 8.28827],
			"rotation": {"angle": -22.5, "axis": "x", "origin": [16, 11.90761, 8.03827]},
			"faces": {
				"north": {"uv": [2.5, 8.5, 2, 0], "texture": "#2_2_2_0"},
				"east": {"uv": [2, 0.5, 2.5, 9], "texture": "#2_2_2_0"},
				"south": {"uv": [2.5, 8.5, 2, 0], "rotation": 180, "texture": "#2_2_2_0"},
				"west": {"uv": [2, 0.5, 2.5, 9], "rotation": 180, "texture": "#2_2_2_0"},
				"up": {"uv": [0, 8.5, 0.5, 9], "rotation": 90, "texture": "#2_2_2_0"},
				"down": {"uv": [0, 0, 0.5, 0.5], "rotation": 90, "texture": "#2_2_2_0"}
			}
		},
		{
			"name": "West_Top_Wattle",
			"from": [2.75, 7.50761, 7.77854],
			"to": [3.25, 15.86412, 8.28827],
			"rotation": {"angle": -22.5, "axis": "x", "origin": [16, 11.90761, 8.03827]},
			"faces": {
				"north": {"uv": [6.5, 8.5, 6, 0], "texture": "#2_2_2_0"},
				"east": {"uv": [4.5, 0.5, 4, 9], "rotation": 180, "texture": "#2_2_2_0"},
				"south": {"uv": [6.5, 8.5, 6, 0], "rotation": 180, "texture": "#2_2_2_0"},
				"west": {"uv": [4.5, 0.5, 4, 9], "texture": "#2_2_2_0"},
				"up": {"uv": [0, 8.5, 0.5, 9], "rotation": 90, "texture": "#2_2_2_0"},
				"down": {"uv": [0, 0, 0.5, 0.5], "rotation": 90, "texture": "#2_2_2_0"}
			}
		},
		{
			"name": "West_Top_Wattle",
			"from": [1.75, 7.50761, 7.77854],
			"to": [2.25, 15.86412, 8.28827],
			"rotation": {"angle": -22.5, "axis": "x", "origin": [8, 11.90761, 8.03827]},
			"faces": {
				"north": {"uv": [2.5, 8.5, 2, 0], "texture": "#2_2_2_0"},
				"east": {"uv": [6.5, 0.5, 6, 9], "rotation": 180, "texture": "#2_2_2_0"},
				"south": {"uv": [2.5, 8.5, 2, 0], "rotation": 180, "texture": "#2_2_2_0"},
				"west": {"uv": [3.5, 8.5, 3, 0], "rotation": 180, "texture": "#2_2_2_0"},
				"up": {"uv": [0, 8.5, 0.5, 9], "rotation": 90, "texture": "#2_2_2_0"},
				"down": {"uv": [0, 0, 0.5, 0.5], "rotation": 90, "texture": "#2_2_2_0"}
			}
		},
		{
			"name": "West_Top_Wattle",
			"from": [1.25, 7.50761, 7.71173],
			"to": [1.75, 15.86412, 8.22146],
			"rotation": {"angle": 22.5, "axis": "x", "origin": [8, 11.90761, 7.96173]},
			"faces": {
				"north": {"uv": [2, 8.5, 2.5, 0], "rotation": 180, "texture": "#2_2_2_0"},
				"east": {"uv": [6, 0.5, 6.5, 9], "rotation": 180, "texture": "#2_2_2_0"},
				"south": {"uv": [2, 8.5, 2.5, 0], "texture": "#2_2_2_0"},
				"west": {"uv": [3, 8.5, 3.5, 0], "rotation": 180, "texture": "#2_2_2_0"},
				"up": {"uv": [0.5, 8.5, 0, 9], "rotation": 90, "texture": "#2_2_2_0"},
				"down": {"uv": [0.5, 0, 0, 0.5], "rotation": 90, "texture": "#2_2_2_0"}
			}
		},
		{
			"name": "West_Top_Wattle",
			"from": [2.25, 7.50761, 7.71173],
			"to": [2.75, 15.86412, 8.22146],
			"rotation": {"angle": 22.5, "axis": "x", "origin": [16, 11.90761, 7.96173]},
			"faces": {
				"north": {"uv": [6, 8.5, 6.5, 0], "rotation": 180, "texture": "#2_2_2_0"},
				"east": {"uv": [4, 0.5, 4.5, 9], "rotation": 180, "texture": "#2_2_2_0"},
				"south": {"uv": [6, 8.5, 6.5, 0], "texture": "#2_2_2_0"},
				"west": {"uv": [4, 0.5, 4.5, 9], "texture": "#2_2_2_0"},
				"up": {"uv": [0.5, 8.5, 0, 9], "rotation": 90, "texture": "#2_2_2_0"},
				"down": {"uv": [0.5, 0, 0, 0.5], "rotation": 90, "texture": "#2_2_2_0"}
			}
		},
		{
			"name": "West_Top_Wattle",
			"from": [3.25, 7.50761, 7.71173],
			"to": [3.75, 15.86412, 8.22146],
			"rotation": {"angle": 22.5, "axis": "x", "origin": [16, 11.90761, 7.96173]},
			"faces": {
				"north": {"uv": [2, 8.5, 2.5, 0], "rotation": 180, "texture": "#2_2_2_0"},
				"east": {"uv": [2.5, 0.5, 2, 9], "texture": "#2_2_2_0"},
				"south": {"uv": [2, 8.5, 2.5, 0], "texture": "#2_2_2_0"},
				"west": {"uv": [2.5, 0.5, 2, 9], "rotation": 180, "texture": "#2_2_2_0"},
				"up": {"uv": [0.5, 8.5, 0, 9], "rotation": 90, "texture": "#2_2_2_0"},
				"down": {"uv": [0.5, 0, 0, 0.5], "rotation": 90, "texture": "#2_2_2_0"}
			}
		},
		{
			"name": "West_Top_Wattle",
			"from": [4.25, 7.50761, 7.71173],
			"to": [4.75, 15.86412, 8.22146],
			"rotation": {"angle": 22.5, "axis": "x", "origin": [16, 11.90761, 7.96173]},
			"faces": {
				"north": {"uv": [6, 8.5, 6.5, 0], "rotation": 180, "texture": "#2_2_2_0"},
				"east": {"uv": [6.5, 0.5, 6, 9], "texture": "#2_2_2_0"},
				"south": {"uv": [6, 8.5, 6.5, 0], "texture": "#2_2_2_0"},
				"west": {"uv": [3, 8.5, 3.5, 0], "rotation": 180, "texture": "#2_2_2_0"},
				"up": {"uv": [0.5, 8.5, 0, 9], "rotation": 90, "texture": "#2_2_2_0"},
				"down": {"uv": [0.5, 0, 0, 0.5], "rotation": 90, "texture": "#2_2_2_0"}
			}
		},
		{
			"name": "West_Top_Wattle",
			"from": [5.25, 7.50761, 7.71173],
			"to": [5.75, 15.86412, 8.22146],
			"rotation": {"angle": 22.5, "axis": "x", "origin": [16, 11.90761, 7.96173]},
			"faces": {
				"north": {"uv": [4, 8.5, 4.5, 0], "rotation": 180, "texture": "#2_2_2_0"},
				"east": {"uv": [6, 0.5, 6.5, 9], "rotation": 180, "texture": "#2_2_2_0"},
				"south": {"uv": [4, 8.5, 4.5, 0], "texture": "#2_2_2_0"},
				"west": {"uv": [6, 0.5, 6.5, 9], "texture": "#2_2_2_0"},
				"up": {"uv": [0.5, 8.5, 0, 9], "rotation": 90, "texture": "#2_2_2_0"},
				"down": {"uv": [0.5, 0, 0, 0.5], "rotation": 90, "texture": "#2_2_2_0"}
			}
		},
		{
			"name": "West_Top_Wattle",
			"from": [6.25, 7.50761, 7.71173],
			"to": [6.75, 15.86412, 8.22146],
			"rotation": {"angle": 22.5, "axis": "x", "origin": [16, 11.90761, 7.96173]},
			"faces": {
				"north": {"uv": [6, 8.5, 6.5, 0], "rotation": 180, "texture": "#2_2_2_0"},
				"east": {"uv": [6.5, 0.5, 6, 9], "texture": "#2_2_2_0"},
				"south": {"uv": [6, 8.5, 6.5, 0], "texture": "#2_2_2_0"},
				"west": {"uv": [3, 8.5, 3.5, 0], "rotation": 180, "texture": "#2_2_2_0"},
				"up": {"uv": [0.5, 8.5, 0, 9], "rotation": 90, "texture": "#2_2_2_0"},
				"down": {"uv": [0.5, 0, 0, 0.5], "rotation": 90, "texture": "#2_2_2_0"}
			}
		},
		{
			"name": "West_Bottom_Wattle",
			"from": [6.25, 0.0123, 7.71173],
			"to": [6.75, 8.36881, 8.22146],
			"rotation": {"angle": -22.5, "axis": "x", "origin": [16, 3.96881, 7.96173]},
			"faces": {
				"north": {"uv": [6, 0, 6.5, 8.5], "rotation": 180, "texture": "#2_2_2_0"},
				"east": {"uv": [6.5, 9, 6, 0.5], "texture": "#2_2_2_0"},
				"south": {"uv": [6, 0, 6.5, 8.5], "texture": "#2_2_2_0"},
				"west": {"uv": [3, 0, 3.5, 8.5], "rotation": 180, "texture": "#2_2_2_0"},
				"up": {"uv": [0, 0, 0.5, 0.5], "rotation": 90, "texture": "#2_2_2_0"},
				"down": {"uv": [0, 8.5, 0.5, 9], "rotation": 90, "texture": "#2_2_2_0"}
			}
		},
		{
			"name": "West_Bottom_Wattle",
			"from": [5.25, 0.0123, 7.71173],
			"to": [5.75, 8.36881, 8.22146],
			"rotation": {"angle": -22.5, "axis": "x", "origin": [16, 3.96881, 7.96173]},
			"faces": {
				"north": {"uv": [4, 0, 4.5, 8.5], "rotation": 180, "texture": "#2_2_2_0"},
				"east": {"uv": [6, 9, 6.5, 0.5], "rotation": 180, "texture": "#2_2_2_0"},
				"south": {"uv": [4, 0, 4.5, 8.5], "texture": "#2_2_2_0"},
				"west": {"uv": [6, 9, 6.5, 0.5], "texture": "#2_2_2_0"},
				"up": {"uv": [0, 0, 0.5, 0.5], "rotation": 90, "texture": "#2_2_2_0"},
				"down": {"uv": [0, 8.5, 0.5, 9], "rotation": 90, "texture": "#2_2_2_0"}
			}
		},
		{
			"name": "West_Bottom_Wattle",
			"from": [4.25, 0.0123, 7.71173],
			"to": [4.75, 8.36881, 8.22146],
			"rotation": {"angle": -22.5, "axis": "x", "origin": [16, 3.96881, 7.96173]},
			"faces": {
				"north": {"uv": [6, 0, 6.5, 8.5], "rotation": 180, "texture": "#2_2_2_0"},
				"east": {"uv": [6.5, 9, 6, 0.5], "texture": "#2_2_2_0"},
				"south": {"uv": [6, 0, 6.5, 8.5], "texture": "#2_2_2_0"},
				"west": {"uv": [3, 0, 3.5, 8.5], "rotation": 180, "texture": "#2_2_2_0"},
				"up": {"uv": [0, 0, 0.5, 0.5], "rotation": 90, "texture": "#2_2_2_0"},
				"down": {"uv": [0, 8.5, 0.5, 9], "rotation": 90, "texture": "#2_2_2_0"}
			}
		},
		{
			"name": "West_Bottom_Wattle",
			"from": [3.25, 0.0123, 7.71173],
			"to": [3.75, 8.36881, 8.22146],
			"rotation": {"angle": -22.5, "axis": "x", "origin": [16, 3.96881, 7.96173]},
			"faces": {
				"north": {"uv": [2, 0, 2.5, 8.5], "rotation": 180, "texture": "#2_2_2_0"},
				"east": {"uv": [2.5, 9, 2, 0.5], "texture": "#2_2_2_0"},
				"south": {"uv": [2, 0, 2.5, 8.5], "texture": "#2_2_2_0"},
				"west": {"uv": [2.5, 9, 2, 0.5], "rotation": 180, "texture": "#2_2_2_0"},
				"up": {"uv": [0, 0, 0.5, 0.5], "rotation": 90, "texture": "#2_2_2_0"},
				"down": {"uv": [0, 8.5, 0.5, 9], "rotation": 90, "texture": "#2_2_2_0"}
			}
		},
		{
			"name": "West_Bottom_Wattle",
			"from": [2.25, 0.0123, 7.71173],
			"to": [2.75, 8.36881, 8.22146],
			"rotation": {"angle": -22.5, "axis": "x", "origin": [16, 3.96881, 7.96173]},
			"faces": {
				"north": {"uv": [6, 0, 6.5, 8.5], "rotation": 180, "texture": "#2_2_2_0"},
				"east": {"uv": [4, 9, 4.5, 0.5], "rotation": 180, "texture": "#2_2_2_0"},
				"south": {"uv": [6, 0, 6.5, 8.5], "texture": "#2_2_2_0"},
				"west": {"uv": [4, 9, 4.5, 0.5], "texture": "#2_2_2_0"},
				"up": {"uv": [0, 0, 0.5, 0.5], "rotation": 90, "texture": "#2_2_2_0"},
				"down": {"uv": [0, 8.5, 0.5, 9], "rotation": 90, "texture": "#2_2_2_0"}
			}
		},
		{
			"name": "West_Bottom_Wattle",
			"from": [1.25, 0.0123, 7.71173],
			"to": [1.75, 8.36881, 8.22146],
			"rotation": {"angle": -22.5, "axis": "x", "origin": [8, 3.96881, 7.96173]},
			"faces": {
				"north": {"uv": [2, 0, 2.5, 8.5], "rotation": 180, "texture": "#2_2_2_0"},
				"east": {"uv": [6, 9, 6.5, 0.5], "rotation": 180, "texture": "#2_2_2_0"},
				"south": {"uv": [2, 0, 2.5, 8.5], "texture": "#2_2_2_0"},
				"west": {"uv": [3, 0, 3.5, 8.5], "rotation": 180, "texture": "#2_2_2_0"},
				"up": {"uv": [0, 0, 0.5, 0.5], "rotation": 90, "texture": "#2_2_2_0"},
				"down": {"uv": [0, 8.5, 0.5, 9], "rotation": 90, "texture": "#2_2_2_0"}
			}
		},
		{
			"name": "West_Bottom_Wattle",
			"from": [1.75, 0.0123, 7.77854],
			"to": [2.25, 8.36881, 8.28827],
			"rotation": {"angle": 22.5, "axis": "x", "origin": [8, 3.96881, 8.03827]},
			"faces": {
				"north": {"uv": [2.5, 0, 2, 8.5], "texture": "#2_2_2_0"},
				"east": {"uv": [6.5, 9, 6, 0.5], "rotation": 180, "texture": "#2_2_2_0"},
				"south": {"uv": [2.5, 0, 2, 8.5], "rotation": 180, "texture": "#2_2_2_0"},
				"west": {"uv": [3.5, 0, 3, 8.5], "rotation": 180, "texture": "#2_2_2_0"},
				"up": {"uv": [0.5, 0, 0, 0.5], "rotation": 90, "texture": "#2_2_2_0"},
				"down": {"uv": [0.5, 8.5, 0, 9], "rotation": 90, "texture": "#2_2_2_0"}
			}
		},
		{
			"name": "West_Bottom_Wattle",
			"from": [2.75, 0.0123, 7.77854],
			"to": [3.25, 8.36881, 8.28827],
			"rotation": {"angle": 22.5, "axis": "x", "origin": [16, 3.96881, 8.03827]},
			"faces": {
				"north": {"uv": [6.5, 0, 6, 8.5], "texture": "#2_2_2_0"},
				"east": {"uv": [4.5, 9, 4, 0.5], "rotation": 180, "texture": "#2_2_2_0"},
				"south": {"uv": [6.5, 0, 6, 8.5], "rotation": 180, "texture": "#2_2_2_0"},
				"west": {"uv": [4.5, 9, 4, 0.5], "texture": "#2_2_2_0"},
				"up": {"uv": [0.5, 0, 0, 0.5], "rotation": 90, "texture": "#2_2_2_0"},
				"down": {"uv": [0.5, 8.5, 0, 9], "rotation": 90, "texture": "#2_2_2_0"}
			}
		},
		{
			"name": "West_Bottom_Wattle",
			"from": [3.75, 0.0123, 7.77854],
			"to": [4.25, 8.36881, 8.28827],
			"rotation": {"angle": 22.5, "axis": "x", "origin": [16, 3.96881, 8.03827]},
			"faces": {
				"north": {"uv": [2.5, 0, 2, 8.5], "texture": "#2_2_2_0"},
				"east": {"uv": [2, 9, 2.5, 0.5], "texture": "#2_2_2_0"},
				"south": {"uv": [2.5, 0, 2, 8.5], "rotation": 180, "texture": "#2_2_2_0"},
				"west": {"uv": [2, 9, 2.5, 0.5], "rotation": 180, "texture": "#2_2_2_0"},
				"up": {"uv": [0.5, 0, 0, 0.5], "rotation": 90, "texture": "#2_2_2_0"},
				"down": {"uv": [0.5, 8.5, 0, 9], "rotation": 90, "texture": "#2_2_2_0"}
			}
		},
		{
			"name": "West_Bottom_Wattle",
			"from": [4.75, 0.0123, 7.77854],
			"to": [5.25, 8.36881, 8.28827],
			"rotation": {"angle": 22.5, "axis": "x", "origin": [16, 3.96881, 8.03827]},
			"faces": {
				"north": {"uv": [6.5, 0, 6, 8.5], "texture": "#2_2_2_0"},
				"east": {"uv": [6, 9, 6.5, 0.5], "texture": "#2_2_2_0"},
				"south": {"uv": [6.5, 0, 6, 8.5], "rotation": 180, "texture": "#2_2_2_0"},
				"west": {"uv": [3.5, 0, 3, 8.5], "rotation": 180, "texture": "#2_2_2_0"},
				"up": {"uv": [0.5, 0, 0, 0.5], "rotation": 90, "texture": "#2_2_2_0"},
				"down": {"uv": [0.5, 8.5, 0, 9], "rotation": 90, "texture": "#2_2_2_0"}
			}
		},
		{
			"name": "West_Bottom_Wattle",
			"from": [5.75, 0.0123, 7.77854],
			"to": [6.25, 8.36881, 8.28827],
			"rotation": {"angle": 22.5, "axis": "x", "origin": [16, 3.96881, 8.03827]},
			"faces": {
				"north": {"uv": [4.5, 0, 4, 8.5], "texture": "#2_2_2_0"},
				"east": {"uv": [6.5, 9, 6, 0.5], "rotation": 180, "texture": "#2_2_2_0"},
				"south": {"uv": [4.5, 0, 4, 8.5], "rotation": 180, "texture": "#2_2_2_0"},
				"west": {"uv": [6.5, 9, 6, 0.5], "texture": "#2_2_2_0"},
				"up": {"uv": [0.5, 0, 0, 0.5], "rotation": 90, "texture": "#2_2_2_0"},
				"down": {"uv": [0.5, 8.5, 0, 9], "rotation": 90, "texture": "#2_2_2_0"}
			}
		},
		{
			"name": "West_Bottom_Wattle",
			"from": [6.75, 0.0123, 7.77854],
			"to": [7.25, 8.36881, 8.28827],
			"rotation": {"angle": 22.5, "axis": "x", "origin": [16, 3.96881, 8.03827]},
			"faces": {
				"north": {"uv": [6.5, 0, 6, 8.5], "texture": "#2_2_2_0"},
				"east": {"uv": [6, 9, 6.5, 0.5], "texture": "#2_2_2_0"},
				"south": {"uv": [6.5, 0, 6, 8.5], "rotation": 180, "texture": "#2_2_2_0"},
				"west": {"uv": [3.5, 0, 3, 8.5], "rotation": 180, "texture": "#2_2_2_0"},
				"up": {"uv": [0.5, 0, 0, 0.5], "rotation": 90, "texture": "#2_2_2_0"},
				"down": {"uv": [0.5, 8.5, 0, 9], "rotation": 90, "texture": "#2_2_2_0"}
			}
		}
	],
	"display": {
		"thirdperson_righthand": {
			"rotation": [75, 45, 0],
			"translation": [0, 2.5, 0],
			"scale": [0.375, 0.375, 0.375]
		},
		"thirdperson_lefthand": {
			"rotation": [75, 45, 0],
			"translation": [0, 2.5, 0],
			"scale": [0.375, 0.375, 0.375]
		},
		"firstperson_righthand": {
			"rotation": [0, 45, 0],
			"scale": [0.4, 0.4, 0.4]
		},
		"firstperson_lefthand": {
			"rotation": [0, 225, 0],
			"scale": [0.4, 0.4, 0.4]
		},
		"ground": {
			"translation": [0, 3, 0],
			"scale": [0.25, 0.25, 0.25]
		},
		"gui": {
			"rotation": [30, 125, 0],
			"scale": [0.625, 0.625, 0.625]
		},
		"fixed": {
			"rotation": [0, 90, 0],
			"scale": [0.5, 0.5, 0.5]
		}
	}
}