{
	"credit": "Made with Blockbench",
	"textures": {
		"2_2_2_0": "block/birch_fence",
		"particle": "block/birch_fence"
	},
	"elements": [
		{
			"name": "North Post",
			"from": [14, 0, 8],
			"to": [16, 16, 9],
			"faces": {
				"north": {"uv": [9.5, 0, 7.5, 16], "texture": "#2_2_2_0"},
				"east": {"uv": [15.5, 0, 14.5, 16], "texture": "#2_2_2_0"},
				"south": {"uv": [14.5, 0, 12.5, 16], "texture": "#2_2_2_0"},
				"west": {"uv": [12.5, 0, 11.5, 16], "texture": "#2_2_2_0"},
				"up": {"uv": [2, 9.5, 0, 10.5], "rotation": 180, "texture": "#2_2_2_0"},
				"down": {"uv": [4.5, 9.5, 2.5, 10.5], "rotation": 180, "texture": "#2_2_2_0"}
			}
		},
		{
			"name": "Centre Post",
			"from": [0, 0.5, 15.5],
			"to": [2, 15.5, 16],
			"faces": {
				"north": {"uv": [14.5, 0, 12.5, 16], "texture": "#2_2_2_0"},
				"east": {"uv": [12.5, 0, 11.5, 16], "texture": "#2_2_2_0"},
				"south": {"uv": [9.5, 0, 7.5, 16], "texture": "#2_2_2_0"},
				"west": {"uv": [15.5, 0, 14.5, 16], "texture": "#2_2_2_0"},
				"up": {"uv": [4.5, 9.5, 2.5, 10], "rotation": 180, "texture": "#2_2_2_0"},
				"down": {"uv": [4.5, 9.5, 2.5, 10.5], "rotation": 180, "texture": "#2_2_2_0"}
			}
		},
		{
			"name": "South Post",
			"from": [0, 0, 8],
			"to": [2, 16, 9],
			"faces": {
				"north": {"uv": [9.5, 0, 7.5, 16], "texture": "#2_2_2_0"},
				"east": {"uv": [12.5, 0, 11.5, 16], "texture": "#2_2_2_0"},
				"south": {"uv": [14.5, 0, 12.5, 16], "texture": "#2_2_2_0"},
				"west": {"uv": [15.5, 0, 14.5, 16], "texture": "#2_2_2_0"},
				"up": {"uv": [2, 9.5, 0, 10.5], "rotation": 180, "texture": "#2_2_2_0"},
				"down": {"uv": [4.5, 9.5, 2.5, 10.5], "rotation": 180, "texture": "#2_2_2_0"}
			}
		},
		{
			"name": "Top Post",
			"from": [0, 14.5, 9],
			"to": [2, 15.5, 15.5],
			"faces": {
				"north": {"uv": [0, 9.5, 2, 11.5], "texture": "#2_2_2_0"},
				"east": {"uv": [10, 0, 12, 16], "rotation": 90, "texture": "#2_2_2_0"},
				"south": {"uv": [2.5, 9.5, 4.5, 11.5], "rotation": 180, "texture": "#2_2_2_0"},
				"west": {"uv": [15, 0, 16, 6.5], "rotation": 270, "texture": "#2_2_2_0"},
				"up": {"uv": [12.5, 0, 14.5, 6.5], "texture": "#2_2_2_0"},
				"down": {"uv": [12.5, 0, 14.5, 6.5], "rotation": 180, "texture": "#2_2_2_0"}
			}
		},
		{
			"name": "Middle Post",
			"from": [13.5, 7.5, 9],
			"to": [16.5, 8.5, 15.99],
			"faces": {
				"north": {"uv": [2.5, 9.5, 4.5, 10.5], "rotation": 180, "texture": "#2_2_2_0"},
				"east": {"uv": [14.5, 0, 15.5, 7], "rotation": 270, "texture": "#2_2_2_0"},
				"south": {"uv": [0, 9.5, 2, 10.5], "texture": "#2_2_2_0"},
				"west": {"uv": [10.5, 0, 11.5, 7], "rotation": 90, "texture": "#2_2_2_0"},
				"up": {"uv": [12, 0, 15, 7], "rotation": 180, "texture": "#2_2_2_0"},
				"down": {"uv": [12, 0, 15, 7], "texture": "#2_2_2_0"}
			}
		},
		{
			"name": "Bottom Post",
			"from": [0, 0.5, 9],
			"to": [2, 1.5, 15.5],
			"faces": {
				"north": {"uv": [0, 9.5, 2, 11.5], "texture": "#2_2_2_0"},
				"east": {"uv": [11, 0, 12, 6.5], "rotation": 90, "texture": "#2_2_2_0"},
				"south": {"uv": [2.5, 9.5, 4.5, 11.5], "rotation": 180, "texture": "#2_2_2_0"},
				"west": {"uv": [15, 0, 16, 6.5], "rotation": 270, "texture": "#2_2_2_0"},
				"up": {"uv": [12.5, 0, 14.5, 6.5], "texture": "#2_2_2_0"},
				"down": {"uv": [12.5, 0, 14.5, 6.5], "rotation": 180, "texture": "#2_2_2_0"}
			}
		},
		{
			"name": "Top Post",
			"from": [14, 14.5, 9],
			"to": [16, 15.5, 15.5],
			"faces": {
				"north": {"uv": [2.5, 9.5, 4.5, 11.5], "rotation": 180, "texture": "#2_2_2_0"},
				"east": {"uv": [14, 0, 16, 16], "rotation": 270, "texture": "#2_2_2_0"},
				"south": {"uv": [0, 9.5, 2, 11.5], "texture": "#2_2_2_0"},
				"west": {"uv": [10, 0, 12, 16], "rotation": 90, "texture": "#2_2_2_0"},
				"up": {"uv": [12.5, 9.5, 14.5, 16], "rotation": 180, "texture": "#2_2_2_0"},
				"down": {"uv": [12.5, 9.5, 14.5, 16], "texture": "#2_2_2_0"}
			}
		},
		{
			"name": "Bottom Post",
			"from": [14, 0.5, 9],
			"to": [16, 1.5, 15.5],
			"faces": {
				"north": {"uv": [2.5, 9.5, 4.5, 11.5], "rotation": 180, "texture": "#2_2_2_0"},
				"east": {"uv": [15, 9.5, 16, 16], "rotation": 270, "texture": "#2_2_2_0"},
				"south": {"uv": [0, 9.5, 2, 11.5], "texture": "#2_2_2_0"},
				"west": {"uv": [11, 9.5, 12, 16], "rotation": 90, "texture": "#2_2_2_0"},
				"up": {"uv": [12.5, 9.5, 14.5, 16], "rotation": 180, "texture": "#2_2_2_0"},
				"down": {"uv": [12.5, 9.5, 14.5, 16], "texture": "#2_2_2_0"}
			}
		},
		{
			"name": "Middle Post",
			"from": [-0.5, 7.5, 9],
			"to": [2.5, 8.5, 15.99],
			"faces": {
				"north": {"uv": [2.5, 9.5, 4.5, 10.5], "rotation": 180, "texture": "#2_2_2_0"},
				"east": {"uv": [14.5, 0, 15.5, 7], "rotation": 270, "texture": "#2_2_2_0"},
				"south": {"uv": [0, 9.5, 2, 10.5], "texture": "#2_2_2_0"},
				"west": {"uv": [10.5, 0, 11.5, 7], "rotation": 90, "texture": "#2_2_2_0"},
				"up": {"uv": [12, 0, 15, 7], "rotation": 180, "texture": "#2_2_2_0"},
				"down": {"uv": [12, 0, 15, 7], "texture": "#2_2_2_0"}
			}
		},
		{
			"name": "Centre Post",
			"from": [14, 0.5, 15.5],
			"to": [16, 15.5, 16],
			"faces": {
				"north": {"uv": [14.5, 0, 12.5, 16], "texture": "#2_2_2_0"},
				"east": {"uv": [12.5, 0, 11.5, 16], "texture": "#2_2_2_0"},
				"south": {"uv": [9.5, 0, 7.5, 16], "texture": "#2_2_2_0"},
				"west": {"uv": [15.5, 0, 14.5, 16], "texture": "#2_2_2_0"},
				"up": {"uv": [4.5, 10, 2.5, 10.5], "rotation": 180, "texture": "#2_2_2_0"},
				"down": {"uv": [4.5, 9.5, 2.5, 10.5], "rotation": 180, "texture": "#2_2_2_0"}
			}
		},
		{
			"name": "Wattle",
			"from": [14.71173, 7.50761, 9.75],
			"to": [15.22146, 15.86412, 10.25],
			"rotation": {"angle": -22.5, "axis": "z", "origin": [14.96173, 11.90761, 10.5]},
			"faces": {
				"north": {"uv": [1.5, 0.5, 1, 9], "texture": "#2_2_2_0"},
				"east": {"uv": [1, 8.5, 1.5, 0], "texture": "#2_2_2_0"},
				"south": {"uv": [1.5, 0.5, 1, 9], "rotation": 180, "texture": "#2_2_2_0"},
				"west": {"uv": [1, 8.5, 1.5, 0], "rotation": 180, "texture": "#2_2_2_0"},
				"up": {"uv": [0.5, 8.5, 0, 9], "texture": "#2_2_2_0"},
				"down": {"uv": [0.5, 0, 0, 0.5], "rotation": 180, "texture": "#2_2_2_0"}
			}
		},
		{
			"name": "Wattle",
			"from": [14.71173, 7.50761, 10.75],
			"to": [15.22146, 15.86412, 11.25],
			"rotation": {"angle": -22.5, "axis": "z", "origin": [14.96173, 11.90761, 10.5]},
			"faces": {
				"north": {"uv": [5.5, 0.5, 5, 9], "texture": "#2_2_2_0"},
				"east": {"uv": [0.5, 8.5, 1, 0], "texture": "#2_2_2_0"},
				"south": {"uv": [5.5, 0.5, 5, 9], "rotation": 180, "texture": "#2_2_2_0"},
				"west": {"uv": [5, 8.5, 5.5, 0], "rotation": 180, "texture": "#2_2_2_0"},
				"up": {"uv": [0.5, 8.5, 0, 9], "texture": "#2_2_2_0"},
				"down": {"uv": [0.5, 0, 0, 0.5], "rotation": 180, "texture": "#2_2_2_0"}
			}
		},
		{
			"name": "Wattle",
			"from": [14.71173, 7.50761, 11.75],
			"to": [15.22146, 15.86412, 12.25],
			"rotation": {"angle": -22.5, "axis": "z", "origin": [14.96173, 11.90761, 10.5]},
			"faces": {
				"north": {"uv": [5, 0.5, 5.5, 9], "rotation": 180, "texture": "#2_2_2_0"},
				"east": {"uv": [4, 8.5, 4.5, 0], "texture": "#2_2_2_0"},
				"south": {"uv": [5, 0.5, 5.5, 9], "texture": "#2_2_2_0"},
				"west": {"uv": [4, 8.5, 4.5, 0], "rotation": 180, "texture": "#2_2_2_0"},
				"up": {"uv": [0.5, 8.5, 0, 9], "texture": "#2_2_2_0"},
				"down": {"uv": [0.5, 0, 0, 0.5], "rotation": 180, "texture": "#2_2_2_0"}
			}
		},
		{
			"name": "Wattle",
			"from": [14.71173, 7.50761, 12.75],
			"to": [15.22146, 15.86412, 13.25],
			"rotation": {"angle": -22.5, "axis": "z", "origin": [14.96173, 11.90761, 10.5]},
			"faces": {
				"north": {"uv": [6.5, 0.5, 6, 9], "rotation": 180, "texture": "#2_2_2_0"},
				"east": {"uv": [5.5, 8.5, 6, 0], "texture": "#2_2_2_0"},
				"south": {"uv": [6.5, 0.5, 6, 9], "texture": "#2_2_2_0"},
				"west": {"uv": [6, 8.5, 6.5, 0], "texture": "#2_2_2_0"},
				"up": {"uv": [0.5, 8.5, 0, 9], "texture": "#2_2_2_0"},
				"down": {"uv": [0.5, 0, 0, 0.5], "rotation": 180, "texture": "#2_2_2_0"}
			}
		},
		{
			"name": "Wattle",
			"from": [14.77854, 7.50761, 12.25],
			"to": [15.28827, 15.86412, 12.75],
			"rotation": {"angle": 22.5, "axis": "z", "origin": [15.03827, 11.90761, 10.5]},
			"faces": {
				"north": {"uv": [6, 0.5, 6.5, 9], "rotation": 180, "texture": "#2_2_2_0"},
				"east": {"uv": [6.5, 8.5, 6, 0], "texture": "#2_2_2_0"},
				"south": {"uv": [6, 0.5, 6.5, 9], "texture": "#2_2_2_0"},
				"west": {"uv": [6, 8.5, 5.5, 0], "texture": "#2_2_2_0"},
				"up": {"uv": [0, 8.5, 0.5, 9], "texture": "#2_2_2_0"},
				"down": {"uv": [0, 0, 0.5, 0.5], "rotation": 180, "texture": "#2_2_2_0"}
			}
		},
		{
			"name": "Wattle",
			"from": [14.71173, 7.50761, 13.75],
			"to": [15.22146, 15.86412, 14.25],
			"rotation": {"angle": -22.5, "axis": "z", "origin": [14.96173, 11.90761, 10.5]},
			"faces": {
				"north": {"uv": [5.5, 0.5, 5, 9], "texture": "#2_2_2_0"},
				"east": {"uv": [5, 8.5, 5.5, 0], "texture": "#2_2_2_0"},
				"south": {"uv": [5.5, 0.5, 5, 9], "rotation": 180, "texture": "#2_2_2_0"},
				"west": {"uv": [5, 8.5, 5.5, 0], "rotation": 180, "texture": "#2_2_2_0"},
				"up": {"uv": [0.5, 8.5, 0, 9], "texture": "#2_2_2_0"},
				"down": {"uv": [0.5, 0, 0, 0.5], "rotation": 180, "texture": "#2_2_2_0"}
			}
		},
		{
			"name": "Wattle",
			"from": [14.71173, 7.50761, 14.75],
			"to": [15.22146, 15.86412, 15.25],
			"rotation": {"angle": -22.5, "axis": "z", "origin": [14.96173, 11.90761, 10.5]},
			"faces": {
				"north": {"uv": [5, 0.5, 5.5, 9], "texture": "#2_2_2_0"},
				"east": {"uv": [7, 8.5, 7.5, 0], "texture": "#2_2_2_0"},
				"south": {"uv": [5, 0.5, 5.5, 9], "rotation": 180, "texture": "#2_2_2_0"},
				"west": {"uv": [5.5, 8.5, 5, 0], "texture": "#2_2_2_0"},
				"up": {"uv": [0.5, 8.5, 0, 9], "texture": "#2_2_2_0"},
				"down": {"uv": [0.5, 0, 0, 0.5], "rotation": 180, "texture": "#2_2_2_0"}
			}
		},
		{
			"name": "Wattle",
			"from": [0.77854, 7.50761, 14.25],
			"to": [1.28827, 15.86412, 14.75],
			"rotation": {"angle": 22.5, "axis": "z", "origin": [1.03827, 11.90761, 24]},
			"faces": {
				"north": {"uv": [3, 8.5, 3.5, 0], "rotation": 180, "texture": "#2_2_2_0"},
				"east": {"uv": [6, 8.5, 6.5, 0], "rotation": 180, "texture": "#2_2_2_0"},
				"south": {"uv": [6.5, 0.5, 6, 9], "texture": "#2_2_2_0"},
				"west": {"uv": [6, 8.5, 6.5, 0], "texture": "#2_2_2_0"},
				"up": {"uv": [0.5, 8.5, 0, 9], "rotation": 180, "texture": "#2_2_2_0"},
				"down": {"uv": [0.5, 0, 0, 0.5], "texture": "#2_2_2_0"}
			}
		},
		{
			"name": "Wattle",
			"from": [0.77854, 7.50761, 13.25],
			"to": [1.28827, 15.86412, 13.75],
			"rotation": {"angle": 22.5, "axis": "z", "origin": [1.03827, 11.90761, 24]},
			"faces": {
				"north": {"uv": [6, 0.5, 6.5, 9], "texture": "#2_2_2_0"},
				"east": {"uv": [4, 8.5, 4.5, 0], "rotation": 180, "texture": "#2_2_2_0"},
				"south": {"uv": [6, 0.5, 6.5, 9], "rotation": 180, "texture": "#2_2_2_0"},
				"west": {"uv": [4, 8.5, 4.5, 0], "texture": "#2_2_2_0"},
				"up": {"uv": [0.5, 8.5, 0, 9], "rotation": 180, "texture": "#2_2_2_0"},
				"down": {"uv": [0.5, 0, 0, 0.5], "texture": "#2_2_2_0"}
			}
		},
		{
			"name": "Wattle",
			"from": [0.77854, 7.50761, 12.25],
			"to": [1.28827, 15.86412, 12.75],
			"rotation": {"angle": 22.5, "axis": "z", "origin": [1.03827, 11.90761, 24]},
			"faces": {
				"north": {"uv": [3, 8.5, 3.5, 0], "rotation": 180, "texture": "#2_2_2_0"},
				"east": {"uv": [6, 8.5, 6.5, 0], "rotation": 180, "texture": "#2_2_2_0"},
				"south": {"uv": [6.5, 0.5, 6, 9], "texture": "#2_2_2_0"},
				"west": {"uv": [6, 8.5, 6.5, 0], "texture": "#2_2_2_0"},
				"up": {"uv": [0.5, 8.5, 0, 9], "rotation": 180, "texture": "#2_2_2_0"},
				"down": {"uv": [0.5, 0, 0, 0.5], "texture": "#2_2_2_0"}
			}
		},
		{
			"name": "Wattle",
			"from": [0.77854, 7.50761, 11.25],
			"to": [1.28827, 15.86412, 11.75],
			"rotation": {"angle": 22.5, "axis": "z", "origin": [1.03827, 11.90761, 24]},
			"faces": {
				"north": {"uv": [2.5, 0.5, 2, 9], "rotation": 180, "texture": "#2_2_2_0"},
				"east": {"uv": [2, 8.5, 2.5, 0], "rotation": 180, "texture": "#2_2_2_0"},
				"south": {"uv": [2.5, 0.5, 2, 9], "texture": "#2_2_2_0"},
				"west": {"uv": [2, 8.5, 2.5, 0], "texture": "#2_2_2_0"},
				"up": {"uv": [0.5, 8.5, 0, 9], "rotation": 180, "texture": "#2_2_2_0"},
				"down": {"uv": [0.5, 0, 0, 0.5], "texture": "#2_2_2_0"}
			}
		},
		{
			"name": "Wattle",
			"from": [0.77854, 7.50761, 10.25],
			"to": [1.28827, 15.86412, 10.75],
			"rotation": {"angle": 22.5, "axis": "z", "origin": [1.03827, 11.90761, 24]},
			"faces": {
				"north": {"uv": [4, 0.5, 4.5, 9], "texture": "#2_2_2_0"},
				"east": {"uv": [6, 8.5, 6.5, 0], "rotation": 180, "texture": "#2_2_2_0"},
				"south": {"uv": [4, 0.5, 4.5, 9], "rotation": 180, "texture": "#2_2_2_0"},
				"west": {"uv": [6, 8.5, 6.5, 0], "texture": "#2_2_2_0"},
				"up": {"uv": [0.5, 8.5, 0, 9], "rotation": 180, "texture": "#2_2_2_0"},
				"down": {"uv": [0.5, 0, 0, 0.5], "texture": "#2_2_2_0"}
			}
		},
		{
			"name": "Wattle",
			"from": [0.77854, 7.50761, 9.25],
			"to": [1.28827, 15.86412, 9.75],
			"rotation": {"angle": 22.5, "axis": "z", "origin": [1.03827, 11.90761, 16]},
			"faces": {
				"north": {"uv": [3, 8.5, 3.5, 0], "rotation": 180, "texture": "#2_2_2_0"},
				"east": {"uv": [2, 8.5, 2.5, 0], "rotation": 180, "texture": "#2_2_2_0"},
				"south": {"uv": [6, 0.5, 6.5, 9], "rotation": 180, "texture": "#2_2_2_0"},
				"west": {"uv": [2, 8.5, 2.5, 0], "texture": "#2_2_2_0"},
				"up": {"uv": [0.5, 8.5, 0, 9], "rotation": 180, "texture": "#2_2_2_0"},
				"down": {"uv": [0.5, 0, 0, 0.5], "texture": "#2_2_2_0"}
			}
		},
		{
			"name": "Wattle",
			"from": [0.71173, 7.50761, 9.75],
			"to": [1.22146, 15.86412, 10.25],
			"rotation": {"angle": -22.5, "axis": "z", "origin": [0.96173, 11.90761, 16]},
			"faces": {
				"north": {"uv": [3.5, 8.5, 3, 0], "rotation": 180, "texture": "#2_2_2_0"},
				"east": {"uv": [2.5, 8.5, 2, 0], "texture": "#2_2_2_0"},
				"south": {"uv": [6.5, 0.5, 6, 9], "rotation": 180, "texture": "#2_2_2_0"},
				"west": {"uv": [2.5, 8.5, 2, 0], "rotation": 180, "texture": "#2_2_2_0"},
				"up": {"uv": [0, 8.5, 0.5, 9], "rotation": 180, "texture": "#2_2_2_0"},
				"down": {"uv": [0, 0, 0.5, 0.5], "texture": "#2_2_2_0"}
			}
		},
		{
			"name": "Wattle",
			"from": [0.71173, 7.50761, 10.75],
			"to": [1.22146, 15.86412, 11.25],
			"rotation": {"angle": -22.5, "axis": "z", "origin": [0.96173, 11.90761, 24]},
			"faces": {
				"north": {"uv": [4.5, 0.5, 4, 9], "texture": "#2_2_2_0"},
				"east": {"uv": [6.5, 8.5, 6, 0], "texture": "#2_2_2_0"},
				"south": {"uv": [4.5, 0.5, 4, 9], "rotation": 180, "texture": "#2_2_2_0"},
				"west": {"uv": [6.5, 8.5, 6, 0], "rotation": 180, "texture": "#2_2_2_0"},
				"up": {"uv": [0, 8.5, 0.5, 9], "rotation": 180, "texture": "#2_2_2_0"},
				"down": {"uv": [0, 0, 0.5, 0.5], "texture": "#2_2_2_0"}
			}
		},
		{
			"name": "Wattle",
			"from": [0.71173, 7.50761, 11.75],
			"to": [1.22146, 15.86412, 12.25],
			"rotation": {"angle": -22.5, "axis": "z", "origin": [0.96173, 11.90761, 24]},
			"faces": {
				"north": {"uv": [2, 0.5, 2.5, 9], "rotation": 180, "texture": "#2_2_2_0"},
				"east": {"uv": [2.5, 8.5, 2, 0], "texture": "#2_2_2_0"},
				"south": {"uv": [2, 0.5, 2.5, 9], "texture": "#2_2_2_0"},
				"west": {"uv": [2.5, 8.5, 2, 0], "rotation": 180, "texture": "#2_2_2_0"},
				"up": {"uv": [0, 8.5, 0.5, 9], "rotation": 180, "texture": "#2_2_2_0"},
				"down": {"uv": [0, 0, 0.5, 0.5], "texture": "#2_2_2_0"}
			}
		},
		{
			"name": "Wattle",
			"from": [0.71173, 7.50761, 12.75],
			"to": [1.22146, 15.86412, 13.25],
			"rotation": {"angle": -22.5, "axis": "z", "origin": [0.96173, 11.90761, 24]},
			"faces": {
				"north": {"uv": [3.5, 8.5, 3, 0], "rotation": 180, "texture": "#2_2_2_0"},
				"east": {"uv": [6.5, 8.5, 6, 0], "texture": "#2_2_2_0"},
				"south": {"uv": [6, 0.5, 6.5, 9], "texture": "#2_2_2_0"},
				"west": {"uv": [6.5, 8.5, 6, 0], "rotation": 180, "texture": "#2_2_2_0"},
				"up": {"uv": [0, 8.5, 0.5, 9], "rotation": 180, "texture": "#2_2_2_0"},
				"down": {"uv": [0, 0, 0.5, 0.5], "texture": "#2_2_2_0"}
			}
		},
		{
			"name": "Wattle",
			"from": [0.71173, 7.50761, 13.75],
			"to": [1.22146, 15.86412, 14.25],
			"rotation": {"angle": -22.5, "axis": "z", "origin": [0.96173, 11.90761, 24]},
			"faces": {
				"north": {"uv": [6.5, 0.5, 6, 9], "texture": "#2_2_2_0"},
				"east": {"uv": [4.5, 8.5, 4, 0], "texture": "#2_2_2_0"},
				"south": {"uv": [6.5, 0.5, 6, 9], "rotation": 180, "texture": "#2_2_2_0"},
				"west": {"uv": [4.5, 8.5, 4, 0], "rotation": 180, "texture": "#2_2_2_0"},
				"up": {"uv": [0, 8.5, 0.5, 9], "rotation": 180, "texture": "#2_2_2_0"},
				"down": {"uv": [0, 0, 0.5, 0.5], "texture": "#2_2_2_0"}
			}
		},
		{
			"name": "Wattle",
			"from": [0.71173, 7.50761, 14.75],
			"to": [1.22146, 15.86412, 15.25],
			"rotation": {"angle": -22.5, "axis": "z", "origin": [0.96173, 11.90761, 24]},
			"faces": {
				"north": {"uv": [3.5, 8.5, 3, 0], "rotation": 180, "texture": "#2_2_2_0"},
				"east": {"uv": [6.5, 8.5, 6, 0], "texture": "#2_2_2_0"},
				"south": {"uv": [6, 0.5, 6.5, 9], "texture": "#2_2_2_0"},
				"west": {"uv": [6.5, 8.5, 6, 0], "rotation": 180, "texture": "#2_2_2_0"},
				"up": {"uv": [0, 8.5, 0.5, 9], "rotation": 180, "texture": "#2_2_2_0"},
				"down": {"uv": [0, 0, 0.5, 0.5], "texture": "#2_2_2_0"}
			}
		},
		{
			"name": "Wattle",
			"from": [14.77854, 7.50761, 14.25],
			"to": [15.28827, 15.86412, 14.75],
			"rotation": {"angle": 22.5, "axis": "z", "origin": [15.03827, 11.90761, 10.5]},
			"faces": {
				"north": {"uv": [5.5, 0.5, 5, 9], "texture": "#2_2_2_0"},
				"east": {"uv": [5, 8.5, 5.5, 0], "texture": "#2_2_2_0"},
				"south": {"uv": [5.5, 0.5, 5, 9], "rotation": 180, "texture": "#2_2_2_0"},
				"west": {"uv": [7.5, 8.5, 7, 0], "texture": "#2_2_2_0"},
				"up": {"uv": [0, 8.5, 0.5, 9], "texture": "#2_2_2_0"},
				"down": {"uv": [0, 0, 0.5, 0.5], "rotation": 180, "texture": "#2_2_2_0"}
			}
		},
		{
			"name": "Wattle",
			"from": [14.77854, 7.50761, 13.25],
			"to": [15.28827, 15.86412, 13.75],
			"rotation": {"angle": 22.5, "axis": "z", "origin": [15.03827, 11.90761, 10.5]},
			"faces": {
				"north": {"uv": [5, 0.5, 5.5, 9], "texture": "#2_2_2_0"},
				"east": {"uv": [5.5, 8.5, 5, 0], "rotation": 180, "texture": "#2_2_2_0"},
				"south": {"uv": [5, 0.5, 5.5, 9], "rotation": 180, "texture": "#2_2_2_0"},
				"west": {"uv": [5.5, 8.5, 5, 0], "texture": "#2_2_2_0"},
				"up": {"uv": [0, 8.5, 0.5, 9], "texture": "#2_2_2_0"},
				"down": {"uv": [0, 0, 0.5, 0.5], "rotation": 180, "texture": "#2_2_2_0"}
			}
		},
		{
			"name": "Wattle",
			"from": [14.77854, 7.50761, 11.25],
			"to": [15.28827, 15.86412, 11.75],
			"rotation": {"angle": 22.5, "axis": "z", "origin": [15.03827, 11.90761, 10.5]},
			"faces": {
				"north": {"uv": [5.5, 0.5, 5, 9], "rotation": 180, "texture": "#2_2_2_0"},
				"east": {"uv": [4.5, 8.5, 4, 0], "rotation": 180, "texture": "#2_2_2_0"},
				"south": {"uv": [5.5, 0.5, 5, 9], "texture": "#2_2_2_0"},
				"west": {"uv": [4.5, 8.5, 4, 0], "texture": "#2_2_2_0"},
				"up": {"uv": [0, 8.5, 0.5, 9], "texture": "#2_2_2_0"},
				"down": {"uv": [0, 0, 0.5, 0.5], "rotation": 180, "texture": "#2_2_2_0"}
			}
		},
		{
			"name": "Wattle",
			"from": [14.77854, 7.50761, 10.25],
			"to": [15.28827, 15.86412, 10.75],
			"rotation": {"angle": 22.5, "axis": "z", "origin": [15.03827, 11.90761, 10.5]},
			"faces": {
				"north": {"uv": [5, 0.5, 5.5, 9], "texture": "#2_2_2_0"},
				"east": {"uv": [5.5, 8.5, 5, 0], "rotation": 180, "texture": "#2_2_2_0"},
				"south": {"uv": [5, 0.5, 5.5, 9], "rotation": 180, "texture": "#2_2_2_0"},
				"west": {"uv": [1, 8.5, 0.5, 0], "texture": "#2_2_2_0"},
				"up": {"uv": [0, 8.5, 0.5, 9], "texture": "#2_2_2_0"},
				"down": {"uv": [0, 0, 0.5, 0.5], "rotation": 180, "texture": "#2_2_2_0"}
			}
		},
		{
			"name": "Wattle",
			"from": [14.77854, 7.50761, 9.25],
			"to": [15.28827, 15.86412, 9.75],
			"rotation": {"angle": 22.5, "axis": "z", "origin": [15.03827, 11.90761, 10.5]},
			"faces": {
				"north": {"uv": [1, 0.5, 1.5, 9], "texture": "#2_2_2_0"},
				"east": {"uv": [1.5, 8.5, 1, 0], "rotation": 180, "texture": "#2_2_2_0"},
				"south": {"uv": [1, 0.5, 1.5, 9], "rotation": 180, "texture": "#2_2_2_0"},
				"west": {"uv": [1.5, 8.5, 1, 0], "texture": "#2_2_2_0"},
				"up": {"uv": [0, 8.5, 0.5, 9], "texture": "#2_2_2_0"},
				"down": {"uv": [0, 0, 0.5, 0.5], "rotation": 180, "texture": "#2_2_2_0"}
			}
		},
		{
			"name": "Wattle",
			"from": [14.77854, 0.0123, 9.25],
			"to": [15.28827, 8.36881, 9.75],
			"rotation": {"angle": -22.5, "axis": "z", "origin": [15.03827, 3.96881, 10.5]},
			"faces": {
				"north": {"uv": [1, 9, 1.5, 0.5], "texture": "#2_2_2_0"},
				"east": {"uv": [1.5, 0, 1, 8.5], "rotation": 180, "texture": "#2_2_2_0"},
				"south": {"uv": [1, 9, 1.5, 0.5], "rotation": 180, "texture": "#2_2_2_0"},
				"west": {"uv": [1.5, 0, 1, 8.5], "texture": "#2_2_2_0"},
				"up": {"uv": [0.5, 0, 0, 0.5], "texture": "#2_2_2_0"},
				"down": {"uv": [0.5, 8.5, 0, 9], "rotation": 180, "texture": "#2_2_2_0"}
			}
		},
		{
			"name": "Wattle",
			"from": [14.77854, 0.0123, 10.25],
			"to": [15.28827, 8.36881, 10.75],
			"rotation": {"angle": -22.5, "axis": "z", "origin": [15.03827, 3.96881, 10.5]},
			"faces": {
				"north": {"uv": [5, 9, 5.5, 0.5], "texture": "#2_2_2_0"},
				"east": {"uv": [5.5, 0, 5, 8.5], "rotation": 180, "texture": "#2_2_2_0"},
				"south": {"uv": [5, 9, 5.5, 0.5], "rotation": 180, "texture": "#2_2_2_0"},
				"west": {"uv": [1, 0, 0.5, 8.5], "texture": "#2_2_2_0"},
				"up": {"uv": [0.5, 0, 0, 0.5], "texture": "#2_2_2_0"},
				"down": {"uv": [0.5, 8.5, 0, 9], "rotation": 180, "texture": "#2_2_2_0"}
			}
		},
		{
			"name": "Wattle",
			"from": [14.77854, 0.0123, 11.25],
			"to": [15.28827, 8.36881, 11.75],
			"rotation": {"angle": -22.5, "axis": "z", "origin": [15.03827, 3.96881, 10.5]},
			"faces": {
				"north": {"uv": [5.5, 9, 5, 0.5], "rotation": 180, "texture": "#2_2_2_0"},
				"east": {"uv": [4.5, 0, 4, 8.5], "rotation": 180, "texture": "#2_2_2_0"},
				"south": {"uv": [5.5, 9, 5, 0.5], "texture": "#2_2_2_0"},
				"west": {"uv": [4.5, 0, 4, 8.5], "texture": "#2_2_2_0"},
				"up": {"uv": [0.5, 0, 0, 0.5], "texture": "#2_2_2_0"},
				"down": {"uv": [0.5, 8.5, 0, 9], "rotation": 180, "texture": "#2_2_2_0"}
			}
		},
		{
			"name": "Wattle",
			"from": [14.77854, 0.0123, 12.25],
			"to": [15.28827, 8.36881, 12.75],
			"rotation": {"angle": -22.5, "axis": "z", "origin": [15.03827, 3.96881, 10.5]},
			"faces": {
				"north": {"uv": [6, 9, 6.5, 0.5], "rotation": 180, "texture": "#2_2_2_0"},
				"east": {"uv": [6.5, 0, 6, 8.5], "texture": "#2_2_2_0"},
				"south": {"uv": [6, 9, 6.5, 0.5], "texture": "#2_2_2_0"},
				"west": {"uv": [6, 0, 5.5, 8.5], "texture": "#2_2_2_0"},
				"up": {"uv": [0.5, 0, 0, 0.5], "texture": "#2_2_2_0"},
				"down": {"uv": [0.5, 8.5, 0, 9], "rotation": 180, "texture": "#2_2_2_0"}
			}
		},
		{
			"name": "Wattle",
			"from": [14.77854, 0.0123, 13.25],
			"to": [15.28827, 8.36881, 13.75],
			"rotation": {"angle": -22.5, "axis": "z", "origin": [15.03827, 3.96881, 10.5]},
			"faces": {
				"north": {"uv": [5, 9, 5.5, 0.5], "texture": "#2_2_2_0"},
				"east": {"uv": [5.5, 0, 5, 8.5], "rotation": 180, "texture": "#2_2_2_0"},
				"south": {"uv": [5, 9, 5.5, 0.5], "rotation": 180, "texture": "#2_2_2_0"},
				"west": {"uv": [5.5, 0, 5, 8.5], "texture": "#2_2_2_0"},
				"up": {"uv": [0.5, 0, 0, 0.5], "texture": "#2_2_2_0"},
				"down": {"uv": [0.5, 8.5, 0, 9], "rotation": 180, "texture": "#2_2_2_0"}
			}
		},
		{
			"name": "Wattle",
			"from": [14.77854, 0.0123, 14.25],
			"to": [15.28827, 8.36881, 14.75],
			"rotation": {"angle": -22.5, "axis": "z", "origin": [15.03827, 3.96881, 10.5]},
			"faces": {
				"north": {"uv": [5.5, 9, 5, 0.5], "texture": "#2_2_2_0"},
				"east": {"uv": [5, 0, 5.5, 8.5], "texture": "#2_2_2_0"},
				"south": {"uv": [5.5, 9, 5, 0.5], "rotation": 180, "texture": "#2_2_2_0"},
				"west": {"uv": [7.5, 0, 7, 8.5], "texture": "#2_2_2_0"},
				"up": {"uv": [0.5, 0, 0, 0.5], "texture": "#2_2_2_0"},
				"down": {"uv": [0.5, 8.5, 0, 9], "rotation": 180, "texture": "#2_2_2_0"}
			}
		},
		{
			"name": "Wattle",
			"from": [0.71173, 0.0123, 14.75],
			"to": [1.22146, 8.36881, 15.25],
			"rotation": {"angle": 22.5, "axis": "z", "origin": [0.96173, 3.96881, 24]},
			"faces": {
				"north": {"uv": [3.5, 0, 3, 8.5], "rotation": 180, "texture": "#2_2_2_0"},
				"east": {"uv": [6.5, 0, 6, 8.5], "texture": "#2_2_2_0"},
				"south": {"uv": [6, 9, 6.5, 0.5], "texture": "#2_2_2_0"},
				"west": {"uv": [6.5, 0, 6, 8.5], "rotation": 180, "texture": "#2_2_2_0"},
				"up": {"uv": [0.5, 0, 0, 0.5], "rotation": 180, "texture": "#2_2_2_0"},
				"down": {"uv": [0.5, 8.5, 0, 9], "texture": "#2_2_2_0"}
			}
		},
		{
			"name": "Wattle",
			"from": [0.71173, 0.0123, 13.75],
			"to": [1.22146, 8.36881, 14.25],
			"rotation": {"angle": 22.5, "axis": "z", "origin": [0.96173, 3.96881, 24]},
			"faces": {
				"north": {"uv": [6.5, 9, 6, 0.5], "texture": "#2_2_2_0"},
				"east": {"uv": [4.5, 0, 4, 8.5], "texture": "#2_2_2_0"},
				"south": {"uv": [6.5, 9, 6, 0.5], "rotation": 180, "texture": "#2_2_2_0"},
				"west": {"uv": [4.5, 0, 4, 8.5], "rotation": 180, "texture": "#2_2_2_0"},
				"up": {"uv": [0.5, 0, 0, 0.5], "rotation": 180, "texture": "#2_2_2_0"},
				"down": {"uv": [0.5, 8.5, 0, 9], "texture": "#2_2_2_0"}
			}
		},
		{
			"name": "Wattle",
			"from": [0.71173, 0.0123, 12.75],
			"to": [1.22146, 8.36881, 13.25],
			"rotation": {"angle": 22.5, "axis": "z", "origin": [0.96173, 3.96881, 24]},
			"faces": {
				"north": {"uv": [3.5, 0, 3, 8.5], "rotation": 180, "texture": "#2_2_2_0"},
				"east": {"uv": [6.5, 0, 6, 8.5], "texture": "#2_2_2_0"},
				"south": {"uv": [6, 9, 6.5, 0.5], "texture": "#2_2_2_0"},
				"west": {"uv": [6.5, 0, 6, 8.5], "rotation": 180, "texture": "#2_2_2_0"},
				"up": {"uv": [0.5, 0, 0, 0.5], "rotation": 180, "texture": "#2_2_2_0"},
				"down": {"uv": [0.5, 8.5, 0, 9], "texture": "#2_2_2_0"}
			}
		},
		{
			"name": "Wattle",
			"from": [0.71173, 0.0123, 11.75],
			"to": [1.22146, 8.36881, 12.25],
			"rotation": {"angle": 22.5, "axis": "z", "origin": [0.96173, 3.96881, 24]},
			"faces": {
				"north": {"uv": [2, 9, 2.5, 0.5], "rotation": 180, "texture": "#2_2_2_0"},
				"east": {"uv": [2.5, 0, 2, 8.5], "texture": "#2_2_2_0"},
				"south": {"uv": [2, 9, 2.5, 0.5], "texture": "#2_2_2_0"},
				"west": {"uv": [2.5, 0, 2, 8.5], "rotation": 180, "texture": "#2_2_2_0"},
				"up": {"uv": [0.5, 0, 0, 0.5], "rotation": 180, "texture": "#2_2_2_0"},
				"down": {"uv": [0.5, 8.5, 0, 9], "texture": "#2_2_2_0"}
			}
		},
		{
			"name": "Wattle",
			"from": [0.71173, 0.0123, 10.75],
			"to": [1.22146, 8.36881, 11.25],
			"rotation": {"angle": 22.5, "axis": "z", "origin": [0.96173, 3.96881, 24]},
			"faces": {
				"north": {"uv": [4.5, 9, 4, 0.5], "texture": "#2_2_2_0"},
				"east": {"uv": [6.5, 0, 6, 8.5], "texture": "#2_2_2_0"},
				"south": {"uv": [4.5, 9, 4, 0.5], "rotation": 180, "texture": "#2_2_2_0"},
				"west": {"uv": [6.5, 0, 6, 8.5], "rotation": 180, "texture": "#2_2_2_0"},
				"up": {"uv": [0.5, 0, 0, 0.5], "rotation": 180, "texture": "#2_2_2_0"},
				"down": {"uv": [0.5, 8.5, 0, 9], "texture": "#2_2_2_0"}
			}
		},
		{
			"name": "Wattle",
			"from": [0.71173, 0.0123, 9.75],
			"to": [1.22146, 8.36881, 10.25],
			"rotation": {"angle": 22.5, "axis": "z", "origin": [0.96173, 3.96881, 16]},
			"faces": {
				"north": {"uv": [3.5, 0, 3, 8.5], "rotation": 180, "texture": "#2_2_2_0"},
				"east": {"uv": [2.5, 0, 2, 8.5], "texture": "#2_2_2_0"},
				"south": {"uv": [6.5, 9, 6, 0.5], "rotation": 180, "texture": "#2_2_2_0"},
				"west": {"uv": [2.5, 0, 2, 8.5], "rotation": 180, "texture": "#2_2_2_0"},
				"up": {"uv": [0.5, 0, 0, 0.5], "rotation": 180, "texture": "#2_2_2_0"},
				"down": {"uv": [0.5, 8.5, 0, 9], "texture": "#2_2_2_0"}
			}
		},
		{
			"name": "Wattle",
			"from": [0.77854, 0.0123, 9.25],
			"to": [1.28827, 8.36881, 9.75],
			"rotation": {"angle": -22.5, "axis": "z", "origin": [1.03827, 3.96881, 16]},
			"faces": {
				"north": {"uv": [3, 0, 3.5, 8.5], "rotation": 180, "texture": "#2_2_2_0"},
				"east": {"uv": [2, 0, 2.5, 8.5], "rotation": 180, "texture": "#2_2_2_0"},
				"south": {"uv": [6, 9, 6.5, 0.5], "rotation": 180, "texture": "#2_2_2_0"},
				"west": {"uv": [2, 0, 2.5, 8.5], "texture": "#2_2_2_0"},
				"up": {"uv": [0, 0, 0.5, 0.5], "rotation": 180, "texture": "#2_2_2_0"},
				"down": {"uv": [0, 8.5, 0.5, 9], "texture": "#2_2_2_0"}
			}
		},
		{
			"name": "Wattle",
			"from": [0.77854, 0.0123, 10.25],
			"to": [1.28827, 8.36881, 10.75],
			"rotation": {"angle": -22.5, "axis": "z", "origin": [1.03827, 3.96881, 24]},
			"faces": {
				"north": {"uv": [4, 9, 4.5, 0.5], "texture": "#2_2_2_0"},
				"east": {"uv": [6, 0, 6.5, 8.5], "rotation": 180, "texture": "#2_2_2_0"},
				"south": {"uv": [4, 9, 4.5, 0.5], "rotation": 180, "texture": "#2_2_2_0"},
				"west": {"uv": [6, 0, 6.5, 8.5], "texture": "#2_2_2_0"},
				"up": {"uv": [0, 0, 0.5, 0.5], "rotation": 180, "texture": "#2_2_2_0"},
				"down": {"uv": [0, 8.5, 0.5, 9], "texture": "#2_2_2_0"}
			}
		},
		{
			"name": "Wattle",
			"from": [0.77854, 0.0123, 11.25],
			"to": [1.28827, 8.36881, 11.75],
			"rotation": {"angle": -22.5, "axis": "z", "origin": [1.03827, 3.96881, 24]},
			"faces": {
				"north": {"uv": [2.5, 9, 2, 0.5], "rotation": 180, "texture": "#2_2_2_0"},
				"east": {"uv": [2, 0, 2.5, 8.5], "rotation": 180, "texture": "#2_2_2_0"},
				"south": {"uv": [2.5, 9, 2, 0.5], "texture": "#2_2_2_0"},
				"west": {"uv": [2, 0, 2.5, 8.5], "texture": "#2_2_2_0"},
				"up": {"uv": [0, 0, 0.5, 0.5], "rotation": 180, "texture": "#2_2_2_0"},
				"down": {"uv": [0, 8.5, 0.5, 9], "texture": "#2_2_2_0"}
			}
		},
		{
			"name": "Wattle",
			"from": [0.77854, 0.0123, 12.25],
			"to": [1.28827, 8.36881, 12.75],
			"rotation": {"angle": -22.5, "axis": "z", "origin": [1.03827, 3.96881, 24]},
			"faces": {
				"north": {"uv": [3, 0, 3.5, 8.5], "rotation": 180, "texture": "#2_2_2_0"},
				"east": {"uv": [6, 0, 6.5, 8.5], "rotation": 180, "texture": "#2_2_2_0"},
				"south": {"uv": [6.5, 9, 6, 0.5], "texture": "#2_2_2_0"},
				"west": {"uv": [6, 0, 6.5, 8.5], "texture": "#2_2_2_0"},
				"up": {"uv": [0, 0, 0.5, 0.5], "rotation": 180, "texture": "#2_2_2_0"},
				"down": {"uv": [0, 8.5, 0.5, 9], "texture": "#2_2_2_0"}
			}
		},
		{
			"name": "Wattle",
			"from": [0.77854, 0.0123, 13.25],
			"to": [1.28827, 8.36881, 13.75],
			"rotation": {"angle": -22.5, "axis": "z", "origin": [1.03827, 3.96881, 24]},
			"faces": {
				"north": {"uv": [6, 9, 6.5, 0.5], "texture": "#2_2_2_0"},
				"east": {"uv": [4, 0, 4.5, 8.5], "rotation": 180, "texture": "#2_2_2_0"},
				"south": {"uv": [6, 9, 6.5, 0.5], "rotation": 180, "texture": "#2_2_2_0"},
				"west": {"uv": [4, 0, 4.5, 8.5], "texture": "#2_2_2_0"},
				"up": {"uv": [0, 0, 0.5, 0.5], "rotation": 180, "texture": "#2_2_2_0"},
				"down": {"uv": [0, 8.5, 0.5, 9], "texture": "#2_2_2_0"}
			}
		},
		{
			"name": "Wattle",
			"from": [0.77854, 0.0123, 14.25],
			"to": [1.28827, 8.36881, 14.75],
			"rotation": {"angle": -22.5, "axis": "z", "origin": [1.03827, 3.96881, 24]},
			"faces": {
				"north": {"uv": [3, 0, 3.5, 8.5], "rotation": 180, "texture": "#2_2_2_0"},
				"east": {"uv": [6, 0, 6.5, 8.5], "rotation": 180, "texture": "#2_2_2_0"},
				"south": {"uv": [6.5, 9, 6, 0.5], "texture": "#2_2_2_0"},
				"west": {"uv": [6, 0, 6.5, 8.5], "texture": "#2_2_2_0"},
				"up": {"uv": [0, 0, 0.5, 0.5], "rotation": 180, "texture": "#2_2_2_0"},
				"down": {"uv": [0, 8.5, 0.5, 9], "texture": "#2_2_2_0"}
			}
		},
		{
			"name": "Wattle",
			"from": [14.71173, 0.0123, 14.75],
			"to": [15.22146, 8.36881, 15.25],
			"rotation": {"angle": 22.5, "axis": "z", "origin": [14.96173, 3.96881, 10.5]},
			"faces": {
				"north": {"uv": [5, 9, 5.5, 0.5], "texture": "#2_2_2_0"},
				"east": {"uv": [7, 0, 7.5, 8.5], "texture": "#2_2_2_0"},
				"south": {"uv": [5, 9, 5.5, 0.5], "rotation": 180, "texture": "#2_2_2_0"},
				"west": {"uv": [5.5, 0, 5, 8.5], "texture": "#2_2_2_0"},
				"up": {"uv": [0, 0, 0.5, 0.5], "texture": "#2_2_2_0"},
				"down": {"uv": [0, 8.5, 0.5, 9], "rotation": 180, "texture": "#2_2_2_0"}
			}
		},
		{
			"name": "Wattle",
			"from": [14.71173, 0.0123, 13.75],
			"to": [15.22146, 8.36881, 14.25],
			"rotation": {"angle": 22.5, "axis": "z", "origin": [14.96173, 3.96881, 10.5]},
			"faces": {
				"north": {"uv": [5.5, 9, 5, 0.5], "texture": "#2_2_2_0"},
				"east": {"uv": [5, 0, 5.5, 8.5], "texture": "#2_2_2_0"},
				"south": {"uv": [5.5, 9, 5, 0.5], "rotation": 180, "texture": "#2_2_2_0"},
				"west": {"uv": [5, 0, 5.5, 8.5], "rotation": 180, "texture": "#2_2_2_0"},
				"up": {"uv": [0, 0, 0.5, 0.5], "texture": "#2_2_2_0"},
				"down": {"uv": [0, 8.5, 0.5, 9], "rotation": 180, "texture": "#2_2_2_0"}
			}
		},
		{
			"name": "Wattle",
			"from": [14.71173, 0.0123, 12.75],
			"to": [15.22146, 8.36881, 13.25],
			"rotation": {"angle": 22.5, "axis": "z", "origin": [14.96173, 3.96881, 10.5]},
			"faces": {
				"north": {"uv": [6.5, 9, 6, 0.5], "rotation": 180, "texture": "#2_2_2_0"},
				"east": {"uv": [5.5, 0, 6, 8.5], "texture": "#2_2_2_0"},
				"south": {"uv": [6.5, 9, 6, 0.5], "texture": "#2_2_2_0"},
				"west": {"uv": [6, 0, 6.5, 8.5], "texture": "#2_2_2_0"},
				"up": {"uv": [0, 0, 0.5, 0.5], "texture": "#2_2_2_0"},
				"down": {"uv": [0, 8.5, 0.5, 9], "rotation": 180, "texture": "#2_2_2_0"}
			}
		},
		{
			"name": "Wattle",
			"from": [14.71173, 0.0123, 11.75],
			"to": [15.22146, 8.36881, 12.25],
			"rotation": {"angle": 22.5, "axis": "z", "origin": [14.96173, 3.96881, 10.5]},
			"faces": {
				"north": {"uv": [5, 9, 5.5, 0.5], "rotation": 180, "texture": "#2_2_2_0"},
				"east": {"uv": [4, 0, 4.5, 8.5], "texture": "#2_2_2_0"},
				"south": {"uv": [5, 9, 5.5, 0.5], "texture": "#2_2_2_0"},
				"west": {"uv": [4, 0, 4.5, 8.5], "rotation": 180, "texture": "#2_2_2_0"},
				"up": {"uv": [0, 0, 0.5, 0.5], "texture": "#2_2_2_0"},
				"down": {"uv": [0, 8.5, 0.5, 9], "rotation": 180, "texture": "#2_2_2_0"}
			}
		},
		{
			"name": "Wattle",
			"from": [14.71173, 0.0123, 10.75],
			"to": [15.22146, 8.36881, 11.25],
			"rotation": {"angle": 22.5, "axis": "z", "origin": [14.96173, 3.96881, 10.5]},
			"faces": {
				"north": {"uv": [5.5, 9, 5, 0.5], "texture": "#2_2_2_0"},
				"east": {"uv": [0.5, 0, 1, 8.5], "texture": "#2_2_2_0"},
				"south": {"uv": [5.5, 9, 5, 0.5], "rotation": 180, "texture": "#2_2_2_0"},
				"west": {"uv": [5, 0, 5.5, 8.5], "rotation": 180, "texture": "#2_2_2_0"},
				"up": {"uv": [0, 0, 0.5, 0.5], "texture": "#2_2_2_0"},
				"down": {"uv": [0, 8.5, 0.5, 9], "rotation": 180, "texture": "#2_2_2_0"}
			}
		},
		{
			"name": "Wattle",
			"from": [14.71173, 0.0123, 9.75],
			"to": [15.22146, 8.36881, 10.25],
			"rotation": {"angle": 22.5, "axis": "z", "origin": [14.96173, 3.96881, 10.5]},
			"faces": {
				"north": {"uv": [1.5, 9, 1, 0.5], "texture": "#2_2_2_0"},
				"east": {"uv": [1, 0, 1.5, 8.5], "texture": "#2_2_2_0"},
				"south": {"uv": [1.5, 9, 1, 0.5], "rotation": 180, "texture": "#2_2_2_0"},
				"west": {"uv": [1, 0, 1.5, 8.5], "rotation": 180, "texture": "#2_2_2_0"},
				"up": {"uv": [0, 0, 0.5, 0.5], "texture": "#2_2_2_0"},
				"down": {"uv": [0, 8.5, 0.5, 9], "rotation": 180, "texture": "#2_2_2_0"}
			}
		}
	],
	"display": {
		"thirdperson_righthand": {
			"rotation": [75, 45, 0],
			"translation": [0, 2.5, 0],
			"scale": [0.375, 0.375, 0.375]
		},
		"thirdperson_lefthand": {
			"rotation": [75, 45, 0],
			"translation": [0, 2.5, 0],
			"scale": [0.375, 0.375, 0.375]
		},
		"firstperson_righthand": {
			"rotation": [0, 45, 0],
			"scale": [0.4, 0.4, 0.4]
		},
		"firstperson_lefthand": {
			"rotation": [0, 225, 0],
			"scale": [0.4, 0.4, 0.4]
		},
		"ground": {
			"translation": [0, 3, 0],
			"scale": [0.25, 0.25, 0.25]
		},
		"gui": {
			"rotation": [30, 125, 0],
			"scale": [0.625, 0.625, 0.625]
		},
		"fixed": {
			"rotation": [0, 90, 0],
			"scale": [0.5, 0.5, 0.5]
		}
	}
}