{
	"credit": "Made with Blockbench, model by LTK1",
	"ambientocclusion": false,
	"textures": {
		"ladder": "blocks/ladder",
		"particle": "blocks/ladder"
	},
	"elements": [
		{
			"name": "cube",
			"from": [2, 0, 15],
			"to": [4, 16, 16],
			"faces": {
				"north": {
					"uv": [12.032, 0.032, 13.968, 15.968],
					"texture": "#ladder"
				},
				"east": {
					"uv": [2.032, 0.032, 2.968, 15.968],
					"texture": "#ladder"
				},
				"south": {
					"uv": [2.032, 0.032, 3.968, 15.968],
					"texture": "#ladder"
				},
				"west": {
					"uv": [13.032, 0.032, 13.968, 15.968],
					"texture": "#ladder"
				},
				"up": {
					"uv": [2.032, 15.032, 3.968, 15.968],
					"texture": "#ladder"
				},
				"down": {
					"uv": [13.968, 15.968, 12.032, 15.032],
					"texture": "#ladder"
				}
			},
			"type": "cube"
		},
		{
			"name": "cube",
			"from": [12, 0, 15],
			"to": [14, 16, 16],
			"faces": {
				"north": {
					"uv": [2.032, 0.032, 3.968, 15.968],
					"texture": "#ladder"
				},
				"east": {
					"uv": [2.032, 0.032, 2.968, 15.968],
					"texture": "#ladder"
				},
				"south": {
					"uv": [12.032, 0.032, 13.968, 15.968],
					"texture": "#ladder"
				},
				"west": {
					"uv": [13.032, 0.032, 13.968, 15.968],
					"texture": "#ladder"
				},
				"up": {
					"uv": [12.032, 15.032, 13.968, 15.968],
					"texture": "#ladder"
				},
				"down": {
					"uv": [3.968, 15.968, 2.032, 15.032],
					"texture": "#ladder"
				}
			},
			"type": "cube"
		},
		{
			"name": "steg",
			"from": [1, 3, 14.5],
			"to": [15, 5, 15.5],
			"faces": {
				"north": {
					"uv": [1.032, 3.032, 14.968, 5.468],
					"texture": "#ladder"
				},
				"east": {
					"uv": [2.532, 2.532, 3.468, 5.468],
					"texture": "#ladder"
				},
				"south": {
					"uv": [1.032, 11.032, 14.968, 13.468],
					"texture": "#ladder"
				},
				"west": {
					"uv": [12.532, 2.532, 13.468, 5.468],
					"texture": "#ladder"
				},
				"up": {
					"uv": [1.032, 3.032, 14.968, 3.968],
					"texture": "#ladder"
				},
				"down": {
					"uv": [14.968, 4.968, 1.032, 4.032],
					"texture": "#ladder"
				}
			},
			"type": "cube"
		},
		{
			"name": "steg",
			"from": [1, 11, 14.5],
			"to": [15, 13, 15.5],
			"faces": {
				"north": {
					"uv": [1.032, 3.032, 14.968, 5.468],
					"texture": "#ladder"
				},
				"east": {
					"uv": [2.532, 2.532, 3.468, 5.468],
					"texture": "#ladder"
				},
				"south": {
					"uv": [1.032, 3.032, 14.968, 5.468],
					"texture": "#ladder"
				},
				"west": {
					"uv": [12.532, 2.532, 13.468, 5.468],
					"texture": "#ladder"
				},
				"up": {
					"uv": [1.032, 3.032, 14.968, 3.968],
					"texture": "#ladder"
				},
				"down": {
					"uv": [14.968, 4.968, 1.032, 4.032],
					"texture": "#ladder"
				}
			},
			"type": "cube"
		}
	]
}