{
	"credit": "Made with Blockbench",
	"parent": "block/block",
	"textures": {
		"bottom": "block/sandstone_bottom",
		"top": "block/sandstone_top",
		"side": "block/sandstone"
	},
	"elements": [
		{
			"from": [0, 0, 0],
			"to": [16, 8, 16],
			"faces": {
				"north": {"uv": [0, 0, 16, 8], "texture": "#side", "cullface": "north"},
				"east": {"uv": [0, 0, 16, 8], "texture": "#side", "cullface": "east"},
				"south": {"uv": [0, 0, 16, 8], "texture": "#side", "cullface": "south"},
				"west": {"uv": [0, 0, 16, 8], "texture": "#side", "cullface": "west"},
				"up": {"uv": [0, 0, 16, 16], "texture": "#top"},
				"down": {"uv": [0, 0, 16, 16], "texture": "#bottom", "cullface": "down"}
			}
		}
	]
}