{
	"credit": "Made with Blockbench",
	"parent": "block/template_trapdoor_open",
	"textures": {
		"0": "block/trapdoors/dark_oak_trapdoor",
		"1": "block/trapdoors/dark_oak_trapdoor_rim",
		"particle": "block/trapdoors/dark_oak_trapdoor"
	},
	"elements": [
		{
			"from": [0, 0, 13.5],
			"to": [16, 16, 15.5],
			"faces": {
				"north": {"uv": [0.032, 15.968, 15.968, 0.032], "rotation": 180, "texture": "#0"},
				"east": {"uv": [2.468, 0.032, 0.532, 15.968], "rotation": 180, "texture": "#1"},
				"south": {"uv": [0.032, 15.968, 15.968, 0.032], "rotation": 180, "texture": "#0"},
				"west": {"uv": [2.468, 0.032, 0.532, 15.968], "texture": "#1"},
				"up": {"uv": [4.968, 0.032, 3.032, 15.968], "rotation": 90, "texture": "#1"},
				"down": {"uv": [4.968, 0.032, 3.032, 15.968], "rotation": 90, "texture": "#1"}
			}
		},
		{
			"from": [5.5, 6.5, 13],
			"to": [6, 9.5, 16],
			"faces": {
				"north": {"uv": [5.532, 9.468, 5.968, 6.5], "rotation": 180, "texture": "#0"},
				"east": {"uv": [2.032, 8.468, 2.468, 8.032], "rotation": 270, "texture": "#0"},
				"south": {"uv": [10.032, 9.468, 10.468, 6.5], "rotation": 180, "texture": "#0"},
				"west": {"uv": [7.032, 7.468, 7.468, 7.032], "rotation": 90, "texture": "#0"},
				"up": {"uv": [4.032, 7.468, 4.468, 7.032], "rotation": 180, "texture": "#0"},
				"down": {"uv": [7.032, 9.468, 7.468, 6.5], "texture": "#0"}
			}
		},
		{
			"from": [6.5, 5, 13],
			"to": [9.5, 5.5, 16],
			"faces": {
				"north": {"uv": [6.532, 10.968, 9.468, 10.5], "rotation": 180, "texture": "#0"},
				"east": {"uv": [8.532, 9.468, 8.968, 6.5], "rotation": 270, "texture": "#0"},
				"south": {"uv": [6.532, 10.968, 9.468, 10.5], "texture": "#0"},
				"west": {"uv": [8.532, 9.468, 8.968, 6.5], "rotation": 90, "texture": "#0"},
				"up": {"uv": [9.032, 10.468, 9.468, 10.032], "rotation": 180, "texture": "#0"},
				"down": {"uv": [10.032, 9.968, 10.468, 9.532], "texture": "#0"}
			}
		},
		{
			"from": [6.5, 10.5, 13],
			"to": [9.5, 11, 16],
			"faces": {
				"north": {"uv": [6.532, 5.468, 9.468, 5], "rotation": 180, "texture": "#0"},
				"east": {"uv": [6.032, 8.468, 6.468, 8.032], "rotation": 270, "texture": "#0"},
				"south": {"uv": [6.532, 5.468, 9.468, 5], "texture": "#0"},
				"west": {"uv": [7.032, 9.468, 7.468, 6.5], "rotation": 90, "texture": "#0"},
				"up": {"uv": [7.532, 7.468, 7.968, 7.032], "rotation": 180, "texture": "#0"},
				"down": {"uv": [9.032, 8.968, 9.468, 8.532], "texture": "#0"}
			}
		},
		{
			"from": [10, 6.5, 13],
			"to": [10.5, 9.5, 16],
			"faces": {
				"north": {"uv": [10.032, 9.468, 10.468, 6.5], "rotation": 180, "texture": "#0"},
				"east": {"uv": [3.032, 7.968, 3.468, 7.532], "rotation": 270, "texture": "#0"},
				"south": {"uv": [5.532, 9.468, 5.968, 6.5], "rotation": 180, "texture": "#0"},
				"west": {"uv": [9.032, 7.468, 9.468, 7.032], "rotation": 90, "texture": "#0"},
				"up": {"uv": [7.032, 9.468, 7.468, 6.5], "rotation": 180, "texture": "#0"},
				"down": {"uv": [8.532, 9.468, 8.968, 6.5], "texture": "#0"}
			}
		},
		{
			"from": [0, 7, 13],
			"to": [16, 9, 16],
			"faces": {
				"north": {"uv": [0.032, 8.968, 15.968, 7], "rotation": 180, "texture": "#0"},
				"east": {"uv": [2.968, 7, 0.032, 8.968], "rotation": 180, "texture": "#1"},
				"south": {"uv": [0.032, 8.968, 15.968, 7], "rotation": 180, "texture": "#0"},
				"west": {"uv": [2.968, 7, 0.032, 8.968], "texture": "#1"},
				"up": {"uv": [0.032, 7.468, 15.968, 7], "texture": "#0"},
				"down": {"uv": [0.032, 8.968, 15.968, 8.5], "texture": "#0"}
			}
		},
		{
			"from": [7, 0, 13],
			"to": [9, 16, 16],
			"faces": {
				"north": {"uv": [7.032, 15.968, 8.968, 0.032], "rotation": 180, "texture": "#0"},
				"east": {"uv": [8.968, 0.032, 8.532, 15.968], "texture": "#0"},
				"south": {"uv": [7.032, 15.968, 8.968, 0.032], "rotation": 180, "texture": "#0"},
				"west": {"uv": [7.468, 0.032, 7.032, 15.968], "rotation": 180, "texture": "#0"},
				"up": {"uv": [5.468, 7, 2.532, 8.968], "rotation": 90, "texture": "#1"},
				"down": {"uv": [5.468, 7, 2.532, 8.968], "rotation": 90, "texture": "#1"}
			}
		}
	],
	"groups": [0,
		{
			"name": "group",
			"children": [1, 2, 3, 4]
		},
		{
			"name": "group",
			"children": [5, 6]
		}
	]
}