{
	"credit": "Made with Blockbench",
	"textures": {
		"0": "block/birch_trapdoor",
		"1": "block/birch_trapdoor_rim",
		"particle": "block/birch_trapdoor"
	},
	"elements": [
		{
			"name": "cube",
			"from": [4, 0, 12],
			"to": [12, 3, 16],
			"faces": {
				"north": {"uv": [13.016, 5.016, 15.96711, 12.96795], "texture": "#1", "rotation": 270},
				"south": {"uv": [0.016, 4.016, 2.984, 11.484], "texture": "#1", "rotation": 270},
				"up": {"uv": [4.016, 0.016, 7.984, 3.984], "texture": "#0", "rotation": 180},
				"down": {"uv": [4.016, 0.016, 11.984, 3.984], "texture": "#0"}
			}
		},
		{
			"name": "cube",
			"from": [0, 0, 0],
			"to": [4, 3, 16],
			"faces": {
				"north": {"uv": [0.06, 12.06, 2.94, 15.94], "texture": "#1", "rotation": 270},
				"east": {"uv": [13.06, 0.06, 15.94, 15.94], "texture": "#1", "rotation": 90},
				"south": {"uv": [0.016, 0.016, 2.984, 3.984], "texture": "#1", "rotation": 270},
				"west": {"uv": [0.06, 0.06, 2.94, 15.94], "texture": "#1", "rotation": 270},
				"up": {"uv": [12.516, 0.016, 15.984, 15.984], "texture": "#0", "rotation": 180},
				"down": {"uv": [0.016, 0.016, 3.984, 15.984], "texture": "#0"}
			}
		},
		{
			"name": "cube",
			"from": [12, 0, 0],
			"to": [16, 3, 16],
			"faces": {
				"north": {"uv": [0.016, 0.016, 2.984, 4.484], "texture": "#1", "rotation": 270},
				"east": {"uv": [0.01563, 0.01563, 2.98273, 15.98357], "texture": "#1", "rotation": 90},
				"south": {"uv": [0.01563, 0.01563, 2.98273, 3.98273], "texture": "#1", "rotation": 90},
				"west": {"uv": [13.016, 0.016, 15.984, 15.984], "texture": "#1", "rotation": 270},
				"up": {"uv": [0.016, 0.016, 3.984, 15.984], "texture": "#0", "rotation": 180},
				"down": {"uv": [3.984, 0.016, 0.016, 15.984], "texture": "#0"}
			}
		},
		{
			"name": "cube",
			"from": [4, 0, 2],
			"to": [12, 3, 4],
			"faces": {
				"north": {"uv": [4.016, 15.484, 11.984, 14.016], "texture": "#0", "rotation": 180},
				"south": {"uv": [13.016, 4.016, 15.984, 13.484], "texture": "#1", "rotation": 90},
				"up": {"uv": [4.016, 13.984, 11.98358, 12.016], "texture": "#0"},
				"down": {"uv": [4.016, 12.016, 11.984, 13.984], "texture": "#0"}
			}
		},
		{
			"name": "cube",
			"from": [4, 1.5, 4],
			"to": [12, 1.5, 12],
			"faces": {
				"north": {"uv": [0.016, 0.016, 7.984, 0.484], "texture": "#0"},
				"east": {"uv": [0.016, 0.016, 7.984, 0.484], "texture": "#0"},
				"south": {"uv": [0.016, 0.016, 7.984, 0.484], "texture": "#0"},
				"west": {"uv": [0.016, 0.016, 7.984, 0.484], "texture": "#0"},
				"up": {"uv": [4.016, 4.016, 11.984, 11.984], "texture": "#0"},
				"down": {"uv": [4.016, 4.016, 11.984, 11.984], "texture": "#0"}
			}
		},
		{
			"name": "cube",
			"from": [11, 0, 0],
			"to": [12, 3, 2],
			"faces": {
				"north": {"uv": [0.016, 4.516, 2.96793, 5.46793], "texture": "#1", "rotation": 90},
				"west": {"uv": [0.016, 5.016, 2.984, 7.484], "texture": "#1", "rotation": 90},
				"up": {"uv": [4.016, 14.016, 4.984, 15.984], "texture": "#0", "rotation": 180},
				"down": {"uv": [4.016, 15.984, 4.984, 14.016], "texture": "#0"}
			}
		},
		{
			"name": "cube",
			"from": [4, 0, 0],
			"to": [5, 3, 2],
			"faces": {
				"north": {"uv": [0.016, 8.516, 2.984, 9.484], "texture": "#1", "rotation": 270},
				"east": {"uv": [0.016, 8.016, 2.984, 9.984], "texture": "#1", "rotation": 90},
				"up": {"uv": [11.016, 14.016, 11.984, 15.984], "texture": "#0", "rotation": 180},
				"down": {"uv": [11.01563, 14.01563, 11.98355, 15.98273], "texture": "#0"}
			}
		},
		{
			"name": "cube",
			"from": [5, 0.5, 0.5],
			"to": [11, 2.5, 2],
			"faces": {
				"north": {"uv": [5.016, 14.016, 10.984, 15.484], "texture": "#0"},
				"up": {"uv": [5.016, 14.016, 10.984, 14.984], "texture": "#0"},
				"down": {"uv": [5.016, 14.016, 10.984, 15.484], "texture": "#0"}
			}
		}
	]
}