{
	"credit": "Made with Blockbench",
	"textures": {
		"0": "block/birch_trapdoor",
		"1": "block/birch_trapdoor_rim",
		"particle": "block/birch_trapdoor"
	},
	"elements": [
		{
			"name": "cube",
			"from": [4, 0, 13],
			"to": [12, 4, 16],
			"faces": {
				"north": {"uv": [4, 4, 12, 0], "texture": "#0"},
				"south": {"uv": [4, 4, 8, 0], "texture": "#0"},
				"up": {"uv": [15.96711, 5, 13, 12.96795], "texture": "#1", "rotation": 270},
				"down": {"uv": [3, 4, 0, 11.5], "texture": "#1", "rotation": 270}
			}
		},
		{
			"name": "cube",
			"from": [12, 0, 13],
			"to": [16, 16, 16],
			"faces": {
				"north": {"uv": [0, 16, 4, 0], "texture": "#0"},
				"east": {"uv": [0.06, 15.94, 2.94, 0.06], "texture": "#1"},
				"south": {"uv": [12.5, 16, 16, 0], "texture": "#0"},
				"west": {"uv": [13.06, 15.94, 15.94, 0.06], "texture": "#1", "rotation": 180},
				"up": {"uv": [2.94, 12.06, 0.06, 15.94], "texture": "#1", "rotation": 270},
				"down": {"uv": [3, 0, 0, 4], "texture": "#1", "rotation": 270}
			}
		},
		{
			"name": "cube",
			"from": [0, 0, 13],
			"to": [4, 16, 16],
			"faces": {
				"north": {"uv": [4, 16, 0, 0], "texture": "#0"},
				"east": {"uv": [13.016, 15.984, 15.984, 0.016], "texture": "#1"},
				"south": {"uv": [0.016, 15.984, 3.984, 0.016], "texture": "#0"},
				"west": {"uv": [0.016, 15.984, 2.984, 0.016], "texture": "#1", "rotation": 180},
				"up": {"uv": [2.984, 0.016, 0.016, 4.484], "texture": "#1", "rotation": 270},
				"down": {"uv": [2.98273, 0.01563, 0.01563, 3.98273], "texture": "#1", "rotation": 90}
			}
		},
		{
			"name": "cube",
			"from": [4, 12, 13],
			"to": [12, 14, 16],
			"faces": {
				"north": {"uv": [4, 14, 12, 12], "texture": "#0"},
				"south": {"uv": [4, 12, 11.98358, 14], "texture": "#0", "rotation": 180},
				"up": {"uv": [4, 14, 12, 15.5], "texture": "#0", "rotation": 180},
				"down": {"uv": [16, 4, 13, 13.5], "texture": "#1", "rotation": 90}
			}
		},
		{
			"name": "cube",
			"from": [4, 4, 14.5],
			"to": [12, 12, 14.5],
			"faces": {
				"north": {"uv": [4, 12, 12, 4], "texture": "#0"},
				"east": {"uv": [7.984, 0.016, 0.016, 0.484], "texture": "#0", "rotation": 90},
				"south": {"uv": [4.016, 11.984, 11.984, 4.016], "texture": "#0", "rotation": 180},
				"west": {"uv": [7.984, 0.016, 0.016, 0.484], "texture": "#0", "rotation": 90},
				"up": {"uv": [0.016, 0.484, 7.984, 0.016], "texture": "#0"},
				"down": {"uv": [0.016, 0.484, 7.984, 0.016], "texture": "#0"}
			}
		},
		{
			"name": "cube",
			"from": [4, 14, 13],
			"to": [5, 16, 16],
			"faces": {
				"north": {"uv": [4, 14, 5, 16], "texture": "#0"},
				"east": {"uv": [0.016, 7.484, 2.984, 5.016], "texture": "#1", "rotation": 180},
				"south": {"uv": [4.016, 15.984, 4.984, 14.016], "texture": "#0"},
				"up": {"uv": [2.96793, 4.5, 0, 5.46793], "texture": "#1", "rotation": 90}
			}
		},
		{
			"name": "cube",
			"from": [11, 14, 13],
			"to": [12, 16, 16],
			"faces": {
				"north": {"uv": [11.01563, 15.98273, 11.98355, 14.01563], "texture": "#0"},
				"south": {"uv": [11.016, 15.984, 11.984, 14.016], "texture": "#0"},
				"west": {"uv": [0.016, 9.984, 2.984, 8.016], "texture": "#1", "rotation": 180},
				"up": {"uv": [2.984, 8.516, 0.016, 9.484], "texture": "#1", "rotation": 270}
			}
		},
		{
			"name": "cube",
			"from": [5, 14, 13.5],
			"to": [11, 15.5, 15.5],
			"faces": {
				"north": {"uv": [5.016, 15.484, 10.984, 14.016], "texture": "#0"},
				"south": {"uv": [5.016, 14.984, 10.984, 14.016], "texture": "#0", "rotation": 180},
				"up": {"uv": [5.016, 15.484, 10.984, 14.016], "texture": "#0"}
			}
		}
	]
}