{ "ambientocclusion": false,
  "elements": [
    { "from": [0.5, -1, 0.5],
      "to": [6.5, 5, 6.5],
      "faces": {
        "north": {"uv": [6, 6, 0, 12], "texture": "#fruit"},
        "east": {"uv": [6, 6, 0, 12], "texture": "#fruit"},
        "south": {"uv": [6, 6, 0, 12], "texture": "#fruit"},
        "west": {"uv": [6, 6, 0, 12], "texture": "#fruit"},
        "up": {"uv": [0, 6, 6, 0], "texture": "#fruit"}
      }
    },
    { "from": [4, 5, 0.3],
      "to": [4, 13, 8.3],
      "shade": false,
      "rotation": {"angle": 22.5, "axis": "y", "origin": [4, 8.5, 4]},
      "faces": {
        "east": {"uv": [8, 0, 0, 8], "texture": "#stem"},
        "west": {"uv": [0, 0, 8, 8], "texture": "#stem"}
      }
    }
  ]
}