{ "ambientocclusion": false,
  "textures": {
    "particle": "#leaves"
  },
  "elements": [
    { "from": [0, -1, 8],
      "to": [16, 31, 8],
      "shade": false,
      "rotation": {"angle": 45, "axis": "y", "origin": [8, 7, 8]},
      "faces": {
        "north": {"uv": [8, 8, 4, 16], "texture": "#stem"},
        "south": {"uv": [4, 8, 8, 16], "texture": "#stem"}
      }
    },
    { "from": [2.7, 7.5, 10.2],
      "to": [5.7, 10.5, 13.2],
      "rotation": {"angle": -22.5, "axis": "y", "origin": [3.3, 8, 11.2]},
      "faces": {
        "north": {"uv": [10, 3, 13, 6], "texture": "#fruit"},
        "east": {"uv": [10, 3, 13, 6], "texture": "#fruit"},
        "south": {"uv": [10, 3, 13, 6], "texture": "#fruit"},
        "west": {"uv": [10, 3, 13, 6], "texture": "#fruit"},
        "up": {"uv": [10, 0, 13, 3], "texture": "#fruit"},
        "down": {"uv": [10, 0, 13, 3], "texture": "#fruit"}
      }
    },
    { "from": [3.8, 2.1, 2.6],
      "to": [9.8, 2.1, 8.6],
      "rotation": {"angle": -22.5, "axis": "x", "origin": [5.2, 2.1, 1.7]},
      "faces": {
        "up": {"uv": [10, 10, 16, 16], "texture": "#leaves"},
        "down": {"uv": [16, 10, 10, 16], "rotation": 180, "texture": "#leaves"}
      }
    },
    { "from": [8, 2.5, 5.6],
      "to": [14, 2.5, 11.6],
      "rotation": {"angle": 22.5, "axis": "x", "origin": [12.6, 2.5, 12.5]},
      "faces": {
        "up": {"uv": [10, 10, 16, 16], "rotation": 180, "texture": "#leaves"},
        "down": {"uv": [16, 10, 10, 16], "texture": "#leaves"}
      }
    },
    { "from": [9.69084, 8.7, 4.12933],
      "to": [15.69084, 8.7, 10.12933],
      "rotation": {"angle": -22.5, "axis": "z", "origin": [12.69084, 8.7, 7.12933]},
      "faces": {
        "up": {"uv": [10, 10, 16, 16], "rotation": 180, "texture": "#leaves"},
        "down": {"uv": [16, 10, 10, 16], "texture": "#leaves"}
      }
    },
    { "from": [7.49084, 15, 1.02933],
      "to": [13.49084, 15, 7.02933],
      "rotation": {"angle": 22.5, "axis": "y", "origin": [10.49084, 15, 4.02933]},
      "faces": {
        "up": {"uv": [10, 10, 16, 16], "rotation": 90, "texture": "#leaves"},
        "down": {"uv": [16, 10, 10, 16], "rotation": 90, "texture": "#leaves"}
      }
    }
  ]
}