{ "ambientocclusion": false,
  "elements": [
    { "from": [-14.5, 16, 1.7],
      "to": [-10.5, 20, 5.7],
      "rotation": {"angle": -22.5, "axis": "y", "origin": [-12, 18, 4.7]},
      "faces": {
        "north": {"uv": [6, 8, 10, 4], "rotation": 90, "texture": "#fruit"},
        "east": {"uv": [10, 0, 6, 4], "texture": "#fruit"},
        "south": {"uv": [6, 8, 10, 4], "rotation": 270, "texture": "#fruit"},
        "west": {"uv": [10, 0, 6, 4], "texture": "#fruit"},
        "up": {"uv": [10, 4, 6, 8], "rotation": 90, "texture": "#fruit"}
      }
    },
    { "from": [-12.5, 21, 1],
      "to": [-5.5, 21, 8],
      "shade": false,
      "rotation": {"angle": 22.5, "axis": "z", "origin": [-3.5, 23.5, 4]},
      "faces": {
        "up": {"uv": [8, 0, 15, 7], "rotation": 90, "texture": "#stem"},
        "down": {"uv": [15, 0, 8, 7], "rotation": 90, "texture": "#stem"}
      }
    }
  ]
}