{ "ambientocclusion": false,
  "elements": [
    { "from": [-5.3, 16, 2.5],
      "to": [-1.3, 20, 6.5],
      "rotation": {"angle": -45, "axis": "y", "origin": [-3.3, 18, 4.5]},
      "faces": {
        "north": {"uv": [10, 4, 6, 8], "texture": "#fruit"},
        "east": {"uv": [10, 4, 6, 8], "texture": "#fruit"},
        "south": {"uv": [10, 4, 6, 8], "texture": "#fruit"},
        "west": {"uv": [10, 4, 6, 8], "texture": "#fruit"},
        "up": {"uv": [6, 4, 10, 0], "texture": "#fruit"}
      }
    },
    { "from": [-3.5, 20, 1.3],
      "to": [-3.5, 27, 8.3],
      "shade": false,
      "rotation": {"angle": 22.5, "axis": "y", "origin": [-3.5, 23.5, 4]},
      "faces": {
        "east": {"uv": [15, 0, 8, 7], "texture": "#stem"},
        "west": {"uv": [8, 0, 15, 7], "texture": "#stem"}
      }
    }
  ]
}