{
    "parent": "block/block",
	"textures": {
        "particle": "block/dark_prismarine",
		"all": "block/dark_prismarine"
    },
    "elements": [
        {   "from": [ 0, 0, 0 ],
            "to": [ 16, 16, 16 ],
            "faces": {
                "down":  { "uv": [ 0, 16, 16,  0 ], "texture": "#all" , "cullface": "down", "rotation": 0},
                "up":    { "uv": [ 0,  0, 16, 16 ], "texture": "#all" , "cullface": "up"},
				"north":  { "uv": [ 0,  0, 16, 16 ], "texture": "#all" , "cullface": "north", "rotation": 90},
                "east":    { "uv": [ 0,  0, 16, 16], "texture": "#all" , "cullface": "east", "rotation": 90},
				"south":  { "uv": [ 0,  0, 16, 16 ], "texture": "#all" , "cullface": "south"},
                "west":    { "uv": [ 0,  0, 16, 16 ], "texture": "#all" , "cullface": "west"}
            }
        }
    ]
}

