{ "parent": "block/block",
  "textures": {
    "side": "block/stripped_warped_stem",
    "end": "block/stripped_warped_stem_top",
    "particle": "block/stripped_warped_stem"
  },
  "elements": [
    { "from": [0, 0, 0],
      "to": [16, 16, 16],
      "faces": {
        "north": {"uv": [0, 0, 16, 16], "texture": "#side", "cullface": "north"},
        "east": {"uv": [0, 0, 16, 16], "texture": "#side", "cullface": "east"},
        "south": {"uv": [0, 0, 16, 16], "texture": "#side", "cullface": "south"},
        "west": {"uv": [0, 0, 16, 16], "texture": "#side", "cullface": "west"},
        "up": {"uv": [0, 0, 16, 16], "texture": "#end", "cullface": "up"},
        "down": {"uv": [0, 16, 16, 0], "texture": "#end", "cullface": "down"}
      }
    }
  ]
}