{
	"credit": "Made with Blockbench",
	"parent": "block/block",
	"ambientocclusion": false,
	"textures": {
		"particle": "block/end_rod_model",
		"lamp": "block/end_rod_model"
	},
	"elements": [
		{
			"name": "base1",
			"from": [5, 0, 5],
			"to": [11, 1, 11],
			"faces": {
				"north": {"uv": [14.032, 8.032, 15.968, 15.968], "rotation": 90, "texture": "#lamp"},
				"east": {"uv": [14.032, 8.032, 15.968, 15.968], "rotation": 90, "texture": "#lamp"},
				"south": {"uv": [14.032, 8.032, 15.968, 15.968], "rotation": 90, "texture": "#lamp"},
				"west": {"uv": [14.032, 8.032, 15.968, 15.968], "rotation": 90, "texture": "#lamp"},
				"up": {"uv": [8.032, 0.032, 15.968, 7.968], "texture": "#lamp"},
				"down": {"uv": [15.968, 7.968, 8.032, 0.032], "texture": "#lamp"}
			}
		},
		{
			"name": "base2",
			"from": [6, 1, 6],
			"to": [10, 2, 10],
			"faces": {
				"north": {"uv": [14.032, 8.032, 15.968, 15.968], "rotation": 90, "texture": "#lamp"},
				"east": {"uv": [14.032, 8.032, 15.968, 15.968], "rotation": 90, "texture": "#lamp"},
				"south": {"uv": [14.032, 8.032, 15.968, 15.968], "rotation": 90, "texture": "#lamp"},
				"west": {"uv": [14.032, 8.032, 15.968, 15.968], "rotation": 90, "texture": "#lamp"},
				"up": {"uv": [8.032, 0.032, 15.968, 7.968], "texture": "#lamp"},
				"down": {"uv": [5.968, 5.968, 2.032, 2.032], "texture": "#missing"}
			}
		},
		{
			"name": "pole",
			"from": [7, 2, 7],
			"to": [9, 6, 9],
			"faces": {
				"north": {"uv": [10.032, 8.032, 13.968, 15.968], "texture": "#lamp"},
				"east": {"uv": [10.032, 8.032, 13.968, 15.968], "texture": "#lamp"},
				"south": {"uv": [10.032, 8.032, 13.968, 15.968], "texture": "#lamp"},
				"west": {"uv": [10.032, 8.032, 13.968, 15.968], "texture": "#lamp"},
				"up": {"uv": [2.032, 0.032, 3.968, 1.968], "texture": "#missing"},
				"down": {"uv": [3.968, 1.968, 2.032, 0.032], "texture": "#missing"}
			}
		},
		{
			"name": "lampbase",
			"from": [5.5, 6, 5.5],
			"to": [10.5, 7, 10.5],
			"faces": {
				"north": {"uv": [0.032, 13.032, 9.968, 15.968], "texture": "#lamp"},
				"east": {"uv": [0.032, 13.032, 9.968, 15.968], "texture": "#lamp"},
				"south": {"uv": [0.032, 13.032, 9.968, 15.968], "texture": "#lamp"},
				"west": {"uv": [0.032, 13.032, 9.968, 15.968], "texture": "#lamp"},
				"up": {"uv": [8.032, 0.032, 15.968, 7.968], "texture": "#lamp"},
				"down": {"uv": [8.032, 0.032, 15.968, 7.968], "texture": "#lamp"}
			}
		},
		{
			"name": "lamp",
			"from": [6, 7, 6],
			"to": [10, 15, 10],
			"faces": {
				"north": {"uv": [0.032, 0.032, 7.968, 11.968], "texture": "#lamp"},
				"east": {"uv": [0.032, 0.032, 7.968, 11.968], "texture": "#lamp"},
				"south": {"uv": [0.032, 0.032, 7.968, 11.968], "texture": "#lamp"},
				"west": {"uv": [0.032, 0.032, 7.968, 11.968], "texture": "#lamp"},
				"up": {"uv": [2.032, 0.032, 3.968, 1.968], "texture": "#missing"},
				"down": {"uv": [3.968, 1.968, 2.032, 0.032], "texture": "#missing"}
			}
		},
		{
			"name": "lamptop",
			"from": [5.5, 15, 5.5],
			"to": [10.5, 16, 10.5],
			"faces": {
				"north": {"uv": [0.032, 13.032, 9.968, 15.968], "texture": "#lamp"},
				"east": {"uv": [0.032, 13.032, 9.968, 15.968], "texture": "#lamp"},
				"south": {"uv": [0.032, 13.032, 9.968, 15.968], "texture": "#lamp"},
				"west": {"uv": [0.032, 13.032, 9.968, 15.968], "texture": "#lamp"},
				"up": {"uv": [8.032, 0.032, 15.968, 7.968], "texture": "#lamp"},
				"down": {"uv": [8.032, 0.032, 15.968, 7.968], "texture": "#lamp"}
			}
		}
	]
}