{
  "multipart": [
    { "when": { "up": "true", "north": "none|low", "east": "none|low", "south": "none|low", "west": "none|low" },
			"apply": [
				{ "model": "block/snowy_walls/post/brick/0" },
				{ "model": "block/snowy_walls/post/brick/1" },
				{ "model": "block/snowy_walls/post/brick/2" },
				{ "model": "block/snowy_walls/post/brick/3" }
			]
		},
		{ "when": { "up": "true", "north": "none|tall", "east": "none|tall", "south": "none|tall", "west": "none|tall" },
			"apply": [
				{ "model": "block/brick_wall_post" }
			]
		},
    { "when": { "north": "low" },
      "apply": [
				{ "model": "block/snowy_walls/side/brick/0", "uvlock": true },
				{ "model": "block/snowy_walls/side/brick/1", "uvlock": true },
				{ "model": "block/snowy_walls/side/brick/2", "uvlock": true },
				{ "model": "block/snowy_walls/side/brick/3", "uvlock": true }
      ]
    },
    { "when": { "east": "low" },
      "apply": [
				{ "model": "block/snowy_walls/side/brick/0", "uvlock": true, "y": 90 },
				{ "model": "block/snowy_walls/side/brick/1", "uvlock": true, "y": 90 },
				{ "model": "block/snowy_walls/side/brick/2", "uvlock": true, "y": 90 },
				{ "model": "block/snowy_walls/side/brick/3", "uvlock": true, "y": 90 }
      ]
    },
    { "when": { "south": "low" },
      "apply": [
				{ "model": "block/snowy_walls/side/brick/0", "uvlock": true, "y": 180 },
				{ "model": "block/snowy_walls/side/brick/1", "uvlock": true, "y": 180 },
				{ "model": "block/snowy_walls/side/brick/2", "uvlock": true, "y": 180 },
				{ "model": "block/snowy_walls/side/brick/3", "uvlock": true, "y": 180 }
      ]
    },
    { "when": { "west": "low" },
      "apply": [
				{ "model": "block/snowy_walls/side/brick/0", "uvlock": true, "y": 270 },
				{ "model": "block/snowy_walls/side/brick/1", "uvlock": true, "y": 270 },
				{ "model": "block/snowy_walls/side/brick/2", "uvlock": true, "y": 270 },
				{ "model": "block/snowy_walls/side/brick/3", "uvlock": true, "y": 270 }
      ]
    },
    { "when": { "north": "tall" },
      "apply": [
				{ "model": "block/brick_wall_side_tall", "uvlock": true }
      ]
    },
    { "when": { "east": "tall" },
      "apply": [
				{ "model": "block/brick_wall_side_tall", "uvlock": true, "y": 90 }
      ]
    },
    { "when": { "south": "tall" },
      "apply": [
				{ "model": "block/brick_wall_side_tall", "uvlock": true, "y": 180 }
      ]
    },
    { "when": { "west": "tall" },
      "apply": [
				{ "model": "block/brick_wall_side_tall", "uvlock": true, "y": 270 }
      ]
    }
  ]
}