{
  "multipart": [
    { "when": { "up": "true", "north": "none|low", "east": "none|low", "south": "none|low", "west": "none|low" },
			"apply": [
				{ "model": "block/snowy_walls/post/deepslate_tile/0" },
				{ "model": "block/snowy_walls/post/deepslate_tile/1" },
				{ "model": "block/snowy_walls/post/deepslate_tile/2" }
			]
		},
		{ "when": { "up": "true", "north": "none|tall", "east": "none|tall", "south": "none|tall", "west": "none|tall" },
			"apply": [
				{ "model": "block/deepslate/tiles/wall/post/0" },
				{ "model": "block/deepslate/tiles/wall/post/1" },
				{ "model": "block/deepslate/tiles/wall/post/2" }
			]
		},
    { "when": { "north": "low" },
      "apply": [
				{ "model": "block/snowy_walls/side/deepslate_tile/0", "uvlock": true },
				{ "model": "block/snowy_walls/side/deepslate_tile/1", "uvlock": true },
				{ "model": "block/snowy_walls/side/deepslate_tile/2", "uvlock": true }
      ]
    },
    { "when": { "east": "low" },
      "apply": [
				{ "model": "block/snowy_walls/side/deepslate_tile/0", "uvlock": true, "y": 90 },
				{ "model": "block/snowy_walls/side/deepslate_tile/1", "uvlock": true, "y": 90 },
				{ "model": "block/snowy_walls/side/deepslate_tile/2", "uvlock": true, "y": 90 }
      ]
    },
    { "when": { "south": "low" },
      "apply": [
				{ "model": "block/snowy_walls/side/deepslate_tile/0", "uvlock": true, "y": 180 },
				{ "model": "block/snowy_walls/side/deepslate_tile/1", "uvlock": true, "y": 180 },
				{ "model": "block/snowy_walls/side/deepslate_tile/2", "uvlock": true, "y": 180 }
      ]
    },
    { "when": { "west": "low" },
      "apply": [
				{ "model": "block/snowy_walls/side/deepslate_tile/0", "uvlock": true, "y": 270 },
				{ "model": "block/snowy_walls/side/deepslate_tile/1", "uvlock": true, "y": 270 },
				{ "model": "block/snowy_walls/side/deepslate_tile/2", "uvlock": true, "y": 270 }
      ]
    },
    { "when": { "north": "tall" },
      "apply": [
				{ "model": "block/deepslate/tiles/wall/side_tall/0", "uvlock": true },
				{ "model": "block/deepslate/tiles/wall/side_tall/1", "uvlock": true },
				{ "model": "block/deepslate/tiles/wall/side_tall/2", "uvlock": true }
      ]
    },
    { "when": { "east": "tall" },
      "apply": [
				{ "model": "block/deepslate/tiles/wall/side_tall/0", "uvlock": true, "y": 90 },
				{ "model": "block/deepslate/tiles/wall/side_tall/1", "uvlock": true, "y": 90 },
				{ "model": "block/deepslate/tiles/wall/side_tall/2", "uvlock": true, "y": 90 }
      ]
    },
    { "when": { "south": "tall" },
      "apply": [
				{ "model": "block/deepslate/tiles/wall/side_tall/0", "uvlock": true, "y": 180 },
				{ "model": "block/deepslate/tiles/wall/side_tall/1", "uvlock": true, "y": 180 },
				{ "model": "block/deepslate/tiles/wall/side_tall/2", "uvlock": true, "y": 180 }
      ]
    },
    { "when": { "west": "tall" },
      "apply": [
				{ "model": "block/deepslate/tiles/wall/side_tall/0", "uvlock": true, "y": 270 },
				{ "model": "block/deepslate/tiles/wall/side_tall/1", "uvlock": true, "y": 270 },
				{ "model": "block/deepslate/tiles/wall/side_tall/2", "uvlock": true, "y": 270 }
      ]
    }
  ]
}