{
  "multipart": [
    { "when": { "up": "true", "north": "none|low", "east": "none|low", "south": "none|low", "west": "none|low" },
			"apply": [
				{ "model": "block/snowy_walls/post/mossy_cobblestone/0", "weight":30 },
				{ "model": "block/snowy_walls/post/mossy_cobblestone/1", "weight":20 },
				{ "model": "block/snowy_walls/post/mossy_cobblestone/2", "weight":20 },
				{ "model": "block/snowy_walls/post/mossy_cobblestone/3", "weight":20 },
				{ "model": "block/snowy_walls/post/mossy_cobblestone/4", "weight":40 },
				{ "model": "block/snowy_walls/post/mossy_cobblestone/5", "weight":20 },
				{ "model": "block/snowy_walls/post/mossy_cobblestone/6", "weight":5 },
				{ "model": "block/snowy_walls/post/mossy_cobblestone/7", "weight":20 },
				{ "model": "block/snowy_walls/post/mossy_cobblestone/8", "weight":5 }
			]
		},
		{ "when": { "up": "true", "north": "none|tall", "east": "none|tall", "south": "none|tall", "west": "none|tall" },
			"apply": [
				{ "model": "block/mossy_cobblestone/wall/post/0", "weight":30 },
				{ "model": "block/mossy_cobblestone/wall/post/1", "weight":20 },
				{ "model": "block/mossy_cobblestone/wall/post/2", "weight":20 },
				{ "model": "block/mossy_cobblestone/wall/post/3", "weight":20 },
				{ "model": "block/mossy_cobblestone/wall/post/4", "weight":40 },
				{ "model": "block/mossy_cobblestone/wall/post/5", "weight":20 },
				{ "model": "block/mossy_cobblestone/wall/post/6", "weight":5 },
				{ "model": "block/mossy_cobblestone/wall/post/7", "weight":20 },
				{ "model": "block/mossy_cobblestone/wall/post/8", "weight":5 }
			]
		},
    { "when": { "north": "low" },
      "apply": [
        { "model": "block/snowy_walls/side/mossy_cobblestone/0", "weight":30, "uvlock": true },
				{ "model": "block/snowy_walls/side/mossy_cobblestone/1", "weight":20, "uvlock": true },
				{ "model": "block/snowy_walls/side/mossy_cobblestone/2", "weight":20, "uvlock": true },
				{ "model": "block/snowy_walls/side/mossy_cobblestone/3", "weight":20, "uvlock": true },
				{ "model": "block/snowy_walls/side/mossy_cobblestone/4", "weight":40, "uvlock": true },
				{ "model": "block/snowy_walls/side/mossy_cobblestone/5", "weight":20, "uvlock": true },
				{ "model": "block/snowy_walls/side/mossy_cobblestone/6", "weight":5, "uvlock": true },
				{ "model": "block/snowy_walls/side/mossy_cobblestone/7", "weight":20, "uvlock": true },
				{ "model": "block/snowy_walls/side/mossy_cobblestone/8", "weight":5, "uvlock": true }
      ]
    },
    { "when": { "east": "low" },
      "apply": [
        { "model": "block/snowy_walls/side/mossy_cobblestone/0", "weight":30, "uvlock": true, "y": 90 },
				{ "model": "block/snowy_walls/side/mossy_cobblestone/1", "weight":20, "uvlock": true, "y": 90 },
				{ "model": "block/snowy_walls/side/mossy_cobblestone/2", "weight":20, "uvlock": true, "y": 90 },
				{ "model": "block/snowy_walls/side/mossy_cobblestone/3", "weight":20, "uvlock": true, "y": 90 },
				{ "model": "block/snowy_walls/side/mossy_cobblestone/4", "weight":40, "uvlock": true, "y": 90 },
				{ "model": "block/snowy_walls/side/mossy_cobblestone/5", "weight":20, "uvlock": true, "y": 90 },
				{ "model": "block/snowy_walls/side/mossy_cobblestone/6", "weight":5, "uvlock": true, "y": 90 },
				{ "model": "block/snowy_walls/side/mossy_cobblestone/7", "weight":20, "uvlock": true, "y": 90 },
				{ "model": "block/snowy_walls/side/mossy_cobblestone/8", "weight":5, "uvlock": true, "y": 90 }
      ]
    },
    { "when": { "south": "low" },
      "apply": [
        { "model": "block/snowy_walls/side/mossy_cobblestone/0", "weight":30, "uvlock": true, "y": 180 },
				{ "model": "block/snowy_walls/side/mossy_cobblestone/1", "weight":20, "uvlock": true, "y": 180 },
				{ "model": "block/snowy_walls/side/mossy_cobblestone/2", "weight":20, "uvlock": true, "y": 180 },
				{ "model": "block/snowy_walls/side/mossy_cobblestone/3", "weight":20, "uvlock": true, "y": 180 },
				{ "model": "block/snowy_walls/side/mossy_cobblestone/4", "weight":40, "uvlock": true, "y": 180 },
				{ "model": "block/snowy_walls/side/mossy_cobblestone/5", "weight":20, "uvlock": true, "y": 180 },
				{ "model": "block/snowy_walls/side/mossy_cobblestone/6", "weight":5, "uvlock": true, "y": 180 },
				{ "model": "block/snowy_walls/side/mossy_cobblestone/7", "weight":20, "uvlock": true, "y": 180 },
				{ "model": "block/snowy_walls/side/mossy_cobblestone/8", "weight":5, "uvlock": true, "y": 180 }
      ]
    },
    { "when": { "west": "low" },
      "apply": [
        { "model": "block/snowy_walls/side/mossy_cobblestone/0", "weight":30, "uvlock": true, "y": 270 },
				{ "model": "block/snowy_walls/side/mossy_cobblestone/1", "weight":20, "uvlock": true, "y": 270 },
				{ "model": "block/snowy_walls/side/mossy_cobblestone/2", "weight":20, "uvlock": true, "y": 270 },
				{ "model": "block/snowy_walls/side/mossy_cobblestone/3", "weight":20, "uvlock": true, "y": 270 },
				{ "model": "block/snowy_walls/side/mossy_cobblestone/4", "weight":40, "uvlock": true, "y": 270 },
				{ "model": "block/snowy_walls/side/mossy_cobblestone/5", "weight":20, "uvlock": true, "y": 270 },
				{ "model": "block/snowy_walls/side/mossy_cobblestone/6", "weight":5, "uvlock": true, "y": 270 },
				{ "model": "block/snowy_walls/side/mossy_cobblestone/7", "weight":20, "uvlock": true, "y": 270 },
				{ "model": "block/snowy_walls/side/mossy_cobblestone/8", "weight":5, "uvlock": true, "y": 270 }
      ]
    },
    { "when": { "north": "tall" },
      "apply": [
        { "model": "block/mossy_cobblestone/wall/side_tall/0", "weight":30, "uvlock": true },
				{ "model": "block/mossy_cobblestone/wall/side_tall/1", "weight":20, "uvlock": true },
				{ "model": "block/mossy_cobblestone/wall/side_tall/2", "weight":20, "uvlock": true },
				{ "model": "block/mossy_cobblestone/wall/side_tall/3", "weight":20, "uvlock": true },
				{ "model": "block/mossy_cobblestone/wall/side_tall/4", "weight":40, "uvlock": true },
				{ "model": "block/mossy_cobblestone/wall/side_tall/5", "weight":20, "uvlock": true },
				{ "model": "block/mossy_cobblestone/wall/side_tall/6", "weight":5, "uvlock": true },
				{ "model": "block/mossy_cobblestone/wall/side_tall/7", "weight":20, "uvlock": true },
				{ "model": "block/mossy_cobblestone/wall/side_tall/8", "weight":5, "uvlock": true }
      ]
    },
    { "when": { "east": "tall" },
      "apply": [
        { "model": "block/mossy_cobblestone/wall/side_tall/0", "weight":30, "uvlock": true, "y": 90 },
				{ "model": "block/mossy_cobblestone/wall/side_tall/1", "weight":20, "uvlock": true, "y": 90 },
				{ "model": "block/mossy_cobblestone/wall/side_tall/2", "weight":20, "uvlock": true, "y": 90 },
				{ "model": "block/mossy_cobblestone/wall/side_tall/3", "weight":20, "uvlock": true, "y": 90 },
				{ "model": "block/mossy_cobblestone/wall/side_tall/4", "weight":40, "uvlock": true, "y": 90 },
				{ "model": "block/mossy_cobblestone/wall/side_tall/5", "weight":20, "uvlock": true, "y": 90 },
				{ "model": "block/mossy_cobblestone/wall/side_tall/6", "weight":5, "uvlock": true, "y": 90 },
				{ "model": "block/mossy_cobblestone/wall/side_tall/7", "weight":20, "uvlock": true, "y": 90 },
				{ "model": "block/mossy_cobblestone/wall/side_tall/8", "weight":5, "uvlock": true, "y": 90 }
      ]
    },
    { "when": { "south": "tall" },
      "apply": [
        { "model": "block/mossy_cobblestone/wall/side_tall/0", "weight":30, "uvlock": true, "y": 180 },
				{ "model": "block/mossy_cobblestone/wall/side_tall/1", "weight":20, "uvlock": true, "y": 180 },
				{ "model": "block/mossy_cobblestone/wall/side_tall/2", "weight":20, "uvlock": true, "y": 180 },
				{ "model": "block/mossy_cobblestone/wall/side_tall/3", "weight":20, "uvlock": true, "y": 180 },
				{ "model": "block/mossy_cobblestone/wall/side_tall/4", "weight":40, "uvlock": true, "y": 180 },
				{ "model": "block/mossy_cobblestone/wall/side_tall/5", "weight":20, "uvlock": true, "y": 180 },
				{ "model": "block/mossy_cobblestone/wall/side_tall/6", "weight":5, "uvlock": true, "y": 180 },
				{ "model": "block/mossy_cobblestone/wall/side_tall/7", "weight":20, "uvlock": true, "y": 180 },
				{ "model": "block/mossy_cobblestone/wall/side_tall/8", "weight":5, "uvlock": true, "y": 180 }
      ]
    },
    { "when": { "west": "tall" },
      "apply": [
        { "model": "block/mossy_cobblestone/wall/side_tall/0", "weight":30, "uvlock": true, "y": 270 },
				{ "model": "block/mossy_cobblestone/wall/side_tall/1", "weight":20, "uvlock": true, "y": 270 },
				{ "model": "block/mossy_cobblestone/wall/side_tall/2", "weight":20, "uvlock": true, "y": 270 },
				{ "model": "block/mossy_cobblestone/wall/side_tall/3", "weight":20, "uvlock": true, "y": 270 },
				{ "model": "block/mossy_cobblestone/wall/side_tall/4", "weight":40, "uvlock": true, "y": 270 },
				{ "model": "block/mossy_cobblestone/wall/side_tall/5", "weight":20, "uvlock": true, "y": 270 },
				{ "model": "block/mossy_cobblestone/wall/side_tall/6", "weight":5, "uvlock": true, "y": 270 },
				{ "model": "block/mossy_cobblestone/wall/side_tall/7", "weight":20, "uvlock": true, "y": 270 },
				{ "model": "block/mossy_cobblestone/wall/side_tall/8", "weight":5, "uvlock": true, "y": 270 }
      ]
    }
  ]
}