{
  "multipart": [
    { "when": { "up": "true", "north": "none|low", "east": "none|low", "south": "none|low", "west": "none|low" },
			"apply": [
				{ "model": "block/snowy_walls/post/polished_deepslate/0" },
				{ "model": "block/snowy_walls/post/polished_deepslate/1" },
				{ "model": "block/snowy_walls/post/polished_deepslate/2" },
				{ "model": "block/snowy_walls/post/polished_deepslate/3" },
				{ "model": "block/snowy_walls/post/polished_deepslate/4" }
			]
		},
		{ "when": { "up": "true", "north": "none|tall", "east": "none|tall", "south": "none|tall", "west": "none|tall" },
			"apply": [
				{ "model": "block/deepslate/polished/wall/post/0" },
				{ "model": "block/deepslate/polished/wall/post/1" },
				{ "model": "block/deepslate/polished/wall/post/2" },
				{ "model": "block/deepslate/polished/wall/post/3" },
				{ "model": "block/deepslate/polished/wall/post/4" }
			]
		},
    { "when": { "north": "low" },
      "apply": [
				{ "model": "block/snowy_walls/side/polished_deepslate/0", "uvlock": true },
				{ "model": "block/snowy_walls/side/polished_deepslate/1", "uvlock": true },
				{ "model": "block/snowy_walls/side/polished_deepslate/2", "uvlock": true },
				{ "model": "block/snowy_walls/side/polished_deepslate/3", "uvlock": true },
				{ "model": "block/snowy_walls/side/polished_deepslate/4", "uvlock": true }
      ]
    },
    { "when": { "east": "low" },
      "apply": [
				{ "model": "block/snowy_walls/side/polished_deepslate/0", "uvlock": true, "y": 90 },
				{ "model": "block/snowy_walls/side/polished_deepslate/1", "uvlock": true, "y": 90 },
				{ "model": "block/snowy_walls/side/polished_deepslate/2", "uvlock": true, "y": 90 },
				{ "model": "block/snowy_walls/side/polished_deepslate/3", "uvlock": true, "y": 90 },
				{ "model": "block/snowy_walls/side/polished_deepslate/4", "uvlock": true, "y": 90 }
      ]
    },
    { "when": { "south": "low" },
      "apply": [
				{ "model": "block/snowy_walls/side/polished_deepslate/0", "uvlock": true, "y": 180 },
				{ "model": "block/snowy_walls/side/polished_deepslate/1", "uvlock": true, "y": 180 },
				{ "model": "block/snowy_walls/side/polished_deepslate/2", "uvlock": true, "y": 180 },
				{ "model": "block/snowy_walls/side/polished_deepslate/3", "uvlock": true, "y": 180 },
				{ "model": "block/snowy_walls/side/polished_deepslate/4", "uvlock": true, "y": 180 }
      ]
    },
    { "when": { "west": "low" },
      "apply": [
				{ "model": "block/snowy_walls/side/polished_deepslate/0", "uvlock": true, "y": 270 },
				{ "model": "block/snowy_walls/side/polished_deepslate/1", "uvlock": true, "y": 270 },
				{ "model": "block/snowy_walls/side/polished_deepslate/2", "uvlock": true, "y": 270 },
				{ "model": "block/snowy_walls/side/polished_deepslate/3", "uvlock": true, "y": 270 },
				{ "model": "block/snowy_walls/side/polished_deepslate/4", "uvlock": true, "y": 270 }
      ]
    },
    { "when": { "north": "tall" },
      "apply": [
				{ "model": "block/deepslate/polished/wall/side_tall/0", "uvlock": true },
				{ "model": "block/deepslate/polished/wall/side_tall/1", "uvlock": true },
				{ "model": "block/deepslate/polished/wall/side_tall/2", "uvlock": true },
				{ "model": "block/deepslate/polished/wall/side_tall/3", "uvlock": true },
				{ "model": "block/deepslate/polished/wall/side_tall/4", "uvlock": true }
      ]
    },
    { "when": { "east": "tall" },
      "apply": [
				{ "model": "block/deepslate/polished/wall/side_tall/0", "uvlock": true, "y": 90 },
				{ "model": "block/deepslate/polished/wall/side_tall/1", "uvlock": true, "y": 90 },
				{ "model": "block/deepslate/polished/wall/side_tall/2", "uvlock": true, "y": 90 },
				{ "model": "block/deepslate/polished/wall/side_tall/3", "uvlock": true, "y": 90 },
				{ "model": "block/deepslate/polished/wall/side_tall/4", "uvlock": true, "y": 90 }
      ]
    },
    { "when": { "south": "tall" },
      "apply": [
				{ "model": "block/deepslate/polished/wall/side_tall/0", "uvlock": true, "y": 180 },
				{ "model": "block/deepslate/polished/wall/side_tall/1", "uvlock": true, "y": 180 },
				{ "model": "block/deepslate/polished/wall/side_tall/2", "uvlock": true, "y": 180 },
				{ "model": "block/deepslate/polished/wall/side_tall/3", "uvlock": true, "y": 180 },
				{ "model": "block/deepslate/polished/wall/side_tall/4", "uvlock": true, "y": 180 }
      ]
    },
    { "when": { "west": "tall" },
      "apply": [
				{ "model": "block/deepslate/polished/wall/side_tall/0", "uvlock": true, "y": 270 },
				{ "model": "block/deepslate/polished/wall/side_tall/1", "uvlock": true, "y": 270 },
				{ "model": "block/deepslate/polished/wall/side_tall/2", "uvlock": true, "y": 270 },
				{ "model": "block/deepslate/polished/wall/side_tall/3", "uvlock": true, "y": 270 },
				{ "model": "block/deepslate/polished/wall/side_tall/4", "uvlock": true, "y": 270 }
      ]
    }
  ]
}