{
  "multipart": [
    { "when": { "up": "true", "north": "none|low", "east": "none|low", "south": "none|low", "west": "none|low" },
			"apply": [
				{ "model": "block/snowy_walls/post/prismarine/0" }
			]
		},
		{ "when": { "up": "true", "north": "none|tall", "east": "none|tall", "south": "none|tall", "west": "none|tall" },
			"apply": [
				{ "model": "block/prismarine_wall_post" }
			]
		},
    { "when": { "north": "low" },
      "apply": [
				{ "model": "block/snowy_walls/side/prismarine/0", "uvlock": true }
      ]
    },
    { "when": { "east": "low" },
      "apply": [
				{ "model": "block/snowy_walls/side/prismarine/0", "uvlock": true, "y": 90 }
      ]
    },
    { "when": { "south": "low" },
      "apply": [
				{ "model": "block/snowy_walls/side/prismarine/0", "uvlock": true, "y": 180 }
      ]
    },
    { "when": { "west": "low" },
      "apply": [
				{ "model": "block/snowy_walls/side/prismarine/0", "uvlock": true, "y": 270 }
      ]
    },
    { "when": { "north": "tall" },
      "apply": [
				{ "model": "block/prismarine_wall_side_tall", "uvlock": true }
      ]
    },
    { "when": { "east": "tall" },
      "apply": [
				{ "model": "block/prismarine_wall_side_tall", "uvlock": true, "y": 90 }
      ]
    },
    { "when": { "south": "tall" },
      "apply": [
				{ "model": "block/prismarine_wall_side_tall", "uvlock": true, "y": 180 }
      ]
    },
    { "when": { "west": "tall" },
      "apply": [
				{ "model": "block/prismarine_wall_side_tall", "uvlock": true, "y": 270 }
      ]
    }
  ]
}