{
	"credit": "Made by Tyken132",
	"textures": {
		"0": "block/oak_planks",
		"particle": "block/oak_planks"
	},
	"elements": [
		{
			"from": [0, 0, 0],
			"to": [16, 0.5, 16],
			"faces": {
				"north": {"uv": [0, 0, 16, 3], "texture": "#0"},
				"east": {"uv": [0, 0, 16, 2], "texture": "#0"},
				"south": {"uv": [0, 0, 16, 3], "texture": "#0"},
				"west": {"uv": [0, 0, 15.5, 1.5], "texture": "#0"},
				"up": {"uv": [0, 0, 16, 16], "texture": "#0"},
				"down": {"uv": [0, 0, 16, 16], "texture": "#0"}
			}
		}
	],
	"display": {
		"thirdperson_righthand": {
			"rotation": [51, 43, 0],
			"translation": [0, 5.25, 4.5],
			"scale": [0.3, 1, 0.3]
		},
		"thirdperson_lefthand": {
			"rotation": [51, 43, 0],
			"translation": [0, 5.25, 4.5],
			"scale": [0.3, 1, 0.3]
		},
		"firstperson_righthand": {
			"rotation": [14, -48, 0],
			"translation": [13.25, 0, -11.25],
			"scale": [0.7, 1, 0.7]
		},
		"firstperson_lefthand": {
			"rotation": [14, -48, 0],
			"translation": [13.25, 0, -11.25],
			"scale": [0.7, 1, 0.7]
		},
		"ground": {
			"translation": [0, 4.5, 0],
			"scale": [0.5, 1, 0.5]
		},
		"gui": {
			"rotation": [32, 45, 1],
			"translation": [0, 5, 0],
			"scale": [0.5, 1, 0.5]
		},
		"head": {
			"translation": [0, 14, 0]
		},
		"fixed": {
			"translation": [0, 3.5, 1.75],
			"scale": [0.6, 1, 0.6]
		}
	}
}