{
	"credit": "Made by WantedRobot",
	"parent": "block/block",
	"textures": {
		"particle": "#all"
	},
	"elements": [
		{
			"from": [0, -3, 0],
			"to": [16, 0, 16],
			"rotation": {"angle": 0, "axis": "y", "origin": [8, 5, 8]},
			"faces": {
				"north": {"uv": [0, 0, 16, 3], "texture": "#all", "cullface": "down", "tintindex": 0},
				"east": {"uv": [0, 0, 16, 3], "texture": "#all", "cullface": "down", "tintindex": 0},
				"south": {"uv": [0, 0, 16, 3], "texture": "#all", "cullface": "down", "tintindex": 0},
				"west": {"uv": [0, 0, 16, 3], "texture": "#all", "cullface": "down", "tintindex": 0},
				"down": {"uv": [0, 0, 16, 16], "texture": "#all", "cullface": "down", "tintindex": 0}
			}
		}
	],
	"groups": [
		{
			"name": "bottom_3",
			"origin": [8, 8, 8],
			"children": [0]
		}
	]
}