{
	"credit": "Made by Joanarr with Blockbench",
	"textures": {
		"1": "item/redstone_dust_cross",
		"2": "item/redstone_dust_line0",
		"2_1": "item/redstone_dust_cross",
		"particle": "item/redstone_dust_cross",
		"1_1": "item/redstone_dust_dot",
		"3_1": "item/redstone_dust_dot"
	},
	"elements": [
		{
			"from": [13, 1, 0],
			"to": [14.5, 17, 1.5],
			"faces": {
				"north": {"uv": [5, 0, 6.5, 16], "texture": "#2"},
				"east": {"uv": [5, 0, 6.5, 16], "rotation": 180, "texture": "#2"},
				"south": {"uv": [5, 0, 6.5, 16], "rotation": 180, "texture": "#2"},
				"west": {"uv": [5, 0, 6.5, 16], "rotation": 180, "texture": "#2"},
				"up": {"uv": [5, 14.5, 6.5, 16], "rotation": 180, "texture": "#2"},
				"down": {"uv": [5, 0, 6.5, 1.5], "texture": "#2"}
			}
		},
		{
			"from": [8.5, 1, 0],
			"to": [10, 17, 1.5],
			"faces": {
				"north": {"uv": [9.5, 0, 11, 16], "texture": "#2"},
				"east": {"uv": [9.5, 0, 11, 16], "rotation": 180, "texture": "#2"},
				"south": {"uv": [9.5, 0, 11, 16], "rotation": 180, "texture": "#2"},
				"west": {"uv": [9.5, 0, 11, 16], "rotation": 180, "texture": "#2"},
				"up": {"uv": [9.5, 14.5, 11, 16], "rotation": 180, "texture": "#2"},
				"down": {"uv": [9.5, 0, 11, 1.5], "texture": "#2"}
			}
		},
		{
			"from": [10, 0.5, 0],
			"to": [13, 16.5, 0.5],
			"faces": {
				"north": {"uv": [6.5, 0, 9.5, 16], "texture": "#2", "tintindex": 0},
				"east": {"uv": [0, 0, 0, 0], "rotation": 270, "texture": "#2"},
				"south": {"uv": [6.5, 0, 9.5, 16], "rotation": 180, "texture": "#2", "tintindex": 0},
				"west": {"uv": [0, 0, 0, 0], "rotation": 90, "texture": "#2"},
				"up": {"uv": [6.5, 15.5, 9.5, 16], "rotation": 180, "texture": "#2", "tintindex": 0},
				"down": {"uv": [6.5, 0, 9.5, 0.5], "rotation": 180, "texture": "#2", "tintindex": 0}
			}
		},
		{
			"from": [10, 0, 0],
			"to": [13, 0.5, 5],
			"faces": {
				"north": {"uv": [0, 6.5, 0.5, 9.5], "rotation": 270, "texture": "#1", "tintindex": 0},
				"east": {"uv": [6.5, 0, 9.5, 0.5], "rotation": 180, "texture": "#1", "tintindex": 0},
				"south": {"uv": [0, 0, 0, 0], "texture": "#1"},
				"west": {"uv": [6.5, 15.5, 9.5, 16], "texture": "#1", "tintindex": 0},
				"up": {"uv": [0, 6.5, 5, 9.5], "rotation": 90, "texture": "#1", "tintindex": 0},
				"down": {"uv": [0, 6.5, 6.5, 9.5], "rotation": 90, "texture": "#1", "tintindex": 0}
			}
		},
		{
			"from": [8.5, 0, 0],
			"to": [10, 1, 5],
			"faces": {
				"north": {"uv": [9.5, 0.5, 11, 1.5], "texture": "#1"},
				"east": {"uv": [5, 10, 0, 11], "texture": "#1"},
				"south": {"uv": [9.5, 15, 11, 16], "texture": "#1"},
				"west": {"uv": [0, 10, 5, 11], "texture": "#1"},
				"up": {"uv": [0, 9.5, 5, 11], "rotation": 90, "texture": "#1"},
				"down": {"uv": [9.5, 0, 11, 5], "rotation": 180, "texture": "#1"}
			}
		},
		{
			"from": [13, 0, 0],
			"to": [14.5, 1, 5],
			"faces": {
				"north": {"uv": [0, 5.5, 1.5, 6.5], "texture": "#1"},
				"east": {"uv": [5, 5.5, 0, 6.5], "texture": "#1"},
				"south": {"uv": [5, 5.5, 6.5, 6.5], "texture": "#1"},
				"west": {"uv": [0, 5.5, 5, 6.5], "texture": "#1"},
				"up": {"uv": [0, 9.5, 5, 11], "rotation": 90, "texture": "#1"},
				"down": {"uv": [9.5, 0, 11, 5], "rotation": 180, "texture": "#1"}
			}
		},
		{
			"from": [10, 0, 11],
			"to": [13, 0.5, 16],
			"faces": {
				"north": {"uv": [0, 0, 0, 0], "texture": "#2_1"},
				"east": {"uv": [6.5, 15.5, 9.5, 16], "texture": "#2_1", "tintindex": 0},
				"south": {"uv": [0, 6.5, 0.5, 9.5], "rotation": 270, "texture": "#2_1", "tintindex": 0},
				"west": {"uv": [6.5, 0, 9.5, 0.5], "rotation": 180, "texture": "#2_1", "tintindex": 0},
				"up": {"uv": [11, 6.5, 16, 9.5], "rotation": 270, "texture": "#2_1", "tintindex": 0},
				"down": {"uv": [0, 6.5, 6.5, 9.5], "rotation": 270, "texture": "#2_1", "tintindex": 0}
			}
		},
		{
			"from": [13, 0, 11],
			"to": [14.5, 1, 16],
			"faces": {
				"north": {"uv": [9.5, 15, 11, 16], "texture": "#2_1"},
				"east": {"uv": [0, 10, 5, 11], "texture": "#2_1"},
				"south": {"uv": [9.5, 0.5, 11, 1.5], "texture": "#2_1"},
				"west": {"uv": [5, 10, 0, 11], "texture": "#2_1"},
				"up": {"uv": [0, 9.5, 5, 11], "rotation": 270, "texture": "#2_1"},
				"down": {"uv": [9.5, 0, 11, 5], "texture": "#2_1"}
			}
		},
		{
			"from": [8.5, 0, 11],
			"to": [10, 1, 16],
			"faces": {
				"north": {"uv": [5, 5.5, 6.5, 6.5], "texture": "#2_1"},
				"east": {"uv": [0, 5.5, 5, 6.5], "texture": "#2_1"},
				"south": {"uv": [0, 5.5, 1.5, 6.5], "texture": "#2_1"},
				"west": {"uv": [5, 5.5, 0, 6.5], "texture": "#2_1"},
				"up": {"uv": [0, 5, 5, 6.5], "rotation": 270, "texture": "#2_1"},
				"down": {"uv": [0, 5, 5, 6.5], "rotation": 90, "texture": "#2_1"}
			}
		},
		{
			"from": [8.5, 0, 5],
			"to": [10, 1, 11],
			"faces": {
				"north": {"uv": [5, 5.5, 6.5, 6.5], "texture": "#1_1"},
				"east": {"uv": [5.5, 5, 6.5, 11], "rotation": 90, "texture": "#1_1"},
				"south": {"uv": [5, 10, 6.5, 11], "texture": "#1_1"},
				"west": {"uv": [5, 5, 6, 11], "rotation": 270, "texture": "#1_1"},
				"up": {"uv": [5, 5, 6.5, 11], "texture": "#1_1"},
				"down": {"uv": [5, 5, 6.5, 11], "texture": "#1_1"}
			}
		},
		{
			"from": [13, 0, 5],
			"to": [14.5, 1, 11],
			"faces": {
				"north": {"uv": [9.5, 5.5, 11, 6.5], "texture": "#1_1"},
				"east": {"uv": [10, 5, 11, 11], "rotation": 90, "texture": "#1_1"},
				"south": {"uv": [9.5, 10, 11, 11], "texture": "#1_1"},
				"west": {"uv": [9.5, 5, 10.5, 11], "rotation": 270, "texture": "#1_1"},
				"up": {"uv": [9.5, 5, 11, 11], "texture": "#1_1"},
				"down": {"uv": [9.5, 5, 11, 11], "texture": "#1_1"}
			}
		},
		{
			"from": [8.5, 0, 9.5],
			"to": [14.5, 1, 11],
			"faces": {
				"north": {"uv": [5, 10, 11, 11], "texture": "#1_1"},
				"east": {"uv": [10, 9.5, 11, 11], "rotation": 90, "texture": "#1_1"},
				"south": {"uv": [5, 10, 11, 11], "texture": "#1_1"},
				"west": {"uv": [5, 9.5, 6, 11], "rotation": 270, "texture": "#1_1"},
				"up": {"uv": [5, 9.5, 11, 11], "texture": "#1_1"},
				"down": {"uv": [5, 9.5, 11, 11], "texture": "#1_1"}
			}
		},
		{
			"from": [8.5, 0, 5],
			"to": [14.5, 1, 6.5],
			"faces": {
				"north": {"uv": [5, 5.5, 11, 6.5], "texture": "#1_1"},
				"east": {"uv": [10, 5, 11, 6.5], "rotation": 90, "texture": "#1_1"},
				"south": {"uv": [5, 5.5, 11, 6.5], "texture": "#1_1"},
				"west": {"uv": [5, 5, 6, 6.5], "rotation": 270, "texture": "#1_1"},
				"up": {"uv": [5, 5, 11, 6.5], "texture": "#1_1"},
				"down": {"uv": [5, 5, 11, 6.5], "texture": "#1_1"}
			}
		},
		{
			"from": [10, 0, 6.5],
			"to": [13, 0.5, 9.5],
			"faces": {
				"up": {"uv": [6.5, 6.5, 9.5, 9.5], "texture": "#1_1", "tintindex": 0},
				"down": {"uv": [6.5, 6.5, 9.5, 9.5], "texture": "#1_1", "tintindex": 0}
			}
		},
		{
			"from": [1.5, 0, 5],
			"to": [3, 1, 11],
			"faces": {
				"north": {"uv": [5, 5.5, 6.5, 6.5], "texture": "#3_1"},
				"east": {"uv": [5.5, 5, 6.5, 11], "rotation": 90, "texture": "#3_1"},
				"south": {"uv": [5, 10, 6.5, 11], "texture": "#3_1"},
				"west": {"uv": [5, 5, 6, 11], "rotation": 270, "texture": "#3_1"},
				"up": {"uv": [5, 5, 6.5, 11], "texture": "#3_1"},
				"down": {"uv": [5, 5, 6.5, 11], "texture": "#3_1"}
			}
		},
		{
			"from": [6, 0, 5],
			"to": [7.5, 1, 11],
			"faces": {
				"north": {"uv": [9.5, 5.5, 11, 6.5], "texture": "#3_1"},
				"east": {"uv": [10, 5, 11, 11], "rotation": 90, "texture": "#3_1"},
				"south": {"uv": [9.5, 10, 11, 11], "texture": "#3_1"},
				"west": {"uv": [9.5, 5, 10.5, 11], "rotation": 270, "texture": "#3_1"},
				"up": {"uv": [9.5, 5, 11, 11], "texture": "#3_1"},
				"down": {"uv": [9.5, 5, 11, 11], "texture": "#3_1"}
			}
		},
		{
			"from": [1.5, 0, 9.5],
			"to": [7.5, 1, 11],
			"faces": {
				"north": {"uv": [5, 10, 11, 11], "texture": "#3_1"},
				"east": {"uv": [10, 9.5, 11, 11], "rotation": 90, "texture": "#3_1"},
				"south": {"uv": [5, 10, 11, 11], "texture": "#3_1"},
				"west": {"uv": [5, 9.5, 6, 11], "rotation": 270, "texture": "#3_1"},
				"up": {"uv": [5, 9.5, 11, 11], "texture": "#3_1"},
				"down": {"uv": [5, 9.5, 11, 11], "texture": "#3_1"}
			}
		},
		{
			"from": [1.5, 0, 5],
			"to": [7.5, 1, 6.5],
			"faces": {
				"north": {"uv": [5, 5.5, 11, 6.5], "texture": "#3_1"},
				"east": {"uv": [10, 5, 11, 6.5], "rotation": 90, "texture": "#3_1"},
				"south": {"uv": [5, 5.5, 11, 6.5], "texture": "#3_1"},
				"west": {"uv": [5, 5, 6, 6.5], "rotation": 270, "texture": "#3_1"},
				"up": {"uv": [5, 5, 11, 6.5], "texture": "#3_1"},
				"down": {"uv": [5, 5, 11, 6.5], "texture": "#3_1"}
			}
		},
		{
			"from": [3, 0, 6.5],
			"to": [6, 0.5, 9.5],
			"faces": {
				"up": {"uv": [6.5, 6.5, 9.5, 9.5], "texture": "#3_1", "tintindex": 0},
				"down": {"uv": [6.5, 6.5, 9.5, 9.5], "texture": "#3_1", "tintindex": 0}
			}
		}
	],
	"display": {
		"thirdperson_righthand": {
			"rotation": [-20, 0, 0],
			"translation": [0, 2, 0],
			"scale": [0.3, 0.3, 0.3]
		},
		"thirdperson_lefthand": {
			"rotation": [-20, 0, 0],
			"translation": [0, 2, 0],
			"scale": [-0.3, 0.3, 0.3]
		},
		"firstperson_righthand": {
			"rotation": [0, -45, 0],
			"translation": [0, 2.5, 0],
			"scale": [0.4, 0.4, 0.4]
		},
		"firstperson_lefthand": {
			"rotation": [0, -45, 0],
			"translation": [0, 2.5, 0],
			"scale": [-0.4, 0.4, 0.4]
		},
		"ground": {
			"rotation": [-45, 0, 0],
			"translation": [0, 3, 0],
			"scale": [0.3, 0.3, 0.3]
		},
		"gui": {
			"rotation": [30, 45, 0],
			"translation": [0, -0.5, 0],
			"scale": [0.7, 0.7, 0.7]
		},
		"head": {
			"rotation": [90, 0, 0]
		},
		"fixed": {
			"rotation": [90, 180, 0],
			"translation": [0, 0, 7]
		}
	},
	"groups": [0, 1, 2,
		{
			"name": "redstone_dust_side",
			"children": [3, 4, 5]
		},
		{
			"name": "redstone_dust_side_alt",
			"children": [6, 7, 8,
				{
					"name": "redstone_dust_dot",
					"children": [9, 10, 11, 12, 13]
				}
			]
		},
		{
			"name": "redstone_dust_dot",
			"children": [14, 15, 16, 17, 18]
		}
	]
}