{
	"elements": [
		{
			"name": "Bottom",
			"from": [4, 5.75, 1],
			"to": [12, 7.25, 15],
			"faces": {
				"north": {"uv": [0, 0.75, 0.75, 4.75], "rotation": 90, "texture": "#boat"},
				"east": {"uv": [7.75, 0, 14.75, 0.75], "texture": "#boat"},
				"south": {"uv": [7.75, 0.75, 8.5, 4.75], "rotation": 90, "texture": "#boat"},
				"west": {"uv": [0.75, 0, 7.75, 0.75], "texture": "#boat"},
				"up": {"uv": [8.5, 0.75, 15.5, 4.75], "rotation": 90, "texture": "#boat"},
				"down": {"uv": [0.75, 0.75, 7.75, 4.75], "rotation": 90, "texture": "#boat"}
			}
		},
		{
			"name": "Front",
			"from": [4, 7.25, 0],
			"to": [12, 10.25, 1],
			"faces": {
				"north": {"uv": [0.5, 7.25, 4.5, 8.75], "texture": "#boat"},
				"east": {"uv": [4.5, 7.25, 5, 8.75], "texture": "#boat"},
				"south": {"uv": [5, 7.25, 9, 8.75], "texture": "#boat"},
				"west": {"uv": [0, 7.25, 0.5, 8.75], "texture": "#boat"},
				"up": {"uv": [0.5, 6.75, 4.5, 7.25], "texture": "#boat"},
				"down": {"uv": [4.5, 6.75, 8.5, 7.25], "texture": "#boat"}
			}
		},
		{
			"name": "Back",
			"from": [3.5, 7.25, 15],
			"to": [12.5, 10.25, 16],
			"faces": {
				"north": {"uv": [0.5, 5.25, 5, 6.75], "texture": "#boat"},
				"east": {"uv": [5, 5.25, 5.5, 6.75], "texture": "#boat"},
				"south": {"uv": [5.5, 5.25, 10, 6.75], "texture": "#boat"},
				"west": {"uv": [0, 5.25, 0.5, 6.75], "texture": "#boat"},
				"up": {"uv": [0.5, 4.75, 5, 5.25], "texture": "#boat"},
				"down": {"uv": [5, 4.75, 9.5, 5.25], "texture": "#boat"}
			}
		},
		{
			"name": "Left",
			"from": [3, 7.25, 1],
			"to": [4, 10.25, 15],
			"faces": {
				"north": {"uv": [0, 9.25, 0.5, 10.75], "texture": "#boat"},
				"east": {"uv": [8, 9.25, 15, 10.75], "texture": "#boat"},
				"south": {"uv": [7.5, 9.25, 8, 10.75], "texture": "#boat"},
				"west": {"uv": [0.5, 9.25, 7.5, 10.75], "texture": "#boat"},
				"up": {"uv": [0.5, 8.75, 7.5, 9.25], "rotation": 270, "texture": "#boat"},
				"down": {"uv": [7.5, 8.75, 14.5, 9.25], "rotation": 270, "texture": "#boat"}
			}
		},
		{
			"name": "Right",
			"from": [12, 7.25, 1],
			"to": [13, 10.25, 15],
			"faces": {
				"north": {"uv": [0, 11.25, 0.5, 12.75], "texture": "#boat"},
				"east": {"uv": [8, 11.25, 15, 12.75], "texture": "#boat"},
				"south": {"uv": [7.5, 11.25, 8, 12.75], "texture": "#boat"},
				"west": {"uv": [0.5, 11.25, 7.5, 12.75], "texture": "#boat"},
				"up": {"uv": [0.5, 10.75, 7.5, 11.25], "rotation": 270, "texture": "#boat"},
				"down": {"uv": [7.5, 10.75, 14.5, 11.25], "rotation": 270, "texture": "#boat"}
			}
		},
		{
			"name": "Chest",
			"from": [5, 7, 9],
			"to": [11, 11, 15],
			"faces": {
				"north": {"uv": [0, 7.25, 3, 9.25], "texture": "#chest"},
				"east": {"uv": [0, 7.25, 3, 9.25], "texture": "#chest"},
				"south": {"uv": [0, 7.25, 3, 9.25], "texture": "#chest"},
				"west": {"uv": [0, 7.25, 3, 9.25], "texture": "#chest"},
				"up": {"uv": [3, 4.25, 6, 7.25], "texture": "#chest"}
			}
		},
		{
			"name": "Chest",
			"from": [5, 11, 9],
			"to": [11, 13.5, 15],
			"faces": {
				"north": {"uv": [0, 3, 3, 4.25], "texture": "#chest"},
				"east": {"uv": [0, 3, 3, 4.25], "texture": "#chest"},
				"south": {"uv": [0, 3, 3, 4.25], "texture": "#chest"},
				"west": {"uv": [0, 3, 3, 4.25], "texture": "#chest"},
				"up": {"uv": [3, 0, 6, 3], "texture": "#chest"},
				"down": {"uv": [0, 3, 3, 4.25], "texture": "#chest"}
			}
		},
		{
			"name": "Chest",
			"from": [7.5, 10, 8.5],
			"to": [8.5, 12, 9],
			"faces": {
				"north": {"uv": [0.25, 0.25, 0.75, 1.25], "texture": "#chest"},
				"east": {"uv": [0.25, 0.25, 0, 1.25], "texture": "#chest"},
				"south": {"uv": [0.25, 0.25, 0.75, 1.25], "texture": "#chest"},
				"west": {"uv": [1.5, 0.25, 1.25, 1.25], "texture": "#chest"},
				"up": {"uv": [0.25, 0.25, 0.75, 0], "rotation": 180, "texture": "#chest"},
				"down": {"uv": [1.25, 0.25, 0.75, 0], "texture": "#chest"}
			}
		}
	],
	"display": {
		"thirdperson_righthand": {
			"rotation": [75, 45, 0],
			"translation": [0, 2.5, 0],
			"scale": [0.375, 0.375, 0.375]
		},
		"firstperson_righthand": {
			"rotation": [0, 45, 0],
			"scale": [0.5, 0.5, 0.5]
		},
		"firstperson_lefthand": {
			"rotation": [0, 225, 0],
			"scale": [0.5, 0.5, 0.5]
		},
		"ground": {
			"translation": [0, 3, 0],
			"scale": [0.5, 0.5, 0.5]
		},
		"gui": {
			"rotation": [30, 225, 0],
			"scale": [0.825, 0.825, 0.825]
		},
		"fixed": {
			"scale": [0.5, 0.5, 0.5]
		}
	}
}