{
	"credit": "Made with Blockbench",
	"textures": {
		"0": "block/smoker_bottom",
		"1": "block/smoker_front",
		"2": "block/smoker_side",
		"3": "block/smoker_top",
		"4": "block/smoker_inside",
		"particle": "block/smoker_bottom"
	},
	"elements": [
		{
			"name": "bottom",
			"from": [0, 0, 0],
			"to": [3.5, 4.5, 5],
			"faces": {
				"north": {"uv": [12.5, 11.5, 16, 16], "texture": "#1"},
				"east": {"uv": [12.5, 11.5, 16, 13.5], "texture": "#1"},
				"south": {"uv": [0, 0, 1, 1], "texture": "#missing"},
				"west": {"uv": [0, 11.5, 4, 16], "texture": "#2"},
				"up": {"uv": [12.5, 16, 16, 12], "texture": "#1"},
				"down": {"uv": [0, 12.032, 3.5, 16], "texture": "#0"}
			}
		},
		{
			"name": "bottom",
			"from": [12.5, 0, 0],
			"to": [16, 4.5, 5],
			"faces": {
				"north": {"uv": [0, 11.5, 3.5, 16], "texture": "#1"},
				"east": {"uv": [4, 11.5, 0, 16], "texture": "#2"},
				"south": {"uv": [0, 0, 1, 1], "texture": "#missing"},
				"west": {"uv": [0, 11.5, 3.5, 13.5], "texture": "#1"},
				"up": {"uv": [0, 16, 3.5, 12], "texture": "#1"},
				"down": {"uv": [12.532, 12.032, 16, 16], "texture": "#0"}
			}
		},
		{
			"name": "bottom",
			"from": [3.5, 0, 0],
			"to": [12.5, 2.5, 5],
			"faces": {
				"north": {"uv": [3.5, 13.5, 12.5, 16], "texture": "#1"},
				"east": {"uv": [0, 0, 1, 1], "texture": "#missing"},
				"south": {"uv": [0, 0, 1, 1], "texture": "#missing"},
				"west": {"uv": [0, 0, 1, 1], "texture": "#missing"},
				"up": {"uv": [3.5, 13.5, 12.5, 16], "texture": "#1"},
				"down": {"uv": [3, 12, 12, 15.968], "texture": "#0"}
			}
		},
		{
			"from": [14, 5, 0.25],
			"to": [16, 12.25, 5],
			"faces": {
				"north": {"uv": [2, 3.5, 0, 10.75], "texture": "#1"},
				"east": {"uv": [4, 3.719, 0, 11.032], "texture": "#2"},
				"south": {"uv": [0, 0, 1, 1], "texture": "#missing"},
				"west": {"uv": [0, 3.5, 2, 10.75], "texture": "#1"},
				"up": {"uv": [0, 3, 2, 7], "texture": "#1"},
				"down": {"uv": [0, 7.5, 2, 11.5], "texture": "#1"}
			}
		},
		{
			"from": [0, 5, 0.25],
			"to": [2, 12.25, 5],
			"faces": {
				"north": {"uv": [0, 3.5, 2, 10.75], "texture": "#1"},
				"east": {"uv": [0, 10.75, 2, 3.5], "rotation": 180, "texture": "#1"},
				"south": {"uv": [0, 0, 1, 1], "texture": "#missing"},
				"west": {"uv": [0, 3.75, 4, 11], "texture": "#2"},
				"up": {"uv": [0, 3, 2, 7], "texture": "#1"},
				"down": {"uv": [0, 7.5, 2, 11.5], "texture": "#1"}
			}
		},
		{
			"from": [0, 13, 0],
			"to": [16, 16, 5],
			"faces": {
				"north": {"uv": [0, 0, 16, 3.5], "texture": "#1"},
				"east": {"uv": [5, 0, 0, 3], "texture": "#2"},
				"south": {"uv": [0, 0, 1, 1], "texture": "#missing"},
				"west": {"uv": [0, 0, 5, 3], "texture": "#2"},
				"up": {"uv": [0, 0, 16, 5], "texture": "#3"},
				"down": {"uv": [0, 0, 16, 3], "texture": "#1"}
			}
		},
		{
			"from": [0, 12.25, 1.25],
			"to": [16, 13, 5],
			"faces": {
				"north": {"uv": [0, 3, 16, 3.75], "texture": "#1"},
				"east": {"uv": [3.5, 3, 0, 3.75], "texture": "#2"},
				"south": {"uv": [0, 0, 1, 1], "texture": "#missing"},
				"west": {"uv": [0, 3, 3.5, 3.75], "texture": "#2"},
				"up": {"uv": [0, 0, 1, 1], "texture": "#missing"},
				"down": {"uv": [0, 3, 16, 4], "texture": "#1"}
			}
		},
		{
			"from": [0, 4.5, 1],
			"to": [16, 5, 5],
			"faces": {
				"north": {"uv": [0, 11, 16, 11.5], "texture": "#1"},
				"east": {"uv": [3.5, 11, 0, 11.5], "texture": "#2"},
				"south": {"uv": [0, 0, 1, 1], "texture": "#missing"},
				"west": {"uv": [0, 11, 3.5, 11.5], "texture": "#2"},
				"up": {"uv": [0, 3, 16, 6.5], "texture": "#2"},
				"down": {"uv": [0, 13.5, 16, 16], "texture": "#1"}
			}
		},
		{
			"from": [0.25, 5, -6],
			"to": [1.75, 12.25, 6],
			"rotation": {"angle": -22.5, "axis": "y", "origin": [8, 8, 9]},
			"faces": {
				"north": {"uv": [2.188, 3.938, 3.688, 10.907], "texture": "#1"},
				"east": {"uv": [14.032, 3.938, 2.032, 11.188], "texture": "#1"},
				"south": {"uv": [2.5, 4, 4, 10.75], "texture": "#1"},
				"west": {"uv": [2.094, 3.938, 13.469, 10.875], "texture": "#1"},
				"up": {"uv": [2, 9, 12, 10], "rotation": 270, "texture": "#1"},
				"down": {"uv": [2, 9, 11.75, 10.094], "rotation": 90, "texture": "#1"}
			}
		},
		{
			"from": [3.5, 2.5, 4.75],
			"to": [12.5, 4.5, 5],
			"faces": {
				"north": {"uv": [3.5, 11.5, 12.5, 13.5], "texture": "#1"},
				"east": {"uv": [0, 0, 1, 1], "texture": "#missing"},
				"south": {"uv": [0, 0, 1, 1], "texture": "#missing"},
				"west": {"uv": [0, 0, 1, 1], "texture": "#missing"},
				"up": {"uv": [0, 0, 1, 1], "texture": "#missing"},
				"down": {"uv": [0, 0, 1, 1], "texture": "#missing"}
			}
		},
		{
			"from": [0, 0, 5],
			"to": [16, 16, 16],
			"faces": {
				"north": {"uv": [0, 0, 0, 0], "texture": "#missing"},
				"east": {"uv": [0, 0, 11, 16], "texture": "#2"},
				"south": {"uv": [0, 0, 16, 16], "texture": "#2"},
				"west": {"uv": [5, 0, 16, 16], "texture": "#2"},
				"up": {"uv": [0, 5.032, 16, 16], "texture": "#3"},
				"down": {"uv": [0, 0, 16, 11], "texture": "#0"}
			}
		},
		{
			"from": [2, 5, 4],
			"to": [14, 12.25, 4.25],
			"faces": {
				"north": {"uv": [0, 3, 16, 10.5], "texture": "#4"},
				"east": {"uv": [0, 0, 1, 1], "texture": "#missing"},
				"south": {"uv": [0, 0, 1, 1], "texture": "#missing"},
				"west": {"uv": [0, 0, 1, 1], "texture": "#missing"},
				"up": {"uv": [0, 0, 1, 1], "texture": "#missing"},
				"down": {"uv": [0, 0, 1, 1], "texture": "#missing"}
			}
		}
	],
	"display": {
		"thirdperson_righthand": {
			"scale": [0.25, 0.25, 0.25]
		},
		"thirdperson_lefthand": {
			"scale": [0.25, 0.25, 0.25]
		},
		"firstperson_righthand": {
			"scale": [0.25, 0.25, 0.25]
		},
		"firstperson_lefthand": {
			"scale": [0.25, 0.25, 0.25]
		},
		"ground": {
			"scale": [0.25, 0.25, 0.25]
		},
		"gui": {
			"rotation": [16, -145, 0],
			"scale": [0.5, 0.5, 0.5]
		},
		"fixed": {
			"scale": [0.5, 0.5, 0.5]
		}
	}
}