{
	"credit": "Made with Blockbench",
	"parent": "block/block",
	"ambientocclusion": false,
	"textures": {
		"particle": "#0"
	},
	"elements": [
		{
			"name": "Layer 1",
			"from": [0, 0, 0],
			"to": [16, 2, 16],
			"faces": {
				"north": {"uv": [0, 14, 16, 16], "texture": "#0"},
				"east": {"uv": [0, 14, 16, 16], "texture": "#0"},
				"south": {"uv": [0, 14, 16, 16], "texture": "#0"},
				"west": {"uv": [0, 14, 16, 16], "texture": "#0"},
				"up": {"uv": [0, 0, 16, 16], "texture": "#0"},
				"down": {"uv": [0, 0, 16, 16], "texture": "#0"}
			}
		},
		{
			"name": "Layer 2",
			"from": [0, 2, 0],
			"to": [14, 4, 14],
			"faces": {
				"north": {"uv": [2, 12, 16, 14], "texture": "#0"},
				"east": {"uv": [2, 12, 16, 14], "texture": "#0"},
				"south": {"uv": [0, 12, 14, 14], "texture": "#0"},
				"west": {"uv": [0, 12, 14, 14], "texture": "#0"},
				"up": {"uv": [0, 0, 14, 14], "texture": "#0"},
				"down": {"uv": [0, 0, 14, 14], "texture": "#0"}
			}
		},
		{
			"name": "Layer 3",
			"from": [0, 4, 0],
			"to": [12, 6, 12],
			"faces": {
				"north": {"uv": [4, 10, 16, 12], "texture": "#0"},
				"east": {"uv": [4, 10, 16, 12], "texture": "#0"},
				"south": {"uv": [0, 10, 12, 12], "texture": "#0"},
				"west": {"uv": [0, 10, 12, 12], "texture": "#0"},
				"up": {"uv": [0, 0, 12, 12], "texture": "#0"},
				"down": {"uv": [0, 0, 12, 12], "texture": "#0"}
			}
		},
		{
			"name": "Layer 4",
			"from": [0, 6, 0],
			"to": [10, 8, 10],
			"faces": {
				"north": {"uv": [6, 8, 16, 10], "texture": "#0"},
				"east": {"uv": [6, 6, 16, 8], "texture": "#0"},
				"south": {"uv": [0, 8, 10, 10], "texture": "#0"},
				"west": {"uv": [0, 8, 10, 10], "texture": "#0"},
				"up": {"uv": [0, 0, 10, 10], "texture": "#0"},
				"down": {"uv": [0, 0, 10, 10], "texture": "#0"}
			}
		},
		{
			"name": "Layer 5",
			"from": [0, 8, 0],
			"to": [8, 10, 8],
			"faces": {
				"north": {"uv": [8, 6, 16, 8], "texture": "#0"},
				"east": {"uv": [8, 6, 16, 8], "texture": "#0"},
				"south": {"uv": [0, 6, 8, 8], "texture": "#0"},
				"west": {"uv": [0, 6, 8, 8], "texture": "#0"},
				"up": {"uv": [0, 0, 8, 8], "texture": "#0"},
				"down": {"uv": [0, 0, 8, 8], "texture": "#0"}
			}
		},
		{
			"name": "Layer 6",
			"from": [0, 10, 0],
			"to": [6, 12, 6],
			"faces": {
				"north": {"uv": [10, 4, 16, 6], "texture": "#0"},
				"east": {"uv": [10, 4, 16, 6], "texture": "#0"},
				"south": {"uv": [0, 4, 6, 6], "texture": "#0"},
				"west": {"uv": [0, 4, 6, 6], "texture": "#0"},
				"up": {"uv": [0, 0, 6, 6], "texture": "#0"},
				"down": {"uv": [0, 0, 6, 6], "texture": "#0"}
			}
		},
		{
			"name": "Layer 7",
			"from": [0, 12, 0],
			"to": [4, 14, 4],
			"faces": {
				"north": {"uv": [12, 2, 16, 4], "texture": "#0"},
				"east": {"uv": [12, 2, 16, 4], "texture": "#0"},
				"south": {"uv": [0, 2, 4, 4], "texture": "#0"},
				"west": {"uv": [0, 2, 4, 4], "texture": "#0"},
				"up": {"uv": [0, 0, 4, 4], "texture": "#0"},
				"down": {"uv": [0, 0, 4, 4], "texture": "#0"}
			}
		},
		{
			"name": "Layer 8",
			"from": [0, 14, 0],
			"to": [2, 16, 2],
			"faces": {
				"north": {"uv": [14, 0, 16, 2], "texture": "#0"},
				"east": {"uv": [14, 0, 16, 2], "texture": "#0"},
				"south": {"uv": [0, 0, 2, 2], "texture": "#0"},
				"west": {"uv": [0, 0, 2, 2], "texture": "#0"},
				"up": {"uv": [0, 0, 2, 2], "texture": "#0"},
				"down": {"uv": [0, 0, 2, 2], "texture": "#0"}
			}
		}
	]
}