{
	"credit": "Made by Joanarr with Blockbench",
	"parent": "block/block",
	"textures": {
		"0": "block/diorite_wall"
	},
	"elements": [
		{
			"from": [6.5, -0.5, 2.5],
			"to": [9.5, 13.5, 5.5],
			"rotation": {"angle": 0, "axis": "y", "origin": [8, 7.5, 8]},
			"faces": {
				"north": {"uv": [0, 8, 1.5, 15], "texture": "#0"},
				"east": {"uv": [0, 8, 1.5, 15], "texture": "#0"},
				"south": {"uv": [0, 8, 1.5, 15], "texture": "#0"},
				"west": {"uv": [0, 8, 1.5, 15], "texture": "#0"},
				"up": {"uv": [1.5, 8, 3, 9.5], "texture": "#0"},
				"down": {"uv": [1.5, 8, 3, 9.5], "texture": "#0"}
			}
		},
		{
			"from": [6, 6.5, 1.5],
			"to": [10, 7.5, 6.5],
			"rotation": {"angle": 0, "axis": "y", "origin": [8, 7.5, 8]},
			"faces": {
				"north": {"uv": [9, 8.5, 11, 9], "texture": "#0"},
				"east": {"uv": [6.5, 8.5, 9, 9], "texture": "#0"},
				"south": {"uv": [9, 8.5, 11, 9], "texture": "#0"},
				"west": {"uv": [6.5, 8.5, 9, 9], "texture": "#0"},
				"down": {"uv": [10, 9, 12.5, 11], "rotation": 90, "texture": "#0"}
			}
		},
		{
			"from": [6, 7.5, 0.5],
			"to": [10, 8.5, 7.5],
			"rotation": {"angle": 0, "axis": "y", "origin": [8, 7.5, 8]},
			"faces": {
				"north": {"uv": [9.5, 8, 11.5, 8.5], "texture": "#0"},
				"east": {"uv": [6, 8, 9.5, 8.5], "texture": "#0"},
				"west": {"uv": [6, 8, 9.5, 8.5], "texture": "#0"},
				"down": {"uv": [6, 9, 9.5, 11], "rotation": 90, "texture": "#0"}
			}
		},
		{
			"from": [6, 8.5, 0],
			"to": [10, 13, 8],
			"rotation": {"angle": 0, "axis": "y", "origin": [8, 7.5, 8]},
			"faces": {
				"north": {"uv": [10, 4.5, 12, 6.75], "texture": "#0"},
				"east": {"uv": [6, 4.5, 10, 6.75], "texture": "#0"},
				"west": {"uv": [6, 4.5, 10, 6.75], "texture": "#0"},
				"down": {"uv": [6, 6.75, 10, 7.75], "rotation": 90, "texture": "#0"}
			}
		},
		{
			"from": [6, 1.5, 2],
			"to": [10, 5, 4],
			"rotation": {"angle": 0, "axis": "y", "origin": [8, 7.5, 8]},
			"faces": {
				"north": {"uv": [1.5, 11.5, 3.5, 13.25], "texture": "#0"},
				"east": {"uv": [2.5, 11.5, 3.5, 13.25], "texture": "#0"},
				"west": {"uv": [1.5, 11.5, 2.5, 13.25], "texture": "#0"},
				"up": {"uv": [1.5, 9.5, 3.5, 10.5], "texture": "#0"},
				"down": {"uv": [1.5, 9.5, 3.5, 10.5], "rotation": 180, "texture": "#0"}
			}
		},
		{
			"from": [5, 13.5, 0],
			"to": [11, 15, 5],
			"faces": {
				"north": {"uv": [8, 11.5, 11, 12.25], "texture": "#0"},
				"east": {"uv": [13.5, 12.25, 16, 13], "texture": "#0"},
				"west": {"uv": [8, 12.25, 10.5, 13], "texture": "#0"},
				"up": {"uv": [8, 13, 10.75, 16], "rotation": 90, "texture": "#0"},
				"down": {"uv": [8, 13, 10.75, 16], "rotation": 270, "texture": "#0"}
			}
		},
		{
			"from": [5.5, 13, 0],
			"to": [10.5, 14, 8],
			"faces": {
				"north": {"uv": [8.25, 12, 10.75, 12.25], "texture": "#0"},
				"east": {"uv": [12, 12.75, 16, 13], "texture": "#0"},
				"west": {"uv": [8, 12.75, 12, 13], "texture": "#0"},
				"down": {"uv": [8, 13, 16, 13.25], "rotation": 90, "texture": "#0"}
			}
		},
		{
			"from": [6, 15, 1],
			"to": [10, 15.5, 5.5],
			"faces": {
				"north": {"uv": [3.75, 15.25, 5.75, 15.5], "texture": "#0"},
				"east": {"uv": [3.5, 8.25, 3.75, 10.5], "rotation": 90, "texture": "#0"},
				"west": {"uv": [5.75, 8.25, 6, 10.5], "rotation": 90, "texture": "#0"},
				"up": {"uv": [3.75, 8.25, 5.75, 10.5], "texture": "#0"}
			}
		}
	]
}