{
	"credit": "Made with Blockbench",
	"textures": {
		"0": "block/crafting_table_1",
		"1": "block/crafting_table_3",
		"2": "block/crafting_table_5",
		"3": "block/crafting_table_2",
		"4": "block/crafting_table_6",
		"5": "block/crafting_table_7",
		"6": "block/crafting_table_4",
		"particle": "block/crafting_table_2"
	},
	"elements": [
		{
			"name": "Top",
			"from": [0, 13, 0],
			"to": [16, 16, 16],
			"faces": {
				"north": {"uv": [0, 0, 16, 3], "texture": "#3"},
				"east": {"uv": [0, 0, 16, 3], "texture": "#2"},
				"south": {"uv": [0, 0, 16, 3], "texture": "#1"},
				"west": {"uv": [0, 0, 16, 3], "texture": "#4"},
				"up": {"uv": [0, 0, 16, 16], "texture": "#0"},
				"down": {"uv": [0, 0, 16, 16], "texture": "#5"}
			}
		},
		{
			"from": [0, 6.75, 2.6],
			"to": [0.5, 9, 13.4],
			"faces": {
				"east": {"uv": [0, 13.75, 16, 16], "texture": "#6"},
				"west": {"uv": [0, 13.75, 16, 16], "texture": "#6"},
				"up": {"uv": [0, 7, 16, 7.25], "rotation": 90, "texture": "#6"},
				"down": {"uv": [0, 15.75, 16, 16], "texture": "#6"}
			}
		},
		{
			"from": [15.5, 6.75, 2.6],
			"to": [16, 9, 13.4],
			"faces": {
				"east": {"uv": [13.25, 13.75, 2.75, 16], "texture": "#6"},
				"west": {"uv": [16, 13.75, 0, 16], "texture": "#6"},
				"up": {"uv": [0, 7.25, 16, 7], "rotation": 90, "texture": "#6"},
				"down": {"uv": [16, 15.75, 0, 16], "texture": "#6"}
			}
		},
		{
			"from": [0, 0, 2.6],
			"to": [0.5, 2.25, 13.4],
			"faces": {
				"east": {"uv": [0, 13.75, 16, 16], "texture": "#6"},
				"west": {"uv": [0, 13.75, 16, 16], "texture": "#6"},
				"up": {"uv": [0, 7, 16, 7.25], "rotation": 90, "texture": "#6"},
				"down": {"uv": [0, 2.6, 0.5, 13.4], "texture": "#5"}
			}
		},
		{
			"from": [15.5, 0, 2.6],
			"to": [16, 2.25, 13.4],
			"faces": {
				"east": {"uv": [13.25, 13.75, 2.75, 16], "texture": "#6"},
				"west": {"uv": [16, 13.75, 0, 16], "texture": "#6"},
				"up": {"uv": [0, 7.25, 16, 7], "rotation": 90, "texture": "#6"},
				"down": {"uv": [15.5, 2.6, 16, 13.4], "texture": "#5"}
			}
		},
		{
			"from": [0.5, 6.75, 13],
			"to": [2.6, 9, 13.5],
			"faces": {
				"north": {"uv": [7.85, 13.75, 5.25, 15.75], "texture": "#6"},
				"up": {"uv": [2, 7, 0, 7.25], "texture": "#6"}
			}
		},
		{
			"from": [13.4, 6.75, 13],
			"to": [15.5, 9, 13.5],
			"faces": {
				"north": {"uv": [5.25, 13.75, 7.85, 15.75], "texture": "#6"},
				"up": {"uv": [0, 7, 2, 7.25], "texture": "#6"}
			}
		},
		{
			"from": [0.5, 0, 13],
			"to": [2.6, 2.25, 13.5],
			"faces": {
				"north": {"uv": [7.85, 13.75, 5.25, 15.75], "texture": "#6"},
				"up": {"uv": [2, 7, 0, 7.25], "texture": "#6"}
			}
		},
		{
			"from": [13.4, 0, 13],
			"to": [15.5, 2.25, 13.5],
			"faces": {
				"north": {"uv": [5.25, 13.75, 7.85, 15.75], "texture": "#6"},
				"up": {"uv": [0, 7, 2, 7.25], "texture": "#6"}
			}
		},
		{
			"from": [0.5, 6.75, 2.5],
			"to": [2.6, 9, 3],
			"faces": {
				"south": {"uv": [0, 13.75, 2.25, 15.75], "texture": "#6"},
				"up": {"uv": [2.25, 13.75, 0, 14], "texture": "#6"}
			}
		},
		{
			"from": [13.4, 6.75, 2.5],
			"to": [15.5, 9, 3],
			"faces": {
				"south": {"uv": [2.25, 13.75, 0, 15.75], "texture": "#6"},
				"up": {"uv": [0, 13.75, 2.25, 14], "texture": "#6"}
			}
		},
		{
			"from": [0.5, 0, 2.5],
			"to": [2.6, 2.25, 3],
			"faces": {
				"south": {"uv": [0, 13.75, 2.25, 15.75], "texture": "#6"},
				"up": {"uv": [2.25, 13.75, 0, 14], "texture": "#6"}
			}
		},
		{
			"from": [13.4, 0, 2.5],
			"to": [15.5, 2.25, 3],
			"faces": {
				"south": {"uv": [2.25, 13.75, 0, 15.75], "texture": "#6"},
				"up": {"uv": [0, 13.75, 2.25, 14], "texture": "#6"}
			}
		},
		{
			"from": [7.525, 10, 0.6],
			"to": [8.475, 11.25, 1.1],
			"faces": {
				"north": {"uv": [7.52, 4.75, 8.48, 6], "texture": "#3"},
				"east": {"uv": [7.5, 4.75, 7.75, 6], "texture": "#3"},
				"west": {"uv": [8.25, 4.75, 8.5, 6], "texture": "#3"},
				"up": {"uv": [7.5, 4.75, 8.5, 5], "texture": "#3"},
				"down": {"uv": [7.5, 4.75, 8.5, 5], "texture": "#3"}
			}
		},
		{
			"from": [7.525, 7, 0.6],
			"to": [8.475, 8.25, 1.1],
			"faces": {
				"north": {"uv": [7.52, 4.75, 8.48, 6], "texture": "#3"},
				"east": {"uv": [8.25, 4.75, 8.5, 6], "texture": "#3"},
				"west": {"uv": [8.25, 4.75, 8.5, 6], "texture": "#3"},
				"up": {"uv": [7.5, 4.75, 8.5, 5], "texture": "#3"},
				"down": {"uv": [7.5, 4.75, 8.5, 5], "texture": "#3"}
			}
		},
		{
			"from": [7.525, 4, 0.6],
			"to": [8.475, 5.25, 1.1],
			"faces": {
				"north": {"uv": [7.52, 4.75, 8.48, 6], "texture": "#3"},
				"east": {"uv": [8.25, 4.75, 8.5, 6], "texture": "#3"},
				"west": {"uv": [8.25, 4.75, 8.5, 6], "texture": "#3"},
				"up": {"uv": [7.5, 4.75, 8.5, 5], "texture": "#3"},
				"down": {"uv": [7.5, 4.75, 8.5, 5], "texture": "#3"}
			}
		},
		{
			"from": [7.525, 1, 0.6],
			"to": [8.475, 2.25, 1.1],
			"faces": {
				"north": {"uv": [7.52, 4.75, 8.48, 6], "texture": "#3"},
				"east": {"uv": [8.25, 4.75, 8.5, 6], "texture": "#3"},
				"west": {"uv": [8.25, 4.75, 8.5, 6], "texture": "#3"},
				"up": {"uv": [7.5, 4.75, 8.5, 5], "texture": "#3"},
				"down": {"uv": [7.5, 4.75, 8.5, 5], "texture": "#3"}
			}
		},
		{
			"from": [8.475, 10.25, 0.6],
			"to": [8.7, 11, 1.1],
			"faces": {
				"north": {"uv": [7.25, 14, 7.5, 14.75], "texture": "#3"},
				"east": {"uv": [7.25, 5, 7.5, 5.75], "texture": "#3"},
				"up": {"uv": [8.5, 5, 8.725, 5.25], "texture": "#3"},
				"down": {"uv": [7.25, 5.5, 7.475, 5.75], "texture": "#3"}
			}
		},
		{
			"from": [8.475, 7.25, 0.6],
			"to": [8.7, 8, 1.1],
			"faces": {
				"north": {"uv": [7.25, 14, 7.5, 14.75], "texture": "#3"},
				"east": {"uv": [7.25, 5, 7.5, 5.75], "texture": "#3"},
				"up": {"uv": [8.5, 5, 8.725, 5.25], "texture": "#3"},
				"down": {"uv": [7.25, 5.5, 7.475, 5.75], "texture": "#3"}
			}
		},
		{
			"from": [8.475, 4.25, 0.6],
			"to": [8.7, 5, 1.1],
			"faces": {
				"north": {"uv": [7.25, 14, 7.5, 14.75], "texture": "#3"},
				"east": {"uv": [7.25, 5, 7.5, 5.75], "texture": "#3"},
				"up": {"uv": [8.5, 5, 8.725, 5.25], "texture": "#3"},
				"down": {"uv": [7.25, 5.5, 7.475, 5.75], "texture": "#3"}
			}
		},
		{
			"from": [8.475, 1.25, 0.6],
			"to": [8.7, 2, 1.1],
			"faces": {
				"north": {"uv": [7.25, 14, 7.5, 14.75], "texture": "#3"},
				"east": {"uv": [7.25, 5, 7.5, 5.75], "texture": "#3"},
				"up": {"uv": [8.5, 5, 8.725, 5.25], "texture": "#3"},
				"down": {"uv": [7.25, 5.5, 7.475, 5.75], "texture": "#3"}
			}
		},
		{
			"from": [7.3, 10.25, 0.6],
			"to": [7.525, 11, 1.1],
			"faces": {
				"north": {"uv": [8.5, 5, 8.75, 5.75], "texture": "#3"},
				"west": {"uv": [8.5, 5, 8.75, 5.75], "texture": "#3"},
				"up": {"uv": [8.5, 5, 8.75, 5.25], "texture": "#3"},
				"down": {"uv": [7.25, 5.5, 7.5, 5.75], "texture": "#3"}
			}
		},
		{
			"from": [7.3, 7.25, 0.6],
			"to": [7.525, 8, 1.1],
			"faces": {
				"north": {"uv": [8.5, 8, 8.75, 8.75], "texture": "#3"},
				"west": {"uv": [8.5, 5, 8.75, 5.75], "texture": "#3"},
				"up": {"uv": [8.5, 5, 8.75, 5.25], "texture": "#3"},
				"down": {"uv": [7.25, 5.5, 7.5, 5.75], "texture": "#3"}
			}
		},
		{
			"from": [7.3, 4.25, 0.6],
			"to": [7.525, 5, 1.1],
			"faces": {
				"north": {"uv": [8.5, 11, 8.75, 11.75], "texture": "#3"},
				"west": {"uv": [8.5, 5, 8.75, 5.75], "texture": "#3"},
				"up": {"uv": [8.5, 5, 8.75, 5.25], "texture": "#3"},
				"down": {"uv": [7.25, 5.5, 7.5, 5.75], "texture": "#3"}
			}
		},
		{
			"from": [7.3, 1.25, 0.6],
			"to": [7.525, 2, 1.1],
			"faces": {
				"north": {"uv": [8.5, 14, 8.75, 14.75], "texture": "#3"},
				"west": {"uv": [8.5, 5, 8.75, 5.75], "texture": "#3"},
				"up": {"uv": [8.5, 5, 8.75, 5.25], "texture": "#3"},
				"down": {"uv": [7.25, 5.5, 7.5, 5.75], "texture": "#3"}
			}
		},
		{
			"from": [7.75, 11.25, 0.6],
			"to": [8.25, 11.5, 1.1],
			"faces": {
				"north": {"uv": [7.775, 4.5, 8.225, 4.75], "texture": "#3"},
				"east": {"uv": [7.75, 4.5, 8, 4.75], "texture": "#3"},
				"west": {"uv": [7.75, 4.5, 8, 4.75], "texture": "#3"},
				"up": {"uv": [7.75, 4.5, 8.25, 4.75], "texture": "#3"}
			}
		},
		{
			"from": [7.75, 8.25, 0.6],
			"to": [8.25, 8.5, 1.1],
			"faces": {
				"north": {"uv": [7.775, 7.5, 8.225, 7.75], "texture": "#3"},
				"east": {"uv": [7.75, 4.5, 8, 4.75], "texture": "#3"},
				"west": {"uv": [7.75, 4.5, 8, 4.75], "texture": "#3"},
				"up": {"uv": [7.75, 4.5, 8.25, 4.75], "texture": "#3"}
			}
		},
		{
			"from": [7.75, 5.25, 0.6],
			"to": [8.25, 5.5, 1.1],
			"faces": {
				"north": {"uv": [7.775, 10.5, 8.225, 10.75], "texture": "#3"},
				"east": {"uv": [7.75, 4.5, 8, 4.75], "texture": "#3"},
				"west": {"uv": [7.75, 4.5, 8, 4.75], "texture": "#3"},
				"up": {"uv": [7.75, 4.5, 8.25, 4.75], "texture": "#3"}
			}
		},
		{
			"from": [7.75, 2.25, 0.6],
			"to": [8.25, 2.5, 1.1],
			"faces": {
				"north": {"uv": [7.775, 13.5, 8.225, 13.75], "texture": "#3"},
				"east": {"uv": [7.75, 4.5, 8, 4.75], "texture": "#3"},
				"west": {"uv": [7.75, 4.5, 8, 4.75], "texture": "#3"},
				"up": {"uv": [7.75, 4.5, 8.25, 4.75], "texture": "#3"}
			}
		},
		{
			"from": [7.75, 9.75, 0.6],
			"to": [8.25, 10, 1.1],
			"faces": {
				"north": {"uv": [7.775, 6, 8.225, 6.25], "texture": "#3"},
				"east": {"uv": [7.75, 6, 8, 6.25], "texture": "#3"},
				"west": {"uv": [8, 6, 8.25, 6.25], "texture": "#3"},
				"down": {"uv": [7.75, 6, 8.25, 6.25], "texture": "#3"}
			}
		},
		{
			"from": [7.75, 6.75, 0.6],
			"to": [8.25, 7, 1.1],
			"faces": {
				"north": {"uv": [7.775, 9, 8.225, 9.25], "texture": "#3"},
				"east": {"uv": [7.75, 6, 8, 6.25], "texture": "#3"},
				"west": {"uv": [8, 6, 8.25, 6.25], "texture": "#3"},
				"down": {"uv": [7.75, 6, 8.25, 6.25], "texture": "#3"}
			}
		},
		{
			"from": [7.75, 3.75, 0.6],
			"to": [8.25, 4, 1.1],
			"faces": {
				"north": {"uv": [7.775, 12, 8.225, 12.25], "texture": "#3"},
				"east": {"uv": [7.75, 6, 8, 6.25], "texture": "#3"},
				"west": {"uv": [8, 6, 8.25, 6.25], "texture": "#3"},
				"down": {"uv": [7.75, 6, 8.25, 6.25], "texture": "#3"}
			}
		},
		{
			"from": [7.75, 0.75, 0.6],
			"to": [8.25, 1, 1.1],
			"faces": {
				"north": {"uv": [7.775, 15, 8.225, 15.25], "texture": "#3"},
				"east": {"uv": [7.75, 6, 8, 6.25], "texture": "#3"},
				"west": {"uv": [8, 6, 8.25, 6.25], "texture": "#3"},
				"down": {"uv": [7.75, 6, 8.25, 6.25], "texture": "#3"}
			}
		},
		{
			"from": [13.4, 0, 2.6],
			"to": [15.5, 0.25, 13.4],
			"faces": {
				"up": {"uv": [2.25, 14, 13.75, 16], "rotation": 90, "texture": "#1"},
				"down": {"uv": [13.4, 2.6, 15.5, 13.4], "texture": "#5"}
			}
		},
		{
			"from": [2.6, 0, 15],
			"to": [13.4, 0.25, 16],
			"rotation": {"angle": 0, "axis": "y", "origin": [8, 0.125, 8]},
			"faces": {
				"south": {"uv": [2.25, 15.75, 13.75, 16], "texture": "#6"},
				"up": {"uv": [2.5, 14.5, 13.3, 15.5], "texture": "#1"},
				"down": {"uv": [2.6, 0, 13.4, 1], "texture": "#5"}
			}
		},
		{
			"from": [2.6, 0, 0],
			"to": [13.4, 0.25, 1],
			"rotation": {"angle": 0, "axis": "y", "origin": [8, 0.125, 8]},
			"faces": {
				"north": {"uv": [13.75, 15.75, 2.25, 16], "texture": "#6"},
				"up": {"uv": [2.5, 15.5, 13.3, 14.5], "texture": "#1"},
				"down": {"uv": [2.6, 15, 13.4, 16], "texture": "#5"}
			}
		},
		{
			"from": [0.5, 0, 2.6],
			"to": [2.6, 0.25, 13.4],
			"faces": {
				"up": {"uv": [2.25, 16, 13.75, 14], "rotation": 90, "texture": "#1"},
				"down": {"uv": [0.5, 2.6, 2.6, 13.4], "texture": "#5"}
			}
		},
		{
			"from": [0, 0, 0],
			"to": [2.6, 13, 2.6],
			"faces": {
				"north": {"uv": [13.25, 3, 16, 16], "texture": "#6"},
				"east": {"uv": [16, 3, 13.25, 16], "texture": "#6"},
				"south": {"uv": [13.25, 3, 16, 16], "texture": "#6"},
				"west": {"uv": [16, 3, 13.25, 16], "texture": "#6"},
				"down": {"uv": [0, 13.4, 2.6, 16], "texture": "#5"}
			}
		},
		{
			"from": [13.4, 0, 0],
			"to": [16, 13, 2.6],
			"faces": {
				"north": {"uv": [16, 3, 13.25, 16], "texture": "#6"},
				"east": {"uv": [2.75, 3, 0, 16], "texture": "#6"},
				"south": {"uv": [0, 3, 2.75, 16], "texture": "#6"},
				"west": {"uv": [13.25, 3, 16, 16], "texture": "#6"},
				"down": {"uv": [13.4, 13.4, 16, 16], "texture": "#5"}
			}
		},
		{
			"from": [0, 0, 13.4],
			"to": [2.6, 13, 16],
			"faces": {
				"north": {"uv": [16, 3, 13.25, 16], "texture": "#6"},
				"east": {"uv": [13.25, 3, 16, 16], "texture": "#6"},
				"south": {"uv": [0, 3, 2.75, 16], "texture": "#6"},
				"west": {"uv": [13.25, 3, 16, 16], "texture": "#6"},
				"down": {"uv": [0, 0, 2.6, 2.6], "texture": "#5"}
			}
		},
		{
			"from": [13.4, 0, 13.4],
			"to": [16, 13, 16],
			"faces": {
				"north": {"uv": [13.25, 3, 16, 16], "texture": "#6"},
				"east": {"uv": [16, 3, 13.25, 16], "texture": "#6"},
				"south": {"uv": [13.25, 3, 16, 16], "texture": "#6"},
				"west": {"uv": [0, 3, 2.75, 16], "texture": "#6"},
				"down": {"uv": [13.4, 0, 16, 2.6], "texture": "#5"}
			}
		},
		{
			"from": [2.6, 0, 1],
			"to": [13.4, 13, 15],
			"rotation": {"angle": 0, "axis": "y", "origin": [3, 0, 15]},
			"faces": {
				"north": {"uv": [2.25, 3, 13.75, 16], "texture": "#3"},
				"south": {"uv": [2.25, 3, 13.75, 16], "texture": "#1"},
				"down": {"uv": [2.6, 1, 13.4, 15], "texture": "#5"}
			}
		},
		{
			"from": [2.25, 0.25, 2.6],
			"to": [3.35, 6.75, 13.4],
			"faces": {
				"west": {"uv": [2.25, 9.75, 13.75, 16], "texture": "#2"}
			}
		},
		{
			"from": [12.65, 0.25, 2.6],
			"to": [13.75, 6.75, 13.4],
			"faces": {
				"east": {"uv": [13.75, 9.75, 2.25, 16], "texture": "#4"}
			}
		},
		{
			"from": [1, 6.75, 2.6],
			"to": [2.6, 7, 13.4],
			"faces": {
				"up": {"uv": [2.25, 15.75, 13.75, 13.75], "rotation": 90, "texture": "#1"},
				"down": {"uv": [13.75, 15.75, 2.25, 13.75], "rotation": 90, "texture": "#1"}
			}
		},
		{
			"from": [13.4, 6.75, 2.6],
			"to": [15.5, 7, 13.4],
			"faces": {
				"up": {"uv": [2.25, 13.75, 13.75, 15.75], "rotation": 90, "texture": "#1"},
				"down": {"uv": [13.75, 13.75, 2.25, 15.75], "rotation": 90, "texture": "#1"}
			}
		},
		{
			"from": [2.25, 7, 2.6],
			"to": [3.35, 13, 13.4],
			"faces": {
				"west": {"uv": [2, 3.5, 14, 9.75], "texture": "#2"}
			}
		},
		{
			"from": [12.65, 7, 2.6],
			"to": [13.75, 13, 13.4],
			"faces": {
				"east": {"uv": [14, 3.5, 2, 9.75], "texture": "#4"}
			}
		}
	],
	"display": {
		"thirdperson_righthand": {
			"rotation": [59, 43, 0],
			"translation": [0, 0.5, -3.75],
			"scale": [0.4, 0.4, 0.4]
		},
		"thirdperson_lefthand": {
			"rotation": [59, 43, 0],
			"translation": [0, 0.5, -3.75],
			"scale": [0.4, 0.4, 0.4]
		},
		"firstperson_righthand": {
			"rotation": [0, 43, 0],
			"translation": [1.5, -1, -1.5],
			"scale": [0.48, 0.48, 0.48]
		},
		"firstperson_lefthand": {
			"rotation": [0, 43, 0],
			"translation": [1.5, -1, -1.5],
			"scale": [-0.48, 0.48, 0.48]
		},
		"ground": {
			"scale": [0.25, 0.25, 0.25]
		},
		"gui": {
			"rotation": [23, 41, 0],
			"scale": [0.64, 0.64, 0.64]
		},
		"head": {
			"translation": [0, 14.25, 0]
		},
		"fixed": {
			"translation": [0, 0, 5.75]
		}
	},
	"groups": [0,
		{
			"name": "Bars",
			"origin": [8, 8, 8],
			"children": [1, 2, 3, 4, 5, 6, 7, 8, 9, 10, 11, 12]
		},
		{
			"name": "Handles",
			"origin": [8, 8, 8],
			"children": [13, 14, 15, 16, 17, 18, 19, 20, 21, 22, 23, 24, 25, 26, 27, 28, 29, 30, 31, 32]
		},
		{
			"name": "Bars & Base",
			"origin": [3, 0, 15],
			"children": [33, 34, 35, 36, 37, 38, 39, 40]
		},
		{
			"name": "Center & Shelves",
			"origin": [8, 8, 8],
			"children": [41, 42, 43, 44, 45, 46, 47]
		}
	]
}