{
	"credit": "Made by SyndiShanX",
	"ambientocclusion": false,
	"textures": {
		"1": "block/flower_bush",
		"2": "block/flower_bush_cross",
		"3": "block/firefly_bush_emissive",
		"particle": "block/flower_bush_cross"
	},
	"elements": [
		{
			"from": [0, 0, 8],
			"to": [16, 16, 8],
			"shade": false,
			"rotation": {"angle": -45, "axis": "y", "origin": [8, 5.5, 8]},
			"faces": {
				"north": {"uv": [0, 0, 16, 16], "texture": "#2"},
				"south": {"uv": [0, 0, 16, 16], "texture": "#2"}
			}
		},
		{
			"from": [8, 0, 0],
			"to": [8, 16, 16],
			"shade": false,
			"rotation": {"angle": -45, "axis": "y", "origin": [8, 5.5, 8]},
			"faces": {
				"east": {"uv": [0, 0, 16, 16], "texture": "#2"},
				"west": {"uv": [0, 0, 16, 16], "texture": "#2"}
			}
		},
		{
			"from": [0, 11, 7],
			"to": [16, 11, 18],
			"shade": false,
			"rotation": {"angle": 22.5, "axis": "x", "origin": [8, 11, 12.5]},
			"faces": {
				"north": {"uv": [0, 0, 0, 0], "texture": "#1"},
				"east": {"uv": [0, 0, 0, 0], "texture": "#1"},
				"south": {"uv": [0, 0, 0, 0], "texture": "#1"},
				"west": {"uv": [0, 0, 0, 0], "texture": "#1"},
				"up": {"uv": [8, 5.5, 16, 11], "rotation": 180, "texture": "#1"},
				"down": {"uv": [16, 5.5, 8, 11], "texture": "#1"}
			}
		},
		{
			"from": [6.65746, 12.72208, 0],
			"to": [17.65746, 12.72208, 16],
			"shade": false,
			"rotation": {"angle": -22.5, "axis": "z", "origin": [8, 11, 8]},
			"faces": {
				"north": {"uv": [0, 0, 0, 0], "texture": "#1"},
				"east": {"uv": [0, 0, 0, 0], "texture": "#1"},
				"south": {"uv": [0, 0, 0, 0], "texture": "#1"},
				"west": {"uv": [0, 0, 0, 0], "texture": "#1"},
				"up": {"uv": [8, 5.5, 16, 11], "rotation": 90, "texture": "#1"},
				"down": {"uv": [16, 5.5, 8, 11], "rotation": 90, "texture": "#1"}
			}
		},
		{
			"from": [-1.65746, 12.72208, 0],
			"to": [9.34254, 12.72208, 16],
			"shade": false,
			"rotation": {"angle": 22.5, "axis": "z", "origin": [8, 11, 8]},
			"faces": {
				"north": {"uv": [0, 0, 0, 0], "texture": "#1"},
				"east": {"uv": [0, 0, 0, 0], "texture": "#1"},
				"south": {"uv": [0, 0, 0, 0], "texture": "#1"},
				"west": {"uv": [0, 0, 0, 0], "texture": "#1"},
				"up": {"uv": [8, 5.5, 16, 11], "rotation": 270, "texture": "#1"},
				"down": {"uv": [16, 5.5, 8, 11], "rotation": 270, "texture": "#1"}
			}
		},
		{
			"from": [0, 11, -2],
			"to": [16, 11, 9],
			"shade": false,
			"rotation": {"angle": -22.5, "axis": "x", "origin": [8, 11, 3.5]},
			"faces": {
				"north": {"uv": [0, 0, 0, 0], "texture": "#1"},
				"east": {"uv": [0, 0, 0, 0], "texture": "#1"},
				"south": {"uv": [0, 0, 0, 0], "texture": "#1"},
				"west": {"uv": [0, 0, 0, 0], "texture": "#1"},
				"up": {"uv": [8, 5.5, 16, 11], "texture": "#1"},
				"down": {"uv": [16, 5.5, 8, 11], "rotation": 180, "texture": "#1"}
			}
		},
		{
			"from": [-3, 8.57403, -2.11418],
			"to": [19, 8.57403, 7.88582],
			"shade": false,
			"rotation": {"angle": -22.5, "axis": "x", "origin": [8, 8.57403, 1.88582]},
			"faces": {
				"north": {"uv": [0, 0, 0, 0], "texture": "#1"},
				"east": {"uv": [0, 0, 0, 0], "texture": "#1"},
				"south": {"uv": [0, 0, 0, 0], "texture": "#1"},
				"west": {"uv": [0, 0, 0, 0], "texture": "#1"},
				"up": {"uv": [0, 16, 11, 11], "rotation": 180, "texture": "#1"},
				"down": {"uv": [11, 16, 0, 11], "texture": "#1"}
			}
		},
		{
			"from": [-2.11418, 8.57403, -3],
			"to": [7.88582, 8.57403, 19],
			"shade": false,
			"rotation": {"angle": 22.5, "axis": "z", "origin": [1.88582, 8.57403, 8]},
			"faces": {
				"north": {"uv": [0, 0, 0, 0], "texture": "#1"},
				"east": {"uv": [0, 0, 0, 0], "texture": "#1"},
				"south": {"uv": [0, 0, 0, 0], "texture": "#1"},
				"west": {"uv": [0, 0, 0, 0], "texture": "#1"},
				"up": {"uv": [0, 16, 11, 11], "rotation": 90, "texture": "#1"},
				"down": {"uv": [11, 16, 0, 11], "rotation": 90, "texture": "#1"}
			}
		},
		{
			"from": [8.11418, 8.57403, -3],
			"to": [18.11418, 8.57403, 19],
			"shade": false,
			"rotation": {"angle": -22.5, "axis": "z", "origin": [14.11418, 8.57403, 8]},
			"faces": {
				"north": {"uv": [0, 0, 0, 0], "texture": "#1"},
				"east": {"uv": [0, 0, 0, 0], "texture": "#1"},
				"south": {"uv": [0, 0, 0, 0], "texture": "#1"},
				"west": {"uv": [0, 0, 0, 0], "texture": "#1"},
				"up": {"uv": [0, 16, 11, 11], "rotation": 270, "texture": "#1"},
				"down": {"uv": [11, 16, 0, 11], "rotation": 270, "texture": "#1"}
			}
		},
		{
			"from": [-3, 8.76537, 8.15224],
			"to": [19, 8.76537, 18.15224],
			"shade": false,
			"rotation": {"angle": 22.5, "axis": "x", "origin": [8, 8.76537, 13.65224]},
			"faces": {
				"north": {"uv": [0, 0, 0, 0], "texture": "#1"},
				"east": {"uv": [0, 0, 0, 0], "texture": "#1"},
				"south": {"uv": [0, 0, 0, 0], "texture": "#1"},
				"west": {"uv": [0, 0, 0, 0], "texture": "#1"},
				"up": {"uv": [0, 16, 11, 11], "texture": "#1"},
				"down": {"uv": [11, 16, 0, 11], "rotation": 180, "texture": "#1"}
			}
		},
		{
			"from": [-3, 6, 7],
			"to": [19, 6, 19],
			"shade": false,
			"rotation": {"angle": 22.5, "axis": "x", "origin": [8, 6, 14.5]},
			"faces": {
				"north": {"uv": [0, 0, 0, 0], "texture": "#1"},
				"east": {"uv": [0, 0, 0, 0], "texture": "#1"},
				"south": {"uv": [0, 0, 0, 0], "texture": "#1"},
				"west": {"uv": [0, 0, 0, 0], "texture": "#1"},
				"up": {"uv": [0, 0, 11, 5.5], "rotation": 180, "texture": "#1"},
				"down": {"uv": [11, 0, 0, 5.5], "texture": "#1"}
			}
		},
		{
			"from": [6.65746, 7.72208, -3],
			"to": [18.65746, 7.72208, 19],
			"shade": false,
			"rotation": {"angle": -22.5, "axis": "z", "origin": [10, 6, 8]},
			"faces": {
				"north": {"uv": [0, 0, 0, 0], "texture": "#1"},
				"east": {"uv": [0, 0, 0, 0], "texture": "#1"},
				"south": {"uv": [0, 0, 0, 0], "texture": "#1"},
				"west": {"uv": [0, 0, 0, 0], "texture": "#1"},
				"up": {"uv": [0, 0, 11, 5.5], "rotation": 90, "texture": "#1"},
				"down": {"uv": [11, 0, 0, 5.5], "rotation": 90, "texture": "#1"}
			}
		},
		{
			"from": [-2.65746, 7.72208, -3],
			"to": [9.34254, 7.72208, 19],
			"shade": false,
			"rotation": {"angle": 22.5, "axis": "z", "origin": [6, 6, 8]},
			"faces": {
				"north": {"uv": [0, 0, 0, 0], "texture": "#1"},
				"east": {"uv": [0, 0, 0, 0], "texture": "#1"},
				"south": {"uv": [0, 0, 0, 0], "texture": "#1"},
				"west": {"uv": [0, 0, 0, 0], "texture": "#1"},
				"up": {"uv": [0, 0, 11, 5.5], "rotation": 270, "texture": "#1"},
				"down": {"uv": [11, 0, 0, 5.5], "rotation": 270, "texture": "#1"}
			}
		},
		{
			"from": [-3, 6, -3],
			"to": [19, 6, 9],
			"shade": false,
			"rotation": {"angle": -22.5, "axis": "x", "origin": [8, 6, 1.5]},
			"faces": {
				"north": {"uv": [0, 0, 0, 0], "texture": "#1"},
				"east": {"uv": [0, 0, 0, 0], "texture": "#1"},
				"south": {"uv": [0, 0, 0, 0], "texture": "#1"},
				"west": {"uv": [0, 0, 0, 0], "texture": "#1"},
				"up": {"uv": [0, 0, 11, 5.5], "texture": "#1"},
				"down": {"uv": [11, 0, 0, 5.5], "rotation": 180, "texture": "#1"}
			}
		},
		{
			"from": [0, 3, 7],
			"to": [16, 3, 18],
			"shade": false,
			"rotation": {"angle": 22.5, "axis": "x", "origin": [8, 3, 12.5]},
			"faces": {
				"north": {"uv": [0, 0, 0, 0], "texture": "#1"},
				"east": {"uv": [0, 0, 0, 0], "texture": "#1"},
				"south": {"uv": [0, 0, 0, 0], "texture": "#1"},
				"west": {"uv": [0, 0, 0, 0], "texture": "#1"},
				"up": {"uv": [0, 5.5, 8, 11], "rotation": 180, "texture": "#1"},
				"down": {"uv": [8, 5.5, 0, 11], "texture": "#1"}
			}
		},
		{
			"from": [6.65746, 4.72208, 0],
			"to": [17.65746, 4.72208, 16],
			"shade": false,
			"rotation": {"angle": -22.5, "axis": "z", "origin": [8, 3, 8]},
			"faces": {
				"north": {"uv": [0, 0, 0, 0], "texture": "#1"},
				"east": {"uv": [0, 0, 0, 0], "texture": "#1"},
				"south": {"uv": [0, 0, 0, 0], "texture": "#1"},
				"west": {"uv": [0, 0, 0, 0], "texture": "#1"},
				"up": {"uv": [0, 5.5, 8, 11], "rotation": 90, "texture": "#1"},
				"down": {"uv": [8, 5.5, 0, 11], "rotation": 90, "texture": "#1"}
			}
		},
		{
			"from": [-1.65746, 4.72208, 0],
			"to": [9.34254, 4.72208, 16],
			"shade": false,
			"rotation": {"angle": 22.5, "axis": "z", "origin": [8, 3, 8]},
			"faces": {
				"north": {"uv": [0, 0, 0, 0], "texture": "#1"},
				"east": {"uv": [0, 0, 0, 0], "texture": "#1"},
				"south": {"uv": [0, 0, 0, 0], "texture": "#1"},
				"west": {"uv": [0, 0, 0, 0], "texture": "#1"},
				"up": {"uv": [0, 5.5, 8, 11], "rotation": 270, "texture": "#1"},
				"down": {"uv": [8, 5.5, 0, 11], "rotation": 270, "texture": "#1"}
			}
		},
		{
			"from": [0, 3, -2],
			"to": [16, 3, 9],
			"shade": false,
			"rotation": {"angle": -22.5, "axis": "x", "origin": [8, 3, 3.5]},
			"faces": {
				"north": {"uv": [0, 0, 0, 0], "texture": "#1"},
				"east": {"uv": [0, 0, 0, 0], "texture": "#1"},
				"south": {"uv": [0, 0, 0, 0], "texture": "#1"},
				"west": {"uv": [0, 0, 0, 0], "texture": "#1"},
				"up": {"uv": [0, 5.5, 8, 11], "texture": "#1"},
				"down": {"uv": [8, 5.5, 0, 11], "rotation": 180, "texture": "#1"}
			}
		},
		{
			"name": "Firefly",
			"from": [1.24206, 5, 9.49009],
			"to": [1.24206, 6.75, 11.24009],
			"shade": false,
			"rotation": {"angle": -22.5, "axis": "y", "origin": [8, 11, 4.5]},
			"faces": {
				"east": {"uv": [0, 0, 16, 16], "texture": "#3"},
				"west": {"uv": [0, 0, 16, 16], "texture": "#3"}
			}
		},
		{
			"name": "Firefly",
			"from": [-0.75794, 6.5, 10.49009],
			"to": [-0.75794, 8.25, 12.24009],
			"shade": false,
			"rotation": {"angle": 22.5, "axis": "y", "origin": [6, 12.5, 5.5]},
			"faces": {
				"east": {"uv": [0, 0, 16, 16], "texture": "#3"},
				"west": {"uv": [0, 0, 16, 16], "texture": "#3"}
			}
		},
		{
			"name": "Firefly",
			"from": [3.74206, 8.5, 11.99009],
			"to": [3.74206, 10.25, 13.74009],
			"shade": false,
			"rotation": {"angle": -22.5, "axis": "y", "origin": [10.5, 14.5, 7]},
			"faces": {
				"east": {"uv": [0, 0, 16, 16], "texture": "#3"},
				"west": {"uv": [0, 0, 16, 16], "texture": "#3"}
			}
		},
		{
			"name": "Firefly",
			"from": [2.24206, 8, 6.49009],
			"to": [2.24206, 9.75, 8.24009],
			"shade": false,
			"rotation": {"angle": -22.5, "axis": "y", "origin": [9, 14, 1.5]},
			"faces": {
				"east": {"uv": [0, 0, 16, 16], "texture": "#3"},
				"west": {"uv": [0, 0, 16, 16], "texture": "#3"}
			}
		},
		{
			"name": "Firefly",
			"from": [-5.25794, 2.5, 7.49009],
			"to": [-5.25794, 4.25, 9.24009],
			"shade": false,
			"rotation": {"angle": 45, "axis": "y", "origin": [1.5, 8.5, 2.5]},
			"faces": {
				"east": {"uv": [0, 0, 16, 16], "texture": "#3"},
				"west": {"uv": [0, 0, 16, 16], "texture": "#3"}
			}
		},
		{
			"name": "Firefly",
			"from": [8.75991, 5.5, 0.74206],
			"to": [10.50991, 7.25, 0.74206],
			"shade": false,
			"rotation": {"angle": 0, "axis": "y", "origin": [15.5, 11.5, 7.5]},
			"faces": {
				"north": {"uv": [0, 0, 16, 16], "texture": "#3"},
				"south": {"uv": [0, 0, 16, 16], "texture": "#3"}
			}
		},
		{
			"name": "Firefly",
			"from": [3.75991, 6.5, -1.25794],
			"to": [5.50991, 8.25, -1.25794],
			"shade": false,
			"rotation": {"angle": 22.5, "axis": "y", "origin": [10.5, 12.5, 5.5]},
			"faces": {
				"north": {"uv": [0, 0, 16, 16], "texture": "#3"},
				"south": {"uv": [0, 0, 16, 16], "texture": "#3"}
			}
		},
		{
			"name": "Firefly",
			"from": [4.75991, 9, 4.24206],
			"to": [6.50991, 10.75, 4.24206],
			"shade": false,
			"rotation": {"angle": -22.5, "axis": "y", "origin": [11.5, 15, 11]},
			"faces": {
				"north": {"uv": [0, 0, 16, 16], "texture": "#3"},
				"south": {"uv": [0, 0, 16, 16], "texture": "#3"}
			}
		},
		{
			"name": "Firefly",
			"from": [7.25991, 6, -2.25794],
			"to": [9.00991, 7.75, -2.25794],
			"shade": false,
			"rotation": {"angle": 22.5, "axis": "y", "origin": [14, 12, 4.5]},
			"faces": {
				"north": {"uv": [0, 0, 16, 16], "texture": "#3"},
				"south": {"uv": [0, 0, 16, 16], "texture": "#3"}
			}
		},
		{
			"name": "Firefly",
			"from": [7.75991, 2.5, -5.25794],
			"to": [9.50991, 4.25, -5.25794],
			"shade": false,
			"rotation": {"angle": 45, "axis": "y", "origin": [14.5, 8.5, 1.5]},
			"faces": {
				"north": {"uv": [0, 0, 16, 16], "texture": "#3"},
				"south": {"uv": [0, 0, 16, 16], "texture": "#3"}
			}
		},
		{
			"name": "Firefly",
			"from": [7.25991, 3, 2.74206],
			"to": [9.00991, 4.75, 2.74206],
			"shade": false,
			"rotation": {"angle": -22.5, "axis": "y", "origin": [14, 9, 9.5]},
			"faces": {
				"north": {"uv": [0, 0, 16, 16], "texture": "#3"},
				"south": {"uv": [0, 0, 16, 16], "texture": "#3"}
			}
		},
		{
			"name": "Firefly",
			"from": [14.25794, 2.5, 1.25991],
			"to": [14.25794, 4.25, 3.00991],
			"shade": false,
			"rotation": {"angle": -22.5, "axis": "y", "origin": [7.5, 8.5, 8]},
			"faces": {
				"east": {"uv": [0, 0, 16, 16], "texture": "#3"},
				"west": {"uv": [0, 0, 16, 16], "texture": "#3"}
			}
		},
		{
			"name": "Firefly",
			"from": [18.75794, 6.5, 4.75991],
			"to": [18.75794, 8.25, 6.50991],
			"shade": false,
			"rotation": {"angle": 22.5, "axis": "y", "origin": [12, 12.5, 11.5]},
			"faces": {
				"east": {"uv": [0, 0, 16, 16], "texture": "#3"},
				"west": {"uv": [0, 0, 16, 16], "texture": "#3"}
			}
		},
		{
			"name": "Firefly",
			"from": [18.25794, 6, 6.49009],
			"to": [18.25794, 7.75, 8.24009],
			"shade": false,
			"rotation": {"angle": -22.5, "axis": "y", "origin": [11.5, 12, 1.5]},
			"faces": {
				"east": {"uv": [16, 0, 0, 16], "texture": "#3"},
				"west": {"uv": [16, 0, 0, 16], "texture": "#3"}
			}
		},
		{
			"name": "Firefly",
			"from": [19.25794, 9, 4.49009],
			"to": [19.25794, 10.75, 6.24009],
			"shade": false,
			"rotation": {"angle": -45, "axis": "y", "origin": [12.5, 15, -0.5]},
			"faces": {
				"east": {"uv": [16, 0, 0, 16], "texture": "#3"},
				"west": {"uv": [16, 0, 0, 16], "texture": "#3"}
			}
		},
		{
			"name": "Firefly",
			"from": [21.25794, 2.5, 7.49009],
			"to": [21.25794, 4.25, 9.24009],
			"shade": false,
			"rotation": {"angle": -45, "axis": "y", "origin": [14.5, 8.5, 2.5]},
			"faces": {
				"east": {"uv": [16, 0, 0, 16], "texture": "#3"},
				"west": {"uv": [16, 0, 0, 16], "texture": "#3"}
			}
		},
		{
			"name": "Firefly",
			"from": [1.75991, 5.5, 13.75794],
			"to": [3.50991, 7.25, 13.75794],
			"shade": false,
			"rotation": {"angle": 22.5, "axis": "y", "origin": [8.5, 11.5, 7]},
			"faces": {
				"north": {"uv": [16, 0, 0, 16], "texture": "#3"},
				"south": {"uv": [16, 0, 0, 16], "texture": "#3"}
			}
		},
		{
			"name": "Firefly",
			"from": [10.75991, 6, 17.75794],
			"to": [12.50991, 7.75, 17.75794],
			"shade": false,
			"rotation": {"angle": -22.5, "axis": "y", "origin": [17.5, 12, 11]},
			"faces": {
				"north": {"uv": [16, 0, 0, 16], "texture": "#3"},
				"south": {"uv": [16, 0, 0, 16], "texture": "#3"}
			}
		},
		{
			"name": "Firefly",
			"from": [3.75991, 10, 11.75794],
			"to": [5.50991, 11.75, 11.75794],
			"shade": false,
			"rotation": {"angle": 22.5, "axis": "y", "origin": [10.5, 16, 5]},
			"faces": {
				"north": {"uv": [16, 0, 0, 16], "texture": "#3"},
				"south": {"uv": [16, 0, 0, 16], "texture": "#3"}
			}
		},
		{
			"name": "Firefly",
			"from": [9.75991, 7, 13.75794],
			"to": [11.50991, 8.75, 13.75794],
			"shade": false,
			"rotation": {"angle": 22.5, "axis": "y", "origin": [16.5, 13, 7]},
			"faces": {
				"north": {"uv": [16, 0, 0, 16], "texture": "#3"},
				"south": {"uv": [16, 0, 0, 16], "texture": "#3"}
			}
		},
		{
			"name": "Firefly",
			"from": [14.75991, 2.5, 21.75794],
			"to": [16.50991, 4.25, 21.75794],
			"shade": false,
			"rotation": {"angle": -45, "axis": "y", "origin": [21.5, 8.5, 15]},
			"faces": {
				"north": {"uv": [16, 0, 0, 16], "texture": "#3"},
				"south": {"uv": [16, 0, 0, 16], "texture": "#3"}
			}
		},
		{
			"name": "Firefly",
			"from": [-0.24009, 3, 13.25794],
			"to": [1.50991, 4.75, 13.25794],
			"shade": false,
			"rotation": {"angle": 22.5, "axis": "y", "origin": [6.5, 9, 6.5]},
			"faces": {
				"north": {"uv": [16, 0, 0, 16], "texture": "#3"},
				"south": {"uv": [16, 0, 0, 16], "texture": "#3"}
			}
		}
	],
	"groups": [
		{
			"name": "Stem",
			"origin": [8, 5.5, 8],
			"color": 0,
			"children": [0, 1]
		},
		{
			"name": "Bush",
			"origin": [8, 5.5, 8],
			"color": 0,
			"children": [2, 3, 4, 5, 6, 7, 8, 9, 10, 11, 12, 13, 14, 15, 16, 17]
		},
		{
			"name": "Fireflies_1",
			"origin": [1.5, 8.5, 2.5],
			"color": 0,
			"children": [18, 19, 20, 21, 22]
		},
		{
			"name": "Fireflies_2",
			"origin": [1.5, 8.5, 2.5],
			"color": 0,
			"children": [23, 24, 25, 26, 27, 28]
		},
		{
			"name": "Fireflies_3",
			"origin": [1.5, 8.5, 2.5],
			"color": 0,
			"children": [29, 30, 31, 32, 33]
		},
		{
			"name": "Fireflies_4",
			"origin": [1.5, 8.5, 2.5],
			"color": 0,
			"children": [34, 35, 36, 37, 38, 39]
		}
	]
}