{
	"credit": "Made with Blockbench",
	"textures": {
		"0": "blocks/torch_on",
		"1": "blocks/torch",
		"particle": "blocks/torch_on"
	},
	"elements": [
		{
			"name": "cube",
			"from": [2.5, 1.5, 7],
			"to": [4.5, 6.5, 9],
			"faces": {
				"north": {
					"uv": [7.016, 9.516, 8.984, 14.484],
					"texture": "#1"
				},
				"east": {
					"uv": [7.016, 9.516, 8.984, 14.484],
					"texture": "#1"
				},
				"south": {
					"uv": [7.016, 9.516, 8.984, 14.484],
					"texture": "#1"
				},
				"west": {
					"uv": [7.016, 9.516, 8.984, 14.484],
					"texture": "#1"
				},
				"up": {
					"uv": [0.016, 0.016, 1.984, 1.984],
					"texture": "#1"
				},
				"down": {
					"uv": [7.516, 14.516, 8.984, 15.984],
					"texture": "#1"
				}
			}
		},
		{
			"name": "cube",
			"from": [2, 2.5, 6.5],
			"to": [5, 4, 9.5],
			"faces": {
				"north": {
					"uv": [6.516, 12.016, 9.484, 13.484],
					"texture": "#1"
				},
				"east": {
					"uv": [6.516, 12.016, 9.484, 13.484],
					"texture": "#1"
				},
				"south": {
					"uv": [6.516, 12.016, 9.484, 13.484],
					"texture": "#1"
				},
				"west": {
					"uv": [6.516, 12.016, 9.484, 13.484],
					"texture": "#1"
				},
				"up": {
					"uv": [7.516, 12.016, 8.984, 13.484],
					"texture": "#1"
				},
				"down": {
					"uv": [7.516, 12.016, 8.984, 13.484],
					"texture": "#1"
				}
			}
		},
		{
			"name": "cube",
			"from": [2, 6.5, 6.5],
			"to": [5, 7.5, 9.5],
			"faces": {
				"north": {
					"uv": [6.516, 8.516, 9.484, 9.484],
					"texture": "#1"
				},
				"east": {
					"uv": [6.516, 8.516, 9.484, 9.484],
					"texture": "#1"
				},
				"south": {
					"uv": [6.516, 8.516, 9.484, 9.484],
					"texture": "#1"
				},
				"west": {
					"uv": [6.516, 8.516, 9.484, 9.484],
					"texture": "#1"
				},
				"up": {
					"uv": [7.016, 8.516, 7.484, 8.984],
					"texture": "#1"
				},
				"down": {
					"uv": [7.016, 8.016, 7.484, 8.484],
					"texture": "#1"
				}
			}
		},
		{
			"name": "cube",
			"from": [2.5, 7, 9.5],
			"to": [4.5, 8.5, 10],
			"faces": {
				"north": {
					"uv": [7.016, 7.516, 8.984, 8.984],
					"texture": "#1"
				},
				"east": {
					"uv": [8.516, 7.516, 8.984, 8.984],
					"texture": "#1"
				},
				"south": {
					"uv": [7.016, 7.516, 8.984, 8.984],
					"texture": "#1"
				},
				"west": {
					"uv": [7.016, 7.516, 7.484, 8.984],
					"texture": "#1"
				},
				"up": {
					"uv": [7.016, 7.516, 8.984, 7.984],
					"texture": "#1"
				},
				"down": {
					"uv": [7.016, 8.516, 8.984, 8.984],
					"texture": "#1"
				}
			}
		},
		{
			"name": "cube",
			"from": [1.5, 8, 10],
			"to": [5.5, 9.5, 10.5],
			"faces": {
				"north": {
					"uv": [6.016, 6.516, 9.984, 7.984],
					"texture": "#1"
				},
				"east": {
					"uv": [9.516, 6.516, 9.984, 7.984],
					"texture": "#1"
				},
				"south": {
					"uv": [6.016, 6.516, 9.984, 7.984],
					"texture": "#1"
				},
				"west": {
					"uv": [6.016, 6.516, 6.484, 7.984],
					"texture": "#1"
				},
				"up": {
					"uv": [6.016, 6.516, 9.984, 6.984],
					"texture": "#1"
				},
				"down": {
					"uv": [6.016, 7.516, 9.984, 7.984],
					"texture": "#1"
				}
			}
		},
		{
			"name": "cube",
			"from": [1, 9.5, 7],
			"to": [1.5, 11, 9],
			"faces": {
				"north": {
					"uv": [7.016, 5.016, 7.484, 6.484],
					"texture": "#1"
				},
				"east": {
					"uv": [7.016, 5.016, 8.984, 6.484],
					"texture": "#1"
				},
				"south": {
					"uv": [8.516, 5.016, 8.984, 6.484],
					"texture": "#1"
				},
				"west": {
					"uv": [7.016, 5.016, 8.984, 6.484],
					"texture": "#1"
				},
				"up": {
					"uv": [7.016, 5.016, 8.984, 5.484],
					"texture": "#1",
					"rotation": 90
				},
				"down": {
					"uv": [0.016, 0.016, 0.5, 1.984],
					"texture": "#1"
				}
			}
		},
		{
			"name": "cube",
			"from": [2.5, 9.5, 5.5],
			"to": [4.5, 11, 6],
			"faces": {
				"north": {
					"uv": [7.016, 5.016, 8.984, 6.484],
					"texture": "#1"
				},
				"east": {
					"uv": [7.016, 5.016, 7.25, 5.75],
					"texture": "#1"
				},
				"south": {
					"uv": [7.016, 5.016, 8.984, 6.484],
					"texture": "#1"
				},
				"west": {
					"uv": [8.516, 5.016, 8.75, 5.75],
					"texture": "#1"
				},
				"up": {
					"uv": [7.016, 5.016, 7.984, 5.25],
					"texture": "#1"
				},
				"down": {
					"uv": [0.016, 0.016, 0.5, 1.984],
					"texture": "#1",
					"rotation": 270
				}
			}
		},
		{
			"name": "cube",
			"from": [5.5, 9.5, 7],
			"to": [6, 11, 9],
			"faces": {
				"north": {
					"uv": [8.516, 5.016, 8.984, 6.484],
					"texture": "#1"
				},
				"east": {
					"uv": [7.016, 5.016, 8.984, 6.484],
					"texture": "#1"
				},
				"south": {
					"uv": [7.016, 5.016, 7.484, 6.484],
					"texture": "#1"
				},
				"west": {
					"uv": [7.016, 5.016, 8.984, 6.484],
					"texture": "#1"
				},
				"up": {
					"uv": [7.016, 5.016, 8.984, 5.484],
					"texture": "#1",
					"rotation": 90
				},
				"down": {
					"uv": [0.016, 0.016, 0.5, 1.984],
					"texture": "#1",
					"rotation": 180
				}
			}
		},
		{
			"name": "cube",
			"from": [2.5, 9.5, 10],
			"to": [4.5, 11, 10.5],
			"faces": {
				"north": {
					"uv": [7.016, 5.016, 8.984, 6.484],
					"texture": "#1"
				},
				"east": {
					"uv": [8.516, 5.016, 8.984, 6.484],
					"texture": "#1"
				},
				"south": {
					"uv": [7.016, 5.016, 8.984, 6.484],
					"texture": "#1"
				},
				"west": {
					"uv": [7.016, 5.016, 7.484, 6.484],
					"texture": "#1"
				},
				"up": {
					"uv": [7.016, 5.016, 8.984, 5.484],
					"texture": "#1"
				},
				"down": {
					"uv": [0.016, 0.016, 0.5, 1.984],
					"texture": "#1",
					"rotation": 90
				}
			}
		},
		{
			"name": "cube",
			"from": [3, 11, 5.5],
			"to": [4, 11.5, 6],
			"faces": {
				"north": {
					"uv": [7.516, 4.516, 8.484, 4.984],
					"texture": "#1"
				},
				"east": {
					"uv": [7.516, 4.516, 7.984, 4.984],
					"texture": "#1"
				},
				"south": {
					"uv": [7.516, 4.516, 8.484, 4.984],
					"texture": "#1"
				},
				"west": {
					"uv": [8.016, 4.516, 8.484, 4.984],
					"texture": "#1"
				},
				"up": {
					"uv": [7.516, 4.516, 8.484, 4.984],
					"texture": "#1"
				},
				"down": {"uv": [0, 0, 0, 0], "texture": "#1"}
			}
		},
		{
			"name": "cube",
			"from": [1, 8, 6],
			"to": [1.5, 9.5, 10],
			"faces": {
				"north": {
					"uv": [6.016, 6.516, 6.484, 7.984],
					"texture": "#1"
				},
				"east": {
					"uv": [6.016, 6.516, 9.984, 7.984],
					"texture": "#1"
				},
				"south": {
					"uv": [9.516, 6.516, 9.984, 7.984],
					"texture": "#1"
				},
				"west": {
					"uv": [6.016, 6.516, 9.984, 7.984],
					"texture": "#1"
				},
				"up": {
					"uv": [6.016, 6.516, 9.984, 6.984],
					"texture": "#1",
					"rotation": 90
				},
				"down": {
					"uv": [6.016, 7.516, 9.984, 7.984],
					"texture": "#1",
					"rotation": 270
				}
			}
		},
		{
			"name": "cube",
			"from": [1.5, 8, 5.5],
			"to": [5.5, 9.5, 6],
			"faces": {
				"north": {
					"uv": [6.016, 6.516, 9.984, 7.984],
					"texture": "#1"
				},
				"east": {
					"uv": [6.016, 6.516, 6.484, 7.984],
					"texture": "#1"
				},
				"south": {
					"uv": [6.016, 6.516, 9.984, 7.984],
					"texture": "#1"
				},
				"west": {
					"uv": [9.516, 6.516, 9.984, 7.984],
					"texture": "#1"
				},
				"up": {
					"uv": [6.016, 6.516, 9.984, 6.984],
					"texture": "#1",
					"rotation": 180
				},
				"down": {
					"uv": [6.016, 7.516, 9.984, 7.984],
					"texture": "#1",
					"rotation": 180
				}
			}
		},
		{
			"name": "cube",
			"from": [5.5, 8, 6],
			"to": [6, 9.5, 10],
			"faces": {
				"north": {
					"uv": [9.516, 6.516, 9.984, 7.984],
					"texture": "#1"
				},
				"east": {
					"uv": [6.016, 6.516, 9.984, 7.984],
					"texture": "#1"
				},
				"south": {
					"uv": [6.016, 6.516, 6.484, 7.984],
					"texture": "#1"
				},
				"west": {
					"uv": [6.016, 6.516, 9.984, 7.984],
					"texture": "#1"
				},
				"up": {
					"uv": [6.016, 6.516, 9.984, 6.984],
					"texture": "#1",
					"rotation": 270
				},
				"down": {
					"uv": [6.016, 7.516, 9.984, 7.984],
					"texture": "#1",
					"rotation": 90
				}
			}
		},
		{
			"name": "cube",
			"from": [1.5, 7, 7],
			"to": [2, 8.5, 9],
			"faces": {
				"north": {
					"uv": [7.016, 7.516, 7.484, 8.984],
					"texture": "#1"
				},
				"east": {
					"uv": [7.016, 7.516, 8.984, 8.984],
					"texture": "#1"
				},
				"south": {
					"uv": [8.516, 7.516, 8.984, 8.984],
					"texture": "#1"
				},
				"west": {
					"uv": [7.016, 7.516, 8.984, 8.984],
					"texture": "#1"
				},
				"up": {
					"uv": [7.016, 7.516, 8.984, 7.984],
					"texture": "#1",
					"rotation": 90
				},
				"down": {
					"uv": [7.016, 8.516, 8.984, 8.984],
					"texture": "#1",
					"rotation": 270
				}
			}
		},
		{
			"name": "cube",
			"from": [2.5, 7, 6],
			"to": [4.5, 8.5, 6.5],
			"faces": {
				"north": {
					"uv": [7.016, 7.516, 8.984, 8.984],
					"texture": "#1"
				},
				"east": {
					"uv": [7.016, 7.516, 7.484, 8.984],
					"texture": "#1"
				},
				"south": {
					"uv": [7.016, 7.516, 8.984, 8.984],
					"texture": "#1"
				},
				"west": {
					"uv": [8.516, 7.516, 8.984, 8.984],
					"texture": "#1"
				},
				"up": {
					"uv": [7.016, 7.516, 8.984, 7.984],
					"texture": "#1",
					"rotation": 180
				},
				"down": {
					"uv": [7.016, 8.516, 8.984, 8.984],
					"texture": "#1",
					"rotation": 180
				}
			}
		},
		{
			"name": "cube",
			"from": [5, 7, 7],
			"to": [5.5, 8.5, 9],
			"faces": {
				"north": {
					"uv": [8.516, 7.516, 8.984, 8.984],
					"texture": "#1"
				},
				"east": {
					"uv": [7.016, 7.516, 8.984, 8.984],
					"texture": "#1"
				},
				"south": {
					"uv": [7.016, 7.516, 7.484, 8.984],
					"texture": "#1"
				},
				"west": {
					"uv": [7.016, 7.516, 8.984, 8.984],
					"texture": "#1"
				},
				"up": {
					"uv": [7.016, 7.516, 8.984, 7.984],
					"texture": "#1",
					"rotation": 270
				},
				"down": {
					"uv": [7.016, 8.516, 8.984, 8.984],
					"texture": "#1",
					"rotation": 90
				}
			}
		},
		{
			"name": "cube",
			"from": [5.5, 11, 7.5],
			"to": [6, 11.5, 8.5],
			"faces": {
				"north": {
					"uv": [8.016, 4.516, 8.484, 4.984],
					"texture": "#1"
				},
				"east": {
					"uv": [7.516, 4.516, 8.484, 4.984],
					"texture": "#1"
				},
				"south": {
					"uv": [7.516, 4.516, 7.984, 4.984],
					"texture": "#1"
				},
				"west": {
					"uv": [7.516, 4.516, 8.484, 4.984],
					"texture": "#1"
				},
				"up": {
					"uv": [7.516, 4.516, 8.484, 4.984],
					"texture": "#1",
					"rotation": 90
				},
				"down": {"uv": [0, 0, 0, 0], "texture": "#1"}
			}
		},
		{
			"name": "cube",
			"from": [3, 11, 10],
			"to": [4, 11.5, 10.5],
			"faces": {
				"north": {
					"uv": [7.516, 4.516, 8.484, 4.984],
					"texture": "#1"
				},
				"east": {
					"uv": [8.016, 4.516, 8.484, 4.984],
					"texture": "#1"
				},
				"south": {
					"uv": [7.516, 4.516, 8.484, 4.984],
					"texture": "#1"
				},
				"west": {
					"uv": [7.516, 4.516, 7.984, 4.984],
					"texture": "#1"
				},
				"up": {
					"uv": [7.516, 4.516, 8.484, 4.984],
					"texture": "#1",
					"rotation": 180
				},
				"down": {"uv": [0, 0, 0, 0], "texture": "#1"}
			}
		},
		{
			"name": "cube",
			"from": [1, 11, 7.5],
			"to": [1.5, 11.5, 8.5],
			"faces": {
				"north": {
					"uv": [7.516, 4.516, 7.984, 4.984],
					"texture": "#1"
				},
				"east": {
					"uv": [7.516, 4.516, 8.484, 4.984],
					"texture": "#1"
				},
				"south": {
					"uv": [8.016, 4.516, 8.484, 4.984],
					"texture": "#1"
				},
				"west": {
					"uv": [7.516, 4.516, 8.484, 4.984],
					"texture": "#1"
				},
				"up": {
					"uv": [7.516, 4.516, 8.484, 4.984],
					"texture": "#1",
					"rotation": 270
				},
				"down": {"uv": [0, 0, 0, 0], "texture": "#1"}
			}
		},
		{
			"name": "cube",
			"from": [2.5, 6, 6.5],
			"to": [4.5, 6.5, 7],
			"faces": {
				"north": {
					"uv": [7.016, 9.516, 8.984, 9.984],
					"texture": "#1"
				},
				"east": {
					"uv": [8.516, 9.516, 8.984, 9.984],
					"texture": "#1"
				},
				"south": {
					"uv": [7.016, 9.516, 8.984, 9.984],
					"texture": "#1"
				},
				"west": {
					"uv": [7.016, 9.516, 7.484, 9.984],
					"texture": "#1"
				},
				"up": {"uv": [0, 0, 0, 0], "texture": "#1"},
				"down": {
					"uv": [7.016, 9.516, 8.984, 9.984],
					"texture": "#1"
				}
			}
		},
		{
			"name": "cube",
			"from": [4.5, 6, 7],
			"to": [5, 6.5, 9],
			"faces": {
				"north": {
					"uv": [7.016, 9.516, 7.484, 9.984],
					"texture": "#1"
				},
				"east": {
					"uv": [7.016, 9.516, 8.984, 9.984],
					"texture": "#1"
				},
				"south": {
					"uv": [8.516, 9.516, 8.984, 9.984],
					"texture": "#1"
				},
				"west": {
					"uv": [7.016, 9.516, 8.984, 9.984],
					"texture": "#1"
				},
				"up": {"uv": [0, 0, 0, 0], "texture": "#1"},
				"down": {
					"uv": [7.016, 9.516, 8.984, 9.984],
					"texture": "#1",
					"rotation": 270
				}
			}
		},
		{
			"name": "cube",
			"from": [2.5, 6, 9],
			"to": [4.5, 6.5, 9.5],
			"faces": {
				"north": {
					"uv": [7.016, 9.516, 8.984, 9.984],
					"texture": "#1"
				},
				"east": {
					"uv": [7.016, 9.516, 7.484, 9.984],
					"texture": "#1"
				},
				"south": {
					"uv": [7.016, 9.516, 8.984, 9.984],
					"texture": "#1"
				},
				"west": {
					"uv": [8.516, 9.516, 8.984, 9.984],
					"texture": "#1"
				},
				"up": {"uv": [0, 0, 0, 0], "texture": "#1"},
				"down": {
					"uv": [7.016, 9.516, 8.984, 9.984],
					"texture": "#1",
					"rotation": 180
				}
			}
		},
		{
			"name": "cube",
			"from": [2, 6, 7],
			"to": [2.5, 6.5, 9],
			"faces": {
				"north": {
					"uv": [8.516, 9.516, 8.984, 9.984],
					"texture": "#1"
				},
				"east": {
					"uv": [7.016, 9.516, 8.984, 9.984],
					"texture": "#1"
				},
				"south": {
					"uv": [7.016, 9.516, 7.484, 9.984],
					"texture": "#1"
				},
				"west": {
					"uv": [7.016, 9.516, 8.984, 9.984],
					"texture": "#1"
				},
				"up": {"uv": [0, 0, 0, 0], "texture": "#1"},
				"down": {
					"uv": [7.016, 9.516, 8.984, 9.984],
					"texture": "#1",
					"rotation": 90
				}
			}
		},
		{
			"name": "cube",
			"from": [1.5, 9.5, 9.5],
			"to": [5.5, 16, 10],
			"shade": false,
			"faces": {
				"north": {
					"uv": [6.016, 0.016, 9.984, 6.484],
					"texture": "#0"
				},
				"south": {
					"uv": [9.984, 0.016, 6.016, 6.484],
					"texture": "#0"
				},
				"up": {
					"uv": [0.016, 0.016, 0.016, 0.016],
					"texture": "#0"
				},
				"down": {
					"uv": [6.016, 6.516, 9.984, 6.984],
					"texture": "#0"
				}
			}
		},
		{
			"name": "cube",
			"from": [1.5, 9.5, 6],
			"to": [2, 16, 10],
			"shade": false,
			"faces": {
				"east": {
					"uv": [9.984, 0.016, 6.016, 6.484],
					"texture": "#0"
				},
				"west": {
					"uv": [6.016, 0.016, 9.984, 6.484],
					"texture": "#0"
				},
				"down": {
					"uv": [6.016, 6.516, 9.984, 6.984],
					"texture": "#0",
					"rotation": 90
				}
			}
		},
		{
			"name": "cube",
			"from": [1.5, 9.5, 6],
			"to": [5.5, 16, 6.5],
			"shade": false,
			"faces": {
				"north": {
					"uv": [9.984, 0.016, 6.016, 6.484],
					"texture": "#0"
				},
				"south": {
					"uv": [6.016, 0.016, 9.984, 6.484],
					"texture": "#0"
				},
				"down": {
					"uv": [6.016, 6.516, 9.984, 6.984],
					"texture": "#0"
				}
			}
		},
		{
			"name": "cube",
			"from": [5, 9.5, 6],
			"to": [5.5, 16, 10],
			"shade": false,
			"faces": {
				"east": {
					"uv": [6.016, 0.016, 9.984, 6.484],
					"texture": "#0"
				},
				"west": {
					"uv": [9.984, 0.016, 6.016, 6.484],
					"texture": "#0"
				},
				"down": {
					"uv": [6.016, 6.516, 9.984, 6.984],
					"texture": "#0",
					"rotation": 90
				}
			}
		},
		{
			"name": "cube",
			"from": [2, 9, 6.5],
			"to": [5, 9.5, 9.5],
			"shade": false,
			"faces": {
				"up": {
					"uv": [8.516, 3.516, 9.984, 4.984],
					"texture": "#0"
				}
			}
		},
		{
			"name": "cube",
			"from": [2, 7.5, 6.5],
			"to": [5, 9.5, 9.5],
			"shade": false,
			"faces": {
				"north": {
					"uv": [6.516, 4.516, 9.484, 6.484],
					"texture": "#0"
				},
				"east": {
					"uv": [6.516, 4.516, 9.484, 6.484],
					"texture": "#0"
				},
				"south": {
					"uv": [6.516, 4.516, 9.484, 6.484],
					"texture": "#0"
				},
				"west": {
					"uv": [6.516, 4.516, 9.484, 6.484],
					"texture": "#0"
				}
			}
		},
		{
			"name": "cube",
			"from": [0, 2.5, 7],
			"to": [2, 4, 7.5],
			"faces": {
				"north": {
					"uv": [7.016, 12.016, 8.984, 13.484],
					"texture": "#1"
				},
				"east": {"uv": [0, 0, 0, 0], "texture": "#1"},
				"south": {
					"uv": [7.016, 12.016, 8.984, 13.484],
					"texture": "#1"
				},
				"west": {
					"uv": [8.016, 12.016, 8.484, 13.484],
					"texture": "#1"
				},
				"up": {
					"uv": [7.016, 12.016, 8.984, 12.484],
					"texture": "#1"
				},
				"down": {
					"uv": [8.016, 12.016, 8.984, 12.25],
					"texture": "#1"
				}
			}
		},
		{
			"name": "cube",
			"from": [0, 2.5, 8.5],
			"to": [2, 4, 9],
			"faces": {
				"north": {
					"uv": [7.016, 12.016, 8.984, 13.484],
					"texture": "#1"
				},
				"east": {"uv": [0, 0, 0, 0], "texture": "#1"},
				"south": {
					"uv": [7.016, 12.016, 8.984, 13.484],
					"texture": "#1"
				},
				"west": {
					"uv": [8.016, 12.016, 8.484, 13.484],
					"texture": "#1"
				},
				"up": {
					"uv": [7.016, 12.016, 8.984, 12.484],
					"texture": "#1"
				},
				"down": {
					"uv": [8.016, 12.016, 8.984, 12.25],
					"texture": "#1"
				}
			}
		}
	]
}