{
  "variants": {
    "dusted=0": [
      { "model": "block/suspicious_sand/0/0" },
      { "model": "block/suspicious_sand/1/0" },
      { "model": "block/suspicious_sand/2/0" },
      { "model": "block/suspicious_sand/3/0" }
    ],
    "dusted=1": [
      { "model": "block/suspicious_sand/0/1" },
      { "model": "block/suspicious_sand/1/1" },
      { "model": "block/suspicious_sand/2/1" },
      { "model": "block/suspicious_sand/3/1" }
    ],
    "dusted=2": [
      { "model": "block/suspicious_sand/0/2" },
      { "model": "block/suspicious_sand/1/2" },
      { "model": "block/suspicious_sand/2/2" },
      { "model": "block/suspicious_sand/3/2" }
    ],
    "dusted=3": [
      { "model": "block/suspicious_sand/0/3" },
      { "model": "block/suspicious_sand/1/3" },
      { "model": "block/suspicious_sand/2/3" },
      { "model": "block/suspicious_sand/3/3" }
    ]
  }
}