{
	"credit": "Made by Starseeker with Blockbench",
	"ambientocclusion": false,
	"textures": {
		"1": "block/plants/cornflower_models/cornflower"
	},
	"elements": [
		{
			"name": "Hub",
			"from": [7, 19.5, 7],
			"to": [9, 23.5, 9],
			"shade": false,
			"rotation": {"angle": 0, "axis": "y", "origin": [0, 9.5, 0]},
			"faces": {
				"north": {"uv": [0, 0, 2, 4], "texture": "#1"},
				"east": {"uv": [0, 0, 2, 4], "texture": "#1"},
				"south": {"uv": [0, 0, 2, 4], "texture": "#1"},
				"west": {"uv": [0, 0, 2, 4], "texture": "#1"},
				"up": {"uv": [2, 0, 4, 2], "texture": "#1"},
				"down": {"uv": [2, 2, 4, 4], "texture": "#1"}
			}
		},
		{
			"name": "Stem 1",
			"from": [4, 9.5, 8],
			"to": [12, 19.5, 8],
			"shade": false,
			"rotation": {"angle": 45, "axis": "y", "origin": [8, 14.5, 8]},
			"faces": {
				"north": {"uv": [0, 6, 8, 16], "texture": "#1"},
				"east": {"uv": [0, 0, 0, 10], "texture": "#1"},
				"south": {"uv": [8, 6, 0, 16], "texture": "#1"},
				"west": {"uv": [0, 0, 0, 10], "texture": "#1"},
				"up": {"uv": [0, 0, 8, 0], "texture": "#1"},
				"down": {"uv": [0, 0, 8, 0], "texture": "#1"}
			}
		},
		{
			"name": "Stem 2",
			"from": [4, 9.5, 8],
			"to": [12, 19.5, 8],
			"shade": false,
			"rotation": {"angle": -45, "axis": "y", "origin": [8, 14.5, 8]},
			"faces": {
				"north": {"uv": [0, 6, 8, 16], "texture": "#1"},
				"east": {"uv": [0, 0, 0, 10], "texture": "#1"},
				"south": {"uv": [8, 6, 0, 16], "texture": "#1"},
				"west": {"uv": [0, 0, 0, 10], "texture": "#1"},
				"up": {"uv": [0, 0, 8, 0], "texture": "#1"},
				"down": {"uv": [0, 0, 8, 0], "texture": "#1"}
			}
		},
		{
			"name": "Petal 1",
			"from": [5, 23, 6],
			"to": [8, 23, 10],
			"shade": false,
			"rotation": {"angle": -22.5, "axis": "z", "origin": [7, 23.5, 8]},
			"faces": {
				"north": {"uv": [0, 0, 3, 0], "texture": "#1"},
				"east": {"uv": [0, 0, 4, 0], "texture": "#1"},
				"south": {"uv": [0, 0, 3, 0], "texture": "#1"},
				"west": {"uv": [0, 0, 4, 0], "texture": "#1"},
				"up": {"uv": [4, 0, 7, 4], "texture": "#1"},
				"down": {"uv": [4, 0, 7, 4], "texture": "#1"}
			}
		},
		{
			"name": "Petal 2",
			"from": [8, 23, 6],
			"to": [11, 23, 10],
			"shade": false,
			"rotation": {"angle": 22.5, "axis": "z", "origin": [9, 23.5, 8]},
			"faces": {
				"north": {"uv": [3, 0, 0, 0], "texture": "#1"},
				"east": {"uv": [4, 0, 0, 0], "texture": "#1"},
				"south": {"uv": [3, 0, 0, 0], "texture": "#1"},
				"west": {"uv": [4, 0, 0, 0], "texture": "#1"},
				"up": {"uv": [7, 0, 4, 4], "texture": "#1"},
				"down": {"uv": [7, 0, 4, 4], "texture": "#1"}
			}
		},
		{
			"name": "Petal 3",
			"from": [6, 23, 5],
			"to": [10, 23, 8],
			"shade": false,
			"rotation": {"angle": 22.5, "axis": "x", "origin": [8, 23, 7]},
			"faces": {
				"north": {"uv": [0, 0, 4, 0], "texture": "#1"},
				"east": {"uv": [0, 0, 3, 0], "texture": "#1"},
				"south": {"uv": [0, 0, 4, 0], "texture": "#1"},
				"west": {"uv": [0, 0, 3, 0], "texture": "#1"},
				"up": {"uv": [4, 0, 7, 4], "rotation": 90, "texture": "#1"},
				"down": {"uv": [7, 0, 4, 4], "rotation": 90, "texture": "#1"}
			}
		},
		{
			"name": "Petal 4",
			"from": [6, 23, 8],
			"to": [10, 23, 11],
			"shade": false,
			"rotation": {"angle": -22.5, "axis": "x", "origin": [8, 23, 9]},
			"faces": {
				"north": {"uv": [0, 0, 4, 0], "texture": "#1"},
				"east": {"uv": [0, 0, 3, 0], "texture": "#1"},
				"south": {"uv": [0, 0, 4, 0], "texture": "#1"},
				"west": {"uv": [0, 0, 3, 0], "texture": "#1"},
				"up": {"uv": [7, 0, 4, 4], "rotation": 90, "texture": "#1"},
				"down": {"uv": [4, 0, 7, 4], "rotation": 90, "texture": "#1"}
			}
		}
	],
	"display": {
		"thirdperson_righthand": {
			"rotation": [75, 45, 0],
			"translation": [0, 2.5, 0],
			"scale": [0.375, 0.375, 0.375]
		},
		"thirdperson_lefthand": {
			"rotation": [75, 45, 0],
			"translation": [0, 2.5, 0],
			"scale": [0.375, 0.375, 0.375]
		},
		"firstperson_righthand": {
			"rotation": [0, 135, 0],
			"scale": [0.4, 0.4, 0.4]
		},
		"firstperson_lefthand": {
			"rotation": [0, 135, 0],
			"scale": [0.4, 0.4, 0.4]
		},
		"ground": {
			"translation": [0, 3, 0],
			"scale": [0.25, 0.25, 0.25]
		},
		"gui": {
			"rotation": [30, 135, 0],
			"scale": [0.625, 0.625, 0.625]
		},
		"head": {
			"translation": [0, 14.5, 0]
		},
		"fixed": {
			"translation": [0, 0, -1],
			"scale": [0.75, 0.75, 0.75]
		}
	},
	"groups": [
		{
			"name": "Flower",
			"origin": [8, 13.5, 9],
			"color": 0,
			"shade": false,
			"children": [0, 1, 2, 3, 4, 5, 6]
		}
	]
}