{
	"variants": {
		"type=bottom": [
			{ "model":"block/slabs/snowy/blackstone/blackstone_slab_bottom_0" },
			{ "model":"block/slabs/snowy/blackstone/blackstone_slab_bottom_1" },
			{ "model":"block/slabs/snowy/blackstone/blackstone_slab_bottom_2" },
			{ "model":"block/slabs/snowy/blackstone/blackstone_slab_bottom_3" }
		],
		"type=top": [
			{ "model":"block/slabs/snowy/blackstone/blackstone_slab_top_0" },
			{ "model":"block/slabs/snowy/blackstone/blackstone_slab_top_1" },
			{ "model":"block/slabs/snowy/blackstone/blackstone_slab_top_2" },
			{ "model":"block/slabs/snowy/blackstone/blackstone_slab_top_3" }
		],
		"type=double": [
			{ "model":"block/blackstone/0" },
			{ "model":"block/blackstone/1" },
			{ "model":"block/blackstone/2" },
			{ "model":"block/blackstone/3" }
		]
	}
}
