{
	"variants": {
		"type=bottom": [
			{ "model":"block/slabs/snowy/cobblestone/cobblestone_slab_bottom_0" },
			{ "model":"block/slabs/snowy/cobblestone/cobblestone_slab_bottom_1" },
			{ "model":"block/slabs/snowy/cobblestone/cobblestone_slab_bottom_2" },
			{ "model":"block/slabs/snowy/cobblestone/cobblestone_slab_bottom_3" },
			{ "model":"block/slabs/snowy/cobblestone/cobblestone_slab_bottom_4" },
			{ "model":"block/slabs/snowy/cobblestone/cobblestone_slab_bottom_5" },
			{ "model":"block/slabs/snowy/cobblestone/cobblestone_slab_bottom_6" },
			{ "model":"block/slabs/snowy/cobblestone/cobblestone_slab_bottom_7" },
			{ "model":"block/slabs/snowy/cobblestone/cobblestone_slab_bottom_8" }
		],
		"type=top": [
			{ "model":"block/slabs/snowy/cobblestone/cobblestone_slab_top_0" },
			{ "model":"block/slabs/snowy/cobblestone/cobblestone_slab_top_1" },
			{ "model":"block/slabs/snowy/cobblestone/cobblestone_slab_top_2" },
			{ "model":"block/slabs/snowy/cobblestone/cobblestone_slab_top_3" },
			{ "model":"block/slabs/snowy/cobblestone/cobblestone_slab_top_4" },
			{ "model":"block/slabs/snowy/cobblestone/cobblestone_slab_top_5" },
			{ "model":"block/slabs/snowy/cobblestone/cobblestone_slab_top_6" },
			{ "model":"block/slabs/snowy/cobblestone/cobblestone_slab_top_7" },
			{ "model":"block/slabs/snowy/cobblestone/cobblestone_slab_top_8" }
		],
		"type=double": [
			{ "model":"block/cobblestone/0" },
			{ "model":"block/cobblestone/1" },
			{ "model":"block/cobblestone/2" },
			{ "model":"block/cobblestone/3" },
			{ "model":"block/cobblestone/4" },
			{ "model":"block/cobblestone/5" },
			{ "model":"block/cobblestone/6" },
			{ "model":"block/cobblestone/7" },
			{ "model":"block/cobblestone/8" }
		]
	}
}
