{
	"variants": {
		"type=bottom": [
			{ "model":"block/slabs/snowy/deepslate/polished_deepslate_slab_bottom_0" },
			{ "model":"block/slabs/snowy/deepslate/polished_deepslate_slab_bottom_1" },
			{ "model":"block/slabs/snowy/deepslate/polished_deepslate_slab_bottom_2" },
			{ "model":"block/slabs/snowy/deepslate/polished_deepslate_slab_bottom_3" },
			{ "model":"block/slabs/snowy/deepslate/polished_deepslate_slab_bottom_4" }
		],
		"type=top": [
			{ "model":"block/slabs/snowy/deepslate/polished_deepslate_slab_top_0" },
			{ "model":"block/slabs/snowy/deepslate/polished_deepslate_slab_top_1" },
			{ "model":"block/slabs/snowy/deepslate/polished_deepslate_slab_top_2" },
			{ "model":"block/slabs/snowy/deepslate/polished_deepslate_slab_top_3" },
			{ "model":"block/slabs/snowy/deepslate/polished_deepslate_slab_top_4" }
		],
		"type=double": [
			{ "model":"block/deepslate/polished/0" },
			{ "model":"block/deepslate/polished/1" },
			{ "model":"block/deepslate/polished/2" },
			{ "model":"block/deepslate/polished/3" },
			{ "model":"block/deepslate/polished/4" }
		]
	}
}
