{
	"credit": "Made By WantedRobot",
	"textures": {
		"1": "block/powered_rail",
		"rail": "block/rail",
		"particle": "block/powered_rail"
	},
	"elements": [
		{
			"from": [7, 0.75, 1.5],
			"to": [9, 1.25, 3.5],
			"faces": {
				"north": {"uv": [7, 12.5, 9, 13], "rotation": 180, "texture": "#1"},
				"east": {"uv": [8.5, 12.5, 9, 14.5], "rotation": 90, "texture": "#1"},
				"south": {"uv": [7, 14, 9, 14.5], "texture": "#1"},
				"west": {"uv": [7, 12.5, 7.5, 14.5], "rotation": 270, "texture": "#1"},
				"up": {"uv": [7, 1.5, 9, 3.5], "texture": "#1"}
			}
		},
		{
			"from": [7.5, 0.25, 0],
			"to": [8.5, 0.75, 5],
			"faces": {
				"north": {"uv": [7.5, 11, 8.5, 11.5], "rotation": 180, "texture": "#1", "cullface": "north"},
				"east": {"uv": [8.5, 11.5, 9, 15.5], "rotation": 90, "texture": "#1"},
				"south": {"uv": [7.5, 15.5, 8.5, 16], "texture": "#1"},
				"west": {"uv": [7, 11.5, 7.5, 15.5], "rotation": 270, "texture": "#1"},
				"up": {"uv": [7.5, 11, 8.5, 16], "texture": "#1"},
				"down": {"uv": [7.5, 11, 8.5, 16], "rotation": 180, "texture": "#1"}
			}
		},
		{
			"from": [7, 0.5, 0.5],
			"to": [9, 1, 4.5],
			"faces": {
				"north": {"uv": [7, 11.5, 9, 12], "rotation": 180, "texture": "#1"},
				"east": {"uv": [8.5, 11.5, 9, 15.5], "rotation": 90, "texture": "#1"},
				"south": {"uv": [7, 15, 9, 15.5], "texture": "#1"},
				"west": {"uv": [7, 11.5, 7.5, 15.5], "rotation": 270, "texture": "#1"},
				"up": {"uv": [7, 11.5, 9, 15.5], "texture": "#1"}
			}
		},
		{
			"from": [6.5, 0.5, 1],
			"to": [9.5, 1, 4],
			"faces": {
				"north": {"uv": [6.5, 12, 9.5, 12.5], "rotation": 180, "texture": "#1"},
				"east": {"uv": [9, 12, 9.5, 15], "rotation": 90, "texture": "#1"},
				"south": {"uv": [6.5, 14.5, 9.5, 15], "texture": "#1"},
				"west": {"uv": [6.5, 12, 7, 15], "rotation": 270, "texture": "#1"},
				"up": {"uv": [6.5, 12, 9.5, 15], "texture": "#1"}
			}
		},
		{
			"from": [7.5, 0.75, 1],
			"to": [8.5, 1.25, 4],
			"faces": {
				"north": {"uv": [7.5, 12, 8.5, 12.5], "rotation": 180, "texture": "#1"},
				"east": {"uv": [8, 12, 8.5, 15], "rotation": 90, "texture": "#1"},
				"south": {"uv": [7.5, 14.5, 8.5, 15], "texture": "#1"},
				"west": {"uv": [7.5, 12, 8, 15], "rotation": 270, "texture": "#1"},
				"up": {"uv": [7.5, 1, 8.5, 4], "texture": "#1"}
			}
		},
		{
			"from": [11.5, 0.75, 1],
			"to": [14, 1, 4],
			"faces": {
				"north": {"uv": [11.5, 1, 14, 1.5], "rotation": 180, "texture": "#1"},
				"east": {"uv": [13.5, 1, 14, 4], "rotation": 90, "texture": "#1"},
				"south": {"uv": [11.5, 3.5, 14, 4], "texture": "#1"},
				"west": {"uv": [11.5, 1, 12, 4], "rotation": 270, "texture": "#1"},
				"up": {"uv": [11.5, 1, 14, 4], "texture": "#1"}
			}
		},
		{
			"from": [0, 0, 1],
			"to": [16, 0.5, 4],
			"faces": {
				"north": {"uv": [0, 1, 16, 1.5], "rotation": 180, "texture": "#rail"},
				"east": {"uv": [15.5, 1, 16, 4], "rotation": 90, "texture": "#rail", "cullface": "east"},
				"south": {"uv": [0, 3.5, 16, 4], "texture": "#rail"},
				"west": {"uv": [0, 1, 0.5, 4], "rotation": 270, "texture": "#rail", "cullface": "west"},
				"up": {"uv": [0, 1, 16, 4], "texture": "#1"},
				"down": {"uv": [0, 1, 16, 4], "texture": "#rail", "cullface": "down"}
			}
		},
		{
			"from": [0, 0, 6.5],
			"to": [16, 0.5, 9.5],
			"faces": {
				"north": {"uv": [0, 6.5, 16, 7], "texture": "#rail"},
				"east": {"uv": [15.5, 6.5, 16, 9.5], "rotation": 90, "texture": "#rail", "cullface": "east"},
				"south": {"uv": [0, 9, 16, 9.5], "texture": "#rail"},
				"west": {"uv": [0, 6.5, 0.5, 9.5], "rotation": 270, "texture": "#rail", "cullface": "west"},
				"up": {"uv": [0, 6.5, 16, 9.5], "texture": "#1"},
				"down": {"uv": [0, 6.5, 16, 9.5], "texture": "#rail", "cullface": "down"}
			}
		},
		{
			"from": [0, 0, 12],
			"to": [16, 0.5, 15],
			"faces": {
				"north": {"uv": [0, 12, 16, 12.5], "rotation": 180, "texture": "#rail"},
				"east": {"uv": [15.5, 12, 16, 15], "rotation": 90, "texture": "#rail", "cullface": "east"},
				"south": {"uv": [0, 1, 16, 1.5], "texture": "#rail"},
				"west": {"uv": [0, 12, 0.5, 15], "rotation": 270, "texture": "#rail", "cullface": "west"},
				"up": {"uv": [0, 12, 16, 15], "texture": "#1"},
				"down": {"uv": [0, 12, 16, 15], "texture": "#rail", "cullface": "down"}
			}
		},
		{
			"from": [0.5, -0.001, 0.5],
			"to": [15.5, 0.499, 4.5],
			"faces": {
				"north": {"uv": [4.5, 0.5, 11.5, 1], "texture": "#rail"},
				"east": {"uv": [15, 0.5, 15.5, 4.5], "rotation": 90, "texture": "#rail"},
				"south": {"uv": [4.5, 4, 11.5, 4.5], "texture": "#rail"},
				"west": {"uv": [0.5, 0.5, 1, 4.5], "rotation": 270, "texture": "#rail"},
				"up": {"uv": [0.5, 0.5, 15.5, 4.5], "texture": "#1"},
				"down": {"uv": [5.5, 0.5, 10.5, 4.5], "rotation": 180, "texture": "#rail", "cullface": "down"}
			}
		},
		{
			"from": [0.5, -0.001, 6],
			"to": [15.5, 0.499, 10],
			"faces": {
				"north": {"uv": [4.5, 6, 11.5, 6.5], "texture": "#rail"},
				"east": {"uv": [15, 6, 15.5, 10], "rotation": 90, "texture": "#rail"},
				"south": {"uv": [4.5, 9.5, 11.5, 10], "texture": "#rail"},
				"west": {"uv": [0.5, 11.5, 1, 15.5], "rotation": 270, "texture": "#rail"},
				"up": {"uv": [0.5, 6, 15.5, 10], "texture": "#1"},
				"down": {"uv": [5.5, 6, 10.5, 10], "rotation": 180, "texture": "#rail", "cullface": "down"}
			}
		},
		{
			"from": [0.5, -0.001, 11.5],
			"to": [15.5, 0.499, 15.5],
			"faces": {
				"north": {"uv": [4.5, 11.5, 11.5, 12], "texture": "#rail"},
				"east": {"uv": [15, 11.5, 15.5, 15.5], "rotation": 90, "texture": "#rail"},
				"south": {"uv": [4.5, 15, 11.5, 15.5], "texture": "#rail"},
				"west": {"uv": [0.5, 11.5, 1, 15.5], "rotation": 270, "texture": "#rail"},
				"up": {"uv": [0.5, 11.5, 15.5, 15.5], "texture": "#1"},
				"down": {"uv": [5.5, 11.5, 10.5, 15.5], "rotation": 180, "texture": "#rail", "cullface": "down"}
			}
		},
		{
			"from": [2.5, 0.75, 0],
			"to": [4, 1, 16],
			"faces": {
				"north": {"uv": [2.5, 0, 4, 0.5], "rotation": 180, "texture": "#1", "cullface": "north"},
				"east": {"uv": [3.5, 0, 4, 16], "rotation": 90, "texture": "#1"},
				"south": {"uv": [2.5, 15.5, 4, 16], "texture": "#1", "cullface": "south"},
				"west": {"uv": [2.5, 0, 3, 16], "rotation": 270, "texture": "#1"},
				"up": {"uv": [2.5, 0, 4, 16], "texture": "#1"}
			}
		},
		{
			"from": [12, 0.75, 0],
			"to": [13.5, 1, 16],
			"faces": {
				"north": {"uv": [12, 0, 13.5, 0.5], "rotation": 180, "texture": "#1", "cullface": "north"},
				"east": {"uv": [13, 0, 13.5, 16], "rotation": 90, "texture": "#1"},
				"south": {"uv": [12, 15.5, 13.5, 16], "texture": "#1", "cullface": "south"},
				"west": {"uv": [12, 0, 12.5, 16], "rotation": 270, "texture": "#1"},
				"up": {"uv": [12, 0, 13.5, 16], "texture": "#1"}
			}
		},
		{
			"from": [12.5, 1, 0],
			"to": [13, 1.5, 16],
			"faces": {
				"north": {"uv": [12.5, 0, 13, 0.5], "texture": "#1", "cullface": "north"},
				"east": {"uv": [12.5, 0, 13, 16], "rotation": 90, "texture": "#1"},
				"south": {"uv": [12.5, 15.5, 13, 16], "texture": "#1", "cullface": "south"},
				"west": {"uv": [12.5, 0, 13, 16], "rotation": 270, "texture": "#1"},
				"up": {"uv": [12.5, 0, 13, 16], "texture": "#1"}
			}
		},
		{
			"from": [3, 1, 0],
			"to": [3.5, 1.5, 16],
			"faces": {
				"north": {"uv": [3, 0, 3.5, 0.5], "texture": "#1", "cullface": "north"},
				"east": {"uv": [3, 0, 3.5, 16], "rotation": 90, "texture": "#1"},
				"south": {"uv": [3, 15.5, 3.5, 16], "texture": "#1", "cullface": "south"},
				"west": {"uv": [3, 0, 3.5, 16], "rotation": 270, "texture": "#1"},
				"up": {"uv": [3, 0, 3.5, 16], "texture": "#1"}
			}
		},
		{
			"from": [1.5, 0.5, 13],
			"to": [14.5, 0.75, 14],
			"faces": {
				"north": {"uv": [1.5, 13, 14.5, 13.5], "rotation": 180, "texture": "#1"},
				"east": {"uv": [14, 13, 14.5, 14], "rotation": 90, "texture": "#rail"},
				"south": {"uv": [1.5, 13.5, 14.5, 14], "texture": "#1"},
				"west": {"uv": [14, 13, 14.5, 14], "rotation": 90, "texture": "#1"},
				"up": {"uv": [1.5, 13, 14.5, 14], "texture": "#1"}
			}
		},
		{
			"from": [1.5, 0.5, 7.5],
			"to": [14.5, 0.75, 8.5],
			"faces": {
				"north": {"uv": [1.5, 7.5, 14.5, 8], "rotation": 180, "texture": "#1"},
				"east": {"uv": [14, 7.5, 14.5, 8.5], "rotation": 90, "texture": "#rail"},
				"south": {"uv": [1.5, 8, 14.5, 8.5], "texture": "#1"},
				"west": {"uv": [14, 7.5, 14.5, 8.5], "rotation": 90, "texture": "#1"},
				"up": {"uv": [1.5, 7.5, 14.5, 8.5], "texture": "#1"}
			}
		},
		{
			"from": [1.5, 0.5, 2],
			"to": [14.5, 0.75, 3],
			"faces": {
				"north": {"uv": [1.5, 2, 14.5, 2.5], "rotation": 180, "texture": "#1"},
				"east": {"uv": [14, 2, 14.5, 3], "rotation": 90, "texture": "#rail"},
				"south": {"uv": [1.5, 2.5, 14.5, 3], "texture": "#1"},
				"west": {"uv": [14, 2, 14.5, 3], "rotation": 90, "texture": "#1"},
				"up": {"uv": [1.5, 2, 14.5, 3], "texture": "#1"}
			}
		},
		{
			"from": [11.5, 0.5, 0],
			"to": [14, 0.75, 16],
			"faces": {
				"north": {"uv": [11.5, 0, 14, 0.5], "rotation": 180, "texture": "#1", "cullface": "north"},
				"east": {"uv": [13.5, 0, 14, 16], "rotation": 270, "texture": "#1"},
				"south": {"uv": [11.5, 15.5, 14, 16], "texture": "#1", "cullface": "south"},
				"west": {"uv": [11.5, 0, 12, 16], "rotation": 90, "texture": "#1"},
				"up": {"uv": [11.5, 0, 14, 16], "texture": "#1"},
				"down": {"uv": [11.5, 0, 14, 16], "texture": "#1"}
			}
		},
		{
			"from": [2, 0.5, 0],
			"to": [4.5, 0.75, 16],
			"faces": {
				"north": {"uv": [2, 0, 4.5, 0.5], "rotation": 180, "texture": "#1", "cullface": "north"},
				"east": {"uv": [4, 0, 4.5, 16], "rotation": 270, "texture": "#1"},
				"south": {"uv": [2, 15.5, 4.5, 16], "texture": "#1", "cullface": "south"},
				"west": {"uv": [2, 0, 2.5, 16], "rotation": 90, "texture": "#1"},
				"up": {"uv": [2, 0, 4.5, 16], "texture": "#1"},
				"down": {"uv": [2, 0, 4.5, 16], "texture": "#1"}
			}
		},
		{
			"from": [7.5, 0.25, 5.5],
			"to": [8.5, 0.75, 10.5],
			"faces": {
				"north": {"uv": [7.5, 11, 8.5, 11.5], "rotation": 180, "texture": "#1"},
				"east": {"uv": [8.5, 11.5, 9, 15.5], "rotation": 90, "texture": "#1"},
				"south": {"uv": [7.5, 15.5, 8.5, 16], "texture": "#1"},
				"west": {"uv": [7, 11.5, 7.5, 15.5], "rotation": 270, "texture": "#1"},
				"up": {"uv": [7.5, 11, 8.5, 16], "texture": "#1"},
				"down": {"uv": [7.5, 11, 8.5, 16], "rotation": 180, "texture": "#1"}
			}
		},
		{
			"from": [7, 0.5, 6],
			"to": [9, 1, 10],
			"faces": {
				"north": {"uv": [7, 11.5, 9, 12], "rotation": 180, "texture": "#1"},
				"east": {"uv": [8.5, 11.5, 9, 15.5], "rotation": 90, "texture": "#1"},
				"south": {"uv": [7, 15, 9, 15.5], "texture": "#1"},
				"west": {"uv": [7, 11.5, 7.5, 15.5], "rotation": 270, "texture": "#1"},
				"up": {"uv": [7, 11.5, 9, 15.5], "texture": "#1"}
			}
		},
		{
			"from": [6.5, 0.5, 6.5],
			"to": [9.5, 1, 9.5],
			"faces": {
				"north": {"uv": [6.5, 12, 9.5, 12.5], "rotation": 180, "texture": "#1"},
				"east": {"uv": [9, 12, 9.5, 15], "rotation": 90, "texture": "#1"},
				"south": {"uv": [6.5, 14.5, 9.5, 15], "texture": "#1"},
				"west": {"uv": [6.5, 12, 7, 15], "rotation": 270, "texture": "#1"},
				"up": {"uv": [6.5, 12, 9.5, 15], "texture": "#1"}
			}
		},
		{
			"from": [7, 0.75, 7],
			"to": [9, 1.25, 9],
			"faces": {
				"north": {"uv": [7, 12.5, 9, 13], "rotation": 180, "texture": "#1"},
				"east": {"uv": [8.5, 12.5, 9, 14.5], "rotation": 90, "texture": "#1"},
				"south": {"uv": [7, 14, 9, 14.5], "texture": "#1"},
				"west": {"uv": [7, 12.5, 7.5, 14.5], "rotation": 270, "texture": "#1"},
				"up": {"uv": [7, 1.5, 9, 3.5], "texture": "#1"}
			}
		},
		{
			"from": [7.5, 0.75, 6.5],
			"to": [8.5, 1.25, 9.5],
			"faces": {
				"north": {"uv": [7.5, 12, 8.5, 12.5], "rotation": 180, "texture": "#1"},
				"east": {"uv": [8, 12, 8.5, 15], "rotation": 90, "texture": "#1"},
				"south": {"uv": [7.5, 14.5, 8.5, 15], "texture": "#1"},
				"west": {"uv": [7.5, 12, 8, 15], "rotation": 270, "texture": "#1"},
				"up": {"uv": [7.5, 1, 8.5, 4], "texture": "#1"}
			}
		},
		{
			"from": [7.5, 0.25, 11],
			"to": [8.5, 0.75, 16],
			"faces": {
				"north": {"uv": [7.5, 11, 8.5, 11.5], "rotation": 180, "texture": "#1"},
				"east": {"uv": [8.5, 11.5, 9, 15.5], "rotation": 90, "texture": "#1"},
				"south": {"uv": [7.5, 15.5, 8.5, 16], "texture": "#1", "cullface": "south"},
				"west": {"uv": [7, 11.5, 7.5, 15.5], "rotation": 270, "texture": "#1"},
				"up": {"uv": [7.5, 11, 8.5, 16], "texture": "#1"},
				"down": {"uv": [7.5, 11, 8.5, 16], "rotation": 180, "texture": "#1"}
			}
		},
		{
			"from": [7, 0.5, 11.5],
			"to": [9, 1, 15.5],
			"faces": {
				"north": {"uv": [7, 11.5, 9, 12], "rotation": 180, "texture": "#1"},
				"east": {"uv": [8.5, 11.5, 9, 15.5], "rotation": 90, "texture": "#1"},
				"south": {"uv": [7, 15, 9, 15.5], "texture": "#1"},
				"west": {"uv": [7, 11.5, 7.5, 15.5], "rotation": 270, "texture": "#1"},
				"up": {"uv": [7, 11.5, 9, 15.5], "texture": "#1"}
			}
		},
		{
			"from": [6.5, 0.5, 12],
			"to": [9.5, 1, 15],
			"faces": {
				"north": {"uv": [6.5, 12, 9.5, 12.5], "rotation": 180, "texture": "#1"},
				"east": {"uv": [9, 12, 9.5, 15], "rotation": 90, "texture": "#1"},
				"south": {"uv": [6.5, 14.5, 9.5, 15], "texture": "#1"},
				"west": {"uv": [6.5, 12, 7, 15], "rotation": 270, "texture": "#1"},
				"up": {"uv": [6.5, 12, 9.5, 15], "texture": "#1"}
			}
		},
		{
			"from": [7, 0.75, 12.5],
			"to": [9, 1.25, 14.5],
			"faces": {
				"north": {"uv": [7, 12.5, 9, 13], "rotation": 180, "texture": "#1"},
				"east": {"uv": [8.5, 12.5, 9, 14.5], "rotation": 90, "texture": "#1"},
				"south": {"uv": [7, 14, 9, 14.5], "texture": "#1"},
				"west": {"uv": [7, 12.5, 7.5, 14.5], "rotation": 270, "texture": "#1"},
				"up": {"uv": [7, 1.5, 9, 3.5], "texture": "#1"}
			}
		},
		{
			"from": [7.5, 0.75, 12],
			"to": [8.5, 1.25, 15],
			"faces": {
				"north": {"uv": [7.5, 12, 8.5, 12.5], "rotation": 180, "texture": "#1"},
				"east": {"uv": [8, 12, 8.5, 15], "rotation": 90, "texture": "#1"},
				"south": {"uv": [7.5, 14.5, 8.5, 15], "texture": "#1"},
				"west": {"uv": [7.5, 12, 8, 15], "rotation": 270, "texture": "#1"},
				"up": {"uv": [7.5, 1, 8.5, 4], "texture": "#1"}
			}
		},
		{
			"from": [12, 1, 0.5],
			"to": [13.5, 1.25, 4.5],
			"faces": {
				"north": {"uv": [12, 0.5, 13.5, 1], "rotation": 180, "texture": "#1"},
				"east": {"uv": [13, 0.5, 13.5, 4.5], "rotation": 90, "texture": "#1"},
				"south": {"uv": [12, 4, 13.5, 4.5], "texture": "#1"},
				"west": {"uv": [12, 0.5, 12.5, 4.5], "rotation": 270, "texture": "#1"},
				"up": {"uv": [12, 0.5, 13.5, 4.5], "texture": "#1"}
			}
		},
		{
			"from": [11.5, 0.75, 6.5],
			"to": [14, 1, 9.5],
			"faces": {
				"north": {"uv": [11.5, 1, 14, 1.5], "rotation": 180, "texture": "#1"},
				"east": {"uv": [13.5, 1, 14, 4], "rotation": 90, "texture": "#1"},
				"south": {"uv": [11.5, 3.5, 14, 4], "texture": "#1"},
				"west": {"uv": [11.5, 1, 12, 4], "rotation": 270, "texture": "#1"},
				"up": {"uv": [11.5, 1, 14, 4], "texture": "#1"}
			}
		},
		{
			"from": [12, 1, 6],
			"to": [13.5, 1.25, 10],
			"faces": {
				"north": {"uv": [12, 0.5, 13.5, 1], "rotation": 180, "texture": "#1"},
				"east": {"uv": [13, 0.5, 13.5, 4.5], "rotation": 90, "texture": "#1"},
				"south": {"uv": [12, 4, 13.5, 4.5], "texture": "#1"},
				"west": {"uv": [12, 0.5, 12.5, 4.5], "rotation": 270, "texture": "#1"},
				"up": {"uv": [12, 0.5, 13.5, 4.5], "texture": "#1"}
			}
		},
		{
			"from": [11.5, 0.75, 12],
			"to": [14, 1, 15],
			"faces": {
				"north": {"uv": [11.5, 1, 14, 1.5], "rotation": 180, "texture": "#1"},
				"east": {"uv": [13.5, 1, 14, 4], "rotation": 90, "texture": "#1"},
				"south": {"uv": [11.5, 3.5, 14, 4], "texture": "#1"},
				"west": {"uv": [11.5, 1, 12, 4], "rotation": 270, "texture": "#1"},
				"up": {"uv": [11.5, 1, 14, 4], "texture": "#1"}
			}
		},
		{
			"from": [12, 1, 11.5],
			"to": [13.5, 1.25, 15.5],
			"faces": {
				"north": {"uv": [12, 0.5, 13.5, 1], "rotation": 180, "texture": "#1"},
				"east": {"uv": [13, 0.5, 13.5, 4.5], "rotation": 90, "texture": "#1"},
				"south": {"uv": [12, 4, 13.5, 4.5], "texture": "#1"},
				"west": {"uv": [12, 0.5, 12.5, 4.5], "rotation": 270, "texture": "#1"},
				"up": {"uv": [12, 0.5, 13.5, 4.5], "texture": "#1"}
			}
		},
		{
			"from": [2, 0.75, 12],
			"to": [4.5, 1, 15],
			"faces": {
				"north": {"uv": [11.5, 1, 14, 1.5], "rotation": 180, "texture": "#1"},
				"east": {"uv": [13.5, 1, 14, 4], "rotation": 90, "texture": "#1"},
				"south": {"uv": [11.5, 3.5, 14, 4], "texture": "#1"},
				"west": {"uv": [11.5, 1, 12, 4], "rotation": 270, "texture": "#1"},
				"up": {"uv": [11.5, 1, 14, 4], "texture": "#1"}
			}
		},
		{
			"from": [2.5, 1, 11.5],
			"to": [4, 1.25, 15.5],
			"faces": {
				"north": {"uv": [12, 0.5, 13.5, 1], "rotation": 180, "texture": "#1"},
				"east": {"uv": [13, 0.5, 13.5, 4.5], "rotation": 90, "texture": "#1"},
				"south": {"uv": [12, 4, 13.5, 4.5], "texture": "#1"},
				"west": {"uv": [12, 0.5, 12.5, 4.5], "rotation": 270, "texture": "#1"},
				"up": {"uv": [12, 0.5, 13.5, 4.5], "texture": "#1"}
			}
		},
		{
			"from": [2, 0.75, 6.5],
			"to": [4.5, 1, 9.5],
			"faces": {
				"north": {"uv": [11.5, 1, 14, 1.5], "rotation": 180, "texture": "#1"},
				"east": {"uv": [13.5, 1, 14, 4], "rotation": 90, "texture": "#1"},
				"south": {"uv": [11.5, 3.5, 14, 4], "texture": "#1"},
				"west": {"uv": [11.5, 1, 12, 4], "rotation": 270, "texture": "#1"},
				"up": {"uv": [11.5, 1, 14, 4], "texture": "#1"}
			}
		},
		{
			"from": [2.5, 1, 6],
			"to": [4, 1.25, 10],
			"faces": {
				"north": {"uv": [12, 0.5, 13.5, 1], "rotation": 180, "texture": "#1"},
				"east": {"uv": [13, 0.5, 13.5, 4.5], "rotation": 90, "texture": "#1"},
				"south": {"uv": [12, 4, 13.5, 4.5], "texture": "#1"},
				"west": {"uv": [12, 0.5, 12.5, 4.5], "rotation": 270, "texture": "#1"},
				"up": {"uv": [12, 0.5, 13.5, 4.5], "texture": "#1"}
			}
		},
		{
			"from": [2, 0.75, 1],
			"to": [4.5, 1, 4],
			"faces": {
				"north": {"uv": [11.5, 1, 14, 1.5], "rotation": 180, "texture": "#1"},
				"east": {"uv": [13.5, 1, 14, 4], "rotation": 90, "texture": "#1"},
				"south": {"uv": [11.5, 3.5, 14, 4], "texture": "#1"},
				"west": {"uv": [11.5, 1, 12, 4], "rotation": 270, "texture": "#1"},
				"up": {"uv": [11.5, 1, 14, 4], "texture": "#1"}
			}
		},
		{
			"from": [2.5, 1, 0.5],
			"to": [4, 1.25, 4.5],
			"faces": {
				"north": {"uv": [12, 0.5, 13.5, 1], "rotation": 180, "texture": "#1"},
				"east": {"uv": [13, 0.5, 13.5, 4.5], "rotation": 90, "texture": "#1"},
				"south": {"uv": [12, 4, 13.5, 4.5], "texture": "#1"},
				"west": {"uv": [12, 0.5, 12.5, 4.5], "rotation": 270, "texture": "#1"},
				"up": {"uv": [12, 0.5, 13.5, 4.5], "texture": "#1"}
			}
		},
		{
			"from": [5, 0.5, 1],
			"to": [6, 0.75, 4],
			"faces": {
				"north": {"uv": [5, 1, 6, 1.5], "rotation": 180, "texture": "#1"},
				"east": {"uv": [5.5, 1, 6, 4], "rotation": 90, "texture": "#1"},
				"south": {"uv": [5, 3.5, 6, 4], "texture": "#1"},
				"west": {"uv": [5, 1, 5.5, 4], "rotation": 270, "texture": "#1"},
				"up": {"uv": [5, 1, 6, 4], "texture": "#1"}
			}
		},
		{
			"from": [10, 0.5, 1],
			"to": [11, 0.75, 4],
			"faces": {
				"north": {"uv": [5, 1, 6, 1.5], "rotation": 180, "texture": "#1"},
				"east": {"uv": [5.5, 1, 6, 4], "rotation": 90, "texture": "#1"},
				"south": {"uv": [5, 3.5, 6, 4], "texture": "#1"},
				"west": {"uv": [5, 1, 5.5, 4], "rotation": 270, "texture": "#1"},
				"up": {"uv": [5, 1, 6, 4], "texture": "#1"}
			}
		},
		{
			"from": [5, 0.5, 6.5],
			"to": [6, 0.75, 9.5],
			"faces": {
				"north": {"uv": [5, 1, 6, 1.5], "rotation": 180, "texture": "#1"},
				"east": {"uv": [5.5, 1, 6, 4], "rotation": 90, "texture": "#1"},
				"south": {"uv": [5, 3.5, 6, 4], "texture": "#1"},
				"west": {"uv": [5, 1, 5.5, 4], "rotation": 270, "texture": "#1"},
				"up": {"uv": [5, 1, 6, 4], "texture": "#1"}
			}
		},
		{
			"from": [10, 0.5, 6.5],
			"to": [11, 0.75, 9.5],
			"faces": {
				"north": {"uv": [5, 1, 6, 1.5], "rotation": 180, "texture": "#1"},
				"east": {"uv": [5.5, 1, 6, 4], "rotation": 90, "texture": "#1"},
				"south": {"uv": [5, 3.5, 6, 4], "texture": "#1"},
				"west": {"uv": [5, 1, 5.5, 4], "rotation": 270, "texture": "#1"},
				"up": {"uv": [5, 1, 6, 4], "texture": "#1"}
			}
		},
		{
			"from": [5, 0.5, 12],
			"to": [6, 0.75, 15],
			"faces": {
				"north": {"uv": [5, 1, 6, 1.5], "rotation": 180, "texture": "#1"},
				"east": {"uv": [5.5, 1, 6, 4], "rotation": 90, "texture": "#1"},
				"south": {"uv": [5, 3.5, 6, 4], "texture": "#1"},
				"west": {"uv": [5, 1, 5.5, 4], "rotation": 270, "texture": "#1"},
				"up": {"uv": [5, 1, 6, 4], "texture": "#1"}
			}
		},
		{
			"from": [10, 0.5, 12],
			"to": [11, 0.75, 15],
			"faces": {
				"north": {"uv": [5, 1, 6, 1.5], "rotation": 180, "texture": "#1"},
				"east": {"uv": [5.5, 1, 6, 4], "rotation": 90, "texture": "#1"},
				"south": {"uv": [5, 3.5, 6, 4], "texture": "#1"},
				"west": {"uv": [5, 1, 5.5, 4], "rotation": 270, "texture": "#1"},
				"up": {"uv": [5, 1, 6, 4], "texture": "#1"}
			}
		}
	],
	"groups": [
		{
			"name": "group",
			"children": [0, 1, 2, 3, 4, 5, 6, 7, 8, 9, 10, 11, 12, 13, 14, 15, 16, 17, 18, 19, 20, 21, 22, 23, 24, 25, 26, 27, 28, 29, 30, 31, 32, 33, 34, 35, 36, 37, 38, 39, 40, 41, 42, 43, 44, 45, 46, 47]
		}
	]
}