{
	"credit": "Made By WantedRobot",
	"textures": {
		"rail": "block/rail",
		"particle": "block/rail"
	},
	"elements": [
		{
			"from": [0, 0, 1],
			"to": [16, 0.5, 4],
			"faces": {
				"north": {"uv": [0, 1, 16, 1.5], "rotation": 180, "texture": "#rail"},
				"east": {"uv": [15.5, 1, 16, 4], "rotation": 90, "texture": "#rail", "cullface": "east"},
				"south": {"uv": [0, 3.5, 16, 4], "texture": "#rail"},
				"west": {"uv": [0, 1, 0.5, 4], "rotation": 270, "texture": "#rail", "cullface": "west"},
				"up": {"uv": [0, 1, 16, 4], "texture": "#rail"},
				"down": {"uv": [0, 1, 16, 4], "texture": "#rail", "cullface": "down"}
			}
		},
		{
			"from": [0, 0, 6.5],
			"to": [16, 0.5, 9.5],
			"faces": {
				"north": {"uv": [0, 6.5, 16, 7], "texture": "#rail"},
				"east": {"uv": [15.5, 6.5, 16, 9.5], "rotation": 90, "texture": "#rail", "cullface": "east"},
				"south": {"uv": [0, 9, 16, 9.5], "texture": "#rail"},
				"west": {"uv": [0, 6.5, 0.5, 9.5], "rotation": 270, "texture": "#rail", "cullface": "west"},
				"up": {"uv": [0, 6.5, 16, 9.5], "texture": "#rail"},
				"down": {"uv": [0, 6.5, 16, 9.5], "texture": "#rail", "cullface": "down"}
			}
		},
		{
			"from": [0, 0, 12],
			"to": [16, 0.5, 15],
			"faces": {
				"north": {"uv": [0, 12, 16, 12.5], "rotation": 180, "texture": "#rail"},
				"east": {"uv": [15.5, 12, 16, 15], "rotation": 90, "texture": "#rail", "cullface": "east"},
				"south": {"uv": [0, 1, 16, 1.5], "texture": "#rail"},
				"west": {"uv": [0, 12, 0.5, 15], "rotation": 270, "texture": "#rail", "cullface": "west"},
				"up": {"uv": [0, 12, 16, 15], "texture": "#rail"},
				"down": {"uv": [0, 12, 16, 15], "texture": "#rail", "cullface": "down"}
			}
		},
		{
			"from": [0.5, -0.001, 0.5],
			"to": [15.5, 0.499, 4.5],
			"faces": {
				"north": {"uv": [4.5, 0.5, 11.5, 1], "texture": "#rail"},
				"east": {"uv": [15, 0.5, 15.5, 4.5], "rotation": 90, "texture": "#rail"},
				"south": {"uv": [4.5, 4, 11.5, 4.5], "texture": "#rail"},
				"west": {"uv": [0.5, 0.5, 1, 4.5], "rotation": 270, "texture": "#rail"},
				"up": {"uv": [0.5, 0.5, 15.5, 4.5], "texture": "#rail"},
				"down": {"uv": [5.5, 0.5, 10.5, 4.5], "rotation": 180, "texture": "#rail", "cullface": "down"}
			}
		},
		{
			"from": [0.5, -0.001, 6],
			"to": [15.5, 0.499, 10],
			"faces": {
				"north": {"uv": [4.5, 6, 11.5, 6.5], "texture": "#rail"},
				"east": {"uv": [15, 6, 15.5, 10], "rotation": 90, "texture": "#rail"},
				"south": {"uv": [4.5, 9.5, 11.5, 10], "texture": "#rail"},
				"west": {"uv": [0.5, 11.5, 1, 15.5], "rotation": 270, "texture": "#rail"},
				"up": {"uv": [0.5, 6, 15.5, 10], "texture": "#rail"},
				"down": {"uv": [5.5, 6, 10.5, 10], "rotation": 180, "texture": "#rail", "cullface": "down"}
			}
		},
		{
			"from": [0.5, -0.001, 11.5],
			"to": [15.5, 0.499, 15.5],
			"faces": {
				"north": {"uv": [4.5, 11.5, 11.5, 12], "texture": "#rail"},
				"east": {"uv": [15, 11.5, 15.5, 15.5], "rotation": 90, "texture": "#rail"},
				"south": {"uv": [4.5, 15, 11.5, 15.5], "texture": "#rail"},
				"west": {"uv": [0.5, 11.5, 1, 15.5], "rotation": 270, "texture": "#rail"},
				"up": {"uv": [0.5, 11.5, 15.5, 15.5], "texture": "#rail"},
				"down": {"uv": [5.5, 11.5, 10.5, 15.5], "rotation": 180, "texture": "#rail", "cullface": "down"}
			}
		},
		{
			"from": [2.5, 0.75, 0],
			"to": [4, 1, 16],
			"faces": {
				"north": {"uv": [2.5, 0, 4, 0.5], "rotation": 180, "texture": "#rail", "cullface": "north"},
				"east": {"uv": [3.5, 0, 4, 16], "rotation": 270, "texture": "#rail"},
				"south": {"uv": [2.5, 15.5, 4, 16], "texture": "#rail", "cullface": "south"},
				"west": {"uv": [2.5, 0, 3, 16], "rotation": 90, "texture": "#rail"},
				"up": {"uv": [2.5, 0, 4, 16], "texture": "#rail"}
			}
		},
		{
			"from": [12, 0.75, 0],
			"to": [13.5, 1, 16],
			"faces": {
				"north": {"uv": [12, 0, 13.5, 0.5], "rotation": 180, "texture": "#rail", "cullface": "north"},
				"east": {"uv": [13, 0, 13.5, 16], "rotation": 270, "texture": "#rail"},
				"south": {"uv": [12, 15.5, 13.5, 16], "texture": "#rail", "cullface": "south"},
				"west": {"uv": [12, 0, 12.5, 16], "rotation": 90, "texture": "#rail"},
				"up": {"uv": [12, 0, 13.5, 16], "texture": "#rail"}
			}
		},
		{
			"from": [12.5, 1, 0],
			"to": [13, 1.5, 16],
			"faces": {
				"north": {"uv": [12.5, 0, 13, 0.5], "texture": "#rail", "cullface": "north"},
				"east": {"uv": [12.5, 0, 13, 16], "rotation": 270, "texture": "#rail"},
				"south": {"uv": [12.5, 15.5, 13, 16], "texture": "#rail", "cullface": "south"},
				"west": {"uv": [12.5, 0, 13, 16], "rotation": 90, "texture": "#rail"},
				"up": {"uv": [12.5, 0, 13, 16], "texture": "#rail"}
			}
		},
		{
			"from": [3, 1, 0],
			"to": [3.5, 1.5, 16],
			"faces": {
				"north": {"uv": [3, 0, 3.5, 0.5], "texture": "#rail", "cullface": "north"},
				"east": {"uv": [3, 0, 3.5, 16], "rotation": 270, "texture": "#rail"},
				"south": {"uv": [3, 15.5, 3.5, 16], "texture": "#rail", "cullface": "south"},
				"west": {"uv": [3, 0, 3.5, 16], "rotation": 90, "texture": "#rail"},
				"up": {"uv": [3, 0, 3.5, 16], "texture": "#rail"}
			}
		},
		{
			"from": [11, 0.5, 13],
			"to": [14.5, 0.75, 14],
			"faces": {
				"north": {"uv": [11, 13, 14.5, 13.5], "rotation": 180, "texture": "#rail"},
				"east": {"uv": [14, 13, 14.5, 14], "rotation": 90, "texture": "#rail"},
				"south": {"uv": [11, 13.5, 14.5, 14], "texture": "#rail"},
				"west": {"uv": [11, 13, 11.5, 14], "rotation": 90, "texture": "#rail"},
				"up": {"uv": [11, 13, 14.5, 14], "texture": "#rail"}
			}
		},
		{
			"from": [11, 0.5, 7.5],
			"to": [14.5, 0.75, 8.5],
			"faces": {
				"north": {"uv": [11, 7.5, 14.5, 8], "rotation": 180, "texture": "#rail"},
				"east": {"uv": [14, 7.5, 14.5, 8.5], "rotation": 90, "texture": "#rail"},
				"south": {"uv": [11, 8, 14.5, 8.5], "texture": "#rail"},
				"west": {"uv": [11, 7.5, 11.5, 8.5], "rotation": 90, "texture": "#rail"},
				"up": {"uv": [11, 7.5, 14.5, 8.5], "texture": "#rail"}
			}
		},
		{
			"from": [11, 0.5, 2],
			"to": [14.5, 0.75, 3],
			"faces": {
				"north": {"uv": [11, 2, 14.5, 2.5], "rotation": 180, "texture": "#rail"},
				"east": {"uv": [14, 2, 14.5, 3], "rotation": 90, "texture": "#rail"},
				"south": {"uv": [11, 2.5, 14.5, 3], "texture": "#rail"},
				"west": {"uv": [11, 2, 11.5, 3], "rotation": 90, "texture": "#rail"},
				"up": {"uv": [11, 2, 14.5, 3], "texture": "#rail"}
			}
		},
		{
			"from": [11.5, 0.5, 0],
			"to": [14, 0.75, 16],
			"faces": {
				"north": {"uv": [11.5, 0, 14, 0.5], "rotation": 180, "texture": "#rail", "cullface": "north"},
				"east": {"uv": [13.5, 0, 14, 16], "rotation": 270, "texture": "#rail"},
				"south": {"uv": [11.5, 15.5, 14, 16], "texture": "#rail", "cullface": "south"},
				"west": {"uv": [11.5, 0, 12, 16], "rotation": 90, "texture": "#rail"},
				"up": {"uv": [11.5, 0, 14, 16], "texture": "#rail"},
				"down": {"uv": [11.5, 0, 14, 16], "texture": "#rail"}
			}
		},
		{
			"from": [1.5, 0.5, 13],
			"to": [5, 0.75, 14],
			"faces": {
				"north": {"uv": [1.5, 13, 5, 13.5], "rotation": 180, "texture": "#rail"},
				"east": {"uv": [4.5, 13, 5, 14], "rotation": 90, "texture": "#rail"},
				"south": {"uv": [1.5, 13.5, 5, 14], "texture": "#rail"},
				"west": {"uv": [1.5, 13, 2, 14], "rotation": 90, "texture": "#rail"},
				"up": {"uv": [1.5, 13, 5, 14], "texture": "#rail"}
			}
		},
		{
			"from": [1.5, 0.5, 7.5],
			"to": [5, 0.75, 8.5],
			"faces": {
				"north": {"uv": [1.5, 7.5, 5, 8], "rotation": 180, "texture": "#rail"},
				"east": {"uv": [4.5, 7.5, 5, 8.5], "rotation": 90, "texture": "#rail"},
				"south": {"uv": [1.5, 8, 5, 8.5], "texture": "#rail"},
				"west": {"uv": [1.5, 7.5, 2, 8.5], "rotation": 90, "texture": "#rail"},
				"up": {"uv": [1.5, 7.5, 5, 8.5], "texture": "#rail"}
			}
		},
		{
			"from": [1.5, 0.5, 2],
			"to": [5, 0.75, 3],
			"faces": {
				"north": {"uv": [1.5, 2, 5, 2.5], "rotation": 180, "texture": "#rail"},
				"east": {"uv": [4.5, 2, 5, 3], "rotation": 90, "texture": "#rail"},
				"south": {"uv": [1.5, 2.5, 5, 3], "texture": "#rail"},
				"west": {"uv": [1.5, 2, 2, 3], "rotation": 90, "texture": "#rail"},
				"up": {"uv": [1.5, 2, 5, 3], "texture": "#rail"}
			}
		},
		{
			"from": [2, 0.5, 0],
			"to": [4.5, 0.75, 16],
			"faces": {
				"north": {"uv": [2, 0, 4.5, 0.5], "rotation": 180, "texture": "#rail", "cullface": "north"},
				"east": {"uv": [4, 0, 4.5, 16], "rotation": 270, "texture": "#rail"},
				"south": {"uv": [2, 15.5, 4.5, 16], "texture": "#rail", "cullface": "south"},
				"west": {"uv": [2, 0, 2.5, 16], "rotation": 90, "texture": "#rail"},
				"up": {"uv": [2, 0, 4.5, 16], "texture": "#rail"},
				"down": {"uv": [2, 0, 4.5, 16], "texture": "#rail"}
			}
		},
		{
			"from": [2, 0.75, 13],
			"to": [4.5, 1, 14],
			"faces": {
				"north": {"uv": [2, 13, 4.5, 13.5], "rotation": 180, "texture": "#rail"},
				"east": {"uv": [4, 13, 4.5, 14], "rotation": 90, "texture": "#rail"},
				"south": {"uv": [2, 13.5, 4.5, 14], "texture": "#rail"},
				"west": {"uv": [2, 13, 2.5, 14], "rotation": 270, "texture": "#rail"},
				"up": {"uv": [2, 13, 4.5, 14], "texture": "#rail"}
			}
		},
		{
			"from": [2, 0.75, 7.5],
			"to": [4.5, 1, 8.5],
			"faces": {
				"north": {"uv": [2, 7.5, 4.5, 8], "rotation": 180, "texture": "#rail"},
				"east": {"uv": [4, 7.5, 4.5, 8.5], "rotation": 90, "texture": "#rail"},
				"south": {"uv": [2, 8, 4.5, 8.5], "texture": "#rail"},
				"west": {"uv": [2, 7.5, 2.5, 8.5], "rotation": 270, "texture": "#rail"},
				"up": {"uv": [2, 7.5, 4.5, 8.5], "texture": "#rail"}
			}
		},
		{
			"from": [2, 0.75, 2],
			"to": [4.5, 1, 3],
			"faces": {
				"north": {"uv": [2, 2, 4.5, 2.5], "rotation": 180, "texture": "#rail"},
				"east": {"uv": [4, 2, 4.5, 3], "rotation": 90, "texture": "#rail"},
				"south": {"uv": [2, 2.5, 4.5, 3], "texture": "#rail"},
				"west": {"uv": [2, 2, 2.5, 3], "rotation": 270, "texture": "#rail"},
				"up": {"uv": [2, 2, 4.5, 3], "texture": "#rail"}
			}
		},
		{
			"from": [11.5, 0.75, 13],
			"to": [14, 1, 14],
			"faces": {
				"north": {"uv": [11.5, 13, 14, 13.5], "rotation": 180, "texture": "#rail"},
				"east": {"uv": [13.5, 13, 14, 14], "rotation": 90, "texture": "#rail"},
				"south": {"uv": [11.5, 13.5, 14, 14], "texture": "#rail"},
				"west": {"uv": [11.5, 13, 12, 14], "rotation": 270, "texture": "#rail"},
				"up": {"uv": [11.5, 13, 14, 14], "texture": "#rail"}
			}
		},
		{
			"from": [11.5, 0.75, 7.5],
			"to": [14, 1, 8.5],
			"faces": {
				"north": {"uv": [11.5, 7.5, 14, 8], "rotation": 180, "texture": "#rail"},
				"east": {"uv": [13.5, 7.5, 14, 8.5], "rotation": 90, "texture": "#rail"},
				"south": {"uv": [11.5, 8, 14, 8.5], "texture": "#rail"},
				"west": {"uv": [11.5, 7.5, 12, 8.5], "rotation": 270, "texture": "#rail"},
				"up": {"uv": [11.5, 7.5, 14, 8.5], "texture": "#rail"}
			}
		},
		{
			"from": [11.5, 0.75, 2],
			"to": [14, 1, 3],
			"faces": {
				"north": {"uv": [11.5, 2, 14, 2.5], "rotation": 180, "texture": "#rail"},
				"east": {"uv": [13.5, 2, 14, 3], "rotation": 90, "texture": "#rail"},
				"south": {"uv": [11.5, 2.5, 14, 3], "texture": "#rail"},
				"west": {"uv": [11.5, 2, 12, 3], "rotation": 270, "texture": "#rail"},
				"up": {"uv": [11.5, 2, 14, 3], "texture": "#rail"}
			}
		}
	]
}