{
	"credit": "Made By WantedRobot",
	"parent": "block/block",
	"textures": {
		"1_rail": "block/rail"
	},
	"elements": [
		{
			"from": [12.5, -1.42551, -13.01687],
			"to": [13, -0.92551, 9.98313],
			"rotation": {"angle": 45, "axis": "x", "origin": [8, -7.42551, 15.73313]},
			"faces": {
				"north": {"uv": [3, 0, 3.5, 0.5], "texture": "#1_rail"},
				"east": {"uv": [12.5, 0, 13, 16], "rotation": 270, "texture": "#1_rail"},
				"south": {"uv": [3, 0, 3.5, 0.5], "texture": "#1_rail"},
				"west": {"uv": [12.5, 0, 13, 16], "rotation": 90, "texture": "#1_rail"},
				"up": {"uv": [12.5, 0, 13, 16], "texture": "#1_rail"},
				"down": {"uv": [3, 0, 3.5, 16], "texture": "#1_rail"}
			}
		},
		{
			"from": [12, 5.95621, -9.4415],
			"to": [13.5, 6.20621, 13.3085],
			"rotation": {"angle": 45, "axis": "x", "origin": [8, 0.20621, 8.3085]},
			"faces": {
				"north": {"uv": [2.5, 0, 4, 0.25], "rotation": 180, "texture": "#1_rail"},
				"east": {"uv": [13, 3, 13.5, 7.5], "rotation": 270, "texture": "#1_rail"},
				"south": {"uv": [2.5, 0, 4, 0.25], "texture": "#1_rail"},
				"west": {"uv": [12, 3, 12.5, 7.5], "rotation": 90, "texture": "#1_rail"},
				"up": {"uv": [12, 3, 13.5, 7.5], "texture": "#1_rail"},
				"down": {"uv": [2.5, 0, 4, 16], "texture": "#1_rail"}
			}
		},
		{
			"from": [11.5, 6.16332, -9.04505],
			"to": [14, 6.41332, 13.70495],
			"rotation": {"angle": 45, "axis": "x", "origin": [8, 0.66332, 7.95495]},
			"faces": {
				"north": {"uv": [2, 0, 4.5, 0.25], "rotation": 180, "texture": "#1_rail"},
				"east": {"uv": [13.5, 3, 14, 7], "rotation": 270, "texture": "#1_rail"},
				"south": {"uv": [2, 0, 4.5, 0.25], "texture": "#1_rail"},
				"west": {"uv": [11.5, 3, 12, 7], "rotation": 90, "texture": "#1_rail"},
				"up": {"uv": [11.5, 3, 14, 7], "texture": "#1_rail"},
				"down": {"uv": [11.5, 3, 14, 7], "texture": "#1_rail"}
			}
		},
		{
			"from": [2, 6.16332, -9.04505],
			"to": [4.5, 6.41332, 13.70495],
			"rotation": {"angle": 45, "axis": "x", "origin": [8, 0.66332, 7.95495]},
			"faces": {
				"north": {"uv": [2, 0, 4.5, 0.25], "rotation": 180, "texture": "#1_rail"},
				"east": {"uv": [4, 3, 4.5, 7], "rotation": 270, "texture": "#1_rail"},
				"south": {"uv": [2, 0, 4.5, 0.25], "texture": "#1_rail"},
				"west": {"uv": [2, 3, 2.5, 7], "rotation": 90, "texture": "#1_rail"},
				"up": {"uv": [11.5, 3, 14, 7], "texture": "#1_rail"},
				"down": {"uv": [2, 3, 4.5, 7], "texture": "#1_rail"}
			}
		},
		{
			"from": [3, -1.42551, -13.01687],
			"to": [3.5, -0.92551, 9.98313],
			"rotation": {"angle": 45, "axis": "x", "origin": [8, -7.42551, 15.73313]},
			"faces": {
				"north": {"uv": [3, 0, 3.5, 0.5], "texture": "#1_rail"},
				"east": {"uv": [12.5, 0, 13, 16], "rotation": 270, "texture": "#1_rail"},
				"south": {"uv": [3, 0, 3.5, 0.5], "texture": "#1_rail"},
				"west": {"uv": [12.5, 0, 13, 16], "rotation": 90, "texture": "#1_rail"},
				"up": {"uv": [12.5, 0, 13, 16], "texture": "#1_rail"},
				"down": {"uv": [3, 0, 3.5, 16], "texture": "#1_rail"}
			}
		},
		{
			"from": [2.5, 5.9562, -9.4415],
			"to": [4, 6.2062, 13.3085],
			"rotation": {"angle": 45, "axis": "x", "origin": [8, 0.20621, 8.3085]},
			"faces": {
				"north": {"uv": [2.5, 0, 4, 0.25], "rotation": 180, "texture": "#1_rail"},
				"east": {"uv": [13, 3, 13.5, 7.5], "rotation": 270, "texture": "#1_rail"},
				"south": {"uv": [2.5, 0, 4, 0.25], "texture": "#1_rail"},
				"west": {"uv": [12, 3, 12.5, 7.5], "rotation": 90, "texture": "#1_rail"},
				"up": {"uv": [2.5, 3, 4, 7.5], "texture": "#1_rail"},
				"down": {"uv": [2.5, 0, 4, 16], "texture": "#1_rail"}
			}
		},
		{
			"from": [11, 6.1, 10],
			"to": [14.5, 6.35, 11],
			"rotation": {"angle": 45, "axis": "x", "origin": [8, 0.5, 8]},
			"faces": {
				"north": {"uv": [11, 13, 14.5, 13.5], "rotation": 180, "texture": "#1_rail"},
				"east": {"uv": [14, 13, 14.5, 14], "rotation": 90, "texture": "#1_rail"},
				"south": {"uv": [11, 13.5, 14.5, 14], "texture": "#1_rail"},
				"west": {"uv": [11, 13, 11.5, 14], "rotation": 90, "texture": "#1_rail"},
				"up": {"uv": [11, 13, 14.5, 14], "texture": "#1_rail"}
			}
		},
		{
			"from": [0.5, 5.6, 8.5],
			"to": [15.5, 6.1, 12.5],
			"rotation": {"angle": 45, "axis": "x", "origin": [8, 0.5, 8]},
			"faces": {
				"north": {"uv": [4.5, 11.5, 11.5, 12], "texture": "#1_rail"},
				"east": {"uv": [15, 11.5, 15.5, 15.5], "rotation": 90, "texture": "#1_rail"},
				"south": {"uv": [4.5, 15, 11.5, 15.5], "texture": "#1_rail"},
				"west": {"uv": [0.5, 11.5, 1, 15.5], "rotation": 270, "texture": "#1_rail"},
				"up": {"uv": [0.5, 11.5, 15.5, 15.5], "texture": "#1_rail"},
				"down": {"uv": [5.5, 11.5, 10.5, 15.5], "rotation": 180, "texture": "#1_rail"}
			}
		},
		{
			"from": [0, 5.605, 9],
			"to": [16, 6.105, 12],
			"rotation": {"angle": 45, "axis": "x", "origin": [8, 0.5, 8]},
			"faces": {
				"north": {"uv": [0, 12, 16, 12.5], "rotation": 180, "texture": "#1_rail"},
				"east": {"uv": [15.5, 12, 16, 15], "rotation": 90, "texture": "#1_rail", "cullface": "east"},
				"south": {"uv": [0, 1, 16, 1.5], "texture": "#1_rail"},
				"west": {"uv": [0, 12, 0.5, 15], "rotation": 270, "texture": "#1_rail", "cullface": "west"},
				"up": {"uv": [0, 12, 16, 15], "texture": "#1_rail"},
				"down": {"uv": [0, 12, 16, 15], "texture": "#1_rail"}
			}
		},
		{
			"from": [0.5, 5.6, 3],
			"to": [15.5, 6.1, 7],
			"rotation": {"angle": 45, "axis": "x", "origin": [8, 0.5, 8]},
			"faces": {
				"north": {"uv": [4.5, 6, 11.5, 6.5], "texture": "#1_rail"},
				"east": {"uv": [15, 6, 15.5, 10], "rotation": 90, "texture": "#1_rail"},
				"south": {"uv": [4.5, 9.5, 11.5, 10], "texture": "#1_rail"},
				"west": {"uv": [0.5, 11.5, 1, 15.5], "rotation": 270, "texture": "#1_rail"},
				"up": {"uv": [0.5, 6, 15.5, 10], "texture": "#1_rail"},
				"down": {"uv": [5.5, 6, 10.5, 10], "rotation": 180, "texture": "#1_rail"}
			}
		},
		{
			"from": [0, 5.605, 3.5],
			"to": [16, 6.105, 6.5],
			"rotation": {"angle": 45, "axis": "x", "origin": [8, 0.5, 8]},
			"faces": {
				"north": {"uv": [0, 6.5, 16, 7], "texture": "#1_rail"},
				"east": {"uv": [15.5, 6.5, 16, 9.5], "rotation": 90, "texture": "#1_rail", "cullface": "east"},
				"south": {"uv": [0, 9, 16, 9.5], "texture": "#1_rail"},
				"west": {"uv": [0, 6.5, 0.5, 9.5], "rotation": 270, "texture": "#1_rail", "cullface": "west"},
				"up": {"uv": [0, 6.5, 16, 9.5], "texture": "#1_rail"},
				"down": {"uv": [0, 6.5, 16, 9.5], "texture": "#1_rail"}
			}
		},
		{
			"from": [11, 6.1, 4.5],
			"to": [14.5, 6.35, 5.5],
			"rotation": {"angle": 45, "axis": "x", "origin": [8, 0.5, 8]},
			"faces": {
				"north": {"uv": [11, 7.5, 14.5, 8], "rotation": 180, "texture": "#1_rail"},
				"east": {"uv": [14, 7.5, 14.5, 8.5], "rotation": 90, "texture": "#1_rail"},
				"south": {"uv": [11, 8, 14.5, 8.5], "texture": "#1_rail"},
				"west": {"uv": [11, 7.5, 11.5, 8.5], "rotation": 90, "texture": "#1_rail"},
				"up": {"uv": [11, 7.5, 14.5, 8.5], "texture": "#1_rail"}
			}
		},
		{
			"from": [11, 6.1, -1],
			"to": [14.5, 6.35, 0],
			"rotation": {"angle": 45, "axis": "x", "origin": [8, 0.5, 8]},
			"faces": {
				"north": {"uv": [11, 2, 14.5, 2.5], "rotation": 180, "texture": "#1_rail"},
				"east": {"uv": [14, 2, 14.5, 3], "rotation": 90, "texture": "#1_rail"},
				"south": {"uv": [11, 2.5, 14.5, 3], "texture": "#1_rail"},
				"west": {"uv": [11, 2, 11.5, 3], "rotation": 90, "texture": "#1_rail"},
				"up": {"uv": [11, 2, 14.5, 3], "texture": "#1_rail"}
			}
		},
		{
			"from": [0.5, 5.6, -2.5],
			"to": [15.5, 6.1, 1.5],
			"rotation": {"angle": 45, "axis": "x", "origin": [8, 0.5, 8]},
			"faces": {
				"north": {"uv": [4.5, 0.5, 11.5, 1], "texture": "#1_rail"},
				"east": {"uv": [15, 0.5, 15.5, 4.5], "rotation": 90, "texture": "#1_rail"},
				"south": {"uv": [4.5, 4, 11.5, 4.5], "texture": "#1_rail"},
				"west": {"uv": [0.5, 0.5, 1, 4.5], "rotation": 270, "texture": "#1_rail"},
				"up": {"uv": [0.5, 0.5, 15.5, 4.5], "texture": "#1_rail"},
				"down": {"uv": [5.5, 0.5, 10.5, 4.5], "rotation": 180, "texture": "#1_rail"}
			}
		},
		{
			"from": [0, 5.605, -2],
			"to": [16, 6.105, 1],
			"rotation": {"angle": 45, "axis": "x", "origin": [8, 0.5, 8]},
			"faces": {
				"north": {"uv": [0, 1, 16, 1.5], "rotation": 180, "texture": "#1_rail"},
				"east": {"uv": [15.5, 1, 16, 4], "rotation": 90, "texture": "#1_rail", "cullface": "east"},
				"south": {"uv": [0, 3.5, 16, 4], "texture": "#1_rail"},
				"west": {"uv": [0, 1, 0.5, 4], "rotation": 270, "texture": "#1_rail", "cullface": "west"},
				"up": {"uv": [0, 1, 16, 4], "texture": "#1_rail"},
				"down": {"uv": [0, 1, 16, 4], "texture": "#1_rail"}
			}
		},
		{
			"from": [11, 6.1, -6.5],
			"to": [14.5, 6.35, -5.5],
			"rotation": {"angle": 45, "axis": "x", "origin": [8, 0.5, 8]},
			"faces": {
				"north": {"uv": [11, 2, 14.5, 2.5], "rotation": 180, "texture": "#1_rail"},
				"east": {"uv": [14, 2, 14.5, 3], "rotation": 90, "texture": "#1_rail"},
				"south": {"uv": [11, 2.5, 14.5, 3], "texture": "#1_rail"},
				"west": {"uv": [11, 2, 11.5, 3], "rotation": 90, "texture": "#1_rail"},
				"up": {"uv": [11, 2, 14.5, 3], "texture": "#1_rail"}
			}
		},
		{
			"from": [0.5, 5.6, -8],
			"to": [15.5, 6.1, -4],
			"rotation": {"angle": 45, "axis": "x", "origin": [8, 0.5, 8]},
			"faces": {
				"north": {"uv": [4.5, 0.5, 11.5, 1], "texture": "#1_rail"},
				"east": {"uv": [15, 0.5, 15.5, 4.5], "rotation": 90, "texture": "#1_rail"},
				"south": {"uv": [4.5, 4, 11.5, 4.5], "texture": "#1_rail"},
				"west": {"uv": [0.5, 0.5, 1, 4.5], "rotation": 270, "texture": "#1_rail"},
				"up": {"uv": [0.5, 0.5, 15.5, 4.5], "texture": "#1_rail"},
				"down": {"uv": [5.5, 0.5, 10.5, 4.5], "rotation": 180, "texture": "#1_rail"}
			}
		},
		{
			"from": [0, 5.605, -7.5],
			"to": [16, 6.105, -4.5],
			"rotation": {"angle": 45, "axis": "x", "origin": [8, 0.5, 8]},
			"faces": {
				"north": {"uv": [0, 1, 16, 1.5], "rotation": 180, "texture": "#1_rail"},
				"east": {"uv": [15.5, 1, 16, 4], "rotation": 90, "texture": "#1_rail", "cullface": "east"},
				"south": {"uv": [0, 3.5, 16, 4], "texture": "#1_rail"},
				"west": {"uv": [0, 1, 0.5, 4], "rotation": 270, "texture": "#1_rail", "cullface": "west"},
				"up": {"uv": [0, 1, 16, 4], "texture": "#1_rail"},
				"down": {"uv": [0, 1, 16, 4], "texture": "#1_rail"}
			}
		},
		{
			"from": [1.5, 6.1, 10],
			"to": [5, 6.35, 11],
			"rotation": {"angle": 45, "axis": "x", "origin": [8, 0.5, 8]},
			"faces": {
				"north": {"uv": [11, 13, 14.5, 13.5], "rotation": 180, "texture": "#1_rail"},
				"east": {"uv": [14, 13, 14.5, 14], "rotation": 90, "texture": "#1_rail"},
				"south": {"uv": [11, 13.5, 14.5, 14], "texture": "#1_rail"},
				"west": {"uv": [11, 13, 11.5, 14], "rotation": 90, "texture": "#1_rail"},
				"up": {"uv": [11, 13, 14.5, 14], "texture": "#1_rail"}
			}
		},
		{
			"from": [1.5, 6.1, -1],
			"to": [5, 6.35, 0],
			"rotation": {"angle": 45, "axis": "x", "origin": [8, 0.5, 8]},
			"faces": {
				"north": {"uv": [11, 2, 14.5, 2.5], "rotation": 180, "texture": "#1_rail"},
				"east": {"uv": [14, 2, 14.5, 3], "rotation": 90, "texture": "#1_rail"},
				"south": {"uv": [11, 2.5, 14.5, 3], "texture": "#1_rail"},
				"west": {"uv": [11, 2, 11.5, 3], "rotation": 90, "texture": "#1_rail"},
				"up": {"uv": [11, 2, 14.5, 3], "texture": "#1_rail"}
			}
		},
		{
			"from": [1.5, 6.1, -6.5],
			"to": [5, 6.35, -5.5],
			"rotation": {"angle": 45, "axis": "x", "origin": [8, 0.5, 8]},
			"faces": {
				"north": {"uv": [11, 2, 14.5, 2.5], "rotation": 180, "texture": "#1_rail"},
				"east": {"uv": [14, 2, 14.5, 3], "rotation": 90, "texture": "#1_rail"},
				"south": {"uv": [11, 2.5, 14.5, 3], "texture": "#1_rail"},
				"west": {"uv": [11, 2, 11.5, 3], "rotation": 90, "texture": "#1_rail"},
				"up": {"uv": [11, 2, 14.5, 3], "texture": "#1_rail"}
			}
		},
		{
			"from": [1.5, 6.1, 4.5],
			"to": [5, 6.35, 5.5],
			"rotation": {"angle": 45, "axis": "x", "origin": [8, 0.5, 8]},
			"faces": {
				"north": {"uv": [11, 7.5, 14.5, 8], "rotation": 180, "texture": "#1_rail"},
				"east": {"uv": [14, 7.5, 14.5, 8.5], "rotation": 90, "texture": "#1_rail"},
				"south": {"uv": [11, 8, 14.5, 8.5], "texture": "#1_rail"},
				"west": {"uv": [11, 7.5, 11.5, 8.5], "rotation": 90, "texture": "#1_rail"},
				"up": {"uv": [11, 7.5, 14.5, 8.5], "texture": "#1_rail"}
			}
		},
		{
			"from": [2, 6.261, 10],
			"to": [4.5, 6.511, 11],
			"rotation": {"angle": 45, "axis": "x", "origin": [8, 0.5, 8]},
			"faces": {
				"north": {"uv": [2, 13, 4.5, 13.5], "rotation": 180, "texture": "#1_rail"},
				"east": {"uv": [13.5, 13, 14, 14], "rotation": 90, "texture": "#1_rail"},
				"south": {"uv": [2, 13.5, 4.5, 14], "texture": "#1_rail"},
				"west": {"uv": [11.5, 13, 12, 14], "rotation": 270, "texture": "#1_rail"},
				"up": {"uv": [2, 13, 4.5, 14], "texture": "#1_rail"}
			}
		},
		{
			"from": [11.5, 6.261, 10],
			"to": [14, 6.511, 11],
			"rotation": {"angle": 45, "axis": "x", "origin": [8, 0.5, 8]},
			"faces": {
				"north": {"uv": [2, 13, 4.5, 13.5], "rotation": 180, "texture": "#1_rail"},
				"east": {"uv": [13.5, 13, 14, 14], "rotation": 90, "texture": "#1_rail"},
				"south": {"uv": [2, 13.5, 4.5, 14], "texture": "#1_rail"},
				"west": {"uv": [11, 13, 11.5, 14], "rotation": 90, "texture": "#1_rail"},
				"up": {"uv": [2, 13, 4.5, 14], "texture": "#1_rail"}
			}
		},
		{
			"from": [11.5, 6.261, 4.5],
			"to": [14, 6.511, 5.5],
			"rotation": {"angle": 45, "axis": "x", "origin": [8, 0.5, 8]},
			"faces": {
				"north": {"uv": [2, 13, 4.5, 13.5], "rotation": 180, "texture": "#1_rail"},
				"east": {"uv": [13.5, 13, 14, 14], "rotation": 90, "texture": "#1_rail"},
				"south": {"uv": [2, 13.5, 4.5, 14], "texture": "#1_rail"},
				"west": {"uv": [11.5, 13, 12, 14], "rotation": 270, "texture": "#1_rail"},
				"up": {"uv": [2, 13, 4.5, 14], "texture": "#1_rail"}
			}
		},
		{
			"from": [2, 6.261, 4.5],
			"to": [4.5, 6.511, 5.5],
			"rotation": {"angle": 45, "axis": "x", "origin": [8, 0.5, 8]},
			"faces": {
				"north": {"uv": [2, 13, 4.5, 13.5], "rotation": 180, "texture": "#1_rail"},
				"east": {"uv": [13.5, 13, 14, 14], "rotation": 90, "texture": "#1_rail"},
				"south": {"uv": [2, 13.5, 4.5, 14], "texture": "#1_rail"},
				"west": {"uv": [11.5, 13, 12, 14], "rotation": 270, "texture": "#1_rail"},
				"up": {"uv": [2, 13, 4.5, 14], "texture": "#1_rail"}
			}
		},
		{
			"from": [11.5, 6.261, -1],
			"to": [14, 6.511, 0],
			"rotation": {"angle": 45, "axis": "x", "origin": [8, 0.5, 8]},
			"faces": {
				"north": {"uv": [2, 13, 4.5, 13.5], "rotation": 180, "texture": "#1_rail"},
				"east": {"uv": [13.5, 13, 14, 14], "rotation": 90, "texture": "#1_rail"},
				"south": {"uv": [2, 13.5, 4.5, 14], "texture": "#1_rail"},
				"west": {"uv": [11.5, 13, 12, 14], "rotation": 270, "texture": "#1_rail"},
				"up": {"uv": [2, 13, 4.5, 14], "texture": "#1_rail"}
			}
		},
		{
			"from": [2, 6.261, -1],
			"to": [4.5, 6.511, 0],
			"rotation": {"angle": 45, "axis": "x", "origin": [8, 0.5, 8]},
			"faces": {
				"north": {"uv": [2, 13, 4.5, 13.5], "rotation": 180, "texture": "#1_rail"},
				"east": {"uv": [13.5, 13, 14, 14], "rotation": 90, "texture": "#1_rail"},
				"south": {"uv": [2, 13.5, 4.5, 14], "texture": "#1_rail"},
				"west": {"uv": [11.5, 13, 12, 14], "rotation": 270, "texture": "#1_rail"},
				"up": {"uv": [2, 13, 4.5, 14], "texture": "#1_rail"}
			}
		},
		{
			"from": [11.5, 6.261, -6.5],
			"to": [14, 6.511, -5.5],
			"rotation": {"angle": 45, "axis": "x", "origin": [8, 0.5, 8]},
			"faces": {
				"north": {"uv": [2, 13, 4.5, 13.5], "rotation": 180, "texture": "#1_rail"},
				"east": {"uv": [13.5, 13, 14, 14], "rotation": 90, "texture": "#1_rail"},
				"south": {"uv": [2, 13.5, 4.5, 14], "texture": "#1_rail"},
				"west": {"uv": [11.5, 13, 12, 14], "rotation": 270, "texture": "#1_rail"},
				"up": {"uv": [2, 13, 4.5, 14], "texture": "#1_rail"}
			}
		},
		{
			"from": [2, 6.261, -6.5],
			"to": [4.5, 6.511, -5.5],
			"rotation": {"angle": 45, "axis": "x", "origin": [8, 0.5, 8]},
			"faces": {
				"north": {"uv": [2, 13, 4.5, 13.5], "rotation": 180, "texture": "#1_rail"},
				"east": {"uv": [13.5, 13, 14, 14], "rotation": 90, "texture": "#1_rail"},
				"south": {"uv": [2, 13.5, 4.5, 14], "texture": "#1_rail"},
				"west": {"uv": [11.5, 13, 12, 14], "rotation": 270, "texture": "#1_rail"},
				"up": {"uv": [2, 13, 4.5, 14], "texture": "#1_rail"}
			}
		},
		{
			"from": [2, 0, 8.5],
			"to": [4.5, 5.75, 10.5],
			"faces": {
				"north": {"uv": [5.5, 0.5, 10.5, 4.5], "rotation": 90, "texture": "#1_rail"},
				"east": {"uv": [5.5, 0.5, 10.5, 4.5], "rotation": 270, "texture": "#1_rail"},
				"south": {"uv": [5.5, 0.5, 10.5, 4.5], "rotation": 90, "texture": "#1_rail"},
				"west": {"uv": [5.5, 0.5, 10.5, 4.5], "rotation": 270, "texture": "#1_rail"}
			}
		},
		{
			"from": [2, 0, 0.7],
			"to": [4.5, 13.75, 2.7],
			"faces": {
				"north": {"uv": [5.5, 0.5, 10.5, 4.5], "rotation": 270, "texture": "#1_rail"},
				"east": {"uv": [5.5, 0.5, 10.5, 4.5], "rotation": 90, "texture": "#1_rail"},
				"south": {"uv": [5.5, 0.5, 10.5, 4.5], "rotation": 270, "texture": "#1_rail"},
				"west": {"uv": [5.5, 0.5, 10.5, 4.5], "rotation": 90, "texture": "#1_rail"}
			}
		},
		{
			"from": [2.5, 0.75, 2.7],
			"to": [4, 2, 8.7],
			"faces": {
				"east": {"uv": [5, 3, 11, 4.5], "texture": "#1_rail"},
				"west": {"uv": [5, 3, 11, 4.5], "texture": "#1_rail"},
				"up": {"uv": [5, 0.5, 11, 2], "rotation": 90, "texture": "#1_rail"},
				"down": {"uv": [5, 3, 11, 4.5], "rotation": 270, "texture": "#1_rail"}
			}
		},
		{
			"from": [11.5, 0, 8.5],
			"to": [14, 5.75, 10.5],
			"faces": {
				"north": {"uv": [5.5, 0.5, 10.5, 4.5], "rotation": 90, "texture": "#1_rail"},
				"east": {"uv": [5.5, 0.5, 10.5, 4.5], "rotation": 270, "texture": "#1_rail"},
				"south": {"uv": [5.5, 0.5, 10.5, 4.5], "rotation": 90, "texture": "#1_rail"},
				"west": {"uv": [5.5, 0.5, 10.5, 4.5], "rotation": 270, "texture": "#1_rail"}
			}
		},
		{
			"from": [11.5, 0, 0.7],
			"to": [14, 13.75, 2.7],
			"faces": {
				"north": {"uv": [5.5, 0.5, 10.5, 4.5], "rotation": 270, "texture": "#1_rail"},
				"east": {"uv": [5.5, 0.5, 10.5, 4.5], "rotation": 90, "texture": "#1_rail"},
				"south": {"uv": [5.5, 0.5, 10.5, 4.5], "rotation": 270, "texture": "#1_rail"},
				"west": {"uv": [5.5, 0.5, 10.5, 4.5], "rotation": 90, "texture": "#1_rail"}
			}
		},
		{
			"from": [12, 0.75, 2.7],
			"to": [13.5, 2, 8.7],
			"faces": {
				"east": {"uv": [5, 3, 11, 4.5], "texture": "#1_rail"},
				"west": {"uv": [5, 3, 11, 4.5], "texture": "#1_rail"},
				"up": {"uv": [5, 0.5, 11, 2], "rotation": 90, "texture": "#1_rail"},
				"down": {"uv": [5, 3, 11, 4.5], "rotation": 270, "texture": "#1_rail"}
			}
		},
		{
			"from": [4.3, 6, 1],
			"to": [11.55, 7.25, 2.25],
			"faces": {
				"north": {"uv": [5, 3, 11, 4.5], "texture": "#1_rail"},
				"south": {"uv": [5, 3, 11, 4.5], "texture": "#1_rail"},
				"up": {"uv": [5, 0.5, 11, 2], "rotation": 180, "texture": "#1_rail"},
				"down": {"uv": [5, 3, 11, 4.5], "rotation": 180, "texture": "#1_rail"}
			}
		},
		{
			"from": [11.5, 5.75, 8.5],
			"to": [14, 6.75, 10],
			"faces": {
				"north": {"uv": [5.5, 0.5, 7, 4.5], "rotation": 90, "texture": "#1_rail"},
				"east": {"uv": [5.5, 1.5, 7.25, 4.5], "rotation": 270, "texture": "#1_rail"},
				"west": {"uv": [5.5, 0.5, 7, 3.5], "rotation": 270, "texture": "#1_rail"}
			}
		},
		{
			"from": [11.5, 6.75, 8.5],
			"to": [14, 7.25, 9],
			"faces": {
				"north": {"uv": [5.5, 0.5, 6.5, 4.5], "rotation": 90, "texture": "#1_rail"},
				"east": {"uv": [5.5, 3.5, 7.25, 4.5], "rotation": 270, "texture": "#1_rail"},
				"west": {"uv": [5.5, 0.5, 6.5, 1.5], "rotation": 270, "texture": "#1_rail"}
			}
		},
		{
			"from": [11.5, 14.75, 0.7],
			"to": [14, 15.25, 1.2],
			"faces": {
				"north": {"uv": [5.5, 0.5, 6.5, 4.5], "rotation": 270, "texture": "#1_rail"},
				"east": {"uv": [5.5, 0.5, 7.25, 1.5], "rotation": 90, "texture": "#1_rail"},
				"west": {"uv": [5.5, 3.5, 6.5, 4.5], "rotation": 90, "texture": "#1_rail"}
			}
		},
		{
			"from": [11.5, 13.75, 0.7],
			"to": [14, 14.75, 1.95],
			"faces": {
				"north": {"uv": [5.5, 0.5, 7, 4.5], "rotation": 270, "texture": "#1_rail"},
				"east": {"uv": [5.75, 0.5, 7.5, 3], "rotation": 90, "texture": "#1_rail"},
				"west": {"uv": [5.5, 2, 7, 4.5], "rotation": 90, "texture": "#1_rail"}
			}
		},
		{
			"from": [2, 14.75, 0.7],
			"to": [4.5, 15.25, 1.2],
			"faces": {
				"north": {"uv": [5.5, 0.5, 6.5, 4.5], "rotation": 270, "texture": "#1_rail"},
				"east": {"uv": [5.5, 0.5, 7.25, 1.5], "rotation": 90, "texture": "#1_rail"},
				"west": {"uv": [5.5, 3.5, 6.5, 4.5], "rotation": 90, "texture": "#1_rail"}
			}
		},
		{
			"from": [2, 5.75, 8.5],
			"to": [4.5, 6.75, 10],
			"faces": {
				"north": {"uv": [5.5, 0.5, 7, 4.5], "rotation": 90, "texture": "#1_rail"},
				"east": {"uv": [5.5, 1.5, 7.25, 4.5], "rotation": 270, "texture": "#1_rail"},
				"west": {"uv": [5.5, 0.5, 7, 3.5], "rotation": 270, "texture": "#1_rail"}
			}
		},
		{
			"from": [2, 6.75, 8.5],
			"to": [4.5, 7.25, 9],
			"faces": {
				"north": {"uv": [5.5, 0.5, 6.5, 4.5], "rotation": 90, "texture": "#1_rail"},
				"east": {"uv": [5.5, 3.5, 7.25, 4.5], "rotation": 270, "texture": "#1_rail"},
				"west": {"uv": [5.5, 0.5, 6.5, 1.5], "rotation": 270, "texture": "#1_rail"}
			}
		},
		{
			"from": [2, 13.75, 0.7],
			"to": [4.5, 14.75, 1.95],
			"faces": {
				"north": {"uv": [5.5, 0.5, 7, 4.5], "rotation": 270, "texture": "#1_rail"},
				"east": {"uv": [5.75, 0.5, 7.5, 3], "rotation": 90, "texture": "#1_rail"},
				"west": {"uv": [5.5, 2, 7, 4.5], "rotation": 90, "texture": "#1_rail"}
			}
		}
	],
	"groups": [
		{
			"name": "rail_raised",
			"children": [
				{
					"name": "Rail",
					"children": [0, 1, 2, 3, 4, 5, 6, 7, 8, 9, 10, 11, 12, 13, 14, 15, 16, 17, 18, 19, 20, 21, 22, 23, 24, 25, 26, 27, 28, 29]
				},
				{
					"name": "supports",
					"children": [30, 31, 32, 33, 34, 35, 36, 37, 38, 39, 40, 41, 42, 43, 44]
				}
			]
		}
	]
}