{
  "variants": {
    "axis=x": [
		{"model": "block/birch_log/horizontal0", "weight": 50, "x": 90,"y": 90},
		{"model": "block/birch_log/horizontal1", "weight": 150, "x": 90,"y": 90 },
		{"model": "block/birch_log/horizontal2", "weight": 100, "x": 90,"y": 90 },
		{"model": "block/birch_log/horizontal3", "weight": 20, "x": 90,"y": 90 },
		{"model": "block/birch_log/horizontal4", "weight": 30, "x": 90,"y": 90 },
		{"model": "block/birch_log/horizontal5", "weight": 40, "x": 90,"y": 90 }
    ],
    "axis=y": [
      {"model": "block/birch_log/vertical0", "weight": 50 },
      {"model": "block/birch_log/vertical1", "weight": 150 },
      {"model": "block/birch_log/vertical2", "weight": 100 },
      {"model": "block/birch_log/vertical3", "weight": 20 },
      {"model": "block/birch_log/vertical4", "weight": 30 },
      {"model": "block/birch_log/vertical5", "weight": 40 }
    ],
    "axis=z": [
      {"model": "block/birch_log/horizontal0", "weight": 50, "x": 90 },
      {"model": "block/birch_log/horizontal1", "weight": 150, "x": 90 },
      {"model": "block/birch_log/horizontal2", "weight": 100, "x": 90 },
      {"model": "block/birch_log/horizontal3", "weight": 20, "x": 90 },
      {"model": "block/birch_log/horizontal4", "weight": 30, "x": 90 },
      {"model": "block/birch_log/horizontal5", "weight": 40, "x": 90 }
	]
  }
}