{ "textures": {
    "0": "block/granite_wall"
  },
  "elements": [
    { "from": [5, 0, 0],
      "to": [11, 2, 3],
      "faces": {
        "north": {"uv": [5, 15, 8, 16], "texture": "#0", "cullface": "north"},
        "east": {"uv": [9, 8, 8, 9.5], "rotation": 90, "texture": "#0"},
        "west": {"uv": [8, 8, 9, 9.5], "rotation": 270, "texture": "#0"},
        "up": {"uv": [9, 8, 12, 9.5], "texture": "#0"},
        "down": {"uv": [10, 6, 13, 8], "texture": "#0"}
      }
    },
    { "from": [5, 11, 0],
      "to": [11, 13, 4],
      "faces": {
        "north": {"uv": [5, 14, 8, 15], "texture": "#0", "cullface": "north"},
        "east": {"uv": [12, 10, 13, 8], "rotation": 270, "texture": "#0"},
        "west": {"uv": [12, 8, 13, 10], "rotation": 270, "texture": "#0"},
        "up": {"uv": [13, 8, 16, 10], "texture": "#0"},
        "down": {"uv": [13, 5.5, 16, 8], "texture": "#0"}
      }
    },
    { "from": [6, 2, 0],
      "to": [10, 11, 4],
      "faces": {
        "north": {"uv": [0, 14, 4.5, 16], "rotation": 90, "texture": "#0", "cullface": "north"},
        "east": {"uv": [5, 5, 7, 9.25], "texture": "#0"},
        "west": {"uv": [6, 9.5, 8, 14], "texture": "#0"}
      }
    }
  ]
}