{ "parent": "block/block",
	"textures": {
		"0": "block/cave_vines/unlit/0",
		"1": "block/cave_vines/unlit/1",
		"2": "block/cave_vines/unlit/2",
		"particle": "block/cave_vines/unlit/0"
	},
	"elements": [
		{ "from": [0, 0, 8],
			"to": [16, 16, 8],
			"rotation": {"angle": -45, "axis": "y", "origin": [8, 8, 8]},
			"faces": {
				"north": {"uv": [0, 0, 16, 16], "texture": "#1"},
				"south": {"uv": [16, 0, 0, 16], "texture": "#1"}
			}
		},
		{ "from": [0, 0, 8],
			"to": [16, 16, 8],
			"rotation": {"angle": 22.5, "axis": "y", "origin": [8, 8, 8]},
			"faces": {
				"north": {"uv": [0, 0, 16, 16], "texture": "#2"},
				"south": {"uv": [16, 0, 0, 16], "texture": "#2"}
			}
		},
		{ "from": [8, 0, 0],
			"to": [8, 16, 16],
			"faces": {
				"east": {"uv": [0, 0, 16, 16], "texture": "#0"},
				"west": {"uv": [16, 0, 0, 16], "texture": "#0"}
			}
		}
	]
}