{
	"credit": "Made By WantedRobot",
	"ambientocclusion": false,
	"textures": {
		"1": "entity/lead_knot",
		"texture": "block/tripwire",
		"particle": "block/white_wool"
	},
	"elements": [
		{
			"from": [5.12, 0, 5.44],
			"to": [10.24, 0.96, 10.56],
			"shade": false,
			"faces": {
				"north": {"uv": [0.25, 6, 2.75, 7], "rotation": 180, "texture": "#1"},
				"east": {"uv": [0.25, 6, 2.75, 7], "rotation": 180, "texture": "#1"},
				"south": {"uv": [0.25, 6, 2.75, 7], "rotation": 180, "texture": "#1"},
				"west": {"uv": [0.25, 6, 2.75, 7], "rotation": 180, "texture": "#1"},
				"up": {"uv": [0.5, 3.5, 5.5, 6.5], "texture": "#1"},
				"down": {"uv": [0, 3, 3, 7], "rotation": 180, "texture": "#1", "cullface": "down"}
			}
		},
		{
			"from": [7.04, 1.92, 7.36],
			"to": [8.32, 2.56, 8.64],
			"shade": false,
			"faces": {
				"north": {"uv": [0.5, 3.75, 2.5, 4.5], "rotation": 180, "texture": "#1"},
				"east": {"uv": [0.5, 6.5, 2.5, 7], "rotation": 180, "texture": "#1"},
				"south": {"uv": [0.5, 6.5, 2.5, 7], "rotation": 180, "texture": "#1"},
				"west": {"uv": [0.5, 6.5, 2.5, 7], "rotation": 180, "texture": "#1"},
				"up": {"uv": [3.5, 0.5, 5.5, 2.5], "rotation": 180, "texture": "#1"}
			}
		},
		{
			"name": "string",
			"from": [6.75, 0, 4.5],
			"to": [7.25, 0.25, 5.5],
			"shade": false,
			"faces": {
				"north": {"uv": [15.5, 1.5, 16, 0.5], "rotation": 270, "texture": "#texture"},
				"east": {"uv": [13, 1.5, 16, 1], "texture": "#texture"},
				"west": {"uv": [13, 1, 16, 0.5], "texture": "#texture"},
				"up": {"uv": [13, 1.5, 16, 0.5], "rotation": 90, "texture": "#texture"},
				"down": {"uv": [13, 1.5, 16, 0.5], "rotation": 90, "texture": "#texture", "cullface": "down"}
			}
		},
		{
			"name": "string",
			"from": [6.5, 0, 3.75],
			"to": [7, 0.25, 4.75],
			"shade": false,
			"faces": {
				"north": {"uv": [15.5, 1.5, 16, 0.5], "rotation": 270, "texture": "#texture"},
				"east": {"uv": [13.5, 1.5, 16, 1], "texture": "#texture"},
				"south": {"uv": [15.5, 1.5, 16, 0.5], "rotation": 90, "texture": "#texture"},
				"west": {"uv": [13.5, 1, 16, 0.5], "texture": "#texture"},
				"up": {"uv": [13.5, 1.5, 16, 0.5], "rotation": 90, "texture": "#texture"},
				"down": {"uv": [13.5, 1.5, 16, 0.5], "rotation": 90, "texture": "#texture", "cullface": "down"}
			}
		},
		{
			"name": "string",
			"from": [6, 0, 3.5],
			"to": [6.5, 0.25, 4],
			"shade": false,
			"faces": {
				"north": {"uv": [15.5, 1.5, 16, 0.5], "rotation": 270, "texture": "#texture"},
				"east": {"uv": [15, 1.5, 16, 1], "texture": "#texture"},
				"south": {"uv": [15.5, 1.5, 16, 0.5], "rotation": 90, "texture": "#texture"},
				"west": {"uv": [15, 1, 16, 0.5], "texture": "#texture"},
				"up": {"uv": [15, 1.5, 16, 0.5], "rotation": 270, "texture": "#texture"},
				"down": {"uv": [15, 1.5, 16, 0.5], "rotation": 90, "texture": "#texture", "cullface": "down"}
			}
		},
		{
			"from": [6.08, 0.96, 6.4],
			"to": [9.6, 1.92, 9.6],
			"shade": false,
			"faces": {
				"north": {"uv": [0.25, 6, 2.75, 5], "rotation": 180, "texture": "#1"},
				"east": {"uv": [0.25, 6, 2.75, 5], "rotation": 180, "texture": "#1"},
				"south": {"uv": [0.25, 6, 2.5, 5], "rotation": 180, "texture": "#1"},
				"west": {"uv": [0.25, 6, 2.75, 5], "rotation": 180, "texture": "#1"},
				"up": {"uv": [0.5, 6.5, 2.5, 3.5], "rotation": 90, "texture": "#1"}
			}
		}
	]
}