{
	"credit": "Made By WantedRobot",
	"textures": {
		"hook": "block/tripwire_hook",
		"particle": "block/tripwire_hook",
		"tripwire": "block/tripwire"
	},
	"elements": [
		{
			"from": [7.75, 0.85, 0.3],
			"to": [8.25, 1.1, 7],
			"rotation": {"angle": -22.5, "axis": "x", "origin": [8, 0, 0], "rescale": true},
			"faces": {
				"north": {"uv": [0, 0.5, 0.5, 1.5], "rotation": 270, "texture": "#tripwire"},
				"east": {"uv": [0, 1, 16, 0.5], "rotation": 180, "texture": "#tripwire"},
				"west": {"uv": [0, 1, 16, 1.5], "rotation": 180, "texture": "#tripwire"},
				"up": {"uv": [0, 0.5, 16, 1.5], "rotation": 90, "texture": "#tripwire"},
				"down": {"uv": [0, 0.5, 16, 1.5], "rotation": 90, "texture": "#tripwire"}
			}
		},
		{
			"from": [6.2, 3.4, 6.7],
			"to": [9.8, 4.2, 10.3],
			"faces": {
				"north": {"uv": [5, 3, 11, 3.5], "texture": "#hook"},
				"east": {"uv": [10.5, 3, 11, 9], "rotation": 90, "texture": "#hook"},
				"south": {"uv": [5, 8.5, 11, 9], "texture": "#hook"},
				"west": {"uv": [5, 3, 5.5, 9], "rotation": 270, "texture": "#hook"},
				"up": {"uv": [5, 3, 11, 9], "texture": "#hook"},
				"down": {"uv": [5, 9, 11, 3], "texture": "#hook"}
			}
		},
		{
			"from": [7.65, 3.4, 9.1],
			"to": [8.35, 4.2, 9.1],
			"faces": {
				"north": {"uv": [7.5, 7, 8.5, 7.5], "texture": "#hook"}
			}
		},
		{
			"from": [7.4, 3.4, 8.2],
			"to": [8.6, 4.2, 8.2],
			"faces": {
				"south": {"uv": [7, 5, 9, 5.5], "texture": "#hook"}
			}
		},
		{
			"from": [7.4, 3.4, 8.15],
			"to": [7.4, 4.2, 8.85],
			"faces": {
				"east": {"uv": [9, 5.5, 9.5, 6.5], "rotation": 90, "texture": "#hook"}
			}
		},
		{
			"from": [8.6, 3.4, 8.15],
			"to": [8.6, 4.2, 8.85],
			"faces": {
				"west": {"uv": [6.5, 5.5, 7, 6.5], "rotation": 270, "texture": "#hook"}
			}
		},
		{
			"from": [7.4, 5.2, 9.75],
			"to": [8.8, 6.8, 14.5],
			"rotation": {"angle": -22.5, "axis": "x", "origin": [8, 6, 14]},
			"faces": {
				"north": {"uv": [13, 5, 15, 7], "texture": "#tripwire"},
				"east": {"uv": [13, 7.5, 15, 15.5], "rotation": 90, "texture": "#tripwire"},
				"west": {"uv": [13, 7.5, 15, 15.5], "rotation": 270, "texture": "#tripwire"},
				"up": {"uv": [13, 7.5, 15, 15.5], "texture": "#tripwire"},
				"down": {"uv": [13, 7.5, 15, 15.5], "rotation": 180, "texture": "#tripwire"}
			}
		},
		{
			"from": [6, 1, 14],
			"to": [10, 9, 16],
			"faces": {
				"north": {"uv": [3.5, 7.5, 7.5, 15.5], "texture": "#tripwire"},
				"east": {"uv": [1, 7.5, 3, 15.5], "texture": "#tripwire"},
				"south": {"uv": [8.5, 7.5, 12.5, 15.5], "texture": "#tripwire"},
				"west": {"uv": [1, 7.5, 3, 15.5], "texture": "#tripwire"},
				"up": {"uv": [3.5, 5, 7.5, 7], "rotation": 180, "texture": "#tripwire"},
				"down": {"uv": [3.5, 5, 7.5, 7], "texture": "#tripwire"}
			}
		},
		{
			"from": [7.75, 3.28418, 6.54701],
			"to": [8.25, 4.03418, 7.99701],
			"rotation": {"angle": 0, "axis": "x", "origin": [8, 3.15918, 6.64701], "rescale": true},
			"faces": {
				"north": {"uv": [0, 0.5, 2.5, 1.5], "rotation": 270, "texture": "#tripwire"},
				"east": {"uv": [0, 1, 4, 0.5], "rotation": 180, "texture": "#tripwire"},
				"south": {"uv": [0, 0.5, 0.5, 1.25], "rotation": 90, "texture": "#tripwire"},
				"west": {"uv": [0, 1, 4, 1.5], "rotation": 180, "texture": "#tripwire"},
				"up": {"uv": [0, 0.5, 4, 1.5], "rotation": 90, "texture": "#tripwire"},
				"down": {"uv": [0, 0.5, 16, 1.5], "rotation": 90, "texture": "#tripwire"}
			}
		},
		{
			"from": [7.4, 3.4, 8.8],
			"to": [7.7, 4.2, 9.1],
			"faces": {
				"north": {"uv": [8.5, 6.5, 9, 7], "rotation": 90, "texture": "#hook"},
				"east": {"uv": [8.5, 6.5, 9, 7], "rotation": 90, "texture": "#hook"}
			}
		},
		{
			"from": [8.3, 3.4, 8.8],
			"to": [8.6, 4.2, 9.1],
			"faces": {
				"north": {"uv": [8.5, 6.5, 9, 7], "rotation": 90, "texture": "#hook"},
				"west": {"uv": [8.5, 6.5, 9, 7], "rotation": 90, "texture": "#hook"}
			}
		}
	]
}