{
	"credit": "Made By WantedRobot",
	"ambientocclusion": false,
	"textures": {
		"texture": "block/tripwire",
		"particle": "block/white_wool"
	},
	"elements": [
		{
			"from": [7.75, 0.75, 4],
			"to": [8.25, 1, 8],
			"shade": false,
			"faces": {
				"north": {"uv": [0, 0.5, 0.5, 1.5], "rotation": 90, "texture": "#texture"},
				"east": {"uv": [8.5, 1, 16, 1.5], "texture": "#texture"},
				"west": {"uv": [8.5, 0.5, 16, 1], "texture": "#texture"},
				"up": {"uv": [8.5, 0.5, 16, 1.5], "rotation": 270, "texture": "#texture"},
				"down": {"uv": [8.5, 0.5, 16, 1.5], "rotation": 270, "texture": "#texture"}
			}
		},
		{
			"from": [7.75, 0.75, 8],
			"to": [8.25, 1, 12],
			"shade": false,
			"faces": {
				"east": {"uv": [0, 0.5, 7.5, 1], "texture": "#texture"},
				"south": {"uv": [0, 0.5, 0.5, 1.5], "rotation": 90, "texture": "#texture"},
				"west": {"uv": [0, 1, 7.5, 1.5], "texture": "#texture"},
				"up": {"uv": [0, 0.5, 7.5, 1.5], "rotation": 90, "texture": "#texture"},
				"down": {"uv": [0, 0.5, 7.5, 1.5], "rotation": 90, "texture": "#texture"}
			}
		},
		{
			"from": [7.75, 1, 0],
			"to": [8.25, 1.25, 4],
			"shade": false,
			"faces": {
				"north": {"uv": [0, 0.5, 0.5, 1.5], "rotation": 270, "texture": "#texture"},
				"east": {"uv": [0, 0.5, 7.5, 1], "texture": "#texture"},
				"south": {"uv": [0, 0.5, 0.5, 1.5], "rotation": 90, "texture": "#texture"},
				"west": {"uv": [0, 1, 7.5, 1.5], "texture": "#texture"},
				"up": {"uv": [0, 0.5, 7.5, 1.5], "rotation": 90, "texture": "#texture"},
				"down": {"uv": [0, 0.5, 7.5, 1.5], "rotation": 90, "texture": "#texture"}
			}
		}
	]
}