{
	"credit": "Made with Blockbench",
	"textures": {
		"2_0": "block/birch_fence",
		"2_2_0": "block/birch_fence",
		"particle": "block/birch_fence"
	},
	"elements": [
		{
			"name": "Post",
			"from": [7, 0, 15],
			"to": [9, 16, 16],
			"faces": {
				"north": {"uv": [14.5, 0, 12.5, 16], "texture": "#2_0"},
				"east": {"uv": [15.5, 0, 14.5, 16], "texture": "#2_0"},
				"south": {"uv": [9.5, 0, 7.5, 16], "texture": "#2_0"},
				"west": {"uv": [12.5, 0, 11.5, 16], "texture": "#2_0"},
				"up": {"uv": [2, 9.5, 0, 10.5], "texture": "#2_0"},
				"down": {"uv": [4.5, 9.5, 2.5, 10.5], "texture": "#2_0"}
			}
		},
		{
			"name": "Cross_Wattle",
			"from": [7.77854, 14.5, 7.63119],
			"to": [8.28827, 15, 16.4877],
			"rotation": {"angle": -22.5, "axis": "y", "origin": [8.03827, 14.75, 12.03119]},
			"faces": {
				"north": {"uv": [0, 0, 0.5, 0.5], "texture": "#2_0"},
				"east": {"uv": [5, 0, 5.5, 9], "rotation": 270, "texture": "#2_0"},
				"south": {"uv": [0, 8.5, 0.5, 9], "texture": "#2_0"},
				"west": {"uv": [0.5, 0, 1, 9], "rotation": 270, "texture": "#2_0"},
				"up": {"uv": [5.5, 9, 5, 0], "texture": "#2_0"},
				"down": {"uv": [5.5, 9, 5, 0], "texture": "#2_0"}
			}
		},
		{
			"name": "Cross_Wattle",
			"from": [7.71173, 14.5, 7.63119],
			"to": [8.22146, 15, 16.4877],
			"rotation": {"angle": 22.5, "axis": "y", "origin": [7.96173, 15.25, 12.03119]},
			"faces": {
				"north": {"uv": [0.5, 0, 0, 0.5], "texture": "#2_0"},
				"east": {"uv": [0.5, 9, 1, 0], "rotation": 270, "texture": "#2_0"},
				"south": {"uv": [0.5, 8.5, 0, 9], "texture": "#2_0"},
				"west": {"uv": [5, 9, 5.5, 0], "rotation": 270, "texture": "#2_0"},
				"up": {"uv": [5, 9, 5.5, 0], "texture": "#2_0"},
				"down": {"uv": [5, 9, 5.5, 0], "texture": "#2_0"}
			}
		},
		{
			"name": "Wattle",
			"from": [7.71173, 13.5, 7.63119],
			"to": [8.22146, 14, 16.4877],
			"rotation": {"angle": 22.5, "axis": "y", "origin": [7.96173, 15.25, 12.03119]},
			"faces": {
				"north": {"uv": [0.5, 0, 0, 0.5], "texture": "#2_0"},
				"east": {"uv": [4, 9, 4.5, 0], "rotation": 270, "texture": "#2_0"},
				"south": {"uv": [0.5, 8.5, 0, 9], "texture": "#2_0"},
				"west": {"uv": [4, 9, 4.5, 0], "rotation": 270, "texture": "#2_0"},
				"up": {"uv": [5.5, 9, 5, 0], "rotation": 180, "texture": "#2_2_0"},
				"down": {"uv": [5.5, 9, 5, 0], "rotation": 180, "texture": "#2_2_0"}
			}
		},
		{
			"name": "Wattle",
			"from": [7.71173, 12.5, 7.63119],
			"to": [8.22146, 13, 16.4877],
			"rotation": {"angle": 22.5, "axis": "y", "origin": [7.96173, 15.25, 12.03119]},
			"faces": {
				"north": {"uv": [0.5, 0, 0, 0.5], "texture": "#2_0"},
				"east": {"uv": [5.5, 9, 6, 0], "rotation": 270, "texture": "#2_0"},
				"south": {"uv": [0.5, 8.5, 0, 9], "texture": "#2_0"},
				"west": {"uv": [6, 9, 6.5, 0], "rotation": 90, "texture": "#2_0"},
				"up": {"uv": [6, 9, 6.5, 0], "rotation": 180, "texture": "#2_0"},
				"down": {"uv": [6, 9, 6.5, 0], "rotation": 180, "texture": "#2_0"}
			}
		},
		{
			"name": "Wattle",
			"from": [7.71173, 10.5, 7.63119],
			"to": [8.22146, 11, 16.4877],
			"rotation": {"angle": 22.5, "axis": "y", "origin": [7.96173, 15.25, 12.03119]},
			"faces": {
				"north": {"uv": [0.5, 0, 0, 0.5], "texture": "#2_0"},
				"east": {"uv": [7, 9, 7.5, 0], "rotation": 270, "texture": "#2_0"},
				"south": {"uv": [0.5, 8.5, 0, 9], "texture": "#2_0"},
				"west": {"uv": [5.5, 9, 5, 0], "rotation": 90, "texture": "#2_2_0"},
				"up": {"uv": [5.5, 9, 5, 0], "texture": "#2_2_0"},
				"down": {"uv": [5.5, 9, 5, 0], "texture": "#2_2_0"}
			}
		},
		{
			"name": "Wattle",
			"from": [7.71173, 9.5, 7.63119],
			"to": [8.22146, 10, 16.4877],
			"rotation": {"angle": 22.5, "axis": "y", "origin": [7.96173, 15.25, 12.03119]},
			"faces": {
				"north": {"uv": [0.5, 0, 0, 0.5], "texture": "#2_0"},
				"east": {"uv": [5, 9, 5.5, 0], "rotation": 270, "texture": "#2_0"},
				"south": {"uv": [0.5, 8.5, 0, 9], "texture": "#2_0"},
				"west": {"uv": [5, 9, 5.5, 0], "rotation": 270, "texture": "#2_0"},
				"up": {"uv": [3.5, 9, 3, 0], "texture": "#2_2_0"},
				"down": {"uv": [3.5, 9, 3, 0], "texture": "#2_2_0"}
			}
		},
		{
			"name": "Wattle",
			"from": [7.71173, 7.5, 7.63119],
			"to": [8.22146, 8, 16.4877],
			"rotation": {"angle": 22.5, "axis": "y", "origin": [7.96173, 15.25, 12.03119]},
			"faces": {
				"north": {"uv": [0.5, 0, 0, 0.5], "texture": "#2_0"},
				"east": {"uv": [6, 9, 6.5, 0], "rotation": 270, "texture": "#2_0"},
				"south": {"uv": [0.5, 8.5, 0, 9], "texture": "#2_0"},
				"west": {"uv": [6, 9, 6.5, 0], "rotation": 270, "texture": "#2_0"},
				"up": {"uv": [6, 9, 6.5, 0], "texture": "#2_0"},
				"down": {"uv": [6, 9, 6.5, 0], "texture": "#2_0"}
			}
		},
		{
			"name": "Wattle",
			"from": [7.71173, 6.5, 7.63119],
			"to": [8.22146, 7, 16.4877],
			"rotation": {"angle": 22.5, "axis": "y", "origin": [7.96173, 15.25, 12.03119]},
			"faces": {
				"north": {"uv": [0.5, 0, 0, 0.5], "texture": "#2_0"},
				"east": {"uv": [5, 9, 5.5, 0], "rotation": 270, "texture": "#2_0"},
				"south": {"uv": [0.5, 8.5, 0, 9], "texture": "#2_0"},
				"west": {"uv": [5, 9, 5.5, 0], "rotation": 270, "texture": "#2_0"},
				"up": {"uv": [5, 9, 5.5, 0], "texture": "#2_0"},
				"down": {"uv": [3.5, 0, 3, 9], "texture": "#2_0"}
			}
		},
		{
			"name": "Wattle",
			"from": [7.71173, 3.5, 7.63119],
			"to": [8.22146, 4, 16.4877],
			"rotation": {"angle": 22.5, "axis": "y", "origin": [7.96173, 15.25, 12.03119]},
			"faces": {
				"north": {"uv": [0.5, 0, 0, 0.5], "texture": "#2_0"},
				"east": {"uv": [6, 9, 6.5, 0], "rotation": 270, "texture": "#2_0"},
				"south": {"uv": [0.5, 8.5, 0, 9], "texture": "#2_0"},
				"west": {"uv": [6, 9, 6.5, 0], "rotation": 270, "texture": "#2_0"},
				"up": {"uv": [6, 9, 6.5, 0], "texture": "#2_0"},
				"down": {"uv": [3.5, 0, 3, 9], "texture": "#2_0"}
			}
		},
		{
			"name": "Wattle",
			"from": [7.77854, 13, 7.63119],
			"to": [8.28827, 13.5, 16.4877],
			"rotation": {"angle": -22.5, "axis": "y", "origin": [8.03827, 14.75, 12.03119]},
			"faces": {
				"north": {"uv": [0, 0, 0.5, 0.5], "texture": "#2_0"},
				"east": {"uv": [4, 0, 4.5, 9], "rotation": 270, "texture": "#2_0"},
				"south": {"uv": [0, 8.5, 0.5, 9], "texture": "#2_0"},
				"west": {"uv": [4, 0, 4.5, 9], "rotation": 270, "texture": "#2_0"},
				"up": {"uv": [5, 9, 5.5, 0], "rotation": 180, "texture": "#2_2_0"},
				"down": {"uv": [5, 9, 5.5, 0], "rotation": 180, "texture": "#2_2_0"}
			}
		},
		{
			"name": "Wattle",
			"from": [7.77854, 12, 7.63119],
			"to": [8.28827, 12.5, 16.4877],
			"rotation": {"angle": -22.5, "axis": "y", "origin": [8.03827, 14.75, 12.03119]},
			"faces": {
				"north": {"uv": [0, 0, 0.5, 0.5], "texture": "#2_0"},
				"east": {"uv": [6, 0, 6.5, 9], "rotation": 90, "texture": "#2_0"},
				"south": {"uv": [0, 8.5, 0.5, 9], "texture": "#2_0"},
				"west": {"uv": [5.5, 0, 6, 9], "rotation": 270, "texture": "#2_0"},
				"up": {"uv": [6.5, 9, 6, 0], "rotation": 180, "texture": "#2_0"},
				"down": {"uv": [6.5, 9, 6, 0], "rotation": 180, "texture": "#2_0"}
			}
		},
		{
			"name": "Wattle",
			"from": [7.77854, 10, 7.63119],
			"to": [8.28827, 10.5, 16.4877],
			"rotation": {"angle": -22.5, "axis": "y", "origin": [8.03827, 14.75, 12.03119]},
			"faces": {
				"north": {"uv": [0, 0, 0.5, 0.5], "texture": "#2_0"},
				"east": {"uv": [5.5, 0, 5, 9], "rotation": 90, "texture": "#2_2_0"},
				"south": {"uv": [0, 8.5, 0.5, 9], "texture": "#2_0"},
				"west": {"uv": [7, 0, 7.5, 9], "rotation": 270, "texture": "#2_0"},
				"up": {"uv": [5, 9, 5.5, 0], "texture": "#2_2_0"},
				"down": {"uv": [5, 9, 5.5, 0], "texture": "#2_2_0"}
			}
		},
		{
			"name": "Wattle",
			"from": [7.77854, 9, 7.63119],
			"to": [8.28827, 9.5, 16.4877],
			"rotation": {"angle": -22.5, "axis": "y", "origin": [8.03827, 14.75, 12.03119]},
			"faces": {
				"north": {"uv": [0, 0, 0.5, 0.5], "texture": "#2_0"},
				"east": {"uv": [5, 0, 5.5, 9], "rotation": 270, "texture": "#2_0"},
				"south": {"uv": [0, 8.5, 0.5, 9], "texture": "#2_0"},
				"west": {"uv": [5, 0, 5.5, 9], "rotation": 270, "texture": "#2_0"},
				"up": {"uv": [3, 9, 3.5, 0], "texture": "#2_2_0"},
				"down": {"uv": [3, 9, 3.5, 0], "texture": "#2_2_0"}
			}
		},
		{
			"name": "Wattle",
			"from": [7.77854, 6, 7.63119],
			"to": [8.28827, 6.5, 16.4877],
			"rotation": {"angle": -22.5, "axis": "y", "origin": [8.03827, 14.75, 12.03119]},
			"faces": {
				"north": {"uv": [0, 0, 0.5, 0.5], "texture": "#2_0"},
				"east": {"uv": [5, 0, 5.5, 9], "rotation": 270, "texture": "#2_0"},
				"south": {"uv": [0, 8.5, 0.5, 9], "texture": "#2_0"},
				"west": {"uv": [5, 0, 5.5, 9], "rotation": 270, "texture": "#2_0"},
				"up": {"uv": [5.5, 9, 5, 0], "texture": "#2_0"},
				"down": {"uv": [3, 0, 3.5, 9], "texture": "#2_0"}
			}
		},
		{
			"name": "Wattle",
			"from": [7.77854, 7, 7.63119],
			"to": [8.28827, 7.5, 16.4877],
			"rotation": {"angle": -22.5, "axis": "y", "origin": [8.03827, 14.75, 12.03119]},
			"faces": {
				"north": {"uv": [0, 0, 0.5, 0.5], "texture": "#2_0"},
				"east": {"uv": [6, 0, 6.5, 9], "rotation": 270, "texture": "#2_0"},
				"south": {"uv": [0, 8.5, 0.5, 9], "texture": "#2_0"},
				"west": {"uv": [6, 0, 6.5, 9], "rotation": 270, "texture": "#2_0"},
				"up": {"uv": [6.5, 9, 6, 0], "texture": "#2_0"},
				"down": {"uv": [3, 0, 3.5, 9], "texture": "#2_0"}
			}
		},
		{
			"name": "Wattle",
			"from": [7.77854, 3, 7.63119],
			"to": [8.28827, 3.5, 16.4877],
			"rotation": {"angle": -22.5, "axis": "y", "origin": [8.03827, 14.75, 12.03119]},
			"faces": {
				"north": {"uv": [0, 0, 0.5, 0.5], "texture": "#2_0"},
				"east": {"uv": [6, 0, 6.5, 9], "rotation": 270, "texture": "#2_0"},
				"south": {"uv": [0, 8.5, 0.5, 9], "texture": "#2_0"},
				"west": {"uv": [6, 0, 6.5, 9], "rotation": 270, "texture": "#2_0"},
				"up": {"uv": [6.5, 9, 6, 0], "texture": "#2_0"},
				"down": {"uv": [3, 0, 3.5, 9], "texture": "#2_0"}
			}
		},
		{
			"name": "Wattle",
			"from": [7.71173, 4.5, 7.63119],
			"to": [8.22146, 5, 16.4877],
			"rotation": {"angle": 22.5, "axis": "y", "origin": [7.96173, 15.25, 12.03119]},
			"faces": {
				"north": {"uv": [0.5, 0, 0, 0.5], "texture": "#2_0"},
				"east": {"uv": [6, 9, 6.5, 0], "rotation": 270, "texture": "#2_0"},
				"south": {"uv": [0.5, 8.5, 0, 9], "texture": "#2_0"},
				"west": {"uv": [6, 9, 6.5, 0], "rotation": 270, "texture": "#2_0"},
				"up": {"uv": [6, 9, 6.5, 0], "texture": "#2_0"},
				"down": {"uv": [3.5, 0, 3, 9], "texture": "#2_0"}
			}
		},
		{
			"name": "Wattle",
			"from": [7.71173, 2.5, 7.63119],
			"to": [8.22146, 3, 16.4877],
			"rotation": {"angle": 22.5, "axis": "y", "origin": [7.96173, 13.25, 12.03119]},
			"faces": {
				"north": {"uv": [0.5, 0, 0, 0.5], "texture": "#2_0"},
				"east": {"uv": [4, 9, 4.5, 0], "rotation": 270, "texture": "#2_0"},
				"south": {"uv": [0.5, 8.5, 0, 9], "texture": "#2_0"},
				"west": {"uv": [4, 9, 4.5, 0], "rotation": 270, "texture": "#2_0"},
				"up": {"uv": [6.5, 9, 6, 0], "rotation": 180, "texture": "#2_2_0"},
				"down": {"uv": [6.5, 9, 6, 0], "rotation": 180, "texture": "#2_2_0"}
			}
		},
		{
			"name": "Wattle",
			"from": [7.77854, 2, 7.63119],
			"to": [8.28827, 2.5, 16.4877],
			"rotation": {"angle": -22.5, "axis": "y", "origin": [8.03827, 12.75, 12.03119]},
			"faces": {
				"north": {"uv": [0, 0, 0.5, 0.5], "texture": "#2_0"},
				"east": {"uv": [4, 0, 4.5, 9], "rotation": 270, "texture": "#2_0"},
				"south": {"uv": [0, 8.5, 0.5, 9], "texture": "#2_0"},
				"west": {"uv": [4, 0, 4.5, 9], "rotation": 270, "texture": "#2_0"},
				"up": {"uv": [6, 9, 6.5, 0], "rotation": 180, "texture": "#2_2_0"},
				"down": {"uv": [6, 9, 6.5, 0], "rotation": 180, "texture": "#2_2_0"}
			}
		},
		{
			"name": "Wattle",
			"from": [7.77854, 0, 7.63119],
			"to": [8.28827, 0.5, 16.4877],
			"rotation": {"angle": -22.5, "axis": "y", "origin": [8.03827, 13.75, 12.03119]},
			"faces": {
				"north": {"uv": [0, 0, 0.5, 0.5], "texture": "#2_0"},
				"east": {"uv": [6, 0, 6.5, 9], "rotation": 270, "texture": "#2_0"},
				"south": {"uv": [0, 8.5, 0.5, 9], "texture": "#2_0"},
				"west": {"uv": [6, 0, 6.5, 9], "rotation": 270, "texture": "#2_0"},
				"up": {"uv": [4, 9, 4.5, 0], "rotation": 180, "texture": "#2_2_0"},
				"down": {"uv": [4, 9, 4.5, 0], "rotation": 180, "texture": "#2_2_0"}
			}
		},
		{
			"name": "Wattle",
			"from": [7.71173, 0.5, 7.63119],
			"to": [8.22146, 1, 16.4877],
			"rotation": {"angle": 22.5, "axis": "y", "origin": [7.96173, 14.25, 12.03119]},
			"faces": {
				"north": {"uv": [0.5, 0, 0, 0.5], "texture": "#2_0"},
				"east": {"uv": [6, 9, 6.5, 0], "rotation": 270, "texture": "#2_0"},
				"south": {"uv": [0.5, 8.5, 0, 9], "texture": "#2_0"},
				"west": {"uv": [6, 9, 6.5, 0], "rotation": 270, "texture": "#2_0"},
				"up": {"uv": [4.5, 9, 4, 0], "rotation": 180, "texture": "#2_2_0"},
				"down": {"uv": [4.5, 9, 4, 0], "rotation": 180, "texture": "#2_2_0"}
			}
		},
		{
			"name": "Wattle",
			"from": [7.77854, 8, 7.63119],
			"to": [8.28827, 8.5, 16.4877],
			"rotation": {"angle": -22.5, "axis": "y", "origin": [8.03827, 11.75, 12.03119]},
			"faces": {
				"north": {"uv": [0, 0, 0.5, 0.5], "texture": "#2_0"},
				"east": {"uv": [5, 0, 5.5, 9], "rotation": 270, "texture": "#2_0"},
				"south": {"uv": [0, 8.5, 0.5, 9], "texture": "#2_0"},
				"west": {"uv": [5, 0, 5.5, 9], "rotation": 270, "texture": "#2_0"},
				"up": {"uv": [5.5, 9, 5, 0], "texture": "#2_0"},
				"down": {"uv": [5.5, 9, 5, 0], "texture": "#2_0"}
			}
		},
		{
			"name": "Wattle",
			"from": [7.71173, 11.5, 7.63119],
			"to": [8.22146, 12, 16.4877],
			"rotation": {"angle": 22.5, "axis": "y", "origin": [7.96173, 18.25, 12.03119]},
			"faces": {
				"north": {"uv": [0.5, 0, 0, 0.5], "texture": "#2_0"},
				"east": {"uv": [2, 9, 2.5, 0], "rotation": 270, "texture": "#2_0"},
				"south": {"uv": [0.5, 8.5, 0, 9], "texture": "#2_0"},
				"west": {"uv": [2, 9, 2.5, 0], "rotation": 270, "texture": "#2_0"},
				"up": {"uv": [2, 9, 2.5, 0], "texture": "#2_0"},
				"down": {"uv": [2, 9, 2.5, 0], "texture": "#2_0"}
			}
		},
		{
			"name": "Wattle",
			"from": [7.77854, 11, 7.63119],
			"to": [8.28827, 11.5, 16.4877],
			"rotation": {"angle": -22.5, "axis": "y", "origin": [8.03827, 17.75, 12.03119]},
			"faces": {
				"north": {"uv": [0, 0, 0.5, 0.5], "texture": "#2_0"},
				"east": {"uv": [2, 0, 2.5, 9], "rotation": 270, "texture": "#2_0"},
				"south": {"uv": [0, 8.5, 0.5, 9], "texture": "#2_0"},
				"west": {"uv": [2, 0, 2.5, 9], "rotation": 270, "texture": "#2_0"},
				"up": {"uv": [2.5, 9, 2, 0], "texture": "#2_0"},
				"down": {"uv": [2.5, 9, 2, 0], "texture": "#2_0"}
			}
		},
		{
			"name": "Wattle",
			"from": [7.71173, 5.5, 7.63119],
			"to": [8.22146, 6, 16.4877],
			"rotation": {"angle": 22.5, "axis": "y", "origin": [7.96173, 9.25, 12.03119]},
			"faces": {
				"north": {"uv": [0.5, 0, 0, 0.5], "texture": "#2_0"},
				"east": {"uv": [5, 9, 5.5, 0], "rotation": 270, "texture": "#2_0"},
				"south": {"uv": [0.5, 8.5, 0, 9], "texture": "#2_0"},
				"west": {"uv": [5, 9, 5.5, 0], "rotation": 270, "texture": "#2_0"},
				"up": {"uv": [5, 9, 5.5, 0], "texture": "#2_0"},
				"down": {"uv": [5, 9, 5.5, 0], "texture": "#2_0"}
			}
		},
		{
			"name": "Wattle",
			"from": [7.77854, 4, 7.63119],
			"to": [8.28827, 4.5, 16.4877],
			"rotation": {"angle": -22.5, "axis": "y", "origin": [8.03827, 11.75, 12.03119]},
			"faces": {
				"north": {"uv": [0, 0, 0.5, 0.5], "texture": "#2_0"},
				"east": {"uv": [6, 0, 6.5, 9], "rotation": 270, "texture": "#2_0"},
				"south": {"uv": [0, 8.5, 0.5, 9], "texture": "#2_0"},
				"west": {"uv": [6, 0, 6.5, 9], "rotation": 270, "texture": "#2_0"},
				"up": {"uv": [6.5, 9, 6, 0], "texture": "#2_0"},
				"down": {"uv": [6.5, 9, 6, 0], "texture": "#2_0"}
			}
		},
		{
			"name": "Wattle",
			"from": [7.71173, 8.5, 7.63119],
			"to": [8.22146, 9, 16.4877],
			"rotation": {"angle": 22.5, "axis": "y", "origin": [7.96173, 20.25, 12.03119]},
			"faces": {
				"north": {"uv": [0.5, 0, 0, 0.5], "texture": "#2_0"},
				"east": {"uv": [2, 9, 2.5, 0], "rotation": 270, "texture": "#2_0"},
				"south": {"uv": [0.5, 8.5, 0, 9], "texture": "#2_0"},
				"west": {"uv": [2, 9, 2.5, 0], "rotation": 270, "texture": "#2_0"},
				"up": {"uv": [2, 9, 2.5, 0], "texture": "#2_0"},
				"down": {"uv": [2, 9, 2.5, 0], "texture": "#2_0"}
			}
		},
		{
			"name": "Wattle",
			"from": [7.77854, 5, 7.63119],
			"to": [8.28827, 5.5, 16.4877],
			"rotation": {"angle": -22.5, "axis": "y", "origin": [8.03827, 19.75, 12.03119]},
			"faces": {
				"north": {"uv": [0, 0, 0.5, 0.5], "texture": "#2_0"},
				"east": {"uv": [2, 0, 2.5, 9], "rotation": 270, "texture": "#2_0"},
				"south": {"uv": [0, 8.5, 0.5, 9], "texture": "#2_0"},
				"west": {"uv": [2, 0, 2.5, 9], "rotation": 270, "texture": "#2_0"},
				"up": {"uv": [2.5, 9, 2, 0], "texture": "#2_0"},
				"down": {"uv": [2.5, 9, 2, 0], "texture": "#2_0"}
			}
		},
		{
			"name": "Wattle",
			"from": [7.77854, 1, 7.63119],
			"to": [8.28827, 1.5, 16.4877],
			"rotation": {"angle": -22.5, "axis": "y", "origin": [8.03827, 7.75, 12.03119]},
			"faces": {
				"north": {"uv": [0, 0, 0.5, 0.5], "texture": "#2_0"},
				"east": {"uv": [2, 0, 2.5, 9], "rotation": 270, "texture": "#2_0"},
				"south": {"uv": [0, 8.5, 0.5, 9], "texture": "#2_0"},
				"west": {"uv": [2, 0, 2.5, 9], "rotation": 270, "texture": "#2_0"},
				"up": {"uv": [6, 9, 6.5, 0], "rotation": 180, "texture": "#2_2_0"},
				"down": {"uv": [3, 0, 3.5, 9], "texture": "#2_0"}
			}
		},
		{
			"name": "Wattle",
			"from": [7.71173, 1.5, 7.63119],
			"to": [8.22146, 2, 16.4877],
			"rotation": {"angle": 22.5, "axis": "y", "origin": [7.96173, 8.25, 12.03119]},
			"faces": {
				"north": {"uv": [0.5, 0, 0, 0.5], "texture": "#2_0"},
				"east": {"uv": [2, 9, 2.5, 0], "rotation": 270, "texture": "#2_0"},
				"south": {"uv": [0.5, 8.5, 0, 9], "texture": "#2_0"},
				"west": {"uv": [2, 9, 2.5, 0], "rotation": 270, "texture": "#2_0"},
				"up": {"uv": [6.5, 9, 6, 0], "rotation": 180, "texture": "#2_2_0"},
				"down": {"uv": [3.5, 0, 3, 9], "texture": "#2_0"}
			}
		}
	]
}