{
	"credit": "Made with Blockbench",
	"textures": {
		"2_0": "block/birch_fence",
		"particle": "block/birch_fence"
	},
	"elements": [
		{
			"name": "Post",
			"from": [7, 0, 0],
			"to": [9, 16, 1],
			"faces": {
				"north": {"uv": [9.5, 0, 7.5, 16], "texture": "#2_0"},
				"east": {"uv": [12.5, 0, 11.5, 16], "texture": "#2_0"},
				"south": {"uv": [14.5, 0, 12.5, 16], "texture": "#2_0"},
				"west": {"uv": [15.5, 0, 14.5, 16], "texture": "#2_0"},
				"up": {"uv": [0, 10.5, 2, 9.5], "texture": "#2_0"},
				"down": {"uv": [2.5, 10.5, 4.5, 9.5], "texture": "#2_0"}
			}
		},
		{
			"name": "Cross_Wattle",
			"from": [7.77854, 14.5, -0.36412],
			"to": [8.28827, 15, 8.49239],
			"rotation": {"angle": 22.5, "axis": "y", "origin": [8.03827, 15.75, 4.09239]},
			"faces": {
				"north": {"uv": [0.5, 8.5, 0, 9], "texture": "#2_0"},
				"east": {"uv": [4, 9, 4.5, 0], "rotation": 270, "texture": "#2_0"},
				"south": {"uv": [0.5, 0, 0, 0.5], "texture": "#2_0"},
				"west": {"uv": [4, 9, 4.5, 0], "rotation": 270, "texture": "#2_0"},
				"up": {"uv": [4.5, 0, 4, 9], "texture": "#2_0"},
				"down": {"uv": [3, 9, 3.5, 0], "texture": "#2_0"}
			}
		},
		{
			"name": "Cross_Wattle",
			"from": [7.71173, 14.5, -0.36412],
			"to": [8.22146, 15, 8.49239],
			"rotation": {"angle": -22.5, "axis": "y", "origin": [7.96173, 15.75, 4.09239]},
			"faces": {
				"north": {"uv": [0, 8.5, 0.5, 9], "texture": "#2_0"},
				"east": {"uv": [5, 0, 5.5, 9], "rotation": 90, "texture": "#2_0"},
				"south": {"uv": [0, 0, 0.5, 0.5], "texture": "#2_0"},
				"west": {"uv": [5, 0, 5.5, 9], "rotation": 90, "texture": "#2_0"},
				"up": {"uv": [5.5, 9, 5, 0], "rotation": 180, "texture": "#2_0"},
				"down": {"uv": [3.5, 9, 3, 0], "texture": "#2_0"}
			}
		},
		{
			"name": "Wattle",
			"from": [7.71173, 12.5, -0.36412],
			"to": [8.22146, 13, 8.49239],
			"rotation": {"angle": -22.5, "axis": "y", "origin": [7.96173, 15.75, 4.09239]},
			"faces": {
				"north": {"uv": [0, 8.5, 0.5, 9], "texture": "#2_0"},
				"east": {"uv": [2, 0, 2.5, 9], "rotation": 90, "texture": "#2_0"},
				"south": {"uv": [0, 0, 0.5, 0.5], "texture": "#2_0"},
				"west": {"uv": [2, 0, 2.5, 9], "rotation": 90, "texture": "#2_0"},
				"up": {"uv": [2.5, 9, 2, 0], "rotation": 180, "texture": "#2_0"},
				"down": {"uv": [3.5, 9, 3, 0], "texture": "#2_0"}
			}
		},
		{
			"name": "Wattle",
			"from": [7.71173, 13.5, -0.36412],
			"to": [8.22146, 14, 8.49239],
			"rotation": {"angle": -22.5, "axis": "y", "origin": [7.96173, 15.75, 4.09239]},
			"faces": {
				"north": {"uv": [0, 8.5, 0.5, 9], "texture": "#2_0"},
				"east": {"uv": [5, 0, 5.5, 9], "rotation": 90, "texture": "#2_0"},
				"south": {"uv": [0, 0, 0.5, 0.5], "texture": "#2_0"},
				"west": {"uv": [5, 0, 5.5, 9], "rotation": 90, "texture": "#2_0"},
				"up": {"uv": [5.5, 9, 5, 0], "rotation": 180, "texture": "#2_0"},
				"down": {"uv": [3.5, 9, 3, 0], "texture": "#2_0"}
			}
		},
		{
			"name": "Wattle",
			"from": [7.71173, 8.5, -0.36412],
			"to": [8.22146, 9, 8.49239],
			"rotation": {"angle": -22.5, "axis": "y", "origin": [7.96173, 15.75, 4.09239]},
			"faces": {
				"north": {"uv": [0, 8.5, 0.5, 9], "texture": "#2_0"},
				"east": {"uv": [6, 0, 6.5, 9], "rotation": 90, "texture": "#2_0"},
				"south": {"uv": [0, 0, 0.5, 0.5], "texture": "#2_0"},
				"west": {"uv": [6, 0, 6.5, 9], "rotation": 90, "texture": "#2_0"},
				"up": {"uv": [6.5, 9, 6, 0], "rotation": 180, "texture": "#2_0"},
				"down": {"uv": [3.5, 9, 3, 0], "texture": "#2_0"}
			}
		},
		{
			"name": "Wattle",
			"from": [7.71173, 9.5, -0.36412],
			"to": [8.22146, 10, 8.49239],
			"rotation": {"angle": -22.5, "axis": "y", "origin": [7.96173, 15.75, 4.09239]},
			"faces": {
				"north": {"uv": [0, 8.5, 0.5, 9], "texture": "#2_0"},
				"east": {"uv": [3, 0, 3.5, 9], "rotation": 90, "texture": "#2_0"},
				"south": {"uv": [0, 0, 0.5, 0.5], "texture": "#2_0"},
				"west": {"uv": [3, 0, 3.5, 9], "rotation": 90, "texture": "#2_0"},
				"up": {"uv": [3.5, 9, 3, 0], "rotation": 180, "texture": "#2_0"},
				"down": {"uv": [3.5, 9, 3, 0], "texture": "#2_0"}
			}
		},
		{
			"name": "Wattle",
			"from": [7.71173, 10.5, -0.36412],
			"to": [8.22146, 11, 8.49239],
			"rotation": {"angle": -22.5, "axis": "y", "origin": [7.96173, 15.75, 4.09239]},
			"faces": {
				"north": {"uv": [0, 8.5, 0.5, 9], "texture": "#2_0"},
				"east": {"uv": [5, 0, 5.5, 9], "rotation": 90, "texture": "#2_0"},
				"south": {"uv": [0, 0, 0.5, 0.5], "texture": "#2_0"},
				"west": {"uv": [5, 0, 5.5, 9], "rotation": 90, "texture": "#2_0"},
				"up": {"uv": [5.5, 9, 5, 0], "rotation": 180, "texture": "#2_0"},
				"down": {"uv": [3.5, 9, 3, 0], "texture": "#2_0"}
			}
		},
		{
			"name": "Wattle",
			"from": [7.71173, 11.5, -0.36412],
			"to": [8.22146, 12, 8.49239],
			"rotation": {"angle": -22.5, "axis": "y", "origin": [7.96173, 15.75, 4.09239]},
			"faces": {
				"north": {"uv": [0, 8.5, 0.5, 9], "texture": "#2_0"},
				"east": {"uv": [4, 0, 4.5, 9], "rotation": 270, "texture": "#2_0"},
				"south": {"uv": [0, 0, 0.5, 0.5], "texture": "#2_0"},
				"west": {"uv": [4, 0, 4.5, 9], "rotation": 270, "texture": "#2_0"},
				"up": {"uv": [4.5, 9, 4, 0], "texture": "#2_0"},
				"down": {"uv": [3.5, 9, 3, 0], "texture": "#2_0"}
			}
		},
		{
			"name": "Wattle",
			"from": [7.71173, 4.5, -0.36412],
			"to": [8.22146, 5, 8.49239],
			"rotation": {"angle": -22.5, "axis": "y", "origin": [7.96173, 15.75, 4.09239]},
			"faces": {
				"north": {"uv": [0, 8.5, 0.5, 9], "texture": "#2_0"},
				"east": {"uv": [6, 0, 6.5, 9], "rotation": 90, "texture": "#2_0"},
				"south": {"uv": [0, 0, 0.5, 0.5], "texture": "#2_0"},
				"west": {"uv": [6, 0, 6.5, 9], "rotation": 90, "texture": "#2_0"},
				"up": {"uv": [6.5, 9, 6, 0], "rotation": 180, "texture": "#2_0"},
				"down": {"uv": [3.5, 9, 3, 0], "texture": "#2_0"}
			}
		},
		{
			"name": "Wattle",
			"from": [7.71173, 5.5, -0.36412],
			"to": [8.22146, 6, 8.49239],
			"rotation": {"angle": -22.5, "axis": "y", "origin": [7.96173, 15.75, 4.09239]},
			"faces": {
				"north": {"uv": [0, 8.5, 0.5, 9], "texture": "#2_0"},
				"east": {"uv": [3, 0, 3.5, 9], "rotation": 90, "texture": "#2_0"},
				"south": {"uv": [0, 0, 0.5, 0.5], "texture": "#2_0"},
				"west": {"uv": [3, 0, 3.5, 9], "rotation": 90, "texture": "#2_0"},
				"up": {"uv": [3.5, 9, 3, 0], "rotation": 180, "texture": "#2_0"},
				"down": {"uv": [3.5, 9, 3, 0], "texture": "#2_0"}
			}
		},
		{
			"name": "Wattle",
			"from": [7.71173, 6.5, -0.36412],
			"to": [8.22146, 7, 8.49239],
			"rotation": {"angle": -22.5, "axis": "y", "origin": [7.96173, 15.75, 4.09239]},
			"faces": {
				"north": {"uv": [0, 8.5, 0.5, 9], "texture": "#2_0"},
				"east": {"uv": [2, 0, 2.5, 9], "rotation": 90, "texture": "#2_0"},
				"south": {"uv": [0, 0, 0.5, 0.5], "texture": "#2_0"},
				"west": {"uv": [2, 0, 2.5, 9], "rotation": 90, "texture": "#2_0"},
				"up": {"uv": [2.5, 9, 2, 0], "rotation": 180, "texture": "#2_0"},
				"down": {"uv": [3.5, 9, 3, 0], "texture": "#2_0"}
			}
		},
		{
			"name": "Wattle",
			"from": [7.71173, 7.5, -0.36412],
			"to": [8.22146, 8, 8.49239],
			"rotation": {"angle": -22.5, "axis": "y", "origin": [7.96173, 15.75, 4.09239]},
			"faces": {
				"north": {"uv": [0, 8.5, 0.5, 9], "texture": "#2_0"},
				"east": {"uv": [7, 0, 7.5, 9], "rotation": 90, "texture": "#2_0"},
				"south": {"uv": [0, 0, 0.5, 0.5], "texture": "#2_0"},
				"west": {"uv": [7, 0, 7.5, 9], "rotation": 90, "texture": "#2_0"},
				"up": {"uv": [7.5, 9, 7, 0], "rotation": 180, "texture": "#2_0"},
				"down": {"uv": [3.5, 9, 3, 0], "texture": "#2_0"}
			}
		},
		{
			"name": "Wattle",
			"from": [7.71173, 1.5, -0.36412],
			"to": [8.22146, 2, 8.49239],
			"rotation": {"angle": -22.5, "axis": "y", "origin": [7.96173, 15.75, 4.09239]},
			"faces": {
				"north": {"uv": [0, 8.5, 0.5, 9], "texture": "#2_0"},
				"east": {"uv": [4, 0, 4.5, 9], "rotation": 90, "texture": "#2_0"},
				"south": {"uv": [0, 0, 0.5, 0.5], "texture": "#2_0"},
				"west": {"uv": [4, 0, 4.5, 9], "rotation": 90, "texture": "#2_0"},
				"up": {"uv": [4.5, 9, 4, 0], "rotation": 180, "texture": "#2_0"},
				"down": {"uv": [3.5, 9, 3, 0], "texture": "#2_0"}
			}
		},
		{
			"name": "Wattle",
			"from": [7.71173, 2.5, -0.36412],
			"to": [8.22146, 3, 8.49239],
			"rotation": {"angle": -22.5, "axis": "y", "origin": [7.96173, 15.75, 4.09239]},
			"faces": {
				"north": {"uv": [0, 8.5, 0.5, 9], "texture": "#2_0"},
				"east": {"uv": [6, 0, 6.5, 9], "rotation": 90, "texture": "#2_0"},
				"south": {"uv": [0, 0, 0.5, 0.5], "texture": "#2_0"},
				"west": {"uv": [6, 0, 6.5, 9], "rotation": 90, "texture": "#2_0"},
				"up": {"uv": [6.5, 9, 6, 0], "rotation": 180, "texture": "#2_0"},
				"down": {"uv": [3.5, 9, 3, 0], "texture": "#2_0"}
			}
		},
		{
			"name": "Wattle",
			"from": [7.71173, 3.5, -0.36412],
			"to": [8.22146, 4, 8.49239],
			"rotation": {"angle": -22.5, "axis": "y", "origin": [7.96173, 15.75, 4.09239]},
			"faces": {
				"north": {"uv": [0, 8.5, 0.5, 9], "texture": "#2_0"},
				"east": {"uv": [6, 0, 6.5, 9], "rotation": 90, "texture": "#2_0"},
				"south": {"uv": [0, 0, 0.5, 0.5], "texture": "#2_0"},
				"west": {"uv": [6, 0, 6.5, 9], "rotation": 90, "texture": "#2_0"},
				"up": {"uv": [6.5, 9, 6, 0], "rotation": 180, "texture": "#2_0"},
				"down": {"uv": [3.5, 9, 3, 0], "texture": "#2_0"}
			}
		},
		{
			"name": "Wattle",
			"from": [7.77854, 0, -0.36412],
			"to": [8.28827, 0.5, 8.49239],
			"rotation": {"angle": 22.5, "axis": "y", "origin": [8.03827, 15.75, 4.09239]},
			"faces": {
				"north": {"uv": [0.5, 8.5, 0, 9], "texture": "#2_0"},
				"east": {"uv": [1, 9, 1.5, 0], "rotation": 270, "texture": "#2_0"},
				"south": {"uv": [0.5, 0, 0, 0.5], "texture": "#2_0"},
				"west": {"uv": [1, 9, 1.5, 0], "rotation": 270, "texture": "#2_0"},
				"up": {"uv": [1.5, 0, 1, 9], "texture": "#2_0"},
				"down": {"uv": [3, 9, 3.5, 0], "texture": "#2_0"}
			}
		},
		{
			"name": "Wattle",
			"from": [7.77854, 13, -0.36412],
			"to": [8.28827, 13.5, 8.49239],
			"rotation": {"angle": 22.5, "axis": "y", "origin": [8.03827, 15.75, 4.09239]},
			"faces": {
				"north": {"uv": [0.5, 8.5, 0, 9], "texture": "#2_0"},
				"east": {"uv": [5.5, 9, 6, 0], "rotation": 270, "texture": "#2_0"},
				"south": {"uv": [0.5, 0, 0, 0.5], "texture": "#2_0"},
				"west": {"uv": [5.5, 9, 6, 0], "rotation": 270, "texture": "#2_0"},
				"up": {"uv": [6, 0, 5.5, 9], "texture": "#2_0"},
				"down": {"uv": [3, 9, 3.5, 0], "texture": "#2_0"}
			}
		},
		{
			"name": "Wattle",
			"from": [7.77854, 12, -0.36412],
			"to": [8.28827, 12.5, 8.49239],
			"rotation": {"angle": 22.5, "axis": "y", "origin": [8.03827, 15.75, 4.09239]},
			"faces": {
				"north": {"uv": [0.5, 8.5, 0, 9], "texture": "#2_0"},
				"east": {"uv": [5, 9, 5.5, 0], "rotation": 270, "texture": "#2_0"},
				"south": {"uv": [0.5, 0, 0, 0.5], "texture": "#2_0"},
				"west": {"uv": [5, 9, 5.5, 0], "rotation": 270, "texture": "#2_0"},
				"up": {"uv": [5.5, 0, 5, 9], "texture": "#2_0"},
				"down": {"uv": [3, 9, 3.5, 0], "texture": "#2_0"}
			}
		},
		{
			"name": "Wattle",
			"from": [7.77854, 11, -0.36412],
			"to": [8.28827, 11.5, 8.49239],
			"rotation": {"angle": 22.5, "axis": "y", "origin": [8.03827, 15.75, 4.09239]},
			"faces": {
				"north": {"uv": [0.5, 8.5, 0, 9], "texture": "#2_0"},
				"east": {"uv": [7, 9, 7.5, 0], "rotation": 270, "texture": "#2_0"},
				"south": {"uv": [0.5, 0, 0, 0.5], "texture": "#2_0"},
				"west": {"uv": [7, 9, 7.5, 0], "rotation": 270, "texture": "#2_0"},
				"up": {"uv": [7.5, 0, 7, 9], "texture": "#2_0"},
				"down": {"uv": [3, 9, 3.5, 0], "texture": "#2_0"}
			}
		},
		{
			"name": "Wattle",
			"from": [7.77854, 10, -0.36412],
			"to": [8.28827, 10.5, 8.49239],
			"rotation": {"angle": 22.5, "axis": "y", "origin": [8.03827, 15.75, 4.09239]},
			"faces": {
				"north": {"uv": [0.5, 8.5, 0, 9], "texture": "#2_0"},
				"east": {"uv": [5, 9, 5.5, 0], "rotation": 270, "texture": "#2_0"},
				"south": {"uv": [0.5, 0, 0, 0.5], "texture": "#2_0"},
				"west": {"uv": [5, 9, 5.5, 0], "rotation": 270, "texture": "#2_0"},
				"up": {"uv": [5.5, 0, 5, 9], "texture": "#2_0"},
				"down": {"uv": [3, 9, 3.5, 0], "texture": "#2_0"}
			}
		},
		{
			"name": "Wattle",
			"from": [7.77854, 9, -0.36412],
			"to": [8.28827, 9.5, 8.49239],
			"rotation": {"angle": 22.5, "axis": "y", "origin": [8.03827, 15.75, 4.09239]},
			"faces": {
				"north": {"uv": [0.5, 8.5, 0, 9], "texture": "#2_0"},
				"east": {"uv": [2, 9, 2.5, 0], "rotation": 270, "texture": "#2_0"},
				"south": {"uv": [0.5, 0, 0, 0.5], "texture": "#2_0"},
				"west": {"uv": [2, 9, 2.5, 0], "rotation": 270, "texture": "#2_0"},
				"up": {"uv": [2.5, 0, 2, 9], "texture": "#2_0"},
				"down": {"uv": [3, 9, 3.5, 0], "texture": "#2_0"}
			}
		},
		{
			"name": "Wattle",
			"from": [7.77854, 8, -0.36412],
			"to": [8.28827, 8.5, 8.49239],
			"rotation": {"angle": 22.5, "axis": "y", "origin": [8.03827, 15.75, 4.09239]},
			"faces": {
				"north": {"uv": [0.5, 8.5, 0, 9], "texture": "#2_0"},
				"east": {"uv": [6, 9, 6.5, 0], "rotation": 270, "texture": "#2_0"},
				"south": {"uv": [0.5, 0, 0, 0.5], "texture": "#2_0"},
				"west": {"uv": [6, 9, 6.5, 0], "rotation": 270, "texture": "#2_0"},
				"up": {"uv": [6.5, 0, 6, 9], "texture": "#2_0"},
				"down": {"uv": [3, 9, 3.5, 0], "texture": "#2_0"}
			}
		},
		{
			"name": "Wattle",
			"from": [7.77854, 7, -0.36412],
			"to": [8.28827, 7.5, 8.49239],
			"rotation": {"angle": 22.5, "axis": "y", "origin": [8.03827, 15.75, 4.09239]},
			"faces": {
				"north": {"uv": [0.5, 8.5, 0, 9], "texture": "#2_0"},
				"east": {"uv": [5, 9, 5.5, 0], "rotation": 270, "texture": "#2_0"},
				"south": {"uv": [0.5, 0, 0, 0.5], "texture": "#2_0"},
				"west": {"uv": [5, 9, 5.5, 0], "rotation": 270, "texture": "#2_0"},
				"up": {"uv": [5.5, 0, 5, 9], "texture": "#2_0"},
				"down": {"uv": [3, 9, 3.5, 0], "texture": "#2_0"}
			}
		},
		{
			"name": "Wattle",
			"from": [7.77854, 6, -0.36412],
			"to": [8.28827, 6.5, 8.49239],
			"rotation": {"angle": 22.5, "axis": "y", "origin": [8.03827, 15.75, 4.09239]},
			"faces": {
				"north": {"uv": [0.5, 8.5, 0, 9], "texture": "#2_0"},
				"east": {"uv": [6, 9, 6.5, 0], "rotation": 270, "texture": "#2_0"},
				"south": {"uv": [0.5, 0, 0, 0.5], "texture": "#2_0"},
				"west": {"uv": [6, 9, 6.5, 0], "rotation": 270, "texture": "#2_0"},
				"up": {"uv": [6.5, 0, 6, 9], "texture": "#2_0"},
				"down": {"uv": [3, 9, 3.5, 0], "texture": "#2_0"}
			}
		},
		{
			"name": "Wattle",
			"from": [7.77854, 5, -0.36412],
			"to": [8.28827, 5.5, 8.49239],
			"rotation": {"angle": 22.5, "axis": "y", "origin": [8.03827, 15.75, 4.09239]},
			"faces": {
				"north": {"uv": [0.5, 8.5, 0, 9], "texture": "#2_0"},
				"east": {"uv": [4, 9, 4.5, 0], "rotation": 270, "texture": "#2_0"},
				"south": {"uv": [0.5, 0, 0, 0.5], "texture": "#2_0"},
				"west": {"uv": [4, 9, 4.5, 0], "rotation": 270, "texture": "#2_0"},
				"up": {"uv": [4.5, 0, 4, 9], "texture": "#2_0"},
				"down": {"uv": [3, 9, 3.5, 0], "texture": "#2_0"}
			}
		},
		{
			"name": "Wattle",
			"from": [7.77854, 4, -0.36412],
			"to": [8.28827, 4.5, 8.49239],
			"rotation": {"angle": 22.5, "axis": "y", "origin": [8.03827, 15.75, 4.09239]},
			"faces": {
				"north": {"uv": [0.5, 8.5, 0, 9], "texture": "#2_0"},
				"east": {"uv": [6, 9, 6.5, 0], "rotation": 270, "texture": "#2_0"},
				"south": {"uv": [0.5, 0, 0, 0.5], "texture": "#2_0"},
				"west": {"uv": [6, 9, 6.5, 0], "rotation": 270, "texture": "#2_0"},
				"up": {"uv": [6.5, 0, 6, 9], "texture": "#2_0"},
				"down": {"uv": [3, 9, 3.5, 0], "texture": "#2_0"}
			}
		},
		{
			"name": "Wattle",
			"from": [7.77854, 3, -0.36412],
			"to": [8.28827, 3.5, 8.49239],
			"rotation": {"angle": 22.5, "axis": "y", "origin": [8.03827, 15.75, 4.09239]},
			"faces": {
				"north": {"uv": [0.5, 8.5, 0, 9], "texture": "#2_0"},
				"east": {"uv": [2, 9, 2.5, 0], "rotation": 270, "texture": "#2_0"},
				"south": {"uv": [0.5, 0, 0, 0.5], "texture": "#2_0"},
				"west": {"uv": [2, 9, 2.5, 0], "rotation": 270, "texture": "#2_0"},
				"up": {"uv": [2.5, 0, 2, 9], "texture": "#2_0"},
				"down": {"uv": [3, 9, 3.5, 0], "texture": "#2_0"}
			}
		},
		{
			"name": "Wattle",
			"from": [7.77854, 2, -0.36412],
			"to": [8.28827, 2.5, 8.49239],
			"rotation": {"angle": 22.5, "axis": "y", "origin": [8.03827, 15.75, 4.09239]},
			"faces": {
				"north": {"uv": [0.5, 8.5, 0, 9], "texture": "#2_0"},
				"east": {"uv": [6, 9, 6.5, 0], "rotation": 270, "texture": "#2_0"},
				"south": {"uv": [0.5, 0, 0, 0.5], "texture": "#2_0"},
				"west": {"uv": [6, 9, 6.5, 0], "rotation": 270, "texture": "#2_0"},
				"up": {"uv": [6.5, 0, 6, 9], "texture": "#2_0"},
				"down": {"uv": [3, 9, 3.5, 0], "texture": "#2_0"}
			}
		},
		{
			"name": "Wattle",
			"from": [7.71173, 0.5, -0.36412],
			"to": [8.22146, 1, 8.49239],
			"rotation": {"angle": -22.5, "axis": "y", "origin": [7.96173, 7.75, 4.09239]},
			"faces": {
				"north": {"uv": [0, 8.5, 0.5, 9], "texture": "#2_0"},
				"east": {"uv": [6, 0, 6.5, 9], "rotation": 90, "texture": "#2_0"},
				"south": {"uv": [0, 0, 0.5, 0.5], "texture": "#2_0"},
				"west": {"uv": [6, 0, 6.5, 9], "rotation": 90, "texture": "#2_0"},
				"up": {"uv": [6.5, 9, 6, 0], "rotation": 180, "texture": "#2_0"},
				"down": {"uv": [3.5, 9, 3, 0], "texture": "#2_0"}
			}
		},
		{
			"name": "Wattle",
			"from": [7.77854, 1, -0.36412],
			"to": [8.28827, 1.5, 8.49239],
			"rotation": {"angle": 22.5, "axis": "y", "origin": [8.03827, 7.75, 4.09239]},
			"faces": {
				"north": {"uv": [0.5, 8.5, 0, 9], "texture": "#2_0"},
				"east": {"uv": [2, 9, 2.5, 0], "rotation": 270, "texture": "#2_0"},
				"south": {"uv": [0.5, 0, 0, 0.5], "texture": "#2_0"},
				"west": {"uv": [2, 9, 2.5, 0], "rotation": 270, "texture": "#2_0"},
				"up": {"uv": [2.5, 0, 2, 9], "texture": "#2_0"},
				"down": {"uv": [3, 9, 3.5, 0], "texture": "#2_0"}
			}
		}
	]
}