{
  "parent": "block/block",
  "textures": {
        "chandelier": "minecraft:block/chandelier"
    },
  "elements": [
    {
      "from": [7, 0, 7],
      "to": [9, 6, 9],
      "faces": {
        "north": {"uv": [0, 8, 2, 14], "texture": "#all"},
        "east": {"uv": [0, 8, 2, 14], "texture": "#all"},
        "south": {"uv": [0, 8, 2, 14], "texture": "#all"},
        "west": {"uv": [0, 8, 2, 14], "texture": "#all"},
        "up": {"uv": [0, 6, 2, 8], "texture": "#all"},
        "down": {"uv": [0, 14, 2, 16], "texture": "#all", "cullface": "down"}
      }
    },
    {
      "from": [7.5, 6, 8],
      "to": [8.5, 7, 8],
      "rotation": {"angle": 45, "axis": "y", "origin": [8, 6, 8]},
      "faces": {
        "north": {"uv": [0, 5, 1, 6], "texture": "#all"},
        "south": {"uv": [0, 5, 1, 6], "texture": "#all"}
      }
    },
    {
      "from": [7.5, 6, 8],
      "to": [8.5, 7, 8],
      "rotation": {"angle": -45, "axis": "y", "origin": [8, 6, 8]},
      "faces": {
        "north": {"uv": [0, 5, 1, 6], "texture": "#all"},
        "south": {"uv": [0, 5, 1, 6], "texture": "#all"}
      }
    },
	{   
		"from": [ 7, 2.5, 4 ],
		"to": [ 7, 10.5, 12 ],
		"rotation": { "origin": [ 0, 3.5, 8 ], "axis": "z", "angle": -22.5 },
		"shade": false,
		"faces": {
			"west": { "uv": [ 0, 0, 16, 16 ], "texture": "#chandelier" }
		}
	},
	{   
		"from": [ 7, -3.5, 4 ],
		"to": [ 7, 4.5, 12 ],
		"rotation": { "origin": [ 0, 5.5, 8 ], "axis": "z", "angle": 22.5 },
		"shade": false,
		"faces": {
			"east": { "uv": [ 0, 0, 16, 16 ], "texture": "#chandelier" }
		}
	},
	{   
		"from": [ 4, -1.5, 7 ],
		"to": [ 12, 6.5, 7 ],
		"rotation": { "origin": [ 0, 1.5, 10 ], "axis": "x", "angle": 22.5 },
		"shade": false,
		"faces": {
			"north": { "uv": [ 0, 0, 16, 16 ], "texture": "#chandelier" }
		}
	},
	{   
		"from": [ 4, 0.5, 11 ],
		"to": [ 12, 8.5, 11 ],
		"rotation": { "origin": [ 0, -2.5, 12 ], "axis": "x", "angle": -22.5 },
		"shade": false,
		"faces": {
			"south": { "uv": [ 0, 0, 16, 16 ], "texture": "#chandelier" }
		}
	}
  ]
}