{
	"credit": "Made with Blockbench",
	"textures": {
		"0": "block/doors/iron_door_rim",
		"1": "block/doors/iron_door_bottom",
		"particle": "block/doors/iron_door_rim"
	},
	"elements": [
		{
			"from": [0, 2, 14],
			"to": [3, 16, 16],
			"faces": {
				"north": {"uv": [14.468, 0.032, 14.032, 13.968], "texture": "#1"},
				"east": {"uv": [15.968, 0.032, 14.032, 13.968], "texture": "#1"},
				"south": {"uv": [4.532, 0.032, 7.468, 13.968], "texture": "#0"},
				"west": {"uv": [1.968, 0.032, 0.032, 13.968], "texture": "#1"}
			}
		},
		{
			"from": [0, 0, 0],
			"to": [3, 2, 16],
			"faces": {
				"north": {"uv": [7.468, 14, 4.532, 15.968], "texture": "#0"},
				"east": {"uv": [15.968, 14, 0.032, 15.968], "texture": "#1"},
				"south": {"uv": [4.532, 14, 7.468, 15.968], "texture": "#0"},
				"west": {"uv": [15.968, 14.032, 0.032, 15.968], "texture": "#1"},
				"up": {"uv": [15.984, 13.984, 0.016, 13.516], "rotation": 90, "texture": "#1"},
				"down": {"uv": [0.032, 15.968, 2.968, 0.032], "texture": "#0"}
			}
		},
		{
			"from": [0, 2, 0],
			"to": [3, 16, 2],
			"faces": {
				"north": {"uv": [7.468, 0.032, 4.532, 13.968], "texture": "#0"},
				"east": {"uv": [1.968, 0.032, 0.032, 13.968], "texture": "#1"},
				"south": {"uv": [1.968, 0.032, 1.532, 13.968], "texture": "#1"},
				"west": {"uv": [15.968, 0.032, 14.032, 13.968], "texture": "#1"}
			}
		},
		{
			"from": [0.5, 2, 2],
			"to": [2.5, 16, 14],
			"faces": {
				"east": {"uv": [13.968, 0.032, 2.032, 13.968], "texture": "#1"},
				"west": {"uv": [14.957, 0.032, 2.032, 13.968], "texture": "#1"}
			}
		},
		{
			"from": [0, 12.5, 2],
			"to": [3, 14, 14],
			"faces": {
				"east": {"uv": [13.968, 2, 2.032, 3.468], "texture": "#1"},
				"west": {"uv": [13.968, 2, 2.032, 3.468], "texture": "#1"},
				"up": {"uv": [13.968, 1.5, 2.032, 1.968], "rotation": 90, "texture": "#1"},
				"down": {"uv": [13.968, 3, 2.032, 3.468], "rotation": 90, "texture": "#1"}
			}
		},
		{
			"from": [0, 12, 9.9875],
			"to": [3, 14.5125, 10.5],
			"faces": {
				"north": {"uv": [5.48375, 1.5, 5.032, 3.98375], "texture": "#1"},
				"east": {"uv": [10.48375, 1.5, 10.032, 3.98375], "texture": "#1"},
				"south": {"uv": [9.468, 1.5, 6.532, 3.968], "texture": "#1"},
				"west": {"uv": [6.032, 1.5, 5.532, 4], "texture": "#1"},
				"up": {"uv": [5.532, 0.468, 5.984, 0.016], "texture": "#1"},
				"down": {"uv": [2.032, 3.968, 4.968, 3.5], "texture": "#1"}
			}
		},
		{
			"from": [0, 10.5, 6.5],
			"to": [3, 11, 9.5],
			"faces": {
				"north": {"uv": [9.468, 3.532, 9.016, 3.984], "texture": "#1"},
				"east": {"uv": [9.468, 5, 6.532, 5.48375], "texture": "#1"},
				"south": {"uv": [6.984, 3.532, 6.532, 3.984], "texture": "#1"},
				"west": {"uv": [9.468, 5, 6.532, 5.468], "texture": "#1"},
				"up": {"uv": [9.468, 5, 6.532, 5.48375], "rotation": 90, "texture": "#1"},
				"down": {"uv": [9.468, 5, 6.532, 5.48375], "rotation": 90, "texture": "#1"}
			}
		},
		{
			"from": [0, 12, 5.5],
			"to": [3, 14.5, 6],
			"faces": {
				"north": {"uv": [9.468, 1.5, 6.532, 3.968], "texture": "#1"},
				"east": {"uv": [5.98375, 1.5, 5.532, 3.98375], "texture": "#1"},
				"south": {"uv": [10.968, 1.5, 10.532, 3.968], "texture": "#1"},
				"west": {"uv": [10.468, 1.5, 10.032, 3.968], "texture": "#1"},
				"up": {"uv": [5.532, 0.468, 5.984, 0.016], "texture": "#1"},
				"down": {"uv": [2.032, 3.968, 4.968, 3.5], "texture": "#1"}
			}
		},
		{
			"from": [0, 11, 7],
			"to": [3, 16, 9],
			"faces": {
				"north": {"uv": [9.468, 0.032, 6.532, 4.968], "texture": "#1"},
				"east": {"uv": [8.968, 0.032, 7.032, 4.968], "texture": "#1"},
				"south": {"uv": [9.468, 0.032, 6.532, 4.968], "texture": "#1"},
				"west": {"uv": [8.968, 0.032, 7.032, 4.968], "texture": "#1"}
			}
		},
		{
			"from": [0, 2, 7.5],
			"to": [3, 10.5, 8.5],
			"faces": {
				"north": {"uv": [6.968, 5.5, 6.532, 13.968], "texture": "#1"},
				"east": {"uv": [8.468, 5.5, 7.532, 13.968], "texture": "#1"},
				"south": {"uv": [9.468, 5.5, 9.032, 13.968], "texture": "#1"},
				"west": {"uv": [8.468, 5.5, 7.532, 13.968], "texture": "#1"}
			}
		},
		{
			"from": [0, 2, 13],
			"to": [3, 2.5, 14],
			"faces": {
				"north": {"uv": [12.468, 13.5, 9.532, 13.968], "texture": "#1"},
				"east": {"uv": [13.968, 13.5, 13.032, 13.968], "texture": "#1"},
				"west": {"uv": [2.968, 13.5, 2.032, 13.968], "texture": "#1"},
				"up": {"uv": [9.532, 13.968, 12.468, 13.5], "texture": "#1"}
			}
		},
		{
			"from": [0, 2, 7],
			"to": [3, 2.5, 9],
			"faces": {
				"north": {"uv": [12.468, 13.5, 9.532, 13.968], "texture": "#1"},
				"east": {"uv": [8.968, 13.5, 7.032, 13.968], "texture": "#1"},
				"south": {"uv": [12.468, 13.5, 9.532, 13.968], "texture": "#1"},
				"west": {"uv": [8.968, 13.5, 7.032, 13.968], "texture": "#1"},
				"up": {"uv": [7.032, 13.468, 8.968, 10.5], "texture": "#1"}
			}
		},
		{
			"from": [0, 2, 2],
			"to": [3, 2.5, 3],
			"faces": {
				"east": {"uv": [2.968, 13.5, 2.032, 13.968], "texture": "#1"},
				"south": {"uv": [12.468, 13.5, 9.532, 13.968], "texture": "#1"},
				"west": {"uv": [13.968, 13.5, 13.032, 13.968], "texture": "#1"},
				"up": {"uv": [9.532, 13.968, 12.468, 13.5], "texture": "#1"}
			}
		},
		{
			"from": [0, 2.5, 2],
			"to": [3, 3, 2.5],
			"faces": {
				"east": {"uv": [2.468, 13, 2.032, 13.468], "texture": "#1"},
				"south": {"uv": [12.468, 13.5, 9.532, 13.968], "texture": "#1"},
				"west": {"uv": [13.968, 13, 13.532, 13.468], "texture": "#1"},
				"up": {"uv": [9.532, 13.968, 12.468, 13.5], "texture": "#1"}
			}
		},
		{
			"from": [0, 2.5, 13.5],
			"to": [3, 3, 14],
			"faces": {
				"north": {"uv": [12.468, 13.5, 9.532, 13.968], "texture": "#1"},
				"east": {"uv": [13.968, 13, 13.532, 13.468], "texture": "#1"},
				"west": {"uv": [2.468, 13, 2.032, 13.468], "texture": "#1"},
				"up": {"uv": [9.532, 13.968, 12.468, 13.5], "texture": "#1"}
			}
		},
		{
			"from": [0, 6.5, 12.5],
			"to": [3, 8, 14],
			"faces": {
				"north": {"uv": [3.468, 8, 3.032, 9.468], "texture": "#1"},
				"east": {"uv": [13.968, 8, 12.532, 9.468], "texture": "#1"},
				"west": {"uv": [3.468, 8, 2.032, 9.468], "texture": "#1"},
				"up": {"uv": [3.468, 8, 2.032, 8.468], "rotation": 90, "texture": "#1"},
				"down": {"uv": [3.468, 9, 2.032, 9.468], "rotation": 270, "texture": "#1"}
			}
		},
		{
			"from": [0, 6.5, 2],
			"to": [3, 8, 3.5],
			"faces": {
				"east": {"uv": [3.468, 8, 2.032, 9.468], "texture": "#1"},
				"south": {"uv": [12.968, 8, 12.532, 9.468], "texture": "#1"},
				"west": {"uv": [13.968, 8, 12.532, 9.468], "texture": "#1"},
				"up": {"uv": [13.968, 8, 12.532, 8.468], "rotation": 90, "texture": "#1"},
				"down": {"uv": [12.532, 9.468, 13.968, 9], "texture": "#1"}
			}
		}
	]
}