{
	"credit": "Made by SyndiShanX",
	"textures": {
		"logs": "block/logs",
		"leaves": "block/leaves/sapling_acacia_leaves",
		"dirt": "block/sapling_dirt",
		"particle": "block/leaves/sapling_acacia_leaves"
	},
	"elements": [
		{
			"name": "Log 1",
			"from": [7.5, 0, 7.5],
			"to": [8.5, 4, 8.5],
			"faces": {
				"north": {"uv": [4.125, 0, 5.45833, 5.33333], "texture": "#logs"},
				"east": {"uv": [4.125, 0, 5.4583, 5.3333], "texture": "#logs"},
				"south": {"uv": [4.125, 0, 5.4583, 5.3333], "texture": "#logs"},
				"west": {"uv": [4.125, 0, 5.4583, 5.3333], "texture": "#logs"},
				"up": {"uv": [13.3333, 14.6667, 14.6666, 16], "texture": "#logs"},
				"down": {"uv": [13.3333, 14.6667, 14.6666, 16], "texture": "#logs"}
			}
		},
		{
			"name": "Log 2",
			"from": [8.5, 3, 7.5],
			"to": [9.5, 4, 8.5],
			"faces": {
				"north": {"uv": [4.125, 0, 5.4583, 1.3333], "texture": "#logs"},
				"east": {"uv": [4.125, 0, 5.4583, 1.3333], "texture": "#logs"},
				"south": {"uv": [4.125, 0, 5.4583, 1.3333], "texture": "#logs"},
				"west": {"uv": [4.125, 0, 5.4583, 1.3333], "texture": "#logs"},
				"up": {"uv": [13.3333, 14.6667, 14.6666, 16], "texture": "#logs"},
				"down": {"uv": [13.3333, 14.6667, 14.6666, 16], "texture": "#logs"}
			}
		},
		{
			"name": "Log 3",
			"from": [9.5, 4, 7.5],
			"to": [10.5, 5, 8.5],
			"faces": {
				"north": {"uv": [4.125, 0, 5.4583, 1.3333], "texture": "#logs"},
				"east": {"uv": [4.125, 0, 5.4583, 1.3333], "texture": "#logs"},
				"south": {"uv": [4.125, 0, 5.4583, 1.3333], "texture": "#logs"},
				"west": {"uv": [4.125, 0, 5.4583, 1.3333], "texture": "#logs"},
				"up": {"uv": [13.3333, 14.6667, 14.6666, 16], "texture": "#logs"},
				"down": {"uv": [13.3333, 14.6667, 14.6666, 16], "texture": "#logs"}
			}
		},
		{
			"name": "Log 4",
			"from": [10.5, 5, 7.5],
			"to": [11.5, 6, 8.5],
			"faces": {
				"north": {"uv": [4.125, 0, 5.4583, 1.3333], "texture": "#logs"},
				"east": {"uv": [4.125, 0, 5.4583, 1.3333], "texture": "#logs"},
				"south": {"uv": [4.125, 0, 5.4583, 1.3333], "texture": "#logs"},
				"west": {"uv": [4.125, 0, 5.4583, 1.3333], "texture": "#logs"},
				"up": {"uv": [13.3333, 14.6667, 14.6666, 16], "texture": "#logs"},
				"down": {"uv": [13.3333, 14.6667, 14.6666, 16], "texture": "#logs"}
			}
		},
		{
			"name": "Log 5",
			"from": [7.5, 4, 6.5],
			"to": [8.5, 5, 7.5],
			"faces": {
				"north": {"uv": [4.125, 0, 5.4583, 1.3333], "texture": "#logs"},
				"east": {"uv": [4.125, 0, 5.4583, 1.3333], "texture": "#logs"},
				"south": {"uv": [4.125, 0, 5.4583, 1.3333], "texture": "#logs"},
				"west": {"uv": [4.125, 0, 5.4583, 1.3333], "texture": "#logs"},
				"up": {"uv": [13.3333, 14.6667, 14.6666, 16], "texture": "#logs"},
				"down": {"uv": [13.3333, 14.6667, 14.6666, 16], "texture": "#logs"}
			}
		},
		{
			"name": "Log 6",
			"from": [7.5, 5, 5.5],
			"to": [8.5, 7, 6.5],
			"faces": {
				"north": {"uv": [4.125, 0, 5.4583, 2.6667], "texture": "#logs"},
				"east": {"uv": [4.125, 0, 5.4583, 2.6667], "texture": "#logs"},
				"south": {"uv": [4.125, 0, 5.4583, 2.6667], "texture": "#logs"},
				"west": {"uv": [4.125, 0, 5.4583, 2.6667], "texture": "#logs"},
				"up": {"uv": [13.3333, 14.6667, 14.6666, 16], "texture": "#logs"},
				"down": {"uv": [13.3333, 14.6667, 14.6666, 16], "texture": "#logs"}
			}
		},
		{
			"name": "Leaves 1",
			"from": [5.5, 7, 5.5],
			"to": [6.5, 8, 6.5],
			"faces": {
				"north": {"uv": [0, 0, 1.78, 1.78], "texture": "#leaves"},
				"east": {"uv": [0, 0, 1.78, 1.78], "texture": "#leaves"},
				"south": {"uv": [0, 0, 1.78, 1.78], "texture": "#leaves"},
				"west": {"uv": [0, 0, 1.78, 1.78], "texture": "#leaves"},
				"up": {"uv": [0, 0, 1.78, 1.78], "texture": "#leaves"},
				"down": {"uv": [0, 0, 1.78, 1.78], "texture": "#leaves"}
			}
		},
		{
			"name": "Leaves 2",
			"from": [9.5, 7, 5.5],
			"to": [10.5, 8, 6.5],
			"faces": {
				"north": {"uv": [0, 0, 1.78, 1.78], "texture": "#leaves"},
				"east": {"uv": [0, 0, 1.78, 1.78], "texture": "#leaves"},
				"south": {"uv": [0, 0, 1.78, 1.78], "texture": "#leaves"},
				"west": {"uv": [0, 0, 1.78, 1.78], "texture": "#leaves"},
				"up": {"uv": [0, 0, 1.78, 1.78], "texture": "#leaves"},
				"down": {"uv": [0, 0, 1.78, 1.78], "texture": "#leaves"}
			}
		},
		{
			"name": "Leaves 3",
			"from": [7.5, 7, 7.5],
			"to": [8.5, 8, 8.5],
			"faces": {
				"north": {"uv": [0, 0, 1.78, 1.78], "texture": "#leaves"},
				"east": {"uv": [0, 0, 1.78, 1.78], "texture": "#leaves"},
				"south": {"uv": [0, 0, 1.78, 1.78], "texture": "#leaves"},
				"west": {"uv": [0, 0, 1.78, 1.78], "texture": "#leaves"},
				"up": {"uv": [0, 0, 1.78, 1.78], "texture": "#leaves"},
				"down": {"uv": [0, 0, 1.78, 1.78], "texture": "#leaves"}
			}
		},
		{
			"name": "Leaves 4",
			"from": [7.5, 7, 3.5],
			"to": [8.5, 8, 4.5],
			"faces": {
				"north": {"uv": [0, 0, 1.78, 1.78], "texture": "#leaves"},
				"east": {"uv": [0, 0, 1.78, 1.78], "texture": "#leaves"},
				"south": {"uv": [0, 0, 1.78, 1.78], "texture": "#leaves"},
				"west": {"uv": [0, 0, 1.78, 1.78], "texture": "#leaves"},
				"up": {"uv": [0, 0, 1.78, 1.78], "texture": "#leaves"},
				"down": {"uv": [0, 0, 1.78, 1.78], "texture": "#leaves"}
			}
		},
		{
			"name": "Leaves 5",
			"from": [9.5, 5, 9.5],
			"to": [12.5, 6, 10.5],
			"faces": {
				"north": {"uv": [0, 0, 5.33, 1.78], "texture": "#leaves"},
				"east": {"uv": [0, 0, 1.78, 1.78], "texture": "#leaves"},
				"south": {"uv": [0, 0, 5.33, 1.78], "texture": "#leaves"},
				"west": {"uv": [0, 0, 1.78, 1.78], "texture": "#leaves"},
				"up": {"uv": [0, 0, 5.33, 1.78], "texture": "#leaves"},
				"down": {"uv": [0, 0, 5.33, 1.78], "texture": "#leaves"}
			}
		},
		{
			"name": "Leaves 6",
			"from": [9.5, 5, 5.5],
			"to": [12.5, 6, 6.5],
			"faces": {
				"north": {"uv": [0, 0, 5.33, 1.78], "texture": "#leaves"},
				"east": {"uv": [0, 0, 1.78, 1.78], "texture": "#leaves"},
				"south": {"uv": [0, 0, 5.33, 1.78], "texture": "#leaves"},
				"west": {"uv": [0, 0, 1.78, 1.78], "texture": "#leaves"},
				"up": {"uv": [0, 0, 5.33, 1.78], "texture": "#leaves"},
				"down": {"uv": [0, 0, 5.33, 1.78], "texture": "#leaves"}
			}
		},
		{
			"name": "Leaves 7",
			"from": [8.5, 5.001, 6.5],
			"to": [13.5, 6, 9.5],
			"faces": {
				"north": {"uv": [0, 0, 8.89, 1.78], "texture": "#leaves"},
				"east": {"uv": [0, 0, 5.33, 1.78], "texture": "#leaves"},
				"south": {"uv": [0, 0, 8.89, 1.78], "texture": "#leaves"},
				"west": {"uv": [0, 0, 5.33, 1.78], "texture": "#leaves"},
				"up": {"uv": [0, 0, 8.89, 5.33], "texture": "#leaves"},
				"down": {"uv": [0, 0, 8.89, 5.33], "texture": "#leaves"}
			}
		},
		{
			"name": "Leaves 8",
			"from": [7.5, 6, 7.5],
			"to": [8.5, 7, 8.5],
			"faces": {
				"north": {"uv": [0, 0, 16, 16], "texture": "#leaves"},
				"east": {"uv": [0, 0, 16, 16], "texture": "#leaves"},
				"south": {"uv": [0, 0, 16, 16], "texture": "#leaves"},
				"west": {"uv": [0, 0, 16, 16], "texture": "#leaves"},
				"up": {"uv": [0, 0, 16, 16], "texture": "#leaves"},
				"down": {"uv": [0, 0, 16, 16], "texture": "#leaves"}
			}
		},
		{
			"name": "Leaves 9",
			"from": [5.5, 6, 6.5],
			"to": [12.5, 7, 9.5],
			"faces": {
				"north": {"uv": [0, 0, 12.44, 1.78], "texture": "#leaves"},
				"east": {"uv": [0, 0, 5.33, 1.78], "texture": "#leaves"},
				"south": {"uv": [0, 0, 12.44, 1.78], "texture": "#leaves"},
				"west": {"uv": [0, 0, 5.33, 1.78], "texture": "#leaves"},
				"up": {"uv": [0, 0, 12.44, 5.33], "texture": "#leaves"},
				"down": {"uv": [0, 0, 12.44, 5.33], "texture": "#leaves"}
			}
		},
		{
			"name": "Leaves 10",
			"from": [4.5, 6, 3.5],
			"to": [11.5, 7, 6.5],
			"faces": {
				"north": {"uv": [0, 0, 12.44, 1.78], "texture": "#leaves"},
				"east": {"uv": [0, 0, 5.33, 1.78], "texture": "#leaves"},
				"south": {"uv": [0, 0, 12.44, 1.78], "texture": "#leaves"},
				"west": {"uv": [0, 0, 5.33, 1.78], "texture": "#leaves"},
				"up": {"uv": [0, 0, 12.44, 5.33], "texture": "#leaves"},
				"down": {"uv": [0, 0, 12.44, 5.33], "texture": "#leaves"}
			}
		},
		{
			"name": "Leaves 11",
			"from": [6.5, 7, 4.5],
			"to": [9.5, 8, 7.5],
			"faces": {
				"north": {"uv": [0, 0, 5.33, 1.78], "texture": "#leaves"},
				"east": {"uv": [0, 0, 5.33, 1.78], "texture": "#leaves"},
				"south": {"uv": [0, 0, 5.33, 1.78], "texture": "#leaves"},
				"west": {"uv": [0, 0, 5.33, 1.78], "texture": "#leaves"},
				"up": {"uv": [0, 0, 5.33, 5.33], "texture": "#leaves"},
				"down": {"uv": [0, 0, 5.33, 5.33], "texture": "#leaves"}
			}
		},
		{
			"name": "Leaves 12",
			"from": [5.5, 6, 2.5],
			"to": [10.5, 7, 3.5],
			"faces": {
				"north": {"uv": [0, 0, 8.89, 1.78], "texture": "#leaves"},
				"east": {"uv": [0, 0, 1.78, 1.78], "texture": "#leaves"},
				"south": {"uv": [0, 0, 8.89, 1.78], "texture": "#leaves"},
				"west": {"uv": [0, 0, 1.78, 1.78], "texture": "#leaves"},
				"up": {"uv": [0, 0, 8.89, 1.78], "texture": "#leaves"},
				"down": {"uv": [0, 0, 8.89, 1.78], "texture": "#leaves"}
			}
		},
		{
			"name": "Leaves 13",
			"from": [4.5, 6, 6.5],
			"to": [5.5, 7, 8.5],
			"faces": {
				"north": {"uv": [0, 0, 1.78, 1.78], "texture": "#leaves"},
				"east": {"uv": [0, 0, 3.55, 1.78], "texture": "#leaves"},
				"south": {"uv": [0, 0, 1.78, 1.78], "texture": "#leaves"},
				"west": {"uv": [0, 0, 3.55, 1.78], "texture": "#leaves"},
				"up": {"uv": [0, 0, 1.78, 3.55], "texture": "#leaves"},
				"down": {"uv": [0, 0, 1.78, 3.55], "texture": "#leaves"}
			}
		},
		{
			"name": "Dirt 1",
			"from": [5.5, -1, 5.5],
			"to": [10.5, 0, 10.5],
			"faces": {
				"north": {"uv": [0, 0, 16, 3.2], "texture": "#dirt"},
				"east": {"uv": [0, 0, 16, 3.2], "texture": "#dirt"},
				"south": {"uv": [0, 0, 16, 3.2], "texture": "#dirt"},
				"west": {"uv": [0, 0, 16, 3.2], "texture": "#dirt"},
				"up": {"uv": [0, 0, 16, 16], "texture": "#dirt"},
				"down": {"uv": [0, 0, 16, 16], "texture": "#dirt"}
			}
		},
		{
			"name": "Dirt 2",
			"from": [6.5, -2, 6.5],
			"to": [9.5, -1, 9.5],
			"faces": {
				"north": {"uv": [0, 0, 9.6, 3.2], "texture": "#dirt"},
				"east": {"uv": [0, 0, 9.6, 3.2], "texture": "#dirt"},
				"south": {"uv": [0, 0, 9.6, 3.2], "texture": "#dirt"},
				"west": {"uv": [0, 0, 9.6, 3.2], "texture": "#dirt"},
				"up": {"uv": [0, 0, 9.6, 3.2], "texture": "#dirt"},
				"down": {"uv": [0, 0, 9.6, 9.6], "texture": "#dirt"}
			}
		},
		{
			"name": "Dirt 3",
			"from": [7.5, -3, 7.5],
			"to": [8.5, -2, 8.5],
			"faces": {
				"north": {"uv": [0, 0, 3.2, 3.2], "texture": "#dirt"},
				"east": {"uv": [0, 0, 3.2, 3.2], "texture": "#dirt"},
				"south": {"uv": [0, 0, 3.2, 3.2], "texture": "#dirt"},
				"west": {"uv": [0, 0, 3.2, 3.2], "texture": "#dirt"},
				"up": {"uv": [0, 0, 3.2, 3.2], "texture": "#dirt"},
				"down": {"uv": [0, 0, 3.2, 3.2], "texture": "#dirt"}
			}
		}
	],
	"display": {
		"thirdperson_righthand": {
			"rotation": [0, 315, 0],
			"translation": [0, 4.1, 1],
			"scale": [0.555, 0.555, 0.555]
		},
		"thirdperson_lefthand": {
			"rotation": [75, 45, 0],
			"translation": [0, 2.5, 0],
			"scale": [0.375, 0.375, 0.375]
		},
		"firstperson_righthand": {
			"rotation": [0, 315, 0],
			"translation": [0, 5.5, 0]
		},
		"firstperson_lefthand": {
			"rotation": [0, 0, 45],
			"translation": [0, 2.5, 0],
			"scale": [0.4, 0.4, 0.4]
		},
		"ground": {
			"translation": [0, 3, 0],
			"scale": [0.75, 0.75, 0.75]
		},
		"gui": {
			"rotation": [0, 55, 0],
			"translation": [0, 3, 0],
			"scale": [1.005, 1.005, 1.005]
		},
		"head": {
			"rotation": [0, 180, 0]
		},
		"fixed": {
			"translation": [0, 0, -2]
		}
	},
	"groups": [
		{
			"name": "sapling",
			"origin": [8, 8, 8],
			"children": [
				{
					"name": "Logs",
					"origin": [8, 8, 8],
					"children": [0, 1, 2, 3, 4, 5]
				},
				{
					"name": "Leaves",
					"origin": [8, 8, 8],
					"children": [6, 7, 8, 9, 10, 11, 12, 13, 14, 15, 16, 17, 18]
				}
			]
		}, 19, 20, 21]
}