{
	"parent": "block/block",
	"textures": {
		"0": "block/logs/dark_oak_log",
		"1": "block/logs/dark_oak_log_top",
		"2": "block/leaves/sapling_dark_oak_leaves",
		"3": "block/sapling_dirt",
		"particle": "block/leaves/sapling_dark_oak_leaves"
	},
	"elements": [
		{
			"name": "Log 1",
			"from": [7, 3, 7],
			"to": [9, 10, 9],
			"faces": {
				"north": {"uv": [0, 0, 2, 7], "texture": "#0"},
				"east": {"uv": [0, 0, 2, 7], "texture": "#0"},
				"south": {"uv": [0, 0, 2, 7], "texture": "#0"},
				"west": {"uv": [0, 0, 2, 7], "texture": "#0"},
				"up": {"uv": [0, 0, 10.66, 10.66], "texture": "#1"},
				"down": {"uv": [0, 0, 10.66, 10.66], "texture": "#1"}
			}
		},
		{
			"name": "Log 2",
			"from": [6, 5, 7],
			"to": [7, 9, 8],
			"faces": {
				"north": {"uv": [0, 0, 1, 4], "texture": "#0"},
				"east": {"uv": [0, 0, 1, 4], "texture": "#0"},
				"south": {"uv": [0, 0, 1, 4], "texture": "#0"},
				"west": {"uv": [0, 0, 1, 4], "texture": "#0"},
				"up": {"uv": [0, 0, 5.33, 5.33], "texture": "#1"},
				"down": {"uv": [0, 0, 5.33, 5.33], "texture": "#1"}
			}
		},
		{
			"name": "Log 3",
			"from": [8, 7, 6],
			"to": [9, 9, 7],
			"faces": {
				"north": {"uv": [0, 0, 1, 2], "texture": "#0"},
				"east": {"uv": [0, 0, 1, 2], "texture": "#0"},
				"south": {"uv": [0, 0, 1, 2], "texture": "#0"},
				"west": {"uv": [0, 0, 1, 2], "texture": "#0"},
				"up": {"uv": [0, 0, 5.33, 5.33], "texture": "#1"},
				"down": {"uv": [0, 0, 5.33, 5.33], "texture": "#1"}
			}
		},
		{
			"name": "Leaves 1",
			"from": [5, 10, 7],
			"to": [6, 11, 9],
			"faces": {
				"north": {"uv": [0, 0, 2.28, 2.28], "texture": "#2"},
				"east": {"uv": [0, 0, 4.57, 2.28], "texture": "#2"},
				"south": {"uv": [0, 0, 2.28, 2.28], "texture": "#2"},
				"west": {"uv": [0, 0, 4.57, 2.28], "texture": "#2"},
				"up": {"uv": [0, 0, 2.28, 4.57], "texture": "#2"},
				"down": {"uv": [0, 0, 2.28, 4.57], "texture": "#2"}
			}
		},
		{
			"name": "Leaves 2",
			"from": [10, 10, 7],
			"to": [11, 11, 9],
			"faces": {
				"north": {"uv": [0, 0, 2.28, 2.28], "texture": "#2"},
				"east": {"uv": [0, 0, 4.57, 2.28], "texture": "#2"},
				"south": {"uv": [0, 0, 2.28, 2.28], "texture": "#2"},
				"west": {"uv": [0, 0, 4.57, 2.28], "texture": "#2"},
				"up": {"uv": [0, 0, 2.28, 4.57], "texture": "#2"},
				"down": {"uv": [0, 0, 2.28, 4.57], "texture": "#2"}
			}
		},
		{
			"name": "Leaves 3",
			"from": [7, 10, 10],
			"to": [9, 11, 11],
			"faces": {
				"north": {"uv": [0, 0, 4.57, 2.28], "texture": "#2"},
				"east": {"uv": [0, 0, 2.28, 2.28], "texture": "#2"},
				"south": {"uv": [0, 0, 4.57, 2.28], "texture": "#2"},
				"west": {"uv": [0, 0, 2.28, 2.28], "texture": "#2"},
				"up": {"uv": [0, 0, 4.57, 2.28], "texture": "#2"},
				"down": {"uv": [0, 0, 4.57, 2.28], "texture": "#2"}
			}
		},
		{
			"name": "Leaves 4",
			"from": [7, 10, 5],
			"to": [9, 11, 6],
			"faces": {
				"north": {"uv": [0, 0, 4.57, 2.28], "texture": "#2"},
				"east": {"uv": [0, 0, 2.28, 2.28], "texture": "#2"},
				"south": {"uv": [0, 0, 4.57, 2.28], "texture": "#2"},
				"west": {"uv": [0, 0, 2.28, 2.28], "texture": "#2"},
				"up": {"uv": [0, 0, 4.57, 2.28], "texture": "#2"},
				"down": {"uv": [0, 0, 4.57, 2.28], "texture": "#2"}
			}
		},
		{
			"name": "Leaves 5",
			"from": [6, 10, 6],
			"to": [10, 11, 10],
			"faces": {
				"north": {"uv": [0, 0, 9.145, 2.28], "texture": "#2"},
				"east": {"uv": [0, 0, 9.145, 2.28], "texture": "#2"},
				"south": {"uv": [0, 0, 9.145, 2.28], "texture": "#2"},
				"west": {"uv": [0, 0, 9.145, 2.28], "texture": "#2"},
				"up": {"uv": [0, 0, 9.145, 9.145], "texture": "#2"},
				"down": {"uv": [0, 0, 9.145, 9.145], "texture": "#2"}
			}
		},
		{
			"name": "Leaves 6",
			"from": [6, 9, 11],
			"to": [10, 10, 12],
			"faces": {
				"north": {"uv": [0, 0, 9.145, 2.28], "texture": "#2"},
				"east": {"uv": [0, 0, 2.28, 2.28], "texture": "#2"},
				"south": {"uv": [0, 0, 9.145, 2.28], "texture": "#2"},
				"west": {"uv": [0, 0, 2.28, 2.28], "texture": "#2"},
				"up": {"uv": [0, 0, 9.145, 2.28], "texture": "#2"},
				"down": {"uv": [0, 0, 9.145, 2.28], "texture": "#2"}
			}
		},
		{
			"name": "Leaves 7",
			"from": [4, 9, 6],
			"to": [5, 10, 10],
			"faces": {
				"north": {"uv": [0, 0, 2.28, 2.28], "texture": "#2"},
				"east": {"uv": [0, 0, 9.145, 2.28], "texture": "#2"},
				"south": {"uv": [0, 0, 2.28, 2.28], "texture": "#2"},
				"west": {"uv": [0, 0, 9.145, 2.28], "texture": "#2"},
				"up": {"uv": [0, 0, 2.28, 9.145], "texture": "#2"},
				"down": {"uv": [0, 0, 2.28, 9.145], "texture": "#2"}
			}
		},
		{
			"name": "Leaves 8",
			"from": [11, 9, 6],
			"to": [12, 10, 10],
			"faces": {
				"north": {"uv": [0, 0, 2.28, 2.28], "texture": "#2"},
				"east": {"uv": [0, 0, 9.145, 2.28], "texture": "#2"},
				"south": {"uv": [0, 0, 2.28, 2.28], "texture": "#2"},
				"west": {"uv": [0, 0, 9.145, 2.28], "texture": "#2"},
				"up": {"uv": [0, 0, 2.28, 9.145], "texture": "#2"},
				"down": {"uv": [0, 0, 2.28, 9.145], "texture": "#2"}
			}
		},
		{
			"name": "Leaves 9",
			"from": [6, 9, 4],
			"to": [10, 10, 5],
			"faces": {
				"north": {"uv": [0, 0, 9.145, 2.28], "texture": "#2"},
				"east": {"uv": [0, 0, 2.28, 2.28], "texture": "#2"},
				"south": {"uv": [0, 0, 9.145, 2.28], "texture": "#2"},
				"west": {"uv": [0, 0, 2.28, 2.28], "texture": "#2"},
				"up": {"uv": [0, 0, 9.145, 2.28], "texture": "#2"},
				"down": {"uv": [0, 0, 9.145, 2.28], "texture": "#2"}
			}
		},
		{
			"name": "Leaves 10",
			"from": [4, 8, 6],
			"to": [5, 9, 9],
			"faces": {
				"north": {"uv": [0, 0, 2.28, 2.28], "texture": "#2"},
				"east": {"uv": [0, 0, 6.855, 2.28], "texture": "#2"},
				"south": {"uv": [0, 0, 2.28, 2.28], "texture": "#2"},
				"west": {"uv": [0, 0, 6.855, 2.28], "texture": "#2"},
				"up": {"uv": [0, 0, 2.28, 6.855], "texture": "#2"},
				"down": {"uv": [0, 0, 2.28, 6.855], "texture": "#2"}
			}
		},
		{
			"name": "Leaves 11",
			"from": [7, 8, 4],
			"to": [10, 9, 5],
			"faces": {
				"north": {"uv": [0, 0, 6.855, 2.28], "texture": "#2"},
				"east": {"uv": [0, 0, 2.28, 2.28], "texture": "#2"},
				"south": {"uv": [0, 0, 6.855, 2.28], "texture": "#2"},
				"west": {"uv": [0, 0, 2.28, 2.28], "texture": "#2"},
				"up": {"uv": [0, 0, 6.855, 2.28], "texture": "#2"},
				"down": {"uv": [0, 0, 6.855, 2.28], "texture": "#2"}
			}
		},
		{
			"name": "Leaves 12",
			"from": [5, 8, 5],
			"to": [11, 9.999, 11],
			"faces": {
				"north": {"uv": [0, 0, 13.7, 4.57], "texture": "#2"},
				"east": {"uv": [0, 0, 13.7, 4.57], "texture": "#2"},
				"south": {"uv": [0, 0, 13.7, 4.57], "texture": "#2"},
				"west": {"uv": [0, 0, 13.7, 4.57], "texture": "#2"},
				"up": {"uv": [0, 0, 13.7, 13.7], "texture": "#2"},
				"down": {"uv": [0, 0, 13.7, 13.7], "texture": "#2"}
			}
		},
		{
			"name": "Dirt 1",
			"from": [5.5, 2, 5.5],
			"to": [10.5, 3, 10.5],
			"faces": {
				"north": {"uv": [0, 0, 16, 3.2], "texture": "#3"},
				"east": {"uv": [0, 0, 16, 3.2], "texture": "#3"},
				"south": {"uv": [0, 0, 16, 3.2], "texture": "#3"},
				"west": {"uv": [0, 0, 16, 3.2], "texture": "#3"},
				"up": {"uv": [0, 0, 16, 16], "texture": "#3"},
				"down": {"uv": [0, 0, 16, 16], "texture": "#3"}
			}
		},
		{
			"name": "Dirt 2",
			"from": [6.5, 1, 6.5],
			"to": [9.5, 2, 9.5],
			"faces": {
				"north": {"uv": [0, 0, 9.6, 3.2], "texture": "#3"},
				"east": {"uv": [0, 0, 9.6, 3.2], "texture": "#3"},
				"south": {"uv": [0, 0, 9.6, 3.2], "texture": "#3"},
				"west": {"uv": [0, 0, 9.6, 3.2], "texture": "#3"},
				"up": {"uv": [0, 0, 9.6, 3.2], "texture": "#3"},
				"down": {"uv": [0, 0, 9.6, 9.6], "texture": "#3"}
			}
		},
		{
			"name": "Dirt 3",
			"from": [7.5, 0, 7.5],
			"to": [8.5, 1, 8.5],
			"faces": {
				"north": {"uv": [0, 0, 3.2, 3.2], "texture": "#3"},
				"east": {"uv": [0, 0, 3.2, 3.2], "texture": "#3"},
				"south": {"uv": [0, 0, 3.2, 3.2], "texture": "#3"},
				"west": {"uv": [0, 0, 3.2, 3.2], "texture": "#3"},
				"up": {"uv": [0, 0, 3.2, 3.2], "texture": "#3"},
				"down": {"uv": [0, 0, 3.2, 3.2], "texture": "#3"}
			}
		}
	],
	"display": {
		"thirdperson_righthand": {
			"rotation": [0, 315, 0],
			"translation": [0, 4.1, 1],
			"scale": [0.555, 0.555, 0.555]
		},
		"thirdperson_lefthand": {
			"rotation": [75, 45, 0],
			"translation": [0, 2.5, 0],
			"scale": [0.375, 0.375, 0.375]
		},
		"firstperson_righthand": {
			"rotation": [0, 315, 0],
			"translation": [0, 5.5, 0]
		},
		"firstperson_lefthand": {
			"rotation": [0, 0, 45],
			"translation": [0, 2.5, 0],
			"scale": [0.4, 0.4, 0.4]
		},
		"ground": {
			"translation": [0, 3, 0],
			"scale": [0.75, 0.75, 0.75]
		},
		"gui": {
			"rotation": [0, 55, 0],
			"translation": [0, 3, 0],
			"scale": [1.005, 1.005, 1.005]
		},
		"head": {
			"rotation": [0, 180, 0]
		},
		"fixed": {
			"translation": [0, 0, -2]
		}
	},
	"groups": [
		{
			"name": "Logs",
			"children": [0, 1, 2]
		},
		{
			"name": "Leaves",
			"children": [3, 4, 5, 6, 7, 8, 9, 10, 11, 12, 13, 14]
		}, 15, 16, 17]
}