{
	"credit": "Made by SyndiShanX",
	"textures": {
	  "logs": "block/logs",
		"leaves": "block/leaves/sapling_jungle_leaves",
		"vines": "block/sapling_jungle_vine",
		"dirt": "block/sapling_dirt",
		"particle": "block/leaves/sapling_jungle_leaves"
		
	},
	"elements": [
		{
			"name": "Log",
			"from": [7.5, 0, 7.5],
			"to": [8.5, 5, 8.5],
			"faces": {
				"north": {"uv": [1.37497, 0, 2.7083, 6.6667], "texture": "#logs"},
				"east": {"uv": [1.375, 0, 2.70833, 6.66667], "texture": "#logs"},
				"south": {"uv": [1.375, 0, 2.70833, 6.6667], "texture": "#logs"},
				"west": {"uv": [1.375, 0, 2.70833, 6.6667], "texture": "#logs"},
				"up": {"uv": [12, 13.33333, 13.33333, 14.66667], "texture": "#logs"},
				"down": {"uv": [12, 13.33333, 13.33333, 14.66667], "texture": "#logs"}
			}
		},
		{
			"name": "Leaves 1",
			"from": [8.5, 6, 7.5],
			"to": [9.5, 7, 8.5],
			"faces": {
				"north": {"uv": [0, 0, 3.2, 3.2], "texture": "#leaves"},
				"east": {"uv": [0, 0, 3.2, 3.2], "texture": "#leaves"},
				"south": {"uv": [0, 0, 3.2, 3.2], "texture": "#leaves"},
				"west": {"uv": [0, 0, 3.2, 3.2], "texture": "#leaves"},
				"up": {"uv": [0, 0, 3.2, 3.2], "texture": "#leaves"},
				"down": {"uv": [0, 0, 3.2, 3.2], "texture": "#leaves"}
			}
		},
		{
			"name": "Leaves 2",
			"from": [6.5, 6, 7.5],
			"to": [7.5, 7, 8.5],
			"faces": {
				"north": {"uv": [0, 0, 3.2, 3.2], "texture": "#leaves"},
				"east": {"uv": [0, 0, 3.2, 3.2], "texture": "#leaves"},
				"south": {"uv": [0, 0, 3.2, 3.2], "texture": "#leaves"},
				"west": {"uv": [0, 0, 3.2, 3.2], "texture": "#leaves"},
				"up": {"uv": [0, 0, 3.2, 3.2], "texture": "#leaves"},
				"down": {"uv": [0, 0, 3.2, 3.2], "texture": "#leaves"}
			}
		},
		{
			"name": "Leaves 3",
			"from": [7.5, 6, 6.5],
			"to": [8.5, 7, 9.5],
			"faces": {
				"north": {"uv": [0, 0, 3.2, 3.2], "texture": "#leaves"},
				"east": {"uv": [0, 0, 9.6, 3.2], "texture": "#leaves"},
				"south": {"uv": [0, 0, 3.2, 3.2], "texture": "#leaves"},
				"west": {"uv": [0, 0, 9.6, 3.2], "texture": "#leaves"},
				"up": {"uv": [0, 0, 3.2, 9.6], "texture": "#leaves"},
				"down": {"uv": [0, 0, 3.2, 9.6], "texture": "#leaves"}
			}
		},
		{
			"name": "Leaves 4",
			"from": [6.5, 5, 6.5],
			"to": [9.5, 6, 9.5],
			"faces": {
				"north": {"uv": [0, 0, 9.6, 3.2], "texture": "#leaves"},
				"east": {"uv": [0, 0, 9.6, 3.2], "texture": "#leaves"},
				"south": {"uv": [0, 0, 9.6, 3.2], "texture": "#leaves"},
				"west": {"uv": [0, 0, 9.6, 3.2], "texture": "#leaves"},
				"up": {"uv": [0, 0, 9.6, 9.6], "texture": "#leaves"},
				"down": {"uv": [0, 0, 9.6, 9.6], "texture": "#leaves"}
			}
		},
		{
			"name": "Leaves 5",
			"from": [5.5, 3, 5.5],
			"to": [10.5, 5, 10.5],
			"faces": {
				"north": {"uv": [0, 0, 16, 6.4], "texture": "#leaves"},
				"east": {"uv": [0, 0, 16, 6.4], "texture": "#leaves"},
				"south": {"uv": [0, 0, 16, 6.4], "texture": "#leaves"},
				"west": {"uv": [0, 0, 16, 6.4], "texture": "#leaves"},
				"up": {"uv": [0, 0, 16, 16], "texture": "#leaves"},
				"down": {"uv": [0, 0, 16, 16], "texture": "#leaves"}
			}
		},
		{
			"name": "Vines 1",
			"from": [7.5, 0, 7.4],
			"to": [8.5, 3, 7.5],
			"faces": {
				"north": {"uv": [0, 0, 2, 6], "texture": "#vines"}
			}
		},
		{
			"name": "Vines 5",
			"from": [7.5, 5, 6.4],
			"to": [8.5, 7, 6.5],
			"faces": {
				"north": {"uv": [0, 0, 2, 4], "texture": "#vines"},
				"east": {"uv": [0, 0, 0.1, 2], "texture": "#vines"},
				"south": {"uv": [0, 0, 1, 2], "texture": "#vines"},
				"west": {"uv": [0, 0, 0.1, 2], "texture": "#vines"},
				"up": {"uv": [0, 0, 1, 0.1], "texture": "#vines"},
				"down": {"uv": [0, 0, 1, 0.1], "texture": "#vines"}
			}
		},
		{
			"name": "Vines 6",
			"from": [8.5, 5, 6.4],
			"to": [9.5, 6, 6.5],
			"faces": {
				"north": {"uv": [0, 0, 2, 2], "texture": "#vines"},
				"east": {"uv": [0, 0, 0.1, 1], "texture": "#vines"},
				"south": {"uv": [0, 0, 1, 1], "texture": "#vines"},
				"west": {"uv": [0, 0, 0.1, 1], "texture": "#vines"},
				"up": {"uv": [0, 0, 1, 0.1], "texture": "#vines"},
				"down": {"uv": [0, 0, 1, 0.1], "texture": "#vines"}
			}
		},
		{
			"name": "Vines 3",
			"from": [7.5, 0, 8.5],
			"to": [8.5, 3, 8.6],
			"faces": {
				"south": {"uv": [0, 0, 2, 6], "texture": "#vines"}
			}
		},
		{
			"name": "Vines 4",
			"from": [7.4, 0, 7.5],
			"to": [7.5, 3, 8.5],
			"faces": {
				"west": {"uv": [0, 0, 2, 6], "texture": "#vines"}
			}
		},
		{
			"name": "Vines 2",
			"from": [8.5, 0, 7.5],
			"to": [8.6, 3, 8.5],
			"faces": {
				"east": {"uv": [0, 0, 2, 6], "texture": "#vines"}
			}
		},
		{
			"name": "Vines 7",
			"from": [6.4, 5, 7.5],
			"to": [6.5, 6, 9.5],
			"faces": {
				"north": {"uv": [0, 0, 0.1, 1], "texture": "#vines"},
				"east": {"uv": [0, 0, 2, 1], "texture": "#vines"},
				"south": {"uv": [0, 0, 0.1, 1], "texture": "#vines"},
				"west": {"uv": [0, 0, 4, 2], "texture": "#vines"},
				"up": {"uv": [0, 0, 0.1, 2], "texture": "#vines"},
				"down": {"uv": [0, 0, 0.1, 2], "texture": "#vines"}
			}
		},
		{
			"name": "Vines 8",
			"from": [7.5, 5, 9.5],
			"to": [8.5, 7, 9.6],
			"faces": {
				"north": {"uv": [0, 0, 1, 2], "texture": "#vines"},
				"east": {"uv": [0, 0, 0.1, 2], "texture": "#vines"},
				"south": {"uv": [0, 0, 2, 4], "texture": "#vines"},
				"west": {"uv": [0, 0, 0.1, 2], "texture": "#vines"},
				"up": {"uv": [0, 0, 1, 0.1], "texture": "#vines"},
				"down": {"uv": [0, 0, 1, 0.1], "texture": "#vines"}
			}
		},
		{
			"name": "Vines 9",
			"from": [6.5, 5, 9.5],
			"to": [7.5, 6, 9.6],
			"faces": {
				"north": {"uv": [0, 0, 1, 1], "texture": "#vines"},
				"east": {"uv": [0, 0, 0.1, 1], "texture": "#vines"},
				"south": {"uv": [0, 0, 2, 2], "texture": "#vines"},
				"west": {"uv": [0, 0, 0.1, 1], "texture": "#vines"},
				"up": {"uv": [0, 0, 1, 0.1], "texture": "#vines"},
				"down": {"uv": [0, 0, 1, 0.1], "texture": "#vines"}
			}
		},
		{
			"name": "Vines 10",
			"from": [9.5, 5, 7.5],
			"to": [9.6, 6, 9.5],
			"faces": {
				"north": {"uv": [0, 0, 0.1, 1], "texture": "#vines"},
				"east": {"uv": [0, 0, 4, 2], "texture": "#vines"},
				"south": {"uv": [0, 0, 0.1, 1], "texture": "#vines"},
				"west": {"uv": [0, 0, 2, 1], "texture": "#vines"},
				"up": {"uv": [0, 0, 0.1, 2], "texture": "#vines"},
				"down": {"uv": [0, 0, 0.1, 2], "texture": "#vines"}
			}
		},
		{
			"name": "Vines 11",
			"from": [7.5, 1, 10.5],
			"to": [8.5, 5, 10.6],
			"faces": {
				"north": {"uv": [0, 0, 1, 4], "texture": "#vines"},
				"east": {"uv": [0, 0, 0.1, 4], "texture": "#vines"},
				"south": {"uv": [0, 0, 2, 8], "texture": "#vines"},
				"west": {"uv": [0, 0, 0.1, 4], "texture": "#vines"},
				"up": {"uv": [0, 0, 1, 0.1], "texture": "#vines"},
				"down": {"uv": [0, 0, 1, 0.1], "texture": "#vines"}
			}
		},
		{
			"name": "Vines 12",
			"from": [6.5, 0, 10.5],
			"to": [7.5, 5, 10.6],
			"faces": {
				"north": {"uv": [0, 0, 1, 5], "texture": "#vines"},
				"east": {"uv": [0, 0, 0.1, 5], "texture": "#vines"},
				"south": {"uv": [0, 0, 2, 10], "texture": "#vines"},
				"west": {"uv": [0, 0, 0.1, 5], "texture": "#vines"},
				"up": {"uv": [0, 0, 1, 0.1], "texture": "#vines"},
				"down": {"uv": [0, 0, 1, 0.1], "texture": "#vines"}
			}
		},
		{
			"name": "Vines 13",
			"from": [9.5, 2, 10.5],
			"to": [10.5, 5, 10.6],
			"faces": {
				"north": {"uv": [0, 0, 1, 3], "texture": "#vines"},
				"east": {"uv": [0, 0, 0.1, 3], "texture": "#vines"},
				"south": {"uv": [0, 0, 2, 6], "texture": "#vines"},
				"west": {"uv": [0, 0, 0.1, 3], "texture": "#vines"},
				"up": {"uv": [0, 0, 1, 0.1], "texture": "#vines"},
				"down": {"uv": [0, 0, 1, 0.1], "texture": "#vines"}
			}
		},
		{
			"name": "Vines 14",
			"from": [5.5, 2, 10.5],
			"to": [6.5, 5, 10.6],
			"faces": {
				"north": {"uv": [0, 0, 1, 3], "texture": "#vines"},
				"east": {"uv": [0, 0, 0.1, 3], "texture": "#vines"},
				"south": {"uv": [0, 0, 2, 6], "texture": "#vines"},
				"west": {"uv": [0, 0, 0.1, 3], "texture": "#vines"},
				"up": {"uv": [0, 0, 1, 0.1], "texture": "#vines"},
				"down": {"uv": [0, 0, 1, 0.1], "texture": "#vines"}
			}
		},
		{
			"name": "Vines 15",
			"from": [5.4, 1, 9.5],
			"to": [5.5, 5, 10.5],
			"faces": {
				"north": {"uv": [0, 0, 0.1, 4], "texture": "#vines"},
				"east": {"uv": [0, 0, 1, 4], "texture": "#vines"},
				"south": {"uv": [0, 0, 0.1, 4], "texture": "#vines"},
				"west": {"uv": [0, 0, 2, 8], "texture": "#vines"},
				"up": {"uv": [0, 0, 0.1, 1], "texture": "#vines"},
				"down": {"uv": [0, 0, 0.1, 1], "texture": "#vines"}
			}
		},
		{
			"name": "Vines 16",
			"from": [5.4, 2, 6.5],
			"to": [5.5, 5, 7.5],
			"faces": {
				"north": {"uv": [0, 0, 0.1, 3], "texture": "#vines"},
				"east": {"uv": [0, 0, 1, 3], "texture": "#vines"},
				"south": {"uv": [0, 0, 0.1, 3], "texture": "#vines"},
				"west": {"uv": [0, 0, 2, 6], "texture": "#vines"},
				"up": {"uv": [0, 0, 0.1, 1], "texture": "#vines"},
				"down": {"uv": [0, 0, 0.1, 1], "texture": "#vines"}
			}
		},
		{
			"name": "Vines 17",
			"from": [5.4, 0, 7.5],
			"to": [5.5, 5, 8.5],
			"faces": {
				"north": {"uv": [0, 0, 0.1, 5], "texture": "#vines"},
				"east": {"uv": [0, 0, 1, 5], "texture": "#vines"},
				"south": {"uv": [0, 0, 0.1, 1], "texture": "#vines"},
				"west": {"uv": [0, 0, 2, 10], "texture": "#vines"},
				"up": {"uv": [0, 0, 0.1, 1], "texture": "#vines"},
				"down": {"uv": [0, 0, 0.1, 1], "texture": "#vines"}
			}
		},
		{
			"name": "Vines 18",
			"from": [7.5, 1, 5.4],
			"to": [8.5, 5, 5.5],
			"faces": {
				"north": {"uv": [0, 0, 2, 8], "texture": "#vines"},
				"east": {"uv": [0, 0, 0.1, 4], "texture": "#vines"},
				"south": {"uv": [0, 0, 1, 4], "texture": "#vines"},
				"west": {"uv": [0, 0, 0.1, 4], "texture": "#vines"},
				"up": {"uv": [0, 0, 1, 0.1], "texture": "#vines"},
				"down": {"uv": [0, 0, 1, 0.1], "texture": "#vines"}
			}
		},
		{
			"name": "Vines 19",
			"from": [9.5, 2, 5.4],
			"to": [10.5, 5, 5.5],
			"faces": {
				"north": {"uv": [0, 0, 2, 6], "texture": "#vines"},
				"east": {"uv": [0, 0, 0.1, 3], "texture": "#vines"},
				"south": {"uv": [0, 0, 1, 3], "texture": "#vines"},
				"west": {"uv": [0, 0, 0.1, 3], "texture": "#vines"},
				"up": {"uv": [0, 0, 1, 0.1], "texture": "#vines"},
				"down": {"uv": [0, 0, 1, 0.1], "texture": "#vines"}
			}
		},
		{
			"name": "Vines 20",
			"from": [5.5, 0, 5.4],
			"to": [6.5, 5, 5.5],
			"faces": {
				"north": {"uv": [0, 0, 2, 10], "texture": "#vines"},
				"east": {"uv": [0, 0, 0.1, 5], "texture": "#vines"},
				"south": {"uv": [0, 0, 1, 5], "texture": "#vines"},
				"west": {"uv": [0, 0, 0.1, 5], "texture": "#vines"},
				"up": {"uv": [0, 0, 1, 0.1], "texture": "#vines"},
				"down": {"uv": [0, 0, 1, 0.1], "texture": "#vines"}
			}
		},
		{
			"name": "Vines 21",
			"from": [10.5, 0, 6.5],
			"to": [10.6, 5, 7.5],
			"faces": {
				"north": {"uv": [0, 0, 0.1, 5], "texture": "#vines"},
				"east": {"uv": [0, 0, 2, 10], "texture": "#vines"},
				"south": {"uv": [0, 0, 0.1, 5], "texture": "#vines"},
				"west": {"uv": [0, 0, 1, 5], "texture": "#vines"},
				"up": {"uv": [0, 0, 0.1, 1], "texture": "#vines"},
				"down": {"uv": [0, 0, 0.1, 1], "texture": "#vines"}
			}
		},
		{
			"name": "Vines 22",
			"from": [10.5, 1, 9.5],
			"to": [10.6, 5, 10.5],
			"faces": {
				"north": {"uv": [0, 0, 0.1, 4], "texture": "#vines"},
				"east": {"uv": [0, 0, 2, 8], "texture": "#vines"},
				"south": {"uv": [0, 0, 0.1, 4], "texture": "#vines"},
				"west": {"uv": [0, 0, 1, 4], "texture": "#vines"},
				"up": {"uv": [0, 0, 0.1, 1], "texture": "#vines"},
				"down": {"uv": [0, 0, 0.1, 1], "texture": "#vines"}
			}
		},
		{
			"name": "Dirt 1",
			"from": [5.5, -1, 5.5],
			"to": [10.5, 0, 10.5],
			"faces": {
				"north": {"uv": [0, 0, 16, 3.2], "texture": "#dirt"},
				"east": {"uv": [0, 0, 16, 3.2], "texture": "#dirt"},
				"south": {"uv": [0, 0, 16, 3.2], "texture": "#dirt"},
				"west": {"uv": [0, 0, 16, 3.2], "texture": "#dirt"},
				"up": {"uv": [0, 0, 16, 16], "texture": "#dirt"},
				"down": {"uv": [0, 0, 16, 16], "texture": "#dirt"}
			}
		},
		{
			"name": "Dirt 2",
			"from": [6.5, -2, 6.5],
			"to": [9.5, -1, 9.5],
			"faces": {
				"north": {"uv": [0, 0, 9.6, 3.2], "texture": "#dirt"},
				"east": {"uv": [0, 0, 9.6, 3.2], "texture": "#dirt"},
				"south": {"uv": [0, 0, 9.6, 3.2], "texture": "#dirt"},
				"west": {"uv": [0, 0, 9.6, 3.2], "texture": "#dirt"},
				"up": {"uv": [0, 0, 9.6, 3.2], "texture": "#dirt"},
				"down": {"uv": [0, 0, 9.6, 9.6], "texture": "#dirt"}
			}
		},
		{
			"name": "Dirt 3",
			"from": [7.5, -3, 7.5],
			"to": [8.5, -2, 8.5],
			"faces": {
				"north": {"uv": [0, 0, 3.2, 3.2], "texture": "#dirt"},
				"east": {"uv": [0, 0, 3.2, 3.2], "texture": "#dirt"},
				"south": {"uv": [0, 0, 3.2, 3.2], "texture": "#dirt"},
				"west": {"uv": [0, 0, 3.2, 3.2], "texture": "#dirt"},
				"up": {"uv": [0, 0, 3.2, 3.2], "texture": "#dirt"},
				"down": {"uv": [0, 0, 3.2, 3.2], "texture": "#dirt"}
			}
		}
	],
	"display": {
		"thirdperson_righthand": {
			"rotation": [0, 315, 0],
			"translation": [0, 6.1, 1],
			"scale": [0.555, 0.555, 0.555]
		},
		"thirdperson_lefthand": {
			"rotation": [0, -45, 0],
			"translation": [0, 6.1, 1],
			"scale": [0.555, 0.555, 0.555]
		},
		"firstperson_righthand": {
			"rotation": [0, 315, 0],
			"translation": [0, 10.25, 0]
		},
		"firstperson_lefthand": {
			"rotation": [0, -45, 0],
			"translation": [0, 10.25, 0]
		},
		"ground": {
			"translation": [0, 4.75, 0],
			"scale": [0.75, 0.75, 0.75]
		},
		"gui": {
			"rotation": [0, 55, 0],
			"translation": [0, 6.5, 0],
			"scale": [1.005, 1.005, 1.005]
		},
		"head": {
			"rotation": [0, 180, 0],
			"translation": [0, 17.25, 0]
		},
		"fixed": {
			"translation": [0, 6.5, -2]
		}
	},
	"groups": [
		{
			"name": "sapling",
			"origin": [8, 8, 8],
			"children": [0,
				{
					"name": "Leaves",
					"origin": [8, 8, 8],
					"children": [1, 2, 3, 4, 5]
				},
				{
					"name": "Vines",
					"origin": [8, 8, 8],
					"children": [6, 7, 8, 9, 10, 11, 12, 13, 14, 15, 16, 17, 18, 19, 20, 21, 22, 23, 24, 25, 26, 27]
				}
			]
		}, 28, 29, 30]
}