{
	"parent": "block/block",
	"textures": {
		"0": "block/logs/spruce_log",
		"1": "block/logs/spruce_log_top",
		"2": "block/leaves/sapling_spruce_leaves",
		"3": "block/sapling_dirt",
		"particle": "block/leaves/sapling_spruce_leaves"
	},
	"elements": [
		{
			"name": "Log",
			"from": [7.5, 3, 7.5],
			"to": [8.5, 10, 8.5],
			"faces": {
				"north": {"uv": [0, 0, 1, 7], "texture": "#0"},
				"east": {"uv": [0, 0, 1, 7], "texture": "#0"},
				"south": {"uv": [0, 0, 1, 7], "texture": "#0"},
				"west": {"uv": [0, 0, 1, 7], "texture": "#0"},
				"up": {"uv": [0, 0, 16, 16], "texture": "#1"},
				"down": {"uv": [0, 0, 16, 16], "texture": "#1"}
			}
		},
		{
			"name": "Leaves 1",
			"from": [7.5, 9, 7.5],
			"to": [8.5, 11, 8.5],
			"faces": {
				"north": {"uv": [0, 0, 2.28, 4.55], "texture": "#2"},
				"east": {"uv": [0, 0, 2.28, 4.55], "texture": "#2"},
				"south": {"uv": [0, 0, 2.28, 4.55], "texture": "#2"},
				"west": {"uv": [0, 0, 2.28, 4.55], "texture": "#2"},
				"up": {"uv": [0, 0, 2.28, 2.28], "texture": "#2"},
				"down": {"uv": [0, 0, 2.28, 2.28], "texture": "#2"}
			}
		},
		{
			"name": "Leaves 2",
			"from": [7.5, 9, 6.5],
			"to": [8.5, 10, 7.5],
			"faces": {
				"north": {"uv": [0, 0, 2.28, 2.28], "texture": "#2"},
				"east": {"uv": [0, 0, 2.28, 2.28], "texture": "#2"},
				"south": {"uv": [0, 0, 2.28, 2.28], "texture": "#2"},
				"west": {"uv": [0, 0, 2.28, 2.28], "texture": "#2"},
				"up": {"uv": [0, 0, 2.28, 2.28], "texture": "#2"},
				"down": {"uv": [0, 0, 2.28, 2.28], "texture": "#2"}
			}
		},
		{
			"name": "Leaves 3",
			"from": [8.5, 9, 7.5],
			"to": [9.5, 10, 8.5],
			"faces": {
				"north": {"uv": [0, 0, 2.28, 2.28], "texture": "#2"},
				"east": {"uv": [0, 0, 2.28, 2.28], "texture": "#2"},
				"south": {"uv": [0, 0, 2.28, 2.28], "texture": "#2"},
				"west": {"uv": [0, 0, 2.28, 2.28], "texture": "#2"},
				"up": {"uv": [0, 0, 2.28, 2.28], "texture": "#2"},
				"down": {"uv": [0, 0, 2.28, 2.28], "texture": "#2"}
			}
		},
		{
			"name": "Leaves 4",
			"from": [7.5, 9, 8.5],
			"to": [8.5, 10, 9.5],
			"faces": {
				"north": {"uv": [0, 0, 2.28, 2.28], "texture": "#2"},
				"east": {"uv": [0, 0, 2.28, 2.28], "texture": "#2"},
				"south": {"uv": [0, 0, 2.28, 2.28], "texture": "#2"},
				"west": {"uv": [0, 0, 2.28, 2.28], "texture": "#2"},
				"up": {"uv": [0, 0, 2.28, 2.28], "texture": "#2"},
				"down": {"uv": [0, 0, 2.28, 2.28], "texture": "#2"}
			}
		},
		{
			"name": "Leaves 5",
			"from": [6.5, 9, 7.5],
			"to": [7.5, 10, 8.5],
			"faces": {
				"north": {"uv": [0, 0, 2.28, 2.28], "texture": "#2"},
				"east": {"uv": [0, 0, 2.28, 2.28], "texture": "#2"},
				"south": {"uv": [0, 0, 2.28, 2.28], "texture": "#2"},
				"west": {"uv": [0, 0, 2.28, 2.28], "texture": "#2"},
				"up": {"uv": [0, 0, 2.28, 2.28], "texture": "#2"},
				"down": {"uv": [0, 0, 2.28, 2.28], "texture": "#2"}
			}
		},
		{
			"name": "Leaves 6",
			"from": [8.5, 4, 7.5],
			"to": [9.5, 8, 8.5],
			"faces": {
				"north": {"uv": [0, 0, 2.28, 9.15], "texture": "#2"},
				"east": {"uv": [0, 0, 2.28, 9.15], "texture": "#2"},
				"south": {"uv": [0, 0, 2.28, 9.15], "texture": "#2"},
				"west": {"uv": [0, 0, 2.28, 9.15], "texture": "#2"},
				"up": {"uv": [0, 0, 2.28, 2.28], "texture": "#2"},
				"down": {"uv": [0, 0, 2.28, 2.28], "texture": "#2"}
			}
		},
		{
			"name": "Leaves 7",
			"from": [7.5, 4, 6.5],
			"to": [8.5, 8, 7.5],
			"faces": {
				"north": {"uv": [0, 0, 2.28, 9.15], "texture": "#2"},
				"east": {"uv": [0, 0, 2.28, 9.15], "texture": "#2"},
				"south": {"uv": [0, 0, 2.28, 9.15], "texture": "#2"},
				"west": {"uv": [0, 0, 2.28, 9.15], "texture": "#2"},
				"up": {"uv": [0, 0, 2.28, 2.28], "texture": "#2"},
				"down": {"uv": [0, 0, 2.28, 2.28], "texture": "#2"}
			}
		},
		{
			"name": "Leaves 8",
			"from": [6.5, 4, 7.5],
			"to": [7.5, 8, 8.5],
			"faces": {
				"north": {"uv": [0, 0, 2.28, 9.15], "texture": "#2"},
				"east": {"uv": [0, 0, 2.28, 9.15], "texture": "#2"},
				"south": {"uv": [0, 0, 2.28, 9.15], "texture": "#2"},
				"west": {"uv": [0, 0, 2.28, 9.15], "texture": "#2"},
				"up": {"uv": [0, 0, 2.28, 2.28], "texture": "#2"},
				"down": {"uv": [0, 0, 2.28, 2.28], "texture": "#2"}
			}
		},
		{
			"name": "Leaves 9",
			"from": [7.5, 4, 8.5],
			"to": [8.5, 8, 9.5],
			"faces": {
				"north": {"uv": [0, 0, 2.28, 9.15], "texture": "#2"},
				"east": {"uv": [0, 0, 2.28, 9.15], "texture": "#2"},
				"south": {"uv": [0, 0, 2.28, 9.15], "texture": "#2"},
				"west": {"uv": [0, 0, 2.28, 9.15], "texture": "#2"},
				"up": {"uv": [0, 0, 2.28, 2.28], "texture": "#2"},
				"down": {"uv": [0, 0, 2.28, 2.28], "texture": "#2"}
			}
		},
		{
			"name": "Leaves 10",
			"from": [6.5, 4, 5.5],
			"to": [9.5, 5, 10.5],
			"faces": {
				"north": {"uv": [0, 0, 6.85, 2.28], "texture": "#2"},
				"east": {"uv": [0, 0, 11.43, 2.28], "texture": "#2"},
				"south": {"uv": [0, 0, 6.85, 2.28], "texture": "#2"},
				"west": {"uv": [0, 0, 11.43, 2.28], "texture": "#2"},
				"up": {"uv": [0, 0, 6.85, 11.43], "texture": "#2"},
				"down": {"uv": [0, 0, 6.85, 11.43], "texture": "#2"}
			}
		},
		{
			"name": "Leaves 11",
			"from": [6.5, 6, 5.5],
			"to": [9.5, 7, 10.5],
			"faces": {
				"north": {"uv": [0, 0, 6.85, 2.28], "texture": "#2"},
				"east": {"uv": [0, 0, 11.43, 2.28], "texture": "#2"},
				"south": {"uv": [0, 0, 6.85, 2.28], "texture": "#2"},
				"west": {"uv": [0, 0, 11.43, 2.28], "texture": "#2"},
				"up": {"uv": [0, 0, 6.85, 11.43], "texture": "#2"},
				"down": {"uv": [0, 0, 6.85, 11.43], "texture": "#2"}
			}
		},
		{
			"name": "Leaves 12",
			"from": [5.5, 4, 6.5],
			"to": [6.5, 5, 9.5],
			"faces": {
				"north": {"uv": [0, 0, 2.28, 2.28], "texture": "#2"},
				"east": {"uv": [0, 0, 6.85, 2.28], "texture": "#2"},
				"south": {"uv": [0, 0, 2.28, 2.28], "texture": "#2"},
				"west": {"uv": [0, 0, 6.85, 2.28], "texture": "#2"},
				"up": {"uv": [0, 0, 2.28, 6.85], "texture": "#2"},
				"down": {"uv": [0, 0, 2.28, 6.85], "texture": "#2"}
			}
		},
		{
			"name": "Leaves 13",
			"from": [5.5, 6, 6.5],
			"to": [6.5, 7, 9.5],
			"faces": {
				"north": {"uv": [0, 0, 2.28, 2.28], "texture": "#2"},
				"east": {"uv": [0, 0, 6.85, 2.28], "texture": "#2"},
				"south": {"uv": [0, 0, 2.28, 2.28], "texture": "#2"},
				"west": {"uv": [0, 0, 6.85, 2.28], "texture": "#2"},
				"up": {"uv": [0, 0, 2.28, 6.85], "texture": "#2"},
				"down": {"uv": [0, 0, 2.28, 6.85], "texture": "#2"}
			}
		},
		{
			"name": "Leaves 14",
			"from": [9.5, 6, 6.5],
			"to": [10.5, 7, 9.5],
			"faces": {
				"north": {"uv": [0, 0, 2.28, 2.28], "texture": "#2"},
				"east": {"uv": [0, 0, 6.85, 2.28], "texture": "#2"},
				"south": {"uv": [0, 0, 2.28, 2.28], "texture": "#2"},
				"west": {"uv": [0, 0, 6.85, 2.28], "texture": "#2"},
				"up": {"uv": [0, 0, 2.28, 6.85], "texture": "#2"},
				"down": {"uv": [0, 0, 2.28, 6.85], "texture": "#2"}
			}
		},
		{
			"name": "Leaves 15",
			"from": [9.5, 4, 6.5],
			"to": [10.5, 5, 9.5],
			"faces": {
				"north": {"uv": [0, 0, 2.28, 2.28], "texture": "#2"},
				"east": {"uv": [0, 0, 6.85, 2.28], "texture": "#2"},
				"south": {"uv": [0, 0, 2.28, 2.28], "texture": "#2"},
				"west": {"uv": [0, 0, 6.85, 2.28], "texture": "#2"},
				"up": {"uv": [0, 0, 2.28, 6.85], "texture": "#2"},
				"down": {"uv": [0, 0, 2.28, 6.85], "texture": "#2"}
			}
		},
		{
			"name": "Dirt 1",
			"from": [5.5, 2, 5.5],
			"to": [10.5, 3, 10.5],
			"faces": {
				"north": {"uv": [0, 0, 16, 3.2], "texture": "#3"},
				"east": {"uv": [0, 0, 16, 3.2], "texture": "#3"},
				"south": {"uv": [0, 0, 16, 3.2], "texture": "#3"},
				"west": {"uv": [0, 0, 16, 3.2], "texture": "#3"},
				"up": {"uv": [0, 0, 16, 16], "texture": "#3"},
				"down": {"uv": [0, 0, 16, 16], "texture": "#3"}
			}
		},
		{
			"name": "Dirt 2",
			"from": [6.5, 1, 6.5],
			"to": [9.5, 2, 9.5],
			"faces": {
				"north": {"uv": [0, 0, 9.6, 3.2], "texture": "#3"},
				"east": {"uv": [0, 0, 9.6, 3.2], "texture": "#3"},
				"south": {"uv": [0, 0, 9.6, 3.2], "texture": "#3"},
				"west": {"uv": [0, 0, 9.6, 3.2], "texture": "#3"},
				"up": {"uv": [0, 0, 9.6, 3.2], "texture": "#3"},
				"down": {"uv": [0, 0, 9.6, 9.6], "texture": "#3"}
			}
		},
		{
			"name": "Dirt 3",
			"from": [7.5, 0, 7.5],
			"to": [8.5, 1, 8.5],
			"faces": {
				"north": {"uv": [0, 0, 3.2, 3.2], "texture": "#3"},
				"east": {"uv": [0, 0, 3.2, 3.2], "texture": "#3"},
				"south": {"uv": [0, 0, 3.2, 3.2], "texture": "#3"},
				"west": {"uv": [0, 0, 3.2, 3.2], "texture": "#3"},
				"up": {"uv": [0, 0, 3.2, 3.2], "texture": "#3"},
				"down": {"uv": [0, 0, 3.2, 3.2], "texture": "#3"}
			}
		}
	],
	"display": {
		"thirdperson_righthand": {
			"rotation": [0, 315, 0],
			"translation": [0, 4.1, 1],
			"scale": [0.555, 0.555, 0.555]
		},
		"thirdperson_lefthand": {
			"rotation": [75, 45, 0],
			"translation": [0, 2.5, 0],
			"scale": [0.375, 0.375, 0.375]
		},
		"firstperson_righthand": {
			"rotation": [0, 315, 0],
			"translation": [0, 5.5, 0]
		},
		"firstperson_lefthand": {
			"rotation": [0, 0, 45],
			"translation": [0, 2.5, 0],
			"scale": [0.4, 0.4, 0.4]
		},
		"ground": {
			"translation": [0, 3, 0],
			"scale": [0.75, 0.75, 0.75]
		},
		"gui": {
			"rotation": [0, 55, 0],
			"translation": [0, 3, 0],
			"scale": [1.005, 1.005, 1.005]
		},
		"head": {
			"rotation": [0, 180, 0]
		},
		"fixed": {
			"translation": [0, 0, -2]
		}
	},
	"groups": [0,
		{
			"name": "Leaves",
			"children": [1, 2, 3, 4, 5, 6, 7, 8, 9, 10, 11, 12, 13, 14, 15]
		}, 16, 17, 18]
}