{
	"credit": "Made by SyndiShanX",
	"textures": {
		"logs": "block/logs",
		"leaves": "block/leaves/sapling_spruce_leaves",
		"dirt": "block/sapling_dirt",
		"particle": "block/leaves/sapling_spruce_leaves"
	},
	"elements": [
		{
			"name": "Log",
			"from": [7.5, 0, 7.5],
			"to": [8.5, 7, 8.5],
			"faces": {
				"north": {"uv": [5.5, 0, 6.8333, 9.33333], "texture": "#logs"},
				"east": {"uv": [5.5, 0, 6.8333, 9.33333], "texture": "#logs"},
				"south": {"uv": [5.5, 0, 6.8333, 9.33333], "texture": "#logs"},
				"west": {"uv": [5.5, 0, 6.8333, 9.33333], "texture": "#logs"},
				"up": {"uv": [14.66667, 14.66667, 16, 16], "texture": "#logs"},
				"down": {"uv": [14.66667, 14.66667, 16, 16], "texture": "#logs"}
			}
		},
		{
			"name": "Leaves 1",
			"from": [7.5, 7, 7.5],
			"to": [8.5, 9, 8.5],
			"faces": {
				"north": {"uv": [0, 0, 2.28, 4.55], "texture": "#leaves"},
				"east": {"uv": [0, 0, 2.28, 4.55], "texture": "#leaves"},
				"south": {"uv": [0, 0, 2.28, 4.55], "texture": "#leaves"},
				"west": {"uv": [0, 0, 2.28, 4.55], "texture": "#leaves"},
				"up": {"uv": [0, 0, 2.28, 2.28], "texture": "#leaves"},
				"down": {"uv": [0, 0, 2.28, 2.28], "texture": "#leaves"}
			}
		},
		{
			"name": "Leaves 2",
			"from": [7.5, 7, 6.5],
			"to": [8.5, 8, 7.5],
			"faces": {
				"north": {"uv": [0, 0, 2.28, 2.28], "texture": "#leaves"},
				"east": {"uv": [0, 0, 2.28, 2.28], "texture": "#leaves"},
				"south": {"uv": [0, 0, 2.28, 2.28], "texture": "#leaves"},
				"west": {"uv": [0, 0, 2.28, 2.28], "texture": "#leaves"},
				"up": {"uv": [0, 0, 2.28, 2.28], "texture": "#leaves"},
				"down": {"uv": [0, 0, 2.28, 2.28], "texture": "#leaves"}
			}
		},
		{
			"name": "Leaves 3",
			"from": [8.5, 7, 7.5],
			"to": [9.5, 8, 8.5],
			"faces": {
				"north": {"uv": [0, 0, 2.28, 2.28], "texture": "#leaves"},
				"east": {"uv": [0, 0, 2.28, 2.28], "texture": "#leaves"},
				"south": {"uv": [0, 0, 2.28, 2.28], "texture": "#leaves"},
				"west": {"uv": [0, 0, 2.28, 2.28], "texture": "#leaves"},
				"up": {"uv": [0, 0, 2.28, 2.28], "texture": "#leaves"},
				"down": {"uv": [0, 0, 2.28, 2.28], "texture": "#leaves"}
			}
		},
		{
			"name": "Leaves 4",
			"from": [7.5, 7, 8.5],
			"to": [8.5, 8, 9.5],
			"faces": {
				"north": {"uv": [0, 0, 2.28, 2.28], "texture": "#leaves"},
				"east": {"uv": [0, 0, 2.28, 2.28], "texture": "#leaves"},
				"south": {"uv": [0, 0, 2.28, 2.28], "texture": "#leaves"},
				"west": {"uv": [0, 0, 2.28, 2.28], "texture": "#leaves"},
				"up": {"uv": [0, 0, 2.28, 2.28], "texture": "#leaves"},
				"down": {"uv": [0, 0, 2.28, 2.28], "texture": "#leaves"}
			}
		},
		{
			"name": "Leaves 5",
			"from": [6.5, 7, 7.5],
			"to": [7.5, 8, 8.5],
			"faces": {
				"north": {"uv": [0, 0, 2.28, 2.28], "texture": "#leaves"},
				"east": {"uv": [0, 0, 2.28, 2.28], "texture": "#leaves"},
				"south": {"uv": [0, 0, 2.28, 2.28], "texture": "#leaves"},
				"west": {"uv": [0, 0, 2.28, 2.28], "texture": "#leaves"},
				"up": {"uv": [0, 0, 2.28, 2.28], "texture": "#leaves"},
				"down": {"uv": [0, 0, 2.28, 2.28], "texture": "#leaves"}
			}
		},
		{
			"name": "Leaves 6",
			"from": [8.5, 2, 7.5],
			"to": [9.5, 6, 8.5],
			"faces": {
				"north": {"uv": [0, 0, 2.28, 9.15], "texture": "#leaves"},
				"east": {"uv": [0, 0, 2.28, 9.15], "texture": "#leaves"},
				"south": {"uv": [0, 0, 2.28, 9.15], "texture": "#leaves"},
				"west": {"uv": [0, 0, 2.28, 9.15], "texture": "#leaves"},
				"up": {"uv": [0, 0, 2.28, 2.28], "texture": "#leaves"},
				"down": {"uv": [0, 0, 2.28, 2.28], "texture": "#leaves"}
			}
		},
		{
			"name": "Leaves 7",
			"from": [7.5, 2, 6.5],
			"to": [8.5, 6, 7.5],
			"faces": {
				"north": {"uv": [0, 0, 2.28, 9.15], "texture": "#leaves"},
				"east": {"uv": [0, 0, 2.28, 9.15], "texture": "#leaves"},
				"south": {"uv": [0, 0, 2.28, 9.15], "texture": "#leaves"},
				"west": {"uv": [0, 0, 2.28, 9.15], "texture": "#leaves"},
				"up": {"uv": [0, 0, 2.28, 2.28], "texture": "#leaves"},
				"down": {"uv": [0, 0, 2.28, 2.28], "texture": "#leaves"}
			}
		},
		{
			"name": "Leaves 8",
			"from": [6.5, 2, 7.5],
			"to": [7.5, 6, 8.5],
			"faces": {
				"north": {"uv": [0, 0, 2.28, 9.15], "texture": "#leaves"},
				"east": {"uv": [0, 0, 2.28, 9.15], "texture": "#leaves"},
				"south": {"uv": [0, 0, 2.28, 9.15], "texture": "#leaves"},
				"west": {"uv": [0, 0, 2.28, 9.15], "texture": "#leaves"},
				"up": {"uv": [0, 0, 2.28, 2.28], "texture": "#leaves"},
				"down": {"uv": [0, 0, 2.28, 2.28], "texture": "#leaves"}
			}
		},
		{
			"name": "Leaves 9",
			"from": [7.5, 2, 8.5],
			"to": [8.5, 6, 9.5],
			"faces": {
				"north": {"uv": [0, 0, 2.28, 9.15], "texture": "#leaves"},
				"east": {"uv": [0, 0, 2.28, 9.15], "texture": "#leaves"},
				"south": {"uv": [0, 0, 2.28, 9.15], "texture": "#leaves"},
				"west": {"uv": [0, 0, 2.28, 9.15], "texture": "#leaves"},
				"up": {"uv": [0, 0, 2.28, 2.28], "texture": "#leaves"},
				"down": {"uv": [0, 0, 2.28, 2.28], "texture": "#leaves"}
			}
		},
		{
			"name": "Leaves 10",
			"from": [6.5, 2, 5.5],
			"to": [9.5, 3, 10.5],
			"faces": {
				"north": {"uv": [0, 0, 6.85, 2.28], "texture": "#leaves"},
				"east": {"uv": [0, 0, 11.43, 2.28], "texture": "#leaves"},
				"south": {"uv": [0, 0, 6.85, 2.28], "texture": "#leaves"},
				"west": {"uv": [0, 0, 11.43, 2.28], "texture": "#leaves"},
				"up": {"uv": [0, 0, 6.85, 11.43], "texture": "#leaves"},
				"down": {"uv": [0, 0, 6.85, 11.43], "texture": "#leaves"}
			}
		},
		{
			"name": "Leaves 11",
			"from": [6.5, 4, 5.5],
			"to": [9.5, 5, 10.5],
			"faces": {
				"north": {"uv": [0, 0, 6.85, 2.28], "texture": "#leaves"},
				"east": {"uv": [0, 0, 11.43, 2.28], "texture": "#leaves"},
				"south": {"uv": [0, 0, 6.85, 2.28], "texture": "#leaves"},
				"west": {"uv": [0, 0, 11.43, 2.28], "texture": "#leaves"},
				"up": {"uv": [0, 0, 6.85, 11.43], "texture": "#leaves"},
				"down": {"uv": [0, 0, 6.85, 11.43], "texture": "#leaves"}
			}
		},
		{
			"name": "Leaves 12",
			"from": [5.5, 2, 6.5],
			"to": [6.5, 3, 9.5],
			"faces": {
				"north": {"uv": [0, 0, 2.28, 2.28], "texture": "#leaves"},
				"east": {"uv": [0, 0, 6.85, 2.28], "texture": "#leaves"},
				"south": {"uv": [0, 0, 2.28, 2.28], "texture": "#leaves"},
				"west": {"uv": [0, 0, 6.85, 2.28], "texture": "#leaves"},
				"up": {"uv": [0, 0, 2.28, 6.85], "texture": "#leaves"},
				"down": {"uv": [0, 0, 2.28, 6.85], "texture": "#leaves"}
			}
		},
		{
			"name": "Leaves 13",
			"from": [5.5, 4, 6.5],
			"to": [6.5, 5, 9.5],
			"faces": {
				"north": {"uv": [0, 0, 2.28, 2.28], "texture": "#leaves"},
				"east": {"uv": [0, 0, 6.85, 2.28], "texture": "#leaves"},
				"south": {"uv": [0, 0, 2.28, 2.28], "texture": "#leaves"},
				"west": {"uv": [0, 0, 6.85, 2.28], "texture": "#leaves"},
				"up": {"uv": [0, 0, 2.28, 6.85], "texture": "#leaves"},
				"down": {"uv": [0, 0, 2.28, 6.85], "texture": "#leaves"}
			}
		},
		{
			"name": "Leaves 14",
			"from": [9.5, 4, 6.5],
			"to": [10.5, 5, 9.5],
			"faces": {
				"north": {"uv": [0, 0, 2.28, 2.28], "texture": "#leaves"},
				"east": {"uv": [0, 0, 6.85, 2.28], "texture": "#leaves"},
				"south": {"uv": [0, 0, 2.28, 2.28], "texture": "#leaves"},
				"west": {"uv": [0, 0, 6.85, 2.28], "texture": "#leaves"},
				"up": {"uv": [0, 0, 2.28, 6.85], "texture": "#leaves"},
				"down": {"uv": [0, 0, 2.28, 6.85], "texture": "#leaves"}
			}
		},
		{
			"name": "Leaves 15",
			"from": [9.5, 2, 6.5],
			"to": [10.5, 3, 9.5],
			"faces": {
				"north": {"uv": [0, 0, 2.28, 2.28], "texture": "#leaves"},
				"east": {"uv": [0, 0, 6.85, 2.28], "texture": "#leaves"},
				"south": {"uv": [0, 0, 2.28, 2.28], "texture": "#leaves"},
				"west": {"uv": [0, 0, 6.85, 2.28], "texture": "#leaves"},
				"up": {"uv": [0, 0, 2.28, 6.85], "texture": "#leaves"},
				"down": {"uv": [0, 0, 2.28, 6.85], "texture": "#leaves"}
			}
		},
		{
			"name": "Dirt 1",
			"from": [5.5, -1, 5.5],
			"to": [10.5, 0, 10.5],
			"faces": {
				"north": {"uv": [0, 0, 16, 3.2], "texture": "#dirt"},
				"east": {"uv": [0, 0, 16, 3.2], "texture": "#dirt"},
				"south": {"uv": [0, 0, 16, 3.2], "texture": "#dirt"},
				"west": {"uv": [0, 0, 16, 3.2], "texture": "#dirt"},
				"up": {"uv": [0, 0, 16, 16], "texture": "#dirt"},
				"down": {"uv": [0, 0, 16, 16], "texture": "#dirt"}
			}
		},
		{
			"name": "Dirt 2",
			"from": [6.5, -2, 6.5],
			"to": [9.5, -1, 9.5],
			"faces": {
				"north": {"uv": [0, 0, 9.6, 3.2], "texture": "#dirt"},
				"east": {"uv": [0, 0, 9.6, 3.2], "texture": "#dirt"},
				"south": {"uv": [0, 0, 9.6, 3.2], "texture": "#dirt"},
				"west": {"uv": [0, 0, 9.6, 3.2], "texture": "#dirt"},
				"up": {"uv": [0, 0, 9.6, 3.2], "texture": "#dirt"},
				"down": {"uv": [0, 0, 9.6, 9.6], "texture": "#dirt"}
			}
		},
		{
			"name": "Dirt 3",
			"from": [7.5, -3, 7.5],
			"to": [8.5, -2, 8.5],
			"faces": {
				"north": {"uv": [0, 0, 3.2, 3.2], "texture": "#dirt"},
				"east": {"uv": [0, 0, 3.2, 3.2], "texture": "#dirt"},
				"south": {"uv": [0, 0, 3.2, 3.2], "texture": "#dirt"},
				"west": {"uv": [0, 0, 3.2, 3.2], "texture": "#dirt"},
				"up": {"uv": [0, 0, 3.2, 3.2], "texture": "#dirt"},
				"down": {"uv": [0, 0, 3.2, 3.2], "texture": "#dirt"}
			}
		}
	],
	"display": {
		"thirdperson_righthand": {
			"rotation": [0, 315, 0],
			"translation": [0, 6.1, 1],
			"scale": [0.555, 0.555, 0.555]
		},
		"thirdperson_lefthand": {
			"rotation": [0, -45, 0],
			"translation": [0, 6.1, 1],
			"scale": [0.555, 0.555, 0.555]
		},
		"firstperson_righthand": {
			"rotation": [0, 315, 0],
			"translation": [0, 10.25, 0]
		},
		"firstperson_lefthand": {
			"rotation": [0, -45, 0],
			"translation": [0, 10.25, 0]
		},
		"ground": {
			"translation": [0, 4.75, 0],
			"scale": [0.75, 0.75, 0.75]
		},
		"gui": {
			"rotation": [0, 55, 0],
			"translation": [0, 6.5, 0],
			"scale": [1.005, 1.005, 1.005]
		},
		"head": {
			"rotation": [0, 180, 0],
			"translation": [0, 17.25, 0]
		},
		"fixed": {
			"translation": [0, 6.5, -2]
		}
	},
	"groups": [
		{
			"name": "sapling",
			"origin": [8, 8, 8],
			"children": [0,
				{
					"name": "Leaves",
					"origin": [8, 8, 8],
					"children": [1, 2, 3, 4, 5, 6, 7, 8, 9, 10, 11, 12, 13, 14, 15]
				}
			]
		}, 16, 17, 18]
}