{
	"credit": "Made with Blockbench, model by LTK1",
	"textures": {
		"0": "blocks/mob_spawner",
		"particle": "blocks/mob_spawner"
	},
	"elements": [
		{
			"name": "cube",
			"from": [14, 0, 0],
			"to": [16, 16, 2],
			"faces": {
				"north": {
					"uv": [0.016, 0.016, 1.984, 15.984],
					"texture": "#0"
				},
				"east": {
					"uv": [14.016, 0.016, 15.984, 15.984],
					"texture": "#0"
				},
				"south": {
					"uv": [14.016, 0.016, 15.984, 15.984],
					"texture": "#0"
				},
				"west": {
					"uv": [0.016, 0.016, 1.984, 15.984],
					"texture": "#0"
				},
				"up": {
					"uv": [14.016, 0.016, 15.984, 1.984],
					"texture": "#0"
				},
				"down": {
					"uv": [14.016, 14.016, 15.984, 15.984],
					"texture": "#0"
				}
			},
			"type": "cube"
		},
		{
			"name": "cube",
			"from": [14, 0, 2],
			"to": [16, 2, 14],
			"faces": {
				"north": {
					"uv": [0.016, 0.016, 1.984, 1.984],
					"texture": "#missing"
				},
				"east": {
					"uv": [2.016, 14.016, 13.984, 15.984],
					"texture": "#0"
				},
				"south": {
					"uv": [0.016, 0.016, 1.984, 1.984],
					"texture": "#missing"
				},
				"west": {
					"uv": [2.016, 13.516, 13.984, 15.484],
					"texture": "#0"
				},
				"up": {
					"uv": [2.016, 13.516, 13.984, 15.484],
					"texture": "#0",
					"rotation": 270
				},
				"down": {
					"uv": [14.016, 2.016, 15.984, 13.984],
					"texture": "#0"
				}
			},
			"type": "cube"
		},
		{
			"name": "cube",
			"from": [14, 14, 2],
			"to": [16, 16, 14],
			"faces": {
				"north": {
					"uv": [0.016, 0.016, 1.984, 1.984],
					"texture": "#missing"
				},
				"east": {
					"uv": [2.016, 0.016, 13.984, 1.984],
					"texture": "#0"
				},
				"south": {
					"uv": [0.016, 0.016, 1.984, 1.984],
					"texture": "#missing"
				},
				"west": {
					"uv": [2.516, 0.516, 13.484, 2.484],
					"texture": "#0"
				},
				"up": {
					"uv": [14.016, 2.016, 15.984, 13.984],
					"texture": "#0"
				},
				"down": {
					"uv": [2.516, 0.516, 13.484, 2.484],
					"texture": "#0",
					"rotation": 90
				}
			},
			"type": "cube"
		},
		{
			"name": "cube",
			"from": [15, 2, 7],
			"to": [15.5, 14, 9],
			"faces": {
				"north": {
					"uv": [8.516, 2.016, 8.984, 13.984],
					"texture": "#0"
				},
				"east": {
					"uv": [7.016, 2.016, 8.984, 13.984],
					"texture": "#0"
				},
				"south": {
					"uv": [7.016, 2.016, 7.484, 13.984],
					"texture": "#0"
				},
				"west": {
					"uv": [7.016, 3.516, 8.984, 3.984],
					"texture": "#0"
				},
				"up": {
					"uv": [0.016, 0.016, 0.5, 1.984],
					"texture": "#missing"
				},
				"down": {
					"uv": [0.016, 0.016, 0.5, 1.984],
					"texture": "#missing"
				}
			},
			"type": "cube"
		},
		{
			"name": "cube",
			"from": [15.5, 11, 6.5],
			"to": [16, 11.5, 9.5],
			"faces": {
				"north": {
					"uv": [10.016, 5.516, 10.484, 5.984],
					"texture": "#0"
				},
				"east": {
					"uv": [6.516, 4.516, 9.484, 4.984],
					"texture": "#0"
				},
				"south": {
					"uv": [10.016, 5.516, 10.484, 5.984],
					"texture": "#0"
				},
				"west": {
					"uv": [7.016, 14.516, 7.484, 14.984],
					"texture": "#0"
				},
				"up": {
					"uv": [6.516, 4.516, 9.484, 4.984],
					"texture": "#0",
					"rotation": 90
				},
				"down": {
					"uv": [0.016, 0.016, 0.5, 2.984],
					"texture": "#missing"
				}
			},
			"type": "cube"
		},
		{
			"name": "cube",
			"from": [15.5, 8.5, 6],
			"to": [16, 11, 10],
			"faces": {
				"north": {
					"uv": [10.016, 5.516, 10.484, 5.984],
					"texture": "#0"
				},
				"east": {
					"uv": [6.016, 5.016, 9.984, 7.484],
					"texture": "#0"
				},
				"south": {
					"uv": [10.016, 5.516, 10.484, 5.984],
					"texture": "#0"
				},
				"west": {
					"uv": [7.016, 14.516, 7.484, 14.984],
					"texture": "#0"
				},
				"up": {
					"uv": [6.016, 5.016, 6.484, 5.484],
					"texture": "#0"
				},
				"down": {
					"uv": [6.016, 7.016, 9.984, 7.484],
					"texture": "#0",
					"rotation": 90
				}
			},
			"type": "cube"
		},
		{
			"name": "cube",
			"from": [15, 7.5, 6],
			"to": [15.5, 8.5, 7],
			"faces": {
				"north": {
					"uv": [7.016, 14.516, 7.484, 14.984],
					"texture": "#0"
				},
				"east": {
					"uv": [6.016, 7.516, 6.984, 8.484],
					"texture": "#0"
				},
				"south": {
					"uv": [0.016, 0.016, 0.5, 0.984],
					"texture": "#missing"
				},
				"west": {
					"uv": [7.016, 14.516, 7.484, 14.984],
					"texture": "#0"
				},
				"up": {
					"uv": [7.016, 14.516, 7.484, 14.984],
					"texture": "#0"
				},
				"down": {
					"uv": [7.016, 14.516, 7.484, 14.984],
					"texture": "#0"
				}
			},
			"type": "cube"
		},
		{
			"name": "cube",
			"from": [15, 7.5, 9],
			"to": [15.5, 8.5, 10],
			"faces": {
				"north": {
					"uv": [0.016, 0.016, 0.5, 0.984],
					"texture": "#missing"
				},
				"east": {
					"uv": [6.016, 7.516, 6.984, 8.484],
					"texture": "#0"
				},
				"south": {
					"uv": [7.016, 14.516, 7.484, 14.984],
					"texture": "#0"
				},
				"west": {
					"uv": [7.016, 14.516, 7.484, 14.984],
					"texture": "#0"
				},
				"up": {
					"uv": [7.016, 14.516, 7.484, 14.984],
					"texture": "#0"
				},
				"down": {
					"uv": [7.016, 14.516, 7.484, 14.984],
					"texture": "#0"
				}
			},
			"type": "cube"
		},
		{
			"name": "cube",
			"from": [15.5, 7.5, 7.5],
			"to": [16, 8.5, 8.5],
			"faces": {
				"north": {
					"uv": [9.516, 8.516, 9.984, 9.484],
					"texture": "#0"
				},
				"east": {
					"uv": [7.516, 7.516, 8.484, 8.484],
					"texture": "#0"
				},
				"south": {
					"uv": [9.516, 8.516, 9.984, 9.484],
					"texture": "#0"
				},
				"west": {
					"uv": [0.016, 0.016, 0.984, 0.984],
					"texture": "#missing"
				},
				"up": {
					"uv": [0.016, 0.016, 0.5, 0.984],
					"texture": "#missing"
				},
				"down": {
					"uv": [7.516, 8.016, 8.484, 8.484],
					"texture": "#0"
				}
			},
			"type": "cube"
		},
		{
			"name": "cube",
			"from": [15.5, 6.5, 7.5],
			"to": [16, 7, 8.5],
			"faces": {
				"north": {
					"uv": [0.016, 0.016, 0.5, 0.5],
					"texture": "#missing"
				},
				"east": {
					"uv": [7.516, 9.016, 8.484, 9.484],
					"texture": "#0"
				},
				"south": {
					"uv": [0.016, 0.016, 0.5, 0.5],
					"texture": "#missing"
				},
				"west": {
					"uv": [0.016, 0.016, 0.984, 0.5],
					"texture": "#missing"
				},
				"up": {
					"uv": [7.516, 9.016, 8.484, 9.484],
					"texture": "#0"
				},
				"down": {
					"uv": [7.516, 9.016, 8.484, 9.484],
					"texture": "#0"
				}
			},
			"type": "cube"
		},
		{
			"name": "cube",
			"from": [15.5, 4, 7],
			"to": [16, 8, 7.5],
			"faces": {
				"north": {
					"uv": [8.516, 8.016, 8.984, 11.984],
					"texture": "#0"
				},
				"east": {
					"uv": [8.516, 8.016, 8.984, 11.984],
					"texture": "#0"
				},
				"south": {
					"uv": [8.516, 8.016, 8.984, 11.984],
					"texture": "#0"
				},
				"west": {
					"uv": [0.016, 0.016, 0.5, 3.984],
					"texture": "#missing"
				},
				"up": {
					"uv": [7.016, 8.016, 7.484, 8.484],
					"texture": "#0"
				},
				"down": {
					"uv": [8.516, 11.516, 8.984, 11.984],
					"texture": "#0"
				}
			},
			"type": "cube"
		},
		{
			"name": "cube",
			"from": [15.5, 7, 10],
			"to": [16, 10.5, 10.5],
			"faces": {
				"north": {
					"uv": [5.516, 7.516, 5.984, 8.484],
					"texture": "#0"
				},
				"east": {
					"uv": [5.516, 5.516, 5.984, 8.984],
					"texture": "#0"
				},
				"south": {
					"uv": [5.516, 5.516, 5.984, 8.984],
					"texture": "#0"
				},
				"west": {
					"uv": [7.016, 14.516, 7.484, 14.984],
					"texture": "#0"
				},
				"up": {
					"uv": [10.016, 5.516, 10.484, 5.984],
					"texture": "#0"
				},
				"down": {
					"uv": [5.516, 8.516, 5.984, 8.984],
					"texture": "#0"
				}
			},
			"type": "cube"
		},
		{
			"name": "cube",
			"from": [15.5, 7, 5.5],
			"to": [16, 10.5, 6],
			"faces": {
				"north": {
					"uv": [5.516, 5.516, 5.984, 8.984],
					"texture": "#0"
				},
				"east": {
					"uv": [5.516, 5.516, 5.984, 8.984],
					"texture": "#0"
				},
				"south": {
					"uv": [10.016, 7.516, 10.484, 8.484],
					"texture": "#0"
				},
				"west": {
					"uv": [7.016, 14.516, 7.484, 14.984],
					"texture": "#0"
				},
				"up": {
					"uv": [10.016, 5.516, 10.484, 5.984],
					"texture": "#0"
				},
				"down": {
					"uv": [5.516, 8.516, 5.984, 8.984],
					"texture": "#0"
				}
			},
			"type": "cube"
		},
		{
			"name": "cube",
			"from": [15.5, 4, 8.5],
			"to": [16, 8, 9],
			"faces": {
				"north": {
					"uv": [7.016, 8.016, 7.484, 11.984],
					"texture": "#0"
				},
				"east": {
					"uv": [7.016, 8.016, 7.484, 11.984],
					"texture": "#0"
				},
				"south": {
					"uv": [7.016, 8.016, 7.484, 11.984],
					"texture": "#0"
				},
				"west": {
					"uv": [0.016, 0.016, 0.5, 3.984],
					"texture": "#missing"
				},
				"up": {
					"uv": [7.016, 8.016, 7.484, 8.484],
					"texture": "#0"
				},
				"down": {
					"uv": [7.016, 11.516, 7.484, 11.984],
					"texture": "#0"
				}
			},
			"type": "cube"
		},
		{
			"name": "cube",
			"from": [15.5, 6.5, 6],
			"to": [16, 7.5, 7],
			"faces": {
				"north": {
					"uv": [9.516, 8.516, 9.984, 9.484],
					"texture": "#0"
				},
				"east": {
					"uv": [9.016, 8.516, 9.984, 9.484],
					"texture": "#0"
				},
				"south": {
					"uv": [0.016, 0.016, 0.5, 0.984],
					"texture": "#missing"
				},
				"west": {
					"uv": [7.016, 14.516, 7.484, 14.984],
					"texture": "#0"
				},
				"up": {
					"uv": [9.016, 8.516, 9.984, 8.984],
					"texture": "#0",
					"rotation": 90
				},
				"down": {
					"uv": [9.016, 9.016, 9.984, 9.484],
					"texture": "#0"
				}
			},
			"type": "cube"
		},
		{
			"name": "cube",
			"from": [15.5, 6.5, 9],
			"to": [16, 7.5, 10],
			"faces": {
				"north": {
					"uv": [0.016, 0.016, 0.5, 0.984],
					"texture": "#missing"
				},
				"east": {
					"uv": [6.016, 8.516, 6.984, 9.484],
					"texture": "#0"
				},
				"south": {
					"uv": [6.016, 8.516, 6.484, 9.484],
					"texture": "#0"
				},
				"west": {
					"uv": [6.016, 8.516, 6.984, 9.484],
					"texture": "#0"
				},
				"up": {
					"uv": [6.016, 8.516, 6.984, 8.984],
					"texture": "#0"
				},
				"down": {
					"uv": [6.016, 9.016, 6.984, 9.484],
					"texture": "#0"
				}
			},
			"type": "cube"
		},
		{
			"name": "cube",
			"from": [15.5, 3.5, 7.5],
			"to": [16, 4, 8.5],
			"faces": {
				"north": {
					"uv": [8.016, 12.016, 8.484, 12.484],
					"texture": "#0"
				},
				"east": {
					"uv": [7.516, 12.016, 8.484, 12.484],
					"texture": "#0"
				},
				"south": {
					"uv": [7.516, 12.016, 7.984, 12.484],
					"texture": "#0"
				},
				"west": {
					"uv": [0.016, 0.016, 0.984, 0.5],
					"texture": "#missing"
				},
				"up": {
					"uv": [7.516, 12.016, 8.484, 12.484],
					"texture": "#0"
				},
				"down": {
					"uv": [7.516, 12.016, 8.484, 12.484],
					"texture": "#0"
				}
			},
			"type": "cube"
		},
		{
			"name": "cube",
			"from": [14, 0, 14],
			"to": [16, 16, 16],
			"faces": {
				"north": {
					"uv": [0.016, 0.016, 1.984, 15.984],
					"texture": "#0"
				},
				"east": {
					"uv": [0.016, 0.016, 1.984, 15.984],
					"texture": "#0"
				},
				"south": {
					"uv": [14.016, 0.016, 15.984, 15.984],
					"texture": "#0"
				},
				"west": {
					"uv": [14.016, 0.016, 15.984, 15.984],
					"texture": "#0"
				},
				"up": {
					"uv": [14.016, 14.016, 15.984, 15.984],
					"texture": "#0"
				},
				"down": {
					"uv": [14.016, 0.016, 15.984, 1.984],
					"texture": "#0"
				}
			},
			"type": "cube"
		},
		{
			"name": "cube",
			"from": [2, 0, 14],
			"to": [14, 2, 16],
			"faces": {
				"north": {
					"uv": [2.016, 13.516, 13.984, 15.484],
					"texture": "#0"
				},
				"east": {
					"uv": [0.016, 0.016, 1.984, 1.984],
					"texture": "#missing"
				},
				"south": {
					"uv": [2.016, 14.016, 13.984, 15.984],
					"texture": "#0"
				},
				"west": {
					"uv": [0.016, 0.016, 1.984, 1.984],
					"texture": "#missing"
				},
				"up": {
					"uv": [2.016, 13.516, 13.984, 15.484],
					"texture": "#0"
				},
				"down": {
					"uv": [2.016, 0.016, 13.984, 1.984],
					"texture": "#0"
				}
			},
			"type": "cube"
		},
		{
			"name": "cube",
			"from": [2, 14, 14],
			"to": [14, 16, 16],
			"faces": {
				"north": {
					"uv": [2.016, 0.516, 13.984, 2.484],
					"texture": "#0"
				},
				"east": {
					"uv": [0.016, 0.016, 1.984, 1.984],
					"texture": "#missing"
				},
				"south": {
					"uv": [2.016, 0.016, 13.984, 1.984],
					"texture": "#0"
				},
				"west": {
					"uv": [0.016, 0.016, 1.984, 1.984],
					"texture": "#missing"
				},
				"up": {
					"uv": [2.016, 14.016, 13.984, 15.984],
					"texture": "#0"
				},
				"down": {
					"uv": [2.516, 1.516, 13.484, 2.984],
					"texture": "#0"
				}
			},
			"type": "cube"
		},
		{
			"name": "cube",
			"from": [7, 2, 15],
			"to": [9, 14, 15.5],
			"faces": {
				"north": {
					"uv": [7.016, 3.516, 8.984, 3.984],
					"texture": "#0"
				},
				"east": {
					"uv": [8.516, 2.016, 8.984, 13.984],
					"texture": "#0"
				},
				"south": {
					"uv": [7.016, 2.016, 8.984, 13.984],
					"texture": "#0"
				},
				"west": {
					"uv": [7.016, 2.016, 7.484, 13.984],
					"texture": "#0"
				},
				"up": {
					"uv": [0.016, 0.016, 0.5, 1.984],
					"texture": "#missing",
					"rotation": 90
				},
				"down": {
					"uv": [0.016, 0.016, 0.5, 1.984],
					"texture": "#missing",
					"rotation": 270
				}
			},
			"type": "cube"
		},
		{
			"name": "cube",
			"from": [6.5, 11, 15.5],
			"to": [9.5, 11.5, 16],
			"faces": {
				"north": {
					"uv": [7.016, 14.516, 7.484, 14.984],
					"texture": "#0"
				},
				"east": {
					"uv": [10.016, 5.516, 10.484, 5.984],
					"texture": "#0"
				},
				"south": {
					"uv": [6.516, 4.516, 9.484, 4.984],
					"texture": "#0"
				},
				"west": {
					"uv": [10.016, 5.516, 10.484, 5.984],
					"texture": "#0"
				},
				"up": {
					"uv": [6.516, 4.516, 9.484, 4.984],
					"texture": "#0",
					"rotation": 180
				},
				"down": {
					"uv": [0.016, 0.016, 0.5, 2.984],
					"texture": "#missing",
					"rotation": 270
				}
			},
			"type": "cube"
		},
		{
			"name": "cube",
			"from": [6, 8.5, 15.5],
			"to": [10, 11, 16],
			"faces": {
				"north": {
					"uv": [7.016, 14.516, 7.484, 14.984],
					"texture": "#0"
				},
				"east": {
					"uv": [10.016, 5.516, 10.484, 5.984],
					"texture": "#0"
				},
				"south": {
					"uv": [6.016, 5.016, 9.984, 7.484],
					"texture": "#0"
				},
				"west": {
					"uv": [10.016, 5.516, 10.484, 5.984],
					"texture": "#0"
				},
				"up": {
					"uv": [6.016, 5.016, 6.484, 5.484],
					"texture": "#0",
					"rotation": 90
				},
				"down": {
					"uv": [6.016, 7.016, 9.984, 7.484],
					"texture": "#0"
				}
			},
			"type": "cube"
		},
		{
			"name": "cube",
			"from": [9, 7.5, 15],
			"to": [10, 8.5, 15.5],
			"faces": {
				"north": {
					"uv": [7.016, 14.516, 7.484, 14.984],
					"texture": "#0"
				},
				"east": {
					"uv": [7.016, 14.516, 7.484, 14.984],
					"texture": "#0"
				},
				"south": {
					"uv": [6.016, 7.516, 6.984, 8.484],
					"texture": "#0"
				},
				"west": {
					"uv": [0.016, 0.016, 0.5, 0.984],
					"texture": "#missing"
				},
				"up": {
					"uv": [7.016, 14.516, 7.484, 14.984],
					"texture": "#0",
					"rotation": 90
				},
				"down": {
					"uv": [7.016, 14.516, 7.484, 14.984],
					"texture": "#0",
					"rotation": 270
				}
			},
			"type": "cube"
		},
		{
			"name": "cube",
			"from": [6, 7.5, 15],
			"to": [7, 8.5, 15.5],
			"faces": {
				"north": {
					"uv": [7.016, 14.516, 7.484, 14.984],
					"texture": "#0"
				},
				"east": {
					"uv": [0.016, 0.016, 0.5, 0.984],
					"texture": "#missing"
				},
				"south": {
					"uv": [6.016, 7.516, 6.984, 8.484],
					"texture": "#0"
				},
				"west": {
					"uv": [7.016, 14.516, 7.484, 14.984],
					"texture": "#0"
				},
				"up": {
					"uv": [7.016, 14.516, 7.484, 14.984],
					"texture": "#0",
					"rotation": 90
				},
				"down": {
					"uv": [7.016, 14.516, 7.484, 14.984],
					"texture": "#0",
					"rotation": 270
				}
			},
			"type": "cube"
		},
		{
			"name": "cube",
			"from": [7.5, 7.5, 15.5],
			"to": [8.5, 8.5, 16],
			"faces": {
				"north": {
					"uv": [0.016, 0.016, 0.984, 0.984],
					"texture": "#missing"
				},
				"east": {
					"uv": [9.516, 8.516, 9.984, 9.484],
					"texture": "#0"
				},
				"south": {
					"uv": [7.516, 7.516, 8.484, 8.484],
					"texture": "#0"
				},
				"west": {
					"uv": [9.516, 8.516, 9.984, 9.484],
					"texture": "#0"
				},
				"up": {
					"uv": [0.016, 0.016, 0.5, 0.984],
					"texture": "#missing",
					"rotation": 90
				},
				"down": {
					"uv": [7.516, 8.016, 8.484, 8.484],
					"texture": "#0",
					"rotation": 270
				}
			},
			"type": "cube"
		},
		{
			"name": "cube",
			"from": [7.5, 6.5, 15.5],
			"to": [8.5, 7, 16],
			"faces": {
				"north": {
					"uv": [0.016, 0.016, 0.984, 0.5],
					"texture": "#missing"
				},
				"east": {
					"uv": [0.016, 0.016, 0.5, 0.5],
					"texture": "#missing"
				},
				"south": {
					"uv": [7.516, 9.016, 8.484, 9.484],
					"texture": "#0"
				},
				"west": {
					"uv": [0.016, 0.016, 0.5, 0.5],
					"texture": "#missing"
				},
				"up": {
					"uv": [7.516, 9.016, 8.484, 9.484],
					"texture": "#0",
					"rotation": 90
				},
				"down": {
					"uv": [7.516, 9.016, 8.484, 9.484],
					"texture": "#0",
					"rotation": 270
				}
			},
			"type": "cube"
		},
		{
			"name": "cube",
			"from": [8.5, 4, 15.5],
			"to": [9, 8, 16],
			"faces": {
				"north": {
					"uv": [0.016, 0.016, 0.5, 3.984],
					"texture": "#missing"
				},
				"east": {
					"uv": [8.516, 8.016, 8.984, 11.984],
					"texture": "#0"
				},
				"south": {
					"uv": [8.516, 8.016, 8.984, 11.984],
					"texture": "#0"
				},
				"west": {
					"uv": [8.516, 8.016, 8.984, 11.984],
					"texture": "#0"
				},
				"up": {
					"uv": [7.016, 8.016, 7.484, 8.484],
					"texture": "#0",
					"rotation": 90
				},
				"down": {
					"uv": [8.516, 11.516, 8.984, 11.984],
					"texture": "#0",
					"rotation": 270
				}
			},
			"type": "cube"
		},
		{
			"name": "cube",
			"from": [5.5, 7, 15.5],
			"to": [6, 10.5, 16],
			"faces": {
				"north": {
					"uv": [7.016, 14.516, 7.484, 14.984],
					"texture": "#0"
				},
				"east": {
					"uv": [5.516, 7.516, 5.984, 8.484],
					"texture": "#0"
				},
				"south": {
					"uv": [5.516, 5.516, 5.984, 8.984],
					"texture": "#0"
				},
				"west": {
					"uv": [5.516, 5.516, 5.984, 8.984],
					"texture": "#0"
				},
				"up": {
					"uv": [10.016, 5.516, 10.484, 5.984],
					"texture": "#0",
					"rotation": 90
				},
				"down": {
					"uv": [5.516, 8.516, 5.984, 8.984],
					"texture": "#0",
					"rotation": 270
				}
			},
			"type": "cube"
		},
		{
			"name": "cube",
			"from": [10, 7, 15.5],
			"to": [10.5, 10.5, 16],
			"faces": {
				"north": {
					"uv": [7.016, 14.516, 7.484, 14.984],
					"texture": "#0"
				},
				"east": {
					"uv": [5.516, 5.516, 5.984, 8.984],
					"texture": "#0"
				},
				"south": {
					"uv": [5.516, 5.516, 5.984, 8.984],
					"texture": "#0"
				},
				"west": {
					"uv": [10.016, 7.516, 10.484, 8.484],
					"texture": "#0"
				},
				"up": {
					"uv": [10.016, 5.516, 10.484, 5.984],
					"texture": "#0",
					"rotation": 90
				},
				"down": {
					"uv": [5.516, 8.516, 5.984, 8.984],
					"texture": "#0",
					"rotation": 270
				}
			},
			"type": "cube"
		},
		{
			"name": "cube",
			"from": [7, 4, 15.5],
			"to": [7.5, 8, 16],
			"faces": {
				"north": {
					"uv": [0.016, 0.016, 0.5, 3.984],
					"texture": "#missing"
				},
				"east": {
					"uv": [7.016, 8.016, 7.484, 11.984],
					"texture": "#0"
				},
				"south": {
					"uv": [7.016, 8.016, 7.484, 11.984],
					"texture": "#0"
				},
				"west": {
					"uv": [7.016, 8.016, 7.484, 11.984],
					"texture": "#0"
				},
				"up": {
					"uv": [7.016, 8.016, 7.484, 8.484],
					"texture": "#0",
					"rotation": 90
				},
				"down": {
					"uv": [7.016, 11.516, 7.484, 11.984],
					"texture": "#0",
					"rotation": 270
				}
			},
			"type": "cube"
		},
		{
			"name": "cube",
			"from": [9, 6.5, 15.5],
			"to": [10, 7.5, 16],
			"faces": {
				"north": {
					"uv": [7.016, 14.516, 7.484, 14.984],
					"texture": "#0"
				},
				"east": {
					"uv": [9.516, 8.516, 9.984, 9.484],
					"texture": "#0"
				},
				"south": {
					"uv": [9.016, 8.516, 9.984, 9.484],
					"texture": "#0"
				},
				"west": {
					"uv": [0.016, 0.016, 0.5, 0.984],
					"texture": "#missing"
				},
				"up": {
					"uv": [9.016, 8.516, 9.984, 8.984],
					"texture": "#0"
				},
				"down": {
					"uv": [9.016, 9.016, 9.984, 9.484],
					"texture": "#0",
					"rotation": 270
				}
			},
			"type": "cube"
		},
		{
			"name": "cube",
			"from": [6, 6.5, 15.5],
			"to": [7, 7.5, 16],
			"faces": {
				"north": {
					"uv": [6.016, 8.516, 6.984, 9.484],
					"texture": "#0"
				},
				"east": {
					"uv": [0.016, 0.016, 0.5, 0.984],
					"texture": "#missing"
				},
				"south": {
					"uv": [6.016, 8.516, 6.984, 9.484],
					"texture": "#0"
				},
				"west": {
					"uv": [6.016, 8.516, 6.484, 9.484],
					"texture": "#0"
				},
				"up": {
					"uv": [6.016, 8.516, 6.984, 8.984],
					"texture": "#0"
				},
				"down": {
					"uv": [6.016, 9.016, 6.984, 9.484],
					"texture": "#0"
				}
			},
			"type": "cube"
		},
		{
			"name": "cube",
			"from": [7.5, 3.5, 15.5],
			"to": [8.5, 4, 16],
			"faces": {
				"north": {
					"uv": [0.016, 0.016, 0.984, 0.5],
					"texture": "#missing"
				},
				"east": {
					"uv": [8.016, 12.016, 8.484, 12.484],
					"texture": "#0"
				},
				"south": {
					"uv": [7.516, 12.016, 8.484, 12.484],
					"texture": "#0"
				},
				"west": {
					"uv": [7.516, 12.016, 7.984, 12.484],
					"texture": "#0"
				},
				"up": {
					"uv": [7.516, 12.016, 8.484, 12.484],
					"texture": "#0",
					"rotation": 90
				},
				"down": {
					"uv": [7.516, 12.016, 8.484, 12.484],
					"texture": "#0",
					"rotation": 270
				}
			},
			"type": "cube"
		},
		{
			"name": "cube",
			"from": [0, 0, 14],
			"to": [2, 16, 16],
			"faces": {
				"north": {
					"uv": [14.016, 0.016, 15.984, 15.984],
					"texture": "#0"
				},
				"east": {
					"uv": [0.016, 0.016, 1.984, 15.984],
					"texture": "#0"
				},
				"south": {
					"uv": [0.016, 0.016, 1.984, 15.984],
					"texture": "#0"
				},
				"west": {
					"uv": [14.016, 0.016, 15.984, 15.984],
					"texture": "#0"
				},
				"up": {
					"uv": [0.016, 14.016, 1.984, 15.984],
					"texture": "#0"
				},
				"down": {
					"uv": [0.016, 0.016, 1.984, 1.984],
					"texture": "#0"
				}
			},
			"type": "cube"
		},
		{
			"name": "cube",
			"from": [0, 0, 2],
			"to": [2, 2, 14],
			"faces": {
				"north": {
					"uv": [0.016, 0.016, 1.984, 1.984],
					"texture": "#missing"
				},
				"east": {
					"uv": [2.016, 13.516, 13.984, 15.484],
					"texture": "#0"
				},
				"south": {
					"uv": [0.016, 0.016, 1.984, 1.984],
					"texture": "#missing"
				},
				"west": {
					"uv": [2.016, 14.016, 13.984, 15.984],
					"texture": "#0"
				},
				"up": {
					"uv": [2.016, 13.516, 13.984, 15.484],
					"texture": "#0",
					"rotation": 90
				},
				"down": {
					"uv": [0.016, 2.016, 1.984, 13.984],
					"texture": "#0"
				}
			},
			"type": "cube"
		},
		{
			"name": "cube",
			"from": [0, 14, 2],
			"to": [2, 16, 14],
			"faces": {
				"north": {
					"uv": [0.016, 0.016, 1.984, 1.984],
					"texture": "#missing"
				},
				"east": {
					"uv": [2.016, 0.516, 13.984, 2.484],
					"texture": "#0"
				},
				"south": {
					"uv": [0.016, 0.016, 1.984, 1.984],
					"texture": "#missing"
				},
				"west": {
					"uv": [2.016, 0.016, 13.984, 1.984],
					"texture": "#0"
				},
				"up": {
					"uv": [0.016, 2.016, 1.984, 13.984],
					"texture": "#0"
				},
				"down": {
					"uv": [2.516, 1.516, 13.484, 2.984],
					"texture": "#0",
					"rotation": 270
				}
			},
			"type": "cube"
		},
		{
			"name": "cube",
			"from": [0.5, 2, 7],
			"to": [1, 14, 9],
			"faces": {
				"north": {
					"uv": [7.016, 2.016, 7.484, 13.984],
					"texture": "#0"
				},
				"east": {
					"uv": [7.016, 3.516, 8.984, 3.984],
					"texture": "#0"
				},
				"south": {
					"uv": [8.516, 2.016, 8.984, 13.984],
					"texture": "#0"
				},
				"west": {
					"uv": [7.016, 2.016, 8.984, 13.984],
					"texture": "#0"
				},
				"up": {
					"uv": [0.016, 0.016, 0.5, 1.984],
					"texture": "#missing",
					"rotation": 180
				},
				"down": {
					"uv": [0.016, 0.016, 0.5, 1.984],
					"texture": "#missing",
					"rotation": 180
				}
			},
			"type": "cube"
		},
		{
			"name": "cube",
			"from": [0, 11, 6.5],
			"to": [0.5, 11.5, 9.5],
			"faces": {
				"north": {
					"uv": [10.016, 5.516, 10.484, 5.984],
					"texture": "#0"
				},
				"east": {
					"uv": [7.016, 14.516, 7.484, 14.984],
					"texture": "#0"
				},
				"south": {
					"uv": [10.016, 5.516, 10.484, 5.984],
					"texture": "#0"
				},
				"west": {
					"uv": [6.516, 4.516, 9.484, 4.984],
					"texture": "#0"
				},
				"up": {
					"uv": [6.516, 4.516, 9.484, 4.984],
					"texture": "#0",
					"rotation": 270
				},
				"down": {
					"uv": [0.016, 0.016, 0.5, 2.984],
					"texture": "#missing",
					"rotation": 180
				}
			},
			"type": "cube"
		},
		{
			"name": "cube",
			"from": [0, 8.5, 6],
			"to": [0.5, 11, 10],
			"faces": {
				"north": {
					"uv": [10.016, 5.516, 10.484, 5.984],
					"texture": "#0"
				},
				"east": {
					"uv": [7.016, 14.516, 7.484, 14.984],
					"texture": "#0"
				},
				"south": {
					"uv": [10.016, 5.516, 10.484, 5.984],
					"texture": "#0"
				},
				"west": {
					"uv": [6.016, 5.016, 9.984, 7.484],
					"texture": "#0"
				},
				"up": {
					"uv": [6.016, 5.016, 6.484, 5.484],
					"texture": "#0",
					"rotation": 180
				},
				"down": {
					"uv": [6.016, 7.016, 9.984, 7.484],
					"texture": "#0",
					"rotation": 270
				}
			},
			"type": "cube"
		},
		{
			"name": "cube",
			"from": [0.5, 7.5, 9],
			"to": [1, 8.5, 10],
			"faces": {
				"north": {
					"uv": [0.016, 0.016, 0.5, 0.984],
					"texture": "#missing"
				},
				"east": {
					"uv": [7.016, 14.516, 7.484, 14.984],
					"texture": "#0"
				},
				"south": {
					"uv": [7.016, 14.516, 7.484, 14.984],
					"texture": "#0"
				},
				"west": {
					"uv": [6.016, 7.516, 6.984, 8.484],
					"texture": "#0"
				},
				"up": {
					"uv": [7.016, 14.516, 7.484, 14.984],
					"texture": "#0",
					"rotation": 180
				},
				"down": {
					"uv": [7.016, 14.516, 7.484, 14.984],
					"texture": "#0",
					"rotation": 180
				}
			},
			"type": "cube"
		},
		{
			"name": "cube",
			"from": [0.5, 7.5, 6],
			"to": [1, 8.5, 7],
			"faces": {
				"north": {
					"uv": [7.016, 14.516, 7.484, 14.984],
					"texture": "#0"
				},
				"east": {
					"uv": [7.016, 14.516, 7.484, 14.984],
					"texture": "#0"
				},
				"south": {
					"uv": [0.016, 0.016, 0.5, 0.984],
					"texture": "#missing"
				},
				"west": {
					"uv": [6.016, 7.516, 6.984, 8.484],
					"texture": "#0"
				},
				"up": {
					"uv": [7.016, 14.516, 7.484, 14.984],
					"texture": "#0",
					"rotation": 180
				},
				"down": {
					"uv": [7.016, 14.516, 7.484, 14.984],
					"texture": "#0",
					"rotation": 180
				}
			},
			"type": "cube"
		},
		{
			"name": "cube",
			"from": [0, 7.5, 7.5],
			"to": [0.5, 8.5, 8.5],
			"faces": {
				"north": {
					"uv": [9.516, 8.516, 9.984, 9.484],
					"texture": "#0"
				},
				"east": {
					"uv": [0.016, 0.016, 0.984, 0.984],
					"texture": "#missing"
				},
				"south": {
					"uv": [9.516, 8.516, 9.984, 9.484],
					"texture": "#0"
				},
				"west": {
					"uv": [7.516, 7.516, 8.484, 8.484],
					"texture": "#0"
				},
				"up": {
					"uv": [0.016, 0.016, 0.5, 0.984],
					"texture": "#missing",
					"rotation": 180
				},
				"down": {
					"uv": [7.516, 8.016, 8.484, 8.484],
					"texture": "#0",
					"rotation": 180
				}
			},
			"type": "cube"
		},
		{
			"name": "cube",
			"from": [0, 6.5, 7.5],
			"to": [0.5, 7, 8.5],
			"faces": {
				"north": {
					"uv": [0.016, 0.016, 0.5, 0.5],
					"texture": "#missing"
				},
				"east": {
					"uv": [0.016, 0.016, 0.984, 0.5],
					"texture": "#missing"
				},
				"south": {
					"uv": [0.016, 0.016, 0.5, 0.5],
					"texture": "#missing"
				},
				"west": {
					"uv": [7.516, 9.016, 8.484, 9.484],
					"texture": "#0"
				},
				"up": {
					"uv": [7.516, 9.016, 8.484, 9.484],
					"texture": "#0",
					"rotation": 180
				},
				"down": {
					"uv": [7.516, 9.016, 8.484, 9.484],
					"texture": "#0",
					"rotation": 180
				}
			},
			"type": "cube"
		},
		{
			"name": "cube",
			"from": [0, 4, 8.5],
			"to": [0.5, 8, 9],
			"faces": {
				"north": {
					"uv": [8.516, 8.016, 8.984, 11.984],
					"texture": "#0"
				},
				"east": {
					"uv": [0.016, 0.016, 0.5, 3.984],
					"texture": "#missing"
				},
				"south": {
					"uv": [8.516, 8.016, 8.984, 11.984],
					"texture": "#0"
				},
				"west": {
					"uv": [8.516, 8.016, 8.984, 11.984],
					"texture": "#0"
				},
				"up": {
					"uv": [7.016, 8.016, 7.484, 8.484],
					"texture": "#0",
					"rotation": 180
				},
				"down": {
					"uv": [8.516, 11.516, 8.984, 11.984],
					"texture": "#0",
					"rotation": 180
				}
			},
			"type": "cube"
		},
		{
			"name": "cube",
			"from": [0, 7, 5.5],
			"to": [0.5, 10.5, 6],
			"faces": {
				"north": {
					"uv": [5.516, 5.516, 5.984, 8.984],
					"texture": "#0"
				},
				"east": {
					"uv": [7.016, 14.516, 7.484, 14.984],
					"texture": "#0"
				},
				"south": {
					"uv": [5.516, 7.516, 5.984, 8.484],
					"texture": "#0"
				},
				"west": {
					"uv": [5.516, 5.516, 5.984, 8.984],
					"texture": "#0"
				},
				"up": {
					"uv": [10.016, 5.516, 10.484, 5.984],
					"texture": "#0",
					"rotation": 180
				},
				"down": {
					"uv": [5.516, 8.516, 5.984, 8.984],
					"texture": "#0",
					"rotation": 180
				}
			},
			"type": "cube"
		},
		{
			"name": "cube",
			"from": [0, 7, 10],
			"to": [0.5, 10.5, 10.5],
			"faces": {
				"north": {
					"uv": [10.016, 7.516, 10.484, 8.484],
					"texture": "#0"
				},
				"east": {
					"uv": [7.016, 14.516, 7.484, 14.984],
					"texture": "#0"
				},
				"south": {
					"uv": [5.516, 5.516, 5.984, 8.984],
					"texture": "#0"
				},
				"west": {
					"uv": [5.516, 5.516, 5.984, 8.984],
					"texture": "#0"
				},
				"up": {
					"uv": [10.016, 5.516, 10.484, 5.984],
					"texture": "#0",
					"rotation": 180
				},
				"down": {
					"uv": [5.516, 8.516, 5.984, 8.984],
					"texture": "#0",
					"rotation": 180
				}
			},
			"type": "cube"
		},
		{
			"name": "cube",
			"from": [0, 4, 7],
			"to": [0.5, 8, 7.5],
			"faces": {
				"north": {
					"uv": [7.016, 8.016, 7.484, 11.984],
					"texture": "#0"
				},
				"east": {
					"uv": [0.016, 0.016, 0.5, 3.984],
					"texture": "#missing"
				},
				"south": {
					"uv": [7.016, 8.016, 7.484, 11.984],
					"texture": "#0"
				},
				"west": {
					"uv": [7.016, 8.016, 7.484, 11.984],
					"texture": "#0"
				},
				"up": {
					"uv": [7.016, 8.016, 7.484, 8.484],
					"texture": "#0",
					"rotation": 180
				},
				"down": {
					"uv": [7.016, 11.516, 7.484, 11.984],
					"texture": "#0",
					"rotation": 180
				}
			},
			"type": "cube"
		},
		{
			"name": "cube",
			"from": [0, 6.5, 9],
			"to": [0.5, 7.5, 10],
			"faces": {
				"north": {
					"uv": [0.016, 0.016, 0.5, 0.984],
					"texture": "#missing"
				},
				"east": {
					"uv": [7.016, 14.516, 7.484, 14.984],
					"texture": "#0"
				},
				"south": {
					"uv": [9.516, 8.516, 9.984, 9.484],
					"texture": "#0"
				},
				"west": {
					"uv": [9.016, 8.516, 9.984, 9.484],
					"texture": "#0"
				},
				"up": {
					"uv": [9.016, 8.516, 9.984, 8.984],
					"texture": "#0",
					"rotation": 270
				},
				"down": {
					"uv": [9.016, 9.016, 9.984, 9.484],
					"texture": "#0",
					"rotation": 180
				}
			},
			"type": "cube"
		},
		{
			"name": "cube",
			"from": [0, 6.5, 6],
			"to": [0.5, 7.5, 7],
			"faces": {
				"north": {
					"uv": [6.016, 8.516, 6.984, 9.484],
					"texture": "#0"
				},
				"east": {
					"uv": [6.016, 8.516, 6.984, 9.484],
					"texture": "#0"
				},
				"south": {
					"uv": [6.016, 8.516, 6.984, 9.484],
					"texture": "#0"
				},
				"west": {
					"uv": [6.016, 8.516, 6.484, 9.484],
					"texture": "#0"
				},
				"up": {
					"uv": [6.016, 8.516, 6.984, 8.984],
					"texture": "#0"
				},
				"down": {
					"uv": [6.016, 9.016, 6.984, 9.484],
					"texture": "#0"
				}
			},
			"type": "cube"
		},
		{
			"name": "cube",
			"from": [0, 3.5, 7.5],
			"to": [0.5, 4, 8.5],
			"faces": {
				"north": {
					"uv": [7.516, 12.016, 7.984, 12.484],
					"texture": "#0"
				},
				"east": {
					"uv": [0.016, 0.016, 0.984, 0.5],
					"texture": "#missing"
				},
				"south": {
					"uv": [8.016, 12.016, 8.484, 12.484],
					"texture": "#0"
				},
				"west": {
					"uv": [7.516, 12.016, 8.484, 12.484],
					"texture": "#0"
				},
				"up": {
					"uv": [7.516, 12.016, 8.484, 12.484],
					"texture": "#0",
					"rotation": 180
				},
				"down": {
					"uv": [7.516, 12.016, 8.484, 12.484],
					"texture": "#0",
					"rotation": 180
				}
			},
			"type": "cube"
		},
		{
			"name": "cube",
			"from": [0, 0, 0],
			"to": [2, 16, 2],
			"faces": {
				"north": {
					"uv": [14.016, 0.016, 15.984, 15.984],
					"texture": "#0"
				},
				"east": {
					"uv": [14.016, 0.016, 15.984, 15.984],
					"texture": "#0"
				},
				"south": {
					"uv": [0.016, 0.016, 1.984, 15.984],
					"texture": "#0"
				},
				"west": {
					"uv": [0.016, 0.016, 1.984, 15.984],
					"texture": "#0"
				},
				"up": {
					"uv": [0.016, 0.016, 1.984, 1.984],
					"texture": "#0"
				},
				"down": {
					"uv": [0.016, 14.016, 1.984, 15.984],
					"texture": "#0"
				}
			},
			"type": "cube"
		},
		{
			"name": "cube",
			"from": [2, 0, 0],
			"to": [14, 2, 2],
			"faces": {
				"north": {
					"uv": [2.016, 14.016, 13.984, 15.984],
					"texture": "#0"
				},
				"east": {
					"uv": [0.016, 0.016, 1.984, 1.984],
					"texture": "#missing"
				},
				"south": {
					"uv": [2.016, 13.516, 13.984, 15.484],
					"texture": "#0"
				},
				"west": {
					"uv": [0.016, 0.016, 1.984, 1.984],
					"texture": "#missing"
				},
				"up": {
					"uv": [2.016, 13.516, 13.984, 15.484],
					"texture": "#0",
					"rotation": 180
				},
				"down": {
					"uv": [2.016, 14.016, 13.984, 15.984],
					"texture": "#0"
				}
			},
			"type": "cube"
		},
		{
			"name": "cube",
			"from": [2, 14, 0],
			"to": [14, 16, 2],
			"faces": {
				"north": {
					"uv": [2.016, 0.016, 13.984, 1.984],
					"texture": "#0"
				},
				"east": {
					"uv": [0.016, 0.016, 1.984, 1.984],
					"texture": "#missing"
				},
				"south": {
					"uv": [2.516, 0.516, 13.484, 2.484],
					"texture": "#0"
				},
				"west": {
					"uv": [0.016, 0.016, 1.984, 1.984],
					"texture": "#missing"
				},
				"up": {
					"uv": [2.516, 0.016, 13.484, 1.984],
					"texture": "#0"
				},
				"down": {
					"uv": [2.516, 1.516, 13.484, 2.984],
					"texture": "#0",
					"rotation": 180
				}
			},
			"type": "cube"
		},
		{
			"name": "cube",
			"from": [2, 12, 1],
			"to": [14, 12.5, 1.5],
			"faces": {
				"north": {
					"uv": [2.016, 3.516, 13.984, 3.984],
					"texture": "#0"
				},
				"east": {
					"uv": [0.016, 0.016, 0.484, 0.484],
					"texture": "#0"
				},
				"south": {
					"uv": [2.016, 3.516, 13.984, 3.984],
					"texture": "#0"
				},
				"west": {
					"uv": [2.016, 14.516, 2.484, 14.984],
					"texture": "#0"
				},
				"up": {
					"uv": [2.016, 3.516, 13.984, 3.984],
					"texture": "#0",
					"rotation": 180
				},
				"down": {
					"uv": [2.016, 3.516, 13.984, 3.984],
					"texture": "#0",
					"rotation": 180
				}
			},
			"type": "cube"
		},
		{
			"name": "cube",
			"from": [7, 2, 0.5],
			"to": [9, 14, 1],
			"faces": {
				"north": {
					"uv": [7.016, 2.016, 8.984, 13.984],
					"texture": "#0"
				},
				"east": {
					"uv": [7.016, 2.016, 7.484, 13.984],
					"texture": "#0"
				},
				"south": {
					"uv": [7.016, 3.516, 8.984, 3.984],
					"texture": "#0"
				},
				"west": {
					"uv": [8.516, 2.016, 8.984, 13.984],
					"texture": "#0"
				},
				"up": {
					"uv": [0.016, 0.016, 0.5, 1.984],
					"texture": "#missing",
					"rotation": 270
				},
				"down": {
					"uv": [0.016, 0.016, 0.5, 1.984],
					"texture": "#missing",
					"rotation": 90
				}
			},
			"type": "cube"
		},
		{
			"name": "cube",
			"from": [6.5, 11, 0],
			"to": [9.5, 11.5, 0.5],
			"faces": {
				"north": {
					"uv": [6.516, 4.516, 9.484, 4.984],
					"texture": "#0"
				},
				"east": {
					"uv": [10.016, 5.516, 10.484, 5.984],
					"texture": "#0"
				},
				"south": {
					"uv": [7.016, 14.516, 7.484, 14.984],
					"texture": "#0"
				},
				"west": {
					"uv": [10.016, 5.516, 10.484, 5.984],
					"texture": "#0"
				},
				"up": {
					"uv": [6.516, 4.516, 9.484, 4.984],
					"texture": "#0"
				},
				"down": {
					"uv": [0.016, 0.016, 0.5, 2.984],
					"texture": "#missing",
					"rotation": 90
				}
			},
			"type": "cube"
		},
		{
			"name": "cube",
			"from": [6, 8.5, 0],
			"to": [10, 11, 0.5],
			"faces": {
				"north": {
					"uv": [6.016, 5.016, 9.984, 7.484],
					"texture": "#0"
				},
				"east": {
					"uv": [10.016, 5.516, 10.484, 5.984],
					"texture": "#0"
				},
				"south": {
					"uv": [7.016, 14.516, 7.484, 14.984],
					"texture": "#0"
				},
				"west": {
					"uv": [10.016, 5.516, 10.484, 5.984],
					"texture": "#0"
				},
				"up": {
					"uv": [6.016, 5.016, 6.484, 5.484],
					"texture": "#0",
					"rotation": 270
				},
				"down": {
					"uv": [6.016, 7.016, 9.984, 7.484],
					"texture": "#0",
					"rotation": 180
				}
			},
			"type": "cube"
		},
		{
			"name": "cube",
			"from": [6, 7.5, 0.5],
			"to": [7, 8.5, 1],
			"faces": {
				"north": {
					"uv": [6.016, 7.516, 6.984, 8.484],
					"texture": "#0"
				},
				"east": {
					"uv": [0.016, 0.016, 0.5, 0.984],
					"texture": "#missing"
				},
				"south": {
					"uv": [7.016, 14.516, 7.484, 14.984],
					"texture": "#0"
				},
				"west": {
					"uv": [7.016, 14.516, 7.484, 14.984],
					"texture": "#0"
				},
				"up": {
					"uv": [7.016, 14.516, 7.484, 14.984],
					"texture": "#0",
					"rotation": 270
				},
				"down": {
					"uv": [7.016, 14.516, 7.484, 14.984],
					"texture": "#0",
					"rotation": 90
				}
			},
			"type": "cube"
		},
		{
			"name": "cube",
			"from": [9, 7.5, 0.5],
			"to": [10, 8.5, 1],
			"faces": {
				"north": {
					"uv": [6.016, 7.516, 6.984, 8.484],
					"texture": "#0"
				},
				"east": {
					"uv": [7.016, 14.516, 7.484, 14.984],
					"texture": "#0"
				},
				"south": {
					"uv": [7.016, 14.516, 7.484, 14.984],
					"texture": "#0"
				},
				"west": {
					"uv": [0.016, 0.016, 0.5, 0.984],
					"texture": "#missing"
				},
				"up": {
					"uv": [7.016, 14.516, 7.484, 14.984],
					"texture": "#0",
					"rotation": 270
				},
				"down": {
					"uv": [7.016, 14.516, 7.484, 14.984],
					"texture": "#0",
					"rotation": 90
				}
			},
			"type": "cube"
		},
		{
			"name": "cube",
			"from": [7.5, 7.5, 0],
			"to": [8.5, 8.5, 0.5],
			"faces": {
				"north": {
					"uv": [7.516, 7.516, 8.484, 8.484],
					"texture": "#0"
				},
				"east": {
					"uv": [9.516, 8.516, 9.984, 9.484],
					"texture": "#0"
				},
				"south": {
					"uv": [0.016, 0.016, 0.984, 0.984],
					"texture": "#missing"
				},
				"west": {
					"uv": [9.516, 8.516, 9.984, 9.484],
					"texture": "#0"
				},
				"up": {
					"uv": [0.016, 0.016, 0.5, 0.984],
					"texture": "#missing",
					"rotation": 270
				},
				"down": {
					"uv": [7.516, 8.016, 8.484, 8.484],
					"texture": "#0",
					"rotation": 90
				}
			},
			"type": "cube"
		},
		{
			"name": "cube",
			"from": [7.5, 6.5, 0],
			"to": [8.5, 7, 0.5],
			"faces": {
				"north": {
					"uv": [7.516, 9.016, 8.484, 9.484],
					"texture": "#0"
				},
				"east": {
					"uv": [0.016, 0.016, 0.5, 0.5],
					"texture": "#missing"
				},
				"south": {
					"uv": [0.016, 0.016, 0.984, 0.5],
					"texture": "#missing"
				},
				"west": {
					"uv": [0.016, 0.016, 0.5, 0.5],
					"texture": "#missing"
				},
				"up": {
					"uv": [7.516, 9.016, 8.484, 9.484],
					"texture": "#0",
					"rotation": 270
				},
				"down": {
					"uv": [7.516, 9.016, 8.484, 9.484],
					"texture": "#0",
					"rotation": 90
				}
			},
			"type": "cube"
		},
		{
			"name": "cube",
			"from": [7, 4, 0],
			"to": [7.5, 8, 0.5],
			"faces": {
				"north": {
					"uv": [8.516, 8.016, 8.984, 11.984],
					"texture": "#0"
				},
				"east": {
					"uv": [8.516, 8.016, 8.984, 11.984],
					"texture": "#0"
				},
				"south": {
					"uv": [0.016, 0.016, 0.5, 3.984],
					"texture": "#missing"
				},
				"west": {
					"uv": [8.516, 8.016, 8.984, 11.984],
					"texture": "#0"
				},
				"up": {
					"uv": [7.016, 8.016, 7.484, 8.484],
					"texture": "#0",
					"rotation": 270
				},
				"down": {
					"uv": [8.516, 11.516, 8.984, 11.984],
					"texture": "#0",
					"rotation": 90
				}
			},
			"type": "cube"
		},
		{
			"name": "cube",
			"from": [10, 7, 0],
			"to": [10.5, 10.5, 0.5],
			"faces": {
				"north": {
					"uv": [5.516, 5.516, 5.984, 8.984],
					"texture": "#0"
				},
				"east": {
					"uv": [5.516, 5.516, 5.984, 8.984],
					"texture": "#0"
				},
				"south": {
					"uv": [7.016, 14.516, 7.484, 14.984],
					"texture": "#0"
				},
				"west": {
					"uv": [5.516, 7.516, 5.984, 8.484],
					"texture": "#0"
				},
				"up": {
					"uv": [10.016, 5.516, 10.484, 5.984],
					"texture": "#0",
					"rotation": 270
				},
				"down": {
					"uv": [5.516, 8.516, 5.984, 8.984],
					"texture": "#0",
					"rotation": 90
				}
			},
			"type": "cube"
		},
		{
			"name": "cube",
			"from": [5.5, 7, 0],
			"to": [6, 10.5, 0.5],
			"faces": {
				"north": {
					"uv": [5.516, 5.516, 5.984, 8.984],
					"texture": "#0"
				},
				"east": {
					"uv": [10.016, 7.516, 10.484, 8.484],
					"texture": "#0"
				},
				"south": {
					"uv": [7.016, 14.516, 7.484, 14.984],
					"texture": "#0"
				},
				"west": {
					"uv": [5.516, 5.516, 5.984, 8.984],
					"texture": "#0"
				},
				"up": {
					"uv": [10.016, 5.516, 10.484, 5.984],
					"texture": "#0",
					"rotation": 270
				},
				"down": {
					"uv": [5.516, 8.516, 5.984, 8.984],
					"texture": "#0",
					"rotation": 90
				}
			},
			"type": "cube"
		},
		{
			"name": "cube",
			"from": [8.5, 4, 0],
			"to": [9, 8, 0.5],
			"faces": {
				"north": {
					"uv": [7.016, 8.016, 7.484, 11.984],
					"texture": "#0"
				},
				"east": {
					"uv": [7.016, 8.016, 7.484, 11.984],
					"texture": "#0"
				},
				"south": {
					"uv": [0.016, 0.016, 0.5, 3.984],
					"texture": "#missing"
				},
				"west": {
					"uv": [7.016, 8.016, 7.484, 11.984],
					"texture": "#0"
				},
				"up": {
					"uv": [7.016, 8.016, 7.484, 8.484],
					"texture": "#0",
					"rotation": 270
				},
				"down": {
					"uv": [7.016, 11.516, 7.484, 11.984],
					"texture": "#0",
					"rotation": 90
				}
			},
			"type": "cube"
		},
		{
			"name": "cube",
			"from": [6, 6.5, 0],
			"to": [7, 7.5, 0.5],
			"faces": {
				"north": {
					"uv": [9.016, 8.516, 9.984, 9.484],
					"texture": "#0"
				},
				"east": {
					"uv": [0.016, 0.016, 0.5, 0.984],
					"texture": "#missing"
				},
				"south": {
					"uv": [7.016, 14.516, 7.484, 14.984],
					"texture": "#0"
				},
				"west": {
					"uv": [9.516, 8.516, 9.984, 9.484],
					"texture": "#0"
				},
				"up": {
					"uv": [9.016, 8.516, 9.984, 8.984],
					"texture": "#0"
				},
				"down": {
					"uv": [9.016, 9.016, 9.984, 9.484],
					"texture": "#0",
					"rotation": 90
				}
			},
			"type": "cube"
		},
		{
			"name": "cube",
			"from": [9, 6.5, 0],
			"to": [10, 7.5, 0.5],
			"faces": {
				"north": {
					"uv": [6.016, 8.516, 6.984, 9.484],
					"texture": "#0"
				},
				"east": {
					"uv": [6.016, 8.516, 6.484, 9.484],
					"texture": "#0"
				},
				"south": {
					"uv": [6.016, 8.516, 6.984, 9.484],
					"texture": "#0"
				},
				"west": {
					"uv": [6.016, 8.516, 6.484, 9.484],
					"texture": "#0"
				},
				"up": {
					"uv": [6.016, 8.516, 6.984, 8.984],
					"texture": "#0"
				},
				"down": {
					"uv": [6.016, 9.016, 6.984, 9.484],
					"texture": "#0"
				}
			},
			"type": "cube"
		},
		{
			"name": "cube",
			"from": [7.5, 3.5, 0],
			"to": [8.5, 4, 0.5],
			"faces": {
				"north": {
					"uv": [7.516, 12.016, 8.484, 12.484],
					"texture": "#0"
				},
				"east": {
					"uv": [7.516, 12.016, 7.984, 12.484],
					"texture": "#0"
				},
				"south": {
					"uv": [0.016, 0.016, 0.984, 0.5],
					"texture": "#missing"
				},
				"west": {
					"uv": [8.016, 12.016, 8.484, 12.484],
					"texture": "#0"
				},
				"up": {
					"uv": [7.516, 12.016, 8.484, 12.484],
					"texture": "#0",
					"rotation": 270
				},
				"down": {
					"uv": [7.516, 12.016, 8.484, 12.484],
					"texture": "#0",
					"rotation": 90
				}
			},
			"type": "cube"
		},
		{
			"name": "cube",
			"from": [2, 15, 10],
			"to": [14, 15.5, 10.5],
			"faces": {
				"north": {
					"uv": [2.016, 1.516, 13.984, 1.984],
					"texture": "#0"
				},
				"east": {
					"uv": [0.016, 0.016, 0.484, 0.484],
					"texture": "#0"
				},
				"south": {
					"uv": [2.016, 1.516, 13.984, 1.984],
					"texture": "#0"
				},
				"west": {
					"uv": [0.016, 0.016, 0.484, 0.484],
					"texture": "#0"
				},
				"up": {
					"uv": [2.016, 1.516, 13.984, 1.984],
					"texture": "#0"
				},
				"down": {
					"uv": [2.016, 1.516, 13.984, 1.984],
					"texture": "#0"
				}
			},
			"type": "cube"
		},
		{
			"name": "cube",
			"from": [2, 15, 5.5],
			"to": [14, 15.5, 6],
			"faces": {
				"north": {
					"uv": [2.016, 1.516, 13.984, 1.984],
					"texture": "#0"
				},
				"east": {
					"uv": [0.016, 0.016, 0.484, 0.484],
					"texture": "#0"
				},
				"south": {
					"uv": [2.016, 1.516, 13.984, 1.984],
					"texture": "#0"
				},
				"west": {
					"uv": [0.016, 0.016, 0.484, 0.484],
					"texture": "#0"
				},
				"up": {
					"uv": [2.016, 1.516, 13.984, 1.984],
					"texture": "#0"
				},
				"down": {
					"uv": [2.016, 1.516, 13.984, 1.984],
					"texture": "#0"
				}
			},
			"type": "cube"
		},
		{
			"name": "cube",
			"from": [5.5, 15, 2],
			"to": [6, 15.5, 14],
			"faces": {
				"north": {
					"uv": [0.016, 0.016, 0.484, 0.484],
					"texture": "#0"
				},
				"east": {
					"uv": [2.016, 1.516, 13.984, 1.984],
					"texture": "#0"
				},
				"south": {
					"uv": [0.016, 0.016, 0.484, 0.484],
					"texture": "#0"
				},
				"west": {
					"uv": [2.016, 1.516, 13.984, 1.984],
					"texture": "#0"
				},
				"up": {
					"uv": [2.016, 1.516, 13.984, 1.984],
					"texture": "#0",
					"rotation": 90
				},
				"down": {
					"uv": [2.016, 1.516, 13.984, 1.984],
					"texture": "#0",
					"rotation": 90
				}
			},
			"type": "cube"
		},
		{
			"name": "cube",
			"from": [10, 15, 2],
			"to": [10.5, 15.5, 14],
			"faces": {
				"north": {
					"uv": [0.016, 0.016, 0.484, 0.484],
					"texture": "#0"
				},
				"east": {
					"uv": [2.016, 1.516, 13.984, 1.984],
					"texture": "#0"
				},
				"south": {
					"uv": [0.016, 0.016, 0.484, 0.484],
					"texture": "#0"
				},
				"west": {
					"uv": [2.016, 1.516, 13.984, 1.984],
					"texture": "#0"
				},
				"up": {
					"uv": [2.016, 1.516, 13.984, 1.984],
					"texture": "#0",
					"rotation": 90
				},
				"down": {
					"uv": [2.016, 1.516, 13.984, 1.984],
					"texture": "#0",
					"rotation": 90
				}
			},
			"type": "cube"
		},
		{
			"name": "cube",
			"from": [2, 0.5, 5.5],
			"to": [14, 1, 6],
			"faces": {
				"north": {
					"uv": [2.016, 1.516, 13.984, 1.984],
					"texture": "#0",
					"rotation": 180
				},
				"east": {
					"uv": [0.016, 0.016, 0.484, 0.484],
					"texture": "#0",
					"rotation": 180
				},
				"south": {
					"uv": [2.016, 1.516, 13.984, 1.984],
					"texture": "#0",
					"rotation": 180
				},
				"west": {
					"uv": [0.016, 0.016, 0.484, 0.484],
					"texture": "#0",
					"rotation": 180
				},
				"up": {
					"uv": [2.016, 1.516, 13.984, 1.984],
					"texture": "#0"
				},
				"down": {
					"uv": [2.016, 1.516, 13.984, 1.984],
					"texture": "#0"
				}
			},
			"type": "cube"
		},
		{
			"name": "cube",
			"from": [5.5, 0.5, 2],
			"to": [6, 1, 14],
			"faces": {
				"north": {
					"uv": [0.016, 0.016, 0.484, 0.484],
					"texture": "#0",
					"rotation": 180
				},
				"east": {
					"uv": [2.016, 1.516, 13.984, 1.984],
					"texture": "#0",
					"rotation": 180
				},
				"south": {
					"uv": [0.016, 0.016, 0.484, 0.484],
					"texture": "#0",
					"rotation": 180
				},
				"west": {
					"uv": [2.016, 1.516, 13.984, 1.984],
					"texture": "#0",
					"rotation": 180
				},
				"up": {
					"uv": [2.016, 1.516, 13.984, 1.984],
					"texture": "#0",
					"rotation": 90
				},
				"down": {
					"uv": [2.016, 1.516, 13.984, 1.984],
					"texture": "#0",
					"rotation": 90
				}
			},
			"type": "cube"
		},
		{
			"name": "cube",
			"from": [2, 0.5, 10],
			"to": [14, 1, 10.5],
			"faces": {
				"north": {
					"uv": [2.016, 1.516, 13.984, 1.984],
					"texture": "#0",
					"rotation": 180
				},
				"east": {
					"uv": [0.016, 0.016, 0.484, 0.484],
					"texture": "#0",
					"rotation": 180
				},
				"south": {
					"uv": [2.016, 1.516, 13.984, 1.984],
					"texture": "#0",
					"rotation": 180
				},
				"west": {
					"uv": [0.016, 0.016, 0.484, 0.484],
					"texture": "#0",
					"rotation": 180
				},
				"up": {
					"uv": [2.016, 1.516, 13.984, 1.984],
					"texture": "#0"
				},
				"down": {
					"uv": [2.016, 1.516, 13.984, 1.984],
					"texture": "#0"
				}
			},
			"type": "cube"
		},
		{
			"name": "cube",
			"from": [10, 0.5, 2],
			"to": [10.5, 1, 14],
			"faces": {
				"north": {
					"uv": [0.016, 0.016, 0.484, 0.484],
					"texture": "#0",
					"rotation": 180
				},
				"east": {
					"uv": [2.016, 1.516, 13.984, 1.984],
					"texture": "#0",
					"rotation": 180
				},
				"south": {
					"uv": [0.016, 0.016, 0.484, 0.484],
					"texture": "#0",
					"rotation": 180
				},
				"west": {
					"uv": [2.016, 1.516, 13.984, 1.984],
					"texture": "#0",
					"rotation": 180
				},
				"up": {
					"uv": [2.016, 1.516, 13.984, 1.984],
					"texture": "#0",
					"rotation": 90
				},
				"down": {
					"uv": [2.016, 1.516, 13.984, 1.984],
					"texture": "#0",
					"rotation": 90
				}
			},
			"type": "cube"
		},
		{
			"name": "cube",
			"from": [2, 9.5, 1],
			"to": [14, 10, 1.5],
			"faces": {
				"north": {
					"uv": [2.016, 3.516, 13.984, 3.984],
					"texture": "#0"
				},
				"east": {
					"uv": [0.016, 0.016, 0.484, 0.484],
					"texture": "#0"
				},
				"south": {
					"uv": [2.016, 3.516, 13.984, 3.984],
					"texture": "#0"
				},
				"west": {
					"uv": [2.016, 14.516, 2.484, 14.984],
					"texture": "#0"
				},
				"up": {
					"uv": [2.016, 3.516, 13.984, 3.984],
					"texture": "#0",
					"rotation": 180
				},
				"down": {
					"uv": [2.016, 3.516, 13.984, 3.984],
					"texture": "#0",
					"rotation": 180
				}
			},
			"type": "cube"
		},
		{
			"name": "cube",
			"from": [2, 6.5, 1],
			"to": [14, 7, 1.5],
			"faces": {
				"north": {
					"uv": [2.016, 3.516, 13.984, 3.984],
					"texture": "#0"
				},
				"east": {
					"uv": [0.016, 0.016, 0.484, 0.484],
					"texture": "#0"
				},
				"south": {
					"uv": [2.016, 3.516, 13.984, 3.984],
					"texture": "#0"
				},
				"west": {
					"uv": [2.016, 14.516, 2.484, 14.984],
					"texture": "#0"
				},
				"up": {
					"uv": [2.016, 3.516, 13.984, 3.984],
					"texture": "#0",
					"rotation": 180
				},
				"down": {
					"uv": [2.016, 3.516, 13.984, 3.984],
					"texture": "#0",
					"rotation": 180
				}
			},
			"type": "cube"
		},
		{
			"name": "cube",
			"from": [2, 4, 1],
			"to": [14, 4.5, 1.5],
			"faces": {
				"north": {
					"uv": [2.016, 3.516, 13.984, 3.984],
					"texture": "#0"
				},
				"east": {
					"uv": [0.016, 0.016, 0.484, 0.484],
					"texture": "#0"
				},
				"south": {
					"uv": [2.016, 3.516, 13.984, 3.984],
					"texture": "#0"
				},
				"west": {
					"uv": [2.016, 14.516, 2.484, 14.984],
					"texture": "#0"
				},
				"up": {
					"uv": [2.016, 3.516, 13.984, 3.984],
					"texture": "#0",
					"rotation": 180
				},
				"down": {
					"uv": [2.016, 3.516, 13.984, 3.984],
					"texture": "#0",
					"rotation": 180
				}
			},
			"type": "cube"
		},
		{
			"name": "cube",
			"from": [14.5, 4, 2],
			"to": [15, 4.5, 14],
			"faces": {
				"north": {
					"uv": [2.016, 14.516, 2.484, 14.984],
					"texture": "#0"
				},
				"east": {
					"uv": [2.016, 3.516, 13.984, 3.984],
					"texture": "#0"
				},
				"south": {
					"uv": [0.016, 0.016, 0.484, 0.484],
					"texture": "#0"
				},
				"west": {
					"uv": [2.016, 3.516, 13.984, 3.984],
					"texture": "#0"
				},
				"up": {
					"uv": [2.016, 3.516, 13.984, 3.984],
					"texture": "#0",
					"rotation": 270
				},
				"down": {
					"uv": [2.016, 3.516, 13.984, 3.984],
					"texture": "#0",
					"rotation": 90
				}
			},
			"type": "cube"
		},
		{
			"name": "cube",
			"from": [14.5, 6.5, 2],
			"to": [15, 7, 14],
			"faces": {
				"north": {
					"uv": [2.016, 14.516, 2.484, 14.984],
					"texture": "#0"
				},
				"east": {
					"uv": [2.016, 3.516, 13.984, 3.984],
					"texture": "#0"
				},
				"south": {
					"uv": [0.016, 0.016, 0.484, 0.484],
					"texture": "#0"
				},
				"west": {
					"uv": [2.016, 3.516, 13.984, 3.984],
					"texture": "#0"
				},
				"up": {
					"uv": [2.016, 3.516, 13.984, 3.984],
					"texture": "#0",
					"rotation": 270
				},
				"down": {
					"uv": [2.016, 3.516, 13.984, 3.984],
					"texture": "#0",
					"rotation": 90
				}
			},
			"type": "cube"
		},
		{
			"name": "cube",
			"from": [14.5, 9.5, 2],
			"to": [15, 10, 14],
			"faces": {
				"north": {
					"uv": [2.016, 14.516, 2.484, 14.984],
					"texture": "#0"
				},
				"east": {
					"uv": [2.016, 3.516, 13.984, 3.984],
					"texture": "#0"
				},
				"south": {
					"uv": [0.016, 0.016, 0.484, 0.484],
					"texture": "#0"
				},
				"west": {
					"uv": [2.016, 3.516, 13.984, 3.984],
					"texture": "#0"
				},
				"up": {
					"uv": [2.016, 3.516, 13.984, 3.984],
					"texture": "#0",
					"rotation": 270
				},
				"down": {
					"uv": [2.016, 3.516, 13.984, 3.984],
					"texture": "#0",
					"rotation": 90
				}
			},
			"type": "cube"
		},
		{
			"name": "cube",
			"from": [14.5, 12, 2],
			"to": [15, 12.5, 14],
			"faces": {
				"north": {
					"uv": [2.016, 14.516, 2.484, 14.984],
					"texture": "#0"
				},
				"east": {
					"uv": [2.016, 3.516, 13.984, 3.984],
					"texture": "#0"
				},
				"south": {
					"uv": [0.016, 0.016, 0.484, 0.484],
					"texture": "#0"
				},
				"west": {
					"uv": [2.016, 3.516, 13.984, 3.984],
					"texture": "#0"
				},
				"up": {
					"uv": [2.016, 3.516, 13.984, 3.984],
					"texture": "#0",
					"rotation": 270
				},
				"down": {
					"uv": [2.016, 3.516, 13.984, 3.984],
					"texture": "#0",
					"rotation": 90
				}
			},
			"type": "cube"
		},
		{
			"name": "cube",
			"from": [2, 4, 14.5],
			"to": [14, 4.5, 15],
			"faces": {
				"north": {
					"uv": [2.016, 3.516, 13.984, 3.984],
					"texture": "#0"
				},
				"east": {
					"uv": [2.016, 14.516, 2.484, 14.984],
					"texture": "#0"
				},
				"south": {
					"uv": [2.016, 3.516, 13.984, 3.984],
					"texture": "#0"
				},
				"west": {
					"uv": [0.016, 0.016, 0.484, 0.484],
					"texture": "#0"
				},
				"up": {
					"uv": [2.016, 3.516, 13.984, 3.984],
					"texture": "#0"
				},
				"down": {
					"uv": [2.016, 3.516, 13.984, 3.984],
					"texture": "#0"
				}
			},
			"type": "cube"
		},
		{
			"name": "cube",
			"from": [2, 6.5, 14.5],
			"to": [14, 7, 15],
			"faces": {
				"north": {
					"uv": [2.016, 3.516, 13.984, 3.984],
					"texture": "#0"
				},
				"east": {
					"uv": [2.016, 14.516, 2.484, 14.984],
					"texture": "#0"
				},
				"south": {
					"uv": [2.016, 3.516, 13.984, 3.984],
					"texture": "#0"
				},
				"west": {
					"uv": [0.016, 0.016, 0.484, 0.484],
					"texture": "#0"
				},
				"up": {
					"uv": [2.016, 3.516, 13.984, 3.984],
					"texture": "#0"
				},
				"down": {
					"uv": [2.016, 3.516, 13.984, 3.984],
					"texture": "#0"
				}
			},
			"type": "cube"
		},
		{
			"name": "cube",
			"from": [2, 9.5, 14.5],
			"to": [14, 10, 15],
			"faces": {
				"north": {
					"uv": [2.016, 3.516, 13.984, 3.984],
					"texture": "#0"
				},
				"east": {
					"uv": [2.016, 14.516, 2.484, 14.984],
					"texture": "#0"
				},
				"south": {
					"uv": [2.016, 3.516, 13.984, 3.984],
					"texture": "#0"
				},
				"west": {
					"uv": [0.016, 0.016, 0.484, 0.484],
					"texture": "#0"
				},
				"up": {
					"uv": [2.016, 3.516, 13.984, 3.984],
					"texture": "#0"
				},
				"down": {
					"uv": [2.016, 3.516, 13.984, 3.984],
					"texture": "#0"
				}
			},
			"type": "cube"
		},
		{
			"name": "cube",
			"from": [2, 12, 14.5],
			"to": [14, 12.5, 15],
			"faces": {
				"north": {
					"uv": [2.016, 3.516, 13.984, 3.984],
					"texture": "#0"
				},
				"east": {
					"uv": [2.016, 14.516, 2.484, 14.984],
					"texture": "#0"
				},
				"south": {
					"uv": [2.016, 3.516, 13.984, 3.984],
					"texture": "#0"
				},
				"west": {
					"uv": [0.016, 0.016, 0.484, 0.484],
					"texture": "#0"
				},
				"up": {
					"uv": [2.016, 3.516, 13.984, 3.984],
					"texture": "#0"
				},
				"down": {
					"uv": [2.016, 3.516, 13.984, 3.984],
					"texture": "#0"
				}
			},
			"type": "cube"
		},
		{
			"name": "cube",
			"from": [1, 4, 2],
			"to": [1.5, 4.5, 14],
			"faces": {
				"north": {
					"uv": [0.016, 0.016, 0.484, 0.484],
					"texture": "#0"
				},
				"east": {
					"uv": [2.016, 3.516, 13.984, 3.984],
					"texture": "#0"
				},
				"south": {
					"uv": [2.016, 14.516, 2.484, 14.984],
					"texture": "#0"
				},
				"west": {
					"uv": [2.016, 3.516, 13.984, 3.984],
					"texture": "#0"
				},
				"up": {
					"uv": [2.016, 3.516, 13.984, 3.984],
					"texture": "#0",
					"rotation": 90
				},
				"down": {
					"uv": [2.016, 3.516, 13.984, 3.984],
					"texture": "#0",
					"rotation": 270
				}
			},
			"type": "cube"
		},
		{
			"name": "cube",
			"from": [1, 6.5, 2],
			"to": [1.5, 7, 14],
			"faces": {
				"north": {
					"uv": [0.016, 0.016, 0.484, 0.484],
					"texture": "#0"
				},
				"east": {
					"uv": [2.016, 3.516, 13.984, 3.984],
					"texture": "#0"
				},
				"south": {
					"uv": [2.016, 14.516, 2.484, 14.984],
					"texture": "#0"
				},
				"west": {
					"uv": [2.016, 3.516, 13.984, 3.984],
					"texture": "#0"
				},
				"up": {
					"uv": [2.016, 3.516, 13.984, 3.984],
					"texture": "#0",
					"rotation": 90
				},
				"down": {
					"uv": [2.016, 3.516, 13.984, 3.984],
					"texture": "#0",
					"rotation": 270
				}
			},
			"type": "cube"
		},
		{
			"name": "cube",
			"from": [1, 9.5, 2],
			"to": [1.5, 10, 14],
			"faces": {
				"north": {
					"uv": [0.016, 0.016, 0.484, 0.484],
					"texture": "#0"
				},
				"east": {
					"uv": [2.016, 3.516, 13.984, 3.984],
					"texture": "#0"
				},
				"south": {
					"uv": [2.016, 14.516, 2.484, 14.984],
					"texture": "#0"
				},
				"west": {
					"uv": [2.016, 3.516, 13.984, 3.984],
					"texture": "#0"
				},
				"up": {
					"uv": [2.016, 3.516, 13.984, 3.984],
					"texture": "#0",
					"rotation": 90
				},
				"down": {
					"uv": [2.016, 3.516, 13.984, 3.984],
					"texture": "#0",
					"rotation": 270
				}
			},
			"type": "cube"
		},
		{
			"name": "cube",
			"from": [1, 12, 2],
			"to": [1.5, 12.5, 14],
			"faces": {
				"north": {
					"uv": [0.016, 0.016, 0.484, 0.484],
					"texture": "#0"
				},
				"east": {
					"uv": [2.016, 3.516, 13.984, 3.984],
					"texture": "#0"
				},
				"south": {
					"uv": [2.016, 14.516, 2.484, 14.984],
					"texture": "#0"
				},
				"west": {
					"uv": [2.016, 3.516, 13.984, 3.984],
					"texture": "#0"
				},
				"up": {
					"uv": [2.016, 3.516, 13.984, 3.984],
					"texture": "#0",
					"rotation": 90
				},
				"down": {
					"uv": [2.016, 3.516, 13.984, 3.984],
					"texture": "#0",
					"rotation": 270
				}
			},
			"type": "cube"
		}
	],
	"display": {
		"thirdperson_righthand": {
			"scale": [0.375, 0.375, 0.375],
			"rotation": [75, 45, 0],
			"translation": [0, 2.5, 0]
		},
		"thirdperson_lefthand": {
			"scale": [0.375, 0.375, 0.375],
			"rotation": [75, 45, 0],
			"translation": [0, 2.5, 0]
		},
		"firstperson_righthand": {
			"scale": [0.4, 0.4, 0.4],
			"rotation": [0, 45, 0],
			"translation": [0, 0, 0]
		},
		"firstperson_lefthand": {
			"scale": [0.4, 0.4, 0.4],
			"rotation": [0, 225, 0],
			"translation": [0, 0, 0]
		},
		"ground": {
			"scale": [0.25, 0.25, 0.25],
			"rotation": [0, 0, 0],
			"translation": [0, 3, 0]
		},
		"fixed": {
			"scale": [0.75, 0.75, 0.75],
			"rotation": [0, 0, 0],
			"translation": [0, 0, 0]
		},
		"gui": {
			"scale": [0.625, 0.625, 0.625],
			"rotation": [30, 225, 0],
			"translation": [0, 0, 0]
		}
	}
}