{
    "credit": "By CR00T_R0M",
    "ambientocclusion": false,
    "textures": {
        "particle": "block/bookshelf/books/books",
        "books": "block/bookshelf/books/books",
        "paper": "block/bookshelf/books/paper"
    },
    "elements": [
        {
            "name": "RED BOOK VERTICAL TOP",
            "from": [ 11.55, 8.5, 0.5 ],
            "to": [ 13.55, 14, 3.5 ],
            "shade": false,
            "rotation": {
                "angle": 0,
                "axis": "y",
                "origin": [ 8.05, 8, 8 ]
            },
            "faces": {
                "north": {
                    "uv": [ 2.5, 2, 4.5, 7.5 ],
                    "texture": "#books"
                },
                "east": {
                    "uv": [ 2.5, 2, 3, 7.5 ],
                    "texture": "#books"
                },
                "south": {
                    "uv": [ 0, 0, 2, 5 ],
                    "texture": "#paper"
                },
                "west": {
                    "uv": [ 4, 2, 4.5, 7.5 ],
                    "texture": "#books"
                },
                "up": {
                    "uv": [ 2, 0, 6, 1.5 ],
                    "rotation": 90,
                    "texture": "#paper"
                },
                "down": {
                    "uv": [ 2.5, 0, 6.5, 1.5 ],
                    "rotation": 270,
                    "texture": "#paper"
                }
            }
        },
        {
            "name": "GREEN_REDBOOK TOP",
            "from": [ 9.05, 8.5, 0.5 ],
            "to": [ 10.55, 14, 3.5 ],
            "shade": false,
            "rotation": {
                "angle": 0,
                "axis": "y",
                "origin": [ 8.05, 8, 8 ]
            },
            "faces": {
                "north": {
                    "uv": [ 5.5, 2, 7, 7.5 ],
                    "texture": "#books"
                },
                "east": {
                    "uv": [ 5.5, 2, 6, 7.5 ],
                    "texture": "#books"
                },
                "south": {
                    "uv": [ 0, 0, 1.5, 5 ],
                    "texture": "#paper"
                },
                "west": {
                    "uv": [ 6.5, 2, 7, 7.5 ],
                    "texture": "#books"
                },
                "up": {
                    "uv": [ 2, 0, 6, 1.5 ],
                    "rotation": 90,
                    "texture": "#paper"
                },
                "down": {
                    "uv": [ 2, 0, 6, 1.5 ],
                    "rotation": 270,
                    "texture": "#paper"
                }
            }
        },
        {
            "name": "Horizontal LIGHT GREEN BOOK TOP",
            "from": [ 2.55, 8.5, 0.5 ],
            "to": [ 8.05, 10, 3.5 ],
            "shade": false,
            "rotation": {
                "angle": 0,
                "axis": "y",
                "origin": [ 8.05, 8, 8 ]
            },
            "faces": {
                "north": {
                    "uv": [ 8, 6, 13.5, 7.5 ],
                    "texture": "#books"
                },
                "east": {
                    "uv": [ 2, 0, 6, 1.5 ],
                    "texture": "#paper"
                },
                "south": {
                    "uv": [ 2, 0, 7, 1.5 ],
                    "texture": "#paper"
                },
                "west": {
                    "uv": [ 2, 0, 6, 1.5 ],
                    "texture": "#paper"
                },
                "down": {
                    "uv": [ 11, 6, 13.5, 7.5 ],
                    "rotation": 270,
                    "texture": "#books"
                }
            }
        },
        {
            "name": "Horizontal dark GREEN BOOK TOP",
            "from": [ 2.55, 10, 0.5 ],
            "to": [ 8.05, 11.5, 3.5 ],
            "shade": false,
            "rotation": {
                "angle": 0,
                "axis": "y",
                "origin": [ 8.05, 8, 8 ]
            },
            "faces": {
                "north": {
                    "uv": [ 8, 4.5, 13.5, 6 ],
                    "texture": "#books"
                },
                "east": {
                    "uv": [ 2, 0, 6, 1.5 ],
                    "texture": "#paper"
                },
                "south": {
                    "uv": [ 2, 0, 7, 1.5 ],
                    "texture": "#paper"
                },
                "west": {
                    "uv": [ 2, 0, 6, 1.5 ],
                    "texture": "#paper"
                }
            }
        },
        {
            "name": "Horizontal Tan BOOK TOP",
            "from": [ 2.55, 11.5, 0.5 ],
            "to": [ 8.55, 13, 3.5 ],
            "shade": false,
            "rotation": {
                "angle": 0,
                "axis": "y",
                "origin": [ 8.05, 8, 8 ]
            },
            "faces": {
                "north": {
                    "uv": [ 7.5, 3, 13.5, 4.5 ],
                    "texture": "#books"
                },
                "east": {
                    "uv": [ 2, 0, 6, 1.5 ],
                    "texture": "#paper"
                },
                "south": {
                    "uv": [ 2, 0, 7, 1.5 ],
                    "texture": "#paper"
                },
                "west": {
                    "uv": [ 2, 0, 6, 1.5 ],
                    "texture": "#paper"
                },
                "up": {
                    "uv": [ 11, 3, 13.5, 4.5 ],
                    "rotation": 90,
                    "texture": "#books"
                },
                "down": {
                    "uv": [ 11, 3, 13.5, 4.5 ],
                    "rotation": 270,
                    "texture": "#books"
                }
            }
        },
        {
            "name": "Bottom Yellow",
            "from": [ 12.05, 2, 0.5 ],
            "to": [ 13.55, 6.5, 3.5 ],
            "shade": false,
            "rotation": {
                "angle": 0,
                "axis": "y",
                "origin": [ 8.05, 8, 8 ]
            },
            "faces": {
                "north": {
                    "uv": [ 2.5, 9.5, 4, 14 ],
                    "texture": "#books"
                },
                "east": {
                    "uv": [ 2.5, 9.5, 3, 14 ],
                    "texture": "#books"
                },
                "south": {
                    "uv": [ 0, 0, 1.5, 4.5 ],
                    "texture": "#paper"
                },
                "west": {
                    "uv": [ 3.5, 9.5, 4, 14 ],
                    "texture": "#books"
                },
                "up": {
                    "uv": [ 2, 0, 5, 1.5 ],
                    "rotation": 90,
                    "texture": "#paper"
                },
                "down": {
                    "uv": [ 2, 0, 5, 1.5 ],
                    "rotation": 270,
                    "texture": "#paper"
                }
            }
        },
        {
            "name": "Red_Bottom_4",
            "from": [ 10.05, 2, 0.5 ],
            "to": [ 11.55, 7, 3.5 ],
            "shade": false,
            "rotation": {
                "angle": 0,
                "axis": "y",
                "origin": [ 8.05, 8, 8 ]
            },
            "faces": {
                "north": {
                    "uv": [ 4.5, 9, 6, 14 ],
                    "texture": "#books"
                },
                "east": {
                    "uv": [ 4.5, 9, 5, 14 ],
                    "texture": "#books"
                },
                "south": {
                    "uv": [ 0, 0, 1.5, 5 ],
                    "texture": "#paper"
                },
                "west": {
                    "uv": [ 5.5, 9, 6, 14 ],
                    "texture": "#books"
                },
                "up": {
                    "uv": [ 2, 0, 6, 1.5 ],
                    "rotation": 90,
                    "texture": "#paper"
                },
                "down": {
                    "uv": [ 2, 0, 6, 1.5 ],
                    "rotation": 270,
                    "texture": "#paper"
                }
            }
        },
        {
            "name": "Red_Bottom_5",
            "from": [ 8.05, 2, 0.5 ],
            "to": [ 9.55, 7, 3.5 ],
            "shade": false,
            "rotation": {
                "angle": 0,
                "axis": "y",
                "origin": [ 8.05, 8, 8 ]
            },
            "faces": {
                "north": {
                    "uv": [ 6.5, 9, 8, 14 ],
                    "texture": "#books"
                },
                "east": {
                    "uv": [ 6.5, 9, 7, 14 ],
                    "texture": "#books"
                },
                "south": {
                    "uv": [ 0, 0, 1.5, 5 ],
                    "texture": "#paper"
                },
                "west": {
                    "uv": [ 7.5, 9, 8, 14 ],
                    "texture": "#books"
                },
                "up": {
                    "uv": [ 2, 0, 6, 1.5 ],
                    "rotation": 90,
                    "texture": "#paper"
                },
                "down": {
                    "uv": [ 2, 0, 6, 1.5 ],
                    "rotation": 270,
                    "texture": "#paper"
                }
            }
        },
        {
            "name": "Tan_bottom_4",
            "from": [ 5.05, 2, 0.5 ],
            "to": [ 6.55, 7, 3.5 ],
            "shade": false,
            "rotation": {
                "angle": 0,
                "axis": "y",
                "origin": [ 8.05, 8, 8 ]
            },
            "faces": {
                "north": {
                    "uv": [ 9.5, 9, 11, 14 ],
                    "texture": "#books"
                },
                "east": {
                    "uv": [ 9.5, 9, 10, 14 ],
                    "texture": "#books"
                },
                "south": {
                    "uv": [ 0, 0, 1.5, 5 ],
                    "texture": "#paper"
                },
                "west": {
                    "uv": [ 10.5, 9, 11, 14 ],
                    "texture": "#books"
                },
                "up": {
                    "uv": [ 2, 0, 6, 1.5 ],
                    "rotation": 90,
                    "texture": "#paper"
                },
                "down": {
                    "uv": [ 2, 0, 6, 1.5 ],
                    "rotation": 270,
                    "texture": "#paper"
                }
            }
        },
        {
            "name": "Tan_bottom_5",
            "from": [ 3.05, 2, 0.5 ],
            "to": [ 4.55, 7, 3.5 ],
            "shade": false,
            "rotation": {
                "angle": 0,
                "axis": "y",
                "origin": [ 8.05, 8, 8 ]
            },
            "faces": {
                "north": {
                    "uv": [ 11.5, 9, 13, 14 ],
                    "texture": "#books"
                },
                "east": {
                    "uv": [ 11.5, 9, 12, 14 ],
                    "texture": "#books"
                },
                "south": {
                    "uv": [ 0, 0, 1.5, 5 ],
                    "texture": "#paper"
                },
                "west": {
                    "uv": [ 12.5, 9, 13, 14 ],
                    "texture": "#books"
                },
                "up": {
                    "uv": [ 2, 0, 6, 1.5 ],
                    "rotation": 90,
                    "texture": "#paper"
                },
                "down": {
                    "uv": [ 2, 0, 6, 1.5 ],
                    "rotation": 270,
                    "texture": "#paper"
                }
            }
        }
    ],
    "groups": [
        {
            "name": "BooksNorth",
            "origin": [ -8, 0, -8 ],
            "shade": false,
            "children": [ 0, 1, 2, 3, 4, 5, 6, 7, 8, 9 ]
        }
    ],
    "display": {
        "gui": {
            "rotation": [ 30, 225, 0 ],
            "translation": [ 0, 0, 0 ],
            "scale": [ 0.625, 0.625, 0.625 ]
        },
        "ground": {
            "rotation": [ 0, 0, 0 ],
            "translation": [ 0, 3, 0 ],
            "scale": [ 0.25, 0.25, 0.25 ]
        },
        "fixed": {
            "rotation": [ 0, 0, 0 ],
            "translation": [ 0, 0, 0 ],
            "scale": [ 0.5, 0.5, 0.5 ]
        },
        "thirdperson_righthand": {
            "rotation": [ 75, 45, 0 ],
            "translation": [ 0, 2.5, 0 ],
            "scale": [ 0.375, 0.375, 0.375 ]
        },
        "firstperson_righthand": {
            "rotation": [ 0, 45, 0 ],
            "translation": [ 0, 0, 0 ],
            "scale": [ 0.40, 0.40, 0.40 ]
        },
        "firstperson_lefthand": {
            "rotation": [ 0, 225, 0 ],
            "translation": [ 0, 0, 0 ],
            "scale": [ 0.40, 0.40, 0.40 ]
        }
    }
}