{
    "credit": "By CR00T_R0M",
    "textures": {
        "3": "block/bookshelf/books/books_1",
        "particle": "block/bookshelf/books/books",
        "books": "block/bookshelf/books/books",
        "paper": "block/bookshelf/books/paper"
    },
    "elements": [
        {
            "name": "RED BOOK VERTICAL TOP",
            "from": [ 2.5, 2.075, 0.5 ],
            "to": [ 4.5, 7.575, 3.5 ],
            "shade": false,
            "rotation": {
                "angle": 0,
                "axis": "y",
                "origin": [ -1, 1.575, 8 ]
            },
            "faces": {
                "north": {
                    "uv": [ 2.5, 2, 4.5, 7.5 ],
                    "texture": "#books"
                },
                "east": {
                    "uv": [ 2.5, 2, 3, 7.5 ],
                    "texture": "#books"
                },
                "south": {
                    "uv": [ 0, 0, 2, 5 ],
                    "texture": "#paper"
                },
                "west": {
                    "uv": [ 4, 2, 4.5, 7.5 ],
                    "texture": "#books"
                },
                "up": {
                    "uv": [ 2, 0, 6, 1.5 ],
                    "rotation": 90,
                    "texture": "#paper"
                },
                "down": {
                    "uv": [ 2.5, 0, 6.5, 1.5 ],
                    "rotation": 270,
                    "texture": "#paper"
                }
            }
        },
        {
            "name": "Green Book Vertical",
            "from": [ 10.5, 8.5, 0.5 ],
            "to": [ 12, 13.5, 3.5 ],
            "shade": false,
            "rotation": {
                "angle": 0,
                "axis": "y",
                "origin": [ 7, 8, 8 ]
            },
            "faces": {
                "north": {
                    "uv": [ 0.5, 9, 2, 14 ],
                    "texture": "#3"
                },
                "east": {
                    "uv": [ 0.5, 9, 1, 14 ],
                    "texture": "#3"
                },
                "south": {
                    "uv": [ 0, 0, 2, 5 ],
                    "texture": "#paper"
                },
                "west": {
                    "uv": [ 1.5, 9, 2, 14 ],
                    "texture": "#3"
                },
                "up": {
                    "uv": [ 2, 0, 6, 1.5 ],
                    "rotation": 90,
                    "texture": "#paper"
                },
                "down": {
                    "uv": [ 2.5, 0, 6.5, 1.5 ],
                    "rotation": 270,
                    "texture": "#paper"
                }
            }
        },
        {
            "name": "Horizontal LIGHT GREEN BOOK TOP",
            "from": [ 4.5, 11.45, 0.5 ],
            "to": [ 10, 12.95, 3.5 ],
            "shade": false,
            "rotation": {
                "angle": 0,
                "axis": "y",
                "origin": [ 10, 10.95, 8 ]
            },
            "faces": {
                "north": {
                    "uv": [ 8, 6, 13.5, 7.5 ],
                    "texture": "#books"
                },
                "east": {
                    "uv": [ 2, 0, 6, 1.5 ],
                    "texture": "#paper"
                },
                "south": {
                    "uv": [ 2, 0, 7, 1.5 ],
                    "texture": "#paper"
                },
                "west": {
                    "uv": [ 2, 0, 6, 1.5 ],
                    "texture": "#paper"
                },
                "up": {
                    "uv": [ 13.5, 6, 8, 6.5 ],
                    "texture": "#books"
                },
                "down": {
                    "uv": [ 13.5, 7, 8, 7.5 ],
                    "texture": "#books"
                }
            }
        },
        {
            "name": "Horizontal dark GREEN BOOK TOP",
            "from": [ 6.5, 2, 0.5 ],
            "to": [ 12, 3.5, 3.5 ],
            "shade": false,
            "rotation": {
                "angle": 0,
                "axis": "y",
                "origin": [ 12, 0, 8 ]
            },
            "faces": {
                "north": {
                    "uv": [ 8, 4.5, 13.5, 6 ],
                    "texture": "#books"
                },
                "east": {
                    "uv": [ 2, 0, 6, 1.5 ],
                    "texture": "#paper"
                },
                "south": {
                    "uv": [ 2, 0, 7, 1.5 ],
                    "texture": "#paper"
                },
                "west": {
                    "uv": [ 2, 0, 6, 1.5 ],
                    "texture": "#paper"
                },
                "up": {
                    "uv": [ 13.5, 4.5, 8, 5 ],
                    "texture": "#books"
                },
                "down": {
                    "uv": [ 13.5, 5.5, 8, 6 ],
                    "texture": "#books"
                }
            }
        },
        {
            "name": "Horizontal Tan BOOK TOP",
            "from": [ 3.5, 9.95, 0.5 ],
            "to": [ 9.5, 11.45, 3.5 ],
            "shade": false,
            "rotation": {
                "angle": 0,
                "axis": "y",
                "origin": [ 9, 6.45, 8 ]
            },
            "faces": {
                "north": {
                    "uv": [ 7.5, 3, 13.5, 4.5 ],
                    "texture": "#books"
                },
                "east": {
                    "uv": [ 2, 0, 6, 1.5 ],
                    "texture": "#paper"
                },
                "south": {
                    "uv": [ 2, 0, 7, 1.5 ],
                    "texture": "#paper"
                },
                "west": {
                    "uv": [ 2, 0, 6, 1.5 ],
                    "texture": "#paper"
                },
                "up": {
                    "uv": [ 11, 3, 13.5, 4.5 ],
                    "rotation": 90,
                    "texture": "#books"
                },
                "down": {
                    "uv": [ 11, 3, 13.5, 4.5 ],
                    "rotation": 270,
                    "texture": "#books"
                }
            }
        },
        {
            "name": "Horizontal green BOOK TOP",
            "from": [ 4.5, 8.5, 0.5 ],
            "to": [ 10.5, 10, 3.5 ],
            "shade": false,
            "rotation": {
                "angle": 0,
                "axis": "y",
                "origin": [ 10, 5, 8 ]
            },
            "faces": {
                "north": {
                    "uv": [ 4, 11, 10, 12.5 ],
                    "texture": "#3"
                },
                "east": {
                    "uv": [ 2, 0, 6, 1.5 ],
                    "texture": "#paper"
                },
                "south": {
                    "uv": [ 2, 0, 7, 1.5 ],
                    "texture": "#paper"
                },
                "west": {
                    "uv": [ 2, 0, 6, 1.5 ],
                    "texture": "#paper"
                },
                "up": {
                    "uv": [ 10, 11, 4, 11.5 ],
                    "texture": "#3"
                },
                "down": {
                    "uv": [ 10, 12, 4, 12.5 ],
                    "texture": "#3"
                }
            }
        },
        {
            "name": "Bottom Yellow",
            "from": [ 5, 2, 0.5 ],
            "to": [ 6.5, 6.5, 3.5 ],
            "shade": false,
            "rotation": {
                "angle": 0,
                "axis": "y",
                "origin": [ 1, 8, 8 ]
            },
            "faces": {
                "north": {
                    "uv": [ 2.5, 9.5, 4, 14 ],
                    "texture": "#books"
                },
                "east": {
                    "uv": [ 2.5, 9.5, 3, 14 ],
                    "texture": "#books"
                },
                "south": {
                    "uv": [ 0, 0, 1.5, 4.5 ],
                    "texture": "#paper"
                },
                "west": {
                    "uv": [ 3.5, 9.5, 4, 14 ],
                    "texture": "#books"
                },
                "up": {
                    "uv": [ 2, 0, 5, 1.5 ],
                    "rotation": 90,
                    "texture": "#paper"
                },
                "down": {
                    "uv": [ 2, 0, 5, 1.5 ],
                    "rotation": 270,
                    "texture": "#paper"
                }
            }
        },
        {
            "name": "Bottom Yellow",
            "from": [ 6.5, 5, 0.5 ],
            "to": [ 11, 6.5, 3.5 ],
            "shade": false,
            "rotation": {
                "angle": 0,
                "axis": "y",
                "origin": [ 5, 1, 8 ]
            },
            "faces": {
                "north": {
                    "uv": [ 2.5, 9.5, 4, 14 ],
                    "rotation": 90,
                    "texture": "#books"
                },
                "east": {
                    "uv": [ 2, 0, 5, 1.5 ],
                    "rotation": 180,
                    "texture": "#paper"
                },
                "south": {
                    "uv": [ 0, 0, 1.5, 4.5 ],
                    "rotation": 270,
                    "texture": "#paper"
                },
                "west": {
                    "uv": [ 2, 0, 5, 1.5 ],
                    "texture": "#paper"
                },
                "up": {
                    "uv": [ 2.5, 9.5, 3, 14 ],
                    "rotation": 270,
                    "texture": "#books"
                },
                "down": {
                    "uv": [ 3.5, 9.5, 4, 14 ],
                    "rotation": 270,
                    "texture": "#books"
                }
            }
        },
        {
            "name": "Red_Bottom_7",
            "from": [ 8, 3.5, 0.5 ],
            "to": [ 13, 5, 3.5 ],
            "shade": false,
            "rotation": {
                "angle": 0,
                "axis": "y",
                "origin": [ 7, 3.5, 8 ]
            },
            "faces": {
                "north": {
                    "uv": [ 6.5, 9, 8, 14 ],
                    "rotation": 90,
                    "texture": "#books"
                },
                "east": {
                    "uv": [ 2, 0, 6, 1.5 ],
                    "rotation": 180,
                    "texture": "#paper"
                },
                "south": {
                    "uv": [ 0, 0, 1.5, 5 ],
                    "rotation": 270,
                    "texture": "#paper"
                },
                "west": {
                    "uv": [ 2, 0, 6, 1.5 ],
                    "texture": "#paper"
                },
                "up": {
                    "uv": [ 6.5, 9, 7, 14 ],
                    "rotation": 270,
                    "texture": "#books"
                },
                "down": {
                    "uv": [ 7.5, 9, 8, 14 ],
                    "rotation": 270,
                    "texture": "#books"
                }
            }
        }
    ],
    "groups": [
        {
            "name": "BooksNorth",
            "origin": [ -8, 0, -8 ],
            "children": [ 0, 1, 2, 3, 4, 5, 6, 7, 8 ]
        }
    ],
    "display": {
        "gui": {
            "rotation": [ 30, 225, 0 ],
            "translation": [ 0, 0, 0 ],
            "scale": [ 0.625, 0.625, 0.625 ]
        },
        "ground": {
            "rotation": [ 0, 0, 0 ],
            "translation": [ 0, 3, 0 ],
            "scale": [ 0.25, 0.25, 0.25 ]
        },
        "fixed": {
            "rotation": [ 0, 0, 0 ],
            "translation": [ 0, 0, 0 ],
            "scale": [ 0.5, 0.5, 0.5 ]
        },
        "thirdperson_righthand": {
            "rotation": [ 75, 45, 0 ],
            "translation": [ 0, 2.5, 0 ],
            "scale": [ 0.375, 0.375, 0.375 ]
        },
        "firstperson_righthand": {
            "rotation": [ 0, 45, 0 ],
            "translation": [ 0, 0, 0 ],
            "scale": [ 0.40, 0.40, 0.40 ]
        },
        "firstperson_lefthand": {
            "rotation": [ 0, 225, 0 ],
            "translation": [ 0, 0, 0 ],
            "scale": [ 0.40, 0.40, 0.40 ]
        }
    }
}