{
	"credit": "Made by Joanarr with Blockbench",
	"parent": "block/orientable",
	"textures": {
		"0": "block/blast_furnace_front",
		"2": "block/blast_furnace_side",
		"3": "block/blast_furnace_top",
		"4": "block/blast_furnace_in",
		"particle": "block/blast_furnace_side"
	},
	"elements": [
		{
			"from": [0, 0, 0],
			"to": [16, 2.5, 16],
			"faces": {
				"north": {"uv": [0, 13.5, 16, 16], "texture": "#0"},
				"east": {"uv": [0, 13.5, 16, 16], "texture": "#2"},
				"south": {"uv": [0, 13.5, 16, 16], "texture": "#2"},
				"west": {"uv": [0, 13.5, 16, 16], "texture": "#2"},
				"up": {"uv": [0, 0, 16, 16], "texture": "#3"},
				"down": {"uv": [0, 0, 16, 16], "texture": "#3"}
			}
		},
		{
			"from": [0, 2.5, 0],
			"to": [3, 3, 3],
			"faces": {
				"north": {"uv": [13, 13, 16, 13.5], "texture": "#0"},
				"east": {"uv": [0, 13, 3, 13.5], "texture": "#0"},
				"south": {"uv": [13, 13, 16, 13.5], "texture": "#2"},
				"west": {"uv": [0, 13, 3, 13.5], "texture": "#2"},
				"up": {"uv": [13, 13, 16, 16], "texture": "#2"},
				"down": {"uv": [15.5, 12.5, 16, 13], "texture": "#0"}
			}
		},
		{
			"from": [13, 2.5, 0],
			"to": [16, 3, 3],
			"faces": {
				"north": {"uv": [0, 13, 3, 13.5], "texture": "#0"},
				"east": {"uv": [13, 13, 16, 13.5], "texture": "#2"},
				"south": {"uv": [0, 13, 3, 13.5], "texture": "#2"},
				"west": {"uv": [13, 13, 16, 13.5], "texture": "#0"},
				"up": {"uv": [0, 13, 3, 16], "texture": "#2"},
				"down": {"uv": [15.5, 12.5, 16, 13], "texture": "#0"}
			}
		},
		{
			"from": [13, 2.5, 13],
			"to": [16, 3, 16],
			"faces": {
				"north": {"uv": [13, 13, 16, 13.5], "texture": "#2"},
				"east": {"uv": [0, 13, 3, 13.5], "texture": "#2"},
				"south": {"uv": [13, 13, 16, 13.5], "texture": "#2"},
				"west": {"uv": [0, 13, 3, 13.5], "texture": "#2"},
				"up": {"uv": [13, 13, 16, 16], "rotation": 180, "texture": "#2"},
				"down": {"uv": [15.5, 12.5, 16, 13], "texture": "#0"}
			}
		},
		{
			"from": [0, 2.5, 13],
			"to": [3, 3, 16],
			"faces": {
				"north": {"uv": [0, 13, 3, 13.5], "texture": "#2"},
				"east": {"uv": [13, 13, 16, 13.5], "texture": "#2"},
				"south": {"uv": [0, 13, 3, 13.5], "texture": "#2"},
				"west": {"uv": [13, 13, 16, 13.5], "texture": "#2"},
				"up": {"uv": [0, 13, 3, 16], "rotation": 180, "texture": "#2"},
				"down": {"uv": [15.5, 12.5, 16, 13], "texture": "#0"}
			}
		},
		{
			"from": [0, 3.5, 0],
			"to": [2, 12, 2],
			"faces": {
				"north": {"uv": [14, 4, 16, 12.5], "texture": "#0"},
				"east": {"uv": [0, 4, 2, 12.5], "texture": "#0"},
				"south": {"uv": [14, 4, 16, 12.5], "texture": "#0"},
				"west": {"uv": [0, 4, 2, 12.5], "texture": "#2"},
				"up": {"uv": [0, 6, 2, 8], "texture": "#2"},
				"down": {"uv": [0, 6, 2, 8], "texture": "#2"}
			}
		},
		{
			"from": [0, 3, 0],
			"to": [2.5, 3.5, 2.5],
			"faces": {
				"north": {"uv": [13.5, 12.5, 16, 13], "texture": "#0"},
				"east": {"uv": [0, 12.5, 2.5, 13], "texture": "#0"},
				"south": {"uv": [13.5, 12.5, 16, 13], "texture": "#2"},
				"west": {"uv": [0, 12.5, 2.5, 13], "texture": "#2"},
				"up": {"uv": [15.5, 15.5, 16, 16], "texture": "#0"},
				"down": {"uv": [13.5, 12.5, 16, 13], "texture": "#0"}
			}
		},
		{
			"from": [13.5, 3, 0],
			"to": [16, 3.5, 2.5],
			"faces": {
				"north": {"uv": [0, 12.5, 2.5, 13], "texture": "#0"},
				"east": {"uv": [13.5, 12.5, 16, 13], "texture": "#2"},
				"south": {"uv": [0, 12.5, 2.5, 13], "texture": "#2"},
				"west": {"uv": [13.5, 12.5, 16, 13], "texture": "#0"},
				"up": {"uv": [15.5, 15.5, 16, 16], "texture": "#0"},
				"down": {"uv": [13.5, 12.5, 16, 13], "texture": "#0"}
			}
		},
		{
			"from": [13.5, 3, 13.5],
			"to": [16, 3.5, 16],
			"faces": {
				"north": {"uv": [13.5, 12.5, 16, 13], "texture": "#2"},
				"east": {"uv": [0, 12.5, 2.5, 13], "texture": "#2"},
				"south": {"uv": [13.5, 12.5, 16, 13], "texture": "#2"},
				"west": {"uv": [0, 12.5, 2.5, 13], "texture": "#2"},
				"up": {"uv": [15.5, 15.5, 16, 16], "texture": "#0"},
				"down": {"uv": [13.5, 12.5, 16, 13], "texture": "#0"}
			}
		},
		{
			"from": [0, 3, 13.5],
			"to": [2.5, 3.5, 16],
			"faces": {
				"north": {"uv": [0, 12.5, 2.5, 13], "texture": "#2"},
				"east": {"uv": [13.5, 12.5, 16, 13], "texture": "#2"},
				"south": {"uv": [0, 12.5, 2.5, 13], "texture": "#2"},
				"west": {"uv": [13.5, 12.5, 16, 13], "texture": "#2"},
				"up": {"uv": [15.5, 15.5, 16, 16], "texture": "#0"},
				"down": {"uv": [13.5, 12.5, 16, 13], "texture": "#0"}
			}
		},
		{
			"from": [14, 3.5, 0],
			"to": [16, 12, 2],
			"faces": {
				"north": {"uv": [0, 4, 2, 12.5], "texture": "#0"},
				"east": {"uv": [14, 4, 16, 12.5], "texture": "#2"},
				"south": {"uv": [0, 4, 2, 12.5], "texture": "#2"},
				"west": {"uv": [14, 4, 16, 12.5], "texture": "#0"},
				"up": {"uv": [0, 6, 2, 8], "texture": "#2"},
				"down": {"uv": [0, 6, 2, 8], "texture": "#2"}
			}
		},
		{
			"from": [14, 3.5, 14],
			"to": [16, 12, 16],
			"faces": {
				"north": {"uv": [14, 4, 16, 12.5], "texture": "#2"},
				"east": {"uv": [0, 4, 2, 12.5], "texture": "#2"},
				"south": {"uv": [14, 4, 16, 12.5], "texture": "#2"},
				"west": {"uv": [0, 4, 2, 12.5], "texture": "#2"},
				"up": {"uv": [0, 6, 2, 8], "texture": "#2"},
				"down": {"uv": [0, 6, 2, 8], "texture": "#2"}
			}
		},
		{
			"from": [0, 3.5, 14],
			"to": [2, 12, 16],
			"faces": {
				"north": {"uv": [0, 4, 2, 12.5], "texture": "#2"},
				"east": {"uv": [14, 4, 16, 12.5], "texture": "#2"},
				"south": {"uv": [0, 4, 2, 12.5], "texture": "#2"},
				"west": {"uv": [14, 4, 16, 12.5], "texture": "#2"},
				"up": {"uv": [0, 6, 2, 8], "texture": "#2"},
				"down": {"uv": [0, 6, 2, 8], "texture": "#2"}
			}
		},
		{
			"from": [13.5, 12, 13.5],
			"to": [16, 12.5, 16],
			"faces": {
				"north": {"uv": [13.5, 3.5, 16, 4], "texture": "#2"},
				"east": {"uv": [0, 3.5, 2.5, 4], "texture": "#2"},
				"south": {"uv": [13.5, 3.5, 16, 4], "texture": "#2"},
				"west": {"uv": [0, 3.5, 2.5, 4], "texture": "#2"},
				"up": {"uv": [15.5, 15.5, 16, 16], "texture": "#0"},
				"down": {"uv": [13.5, 12.5, 16, 13], "texture": "#0"}
			}
		},
		{
			"from": [0, 12, 13.5],
			"to": [2.5, 12.5, 16],
			"faces": {
				"north": {"uv": [0, 3.5, 2.5, 4], "texture": "#2"},
				"east": {"uv": [13.5, 3.5, 16, 4], "texture": "#2"},
				"south": {"uv": [0, 3.5, 2.5, 4], "texture": "#2"},
				"west": {"uv": [13.5, 3.5, 16, 4], "texture": "#2"},
				"up": {"uv": [15.5, 15.5, 16, 16], "texture": "#0"},
				"down": {"uv": [13.5, 12.5, 16, 13], "texture": "#0"}
			}
		},
		{
			"from": [0, 12, 0],
			"to": [2.5, 12.5, 2.5],
			"faces": {
				"north": {"uv": [13.5, 3.5, 16, 4], "texture": "#0"},
				"east": {"uv": [0, 3.5, 2.5, 4], "texture": "#0"},
				"south": {"uv": [13.5, 3.5, 16, 4], "texture": "#2"},
				"west": {"uv": [0, 3.5, 2.5, 4], "texture": "#2"},
				"up": {"uv": [15.5, 15.5, 16, 16], "texture": "#0"},
				"down": {"uv": [13.5, 12.5, 16, 13], "texture": "#0"}
			}
		},
		{
			"from": [13.5, 12, 0],
			"to": [16, 12.5, 2.5],
			"faces": {
				"north": {"uv": [0, 3.5, 2.5, 4], "texture": "#0"},
				"east": {"uv": [13.5, 3.5, 16, 4], "texture": "#2"},
				"south": {"uv": [0, 3.5, 2.5, 4], "texture": "#2"},
				"west": {"uv": [13.5, 3.5, 16, 4], "texture": "#0"},
				"up": {"uv": [15.5, 15.5, 16, 16], "texture": "#0"},
				"down": {"uv": [13.5, 12.5, 16, 13], "texture": "#0"}
			}
		},
		{
			"from": [0, 13.5, 0],
			"to": [16, 15.5, 16],
			"faces": {
				"north": {"uv": [0, 0.5, 16, 2.5], "texture": "#0"},
				"east": {"uv": [0, 0.5, 16, 2.5], "texture": "#2"},
				"south": {"uv": [0, 0.5, 16, 2.5], "texture": "#2"},
				"west": {"uv": [0, 0.5, 16, 2.5], "texture": "#2"},
				"up": {"uv": [0, 0, 16, 16], "texture": "#3"},
				"down": {"uv": [0, 0, 16, 16], "texture": "#3"}
			}
		},
		{
			"from": [13, 12.5, 0],
			"to": [16, 13, 3],
			"faces": {
				"north": {"uv": [0, 3, 3, 3.5], "texture": "#0"},
				"east": {"uv": [13, 3, 16, 3.5], "texture": "#2"},
				"south": {"uv": [0, 3, 3, 3.5], "texture": "#2"},
				"west": {"uv": [13, 3, 16, 3.5], "texture": "#0"},
				"up": {"uv": [0, 13, 3, 16], "texture": "#2"},
				"down": {"uv": [15.5, 12.5, 16, 13], "texture": "#0"}
			}
		},
		{
			"from": [0, 12.5, 0],
			"to": [3, 13, 3],
			"faces": {
				"north": {"uv": [13, 3, 16, 3.5], "texture": "#0"},
				"east": {"uv": [0, 3, 3, 3.5], "texture": "#0"},
				"south": {"uv": [13, 3, 16, 3.5], "texture": "#2"},
				"west": {"uv": [0, 3, 3, 3.5], "texture": "#2"},
				"up": {"uv": [13, 13, 16, 16], "texture": "#2"},
				"down": {"uv": [15.5, 12.5, 16, 13], "texture": "#0"}
			}
		},
		{
			"from": [0, 12.5, 13],
			"to": [3, 13, 16],
			"faces": {
				"north": {"uv": [0, 3, 3, 3.5], "texture": "#2"},
				"east": {"uv": [13, 3, 16, 3.5], "texture": "#2"},
				"south": {"uv": [0, 3, 3, 3.5], "texture": "#2"},
				"west": {"uv": [13, 3, 16, 3.5], "texture": "#2"},
				"up": {"uv": [0, 13, 3, 16], "rotation": 180, "texture": "#2"},
				"down": {"uv": [15.5, 12.5, 16, 13], "texture": "#0"}
			}
		},
		{
			"from": [13, 12.5, 13],
			"to": [16, 13, 16],
			"faces": {
				"north": {"uv": [13, 3, 16, 3.5], "texture": "#2"},
				"east": {"uv": [0, 3, 3, 3.5], "texture": "#2"},
				"south": {"uv": [13, 3, 16, 3.5], "texture": "#2"},
				"west": {"uv": [0, 3, 3, 3.5], "texture": "#2"},
				"up": {"uv": [13, 13, 16, 16], "rotation": 180, "texture": "#2"},
				"down": {"uv": [15.5, 12.5, 16, 13], "texture": "#0"}
			}
		},
		{
			"from": [12.5, 13, 0],
			"to": [16, 13.5, 3.5],
			"faces": {
				"north": {"uv": [0, 2.5, 3.5, 3], "texture": "#0"},
				"east": {"uv": [12.5, 2.5, 16, 3], "texture": "#2"},
				"south": {"uv": [0, 2.5, 3.5, 3], "texture": "#2"},
				"west": {"uv": [12.5, 2.5, 16, 3], "texture": "#0"},
				"up": {"uv": [0, 13, 3, 16], "texture": "#2"},
				"down": {"uv": [15.5, 12.5, 16, 13], "texture": "#0"}
			}
		},
		{
			"from": [0, 13, 0],
			"to": [3.5, 13.5, 3.5],
			"faces": {
				"north": {"uv": [12.5, 2.5, 16, 3], "texture": "#0"},
				"east": {"uv": [0, 2.5, 3.5, 3], "texture": "#0"},
				"south": {"uv": [12.5, 2.5, 16, 3], "texture": "#2"},
				"west": {"uv": [0, 2.5, 3.5, 3], "texture": "#2"},
				"up": {"uv": [13, 13, 16, 16], "texture": "#2"},
				"down": {"uv": [15.5, 12.5, 16, 13], "texture": "#0"}
			}
		},
		{
			"from": [0, 13, 12.5],
			"to": [3.5, 13.5, 16],
			"faces": {
				"north": {"uv": [0, 2.5, 3.5, 3], "texture": "#2"},
				"east": {"uv": [12.5, 2.5, 16, 3], "texture": "#2"},
				"south": {"uv": [0, 2.5, 3.5, 3], "texture": "#2"},
				"west": {"uv": [12.5, 2.5, 16, 3], "texture": "#2"},
				"up": {"uv": [0, 13, 3, 16], "rotation": 180, "texture": "#2"},
				"down": {"uv": [15.5, 12.5, 16, 13], "texture": "#0"}
			}
		},
		{
			"from": [12.5, 13, 12.5],
			"to": [16, 13.5, 16],
			"faces": {
				"north": {"uv": [12.5, 2.5, 16, 3], "texture": "#2"},
				"east": {"uv": [0, 2.5, 3.5, 3], "texture": "#2"},
				"south": {"uv": [12.5, 2.5, 16, 3], "texture": "#2"},
				"west": {"uv": [0, 2.5, 3.5, 3], "texture": "#2"},
				"up": {"uv": [13, 13, 16, 16], "rotation": 180, "texture": "#2"},
				"down": {"uv": [15.5, 12.5, 16, 13], "texture": "#0"}
			}
		},
		{
			"from": [0, 15.5, 0],
			"to": [16, 16, 2.5],
			"faces": {
				"north": {"uv": [0, 0, 16, 0.5], "texture": "#0"},
				"east": {"uv": [13.5, 0, 16, 0.5], "texture": "#2"},
				"south": {"uv": [0, 13.5, 16, 14], "texture": "#3"},
				"west": {"uv": [0, 0, 2.5, 0.5], "texture": "#2"},
				"up": {"uv": [0, 13.5, 16, 16], "rotation": 180, "texture": "#3"},
				"down": {"uv": [0, 0, 16, 16], "texture": "#3"}
			}
		},
		{
			"from": [0, 15.5, 13.5],
			"to": [16, 16, 16],
			"faces": {
				"north": {"uv": [0, 2, 16, 2.5], "texture": "#3"},
				"east": {"uv": [0, 0, 2.5, 0.5], "texture": "#2"},
				"south": {"uv": [0, 0, 16, 0.5], "texture": "#0"},
				"west": {"uv": [13.5, 0, 16, 0.5], "texture": "#2"},
				"up": {"uv": [0, 0, 16, 2.5], "rotation": 180, "texture": "#3"},
				"down": {"uv": [0, 0, 16, 16], "texture": "#3"}
			}
		},
		{
			"from": [13.5, 15.5, 2.5],
			"to": [16, 16, 13.5],
			"faces": {
				"north": {"uv": [0, 2, 16, 2.5], "texture": "#3"},
				"east": {"uv": [2.5, 0, 13.5, 0.5], "texture": "#2"},
				"south": {"uv": [0, 0, 16, 0.5], "texture": "#0"},
				"west": {"uv": [2, 2.5, 2.5, 13.5], "rotation": 90, "texture": "#3"},
				"up": {"uv": [0, 2.5, 2.5, 13.5], "rotation": 180, "texture": "#3"},
				"down": {"uv": [0, 0, 16, 16], "texture": "#3"}
			}
		},
		{
			"from": [0, 15.5, 2.5],
			"to": [2.5, 16, 13.5],
			"faces": {
				"north": {"uv": [0, 2, 16, 2.5], "texture": "#3"},
				"east": {"uv": [13.5, 2.5, 14, 13.5], "rotation": 270, "texture": "#3"},
				"south": {"uv": [0, 0, 16, 0.5], "texture": "#0"},
				"west": {"uv": [2.5, 0, 13.5, 0.5], "texture": "#2"},
				"up": {"uv": [13.5, 2.5, 16, 13.5], "rotation": 180, "texture": "#3"},
				"down": {"uv": [0, 0, 16, 16], "texture": "#3"}
			}
		},
		{
			"from": [2.5, 15, 3],
			"to": [3, 16, 3.5],
			"faces": {
				"north": {"uv": [13, 12.5, 13.5, 13], "texture": "#3"},
				"east": {"uv": [13, 12.5, 13.5, 13], "texture": "#3"},
				"south": {"uv": [13, 12.5, 13.5, 13], "texture": "#3"},
				"west": {"uv": [13, 12.5, 13.5, 13], "texture": "#3"},
				"up": {"uv": [13, 12.5, 13.5, 13], "texture": "#3"},
				"down": {"uv": [13, 12.5, 13.5, 13], "texture": "#3"}
			}
		},
		{
			"from": [2.5, 15, 2.5],
			"to": [3, 16, 3],
			"faces": {
				"north": {"uv": [13, 13, 13.5, 13.5], "texture": "#3"},
				"east": {"uv": [13, 13, 13.5, 13.5], "texture": "#3"},
				"south": {"uv": [13, 13, 13.5, 13.5], "texture": "#3"},
				"west": {"uv": [13, 13, 13.5, 13.5], "texture": "#3"},
				"up": {"uv": [13, 13, 13.5, 13.5], "texture": "#3"},
				"down": {"uv": [13, 13, 13.5, 13.5], "texture": "#3"}
			}
		},
		{
			"from": [3, 15, 2.5],
			"to": [3.5, 16, 3],
			"faces": {
				"north": {"uv": [12.5, 13, 13, 13.5], "texture": "#3"},
				"east": {"uv": [12.5, 13, 13, 13.5], "texture": "#3"},
				"south": {"uv": [12.5, 13, 13, 13.5], "texture": "#3"},
				"west": {"uv": [12.5, 13, 13, 13.5], "texture": "#3"},
				"up": {"uv": [12.5, 13, 13, 13.5], "texture": "#3"},
				"down": {"uv": [12.5, 13, 13, 13.5], "texture": "#3"}
			}
		},
		{
			"from": [12.5, 15, 2.5],
			"to": [13, 16, 3],
			"faces": {
				"north": {"uv": [3, 13, 3.5, 13.5], "texture": "#3"},
				"east": {"uv": [3, 13, 3.5, 13.5], "texture": "#3"},
				"south": {"uv": [3, 13, 3.5, 13.5], "texture": "#3"},
				"west": {"uv": [3, 13, 3.5, 13.5], "texture": "#3"},
				"up": {"uv": [3, 13, 3.5, 13.5], "texture": "#3"},
				"down": {"uv": [3, 13, 3.5, 13.5], "texture": "#3"}
			}
		},
		{
			"from": [13, 15, 2.5],
			"to": [13.5, 16, 3],
			"faces": {
				"north": {"uv": [2.5, 13, 3, 13.5], "texture": "#3"},
				"east": {"uv": [2.5, 13, 3, 13.5], "texture": "#3"},
				"south": {"uv": [2.5, 13, 3, 13.5], "texture": "#3"},
				"west": {"uv": [2.5, 13, 3, 13.5], "texture": "#3"},
				"up": {"uv": [2.5, 13, 3, 13.5], "texture": "#3"},
				"down": {"uv": [2.5, 13, 3, 13.5], "texture": "#3"}
			}
		},
		{
			"from": [13, 15, 3],
			"to": [13.5, 16, 3.5],
			"faces": {
				"north": {"uv": [2.5, 12.5, 3, 13], "texture": "#3"},
				"east": {"uv": [2.5, 12.5, 3, 13], "texture": "#3"},
				"south": {"uv": [2.5, 12.5, 3, 13], "texture": "#3"},
				"west": {"uv": [2.5, 12.5, 3, 13], "texture": "#3"},
				"up": {"uv": [2.5, 12.5, 3, 13], "texture": "#3"},
				"down": {"uv": [2.5, 12.5, 3, 13], "texture": "#3"}
			}
		},
		{
			"from": [13, 15, 12.5],
			"to": [13.5, 16, 13],
			"faces": {
				"north": {"uv": [2.5, 3, 3, 3.5], "texture": "#3"},
				"east": {"uv": [2.5, 3, 3, 3.5], "texture": "#3"},
				"south": {"uv": [2.5, 3, 3, 3.5], "texture": "#3"},
				"west": {"uv": [2.5, 3, 3, 3.5], "texture": "#3"},
				"up": {"uv": [2.5, 3, 3, 3.5], "texture": "#3"},
				"down": {"uv": [2.5, 3, 3, 3.5], "texture": "#3"}
			}
		},
		{
			"from": [13, 15, 13],
			"to": [13.5, 16, 13.5],
			"faces": {
				"north": {"uv": [2.5, 2.5, 3, 3], "texture": "#3"},
				"east": {"uv": [2.5, 2.5, 3, 3], "texture": "#3"},
				"south": {"uv": [2.5, 2.5, 3, 3], "texture": "#3"},
				"west": {"uv": [2.5, 2.5, 3, 3], "texture": "#3"},
				"up": {"uv": [2.5, 2.5, 3, 3], "texture": "#3"},
				"down": {"uv": [2.5, 2.5, 3, 3], "texture": "#3"}
			}
		},
		{
			"from": [12.5, 15, 13],
			"to": [13, 16, 13.5],
			"faces": {
				"north": {"uv": [3, 2.5, 3.5, 3], "texture": "#3"},
				"east": {"uv": [3, 2.5, 3.5, 3], "texture": "#3"},
				"south": {"uv": [3, 2.5, 3.5, 3], "texture": "#3"},
				"west": {"uv": [3, 2.5, 3.5, 3], "texture": "#3"},
				"up": {"uv": [3, 2.5, 3.5, 3], "texture": "#3"},
				"down": {"uv": [3, 2.5, 3.5, 3], "texture": "#3"}
			}
		},
		{
			"from": [3, 15, 13],
			"to": [3.5, 16, 13.5],
			"faces": {
				"north": {"uv": [12.5, 2.5, 13, 3], "texture": "#3"},
				"east": {"uv": [12.5, 2.5, 13, 3], "texture": "#3"},
				"south": {"uv": [12.5, 2.5, 13, 3], "texture": "#3"},
				"west": {"uv": [12.5, 2.5, 13, 3], "texture": "#3"},
				"up": {"uv": [12.5, 2.5, 13, 3], "texture": "#3"},
				"down": {"uv": [12.5, 2.5, 13, 3], "texture": "#3"}
			}
		},
		{
			"from": [2.5, 15, 13],
			"to": [3, 16, 13.5],
			"faces": {
				"north": {"uv": [13, 2.5, 13.5, 3], "texture": "#3"},
				"east": {"uv": [13, 2.5, 13.5, 3], "texture": "#3"},
				"south": {"uv": [13, 2.5, 13.5, 3], "texture": "#3"},
				"west": {"uv": [13, 2.5, 13.5, 3], "texture": "#3"},
				"up": {"uv": [13, 2.5, 13.5, 3], "texture": "#3"},
				"down": {"uv": [13, 2.5, 13.5, 3], "texture": "#3"}
			}
		},
		{
			"from": [2.5, 15, 12.5],
			"to": [3, 16, 13],
			"faces": {
				"north": {"uv": [13, 3, 13.5, 3.5], "texture": "#3"},
				"east": {"uv": [13, 3, 13.5, 3.5], "texture": "#3"},
				"south": {"uv": [13, 3, 13.5, 3.5], "texture": "#3"},
				"west": {"uv": [13, 3, 13.5, 3.5], "texture": "#3"},
				"up": {"uv": [13, 3, 13.5, 3.5], "texture": "#3"},
				"down": {"uv": [13, 3, 13.5, 3.5], "texture": "#3"}
			}
		},
		{
			"from": [1.5, 2.5, 1.5],
			"to": [5, 13.5, 14.5],
			"faces": {
				"north": {"uv": [11, 2.5, 14.5, 13.5], "texture": "#0"},
				"east": {"uv": [1.5, 2.5, 14.5, 13.5], "texture": "#4"},
				"south": {"uv": [1.5, 2.5, 5, 13.5], "texture": "#2"},
				"west": {"uv": [1.5, 2.5, 14.5, 13.5], "texture": "#2"},
				"up": {"uv": [0, 0, 0.5, 0.5], "texture": "#4"},
				"down": {"uv": [0, 0, 0.5, 0.5], "texture": "#4"}
			}
		},
		{
			"from": [11, 2.5, 1.5],
			"to": [14.5, 13.5, 14.5],
			"faces": {
				"north": {"uv": [1.5, 2.5, 5, 13.5], "texture": "#0"},
				"east": {"uv": [1.5, 2.5, 14.5, 13.5], "texture": "#2"},
				"south": {"uv": [11, 2.5, 14.5, 13.5], "texture": "#2"},
				"west": {"uv": [1.5, 2.5, 14.5, 13.5], "texture": "#4"},
				"up": {"uv": [0, 0, 0.5, 0.5], "texture": "#4"},
				"down": {"uv": [0, 0, 0.5, 0.5], "texture": "#4"}
			}
		},
		{
			"from": [1.5, 2.5, 11],
			"to": [14.5, 13.5, 14.5],
			"faces": {
				"north": {"uv": [1.5, 2.5, 14.5, 13.5], "texture": "#4"},
				"east": {"uv": [1.5, 2.5, 5, 13.5], "texture": "#2"},
				"south": {"uv": [1.5, 2.5, 14.5, 13.5], "texture": "#2"},
				"west": {"uv": [11, 2.5, 14.5, 13.5], "texture": "#2"},
				"up": {"uv": [0, 0, 0.5, 0.5], "texture": "#4"},
				"down": {"uv": [0, 0, 0.5, 0.5], "texture": "#4"}
			}
		},
		{
			"from": [5, 2.5, 1.5],
			"to": [11, 3, 11],
			"faces": {
				"north": {"uv": [5, 13, 11, 13.5], "texture": "#0"},
				"east": {"uv": [5, 13, 11, 13.5], "texture": "#0"},
				"south": {"uv": [5, 13, 11, 13.5], "texture": "#0"},
				"west": {"uv": [5, 13, 11, 13.5], "texture": "#0"},
				"up": {"uv": [5, 4, 11, 13.5], "texture": "#4"},
				"down": {"uv": [5, 13, 11, 13.5], "texture": "#0"}
			}
		},
		{
			"from": [5, 10.5, 1.5],
			"to": [11, 13.5, 11],
			"faces": {
				"north": {"uv": [5, 2.5, 11, 5.5], "texture": "#0"},
				"east": {"uv": [5, 2.5, 11, 5.5], "texture": "#0"},
				"south": {"uv": [5, 2.5, 11, 5.5], "texture": "#0"},
				"west": {"uv": [5, 2.5, 11, 5.5], "texture": "#0"},
				"up": {"uv": [5, 2.5, 11, 5.5], "texture": "#0"},
				"down": {"uv": [5, 2.5, 11, 12], "texture": "#4"}
			}
		},
		{
			"from": [3, 6, 0.5],
			"to": [13, 8, 1.5],
			"faces": {
				"north": {"uv": [3, 8, 13, 10], "texture": "#0"},
				"east": {"uv": [4, 8, 3, 10], "texture": "#0"},
				"south": {"uv": [13, 8, 3, 10], "texture": "#0"},
				"west": {"uv": [13, 8, 12, 10], "texture": "#0"},
				"up": {"uv": [3, 8, 13, 9], "texture": "#0"},
				"down": {"uv": [3, 9.5, 13, 10], "texture": "#0"}
			}
		},
		{
			"from": [3, 4.5, 0.5],
			"to": [13, 5.5, 1.5],
			"faces": {
				"north": {"uv": [3, 10.5, 13, 11.5], "texture": "#0"},
				"east": {"uv": [4, 10.5, 3, 11.5], "texture": "#0"},
				"south": {"uv": [13, 10.5, 3, 11.5], "texture": "#0"},
				"west": {"uv": [13, 10.5, 12, 11.5], "texture": "#0"},
				"up": {"uv": [3, 10.5, 13, 11.5], "texture": "#0"},
				"down": {"uv": [3, 11, 13, 11.5], "texture": "#0"}
			}
		},
		{
			"from": [3, 2, 0.5],
			"to": [13, 4, 1.5],
			"faces": {
				"north": {"uv": [3, 12, 13, 14], "texture": "#0"},
				"east": {"uv": [4, 12, 3, 14], "texture": "#0"},
				"south": {"uv": [13, 12, 3, 14], "texture": "#0"},
				"west": {"uv": [13, 12, 12, 14], "texture": "#0"},
				"up": {"uv": [3, 12, 13, 13], "texture": "#0"},
				"down": {"uv": [3, 13.5, 13, 14], "texture": "#0"}
			}
		},
		{
			"from": [3, 4, 0.5],
			"to": [5.5, 6, 1.5],
			"faces": {
				"north": {"uv": [10.5, 10, 13, 12], "texture": "#0"},
				"east": {"uv": [10.5, 10, 11, 12], "texture": "#0"},
				"south": {"uv": [13, 10, 10.5, 12], "texture": "#0"},
				"west": {"uv": [13, 10, 12, 12], "texture": "#0"},
				"up": {"uv": [10.5, 10, 13, 12], "texture": "#0"},
				"down": {"uv": [10.5, 10, 13, 12], "texture": "#0"}
			}
		},
		{
			"from": [10.5, 4, 0.5],
			"to": [13, 6, 1.5],
			"faces": {
				"north": {"uv": [3, 10, 5.5, 12], "texture": "#0"},
				"east": {"uv": [4, 10, 3, 12], "texture": "#0"},
				"south": {"uv": [5.5, 10, 3, 12], "texture": "#0"},
				"west": {"uv": [5, 10, 5.5, 12], "texture": "#0"},
				"up": {"uv": [10.5, 10, 13, 12], "texture": "#0"},
				"down": {"uv": [10.5, 10, 13, 12], "texture": "#0"}
			}
		},
		{
			"from": [6.5, 4, 0.5],
			"to": [7.5, 6, 1.5],
			"faces": {
				"north": {"uv": [8.5, 10, 9.5, 12], "texture": "#0"},
				"east": {"uv": [8.5, 10, 9, 12], "texture": "#0"},
				"south": {"uv": [8.5, 10, 9.5, 12], "texture": "#0"},
				"west": {"uv": [9, 10, 9.5, 12], "texture": "#0"},
				"up": {"uv": [8.5, 10, 9.5, 12], "texture": "#0"},
				"down": {"uv": [8.5, 10, 9.5, 12], "texture": "#0"}
			}
		},
		{
			"from": [8.5, 4, 0.5],
			"to": [9.5, 6, 1.5],
			"faces": {
				"north": {"uv": [6.5, 10, 7.5, 12], "texture": "#0"},
				"east": {"uv": [6.5, 10, 7, 12], "texture": "#0"},
				"south": {"uv": [6.5, 10, 7.5, 12], "texture": "#0"},
				"west": {"uv": [7, 10, 7.5, 12], "texture": "#0"},
				"up": {"uv": [8.5, 10, 9.5, 12], "texture": "#0"},
				"down": {"uv": [8.5, 10, 9.5, 12], "texture": "#0"}
			}
		},
		{
			"from": [0.5, 3.5, 1.5],
			"to": [1.5, 6, 14.5],
			"faces": {
				"north": {"uv": [1.5, 10, 14.5, 12.5], "texture": "#2"},
				"east": {"uv": [1.5, 10, 14.5, 12.5], "texture": "#2"},
				"south": {"uv": [1.5, 10, 14.5, 12.5], "texture": "#2"},
				"west": {"uv": [1.5, 10, 14.5, 12.5], "texture": "#2"},
				"up": {"uv": [1.5, 10, 14.5, 11], "rotation": 270, "texture": "#2"},
				"down": {"uv": [1.5, 11.5, 14.5, 12.5], "rotation": 90, "texture": "#2"}
			}
		},
		{
			"from": [1.5, 3.5, 14.5],
			"to": [14.5, 6, 15.5],
			"faces": {
				"north": {"uv": [1.5, 10, 14.5, 12.5], "texture": "#2"},
				"east": {"uv": [1.5, 10, 14.5, 12.5], "texture": "#2"},
				"south": {"uv": [1.5, 10, 14.5, 12.5], "texture": "#2"},
				"west": {"uv": [1.5, 10, 14.5, 12.5], "texture": "#2"},
				"up": {"uv": [1.5, 10, 14.5, 11], "rotation": 180, "texture": "#2"},
				"down": {"uv": [1.5, 11.5, 14.5, 12.5], "rotation": 180, "texture": "#2"}
			}
		},
		{
			"from": [14.5, 3.5, 1.5],
			"to": [15.5, 6, 14.5],
			"faces": {
				"north": {"uv": [1.5, 10, 14.5, 12.5], "texture": "#2"},
				"east": {"uv": [1.5, 10, 14.5, 12.5], "texture": "#2"},
				"south": {"uv": [1.5, 10, 14.5, 12.5], "texture": "#2"},
				"west": {"uv": [1.5, 10, 14.5, 12.5], "texture": "#2"},
				"up": {"uv": [1.5, 10, 14.5, 11], "rotation": 90, "texture": "#2"},
				"down": {"uv": [1.5, 11.5, 14.5, 12.5], "rotation": 270, "texture": "#2"}
			}
		},
		{
			"from": [0.5, 2, 3.5],
			"to": [2, 4, 5.5],
			"faces": {
				"north": {"uv": [3.5, 12, 5.5, 14], "texture": "#2"},
				"east": {"uv": [3.5, 12, 5.5, 14], "texture": "#2"},
				"south": {"uv": [3.5, 12, 5.5, 14], "texture": "#2"},
				"west": {"uv": [3.5, 12, 5.5, 14], "texture": "#2"},
				"up": {"uv": [3.5, 12, 5.5, 14], "texture": "#2"},
				"down": {"uv": [3.5, 12, 5.5, 14], "texture": "#2"}
			}
		},
		{
			"from": [0.5, 2, 7],
			"to": [2, 4, 9],
			"faces": {
				"north": {"uv": [7, 12, 9, 14], "texture": "#2"},
				"east": {"uv": [7, 12, 9, 14], "texture": "#2"},
				"south": {"uv": [7, 12, 9, 14], "texture": "#2"},
				"west": {"uv": [7, 12, 9, 14], "texture": "#2"},
				"up": {"uv": [7, 12, 9, 14], "texture": "#2"},
				"down": {"uv": [7, 12, 9, 14], "texture": "#2"}
			}
		},
		{
			"from": [0.5, 2, 10.5],
			"to": [2, 4, 12.5],
			"faces": {
				"north": {"uv": [10.5, 12, 12.5, 14], "texture": "#2"},
				"east": {"uv": [10.5, 12, 12.5, 14], "texture": "#2"},
				"south": {"uv": [10.5, 12, 12.5, 14], "texture": "#2"},
				"west": {"uv": [10.5, 12, 12.5, 14], "texture": "#2"},
				"up": {"uv": [10.5, 12, 12.5, 14], "texture": "#2"},
				"down": {"uv": [10.5, 12, 12.5, 14], "texture": "#2"}
			}
		},
		{
			"from": [3.5, 2, 14],
			"to": [5.5, 4, 15.5],
			"faces": {
				"north": {"uv": [3.5, 12, 5.5, 14], "texture": "#2"},
				"east": {"uv": [3.5, 12, 5.5, 14], "texture": "#2"},
				"south": {"uv": [3.5, 12, 5.5, 14], "texture": "#2"},
				"west": {"uv": [3.5, 12, 5.5, 14], "texture": "#2"},
				"up": {"uv": [3.5, 12, 5.5, 14], "rotation": 270, "texture": "#2"},
				"down": {"uv": [3.5, 12, 5.5, 14], "rotation": 90, "texture": "#2"}
			}
		},
		{
			"from": [7, 2, 14],
			"to": [9, 4, 15.5],
			"faces": {
				"north": {"uv": [7, 12, 9, 14], "texture": "#2"},
				"east": {"uv": [7, 12, 9, 14], "texture": "#2"},
				"south": {"uv": [7, 12, 9, 14], "texture": "#2"},
				"west": {"uv": [7, 12, 9, 14], "texture": "#2"},
				"up": {"uv": [7, 12, 9, 14], "rotation": 270, "texture": "#2"},
				"down": {"uv": [7, 12, 9, 14], "rotation": 90, "texture": "#2"}
			}
		},
		{
			"from": [10.5, 2, 14],
			"to": [12.5, 4, 15.5],
			"faces": {
				"north": {"uv": [10.5, 12, 12.5, 14], "texture": "#2"},
				"east": {"uv": [10.5, 12, 12.5, 14], "texture": "#2"},
				"south": {"uv": [10.5, 12, 12.5, 14], "texture": "#2"},
				"west": {"uv": [10.5, 12, 12.5, 14], "texture": "#2"},
				"up": {"uv": [10.5, 12, 12.5, 14], "rotation": 270, "texture": "#2"},
				"down": {"uv": [10.5, 12, 12.5, 14], "rotation": 90, "texture": "#2"}
			}
		},
		{
			"from": [14, 2, 10.5],
			"to": [15.5, 4, 12.5],
			"faces": {
				"north": {"uv": [3.5, 12, 5.5, 14], "texture": "#2"},
				"east": {"uv": [3.5, 12, 5.5, 14], "texture": "#2"},
				"south": {"uv": [3.5, 12, 5.5, 14], "texture": "#2"},
				"west": {"uv": [3.5, 12, 5.5, 14], "texture": "#2"},
				"up": {"uv": [3.5, 12, 5.5, 14], "rotation": 180, "texture": "#2"},
				"down": {"uv": [3.5, 12, 5.5, 14], "rotation": 180, "texture": "#2"}
			}
		},
		{
			"from": [14, 2, 7],
			"to": [15.5, 4, 9],
			"faces": {
				"north": {"uv": [7, 12, 9, 14], "texture": "#2"},
				"east": {"uv": [7, 12, 9, 14], "texture": "#2"},
				"south": {"uv": [7, 12, 9, 14], "texture": "#2"},
				"west": {"uv": [7, 12, 9, 14], "texture": "#2"},
				"up": {"uv": [7, 12, 9, 14], "rotation": 180, "texture": "#2"},
				"down": {"uv": [7, 12, 9, 14], "rotation": 180, "texture": "#2"}
			}
		},
		{
			"from": [14, 2, 3.5],
			"to": [15.5, 4, 5.5],
			"faces": {
				"north": {"uv": [10.5, 12, 12.5, 14], "texture": "#2"},
				"east": {"uv": [10.5, 12, 12.5, 14], "texture": "#2"},
				"south": {"uv": [10.5, 12, 12.5, 14], "texture": "#2"},
				"west": {"uv": [10.5, 12, 12.5, 14], "texture": "#2"},
				"up": {"uv": [10.5, 12, 12.5, 14], "rotation": 180, "texture": "#2"},
				"down": {"uv": [10.5, 12, 12.5, 14], "rotation": 180, "texture": "#2"}
			}
		},
		{
			"from": [3.5, 7.5, 1],
			"to": [4.5, 11, 2],
			"faces": {
				"north": {"uv": [11.5, 5, 12.5, 8.5], "texture": "#0"},
				"east": {"uv": [11.5, 5, 12, 8.5], "texture": "#0"},
				"south": {"uv": [11.5, 5, 12.5, 8.5], "texture": "#0"},
				"west": {"uv": [12, 5, 12.5, 8.5], "texture": "#0"},
				"up": {"uv": [11.5, 5, 12.5, 6], "texture": "#0"},
				"down": {"uv": [11.5, 5, 12.5, 8.5], "texture": "#0"}
			}
		},
		{
			"from": [11.5, 7.5, 1],
			"to": [12.5, 11, 2],
			"faces": {
				"north": {"uv": [3.5, 5, 4.5, 8.5], "texture": "#0"},
				"east": {"uv": [3.5, 5, 4, 8.5], "texture": "#0"},
				"south": {"uv": [3.5, 5, 4.5, 8.5], "texture": "#0"},
				"west": {"uv": [4, 5, 4.5, 8.5], "texture": "#0"},
				"up": {"uv": [3.5, 5, 4.5, 6], "texture": "#0"},
				"down": {"uv": [3.5, 5, 4.5, 8.5], "texture": "#0"}
			}
		},
		{
			"from": [11, 10.5, 1],
			"to": [12, 11.5, 2],
			"faces": {
				"north": {"uv": [4, 4.5, 5, 5.5], "texture": "#0"},
				"east": {"uv": [4, 4.5, 4.5, 5.5], "texture": "#0"},
				"south": {"uv": [4, 4.5, 5, 5.5], "texture": "#0"},
				"west": {"uv": [4.5, 4.5, 5, 5.5], "texture": "#0"},
				"up": {"uv": [4, 4.5, 5, 5], "texture": "#0"},
				"down": {"uv": [4, 5, 5, 5.5], "texture": "#0"}
			}
		},
		{
			"from": [4, 10.5, 1],
			"to": [5, 11.5, 2],
			"faces": {
				"north": {"uv": [11, 4.5, 12, 5.5], "texture": "#0"},
				"east": {"uv": [11, 4.5, 11.5, 5.5], "texture": "#0"},
				"south": {"uv": [11, 4.5, 12, 5.5], "texture": "#0"},
				"west": {"uv": [11.5, 4.5, 12, 5.5], "texture": "#0"},
				"up": {"uv": [11, 4.5, 12, 5], "texture": "#0"},
				"down": {"uv": [11, 5, 12, 5.5], "texture": "#0"}
			}
		},
		{
			"from": [4.5, 11, 1],
			"to": [11.5, 12, 2],
			"faces": {
				"north": {"uv": [4.5, 4, 11.5, 5], "texture": "#0"},
				"east": {"uv": [4.5, 4, 5, 5], "texture": "#0"},
				"south": {"uv": [4.5, 4, 11.5, 5], "texture": "#0"},
				"west": {"uv": [11, 4, 11.5, 5], "texture": "#0"},
				"up": {"uv": [4.5, 4, 11.5, 5], "texture": "#0"},
				"down": {"uv": [4.5, 4, 11.5, 5], "texture": "#0"}
			}
		},
		{
			"from": [6, 11.5, 1],
			"to": [10, 12.5, 2],
			"faces": {
				"north": {"uv": [6, 3.5, 10, 4.5], "texture": "#0"},
				"east": {"uv": [6, 3.5, 6.5, 4.5], "texture": "#0"},
				"south": {"uv": [6, 3.5, 10, 4.5], "texture": "#0"},
				"west": {"uv": [9.5, 3.5, 10, 4.5], "texture": "#0"},
				"up": {"uv": [6, 3.5, 10, 4], "rotation": 180, "texture": "#0"},
				"down": {"uv": [6, 4, 10, 4.5], "texture": "#0"}
			}
		},
		{
			"from": [6.5, 12.5, 1],
			"to": [9.5, 13, 2],
			"faces": {
				"north": {"uv": [6.5, 3, 9.5, 3.5], "rotation": 180, "texture": "#0"},
				"east": {"uv": [6.5, 3, 7, 3.5], "rotation": 180, "texture": "#0"},
				"south": {"uv": [6.5, 3, 9.5, 3.5], "rotation": 180, "texture": "#0"},
				"west": {"uv": [9, 3, 9.5, 3.5], "rotation": 180, "texture": "#0"},
				"up": {"uv": [6.5, 3, 9.5, 3.5], "rotation": 180, "texture": "#0"},
				"down": {"uv": [6.5, 3, 9.5, 3.5], "rotation": 180, "texture": "#0"}
			}
		}
	],
	"display": {
		"thirdperson_righthand": {
			"rotation": [75, 45, 0],
			"translation": [0, 2.5, 0],
			"scale": [0.375, 0.375, 0.375]
		},
		"thirdperson_lefthand": {
			"rotation": [75, 45, 0],
			"translation": [0, 2.5, 0],
			"scale": [0.375, 0.375, 0.375]
		},
		"firstperson_righthand": {
			"rotation": [0, 135, 0],
			"scale": [0.4, 0.4, 0.4]
		},
		"firstperson_lefthand": {
			"rotation": [0, 135, 0],
			"scale": [0.4, 0.4, 0.4]
		},
		"ground": {
			"translation": [0, 3, 0],
			"scale": [0.25, 0.25, 0.25]
		},
		"gui": {
			"rotation": [30, -135, 0],
			"scale": [0.625, 0.625, 0.625]
		},
		"head": {
			"scale": [1.1, 1.1, 1.1]
		},
		"fixed": {
			"translation": [0, 0, -1],
			"scale": [0.75, 0.75, 0.75]
		}
	}
}