{
	"credit": "Made by SyndiShanX",
	"textures": {
		"4": "block/bee_nest_inside",
		"5": "block/bee_nest_inside_honey",
		"particle": "block/bee_nest_top",
		"top": "block/bee_nest_top",
		"bottom": "block/bee_nest_bottom",
		"side": "block/bee_nest_side",
		"front": "block/bee_nest/4"
	},
	"elements": [
		{
			"from": [0, 0, 0],
			"to": [5.5, 16, 16],
			"faces": {
				"north": {"uv": [10.5, 0, 16, 16], "texture": "#front"},
				"east": {"uv": [0, 0, 16, 16], "texture": "#4"},
				"south": {"uv": [0, 0, 5.5, 16], "texture": "#side"},
				"west": {"uv": [0, 0, 16, 16], "texture": "#side"},
				"up": {"uv": [0, 0, 5.5, 16], "texture": "#top"},
				"down": {"uv": [0, 0, 5.5, 16], "texture": "#bottom"}
			}
		},
		{
			"from": [10.5, 0, 0],
			"to": [16, 16, 16],
			"faces": {
				"north": {"uv": [0, 0, 5.5, 16], "texture": "#front"},
				"east": {"uv": [0, 0, 16, 16], "texture": "#side"},
				"south": {"uv": [10.5, 0, 16, 16], "texture": "#side"},
				"west": {"uv": [0, 0, 16, 16], "texture": "#4"},
				"up": {"uv": [10.5, 0, 16, 16], "texture": "#top"},
				"down": {"uv": [10.5, 0, 16, 16], "texture": "#bottom"}
			}
		},
		{
			"from": [5.5, 0, 0],
			"to": [10.5, 8, 16],
			"faces": {
				"north": {"uv": [5.5, 8, 10.5, 16], "texture": "#front"},
				"east": {"uv": [0, 0, 16, 16], "texture": "#side"},
				"south": {"uv": [5.5, 8, 10.5, 16], "texture": "#side"},
				"west": {"uv": [0, 0, 16, 16], "texture": "#side"},
				"up": {"uv": [5.5, 0, 10.5, 16], "texture": "#5"},
				"down": {"uv": [5.5, 0, 10.5, 16], "texture": "#bottom"}
			}
		},
		{
			"from": [5.5, 8, 10.5],
			"to": [10.5, 9, 16],
			"faces": {
				"north": {"uv": [5.5, 7, 10.5, 8], "texture": "#4"},
				"south": {"uv": [5.5, 7, 10.5, 8], "texture": "#side"}
			}
		},
		{
			"from": [5.5, 9, 0],
			"to": [10.5, 16, 16],
			"faces": {
				"north": {"uv": [5.5, 0, 10.5, 7], "texture": "#front"},
				"south": {"uv": [5.5, 0, 10.5, 7.5], "texture": "#side"},
				"up": {"uv": [5.5, 0, 10.5, 16], "texture": "#top"},
				"down": {"uv": [5.5, 0, 10.5, 16], "texture": "#4"}
			}
		},
		{
			"from": [9.5, 8, 0],
			"to": [10.5, 8.5, 10.5],
			"faces": {
				"north": {"uv": [5.5, 7.5, 6.5, 8], "texture": "#front"},
				"west": {"uv": [0, 7.5, 10.5, 8], "texture": "#4"}
			}
		},
		{
			"from": [9, 8.5, 0],
			"to": [10.5, 9, 10.5],
			"faces": {
				"north": {"uv": [5.5, 7, 7, 7.5], "texture": "#front"},
				"west": {"uv": [0, 7, 10.5, 7.5], "texture": "#4"}
			}
		},
		{
			"from": [5.5, 8, 0],
			"to": [6.5, 8.5, 10.5],
			"faces": {
				"north": {"uv": [9.5, 7.5, 10.5, 8], "texture": "#front"},
				"east": {"uv": [5.5, 7.5, 16, 8], "texture": "#4"}
			}
		},
		{
			"from": [5.5, 8.5, 0],
			"to": [7, 9, 10.5],
			"faces": {
				"north": {"uv": [9, 7, 10.5, 7.5], "texture": "#front"},
				"east": {"uv": [5.5, 7, 16, 7.5], "texture": "#4"}
			}
		}
	],
	"display": {
		"firstperson_righthand": {
			"rotation": [0, 135, 0],
			"scale": [0.4, 0.4, 0.4]
		}
	}
}