{
	"credit": "Made with Blockbench",
	"parent": "block/block",
	"texture_size": [32, 32],
	"textures": {
		"0": "block/framed_stone_wall",
		"particle": "block/framed_stone_wall"
	},
	"elements": [
		{
			"from": [8.41225, -0.00071, -1.07098],
			"to": [8.41225, 14.99929, 1.75745],
			"shade": false,
			"rotation": {"angle": 45, "axis": "y", "origin": [7.99977, 7.49929, 3.58381]},
			"faces": {
				"west": {"uv": [4.5, 8.5, 6, 16], "texture": "#0", "cullface": "north"}
			}
		},
		{
			"from": [9.82645, 0, 3.16996],
			"to": [12.65488, 15, 3.16996],
			"shade": false,
			"rotation": {"angle": 45, "axis": "y", "origin": [7.99976, 7.5, 3.5831]},
			"faces": {
				"south": {"uv": [0, 8.5, 1.5, 16], "texture": "#0", "cullface": "north"}
			}
		},
		{
			"from": [6.325, 0.25, 1.25],
			"to": [9.7, 15.25, 3.75],
			"shade": false,
			"rotation": {"angle": 0, "axis": "y", "origin": [7.99976, 7.5, 3.5831]},
			"faces": {
				"east": {"uv": [0, 6.5, 7.5, 7.75], "rotation": 270, "texture": "#0", "cullface": "north"},
				"west": {"uv": [0, 6.5, 7.5, 7.75], "rotation": 270, "texture": "#0", "cullface": "north"}
			}
		},
		{
			"from": [5, 0, 0],
			"to": [11, 15, 0],
			"shade": false,
			"faces": {
				"north": {"uv": [1.5, 8.5, 4.5, 16], "texture": "#0", "cullface": "north"}
			}
		}
	]
}