{
	"credit": "Made with Blockbench",
	"parent": "block/block",
	"texture_size": [32, 32],
	"textures": {
		"0": "block/framed_stone_wall",
		"particle": "block/framed_stone_wall"
	},
	"elements": [
		{
			"from": [7, 13, 13],
			"to": [9, 13, 16],
			"shade": false,
			"faces": {
				"down": {"uv": [15, 1.5, 13.5, 2.5], "rotation": 270, "texture": "#0"}
			}
		},
		{
			"from": [5.99509, 12.63028, 11],
			"to": [5.99509, 15.45871, 16],
			"shade": false,
			"rotation": {"angle": -45, "axis": "z", "origin": [7.94384, 9.18789, 8]},
			"faces": {
				"east": {"uv": [16, 1.5, 13.5, 0], "rotation": 180, "texture": "#0"}
			}
		},
		{
			"from": [10.00591, 12.63028, 11],
			"to": [10.00591, 15.45871, 16],
			"shade": false,
			"rotation": {"angle": 45, "axis": "z", "origin": [8.05616, 9.18789, 8]},
			"faces": {
				"west": {"uv": [16, 4, 13.5, 2.5], "texture": "#0"}
			}
		},
		{
			"from": [7, 2, 13],
			"to": [9, 2, 16],
			"shade": false,
			"faces": {
				"up": {"uv": [15, 6.5, 13.5, 5.5], "rotation": 90, "texture": "#0"}
			}
		},
		{
			"from": [5.28798, -0.16581, 11],
			"to": [5.28798, 2.66261, 16],
			"shade": false,
			"rotation": {"angle": 45, "axis": "z", "origin": [7.94384, 6.81211, 8]},
			"faces": {
				"east": {"uv": [16, 8, 13.5, 6.5], "rotation": 180, "texture": "#0"}
			}
		},
		{
			"from": [10.71302, -0.16581, 11],
			"to": [10.71302, 2.66261, 16],
			"shade": false,
			"rotation": {"angle": -45, "axis": "z", "origin": [8.05616, 6.81211, 8]},
			"faces": {
				"west": {"uv": [16, 5.5, 13.5, 4], "texture": "#0"}
			}
		},
		{
			"from": [7, 2, 13],
			"to": [9, 13, 13],
			"shade": false,
			"faces": {
				"south": {"uv": [6, 9.5, 7, 15], "texture": "#0"}
			}
		},
		{
			"from": [5, 15, 11],
			"to": [11, 16, 16],
			"shade": false,
			"faces": {
				"east": {"uv": [2.5, 0, 5, 0.5], "texture": "#0"},
				"south": {"uv": [1.5, 8, 4.5, 8.5], "texture": "#0", "cullface": "south"},
				"west": {"uv": [0, 0, 2.5, 0.5], "texture": "#0"},
				"up": {"uv": [0, 0.5, 2.5, 3.5], "rotation": 90, "texture": "#0"}
			}
		},
		{
			"from": [5, 0, 11],
			"to": [11, 0, 16],
			"shade": false,
			"faces": {
				"down": {"uv": [2.5, 3.5, 5, 6.5], "rotation": 90, "texture": "#0"}
			}
		},
		{
			"from": [7, 13, 0],
			"to": [9, 13, 3],
			"shade": false,
			"faces": {
				"down": {"uv": [13.5, 1.5, 12, 2.5], "rotation": 270, "texture": "#0"}
			}
		},
		{
			"from": [5.99509, 12.63028, 0],
			"to": [5.99509, 15.45871, 5],
			"shade": false,
			"rotation": {"angle": -45, "axis": "z", "origin": [7.94384, 9.18789, 8]},
			"faces": {
				"east": {"uv": [11, 0, 13.5, 1.5], "texture": "#0"}
			}
		},
		{
			"from": [10.00591, 12.63028, 0],
			"to": [10.00591, 15.45871, 5],
			"shade": false,
			"rotation": {"angle": 45, "axis": "z", "origin": [8.05616, 9.18789, 8]},
			"faces": {
				"west": {"uv": [11, 2.5, 13.5, 4], "rotation": 180, "texture": "#0"}
			}
		},
		{
			"from": [7, 2, 0],
			"to": [9, 2, 3],
			"shade": false,
			"faces": {
				"up": {"uv": [12, 5.5, 13.5, 6.5], "rotation": 270, "texture": "#0"}
			}
		},
		{
			"from": [5.28798, -0.16581, 0],
			"to": [5.28798, 2.66261, 5],
			"shade": false,
			"rotation": {"angle": 45, "axis": "z", "origin": [7.94384, 6.81211, 8]},
			"faces": {
				"east": {"uv": [11, 6.5, 13.5, 8], "texture": "#0"}
			}
		},
		{
			"from": [10.71302, -0.16581, 0],
			"to": [10.71302, 2.66261, 5],
			"shade": false,
			"rotation": {"angle": -45, "axis": "z", "origin": [8.05616, 6.81211, 8]},
			"faces": {
				"west": {"uv": [11, 4, 13.5, 5.5], "rotation": 180, "texture": "#0"}
			}
		},
		{
			"from": [7, 2, 3],
			"to": [9, 13, 3],
			"shade": false,
			"faces": {
				"north": {"uv": [6, 9.5, 7, 15], "texture": "#0"}
			}
		},
		{
			"from": [5, 15, 0],
			"to": [11, 16, 5],
			"shade": false,
			"faces": {
				"north": {"uv": [1.5, 8, 4.5, 8.5], "texture": "#0", "cullface": "north"},
				"east": {"uv": [0, 0, 2.5, 0.5], "texture": "#0"},
				"west": {"uv": [2.5, 0, 5, 0.5], "texture": "#0"},
				"up": {"uv": [2.5, 0.5, 5, 3.5], "rotation": 90, "texture": "#0"}
			}
		},
		{
			"from": [4.99997, 0, 0],
			"to": [10.99997, 0, 5],
			"shade": false,
			"faces": {
				"down": {"uv": [0, 3.5, 2.5, 6.5], "rotation": 90, "texture": "#0", "cullface": "down"}
			}
		},
		{
			"from": [13, 13, 7],
			"to": [16, 13, 9],
			"shade": false,
			"faces": {
				"down": {"uv": [10, 1.5, 8.5, 2.5], "rotation": 180, "texture": "#0"}
			}
		},
		{
			"from": [11, 12.63028, 5.99509],
			"to": [16, 15.45871, 5.99509],
			"shade": false,
			"rotation": {"angle": 45, "axis": "x", "origin": [8, 9.18789, 7.94384]},
			"faces": {
				"south": {"uv": [7.5, 0, 10, 1.5], "texture": "#0"}
			}
		},
		{
			"from": [11, 12.63028, 10.00591],
			"to": [16, 15.45871, 10.00591],
			"shade": false,
			"rotation": {"angle": -45, "axis": "x", "origin": [8, 9.18789, 8.05616]},
			"faces": {
				"north": {"uv": [7.5, 2.5, 10, 4], "rotation": 180, "texture": "#0"}
			}
		},
		{
			"from": [13, 2, 7],
			"to": [16, 2, 9],
			"shade": false,
			"faces": {
				"up": {"uv": [8.5, 5.5, 10, 6.5], "texture": "#0"}
			}
		},
		{
			"from": [11, -0.16581, 5.28798],
			"to": [16, 2.66261, 5.28798],
			"shade": false,
			"rotation": {"angle": -45, "axis": "x", "origin": [8, 6.81211, 7.94384]},
			"faces": {
				"south": {"uv": [7.5, 6.5, 10, 8], "texture": "#0"}
			}
		},
		{
			"from": [11, -0.16581, 10.71302],
			"to": [16, 2.66261, 10.71302],
			"shade": false,
			"rotation": {"angle": 45, "axis": "x", "origin": [8, 6.81211, 8.05616]},
			"faces": {
				"north": {"uv": [7.5, 4, 10, 5.5], "rotation": 180, "texture": "#0"}
			}
		},
		{
			"from": [13, 2, 7],
			"to": [13, 13, 9],
			"shade": false,
			"faces": {
				"east": {"uv": [6, 9.5, 7, 15], "texture": "#0"}
			}
		},
		{
			"from": [7.61236, 0, 13.06616],
			"to": [10.44079, 15, 13.06616],
			"shade": false,
			"rotation": {"angle": 45, "axis": "y", "origin": [6.81211, 8, 7.94384]},
			"faces": {
				"south": {"uv": [11.5, 8.5, 13, 16], "texture": "#0"}
			}
		},
		{
			"from": [11, 15, 5],
			"to": [16, 16, 11],
			"shade": false,
			"faces": {
				"north": {"uv": [2.5, 8, 5, 8.5], "texture": "#0"},
				"east": {"uv": [0, 0, 3, 0.5], "texture": "#0"},
				"south": {"uv": [0, 8, 2.5, 8.5], "texture": "#0"},
				"up": {"uv": [2.5, 8.5, 5, 11.5], "rotation": 180, "texture": "#0"}
			}
		},
		{
			"from": [11, 0, 4.99997],
			"to": [16, 0, 10.99997],
			"shade": false,
			"faces": {
				"down": {"uv": [0, 11.5, 2.5, 14.5], "texture": "#0", "cullface": "down"}
			}
		},
		{
			"name": "West Diagonal",
			"from": [2.93484, 0, 5.55921],
			"to": [2.93484, 15, 8.38764],
			"shade": false,
			"rotation": {"angle": -45, "axis": "y", "origin": [8.05616, 8, 9.18789]},
			"faces": {
				"west": {"uv": [0, 8.5, 1.5, 16], "texture": "#0"}
			}
		},
		{
			"name": "East Diagonal",
			"from": [13.06616, 0, 5.55921],
			"to": [13.06616, 15, 8.38764],
			"shade": false,
			"rotation": {"angle": 45, "axis": "y", "origin": [7.94384, 8, 9.18789]},
			"faces": {
				"east": {"uv": [4.5, 8.5, 6, 16], "texture": "#0"}
			}
		},
		{
			"name": "North Diagonal",
			"from": [7.23928, 0, 3.94988],
			"to": [10.06771, 15, 3.94988],
			"shade": false,
			"rotation": {"angle": -45, "axis": "y", "origin": [7.85324, 8, 9.01504]},
			"faces": {
				"north": {"uv": [7, 8.5, 8.5, 16], "texture": "#0"}
			}
		},
		{
			"name": "South Diagonal",
			"from": [8.65136, 0, 12.63479],
			"to": [11.47979, 15, 12.63479],
			"shade": false,
			"rotation": {"angle": 45, "axis": "y", "origin": [7.85111, 8, 8.98284]},
			"faces": {
				"south": {"uv": [11.5, 8.5, 13, 16], "texture": "#0"}
			}
		},
		{
			"name": "Inner Corner",
			"from": [5.61378, 0, 0.93342],
			"to": [11.27058, 15, 0.93342],
			"shade": false,
			"rotation": {"angle": -45, "axis": "y", "origin": [4.81352, 8, 6.05474]},
			"faces": {
				"north": {"uv": [13, 8.5, 16, 16], "texture": "#0"}
			}
		},
		{
			"from": [8.41225, -0.00071, -1.07098],
			"to": [8.41225, 14.99929, 1.75745],
			"shade": false,
			"rotation": {"angle": 45, "axis": "y", "origin": [7.99977, 7.49929, 3.58381]},
			"faces": {
				"west": {"uv": [4.5, 8.5, 6, 16], "texture": "#0", "cullface": "north"}
			}
		},
		{
			"from": [9.82645, 0, 3.16996],
			"to": [12.65488, 15, 3.16996],
			"shade": false,
			"rotation": {"angle": 45, "axis": "y", "origin": [7.99976, 7.5, 3.5831]},
			"faces": {
				"south": {"uv": [0, 8.5, 1.5, 16], "texture": "#0", "cullface": "north"}
			}
		},
		{
			"from": [6.325, 0.25, 1.25],
			"to": [9.7, 15.25, 3.75],
			"shade": false,
			"rotation": {"angle": 0, "axis": "y", "origin": [7.99976, 7.5, 3.5831]},
			"faces": {
				"east": {"uv": [0, 6.5, 7.5, 7.75], "rotation": 270, "texture": "#0", "cullface": "north"},
				"west": {"uv": [0, 6.5, 7.5, 7.75], "rotation": 270, "texture": "#0", "cullface": "north"}
			}
		},
		{
			"from": [5, 0, 0],
			"to": [11, 15, 0],
			"shade": false,
			"faces": {
				"north": {"uv": [1.5, 8.5, 4.5, 16], "texture": "#0", "cullface": "north"}
			}
		},
		{
			"name": "Post",
			"from": [5, 0, 5],
			"to": [11, 16, 11],
			"shade": false,
			"faces": {
				"up": {"uv": [5, 0.5, 8, 3.5], "rotation": 90, "texture": "#0", "cullface": "up"},
				"down": {"uv": [5, 3.5, 8, 6.5], "rotation": 90, "texture": "#0", "cullface": "down"}
			}
		},
		{
			"name": "Post Side NS",
			"from": [5, 0, 5],
			"to": [11, 16, 5],
			"shade": false,
			"faces": {
				"north": {"uv": [8.5, 8, 11.5, 16], "texture": "#0"}
			}
		},
		{
			"name": "Post Side EW",
			"from": [11, 0, 5],
			"to": [11, 16, 11],
			"shade": false,
			"faces": {
				"east": {"uv": [1.5, 8, 4.5, 16], "texture": "#0"}
			}
		}
	],
	"groups": [
		{
			"name": "group",
			"shade": false,
			"origin": [8, 8, 8],
			"children": [
				{
					"name": "South",
					"shade": false,
					"origin": [8.05616, 8, 9.18789],
					"children": [
						{
							"name": "group",
							"shade": false,
							"origin": [8.05616, 8, 9.18789],
							"children": [0, 1, 2]
						},
						{
							"name": "group",
							"shade": false,
							"origin": [8.05616, 8, 9.18789],
							"children": [3, 4, 5]
						}, 6, 7, 8]
				},
				{
					"name": "North",
					"shade": false,
					"origin": [8.05616, 8, 9.18789],
					"children": [
						{
							"name": "group",
							"shade": false,
							"origin": [8.05616, 8, 9.18789],
							"children": [9, 10, 11]
						},
						{
							"name": "group",
							"shade": false,
							"origin": [8.05616, 8, 9.18789],
							"children": [12, 13, 14]
						}, 15, 16, 17]
				},
				{
					"name": "East",
					"shade": false,
					"origin": [8.05616, 8, 9.18789],
					"children": [
						{
							"name": "group",
							"shade": false,
							"origin": [8.05616, 8, 9.18789],
							"children": [18, 19, 20]
						},
						{
							"name": "group",
							"shade": false,
							"origin": [8.05616, 8, 9.18789],
							"children": [21, 22, 23]
						},
						{
							"name": "group",
							"shade": false,
							"origin": [8.05616, 8, 9.18789],
							"children": [24, 25]
						}, 26, 27]
				}, 28, 29, 30, 31, 32,
				{
					"name": "End",
					"shade": false,
					"origin": [8.00024, 7.5, 3.6669],
					"children": [33, 34, 35, 36]
				}, 37, 38, 39]
		}
	]
}