{
	"credit": "Made with Blockbench",
	"parent": "block/block",
	"texture_size": [32, 32],
	"textures": {
		"0": "block/framed_stone_wall",
		"particle": "block/framed_stone_wall"
	},
	"elements": [
		{
			"from": [7, 13, 13],
			"to": [9, 13, 16],
			"shade": false,
			"faces": {
				"down": {"uv": [15, 1.5, 13.5, 2.5], "rotation": 270, "texture": "#0"}
			}
		},
		{
			"from": [5.99509, 12.63028, 11],
			"to": [5.99509, 15.45871, 16],
			"shade": false,
			"rotation": {"angle": -45, "axis": "z", "origin": [7.94384, 9.18789, 8]},
			"faces": {
				"east": {"uv": [16, 1.5, 13.5, 0], "rotation": 180, "texture": "#0"}
			}
		},
		{
			"from": [10.00591, 12.63028, 11],
			"to": [10.00591, 15.45871, 16],
			"shade": false,
			"rotation": {"angle": 45, "axis": "z", "origin": [8.05616, 9.18789, 8]},
			"faces": {
				"west": {"uv": [16, 4, 13.5, 2.5], "texture": "#0"}
			}
		},
		{
			"from": [7, 2, 13],
			"to": [9, 2, 16],
			"shade": false,
			"faces": {
				"up": {"uv": [15, 6.5, 13.5, 5.5], "rotation": 90, "texture": "#0"}
			}
		},
		{
			"from": [5.28798, -0.16581, 11],
			"to": [5.28798, 2.66261, 16],
			"shade": false,
			"rotation": {"angle": 45, "axis": "z", "origin": [7.94384, 6.81211, 8]},
			"faces": {
				"east": {"uv": [16, 8, 13.5, 6.5], "rotation": 180, "texture": "#0"}
			}
		},
		{
			"from": [10.71302, -0.16581, 11],
			"to": [10.71302, 2.66261, 16],
			"shade": false,
			"rotation": {"angle": -45, "axis": "z", "origin": [8.05616, 6.81211, 8]},
			"faces": {
				"west": {"uv": [16, 5.5, 13.5, 4], "texture": "#0"}
			}
		},
		{
			"from": [7, 2, 13],
			"to": [9, 13, 13],
			"shade": false,
			"faces": {
				"south": {"uv": [6, 9.5, 7, 15], "texture": "#0"}
			}
		},
		{
			"from": [5, 15, 11],
			"to": [11, 16, 16],
			"shade": false,
			"faces": {
				"east": {"uv": [2.5, 0, 5, 0.5], "texture": "#0"},
				"south": {"uv": [1.5, 8, 4.5, 8.5], "texture": "#0", "cullface": "south"},
				"west": {"uv": [0, 0, 2.5, 0.5], "texture": "#0"},
				"up": {"uv": [0, 0.5, 2.5, 3.5], "rotation": 90, "texture": "#0"}
			}
		},
		{
			"from": [5, 0, 11],
			"to": [11, 0, 16],
			"shade": false,
			"faces": {
				"down": {"uv": [2.5, 3.5, 5, 6.5], "rotation": 90, "texture": "#0"}
			}
		}
	]
}