{ "textures": {
    "0": "block/andesite_wall"
  },
  "elements": [
    { "from": [5, 15, 12],
      "to": [11, 16, 16],
      "faces": {
        "east": {"uv": [8, 10.25, 6, 10.75], "texture": "#0"},
        "south": {"uv": [2.25, 10.25, 5.25, 10.75], "texture": "#0", "cullface": "north"},
        "west": {"uv": [6, 10.25, 8, 10.75], "texture": "#0"},
        "up": {"uv": [6, 7.25, 8, 10.25], "rotation": 90, "texture": "#0"},
        "down": {"uv": [16, 8, 14, 11], "rotation": 90, "texture": "#0"}
      }
    },
    { "from": [5.5, 14.5, 11.5],
      "to": [10.5, 15, 16],
      "faces": {
        "east": {"uv": [8, 10.75, 5.75, 11], "texture": "#0"},
        "south": {"uv": [2.25, 10.75, 5.25, 11], "texture": "#0", "cullface": "north"},
        "west": {"uv": [5.75, 10.75, 8, 11], "texture": "#0"},
        "down": {"uv": [16, 8.25, 13.75, 10.75], "rotation": 90, "texture": "#0"}
      }
    },
    { "from": [6, 2.5, 11],
      "to": [10, 12.5, 14],
      "faces": {
        "east": {"uv": [0.5, 1, 2, 6], "texture": "#0"},
        "south": {"uv": [5.5, 1, 3.5, 6], "texture": "#0"},
        "west": {"uv": [1, 1, 2.5, 6], "texture": "#0"}
      }
    },
    { "from": [5.5, 2, 12],
      "to": [10.5, 2.5, 14.5],
      "faces": {
        "east": {"uv": [0.25, 6, 1.5, 6.25], "texture": "#0"},
        "south": {"uv": [5.75, 6, 3.25, 6.25], "texture": "#0"},
        "west": {"uv": [1.5, 6, 2.75, 6.25], "texture": "#0"},
        "up": {"uv": [6.25, 14.5, 8.75, 13.25], "texture": "#0"}
      }
    },
    { "from": [5, 0, 12],
      "to": [11, 2, 15],
      "faces": {
        "east": {"uv": [0, 6.25, 1.5, 7.25], "texture": "#0"},
        "south": {"uv": [6, 6.25, 3, 7.25], "texture": "#0"},
        "west": {"uv": [1.5, 6.25, 3, 7.25], "texture": "#0"},
        "up": {"uv": [0, 14.5, 3, 13], "texture": "#0"},
        "down": {"uv": [3, 16, 6, 14.5], "texture": "#0"}
      }
    },
    { "from": [5.5, 4, 11],
      "to": [10.5, 4.5, 14.5],
      "faces": {
        "east": {"uv": [0.25, 5, 2, 5.25], "texture": "#0"},
        "south": {"uv": [5.75, 5, 3.25, 5.25], "texture": "#0"},
        "west": {"uv": [1, 5, 2.75, 5.25], "texture": "#0"},
        "down": {"uv": [6.25, 15.75, 8.75, 13.25], "texture": "#0"}
      }
    },
    { "from": [5, 4.5, 11],
      "to": [11, 7.5, 15],
      "faces": {
        "east": {"uv": [0, 3.5, 2, 5], "texture": "#0"},
        "south": {"uv": [6, 3.5, 3, 5], "texture": "#0"},
        "west": {"uv": [1, 3.5, 3, 5], "texture": "#0"},
        "up": {"uv": [0, 15, 3, 13], "texture": "#0"},
        "down": {"uv": [6, 16, 9, 14], "texture": "#0"}
      }
    },
    { "from": [5.5, 12.5, 11],
      "to": [10.5, 14.5, 14.5],
      "faces": {
        "east": {"uv": [0.25, 0, 2, 1], "texture": "#0"},
        "south": {"uv": [5.75, 0, 3.25, 1], "texture": "#0"},
        "west": {"uv": [1, 0, 2.75, 1], "texture": "#0"},
        "down": {"uv": [6.25, 15.75, 8.75, 14], "texture": "#0"}
      }
    }
  ]
}