{
	"credit": "Made by SyndiShanX",
	"textures": {
		"0": "block/lantern_model",
		"particle": "block/lantern_model"
	},
	"display": {
		"thirdperson_righthand": {
			"rotation": [75, 90, 0],
			"translation": [0, -2, -0.75],
			"scale": [0.75, 0.75, 0.75]
		},
		"thirdperson_lefthand": {
			"rotation": [75, 90, 0],
			"translation": [0, -2, -0.75],
			"scale": [0.75, 0.75, 0.75]
		},
		"firstperson_righthand": {
			"rotation": [25, 90, 0],
			"scale": [0.75, 0.75, 0.75]
		},
		"firstperson_lefthand": {
			"rotation": [25, 90, 0],
			"scale": [0.75, 0.75, 0.75]
		},
		"ground": {
			"translation": [0, 2, 0],
			"scale": [0.75, 0.75, 0.75]
		},
		"gui": {
			"translation": [0, 2, 0]
		},
		"head": {
			"translation": [0, 14.5, 0]
		},
		"fixed": {
			"translation": [0, 2, 0]
		}
	},
	"elements": [
		{
			"name": "Main",
			"from": [4, 0, 4],
			"to": [12, 9, 12],
			"faces": {
				"north": {"uv": [0, 0, 8, 9], "texture": "#0"},
				"east": {"uv": [0, 0, 8, 9], "texture": "#0"},
				"south": {"uv": [0, 0, 8, 9], "texture": "#0"},
				"west": {"uv": [0, 0, 8, 9], "texture": "#0"},
				"up": {"uv": [8, 0, 16, 8], "texture": "#0"},
				"down": {"uv": [8, 0, 16, 8], "texture": "#0"}
			}
		},
		{
			"name": "Handle Base 1",
			"from": [5.5, 9.05, 7],
			"to": [6.5, 10.55, 9],
			"faces": {
				"north": {"uv": [11, 2.5, 12, 4], "texture": "#0"},
				"east": {"uv": [8.5, 6, 10.5, 7.5], "texture": "#0"},
				"south": {"uv": [14, 4.5, 15, 6], "texture": "#0"},
				"west": {"uv": [9, 5, 11, 6.5], "texture": "#0"},
				"up": {"uv": [10, 1.5, 11, 3.5], "texture": "#0"},
				"down": {"uv": [0, 0, 1, 2], "texture": "#missing"}
			}
		},
		{
			"name": "Handle Base 2",
			"from": [9.5, 9, 7],
			"to": [10.5, 10.5, 9],
			"faces": {
				"north": {"uv": [10.5, 5, 11.5, 6.5], "texture": "#0"},
				"east": {"uv": [13.5, 5.5, 15.5, 7], "texture": "#0"},
				"south": {"uv": [10, 1, 11, 2.5], "texture": "#0"},
				"west": {"uv": [9.5, 5, 11.5, 6.5], "texture": "#0"},
				"up": {"uv": [10, 3, 11, 5], "texture": "#0"},
				"down": {"uv": [0, 0, 1, 2], "texture": "#missing"}
			}
		},
		{
			"name": "Handle Base 3",
			"from": [6.5, 10.5, 7],
			"to": [9.5, 11.5, 9],
			"faces": {
				"north": {"uv": [11.5, 1, 14.5, 2], "texture": "#0"},
				"east": {"uv": [9, 6, 11, 7], "texture": "#0"},
				"south": {"uv": [8.5, 6.5, 11.5, 7.5], "texture": "#0"},
				"west": {"uv": [13, 5, 15, 6], "texture": "#0"},
				"up": {"uv": [12, 1.5, 15, 3.5], "texture": "#0"},
				"down": {"uv": [10, 4.5, 13, 6.5], "texture": "#0"}
			}
		}
	],
	"display": {
		"thirdperson_righthand": {
			"rotation": [75, 90, 0],
			"translation": [0, -2, -0.75],
			"scale": [0.75, 0.75, 0.75]
		},
		"thirdperson_lefthand": {
			"rotation": [75, 90, 0],
			"translation": [0, -2, -0.75],
			"scale": [0.75, 0.75, 0.75]
		},
		"firstperson_righthand": {
			"rotation": [25, 90, 0],
			"scale": [0.75, 0.75, 0.75]
		},
		"firstperson_lefthand": {
			"rotation": [25, 90, 0],
			"scale": [0.75, 0.75, 0.75]
		},
		"ground": {
			"translation": [0, 2, 0],
			"scale": [0.75, 0.75, 0.75]
		},
		"gui": {
			"translation": [0, 2, 0]
		},
		"head": {
			"translation": [0, 14.5, 0]
		},
		"fixed": {
			"translation": [0, 2, 0]
		}
	},
	"groups": [
		{
			"name": "lantern",
			"children": [0, 1, 2, 3]
		}
	]
}