{ "variants": {
    "age=0": [
      { "model": "minecraft:block/plants/torchflower/stage0/0" },
      { "model": "minecraft:block/plants/torchflower/stage0/1" },
      { "model": "minecraft:block/plants/torchflower/stage0/2" },
      { "model": "minecraft:block/plants/torchflower/stage0/3" },
      { "model": "minecraft:block/plants/torchflower/stage0/4" },
      { "model": "minecraft:block/plants/torchflower/stage0/5" }
    ],
    "age=1": [
      { "model": "minecraft:block/plants/torchflower/stage1/0" },
      { "model": "minecraft:block/plants/torchflower/stage1/1" },
      { "model": "minecraft:block/plants/torchflower/stage1/2" },
      { "model": "minecraft:block/plants/torchflower/stage1/3" },
      { "model": "minecraft:block/plants/torchflower/stage1/4" },
      { "model": "minecraft:block/plants/torchflower/stage1/5" }
    ],
    "age=2": [
      { "model": "minecraft:block/plants/torchflower/stage2/0" },
      { "model": "minecraft:block/plants/torchflower/stage2/1" },
      { "model": "minecraft:block/plants/torchflower/stage2/2" },
      { "model": "minecraft:block/plants/torchflower/stage2/3" },
      { "model": "minecraft:block/plants/torchflower/stage2/4" },
      { "model": "minecraft:block/plants/torchflower/stage2/5" }
    ]
  }
}
