{ "ambientocclusion": false,
  "elements": [
    { "from": [5.6, -1, 1.3],
      "to": [11.6, 5, 7.3],
      "faces": {
        "north": {"uv": [6, 6, 0, 12], "texture": "#fruit"},
        "east": {"uv": [6, 6, 0, 12], "texture": "#fruit"},
        "south": {"uv": [6, 6, 0, 12], "texture": "#fruit"},
        "west": {"uv": [6, 6, 0, 12], "texture": "#fruit"},
        "up": {"uv": [0, 6, 6, 0], "texture": "#fruit"}
      }
    },
    { "from": [9, 5, 1.6],
      "to": [9, 13, 9.6],
      "shade": false,
      "rotation": {"angle": -45, "axis": "y", "origin": [9, 8.5, 4]},
      "faces": {
        "east": {"uv": [8, 0, 0, 8], "texture": "#stem"},
        "west": {"uv": [0, 0, 8, 8], "texture": "#stem"}
      }
    }
  ]
}