{ "ambientocclusion": false,
  "textures": {
    "particle": "#leaves"
  },
  "elements": [
    { "from": [0, -1, 8],
      "to": [16, 31, 8],
      "shade": false,
      "rotation": {"angle": 45, "axis": "y", "origin": [8, 7, 8]},
      "faces": {
        "north": {"uv": [12, 8, 8, 16], "texture": "#stem"},
        "south": {"uv": [8, 8, 12, 16], "texture": "#stem"}
      }
    },
    { "from": [2.4, 6, 9.4],
      "to": [6.4, 10, 13.4],
      "rotation": {"angle": -22.5, "axis": "y", "origin": [4, 7.5, 11.4]},
      "faces": {
        "north": {"uv": [6, 4, 10, 8], "texture": "#fruit"},
        "east": {"uv": [6, 4, 10, 8], "texture": "#fruit"},
        "south": {"uv": [6, 4, 10, 8], "texture": "#fruit"},
        "west": {"uv": [6, 4, 10, 8], "texture": "#fruit"},
        "up": {"uv": [6, 0, 10, 4], "texture": "#fruit"},
        "down": {"uv": [6, 0, 10, 4], "texture": "#fruit"}
      }
    },
    { "from": [3.8, 2.1, 2.6],
      "to": [9.8, 2.1, 8.6],
      "rotation": {"angle": -22.5, "axis": "x", "origin": [5.2, 2.1, 1.7]},
      "faces": {
        "up": {"uv": [10, 10, 16, 16], "texture": "#leaves"},
        "down": {"uv": [16, 10, 10, 16], "rotation": 180, "texture": "#leaves"}
      }
    },
    { "from": [5.3, 3.1, 7.1],
      "to": [14.3, 3.1, 16.1],
      "rotation": {"angle": 22.5, "axis": "x", "origin": [9.9, 3.1, 14]},
      "faces": {
        "up": {"uv": [0, 7, 9, 16], "rotation": 90, "texture": "#leaves"},
        "down": {"uv": [9, 7, 0, 16], "rotation": 90, "texture": "#leaves"}
      }
    },
    { "from": [9.69084, 10.7, 4.12933],
      "to": [15.69084, 10.7, 10.12933],
      "rotation": {"angle": -22.5, "axis": "z", "origin": [12.69084, 10.7, 7.12933]},
      "faces": {
        "up": {"uv": [10, 10, 16, 16], "rotation": 180, "texture": "#leaves"},
        "down": {"uv": [16, 10, 10, 16], "texture": "#leaves"}
      }
    },
    { "from": [7.49084, 18, 1.02933],
      "to": [13.49084, 18, 7.02933],
      "rotation": {"angle": 22.5, "axis": "y", "origin": [10.49084, 18, 4.02933]},
      "faces": {
        "up": {"uv": [10, 10, 16, 16], "rotation": 90, "texture": "#leaves"},
        "down": {"uv": [16, 10, 10, 16], "rotation": 90, "texture": "#leaves"}
      }
    }
  ]
}