{ "ambientocclusion": false,
  "textures": {
    "particle": "#leaves"
  },
  "elements": [
    { "from": [0, -1, 8],
      "to": [16, 15, 8],
      "shade": false,
      "rotation": {"angle": 45, "axis": "y", "origin": [8, 7, 8]},
      "faces": {
        "north": {"uv": [0, 4, 4, 8], "texture": "#stem"},
        "south": {"uv": [0, 4, 4, 8], "texture": "#stem"}
      }
    },
    { "from": [0, -1, 8],
      "to": [16, 15, 8],
      "shade": false,
      "rotation": {"angle": -45, "axis": "y", "origin": [8, 7, 8]},
      "faces": {
        "north": {"uv": [0, 4, 4, 8], "texture": "#stem"},
        "south": {"uv": [0, 4, 4, 8], "texture": "#stem"}
      }
    }
  ]
}