{ "ambientocclusion": false,
	"textures": {
		"particle": "#leaves"
	},
	"elements": [
		{ "from": [0, -1, 8],
			"to": [16, 31, 8],
			"shade": false,
			"rotation": {"angle": 45, "axis": "y", "origin": [8, 7, 8]},
			"faces": {
				"north": {"uv": [16, 8, 12, 16], "texture": "#stem"},
				"south": {"uv": [12, 8, 16, 16], "texture": "#stem"}
			}
		},
		{ "from": [2.4, 7, 9.4],
			"to": [6.4, 11, 13.4],
			"rotation": {"angle": -22.5, "axis": "y", "origin": [4.3, 8.5, 11.7]},
			"faces": {
				"north": {"uv": [6, 4, 10, 8], "texture": "#fruit"},
				"east": {"uv": [6, 4, 10, 8], "texture": "#fruit"},
				"south": {"uv": [6, 4, 10, 8], "texture": "#fruit"},
				"west": {"uv": [6, 4, 10, 8], "texture": "#fruit"},
				"up": {"uv": [6, 0, 10, 4], "texture": "#fruit"},
				"down": {"uv": [6, 0, 10, 4], "texture": "#fruit"}
			}
		},
		{ "from": [11.3, 20.5, 1.7],
			"to": [14.3, 23.5, 4.7],
			"rotation": {"angle": -22.5, "axis": "y", "origin": [12.8, 22, 3.2]},
			"faces": {
				"north": {"uv": [10, 3, 13, 6], "texture": "#fruit"},
				"east": {"uv": [10, 3, 13, 6], "texture": "#fruit"},
				"south": {"uv": [10, 3, 13, 6], "texture": "#fruit"},
				"west": {"uv": [10, 3, 13, 6], "texture": "#fruit"},
				"up": {"uv": [10, 0, 13, 3], "texture": "#fruit"},
				"down": {"uv": [10, 0, 13, 3], "texture": "#fruit"}
			}
		},
		{ "from": [1.5, 2.1, -0.1],
			"to": [10.5, 2.1, 8.9],
			"rotation": {"angle": -22.5, "axis": "x", "origin": [5.9, 2.1, 2]},
			"faces": {
				"up": {"uv": [0, 7, 9, 16], "rotation": 270, "texture": "#leaves"},
				"down": {"uv": [9, 7, 0, 16], "rotation": 270, "texture": "#leaves"}
			}
		},
		{ "from": [5.3, 3.1, 7.1],
			"to": [14.3, 3.1, 16.1],
			"rotation": {"angle": 22.5, "axis": "x", "origin": [9.9, 3.1, 14]},
			"faces": {
				"up": {"uv": [0, 7, 9, 16], "rotation": 90, "texture": "#leaves"},
				"down": {"uv": [9, 7, 0, 16], "rotation": 90, "texture": "#leaves"}
			}
		},
		{ "from": [9.69084, 10.1, 4.12933],
			"to": [15.69084, 10.1, 10.12933],
			"rotation": {"angle": -22.5, "axis": "z", "origin": [12.69084, 10.1, 7.12933]},
			"faces": {
				"up": {"uv": [10, 10, 16, 16], "rotation": 180, "texture": "#leaves"},
				"down": {"uv": [16, 10, 10, 16], "texture": "#leaves"}
			}
		},
		{ "from": [7.49084, 17, 1.02933],
			"to": [13.49084, 17, 7.02933],
			"rotation": {"angle": 22.5, "axis": "y", "origin": [10.49084, 17, 4.02933]},
			"faces": {
				"up": {"uv": [10, 10, 16, 16], "rotation": 90, "texture": "#leaves"},
				"down": {"uv": [16, 10, 10, 16], "rotation": 90, "texture": "#leaves"}
			}
		},
		{ "from": [2.29084, 20, 3.92933],
			"to": [8.29084, 20, 9.92933],
			"rotation": {"angle": 22.5, "axis": "z", "origin": [5.29084, 20, 6.92933]},
			"faces": {
				"up": {"uv": [10, 10, 16, 16], "texture": "#leaves"},
				"down": {"uv": [16, 10, 10, 16], "rotation": 180, "texture": "#leaves"}
			}
		}
	]
}