{ "ambientocclusion": false,
  "elements": [
    { "from": [-5.3, 16, 9.5],
      "to": [-1.3, 20, 13.5],
      "rotation": {"angle": 45, "axis": "y", "origin": [-3.3, 18, 11.5]},
      "faces": {
        "north": {"uv": [6, 4, 10, 8], "texture": "#fruit"},
        "east": {"uv": [6, 4, 10, 8], "texture": "#fruit"},
        "south": {"uv": [6, 4, 10, 8], "texture": "#fruit"},
        "west": {"uv": [6, 4, 10, 8], "texture": "#fruit"},
        "up": {"uv": [6, 0, 10, 4], "texture": "#fruit"}
      }
    },
    { "from": [-3.5, 20, 7.7],
      "to": [-3.5, 27, 14.7],
      "shade": false,
      "rotation": {"angle": -22.5, "axis": "y", "origin": [-3.5, 23.5, 12]},
      "faces": {
        "east": {"uv": [8, 0, 15, 7], "texture": "#stem"},
        "west": {"uv": [15, 0, 8, 7], "texture": "#stem"}
      }
    }
  ]
}