{ "ambientocclusion": false,
  "textures": {
    "particle": "#leaves"
  },
  "elements": [
    { "from": [0, -1, 8],
      "to": [16, 31, 8],
      "shade": false,
      "rotation": {"angle": 45, "axis": "y", "origin": [8, 7, 8]},
      "faces": {
        "north": {"uv": [16, 0, 12, 8], "texture": "#stem"},
        "south": {"uv": [12, 0, 16, 8], "texture": "#stem"}
      }
    },
    { "from": [3.8, 2.1, 2.6],
      "to": [9.8, 2.1, 8.6],
      "rotation": {"angle": -22.5, "axis": "x", "origin": [5.2, 2.1, 1.7]},
      "faces": {
        "up": {"uv": [10, 10, 16, 16], "texture": "#leaves"},
        "down": {"uv": [16, 10, 10, 16], "rotation": 180, "texture": "#leaves"}
      }
    },
    { "from": [8, 2.5, 5.6],
      "to": [14, 2.5, 11.6],
      "rotation": {"angle": 22.5, "axis": "x", "origin": [12.6, 2.5, 12.5]},
      "faces": {
        "up": {"uv": [10, 10, 16, 16], "rotation": 180, "texture": "#leaves"},
        "down": {"uv": [16, 10, 10, 16], "texture": "#leaves"}
      }
    },
    { "from": [9.19084, 8, 1.12933],
      "to": [15.19084, 8, 7.12933],
      "rotation": {"angle": -22.5, "axis": "x", "origin": [12.19084, 8, 4.12933]},
      "faces": {
        "up": {"uv": [10, 10, 16, 16], "rotation": 90, "texture": "#leaves"},
        "down": {"uv": [16, 10, 10, 16], "rotation": 90, "texture": "#leaves"}
      }
    }
  ]
}