{
    "multipart": [
        {   "when": { "up": "true" },
            "apply": { "model": "block/stone_brick_wall_post" }
        },
        {   "when": { "up": "true", "north": "true" },
            "apply": { "model": "block/stone_brick_wall_side", "uvlock": true }
        },
        {   "when": { "up": "true", "east": "true" },
            "apply": { "model": "block/stone_brick_wall_side", "y": 90, "uvlock": true }
        },
        {   "when": { "up": "true", "south": "true" },
            "apply": { "model": "block/stone_brick_wall_side", "y": 180, "uvlock": true }
        },
        {   "when": { "up": "true", "west": "true" },
            "apply": { "model": "block/stone_brick_wall_side", "y": 270, "uvlock": true }
        },
        {   "when": { "up": "false", "north": "true" },
            "apply": { "model": "block/stone_brick_wall_side_full", "uvlock": false }
        },
        {   "when": { "up": "false", "east": "true" },
            "apply": { "model": "block/stone_brick_wall_side_full", "y": 90, "uvlock": false }
        },
        {   "when": { "up": "false", "south": "true" },
            "apply": { "model": "block/stone_brick_wall_side_full", "y": 180, "uvlock": false }
        },
        {   "when": { "up": "false", "west": "true" },
            "apply": { "model": "block/stone_brick_wall_side_full", "y": 270, "uvlock": false }
        }
    ]
}
